player_id,season,duration,event,historical_load_prior,recency_prior,age_score,mpg_prior,age,season_length
255,2010-11,80.0,1,0.05284552845528456,0.027874564459930324,0.85,30.0,38.0,82
255,2011-12,49.0,1,0.012195121951219523,0.017421602787456462,0.85,30.1125,39.0,66
255,2012-13,29.0,1,0.09805370780980538,0.1558969485798754,0.85,28.122448979591837,40.0,82
406,2010-11,37.0,1,0.23170731707317072,0.26306620209059234,0.85,23.39622641509434,39.0,82
436,2010-11,57.0,1,0.32926829268292684,0.2578397212543554,0.85,22.356164383561644,38.0,82
436,2011-12,28.0,1,0.3008130081300813,0.27526132404181186,0.85,10.385964912280702,39.0,66
436,2012-13,7.0,1,0.33013057403301305,0.43179178545032204,0.85,6.785714285714286,40.0,82
467,2010-11,80.0,1,0.020325203252032537,0.020905923344947754,0.85,36.0125,38.0,82
467,2011-12,48.0,1,0.020325203252032537,0.0226480836236934,0.85,33.1625,39.0,66
467,2012-13,76.0,1,0.10716925351071693,0.1662971175166297,0.85,28.729166666666668,40.0,82
686,2010-11,73.0,1,0.11788617886178865,0.1114982578397213,0.85,21.0,36.0,82
689,2010-11,10.0,1,0.508130081300813,0.4529616724738676,0.85,16.448979591836736,38.0,82
693,2010-11,4.0,1,0.19512195121951223,0.22125435540069688,0.85,9.25,35.0,82
703,2010-11,52.0,1,0.10975609756097564,0.11498257839721257,0.85,14.985714285714286,38.0,82
703,2011-12,53.0,1,0.1829268292682927,0.25609756097560976,0.85,22.653846153846153,39.0,66
703,2012-13,39.0,1,0.23638827297363885,0.23798965262379898,0.85,15.150943396226415,40.0,82
708,2010-11,71.0,1,0.19918699186991873,0.1968641114982579,0.85,29.855072463768117,35.0,82
708,2011-12,60.0,1,0.19918699186991873,0.16550522648083626,0.85,31.267605633802816,36.0,66
708,2012-13,68.0,1,0.12786400591278643,0.11292366170414954,0.85,31.066666666666666,37.0,82
708,2013-14,54.0,1,0.13192904656319293,0.14269876464998418,0.85,29.735294117647058,38.0,82
708,2014-15,42.0,1,0.2010347376201035,0.25688945201140323,0.85,20.537037037037038,39.0,82
708,2015-16,38.0,1,0.31300813008130085,0.3658536585365854,0.85,20.25531914893617,40.0,82
711,2010-11,7.0,1,0.5528455284552846,0.5714285714285714,0.85,20.357142857142858,36.0,82
711,2011-12,30.0,1,0.7601626016260162,0.7874564459930314,0.85,7.142857142857143,37.0,66
711,2012-13,37.0,1,0.6492978566149298,0.6426987646499841,0.85,9.1,38.0,82
948,2010-11,59.0,1,0.12601626016260162,0.13066202090592333,0.85,31.294117647058822,37.0,82
948,2011-12,40.0,1,0.2073170731707317,0.2229965156794425,0.85,26.10169491525424,38.0,66
948,2012-13,24.0,1,0.16136979551613698,0.15468271565832545,0.85,22.915254237288135,39.0,82
951,2010-11,80.0,1,0.05691056910569107,0.040069686411149844,0.85,35.2375,35.0,82
951,2011-12,46.0,1,0.028455284552845555,0.026132404181184694,0.85,36.125,36.0,66
951,2012-13,79.0,1,0.11727026361172703,0.18361313483264702,0.85,34.02173913043478,37.0,82
951,2013-14,73.0,1,0.12133530426213353,0.11097033048252561,0.85,25.759493670886076,38.0,82
956,2010-11,51.0,1,0.15853658536585366,0.21254355400696864,0.85,23.272727272727273,35.0,82
956,2011-12,15.0,1,0.24390243902439024,0.31358885017421606,0.85,15.980392156862745,36.0,66
959,2010-11,75.0,1,0.04065040650406504,0.036585365853658534,0.85,32.839506172839506,37.0,82
959,2011-12,62.0,1,0.06504065040650404,0.06620209059233448,0.85,33.29333333333334,38.0,66
959,2012-13,50.0,1,0.05272234540527221,0.06076443881321926,0.85,31.629032258064516,39.0,82
959,2013-14,15.0,1,0.17873860556787383,0.2525076549466793,0.85,32.54,40.0,82
965,2010-11,82.0,0,0.0,0.0,0.85,27.158536585365855,36.0,82
965,2011-12,43.0,1,0.0,0.0,0.85,28.01219512195122,37.0,66
965,2012-13,9.0,1,0.015151515151515138,0.02597402597402595,0.85,23.936507936507937,38.0,82
965,2013-14,81.0,1,0.21433850702143384,0.3544504276211593,0.85,17.424242424242426,39.0,82
977,2010-11,82.0,0,0.036585365853658534,0.0627177700348432,0.85,38.83561643835616,32.0,82
977,2011-12,58.0,1,0.036585365853658534,0.0313588850174216,0.85,33.890243902439025,33.0,66
977,2012-13,78.0,1,0.07698940625769894,0.08494351177278006,0.85,38.48275862068966,34.0,82
977,2013-14,6.0,1,0.056664203005666436,0.06250659909196497,0.85,38.62820512820513,35.0,82
977,2014-15,35.0,1,0.36560729243656076,0.5608700242846585,0.85,29.5,36.0,82
977,2015-16,66.0,1,0.516260162601626,0.5993031358885018,0.85,34.48571428571429,37.0,82
978,2010-11,6.0,1,0.1869918699186992,0.22125435540069688,0.85,31.403225806451612,34.0,82
979,2010-11,24.0,1,0.2682926829268293,0.2020905923344948,0.85,28.442857142857143,32.0,82
979,2011-12,25.0,1,0.34146341463414637,0.47038327526132406,0.85,17.958333333333332,33.0,66
979,2012-13,55.0,1,0.4916235525991624,0.5779748706577975,0.85,22.8,34.0,82
979,2013-14,44.0,1,0.5525991623552599,0.4666877837609545,0.85,18.70909090909091,35.0,82
980,2010-11,72.0,1,0.17886178861788615,0.20034843205574912,0.85,20.921875,36.0,82
1112,2010-11,54.0,1,0.1991869918699187,0.19860627177700346,0.85,28.6231884057971,36.0,82
1112,2011-12,62.0,1,0.27235772357723576,0.2857142857142857,0.85,22.925925925925927,37.0,66
1495,2010-11,76.0,1,0.06097560975609758,0.059233449477351936,0.85,31.256410256410255,35.0,82
1495,2011-12,58.0,1,0.06910569105691056,0.06794425087108012,0.85,28.36842105263158,36.0,66
1495,2012-13,69.0,1,0.08105444690810544,0.09713863372399957,0.85,28.17241379310345,37.0,82
1495,2013-14,74.0,1,0.11763981276176398,0.13567733079928204,0.85,30.115942028985508,38.0,82
1495,2014-15,77.0,1,0.125769894062577,0.1183613134832647,0.85,29.16216216216216,39.0,82
1495,2015-16,61.0,1,0.10569105691056913,0.08536585365853662,0.85,28.92207792207792,40.0,82
1497,2010-11,51.0,1,0.06504065040650409,0.08013937282229966,0.85,34.10958904109589,34.0,82
1497,2011-12,20.0,1,0.08943089430894309,0.10627177700348432,0.85,32.083333333333336,35.0,66
1497,2012-13,22.0,1,0.30955900468095593,0.44879104635202205,0.85,30.35,36.0,82
1497,2013-14,19.0,1,0.5168760778516877,0.6346742688206103,0.85,19.0,37.0,82
1498,2010-11,4.0,1,0.08536585365853659,0.09756097560975609,0.85,22.153846153846153,36.0,82
1499,2010-11,38.0,1,0.35772357723577236,0.5121951219512196,0.85,8.933333333333334,35.0,82
1499,2011-12,27.0,1,0.47154471544715454,0.5487804878048781,0.85,9.921052631578947,36.0,66
1503,2010-11,72.0,1,0.467479674796748,0.554006968641115,0.85,7.666666666666667,32.0,82
1503,2011-12,52.0,1,0.44308943089430897,0.3327526132404181,0.85,23.416666666666668,33.0,66
1515,2010-11,72.0,1,0.012195121951219523,0.013937282229965169,0.85,28.25925925925926,36.0,82
1515,2011-12,51.0,1,0.05284552845528456,0.07665505226480837,0.85,29.041666666666668,37.0,66
1536,2010-11,67.0,1,0.13414634146341464,0.10278745644599305,0.85,33.333333333333336,33.0,82
1536,2011-12,26.0,1,0.1585365853658537,0.14808362369337982,0.85,35.8955223880597,34.0,66
1536,2012-13,55.0,1,0.16100024636610002,0.2185091331432795,0.85,25.78723404255319,35.0,82
1536,2013-14,9.0,1,0.2666913032766691,0.29653679653679654,0.85,19.545454545454547,36.0,82
1630,2011-12,7.0,1,0.2886178861788618,0.4529616724738676,0.85,17.652173913043477,36.0,66
1710,2010-11,56.0,1,0.1585365853658537,0.08362369337979096,0.85,27.4375,33.0,82
1710,2011-12,39.0,1,0.028455284552845555,0.026132404181184694,0.85,28.55,34.0,66
1712,2010-11,56.0,1,0.08130081300813008,0.12020905923344946,0.85,38.90243902439025,35.0,82
1712,2011-12,65.0,1,0.17479674796747965,0.23867595818815326,0.85,32.892857142857146,36.0,66
1712,2012-13,76.0,1,0.17578221236757818,0.12712490761271247,0.85,33.09230769230769,37.0,82
1712,2013-14,22.0,1,0.13513180586351314,0.09143701826628652,0.85,21.526315789473685,38.0,82
1713,2010-11,22.0,1,0.06097560975609754,0.06620209059233448,0.85,30.8,34.0,82
1713,2011-12,61.0,1,0.07317073170731707,0.09059233449477351,0.85,28.10958904109589,35.0,66
1713,2012-13,81.0,1,0.09029317565902932,0.08684405025868443,0.85,25.278688524590162,36.0,82
1713,2013-14,81.0,1,0.0659029317565903,0.04429310526871504,0.85,25.839506172839506,37.0,82
1713,2014-15,66.0,1,0.03338260655333828,0.021275472494984706,0.85,24.358024691358025,38.0,82
1713,2015-16,60.0,1,0.07317073170731707,0.11672473867595816,0.85,16.53030303030303,39.0,82
1713,2016-17,73.0,1,0.15853658536585366,0.21080139372822299,0.85,16.75,40.0,82
1713,2017-18,58.0,1,0.19105691056910568,0.16724738675958187,0.85,24.65753424657534,41.0,82
1713,2018-19,76.0,1,0.22357723577235775,0.2369337979094077,0.85,17.689655172413794,42.0,82
1713,2019-20,60.0,1,0.15853658536585366,0.1411149825783972,0.85,17.5,43.0,72
1717,2010-11,73.0,1,0.028455284552845555,0.019163763066202107,0.85,37.51851851851852,33.0,82
1717,2011-12,62.0,1,0.044715447154471545,0.06794425087108014,0.85,34.3013698630137,34.0,66
1717,2012-13,53.0,1,0.060852426706085226,0.06773307992820185,0.85,33.53225806451613,35.0,82
1717,2013-14,80.0,1,0.17467356491746733,0.23508605215922287,0.85,31.339622641509433,36.0,82
1717,2014-15,77.0,1,0.1462182803646218,0.1236405870552212,0.85,32.85,37.0,82
1717,2015-16,75.0,1,0.14634146341463417,0.0923344947735192,0.85,29.636363636363637,38.0,82
1717,2016-17,54.0,1,0.05691056910569107,0.06968641114982578,0.85,31.52,39.0,82
1717,2017-18,77.0,1,0.16260162601626016,0.22822299651567943,0.85,26.37037037037037,40.0,82
1717,2018-19,51.0,1,0.16260162601626016,0.1445993031358885,0.85,24.675324675324674,41.0,82
1718,2010-11,80.0,1,0.05691056910569107,0.08362369337979095,0.85,33.95774647887324,33.0,82
1718,2011-12,61.0,1,0.05691056910569107,0.054006968641115,0.85,34.675,34.0,66
1718,2012-13,77.0,1,0.07809805370780983,0.06942244747122799,0.85,34.01639344262295,35.0,82
1718,2013-14,75.0,1,0.05370780980537082,0.059972547777425875,0.85,33.44155844155844,36.0,82
1718,2014-15,73.0,1,0.07403301305740333,0.07702460141484532,0.85,27.973333333333333,37.0,82
1718,2015-16,68.0,1,0.08536585365853659,0.09581881533101044,0.85,26.21917808219178,38.0,82
1718,2016-17,25.0,1,0.12195121951219512,0.14111498257839722,0.85,18.102941176470587,39.0,82
1733,2010-11,73.0,1,0.08130081300813008,0.10278745644599303,0.75,30.48611111111111,31.0,82
1733,2011-12,64.0,1,0.11382113821138211,0.11324041811846688,0.85,22.80821917808219,32.0,66
1733,2012-13,10.0,1,0.08733678245873366,0.06609650512089535,0.85,27.515625,33.0,82
1733,2013-14,34.0,1,0.3393693027839369,0.5260796114454651,0.85,11.9,34.0,82
1737,2010-11,51.0,1,0.2723577235772358,0.3170731707317073,0.85,16.96551724137931,33.0,82
1737,2011-12,63.0,1,0.3008130081300813,0.2073170731707317,0.85,17.066666666666666,34.0,66
1737,2012-13,63.0,1,0.14116777531411676,0.09217611656636045,0.85,10.984126984126984,35.0,82
1737,2013-14,80.0,1,0.12084257206208422,0.15758631612290147,0.85,11.0,36.0,82
1737,2014-15,23.0,1,0.10051736881005173,0.08663287931580614,0.85,7.025,37.0,82
1737,2015-16,5.0,1,0.3252032520325203,0.4512195121951219,0.85,5.565217391304348,38.0,82
1740,2010-11,25.0,1,0.05691056910569107,0.0818815331010453,0.75,32.90277777777778,31.0,82
1740,2011-12,28.0,1,0.1544715447154472,0.21428571428571433,0.85,32.4,32.0,66
1740,2012-13,55.0,1,0.3341956146834195,0.43353394572906767,0.85,26.035714285714285,33.0,82
1740,2013-14,60.0,1,0.40330130574033013,0.39620948157533525,0.85,14.4,34.0,82
1802,2010-11,60.0,1,0.08943089430894309,0.05923344947735192,0.85,23.78048780487805,35.0,82
1802,2011-12,15.0,1,0.13821138211382114,0.1742160278745645,0.85,16.916666666666668,36.0,66
1853,2010-11,14.0,1,0.17886178861788618,0.2299651567944251,0.85,15.907407407407407,36.0,82
1853,2011-12,24.0,1,0.32926829268292684,0.445993031358885,0.85,10.928571428571429,37.0,66
1863,2010-11,57.0,1,0.31300813008130085,0.2926829268292683,0.85,16.671641791044777,35.0,82
1863,2011-12,8.0,1,0.34959349593495936,0.3066202090592335,0.85,15.12280701754386,36.0,66
1882,2010-11,81.0,1,0.540650406504065,0.3554006968641115,0.85,30.223684210526315,32.0,82
1882,2011-12,60.0,1,0.24390243902439024,0.12020905923344948,0.85,34.67901234567901,33.0,66
1882,2012-13,72.0,1,0.05875831485587583,0.06588533417801712,0.85,28.866666666666667,34.0,82
1882,2013-14,73.0,1,0.07501847745750186,0.09740259740259741,0.85,21.208333333333332,35.0,82
1882,2014-15,36.0,1,0.10753880266075388,0.11054798859676908,0.85,19.36986301369863,36.0,82
1882,2015-16,17.0,1,0.26422764227642276,0.36933797909407673,0.85,13.5,37.0,82
1884,2010-11,43.0,1,0.09756097560975607,0.10801393728222994,0.85,33.64,32.0,82
1884,2011-12,29.0,1,0.19512195121951217,0.22125435540069688,0.85,29.511627906976745,33.0,66
1885,2010-11,82.0,0,0.03658536585365857,0.0226480836236934,0.75,31.524390243902438,31.0,82
1885,2011-12,50.0,1,0.016260162601626032,0.0069686411149825845,0.85,32.18292682926829,32.0,66
1885,2012-13,82.0,0,0.08080808080808081,0.13852813852813853,0.85,20.54,33.0,82
1888,2010-11,55.0,1,0.24796747967479674,0.32055749128919864,0.85,33.73913043478261,33.0,82
1888,2011-12,28.0,1,0.3170731707317073,0.3397212543554007,0.85,27.236363636363638,34.0,66
1888,2012-13,50.0,1,0.4480167528948016,0.4857987540914369,0.85,24.892857142857142,35.0,82
1889,2010-11,81.0,1,0.0,0.0,0.85,30.48780487804878,35.0,82
1889,2011-12,66.0,0,0.004065040650406508,0.0069686411149825845,0.85,32.71604938271605,36.0,66
1889,2012-13,82.0,0,0.004065040650406508,0.0034843205574912922,0.85,27.40909090909091,37.0,82
1889,2013-14,30.0,1,0.004065040650406508,0.0017421602787456461,0.85,26.23170731707317,38.0,82
1889,2014-15,51.0,1,0.09756097560975611,0.1672473867595819,0.85,16.93103448275862,39.0,82
1889,2015-16,26.0,1,0.10162601626016261,0.09059233449477354,0.85,15.469135802469136,40.0,82
1890,2010-11,80.0,1,0.15853658536585366,0.12717770034843204,0.85,31.8,33.0,82
1890,2011-12,63.0,1,0.08943089430894309,0.06097560975609757,0.85,28.1625,34.0,66
1890,2012-13,67.0,1,0.05173688100517367,0.04513778904022804,0.85,30.46031746031746,35.0,82
1890,2013-14,76.0,1,0.08425720620842574,0.12100095026924297,0.85,30.0,36.0,82
1890,2014-15,57.0,1,0.10051736881005173,0.10057016154577128,0.85,31.69736842105263,37.0,82
1891,2010-11,82.0,0,0.05284552845528456,0.06271777003484323,0.85,32.98701298701299,33.0,82
1891,2011-12,63.0,1,0.05284552845528456,0.031358885017421616,0.85,31.26829268292683,34.0,66
1891,2012-13,79.0,1,0.03547671840354768,0.03468482736775418,0.85,31.746031746031747,35.0,82
1891,2013-14,35.0,1,0.02734663710273466,0.03389293633196073,0.85,26.88607594936709,36.0,82
1891,2014-15,77.0,1,0.21840354767184036,0.3444726005701616,0.85,16.285714285714285,37.0,82
1891,2015-16,72.0,1,0.22357723577235777,0.20383275261324046,0.85,21.31168831168831,38.0,82
1891,2016-17,74.0,1,0.2520325203252033,0.16898954703832755,0.85,17.47222222222222,39.0,82
1891,2017-18,51.0,1,0.0934959349593496,0.09930313588850173,0.85,18.445945945945947,40.0,82
1894,2010-11,67.0,1,0.22357723577235775,0.21254355400696864,0.75,29.728571428571428,31.0,82
1894,2011-12,32.0,1,0.23577235772357727,0.20034843205574918,0.85,20.91044776119403,32.0,66
1894,2012-13,18.0,1,0.28147326927814736,0.3675430260796115,0.85,27.53125,33.0,82
1897,2010-11,82.0,0,0.1747967479674797,0.12369337979094082,0.75,33.83116883116883,31.0,82
1897,2011-12,64.0,1,0.0731707317073171,0.040069686411149844,0.85,29.390243902439025,32.0,66
1897,2012-13,75.0,1,0.03042621335304263,0.02602681870974553,0.85,26.875,33.0,82
1897,2013-14,29.0,1,0.038556294653855606,0.05743849646288668,0.85,33.733333333333334,34.0,82
1897,2015-16,35.0,1,0.25400344912540035,0.39805722732551996,0.85,13.379310344827585,36.0,82
1897,2016-17,25.0,1,0.434959349593496,0.5243902439024392,0.85,16.857142857142858,37.0,82
1899,2010-11,49.0,1,0.08130081300813008,0.0731707317073171,0.85,22.48051948051948,34.0,82
1902,2010-11,56.0,1,0.32113821138211385,0.4965156794425088,0.85,15.9375,34.0,82
1902,2011-12,11.0,1,0.40650406504065045,0.4250871080139373,0.85,16.785714285714285,35.0,66
1905,2010-11,64.0,1,0.19918699186991873,0.2369337979094077,0.65,28.982758620689655,30.0,82
1905,2012-13,64.0,1,0.23170731707317074,0.23519163763066203,0.85,31.234375,32.0,82
1905,2013-14,45.0,1,0.24390243902439024,0.22996515679442506,0.85,31.78125,33.0,82
1905,2014-15,7.0,1,0.29674796747967475,0.35191637630662015,0.85,19.044444444444444,34.0,82
1922,2010-11,62.0,1,0.4552845528455285,0.6010452961672473,0.85,5.636363636363637,35.0,82
1922,2011-12,5.0,1,0.459349593495935,0.42334494773519155,0.85,9.838709677419354,36.0,66
1938,2010-11,80.0,1,0.2154471544715447,0.19512195121951217,0.85,28.666666666666668,33.0,82
1938,2011-12,34.0,1,0.19105691056910568,0.10452961672473868,0.85,30.325,34.0,66
1938,2012-13,60.0,1,0.19820152746982014,0.29622004012247916,0.85,23.294117647058822,35.0,82
1938,2013-14,68.0,1,0.25917713722591773,0.29532256361524656,0.85,23.216666666666665,36.0,82
1938,2014-15,70.0,1,0.30795762503079577,0.24348009713863375,0.85,22.794117647058822,37.0,82
1938,2015-16,58.0,1,0.19512195121951223,0.17073170731707318,0.85,22.67142857142857,38.0,82
1938,2016-17,69.0,1,0.20325203252032523,0.2334494773519164,0.85,19.551724137931036,39.0,82
1938,2017-18,65.0,1,0.19918699186991873,0.19512195121951223,0.85,18.71014492753623,40.0,82
1952,2010-11,68.0,1,0.39837398373983746,0.5940766550522648,0.85,31.4,34.0,82
1952,2011-12,34.0,1,0.42682926829268303,0.38850174216027883,0.85,30.83823529411765,35.0,66
2030,2010-11,48.0,1,0.2073170731707317,0.24216027874564464,0.85,34.241379310344826,33.0,82
2030,2011-12,42.0,1,0.3008130081300813,0.348432055749129,0.85,25.6875,34.0,66
2030,2012-13,18.0,1,0.35698447893569846,0.3680709534368072,0.85,22.38095238095238,35.0,82
2030,2013-14,32.0,1,0.5195861049519586,0.6091225847323409,0.85,23.944444444444443,36.0,82
2030,2014-15,11.0,1,0.5846267553584626,0.6233766233766234,0.85,19.78125,37.0,82
2034,2010-11,41.0,1,0.1991869918699187,0.2473867595818815,0.75,33.425925925925924,31.0,82
2034,2011-12,39.0,1,0.3170731707317073,0.3989547038327526,0.85,20.4390243902439,32.0,66
2034,2012-13,59.0,1,0.4168514412416851,0.4254038644282546,0.85,19.28205128205128,33.0,82
2034,2013-14,82.0,0,0.3965262379896526,0.34859043395628764,0.85,15.254237288135593,34.0,82
2034,2014-15,52.0,1,0.22985957132298596,0.1385809312638581,0.85,20.817073170731707,35.0,82
2034,2015-16,47.0,1,0.21544715447154472,0.24912891986062718,0.85,13.48076923076923,36.0,82
2034,2016-17,20.0,1,0.26422764227642276,0.348432055749129,0.85,7.9361702127659575,37.0,82
2037,2010-11,76.0,1,0.08943089430894309,0.08362369337979095,0.75,31.139240506329113,31.0,82
2037,2011-12,60.0,1,0.10569105691056908,0.08188153310104528,0.85,30.223684210526315,32.0,66
2037,2012-13,76.0,1,0.06688839615668885,0.07808045612923663,0.85,26.883333333333333,33.0,82
2037,2013-14,69.0,1,0.07908351810790833,0.0782388343363953,0.85,29.342105263157894,34.0,82
2037,2014-15,64.0,1,0.10753880266075388,0.12448527082673425,0.85,30.347826086956523,35.0,82
2037,2015-16,79.0,1,0.15040650406504064,0.18118466898954702,0.85,26.609375,36.0,82
2037,2016-17,82.0,0,0.13821138211382114,0.10627177700348434,0.85,26.911392405063292,37.0,82
2037,2017-18,80.0,1,0.08536585365853659,0.041811846689895474,0.85,26.304878048780488,38.0,82
2037,2018-19,64.0,1,0.020325203252032537,0.019163763066202107,0.85,20.6625,39.0,82
2037,2019-20,1.0,1,0.08130081300813008,0.13240418118466898,0.85,18.921875,40.0,72
2038,2010-11,31.0,1,0.23170731707317074,0.3710801393728223,0.75,22.7,31.0,82
2038,2011-12,27.0,1,0.39837398373983746,0.5017421602787457,0.85,14.35483870967742,32.0,66
2038,2012-13,12.0,1,0.5953436807095344,0.5885334178017104,0.85,16.62962962962963,33.0,82
2039,2010-11,80.0,1,0.17886178861788618,0.2369337979094077,0.75,18.32075471698113,31.0,82
2039,2011-12,46.0,1,0.14634146341463417,0.12369337979094078,0.85,21.9625,32.0,66
2039,2012-13,7.0,1,0.2270263611727026,0.2306514623587794,0.85,14.391304347826088,33.0,82
2041,2010-11,13.0,1,0.5365853658536585,0.6358885017421603,0.85,13.956521739130435,33.0,82
2045,2010-11,25.0,1,0.05284552845528456,0.07317073170731707,0.85,30.7027027027027,32.0,82
2045,2011-12,53.0,1,0.05691056910569107,0.043554006968641125,0.85,25.2,33.0,66
2045,2012-13,11.0,1,0.1022419315102242,0.12997571534156901,0.85,31.18867924528302,34.0,82
2045,2013-14,38.0,1,0.358339492485834,0.552792735719565,0.85,17.181818181818183,35.0,82
2045,2014-15,62.0,1,0.5331362404533136,0.5821454967796431,0.85,10.31578947368421,36.0,82
2047,2010-11,57.0,1,0.13414634146341461,0.1062717770034843,0.75,27.394736842105264,31.0,82
2047,2011-12,48.0,1,0.16666666666666666,0.21254355400696864,0.85,16.75438596491228,32.0,66
2047,2012-13,1.0,1,0.21692535107169253,0.25340513145391197,0.85,18.041666666666668,33.0,82
2048,2010-11,18.0,1,0.5040650406504065,0.5034843205574913,0.85,9.972222222222221,33.0,82
2048,2011-12,34.0,1,0.5569105691056911,0.6533101045296167,0.85,8.777777777777779,34.0,66
2052,2010-11,72.0,1,0.2764227642276423,0.2996515679442509,0.65,15.4,30.0,82
2052,2011-12,51.0,1,0.3170731707317073,0.21951219512195122,0.75,16.083333333333332,31.0,66
2052,2012-13,56.0,1,0.18957871396895787,0.19607222046246436,0.85,18.823529411764707,32.0,82
2059,2010-11,31.0,1,0.3861788617886179,0.4494773519163763,0.85,15.692307692307692,34.0,82
2059,2011-12,22.0,1,0.5772357723577236,0.5766550522648083,0.85,12.0,35.0,66
2067,2010-11,56.0,1,0.07723577235772361,0.10801393728223,0.85,16.92,33.0,82
2072,2010-11,10.0,1,0.5,0.6341463414634146,0.75,27.333333333333332,31.0,82
2072,2011-12,51.0,1,0.7520325203252033,0.8101045296167247,0.85,13.4,32.0,66
2073,2010-11,56.0,1,0.47154471544715443,0.5104529616724739,0.85,9.241379310344827,34.0,82
2073,2011-12,44.0,1,0.3943089430894309,0.3972125435540069,0.85,11.035714285714286,35.0,66
2124,2010-11,18.0,1,0.2967479674796748,0.3466898954703833,0.85,8.941176470588236,33.0,82
2198,2010-11,66.0,1,0.4146341463414635,0.397212543554007,0.5499999999999999,13.75,29.0,82
2198,2011-12,9.0,1,0.3008130081300813,0.27177700348432055,0.65,25.96969696969697,30.0,66
2198,2012-13,22.0,1,0.491130820399113,0.608489071903706,0.75,20.77777777777778,31.0,82
2199,2010-11,74.0,1,0.2886178861788618,0.3501742160278746,0.44999999999999996,22.80392156862745,28.0,82
2199,2011-12,62.0,1,0.30894308943089427,0.22822299651567943,0.5499999999999999,27.824324324324323,29.0,66
2199,2012-13,66.0,1,0.17873860556787383,0.11651356773307989,0.65,33.24193548387097,30.0,82
2199,2013-14,55.0,1,0.11776299581177625,0.1427515573857037,0.75,32.78787878787879,31.0,82
2199,2014-15,75.0,1,0.19499876816949982,0.2525604476823989,0.85,30.21818181818182,32.0,82
2199,2015-16,66.0,1,0.20325203252032517,0.17073170731707313,0.85,30.48,33.0,82
2199,2016-17,47.0,1,0.20325203252032517,0.18292682926829265,0.85,24.515151515151516,34.0,82
2199,2017-18,46.0,1,0.23577235772357721,0.31184668989547043,0.85,27.617021276595743,35.0,82
2199,2018-19,7.0,1,0.3536585365853659,0.40069686411149824,0.85,25.02173913043478,36.0,82
2199,2019-20,26.0,1,0.3983739837398374,0.37456445993031356,0.85,15.909090909090908,37.0,72
2200,2010-11,82.0,0,0.1382113821138211,0.1498257839721254,0.65,36.96923076923077,30.0,82
2200,2011-12,65.0,1,0.07317073170731707,0.06097560975609755,0.75,37.03658536585366,31.0,66
2200,2012-13,49.0,1,0.0741561961074156,0.0382747333966846,0.85,37.38461538461539,32.0,82
2200,2013-14,60.0,1,0.1391968465139197,0.23429416112342943,0.85,33.775510204081634,33.0,82
2200,2014-15,78.0,1,0.22862774082286277,0.27045718509133143,0.85,31.4,34.0,82
2200,2015-16,72.0,1,0.23983739837398377,0.16202090592334498,0.85,34.37179487179487,35.0,82
2200,2016-17,64.0,1,0.14634146341463417,0.12195121951219513,0.85,31.819444444444443,36.0,82
2200,2017-18,77.0,1,0.13008130081300814,0.16724738675958187,0.85,25.421875,37.0,82
2200,2018-19,27.0,1,0.13414634146341464,0.11498257839721257,0.85,23.532467532467532,38.0,82
2201,2011-12,14.0,1,0.7195121951219511,0.837979094076655,0.5499999999999999,8.857142857142858,29.0,66
2201,2012-13,2.0,1,0.8886425227888642,0.8491711540492027,0.65,5.928571428571429,30.0,82
2202,2010-11,25.0,1,0.05284552845528456,0.05574912891986065,0.65,31.455696202531644,30.0,82
2202,2011-12,54.0,1,0.06097560975609758,0.041811846689895495,0.75,31.84,31.0,66
2202,2012-13,33.0,1,0.08093126385809313,0.11609122584732338,0.85,29.462962962962962,32.0,82
2202,2014-15,19.0,1,0.2679231337767923,0.3968957871396896,0.85,28.363636363636363,34.0,82
2203,2010-11,59.0,1,0.1585365853658537,0.18466898954703836,0.85,32.35820895522388,32.0,82
2203,2011-12,65.0,1,0.15040650406504066,0.09059233449477354,0.85,30.8135593220339,33.0,66
2203,2012-13,72.0,1,0.06602611480660263,0.034790412839193326,0.85,23.06153846153846,34.0,82
2203,2013-14,73.0,1,0.04570091155457009,0.0740154154788301,0.85,24.805555555555557,35.0,82
2205,2010-11,16.0,1,0.26422764227642276,0.41289198606271776,0.5499999999999999,9.703703703703704,29.0,82
2205,2011-12,27.0,1,0.5203252032520326,0.6637630662020905,0.65,11.3125,30.0,66
2205,2012-13,22.0,1,0.688839615668884,0.6634463097877731,0.75,12.037037037037036,31.0,82
2207,2010-11,72.0,1,0.036585365853658534,0.05226480836236932,0.65,37.973684210526315,30.0,82
2207,2011-12,60.0,1,0.07723577235772357,0.09581881533101044,0.75,35.47222222222222,31.0,66
2207,2012-13,72.0,1,0.09534368070953436,0.09724421919543871,0.85,35.45,32.0,82
2207,2013-14,79.0,1,0.1116038433111604,0.1130820399113082,0.85,36.69444444444444,33.0,82
2207,2014-15,80.0,1,0.08314855875831488,0.06873614190687363,0.85,32.59493670886076,34.0,82
2207,2015-16,57.0,1,0.06097560975609758,0.041811846689895495,0.85,34.8875,35.0,82
2207,2016-17,78.0,1,0.024390243902439046,0.019163763066202107,0.85,33.370370370370374,36.0,82
2207,2017-18,32.0,1,0.028455284552845555,0.034843205574912925,0.85,23.628205128205128,37.0,82
2207,2021-22,1.0,1,0.13008130081300814,0.2038327526132404,0.85,21.90909090909091,41.0,82
2209,2010-11,74.0,1,0.25203252032520324,0.3292682926829268,0.65,16.625,30.0,82
2209,2011-12,49.0,1,0.21544715447154472,0.20557491289198607,0.75,15.797297297297296,31.0,66
2209,2012-13,25.0,1,0.28504557772850453,0.24648928307464893,0.85,15.408163265306122,32.0,82
2210,2010-11,81.0,1,0.004065040650406508,0.0069686411149825845,0.75,31.11111111111111,31.0,82
2210,2011-12,41.0,1,0.008130081300813016,0.010452961672473877,0.85,30.358024691358025,32.0,66
2210,2012-13,56.0,1,0.023281596452328152,0.03120050681026289,0.85,28.48780487804878,33.0,82
2210,2013-14,82.0,0,0.12490761271249073,0.19591384225530564,0.85,10.142857142857142,34.0,82
2210,2014-15,74.0,1,0.12084257206208422,0.09708584098827999,0.85,26.98780487804878,35.0,82
2210,2015-16,74.0,1,0.1382113821138211,0.10104529616724736,0.85,16.81081081081081,36.0,82
2210,2016-17,79.0,1,0.06504065040650404,0.08362369337979092,0.85,17.91891891891892,37.0,82
2210,2017-18,20.0,1,0.07723577235772357,0.06271777003484322,0.85,20.430379746835442,38.0,82
2211,2010-11,18.0,1,0.10569105691056908,0.11324041811846688,0.75,32.55555555555556,31.0,82
2211,2011-12,59.0,1,0.2682926829268293,0.37804878048780494,0.85,16.0,32.0,66
2211,2012-13,14.0,1,0.26706085242670613,0.24179072959560768,0.85,16.203389830508474,33.0,82
2215,2010-11,49.0,1,0.47560975609756095,0.5958188153310104,0.85,4.791666666666667,32.0,82
2215,2011-12,30.0,1,0.5772357723577236,0.5209059233449478,0.85,12.10204081632653,33.0,66
2215,2012-13,32.0,1,0.5517368810051737,0.5277161862527715,0.85,10.266666666666667,34.0,82
2215,2013-14,22.0,1,0.4948263118994826,0.5199556541019955,0.85,10.3125,35.0,82
2216,2010-11,75.0,1,0.1869918699186992,0.14111498257839722,0.5499999999999999,37.666666666666664,29.0,82
2216,2011-12,28.0,1,0.16260162601626016,0.10801393728222995,0.65,36.32,30.0,66
2216,2012-13,76.0,1,0.22443951712244392,0.35513673318551364,0.75,26.25,31.0,82
2216,2013-14,79.0,1,0.2447647203744764,0.21850913314327944,0.85,34.30263157894737,32.0,82
2216,2014-15,71.0,1,0.22850455777285042,0.12406292894097772,0.85,34.24050632911393,33.0,82
2216,2015-16,68.0,1,0.08130081300813008,0.0975609756097561,0.85,32.45070422535211,34.0,82
2216,2016-17,73.0,1,0.11382113821138214,0.14111498257839725,0.85,29.647058823529413,35.0,82
2216,2017-18,59.0,1,0.13821138211382114,0.13066202090592335,0.85,24.465753424657535,36.0,82
2217,2010-11,72.0,1,0.33739837398373984,0.30313588850174217,0.75,32.93877551020408,31.0,82
2217,2011-12,54.0,1,0.3699186991869919,0.21951219512195122,0.85,18.48611111111111,32.0,66
2217,2012-13,61.0,1,0.12158167036215817,0.147450110864745,0.85,21.22222222222222,33.0,82
2217,2014-15,22.0,1,0.18662232076866223,0.21571111815014252,0.85,19.049180327868854,35.0,82
2222,2010-11,48.0,1,0.15040650406504064,0.11498257839721251,0.44999999999999996,41.03947368421053,28.0,82
2222,2011-12,42.0,1,0.11382113821138211,0.11672473867595819,0.5499999999999999,39.0,29.0,66
2222,2012-13,69.0,1,0.10950973146095096,0.11804455706894731,0.65,35.785714285714285,30.0,82
2222,2013-14,58.0,1,0.13796501601379652,0.14438813219301025,0.75,30.08695652173913,31.0,82
2222,2014-15,32.0,1,0.19081054446908108,0.229859571322986,0.85,24.413793103448278,32.0,82
2223,2010-11,80.0,1,0.0,0.0,0.75,25.902439024390244,31.0,82
2223,2011-12,65.0,1,0.008130081300813016,0.013937282229965169,0.85,24.225,32.0,66
2223,2012-13,47.0,1,0.01318058635131806,0.015626649772991236,0.85,22.246153846153845,33.0,82
2223,2013-14,80.0,1,0.15545700911554572,0.2517157639108859,0.85,16.27659574468085,34.0,82
2223,2014-15,32.0,1,0.15545700911554572,0.13805300390666247,0.85,20.175,35.0,82
2224,2011-12,37.0,1,0.39430894308943093,0.4738675958188154,0.85,15.5,34.0,66
2224,2012-13,66.0,1,0.5001231830500124,0.4793052475979306,0.85,13.702702702702704,35.0,82
2224,2013-14,8.0,1,0.3903670854890367,0.31369443564565513,0.85,18.5,36.0,82
2225,2010-11,78.0,1,0.1991869918699187,0.23867595818815326,0.5499999999999999,30.857142857142858,29.0,82
2225,2011-12,60.0,1,0.16260162601626016,0.1358885017421603,0.65,32.41025641025641,30.0,66
2225,2012-13,66.0,1,0.15225424981522542,0.11118150142540388,0.75,32.05,31.0,82
2225,2013-14,68.0,1,0.1116038433111604,0.14444092492872979,0.85,32.93939393939394,32.0,82
2225,2014-15,68.0,1,0.15225424981522542,0.1662971175166297,0.85,29.36764705882353,33.0,82
2225,2015-16,72.0,1,0.17886178861788618,0.1742160278745645,0.85,28.720588235294116,34.0,82
2225,2016-17,63.0,1,0.1544715447154472,0.14285714285714285,0.85,27.5,35.0,82
2225,2017-18,55.0,1,0.17479674796747968,0.19163763066202089,0.85,25.19047619047619,36.0,82
2225,2018-19,56.0,1,0.22764227642276422,0.27177700348432055,0.85,19.472727272727273,37.0,82
2229,2011-12,11.0,1,0.516260162601626,0.6655052264808362,0.85,11.5,37.0,66
2229,2012-13,45.0,1,0.6802168021680218,0.7845528455284553,0.85,10.909090909090908,38.0,82
2229,2013-14,11.0,1,0.7452574525745258,0.6318234610917538,0.85,19.155555555555555,39.0,82
2230,2010-11,47.0,1,0.04878048780487806,0.040069686411149844,0.85,16.670886075949365,32.0,82
2230,2011-12,24.0,1,0.05691056910569107,0.07665505226480837,0.85,17.80851063829787,33.0,66
2240,2010-11,21.0,1,0.8089430894308943,0.7473867595818816,0.5499999999999999,36.53125,29.0,82
2240,2011-12,17.0,1,0.5772357723577236,0.3972125435540069,0.65,34.57142857142857,30.0,66
2243,2010-11,18.0,1,0.43495934959349597,0.4181184668989547,0.85,9.076923076923077,33.0,82
2243,2011-12,28.0,1,0.5569105691056911,0.6254355400696864,0.85,4.888888888888889,34.0,66
2246,2010-11,13.0,1,0.11788617886178861,0.11498257839721253,0.85,29.438356164383563,32.0,82
2246,2011-12,17.0,1,0.35772357723577236,0.5296167247386759,0.85,12.923076923076923,33.0,66
2248,2010-11,80.0,1,0.08536585365853662,0.0766550522648084,0.85,29.39240506329114,32.0,82
2248,2011-12,50.0,1,0.07723577235772361,0.04878048780487808,0.85,19.5875,33.0,66
2248,2012-13,48.0,1,0.10113328406011335,0.15072326047935805,0.85,20.66,34.0,82
2248,2013-14,24.0,1,0.22714954422271497,0.30968218773096823,0.85,17.270833333333332,35.0,82
2250,2010-11,2.0,1,0.3333333333333333,0.47038327526132406,0.75,17.17391304347826,31.0,82
2250,2011-12,28.0,1,0.6097560975609756,0.7822299651567944,0.85,8.0,32.0,66
2294,2010-11,19.0,1,0.15040650406504066,0.14285714285714285,0.85,22.690140845070424,32.0,82
2306,2010-11,49.0,1,0.16260162601626016,0.15679442508710803,0.75,22.01388888888889,31.0,82
2365,2010-11,45.0,1,0.38211382113821135,0.21428571428571425,0.85,22.30263157894737,32.0,82
2365,2011-12,32.0,1,0.2195121951219512,0.29790940766550517,0.85,16.266666666666666,33.0,66
2365,2012-13,42.0,1,0.3465139196846514,0.43374511667194593,0.85,15.1875,34.0,82
2365,2013-14,72.0,1,0.4847253017984725,0.49039172209903914,0.85,14.857142857142858,35.0,82
2365,2014-15,60.0,1,0.37496920423749697,0.28265230704255095,0.85,19.38888888888889,36.0,82
2365,2015-16,7.0,1,0.2926829268292683,0.2578397212543554,0.85,18.866666666666667,37.0,82
2365,2016-17,12.0,1,0.3536585365853659,0.4773519163763066,0.85,5.142857142857143,38.0,82
2397,2010-11,5.0,1,0.2682926829268293,0.18815331010452965,0.65,33.62337662337662,30.0,82
2399,2010-11,61.0,1,0.32113821138211385,0.3275261324041812,0.65,22.17910447761194,30.0,82
2399,2011-12,55.0,1,0.40650406504065045,0.31010452961672474,0.75,27.59016393442623,31.0,66
2399,2012-13,75.0,1,0.20189701897018972,0.194541231126597,0.85,26.272727272727273,32.0,82
2399,2013-14,82.0,0,0.16937669376693765,0.13298490127758417,0.85,25.906666666666666,33.0,82
2399,2014-15,63.0,1,0.08401084010840106,0.04819976771196282,0.85,31.51219512195122,34.0,82
2399,2015-16,31.0,1,0.10569105691056908,0.1445993031358885,0.85,29.174603174603174,35.0,82
2399,2016-17,23.0,1,0.2845528455284553,0.42160278745644597,0.85,22.677419354838708,36.0,82
2400,2010-11,35.0,1,0.22764227642276424,0.21428571428571427,0.5499999999999999,25.071428571428573,29.0,82
2400,2011-12,56.0,1,0.3658536585365854,0.4233449477351917,0.65,24.571428571428573,30.0,66
2400,2012-13,16.0,1,0.29034244887903427,0.27124907612712496,0.75,26.232142857142858,31.0,82
2400,2013-14,22.0,1,0.5098546440009856,0.5851018899799387,0.85,9.4375,32.0,82
2400,2014-15,51.0,1,0.56270017245627,0.6697286453384015,0.85,17.954545454545453,33.0,82
2400,2015-16,30.0,1,0.6382113821138212,0.5400696864111498,0.85,16.941176470588236,34.0,82
2403,2010-11,75.0,1,0.2886178861788618,0.132404181184669,0.44999999999999996,33.59756097560975,28.0,82
2403,2011-12,28.0,1,0.04878048780487806,0.05749128919860626,0.5499999999999999,30.546666666666667,29.0,66
2403,2012-13,61.0,1,0.16481892091648187,0.2581564776686728,0.65,29.5,30.0,82
2403,2013-14,53.0,1,0.2501847745750185,0.2754197022489705,0.75,27.19672131147541,31.0,82
2403,2014-15,67.0,1,0.33961566888396155,0.33370288248337027,0.85,29.433962264150942,32.0,82
2403,2015-16,57.0,1,0.26422764227642276,0.24216027874564464,0.85,25.28358208955224,33.0,82
2403,2016-17,67.0,1,0.2804878048780488,0.27700348432055755,0.85,19.19298245614035,34.0,82
2403,2017-18,52.0,1,0.22357723577235777,0.21777003484320565,0.85,17.880597014925375,35.0,82
2403,2018-19,42.0,1,0.28455284552845533,0.3048780487804878,0.85,14.576923076923077,36.0,82
2404,2010-11,57.0,1,0.35772357723577236,0.43902439024390244,0.44999999999999996,12.970588235294118,28.0,82
2404,2011-12,28.0,1,0.37804878048780494,0.3763066202090593,0.5499999999999999,17.45614035087719,29.0,66
2404,2012-13,61.0,1,0.48866715939886674,0.4997360363214022,0.65,17.178571428571427,30.0,82
2405,2010-11,78.0,1,0.13008130081300814,0.10627177700348432,0.44999999999999996,34.609756097560975,28.0,82
2405,2011-12,47.0,1,0.13414634146341464,0.07839721254355403,0.5499999999999999,36.794871794871796,29.0,66
2405,2012-13,29.0,1,0.11221975856122197,0.17843944673212966,0.65,32.829787234042556,30.0,82
2405,2013-14,65.0,1,0.3276669130327667,0.4585577024601415,0.75,23.517241379310345,31.0,82
2405,2014-15,36.0,1,0.38051244148805125,0.34426142962728334,0.85,22.553846153846155,32.0,82
2405,2015-16,52.0,1,0.37804878048780494,0.31184668989547043,0.85,24.02777777777778,33.0,82
2406,2010-11,29.0,1,0.1910569105691057,0.14982578397212545,0.75,39.42553191489362,31.0,82
2406,2011-12,63.0,1,0.3089430894308943,0.42334494773519166,0.85,29.896551724137932,32.0,66
2406,2012-13,78.0,1,0.2631189948263119,0.22458029775102942,0.85,29.6984126984127,33.0,82
2406,2013-14,34.0,1,0.24685883222468588,0.13319607222046248,0.85,24.08974358974359,34.0,82
2406,2014-15,78.0,1,0.13710273466371026,0.20161545771301867,0.85,24.147058823529413,35.0,82
2406,2015-16,17.0,1,0.13821138211382114,0.12543554006968644,0.85,20.807692307692307,36.0,82
2407,2010-11,18.0,1,0.19105691056910568,0.18989547038327523,0.5499999999999999,28.115384615384617,29.0,82
2407,2011-12,39.0,1,0.3170731707317073,0.36585365853658536,0.65,7.666666666666667,30.0,66
2407,2012-13,38.0,1,0.34774575018477455,0.39404497941083305,0.75,18.692307692307693,31.0,82
2408,2010-11,30.0,1,0.540650406504065,0.5505226480836237,0.85,12.03225806451613,33.0,82
2408,2013-14,2.0,1,0.540650406504065,0.5923344947735192,0.85,12.2,36.0,82
2419,2010-11,78.0,1,0.13414634146341464,0.2299651567944251,0.75,33.95918367346939,31.0,82
2419,2011-12,63.0,1,0.15040650406504066,0.14285714285714288,0.85,32.84615384615385,32.0,66
2419,2012-13,45.0,1,0.1655580192165558,0.0974025974025974,0.85,33.12698412698413,33.0,82
2419,2013-14,76.0,1,0.031411677753141166,0.01995565410199556,0.85,32.37777777777778,34.0,82
2419,2014-15,26.0,1,0.03954175905395415,0.048305353183401935,0.85,25.63157894736842,35.0,82
2419,2015-16,77.0,1,0.12195121951219512,0.18815331010452963,0.85,24.086206896551722,36.0,82
2420,2010-11,47.0,1,0.3211382113821138,0.2317073170731707,0.35,22.907894736842106,27.0,82
2422,2010-11,73.0,1,0.020325203252032537,0.019163763066202107,0.75,33.23529411764706,31.0,82
2422,2011-12,46.0,1,0.05284552845528456,0.07142857142857142,0.85,34.986301369863014,32.0,66
2422,2012-13,76.0,1,0.14166050751416603,0.20626121845634038,0.85,27.17391304347826,33.0,82
2422,2013-14,18.0,1,0.16198571076619853,0.14407137577869283,0.85,29.973684210526315,34.0,82
2422,2014-15,21.0,1,0.14166050751416603,0.09207053109492135,0.85,22.128205128205128,35.0,82
2427,2010-11,26.0,1,0.020325203252032537,0.024390243902439046,0.65,19.17721518987342,30.0,82
2427,2011-12,52.0,1,0.23983739837398374,0.40069686411149824,0.75,12.26923076923077,31.0,66
2427,2012-13,69.0,1,0.31054446908105443,0.32156055326787036,0.85,13.403846153846153,32.0,82
2427,2013-14,25.0,1,0.3511948755851195,0.24875937071059023,0.85,17.666666666666668,33.0,82
2429,2010-11,28.0,1,0.39024390243902446,0.4547038327526132,0.85,9.8125,33.0,82
2429,2011-12,2.0,1,0.42682926829268303,0.4790940766550523,0.85,10.607142857142858,34.0,66
2430,2010-11,59.0,1,0.20325203252032523,0.18641114982578402,0.5499999999999999,34.26923076923077,29.0,82
2430,2011-12,66.0,0,0.29268292682926833,0.2526132404181185,0.65,31.89830508474576,30.0,66
2430,2012-13,79.0,1,0.10975609756097564,0.08710801393728225,0.75,29.515151515151516,31.0,82
2430,2013-14,76.0,1,0.10569105691056913,0.06097560975609758,0.85,32.22784810126582,32.0,82
2430,2014-15,71.0,1,0.036585365853658534,0.05226480836236932,0.85,28.17105263157895,33.0,82
2431,2010-11,11.0,1,0.23170731707317072,0.23170731707317072,0.75,14.142857142857142,31.0,82
2440,2010-11,53.0,1,0.06097560975609758,0.040069686411149844,0.75,25.88888888888889,31.0,82
2440,2011-12,63.0,1,0.14227642276422767,0.21428571428571427,0.85,19.245283018867923,32.0,66
2440,2012-13,80.0,1,0.13710273466371026,0.12876148242001897,0.85,22.857142857142858,33.0,82
2440,2013-14,63.0,1,0.14116777531411676,0.07744694330060184,0.85,25.725,34.0,82
2440,2014-15,76.0,1,0.10051736881005173,0.14586632879315806,0.85,27.53968253968254,35.0,82
2440,2015-16,76.0,1,0.1097560975609756,0.11149825783972123,0.85,29.88157894736842,36.0,82
2440,2016-17,54.0,1,0.1260162601626016,0.09581881533101042,0.85,28.81578947368421,37.0,82
2443,2010-11,10.0,1,0.05691056910569107,0.06968641114982578,0.85,18.8,33.0,82
2446,2010-11,41.0,1,0.12601626016260162,0.05400696864111498,0.85,32.951219512195124,32.0,82
2446,2011-12,34.0,1,0.14227642276422767,0.24390243902439027,0.85,18.146341463414632,33.0,66
2446,2013-14,50.0,1,0.3038925843803893,0.3990074965684722,0.85,13.323529411764707,35.0,82
2446,2014-15,75.0,1,0.4339738851933974,0.4225002639636786,0.85,7.56,36.0,82
2446,2015-16,46.0,1,0.3201527469820153,0.22954281490866854,0.85,20.066666666666666,37.0,82
2449,2010-11,74.0,1,0.0,0.0,0.75,32.573170731707314,31.0,82
2449,2011-12,66.0,0,0.03252032520325202,0.05574912891986061,0.85,32.5945945945946,32.0,66
2449,2012-13,82.0,0,0.03252032520325202,0.027874564459930307,0.85,31.318181818181817,33.0,82
2449,2013-14,82.0,0,0.03252032520325202,0.013937282229965153,0.85,26.634146341463413,34.0,82
2449,2014-15,81.0,1,0.0,0.0,0.85,17.0609756097561,35.0,82
2449,2015-16,76.0,1,0.004065040650406508,0.0069686411149825845,0.85,20.48148148148148,36.0,82
2449,2016-17,36.0,1,0.028455284552845517,0.045296167247386734,0.85,21.526315789473685,37.0,82
2457,2011-12,50.0,1,0.08536585365853659,0.13937282229965156,0.85,13.158730158730158,32.0,66
2457,2012-13,7.0,1,0.1661739344666174,0.20821454967796432,0.85,13.42,33.0,82
2457,2013-14,29.0,1,0.36129588568612964,0.4507971703093654,0.85,14.571428571428571,34.0,82
2457,2014-15,9.0,1,0.49950726779995075,0.5781860416006757,0.85,8.344827586206897,35.0,82
2501,2010-11,30.0,1,0.23577235772357721,0.3885017421602787,0.75,11.107142857142858,31.0,82
2501,2011-12,56.0,1,0.4430894308943089,0.5557491289198606,0.85,26.6,32.0,66
2501,2012-13,80.0,1,0.4813993594481399,0.3618414106218984,0.85,13.767857142857142,33.0,82
2501,2013-14,30.0,1,0.27001724562700175,0.14781966001478195,0.85,24.5875,34.0,82
2501,2014-15,47.0,1,0.17245627001724562,0.22373561397951638,0.85,13.3,35.0,82
2544,2010-11,79.0,1,0.05691056910569103,0.057491289198606244,0.25,39.026315789473685,26.0,82
2544,2011-12,62.0,1,0.04065040650406504,0.043554006968641125,0.35,38.77215189873418,27.0,66
2544,2012-13,76.0,1,0.056787386055678714,0.05553795797698234,0.44999999999999996,37.516129032258064,28.0,82
2544,2013-14,77.0,1,0.056787386055678714,0.06435434484214968,0.5499999999999999,37.85526315789474,29.0,82
2544,2014-15,69.0,1,0.06491746735649173,0.0644071375778693,0.65,37.688311688311686,30.0,82
2544,2015-16,76.0,1,0.09756097560975611,0.11846689895470386,0.75,36.130434782608695,31.0,82
2544,2016-17,74.0,1,0.09756097560975611,0.09581881533101044,0.85,35.64473684210526,32.0,82
2544,2017-18,82.0,0,0.1097560975609756,0.09930313588850172,0.85,37.770270270270274,33.0,82
2544,2018-19,55.0,1,0.05691056910569103,0.038327526132404165,0.85,36.90243902439025,34.0,82
2544,2019-20,67.0,1,0.1422764227642276,0.20209059233449475,0.85,35.21818181818182,35.0,72
2544,2020-21,45.0,1,0.13290424570912374,0.13375919473480447,0.85,34.56716417910448,36.0,72
2544,2021-22,56.0,1,0.25790424570912374,0.2811653116531165,0.85,33.422222222222224,37.0,82
2544,2022-23,55.0,1,0.2538392050587172,0.29824816105303903,0.85,37.214285714285715,38.0,82
2544,2023-24,71.0,1,0.34044715447154467,0.3323170731707317,0.85,35.527272727272724,39.0,82
2544,2024-25,70.0,1,0.26016260162601623,0.21602787456445993,0.85,35.267605633802816,40.0,82
2544,2025-26,60.0,1,0.2032520325203252,0.16898954703832755,0.85,34.91428571428571,41.0,82
2545,2010-11,69.0,1,0.33739837398373984,0.44250871080139376,0.25,8.875,26.0,82
2545,2011-12,29.0,1,0.34146341463414637,0.30139372822299654,0.35,24.434782608695652,27.0,66
2545,2012-13,1.0,1,0.4429662478442966,0.45275050153098934,0.44999999999999996,16.275862068965516,28.0,82
2546,2010-11,50.0,1,0.13821138211382114,0.15505226480836237,0.35,38.17391304347826,27.0,82
2546,2011-12,55.0,1,0.13821138211382114,0.10801393728223,0.44999999999999996,35.48,28.0,66
2546,2012-13,67.0,1,0.12872628726287264,0.13530778164924506,0.5499999999999999,34.10909090909091,29.0,82
2546,2013-14,77.0,1,0.13685636856368566,0.16085946573751456,0.65,37.04477611940298,30.0,82
2546,2014-15,40.0,1,0.13685636856368566,0.11091753774680609,0.75,38.72727272727273,31.0,82
2546,2015-16,72.0,1,0.2520325203252033,0.3362369337979095,0.85,35.7,32.0,82
2546,2016-17,74.0,1,0.23170731707317074,0.22473867595818817,0.85,35.138888888888886,33.0,82
2546,2017-18,78.0,1,0.24390243902439024,0.16376306620209058,0.85,34.2972972972973,34.0,82
2546,2018-19,10.0,1,0.08943089430894309,0.0731707317073171,0.85,32.06410256410256,35.0,82
2546,2019-20,58.0,1,0.34146341463414637,0.5296167247386759,0.85,29.4,36.0,72
2546,2020-21,69.0,1,0.37375790424570915,0.3689508323654665,0.85,32.793103448275865,37.0,72
2546,2021-22,69.0,1,0.371386630532972,0.20480061943476574,0.85,24.492753623188406,38.0,82
2547,2010-11,77.0,1,0.13008130081300817,0.1271777003484321,0.35,36.08571428571429,27.0,82
2547,2011-12,57.0,1,0.08943089430894313,0.08536585365853663,0.44999999999999996,36.298701298701296,28.0,66
2547,2012-13,74.0,1,0.11456023651145604,0.11624960405448212,0.5499999999999999,35.21052631578947,29.0,82
2547,2013-14,79.0,1,0.09830007390983002,0.10342096927462781,0.65,33.16216216216216,30.0,82
2547,2014-15,44.0,1,0.090169992609017,0.06826100728539754,0.75,32.037974683544306,31.0,82
2547,2015-16,53.0,1,0.1991869918699187,0.289198606271777,0.85,35.36363636363637,32.0,82
2548,2010-11,76.0,1,0.1585365853658537,0.09930313588850179,0.5499999999999999,36.25974025974026,29.0,82
2548,2011-12,49.0,1,0.05691056910569107,0.06445993031358885,0.65,37.14473684210526,30.0,66
2548,2012-13,69.0,1,0.1305740330130574,0.17680287192482314,0.75,33.16326530612245,31.0,82
2548,2013-14,54.0,1,0.16309435821630944,0.17463836976032102,0.85,34.65217391304348,32.0,82
2548,2014-15,62.0,1,0.25252525252525254,0.27721465526343575,0.85,32.870370370370374,33.0,82
2548,2015-16,74.0,1,0.24796747967479674,0.259581881533101,0.85,31.79032258064516,34.0,82
2548,2016-17,60.0,1,0.22764227642276422,0.17421602787456442,0.85,30.513513513513512,35.0,82
2548,2017-18,46.0,1,0.2032520325203252,0.21602787456445993,0.85,29.866666666666667,36.0,82
2548,2018-19,72.0,1,0.1829268292682927,0.19512195121951223,0.85,22.925373134328357,37.0,82
2549,2010-11,32.0,1,0.33739837398373984,0.26480836236933797,0.5499999999999999,34.31578947368421,29.0,82
2549,2011-12,47.0,1,0.43495934959349586,0.4581881533101045,0.65,26.1875,30.0,66
2549,2012-13,66.0,1,0.32360187238236016,0.34917115404920285,0.75,29.19148936170213,31.0,82
2549,2013-14,39.0,1,0.36425227888642525,0.2808573540280857,0.85,20.651515151515152,32.0,82
2549,2014-15,74.0,1,0.3357969943335797,0.3965262379896526,0.85,18.871794871794872,33.0,82
2549,2015-16,16.0,1,0.27235772357723576,0.23344947735191637,0.85,18.89189189189189,34.0,82
2550,2010-11,48.0,1,0.18699186991869918,0.17595818815331007,0.65,33.527027027027025,30.0,82
2550,2011-12,48.0,1,0.1991869918699187,0.15156794425087108,0.75,30.645833333333332,31.0,66
2550,2012-13,60.0,1,0.16407982261640797,0.20462464364903385,0.85,25.770833333333332,32.0,82
2550,2013-14,73.0,1,0.22099039172209903,0.2486537852391511,0.85,29.4,33.0,82
2550,2014-15,66.0,1,0.21692535107169253,0.17833386126069053,0.85,28.986301369863014,34.0,82
2550,2015-16,35.0,1,0.19105691056910568,0.18118466898954702,0.85,24.393939393939394,35.0,82
2551,2010-11,41.0,1,0.3008130081300813,0.3257839721254356,0.44999999999999996,25.29787234042553,28.0,82
2551,2011-12,14.0,1,0.34146341463414637,0.42160278745644597,0.5499999999999999,18.853658536585368,29.0,66
2554,2010-11,19.0,1,0.20731707317073167,0.17421602787456442,0.5499999999999999,22.493333333333332,29.0,82
2554,2011-12,42.0,1,0.24390243902439024,0.24738675958188155,0.65,22.0,30.0,66
2554,2012-13,19.0,1,0.25129342202512933,0.30709534368070956,0.75,21.928571428571427,31.0,82
2555,2010-11,71.0,1,0.08943089430894309,0.0940766550522648,0.65,20.76,30.0,82
2555,2011-12,63.0,1,0.11788617886178861,0.12020905923344948,0.75,21.464788732394368,31.0,66
2555,2012-13,81.0,1,0.0883222468588322,0.07649667405764964,0.85,20.746031746031747,32.0,82
2555,2013-14,81.0,1,0.06393200295639319,0.039119417168197654,0.85,19.54320987654321,33.0,82
2555,2014-15,66.0,1,0.023281596452328152,0.016946468165980364,0.85,16.703703703703702,34.0,82
2555,2015-16,59.0,1,0.07317073170731707,0.11672473867595816,0.85,16.681818181818183,35.0,82
2555,2016-17,20.0,1,0.16260162601626016,0.2177700348432056,0.85,11.847457627118644,36.0,82
2555,2017-18,15.0,1,0.4105691056910569,0.5400696864111498,0.85,6.4,37.0,82
2556,2010-11,3.0,1,0.6747967479674797,0.7073170731707317,0.5499999999999999,11.090909090909092,29.0,82
2557,2010-11,71.0,1,0.12601626016260162,0.07142857142857142,0.65,21.451219512195124,30.0,82
2557,2011-12,53.0,1,0.08536585365853659,0.09407665505226481,0.75,30.408450704225352,31.0,66
2557,2012-13,82.0,0,0.11037201281103722,0.15088163868651677,0.85,33.0188679245283,32.0,82
2557,2013-14,36.0,1,0.11037201281103722,0.07544081934325839,0.85,30.170731707317074,33.0,82
2557,2014-15,47.0,1,0.15102241931510227,0.1744799915531623,0.85,21.194444444444443,34.0,82
2561,2010-11,70.0,1,0.05284552845528453,0.038327526132404165,0.65,36.407407407407405,30.0,82
2561,2011-12,66.0,0,0.07723577235772357,0.0975609756097561,0.75,35.01428571428571,31.0,66
2561,2012-13,73.0,1,0.05284552845528456,0.043554006968641125,0.85,29.166666666666668,32.0,82
2561,2013-14,80.0,1,0.08536585365853659,0.08362369337979093,0.85,33.35616438356164,33.0,82
2561,2014-15,66.0,1,0.044715447154471545,0.04529616724738677,0.85,30.9,34.0,82
2561,2015-16,78.0,1,0.1097560975609756,0.13414634146341461,0.85,28.71212121212121,35.0,82
2561,2016-17,68.0,1,0.08943089430894309,0.08710801393728225,0.85,18.0,36.0,82
2561,2017-18,73.0,1,0.13821138211382114,0.1393728222996516,0.85,12.558823529411764,37.0,82
2562,2010-11,10.0,1,0.23577235772357721,0.18641114982578394,0.35,12.352112676056338,27.0,82
2562,2011-12,45.0,1,0.3170731707317073,0.42160278745644597,0.44999999999999996,16.3,28.0,66
2562,2012-13,39.0,1,0.3580931263858093,0.37868229331643966,0.5499999999999999,11.71111111111111,29.0,82
2563,2010-11,45.0,1,0.26829268292682923,0.15156794425087106,0.65,24.894736842105264,30.0,82
2563,2011-12,65.0,1,0.18699186991869918,0.28397212543554,0.75,13.088888888888889,31.0,66
2563,2012-13,50.0,1,0.17984725301798468,0.1480308309576602,0.85,16.184615384615384,32.0,82
2563,2014-15,33.0,1,0.1717171717171717,0.0966634991025235,0.85,12.7,34.0,82
2563,2015-16,1.0,1,0.22049765952204978,0.35756519902861367,0.85,3.727272727272727,35.0,82
2563,2016-17,1.0,1,0.5447154471544716,0.7421602787456446,0.85,42.0,36.0,82
2564,2010-11,82.0,0,0.004065040650406508,0.0034843205574912922,0.5499999999999999,35.4390243902439,29.0,82
2564,2011-12,37.0,1,0.004065040650406508,0.0017421602787456461,0.65,33.8780487804878,30.0,66
2564,2012-13,75.0,1,0.04545454545454545,0.07792207792207792,0.75,27.513513513513512,31.0,82
2564,2013-14,79.0,1,0.07390983000739097,0.08774152676591698,0.85,22.786666666666665,32.0,82
2564,2014-15,81.0,1,0.0861049519586105,0.06477668672790625,0.85,24.9873417721519,33.0,82
2564,2015-16,76.0,1,0.044715447154471545,0.029616724738675968,0.85,24.493827160493826,34.0,82
2564,2016-17,73.0,1,0.04065040650406504,0.050522648083623674,0.85,18.236842105263158,35.0,82
2566,2010-11,82.0,0,0.19918699186991873,0.3379790940766551,0.25,21.0,26.0,82
2566,2011-12,39.0,1,0.19918699186991873,0.16898954703832755,0.35,28.75609756097561,27.0,66
2566,2012-13,38.0,1,0.33148558758314856,0.3173899271460247,0.44999999999999996,12.820512820512821,28.0,82
2566,2013-14,63.0,1,0.31522542498152256,0.42350332594235035,0.5499999999999999,11.68421052631579,29.0,82
2567,2010-11,40.0,1,0.6097560975609756,0.7020905923344948,0.65,2.933333333333333,30.0,82
2567,2011-12,16.0,1,0.6544715447154471,0.6167247386759582,0.75,11.175,31.0,66
2568,2010-11,49.0,1,0.028455284552845517,0.04878048780487803,0.44999999999999996,30.386666666666667,28.0,82
2568,2011-12,54.0,1,0.16260162601626016,0.25435540069686413,0.5499999999999999,32.44897959183673,29.0,66
2568,2012-13,67.0,1,0.22320768662232074,0.2310738042445359,0.65,28.462962962962962,30.0,82
2570,2010-11,12.0,1,0.05691056910569107,0.05574912891986065,0.25,27.615384615384617,26.0,82
2570,2011-12,65.0,1,0.25609756097560976,0.3937282229965157,0.35,26.083333333333332,27.0,66
2570,2012-13,78.0,1,0.2367578221236758,0.20029563932002956,0.44999999999999996,26.83076923076923,28.0,82
2570,2013-14,62.0,1,0.2367578221236758,0.12453806356245382,0.5499999999999999,25.05128205128205,29.0,82
2570,2014-15,51.0,1,0.10261148066026116,0.1554746066941189,0.65,19.467741935483872,30.0,82
2570,2015-16,37.0,1,0.1544715447154472,0.1742160278745645,0.75,19.235294117647058,31.0,82
2570,2017-18,1.0,1,0.32113821138211385,0.3972125435540071,0.85,14.64864864864865,33.0,82
2571,2010-11,58.0,1,0.2032520325203252,0.3066202090592335,0.44999999999999996,17.863636363636363,28.0,82
2571,2011-12,42.0,1,0.3008130081300813,0.32055749128919864,0.5499999999999999,24.051724137931036,29.0,66
2571,2012-13,41.0,1,0.26213353042621335,0.16714180128814274,0.65,22.523809523809526,30.0,82
2571,2013-14,20.0,1,0.27432865237743287,0.33618414106218986,0.75,12.512195121951219,31.0,82
2571,2014-15,66.0,1,0.42880019709288003,0.5792418963150671,0.85,18.4,32.0,82
2571,2015-16,68.0,1,0.48373983739837395,0.3989547038327526,0.85,14.878787878787879,33.0,82
2571,2016-17,67.0,1,0.3739837398373984,0.2613240418118467,0.85,15.867647058823529,34.0,82
2572,2010-11,18.0,1,0.33739837398373984,0.44250871080139376,0.75,26.677419354838708,31.0,82
2572,2011-12,43.0,1,0.5731707317073171,0.6620209059233451,0.85,22.72222222222222,32.0,66
2572,2012-13,11.0,1,0.5673811283567382,0.504012247914687,0.85,23.046511627906977,33.0,82
2574,2010-11,24.0,1,0.11382113821138214,0.1829268292682927,0.65,17.12280701754386,30.0,82
2574,2011-12,27.0,1,0.34552845528455284,0.49477351916376305,0.75,4.666666666666667,31.0,66
2575,2010-11,54.0,1,0.3170731707317073,0.44250871080139376,0.75,9.379310344827585,31.0,82
2575,2011-12,9.0,1,0.3983739837398374,0.4094076655052264,0.85,8.962962962962964,32.0,66
2575,2012-13,50.0,1,0.5110864745011087,0.5015837820715869,0.85,7.222222222222222,33.0,82
2581,2010-11,79.0,1,0.06504065040650409,0.06097560975609758,0.75,27.392156862745097,31.0,82
2581,2011-12,53.0,1,0.0731707317073171,0.05052264808362372,0.85,20.0126582278481,32.0,66
2581,2012-13,45.0,1,0.08598176890859821,0.12649139478407775,0.85,23.339622641509433,33.0,82
2581,2013-14,27.0,1,0.22825819167282582,0.3193432583676486,0.85,26.11111111111111,34.0,82
2581,2014-15,81.0,1,0.3258191672825819,0.3452116988702354,0.85,27.236363636363638,35.0,82
2581,2015-16,58.0,1,0.26422764227642276,0.16550522648083624,0.85,18.876543209876544,36.0,82
2584,2010-11,77.0,1,0.07317073170731707,0.08013937282229965,0.5499999999999999,21.273972602739725,29.0,82
2584,2011-12,53.0,1,0.06097560975609758,0.06794425087108016,0.65,21.74025974025974,30.0,66
2584,2012-13,72.0,1,0.12256713476225674,0.14565515785027985,0.75,17.39622641509434,31.0,82
2584,2013-14,55.0,1,0.12663217541266325,0.13467426882061032,0.85,16.5,32.0,82
2584,2014-15,52.0,1,0.2160630697216063,0.25113504381797064,0.85,15.8,33.0,82
2585,2010-11,79.0,1,0.11788617886178865,0.08013937282229969,0.35,13.961538461538462,27.0,82
2585,2011-12,58.0,1,0.04878048780487809,0.04355400696864115,0.44999999999999996,15.746835443037975,28.0,66
2585,2012-13,52.0,1,0.06885932495688596,0.08668567205152573,0.5499999999999999,28.275862068965516,29.0,82
2585,2013-14,53.0,1,0.17455038186745506,0.24891774891774893,0.65,21.807692307692307,30.0,82
2585,2014-15,73.0,1,0.28024143877802415,0.32393622637525077,0.75,25.0,31.0,82
2585,2015-16,76.0,1,0.2764227642276423,0.21602787456445993,0.85,23.698630136986303,32.0,82
2585,2016-17,70.0,1,0.17886178861788615,0.12369337979094074,0.85,26.36842105263158,33.0,82
2585,2017-18,69.0,1,0.1097560975609756,0.12020905923344948,0.85,18.114285714285714,34.0,82
2585,2018-19,68.0,1,0.12601626016260162,0.14285714285714285,0.85,14.08695652173913,35.0,82
2586,2010-11,82.0,0,0.08130081300813008,0.08013937282229966,0.75,19.734177215189874,31.0,82
2586,2011-12,5.0,1,0.08130081300813008,0.04006968641114983,0.85,17.817073170731707,32.0,66
2586,2012-13,74.0,1,0.3202759300320276,0.533365008974765,0.85,18.8,33.0,82
2586,2013-14,6.0,1,0.3406011332840601,0.3198183929891246,0.85,19.027027027027028,34.0,82
2588,2010-11,66.0,1,0.13008130081300814,0.14634146341463414,0.75,17.861538461538462,31.0,82
2588,2011-12,65.0,1,0.1382113821138211,0.1724738675958188,0.85,21.696969696969695,32.0,66
2588,2012-13,68.0,1,0.13919684651391964,0.09402386231654522,0.85,20.4,33.0,82
2588,2013-14,61.0,1,0.12700172456270017,0.12976454439869076,0.85,13.367647058823529,34.0,82
2588,2014-15,72.0,1,0.1473269278147327,0.19728645338401438,0.85,11.311475409836065,35.0,82
2588,2015-16,30.0,1,0.1829268292682927,0.1672473867595819,0.85,12.98611111111111,36.0,82
2590,2010-11,36.0,1,0.12195121951219512,0.12195121951219513,0.44999999999999996,34.18840579710145,28.0,82
2590,2011-12,52.0,1,0.1544715447154472,0.21428571428571433,0.5499999999999999,29.583333333333332,29.0,66
2590,2012-13,46.0,1,0.22111357477211138,0.22748389821560558,0.65,28.307692307692307,30.0,82
2590,2013-14,74.0,1,0.31460950973146096,0.3532889874353288,0.75,30.82608695652174,31.0,82
2590,2014-15,41.0,1,0.24956885932495687,0.21148769929257732,0.85,24.77027027027027,32.0,82
2590,2015-16,41.0,1,0.23577235772357721,0.18815331010452963,0.85,28.024390243902438,33.0,82
2592,2010-11,81.0,1,0.4552845528455285,0.5087108013937283,0.65,13.972222222222221,30.0,82
2592,2011-12,51.0,1,0.3617886178861789,0.24041811846689898,0.75,19.123456790123456,31.0,66
2592,2012-13,38.0,1,0.2668144863266815,0.21349382324992083,0.85,13.058823529411764,32.0,82
2592,2013-14,20.0,1,0.2586844050258685,0.37329743427304407,0.85,5.815789473684211,33.0,82
2592,2014-15,57.0,1,0.5066518847006652,0.6178333861260691,0.85,11.8,34.0,82
2592,2015-16,48.0,1,0.5325203252032521,0.4668989547038328,0.85,11.736842105263158,35.0,82
2592,2016-17,48.0,1,0.491869918699187,0.43205574912891986,0.85,9.645833333333334,36.0,82
2594,2010-11,82.0,0,0.16666666666666666,0.23519163763066203,0.65,18.307692307692307,30.0,82
2594,2011-12,65.0,1,0.13821138211382114,0.11149825783972125,0.75,20.109756097560975,31.0,66
2594,2012-13,74.0,1,0.12700172456270017,0.06092281702037799,0.85,22.6,32.0,82
2594,2013-14,71.0,1,0.03757083025375707,0.06007813324886494,0.85,30.527027027027028,33.0,82
2594,2014-15,75.0,1,0.08228627740822862,0.10669411888924084,0.85,33.91549295774648,34.0,82
2594,2015-16,80.0,1,0.10569105691056908,0.10104529616724736,0.85,32.24,35.0,82
2594,2016-17,32.0,1,0.08130081300813008,0.05749128919860628,0.85,30.0125,36.0,82
2594,2017-18,73.0,1,0.09756097560975611,0.12369337979094079,0.85,26.16417910447761,37.0,82
2594,2018-19,16.0,1,0.10569105691056913,0.11846689895470384,0.85,21.561643835616437,38.0,82
2594,2019-20,58.0,1,0.14634146341463417,0.14111498257839722,0.85,19.057142857142857,39.0,72
2605,2010-11,49.0,1,0.27235772357723576,0.3275261324041812,0.65,18.372549019607842,30.0,82
2605,2011-12,38.0,1,0.3739837398373984,0.38675958188153314,0.75,19.142857142857142,31.0,66
2605,2012-13,59.0,1,0.4015767430401576,0.41141378946256996,0.85,12.736842105263158,32.0,82
2617,2010-11,13.0,1,0.17886178861788618,0.10975609756097562,0.75,27.91025641025641,31.0,82
2617,2011-12,64.0,1,0.3252032520325203,0.5069686411149826,0.85,26.53846153846154,32.0,66
2617,2012-13,75.0,1,0.3068489775806849,0.26470277689789884,0.85,24.828125,33.0,82
2617,2013-14,46.0,1,0.3190440995319044,0.17764755569633614,0.85,18.85333333333333,34.0,82
2617,2014-15,62.0,1,0.18489775806848974,0.27959032837081615,0.85,14.195652173913043,35.0,82
2617,2015-16,37.0,1,0.2560975609756097,0.2770034843205575,0.85,16.048387096774192,36.0,82
2617,2016-17,16.0,1,0.4105691056910569,0.445993031358885,0.85,7.027027027027027,37.0,82
2617,2017-18,14.0,1,0.5325203252032521,0.6515679442508712,0.85,8.125,38.0,82
2617,2018-19,10.0,1,0.7276422764227642,0.7822299651567944,0.85,5.142857142857143,39.0,82
2617,2019-20,4.0,1,0.8373983739837398,0.8536585365853658,0.85,7.5,40.0,72
2617,2020-21,1.0,1,0.8839205058717253,0.9090205187766163,0.85,11.0,41.0,72
2617,2021-22,13.0,1,0.9362014453477868,0.9587688734030199,0.85,3.0,42.0,82
2617,2022-23,7.0,1,0.9240063233965673,0.8975029036004647,0.85,6.384615384615385,43.0,82
2679,2010-11,54.0,1,0.34959349593495936,0.494773519163763,0.65,4.84,30.0,82
2679,2011-12,53.0,1,0.45528455284552843,0.440766550522648,0.75,10.777777777777779,31.0,66
2679,2012-13,1.0,1,0.4111850209411185,0.3094182240523704,0.85,11.245283018867925,32.0,82
2694,2010-11,54.0,1,0.23983739837398374,0.24041811846689895,0.44999999999999996,9.222222222222221,28.0,82
2694,2013-14,1.0,1,0.28048780487804875,0.2996515679442509,0.75,12.092592592592593,31.0,82
2730,2010-11,78.0,1,0.012195121951219523,0.010452961672473877,0.15,34.670731707317074,25.0,82
2730,2011-12,54.0,1,0.028455284552845555,0.033101045296167274,0.25,37.62820512820513,26.0,66
2730,2012-13,76.0,1,0.07686622320768662,0.11783338612606904,0.35,38.333333333333336,27.0,82
2730,2013-14,71.0,1,0.10125646711012563,0.10072853975292996,0.44999999999999996,35.81578947368421,28.0,82
2730,2014-15,41.0,1,0.12971175166297114,0.12353500158378206,0.5499999999999999,33.74647887323944,29.0,82
2730,2015-16,71.0,1,0.23577235772357721,0.3344947735191638,0.65,29.829268292682926,30.0,82
2730,2016-17,74.0,1,0.25609756097560976,0.23867595818815332,0.75,32.11267605633803,31.0,82
2730,2017-18,81.0,1,0.24390243902439024,0.16550522648083624,0.85,29.716216216216218,32.0,82
2730,2018-19,9.0,1,0.08130081300813008,0.05400696864111498,0.85,30.40740740740741,33.0,82
2730,2019-20,69.0,1,0.3333333333333333,0.5261324041811847,0.85,25.555555555555557,34.0,72
2730,2020-21,69.0,1,0.31470189701897017,0.27990708478513354,0.85,18.92753623188406,35.0,72
2730,2021-22,60.0,1,0.32452574525745254,0.16289198606271776,0.85,17.333333333333332,36.0,82
2731,2010-11,72.0,1,0.0,0.0,0.44999999999999996,28.902439024390244,28.0,82
2731,2011-12,27.0,1,0.04065040650406504,0.06968641114982578,0.5499999999999999,31.76388888888889,29.0,66
2731,2012-13,79.0,1,0.23762010347376197,0.37250554323725055,0.65,28.925925925925927,30.0,82
2731,2017-18,26.0,1,0.2498152254249815,0.20715869496357303,0.85,25.974683544303797,35.0,82
2732,2010-11,82.0,0,0.12195121951219512,0.15679442508710803,0.44999999999999996,27.903225806451612,28.0,82
2732,2011-12,52.0,1,0.08130081300813008,0.06968641114982578,0.5499999999999999,25.98780487804878,29.0,66
2732,2012-13,75.0,1,0.1520078837152008,0.15605532678703413,0.65,26.884615384615383,30.0,82
2732,2013-14,19.0,1,0.09916235525991624,0.10938654841093864,0.75,20.8,31.0,82
2732,2014-15,56.0,1,0.35525991623552605,0.49371766444937176,0.85,14.68421052631579,32.0,82
2733,2010-11,73.0,1,0.5853658536585366,0.613240418118467,0.15,13.0,25.0,82
2733,2011-12,58.0,1,0.508130081300813,0.34494773519163763,0.25,17.273972602739725,26.0,66
2733,2012-13,17.0,1,0.26398127617639816,0.18076232710379053,0.35,18.82758620689655,27.0,82
2733,2013-14,76.0,1,0.14203005666420299,0.16180973498046664,0.44999999999999996,18.823529411764707,28.0,82
2733,2014-15,78.0,1,0.12983493471298346,0.11487699292577337,0.5499999999999999,25.973684210526315,29.0,82
2733,2015-16,78.0,1,0.10569105691056908,0.07665505226480837,0.65,18.82051282051282,30.0,82
2733,2016-17,76.0,1,0.05691056910569107,0.05226480836236937,0.75,19.487179487179485,31.0,82
2733,2017-18,71.0,1,0.05691056910569107,0.0627177700348432,0.85,17.69736842105263,32.0,82
2733,2018-19,64.0,1,0.08536585365853659,0.10452961672473868,0.85,15.901408450704226,33.0,82
2734,2010-11,54.0,1,0.1991869918699187,0.20209059233449475,0.44999999999999996,34.703125,28.0,82
2734,2011-12,63.0,1,0.17073170731707318,0.16202090592334498,0.5499999999999999,31.925925925925927,29.0,66
2734,2012-13,58.0,1,0.13303769401330376,0.09566043712385174,0.65,27.634920634920636,30.0,82
2734,2013-14,40.0,1,0.1574279379157428,0.199398162812797,0.75,24.5,31.0,82
2734,2014-15,76.0,1,0.2834441980783444,0.38280012670256575,0.85,20.45,32.0,82
2734,2015-16,64.0,1,0.2926829268292683,0.22996515679442506,0.85,22.17105263157895,33.0,82
2734,2016-17,65.0,1,0.26829268292682923,0.2195121951219512,0.85,20.0,34.0,82
2734,2017-18,44.0,1,0.16666666666666663,0.19163763066202089,0.85,16.723076923076924,35.0,82
2734,2018-19,68.0,1,0.18699186991869918,0.16724738675958187,0.85,18.87323943661972,36.0,82
2735,2010-11,54.0,1,0.16666666666666663,0.14982578397212537,0.44999999999999996,29.92105263157895,28.0,82
2735,2011-12,34.0,1,0.2479674796747967,0.26306620209059234,0.5499999999999999,16.555555555555557,29.0,66
2735,2012-13,14.0,1,0.2998275437299827,0.385070214338507,0.65,14.441176470588236,30.0,82
2735,2013-14,4.0,1,0.551860064055186,0.661176222151832,0.75,7.142857142857143,31.0,82
2736,2010-11,82.0,0,0.2601626016260163,0.23170731707317074,0.25,37.871428571428574,26.0,82
2736,2011-12,54.0,1,0.1829268292682927,0.09930313588850175,0.35,39.1219512195122,27.0,66
2736,2012-13,75.0,1,0.10938654841093864,0.1248020272410516,0.44999999999999996,39.425925925925924,28.0,82
2736,2013-14,23.0,1,0.08906134515890611,0.10072853975292996,0.5499999999999999,38.70666666666666,29.0,82
2736,2014-15,72.0,1,0.16629711751662968,0.18276845106113399,0.65,37.391304347826086,30.0,82
2736,2015-16,74.0,1,0.14634146341463414,0.1480836236933798,0.75,33.625,31.0,82
2736,2016-17,56.0,1,0.15040650406504064,0.12369337979094075,0.85,32.351351351351354,32.0,82
2736,2017-18,1.0,1,0.17886178861788615,0.22648083623693374,0.85,26.535714285714285,33.0,82
2736,2018-19,22.0,1,0.46747967479674796,0.6689895470383275,0.85,13.0,34.0,82
2738,2010-11,67.0,1,0.0,0.0,0.35,38.9390243902439,27.0,82
2738,2011-12,62.0,1,0.06097560975609758,0.1045296167247387,0.44999999999999996,36.850746268656714,28.0,66
2738,2012-13,80.0,1,0.08117762995811777,0.08689684299440395,0.5499999999999999,35.62903225806452,29.0,82
2738,2013-14,63.0,1,0.08930771125893078,0.05738570372716715,0.65,34.7375,30.0,82
2738,2014-15,77.0,1,0.10556787386055677,0.1480308309576602,0.75,32.38095238095238,31.0,82
2738,2015-16,65.0,1,0.10569105691056913,0.1045296167247387,0.85,26.87012987012987,32.0,82
2738,2016-17,76.0,1,0.16666666666666666,0.16898954703832753,0.85,26.646153846153847,33.0,82
2738,2017-18,64.0,1,0.11382113821138211,0.10975609756097558,0.85,26.289473684210527,34.0,82
2738,2018-19,68.0,1,0.16666666666666663,0.17595818815331007,0.85,25.34375,35.0,82
2738,2019-20,21.0,1,0.15447154471544713,0.17073170731707318,0.85,23.205882352941178,36.0,72
2738,2020-21,63.0,1,0.3661924119241193,0.4849012775842044,0.85,19.904761904761905,37.0,72
2738,2021-22,31.0,1,0.33468834688346877,0.2981997677119628,0.85,21.253968253968253,38.0,82
2738,2022-23,8.0,1,0.4850948509485094,0.49230545876887344,0.85,19.451612903225808,39.0,82
2740,2010-11,59.0,1,0.3048780487804878,0.42160278745644597,0.15,23.12121212121212,25.0,82
2740,2011-12,47.0,1,0.3739837398373984,0.3658536585365854,0.25,23.677966101694917,26.0,66
2740,2012-13,53.0,1,0.3886425227888643,0.33000739098300075,0.35,15.72340425531915,27.0,82
2740,2013-14,6.0,1,0.30734170978073416,0.3244113609967268,0.44999999999999996,9.339622641509434,28.0,82
2742,2010-11,37.0,1,0.2764227642276423,0.3344947735191638,0.25,14.923076923076923,26.0,82
2742,2011-12,60.0,1,0.3699186991869919,0.46167247386759586,0.35,19.216216216216218,27.0,66
2742,2012-13,46.0,1,0.37176644493717664,0.2766867279062401,0.44999999999999996,14.916666666666666,28.0,82
2742,2014-15,16.0,1,0.3067257945306726,0.26464998416217933,0.65,17.282608695652176,30.0,82
2743,2010-11,74.0,1,0.3170731707317073,0.2961672473867596,0.25,12.6,26.0,82
2743,2011-12,62.0,1,0.3008130081300813,0.19337979094076654,0.35,27.85135135135135,27.0,66
2743,2012-13,65.0,1,0.10556787386055677,0.08515468271565829,0.44999999999999996,34.87096774193548,28.0,82
2743,2013-14,69.0,1,0.12182803646218276,0.14972019850068627,0.5499999999999999,18.323076923076922,29.0,82
2743,2014-15,64.0,1,0.1421532397142153,0.1584837926301341,0.65,19.942028985507246,30.0,82
2743,2015-16,28.0,1,0.19512195121951217,0.20034843205574912,0.75,21.015625,31.0,82
2743,2016-17,56.0,1,0.24390243902439024,0.2874564459930314,0.85,15.754716981132075,32.0,82
2744,2010-11,82.0,0,0.15447154471544713,0.15331010452961671,0.25,32.4078947368421,26.0,82
2744,2011-12,61.0,1,0.15447154471544713,0.07665505226480836,0.35,35.853658536585364,27.0,66
2744,2012-13,78.0,1,0.049642769154964274,0.053743004962517174,0.44999999999999996,34.01639344262295,28.0,82
2744,2013-14,73.0,1,0.0415126878541513,0.049519586104951996,0.5499999999999999,33.05128205128205,29.0,82
2744,2014-15,65.0,1,0.07809805370780983,0.0874775630873192,0.65,34.97260273972603,30.0,82
2744,2015-16,47.0,1,0.12195121951219512,0.156794425087108,0.75,30.646153846153847,31.0,82
2744,2016-17,66.0,1,0.24796747967479674,0.318815331010453,0.85,23.319148936170212,32.0,82
2744,2017-18,36.0,1,0.2764227642276423,0.26306620209059234,0.85,14.106060606060606,33.0,82
2746,2010-11,77.0,1,0.06097560975609758,0.054006968641115,0.15,35.44444444444444,25.0,82
2746,2011-12,66.0,0,0.07723577235772361,0.0609756097560976,0.25,34.35064935064935,26.0,66
2746,2012-13,76.0,1,0.024390243902439046,0.019163763066202107,0.35,35.28787878787879,27.0,82
2746,2013-14,77.0,1,0.044715447154471545,0.050522648083623674,0.44999999999999996,35.30263157894737,28.0,82
2746,2014-15,28.0,1,0.044715447154471545,0.05574912891986065,0.5499999999999999,35.45454545454545,29.0,82
2746,2015-16,32.0,1,0.044715447154471545,0.027874564459930324,0.65,32.0,30.0,82
2746,2017-18,3.0,1,0.13008130081300814,0.19686411149825783,0.85,14.34375,32.0,82
2747,2010-11,79.0,1,0.06504065040650404,0.06620209059233448,0.15,27.76,25.0,82
2747,2011-12,35.0,1,0.044715447154471545,0.04703832752613241,0.25,24.911392405063292,26.0,66
2747,2012-13,80.0,1,0.19721606306972161,0.29104635202196183,0.35,27.62857142857143,27.0,82
2747,2013-14,74.0,1,0.17689085981768912,0.1533628972653363,0.44999999999999996,33.475,28.0,82
2747,2014-15,24.0,1,0.19721606306972161,0.1298173371344103,0.5499999999999999,32.71621621621622,29.0,82
2747,2015-16,77.0,1,0.08943089430894309,0.11498257839721256,0.65,25.791666666666668,30.0,82
2747,2016-17,41.0,1,0.10162601626016261,0.09059233449477355,0.75,30.675324675324674,31.0,82
2747,2017-18,80.0,1,0.23577235772357727,0.32404181184668995,0.85,28.951219512195124,32.0,82
2747,2018-19,11.0,1,0.19512195121951223,0.16550522648083626,0.85,28.05,33.0,82
2747,2019-20,6.0,1,0.46341463414634143,0.573170731707317,0.85,20.181818181818183,34.0,72
2748,2010-11,82.0,0,0.5040650406504065,0.4006968641114983,0.15,20.77777777777778,25.0,82
2748,2011-12,61.0,1,0.34959349593495936,0.1672473867595819,0.25,38.3780487804878,26.0,66
2748,2012-13,79.0,1,0.0659029317565903,0.06071164607749976,0.35,27.049180327868854,27.0,82
2748,2013-14,68.0,1,0.03744764720374479,0.04255094498996941,0.44999999999999996,22.569620253164558,28.0,82
2748,2014-15,48.0,1,0.09435821630943586,0.11883644810474082,0.5499999999999999,14.470588235294118,29.0,82
2749,2010-11,76.0,1,0.2845528455284553,0.28048780487804875,0.5499999999999999,28.615384615384617,29.0,82
2749,2011-12,57.0,1,0.2560975609756097,0.17073170731707313,0.65,30.513157894736842,30.0,66
2749,2012-13,56.0,1,0.13895048041389502,0.1284447260057016,0.75,29.92982456140351,31.0,82
2749,2013-14,68.0,1,0.17553584626755356,0.2305986696230598,0.85,35.30357142857143,32.0,82
2749,2014-15,23.0,1,0.2080561714708056,0.2076338295850491,0.85,32.044117647058826,33.0,82
2749,2015-16,39.0,1,0.23983739837398374,0.2264808362369338,0.85,25.391304347826086,34.0,82
2749,2016-17,75.0,1,0.3089430894308943,0.3902439024390244,0.85,26.564102564102566,35.0,82
2749,2017-18,43.0,1,0.28048780487804875,0.23170731707317072,0.85,27.266666666666666,36.0,82
2753,2010-11,24.0,1,0.24796747967479674,0.25261324041811845,0.35,25.0,27.0,82
2753,2011-12,44.0,1,0.3983739837398374,0.5121951219512194,0.44999999999999996,18.875,28.0,66
2754,2010-11,72.0,1,0.28861788617886175,0.3327526132404181,0.5499999999999999,16.462962962962962,29.0,82
2754,2011-12,58.0,1,0.30081300813008127,0.22996515679442506,0.65,20.75,30.0,66
2754,2012-13,79.0,1,0.19487558511948755,0.15288776264386023,0.75,26.29310344827586,31.0,82
2754,2013-14,55.0,1,0.09324956885932496,0.07295956076443884,0.85,26.696202531645568,32.0,82
2754,2014-15,63.0,1,0.16235525991623553,0.21592228909302077,0.85,23.236363636363638,33.0,82
2754,2015-16,64.0,1,0.1991869918699187,0.23170731707317072,0.85,26.158730158730158,34.0,82
2754,2016-17,71.0,1,0.26016260162601623,0.23867595818815326,0.85,25.3125,35.0,82
2754,2017-18,22.0,1,0.19512195121951217,0.17247386759581881,0.85,26.95774647887324,36.0,82
2755,2010-11,80.0,1,0.35772357723577236,0.39547038327526124,0.44999999999999996,35.18181818181818,28.0,82
2755,2011-12,40.0,1,0.28048780487804875,0.19337979094076654,0.5499999999999999,32.5375,29.0,66
2755,2012-13,77.0,1,0.28578467602857843,0.29479463625805086,0.65,31.6,30.0,82
2755,2013-14,68.0,1,0.15976841586597687,0.15088163868651677,0.75,27.74025974025974,31.0,82
2755,2014-15,39.0,1,0.2085489036708549,0.17125963467426888,0.85,32.01470588235294,32.0,82
2755,2015-16,39.0,1,0.2520325203252033,0.3571428571428572,0.85,33.38461538461539,33.0,82
2756,2010-11,11.0,1,0.10975609756097564,0.12891986062717772,0.35,8.582089552238806,27.0,82
2756,2013-14,2.0,1,0.13008130081300817,0.16027874564459935,0.65,4.909090909090909,30.0,82
2756,2015-16,61.0,1,0.44715447154471555,0.6358885017421603,0.85,5.0,32.0,82
2756,2016-17,42.0,1,0.47154471544715443,0.45121951219512196,0.85,14.885245901639344,33.0,82
2757,2010-11,79.0,1,0.11788617886178861,0.0818815331010453,0.44999999999999996,31.354430379746834,28.0,82
2757,2011-12,59.0,1,0.06097560975609758,0.04703832752613243,0.5499999999999999,34.607594936708864,29.0,66
2757,2012-13,39.0,1,0.059743779255974405,0.07628550311477143,0.65,18.305084745762713,30.0,82
2757,2013-14,31.0,1,0.11258930771125893,0.14702776897898848,0.75,18.435897435897434,31.0,82
2757,2014-15,79.0,1,0.2670608524267061,0.35661492978566145,0.85,18.967741935483872,32.0,82
2757,2015-16,8.0,1,0.24390243902439024,0.1916376306620209,0.85,18.911392405063292,33.0,82
2757,2016-17,39.0,1,0.3333333333333333,0.34668989547038326,0.85,16.09090909090909,34.0,82
2760,2010-11,31.0,1,0.16666666666666666,0.10452961672473866,0.44999999999999996,28.5,28.0,82
2760,2011-12,25.0,1,0.23577235772357721,0.3780487804878048,0.5499999999999999,32.064516129032256,29.0,66
2760,2012-13,25.0,1,0.43877802414387784,0.5431316650828846,0.65,31.4,30.0,82
2760,2013-14,65.0,1,0.6460950973146096,0.6635518952592123,0.75,36.04,31.0,82
2760,2014-15,26.0,1,0.5078837152007883,0.405817759476296,0.85,27.692307692307693,32.0,82
2760,2015-16,31.0,1,0.5284552845528455,0.548780487804878,0.85,24.46153846153846,33.0,82
2760,2016-17,14.0,1,0.4146341463414634,0.42682926829268286,0.85,10.0,34.0,82
2760,2020-21,5.0,1,0.6219512195121951,0.6724738675958187,0.85,6.571428571428571,38.0,72
2767,2010-11,25.0,1,0.22764227642276422,0.3153310104529617,0.5499999999999999,9.076923076923077,29.0,82
2767,2011-12,34.0,1,0.4308943089430894,0.548780487804878,0.65,6.2,30.0,66
2767,2012-13,53.0,1,0.5477950234047795,0.541864639425615,0.75,10.411764705882353,31.0,82
2767,2013-14,2.0,1,0.511209657551121,0.439921866751135,0.85,13.169811320754716,32.0,82
2768,2010-11,51.0,1,0.13821138211382114,0.14285714285714288,0.44999999999999996,30.925373134328357,28.0,82
2768,2011-12,63.0,1,0.19918699186991873,0.27351916376306623,0.5499999999999999,15.176470588235293,29.0,66
2768,2012-13,46.0,1,0.20214338507021434,0.16012036743744057,0.65,19.46031746031746,30.0,82
2772,2010-11,75.0,1,0.23170731707317074,0.15156794425087108,0.15,36.513888888888886,25.0,82
2772,2011-12,41.0,1,0.06910569105691056,0.08362369337979092,0.35,34.666666666666664,27.0,66
2772,2012-13,56.0,1,0.19536831731953683,0.2582620631401119,0.44999999999999996,32.926829268292686,28.0,82
2772,2013-14,77.0,1,0.2604089677260409,0.30160489916587474,0.44999999999999996,26.267857142857142,28.0,82
2772,2014-15,82.0,0,0.2522788864252279,0.17954809418224052,0.5499999999999999,35.36363636363637,29.0,82
2772,2015-16,81.0,1,0.12601626016260162,0.06271777003484322,0.75,35.73170731707317,31.0,82
2772,2016-17,80.0,1,0.024390243902439046,0.015679442508710815,0.85,35.2962962962963,32.0,82
2772,2017-18,67.0,1,0.012195121951219523,0.017421602787456462,0.85,34.6625,33.0,82
2772,2018-19,26.0,1,0.0731707317073171,0.11324041811846694,0.85,33.865671641791046,33.0,82
2772,2019-20,32.0,1,0.12195121951219516,0.1463414634146342,0.85,34.04347826086956,35.0,72
2772,2020-21,30.0,1,0.2017841011743451,0.22222222222222218,0.85,28.150943396226417,36.0,72
2772,2021-22,24.0,1,0.3352529358626919,0.4313782423538521,0.85,28.033333333333335,37.0,82
2788,2010-11,41.0,1,0.5365853658536586,0.5052264808362369,0.65,7.244897959183674,30.0,82
2804,2010-11,54.0,1,0.05284552845528453,0.06968641114982575,0.75,19.69333333333333,31.0,82
2804,2011-12,11.0,1,0.16666666666666663,0.22996515679442503,0.85,17.24074074074074,32.0,66
2853,2010-11,12.0,1,0.670731707317073,0.7421602787456446,0.5499999999999999,33.142857142857146,29.0,82
2853,2011-12,2.0,1,0.6991869918699187,0.7491289198606272,0.65,15.25,30.0,66
2853,2012-13,11.0,1,0.8760778516876079,0.8973181290254463,0.75,4.5,31.0,82
2853,2014-15,16.0,1,0.8557526484355753,0.8711329321085418,0.85,11.090909090909092,33.0,82
2863,2010-11,52.0,1,0.1991869918699187,0.1672473867595819,0.75,19.8125,31.0,82
2863,2011-12,60.0,1,0.2967479674796748,0.2874564459930314,0.85,13.0,32.0,66
2863,2012-13,61.0,1,0.16038433111603845,0.15996198923028193,0.85,15.366666666666667,33.0,82
2863,2017-18,19.0,1,0.23762010347376203,0.22458029775102947,0.85,17.950819672131146,38.0,82
101106,2010-11,65.0,1,0.2560975609756098,0.25783972125435545,0.25,32.30434782608695,26.0,82
101106,2011-12,12.0,1,0.3089430894308943,0.24390243902439024,0.35,35.33846153846154,27.0,66
101106,2012-13,32.0,1,0.3946784922394679,0.5494140006335128,0.44999999999999996,30.333333333333332,28.0,82
101106,2013-14,67.0,1,0.5450849963045085,0.6118150142540386,0.5499999999999999,24.5625,29.0,82
101106,2014-15,67.0,1,0.5369549150036955,0.39562876148242004,0.65,26.402985074626866,30.0,82
101106,2015-16,70.0,1,0.3252032520325204,0.24390243902439027,0.75,23.62686567164179,31.0,82
101106,2016-17,26.0,1,0.1707317073170732,0.16202090592334498,0.85,20.728571428571428,32.0,82
101106,2017-18,24.0,1,0.3333333333333333,0.45121951219512196,0.85,22.384615384615383,33.0,82
101106,2018-19,11.0,1,0.508130081300813,0.6167247386759581,0.85,9.0,34.0,82
101107,2010-11,65.0,1,0.09756097560975611,0.08362369337979095,0.15,30.469135802469136,25.0,82
101107,2011-12,57.0,1,0.15853658536585366,0.15853658536585363,0.25,28.692307692307693,26.0,66
101107,2012-13,73.0,1,0.11862527716186251,0.13889768767817548,0.35,26.31578947368421,27.0,82
101107,2013-14,66.0,1,0.15114560236511454,0.1312955337345581,0.44999999999999996,23.65753424657534,28.0,82
101107,2014-15,78.0,1,0.14708056171470804,0.1623376623376623,0.5499999999999999,25.363636363636363,29.0,82
101107,2015-16,81.0,1,0.11788617886178861,0.09930313588850175,0.65,26.08974358974359,30.0,82
101107,2016-17,76.0,1,0.08536585365853659,0.04878048780487806,0.75,28.864197530864196,31.0,82
101107,2017-18,78.0,1,0.044715447154471545,0.05226480836236932,0.85,30.19736842105263,32.0,82
101107,2018-19,75.0,1,0.044715447154471545,0.05052264808362371,0.85,25.71794871794872,33.0,82
101107,2019-20,41.0,1,0.06910569105691056,0.07317073170731705,0.85,28.44,34.0,72
101108,2010-11,80.0,1,0.17479674796747968,0.27526132404181186,0.25,38.044444444444444,26.0,82
101108,2011-12,60.0,1,0.17479674796747968,0.14982578397212545,0.35,36.0,27.0,66
101108,2012-13,70.0,1,0.18883961566888396,0.12337662337662339,0.44999999999999996,36.35,28.0,82
101108,2013-14,62.0,1,0.08721359940872138,0.11308203991130823,0.5499999999999999,33.357142857142854,29.0,82
101108,2014-15,82.0,0,0.16038433111603845,0.19417168197656004,0.65,35.016129032258064,30.0,82
101108,2015-16,74.0,1,0.13008130081300814,0.09059233449477352,0.75,34.84146341463415,31.0,82
101108,2016-17,61.0,1,0.11382113821138211,0.09059233449477351,0.85,32.7027027027027,32.0,82
101108,2017-18,58.0,1,0.11788617886178861,0.17421602787456444,0.85,31.491803278688526,33.0,82
101108,2018-19,58.0,1,0.21544715447154472,0.25435540069686413,0.85,31.844827586206897,34.0,82
101108,2019-20,70.0,1,0.2804878048780488,0.28745644599303144,0.85,32.01724137931034,35.0,72
101108,2020-21,70.0,1,0.20438121047877147,0.1413085559427023,0.85,31.542857142857144,36.0,72
101108,2021-22,65.0,1,0.11607949412827463,0.0656213704994193,0.85,31.428571428571427,37.0,82
101108,2022-23,59.0,1,0.08762420957542909,0.13037166085946572,0.85,32.90769230769231,38.0,82
101108,2023-24,58.0,1,0.17186088527551943,0.22348044909020517,0.85,32.016949152542374,39.0,82
101108,2024-25,82.0,0,0.2601626016260163,0.2770034843205575,0.85,26.396551724137932,40.0,82
101108,2025-26,16.0,1,0.1910569105691057,0.12369337979094078,0.85,27.951219512195124,40.0,82
101109,2010-11,54.0,1,0.020325203252032537,0.019163763066202107,0.35,33.0375,27.0,82
101109,2011-12,60.0,1,0.036585365853658534,0.05574912891986061,0.44999999999999996,38.407407407407405,28.0,66
101109,2012-13,68.0,1,0.06688839615668885,0.07982261640798227,0.5499999999999999,31.766666666666666,29.0,82
101109,2013-14,65.0,1,0.1156688839615669,0.1357301235350016,0.65,34.01470588235294,30.0,82
101109,2014-15,29.0,1,0.15631929046563195,0.1802343997465949,0.75,31.03076923076923,31.0,82
101109,2015-16,80.0,1,0.34146341463414637,0.4529616724738676,0.85,9.689655172413794,32.0,82
101109,2016-17,80.0,1,0.2926829268292683,0.22822299651567945,0.85,27.4,33.0,82
101109,2017-18,82.0,0,0.23170731707317074,0.11324041811846693,0.85,21.25,34.0,82
101109,2018-19,33.0,1,0.016260162601626032,0.010452961672473877,0.85,16.646341463414632,35.0,82
101110,2010-11,46.0,1,0.35772357723577236,0.29442508710801396,0.05,24.451219512195124,24.0,82
101110,2011-12,47.0,1,0.47560975609756095,0.39198606271777,0.15,23.782608695652176,25.0,66
101110,2012-13,76.0,1,0.24230105937423008,0.28993770457185086,0.25,24.25531914893617,26.0,82
101110,2013-14,78.0,1,0.26669130327666907,0.1867806989758209,0.35,28.94736842105263,27.0,82
101110,2014-15,32.0,1,0.13661000246366098,0.08990602893041919,0.44999999999999996,27.653846153846153,28.0,82
101111,2010-11,76.0,1,0.05691056910569107,0.05226480836236937,0.25,23.692307692307693,26.0,82
101111,2011-12,13.0,1,0.05691056910569107,0.0627177700348432,0.35,21.92105263157895,27.0,66
101111,2012-13,69.0,1,0.3083271741808327,0.4867490233343892,0.44999999999999996,13.846153846153847,28.0,82
101111,2013-14,20.0,1,0.34491254003449123,0.33048252560447683,0.5499999999999999,15.826086956521738,29.0,82
101111,2014-15,64.0,1,0.5725548164572555,0.5920705310949214,0.65,9.0,30.0,82
101111,2015-16,62.0,1,0.37804878048780494,0.3641114982578397,0.75,10.59375,31.0,82
101112,2010-11,77.0,1,0.09756097560975611,0.08013937282229966,0.44999999999999996,27.037037037037038,28.0,82
101112,2011-12,64.0,1,0.10162601626016261,0.07142857142857147,0.5499999999999999,33.0,29.0,66
101112,2013-14,82.0,0,0.034491254003449136,0.036479780382219405,0.75,26.078125,31.0,82
101112,2014-15,75.0,1,0.03042621335304263,0.01736881005173688,0.85,28.195121951219512,32.0,82
101112,2015-16,44.0,1,0.038556294653855606,0.05310949213388235,0.85,24.933333333333334,33.0,82
101112,2016-17,74.0,1,0.07723577235772357,0.10801393728222997,0.85,17.136363636363637,34.0,82
101112,2017-18,44.0,1,0.1097560975609756,0.1097560975609756,0.85,18.89189189189189,35.0,82
101112,2018-19,36.0,1,0.1991869918699187,0.2508710801393728,0.85,12.386363636363637,36.0,82
101113,2010-11,36.0,1,0.5203252032520326,0.5905923344947734,0.35,3.8421052631578947,27.0,82
101113,2011-12,2.0,1,0.6138211382113822,0.5958188153310104,0.44999999999999996,13.055555555555555,28.0,66
101114,2010-11,53.0,1,0.08130081300813008,0.09059233449477351,0.35,36.86842105263158,27.0,82
101114,2011-12,55.0,1,0.15040650406504064,0.16376306620209055,0.44999999999999996,37.905660377358494,28.0,66
101114,2012-13,78.0,1,0.1490514905149051,0.164924506387921,0.5499999999999999,36.345454545454544,29.0,82
101114,2013-14,64.0,1,0.14092140921409213,0.1051103368176539,0.65,36.43589743589744,30.0,82
101114,2014-15,68.0,1,0.14498644986449863,0.16318234610917534,0.75,32.171875,31.0,82
101114,2015-16,65.0,1,0.14634146341463417,0.1672473867595819,0.85,31.08823529411765,32.0,82
101114,2016-17,40.0,1,0.1991869918699187,0.19860627177700346,0.85,32.4,33.0,82
101115,2010-11,54.0,1,0.39024390243902446,0.3118466898954703,0.05,30.415384615384614,23.0,82
101115,2011-12,60.0,1,0.3130081300813008,0.3101045296167247,0.05,27.77777777777778,24.0,66
101115,2013-14,24.0,1,0.21322985957132298,0.179125752296484,0.25,35.2,26.0,82
101121,2010-11,39.0,1,0.2723577235772358,0.2229965156794425,0.5499999999999999,12.047619047619047,29.0,82
101122,2010-11,79.0,1,0.15040650406504066,0.1951219512195122,0.44999999999999996,36.74193548387097,28.0,82
101122,2011-12,62.0,1,0.1544715447154472,0.11672473867595821,0.5499999999999999,34.9746835443038,29.0,66
101122,2012-13,5.0,1,0.11369795516136978,0.07992820187942137,0.65,33.25806451612903,30.0,82
101122,2013-14,29.0,1,0.3454052722345405,0.5591278640059127,0.75,14.8,31.0,82
101122,2014-15,30.0,1,0.49987681694998765,0.5626649772991236,0.85,22.517241379310345,32.0,82
101123,2011-12,31.0,1,0.39430894308943093,0.48954703832752616,0.25,9.894736842105264,26.0,66
101123,2012-13,60.0,1,0.5670115792067012,0.5469327420546933,0.35,25.193548387096776,27.0,82
101123,2013-14,82.0,0,0.445060359694506,0.38148030830957663,0.44999999999999996,18.0,28.0,82
101123,2014-15,74.0,1,0.26619857107661987,0.15241262802238412,0.5499999999999999,28.414634146341463,29.0,82
101123,2015-16,69.0,1,0.12195121951219512,0.0940766550522648,0.65,19.54054054054054,30.0,82
101123,2016-17,47.0,1,0.08536585365853659,0.11846689895470384,0.75,22.565217391304348,31.0,82
101123,2017-18,41.0,1,0.22764227642276424,0.30313588850174217,0.85,11.446808510638299,32.0,82
101123,2018-19,73.0,1,0.3617886178861789,0.43031358885017423,0.85,22.658536585365855,33.0,82
101124,2010-11,80.0,1,0.05284552845528453,0.05400696864111495,0.44999999999999996,21.333333333333332,28.0,82
101124,2011-12,35.0,1,0.03252032520325202,0.03484320557491289,0.5499999999999999,17.7,29.0,66
101124,2012-13,1.0,1,0.1890859817689086,0.2858198711857249,0.65,14.371428571428572,30.0,82
101126,2010-11,55.0,1,0.17886178861788615,0.22648083623693374,0.35,24.433333333333334,27.0,82
101126,2011-12,51.0,1,0.23170731707317072,0.26480836236933797,0.44999999999999996,17.87272727272727,28.0,66
101126,2012-13,82.0,0,0.2749445676274945,0.2553056699398163,0.5499999999999999,23.372549019607842,29.0,82
101126,2013-14,44.0,1,0.16925351071692538,0.10500475134621477,0.65,25.4390243902439,30.0,82
101126,2014-15,33.0,1,0.2302291204730229,0.29727589483687045,0.75,19.681818181818183,31.0,82
101126,2015-16,2.0,1,0.3170731707317073,0.41114982578397213,0.85,14.090909090909092,32.0,82
101127,2010-11,13.0,1,0.0,0.0,0.35,27.353658536585368,27.0,82
101127,2011-12,45.0,1,0.0,0.0,0.44999999999999996,26.692307692307693,28.0,66
101127,2012-13,79.0,1,0.10606060606060608,0.18181818181818185,0.5499999999999999,34.0,29.0,82
101127,2013-14,80.0,1,0.1182557280118256,0.11181501425403868,0.65,29.734177215189874,30.0,82
101127,2014-15,80.0,1,0.12638580931263863,0.0698447893569845,0.75,28.15,31.0,82
101127,2015-16,32.0,1,0.028455284552845555,0.026132404181184694,0.85,28.0125,32.0,82
101127,2016-17,2.0,1,0.21951219512195122,0.3588850174216028,0.85,32.09375,33.0,82
101127,2017-18,62.0,1,0.5365853658536586,0.7351916376306621,0.85,16.5,34.0,82
101128,2010-11,58.0,1,0.3130081300813008,0.4616724738675958,0.5499999999999999,23.0,29.0,82
101128,2011-12,49.0,1,0.3983739837398374,0.39547038327526135,0.65,23.896551724137932,30.0,66
101128,2012-13,40.0,1,0.4151268785415127,0.3301129764544398,0.75,16.285714285714285,31.0,82
101128,2013-14,55.0,1,0.28098053707809806,0.28265230704255095,0.85,17.75,32.0,82
101128,2014-15,14.0,1,0.2931756590293176,0.3085735402808574,0.85,19.69090909090909,33.0,82
101130,2010-11,77.0,1,0.3617886178861789,0.4529616724738676,0.15,12.11111111111111,25.0,82
101130,2011-12,59.0,1,0.34146341463414637,0.2526132404181185,0.25,11.597402597402597,26.0,66
101130,2012-13,31.0,1,0.2426706085242671,0.15816703621581674,0.35,15.59322033898305,27.0,82
101131,2010-11,57.0,1,0.04065040650406504,0.05574912891986061,0.44999999999999996,20.394736842105264,28.0,82
101131,2011-12,65.0,1,0.14227642276422767,0.2020905923344948,0.5499999999999999,16.31578947368421,29.0,66
101131,2012-13,72.0,1,0.13106676521310667,0.10621898426776476,0.65,22.553846153846155,30.0,82
101131,2013-14,34.0,1,0.1473269278147327,0.11756942244747123,0.75,24.84722222222222,31.0,82
101131,2014-15,61.0,1,0.2408228627740823,0.3715024812585789,0.85,14.352941176470589,32.0,82
101132,2010-11,39.0,1,0.024390243902439046,0.015679442508710815,0.25,22.24390243902439,26.0,82
101132,2011-12,49.0,1,0.1869918699186992,0.3048780487804878,0.35,26.46153846153846,27.0,66
101132,2012-13,20.0,1,0.26065533382606554,0.2970119311582726,0.44999999999999996,21.571428571428573,28.0,82
101133,2010-11,56.0,1,0.8048780487804879,0.7642276422764227,0.05,6.346153846153846,24.0,82
101133,2011-12,61.0,1,0.6422764227642276,0.5087108013937282,0.15,8.714285714285714,25.0,66
101133,2012-13,80.0,1,0.35858585858585856,0.23144335339457292,0.25,18.672131147540984,26.0,82
101133,2013-14,77.0,1,0.13907366346390737,0.08087847112237358,0.35,16.525,27.0,82
101133,2014-15,61.0,1,0.05370780980537082,0.05263435751240634,0.44999999999999996,16.207792207792206,28.0,82
101133,2015-16,71.0,1,0.11382113821138214,0.1672473867595819,0.5499999999999999,18.78688524590164,29.0,82
101133,2016-17,31.0,1,0.15040650406504066,0.15853658536585366,0.65,25.577464788732396,30.0,82
101133,2017-18,77.0,1,0.33739837398373984,0.4303135888501742,0.75,17.903225806451612,31.0,82
101133,2018-19,34.0,1,0.2723577235772358,0.23170731707317074,0.85,14.87012987012987,32.0,82
101133,2019-20,38.0,1,0.4227642276422765,0.4407665505226482,0.85,14.647058823529411,33.0,72
101135,2010-11,73.0,1,0.012195121951219523,0.012195121951219523,0.44999999999999996,37.27160493827161,28.0,82
101135,2011-12,57.0,1,0.044715447154471545,0.06794425087108014,0.5499999999999999,36.082191780821915,29.0,66
101135,2012-13,79.0,1,0.0861049519586105,0.11102312321824516,0.65,37.21052631578947,30.0,82
101135,2013-14,69.0,1,0.0942350332594235,0.07554640481469752,0.75,36.79746835443038,31.0,82
101135,2014-15,49.0,1,0.11049519586104954,0.12052581564776689,0.85,33.15942028985507,32.0,82
101135,2015-16,30.0,1,0.19918699186991873,0.2804878048780488,0.85,18.448979591836736,33.0,82
101135,2016-17,79.0,1,0.2967479674796748,0.3257839721254356,0.85,15.666666666666666,34.0,82
101138,2010-11,76.0,1,0.14634146341463417,0.23170731707317074,0.25,12.96,26.0,82
101138,2011-12,59.0,1,0.15853658536585366,0.15505226480836234,0.35,26.05263157894737,27.0,66
101138,2012-13,81.0,1,0.1898250800689825,0.13726111287086898,0.44999999999999996,31.661016949152543,28.0,82
101138,2013-14,82.0,0,0.06380881990638088,0.04772463309048675,0.5499999999999999,27.641975308641975,29.0,82
101138,2014-15,82.0,0,0.039418576003941865,0.018635835709006447,0.65,27.634146341463413,30.0,82
101138,2015-16,66.0,1,0.004065040650406508,0.0017421602787456461,0.75,23.524390243902438,31.0,82
101138,2016-17,52.0,1,0.06504065040650404,0.11149825783972123,0.85,20.333333333333332,32.0,82
101139,2010-11,78.0,1,0.2073170731707317,0.20557491289198607,0.05,23.761904761904763,24.0,82
101139,2011-12,56.0,1,0.13414634146341464,0.11149825783972127,0.15,25.243589743589745,25.0,66
101139,2012-13,65.0,1,0.1440009854644001,0.13361841410621897,0.25,20.446428571428573,26.0,82
101139,2013-14,51.0,1,0.13587090416358708,0.16872558335972968,0.35,20.984615384615385,27.0,82
101139,2014-15,70.0,1,0.24562700172456267,0.29690634568683344,0.44999999999999996,19.294117647058822,28.0,82
101139,2015-16,64.0,1,0.24390243902439024,0.22125435540069688,0.5499999999999999,26.3,29.0,82
101139,2016-17,76.0,1,0.24796747967479674,0.22125435540069688,0.65,22.875,30.0,82
101139,2017-18,70.0,1,0.14634146341463414,0.12543554006968638,0.75,23.36842105263158,31.0,82
101139,2018-19,40.0,1,0.14634146341463414,0.13588850174216027,0.85,19.1,32.0,82
101139,2019-20,10.0,1,0.19105691056910568,0.2543554006968641,0.85,14.05,33.0,72
101139,2021-22,1.0,1,0.4537037037037037,0.6140147115756872,0.85,16.1,35.0,82
101141,2010-11,60.0,1,0.10365853658536583,0.07317073170731707,0.05,23.432098765432098,24.0,82
101141,2011-12,60.0,1,0.15853658536585366,0.18466898954703834,0.15,25.083333333333332,25.0,66
101141,2012-13,73.0,1,0.12379896526237992,0.13034526449160597,0.25,27.583333333333332,26.0,82
101141,2013-14,55.0,1,0.15631929046563195,0.12701932214127337,0.35,27.561643835616437,27.0,82
101141,2014-15,58.0,1,0.17664449371766444,0.2324992081089642,0.44999999999999996,26.87272727272727,28.0,82
101141,2015-16,52.0,1,0.24390243902439024,0.2770034843205575,0.5499999999999999,22.74137931034483,29.0,82
101141,2016-17,3.0,1,0.23983739837398374,0.18641114982578394,0.65,27.576923076923077,30.0,82
101141,2017-18,46.0,1,0.13008130081300814,0.06968641114982578,0.75,20.666666666666668,31.0,82
101141,2018-19,67.0,1,0.08536585365853659,0.10452961672473869,0.85,25.07246376811594,32.0,82
101141,2019-20,63.0,1,0.11382113821138214,0.14982578397212548,0.85,18.37313432835821,33.0,72
101141,2020-21,17.0,1,0.1554878048780488,0.14634146341463414,0.85,15.65079365079365,34.0,72
101142,2010-11,64.0,1,0.1910569105691057,0.2961672473867596,0.44999999999999996,20.761904761904763,28.0,82
101142,2011-12,4.0,1,0.24796747967479674,0.2700348432055749,0.5499999999999999,17.828125,29.0,66
101142,2012-13,65.0,1,0.4832471051983247,0.5566466054270932,0.65,14.5,30.0,82
101142,2013-14,31.0,1,0.3897511702389751,0.3619469960933375,0.75,10.784615384615385,31.0,82
101142,2014-15,2.0,1,0.5238975117023897,0.5206947524020694,0.85,19.548387096774192,32.0,82
101144,2010-11,58.0,1,0.6219512195121951,0.45818815331010454,0.15,19.444444444444443,25.0,82
101144,2011-12,33.0,1,0.39024390243902446,0.3257839721254356,0.25,9.53448275862069,26.0,66
101145,2010-11,80.0,1,0.30894308943089427,0.32578397212543553,0.15,41.359375,25.0,82
101145,2011-12,37.0,1,0.3130081300813008,0.1759581881533101,0.25,40.3375,26.0,66
101145,2012-13,82.0,0,0.12170485341217048,0.10759159539647345,0.35,36.891891891891895,27.0,82
101145,2013-14,82.0,0,0.04853412170485342,0.03811635518952593,0.44999999999999996,37.51219512195122,28.0,82
101145,2014-15,80.0,1,0.04040404040404041,0.017316017316017316,0.5499999999999999,36.86585365853659,29.0,82
101145,2015-16,81.0,1,0.008130081300813016,0.013937282229965169,0.65,33.7375,30.0,82
101145,2016-17,74.0,1,0.012195121951219523,0.013937282229965169,0.75,33.75308641975309,31.0,82
101150,2010-11,75.0,1,0.08536585365853659,0.13240418118466898,0.05,29.875,24.0,82
101150,2011-12,64.0,1,0.10569105691056908,0.11324041811846687,0.15,23.293333333333333,25.0,66
101150,2012-13,39.0,1,0.11172702636117267,0.07306514623587791,0.25,26.28125,26.0,82
101150,2013-14,60.0,1,0.21335304262133528,0.3205046985534791,0.35,28.692307692307693,27.0,82
101150,2014-15,80.0,1,0.27432865237743287,0.3074648928307465,0.44999999999999996,24.083333333333332,28.0,82
101150,2015-16,67.0,1,0.2723577235772358,0.16550522648083626,0.5499999999999999,25.2,29.0,82
101150,2016-17,58.0,1,0.1585365853658537,0.14982578397212548,0.65,28.46268656716418,30.0,82
101150,2017-18,79.0,1,0.0731707317073171,0.06271777003484323,0.75,24.189655172413794,31.0,82
101150,2018-19,75.0,1,0.07723577235772361,0.05052264808362372,0.85,32.77215189873418,32.0,82
101150,2019-20,65.0,1,0.044715447154471545,0.06097560975609755,0.85,26.573333333333334,33.0,72
101150,2020-21,42.0,1,0.07305781391147244,0.0851722802942315,0.85,28.676923076923078,34.0,72
101150,2021-22,56.0,1,0.0886404697380307,0.08759194734804492,0.85,21.560606060606062,35.0,82
101153,2012-13,36.0,1,0.3353658536585366,0.39837398373983746,0.65,11.923076923076923,30.0,82
101154,2010-11,64.0,1,0.04878048780487806,0.04529616724738677,0.05,27.85185185185185,24.0,82
101154,2011-12,26.0,1,0.12195121951219512,0.1480836236933798,0.15,33.9375,25.0,66
101154,2012-13,82.0,0,0.2792559743779256,0.4107802766339352,0.25,24.076923076923077,26.0,82
101154,2013-14,73.0,1,0.27519093372751907,0.20451905817759478,0.35,18.963414634146343,27.0,82
101155,2010-11,76.0,1,0.024390243902439008,0.041811846689895446,0.44999999999999996,29.07894736842105,28.0,82
101155,2011-12,32.0,1,0.048780487804878016,0.06271777003484316,0.5499999999999999,27.56578947368421,29.0,66
101155,2013-14,5.0,1,0.22049765952204972,0.325731179389716,0.75,13.28125,31.0,82
101161,2010-11,72.0,1,0.16260162601626016,0.10452961672473868,0.05,17.71951219512195,24.0,82
101161,2011-12,64.0,1,0.12195121951219512,0.10452961672473868,0.15,25.73611111111111,25.0,66
101161,2012-13,81.0,1,0.05075141660507513,0.05215922289093019,0.25,24.265625,26.0,82
101161,2013-14,77.0,1,0.05481645725548164,0.03304825256044768,0.35,28.703703703703702,27.0,82
101161,2014-15,75.0,1,0.034491254003449136,0.04265653046140854,0.44999999999999996,28.753246753246753,28.0,82
101161,2015-16,79.0,1,0.05284552845528456,0.06794425087108014,0.5499999999999999,26.386666666666667,29.0,82
101161,2016-17,80.0,1,0.06097560975609758,0.054006968641115,0.65,22.78481012658228,30.0,82
101161,2017-18,74.0,1,0.04878048780487806,0.036585365853658555,0.75,20.1,31.0,82
101161,2018-19,51.0,1,0.05284552845528456,0.06794425087108014,0.85,15.81081081081081,32.0,82
101162,2010-11,25.0,1,0.39024390243902446,0.20557491289198607,0.35,13.432098765432098,27.0,82
101162,2011-12,66.0,0,0.08943089430894309,0.05052264808362371,0.44999999999999996,15.84,28.0,66
101162,2012-13,61.0,1,0.012195121951219523,0.008710801393728231,0.5499999999999999,32.03030303030303,29.0,82
101162,2013-14,81.0,1,0.0934959349593496,0.14982578397212545,0.65,30.75409836065574,30.0,82
101162,2014-15,82.0,0,0.08943089430894309,0.08013937282229966,0.75,32.77777777777778,31.0,82
101162,2015-16,75.0,1,0.08943089430894309,0.04006968641114983,0.85,29.914634146341463,32.0,82
101162,2016-17,82.0,0,0.03252032520325202,0.050522648083623674,0.85,30.08,33.0,82
101162,2017-18,82.0,0,0.028455284552845517,0.024390243902439015,0.85,31.170731707317074,34.0,82
101162,2018-19,47.0,1,0.028455284552845517,0.012195121951219507,0.85,25.29268292682927,35.0,82
101179,2010-11,59.0,1,0.2967479674796748,0.29442508710801396,0.44999999999999996,13.433333333333334,28.0,82
101179,2011-12,36.0,1,0.3048780487804878,0.289198606271777,0.5499999999999999,12.152542372881356,29.0,66
101179,2012-13,39.0,1,0.3344419807834442,0.3782071586949636,0.65,14.36111111111111,30.0,82
101179,2013-14,31.0,1,0.41980783444198083,0.46959138422553054,0.75,13.076923076923077,31.0,82
101179,2014-15,43.0,1,0.533628972653363,0.5701615457713018,0.85,12.161290322580646,32.0,82
101179,2015-16,62.0,1,0.540650406504065,0.524390243902439,0.85,22.837209302325583,33.0,82
101179,2016-17,14.0,1,0.4471544715447154,0.3641114982578397,0.85,19.532258064516128,34.0,82
101181,2010-11,68.0,1,0.11382113821138214,0.1463414634146342,0.5499999999999999,26.720588235294116,29.0,82
101181,2011-12,53.0,1,0.1707317073170732,0.17073170731707318,0.65,30.91176470588235,30.0,66
101181,2012-13,45.0,1,0.1794777038679478,0.18572484426142966,0.75,33.943396226415096,31.0,82
101181,2013-14,81.0,1,0.15915250061591527,0.14338507021433852,0.85,28.288888888888888,32.0,82
101181,2014-15,42.0,1,0.10630697216063072,0.06646605427093233,0.85,30.469135802469136,33.0,82
101181,2015-16,72.0,1,0.2032520325203252,0.2979094076655052,0.85,30.238095238095237,34.0,82
101181,2016-17,24.0,1,0.2073170731707317,0.21080139372822299,0.85,28.11111111111111,35.0,82
101181,2017-18,57.0,1,0.3699186991869919,0.3902439024390244,0.85,12.166666666666666,36.0,82
101181,2018-19,49.0,1,0.3089430894308943,0.3344947735191638,0.85,16.035087719298247,37.0,82
101183,2012-13,16.0,1,0.8983739837398375,0.9076655052264809,0.5499999999999999,2.0,29.0,82
101183,2013-14,14.0,1,0.8699186991869919,0.8501742160278746,0.65,12.375,30.0,82
101183,2014-15,16.0,1,0.8536585365853658,0.8362369337979094,0.75,6.785714285714286,31.0,82
101187,2011-12,17.0,1,0.676829268292683,0.7154471544715447,0.5499999999999999,15.058823529411764,29.0,66
101187,2012-13,65.0,1,0.6986942596698694,0.7308626333016576,0.65,27.11764705882353,30.0,82
101187,2013-14,78.0,1,0.5808080808080808,0.4438285291943828,0.75,23.0,31.0,82
101187,2014-15,74.0,1,0.33284060113328406,0.1931686199978883,0.85,22.73076923076923,32.0,82
101187,2015-16,13.0,1,0.11788617886178861,0.09930313588850173,0.85,23.56756756756757,33.0,82
101187,2016-17,30.0,1,0.32926829268292684,0.5156794425087108,0.85,14.76923076923077,34.0,82
101189,2011-12,12.0,1,0.3008130081300813,0.29442508710801396,0.65,8.44,30.0,66
101198,2010-11,61.0,1,0.45121951219512196,0.33623693379790937,0.44999999999999996,26.46031746031746,28.0,82
101198,2011-12,36.0,1,0.26422764227642276,0.25609756097560976,0.5499999999999999,18.442622950819672,29.0,66
101198,2012-13,65.0,1,0.3141167775314117,0.3660120367437441,0.65,14.277777777777779,30.0,82
101198,2013-14,56.0,1,0.30598669623059865,0.28492239467849223,0.75,18.753846153846155,31.0,82
101198,2014-15,7.0,1,0.3263118994826312,0.3053531834019639,0.85,18.821428571428573,32.0,82
101211,2010-11,59.0,1,0.4146341463414634,0.2926829268292683,0.5499999999999999,11.485714285714286,29.0,82
101235,2011-12,3.0,1,0.3333333333333333,0.5383275261324042,0.44999999999999996,25.666666666666668,28.0,66
101236,2010-11,74.0,1,0.05691056910569107,0.043554006968641125,0.44999999999999996,21.621951219512194,28.0,82
101236,2011-12,54.0,1,0.07723577235772357,0.0749128919860627,0.5499999999999999,28.094594594594593,29.0,66
101236,2012-13,74.0,1,0.09312638580931261,0.13177066835603418,0.65,19.24074074074074,30.0,82
101236,2013-14,16.0,1,0.12564671101256464,0.1216344630978777,0.75,16.33783783783784,31.0,82
101236,2014-15,29.0,1,0.1784922394678492,0.20019005384859043,0.85,11.1875,32.0,82
101236,2015-16,2.0,1,0.3333333333333333,0.4564459930313589,0.85,8.793103448275861,33.0,82
101249,2010-11,2.0,1,0.6341463414634146,0.5650406504065041,0.44999999999999996,8.148936170212766,28.0,82
101249,2011-12,49.0,1,0.7479674796747967,0.7996515679442509,0.5499999999999999,5.0,29.0,66
101249,2012-13,63.0,1,0.5533382606553339,0.4869074015415479,0.65,14.816326530612244,30.0,82
101249,2013-14,42.0,1,0.4882976102488297,0.34537007707739414,0.75,13.126984126984127,31.0,82
101249,2014-15,21.0,1,0.32569598423256957,0.3817442719881744,0.85,14.071428571428571,32.0,82
101249,2016-17,5.0,1,0.4878048780487805,0.5975609756097561,0.85,12.952380952380953,34.0,82
200081,2010-11,40.0,1,0.10975609756097564,0.16027874564459932,0.75,17.24590163934426,31.0,82
200081,2011-12,8.0,1,0.1869918699186992,0.2369337979094077,0.85,19.1,32.0,66
200745,2010-11,66.0,1,0.040650406504065074,0.034843205574912925,0.15,34.9875,25.0,82
200745,2011-12,31.0,1,0.08943089430894309,0.1254355400696864,0.25,35.65151515151515,26.0,66
200745,2012-13,35.0,1,0.24993840847499382,0.3622637525076549,0.35,33.29032258064516,27.0,82
200745,2013-14,42.0,1,0.4328652377432865,0.5069158483792631,0.44999999999999996,28.65714285714286,28.0,82
200745,2014-15,29.0,1,0.5304262133530426,0.5182662865589694,0.5499999999999999,29.928571428571427,29.0,82
200745,2015-16,46.0,1,0.5691056910569107,0.5905923344947736,0.65,27.06896551724138,30.0,82
200746,2010-11,81.0,1,0.044715447154471545,0.041811846689895495,0.15,37.46153846153846,25.0,82
200746,2011-12,55.0,1,0.024390243902439046,0.0226480836236934,0.25,39.641975308641975,26.0,66
200746,2012-13,74.0,1,0.07588075880758809,0.1056910569105691,0.35,36.25454545454546,27.0,82
200746,2013-14,69.0,1,0.09214092140921408,0.10511033681765387,0.44999999999999996,37.7027027027027,28.0,82
200746,2014-15,71.0,1,0.14092140921409213,0.14227642276422764,0.5499999999999999,36.21739130434783,29.0,82
200746,2015-16,74.0,1,0.13008130081300814,0.1358885017421603,0.65,35.38028169014085,30.0,82
200746,2016-17,72.0,1,0.13008130081300814,0.11672473867595819,0.75,30.554054054054053,31.0,82
200746,2017-18,75.0,1,0.11788617886178861,0.11672473867595819,0.85,32.43055555555556,32.0,82
200746,2018-19,81.0,1,0.10162601626016259,0.09756097560975607,0.85,33.45333333333333,33.0,82
200746,2019-20,53.0,1,0.07317073170731707,0.048780487804878044,0.85,33.17283950617284,34.0,72
200746,2020-21,21.0,1,0.12048328816621497,0.16647309330236157,0.85,33.094339622641506,35.0,72
200746,2021-22,47.0,1,0.3049909665763324,0.4422183507549361,0.85,25.923076923076923,36.0,82
200748,2010-11,41.0,1,0.15853658536585366,0.21951219512195122,0.05,23.379310344827587,24.0,82
200748,2011-12,54.0,1,0.2926829268292683,0.3885017421602787,0.15,21.0,25.0,66
200748,2012-13,26.0,1,0.34109386548410936,0.29553373455812476,0.25,18.75925925925926,26.0,82
200748,2014-15,2.0,1,0.4549150036954915,0.5136205258156477,0.44999999999999996,13.846153846153847,28.0,82
200749,2010-11,42.0,1,0.33739837398373984,0.3554006968641114,0.35,11.055555555555555,27.0,82
200749,2011-12,58.0,1,0.35772357723577236,0.3222996515679442,0.44999999999999996,16.976190476190474,28.0,66
200750,2010-11,47.0,1,0.11788617886178861,0.14634146341463414,0.25,37.215384615384615,26.0,82
200750,2012-13,5.0,1,0.22764227642276424,0.31010452961672474,0.44999999999999996,27.872340425531913,28.0,82
200751,2010-11,63.0,1,0.2723577235772358,0.20034843205574915,0.35,23.814285714285713,27.0,82
200751,2011-12,65.0,1,0.17479674796747968,0.19512195121951217,0.44999999999999996,24.61904761904762,28.0,66
200751,2012-13,82.0,0,0.13106676521310667,0.09576602259529088,0.5499999999999999,25.876923076923077,29.0,82
200751,2013-14,81.0,1,0.08228627740822862,0.03743004962517157,0.65,27.426829268292682,30.0,82
200751,2014-15,50.0,1,0.009115545700911554,0.009133143279484748,0.75,30.679012345679013,31.0,82
200751,2015-16,54.0,1,0.13414634146341464,0.2264808362369338,0.85,21.74,32.0,82
200751,2016-17,69.0,1,0.13821138211382114,0.12020905923344949,0.85,19.814814814814813,33.0,82
200752,2010-11,54.0,1,0.024390243902439046,0.026132404181184694,0.05,39.6875,24.0,82
200752,2011-12,65.0,1,0.13414634146341464,0.2073170731707317,0.15,39.851851851851855,25.0,66
200752,2012-13,42.0,1,0.12700172456270017,0.10970330482525603,0.25,37.261538461538464,26.0,82
200752,2013-14,18.0,1,0.14732692781473267,0.1018899799387604,0.35,36.69047619047619,27.0,82
200752,2014-15,68.0,1,0.0700911554570091,0.08927251610178437,0.44999999999999996,35.5,28.0,82
200752,2015-16,70.0,1,0.12195121951219512,0.14111498257839722,0.5499999999999999,35.411764705882355,29.0,82
200752,2016-17,30.0,1,0.14227642276422767,0.1480836236933798,0.65,33.98571428571429,30.0,82
200752,2017-18,57.0,1,0.3170731707317073,0.42857142857142855,0.75,33.766666666666666,31.0,82
200752,2018-19,69.0,1,0.3617886178861789,0.3763066202090593,0.85,21.596491228070175,32.0,82
200752,2019-20,67.0,1,0.3658536585365854,0.26829268292682934,0.85,26.695652173913043,33.0,72
200752,2020-21,63.0,1,0.17761969286359533,0.12853271389856755,0.85,21.80597014925373,34.0,72
200752,2021-22,55.0,1,0.11766034327009937,0.11391792489353465,0.85,21.555555555555557,35.0,82
200752,2022-23,56.0,1,0.1745709123757904,0.23378823073945024,0.85,18.87272727272727,36.0,82
200755,2010-11,59.0,1,0.2682926829268293,0.14634146341463414,0.35,22.048780487804876,27.0,82
200755,2011-12,65.0,1,0.16666666666666666,0.1916376306620209,0.44999999999999996,25.64406779661017,28.0,66
200755,2012-13,50.0,1,0.09854644000985464,0.08879738148030832,0.5499999999999999,27.153846153846153,29.0,82
200755,2013-14,35.0,1,0.11480660261148068,0.0722732552000845,0.65,31.5,30.0,82
200755,2014-15,78.0,1,0.21236757822123678,0.34362791679864857,0.75,28.2,31.0,82
200755,2015-16,75.0,1,0.22357723577235777,0.19860627177700355,0.85,30.884615384615383,32.0,82
200755,2016-17,78.0,1,0.23577235772357727,0.1445993031358885,0.85,27.96,33.0,82
200755,2017-18,70.0,1,0.06097560975609758,0.059233449477351936,0.85,28.17948717948718,34.0,82
200755,2018-19,76.0,1,0.0934959349593496,0.10975609756097562,0.85,30.228571428571428,35.0,82
200755,2019-20,60.0,1,0.08943089430894309,0.09059233449477351,0.85,31.30263157894737,36.0,72
200755,2020-21,31.0,1,0.1287262872628726,0.13704994192799066,0.85,26.35,37.0,72
200756,2010-11,41.0,1,0.3170731707317073,0.4128919860627177,0.25,13.277777777777779,26.0,82
200756,2013-14,15.0,1,0.3658536585365854,0.39372822299651566,0.5499999999999999,10.048780487804878,29.0,82
200757,2010-11,79.0,1,0.11788617886178861,0.078397212543554,0.35,28.634146341463413,27.0,82
200757,2011-12,42.0,1,0.07723577235772357,0.04878048780487806,0.44999999999999996,25.936708860759495,28.0,66
200757,2012-13,81.0,1,0.13340724316334074,0.21824516946468167,0.5499999999999999,21.761904761904763,29.0,82
200757,2013-14,61.0,1,0.13747228381374724,0.11609122584732343,0.65,27.51851851851852,30.0,82
200757,2014-15,52.0,1,0.21064301552106432,0.20177383592017742,0.75,25.9672131147541,31.0,82
200757,2015-16,75.0,1,0.21138211382113822,0.28397212543554007,0.85,18.76923076923077,32.0,82
200757,2016-17,62.0,1,0.23577235772357721,0.18989547038327523,0.85,23.44,33.0,82
200757,2017-18,38.0,1,0.23170731707317072,0.21602787456445993,0.85,25.741935483870968,34.0,82
200757,2018-19,50.0,1,0.2886178861788618,0.3885017421602788,0.85,21.210526315789473,35.0,82
200757,2019-20,41.0,1,0.39024390243902446,0.41114982578397213,0.85,12.18,36.0,72
200758,2010-11,81.0,1,0.12601626016260162,0.18118466898954708,0.25,31.358490566037737,26.0,82
200758,2011-12,66.0,0,0.10569105691056913,0.09233449477351918,0.35,21.987654320987655,27.0,66
200758,2012-13,46.0,1,0.10162601626016261,0.04529616724738677,0.44999999999999996,24.772727272727273,28.0,82
200758,2013-14,23.0,1,0.0934959349593496,0.15505226480836237,0.5499999999999999,15.456521739130435,29.0,82
200761,2010-11,64.0,1,0.4878048780487805,0.5888501742160279,0.15,11.333333333333334,25.0,82
200761,2011-12,25.0,1,0.4146341463414634,0.3885017421602788,0.25,20.671875,26.0,66
200761,2013-14,36.0,1,0.5525991623552599,0.5344208636891564,0.44999999999999996,20.56,28.0,82
200761,2014-15,44.0,1,0.4672333086967233,0.5294055537957977,0.5499999999999999,20.86111111111111,29.0,82
200764,2010-11,5.0,1,0.46747967479674796,0.6114982578397212,0.25,7.0,26.0,82
200764,2011-12,14.0,1,0.6991869918699187,0.8066202090592335,0.35,8.8,27.0,66
200765,2010-11,68.0,1,0.032520325203252064,0.0226480836236934,0.15,36.58024691358025,25.0,82
200765,2011-12,53.0,1,0.0691056910569106,0.1045296167247387,0.25,37.161764705882355,26.0,66
200765,2012-13,38.0,1,0.12663217541266325,0.1630767606377363,0.35,36.924528301886795,27.0,82
200765,2013-14,30.0,1,0.30142892338014293,0.3872875092387288,0.44999999999999996,37.44736842105263,28.0,82
200765,2014-15,22.0,1,0.4559004680955901,0.5438179706472389,0.5499999999999999,33.266666666666666,29.0,82
200765,2015-16,72.0,1,0.4471544715447155,0.3554006968641116,0.65,31.772727272727273,30.0,82
200765,2016-17,69.0,1,0.3089430894308943,0.20905923344947736,0.75,35.236111111111114,31.0,82
200765,2017-18,65.0,1,0.15040650406504066,0.14982578397212545,0.85,26.71014492753623,32.0,82
200765,2018-19,46.0,1,0.16260162601626016,0.18118466898954702,0.85,26.23076923076923,33.0,82
200765,2019-20,48.0,1,0.26829268292682923,0.3327526132404181,0.85,29.76086956521739,34.0,72
200765,2020-21,27.0,1,0.3265582655826558,0.3455284552845529,0.85,20.5,35.0,72
200765,2021-22,18.0,1,0.38245257452574527,0.3722415795586528,0.85,17.08888888888889,36.0,82
200768,2010-11,75.0,1,0.07723577235772361,0.11498257839721258,0.15,24.279411764705884,25.0,82
200768,2011-12,47.0,1,0.10569105691056913,0.10627177700348432,0.25,34.17333333333333,26.0,66
200768,2012-13,68.0,1,0.18132544961813254,0.21328265230704252,0.35,32.12765957446808,27.0,82
200768,2013-14,79.0,1,0.18132544961813254,0.1920071798120579,0.44999999999999996,29.705882352941178,28.0,82
200768,2014-15,70.0,1,0.16506528701650655,0.11081195227536693,0.5499999999999999,36.22784810126582,29.0,82
200768,2015-16,77.0,1,0.11788617886178865,0.11846689895470386,0.65,34.48571428571429,30.0,82
200768,2016-17,60.0,1,0.08130081300813012,0.08188153310104533,0.75,37.02597402597402,31.0,82
200768,2017-18,78.0,1,0.1585365853658537,0.19163763066202094,0.85,37.4,32.0,82
200768,2018-19,65.0,1,0.12601626016260167,0.11324041811846694,0.85,32.17948717948718,33.0,82
200768,2019-20,58.0,1,0.17479674796747968,0.17073170731707316,0.85,34.04615384615385,34.0,72
200768,2020-21,46.0,1,0.1501806684733514,0.17731320170344558,0.85,36.172413793103445,35.0,72
200768,2021-22,63.0,1,0.25429087624209573,0.2915214866434379,0.85,34.82608695652174,36.0,82
200768,2022-23,55.0,1,0.2624209575429088,0.26335656213704994,0.85,33.857142857142854,37.0,82
200768,2023-24,37.0,1,0.30736224028906955,0.3059427022841657,0.85,31.236363636363638,38.0,82
200768,2024-25,35.0,1,0.2764227642276423,0.28048780487804875,0.85,28.166666666666668,39.0,82
200768,2025-26,14.0,1,0.39024390243902446,0.45121951219512196,0.85,18.82857142857143,40.0,82
200769,2010-11,82.0,0,0.38617886178861793,0.22473867595818817,0.15,20.73170731707317,25.0,82
200769,2011-12,59.0,1,0.13821138211382114,0.05923344947735192,0.25,19.121951219512194,26.0,66
200769,2012-13,59.0,1,0.03535353535353536,0.060606060606060615,0.35,23.728813559322035,27.0,82
200769,2013-14,10.0,1,0.12884947031288496,0.19058177594762962,0.44999999999999996,23.76271186440678,28.0,82
200769,2014-15,5.0,1,0.3442966247844297,0.46462886706789147,0.5499999999999999,10.3,29.0,82
200770,2010-11,73.0,1,0.06910569105691056,0.05923344947735191,0.05,17.975609756097562,24.0,82
200770,2011-12,39.0,1,0.10569105691056908,0.09233449477351915,0.15,24.602739726027398,25.0,66
200770,2013-14,41.0,1,0.1729490022172949,0.26512511878365536,0.35,21.307692307692307,27.0,82
200770,2014-15,36.0,1,0.33961566888396155,0.41827684510611346,0.44999999999999996,22.24390243902439,28.0,82
200770,2015-16,12.0,1,0.49002217294900224,0.5218561925879,0.5499999999999999,14.694444444444445,29.0,82
200770,2016-17,2.0,1,0.6382113821138211,0.7195121951219513,0.65,24.25,30.0,82
200771,2016-17,68.0,1,0.11382113821138211,0.13588850174216024,0.75,13.256410256410257,31.0,82
200777,2013-14,52.0,1,0.3780487804878049,0.3780487804878049,0.35,9.352941176470589,27.0,82
200777,2014-15,48.0,1,0.3719512195121951,0.3699186991869919,0.44999999999999996,13.98076923076923,28.0,82
200778,2012-13,57.0,1,0.9390243902439024,0.9430894308943089,0.65,2.75,30.0,82
200779,2010-11,7.0,1,0.34959349593495936,0.31533101045296164,0.44999999999999996,6.703703703703703,28.0,82
200779,2011-12,54.0,1,0.3699186991869919,0.4790940766550523,0.5499999999999999,2.5714285714285716,29.0,66
200779,2012-13,81.0,1,0.38580931263858087,0.33386126069052896,0.65,18.88888888888889,30.0,82
200779,2013-14,54.0,1,0.27605321507760533,0.149509027557808,0.75,20.25925925925926,31.0,82
200779,2014-15,22.0,1,0.1784922394678492,0.22458029775102942,0.85,10.0,32.0,82
200779,2015-16,7.0,1,0.3089430894308943,0.4268292682926829,0.85,4.954545454545454,33.0,82
200779,2016-17,8.0,1,0.5975609756097561,0.7142857142857143,0.85,3.4285714285714284,34.0,82
200780,2010-11,39.0,1,0.39024390243902446,0.35714285714285715,0.25,12.98076923076923,26.0,82
200780,2011-12,10.0,1,0.3739837398373984,0.43728222996515675,0.35,13.538461538461538,27.0,66
200780,2012-13,2.0,1,0.5240206947524021,0.5917009819448845,0.44999999999999996,9.6,28.0,82
200780,2013-14,11.0,1,0.7272727272727272,0.8272093759898638,0.5499999999999999,13.0,29.0,82
200782,2012-13,79.0,1,0.7926829268292683,0.7926829268292683,0.44999999999999996,4.882352941176471,28.0,82
200782,2013-14,81.0,1,0.41463414634146345,0.2886178861788618,0.5499999999999999,24.17721518987342,29.0,82
200782,2014-15,78.0,1,0.2804878048780488,0.13066202090592335,0.65,30.74074074074074,30.0,82
200782,2015-16,82.0,0,0.032520325203252064,0.03658536585365857,0.75,30.55128205128205,31.0,82
200782,2016-17,57.0,1,0.020325203252032537,0.015679442508710815,0.85,30.975609756097562,32.0,82
200782,2017-18,82.0,0,0.020325203252032537,0.013937282229965169,0.85,28.54385964912281,33.0,82
200782,2018-19,82.0,0,0.004065040650406508,0.0034843205574912922,0.85,27.817073170731707,34.0,82
200782,2019-20,72.0,0,0.004065040650406508,0.0017421602787456461,0.85,34.170731707317074,35.0,72
200782,2020-21,32.0,1,0.0,0.0,0.85,34.263888888888886,36.0,72
200782,2021-22,71.0,1,0.0925925925925926,0.15873015873015875,0.85,29.96875,37.0,82
200782,2022-23,75.0,1,0.13730803974706415,0.15602013162988773,0.85,27.901408450704224,38.0,82
200782,2023-24,3.0,1,0.16576332429990967,0.1267905536198219,0.85,25.6,39.0,82
200782,2024-25,3.0,1,0.28048780487804875,0.3989547038327526,0.85,15.67741935483871,40.0,82
200783,2010-11,48.0,1,0.08130081300813008,0.08536585365853656,0.35,16.426666666666666,27.0,82
200783,2011-12,47.0,1,0.1991869918699187,0.27526132404181186,0.44999999999999996,12.208333333333334,28.0,66
200789,2010-11,67.0,1,0.23170731707317072,0.2473867595818815,0.15,19.071428571428573,25.0,82
200789,2011-12,35.0,1,0.19512195121951217,0.2073170731707317,0.25,27.83582089552239,26.0,66
200789,2012-13,46.0,1,0.32323232323232326,0.36595924400802454,0.35,26.17142857142857,27.0,82
200794,2010-11,76.0,1,0.024390243902439008,0.020905923344947723,0.25,27.76829268292683,26.0,82
200794,2011-12,64.0,1,0.048780487804878016,0.052264808362369304,0.35,34.276315789473685,27.0,66
200794,2012-13,78.0,1,0.0344912540034491,0.03822194066096502,0.44999999999999996,32.8125,28.0,82
200794,2013-14,74.0,1,0.05075141660507513,0.04698553479041285,0.5499999999999999,30.44871794871795,29.0,82
200794,2014-15,73.0,1,0.05888149790588815,0.0740154154788301,0.65,33.54054054054054,30.0,82
200794,2015-16,81.0,1,0.08536585365853659,0.09756097560975609,0.75,32.73972602739726,31.0,82
200794,2016-17,69.0,1,0.07317073170731707,0.05226480836236934,0.85,32.67901234567901,32.0,82
200794,2017-18,38.0,1,0.0934959349593496,0.10975609756097562,0.85,33.95652173913044,33.0,82
200794,2018-19,70.0,1,0.23577235772357727,0.3536585365853659,0.85,30.07894736842105,34.0,82
200794,2019-20,51.0,1,0.2804878048780488,0.2595818815331011,0.85,27.071428571428573,35.0,72
200794,2020-21,56.0,1,0.32486449864498645,0.2851335656213705,0.85,24.313725490196077,36.0,72
200794,2021-22,24.0,1,0.22007678410117434,0.23122338366240802,0.85,20.75,37.0,82
200796,2010-11,14.0,1,0.4065040650406504,0.5191637630662022,0.35,11.8,27.0,82
200797,2010-11,70.0,1,0.2764227642276423,0.22996515679442506,0.25,16.753424657534246,26.0,82
200797,2011-12,24.0,1,0.23577235772357721,0.1794425087108014,0.35,16.885714285714286,27.0,66
200797,2012-13,60.0,1,0.22172949002217293,0.29125752296484003,0.44999999999999996,15.083333333333334,28.0,82
200797,2013-14,61.0,1,0.2745750184774575,0.29109914475768134,0.5499999999999999,11.05,29.0,82
200797,2014-15,46.0,1,0.31116038433111604,0.28143807412100097,0.65,7.901639344262295,30.0,82
200797,2015-16,5.0,1,0.3211382113821138,0.36236933797909404,0.75,9.58695652173913,31.0,82
200809,2010-11,41.0,1,0.3861788617886179,0.4912891986062717,0.35,8.92,27.0,82
200809,2012-13,7.0,1,0.46341463414634143,0.5121951219512194,0.5499999999999999,7.121951219512195,29.0,82
200811,2010-11,46.0,1,0.3048780487804878,0.15679442508710803,0.44999999999999996,14.784810126582279,28.0,82
200811,2011-12,60.0,1,0.18292682926829265,0.27177700348432055,0.5499999999999999,15.021739130434783,29.0,66
200811,2012-13,20.0,1,0.18883961566888396,0.1826100728539753,0.65,12.55,30.0,82
200811,2013-14,18.0,1,0.35144124168514407,0.38834336395312,0.75,8.05,31.0,82
200811,2014-15,12.0,1,0.4611973392461198,0.6018371872030409,0.85,10.222222222222221,32.0,82
200811,2015-16,29.0,1,0.5487804878048781,0.4965156794425087,0.85,17.67924528301887,33.0,82
200826,2010-11,81.0,1,0.1829268292682927,0.1045296167247387,0.35,19.82051282051282,27.0,82
200826,2011-12,41.0,1,0.032520325203252064,0.026132404181184694,0.44999999999999996,20.604938271604937,28.0,66
200826,2012-13,74.0,1,0.1465878295146588,0.2269031781226903,0.5499999999999999,25.170731707317074,29.0,82
200826,2013-14,79.0,1,0.16284799211628478,0.1657163974237145,0.65,23.14864864864865,30.0,82
200826,2014-15,77.0,1,0.1709780734170978,0.10289304191743218,0.75,18.620253164556964,31.0,82
200826,2015-16,74.0,1,0.06504065040650409,0.05923344947735195,0.85,17.68831168831169,32.0,82
200826,2016-17,35.0,1,0.06504065040650409,0.07839721254355402,0.85,22.527027027027028,33.0,82
200826,2017-18,69.0,1,0.24390243902439027,0.3641114982578398,0.85,22.02857142857143,34.0,82
200826,2018-19,38.0,1,0.2764227642276423,0.26829268292682934,0.85,23.231884057971016,35.0,82
200826,2019-20,29.0,1,0.4227642276422765,0.43379790940766555,0.85,19.789473684210527,36.0,72
201141,2013-14,23.0,1,0.5,0.5813008130081301,0.25,23.904761904761905,26.0,82
201142,2010-11,78.0,1,0.04065040650406504,0.0313588850174216,0.05,39.5,22.0,82
201142,2011-12,66.0,0,0.04878048780487806,0.041811846689895495,0.05,38.94871794871795,23.0,66
201142,2012-13,81.0,1,0.016260162601626032,0.013937282229965169,0.05,38.57575757575758,24.0,82
201142,2013-14,81.0,1,0.020325203252032537,0.013937282229965169,0.15,38.50617283950617,25.0,82
201142,2014-15,27.0,1,0.008130081300813016,0.010452961672473877,0.25,38.54320987654321,26.0,82
201142,2015-16,72.0,1,0.23170731707317072,0.3885017421602787,0.35,33.81481481481482,27.0,82
201142,2016-17,62.0,1,0.26829268292682923,0.26306620209059234,0.44999999999999996,35.80555555555556,28.0,82
201142,2017-18,68.0,1,0.34552845528455284,0.2700348432055749,0.5499999999999999,33.38709677419355,29.0,82
201142,2018-19,78.0,1,0.17886178861788618,0.18466898954703836,0.65,34.19117647058823,30.0,82
201142,2020-21,35.0,1,0.1544715447154472,0.1114982578397213,0.85,34.64102564102564,32.0,72
201142,2021-22,55.0,1,0.2444670280036134,0.33197831978319786,0.85,33.05714285714286,33.0,82
201142,2022-23,39.0,1,0.2973125564588979,0.341947348044909,0.85,37.21818181818182,34.0,82
201142,2023-24,75.0,1,0.4233288166214995,0.4113917924893535,0.85,35.57446808510638,35.0,82
201142,2024-25,62.0,1,0.28048780487804875,0.2177700348432056,0.85,37.21333333333333,36.0,82
201142,2025-26,78.0,1,0.25203252032520324,0.22473867595818817,0.85,36.53225806451613,37.0,82
201143,2010-11,77.0,1,0.0691056910569106,0.06097560975609758,0.15,35.123456790123456,25.0,82
201143,2011-12,11.0,1,0.08536585365853662,0.06445993031358889,0.25,35.116883116883116,26.0,66
201143,2012-13,74.0,1,0.30216802168021684,0.4953542392566783,0.35,31.636363636363637,27.0,82
201143,2013-14,29.0,1,0.33062330623306235,0.3025551684088269,0.44999999999999996,37.24324324324324,28.0,82
201143,2014-15,76.0,1,0.5257452574525745,0.516260162601626,0.5499999999999999,33.03448275862069,29.0,82
201143,2015-16,82.0,0,0.27235772357723576,0.24041811846689892,0.65,30.5,30.0,82
201143,2016-17,68.0,1,0.23983739837398374,0.11324041811846688,0.75,32.08536585365854,31.0,82
201143,2017-18,72.0,1,0.08130081300813008,0.10801393728222998,0.85,32.25,32.0,82
201143,2018-19,68.0,1,0.09756097560975611,0.11846689895470384,0.85,31.625,33.0,82
201143,2019-20,67.0,1,0.1544715447154472,0.15679442508710803,0.85,29.014705882352942,34.0,72
201143,2020-21,28.0,1,0.12070912375790425,0.10588463027487417,0.85,30.238805970149254,35.0,72
201143,2021-22,69.0,1,0.28376242095754295,0.3934378629500581,0.85,27.928571428571427,36.0,82
201143,2022-23,63.0,1,0.2796973803071364,0.2751161440185831,0.85,29.057971014492754,37.0,82
201143,2023-24,65.0,1,0.33378500451671184,0.26500193573364306,0.85,30.49206349206349,38.0,82
201143,2024-25,60.0,1,0.1991869918699187,0.2073170731707317,0.85,26.76923076923077,39.0,82
201143,2025-26,45.0,1,0.23577235772357721,0.2456445993031359,0.85,27.65,40.0,82
201144,2010-11,81.0,1,0.12601626016260162,0.06445993031358886,0.05,32.1125,23.0,82
201144,2011-12,62.0,1,0.012195121951219523,0.013937282229965169,0.05,35.45679012345679,24.0,66
201144,2012-13,80.0,1,0.03239714215323971,0.04160067574701719,0.15,35.064516129032256,25.0,82
201144,2013-14,73.0,1,0.03239714215323971,0.03299545982472812,0.25,34.4625,26.0,82
201144,2014-15,70.0,1,0.06491746735649173,0.07834441980783444,0.35,33.50684931506849,27.0,82
201144,2015-16,56.0,1,0.0934959349593496,0.11846689895470384,0.44999999999999996,31.785714285714285,28.0,82
201144,2016-17,69.0,1,0.19105691056910568,0.23867595818815326,0.5499999999999999,31.446428571428573,29.0,82
201144,2017-18,12.0,1,0.2073170731707317,0.20209059233449475,0.65,33.21739130434783,30.0,82
201144,2018-19,70.0,1,0.4430894308943089,0.578397212543554,0.75,31.083333333333332,31.0,82
201144,2019-20,47.0,1,0.38617886178861793,0.35017421602787463,0.85,33.457142857142856,32.0,72
201144,2020-21,51.0,1,0.4490740740740741,0.362175764614789,0.85,29.0,33.0,72
201144,2021-22,72.0,1,0.261743450767841,0.28677893921796355,0.85,29.372549019607842,34.0,82
201144,2022-23,43.0,1,0.253613369467028,0.2026229190863337,0.85,28.583333333333332,35.0,82
201144,2023-24,76.0,1,0.19884823848238484,0.18103948896631827,0.85,30.26865671641791,36.0,82
201144,2024-25,71.0,1,0.12601626016260162,0.11149825783972124,0.85,28.855263157894736,37.0,82
201144,2025-26,54.0,1,0.13008130081300814,0.12369337979094076,0.85,24.732394366197184,38.0,82
201145,2010-11,49.0,1,0.024390243902439046,0.017421602787456462,0.05,37.109756097560975,24.0,82
201145,2012-13,81.0,1,0.044715447154471545,0.05574912891986061,0.25,37.04081632653061,26.0,82
201145,2013-14,82.0,0,0.03252032520325202,0.0313588850174216,0.35,27.80246913580247,27.0,82
201145,2014-15,33.0,1,0.03252032520325202,0.0156794425087108,0.44999999999999996,34.207317073170735,28.0,82
201145,2015-16,53.0,1,0.020325203252032537,0.029616724738675985,0.5499999999999999,33.121212121212125,29.0,82
201145,2016-17,69.0,1,0.024390243902439046,0.027874564459930338,0.65,29.132075471698112,30.0,82
201145,2017-18,78.0,1,0.07723577235772361,0.1045296167247387,0.75,22.231884057971016,31.0,82
201145,2018-19,77.0,1,0.07723577235772361,0.0766550522648084,0.85,23.435897435897434,32.0,82
201145,2019-20,30.0,1,0.08943089430894313,0.07142857142857148,0.85,27.233766233766232,33.0,72
201145,2020-21,68.0,1,0.1476964769647697,0.21486643437862954,0.85,20.0,34.0,72
201145,2021-22,75.0,1,0.1499548328816622,0.13569492837785524,0.85,26.985294117647058,35.0,82
201145,2022-23,56.0,1,0.15808491418247517,0.11227255129694154,0.85,24.653333333333332,36.0,82
201145,2023-24,78.0,1,0.15266485998193313,0.21351142082849398,0.85,19.482142857142858,37.0,82
201145,2024-25,32.0,1,0.15040650406504064,0.13066202090592335,0.85,16.756410256410255,38.0,82
201145,2025-26,30.0,1,0.3252032520325203,0.4076655052264808,0.85,12.375,39.0,82
201146,2010-11,63.0,1,0.27235772357723576,0.31010452961672474,0.05,31.826923076923077,23.0,82
201146,2011-12,30.0,1,0.2845528455284553,0.2735191637630662,0.05,17.650793650793652,24.0,66
201147,2010-11,56.0,1,0.28455284552845533,0.23867595818815332,0.15,30.26829268292683,25.0,82
201147,2011-12,59.0,1,0.3252032520325204,0.20731707317073172,0.25,24.321428571428573,26.0,66
201147,2012-13,82.0,0,0.08819906380881992,0.10590222785344738,0.35,21.8135593220339,27.0,82
201147,2013-14,81.0,1,0.08819906380881992,0.05295111392672369,0.44999999999999996,24.426829268292682,28.0,82
201147,2014-15,24.0,1,0.039418576003941865,0.02212015626649774,0.5499999999999999,32.20987654320987,29.0,82
201147,2015-16,82.0,0,0.012195121951219523,0.017421602787456462,0.65,28.333333333333332,30.0,82
201147,2016-17,58.0,1,0.012195121951219523,0.008710801393728231,0.75,20.353658536585368,31.0,82
201147,2017-18,54.0,1,0.008130081300813016,0.0034843205574912922,0.85,15.913793103448276,32.0,82
201147,2018-19,7.0,1,0.04065040650406504,0.06968641114982578,0.85,16.791666666666668,33.0,82
201147,2019-20,5.0,1,0.24796747967479674,0.39024390243902435,0.85,15.870967741935484,34.0,72
201148,2010-11,21.0,1,0.5304878048780488,0.5284552845528455,0.05,17.641025641025642,23.0,82
201148,2011-12,49.0,1,0.5365853658536586,0.5400696864111498,0.05,9.285714285714286,24.0,66
201148,2012-13,64.0,1,0.4435821630943582,0.3788934642593179,0.15,16.142857142857142,25.0,82
201148,2013-14,58.0,1,0.3419561468341956,0.277425826206314,0.25,17.953125,26.0,82
201148,2014-15,27.0,1,0.256590293175659,0.2667616935909619,0.35,18.56896551724138,27.0,82
201148,2015-16,12.0,1,0.1991869918699187,0.16376306620209058,0.44999999999999996,18.703703703703702,28.0,82
201148,2016-17,28.0,1,0.4105691056910569,0.554006968641115,0.5499999999999999,17.666666666666668,29.0,82
201148,2017-18,27.0,1,0.5325203252032521,0.6324041811846689,0.65,15.964285714285714,30.0,82
201149,2010-11,48.0,1,0.11382113821138211,0.14634146341463414,0.25,30.078125,26.0,82
201149,2011-12,64.0,1,0.21951219512195122,0.30313588850174217,0.35,32.833333333333336,27.0,66
201149,2012-13,66.0,1,0.2214831239221483,0.16714180128814274,0.44999999999999996,30.390625,28.0,82
201149,2013-14,80.0,1,0.21335304262133528,0.17938971597508177,0.5499999999999999,36.75757575757576,29.0,82
201149,2014-15,67.0,1,0.08327174180832715,0.0740154154788301,0.65,35.25,30.0,82
201149,2015-16,29.0,1,0.13414634146341464,0.1393728222996516,0.75,30.582089552238806,31.0,82
201149,2016-17,46.0,1,0.28455284552845533,0.4250871080139373,0.85,21.896551724137932,32.0,82
201149,2017-18,7.0,1,0.4227642276422765,0.46167247386759586,0.85,22.065217391304348,33.0,82
201149,2018-19,42.0,1,0.6666666666666666,0.7404181184668991,0.85,5.714285714285714,34.0,82
201149,2019-20,5.0,1,0.6138211382113821,0.602787456445993,0.85,16.5,35.0,72
201150,2010-11,81.0,1,0.10569105691056913,0.10627177700348434,0.05,26.444444444444443,23.0,82
201150,2011-12,37.0,1,0.06504065040650409,0.05052264808362371,0.05,21.209876543209877,24.0,66
201150,2012-13,82.0,0,0.19118009361911803,0.27198817442719886,0.15,24.864864864864863,25.0,82
201150,2013-14,53.0,1,0.150529687115053,0.1272832858198712,0.25,27.23170731707317,26.0,82
201150,2014-15,73.0,1,0.1545947277654595,0.07670784500052795,0.35,31.433962264150942,27.0,82
201150,2015-16,57.0,1,0.044715447154471545,0.06968641114982578,0.44999999999999996,17.45205479452055,28.0,82
201150,2016-17,35.0,1,0.14634146341463417,0.20905923344947738,0.5499999999999999,18.157894736842106,29.0,82
201151,2010-11,11.0,1,0.4430894308943089,0.5296167247386758,0.25,13.2,26.0,82
201152,2010-11,82.0,0,0.12195121951219512,0.14285714285714285,0.05,32.014925373134325,23.0,82
201152,2011-12,63.0,1,0.08943089430894309,0.06445993031358886,0.05,26.036585365853657,24.0,66
201152,2012-13,76.0,1,0.07612712490761271,0.052106430155210624,0.15,27.857142857142858,25.0,82
201152,2013-14,79.0,1,0.03954175905395415,0.05479885967690842,0.25,34.5921052631579,26.0,82
201152,2014-15,48.0,1,0.05173688100517367,0.04830535318340196,0.35,34.40506329113924,27.0,82
201152,2015-16,73.0,1,0.06097560975609754,0.06271777003484318,0.44999999999999996,33.4375,28.0,82
201152,2016-17,74.0,1,0.07317073170731707,0.08885017421602785,0.5499999999999999,32.97260273972603,29.0,82
201152,2017-18,81.0,1,0.09349593495934956,0.09756097560975607,0.65,30.22972972972973,30.0,82
201152,2018-19,81.0,1,0.07317073170731707,0.05052264808362369,0.75,32.18518518518518,31.0,82
201152,2019-20,64.0,1,0.04065040650406504,0.02439024390243903,0.85,30.728395061728396,32.0,72
201152,2020-21,68.0,1,0.045167118337850067,0.06871854432830046,0.85,24.859375,33.0,72
201152,2021-22,26.0,1,0.059620596205962086,0.06523422377080916,0.85,24.294117647058822,34.0,82
201152,2022-23,54.0,1,0.1775067750677507,0.2408052651955091,0.85,16.25,35.0,82
201152,2023-24,23.0,1,0.25429087624209573,0.3075880758807588,0.85,14.722222222222221,36.0,82
201153,2010-11,52.0,1,0.2723577235772358,0.23867595818815332,0.05,12.808823529411764,24.0,82
201154,2010-11,49.0,1,0.08536585365853659,0.09233449477351915,0.35,27.54901960784314,27.0,82
201155,2010-11,70.0,1,0.15040650406504066,0.1167247386759582,0.15,34.23287671232877,25.0,82
201155,2011-12,55.0,1,0.09756097560975611,0.12020905923344949,0.25,31.185714285714287,26.0,66
201155,2012-13,76.0,1,0.14092140921409213,0.15272938443670148,0.35,29.89090909090909,27.0,82
201155,2013-14,73.0,1,0.1287262872628726,0.11033681765389079,0.44999999999999996,28.56578947368421,28.0,82
201155,2014-15,71.0,1,0.11653116531165308,0.10743321718931473,0.5499999999999999,26.71232876712329,29.0,82
201155,2015-16,58.0,1,0.10569105691056908,0.11846689895470383,0.65,26.3943661971831,30.0,82
201155,2016-17,39.0,1,0.17886178861788618,0.22125435540069688,0.75,21.982758620689655,31.0,82
201156,2010-11,64.0,1,0.06097560975609754,0.06794425087108012,0.25,19.2027027027027,26.0,82
201156,2011-12,40.0,1,0.10569105691056908,0.15331010452961671,0.35,31.78125,27.0,66
201156,2012-13,59.0,1,0.12589307711258926,0.11128708689684295,0.44999999999999996,30.275,28.0,82
201156,2013-14,64.0,1,0.18686868686868685,0.20895364797803823,0.5499999999999999,23.915254237288135,29.0,82
201156,2014-15,42.0,1,0.18686868686868685,0.2142329215499947,0.65,28.28125,30.0,82
201156,2015-16,54.0,1,0.32926829268292684,0.3815331010452962,0.75,23.80952380952381,31.0,82
201156,2016-17,60.0,1,0.34959349593495936,0.3658536585365853,0.85,19.12962962962963,32.0,82
201156,2017-18,80.0,1,0.3658536585365854,0.32055749128919864,0.85,25.933333333333334,33.0,82
201156,2018-19,4.0,1,0.21138211382113822,0.1393728222996516,0.85,17.4125,34.0,82
201157,2011-12,8.0,1,0.4878048780487805,0.6184668989547039,0.15,11.35,25.0,66
201158,2010-11,80.0,1,0.42682926829268286,0.33623693379790937,0.15,16.984848484848484,25.0,82
201158,2011-12,66.0,0,0.23577235772357721,0.13937282229965156,0.25,24.4625,26.0,66
201158,2012-13,73.0,1,0.07317073170731707,0.03484320557491289,0.35,29.78787878787879,27.0,82
201158,2013-14,80.0,1,0.044715447154471545,0.06620209059233449,0.44999999999999996,25.78082191780822,28.0,82
201158,2014-15,62.0,1,0.044715447154471545,0.04529616724738677,0.5499999999999999,25.2,29.0,82
201158,2015-16,68.0,1,0.12601626016260162,0.16202090592334498,0.65,22.387096774193548,30.0,82
201158,2016-17,74.0,1,0.14634146341463417,0.17073170731707318,0.75,24.58823529411765,31.0,82
201158,2017-18,52.0,1,0.17073170731707318,0.13937282229965156,0.85,24.027027027027028,32.0,82
201158,2018-19,79.0,1,0.09756097560975611,0.0662020905923345,0.85,23.25,33.0,82
201158,2019-20,57.0,1,0.05284552845528456,0.041811846689895495,0.85,22.974683544303797,34.0,72
201160,2010-11,77.0,1,0.19512195121951215,0.2357723577235772,0.15,11.75,25.0,82
201160,2011-12,40.0,1,0.15040650406504064,0.1358885017421603,0.25,14.311688311688311,26.0,66
201160,2012-13,51.0,1,0.2573293914757329,0.2878259951430683,0.35,23.675,27.0,82
201160,2013-14,31.0,1,0.2776545947277655,0.33729278851230066,0.44999999999999996,17.176470588235293,28.0,82
201160,2014-15,82.0,0,0.4646464646464647,0.5196916904233978,0.5499999999999999,26.774193548387096,29.0,82
201160,2015-16,76.0,1,0.3333333333333333,0.23170731707317074,0.65,21.76829268292683,30.0,82
201160,2016-17,74.0,1,0.23170731707317072,0.13066202090592333,0.75,15.539473684210526,31.0,82
201160,2017-18,33.0,1,0.05691056910569103,0.07665505226480833,0.85,14.432432432432432,32.0,82
201160,2018-19,12.0,1,0.2560975609756097,0.37979094076655046,0.85,8.636363636363637,33.0,82
201161,2010-11,43.0,1,0.27235772357723576,0.3222996515679442,0.05,15.355555555555556,24.0,82
201161,2011-12,57.0,1,0.33739837398373984,0.41289198606271776,0.15,13.906976744186046,25.0,66
201161,2012-13,16.0,1,0.3543976348854397,0.27827050997782704,0.25,17.350877192982455,26.0,82
201162,2010-11,82.0,0,0.0934959349593496,0.06445993031358886,0.15,24.28048780487805,25.0,82
201162,2011-12,65.0,1,0.05691056910569107,0.02439024390243903,0.25,26.097560975609756,26.0,66
201162,2012-13,79.0,1,0.005050505050505046,0.008658008658008651,0.35,31.076923076923077,27.0,82
201162,2013-14,74.0,1,0.017245627001724568,0.02523492767395208,0.44999999999999996,27.468354430379748,28.0,82
201162,2014-15,72.0,1,0.04976595220497659,0.06836659275683665,0.5499999999999999,23.364864864864863,29.0,82
201162,2015-16,81.0,1,0.08536585365853659,0.10278745644599303,0.65,23.84722222222222,30.0,82
201162,2016-17,64.0,1,0.07723577235772357,0.05574912891986063,0.75,25.901234567901234,31.0,82
201162,2017-18,48.0,1,0.11788617886178861,0.14634146341463414,0.85,21.28125,32.0,82
201162,2018-19,59.0,1,0.21544715447154472,0.30139372822299654,0.85,14.3125,33.0,82
201162,2019-20,45.0,1,0.3048780487804878,0.31010452961672474,0.85,20.677966101694917,34.0,72
201162,2020-21,12.0,1,0.35670731707317077,0.35365853658536583,0.85,8.088888888888889,35.0,72
201163,2010-11,51.0,1,0.2601626016260163,0.20034843205574912,0.05,35.69230769230769,24.0,82
201163,2011-12,8.0,1,0.1097560975609756,0.1289198606271777,0.15,34.490196078431374,25.0,66
201163,2012-13,43.0,1,0.4026853904902685,0.5666244324780909,0.25,26.875,26.0,82
201163,2013-14,62.0,1,0.4921162847992117,0.5402808573540281,0.35,25.093023255813954,27.0,82
201163,2014-15,78.0,1,0.5327666913032766,0.40080244958293737,0.44999999999999996,31.080645161290324,28.0,82
201163,2016-17,71.0,1,0.25609756097560976,0.16550522648083626,0.65,31.67948717948718,30.0,82
201163,2017-18,74.0,1,0.14227642276422767,0.12543554006968644,0.75,30.943661971830984,31.0,82
201163,2018-19,36.0,1,0.0934959349593496,0.10104529616724738,0.85,31.7027027027027,32.0,82
201163,2019-20,35.0,1,0.2032520325203252,0.26306620209059234,0.85,26.416666666666668,33.0,72
201164,2010-11,78.0,1,0.14634146341463417,0.17886178861788618,0.25,23.241935483870968,26.0,82
201164,2011-12,31.0,1,0.11382113821138214,0.1045296167247387,0.35,23.346153846153847,27.0,66
201165,2011-12,4.0,1,0.7926829268292683,0.7601626016260162,0.35,10.2,27.0,66
201166,2010-11,34.0,1,0.13414634146341464,0.06097560975609757,0.25,35.59756097560975,26.0,82
201166,2012-13,46.0,1,0.10162601626016261,0.1637630662020906,0.44999999999999996,23.852941176470587,28.0,82
201166,2013-14,43.0,1,0.21138211382113822,0.28222996515679444,0.5499999999999999,20.847826086956523,29.0,82
201166,2014-15,82.0,0,0.25203252032520324,0.21080139372822299,0.65,16.651162790697676,30.0,82
201166,2015-16,69.0,1,0.15853658536585366,0.08536585365853658,0.75,22.98780487804878,31.0,82
201166,2016-17,65.0,1,0.0934959349593496,0.10801393728222998,0.85,16.057971014492754,32.0,82
201166,2017-18,32.0,1,0.12195121951219512,0.16376306620209058,0.85,13.753846153846155,33.0,82
201167,2010-11,69.0,1,0.06097560975609754,0.040069686411149816,0.15,27.085365853658537,25.0,82
201167,2011-12,62.0,1,0.08536585365853659,0.10452961672473869,0.25,33.68115942028985,26.0,66
201167,2012-13,64.0,1,0.07304754865730474,0.07992820187942137,0.35,33.645161290322584,27.0,82
201167,2013-14,73.0,1,0.1462182803646218,0.1653996410093971,0.44999999999999996,36.046875,28.0,82
201167,2014-15,53.0,1,0.1299581177629958,0.13409354872769505,0.5499999999999999,34.95890410958904,29.0,82
201167,2015-16,71.0,1,0.12601626016260162,0.09059233449477354,0.65,33.0188679245283,30.0,82
201167,2016-17,61.0,1,0.09756097560975611,0.10627177700348434,0.75,33.394366197183096,31.0,82
201167,2017-18,53.0,1,0.14634146341463417,0.1916376306620209,0.85,25.901639344262296,32.0,82
201168,2011-12,59.0,1,0.2682926829268293,0.2682926829268293,0.35,12.3,27.0,66
201168,2012-13,81.0,1,0.18717664449371768,0.16013796501601382,0.44999999999999996,19.0,28.0,82
201168,2013-14,59.0,1,0.12884947031288496,0.07559919755041708,0.5499999999999999,24.65432098765432,29.0,82
201168,2014-15,52.0,1,0.13291451096329146,0.17891458135360574,0.65,21.54237288135593,30.0,82
201168,2015-16,36.0,1,0.21951219512195122,0.29094076655052264,0.75,19.807692307692307,31.0,82
201168,2016-17,8.0,1,0.402439024390244,0.46515679442508706,0.85,16.083333333333332,32.0,82
201171,2010-11,53.0,1,0.22357723577235775,0.12891986062717772,0.35,27.21153846153846,27.0,82
201171,2011-12,41.0,1,0.08536585365853659,0.07142857142857141,0.44999999999999996,26.528301886792452,28.0,66
201171,2012-13,81.0,1,0.15878295146587829,0.24084046035265547,0.5499999999999999,24.365853658536587,29.0,82
201171,2013-14,18.0,1,0.1547179108154718,0.12564671101256467,0.65,23.160493827160494,30.0,82
201171,2014-15,70.0,1,0.390490268539049,0.5035899060289305,0.75,12.944444444444445,31.0,82
201171,2015-16,36.0,1,0.31300813008130085,0.3083623693379791,0.85,17.02857142857143,32.0,82
201175,2010-11,78.0,1,0.19105691056910568,0.23867595818815326,0.15,17.27777777777778,25.0,82
201175,2011-12,61.0,1,0.15447154471544713,0.1358885017421603,0.25,29.46153846153846,26.0,66
201175,2012-13,34.0,1,0.1553338260655334,0.10600781332488653,0.35,23.39344262295082,27.0,82
201175,2013-14,45.0,1,0.23663463907366353,0.363108436279168,0.44999999999999996,31.294117647058822,28.0,82
201175,2014-15,74.0,1,0.27728504557772854,0.2756308731918488,0.5499999999999999,30.08888888888889,29.0,82
201177,2010-11,72.0,1,0.6626016260162602,0.578397212543554,0.05,12.476190476190476,24.0,82
201177,2011-12,50.0,1,0.40243902439024387,0.29442508710801396,0.15,22.180555555555557,25.0,66
201177,2012-13,41.0,1,0.284060113328406,0.2430577552528772,0.25,14.36,26.0,82
201177,2013-14,78.0,1,0.18243409706824343,0.19121528877626442,0.35,16.70731707317073,27.0,82
201177,2014-15,17.0,1,0.1580438531658044,0.11477140745433433,0.44999999999999996,30.256410256410255,28.0,82
201177,2015-16,42.0,1,0.34146341463414637,0.4930313588850175,0.5499999999999999,17.41176470588235,29.0,82
201177,2016-17,22.0,1,0.44308943089430897,0.5121951219512195,0.65,14.166666666666666,30.0,82
201177,2017-18,2.0,1,0.6707317073170732,0.6707317073170732,0.75,17.318181818181817,31.0,82
201178,2010-11,53.0,1,0.6788617886178862,0.5696864111498258,0.05,8.326530612244898,24.0,82
201178,2011-12,3.0,1,0.5,0.4233449477351917,0.15,8.60377358490566,25.0,66
201187,2010-11,52.0,1,0.1869918699186992,0.24738675958188155,0.15,5.853658536585366,25.0,82
201187,2011-12,64.0,1,0.2601626016260163,0.32229965156794427,0.25,14.615384615384615,26.0,66
201187,2012-13,15.0,1,0.2580684897758068,0.17585260268187097,0.35,17.609375,27.0,82
201188,2010-11,81.0,1,0.07926829268292684,0.10569105691056913,0.25,35.78260869565217,26.0,82
201188,2011-12,65.0,1,0.05691056910569107,0.05226480836236935,0.35,31.925925925925927,27.0,66
201188,2012-13,80.0,1,0.061961074156196116,0.034790412839193326,0.44999999999999996,36.46153846153846,28.0,82
201188,2013-14,59.0,1,0.017245627001724568,0.02000844683771514,0.5499999999999999,34.95,29.0,82
201188,2014-15,81.0,1,0.10667652131066767,0.16941188892408407,0.65,33.389830508474574,30.0,82
201188,2015-16,52.0,1,0.10569105691056913,0.09059233449477354,0.75,33.17283950617284,31.0,82
201188,2016-17,74.0,1,0.21951219512195122,0.25261324041811845,0.85,34.44230769230769,32.0,82
201188,2017-18,73.0,1,0.15853658536585366,0.16202090592334492,0.85,34.2027027027027,33.0,82
201188,2018-19,53.0,1,0.19105691056910568,0.14285714285714285,0.85,32.986301369863014,34.0,82
201188,2019-20,44.0,1,0.08130081300813008,0.0662020905923345,0.85,33.735849056603776,35.0,72
201188,2020-21,52.0,1,0.17841011743450766,0.2483546264034069,0.85,26.386363636363637,36.0,72
201189,2010-11,41.0,1,0.3943089430894309,0.47560975609756095,0.25,6.25,26.0,82
201189,2011-12,49.0,1,0.47560975609756095,0.5052264808362369,0.35,12.951219512195122,27.0,66
201189,2012-13,42.0,1,0.4557772850455777,0.3771513039805723,0.44999999999999996,16.591836734693878,28.0,82
201189,2013-14,4.0,1,0.4151268785415127,0.4237672896209482,0.5499999999999999,12.214285714285714,29.0,82
201196,2010-11,81.0,1,0.2764227642276423,0.12369337979094078,0.15,21.121951219512194,25.0,82
201196,2011-12,41.0,1,0.016260162601626032,0.012195121951219523,0.25,26.333333333333332,26.0,66
201196,2012-13,61.0,1,0.0141660507514166,0.020800337873508594,0.35,24.536585365853657,27.0,82
201196,2013-14,55.0,1,0.09953190440995319,0.15674163235138844,0.44999999999999996,27.081967213114755,28.0,82
201196,2014-15,36.0,1,0.09546686375954667,0.0774997360363214,0.5499999999999999,23.727272727272727,29.0,82
201196,2015-16,82.0,0,0.15853658536585366,0.16202090592334492,0.65,17.833333333333332,30.0,82
201196,2016-17,50.0,1,0.07317073170731707,0.0627177700348432,0.75,20.329268292682926,31.0,82
201196,2017-18,13.0,1,0.2032520325203252,0.25435540069686413,0.85,16.22,32.0,82
201202,2010-11,75.0,1,0.3130081300813008,0.17421602787456444,0.44999999999999996,16.525,28.0,82
201202,2011-12,64.0,1,0.10569105691056908,0.08536585365853656,0.5499999999999999,19.506666666666668,29.0,66
201202,2012-13,62.0,1,0.046686375954668624,0.045190581775947605,0.65,21.078125,30.0,82
201202,2013-14,12.0,1,0.11985710766198569,0.16022595290887973,0.75,9.129032258064516,31.0,82
201202,2014-15,49.0,1,0.29058881497905886,0.4154788301129764,0.85,3.0833333333333335,32.0,82
201202,2015-16,19.0,1,0.4146341463414634,0.4355400696864112,0.85,8.285714285714286,33.0,82
201202,2016-17,19.0,1,0.5894308943089431,0.6393728222996515,0.85,5.052631578947368,34.0,82
201203,2013-14,3.0,1,0.7317073170731707,0.7317073170731707,0.5499999999999999,7.2272727272727275,29.0,82
201208,2011-12,5.0,1,0.8902439024390244,0.8902439024390244,0.35,7.888888888888889,27.0,66
201228,2010-11,82.0,0,0.2926829268292683,0.2229965156794425,0.35,27.50769230769231,27.0,82
201228,2011-12,49.0,1,0.08943089430894309,0.06794425087108014,0.44999999999999996,13.304878048780488,28.0,66
201228,2012-13,80.0,1,0.1549642769154964,0.17680287192482314,0.5499999999999999,23.653061224489797,29.0,82
201228,2013-14,63.0,1,0.09398866715939887,0.08753035582303877,0.65,19.0125,30.0,82
201228,2014-15,57.0,1,0.17122443951712243,0.17616935909618836,0.75,18.936507936507937,31.0,82
201228,2015-16,33.0,1,0.1869918699186992,0.24390243902439027,0.85,24.94736842105263,32.0,82
201228,2016-17,62.0,1,0.37804878048780494,0.4616724738675958,0.85,19.87878787878788,33.0,82
201229,2010-11,65.0,1,0.6036585365853658,0.548780487804878,0.25,2.0,26.0,82
201229,2011-12,51.0,1,0.47154471544715443,0.35365853658536583,0.35,20.953846153846154,27.0,66
201229,2012-13,62.0,1,0.29120473022912047,0.251821349382325,0.44999999999999996,17.294117647058822,28.0,82
201229,2013-14,64.0,1,0.2261640798226164,0.23392461197339245,0.5499999999999999,15.53225806451613,29.0,82
201229,2014-15,24.0,1,0.2302291204730229,0.22758948368704465,0.65,20.28125,30.0,82
201229,2015-16,72.0,1,0.17886178861788615,0.13937282229965153,0.75,11.333333333333334,31.0,82
201229,2016-17,65.0,1,0.1382113821138211,0.1219512195121951,0.85,18.625,32.0,82
201229,2017-18,79.0,1,0.13414634146341461,0.16376306620209055,0.85,22.723076923076924,33.0,82
201229,2018-19,65.0,1,0.12195121951219512,0.0975609756097561,0.85,22.240506329113924,34.0,82
201229,2019-20,33.0,1,0.15040650406504064,0.15853658536585363,0.85,16.6,35.0,72
201229,2020-21,11.0,1,0.1600045167118338,0.1993805652342238,0.85,15.854545454545455,36.0,72
201234,2010-11,7.0,1,0.9512195121951219,0.9512195121951219,0.25,3.5,26.0,82
201234,2011-12,11.0,1,0.9268292682926829,0.9186991869918698,0.35,11.571428571428571,27.0,66
201238,2010-11,6.0,1,0.3658536585365854,0.43205574912891986,0.35,3.641025641025641,27.0,82
201274,2012-13,69.0,1,0.1515151515151515,0.1515151515151515,0.5499999999999999,16.678571428571427,29.0,82
201281,2018-19,4.0,1,0.975609756097561,0.975609756097561,0.85,32.0,33.0,82
201336,2011-12,4.0,1,0.9085365853658536,0.9268292682926829,0.44999999999999996,6.333333333333333,28.0,66
201563,2010-11,73.0,1,0.030487804878048808,0.03658536585365857,0.05,29.846153846153847,22.0,82
201563,2011-12,47.0,1,0.05691056910569107,0.07839721254355402,0.05,32.342465753424655,23.0,66
201563,2012-13,75.0,1,0.1488051244148805,0.20282969063456865,0.05,23.127659574468087,24.0,82
201563,2013-14,55.0,1,0.1610002463661,0.1467110125646711,0.15,20.72,25.0,82
201563,2014-15,24.0,1,0.23417097807341705,0.25366909513250974,0.25,15.10909090909091,26.0,82
201563,2015-16,20.0,1,0.3739837398373984,0.5104529616724738,0.35,21.041666666666668,27.0,82
201563,2016-17,56.0,1,0.5975609756097561,0.6811846689895471,0.44999999999999996,18.15,28.0,82
201563,2017-18,74.0,1,0.5934959349593496,0.4982578397212543,0.5499999999999999,16.696428571428573,29.0,82
201563,2018-19,26.0,1,0.39024390243902435,0.2543554006968641,0.65,22.33783783783784,30.0,82
201564,2010-11,71.0,1,0.0,0.0,0.05,37.96341463414634,23.0,82
201564,2011-12,66.0,0,0.044715447154471545,0.07665505226480837,0.05,26.323943661971832,24.0,66
201564,2012-13,82.0,0,0.044715447154471545,0.038327526132404185,0.15,26.833333333333332,25.0,82
201564,2013-14,52.0,1,0.044715447154471545,0.019163763066202093,0.25,35.52439024390244,26.0,82
201564,2014-15,71.0,1,0.12195121951219512,0.20905923344947736,0.35,25.884615384615383,27.0,82
201564,2015-16,41.0,1,0.16666666666666666,0.18118466898954705,0.44999999999999996,23.901408450704224,28.0,82
201565,2010-11,81.0,1,0.030487804878048808,0.03658536585365857,0.05,36.80769230769231,22.0,82
201565,2011-12,39.0,1,0.024390243902439046,0.0226480836236934,0.05,37.358024691358025,23.0,66
201565,2013-14,10.0,1,0.1566888396156689,0.24421919543870763,0.15,35.256410256410255,25.0,82
201565,2014-15,51.0,1,0.43311160384331115,0.6203674374406081,0.25,31.1,26.0,82
201565,2015-16,66.0,1,0.5550628233555063,0.5253405131453912,0.35,30.0,27.0,82
201565,2016-17,64.0,1,0.48373983739837395,0.34494773519163763,0.44999999999999996,31.772727272727273,28.0,82
201565,2017-18,16.0,1,0.26422764227642276,0.23519163763066198,0.5499999999999999,32.53125,29.0,82
201565,2018-19,51.0,1,0.36991869918699183,0.4878048780487804,0.65,19.25,30.0,82
201565,2019-20,50.0,1,0.43089430894308944,0.445993031358885,0.75,27.294117647058822,31.0,72
201565,2020-21,15.0,1,0.45957542908762417,0.3819202477739063,0.85,25.96,32.0,72
201565,2021-22,26.0,1,0.32971996386630537,0.3159117305458769,0.85,22.8,33.0,82
201565,2022-23,27.0,1,0.4313459801264679,0.5211962833914053,0.85,24.46153846153846,34.0,82
201565,2023-24,24.0,1,0.5530713640469738,0.6220480061943476,0.85,12.518518518518519,35.0,82
201566,2010-11,82.0,0,0.0,0.0,0.05,34.30487804878049,22.0,82
201566,2011-12,66.0,0,0.0,0.0,0.05,34.71951219512195,23.0,66
201566,2012-13,82.0,0,0.0,0.0,0.05,35.31818181818182,24.0,82
201566,2013-14,46.0,1,0.0,0.0,0.15,34.890243902439025,25.0,82
201566,2014-15,67.0,1,0.14634146341463414,0.2508710801393728,0.25,30.695652173913043,26.0,82
201566,2015-16,80.0,1,0.2073170731707317,0.2299651567944251,0.35,34.35820895522388,27.0,82
201566,2016-17,81.0,1,0.21544715447154472,0.12891986062717772,0.44999999999999996,34.375,28.0,82
201566,2017-18,80.0,1,0.0731707317073171,0.040069686411149844,0.5499999999999999,34.592592592592595,29.0,82
201566,2018-19,73.0,1,0.020325203252032537,0.020905923344947754,0.65,36.425,30.0,82
201566,2019-20,57.0,1,0.04878048780487806,0.07142857142857142,0.75,36.013698630136986,31.0,72
201566,2020-21,65.0,1,0.114159891598916,0.15389082462253195,0.85,35.94736842105263,32.0,72
201566,2021-22,78.0,1,0.1384372177055104,0.13075880758807587,0.85,36.44615384615385,33.0,82
201566,2022-23,52.0,1,0.1181120144534779,0.08541424699961288,0.85,34.333333333333336,34.0,82
201566,2023-24,68.0,1,0.08525293586269196,0.09054394115369725,0.85,29.123287671232877,35.0,82
201566,2024-25,75.0,1,0.10975609756097564,0.1358885017421603,0.85,22.485294117647058,36.0,82
201566,2025-26,64.0,1,0.12195121951219512,0.11324041811846688,0.85,27.893333333333334,37.0,82
201567,2010-11,73.0,1,0.1402439024390244,0.1829268292682927,0.05,28.566666666666666,22.0,82
201567,2011-12,55.0,1,0.13008130081300814,0.14111498257839722,0.05,35.76712328767123,23.0,66
201567,2012-13,18.0,1,0.18157181571815717,0.164924506387921,0.05,39.0,24.0,82
201567,2013-14,77.0,1,0.3523035230352303,0.5092915214866435,0.15,34.333333333333336,25.0,82
201567,2014-15,75.0,1,0.3360433604336044,0.28164924506387923,0.25,36.324675324675326,26.0,82
201567,2015-16,77.0,1,0.3089430894308943,0.17770034843205576,0.35,33.76,27.0,82
201567,2016-17,60.0,1,0.0691056910569106,0.06794425087108016,0.44999999999999996,31.48051948051948,28.0,82
201567,2017-18,59.0,1,0.13821138211382114,0.1829268292682927,0.5499999999999999,31.416666666666668,29.0,82
201567,2018-19,22.0,1,0.20325203252032523,0.24564459930313592,0.65,27.983050847457626,30.0,82
201567,2019-20,56.0,1,0.4268292682926829,0.5365853658536585,0.75,27.181818181818183,31.0,72
201567,2020-21,25.0,1,0.41147244805781397,0.3761130468447541,0.85,31.785714285714285,32.0,72
201567,2021-22,74.0,1,0.5355691056910569,0.5410375532326751,0.85,24.88,33.0,82
201567,2022-23,41.0,1,0.3241869918699187,0.27400309717382887,0.85,22.5,34.0,82
201567,2023-24,55.0,1,0.3314137308039747,0.26050135501355015,0.85,19.983870967741936,35.0,82
201567,2024-25,23.0,1,0.2235772357723577,0.27177700348432055,0.85,16.8,36.0,82
201567,2025-26,37.0,1,0.43089430894308944,0.5400696864111498,0.85,10.91304347826087,37.0,82
201568,2010-11,48.0,1,0.33536585365853655,0.22764227642276422,0.05,33.91358024691358,22.0,82
201568,2011-12,43.0,1,0.3048780487804878,0.23693379790940766,0.05,34.8125,23.0,66
201568,2012-13,71.0,1,0.20152746982015277,0.27056277056277056,0.05,31.41860465116279,24.0,82
201568,2014-15,59.0,1,0.2421778763242178,0.21106535740682084,0.25,32.521126760563384,26.0,82
201568,2015-16,53.0,1,0.2543729982754373,0.24838982156055328,0.35,24.16949152542373,27.0,82
201568,2016-17,63.0,1,0.25609756097560976,0.30139372822299654,0.44999999999999996,34.698113207547166,28.0,82
201568,2017-18,21.0,1,0.2886178861788618,0.2735191637630662,0.5499999999999999,33.87301587301587,29.0,82
201568,2018-19,68.0,1,0.4430894308943089,0.5418118466898955,0.65,31.952380952380953,30.0,82
201568,2019-20,62.0,1,0.3821138211382114,0.343205574912892,0.75,30.279411764705884,31.0,72
201568,2020-21,51.0,1,0.3511743450767841,0.2344173441734417,0.85,29.580645161290324,32.0,72
201568,2021-22,66.0,1,0.20042908762420955,0.23073945025164536,0.85,23.96078431372549,33.0,82
201568,2023-24,26.0,1,0.20855916892502255,0.2146728610143244,0.85,25.333333333333332,35.0,82
201569,2010-11,56.0,1,0.14634146341463417,0.17886178861788618,0.05,35.95161290322581,22.0,82
201569,2011-12,9.0,1,0.2032520325203252,0.2578397212543554,0.05,37.714285714285715,23.0,66
201569,2012-13,42.0,1,0.47487065779748705,0.6189420335761799,0.05,34.44444444444444,24.0,82
201569,2013-14,64.0,1,0.5561714708056171,0.5707950585999366,0.15,30.095238095238095,25.0,82
201569,2014-15,61.0,1,0.523651145602365,0.38818498574596133,0.25,32.140625,26.0,82
201569,2015-16,45.0,1,0.3211382113821138,0.2787456445993031,0.35,33.08196721311475,27.0,82
201569,2016-17,75.0,1,0.30894308943089427,0.36236933797909404,0.44999999999999996,32.91111111111111,28.0,82
201569,2017-18,69.0,1,0.26422764227642276,0.21428571428571425,0.5499999999999999,30.973333333333333,29.0,82
201569,2018-19,68.0,1,0.23170731707317072,0.1794425087108014,0.65,31.217391304347824,30.0,82
201569,2019-20,36.0,1,0.13821138211382114,0.15505226480836237,0.75,31.735294117647058,31.0,72
201569,2020-21,27.0,1,0.2764227642276423,0.3571428571428572,0.85,28.22222222222222,32.0,72
201569,2021-22,57.0,1,0.4319105691056911,0.524390243902439,0.85,29.22222222222222,33.0,82
201569,2022-23,47.0,1,0.4766260162601626,0.42421602787456447,0.85,29.29824561403509,34.0,82
201569,2023-24,68.0,1,0.3628048780487805,0.2669860627177701,0.85,28.492753623188406,35.0,82
201569,2024-25,39.0,1,0.21138211382113825,0.18641114982578402,0.85,27.83823529411765,36.0,82
201569,2025-26,6.0,1,0.28455284552845533,0.37108013937282236,0.85,19.71794871794872,37.0,82
201571,2010-11,82.0,0,0.07317073170731708,0.05691056910569107,0.05,18.4,23.0,82
201571,2011-12,48.0,1,0.04878048780487806,0.02439024390243903,0.05,33.6219512195122,24.0,66
201571,2012-13,76.0,1,0.09903917220990392,0.15932847640164713,0.15,29.333333333333332,25.0,82
201571,2013-14,10.0,1,0.11529933481152992,0.11973392461197337,0.25,16.13157894736842,26.0,82
201571,2014-15,54.0,1,0.16001478196600147,0.13652201457079505,0.35,8.2,27.0,82
201571,2015-16,34.0,1,0.06910569105691056,0.048780487804878044,0.44999999999999996,23.833333333333332,28.0,82
201571,2016-17,78.0,1,0.12601626016260162,0.15853658536585366,0.5499999999999999,15.264705882352942,29.0,82
201571,2017-18,75.0,1,0.09756097560975611,0.09756097560975611,0.65,19.71794871794872,30.0,82
201571,2018-19,81.0,1,0.12601626016260162,0.09756097560975609,0.75,23.466666666666665,31.0,82
201571,2019-20,57.0,1,0.04878048780487806,0.038327526132404185,0.85,28.012345679012345,32.0,72
201571,2020-21,37.0,1,0.10196476964769648,0.13472706155632988,0.85,24.912280701754387,33.0,72
201571,2021-22,34.0,1,0.14295392953929542,0.18031358885017426,0.85,19.80701754385965,34.0,82
201572,2010-11,82.0,0,0.0,0.0,0.05,36.91463414634146,23.0,82
201572,2011-12,5.0,1,0.0,0.0,0.05,35.23170731707317,24.0,66
201572,2012-13,74.0,1,0.30808080808080807,0.5281385281385281,0.15,27.2,25.0,82
201572,2013-14,17.0,1,0.3406011332840601,0.3198183929891246,0.25,30.445945945945947,26.0,82
201572,2014-15,72.0,1,0.6048287755604829,0.6128708689684299,0.35,31.352941176470587,27.0,82
201572,2015-16,73.0,1,0.33739837398373984,0.31010452961672474,0.44999999999999996,29.166666666666668,28.0,82
201572,2016-17,75.0,1,0.34146341463414637,0.21080139372822299,0.5499999999999999,33.657534246575345,29.0,82
201572,2017-18,74.0,1,0.10569105691056908,0.09756097560975607,0.65,29.626666666666665,30.0,82
201572,2018-19,81.0,1,0.09756097560975607,0.09581881533101043,0.75,23.445945945945947,31.0,82
201572,2019-20,68.0,1,0.06504065040650404,0.0470383275261324,0.85,28.666666666666668,32.0,72
201572,2020-21,70.0,1,0.05510388437217706,0.04916763453348821,0.85,26.720588235294116,33.0,72
201572,2021-22,13.0,1,0.031842818428184295,0.03348819202477741,0.85,27.17142857142857,34.0,82
201572,2022-23,78.0,1,0.30826558265582654,0.4967092528068138,0.85,22.923076923076923,35.0,82
201572,2023-24,79.0,1,0.30600722673893405,0.2722609368950833,0.85,30.41025641025641,36.0,82
201572,2024-25,80.0,1,0.3089430894308943,0.15505226480836237,0.85,30.518987341772153,37.0,82
201572,2025-26,75.0,1,0.03658536585365857,0.03135888501742163,0.85,31.825,38.0,82
201573,2010-11,11.0,1,0.22560975609756095,0.18292682926829265,0.05,17.62162162162162,22.0,82
201573,2011-12,31.0,1,0.19512195121951217,0.15505226480836237,0.05,13.545454545454545,23.0,66
201573,2012-13,80.0,1,0.25400344912540035,0.3552951113926724,0.05,22.741935483870968,24.0,82
201573,2013-14,31.0,1,0.22961320522296133,0.18461619681131877,0.15,22.0625,25.0,82
201573,2014-15,77.0,1,0.2255481645725548,0.15241262802238412,0.25,20.967741935483872,26.0,82
201573,2015-16,52.0,1,0.0691056910569106,0.07317073170731711,0.35,22.2987012987013,27.0,82
201573,2016-17,3.0,1,0.1829268292682927,0.24390243902439027,0.44999999999999996,28.942307692307693,28.0,82
201573,2017-18,39.0,1,0.46341463414634143,0.6637630662020906,0.5499999999999999,23.666666666666668,29.0,82
201573,2018-19,34.0,1,0.6178861788617885,0.6271777003484321,0.65,23.71794871794872,30.0,82
201574,2010-11,75.0,1,0.042682926829268275,0.05691056910569103,0.05,31.426666666666666,24.0,82
201574,2011-12,64.0,1,0.05691056910569103,0.07317073170731704,0.15,23.30666666666667,25.0,66
201574,2012-13,82.0,0,0.06701157920670113,0.05390138316967582,0.25,25.890625,26.0,82
201574,2013-14,82.0,0,0.038556294653855606,0.02085313060922816,0.35,27.865853658536587,27.0,82
201574,2014-15,81.0,1,0.010101010101010091,0.0043290043290043255,0.44999999999999996,24.475609756097562,28.0,82
201574,2015-16,28.0,1,0.004065040650406508,0.0069686411149825845,0.5499999999999999,24.580246913580247,29.0,82
201575,2010-11,67.0,1,0.042682926829268275,0.028455284552845517,0.15,30.378048780487806,25.0,82
201575,2011-12,65.0,1,0.08943089430894309,0.11672473867595821,0.25,26.17910447761194,26.0,66
201575,2012-13,2.0,1,0.06602611480660263,0.060922817020378,0.35,26.415384615384614,27.0,82
201575,2013-14,38.0,1,0.39122936683912296,0.5879526977087952,0.44999999999999996,12.5,28.0,82
201575,2014-15,33.0,1,0.5091155457009116,0.5875303558230388,0.5499999999999999,11.0,29.0,82
201575,2015-16,72.0,1,0.7032520325203252,0.6341463414634146,0.65,8.212121212121213,30.0,82
201575,2016-17,47.0,1,0.4186991869918699,0.3170731707317073,0.75,14.652777777777779,31.0,82
201576,2010-11,17.0,1,0.4146341463414634,0.47560975609756095,0.05,22.696969696969695,21.0,82
201576,2011-12,34.0,1,0.4471544715447155,0.4965156794425087,0.05,7.470588235294118,22.0,66
201576,2012-13,39.0,1,0.5315348608031535,0.5087635941294478,0.05,15.205882352941176,23.0,82
201576,2013-14,43.0,1,0.5071446169007144,0.5113504381797065,0.05,8.435897435897436,24.0,82
201577,2010-11,67.0,1,0.3231707317073171,0.34146341463414637,0.05,19.333333333333332,23.0,82
201577,2011-12,64.0,1,0.2764227642276423,0.25087108013937287,0.05,14.791044776119403,24.0,66
201577,2012-13,82.0,0,0.1970928800197093,0.12358779431950163,0.15,13.984375,25.0,82
201577,2013-14,82.0,0,0.07107661985710767,0.034790412839193326,0.25,26.048780487804876,26.0,82
201577,2014-15,59.0,1,0.010101010101010091,0.0043290043290043255,0.35,31.75609756097561,27.0,82
201577,2015-16,82.0,0,0.0934959349593496,0.16027874564459932,0.44999999999999996,27.76271186440678,28.0,82
201577,2016-17,81.0,1,0.0934959349593496,0.08013937282229966,0.5499999999999999,27.0609756097561,29.0,82
201577,2017-18,64.0,1,0.09756097560975611,0.04703832752613241,0.65,28.037037037037038,30.0,82
201577,2018-19,74.0,1,0.07723577235772357,0.1289198606271777,0.75,26.40625,31.0,82
201577,2019-20,66.0,1,0.1097560975609756,0.12020905923344946,0.85,21.7027027027027,32.0,72
201577,2020-21,71.0,1,0.1334688346883469,0.10685249709639955,0.85,14.515151515151516,33.0,72
201577,2021-22,36.0,1,0.06492773261065943,0.045683313975996884,0.85,19.070422535211268,34.0,82
201577,2022-23,37.0,1,0.21939927732610662,0.3364305071622145,0.85,17.0,35.0,82
201577,2023-24,16.0,1,0.37454832881662153,0.47585172280294236,0.85,8.08108108108108,36.0,82
201578,2010-11,64.0,1,0.1402439024390244,0.17479674796747968,0.05,16.387096774193548,23.0,82
201578,2011-12,60.0,1,0.16666666666666666,0.20034843205574912,0.05,11.46875,24.0,66
201578,2012-13,40.0,1,0.18477457501847747,0.14950902755780807,0.15,22.416666666666668,25.0,82
201578,2013-14,79.0,1,0.1156688839615669,0.07823883433639534,0.25,14.475,26.0,82
201578,2014-15,76.0,1,0.05469327420546936,0.04434589800443462,0.35,12.430379746835444,27.0,82
201578,2015-16,72.0,1,0.04878048780487806,0.05749128919860626,0.44999999999999996,15.881578947368421,28.0,82
201578,2016-17,82.0,0,0.07723577235772357,0.09581881533101044,0.5499999999999999,11.555555555555555,29.0,82
201578,2017-18,52.0,1,0.06504065040650404,0.045296167247386755,0.65,15.682926829268293,30.0,82
201579,2010-11,81.0,1,0.07926829268292684,0.05691056910569107,0.05,25.123456790123456,24.0,82
201579,2011-12,65.0,1,0.05691056910569107,0.031358885017421616,0.15,27.703703703703702,25.0,66
201579,2012-13,79.0,1,0.01318058635131806,0.013884489494245589,0.25,29.8,26.0,82
201579,2013-14,81.0,1,0.021310667652131077,0.026977087952697727,0.35,28.72151898734177,27.0,82
201579,2014-15,76.0,1,0.021310667652131077,0.019586104951958623,0.44999999999999996,29.74074074074074,28.0,82
201579,2015-16,81.0,1,0.04065040650406504,0.050522648083623674,0.5499999999999999,25.342105263157894,29.0,82
201579,2016-17,42.0,1,0.03252032520325202,0.029616724738675954,0.65,23.185185185185187,30.0,82
201580,2010-11,79.0,1,0.17682926829268292,0.2073170731707317,0.05,16.133333333333333,23.0,82
201580,2011-12,41.0,1,0.13008130081300814,0.10975609756097562,0.05,27.759493670886076,24.0,66
201580,2012-13,79.0,1,0.12687854151268788,0.09207053109492137,0.15,27.414634146341463,25.0,82
201580,2013-14,5.0,1,0.049642769154964315,0.04777742582620635,0.25,18.139240506329113,26.0,82
201580,2014-15,17.0,1,0.35045577728504557,0.5578608383486432,0.35,15.8,27.0,82
201580,2015-16,34.0,1,0.5650406504065041,0.6846689895470384,0.44999999999999996,11.470588235294118,28.0,82
201580,2016-17,77.0,1,0.7479674796747968,0.6742160278745645,0.5499999999999999,10.882352941176471,29.0,82
201580,2017-18,65.0,1,0.4552845528455285,0.3048780487804879,0.65,9.597402597402597,30.0,82
201580,2018-19,75.0,1,0.28455284552845533,0.21951219512195122,0.75,9.461538461538462,31.0,82
201580,2019-20,68.0,1,0.11788617886178861,0.11672473867595816,0.85,22.28,32.0,72
201580,2020-21,33.0,1,0.1160794941282746,0.08575300038714673,0.85,16.61764705882353,33.0,72
201580,2021-22,74.0,1,0.16734417344173444,0.2344173441734418,0.85,14.73913043478261,34.0,82
201580,2022-23,42.0,1,0.17140921409214094,0.16686024003097175,0.85,15.837837837837839,35.0,82
201580,2023-24,46.0,1,0.31549232158988255,0.35820751064653505,0.85,8.452380952380953,36.0,82
201581,2010-11,80.0,1,0.12804878048780488,0.08943089430894309,0.05,20.876543209876544,22.0,82
201581,2011-12,35.0,1,0.0934959349593496,0.05226480836236935,0.05,28.2,23.0,66
201581,2012-13,80.0,1,0.07280118255728012,0.1126069052898321,0.05,18.4,24.0,82
201581,2013-14,69.0,1,0.07686622320768662,0.0693696547355084,0.15,29.0375,25.0,82
201581,2014-15,73.0,1,0.12158167036215817,0.12353500158378208,0.25,26.942028985507246,26.0,82
201581,2015-16,20.0,1,0.09756097560975611,0.11149825783972125,0.35,19.328767123287673,27.0,82
201582,2010-11,10.0,1,0.774390243902439,0.8252032520325203,0.05,5.0,23.0,82
201582,2013-14,56.0,1,0.7113821138211383,0.6881533101045296,0.25,7.5,26.0,82
201582,2014-15,68.0,1,0.6097560975609756,0.4808362369337979,0.35,16.982142857142858,27.0,82
201582,2015-16,59.0,1,0.35772357723577236,0.2717770034843206,0.44999999999999996,14.073529411764707,28.0,82
201582,2016-17,39.0,1,0.25609756097560976,0.25435540069686413,0.5499999999999999,14.59322033898305,29.0,82
201583,2010-11,64.0,1,0.21341463414634143,0.2195121951219512,0.05,14.46031746031746,23.0,82
201583,2011-12,61.0,1,0.2154471544715447,0.2195121951219512,0.05,22.25,24.0,66
201583,2012-13,81.0,1,0.1756590293175659,0.13910885862105377,0.15,32.19672131147541,25.0,82
201583,2013-14,22.0,1,0.10248829761024884,0.05997254777742584,0.25,30.901234567901234,26.0,82
201583,2014-15,61.0,1,0.273220004927322,0.4324252982789568,0.35,36.13636363636363,27.0,82
201583,2015-16,66.0,1,0.3333333333333333,0.35714285714285715,0.44999999999999996,27.459016393442624,28.0,82
201583,2016-17,72.0,1,0.3943089430894309,0.289198606271777,0.5499999999999999,30.424242424242426,29.0,82
201583,2017-18,66.0,1,0.19105691056910568,0.16202090592334492,0.65,29.38888888888889,30.0,82
201583,2018-19,15.0,1,0.17073170731707313,0.17421602787456442,0.75,26.136363636363637,31.0,82
201583,2019-20,2.0,1,0.33739837398373984,0.470383275261324,0.85,18.533333333333335,32.0,72
201584,2010-11,81.0,1,0.09756097560975613,0.10975609756097564,0.15,33.45070422535211,25.0,82
201584,2011-12,58.0,1,0.0691056910569106,0.054006968641115,0.25,21.271604938271604,26.0,66
201584,2012-13,78.0,1,0.08918452820891846,0.09191215288776265,0.35,30.29310344827586,27.0,82
201584,2013-14,30.0,1,0.06072924365607294,0.06424875937071062,0.44999999999999996,24.884615384615383,28.0,82
201584,2014-15,77.0,1,0.06885932495688596,0.05215922289093024,0.5499999999999999,16.833333333333332,29.0,82
201584,2015-16,51.0,1,0.04878048780487809,0.05226480836236939,0.65,30.571428571428573,30.0,82
201584,2016-17,77.0,1,0.04471544715447159,0.04355400696864115,0.75,29.19607843137255,31.0,82
201584,2017-18,76.0,1,0.0528455284552846,0.05400696864111503,0.85,31.935064935064936,32.0,82
201584,2018-19,12.0,1,0.05691056910569107,0.06445993031358885,0.85,30.394736842105264,33.0,82
201584,2019-20,24.0,1,0.23983739837398377,0.3641114982578398,0.85,12.588235294117647,34.0,72
201585,2010-11,39.0,1,0.48780487804878053,0.5121951219512195,0.05,4.777777777777778,22.0,82
201585,2011-12,48.0,1,0.4552845528455285,0.44250871080139376,0.05,8.615384615384615,23.0,66
201585,2012-13,81.0,1,0.40798226164079826,0.3474817865061768,0.05,16.5,24.0,82
201585,2013-14,80.0,1,0.22505543237250555,0.14063984795692114,0.15,22.432098765432098,25.0,82
201585,2014-15,81.0,1,0.10310421286031042,0.05638264174849542,0.25,16.8625,26.0,82
201585,2015-16,78.0,1,0.016260162601626032,0.015679442508710815,0.35,16.641975308641975,27.0,82
201585,2016-17,71.0,1,0.028455284552845555,0.034843205574912925,0.44999999999999996,19.0,28.0,82
201585,2017-18,71.0,1,0.06504065040650409,0.09233449477351918,0.5499999999999999,19.985915492957748,29.0,82
201585,2018-19,42.0,1,0.10569105691056913,0.12195121951219513,0.65,19.591549295774648,30.0,82
201586,2010-11,82.0,0,0.1097560975609756,0.1097560975609756,0.05,18.123287671232877,21.0,82
201586,2011-12,66.0,0,0.0548780487804878,0.036585365853658534,0.05,27.024390243902438,22.0,66
201586,2012-13,80.0,1,0.036585365853658534,0.0156794425087108,0.05,27.151515151515152,23.0,82
201586,2013-14,81.0,1,0.008130081300813016,0.013937282229965169,0.05,31.075,24.0,82
201586,2014-15,64.0,1,0.012195121951219523,0.013937282229965169,0.15,32.91358024691358,25.0,82
201586,2015-16,78.0,1,0.08536585365853659,0.13240418118466898,0.25,33.0625,26.0,82
201586,2016-17,56.0,1,0.0934959349593496,0.09233449477351918,0.35,32.05128205128205,27.0,82
201586,2017-18,76.0,1,0.10162601626016261,0.06620209059233452,0.44999999999999996,30.535714285714285,28.0,82
201586,2018-19,74.0,1,0.05284552845528456,0.05923344947735191,0.5499999999999999,27.539473684210527,29.0,82
201586,2019-20,55.0,1,0.06910569105691056,0.08188153310104528,0.65,27.16216216216216,30.0,72
201586,2020-21,41.0,1,0.13561427280939475,0.1732481610530391,0.75,27.0,31.0,72
201586,2021-22,35.0,1,0.25474254742547425,0.3274293457220287,0.85,23.29268292682927,32.0,82
201586,2022-23,16.0,1,0.3360433604336044,0.35186798296554395,0.85,16.25925925925926,33.0,82
201587,2010-11,80.0,1,0.29268292682926833,0.37804878048780494,0.05,24.81081081081081,22.0,82
201587,2011-12,59.0,1,0.20325203252032523,0.17595818815331013,0.05,31.525,23.0,66
201587,2012-13,73.0,1,0.22641044592264106,0.1459719142645972,0.05,30.35593220338983,24.0,82
201587,2013-14,82.0,0,0.08006898250800691,0.0965051208953648,0.15,38.45205479452055,25.0,82
201587,2014-15,71.0,1,0.07193890120719389,0.046510400168936754,0.25,36.048780487804876,26.0,82
201587,2015-16,70.0,1,0.08130081300813008,0.09233449477351917,0.35,33.521126760563384,27.0,82
201587,2016-17,77.0,1,0.0934959349593496,0.12195121951219513,0.44999999999999996,34.97142857142857,28.0,82
201587,2017-18,64.0,1,0.11382113821138214,0.09581881533101048,0.5499999999999999,33.98701298701299,29.0,82
201587,2018-19,75.0,1,0.14227642276422767,0.1637630662020906,0.65,30.953125,30.0,82
201587,2019-20,22.0,1,0.12195121951219512,0.12020905923344946,0.75,31.386666666666667,31.0,72
201587,2020-21,67.0,1,0.33310749774164405,0.45257452574525747,0.85,22.954545454545453,32.0,72
201587,2021-22,59.0,1,0.2830849141824751,0.2502903600464576,0.85,27.388059701492537,33.0,82
201587,2022-23,78.0,1,0.3481255645889792,0.27932636469221833,0.85,24.796610169491526,34.0,82
201587,2023-24,3.0,1,0.13290424570912376,0.11793457220286492,0.85,21.923076923076923,35.0,82
201587,2024-25,78.0,1,0.19918699186991873,0.20731707317073172,0.85,25.5,36.0,82
201587,2025-26,74.0,1,0.12195121951219516,0.1114982578397213,0.85,17.525641025641026,37.0,82
201588,2010-11,76.0,1,0.054878048780487854,0.0528455284552846,0.15,29.17948717948718,25.0,82
201588,2011-12,50.0,1,0.06097560975609758,0.06445993031358885,0.25,28.263157894736842,26.0,66
201588,2012-13,76.0,1,0.12145848731214585,0.16640270298806883,0.35,25.48,27.0,82
201588,2013-14,76.0,1,0.12958856861295884,0.12152887762643858,0.44999999999999996,34.473684210526315,28.0,82
201588,2014-15,43.0,1,0.12958856861295884,0.0973498046668778,0.5499999999999999,32.026315789473685,29.0,82
201588,2015-16,74.0,1,0.20731707317073167,0.30313588850174217,0.65,29.46511627906977,30.0,82
201588,2016-17,49.0,1,0.2154471544715447,0.20209059233449475,0.75,34.108108108108105,31.0,82
201588,2017-18,43.0,1,0.3252032520325203,0.32578397212543553,0.85,31.510204081632654,32.0,82
201588,2018-19,13.0,1,0.22764227642276424,0.2334494773519164,0.85,26.58139534883721,33.0,82
201588,2019-20,59.0,1,0.28455284552845533,0.2630662020905924,0.85,26.46153846153846,34.0,72
201588,2020-21,14.0,1,0.21059168925022587,0.20596205962059624,0.85,21.54237288135593,35.0,72
201588,2021-22,54.0,1,0.3440605239385727,0.42324816105303903,0.85,22.4,36.0,82
201588,2022-23,35.0,1,0.36845076784101166,0.3875822686798296,0.85,23.203703703703702,37.0,82
201589,2010-11,80.0,1,0.3414634146341463,0.4308943089430894,0.05,14.28125,23.0,82
201589,2012-13,59.0,1,0.23577235772357721,0.19860627177700346,0.15,20.1125,25.0,82
201589,2013-14,68.0,1,0.3048780487804878,0.25435540069686413,0.25,16.440677966101696,26.0,82
201589,2014-15,58.0,1,0.1585365853658537,0.18118466898954708,0.35,17.073529411764707,27.0,82
201589,2015-16,70.0,1,0.2479674796747968,0.2560975609756098,0.44999999999999996,17.03448275862069,28.0,82
201589,2016-17,41.0,1,0.20325203252032523,0.19163763066202094,0.5499999999999999,21.65714285714286,29.0,82
201589,2017-18,19.0,1,0.31300813008130085,0.36933797909407673,0.65,15.585365853658537,30.0,82
201590,2010-11,69.0,1,0.2012195121951219,0.1585365853658536,0.05,21.44736842105263,23.0,82
201590,2011-12,53.0,1,0.18699186991869918,0.15853658536585366,0.05,16.333333333333332,24.0,66
201591,2010-11,23.0,1,0.8841463414634146,0.8739837398373984,0.05,8.5,24.0,82
201591,2011-12,58.0,1,0.7317073170731708,0.618466898954704,0.15,9.521739130434783,25.0,66
201591,2012-13,12.0,1,0.46723330869672336,0.31316650828845954,0.25,18.93103448275862,26.0,82
201591,2013-14,2.0,1,0.46723330869672336,0.5834125224369127,0.35,7.166666666666667,27.0,82
201593,2011-12,47.0,1,0.20731707317073167,0.20731707317073167,0.25,13.646153846153846,26.0,66
201593,2012-13,62.0,1,0.24759793052475976,0.26102488297610243,0.35,26.893617021276597,27.0,82
201593,2013-14,54.0,1,0.24636610002463658,0.25124062928940977,0.44999999999999996,31.596774193548388,28.0,82
201593,2014-15,31.0,1,0.2910815471791081,0.3059339034948791,0.5499999999999999,30.796296296296298,29.0,82
201593,2015-16,12.0,1,0.40243902439024387,0.48780487804878053,0.65,26.29032258064516,30.0,82
201595,2010-11,43.0,1,0.8902439024390244,0.8658536585365854,0.35,7.714285714285714,27.0,82
201595,2014-15,69.0,1,0.7520325203252032,0.6428571428571429,0.75,12.13953488372093,31.0,82
201596,2010-11,70.0,1,0.0548780487804878,0.07317073170731707,0.15,24.753424657534246,25.0,82
201596,2011-12,64.0,1,0.08536585365853659,0.11498257839721256,0.25,22.557142857142857,26.0,66
201596,2012-13,77.0,1,0.09546686375954667,0.07480730651462357,0.35,28.515625,27.0,82
201596,2013-14,73.0,1,0.07920670115792068,0.06440713757786931,0.44999999999999996,26.857142857142858,28.0,82
201596,2014-15,80.0,1,0.06701157920670116,0.08446837715130398,0.5499999999999999,29.835616438356166,29.0,82
201596,2015-16,6.0,1,0.06504065040650409,0.054006968641115,0.65,29.6,30.0,82
201596,2017-18,66.0,1,0.13008130081300814,0.16898954703832755,0.85,20.0,32.0,82
201599,2010-11,80.0,1,0.25,0.21544715447154472,0.05,16.242857142857144,22.0,82
201599,2011-12,66.0,0,0.17479674796747968,0.10627177700348434,0.05,25.5875,23.0,66
201599,2012-13,82.0,0,0.05691056910569107,0.027874564459930324,0.05,27.242424242424242,24.0,82
201599,2013-14,82.0,0,0.008130081300813016,0.0034843205574912922,0.15,24.51219512195122,25.0,82
201599,2014-15,82.0,0,0.0,0.0,0.25,35.0,26.0,82
201599,2015-16,77.0,1,0.0,0.0,0.35,34.390243902439025,27.0,82
201599,2016-17,81.0,1,0.020325203252032537,0.034843205574912925,0.44999999999999996,33.74025974025974,28.0,82
201599,2017-18,77.0,1,0.024390243902439046,0.024390243902439046,0.5499999999999999,31.728395061728396,29.0,82
201599,2018-19,50.0,1,0.04471544715447159,0.04703832752613245,0.65,31.467532467532468,30.0,82
201599,2019-20,56.0,1,0.07723577235772361,0.10975609756097564,0.75,31.08,31.0,72
201599,2020-21,57.0,1,0.14724480578139118,0.180991095625242,0.85,22.035714285714285,32.0,72
201599,2021-22,32.0,1,0.19636404697380308,0.20518776616337592,0.85,21.859649122807017,33.0,82
201599,2022-23,39.0,1,0.28172990063233966,0.32820363917924894,0.85,12.958333333333334,34.0,82
201599,2023-24,36.0,1,0.38245257452574527,0.4478803716608595,0.85,15.025641025641026,35.0,82
201599,2024-25,56.0,1,0.5,0.5296167247386759,0.85,11.0,36.0,82
201599,2025-26,12.0,1,0.46747967479674796,0.416376306620209,0.85,12.339285714285714,37.0,82
201600,2011-12,66.0,0,0.0,0.0,0.15,12.060975609756097,25.0,66
201600,2012-13,82.0,0,0.0,0.0,0.25,14.712121212121213,26.0,82
201600,2013-14,48.0,1,0.0,0.0,0.35,30.048780487804876,27.0,82
201600,2014-15,76.0,1,0.13821138211382114,0.2369337979094077,0.44999999999999996,20.166666666666668,28.0,82
201600,2015-16,68.0,1,0.16260162601626016,0.1602787456445993,0.5499999999999999,26.07894736842105,29.0,82
201600,2016-17,31.0,1,0.21951219512195122,0.1777003484320558,0.65,17.323529411764707,30.0,82
201600,2017-18,14.0,1,0.2886178861788618,0.4146341463414634,0.75,15.548387096774194,31.0,82
201601,2010-11,79.0,1,0.0548780487804878,0.07317073170731707,0.05,25.561643835616437,24.0,82
201601,2011-12,43.0,1,0.04878048780487806,0.05226480836236935,0.15,26.49367088607595,25.0,66
201601,2012-13,58.0,1,0.16494210396649422,0.22526660331538384,0.25,23.46511627906977,26.0,82
201601,2013-14,9.0,1,0.2259177137225918,0.2720409671629184,0.35,22.862068965517242,27.0,82
201601,2014-15,67.0,1,0.28689332347868934,0.2588427832330272,0.44999999999999996,21.77777777777778,28.0,82
201601,2015-16,75.0,1,0.23170731707317074,0.20905923344947738,0.5499999999999999,28.597014925373134,29.0,82
201601,2016-17,80.0,1,0.16260162601626016,0.13240418118466898,0.65,16.986666666666668,30.0,82
201601,2017-18,61.0,1,0.09756097560975611,0.06445993031358886,0.75,22.3375,31.0,82
201601,2018-19,4.0,1,0.12195121951219512,0.16550522648083626,0.85,25.639344262295083,32.0,82
201601,2019-20,3.0,1,0.4105691056910569,0.6202090592334494,0.85,15.25,33.0,72
201603,2010-11,59.0,1,0.5060975609756098,0.39024390243902446,0.05,19.82608695652174,24.0,82
201603,2015-16,36.0,1,0.43089430894308944,0.3275261324041812,0.5499999999999999,23.949152542372882,29.0,82
201604,2010-11,44.0,1,0.3231707317073171,0.2764227642276423,0.05,25.82089552238806,24.0,82
201604,2012-13,6.0,1,0.3699186991869919,0.3832752613240418,0.25,20.09090909090909,26.0,82
201604,2013-14,49.0,1,0.524390243902439,0.6881533101045296,0.35,10.5,27.0,82
201604,2014-15,12.0,1,0.5975609756097561,0.5609756097560976,0.44999999999999996,20.73469387755102,28.0,82
201609,2010-11,48.0,1,0.17682926829268292,0.12601626016260162,0.15,18.025,25.0,82
201609,2011-12,66.0,0,0.16666666666666666,0.13763066202090593,0.25,17.833333333333332,26.0,66
201609,2012-13,77.0,1,0.05691056910569107,0.04529616724738677,0.35,26.545454545454547,27.0,82
201609,2013-14,76.0,1,0.0691056910569106,0.05574912891986066,0.44999999999999996,33.51948051948052,28.0,82
201609,2014-15,52.0,1,0.044715447154471545,0.05923344947735191,0.5499999999999999,35.10526315789474,29.0,82
201609,2015-16,72.0,1,0.06097560975609758,0.05749128919860629,0.65,33.36538461538461,30.0,82
201609,2016-17,73.0,1,0.08130081300813008,0.09407665505226481,0.75,32.81944444444444,31.0,82
201609,2017-18,75.0,1,0.0934959349593496,0.10452961672473868,0.85,33.68493150684932,32.0,82
201609,2018-19,36.0,1,0.10569105691056908,0.09756097560975607,0.85,31.706666666666667,33.0,82
201609,2019-20,59.0,1,0.25203252032520324,0.3606271777003485,0.85,27.52777777777778,34.0,72
201609,2020-21,50.0,1,0.2756323396567299,0.27564847077042204,0.85,28.1864406779661,35.0,72
201609,2021-22,5.0,1,0.34902890695573624,0.3063298490127759,0.85,26.74,36.0,82
201609,2022-23,51.0,1,0.4100045167118338,0.5381823461091754,0.85,23.714285714285715,37.0,82
201611,2010-11,61.0,1,0.6097560975609757,0.5975609756097562,0.05,3.625,23.0,82
201611,2011-12,32.0,1,0.491869918699187,0.4024390243902439,0.05,12.852459016393443,24.0,66
201611,2014-15,24.0,1,0.448139935944814,0.44942455918065677,0.35,19.375,27.0,82
201616,2010-11,59.0,1,0.5182926829268293,0.565040650406504,0.15,4.222222222222222,25.0,82
201623,2011-12,28.0,1,0.5,0.5,0.15,14.35135135135135,25.0,66
201627,2010-11,58.0,1,0.1707317073170732,0.1666666666666667,0.15,29.246376811594203,25.0,82
201627,2011-12,62.0,1,0.21138211382113825,0.23867595818815332,0.25,32.0,26.0,66
201627,2012-13,24.0,1,0.17060852426706086,0.14090381163551893,0.35,26.387096774193548,27.0,82
201627,2013-14,76.0,1,0.284429662478443,0.3448421497201985,0.44999999999999996,12.541666666666666,28.0,82
201627,2014-15,74.0,1,0.21125893077112587,0.19332699820504695,0.5499999999999999,18.763157894736842,29.0,82
201627,2015-16,68.0,1,0.2235772357723577,0.14808362369337977,0.65,24.405405405405407,30.0,82
201627,2016-17,40.0,1,0.11382113821138211,0.1358885017421603,0.75,13.617647058823529,31.0,82
201628,2016-17,25.0,1,0.31097560975609756,0.35772357723577236,0.85,14.909090909090908,32.0,82
201628,2017-18,20.0,1,0.4390243902439024,0.5505226480836237,0.85,4.92,33.0,82
201632,2010-11,31.0,1,0.6646341463414634,0.6300813008130082,0.25,6.666666666666667,26.0,82
201632,2011-12,35.0,1,0.6504065040650407,0.6254355400696864,0.35,5.419354838709677,27.0,66
201632,2012-13,13.0,1,0.5508745996550876,0.5262379896526238,0.44999999999999996,5.885714285714286,28.0,82
201785,2010-11,1.0,1,0.8292682926829268,0.8292682926829268,0.15,5.214285714285714,25.0,82
201785,2013-14,4.0,1,0.8109756097560976,0.8048780487804877,0.44999999999999996,8.0,28.0,82
201814,2011-12,48.0,1,0.23170731707317072,0.23170731707317072,0.35,12.555555555555555,27.0,66
201858,2010-11,52.0,1,0.6890243902439024,0.7195121951219513,0.25,27.6,26.0,82
201858,2011-12,17.0,1,0.5813008130081302,0.5174216027874564,0.35,10.423076923076923,27.0,66
201858,2012-13,41.0,1,0.6295885686129589,0.6402702988068841,0.44999999999999996,23.0,28.0,82
201858,2013-14,6.0,1,0.5360926336536093,0.5501003061978672,0.5499999999999999,16.926829268292682,29.0,82
201858,2014-15,23.0,1,0.5076373491007637,0.4091964945623482,0.65,8.0,30.0,82
201880,2012-13,76.0,1,0.16666666666666663,0.16666666666666663,0.35,13.927272727272728,27.0,82
201880,2013-14,55.0,1,0.11991869918699183,0.10433604336043356,0.44999999999999996,15.907894736842104,28.0,82
201880,2014-15,17.0,1,0.18970189701897014,0.23286875725900114,0.5499999999999999,18.30909090909091,29.0,82
201933,2011-12,66.0,0,0.0,0.0,0.05,37.951219512195124,23.0,66
201933,2012-13,80.0,1,0.0,0.0,0.05,36.24242424242424,24.0,82
201933,2013-14,80.0,1,0.008130081300813016,0.013937282229965169,0.15,32.475,25.0,82
201933,2014-15,67.0,1,0.016260162601626032,0.020905923344947754,0.25,35.7875,26.0,82
201933,2015-16,35.0,1,0.07723577235772361,0.11498257839721258,0.35,35.16417910447761,27.0,82
201933,2016-17,61.0,1,0.2601626016260163,0.3832752613240419,0.44999999999999996,33.42857142857143,28.0,82
201933,2017-18,33.0,1,0.33739837398373984,0.3362369337979095,0.5499999999999999,34.032786885245905,29.0,82
201933,2018-19,75.0,1,0.3739837398373984,0.32229965156794427,0.65,34.515151515151516,30.0,82
201933,2019-20,18.0,1,0.21138211382113822,0.16898954703832753,0.75,34.96,31.0,72
201933,2020-21,20.0,1,0.3760162601626016,0.4947735191637631,0.85,28.444444444444443,32.0,72
201933,2021-22,56.0,1,0.3988256549232159,0.43283004258614016,0.85,31.3,33.0,82
201933,2022-23,41.0,1,0.4760614272809394,0.39150212930700734,0.85,17.107142857142858,34.0,82
201934,2010-11,45.0,1,0.1707317073170732,0.1707317073170732,0.05,12.985294117647058,24.0,82
201934,2011-12,5.0,1,0.2987804878048781,0.34146341463414637,0.15,8.2,25.0,66
201934,2012-13,66.0,1,0.43151022419315116,0.5446098616830325,0.25,4.6,26.0,82
201934,2013-14,23.0,1,0.439640305493964,0.37160806673001795,0.35,11.666666666666666,27.0,82
201935,2010-11,82.0,0,0.07317073170731703,0.07317073170731703,0.05,22.86842105263158,21.0,82
201935,2011-12,62.0,1,0.036585365853658514,0.024390243902439008,0.05,26.695121951219512,22.0,66
201935,2012-13,78.0,1,0.04459226410445919,0.04508499630450846,0.05,31.387096774193548,23.0,82
201935,2013-14,73.0,1,0.036462182803646215,0.04519058177594764,0.05,38.26923076923077,24.0,82
201935,2014-15,81.0,1,0.07304754865730474,0.08531306092281701,0.15,38.04109589041096,25.0,82
201935,2015-16,82.0,0,0.05691056910569107,0.04529616724738677,0.25,36.80246913580247,26.0,82
201935,2016-17,81.0,1,0.04065040650406504,0.019163763066202093,0.35,38.109756097560975,27.0,82
201935,2017-18,72.0,1,0.008130081300813016,0.008710801393728231,0.44999999999999996,36.382716049382715,28.0,82
201935,2018-19,78.0,1,0.044715447154471545,0.07317073170731707,0.5499999999999999,35.43055555555556,29.0,82
201935,2019-20,68.0,1,0.06097560975609758,0.06445993031358888,0.65,36.756410256410255,30.0,72
201935,2020-21,8.0,1,0.07542908762420959,0.06310491676345338,0.75,36.51470588235294,31.0,72
201935,2021-22,44.0,1,0.16440831074977416,0.24506387921022066,0.85,36.25,32.0,82
201935,2022-23,58.0,1,0.2172538392050587,0.23751451800232284,0.85,37.23076923076923,33.0,82
201935,2023-24,72.0,1,0.2962962962962963,0.28203639179248935,0.85,36.810344827586206,34.0,82
201935,2024-25,79.0,1,0.2073170731707317,0.18292682926829268,0.85,34.30555555555556,35.0,82
201935,2025-26,44.0,1,0.15040650406504066,0.09756097560975611,0.85,35.30379746835443,36.0,82
201936,2010-11,57.0,1,0.12195121951219512,0.12195121951219512,0.05,37.18055555555556,21.0,82
201936,2011-12,63.0,1,0.2134146341463415,0.24390243902439027,0.05,36.96491228070175,22.0,66
201936,2012-13,65.0,1,0.1574279379157428,0.13050364269876463,0.05,34.317460317460316,23.0,82
201936,2013-14,72.0,1,0.18588322246858832,0.1750079189103579,0.05,31.015384615384615,24.0,82
201936,2014-15,79.0,1,0.12490761271249073,0.13541336712068416,0.15,28.166666666666668,25.0,82
201936,2015-16,25.0,1,0.12195121951219512,0.08536585365853659,0.25,34.050632911392405,26.0,82
201936,2016-17,26.0,1,0.2845528455284553,0.4250871080139373,0.35,30.6,27.0,82
201936,2017-18,52.0,1,0.4146341463414634,0.4965156794425087,0.44999999999999996,18.23076923076923,28.0,82
201936,2018-19,69.0,1,0.524390243902439,0.4547038327526132,0.5499999999999999,30.903846153846153,29.0,82
201937,2012-13,57.0,1,0.3787878787878788,0.3787878787878788,0.05,34.24390243902439,22.0,82
201937,2013-14,82.0,0,0.3418329637841833,0.3295146587829515,0.05,29.666666666666668,23.0,82
201937,2014-15,22.0,1,0.22788864252278887,0.14122056804983635,0.05,32.170731707317074,24.0,82
201937,2015-16,76.0,1,0.34552845528455284,0.4616724738675958,0.15,31.454545454545453,25.0,82
201937,2016-17,75.0,1,0.26829268292682923,0.2508710801393728,0.25,30.56578947368421,26.0,82
201937,2017-18,77.0,1,0.29674796747967475,0.17421602787456442,0.35,32.92,27.0,82
201937,2018-19,68.0,1,0.07317073170731707,0.0696864111498258,0.44999999999999996,29.272727272727273,28.0,82
201937,2019-20,65.0,1,0.10569105691056913,0.1271777003484321,0.5499999999999999,27.926470588235293,29.0,72
201937,2020-21,68.0,1,0.10964317976513101,0.11304684475416184,0.65,31.015384615384615,30.0,72
201937,2021-22,34.0,1,0.107836495031617,0.08391405342624857,0.75,26.058823529411764,31.0,82
201937,2022-23,33.0,1,0.24604787714543816,0.3642566782810686,0.85,28.529411764705884,32.0,82
201938,2010-11,53.0,1,0.012195121951219523,0.012195121951219523,0.05,28.876543209876544,22.0,82
201938,2011-12,11.0,1,0.18292682926829268,0.23983739837398374,0.05,18.547169811320753,23.0,66
201939,2010-11,74.0,1,0.024390243902439046,0.024390243902439046,0.05,36.2,23.0,82
201939,2011-12,26.0,1,0.06097560975609756,0.07317073170731707,0.05,33.63513513513514,24.0,66
201939,2012-13,78.0,1,0.24267060852426706,0.3776792313377679,0.15,28.153846153846153,25.0,82
201939,2013-14,78.0,1,0.2508006898250801,0.21497201985006864,0.25,38.243589743589745,26.0,82
201939,2014-15,80.0,1,0.2345405272234541,0.12839193326998208,0.35,36.48717948717949,27.0,82
201939,2015-16,79.0,1,0.040650406504065074,0.034843205574912925,0.44999999999999996,32.6625,28.0,82
201939,2016-17,79.0,1,0.03658536585365857,0.034843205574912925,0.5499999999999999,34.177215189873415,29.0,82
201939,2017-18,51.0,1,0.032520325203252064,0.034843205574912925,0.65,33.40506329113924,30.0,82
201939,2018-19,69.0,1,0.15040650406504066,0.23170731707317074,0.75,31.980392156862745,31.0,82
201939,2019-20,5.0,1,0.1910569105691057,0.20383275261324044,0.85,33.78260869565217,32.0,72
201939,2020-21,63.0,1,0.4890469738030713,0.6310491676345336,0.85,27.8,33.0,72
201939,2021-22,64.0,1,0.40469738030713637,0.3599496709252807,0.85,34.15873015873016,34.0,82
201939,2022-23,56.0,1,0.42502258355916894,0.29408633372048004,0.85,34.546875,35.0,82
201939,2023-24,74.0,1,0.2205284552845528,0.2617595818815331,0.85,34.660714285714285,36.0,82
201939,2024-25,70.0,1,0.21138211382113817,0.1777003484320557,0.85,32.729729729729726,37.0,82
201939,2025-26,43.0,1,0.18699186991869918,0.15679442508710803,0.85,32.17142857142857,38.0,82
201941,2010-11,72.0,1,0.426829268292683,0.426829268292683,0.05,10.5,23.0,82
201941,2011-12,32.0,1,0.27439024390243905,0.22357723577235775,0.05,15.625,24.0,66
201941,2012-13,29.0,1,0.31929046563192903,0.32958504909724423,0.15,14.65625,25.0,82
201941,2013-14,72.0,1,0.39246119733924606,0.50364269876465,0.25,15.793103448275861,26.0,82
201941,2014-15,70.0,1,0.39246119733924606,0.31279695913842254,0.35,20.833333333333332,27.0,82
201941,2015-16,73.0,1,0.3048780487804878,0.21080139372822299,0.44999999999999996,26.771428571428572,28.0,82
201941,2016-17,7.0,1,0.12601626016260162,0.12195121951219512,0.5499999999999999,20.726027397260275,29.0,82
201942,2010-11,82.0,0,0.060975609756097615,0.060975609756097615,0.05,21.61038961038961,21.0,82
201942,2011-12,63.0,1,0.030487804878048808,0.020325203252032537,0.05,34.76829268292683,22.0,66
201942,2012-13,82.0,0,0.03547671840354768,0.03468482736775418,0.05,35.01587301587302,23.0,82
201942,2013-14,79.0,1,0.015151515151515138,0.012987012987012976,0.05,36.74390243902439,24.0,82
201942,2014-15,60.0,1,0.02734663710273466,0.027399429838454243,0.15,38.18987341772152,25.0,82
201942,2015-16,78.0,1,0.10162601626016261,0.1637630662020906,0.25,35.0,26.0,82
201942,2016-17,74.0,1,0.11788617886178865,0.10975609756097564,0.35,35.94871794871795,27.0,82
201942,2017-18,80.0,1,0.13821138211382114,0.10801393728222997,0.44999999999999996,35.4054054054054,28.0,82
201942,2018-19,77.0,1,0.05691056910569107,0.04878048780487806,0.5499999999999999,33.9,29.0,82
201942,2019-20,68.0,1,0.06097560975609758,0.05574912891986066,0.65,34.90909090909091,30.0,72
201942,2020-21,61.0,1,0.04697380307136408,0.052651955090979516,0.75,34.05882352941177,31.0,72
201942,2021-22,76.0,1,0.089769647696477,0.11188540456833142,0.85,33.704918032786885,32.0,82
201942,2022-23,74.0,1,0.09383468834688347,0.09339914827719704,0.85,36.0921052631579,33.0,82
201942,2023-24,79.0,1,0.10783649503161696,0.09848044909020516,0.85,36.24324324324324,34.0,82
201942,2024-25,77.0,1,0.06910569105691056,0.05923344947735192,0.85,37.835443037974684,35.0,82
201942,2025-26,77.0,1,0.06504065040650409,0.05923344947735195,0.85,35.94805194805195,36.0,82
201943,2010-11,63.0,1,0.0,0.0,0.05,32.573170731707314,21.0,82
201943,2011-12,66.0,0,0.11585365853658536,0.15447154471544713,0.05,34.42857142857143,22.0,66
201943,2012-13,80.0,1,0.07723577235772357,0.06620209059233449,0.05,35.31818181818182,23.0,82
201943,2013-14,80.0,1,0.08536585365853659,0.04703832752613241,0.05,36.2125,24.0,82
201943,2014-15,41.0,1,0.016260162601626032,0.020905923344947754,0.15,34.1,25.0,82
201943,2015-16,23.0,1,0.1829268292682927,0.2961672473867596,0.25,28.609756097560975,26.0,82
201943,2016-17,58.0,1,0.31300813008130085,0.3832752613240418,0.35,18.08695652173913,27.0,82
201943,2017-18,14.0,1,0.3089430894308943,0.19686411149825786,0.44999999999999996,24.620689655172413,28.0,82
201944,2010-11,10.0,1,0.04878048780487809,0.04878048780487809,0.05,22.615384615384617,24.0,82
201944,2011-12,12.0,1,0.39634146341463417,0.5121951219512195,0.15,20.6,25.0,66
201944,2012-13,24.0,1,0.4460458240946046,0.5312005068102629,0.25,15.083333333333334,26.0,82
201945,2010-11,68.0,1,0.47560975609756095,0.47560975609756095,0.05,8.255813953488373,23.0,82
201945,2011-12,55.0,1,0.3231707317073171,0.2723577235772358,0.05,24.426470588235293,24.0,66
201945,2012-13,68.0,1,0.27100271002710025,0.2119628339140534,0.15,33.29090909090909,25.0,82
201945,2013-14,77.0,1,0.16937669376693767,0.16957026713124274,0.25,31.36764705882353,26.0,82
201945,2014-15,80.0,1,0.13279132791327916,0.10743321718931478,0.35,31.961038961038962,27.0,82
201945,2015-16,72.0,1,0.08536585365853662,0.05574912891986066,0.44999999999999996,28.9375,28.0,82
201945,2016-17,72.0,1,0.0691056910569106,0.08536585365853659,0.5499999999999999,19.875,29.0,82
201946,2010-11,70.0,1,0.6463414634146342,0.6463414634146342,0.15,17.620689655172413,25.0,82
201946,2011-12,66.0,0,0.39634146341463417,0.31300813008130085,0.25,21.928571428571427,26.0,66
201946,2012-13,81.0,1,0.26422764227642276,0.13414634146341464,0.35,21.848484848484848,27.0,82
201946,2013-14,64.0,1,0.05284552845528456,0.027874564459930324,0.44999999999999996,16.864197530864196,28.0,82
201946,2014-15,74.0,1,0.07723577235772357,0.1289198606271777,0.5499999999999999,15.28125,29.0,82
201946,2015-16,44.0,1,0.1097560975609756,0.12020905923344946,0.65,14.297297297297296,30.0,82
201947,2010-11,9.0,1,0.3780487804878049,0.3780487804878049,0.05,7.509803921568627,23.0,82
201947,2011-12,45.0,1,0.4329268292682927,0.4512195121951219,0.05,8.0,24.0,66
201947,2012-13,59.0,1,0.3946784922394679,0.3751979727589484,0.15,12.422222222222222,25.0,82
201947,2013-14,45.0,1,0.3621581670362158,0.32087424770351597,0.25,23.10169491525424,26.0,82
201947,2014-15,10.0,1,0.3133776792313378,0.32071586949635733,0.35,15.511111111111111,27.0,82
201948,2010-11,72.0,1,0.1585365853658537,0.1585365853658537,0.05,13.26086956521739,23.0,82
201948,2011-12,41.0,1,0.1402439024390244,0.13414634146341464,0.05,20.083333333333332,24.0,66
201948,2012-13,24.0,1,0.21975856122197587,0.2739415056488227,0.15,14.707317073170731,25.0,82
201948,2013-14,8.0,1,0.2766691303276669,0.31380002111709426,0.25,14.5,26.0,82
201948,2014-15,26.0,1,0.4799211628479922,0.5663076760637736,0.35,4.125,27.0,82
201949,2010-11,13.0,1,0.20731707317073167,0.20731707317073167,0.05,11.646153846153846,24.0,82
201949,2011-12,62.0,1,0.3719512195121951,0.4268292682926829,0.15,9.461538461538462,25.0,66
201949,2012-13,54.0,1,0.26816949987681693,0.21755886390032728,0.25,25.177419354838708,26.0,82
201949,2013-14,52.0,1,0.3128849470312885,0.28909302080033783,0.35,16.25925925925926,27.0,82
201949,2014-15,70.0,1,0.2559743779255974,0.3152782177172421,0.44999999999999996,18.384615384615383,28.0,82
201949,2015-16,57.0,1,0.2845528455284553,0.2369337979094077,0.5499999999999999,19.571428571428573,29.0,82
201949,2016-17,76.0,1,0.2723577235772358,0.26829268292682934,0.65,16.24561403508772,30.0,82
201949,2017-18,73.0,1,0.17479674796747968,0.14982578397212545,0.75,27.43421052631579,31.0,82
201949,2018-19,55.0,1,0.16260162601626016,0.12717770034843204,0.85,26.616438356164384,32.0,82
201949,2019-20,18.0,1,0.17073170731707313,0.22996515679442503,0.85,21.163636363636364,33.0,72
201949,2020-21,29.0,1,0.33152664859981934,0.42721641502129304,0.85,15.61111111111111,34.0,72
201949,2021-22,62.0,1,0.392163504968383,0.37243515292295776,0.85,20.45098039215686,35.0,82
201949,2022-23,18.0,1,0.36370822041553746,0.30207123499806426,0.85,19.20967741935484,36.0,82
201949,2023-24,9.0,1,0.4386856368563685,0.5573461091753774,0.85,9.0,37.0,82
201949,2024-25,12.0,1,0.6382113821138212,0.7665505226480837,0.85,5.222222222222222,38.0,82
201950,2010-11,82.0,0,0.1097560975609756,0.1097560975609756,0.05,24.205479452054796,21.0,82
201950,2011-12,65.0,1,0.0548780487804878,0.036585365853658534,0.05,35.3780487804878,22.0,66
201950,2012-13,78.0,1,0.041635870904163576,0.02433745116671945,0.05,33.784615384615385,23.0,82
201950,2013-14,34.0,1,0.021310667652131077,0.03220356878893466,0.05,37.51282051282051,24.0,82
201950,2014-15,40.0,1,0.2164326188716433,0.35059655791363115,0.15,33.61764705882353,25.0,82
201950,2015-16,65.0,1,0.3821138211382114,0.4668989547038328,0.25,32.575,26.0,82
201950,2016-17,67.0,1,0.43495934959349597,0.3484320557491289,0.35,28.16923076923077,27.0,82
201950,2017-18,81.0,1,0.3008130081300813,0.2369337979094077,0.44999999999999996,32.6865671641791,28.0,82
201950,2018-19,67.0,1,0.13414634146341464,0.0888501742160279,0.5499999999999999,36.135802469135804,29.0,82
201950,2019-20,61.0,1,0.12601626016260167,0.13414634146341467,0.65,35.850746268656714,30.0,72
201950,2020-21,59.0,1,0.11596657633243002,0.1413085559427023,0.75,34.704918032786885,31.0,72
201950,2021-22,67.0,1,0.1720867208672087,0.1729578010065815,0.85,32.32203389830509,32.0,82
201950,2022-23,67.0,1,0.1720867208672087,0.1779423151374371,0.85,32.940298507462686,33.0,82
201950,2023-24,69.0,1,0.18213640469738035,0.18258807588075884,0.85,32.582089552238806,34.0,82
201950,2024-25,62.0,1,0.1747967479674797,0.16898954703832755,0.85,32.79710144927536,35.0,82
201950,2025-26,53.0,1,0.19512195121951223,0.21080139372822299,0.85,30.580645161290324,36.0,82
201951,2010-11,80.0,1,0.20731707317073167,0.20731707317073167,0.05,20.276923076923076,23.0,82
201951,2011-12,61.0,1,0.11585365853658536,0.08536585365853659,0.05,26.2875,24.0,66
201951,2012-13,73.0,1,0.10248829761024884,0.07987540914370185,0.15,34.81967213114754,25.0,82
201951,2013-14,62.0,1,0.06996797240699681,0.08784711223735615,0.25,34.42465753424658,26.0,82
201951,2014-15,75.0,1,0.14313870411431387,0.181554218139584,0.35,35.83870967741935,27.0,82
201951,2015-16,53.0,1,0.14634146341463414,0.13414634146341461,0.44999999999999996,35.53333333333333,28.0,82
201951,2016-17,69.0,1,0.17479674796747965,0.17073170731707313,0.5499999999999999,22.18867924528302,29.0,82
201952,2010-11,70.0,1,0.13414634146341464,0.13414634146341464,0.05,10.126760563380282,23.0,82
201952,2011-12,66.0,0,0.1402439024390244,0.14227642276422767,0.05,13.757142857142858,24.0,66
201952,2012-13,80.0,1,0.0934959349593496,0.06097560975609757,0.15,33.07575757575758,25.0,82
201952,2013-14,79.0,1,0.05691056910569107,0.034843205574912904,0.25,32.85,26.0,82
201952,2014-15,73.0,1,0.020325203252032537,0.027874564459930338,0.35,32.177215189873415,27.0,82
201952,2015-16,79.0,1,0.05691056910569107,0.07665505226480837,0.44999999999999996,30.52054794520548,28.0,82
201952,2016-17,82.0,0,0.06097560975609758,0.05749128919860629,0.5499999999999999,28.544303797468356,29.0,82
201952,2017-18,70.0,1,0.04878048780487806,0.026132404181184676,0.65,32.40243902439025,30.0,82
201952,2018-19,42.0,1,0.06097560975609758,0.0888501742160279,0.75,33.01428571428571,31.0,82
201952,2019-20,34.0,1,0.21138211382113822,0.32055749128919864,0.85,30.095238095238095,32.0,72
201952,2020-21,34.0,1,0.2715672990063234,0.2634533488192025,0.85,27.794117647058822,33.0,72
201953,2010-11,82.0,0,0.012195121951219523,0.012195121951219523,0.05,13.961538461538462,24.0,82
201953,2011-12,9.0,1,0.0060975609756097615,0.004065040650406508,0.15,14.634146341463415,25.0,66
201953,2012-13,37.0,1,0.29194382852919437,0.49524865378523913,0.25,15.222222222222221,26.0,82
201953,2013-14,23.0,1,0.36104951958610493,0.37218878682293316,0.35,10.567567567567568,27.0,82
201954,2010-11,79.0,1,0.07317073170731703,0.07317073170731703,0.05,27.75,23.0,82
201954,2011-12,60.0,1,0.0548780487804878,0.04878048780487806,0.05,29.873417721518987,24.0,66
201954,2012-13,81.0,1,0.06688839615668885,0.07285397529299971,0.15,31.3,25.0,82
201954,2013-14,80.0,1,0.046563192904656346,0.038169147925245506,0.25,29.28395061728395,26.0,82
201954,2014-15,45.0,1,0.042498152254249834,0.030408615774469454,0.35,25.8625,27.0,82
201954,2015-16,74.0,1,0.16260162601626016,0.2665505226480836,0.44999999999999996,34.77777777777778,28.0,82
201954,2016-17,68.0,1,0.19105691056910568,0.1881533101045296,0.5499999999999999,29.986486486486488,29.0,82
201954,2017-18,69.0,1,0.23983739837398374,0.18989547038327528,0.65,30.33823529411765,30.0,82
201954,2018-19,76.0,1,0.14227642276422767,0.15331010452961674,0.75,29.246376811594203,31.0,82
201954,2021-22,3.0,1,0.13414634146341464,0.11149825783972124,0.85,28.19736842105263,34.0,82
201956,2010-11,71.0,1,0.060975609756097615,0.060975609756097615,0.05,25.07792207792208,23.0,82
201956,2011-12,65.0,1,0.09756097560975613,0.10975609756097564,0.05,23.971830985915492,24.0,66
201956,2012-13,43.0,1,0.07009115545700913,0.05569633618414106,0.15,20.630769230769232,25.0,82
201956,2013-14,71.0,1,0.20830253757083025,0.295269770879527,0.25,11.69767441860465,26.0,82
201956,2014-15,67.0,1,0.20830253757083025,0.2147080561714708,0.35,18.070422535211268,27.0,82
201956,2015-16,69.0,1,0.26422764227642276,0.210801393728223,0.44999999999999996,21.134328358208954,28.0,82
201956,2016-17,22.0,1,0.1585365853658537,0.16202090592334498,0.5499999999999999,27.246376811594203,29.0,82
201956,2017-18,53.0,1,0.3008130081300813,0.39198606271777015,0.65,18.045454545454547,30.0,82
201956,2018-19,36.0,1,0.35772357723577236,0.38501742160278746,0.75,14.0,31.0,82
201957,2010-11,13.0,1,0.8414634146341463,0.8414634146341463,0.05,4.153846153846154,22.0,82
201957,2011-12,65.0,1,0.8414634146341463,0.8414634146341463,0.05,6.538461538461538,23.0,66
201957,2012-13,53.0,1,0.5660261148066026,0.3692851863583571,0.05,22.53846153846154,24.0,82
201957,2013-14,27.0,1,0.40342448879034243,0.32662865589694856,0.15,26.943396226415093,25.0,82
201958,2010-11,28.0,1,0.31707317073170727,0.31707317073170727,0.05,12.5,23.0,82
201958,2011-12,53.0,1,0.4878048780487804,0.5447154471544714,0.05,17.714285714285715,24.0,66
201958,2012-13,45.0,1,0.3908598176890859,0.3460035899060289,0.15,21.71698113207547,25.0,82
201959,2010-11,80.0,1,0.0,0.0,0.25,26.878048780487806,26.0,82
201959,2011-12,63.0,1,0.012195121951219523,0.016260162601626032,0.35,21.775,27.0,66
201959,2012-13,65.0,1,0.023281596452328152,0.03294266708900854,0.44999999999999996,20.38095238095238,28.0,82
201959,2013-14,82.0,0,0.0923872875092387,0.13493823249920808,0.5499999999999999,22.446153846153845,29.0,82
201959,2014-15,62.0,1,0.0842572062084257,0.0657269559708584,0.65,28.670731707317074,30.0,82
201959,2015-16,73.0,1,0.15040650406504064,0.16898954703832753,0.75,27.29032258064516,31.0,82
201959,2016-17,55.0,1,0.11788617886178861,0.13240418118466898,0.85,26.52054794520548,32.0,82
201959,2017-18,82.0,0,0.13414634146341464,0.09407665505226483,0.85,27.30909090909091,33.0,82
201959,2018-19,70.0,1,0.05284552845528456,0.029616724738675968,0.85,33.24390243902439,34.0,82
201959,2019-20,62.0,1,0.06504065040650409,0.09059233449477354,0.85,24.085714285714285,35.0,72
201959,2020-21,45.0,1,0.09507678410117433,0.1211769260549748,0.85,16.532258064516128,36.0,72
201959,2021-22,52.0,1,0.22007678410117434,0.2748741773132017,0.85,20.8,37.0,82
201959,2022-23,49.0,1,0.2932475158084914,0.33604336043360433,0.85,18.192307692307693,38.0,82
201959,2023-24,16.0,1,0.38109756097560976,0.3880662020905924,0.85,9.795918367346939,39.0,82
201959,2024-25,37.0,1,0.508130081300813,0.5993031358885018,0.85,10.2,40.0,82
201959,2025-26,10.0,1,0.5691056910569107,0.5871080139372823,0.85,11.054054054054054,41.0,82
201960,2010-11,7.0,1,0.13414634146341464,0.13414634146341464,0.05,11.19718309859155,24.0,82
201960,2011-12,4.0,1,0.49390243902439024,0.6138211382113821,0.15,5.571428571428571,25.0,66
201960,2012-13,66.0,1,0.5413895048041389,0.6267025657269559,0.25,5.25,26.0,82
201960,2013-14,73.0,1,0.5617147080561714,0.4152676591700981,0.35,16.833333333333332,27.0,82
201960,2014-15,70.0,1,0.3137472283813747,0.20937598986379471,0.44999999999999996,32.06849315068493,28.0,82
201960,2015-16,26.0,1,0.15040650406504064,0.14285714285714285,0.5499999999999999,31.271428571428572,29.0,82
201960,2016-17,72.0,1,0.3130081300813008,0.4477351916376307,0.65,30.23076923076923,30.0,82
201960,2017-18,73.0,1,0.3170731707317073,0.2857142857142857,0.75,26.125,31.0,82
201960,2018-19,67.0,1,0.3048780487804878,0.19512195121951217,0.85,29.863013698630137,32.0,82
201960,2019-20,15.0,1,0.13821138211382114,0.15331010452961674,0.85,25.417910447761194,33.0,72
201961,2010-11,62.0,1,0.07317073170731703,0.07317073170731703,0.05,18.210526315789473,23.0,82
201961,2011-12,51.0,1,0.15853658536585363,0.18699186991869918,0.05,19.048387096774192,24.0,66
201961,2012-13,40.0,1,0.18144863266814484,0.21000950269242954,0.15,19.07843137254902,25.0,82
201961,2013-14,45.0,1,0.17331855136733187,0.12765283496990817,0.25,16.9,26.0,82
201961,2014-15,65.0,1,0.24242424242424243,0.304244535951853,0.35,8.733333333333333,27.0,82
201961,2015-16,76.0,1,0.23577235772357721,0.2543554006968641,0.44999999999999996,25.76923076923077,28.0,82
201961,2016-17,62.0,1,0.2439024390243902,0.16550522648083618,0.5499999999999999,21.25,29.0,82
201961,2017-18,77.0,1,0.17479674796747965,0.18989547038327523,0.65,24.193548387096776,30.0,82
201961,2018-19,25.0,1,0.12601626016260162,0.11498257839721257,0.75,26.506493506493506,31.0,82
201961,2019-20,36.0,1,0.21951219512195122,0.25435540069686413,0.85,21.32,32.0,72
201961,2020-21,46.0,1,0.3048780487804878,0.3954703832752613,0.85,15.5,33.0,72
201961,2021-22,43.0,1,0.40492321589882563,0.3997289972899729,0.85,22.0,34.0,82
201962,2010-11,81.0,1,0.31707317073170727,0.31707317073170727,0.15,19.410714285714285,25.0,82
201962,2011-12,38.0,1,0.1646341463414634,0.11382113821138211,0.25,24.333333333333332,26.0,66
201962,2012-13,49.0,1,0.251170238975117,0.2912047302291204,0.35,17.263157894736842,27.0,82
201962,2013-14,24.0,1,0.19019462921901945,0.19960933375567522,0.44999999999999996,18.632653061224488,28.0,82
201962,2014-15,12.0,1,0.3121458487312146,0.3149614613029247,0.5499999999999999,11.041666666666666,29.0,82
201962,2015-16,61.0,1,0.45528455284552843,0.6149825783972125,0.65,14.75,30.0,82
201962,2016-17,24.0,1,0.4959349593495935,0.44425087108013933,0.75,20.688524590163933,31.0,82
201963,2011-12,6.0,1,0.46341463414634143,0.46341463414634143,0.05,21.522727272727273,23.0,66
201964,2013-14,21.0,1,0.4024390243902439,0.4024390243902439,0.15,16.571428571428573,25.0,82
201964,2014-15,10.0,1,0.5731707317073171,0.6300813008130081,0.25,8.761904761904763,26.0,82
201965,2011-12,20.0,1,0.524390243902439,0.524390243902439,0.15,10.384615384615385,25.0,66
201965,2012-13,37.0,1,0.610679970436068,0.6394432126139443,0.25,5.3,26.0,82
201965,2013-14,73.0,1,0.5900468095590047,0.5876359412944778,0.35,9.972972972972974,27.0,82
201965,2014-15,51.0,1,0.4518354274451835,0.3190792946890508,0.44999999999999996,13.04109589041096,28.0,82
201965,2015-16,17.0,1,0.34552845528455284,0.32578397212543553,0.5499999999999999,7.509803921568627,29.0,82
201967,2010-11,56.0,1,0.23170731707317072,0.23170731707317072,0.05,11.222222222222221,24.0,82
201967,2011-12,64.0,1,0.1402439024390244,0.10975609756097564,0.15,19.785714285714285,25.0,66
201967,2012-13,80.0,1,0.1035969450603597,0.06435434484214972,0.25,17.5625,26.0,82
201967,2013-14,81.0,1,0.034491254003449136,0.029563932002956404,0.35,25.125,27.0,82
201967,2014-15,66.0,1,0.022296132052229616,0.018266286558969495,0.44999999999999996,20.185185185185187,28.0,82
201967,2015-16,80.0,1,0.07723577235772357,0.11846689895470382,0.5499999999999999,25.03030303030303,29.0,82
201967,2016-17,66.0,1,0.07723577235772357,0.07142857142857142,0.65,24.6375,30.0,82
201967,2017-18,51.0,1,0.1382113821138211,0.1463414634146341,0.75,24.984848484848484,31.0,82
201967,2018-19,64.0,1,0.1097560975609756,0.1219512195121951,0.85,21.862745098039216,32.0,82
201969,2010-11,22.0,1,0.46341463414634143,0.46341463414634143,0.05,9.204545454545455,23.0,82
201969,2011-12,15.0,1,0.5975609756097561,0.6422764227642276,0.05,9.045454545454545,24.0,66
201969,2012-13,2.0,1,0.6559497413155949,0.7168197656002534,0.15,13.933333333333334,25.0,82
201970,2010-11,78.0,1,0.024390243902439046,0.024390243902439046,0.25,16.5125,26.0,82
201970,2011-12,21.0,1,0.03658536585365857,0.040650406504065074,0.35,20.21794871794872,27.0,66
201970,2012-13,56.0,1,0.18095590046809562,0.2858198711857249,0.44999999999999996,11.428571428571429,28.0,82
201971,2010-11,81.0,1,0.0,0.0,0.05,18.21951219512195,22.0,82
201971,2011-12,64.0,1,0.0060975609756097615,0.008130081300813016,0.05,21.40740740740741,23.0,66
201971,2012-13,61.0,1,0.0141660507514166,0.020800337873508594,0.05,21.296875,24.0,82
201971,2013-14,78.0,1,0.09953190440995319,0.15674163235138844,0.15,13.950819672131148,25.0,82
201971,2014-15,29.0,1,0.11172702636117271,0.10537430049625174,0.25,15.564102564102564,26.0,82
201971,2015-16,29.0,1,0.3170731707317073,0.4198606271777004,0.35,6.206896551724138,27.0,82
201972,2010-11,63.0,1,0.36585365853658536,0.36585365853658536,0.05,12.576923076923077,24.0,82
201972,2011-12,35.0,1,0.29878048780487804,0.2764227642276423,0.15,10.746031746031745,25.0,66
201973,2011-12,64.0,1,0.024390243902439046,0.024390243902439046,0.15,27.9,25.0,66
201973,2012-13,49.0,1,0.02734663710273466,0.0283321015028332,0.25,22.9375,26.0,82
201973,2013-14,64.0,1,0.15237743286523775,0.24210748600992504,0.35,18.20408163265306,27.0,82
201973,2014-15,46.0,1,0.2174180832717418,0.24474712279590327,0.44999999999999996,11.578125,28.0,82
201973,2015-16,78.0,1,0.23577235772357721,0.1689895470383275,0.5499999999999999,15.282608695652174,29.0,82
201973,2016-17,78.0,1,0.11788617886178861,0.08362369337979095,0.65,15.076923076923077,30.0,82
201973,2017-18,74.0,1,0.06097560975609758,0.05400696864111502,0.75,15.794871794871796,31.0,82
201973,2018-19,73.0,1,0.06504065040650409,0.07665505226480837,0.85,15.324324324324325,32.0,82
201974,2010-11,41.0,1,0.30487804878048785,0.30487804878048785,0.05,9.385964912280702,23.0,82
201974,2011-12,65.0,1,0.3536585365853659,0.3699186991869919,0.05,11.902439024390244,24.0,66
201975,2010-11,74.0,1,0.2682926829268293,0.2682926829268293,0.05,11.853658536585366,23.0,82
201975,2011-12,66.0,0,0.18292682926829268,0.15447154471544713,0.05,27.864864864864863,24.0,66
201975,2012-13,78.0,1,0.12195121951219512,0.06620209059233449,0.15,24.90909090909091,25.0,82
201975,2013-14,77.0,1,0.04878048780487806,0.041811846689895495,0.25,21.32051282051282,26.0,82
201975,2014-15,60.0,1,0.03658536585365857,0.04878048780487809,0.35,33.1948051948052,27.0,82
201975,2015-16,3.0,1,0.12601626016260167,0.1777003484320558,0.44999999999999996,24.366666666666667,28.0,82
201975,2016-17,36.0,1,0.43089430894308944,0.6358885017421603,0.5499999999999999,14.333333333333334,29.0,82
201975,2017-18,77.0,1,0.5975609756097561,0.6341463414634146,0.65,20.5,30.0,82
201975,2018-19,8.0,1,0.5284552845528455,0.33275261324041816,0.75,14.532467532467532,31.0,82
201976,2013-14,56.0,1,0.5,0.5,0.15,17.390243902439025,25.0,82
201976,2014-15,56.0,1,0.40853658536585363,0.3780487804878048,0.25,31.267857142857142,26.0,82
201976,2015-16,71.0,1,0.3780487804878048,0.343205574912892,0.35,30.839285714285715,27.0,82
201976,2016-17,67.0,1,0.2560975609756097,0.21254355400696864,0.44999999999999996,28.746478873239436,28.0,82
201976,2017-18,11.0,1,0.21138211382113822,0.18815331010452965,0.5499999999999999,30.71641791044776,29.0,82
201976,2018-19,78.0,1,0.39430894308943093,0.5662020905923345,0.65,30.363636363636363,30.0,82
201976,2019-20,51.0,1,0.3658536585365854,0.30139372822299654,0.75,27.397435897435898,31.0,72
201976,2020-21,37.0,1,0.40210027100271,0.3042973286875726,0.85,26.313725490196077,32.0,72
201976,2021-22,58.0,1,0.2755194218608853,0.3680797522260937,0.85,22.513513513513512,33.0,82
201976,2022-23,45.0,1,0.35682023486901543,0.3478029423151375,0.85,25.448275862068964,34.0,82
201976,2023-24,47.0,1,0.3205736224028907,0.2575977545489741,0.85,26.91111111111111,35.0,82
201977,2010-11,46.0,1,0.1097560975609756,0.1097560975609756,0.05,25.643835616438356,24.0,82
201977,2011-12,51.0,1,0.1097560975609756,0.1097560975609756,0.15,16.195652173913043,25.0,66
201977,2012-13,72.0,1,0.14892830746489283,0.17690845739626226,0.25,34.90196078431372,26.0,82
201977,2013-14,46.0,1,0.15299334811529933,0.15030091859360153,0.35,23.97222222222222,27.0,82
201977,2014-15,39.0,1,0.15705838876570585,0.13699714919227116,0.44999999999999996,24.369565217391305,28.0,82
201977,2015-16,47.0,1,0.21951219512195122,0.289198606271777,0.5499999999999999,16.41025641025641,29.0,82
201977,2016-17,33.0,1,0.26422764227642276,0.28222996515679444,0.65,18.829787234042552,30.0,82
201978,2010-11,78.0,1,0.09756097560975607,0.09756097560975607,0.05,20.10810810810811,23.0,82
201978,2011-12,58.0,1,0.07317073170731708,0.06504065040650409,0.05,22.28205128205128,24.0,66
201978,2012-13,23.0,1,0.08918452820891846,0.09713863372399958,0.15,22.379310344827587,25.0,82
201978,2013-14,41.0,1,0.29650160137965015,0.4527505015309893,0.25,22.08695652173913,26.0,82
201978,2014-15,67.0,1,0.44690810544469084,0.508605215922289,0.35,18.317073170731707,27.0,82
201978,2015-16,49.0,1,0.46747967479674796,0.3501742160278746,0.44999999999999996,19.19402985074627,28.0,82
201979,2014-15,58.0,1,0.13414634146341464,0.13414634146341464,0.25,16.52112676056338,26.0,82
201980,2010-11,8.0,1,0.7560975609756098,0.7560975609756098,0.05,5.75,24.0,82
201980,2011-12,66.0,0,0.8292682926829269,0.8536585365853658,0.15,11.5,25.0,66
201980,2012-13,80.0,1,0.5528455284552846,0.36585365853658536,0.25,23.060606060606062,26.0,82
201980,2013-14,68.0,1,0.3089430894308943,0.14285714285714285,0.35,27.5125,27.0,82
201980,2014-15,81.0,1,0.06504065040650409,0.1045296167247387,0.44999999999999996,24.279411764705884,28.0,82
201980,2015-16,79.0,1,0.0691056910569106,0.059233449477351936,0.5499999999999999,28.54320987654321,29.0,82
201980,2016-17,68.0,1,0.0731707317073171,0.04878048780487808,0.65,26.10126582278481,30.0,82
201980,2017-18,70.0,1,0.0731707317073171,0.10975609756097564,0.75,26.573529411764707,31.0,82
201980,2018-19,80.0,1,0.11788617886178865,0.13763066202090596,0.85,25.585714285714285,32.0,82
201980,2019-20,68.0,1,0.11382113821138214,0.08013937282229967,0.85,27.6875,33.0,72
201980,2020-21,69.0,1,0.07542908762420959,0.059620596205962086,0.85,24.808823529411764,34.0,72
201980,2021-22,62.0,1,0.040537488708220416,0.04316686024003096,0.85,28.028985507246375,35.0,82
201980,2022-23,3.0,1,0.11370822041553748,0.1592140921409214,0.85,21.822580645161292,36.0,82
201980,2023-24,2.0,1,0.3838075880758807,0.5704123112659698,0.85,14.666666666666666,37.0,82
201985,2010-11,50.0,1,0.31707317073170727,0.31707317073170727,0.05,15.446428571428571,24.0,82
201985,2011-12,44.0,1,0.35365853658536583,0.3658536585365854,0.15,15.9,25.0,66
201985,2012-13,57.0,1,0.3468834688346883,0.3472706155632985,0.25,12.909090909090908,26.0,82
201985,2013-14,28.0,1,0.3428184281842819,0.3252032520325204,0.35,22.42105263157895,27.0,82
201985,2014-15,10.0,1,0.43224932249322495,0.5110336817653891,0.44999999999999996,3.5357142857142856,28.0,82
201986,2013-14,26.0,1,0.12195121951219512,0.12195121951219512,0.35,12.777777777777779,27.0,82
201988,2010-11,64.0,1,0.8780487804878049,0.8780487804878049,0.05,3.8,22.0,82
201988,2011-12,16.0,1,0.5487804878048781,0.4390243902439024,0.05,12.234375,23.0,66
201988,2012-13,58.0,1,0.6183789110618378,0.6210537430049625,0.05,16.3125,24.0,82
201988,2013-14,81.0,1,0.4232569598423257,0.4150564882272199,0.15,11.310344827586206,25.0,82
201988,2014-15,51.0,1,0.35415126878541514,0.19881744271988175,0.25,18.85185185185185,26.0,82
201988,2015-16,81.0,1,0.22764227642276424,0.2613240418118467,0.35,15.705882352941176,27.0,82
201988,2016-17,80.0,1,0.13414634146341464,0.1167247386759582,0.44999999999999996,20.51851851851852,28.0,82
201988,2017-18,82.0,0,0.13821138211382114,0.07142857142857144,0.5499999999999999,21.925,29.0,82
201988,2018-19,82.0,0,0.012195121951219523,0.008710801393728231,0.65,25.695121951219512,30.0,82
201988,2019-20,66.0,1,0.008130081300813016,0.0034843205574912922,0.75,23.26829268292683,31.0,72
201988,2020-21,68.0,1,0.02777777777777779,0.04761904761904764,0.85,22.5,32.0,72
201988,2021-22,81.0,1,0.046296296296296315,0.05555555555555558,0.85,24.779411764705884,33.0,82
201988,2022-23,40.0,1,0.05036133694670283,0.034746418892760374,0.85,28.962962962962962,34.0,82
201988,2023-24,19.0,1,0.1933152664859982,0.3041037553232675,0.85,14.175,35.0,82
201988,2024-25,17.0,1,0.37804878048780494,0.4965156794425087,0.85,12.96875,36.0,82
201991,2010-11,11.0,1,0.6951219512195121,0.6951219512195121,0.25,4.375,26.0,82
201991,2011-12,13.0,1,0.7804878048780488,0.8089430894308943,0.35,6.636363636363637,27.0,66
201991,2014-15,5.0,1,0.772850455777285,0.7795903283708162,0.65,24.153846153846153,30.0,82
202066,2010-11,3.0,1,0.6707317073170731,0.6707317073170731,0.15,13.11111111111111,25.0,82
202066,2012-13,51.0,1,0.6890243902439024,0.695121951219512,0.35,7.0,27.0,82
202066,2013-14,75.0,1,0.5853658536585366,0.5139372822299652,0.44999999999999996,22.666666666666668,28.0,82
202066,2014-15,52.0,1,0.39024390243902435,0.2578397212543554,0.5499999999999999,8.506666666666666,29.0,82
202066,2015-16,80.0,1,0.2764227642276423,0.2874564459930314,0.65,14.153846153846153,30.0,82
202066,2016-17,65.0,1,0.15853658536585366,0.13066202090592335,0.75,24.3875,31.0,82
202066,2017-18,65.0,1,0.1991869918699187,0.1777003484320557,0.85,26.584615384615386,32.0,82
202066,2018-19,49.0,1,0.14634146341463414,0.18118466898954702,0.85,24.846153846153847,33.0,82
202066,2019-20,62.0,1,0.16666666666666663,0.13763066202090588,0.85,27.213333333333335,34.0,72
202066,2020-21,56.0,1,0.14385727190605235,0.13337204800619432,0.85,27.903225806451612,35.0,72
202066,2021-22,59.0,1,0.14882565492321587,0.17886178861788618,0.85,27.285714285714285,36.0,82
202066,2022-23,25.0,1,0.21386630532971995,0.24361207897793263,0.85,18.610169491525422,37.0,82
202066,2023-24,27.0,1,0.39927732610659444,0.5090979481223383,0.85,6.48,38.0,82
202066,2024-25,28.0,1,0.548780487804878,0.621951219512195,0.85,10.703703703703704,39.0,82
202066,2025-26,22.0,1,0.6747967479674797,0.6672473867595817,0.85,8.107142857142858,39.0,82
202082,2011-12,7.0,1,0.8536585365853658,0.8536585365853658,0.5499999999999999,4.428571428571429,29.0,66
202083,2010-11,82.0,0,0.0,0.0,0.05,24.695121951219512,24.0,82
202083,2011-12,66.0,0,0.0,0.0,0.15,33.63414634146341,25.0,66
202083,2012-13,69.0,1,0.0,0.0,0.25,33.75757575757576,26.0,82
202083,2013-14,82.0,0,0.05284552845528456,0.09059233449477354,0.35,34.82608695652174,27.0,82
202083,2014-15,60.0,1,0.05284552845528456,0.04529616724738677,0.44999999999999996,33.90243902439025,28.0,82
202083,2015-16,78.0,1,0.14227642276422767,0.17595818815331013,0.5499999999999999,33.733333333333334,29.0,82
202083,2016-17,73.0,1,0.10569105691056913,0.1045296167247387,0.65,33.8974358974359,30.0,82
202083,2017-18,63.0,1,0.14227642276422767,0.11498257839721256,0.75,34.178082191780824,31.0,82
202083,2018-19,44.0,1,0.13008130081300814,0.17073170731707316,0.85,33.82539682539682,32.0,82
202083,2019-20,67.0,1,0.16666666666666666,0.17247386759581884,0.85,29.818181818181817,33.0,72
202083,2020-21,58.0,1,0.15322944896115628,0.11807975222609368,0.85,24.402985074626866,34.0,72
202083,2021-22,49.0,1,0.1408084914182475,0.15360046457607432,0.85,19.482758620689655,35.0,82
202083,2022-23,52.0,1,0.22210930442637758,0.2954413472706156,0.85,20.448979591836736,36.0,82
202083,2023-24,36.0,1,0.3209123757904246,0.35181958962446774,0.85,15.76923076923077,37.0,82
202087,2010-11,5.0,1,0.8658536585365854,0.8658536585365854,0.05,16.545454545454547,24.0,82
202087,2011-12,63.0,1,0.5914634146341463,0.5,0.15,3.6,25.0,66
202087,2012-13,82.0,0,0.409460458240946,0.24025974025974023,0.25,29.0,26.0,82
202087,2013-14,65.0,1,0.12084257206208422,0.058283180234399726,0.35,30.98780487804878,27.0,82
202087,2014-15,39.0,1,0.0842572062084257,0.1249604054482103,0.44999999999999996,15.692307692307692,28.0,82
202087,2015-16,73.0,1,0.18292682926829265,0.2543554006968641,0.5499999999999999,13.102564102564102,29.0,82
202087,2016-17,13.0,1,0.2195121951219512,0.18989547038327523,0.65,22.356164383561644,30.0,82
202130,2010-11,80.0,1,0.7073170731707317,0.7073170731707317,0.05,32.583333333333336,24.0,82
202130,2011-12,33.0,1,0.36585365853658536,0.25203252032520324,0.15,20.325,25.0,66
202130,2012-13,40.0,1,0.4105691056910569,0.39372822299651566,0.25,22.636363636363637,26.0,82
202130,2013-14,3.0,1,0.34552845528455284,0.43902439024390244,0.35,9.5,27.0,82
202130,2014-15,20.0,1,0.6585365853658537,0.7682926829268293,0.44999999999999996,5.666666666666667,28.0,82
202130,2016-17,6.0,1,0.7439024390243901,0.7804878048780487,0.65,5.25,30.0,82
202178,2010-11,8.0,1,0.6097560975609756,0.6097560975609756,0.15,6.78125,25.0,82
202178,2011-12,57.0,1,0.6585365853658536,0.6747967479674797,0.25,8.125,26.0,66
202227,2012-13,7.0,1,0.6666666666666667,0.6666666666666667,0.15,14.454545454545455,25.0,82
202322,2011-12,66.0,0,0.1585365853658537,0.1585365853658537,0.05,37.768115942028984,21.0,66
202322,2012-13,49.0,1,0.07926829268292684,0.05284552845528456,0.05,36.15151515151515,22.0,82
202322,2013-14,82.0,0,0.1869918699186992,0.2526132404181185,0.05,32.69387755102041,23.0,82
202322,2014-15,79.0,1,0.13414634146341464,0.11498257839721256,0.05,36.34146341463415,24.0,82
202322,2015-16,77.0,1,0.14634146341463417,0.07839721254355403,0.15,35.91139240506329,25.0,82
202322,2016-17,78.0,1,0.032520325203252064,0.0452961672473868,0.25,36.15584415584416,26.0,82
202322,2017-18,41.0,1,0.04878048780487809,0.050522648083623736,0.35,36.35897435897436,27.0,82
202322,2018-19,32.0,1,0.20325203252032523,0.3083623693379791,0.44999999999999996,34.390243902439025,28.0,82
202322,2020-21,40.0,1,0.38617886178861793,0.49825783972125437,0.65,34.5,30.0,72
202322,2022-23,34.0,1,0.51806684733514,0.4996128532713899,0.85,32.2,32.0,82
202323,2011-12,65.0,1,0.04878048780487809,0.04878048780487809,0.05,23.03846153846154,23.0,66
202323,2012-13,82.0,0,0.031966001478196615,0.02636117270263612,0.05,26.353846153846153,24.0,82
202323,2013-14,54.0,1,0.021310667652131077,0.01129764544398691,0.15,35.26829268292683,25.0,82
202323,2014-15,82.0,0,0.009115545700911554,0.009133143279484748,0.25,34.925925925925924,26.0,82
202323,2015-16,81.0,1,0.004065040650406508,0.0034843205574912922,0.35,27.5609756097561,27.0,82
202323,2016-17,65.0,1,0.008130081300813016,0.008710801393728231,0.44999999999999996,28.037037037037038,28.0,82
202323,2017-18,79.0,1,0.07317073170731707,0.1219512195121951,0.5499999999999999,25.523076923076925,29.0,82
202323,2018-19,73.0,1,0.08536585365853659,0.0818815331010453,0.65,25.746835443037973,30.0,82
202323,2019-20,19.0,1,0.11788617886178861,0.10278745644599303,0.75,22.0,31.0,72
202324,2011-12,65.0,1,0.04878048780487809,0.04878048780487809,0.05,19.482142857142858,20.0,66
202324,2012-13,77.0,1,0.031966001478196615,0.02636117270263612,0.05,21.16923076923077,21.0,82
202324,2013-14,73.0,1,0.04163587090416362,0.04614085101889983,0.05,23.207792207792206,22.0,82
202324,2014-15,74.0,1,0.061961074156196116,0.08230387498680182,0.05,30.15068493150685,23.0,82
202324,2015-16,62.0,1,0.08943089430894309,0.09581881533101044,0.05,30.81081081081081,24.0,82
202324,2016-17,50.0,1,0.15040650406504064,0.18292682926829265,0.15,31.983870967741936,25.0,82
202324,2017-18,77.0,1,0.24390243902439024,0.3066202090592335,0.25,23.72,26.0,82
202324,2018-19,76.0,1,0.23170731707317074,0.18118466898954708,0.35,27.961038961038962,27.0,82
202324,2019-20,51.0,1,0.17479674796747968,0.11498257839721253,0.44999999999999996,23.236842105263158,28.0,72
202324,2020-21,68.0,1,0.14193766937669375,0.1962833914053426,0.5499999999999999,24.352941176470587,29.0,72
202324,2021-22,39.0,1,0.14013098464317975,0.12553232675183895,0.65,15.279411764705882,30.0,82
202325,2011-12,65.0,1,0.03658536585365857,0.03658536585365857,0.05,26.189873417721518,24.0,66
202325,2012-13,50.0,1,0.025868440502586854,0.022296132052229616,0.15,22.6,25.0,82
202325,2013-14,79.0,1,0.1473269278147327,0.23255200084468378,0.25,19.06,26.0,82
202325,2014-15,76.0,1,0.1473269278147327,0.1345686833491712,0.35,28.354430379746834,27.0,82
202325,2015-16,80.0,1,0.16666666666666666,0.10801393728222995,0.44999999999999996,29.539473684210527,28.0,82
202325,2016-17,68.0,1,0.044715447154471545,0.04006968641114983,0.5499999999999999,20.825,29.0,82
202325,2017-18,74.0,1,0.08943089430894309,0.11498257839721257,0.65,11.911764705882353,30.0,82
202325,2018-19,26.0,1,0.09756097560975611,0.10801393728222997,0.75,20.08108108108108,31.0,82
202326,2011-12,64.0,1,0.012195121951219523,0.012195121951219523,0.05,28.506172839506174,21.0,66
202326,2012-13,75.0,1,0.0212490761271249,0.024267060852426692,0.05,30.46875,22.0,82
202326,2013-14,71.0,1,0.04262133530426212,0.05918065674163232,0.05,30.52,23.0,82
202326,2014-15,59.0,1,0.08327174180832715,0.10537430049625171,0.05,32.36619718309859,24.0,82
202326,2015-16,65.0,1,0.16666666666666666,0.21080139372822299,0.15,34.11864406779661,25.0,82
202326,2016-17,55.0,1,0.2073170731707317,0.2177700348432056,0.25,34.55384615384615,26.0,82
202326,2017-18,48.0,1,0.2032520325203252,0.16898954703832753,0.35,34.38181818181818,27.0,82
202326,2018-19,30.0,1,0.24796747967479674,0.30139372822299654,0.44999999999999996,36.1875,28.0,82
202326,2020-21,25.0,1,0.39024390243902446,0.4982578397212544,0.65,25.7,30.0,72
202326,2021-22,17.0,1,0.4931120144534778,0.486449864498645,0.75,20.24,31.0,82
202327,2011-12,38.0,1,0.29268292682926833,0.29268292682926833,0.15,17.75862068965517,25.0,66
202327,2012-13,76.0,1,0.18422025129342207,0.14806602611480665,0.25,21.763157894736842,26.0,82
202327,2013-14,42.0,1,0.1472037447647204,0.10526871502481258,0.35,17.263157894736842,27.0,82
202327,2014-15,33.0,1,0.21224439517122443,0.3104740787667617,0.44999999999999996,19.142857142857142,28.0,82
202327,2017-18,63.0,1,0.38617886178861793,0.4912891986062718,0.75,3.878787878787879,31.0,82
202327,2018-19,51.0,1,0.4390243902439024,0.37282229965156793,0.85,12.857142857142858,32.0,82
202328,2011-12,66.0,0,0.024390243902439046,0.024390243902439046,0.05,27.775,22.0,66
202328,2012-13,81.0,1,0.012195121951219523,0.008130081300813016,0.05,31.545454545454547,23.0,82
202328,2013-14,82.0,0,0.012195121951219523,0.010452961672473877,0.05,33.17283950617284,24.0,82
202328,2014-15,69.0,1,0.004065040650406508,0.0034843205574912922,0.15,32.80487804878049,25.0,82
202328,2015-16,79.0,1,0.05691056910569107,0.09233449477351918,0.25,30.971014492753625,26.0,82
202328,2016-17,81.0,1,0.06504065040650409,0.06620209059233452,0.35,29.29113924050633,27.0,82
202328,2017-18,5.0,1,0.0691056910569106,0.040069686411149844,0.44999999999999996,22.506172839506174,28.0,82
202328,2018-19,38.0,1,0.14227642276422767,0.22473867595818817,0.5499999999999999,15.8,29.0,82
202328,2021-22,2.0,1,0.2886178861788618,0.38153310104529614,0.85,11.131578947368421,32.0,82
202329,2011-12,66.0,0,0.012195121951219523,0.012195121951219523,0.05,17.925925925925927,21.0,66
202329,2012-13,76.0,1,0.0060975609756097615,0.004065040650406508,0.05,22.37878787878788,22.0,82
202329,2013-14,80.0,1,0.028455284552845517,0.04355400696864109,0.05,27.18421052631579,23.0,82
202329,2014-15,74.0,1,0.03252032520325202,0.03484320557491289,0.05,25.5625,24.0,82
202329,2015-16,82.0,0,0.06504065040650404,0.07317073170731705,0.15,18.45945945945946,25.0,82
202329,2016-17,61.0,1,0.04065040650406504,0.0313588850174216,0.25,28.548780487804876,26.0,82
202329,2017-18,69.0,1,0.11788617886178861,0.16027874564459932,0.35,29.065573770491802,27.0,82
202329,2018-19,81.0,1,0.13821138211382114,0.1637630662020906,0.44999999999999996,30.028985507246375,28.0,82
202329,2019-20,18.0,1,0.14227642276422767,0.0888501742160279,0.5499999999999999,28.296296296296298,29.0,72
202329,2020-21,17.0,1,0.3069105691056911,0.4547038327526133,0.65,21.11111111111111,30.0,72
202330,2011-12,66.0,0,0.12195121951219512,0.12195121951219512,0.05,16.916666666666668,22.0,66
202330,2012-13,72.0,1,0.06097560975609756,0.04065040650406504,0.05,30.53030303030303,23.0,82
202330,2013-14,77.0,1,0.08130081300813008,0.08710801393728222,0.05,29.22222222222222,24.0,82
202330,2014-15,76.0,1,0.06097560975609758,0.06968641114982581,0.15,36.36363636363637,25.0,82
202330,2015-16,80.0,1,0.08536585365853659,0.07665505226480836,0.25,34.44736842105263,26.0,82
202330,2016-17,73.0,1,0.05284552845528456,0.043554006968641125,0.35,36.1625,27.0,82
202330,2017-18,1.0,1,0.06910569105691056,0.08013937282229965,0.44999999999999996,34.465753424657535,28.0,82
202330,2018-19,72.0,1,0.3739837398373984,0.5993031358885018,0.5499999999999999,5.0,29.0,82
202330,2019-20,52.0,1,0.40650406504065045,0.36759581881533104,0.65,25.875,30.0,72
202330,2020-21,44.0,1,0.46251129177958444,0.3346883468834689,0.75,33.46153846153846,31.0,72
202330,2021-22,49.0,1,0.26287262872628725,0.319008904374758,0.85,34.0,32.0,82
202330,2022-23,50.0,1,0.35636856368563685,0.38075880758807584,0.85,31.918367346938776,33.0,82
202330,2023-24,25.0,1,0.3938572719060524,0.39353464963221063,0.85,31.54,34.0,82
202331,2011-12,66.0,0,0.25609756097560976,0.25609756097560976,0.05,20.737704918032787,22.0,66
202331,2012-13,79.0,1,0.12804878048780488,0.08536585365853659,0.05,29.666666666666668,23.0,82
202331,2013-14,80.0,1,0.09756097560975611,0.05749128919860629,0.05,37.620253164556964,24.0,82
202331,2014-15,6.0,1,0.020325203252032537,0.024390243902439046,0.15,36.225,25.0,82
202331,2015-16,81.0,1,0.32926829268292684,0.5418118466898955,0.25,15.166666666666666,26.0,82
202331,2016-17,75.0,1,0.32113821138211385,0.27526132404181186,0.35,34.80246913580247,27.0,82
202331,2017-18,79.0,1,0.34146341463414637,0.1846689895470383,0.44999999999999996,35.85333333333333,28.0,82
202331,2018-19,77.0,1,0.044715447154471545,0.04703832752613241,0.5499999999999999,36.59493670886076,29.0,82
202331,2019-20,48.0,1,0.06097560975609758,0.057491289198606306,0.65,36.896103896103895,30.0,72
202331,2020-21,54.0,1,0.14363143631436318,0.2131242740998839,0.75,29.5625,31.0,72
202331,2021-22,31.0,1,0.214769647696477,0.24680603948896634,0.85,33.72222222222222,32.0,82
202331,2022-23,56.0,1,0.40176151761517614,0.4744483159117306,0.85,34.74193548387097,33.0,82
202331,2023-24,74.0,1,0.3963414634146341,0.3945993031358884,0.85,34.625,34.0,82
202331,2024-25,41.0,1,0.34552845528455284,0.23519163763066198,0.85,33.810810810810814,35.0,82
202331,2025-26,37.0,1,0.3048780487804878,0.3588850174216028,0.85,32.53658536585366,36.0,82
202332,2011-12,26.0,1,0.7804878048780488,0.7804878048780488,0.05,7.888888888888889,23.0,66
202332,2012-13,30.0,1,0.6932742054693275,0.6642030056664203,0.05,6.653846153846154,24.0,82
202332,2013-14,46.0,1,0.6125893077112589,0.5424981522542497,0.15,7.1,25.0,82
202332,2014-15,61.0,1,0.49876816949987673,0.46637102734663705,0.25,7.173913043478261,26.0,82
202332,2015-16,60.0,1,0.38211382113821135,0.33623693379790937,0.35,16.0,27.0,82
202332,2016-17,62.0,1,0.3211382113821138,0.289198606271777,0.44999999999999996,13.333333333333334,28.0,82
202332,2017-18,21.0,1,0.25609756097560976,0.25261324041811845,0.5499999999999999,8.564516129032258,29.0,82
202333,2011-12,45.0,1,0.5365853658536586,0.5365853658536586,0.05,13.868421052631579,21.0,66
202333,2012-13,50.0,1,0.4273835920177384,0.39098300073909836,0.05,16.866666666666667,22.0,82
202333,2013-14,43.0,1,0.4150036954915004,0.3905606588533418,0.05,12.5,23.0,82
202333,2014-15,9.0,1,0.3946784922394679,0.42872980677858724,0.05,21.11627906976744,24.0,82
202334,2011-12,66.0,0,0.20731707317073167,0.20731707317073167,0.05,24.646153846153847,23.0,66
202334,2012-13,45.0,1,0.10365853658536583,0.06910569105691056,0.05,23.242424242424242,24.0,82
202334,2013-14,63.0,1,0.07317073170731707,0.036585365853658534,0.15,24.155555555555555,25.0,82
202334,2014-15,79.0,1,0.08130081300813008,0.13588850174216027,0.25,15.174603174603174,26.0,82
202334,2015-16,81.0,1,0.0934959349593496,0.0888501742160279,0.35,23.29113924050633,27.0,82
202334,2016-17,46.0,1,0.0934959349593496,0.05052264808362371,0.44999999999999996,20.790123456790123,28.0,82
202334,2017-18,78.0,1,0.16260162601626016,0.259581881533101,0.5499999999999999,17.152173913043477,29.0,82
202334,2018-19,81.0,1,0.16666666666666666,0.15505226480836237,0.65,18.858974358974358,30.0,82
202334,2019-20,28.0,1,0.16666666666666666,0.08362369337979095,0.75,17.85185185185185,31.0,72
202334,2020-21,23.0,1,0.22402890695573627,0.35965931087882314,0.85,10.821428571428571,32.0,72
202334,2021-22,31.0,1,0.4346205962059621,0.5652342237708091,0.85,13.0,33.0,82
202335,2011-12,64.0,1,0.36585365853658536,0.36585365853658536,0.05,16.692307692307693,23.0,66
202335,2012-13,47.0,1,0.19807834441980782,0.1421532397142153,0.05,23.171875,24.0,82
202335,2013-14,17.0,1,0.17676767676767677,0.13757786928518637,0.15,25.93617021276596,25.0,82
202335,2014-15,81.0,1,0.12392214831239219,0.16112342941611232,0.25,24.41176470588235,26.0,82
202335,2015-16,79.0,1,0.11788617886178861,0.08536585365853658,0.35,26.617283950617285,27.0,82
202335,2016-17,65.0,1,0.08536585365853659,0.054006968641115,0.44999999999999996,25.569620253164558,28.0,82
202335,2017-18,82.0,0,0.08536585365853659,0.13066202090592333,0.5499999999999999,24.6,29.0,82
202335,2018-19,63.0,1,0.08130081300813008,0.06445993031358885,0.65,15.487804878048781,30.0,82
202335,2019-20,59.0,1,0.14634146341463414,0.16202090592334492,0.75,13.666666666666666,31.0,72
202335,2020-21,38.0,1,0.13742095754290876,0.16937669376693767,0.85,13.152542372881356,32.0,72
202336,2011-12,52.0,1,0.2682926829268293,0.2682926829268293,0.05,14.533333333333333,23.0,66
202336,2012-13,71.0,1,0.24020694752402072,0.23084503572308454,0.05,12.365384615384615,24.0,82
202336,2013-14,23.0,1,0.20485341217048536,0.17558863900327318,0.15,27.281690140845072,25.0,82
202336,2014-15,27.0,1,0.35525991623552605,0.4797803822194066,0.25,25.391304347826086,26.0,82
202336,2016-17,5.0,1,0.508130081300813,0.6080139372822299,0.44999999999999996,21.703703703703702,28.0,82
202337,2011-12,40.0,1,0.7073170731707317,0.7073170731707317,0.05,5.708333333333333,23.0,66
202337,2012-13,62.0,1,0.5506282335550627,0.49839862034983984,0.05,13.425,24.0,82
202337,2013-14,27.0,1,0.44838630204483865,0.3529722310210115,0.15,11.774193548387096,25.0,82
202337,2014-15,63.0,1,0.4361911800936191,0.5092387287509238,0.25,17.51851851851852,26.0,82
202337,2015-16,47.0,1,0.38211382113821135,0.3588850174216027,0.35,13.174603174603174,27.0,82
202337,2016-17,68.0,1,0.4430894308943089,0.40592334494773524,0.44999999999999996,17.97872340425532,28.0,82
202337,2017-18,37.0,1,0.2764227642276423,0.2526132404181185,0.5499999999999999,15.661764705882353,29.0,82
202338,2011-12,57.0,1,0.29268292682926833,0.29268292682926833,0.05,10.948275862068966,22.0,66
202338,2012-13,79.0,1,0.21452328159645234,0.188470066518847,0.05,20.63157894736842,23.0,82
202338,2013-14,53.0,1,0.1552106430155211,0.10167880899588219,0.05,21.78481012658228,24.0,82
202338,2014-15,79.0,1,0.17553584626755359,0.2320240734874881,0.15,10.90566037735849,25.0,82
202338,2015-16,48.0,1,0.14227642276422767,0.12717770034843207,0.25,15.632911392405063,26.0,82
202338,2016-17,49.0,1,0.2682926829268293,0.2979094076655052,0.35,10.958333333333334,27.0,82
202339,2011-12,40.0,1,0.012195121951219523,0.012195121951219523,0.05,22.728395061728396,22.0,66
202339,2012-13,76.0,1,0.20306725794530672,0.2666913032766691,0.05,11.6,23.0,82
202339,2013-14,43.0,1,0.15976841586597681,0.15610811952275364,0.05,20.43421052631579,24.0,82
202339,2014-15,81.0,1,0.31423996058142395,0.3489599831063246,0.15,32.93023255813954,25.0,82
202339,2015-16,31.0,1,0.18699186991869918,0.15331010452961674,0.25,34.5679012345679,26.0,82
202339,2016-17,66.0,1,0.3699186991869919,0.4268292682926829,0.35,34.16129032258065,27.0,82
202339,2017-18,3.0,1,0.2764227642276423,0.29094076655052264,0.44999999999999996,32.96969696969697,28.0,82
202339,2018-19,78.0,1,0.3048780487804878,0.20034843205574912,0.5499999999999999,27.666666666666668,29.0,82
202339,2019-20,61.0,1,0.11382113821138211,0.08362369337979095,0.65,29.128205128205128,30.0,72
202339,2020-21,71.0,1,0.09970641373080398,0.11517615176151763,0.75,26.983606557377048,31.0,72
202339,2021-22,54.0,1,0.07181571815718157,0.05855594270228415,0.85,29.746478873239436,32.0,82
202340,2011-12,64.0,1,0.6219512195121951,0.6219512195121951,0.05,5.225806451612903,21.0,66
202340,2012-13,50.0,1,0.3261271249076127,0.2275190933727519,0.05,21.375,22.0,82
202340,2013-14,60.0,1,0.34749938408474995,0.3205046985534791,0.05,28.7,23.0,82
202340,2014-15,77.0,1,0.22961320522296133,0.2691373666983423,0.05,30.916666666666668,24.0,82
202340,2015-16,76.0,1,0.23983739837398377,0.1672473867595819,0.15,31.532467532467532,25.0,82
202340,2016-17,55.0,1,0.13414634146341464,0.09756097560975609,0.25,33.36842105263158,26.0,82
202340,2017-18,40.0,1,0.15447154471544713,0.21777003484320553,0.35,33.36363636363637,27.0,82
202340,2018-19,49.0,1,0.28048780487804875,0.3554006968641114,0.44999999999999996,31.7,28.0,82
202340,2019-20,49.0,1,0.3333333333333333,0.30487804878048774,0.5499999999999999,29.857142857142858,29.0,72
202340,2020-21,10.0,1,0.3300587172538392,0.3114595431668602,0.65,24.20408163265306,30.0,72
202340,2021-22,62.0,1,0.3920505871725384,0.4815137437088657,0.75,22.296296296296298,31.0,82
202341,2011-12,51.0,1,0.6829268292682926,0.6829268292682926,0.05,11.0,23.0,66
202341,2012-13,10.0,1,0.45509977827050996,0.37915742793791574,0.05,11.823529411764707,24.0,82
202341,2013-14,80.0,1,0.4781966001478197,0.46214760848907194,0.15,9.4,25.0,82
202341,2015-16,51.0,1,0.2586844050258685,0.19623059866962309,0.35,28.8625,27.0,82
202342,2011-12,14.0,1,0.9634146341463414,0.9634146341463414,0.05,11.0,24.0,66
202343,2013-14,67.0,1,0.6363636363636364,0.6363636363636364,0.15,6.208333333333333,25.0,82
202343,2014-15,5.0,1,0.40964523281596454,0.33407243163340733,0.25,17.26865671641791,26.0,82
202343,2015-16,5.0,1,0.5535846267553585,0.6240101362052581,0.35,8.4,27.0,82
202344,2011-12,50.0,1,0.20731707317073167,0.20731707317073167,0.05,16.353846153846153,24.0,66
202344,2012-13,48.0,1,0.22487065779748705,0.2307218526730722,0.15,25.22,25.0,82
202344,2013-14,72.0,1,0.2881251539788125,0.33581459191215285,0.25,18.479166666666668,26.0,82
202344,2014-15,79.0,1,0.259669869425967,0.22278534473656425,0.35,21.569444444444443,27.0,82
202344,2015-16,79.0,1,0.1910569105691057,0.11498257839721257,0.44999999999999996,19.79746835443038,28.0,82
202344,2016-17,71.0,1,0.06504065040650409,0.04878048780487808,0.5499999999999999,20.658227848101266,29.0,82
202344,2017-18,18.0,1,0.0691056910569106,0.09233449477351918,0.65,24.704225352112676,30.0,82
202345,2011-12,7.0,1,0.6951219512195121,0.6951219512195121,0.05,16.12,24.0,66
202345,2012-13,2.0,1,0.794530672579453,0.8276669130327666,0.15,24.285714285714285,25.0,82
202345,2013-14,5.0,1,0.8548903670854889,0.9122056804983635,0.25,0.0,26.0,82
202346,2011-12,33.0,1,0.7804878048780488,0.7804878048780488,0.05,7.5,23.0,66
202346,2012-13,29.0,1,0.6402439024390244,0.5934959349593496,0.05,8.121212121212121,24.0,82
202347,2011-12,64.0,1,0.19512195121951215,0.19512195121951215,0.05,11.121212121212121,24.0,66
202347,2012-13,59.0,1,0.11271249076127121,0.08524267060852424,0.15,15.65625,25.0,82
202347,2013-14,15.0,1,0.16863759546686374,0.19681131876253827,0.25,21.06779661016949,26.0,82
202347,2014-15,30.0,1,0.37595466863759547,0.5513673318551368,0.35,18.0,27.0,82
202347,2017-18,23.0,1,0.39430894308943093,0.3222996515679442,0.65,18.0,30.0,82
202347,2018-19,53.0,1,0.540650406504065,0.5522648083623694,0.75,8.521739130434783,31.0,82
202348,2011-12,64.0,1,0.4878048780487805,0.4878048780487805,0.05,10.0,23.0,66
202348,2012-13,43.0,1,0.2590539541759054,0.18280364621828035,0.05,27.390625,24.0,82
202348,2013-14,39.0,1,0.2214831239221483,0.16196811318762538,0.15,26.209302325581394,25.0,82
202348,2016-17,19.0,1,0.06294653855629466,0.053109492133882386,0.44999999999999996,30.71794871794872,28.0,82
202348,2017-18,5.0,1,0.3089430894308943,0.4634146341463415,0.5499999999999999,23.263157894736842,29.0,82
202349,2011-12,66.0,0,0.14634146341463417,0.14634146341463417,0.15,12.285714285714286,25.0,66
202349,2012-13,78.0,1,0.07317073170731708,0.04878048780487806,0.25,25.848484848484848,26.0,82
202349,2013-14,18.0,1,0.06504065040650409,0.04878048780487808,0.35,34.42307692307692,27.0,82
202349,2014-15,82.0,0,0.028455284552845555,0.034843205574912925,0.44999999999999996,25.833333333333332,28.0,82
202349,2015-16,23.0,1,0.028455284552845555,0.017421602787456462,0.5499999999999999,24.28048780487805,29.0,82
202349,2016-17,3.0,1,0.25203252032520324,0.416376306620209,0.65,20.0,30.0,82
202350,2012-13,13.0,1,0.7575757575757576,0.7575757575757576,0.05,11.6875,22.0,82
202350,2013-14,22.0,1,0.799519586104952,0.8135008622813501,0.05,8.0,23.0,82
202351,2011-12,26.0,1,0.4878048780487805,0.4878048780487805,0.15,9.976190476190476,25.0,66
202351,2012-13,4.0,1,0.5469327420546932,0.5666420300566642,0.25,5.423076923076923,26.0,82
202354,2011-12,35.0,1,0.975609756097561,0.975609756097561,0.05,5.5,24.0,66
202354,2012-13,4.0,1,0.7226533628972653,0.6383345651638335,0.15,8.6,25.0,82
202354,2013-14,2.0,1,0.7703867947770386,0.7683454756625487,0.25,3.0,26.0,82
202355,2011-12,18.0,1,0.9878048780487805,0.9878048780487805,0.05,2.0,23.0,66
202355,2014-15,48.0,1,0.8575388026607539,0.8141167775314117,0.25,6.055555555555555,26.0,82
202355,2015-16,73.0,1,0.7099039172209904,0.5858409882800127,0.35,23.791666666666668,27.0,82
202355,2016-17,77.0,1,0.4172209903917221,0.2850807728856509,0.44999999999999996,29.10958904109589,28.0,82
202355,2017-18,54.0,1,0.19512195121951223,0.12543554006968644,0.5499999999999999,32.63636363636363,29.0,82
202355,2018-19,72.0,1,0.17073170731707318,0.22822299651567945,0.65,25.25925925925926,30.0,82
202355,2019-20,67.0,1,0.17479674796747968,0.1759581881533101,0.75,23.25,31.0,72
202355,2020-21,36.0,1,0.17761969286359527,0.1233062330623306,0.85,29.970149253731343,32.0,72
202355,2021-22,65.0,1,0.23046522131887984,0.322977158343012,0.85,15.166666666666666,33.0,82
202356,2011-12,1.0,1,0.5365853658536586,0.5365853658536586,0.05,7.2894736842105265,23.0,66
202357,2016-17,65.0,1,0.2682926829268293,0.2682926829268293,0.5499999999999999,17.916666666666668,29.0,82
202357,2017-18,67.0,1,0.23780487804878048,0.22764227642276422,0.65,18.307692307692307,30.0,82
202357,2018-19,77.0,1,0.21951219512195122,0.2020905923344948,0.75,20.46268656716418,31.0,82
202357,2019-20,72.0,0,0.15040650406504066,0.11672473867595823,0.85,23.22077922077922,32.0,72
202357,2020-21,26.0,1,0.08130081300813012,0.04355400696864114,0.85,27.930555555555557,33.0,72
202357,2021-22,71.0,1,0.18236224028906958,0.28648857917150605,0.85,16.884615384615383,34.0,82
202361,2011-12,66.0,0,0.0,0.0,0.05,30.98780487804878,24.0,66
202361,2012-13,51.0,1,0.0,0.0,0.15,28.696969696969695,25.0,82
202361,2013-14,30.0,1,0.12601626016260162,0.21602787456445993,0.25,20.333333333333332,26.0,82
202361,2014-15,26.0,1,0.33739837398373984,0.47038327526132406,0.35,10.733333333333333,27.0,82
202362,2011-12,42.0,1,0.8536585365853658,0.8536585365853658,0.05,9.583333333333334,21.0,66
202362,2012-13,78.0,1,0.6086474501108647,0.5269770879526977,0.05,10.523809523809524,22.0,82
202362,2013-14,78.0,1,0.42202512934220254,0.25372188786822936,0.05,29.205128205128204,23.0,82
202362,2014-15,61.0,1,0.1537324464153733,0.09375989863794745,0.05,35.282051282051285,24.0,82
202362,2015-16,43.0,1,0.11788617886178865,0.1672473867595819,0.15,25.78688524590164,25.0,82
202362,2016-17,6.0,1,0.1544715447154472,0.17073170731707318,0.25,15.813953488372093,26.0,82
202362,2017-18,82.0,0,0.39837398373983746,0.5278745644599303,0.35,27.0,27.0,82
202362,2018-19,68.0,1,0.31300813008130085,0.24564459930313592,0.44999999999999996,22.5609756097561,28.0,82
202362,2021-22,6.0,1,0.3170731707317073,0.20905923344947738,0.75,16.514705882352942,31.0,82
202363,2013-14,1.0,1,0.8414634146341463,0.8414634146341463,0.25,3.6,26.0,82
202365,2011-12,24.0,1,0.7560975609756098,0.7560975609756098,0.05,5.9,22.0,66
202365,2012-13,19.0,1,0.6962305986696231,0.6762749445676275,0.05,16.5,23.0,82
202366,2014-15,44.0,1,0.6818181818181819,0.6818181818181819,0.44999999999999996,5.142857142857143,28.0,82
202374,2011-12,14.0,1,0.8536585365853658,0.8536585365853658,0.05,4.916666666666667,24.0,66
202376,2011-12,21.0,1,0.4024390243902439,0.4024390243902439,0.05,8.607142857142858,24.0,66
202379,2011-12,29.0,1,0.4024390243902439,0.4024390243902439,0.05,9.448979591836734,24.0,66
202379,2012-13,37.0,1,0.48152254249815224,0.5078837152007883,0.15,7.482758620689655,25.0,82
202379,2013-14,66.0,1,0.5039418576003941,0.5312532995459824,0.25,5.8108108108108105,26.0,82
202379,2014-15,38.0,1,0.4348361665434836,0.3483792630134093,0.35,18.318181818181817,27.0,82
202379,2015-16,30.0,1,0.4268292682926829,0.44076655052264807,0.44999999999999996,7.0,28.0,82
202379,2017-18,1.0,1,0.4552845528455285,0.5435540069686411,0.65,8.366666666666667,30.0,82
202380,2011-12,3.0,1,0.8048780487804879,0.8048780487804879,0.15,5.0,25.0,66
202380,2013-14,14.0,1,0.8797117516629712,0.9046563192904656,0.35,1.0,27.0,82
202386,2011-12,2.0,1,0.4878048780487805,0.4878048780487805,0.05,10.428571428571429,24.0,66
202388,2012-13,20.0,1,0.5,0.5,0.15,4.0,25.0,82
202388,2013-14,48.0,1,0.6097560975609756,0.6463414634146342,0.25,12.85,26.0,82
202388,2014-15,53.0,1,0.5447154471544716,0.5139372822299652,0.35,8.166666666666666,27.0,82
202388,2015-16,61.0,1,0.4959349593495935,0.4233449477351917,0.44999999999999996,20.88679245283019,28.0,82
202389,2011-12,44.0,1,0.4512195121951219,0.4512195121951219,0.15,13.470588235294118,25.0,66
202389,2012-13,41.0,1,0.39227642276422764,0.3726287262872629,0.25,15.613636363636363,26.0,82
202389,2013-14,82.0,0,0.4281842818428185,0.44541231126596986,0.35,8.926829268292684,27.0,82
202389,2014-15,35.0,1,0.2777777777777778,0.1904761904761905,0.44999999999999996,21.585365853658537,28.0,82
202389,2015-16,76.0,1,0.17073170731707318,0.07839721254355402,0.5499999999999999,25.62857142857143,29.0,82
202389,2016-17,54.0,1,0.028455284552845517,0.045296167247386734,0.65,17.44736842105263,30.0,82
202389,2017-18,31.0,1,0.1422764227642276,0.21777003484320553,0.75,20.444444444444443,31.0,82
202390,2011-12,56.0,1,0.024390243902439046,0.024390243902439046,0.35,21.0625,27.0,66
202390,2012-13,68.0,1,0.08795269770879527,0.109140182310914,0.44999999999999996,21.535714285714285,28.0,82
202390,2013-14,30.0,1,0.11554570091155458,0.14433533945729068,0.5499999999999999,21.823529411764707,29.0,82
202390,2014-15,43.0,1,0.22936683912293668,0.2794847428993771,0.65,20.233333333333334,30.0,82
202390,2015-16,40.0,1,0.2926829268292683,0.32404181184668995,0.75,21.651162790697676,31.0,82
202390,2016-17,2.0,1,0.4065040650406504,0.4425087108013937,0.85,20.175,32.0,82
202391,2011-12,35.0,1,0.6463414634146342,0.6463414634146342,0.05,9.827586206896552,23.0,66
202391,2012-13,82.0,0,0.558019216555802,0.5285784676028579,0.05,26.857142857142858,24.0,82
202391,2013-14,71.0,1,0.37201281103720135,0.2265336289726534,0.15,32.19512195121951,25.0,82
202391,2014-15,74.0,1,0.2012811037201281,0.14375461936437547,0.25,28.929577464788732,26.0,82
202391,2015-16,78.0,1,0.07723577235772357,0.0940766550522648,0.35,25.77027027027027,27.0,82
202391,2016-17,36.0,1,0.0934959349593496,0.07491289198606274,0.44999999999999996,26.256410256410255,28.0,82
202391,2017-18,1.0,1,0.23577235772357727,0.348432055749129,0.5499999999999999,24.52777777777778,29.0,82
202391,2018-19,51.0,1,0.5325203252032521,0.7317073170731707,0.65,25.0,30.0,82
202396,2011-12,54.0,1,0.5487804878048781,0.5487804878048781,0.05,18.945945945945947,23.0,66
202396,2012-13,18.0,1,0.36529933481152993,0.3041389504804139,0.05,15.277777777777779,24.0,82
202397,2011-12,6.0,1,0.47560975609756095,0.47560975609756095,0.05,11.75,23.0,66
202397,2012-13,36.0,1,0.5408351810790835,0.5625769894062577,0.05,10.5,24.0,82
202397,2013-14,70.0,1,0.4825080068982508,0.4501636574807307,0.15,10.5,25.0,82
202397,2014-15,30.0,1,0.37275190933727514,0.2747333966846162,0.25,14.385714285714286,26.0,82
202397,2015-16,27.0,1,0.28048780487804875,0.28222996515679444,0.35,5.166666666666667,27.0,82
202397,2016-17,81.0,1,0.17886178861788618,0.14982578397212545,0.44999999999999996,22.85185185185185,28.0,82
202397,2017-18,82.0,0,0.13414634146341464,0.07142857142857144,0.5499999999999999,24.135802469135804,29.0,82
202397,2018-19,56.0,1,0.024390243902439046,0.012195121951219523,0.65,24.914634146341463,30.0,82
202397,2019-20,68.0,1,0.1097560975609756,0.18292682926829265,0.75,22.339285714285715,31.0,72
202397,2020-21,44.0,1,0.12420957542908762,0.12233836624080527,0.85,26.279411764705884,32.0,72
202397,2021-22,37.0,1,0.2538392050587172,0.2833914053426248,0.85,21.0,33.0,82
202397,2022-23,43.0,1,0.2172538392050587,0.23751451800232284,0.85,17.323076923076922,34.0,82
202397,2023-24,43.0,1,0.35727190605239384,0.386566008517228,0.85,9.255813953488373,35.0,82
202399,2011-12,8.0,1,0.7195121951219512,0.7195121951219512,0.25,8.521739130434783,26.0,66
202399,2012-13,52.0,1,0.7991500369549149,0.8256959842325696,0.35,7.875,27.0,82
202399,2013-14,25.0,1,0.6547179108154718,0.5629289409777215,0.44999999999999996,13.711538461538462,28.0,82
202399,2014-15,17.0,1,0.5327666913032766,0.43216133460035905,0.5499999999999999,10.24,29.0,82
202407,2015-16,20.0,1,0.426829268292683,0.426829268292683,0.44999999999999996,19.659574468085108,28.0,82
202407,2016-17,2.0,1,0.5914634146341464,0.6463414634146342,0.5499999999999999,8.65,29.0,82
202412,2011-12,26.0,1,0.3414634146341463,0.3414634146341463,0.05,17.27777777777778,22.0,66
202412,2013-14,9.0,1,0.4737620103473762,0.5178615422517862,0.05,17.53846153846154,24.0,82
202412,2016-17,4.0,1,0.612589307711259,0.7306514623587795,0.35,20.0,27.0,82
202419,2011-12,20.0,1,0.8292682926829268,0.8292682926829268,0.25,8.0,26.0,66
202419,2012-13,30.0,1,0.7100886917960088,0.6703621581670361,0.35,4.65,27.0,82
202498,2012-13,59.0,1,0.36363636363636365,0.36363636363636365,0.15,15.0,25.0,82
202498,2013-14,5.0,1,0.3220620842572062,0.3082039911308204,0.25,10.94915254237288,26.0,82
202498,2014-15,22.0,1,0.5277161862527716,0.66867279062401,0.35,8.4,27.0,82
202498,2015-16,59.0,1,0.4878048780487805,0.4477351916376306,0.44999999999999996,20.454545454545453,28.0,82
202498,2016-17,46.0,1,0.4878048780487805,0.3641114982578397,0.5499999999999999,22.25423728813559,29.0,82
202498,2017-18,73.0,1,0.3211382113821138,0.3658536585365853,0.65,21.043478260869566,30.0,82
202498,2018-19,46.0,1,0.2764227642276423,0.22822299651567943,0.75,18.534246575342465,31.0,82
202498,2019-20,7.0,1,0.3292682926829268,0.3449477351916376,0.85,17.02173913043478,32.0,72
202620,2014-15,6.0,1,0.9390243902439024,0.9390243902439024,0.35,8.333333333333334,27.0,82
202620,2016-17,8.0,1,0.9329268292682926,0.9308943089430896,0.5499999999999999,11.333333333333334,29.0,82
202681,2012-13,59.0,1,0.2272727272727273,0.2272727272727273,0.05,30.54901960784314,21.0,82
202681,2013-14,71.0,1,0.25388026607538805,0.26274944567627495,0.05,34.71186440677966,22.0,82
202681,2014-15,75.0,1,0.21396895787139691,0.1892619575546405,0.05,35.15492957746479,23.0,82
202681,2015-16,53.0,1,0.16666666666666666,0.12717770034843204,0.05,36.4,24.0,82
202681,2016-17,72.0,1,0.19105691056910568,0.24564459930313584,0.15,31.452830188679247,25.0,82
202681,2017-18,60.0,1,0.18699186991869918,0.18292682926829265,0.25,35.06944444444444,26.0,82
202681,2018-19,67.0,1,0.24796747967479674,0.23867595818815332,0.35,32.18333333333333,27.0,82
202681,2019-20,20.0,1,0.1910569105691057,0.19860627177700355,0.44999999999999996,33.04477611940298,28.0,72
202681,2020-21,54.0,1,0.3911472448057814,0.5032907471931862,0.5499999999999999,32.9,29.0,72
202681,2021-22,29.0,1,0.38504968383017163,0.3753387533875339,0.65,34.925925925925924,30.0,82
202681,2022-23,40.0,1,0.5395212285456188,0.5439411536972513,0.75,37.6551724137931,31.0,82
202681,2023-24,58.0,1,0.3882113821138211,0.3736933797909408,0.85,36.95,32.0,82
202681,2024-25,50.0,1,0.402439024390244,0.3362369337979095,0.85,35.0,33.0,82
202682,2012-13,78.0,1,0.0,0.0,0.05,21.484848484848484,22.0,82
202682,2013-14,11.0,1,0.024390243902439046,0.032520325203252064,0.05,24.564102564102566,23.0,82
202682,2014-15,74.0,1,0.032520325203252064,0.04181184668989551,0.05,14.727272727272727,24.0,82
202682,2015-16,80.0,1,0.06504065040650409,0.07665505226480837,0.15,19.756756756756758,25.0,82
202682,2016-17,25.0,1,0.05691056910569107,0.04878048780487806,0.25,17.9375,26.0,82
202682,2017-18,2.0,1,0.17073170731707318,0.24390243902439027,0.35,15.08,27.0,82
202683,2012-13,70.0,1,0.0,0.0,0.05,13.242424242424242,21.0,82
202683,2013-14,80.0,1,0.07317073170731708,0.09756097560975611,0.05,15.4,22.0,82
202683,2014-15,49.0,1,0.05691056910569107,0.05574912891986065,0.05,26.725,23.0,82
202683,2015-16,82.0,0,0.08536585365853659,0.07665505226480836,0.05,27.06122448979592,24.0,82
202683,2016-17,72.0,1,0.036585365853658534,0.027874564459930307,0.15,20.98780487804878,25.0,82
202683,2017-18,71.0,1,0.06910569105691056,0.08188153310104529,0.25,21.291666666666668,26.0,82
202683,2018-19,44.0,1,0.08536585365853659,0.11149825783972125,0.35,25.774647887323944,27.0,82
202683,2019-20,58.0,1,0.14634146341463417,0.16027874564459932,0.44999999999999996,25.636363636363637,28.0,72
202683,2020-21,72.0,0,0.17050587172538392,0.18253968253968253,0.5499999999999999,16.948275862068964,29.0,72
202683,2021-22,35.0,1,0.12579042457091238,0.08168795973674023,0.65,24.40277777777778,30.0,82
202684,2012-13,82.0,0,0.09090909090909094,0.09090909090909094,0.05,23.733333333333334,22.0,82
202684,2013-14,82.0,0,0.04545454545454547,0.030303030303030314,0.05,31.26829268292683,23.0,82
202684,2014-15,82.0,0,0.030303030303030314,0.012987012987012991,0.05,31.634146341463413,24.0,82
202684,2015-16,82.0,0,0.0,0.0,0.15,26.75609756097561,25.0,82
202684,2016-17,78.0,1,0.0,0.0,0.25,27.670731707317074,26.0,82
202684,2017-18,53.0,1,0.016260162601626032,0.027874564459930338,0.35,29.94871794871795,27.0,82
202684,2018-19,43.0,1,0.13414634146341464,0.21602787456445993,0.44999999999999996,20.22641509433962,28.0,82
202684,2019-20,57.0,1,0.2926829268292683,0.37979094076655046,0.5499999999999999,27.86046511627907,29.0,72
202684,2020-21,54.0,1,0.3458672086720867,0.305458768873403,0.65,30.210526315789473,30.0,72
202684,2021-22,30.0,1,0.3113143631436314,0.2703252032520325,0.75,23.833333333333332,31.0,82
202684,2023-24,49.0,1,0.2544037940379404,0.2754065040650407,0.85,15.166666666666666,33.0,82
202684,2024-25,40.0,1,0.3191056910569106,0.3527874564459931,0.85,11.204081632653061,34.0,82
202685,2013-14,81.0,1,0.24390243902439024,0.24390243902439024,0.05,23.903225806451612,22.0,82
202685,2014-15,80.0,1,0.12804878048780488,0.08943089430894309,0.05,28.17283950617284,23.0,82
202685,2015-16,60.0,1,0.0934959349593496,0.05226480836236935,0.05,26.2,24.0,82
202685,2016-17,80.0,1,0.10162601626016261,0.16202090592334498,0.15,25.95,25.0,82
202685,2017-18,77.0,1,0.10569105691056913,0.09407665505226483,0.25,25.825,26.0,82
202685,2018-19,30.0,1,0.11788617886178865,0.08013937282229969,0.35,22.428571428571427,27.0,82
202685,2019-20,70.0,1,0.1626016260162602,0.25087108013937287,0.44999999999999996,18.8,28.0,72
202685,2020-21,62.0,1,0.16373080397470643,0.13956639566395665,0.5499999999999999,26.357142857142858,29.0,72
202685,2021-22,74.0,1,0.1897018970189702,0.14479287650019357,0.65,28.306451612903224,30.0,82
202685,2022-23,79.0,1,0.08807588075880757,0.09939992257065425,0.75,30.27027027027027,31.0,82
202685,2023-24,82.0,0,0.09101174345076783,0.06862175764614789,0.85,24.911392405063292,32.0,82
202685,2024-25,49.0,1,0.044715447154471545,0.02439024390243903,0.85,23.475609756097562,33.0,82
202685,2025-26,65.0,1,0.016260162601626032,0.012195121951219523,0.85,18.814814814814813,33.0,82
202686,2012-13,51.0,1,0.13636363636363635,0.13636363636363635,0.05,18.912280701754387,23.0,82
202686,2013-14,33.0,1,0.2572062084257206,0.2974870657797487,0.05,11.784313725490197,24.0,82
202687,2012-13,80.0,1,0.045454545454545414,0.045454545454545414,0.05,23.095238095238095,20.0,82
202687,2013-14,77.0,1,0.03492239467849223,0.031411677753141166,0.05,27.325,21.0,82
202687,2014-15,64.0,1,0.04360679970436069,0.048305353183402,0.05,13.922077922077921,22.0,82
202687,2015-16,82.0,0,0.10162601626016261,0.14634146341463414,0.05,19.421875,23.0,82
202687,2016-17,81.0,1,0.0934959349593496,0.07142857142857142,0.05,22.048780487804876,24.0,82
202687,2017-18,82.0,0,0.07723577235772357,0.038327526132404185,0.15,22.135802469135804,25.0,82
202687,2018-19,54.0,1,0.004065040650406508,0.0034843205574912922,0.25,18.23170731707317,26.0,82
202687,2019-20,53.0,1,0.11788617886178861,0.19686411149825783,0.35,14.481481481481481,27.0,72
202687,2020-21,66.0,1,0.20178410117434506,0.24835462640340686,0.44999999999999996,19.41509433962264,28.0,72
202687,2021-22,36.0,1,0.22956187895212285,0.17179636082075106,0.5499999999999999,20.439393939393938,29.0,82
202687,2022-23,61.0,1,0.30273261065943996,0.3820654277971352,0.65,14.055555555555555,30.0,82
202687,2023-24,30.0,1,0.3001355013550136,0.3185249709639954,0.75,14.327868852459016,31.0,82
202687,2024-25,28.0,1,0.44308943089430897,0.445993031358885,0.85,23.933333333333334,32.0,82
202687,2025-26,25.0,1,0.47560975609756095,0.5592334494773519,0.85,18.857142857142858,33.0,82
202688,2012-13,75.0,1,0.0,0.0,0.05,32.25757575757576,21.0,82
202688,2013-14,72.0,1,0.042682926829268275,0.05691056910569103,0.05,31.533333333333335,22.0,82
202688,2014-15,52.0,1,0.06910569105691056,0.0940766550522648,0.05,33.333333333333336,23.0,82
202688,2015-16,52.0,1,0.14634146341463414,0.17944250871080136,0.05,32.46153846153846,24.0,82
202688,2016-17,54.0,1,0.23983739837398374,0.2926829268292683,0.15,35.96153846153846,25.0,82
202688,2018-19,12.0,1,0.3130081300813008,0.3327526132404181,0.35,21.11111111111111,27.0,82
202688,2019-20,16.0,1,0.4105691056910569,0.4494773519163763,0.44999999999999996,9.833333333333334,28.0,72
202688,2021-22,5.0,1,0.5062104787714543,0.5716221447928765,0.65,15.0625,30.0,82
202689,2012-13,82.0,0,0.0,0.0,0.05,27.151515151515152,23.0,82
202689,2013-14,73.0,1,0.0,0.0,0.05,34.86585365853659,24.0,82
202689,2014-15,62.0,1,0.036585365853658534,0.0627177700348432,0.15,35.80821917808219,25.0,82
202689,2015-16,81.0,1,0.11788617886178861,0.17073170731707316,0.25,34.17741935483871,26.0,82
202689,2016-17,79.0,1,0.12195121951219512,0.09233449477351917,0.35,35.617283950617285,27.0,82
202689,2017-18,80.0,1,0.09756097560975611,0.059233449477351936,0.44999999999999996,34.67088607594937,28.0,82
202689,2018-19,82.0,0,0.024390243902439046,0.026132404181184694,0.5499999999999999,34.2,29.0,82
202689,2019-20,56.0,1,0.020325203252032537,0.012195121951219523,0.65,34.91463414634146,30.0,72
202689,2020-21,43.0,1,0.08220415537488708,0.13046844754161827,0.75,31.107142857142858,31.0,72
202689,2021-22,37.0,1,0.20833333333333334,0.2936507936507936,0.85,31.837209302325583,32.0,82
202689,2022-23,9.0,1,0.39126016260162605,0.46041424699961286,0.85,25.62162162162162,33.0,82
202690,2012-13,69.0,1,0.0757575757575758,0.0757575757575758,0.05,18.60655737704918,24.0,82
202690,2013-14,41.0,1,0.11714708056171474,0.1309435821630944,0.15,14.014492753623188,25.0,82
202690,2014-15,50.0,1,0.21224439517122448,0.2860838348643227,0.25,11.292682926829269,26.0,82
202690,2015-16,4.0,1,0.3170731707317073,0.3606271777003485,0.35,10.18,27.0,82
202690,2018-19,6.0,1,0.5731707317073171,0.6986062717770035,0.65,3.25,30.0,82
202691,2012-13,82.0,0,0.0,0.0,0.05,24.363636363636363,23.0,82
202691,2013-14,81.0,1,0.0,0.0,0.05,35.80487804878049,24.0,82
202691,2014-15,77.0,1,0.004065040650406508,0.0069686411149825845,0.15,35.407407407407405,25.0,82
202691,2015-16,80.0,1,0.024390243902439046,0.03832752613240421,0.25,31.883116883116884,26.0,82
202691,2016-17,78.0,1,0.032520325203252064,0.033101045296167274,0.35,33.325,27.0,82
202691,2017-18,73.0,1,0.04471544715447159,0.04355400696864115,0.44999999999999996,33.96153846153846,28.0,82
202691,2018-19,78.0,1,0.06097560975609758,0.08013937282229966,0.5499999999999999,34.3013698630137,29.0,82
202691,2021-22,32.0,1,0.0691056910569106,0.06620209059233452,0.85,34.0,32.0,82
202691,2022-23,69.0,1,0.25609756097560976,0.3780487804878049,0.85,29.40625,33.0,82
202691,2023-24,77.0,1,0.2723577235772358,0.2717770034843206,0.85,33.028985507246375,34.0,82
202691,2024-25,72.0,1,0.2764227642276423,0.1672473867595819,0.85,29.662337662337663,35.0,82
202691,2025-26,69.0,1,0.11382113821138214,0.10975609756097562,0.85,27.291666666666668,36.0,82
202692,2012-13,64.0,1,0.10606060606060608,0.10606060606060608,0.05,15.915254237288135,21.0,82
202692,2013-14,78.0,1,0.16278640059127863,0.1816949987681695,0.05,17.765625,22.0,82
202692,2014-15,27.0,1,0.12478442966247845,0.10574384964628869,0.05,28.115384615384617,23.0,82
202692,2015-16,31.0,1,0.3130081300813008,0.42857142857142855,0.05,33.2962962962963,24.0,82
202692,2016-17,42.0,1,0.4471544715447154,0.554006968641115,0.15,25.70967741935484,25.0,82
202692,2017-18,64.0,1,0.5934959349593496,0.5522648083623694,0.25,15.547619047619047,26.0,82
202692,2018-19,17.0,1,0.4430894308943089,0.35365853658536583,0.35,16.546875,27.0,82
202692,2019-20,48.0,1,0.30894308943089427,0.2578397212543554,0.44999999999999996,15.823529411764707,28.0,72
202692,2020-21,49.0,1,0.17411924119241193,0.14169570267131243,0.5499999999999999,28.958333333333332,29.0,72
202692,2021-22,81.0,1,0.20742999096657633,0.23770809136662793,0.65,25.612244897959183,30.0,82
202692,2022-23,51.0,1,0.13832429990966577,0.11014324428958576,0.75,28.617283950617285,31.0,82
202692,2023-24,43.0,1,0.2365627822944896,0.26514711575687183,0.85,22.0,32.0,82
202692,2024-25,49.0,1,0.19512195121951217,0.22125435540069685,0.85,18.363636363636363,33.0,82
202693,2012-13,82.0,0,0.045454545454545414,0.045454545454545414,0.05,19.476190476190474,23.0,82
202693,2013-14,81.0,1,0.022727272727272707,0.015151515151515138,0.05,22.402439024390244,24.0,82
202693,2014-15,82.0,0,0.019216555801921647,0.013462147608489072,0.15,26.580246913580247,25.0,82
202693,2015-16,37.0,1,0.004065040650406508,0.0034843205574912922,0.25,31.475609756097562,26.0,82
202693,2016-17,76.0,1,0.07723577235772357,0.12717770034843204,0.35,24.783783783783782,27.0,82
202693,2017-18,73.0,1,0.09756097560975607,0.10452961672473864,0.44999999999999996,31.236842105263158,28.0,82
202693,2018-19,34.0,1,0.13414634146341461,0.11498257839721251,0.5499999999999999,26.958904109589042,29.0,82
202693,2019-20,44.0,1,0.15853658536585366,0.20905923344947736,0.65,25.970588235294116,30.0,72
202693,2020-21,61.0,1,0.19896115627822944,0.21041424699961286,0.75,22.454545454545453,31.0,72
202693,2021-22,17.0,1,0.21330171635049686,0.18466898954703834,0.85,19.672131147540984,32.0,82
202693,2022-23,27.0,1,0.37996838301716346,0.524390243902439,0.85,17.529411764705884,33.0,82
202693,2023-24,26.0,1,0.5062104787714544,0.575832365466512,0.85,10.142857142857142,34.0,82
202693,2024-25,7.0,1,0.6829268292682927,0.667247386759582,0.85,8.307692307692308,35.0,82
202694,2012-13,54.0,1,0.7424242424242424,0.7424242424242424,0.05,7.411764705882353,23.0,82
202694,2013-14,82.0,0,0.40169992609017,0.28812515397881255,0.05,21.37037037037037,24.0,82
202694,2014-15,81.0,1,0.26779995072678003,0.12348220884806252,0.15,21.951219512195124,25.0,82
202694,2015-16,80.0,1,0.024390243902439046,0.015679442508710815,0.25,25.246913580246915,26.0,82
202694,2016-17,79.0,1,0.012195121951219523,0.017421602787456462,0.35,35.7,27.0,82
202694,2017-18,54.0,1,0.024390243902439046,0.029616724738675985,0.44999999999999996,32.46835443037975,28.0,82
202694,2018-19,75.0,1,0.13414634146341464,0.20905923344947736,0.5499999999999999,26.703703703703702,29.0,82
202694,2019-20,43.0,1,0.15447154471544713,0.15156794425087106,0.65,27.88,30.0,72
202694,2020-21,57.0,1,0.1885727190605239,0.15253581107239642,0.75,32.25581395348837,31.0,72
202694,2021-22,54.0,1,0.14419602529358624,0.17092528068137827,0.85,26.350877192982455,32.0,82
202694,2022-23,65.0,1,0.22956187895212285,0.27448703058459156,0.85,28.962962962962962,33.0,82
202694,2023-24,37.0,1,0.2523712737127371,0.24578977932636464,0.85,28.076923076923077,34.0,82
202695,2012-13,58.0,1,0.030303030303030276,0.030303030303030276,0.05,23.96875,22.0,82
202695,2013-14,66.0,1,0.1614929785661493,0.2052229613205223,0.05,31.20689655172414,23.0,82
202695,2014-15,64.0,1,0.17270263611727024,0.1994509555485165,0.05,29.136363636363637,24.0,82
202695,2015-16,72.0,1,0.23577235772357721,0.22299651567944248,0.15,31.765625,25.0,82
202695,2016-17,74.0,1,0.17886178861788615,0.1602787456445993,0.25,33.05555555555556,26.0,82
202695,2017-18,9.0,1,0.14634146341463414,0.1219512195121951,0.35,33.445945945945944,27.0,82
202695,2018-19,60.0,1,0.3699186991869919,0.554006968641115,0.44999999999999996,23.333333333333332,28.0,82
202695,2019-20,57.0,1,0.41869918699187,0.42160278745644597,0.5499999999999999,34.0,29.0,72
202695,2020-21,52.0,1,0.45562330623306235,0.3228803716608595,0.65,32.421052631578945,30.0,72
202695,2022-23,52.0,1,0.25146793134598017,0.25658149438637246,0.85,34.07692307692308,32.0,82
202695,2023-24,68.0,1,0.28398825654923215,0.31818621757646154,0.85,33.61538461538461,33.0,82
202695,2024-25,37.0,1,0.27145438121047877,0.2417731320170345,0.85,34.26470588235294,34.0,82
202695,2025-26,65.0,1,0.3617886178861789,0.41463414634146345,0.85,31.89189189189189,35.0,82
202696,2012-13,77.0,1,0.2272727272727273,0.2272727272727273,0.05,15.92156862745098,22.0,82
202696,2013-14,57.0,1,0.14412416851441245,0.11640798226164084,0.05,33.23376623376623,23.0,82
202696,2014-15,74.0,1,0.19770879526977092,0.22410516312955342,0.05,31.789473684210527,24.0,82
202696,2015-16,65.0,1,0.1544715447154472,0.15156794425087108,0.15,34.17567567567568,25.0,82
202696,2016-17,75.0,1,0.2032520325203252,0.18989547038327523,0.25,31.338461538461537,26.0,82
202696,2017-18,57.0,1,0.1300813008130081,0.12195121951219509,0.35,28.84,27.0,82
202696,2018-19,80.0,1,0.1991869918699187,0.22822299651567945,0.44999999999999996,29.526315789473685,28.0,82
202696,2019-20,62.0,1,0.13821138211382114,0.11324041811846693,0.5499999999999999,31.375,29.0,72
202696,2020-21,44.0,1,0.1560523938572719,0.12988772744870306,0.65,32.225806451612904,30.0,72
202696,2021-22,73.0,1,0.06368563685636856,0.05903987611304684,0.75,34.09090909090909,31.0,82
202696,2022-23,82.0,0,0.09214092140921408,0.09049554781262097,0.85,33.12328767123287,32.0,82
202696,2023-24,76.0,1,0.04584462511291779,0.03532713898567557,0.85,33.48780487804878,33.0,82
202696,2024-25,73.0,1,0.06097560975609754,0.057491289198606244,0.85,34.3421052631579,34.0,82
202696,2025-26,48.0,1,0.06097560975609754,0.08362369337979092,0.85,31.205479452054796,35.0,82
202697,2012-13,45.0,1,0.10606060606060608,0.10606060606060608,0.05,28.89830508474576,23.0,82
202697,2013-14,74.0,1,0.278640059127864,0.3361665434836166,0.05,22.133333333333333,24.0,82
202697,2014-15,24.0,1,0.218280364621828,0.19982050469855345,0.15,26.513513513513512,25.0,82
202697,2015-16,54.0,1,0.26422764227642276,0.23170731707317072,0.25,26.041666666666668,26.0,82
202697,2016-17,76.0,1,0.22764227642276422,0.2787456445993031,0.35,24.37037037037037,27.0,82
202697,2017-18,14.0,1,0.2195121951219512,0.17421602787456442,0.44999999999999996,25.486842105263158,28.0,82
202697,2018-19,42.0,1,0.41463414634146334,0.543554006968641,0.5499999999999999,19.714285714285715,29.0,82
202697,2019-20,13.0,1,0.3821138211382114,0.3867595818815331,0.65,26.166666666666668,30.0,72
202697,2020-21,2.0,1,0.6308717253839204,0.6564072783584979,0.75,18.53846153846154,31.0,72
202698,2012-13,57.0,1,0.0,0.0,0.05,21.681818181818183,23.0,82
202698,2013-14,25.0,1,0.15243902439024393,0.20325203252032523,0.05,16.210526315789473,24.0,82
202699,2012-13,28.0,1,0.36363636363636365,0.36363636363636365,0.05,11.404761904761905,20.0,82
202699,2013-14,61.0,1,0.3464523281596452,0.34072431633407235,0.05,11.607142857142858,21.0,82
202699,2014-15,68.0,1,0.3163340724316334,0.2923661704149509,0.05,30.327868852459016,22.0,82
202699,2015-16,49.0,1,0.25203252032520324,0.2177700348432056,0.05,34.838235294117645,23.0,82
202699,2016-17,82.0,0,0.16666666666666666,0.12717770034843204,0.05,32.857142857142854,24.0,82
202699,2017-18,48.0,1,0.08130081300813008,0.045296167247386755,0.15,31.29268292682927,25.0,82
202699,2018-19,55.0,1,0.03252032520325202,0.02439024390243903,0.25,32.5625,26.0,82
202699,2019-20,72.0,0,0.008130081300813016,0.0069686411149825845,0.35,34.61818181818182,27.0,72
202699,2020-21,62.0,1,0.008130081300813016,0.0034843205574912922,0.44999999999999996,34.291666666666664,28.0,72
202699,2021-22,73.0,1,0.04629629629629628,0.07936507936507933,0.5499999999999999,32.483870967741936,29.0,82
202699,2022-23,74.0,1,0.08288166214995481,0.10240030971738287,0.65,34.83561643835616,30.0,82
202699,2023-24,70.0,1,0.11540198735320684,0.10694928377855205,0.75,32.91891891891892,31.0,82
202699,2024-25,73.0,1,0.11788617886178861,0.12717770034843207,0.85,33.82857142857143,32.0,82
202699,2025-26,63.0,1,0.11788617886178861,0.11846689895470383,0.85,31.575342465753426,33.0,82
202700,2013-14,62.0,1,0.46341463414634143,0.46341463414634143,0.05,12.227272727272727,23.0,82
202700,2014-15,71.0,1,0.35365853658536583,0.3170731707317073,0.05,15.35483870967742,24.0,82
202700,2015-16,37.0,1,0.28048780487804875,0.21254355400696864,0.15,28.690140845070424,25.0,82
202700,2016-17,34.0,1,0.3089430894308943,0.3867595818815332,0.25,14.783783783783784,26.0,82
202700,2018-19,3.0,1,0.4227642276422765,0.5104529616724739,0.44999999999999996,14.088235294117647,28.0,82
202701,2012-13,40.0,1,0.33333333333333337,0.33333333333333337,0.05,12.295454545454545,24.0,82
202702,2012-13,80.0,1,0.303030303030303,0.303030303030303,0.05,22.543478260869566,23.0,82
202702,2013-14,80.0,1,0.16371027346637101,0.11727026361172703,0.05,28.1,24.0,82
202702,2014-15,75.0,1,0.11727026361172703,0.06419596663499104,0.15,27.225,25.0,82
202702,2015-16,67.0,1,0.044715447154471545,0.05923344947735191,0.25,27.813333333333333,26.0,82
202702,2016-17,61.0,1,0.09756097560975611,0.132404181184669,0.35,25.28358208955224,27.0,82
202702,2017-18,32.0,1,0.17479674796747968,0.21080139372822299,0.44999999999999996,21.24590163934426,28.0,82
202702,2018-19,12.0,1,0.34959349593495936,0.4477351916376307,0.5499999999999999,14.40625,29.0,82
202703,2015-16,66.0,1,0.0,0.0,0.15,20.170731707317074,25.0,82
202703,2016-17,70.0,1,0.09756097560975607,0.1300813008130081,0.25,24.939393939393938,26.0,82
202703,2017-18,25.0,1,0.11382113821138211,0.13937282229965156,0.35,23.985714285714284,27.0,82
202703,2018-19,32.0,1,0.2235772357723577,0.2578397212543554,0.44999999999999996,24.88,28.0,82
202704,2012-13,70.0,1,0.31818181818181823,0.31818181818181823,0.05,11.133333333333333,23.0,82
202704,2013-14,80.0,1,0.2322616407982262,0.20362158167036218,0.05,14.185714285714285,24.0,82
202704,2014-15,50.0,1,0.16297117516629714,0.10120367437440611,0.15,28.4625,25.0,82
202704,2015-16,79.0,1,0.07723577235772361,0.06271777003484325,0.25,27.96,26.0,82
202704,2016-17,52.0,1,0.040650406504065074,0.04181184668989551,0.35,30.68354430379747,27.0,82
202704,2017-18,45.0,1,0.1544715447154472,0.22822299651567945,0.44999999999999996,27.384615384615383,28.0,82
202704,2018-19,82.0,0,0.2845528455284553,0.36759581881533093,0.5499999999999999,26.68888888888889,29.0,82
202704,2019-20,14.0,1,0.27235772357723576,0.18118466898954702,0.65,27.914634146341463,30.0,72
202704,2020-21,67.0,1,0.34022131887985546,0.3898567557104142,0.75,27.214285714285715,31.0,72
202704,2021-22,75.0,1,0.21296296296296294,0.20238095238095236,0.85,23.044776119402986,32.0,82
202704,2022-23,52.0,1,0.24141824751580845,0.1499709639953542,0.85,31.16,33.0,82
202704,2023-24,82.0,0,0.10851400180668473,0.13187185443283006,0.85,24.36764705882353,34.0,82
202704,2024-25,31.0,1,0.08536585365853659,0.06097560975609757,0.85,22.158536585365855,35.0,82
202705,2012-13,73.0,1,0.1515151515151515,0.1515151515151515,0.05,29.428571428571427,24.0,82
202705,2013-14,10.0,1,0.13063562453806354,0.12367578221236757,0.15,12.493150684931507,25.0,82
202705,2017-18,7.0,1,0.27814732692781474,0.38053003906662447,0.5499999999999999,7.3,29.0,82
202705,2018-19,29.0,1,0.5325203252032521,0.7020905923344947,0.65,27.571428571428573,30.0,82
202706,2012-13,40.0,1,0.6060606060606061,0.6060606060606061,0.05,9.923076923076923,22.0,82
202706,2013-14,39.0,1,0.5591278640059127,0.5434836166543483,0.05,9.925,23.0,82
202706,2014-15,14.0,1,0.46218280364621833,0.38623165452433744,0.05,17.17948717948718,24.0,82
202706,2015-16,11.0,1,0.5365853658536586,0.6236933797909406,0.15,8.714285714285714,25.0,82
202708,2012-13,80.0,1,0.015151515151515138,0.015151515151515138,0.05,19.384615384615383,24.0,82
202708,2013-14,82.0,0,0.019770879526977092,0.021310667652131077,0.15,19.875,25.0,82
202708,2014-15,47.0,1,0.01318058635131806,0.009133143279484748,0.25,24.5609756097561,26.0,82
202708,2015-16,45.0,1,0.036585365853658534,0.05226480836236932,0.35,24.425531914893618,27.0,82
202708,2016-17,13.0,1,0.17886178861788615,0.2822299651567944,0.44999999999999996,26.622222222222224,28.0,82
202709,2012-13,28.0,1,0.5606060606060606,0.5606060606060606,0.05,9.172413793103448,21.0,82
202709,2013-14,68.0,1,0.6095713229859571,0.6258930771125892,0.05,13.857142857142858,22.0,82
202709,2014-15,79.0,1,0.4632914510963291,0.3658008658008658,0.05,13.764705882352942,23.0,82
202709,2015-16,80.0,1,0.2886178861788618,0.1637630662020906,0.05,18.27848101265823,24.0,82
202709,2016-17,80.0,1,0.07723577235772361,0.04878048780487808,0.15,25.575,25.0,82
202709,2017-18,82.0,0,0.028455284552845555,0.026132404181184694,0.25,25.0375,26.0,82
202709,2018-19,82.0,0,0.016260162601626032,0.010452961672473877,0.35,26.951219512195124,27.0,82
202709,2019-20,72.0,0,0.008130081300813016,0.0034843205574912922,0.44999999999999996,25.158536585365855,28.0,72
202709,2020-21,44.0,1,0.0,0.0,0.5499999999999999,24.430555555555557,29.0,72
202709,2021-22,65.0,1,0.041666666666666664,0.07142857142857142,0.65,21.454545454545453,30.0,82
202709,2022-23,62.0,1,0.11077235772357723,0.15418118466898953,0.75,24.615384615384617,31.0,82
202709,2023-24,26.0,1,0.1920731707317073,0.21646341463414634,0.85,19.79032258064516,32.0,82
202709,2024-25,50.0,1,0.3780487804878048,0.4895470383275261,0.85,11.384615384615385,33.0,82
202710,2012-13,82.0,0,0.36363636363636365,0.36363636363636365,0.05,8.547619047619047,23.0,82
202710,2013-14,67.0,1,0.18181818181818182,0.12121212121212122,0.05,26.024390243902438,24.0,82
202710,2014-15,65.0,1,0.1821877309682188,0.15647766867279067,0.15,38.67164179104478,25.0,82
202710,2015-16,67.0,1,0.13008130081300814,0.17073170731707316,0.25,38.66153846153846,26.0,82
202710,2016-17,76.0,1,0.1910569105691057,0.1898954703832753,0.35,36.92537313432836,27.0,82
202710,2017-18,59.0,1,0.15447154471544713,0.12369337979094075,0.44999999999999996,36.96052631578947,28.0,82
202710,2018-19,10.0,1,0.17886178861788618,0.2073170731707317,0.5499999999999999,36.67796610169491,29.0,82
202710,2019-20,58.0,1,0.18699186991869918,0.20905923344947736,0.65,36.1,30.0,72
202710,2020-21,52.0,1,0.22741644083107496,0.21041424699961284,0.75,33.775862068965516,31.0,72
202710,2021-22,57.0,1,0.22651309846431797,0.24390243902439024,0.85,33.55769230769231,32.0,82
202710,2022-23,64.0,1,0.25903342366757004,0.2813588850174216,0.85,33.87719298245614,33.0,82
202710,2023-24,60.0,1,0.2673893405600723,0.2522260936895083,0.85,33.40625,34.0,82
202710,2024-25,25.0,1,0.26422764227642276,0.2595818815331011,0.85,34.03333333333333,35.0,82
202710,2025-26,38.0,1,0.27235772357723576,0.2961672473867596,0.85,31.745454545454546,36.0,82
202711,2015-16,79.0,1,0.04878048780487809,0.04878048780487809,0.35,23.76923076923077,27.0,82
202711,2016-17,55.0,1,0.04268292682926833,0.040650406504065074,0.44999999999999996,26.772151898734176,28.0,82
202711,2017-18,80.0,1,0.032520325203252064,0.024390243902439046,0.5499999999999999,26.945454545454545,29.0,82
202711,2018-19,81.0,1,0.024390243902439046,0.0226480836236934,0.65,30.8125,30.0,82
202711,2019-20,63.0,1,0.016260162601626032,0.015679442508710815,0.75,31.765432098765434,31.0,72
202711,2020-21,72.0,0,0.05386178861788619,0.07839721254355402,0.85,33.06349206349206,32.0,72
202711,2021-22,69.0,1,0.04573170731707318,0.03745644599303136,0.85,30.77777777777778,33.0,82
202711,2022-23,59.0,1,0.09451219512195123,0.10844947735191639,0.85,30.884057971014492,34.0,82
202711,2023-24,28.0,1,0.14634146341463417,0.2055749128919861,0.85,32.08474576271186,35.0,82
202712,2015-16,5.0,1,0.7878787878787878,0.7878787878787878,0.25,6.0,26.0,82
202712,2016-17,3.0,1,0.8634515890613451,0.8886425227888642,0.35,7.0,27.0,82
202713,2013-14,82.0,0,0.0,0.0,0.25,27.963414634146343,26.0,82
202713,2014-15,54.0,1,0.0,0.0,0.35,28.5,27.0,82
202713,2015-16,68.0,1,0.008130081300813016,0.013937282229965169,0.44999999999999996,23.833333333333332,28.0,82
202713,2016-17,32.0,1,0.06504065040650409,0.1045296167247387,0.5499999999999999,14.367647058823529,29.0,82
202713,2017-18,12.0,1,0.2682926829268293,0.40069686411149824,0.65,12.03125,30.0,82
202714,2012-13,7.0,1,0.030303030303030276,0.030303030303030276,0.05,12.171875,23.0,82
202714,2013-14,73.0,1,0.3261271249076127,0.4247351564424735,0.05,20.142857142857142,24.0,82
202714,2014-15,55.0,1,0.25400344912540035,0.24474712279590327,0.15,20.410958904109588,25.0,82
202714,2015-16,24.0,1,0.3536585365853659,0.30836236933797906,0.25,15.145454545454545,26.0,82
202714,2016-17,55.0,1,0.26829268292682923,0.318815331010453,0.35,7.458333333333333,27.0,82
202714,2017-18,69.0,1,0.34146341463414637,0.3397212543554007,0.44999999999999996,21.90909090909091,28.0,82
202714,2018-19,53.0,1,0.2845528455284553,0.2369337979094077,0.5499999999999999,19.782608695652176,29.0,82
202715,2012-13,9.0,1,0.7727272727272727,0.7727272727272727,0.05,5.866666666666666,22.0,82
202718,2012-13,76.0,1,0.045454545454545414,0.045454545454545414,0.05,28.634920634920636,24.0,82
202718,2013-14,74.0,1,0.05931263858093122,0.06393200295639316,0.15,36.28947368421053,25.0,82
202718,2014-15,66.0,1,0.07206208425720617,0.08314855875831483,0.25,37.608108108108105,26.0,82
202718,2015-16,61.0,1,0.12195121951219508,0.14982578397212537,0.35,33.121212121212125,27.0,82
202718,2016-17,34.0,1,0.18292682926829265,0.21602787456445993,0.44999999999999996,29.491803278688526,28.0,82
202718,2017-18,36.0,1,0.34552845528455284,0.4355400696864112,0.5499999999999999,19.852941176470587,29.0,82
202718,2018-19,25.0,1,0.467479674796748,0.524390243902439,0.65,19.194444444444443,30.0,82
202718,2019-20,5.0,1,0.6138211382113822,0.6411149825783973,0.75,19.84,31.0,72
202719,2012-13,20.0,1,0.36363636363636365,0.36363636363636365,0.05,13.523809523809524,22.0,82
202719,2013-14,41.0,1,0.5537694013303769,0.6171470805617147,0.05,3.15,23.0,82
202720,2012-13,9.0,1,0.303030303030303,0.303030303030303,0.05,12.065217391304348,24.0,82
202720,2013-14,49.0,1,0.4807834441980783,0.5400344912540034,0.15,10.11111111111111,25.0,82
202720,2014-15,63.0,1,0.4546686375954669,0.4614085101889979,0.25,13.10204081632653,26.0,82
202720,2015-16,67.0,1,0.4308943089430894,0.3414634146341463,0.35,13.079365079365079,27.0,82
202720,2016-17,75.0,1,0.2723577235772358,0.22822299651567945,0.44999999999999996,18.73134328358209,28.0,82
202720,2017-18,8.0,1,0.16666666666666666,0.13414634146341461,0.5499999999999999,25.92,29.0,82
202720,2018-19,41.0,1,0.39024390243902446,0.5662020905923345,0.65,17.0,30.0,82
202721,2012-13,48.0,1,0.7121212121212122,0.7121212121212122,0.05,8.894736842105264,22.0,82
202721,2013-14,12.0,1,0.5633776792313379,0.5137965016013797,0.05,14.229166666666666,23.0,82
202721,2014-15,38.0,1,0.5991623552599162,0.6034737620103473,0.05,16.083333333333332,24.0,82
202722,2017-18,77.0,1,0.18292682926829273,0.18292682926829273,0.15,12.059701492537313,25.0,82
202722,2018-19,76.0,1,0.12195121951219517,0.10162601626016265,0.25,14.103896103896103,26.0,82
202722,2019-20,54.0,1,0.10569105691056913,0.08536585365853658,0.35,21.473684210526315,27.0,72
202722,2020-21,57.0,1,0.12804878048780488,0.17247386759581881,0.44999999999999996,29.314814814814813,28.0,72
202722,2021-22,34.0,1,0.1771680216802168,0.20092915214866439,0.5499999999999999,25.68421052631579,29.0,82
202722,2022-23,45.0,1,0.25846883468834686,0.2764227642276423,0.65,14.735294117647058,30.0,82
202722,2023-24,15.0,1,0.3255420054200542,0.37819396051103366,0.75,10.933333333333334,31.0,82
202723,2012-13,16.0,1,0.7121212121212122,0.7121212121212122,0.05,12.789473684210526,23.0,82
202723,2014-15,1.0,1,0.75849963045085,0.773959103227396,0.15,18.0625,25.0,82
202724,2012-13,47.0,1,0.2272727272727273,0.2272727272727273,0.05,17.50980392156863,24.0,82
202725,2012-13,6.0,1,0.43939393939393945,0.43939393939393945,0.05,14.594594594594595,24.0,82
202725,2013-14,32.0,1,0.6831116038433112,0.7643508253264351,0.15,5.166666666666667,25.0,82
202726,2012-13,1.0,1,0.3939393939393939,0.3939393939393939,0.05,10.475,24.0,82
202726,2015-16,8.0,1,0.6908721359940873,0.789849716678985,0.35,6.0,27.0,82
202729,2012-13,10.0,1,0.5757575757575757,0.5757575757575757,0.05,8.464285714285714,22.0,82
202730,2012-13,79.0,1,0.3787878787878788,0.3787878787878788,0.05,15.21951219512195,24.0,82
202730,2013-14,51.0,1,0.20768662232076868,0.15065287016506532,0.15,21.126582278481013,25.0,82
202730,2014-15,63.0,1,0.20756343927075635,0.1830324147397318,0.25,18.823529411764707,26.0,82
202730,2015-16,79.0,1,0.15853658536585366,0.19686411149825783,0.35,16.984126984126984,27.0,82
202730,2016-17,61.0,1,0.15853658536585366,0.1167247386759582,0.44999999999999996,20.240506329113924,28.0,82
202732,2012-13,39.0,1,0.7424242424242424,0.7424242424242424,0.15,6.764705882352941,25.0,82
202732,2013-14,1.0,1,0.6334072431633407,0.5970682434097069,0.25,7.435897435897436,26.0,82
202732,2016-17,61.0,1,0.7515397881251541,0.8203463203463203,0.5499999999999999,1.0,29.0,82
202732,2017-18,31.0,1,0.5853658536585366,0.4965156794425087,0.65,12.327868852459016,30.0,82
202734,2012-13,75.0,1,0.4242424242424242,0.4242424242424242,0.05,8.710526315789474,24.0,82
202734,2013-14,79.0,1,0.2548041389504804,0.19832471051983244,0.15,22.426666666666666,25.0,82
202734,2014-15,56.0,1,0.18206454791820645,0.10590222785344737,0.25,19.063291139240505,26.0,82
202734,2015-16,59.0,1,0.14634146341463414,0.2038327526132404,0.35,9.0,27.0,82
202734,2016-17,73.0,1,0.21138211382113822,0.25609756097560976,0.44999999999999996,21.406779661016948,28.0,82
202734,2017-18,82.0,0,0.23577235772357721,0.1881533101045296,0.5499999999999999,24.931506849315067,29.0,82
202734,2018-19,53.0,1,0.13008130081300814,0.07142857142857142,0.65,31.536585365853657,30.0,82
202734,2019-20,56.0,1,0.15447154471544713,0.2177700348432056,0.75,27.60377358490566,31.0,72
202734,2020-21,27.0,1,0.1919602529358627,0.22802942315137437,0.85,18.214285714285715,32.0,72
202738,2012-13,79.0,1,0.015151515151515138,0.015151515151515138,0.05,25.476923076923075,24.0,82
202738,2013-14,72.0,1,0.025868440502586854,0.02944074895294409,0.15,26.860759493670887,25.0,82
202738,2014-15,46.0,1,0.05789603350578961,0.08230387498680182,0.25,34.68055555555556,26.0,82
202738,2015-16,82.0,0,0.11382113821138214,0.14459930313588854,0.35,25.67391304347826,27.0,82
202738,2016-17,76.0,1,0.10162601626016261,0.0696864111498258,0.44999999999999996,32.24390243902439,28.0,82
202738,2017-18,15.0,1,0.08536585365853659,0.06794425087108012,0.5499999999999999,33.80263157894737,29.0,82
202738,2018-19,12.0,1,0.22764227642276422,0.3693379790940766,0.65,27.066666666666666,30.0,82
202738,2019-20,40.0,1,0.5121951219512195,0.6724738675958187,0.75,15.083333333333334,31.0,72
202738,2020-21,3.0,1,0.6359530261969287,0.5849787069299264,0.85,23.125,32.0,72
202738,2021-22,4.0,1,0.7521454381210478,0.7965543941153698,0.85,16.0,33.0,82
202738,2023-24,6.0,1,0.7114950316169827,0.755420054200542,0.85,15.136363636363637,35.0,82
202779,2014-15,6.0,1,0.8292682926829268,0.8292682926829268,0.25,10.428571428571429,26.0,82
202779,2017-18,29.0,1,0.8780487804878049,0.894308943089431,0.5499999999999999,20.5,29.0,82
202809,2012-13,6.0,1,0.4242424242424242,0.4242424242424242,0.05,11.131578947368421,24.0,82
202874,2013-14,8.0,1,0.6363636363636364,0.6363636363636364,0.15,7.75,25.0,82
202918,2017-18,2.0,1,0.9696969696969697,0.9696969696969697,0.65,19.5,30.0,82
202933,2012-13,4.0,1,0.6666666666666667,0.6666666666666667,0.05,8.136363636363637,24.0,82
202933,2013-14,21.0,1,0.8089430894308943,0.856368563685637,0.15,7.0,25.0,82
202933,2017-18,23.0,1,0.7872628726287263,0.7921022067363531,0.5499999999999999,5.714285714285714,29.0,82
202951,2012-13,25.0,1,0.33333333333333337,0.33333333333333337,0.35,9.636363636363637,27.0,82
202951,2019-20,3.0,1,0.4288617886178862,0.4607046070460705,0.85,17.88,34.0,72
202952,2012-13,5.0,1,0.9545454545454546,0.9545454545454546,0.05,5.0,24.0,82
202952,2013-14,1.0,1,0.9041019955654102,0.8872875092387288,0.15,4.2,25.0,82
202952,2014-15,17.0,1,0.9035476718403549,0.8959455178967374,0.25,15.0,26.0,82
202954,2019-20,71.0,1,0.5609756097560976,0.5609756097560976,0.65,9.527777777777779,30.0,72
202954,2020-21,39.0,1,0.2874322493224932,0.19625112917795842,0.75,19.281690140845072,31.0,72
202954,2021-22,22.0,1,0.24254742547425476,0.1714092140921409,0.85,16.025641025641026,32.0,82
202962,2012-13,70.0,1,0.8787878787878788,0.8787878787878788,0.05,8.625,22.0,82
202962,2013-14,11.0,1,0.5125646711012565,0.390490268539049,0.05,15.857142857142858,23.0,82
202962,2014-15,42.0,1,0.6303276669130328,0.6621264913947841,0.05,9.090909090909092,24.0,82
202962,2015-16,18.0,1,0.5,0.5470383275261324,0.15,8.642857142857142,25.0,82
202970,2012-13,43.0,1,0.18181818181818177,0.18181818181818177,0.44999999999999996,20.14814814814815,28.0,82
202970,2013-14,26.0,1,0.2555432372505543,0.2801182557280118,0.5499999999999999,13.279069767441861,29.0,82
203076,2013-14,67.0,1,0.2195121951219512,0.2195121951219512,0.05,28.84375,21.0,82
203076,2014-15,68.0,1,0.20121951219512196,0.19512195121951223,0.05,35.19402985074627,22.0,82
203076,2015-16,61.0,1,0.1910569105691057,0.18118466898954708,0.05,36.10294117647059,23.0,82
203076,2016-17,75.0,1,0.20325203252032523,0.22125435540069688,0.05,35.47540983606557,24.0,82
203076,2017-18,75.0,1,0.17073170731707318,0.14634146341463414,0.15,36.10666666666667,25.0,82
203076,2018-19,56.0,1,0.1422764227642276,0.10975609756097558,0.25,36.36,26.0,82
203076,2019-20,62.0,1,0.16260162601626013,0.2177700348432055,0.35,33.035714285714285,27.0,72
203076,2020-21,36.0,1,0.1804426377597109,0.18215253581107232,0.44999999999999996,34.37096774193548,28.0,72
203076,2021-22,40.0,1,0.31865401987353204,0.3706929926442121,0.5499999999999999,32.27777777777778,29.0,82
203076,2022-23,56.0,1,0.3836946702800361,0.455381339527681,0.65,35.1,30.0,82
203076,2023-24,76.0,1,0.4430894308943089,0.3989547038327526,0.75,34.017857142857146,31.0,82
203076,2024-25,42.0,1,0.30081300813008127,0.205574912891986,0.85,35.526315789473685,32.0,82
203076,2025-26,20.0,1,0.2560975609756097,0.28222996515679444,0.85,34.26190476190476,33.0,82
203077,2013-14,62.0,1,0.04878048780487809,0.04878048780487809,0.05,25.96153846153846,20.0,82
203077,2014-15,55.0,1,0.14634146341463417,0.17886178861788618,0.05,24.225806451612904,21.0,82
203077,2015-16,7.0,1,0.2073170731707317,0.26480836236933797,0.05,28.854545454545455,22.0,82
203077,2016-17,81.0,1,0.4959349593495935,0.6515679442508712,0.05,29.285714285714285,23.0,82
203077,2017-18,74.0,1,0.4186991869918699,0.3153310104529617,0.05,29.0,24.0,82
203077,2018-19,64.0,1,0.34146341463414637,0.18989547038327523,0.15,25.0,25.0,82
203077,2019-20,12.0,1,0.1097560975609756,0.15505226480836234,0.25,18.421875,26.0,72
203078,2013-14,73.0,1,0.31707317073170727,0.31707317073170727,0.05,31.160714285714285,21.0,82
203078,2014-15,63.0,1,0.21341463414634143,0.17886178861788615,0.05,34.657534246575345,22.0,82
203078,2015-16,55.0,1,0.2195121951219512,0.20905923344947736,0.05,33.44444444444444,23.0,82
203078,2016-17,77.0,1,0.2235772357723577,0.2700348432055749,0.05,31.054545454545455,24.0,82
203078,2017-18,82.0,0,0.2073170731707317,0.16202090592334498,0.15,34.857142857142854,25.0,82
203078,2018-19,82.0,0,0.13008130081300814,0.06445993031358886,0.25,36.30487804878049,26.0,82
203078,2019-20,57.0,1,0.020325203252032537,0.008710801393728231,0.35,36.926829268292686,27.0,72
203078,2020-21,60.0,1,0.06944444444444446,0.11904761904761907,0.44999999999999996,36.01754385964912,28.0,72
203078,2021-22,40.0,1,0.125,0.15476190476190474,0.5499999999999999,35.78333333333333,29.0,82
203078,2022-23,50.0,1,0.29573170731707316,0.37006387921022066,0.65,35.975,30.0,82
203078,2023-24,53.0,1,0.35636856368563685,0.39314750290360045,0.75,33.46,31.0,82
203078,2024-25,53.0,1,0.4186991869918699,0.38675958188153314,0.85,33.339622641509436,32.0,82
203078,2025-26,6.0,1,0.3658536585365854,0.3588850174216028,0.85,32.113207547169814,33.0,82
203079,2013-14,70.0,1,0.25609756097560976,0.25609756097560976,0.05,28.78688524590164,22.0,82
203079,2014-15,33.0,1,0.20121951219512196,0.1829268292682927,0.05,29.6,23.0,82
203079,2015-16,78.0,1,0.14227642276422767,0.09233449477351918,0.05,23.818181818181817,24.0,82
203079,2016-17,46.0,1,0.0731707317073171,0.05574912891986066,0.15,27.58974358974359,25.0,82
203079,2017-18,30.0,1,0.17073170731707318,0.26829268292682923,0.25,30.08695652173913,26.0,82
203079,2018-19,44.0,1,0.3739837398373984,0.49477351916376305,0.35,30.6,27.0,82
203079,2019-20,3.0,1,0.5121951219512195,0.5087108013937283,0.44999999999999996,25.863636363636363,28.0,72
203080,2013-14,70.0,1,0.14634146341463417,0.14634146341463417,0.05,15.862745098039216,23.0,82
203080,2014-15,32.0,1,0.14634146341463417,0.14634146341463417,0.05,12.471428571428572,24.0,82
203080,2015-16,71.0,1,0.21138211382113822,0.2578397212543554,0.15,12.21875,25.0,82
203080,2016-17,48.0,1,0.2073170731707317,0.19512195121951217,0.25,12.915492957746478,26.0,82
203081,2013-14,82.0,0,0.0,0.0,0.05,38.6219512195122,23.0,82
203081,2014-15,82.0,0,0.0,0.0,0.05,35.81707317073171,24.0,82
203081,2015-16,75.0,1,0.0,0.0,0.15,35.670731707317074,25.0,82
203081,2016-17,75.0,1,0.028455284552845517,0.04878048780487803,0.25,35.68,26.0,82
203081,2017-18,73.0,1,0.05691056910569103,0.07317073170731704,0.35,35.906666666666666,27.0,82
203081,2018-19,80.0,1,0.09349593495934956,0.09930313588850172,0.44999999999999996,36.57534246575342,28.0,82
203081,2019-20,66.0,1,0.07317073170731707,0.05749128919860628,0.5499999999999999,35.475,29.0,72
203081,2020-21,67.0,1,0.07249322493224934,0.07026713124274102,0.65,37.484848484848484,30.0,72
203081,2021-22,29.0,1,0.05905600722673895,0.06697638404955478,0.75,35.791044776119406,31.0,82
203081,2022-23,58.0,1,0.26637308039747065,0.4010840108401084,0.85,36.41379310344828,32.0,82
203081,2023-24,73.0,1,0.336156278229449,0.3618370112272552,0.85,36.327586206896555,33.0,82
203081,2024-25,58.0,1,0.34959349593495936,0.23867595818815332,0.85,35.31506849315068,34.0,82
203082,2013-14,81.0,1,0.1097560975609756,0.1097560975609756,0.05,16.972602739726028,23.0,82
203082,2014-15,82.0,0,0.06097560975609756,0.044715447154471545,0.05,26.65432098765432,24.0,82
203082,2015-16,73.0,1,0.04065040650406504,0.019163763066202093,0.15,25.51219512195122,25.0,82
203082,2016-17,54.0,1,0.04065040650406504,0.06445993031358885,0.25,23.931506849315067,26.0,82
203082,2017-18,24.0,1,0.05284552845528456,0.059233449477351936,0.35,22.35185185185185,27.0,82
203082,2018-19,81.0,1,0.2886178861788618,0.4337979094076655,0.44999999999999996,25.0,28.0,82
203082,2019-20,69.0,1,0.25609756097560976,0.21602787456445993,0.5499999999999999,26.54320987654321,29.0,72
203082,2020-21,46.0,1,0.2537262872628726,0.12833914053426246,0.65,27.3768115942029,30.0,72
203082,2021-22,63.0,1,0.13832429990966577,0.2199961285327139,0.75,29.282608695652176,31.0,82
203082,2022-23,42.0,1,0.21149503161698283,0.2415311653116531,0.85,22.984126984126984,32.0,82
203083,2013-14,81.0,1,0.2682926829268293,0.2682926829268293,0.05,20.716666666666665,20.0,82
203083,2014-15,82.0,0,0.1402439024390244,0.09756097560975611,0.05,32.333333333333336,21.0,82
203083,2015-16,81.0,1,0.0934959349593496,0.041811846689895474,0.05,30.51219512195122,22.0,82
203083,2016-17,81.0,1,0.008130081300813016,0.008710801393728231,0.05,32.91358024691358,23.0,82
203083,2017-18,78.0,1,0.008130081300813016,0.010452961672473877,0.05,29.74074074074074,24.0,82
203083,2018-19,79.0,1,0.024390243902439046,0.033101045296167274,0.15,33.65384615384615,25.0,82
203083,2019-20,49.0,1,0.032520325203252064,0.03658536585365857,0.25,33.50632911392405,26.0,72
203083,2020-21,25.0,1,0.09789972899729,0.13646922183507554,0.35,33.755102040816325,27.0,72
203083,2021-22,49.0,1,0.20200993676603438,0.2710994967092529,0.44999999999999996,28.88,28.0,82
203083,2022-23,67.0,1,0.22640018066847337,0.19565427797135118,0.5499999999999999,18.408163265306122,29.0,82
203083,2023-24,79.0,1,0.2179313459801265,0.1874758033294619,0.65,12.671641791044776,30.0,82
203083,2024-25,40.0,1,0.10975609756097564,0.08885017421602791,0.75,17.10126582278481,31.0,82
203083,2025-26,63.0,1,0.24390243902439027,0.32926829268292684,0.85,18.775,32.0,82
203084,2013-14,78.0,1,0.012195121951219523,0.012195121951219523,0.05,25.40740740740741,22.0,82
203084,2014-15,82.0,0,0.030487804878048808,0.03658536585365857,0.05,28.256410256410255,23.0,82
203084,2015-16,66.0,1,0.020325203252032537,0.015679442508710815,0.05,28.26829268292683,24.0,82
203084,2016-17,79.0,1,0.08130081300813008,0.11846689895470382,0.15,30.939393939393938,25.0,82
203084,2017-18,77.0,1,0.07723577235772357,0.07665505226480837,0.25,35.49367088607595,26.0,82
203084,2018-19,49.0,1,0.09756097560975611,0.07317073170731711,0.35,34.20779220779221,27.0,82
203084,2019-20,72.0,0,0.0528455284552846,0.05749128919860632,0.44999999999999996,32.326530612244895,28.0,72
203084,2020-21,58.0,1,0.040650406504065074,0.026132404181184694,0.5499999999999999,34.47222222222222,29.0,72
203084,2021-22,77.0,1,0.08514001806684734,0.11982191250483933,0.65,36.241379310344826,30.0,82
203084,2022-23,82.0,0,0.08514001806684734,0.09039876113046848,0.75,33.5974025974026,31.0,82
203084,2023-24,82.0,0,0.08514001806684734,0.04519938056523424,0.85,32.46341463414634,32.0,82
203084,2024-25,82.0,0,0.020325203252032537,0.008710801393728231,0.85,29.036585365853657,33.0,82
203084,2025-26,77.0,1,0.0,0.0,0.85,27.195121951219512,34.0,82
203085,2013-14,69.0,1,0.25609756097560976,0.25609756097560976,0.05,23.24590163934426,21.0,82
203085,2014-15,35.0,1,0.20731707317073172,0.1910569105691057,0.05,19.405797101449274,22.0,82
203085,2015-16,67.0,1,0.16260162601626016,0.12369337979094075,0.05,22.057142857142857,23.0,82
203085,2016-17,74.0,1,0.13821138211382114,0.1480836236933798,0.05,21.850746268656717,24.0,82
203085,2017-18,61.0,1,0.11788617886178861,0.11846689895470383,0.15,27.756756756756758,25.0,82
203085,2018-19,29.0,1,0.17886178861788618,0.20034843205574912,0.25,33.721311475409834,26.0,82
203085,2019-20,68.0,1,0.1422764227642276,0.12891986062717767,0.35,23.551724137931036,27.0,72
203085,2020-21,21.0,1,0.1282746160794941,0.08923732094463802,0.44999999999999996,23.441176470588236,28.0,72
203085,2021-22,67.0,1,0.2095754290876242,0.31204026325977546,0.5499999999999999,21.047619047619047,29.0,82
203085,2022-23,52.0,1,0.24616079494128276,0.2553232675183895,0.65,22.08955223880597,30.0,82
203086,2013-14,40.0,1,0.1585365853658537,0.1585365853658537,0.05,17.47826086956522,22.0,82
203086,2014-15,55.0,1,0.3353658536585366,0.39430894308943093,0.05,8.875,23.0,82
203086,2015-16,61.0,1,0.3333333333333333,0.35714285714285715,0.05,15.4,24.0,82
203086,2016-17,74.0,1,0.3658536585365854,0.31358885017421606,0.15,21.852459016393443,25.0,82
203086,2017-18,33.0,1,0.22764227642276422,0.17595818815331007,0.25,16.513513513513512,26.0,82
203086,2018-19,61.0,1,0.3170731707317073,0.40592334494773513,0.35,7.696969696969697,27.0,82
203086,2019-20,51.0,1,0.3170731707317073,0.33101045296167253,0.44999999999999996,14.39344262295082,28.0,72
203086,2020-21,3.0,1,0.3817750677506775,0.3252032520325203,0.5499999999999999,20.274509803921568,29.0,72
203086,2022-23,9.0,1,0.5020325203252033,0.6675377468060395,0.75,9.666666666666666,31.0,82
203087,2013-14,78.0,1,0.7195121951219512,0.7195121951219512,0.05,6.391304347826087,22.0,82
203087,2014-15,47.0,1,0.38414634146341464,0.2723577235772358,0.05,19.71794871794872,23.0,82
203087,2015-16,66.0,1,0.39837398373983746,0.3606271777003484,0.05,13.46808510638298,24.0,82
203087,2016-17,62.0,1,0.22357723577235775,0.24041811846689895,0.15,18.59090909090909,25.0,82
203087,2017-18,80.0,1,0.2886178861788618,0.2560975609756097,0.25,18.43548387096774,26.0,82
203087,2018-19,79.0,1,0.15447154471544713,0.11149825783972125,0.35,24.5875,27.0,82
203087,2019-20,46.0,1,0.10162601626016261,0.06271777003484323,0.44999999999999996,28.481012658227847,28.0,72
203087,2020-21,36.0,1,0.14069557362240293,0.22028648857917155,0.5499999999999999,28.065217391304348,29.0,72
203087,2021-22,39.0,1,0.29923215898825656,0.39411536972512584,0.65,21.25,30.0,82
203088,2013-14,54.0,1,0.41463414634146345,0.41463414634146345,0.05,14.625,22.0,82
203088,2014-15,28.0,1,0.3780487804878049,0.3658536585365854,0.05,28.962962962962962,23.0,82
203088,2015-16,30.0,1,0.47154471544715443,0.5331010452961672,0.05,14.892857142857142,24.0,82
203089,2013-14,70.0,1,0.23170731707317072,0.23170731707317072,0.05,13.126984126984127,23.0,82
203089,2014-15,67.0,1,0.18902439024390244,0.17479674796747968,0.05,26.514285714285716,24.0,82
203089,2015-16,57.0,1,0.1869918699186992,0.17944250871080142,0.15,18.328358208955223,25.0,82
203089,2016-17,58.0,1,0.21138211382113825,0.24738675958188155,0.25,16.842105263157894,26.0,82
203089,2017-18,76.0,1,0.2601626016260163,0.28048780487804886,0.35,19.362068965517242,27.0,82
203089,2018-19,14.0,1,0.22357723577235775,0.16898954703832753,0.44999999999999996,25.907894736842106,28.0,82
203089,2019-20,29.0,1,0.3983739837398374,0.5365853658536585,0.5499999999999999,13.428571428571429,29.0,72
203090,2013-14,80.0,1,0.07317073170731703,0.07317073170731703,0.05,25.973684210526315,21.0,82
203090,2014-15,45.0,1,0.04878048780487804,0.04065040650406504,0.05,24.375,22.0,82
203090,2015-16,78.0,1,0.18292682926829265,0.27526132404181186,0.05,14.977777777777778,23.0,82
203090,2016-17,77.0,1,0.17479674796747968,0.16027874564459932,0.05,18.67948717948718,24.0,82
203090,2017-18,59.0,1,0.1869918699186992,0.11324041811846694,0.15,28.87012987012987,25.0,82
203090,2018-19,60.0,1,0.13008130081300817,0.18466898954703836,0.25,21.423728813559322,26.0,82
203090,2019-20,50.0,1,0.20325203252032523,0.24216027874564464,0.35,23.583333333333332,27.0,72
203090,2020-21,11.0,1,0.229223125564589,0.19608981804103753,0.44999999999999996,22.82,28.0,72
203090,2021-22,47.0,1,0.29776422764227645,0.3557878435927217,0.5499999999999999,11.272727272727273,29.0,82
203092,2013-14,70.0,1,0.060975609756097615,0.060975609756097615,0.05,26.4025974025974,24.0,82
203092,2014-15,82.0,0,0.10365853658536589,0.11788617886178865,0.15,14.985714285714286,25.0,82
203092,2015-16,60.0,1,0.0691056910569106,0.05052264808362371,0.25,21.109756097560975,26.0,82
203092,2016-17,51.0,1,0.13821138211382114,0.1742160278745645,0.35,11.833333333333334,27.0,82
203092,2017-18,42.0,1,0.21544715447154472,0.2926829268292683,0.44999999999999996,10.294117647058824,28.0,82
203092,2018-19,2.0,1,0.28048780487804875,0.2578397212543554,0.5499999999999999,16.738095238095237,29.0,82
203092,2019-20,2.0,1,0.5,0.6393728222996515,0.65,5.5,30.0,72
203093,2013-14,76.0,1,0.7682926829268293,0.7682926829268293,0.05,14.526315789473685,22.0,82
203093,2014-15,33.0,1,0.42073170731707316,0.3048780487804878,0.05,27.342105263157894,23.0,82
203093,2015-16,50.0,1,0.4796747967479675,0.47212543554006964,0.05,26.939393939393938,24.0,82
203093,2016-17,51.0,1,0.3536585365853659,0.4041811846689895,0.15,20.88,25.0,82
203093,2018-19,2.0,1,0.4430894308943089,0.3919860627177701,0.35,24.784313725490197,27.0,82
203094,2013-14,76.0,1,0.08536585365853655,0.08536585365853655,0.05,16.653333333333332,24.0,82
203094,2014-15,40.0,1,0.07926829268292679,0.07723577235772354,0.15,15.447368421052632,25.0,82
203094,2015-16,56.0,1,0.2235772357723577,0.3257839721254356,0.25,12.3,26.0,82
203094,2016-17,28.0,1,0.30081300813008127,0.33797909407665505,0.35,14.696428571428571,27.0,82
203095,2013-14,76.0,1,0.5365853658536586,0.5365853658536586,0.05,11.263157894736842,21.0,82
203095,2014-15,58.0,1,0.3048780487804878,0.22764227642276422,0.05,19.789473684210527,22.0,82
203095,2015-16,79.0,1,0.3008130081300813,0.26480836236933797,0.05,28.637931034482758,23.0,82
203095,2016-17,68.0,1,0.13414634146341464,0.11498257839721257,0.05,32.48101265822785,24.0,82
203095,2017-18,57.0,1,0.1666666666666667,0.14982578397212548,0.15,32.85294117647059,25.0,82
203095,2018-19,81.0,1,0.1707317073170732,0.22822299651567948,0.25,32.228070175438596,26.0,82
203095,2019-20,66.0,1,0.1626016260162602,0.11846689895470386,0.35,31.51851851851852,27.0,72
203095,2020-21,26.0,1,0.13346883468834692,0.09465737514518005,0.44999999999999996,31.454545454545453,28.0,72
203095,2021-22,80.0,1,0.17073170731707318,0.26364692218350755,0.5499999999999999,30.26923076923077,29.0,82
203095,2022-23,27.0,1,0.17479674796747968,0.1448896631823461,0.65,29.475,30.0,82
203095,2023-24,3.0,1,0.3705962059620596,0.4497677119628339,0.75,17.0,31.0,82
203096,2013-14,74.0,1,0.4512195121951219,0.4512195121951219,0.05,19.822222222222223,22.0,82
203096,2014-15,58.0,1,0.274390243902439,0.2154471544715447,0.05,27.58108108108108,23.0,82
203096,2015-16,81.0,1,0.28048780487804875,0.2595818815331011,0.05,27.0,24.0,82
203096,2016-17,11.0,1,0.13414634146341464,0.10452961672473869,0.15,23.641975308641975,25.0,82
203098,2013-14,13.0,1,0.25609756097560976,0.25609756097560976,0.05,14.78688524590164,23.0,82
203098,2014-15,24.0,1,0.5487804878048781,0.6463414634146342,0.05,12.153846153846153,24.0,82
203098,2015-16,21.0,1,0.6016260162601627,0.681184668989547,0.15,12.375,25.0,82
203098,2016-17,4.0,1,0.6747967479674797,0.5940766550522648,0.25,9.19047619047619,26.0,82
203098,2018-19,4.0,1,0.7113821138211381,0.7804878048780487,0.44999999999999996,3.25,28.0,82
203099,2013-14,5.0,1,0.9024390243902439,0.9024390243902439,0.05,3.25,23.0,82
203099,2014-15,19.0,1,0.8719512195121951,0.8617886178861789,0.05,4.4,24.0,82
203099,2015-16,40.0,1,0.8373983739837398,0.808362369337979,0.15,4.684210526315789,25.0,82
203100,2013-14,72.0,1,0.5731707317073171,0.5731707317073171,0.05,7.771428571428571,21.0,82
203100,2014-15,30.0,1,0.34756097560975613,0.2723577235772358,0.05,24.51388888888889,22.0,82
203100,2015-16,8.0,1,0.44308943089430897,0.47909407665505227,0.05,29.833333333333332,23.0,82
203101,2013-14,80.0,1,0.8292682926829268,0.8292682926829268,0.15,3.9285714285714284,25.0,82
203101,2014-15,54.0,1,0.4268292682926829,0.2926829268292683,0.25,24.55,26.0,82
203101,2015-16,61.0,1,0.3211382113821138,0.1881533101045296,0.35,18.61111111111111,27.0,82
203101,2016-17,32.0,1,0.13008130081300814,0.18118466898954705,0.44999999999999996,14.262295081967213,28.0,82
203101,2017-18,55.0,1,0.27235772357723576,0.34668989547038326,0.5499999999999999,9.6875,29.0,82
203101,2018-19,18.0,1,0.34552845528455284,0.35365853658536583,0.65,16.69090909090909,30.0,82
203102,2013-14,12.0,1,0.426829268292683,0.426829268292683,0.05,11.53191489361702,23.0,82
203103,2013-14,62.0,1,0.5365853658536586,0.5365853658536586,0.05,7.368421052631579,22.0,82
203103,2014-15,43.0,1,0.3902439024390244,0.34146341463414637,0.05,12.338709677419354,23.0,82
203104,2013-14,19.0,1,0.41463414634146345,0.41463414634146345,0.05,8.166666666666666,21.0,82
203104,2017-18,3.0,1,0.4634146341463415,0.4796747967479675,0.15,12.736842105263158,25.0,82
203105,2014-15,46.0,1,0.04878048780487809,0.04878048780487809,0.15,14.35897435897436,25.0,82
203105,2015-16,46.0,1,0.24390243902439024,0.30894308943089427,0.25,10.956521739130435,26.0,82
203106,2013-14,26.0,1,0.060975609756097615,0.060975609756097615,0.15,19.571428571428573,25.0,82
203106,2014-15,29.0,1,0.3719512195121951,0.47560975609756095,0.25,24.192307692307693,26.0,82
203107,2017-18,73.0,1,0.30487804878048785,0.30487804878048785,0.25,12.614035087719298,26.0,82
203107,2018-19,80.0,1,0.20731707317073172,0.17479674796747968,0.35,22.506849315068493,27.0,82
203107,2019-20,65.0,1,0.14634146341463417,0.0888501742160279,0.44999999999999996,27.05,28.0,72
203107,2020-21,58.0,1,0.07712285456187895,0.07820363917924893,0.5499999999999999,28.892307692307693,29.0,72
203107,2021-22,32.0,1,0.10535230352303522,0.14237320944638016,0.65,22.53448275862069,30.0,82
203108,2013-14,30.0,1,0.4390243902439024,0.4390243902439024,0.5499999999999999,9.934782608695652,29.0,82
203108,2014-15,16.0,1,0.5365853658536586,0.5691056910569106,0.65,4.866666666666666,30.0,82
203109,2013-14,78.0,1,0.04878048780487809,0.04878048780487809,0.05,17.346153846153847,23.0,82
203109,2014-15,25.0,1,0.04878048780487809,0.04878048780487809,0.05,16.076923076923077,24.0,82
203109,2015-16,73.0,1,0.032520325203252064,0.020905923344947754,0.15,10.6,25.0,82
203109,2016-17,72.0,1,0.05284552845528456,0.06968641114982578,0.25,31.616438356164384,26.0,82
203109,2017-18,53.0,1,0.07723577235772357,0.10104529616724738,0.35,32.43055555555556,27.0,82
203109,2018-19,80.0,1,0.08536585365853659,0.06445993031358886,0.44999999999999996,25.39622641509434,28.0,82
203109,2019-20,45.0,1,0.05691056910569107,0.0383275261324042,0.5499999999999999,27.075,29.0,72
203109,2020-21,60.0,1,0.048667570009033434,0.06600851722802943,0.65,29.377777777777776,30.0,72
203109,2021-22,67.0,1,0.09609304426377596,0.12650019357336428,0.75,27.466666666666665,31.0,82
203109,2022-23,18.0,1,0.14893857271906052,0.1660375532326752,0.85,28.149253731343283,32.0,82
203109,2023-24,50.0,1,0.37669376693766937,0.5220673635307782,0.85,18.88888888888889,33.0,82
203109,2024-25,9.0,1,0.4512195121951221,0.47212543554006975,0.85,23.12,34.0,82
203110,2013-14,82.0,0,0.03658536585365857,0.03658536585365857,0.05,13.430379746835444,24.0,82
203110,2014-15,79.0,1,0.018292682926829285,0.012195121951219523,0.15,21.914634146341463,25.0,82
203110,2015-16,81.0,1,0.024390243902439046,0.026132404181184694,0.25,31.518987341772153,26.0,82
203110,2016-17,76.0,1,0.016260162601626032,0.017421602787456462,0.35,34.666666666666664,27.0,82
203110,2017-18,70.0,1,0.04065040650406504,0.050522648083623674,0.44999999999999996,32.51315789473684,28.0,82
203110,2018-19,66.0,1,0.07723577235772357,0.10627177700348432,0.5499999999999999,32.67142857142857,29.0,82
203110,2019-20,43.0,1,0.1382113821138211,0.16376306620209055,0.65,31.28787878787879,30.0,72
203110,2020-21,63.0,1,0.24808039747064137,0.3068137824235385,0.75,28.41860465116279,31.0,72
203110,2021-22,46.0,1,0.24096657633243,0.21438250096786682,0.85,31.46031746031746,32.0,82
203110,2022-23,73.0,1,0.32226738934056004,0.344125048393341,0.85,28.891304347826086,33.0,82
203110,2023-24,55.0,1,0.22459349593495934,0.20601045296167245,0.85,31.47945205479452,34.0,82
203110,2024-25,68.0,1,0.2926829268292683,0.2822299651567944,0.85,27.09090909090909,35.0,82
203110,2025-26,68.0,1,0.2032520325203252,0.2073170731707317,0.85,29.16176470588235,36.0,82
203111,2013-14,38.0,1,0.3780487804878049,0.3780487804878049,0.15,12.137254901960784,25.0,82
203111,2015-16,2.0,1,0.4146341463414634,0.42682926829268286,0.35,9.0,27.0,82
203112,2013-14,7.0,1,0.6463414634146342,0.6463414634146342,0.05,11.793103448275861,23.0,82
203112,2014-15,68.0,1,0.43902439024390244,0.3699186991869919,0.05,8.714285714285714,24.0,82
203112,2015-16,59.0,1,0.34959349593495936,0.2560975609756098,0.15,18.926470588235293,25.0,82
203112,2016-17,6.0,1,0.22764227642276424,0.24216027874564464,0.25,14.847457627118644,26.0,82
203112,2017-18,70.0,1,0.32926829268292684,0.4111498257839722,0.35,8.0,27.0,82
203112,2018-19,10.0,1,0.32113821138211385,0.2770034843205575,0.44999999999999996,19.414285714285715,28.0,82
203113,2013-14,52.0,1,0.9146341463414634,0.9146341463414634,0.05,3.7142857142857144,21.0,82
203113,2014-15,6.0,1,0.6402439024390244,0.5487804878048781,0.05,15.173076923076923,22.0,82
203114,2013-14,82.0,0,0.6707317073170731,0.6707317073170731,0.05,17.59259259259259,22.0,82
203114,2014-15,79.0,1,0.33536585365853655,0.2235772357723577,0.05,30.0,23.0,82
203114,2015-16,79.0,1,0.23577235772357721,0.1167247386759582,0.05,30.10126582278481,24.0,82
203114,2016-17,29.0,1,0.024390243902439046,0.03135888501742163,0.15,36.10126582278481,25.0,82
203114,2017-18,82.0,0,0.23983739837398377,0.38501742160278746,0.25,30.655172413793103,26.0,82
203114,2018-19,77.0,1,0.22764227642276424,0.18989547038327528,0.35,36.36585365853659,27.0,82
203114,2019-20,62.0,1,0.23577235772357727,0.1271777003484321,0.44999999999999996,31.07792207792208,28.0,72
203114,2020-21,68.0,1,0.06662149954832881,0.0967866821525358,0.5499999999999999,29.887096774193548,29.0,72
203114,2021-22,66.0,1,0.08514001806684734,0.08013937282229966,0.65,33.36764705882353,30.0,82
203114,2022-23,33.0,1,0.12985546522131886,0.14721254355400695,0.75,32.43939393939394,31.0,82
203114,2023-24,55.0,1,0.28274616079494125,0.40514905149051483,0.85,24.272727272727273,32.0,82
203114,2024-25,23.0,1,0.37398373983739835,0.3867595818815331,0.85,27.036363636363635,33.0,82
203114,2025-26,34.0,1,0.491869918699187,0.4930313588850174,0.85,23.217391304347824,34.0,82
203115,2013-14,41.0,1,0.1097560975609756,0.1097560975609756,0.05,12.246575342465754,23.0,82
203115,2014-15,30.0,1,0.3048780487804878,0.3699186991869919,0.05,9.439024390243903,24.0,82
203115,2015-16,82.0,0,0.3008130081300813,0.3257839721254356,0.15,10.0,25.0,82
203115,2016-17,60.0,1,0.26422764227642276,0.15505226480836237,0.25,28.695121951219512,26.0,82
203115,2017-18,81.0,1,0.1869918699186992,0.1951219512195122,0.35,28.416666666666668,27.0,82
203115,2018-19,43.0,1,0.0934959349593496,0.08362369337979095,0.44999999999999996,33.123456790123456,28.0,82
203115,2019-20,58.0,1,0.25203252032520324,0.31358885017421606,0.5499999999999999,27.651162790697676,29.0,72
203115,2020-21,56.0,1,0.22741644083107496,0.248741773132017,0.65,33.03448275862069,30.0,72
203115,2021-22,71.0,1,0.29742547425474253,0.25048393341076264,0.75,31.0,31.0,82
203115,2022-23,40.0,1,0.18360433604336043,0.16792489353464962,0.85,32.056338028169016,32.0,82
203116,2013-14,23.0,1,0.5365853658536586,0.5365853658536586,0.05,5.815789473684211,24.0,82
203117,2013-14,53.0,1,0.426829268292683,0.426829268292683,0.05,12.173913043478262,22.0,82
203118,2013-14,80.0,1,0.5121951219512195,0.5121951219512195,0.15,9.4,25.0,82
203118,2014-15,68.0,1,0.2682926829268293,0.1869918699186992,0.25,18.525,26.0,82
203118,2015-16,75.0,1,0.23577235772357727,0.1777003484320558,0.35,16.514705882352942,27.0,82
203118,2016-17,18.0,1,0.0934959349593496,0.10104529616724738,0.44999999999999996,15.28,28.0,82
203118,2017-18,76.0,1,0.34552845528455284,0.4947735191637631,0.5499999999999999,10.833333333333334,29.0,82
203118,2018-19,52.0,1,0.3130081300813008,0.2770034843205575,0.65,18.5,30.0,82
203118,2019-20,68.0,1,0.2967479674796748,0.15331010452961674,0.75,14.384615384615385,31.0,72
203118,2020-21,51.0,1,0.05510388437217706,0.052651955090979495,0.85,17.75,32.0,72
203120,2014-15,24.0,1,0.9024390243902439,0.9024390243902439,0.15,4.0,25.0,82
203120,2016-17,64.0,1,0.7012195121951219,0.6341463414634146,0.35,12.041666666666666,27.0,82
203121,2013-14,45.0,1,0.36585365853658536,0.36585365853658536,0.05,13.346153846153847,24.0,82
203121,2014-15,5.0,1,0.40853658536585363,0.42276422764227634,0.15,16.066666666666666,25.0,82
203121,2017-18,82.0,0,0.5853658536585366,0.7177700348432056,0.44999999999999996,8.6,28.0,82
203121,2018-19,69.0,1,0.46341463414634143,0.3327526132404181,0.5499999999999999,23.70731707317073,29.0,82
203121,2020-21,18.0,1,0.3658536585365854,0.22473867595818817,0.75,25.463768115942027,31.0,72
203123,2015-16,26.0,1,0.47560975609756095,0.47560975609756095,0.15,18.488372093023255,25.0,82
203124,2013-14,69.0,1,0.30487804878048785,0.30487804878048785,0.05,11.192982456140351,24.0,82
203124,2014-15,51.0,1,0.23170731707317077,0.20731707317073175,0.15,17.217391304347824,25.0,82
203124,2015-16,65.0,1,0.2804878048780488,0.3048780487804878,0.25,16.15686274509804,26.0,82
203124,2016-17,79.0,1,0.24796747967479674,0.24912891986062716,0.35,11.753846153846155,27.0,82
203124,2017-18,77.0,1,0.2073170731707317,0.13414634146341464,0.44999999999999996,15.556962025316455,28.0,82
203124,2018-19,45.0,1,0.10162601626016261,0.07491289198606275,0.5499999999999999,18.01298701298701,29.0,82
203124,2019-20,29.0,1,0.1829268292682927,0.28048780487804875,0.65,8.244444444444444,30.0,72
203129,2013-14,17.0,1,0.7682926829268293,0.7682926829268293,0.05,4.894736842105263,22.0,82
203133,2014-15,45.0,1,0.35365853658536583,0.35365853658536583,0.25,12.358490566037736,26.0,82
203135,2013-14,65.0,1,0.6097560975609756,0.6097560975609756,0.15,6.34375,25.0,82
203135,2014-15,67.0,1,0.40853658536585363,0.34146341463414637,0.25,16.753846153846155,26.0,82
203135,2015-16,25.0,1,0.3333333333333333,0.25087108013937287,0.35,16.91044776119403,27.0,82
203136,2014-15,16.0,1,0.7439024390243902,0.7439024390243902,0.15,4.380952380952381,25.0,82
203138,2014-15,71.0,1,0.060975609756097615,0.060975609756097615,0.05,22.623376623376622,24.0,82
203138,2015-16,77.0,1,0.09756097560975613,0.10975609756097564,0.15,25.014084507042252,25.0,82
203138,2016-17,31.0,1,0.08536585365853662,0.08188153310104533,0.25,27.974025974025974,26.0,82
203139,2013-14,20.0,1,0.6951219512195121,0.6951219512195121,0.25,8.96,26.0,82
203141,2013-14,72.0,1,0.35365853658536583,0.35365853658536583,0.44999999999999996,9.415094339622641,28.0,82
203141,2014-15,40.0,1,0.23780487804878048,0.1991869918699187,0.5499999999999999,19.38888888888889,29.0,82
203141,2015-16,79.0,1,0.32926829268292684,0.3780487804878049,0.65,22.3,30.0,82
203141,2016-17,70.0,1,0.22357723577235775,0.18466898954703836,0.75,21.341772151898734,31.0,82
203141,2017-18,10.0,1,0.23170731707317074,0.1672473867595819,0.85,16.185714285714287,32.0,82
203142,2013-14,41.0,1,0.31707317073170727,0.31707317073170727,0.65,15.392857142857142,30.0,82
203142,2014-15,50.0,1,0.40853658536585363,0.4390243902439024,0.75,6.463414634146342,31.0,82
203142,2015-16,24.0,1,0.40243902439024387,0.41114982578397213,0.85,16.56,32.0,82
203143,2013-14,66.0,1,0.04878048780487809,0.04878048780487809,0.85,16.192307692307693,37.0,82
203143,2014-15,43.0,1,0.12195121951219512,0.14634146341463414,0.85,19.439393939393938,38.0,82
203143,2015-16,59.0,1,0.14227642276422767,0.1672473867595819,0.85,18.488372093023255,39.0,82
203144,2013-14,63.0,1,0.060975609756097615,0.060975609756097615,0.15,23.896103896103895,25.0,82
203144,2014-15,17.0,1,0.14634146341463417,0.17479674796747968,0.25,10.53968253968254,26.0,82
203145,2013-14,44.0,1,0.25609756097560976,0.25609756097560976,0.05,4.377049180327869,24.0,82
203145,2014-15,75.0,1,0.21951219512195125,0.20731707317073175,0.15,6.090909090909091,25.0,82
203145,2015-16,75.0,1,0.17479674796747968,0.13763066202090593,0.25,17.653333333333332,26.0,82
203145,2016-17,73.0,1,0.11788617886178861,0.09930313588850172,0.35,27.773333333333333,27.0,82
203145,2017-18,65.0,1,0.09349593495934956,0.09930313588850172,0.44999999999999996,26.89041095890411,28.0,82
203145,2018-19,67.0,1,0.13414634146341461,0.1620209059233449,0.5499999999999999,27.523076923076925,29.0,82
203145,2019-20,43.0,1,0.16666666666666666,0.17944250871080142,0.65,24.52238805970149,30.0,72
203145,2020-21,67.0,1,0.14859981933152666,0.11362756484707706,0.75,25.837209302325583,31.0,72
203145,2021-22,39.0,1,0.10264227642276424,0.08168795973674023,0.85,19.91044776119403,32.0,82
203146,2013-14,2.0,1,0.6707317073170731,0.6707317073170731,0.05,7.857142857142857,23.0,82
203148,2013-14,72.0,1,0.04878048780487809,0.04878048780487809,0.44999999999999996,16.974358974358974,28.0,82
203148,2014-15,72.0,1,0.0853658536585366,0.09756097560975611,0.5499999999999999,23.15277777777778,29.0,82
203148,2015-16,30.0,1,0.09756097560975611,0.11149825783972125,0.65,18.47222222222222,30.0,82
203148,2016-17,41.0,1,0.2073170731707317,0.26829268292682923,0.75,11.1,31.0,82
203156,2013-14,20.0,1,0.975609756097561,0.975609756097561,0.05,2.5,24.0,82
203156,2014-15,73.0,1,0.7073170731707317,0.6178861788617885,0.15,8.4,25.0,82
203156,2015-16,14.0,1,0.508130081300813,0.32752613240418116,0.25,19.164383561643834,26.0,82
203159,2018-19,4.0,1,0.926829268292683,0.926829268292683,0.5499999999999999,3.5,29.0,82
203186,2016-17,71.0,1,0.524390243902439,0.524390243902439,0.35,10.923076923076923,27.0,82
203186,2017-18,39.0,1,0.32926829268292684,0.26422764227642276,0.44999999999999996,14.52112676056338,28.0,82
203187,2013-14,40.0,1,0.9024390243902439,0.9024390243902439,0.05,12.75,24.0,82
203187,2014-15,9.0,1,0.7073170731707317,0.6422764227642276,0.15,19.725,25.0,82
203187,2015-16,70.0,1,0.6869918699186992,0.6445993031358885,0.25,20.77777777777778,26.0,82
203197,2013-14,71.0,1,0.7682926829268293,0.7682926829268293,0.15,7.842105263157895,25.0,82
203200,2014-15,59.0,1,0.8902439024390244,0.8902439024390244,0.25,15.777777777777779,26.0,82
203200,2015-16,26.0,1,0.5853658536585367,0.48373983739837395,0.35,11.135593220338983,27.0,82
203200,2016-17,82.0,0,0.508130081300813,0.40940766550522645,0.44999999999999996,10.115384615384615,28.0,82
203200,2017-18,72.0,1,0.21138211382113822,0.14111498257839722,0.5499999999999999,19.98780487804878,29.0,82
203200,2018-19,38.0,1,0.15853658536585366,0.12020905923344948,0.65,31.458333333333332,30.0,82
203200,2019-20,72.0,0,0.04065040650406504,0.03484320557491289,0.75,34.86842105263158,31.0,72
203200,2020-21,72.0,0,0.04065040650406504,0.017421602787456445,0.85,25.013698630136986,32.0,72
203200,2021-22,49.0,1,0.0,0.0,0.85,30.319444444444443,33.0,82
203200,2022-23,28.0,1,0.03252032520325202,0.05574912891986061,0.85,28.897959183673468,34.0,82
203200,2023-24,58.0,1,0.17886178861788615,0.2787456445993031,0.85,15.347826086956522,35.0,82
203210,2015-16,78.0,1,0.7073170731707317,0.7073170731707317,0.25,6.25,26.0,82
203210,2016-17,77.0,1,0.3780487804878049,0.2682926829268293,0.35,18.53846153846154,27.0,82
203210,2017-18,55.0,1,0.2723577235772358,0.14982578397212548,0.44999999999999996,27.285714285714285,28.0,82
203210,2018-19,41.0,1,0.14634146341463417,0.21254355400696864,0.5499999999999999,28.036363636363635,29.0,82
203210,2019-20,63.0,1,0.1991869918699187,0.22125435540069685,0.65,21.951219512195124,30.0,72
203210,2020-21,58.0,1,0.2205284552845528,0.1777003484320557,0.75,20.746031746031747,31.0,72
203210,2021-22,67.0,1,0.17558717253839204,0.17644212156407277,0.85,19.310344827586206,32.0,82
203210,2022-23,57.0,1,0.16745709123757904,0.1779423151374371,0.85,16.19402985074627,33.0,82
203263,2018-19,13.0,1,0.8414634146341463,0.8414634146341463,0.44999999999999996,13.5,28.0,82
203263,2020-21,9.0,1,0.8292682926829269,0.8252032520325203,0.65,4.923076923076923,30.0,72
203268,2014-15,10.0,1,0.8170731707317074,0.8170731707317074,0.25,16.266666666666666,26.0,82
203268,2015-16,12.0,1,0.7865853658536586,0.7764227642276422,0.35,4.4,27.0,82
203315,2014-15,1.0,1,0.3780487804878049,0.3780487804878049,0.15,7.294117647058823,25.0,82
203318,2014-15,5.0,1,0.8658536585365854,0.8658536585365854,0.05,9.909090909090908,24.0,82
203382,2013-14,53.0,1,0.8048780487804879,0.8048780487804879,0.35,8.8125,27.0,82
203382,2014-15,70.0,1,0.5792682926829269,0.5040650406504065,0.44999999999999996,9.264150943396226,28.0,82
203382,2015-16,81.0,1,0.43495934959349597,0.2996515679442509,0.5499999999999999,16.02857142857143,29.0,82
203382,2016-17,75.0,1,0.17073170731707318,0.09930313588850175,0.65,15.222222222222221,30.0,82
203382,2017-18,81.0,1,0.08130081300813008,0.07317073170731705,0.75,15.506666666666666,31.0,82
203382,2018-19,51.0,1,0.036585365853658534,0.033101045296167246,0.85,18.333333333333332,32.0,82
203382,2019-20,42.0,1,0.15853658536585366,0.23170731707317074,0.85,16.098039215686274,33.0,72
203382,2020-21,53.0,1,0.268970189701897,0.34785133565621373,0.85,22.238095238095237,34.0,72
203457,2015-16,67.0,1,0.08536585365853655,0.08536585365853655,0.05,30.813333333333333,22.0,82
203457,2016-17,29.0,1,0.13414634146341464,0.15040650406504066,0.05,29.328358208955223,23.0,82
203457,2017-18,30.0,1,0.21544715447154472,0.28048780487804875,0.05,19.448275862068964,24.0,82
203457,2018-19,77.0,1,0.39837398373983746,0.4965156794425088,0.15,15.733333333333333,25.0,82
203457,2019-20,61.0,1,0.35772357723577236,0.27003484320557497,0.25,13.714285714285714,26.0,72
203457,2020-21,64.0,1,0.2826332429990967,0.19531552458381732,0.35,18.475409836065573,27.0,72
203457,2021-22,25.0,1,0.10828816621499553,0.1158536585365854,0.44999999999999996,24.171875,28.0,82
203457,2022-23,14.0,1,0.3196702800361337,0.45078397212543553,0.5499999999999999,22.48,29.0,82
203458,2014-15,69.0,1,0.4878048780487805,0.4878048780487805,0.05,8.619047619047619,22.0,82
203458,2015-16,78.0,1,0.3231707317073171,0.2682926829268293,0.05,22.0,23.0,82
203458,2016-17,77.0,1,0.23170731707317074,0.14285714285714288,0.05,23.346153846153847,24.0,82
203458,2017-18,69.0,1,0.08943089430894313,0.07142857142857148,0.15,20.25974025974026,25.0,82
203458,2018-19,77.0,1,0.08943089430894313,0.11498257839721258,0.25,20.217391304347824,26.0,82
203458,2019-20,40.0,1,0.09349593495934964,0.08885017421602792,0.35,20.051948051948052,27.0,72
203458,2020-21,7.0,1,0.15187443541102083,0.1749903213317848,0.44999999999999996,18.625,28.0,72
203458,2021-22,39.0,1,0.1360659439927733,0.13966318234610922,0.5499999999999999,10.857142857142858,29.0,82
203458,2022-23,26.0,1,0.29053748870822044,0.3651277584204414,0.65,15.897435897435898,30.0,82
203458,2023-24,48.0,1,0.43947606142728096,0.5559427022841656,0.75,6.1923076923076925,31.0,82
203458,2024-25,36.0,1,0.540650406504065,0.5069686411149826,0.85,9.25,32.0,82
203459,2014-15,51.0,1,0.8170731707317074,0.8170731707317074,0.05,6.666666666666667,23.0,82
203459,2015-16,81.0,1,0.5975609756097562,0.524390243902439,0.05,13.392156862745098,24.0,82
203459,2016-17,79.0,1,0.402439024390244,0.23170731707317074,0.15,25.987654320987655,25.0,82
203459,2017-18,75.0,1,0.14227642276422767,0.07839721254355403,0.25,28.531645569620252,26.0,82
203459,2018-19,43.0,1,0.044715447154471545,0.06097560975609755,0.35,29.293333333333333,27.0,82
203459,2019-20,28.0,1,0.1991869918699187,0.30139372822299654,0.44999999999999996,26.348837209302324,28.0,72
203460,2014-15,67.0,1,0.5121951219512195,0.5121951219512195,0.05,9.975,23.0,82
203460,2015-16,70.0,1,0.34756097560975613,0.29268292682926833,0.05,19.19402985074627,24.0,82
203460,2016-17,79.0,1,0.2804878048780488,0.20905923344947738,0.15,22.185714285714287,25.0,82
203460,2017-18,39.0,1,0.12195121951219516,0.08885017421602791,0.25,30.075949367088608,26.0,82
203460,2019-20,7.0,1,0.23577235772357727,0.33101045296167253,0.44999999999999996,26.58974358974359,28.0,72
203460,2020-21,5.0,1,0.4879177958446251,0.6709252806813782,0.5499999999999999,12.428571428571429,29.0,72
203461,2014-15,57.0,1,0.36585365853658536,0.36585365853658536,0.05,12.75,22.0,82
203461,2015-16,19.0,1,0.3353658536585366,0.3252032520325204,0.05,15.68421052631579,23.0,82
203461,2016-17,23.0,1,0.4796747967479675,0.578397212543554,0.05,4.421052631578948,24.0,82
203462,2014-15,41.0,1,0.36585365853658536,0.36585365853658536,0.05,10.25,20.0,82
203462,2015-16,57.0,1,0.4329268292682927,0.45528455284552843,0.05,13.048780487804878,21.0,82
203462,2016-17,3.0,1,0.39024390243902446,0.3693379790940767,0.05,19.54385964912281,22.0,82
203463,2014-15,82.0,0,0.0,0.0,0.05,26.670731707317074,22.0,82
203463,2015-16,68.0,1,0.0,0.0,0.05,32.5609756097561,23.0,82
203463,2016-17,61.0,1,0.05691056910569107,0.09756097560975611,0.05,21.220588235294116,24.0,82
203463,2017-18,56.0,1,0.14227642276422767,0.1951219512195122,0.15,19.278688524590162,25.0,82
203463,2018-19,19.0,1,0.24796747967479674,0.2787456445993031,0.25,19.482142857142858,26.0,82
203463,2019-20,71.0,1,0.4471544715447155,0.5662020905923344,0.35,8.31578947368421,27.0,72
203463,2020-21,32.0,1,0.3664182475158085,0.2727448703058459,0.44999999999999996,22.802816901408452,28.0,72
203463,2021-22,64.0,1,0.3486901535682023,0.2645180023228803,0.5499999999999999,16.78125,29.0,82
203468,2014-15,62.0,1,0.5365853658536586,0.5365853658536586,0.05,12.526315789473685,23.0,82
203468,2015-16,80.0,1,0.3902439024390244,0.34146341463414637,0.05,15.693548387096774,24.0,82
203468,2016-17,80.0,1,0.2682926829268293,0.16027874564459932,0.15,34.75,25.0,82
203468,2017-18,81.0,1,0.09756097560975611,0.05574912891986065,0.25,34.95,26.0,82
203468,2018-19,70.0,1,0.020325203252032537,0.017421602787456462,0.35,36.098765432098766,27.0,82
203468,2019-20,70.0,1,0.06097560975609758,0.09059233449477354,0.44999999999999996,33.92857142857143,28.0,72
203468,2020-21,47.0,1,0.06210478771454383,0.059427022841657004,0.5499999999999999,36.52857142857143,29.0,72
203468,2021-22,36.0,1,0.17378048780487806,0.22725512969415407,0.65,34.04255319148936,30.0,82
203468,2022-23,75.0,1,0.20630081300813008,0.24254742547425476,0.75,35.19444444444444,31.0,82
203468,2023-24,66.0,1,0.22549683830171632,0.16807007355787842,0.85,35.32,32.0,82
203468,2024-25,56.0,1,0.17479674796747965,0.17073170731707313,0.85,32.71212121212121,33.0,82
203468,2025-26,35.0,1,0.19918699186991864,0.24912891986062716,0.85,32.714285714285715,34.0,82
203469,2014-15,62.0,1,0.0,0.0,0.05,17.28048780487805,22.0,82
203469,2015-16,73.0,1,0.12195121951219512,0.16260162601626016,0.05,23.983870967741936,23.0,82
203469,2016-17,62.0,1,0.11788617886178861,0.13240418118466898,0.05,24.301369863013697,24.0,82
203469,2017-18,33.0,1,0.1991869918699187,0.20557491289198607,0.15,27.822580645161292,25.0,82
203469,2018-19,49.0,1,0.3170731707317073,0.4268292682926829,0.25,19.0,26.0,82
203469,2019-20,58.0,1,0.4146341463414634,0.4355400696864112,0.35,25.367346938775512,27.0,72
203469,2020-21,48.0,1,0.39814814814814814,0.3114595431668602,0.44999999999999996,23.120689655172413,28.0,72
203469,2021-22,27.0,1,0.3100722673893406,0.3035230352303523,0.5499999999999999,20.9375,29.0,82
203469,2022-23,15.0,1,0.3995031616982836,0.5062911343399149,0.65,13.148148148148149,30.0,82
203469,2023-24,43.0,1,0.6070460704607047,0.7061556329849011,0.75,14.466666666666667,31.0,82
203471,2014-15,77.0,1,0.4024390243902439,0.4024390243902439,0.05,13.081632653061224,21.0,82
203471,2015-16,80.0,1,0.23170731707317077,0.1747967479674797,0.05,19.68831168831169,22.0,82
203471,2016-17,79.0,1,0.1626016260162602,0.08885017421602791,0.05,20.2625,23.0,82
203471,2017-18,67.0,1,0.040650406504065074,0.03658536585365857,0.05,31.455696202531644,24.0,82
203471,2018-19,79.0,1,0.08130081300813012,0.11846689895470387,0.15,31.01492537313433,25.0,82
203471,2019-20,65.0,1,0.08536585365853662,0.07839721254355404,0.25,29.29113924050633,26.0,72
203471,2020-21,61.0,1,0.10557813911472451,0.09214092140921411,0.35,30.753846153846155,27.0,72
203471,2021-22,49.0,1,0.09552845528455285,0.12030584591560202,0.44999999999999996,32.0655737704918,28.0,82
203471,2022-23,67.0,1,0.1565040650406504,0.1829752226093689,0.5499999999999999,29.244897959183675,29.0,82
203471,2023-24,51.0,1,0.18507226738934057,0.18907278358497873,0.65,29.64179104477612,30.0,82
203471,2024-25,23.0,1,0.14227642276422767,0.09756097560975611,0.75,30.568627450980394,31.0,82
203471,2025-26,40.0,1,0.09756097560975611,0.08188153310104529,0.85,28.066666666666666,32.0,82
203473,2014-15,59.0,1,0.6219512195121951,0.6219512195121951,0.15,1.5,25.0,82
203473,2015-16,58.0,1,0.45121951219512196,0.39430894308943093,0.25,14.322033898305085,26.0,82
203473,2016-17,76.0,1,0.39837398373983746,0.3362369337979095,0.35,12.155172413793103,27.0,82
203473,2017-18,62.0,1,0.21544715447154472,0.16550522648083624,0.44999999999999996,17.5,28.0,82
203473,2018-19,64.0,1,0.2032520325203252,0.20209059233449475,0.5499999999999999,24.870967741935484,29.0,82
203473,2019-20,34.0,1,0.17886178861788615,0.20557491289198607,0.65,25.140625,30.0,72
203473,2020-21,16.0,1,0.28410117434507676,0.3197831978319782,0.75,15.911764705882353,31.0,72
203473,2021-22,67.0,1,0.4620596205962059,0.5869144405729771,0.85,13.125,32.0,82
203473,2022-23,30.0,1,0.44986449864498645,0.3823073945025165,0.85,15.895522388059701,33.0,82
203475,2015-16,3.0,1,0.47560975609756095,0.47560975609756095,0.15,9.534883720930232,25.0,82
203476,2014-15,73.0,1,0.2682926829268293,0.2682926829268293,0.15,13.633333333333333,25.0,82
203476,2015-16,82.0,0,0.18902439024390244,0.16260162601626016,0.25,30.041095890410958,26.0,82
203476,2016-17,82.0,0,0.12601626016260162,0.06968641114982578,0.35,27.073170731707318,27.0,82
203476,2017-18,79.0,1,0.036585365853658534,0.0156794425087108,0.44999999999999996,32.353658536585364,28.0,82
203476,2018-19,76.0,1,0.012195121951219523,0.020905923344947754,0.5499999999999999,16.873417721518987,29.0,82
203476,2019-20,46.0,1,0.036585365853658534,0.05226480836236932,0.65,13.56578947368421,30.0,72
203476,2020-21,22.0,1,0.0782520325203252,0.09756097560975609,0.75,16.91304347826087,31.0,72
203476,2021-22,44.0,1,0.2234643179765131,0.3160085172280294,0.85,16.863636363636363,32.0,82
203476,2022-23,31.0,1,0.35354561878952123,0.41758614014711576,0.85,8.431818181818182,33.0,82
203477,2014-15,25.0,1,0.7317073170731707,0.7317073170731707,0.05,11.454545454545455,24.0,82
203477,2015-16,77.0,1,0.5792682926829269,0.5284552845528455,0.15,14.76,25.0,82
203477,2016-17,39.0,1,0.40650406504065045,0.2613240418118467,0.25,25.532467532467532,26.0,82
203477,2017-18,1.0,1,0.33739837398373984,0.3780487804878049,0.35,15.179487179487179,27.0,82
203477,2018-19,19.0,1,0.4471544715447155,0.5905923344947736,0.44999999999999996,4.0,28.0,82
203479,2014-15,3.0,1,0.7439024390243902,0.7439024390243902,0.05,7.714285714285714,23.0,82
203481,2014-15,37.0,1,0.29268292682926833,0.29268292682926833,0.15,11.793103448275861,25.0,82
203481,2015-16,51.0,1,0.4207317073170732,0.4634146341463415,0.25,7.0,26.0,82
203481,2016-17,51.0,1,0.40650406504065045,0.4146341463414634,0.35,12.901960784313726,27.0,82
203481,2017-18,10.0,1,0.43495934959349597,0.4024390243902439,0.44999999999999996,8.470588235294118,28.0,82
203482,2014-15,64.0,1,0.14634146341463417,0.14634146341463417,0.05,20.0,24.0,82
203482,2015-16,69.0,1,0.18292682926829268,0.19512195121951217,0.15,22.25,25.0,82
203482,2016-17,75.0,1,0.17479674796747968,0.1742160278745645,0.25,20.217391304347824,26.0,82
203482,2017-18,76.0,1,0.15447154471544713,0.1254355400696864,0.35,20.506666666666668,27.0,82
203482,2018-19,79.0,1,0.10569105691056908,0.08885017421602784,0.44999999999999996,23.407894736842106,28.0,82
203482,2019-20,67.0,1,0.06504065040650404,0.05400696864111498,0.5499999999999999,22.936708860759495,29.0,72
203482,2020-21,43.0,1,0.059733514001806674,0.0605884630274874,0.65,19.402985074626866,30.0,72
203482,2021-22,40.0,1,0.04460252935862693,0.04094076655052265,0.75,26.906976744186046,31.0,82
203482,2022-23,68.0,1,0.20313911472448057,0.3105400696864112,0.85,19.1,32.0,82
203482,2023-24,50.0,1,0.23690153568202352,0.24787069299264422,0.85,28.558823529411764,33.0,82
203482,2024-25,24.0,1,0.24390243902439027,0.14982578397212548,0.85,20.38,34.0,82
203482,2025-26,42.0,1,0.22764227642276424,0.30313588850174217,0.85,20.25,35.0,82
203484,2014-15,82.0,0,0.024390243902439046,0.024390243902439046,0.05,19.7875,22.0,82
203484,2015-16,76.0,1,0.012195121951219523,0.008130081300813016,0.05,31.548780487804876,23.0,82
203484,2016-17,76.0,1,0.03252032520325202,0.045296167247386734,0.05,36.69736842105263,24.0,82
203484,2017-18,74.0,1,0.048780487804878016,0.06271777003484316,0.15,33.276315789473685,25.0,82
203484,2018-19,82.0,0,0.08130081300813004,0.0871080139372822,0.25,33.21621621621622,26.0,82
203484,2019-20,69.0,1,0.05691056910569103,0.038327526132404165,0.35,24.817073170731707,27.0,72
203484,2020-21,67.0,1,0.0464092140921409,0.03774680603948894,0.44999999999999996,25.536231884057973,28.0,72
203484,2021-22,77.0,1,0.037037037037037014,0.051587301587301564,0.5499999999999999,28.388059701492537,29.0,82
203484,2022-23,76.0,1,0.057362240289069555,0.0606368563685637,0.65,30.246753246753247,30.0,82
203484,2023-24,76.0,1,0.06786359530261969,0.06915408439798683,0.75,31.32894736842105,31.0,82
203484,2024-25,77.0,1,0.06910569105691056,0.0714285714285714,0.85,31.605263157894736,32.0,82
203484,2025-26,51.0,1,0.06910569105691056,0.0662020905923345,0.85,29.5974025974026,33.0,82
203485,2014-15,29.0,1,0.6829268292682926,0.6829268292682926,0.05,8.615384615384615,24.0,82
203485,2015-16,8.0,1,0.6646341463414633,0.6585365853658537,0.15,18.93103448275862,25.0,82
203485,2017-18,14.0,1,0.7439024390243901,0.7979094076655052,0.35,7.625,27.0,82
203485,2018-19,26.0,1,0.7926829268292682,0.8240418118466899,0.44999999999999996,9.928571428571429,28.0,82
203486,2014-15,82.0,0,0.14634146341463417,0.14634146341463417,0.15,18.214285714285715,25.0,82
203486,2015-16,82.0,0,0.07317073170731708,0.04878048780487806,0.25,21.25609756097561,26.0,82
203486,2016-17,54.0,1,0.04878048780487806,0.020905923344947737,0.35,25.414634146341463,27.0,82
203486,2017-18,74.0,1,0.004065040650406508,0.0069686411149825845,0.44999999999999996,28.074074074074073,28.0,82
203486,2018-19,82.0,0,0.036585365853658534,0.05923344947735191,0.5499999999999999,19.445945945945947,29.0,82
203486,2019-20,61.0,1,0.036585365853658534,0.029616724738675954,0.65,21.109756097560975,30.0,72
203486,2020-21,56.0,1,0.08344625112917796,0.10123886953155246,0.75,17.327868852459016,31.0,72
203486,2021-22,73.0,1,0.125,0.17063492063492064,0.85,26.767857142857142,32.0,82
203486,2022-23,56.0,1,0.16158536585365854,0.14803523035230354,0.85,24.561643835616437,33.0,82
203486,2023-24,46.0,1,0.12285456187895212,0.0840108401084011,0.85,28.5,34.0,82
203486,2024-25,74.0,1,0.19512195121951217,0.2770034843205575,0.85,14.652173913043478,35.0,82
203486,2025-26,14.0,1,0.19105691056910568,0.18641114982578394,0.85,17.56756756756757,36.0,82
203487,2014-15,41.0,1,0.14634146341463417,0.14634146341463417,0.05,34.48571428571429,23.0,82
203487,2015-16,54.0,1,0.17073170731707316,0.17886178861788615,0.05,33.926829268292686,24.0,82
203487,2016-17,45.0,1,0.22764227642276422,0.27177700348432055,0.15,30.537037037037038,25.0,82
203487,2017-18,52.0,1,0.3292682926829268,0.38327526132404177,0.25,18.8,26.0,82
203487,2018-19,16.0,1,0.3861788617886179,0.3867595818815331,0.35,16.057692307692307,27.0,82
203487,2019-20,45.0,1,0.491869918699187,0.5452961672473867,0.44999999999999996,9.0625,28.0,72
203487,2020-21,31.0,1,0.46646341463414637,0.4547038327526132,0.5499999999999999,18.511111111111113,29.0,72
203487,2022-23,4.0,1,0.534327009936766,0.5266163375919473,0.75,25.806451612903224,31.0,82
203488,2014-15,40.0,1,0.7560975609756098,0.7560975609756098,0.05,10.75,23.0,82
203488,2015-16,60.0,1,0.6341463414634146,0.5934959349593496,0.05,12.55,24.0,82
203488,2016-17,70.0,1,0.5121951219512195,0.4076655052264808,0.15,9.416666666666666,25.0,82
203488,2017-18,53.0,1,0.3089430894308943,0.2334494773519164,0.25,17.67142857142857,26.0,82
203488,2018-19,47.0,1,0.25609756097560976,0.28222996515679444,0.35,20.0,27.0,82
203488,2019-20,47.0,1,0.23983739837398374,0.2473867595818815,0.44999999999999996,22.148936170212767,28.0,72
203488,2020-21,35.0,1,0.30679765130984643,0.3116531165311653,0.5499999999999999,12.170212765957446,29.0,72
203488,2021-22,43.0,1,0.36020776874435406,0.42421602787456447,0.65,18.428571428571427,30.0,82
203488,2022-23,43.0,1,0.4455736224028907,0.468205574912892,0.75,13.790697674418604,31.0,82
203488,2023-24,24.0,1,0.4070686540198735,0.34170538133952766,0.85,14.465116279069768,33.0,82
203489,2014-15,11.0,1,0.29268292682926833,0.29268292682926833,0.05,22.56896551724138,24.0,82
203489,2017-18,5.0,1,0.5182926829268293,0.5934959349593496,0.35,12.909090909090908,27.0,82
203490,2014-15,74.0,1,0.5487804878048781,0.5487804878048781,0.05,8.621621621621621,22.0,82
203490,2015-16,75.0,1,0.3231707317073171,0.24796747967479674,0.05,19.35135135135135,23.0,82
203490,2016-17,80.0,1,0.24390243902439024,0.15505226480836234,0.05,30.346666666666668,24.0,82
203490,2017-18,77.0,1,0.06910569105691056,0.05226480836236934,0.15,32.5625,25.0,82
203490,2018-19,41.0,1,0.05691056910569107,0.05400696864111502,0.25,31.584415584415584,26.0,82
203490,2019-20,14.0,1,0.13414634146341464,0.20209059233449475,0.35,29.048780487804876,27.0,72
203490,2020-21,25.0,1,0.3945347786811202,0.559620596205962,0.44999999999999996,23.642857142857142,28.0,72
203490,2021-22,63.0,1,0.5779132791327913,0.6246612466124661,0.5499999999999999,21.6,29.0,82
203490,2022-23,8.0,1,0.5494579945799458,0.42208672086720866,0.65,22.158730158730158,30.0,82
203490,2023-24,15.0,1,0.5817524841915086,0.6691831204026327,0.75,18.25,31.0,82
203492,2014-15,68.0,1,0.4512195121951219,0.4512195121951219,0.05,19.933333333333334,24.0,82
203492,2015-16,31.0,1,0.31097560975609756,0.26422764227642276,0.15,21.11764705882353,25.0,82
203493,2014-15,25.0,1,0.47560975609756095,0.47560975609756095,0.05,9.209302325581396,24.0,82
203493,2015-16,37.0,1,0.5182926829268293,0.5325203252032521,0.15,10.52,25.0,82
203493,2016-17,31.0,1,0.5284552845528455,0.5418118466898955,0.25,11.594594594594595,26.0,82
203493,2017-18,62.0,1,0.5772357723577236,0.5923344947735192,0.35,15.064516129032258,27.0,82
203493,2018-19,44.0,1,0.47154471544715443,0.39547038327526135,0.44999999999999996,27.93548387096774,28.0,82
203493,2019-20,29.0,1,0.3658536585365854,0.29094076655052264,0.5499999999999999,30.795454545454547,29.0,72
203493,2020-21,65.0,1,0.35761065943992776,0.44231513743708867,0.65,23.586206896551722,30.0,72
203493,2021-22,68.0,1,0.30871725383920506,0.2592915214866434,0.75,29.984615384615385,31.0,82
203493,2022-23,78.0,1,0.28839205058717254,0.21065621370499418,0.85,27.970588235294116,32.0,82
203493,2023-24,44.0,1,0.10557813911472451,0.09054394115369728,0.85,30.32051282051282,33.0,82
203495,2014-15,5.0,1,0.8658536585365854,0.8658536585365854,0.05,3.0,22.0,82
203496,2014-15,70.0,1,0.9146341463414634,0.9146341463414634,0.05,4.857142857142857,24.0,82
203496,2015-16,67.0,1,0.5304878048780488,0.402439024390244,0.15,27.942857142857143,25.0,82
203496,2016-17,67.0,1,0.4146341463414635,0.27700348432055755,0.25,28.402985074626866,26.0,82
203496,2017-18,80.0,1,0.1707317073170732,0.1777003484320558,0.35,31.62686567164179,27.0,82
203496,2018-19,13.0,1,0.13008130081300817,0.0923344947735192,0.44999999999999996,31.6375,28.0,82
203496,2019-20,48.0,1,0.2601626016260163,0.3606271777003485,0.5499999999999999,33.84615384615385,29.0,72
203496,2020-21,70.0,1,0.208446251129178,0.1831204026325978,0.65,29.395833333333332,30.0,72
203496,2021-22,48.0,1,0.20957542908762425,0.10569105691056913,0.75,32.042857142857144,31.0,82
203496,2022-23,48.0,1,0.06323396567299007,0.08855981416957028,0.85,29.8125,32.0,82
203496,2023-24,3.0,1,0.19218608852755195,0.27922957801006587,0.85,16.229166666666668,33.0,82
203497,2014-15,82.0,0,0.4512195121951219,0.4512195121951219,0.05,9.644444444444444,23.0,82
203497,2015-16,61.0,1,0.22560975609756095,0.15040650406504064,0.05,26.317073170731707,24.0,82
203497,2016-17,81.0,1,0.23577235772357721,0.21080139372822299,0.15,31.672131147540984,25.0,82
203497,2017-18,56.0,1,0.08943089430894309,0.08013937282229966,0.25,33.876543209876544,26.0,82
203497,2018-19,81.0,1,0.19512195121951217,0.22125435540069685,0.35,32.42857142857143,27.0,82
203497,2019-20,68.0,1,0.11382113821138211,0.09930313588850173,0.44999999999999996,31.814814814814813,28.0,72
203497,2020-21,71.0,1,0.1282746160794941,0.08052651955090981,0.5499999999999999,34.30882352941177,29.0,72
203497,2021-22,66.0,1,0.02721318879855465,0.025551684088269435,0.65,30.802816901408452,30.0,82
203497,2022-23,70.0,1,0.08818879855465218,0.12340301974448312,0.75,32.121212121212125,31.0,82
203497,2023-24,76.0,1,0.11845076784101172,0.14135694928377854,0.85,30.685714285714287,32.0,82
203497,2024-25,72.0,1,0.1382113821138211,0.11149825783972123,0.85,34.11842105263158,33.0,82
203497,2025-26,76.0,1,0.11382113821138211,0.11149825783972124,0.85,33.166666666666664,34.0,82
203498,2014-15,38.0,1,0.5487804878048781,0.5487804878048781,0.05,7.837837837837838,22.0,82
203498,2015-16,82.0,0,0.5426829268292683,0.540650406504065,0.05,22.789473684210527,23.0,82
203498,2016-17,78.0,1,0.3617886178861789,0.23170731707317074,0.05,20.51219512195122,24.0,82
203498,2017-18,32.0,1,0.19512195121951223,0.1045296167247387,0.15,19.435897435897434,25.0,82
203499,2014-15,76.0,1,0.41463414634146345,0.41463414634146345,0.05,10.1875,22.0,82
203499,2015-16,78.0,1,0.24390243902439024,0.18699186991869918,0.05,24.539473684210527,23.0,82
203499,2017-18,54.0,1,0.17886178861788618,0.10801393728222998,0.15,22.44871794871795,25.0,82
203500,2014-15,70.0,1,0.012195121951219523,0.012195121951219523,0.05,14.777777777777779,21.0,82
203500,2015-16,80.0,1,0.07926829268292684,0.10162601626016261,0.05,25.3,22.0,82
203500,2016-17,80.0,1,0.06097560975609758,0.05749128919860629,0.05,25.175,23.0,82
203500,2017-18,76.0,1,0.06504065040650409,0.041811846689895495,0.05,29.8625,24.0,82
203500,2018-19,80.0,1,0.04065040650406504,0.05226480836236932,0.15,32.723684210526315,25.0,82
203500,2019-20,63.0,1,0.04065040650406504,0.038327526132404185,0.25,33.3625,26.0,72
203500,2020-21,58.0,1,0.07418699186991869,0.08885017421602788,0.35,26.682539682539684,27.0,72
203500,2021-22,76.0,1,0.1146115627822945,0.1503097173828881,0.44999999999999996,27.67241379310345,28.0,82
203500,2022-23,42.0,1,0.13087172538392047,0.11522454510259385,0.5499999999999999,26.30263157894737,29.0,82
203500,2024-25,58.0,1,0.251806684733514,0.3274293457220287,0.75,26.976190476190474,31.0,82
203500,2025-26,32.0,1,0.2845528455284553,0.3170731707317073,0.85,13.689655172413794,32.0,82
203501,2014-15,70.0,1,0.012195121951219523,0.012195121951219523,0.05,23.14814814814815,23.0,82
203501,2015-16,51.0,1,0.07926829268292684,0.10162601626016261,0.05,24.014285714285716,24.0,82
203501,2016-17,79.0,1,0.17886178861788618,0.2595818815331011,0.15,16.941176470588236,25.0,82
203501,2017-18,57.0,1,0.1869918699186992,0.14982578397212545,0.25,27.265822784810126,26.0,82
203501,2018-19,46.0,1,0.23983739837398377,0.23867595818815332,0.35,33.07017543859649,27.0,82
203501,2019-20,71.0,1,0.1829268292682927,0.21080139372822299,0.44999999999999996,32.58695652173913,28.0,72
203501,2020-21,70.0,1,0.17536133694670278,0.11072396438250094,0.5499999999999999,29.450704225352112,29.0,72
203501,2021-22,42.0,1,0.08299457994579944,0.049457994579945784,0.65,28.357142857142858,30.0,82
203501,2022-23,71.0,1,0.17649051490514903,0.288666279519938,0.75,29.642857142857142,31.0,82
203501,2023-24,79.0,1,0.21657633242999097,0.21999612853271389,0.85,30.309859154929576,32.0,82
203501,2024-25,77.0,1,0.21951219512195122,0.12891986062717772,0.85,26.835443037974684,33.0,82
203501,2025-26,80.0,1,0.07723577235772361,0.06445993031358889,0.85,27.961038961038962,34.0,82
203503,2014-15,72.0,1,0.060975609756097615,0.060975609756097615,0.05,15.987012987012987,23.0,82
203503,2015-16,64.0,1,0.09146341463414637,0.10162601626016261,0.05,19.61111111111111,24.0,82
203503,2016-17,80.0,1,0.13414634146341464,0.16898954703832753,0.15,20.328125,25.0,82
203503,2017-18,75.0,1,0.12195121951219512,0.09407665505226481,0.25,29.2,26.0,82
203503,2018-19,74.0,1,0.1097560975609756,0.08710801393728221,0.35,27.373333333333335,27.0,82
203503,2019-20,59.0,1,0.06910569105691056,0.08362369337979092,0.44999999999999996,17.62162162162162,28.0,72
203503,2020-21,47.0,1,0.12116079494128273,0.143244289585753,0.5499999999999999,27.8135593220339,29.0,72
203503,2021-22,38.0,1,0.20844625112917795,0.26393728222996515,0.65,21.106382978723403,30.0,82
203504,2014-15,76.0,1,0.14634146341463417,0.14634146341463417,0.05,32.31428571428572,22.0,82
203504,2015-16,64.0,1,0.1097560975609756,0.09756097560975607,0.05,30.105263157894736,23.0,82
203504,2016-17,57.0,1,0.14634146341463414,0.16724738675958184,0.05,21.34375,24.0,82
203504,2017-18,36.0,1,0.1991869918699187,0.24738675958188155,0.15,12.333333333333334,25.0,82
203504,2018-19,33.0,1,0.3617886178861789,0.43902439024390244,0.25,21.805555555555557,26.0,82
203504,2019-20,25.0,1,0.38617886178861793,0.3710801393728223,0.35,20.87878787878788,27.0,72
203504,2020-21,62.0,1,0.4651084010840109,0.47328687572590017,0.44999999999999996,13.16,28.0,72
203504,2021-22,42.0,1,0.324412827461608,0.2759388308168796,0.5499999999999999,14.693548387096774,29.0,82
203505,2014-15,2.0,1,0.9634146341463414,0.9634146341463414,0.05,5.0,22.0,82
203505,2017-18,5.0,1,0.9695121951219512,0.9715447154471545,0.15,37.0,25.0,82
203506,2014-15,72.0,1,0.024390243902439046,0.024390243902439046,0.05,31.0875,23.0,82
203506,2015-16,72.0,1,0.07317073170731708,0.08943089430894309,0.05,35.736111111111114,24.0,82
203506,2016-17,67.0,1,0.08943089430894309,0.10801393728222997,0.15,33.041666666666664,25.0,82
203506,2017-18,75.0,1,0.14227642276422767,0.15679442508710803,0.25,33.17910447761194,26.0,82
203506,2018-19,36.0,1,0.13008130081300814,0.11846689895470383,0.35,34.026666666666664,27.0,82
203506,2019-20,19.0,1,0.2764227642276423,0.37108013937282236,0.44999999999999996,31.86111111111111,28.0,72
203506,2020-21,9.0,1,0.4608175248419151,0.5931087882307394,0.5499999999999999,27.789473684210527,29.0,72
203506,2021-22,8.0,1,0.6129177958446251,0.5999806426635695,0.65,33.333333333333336,30.0,82
203506,2022-23,42.0,1,0.7267389340560073,0.7756000774293457,0.75,21.625,31.0,82
203507,2014-15,81.0,1,0.060975609756097615,0.060975609756097615,0.05,24.636363636363637,20.0,82
203507,2015-16,80.0,1,0.03658536585365857,0.028455284552845555,0.05,31.37037037037037,21.0,82
203507,2016-17,80.0,1,0.032520325203252064,0.026132404181184694,0.05,35.2875,22.0,82
203507,2017-18,75.0,1,0.020325203252032537,0.0226480836236934,0.05,35.5625,23.0,82
203507,2018-19,72.0,1,0.044715447154471545,0.05923344947735191,0.05,36.74666666666667,24.0,82
203507,2019-20,63.0,1,0.07723577235772357,0.09756097560975609,0.15,32.75,25.0,72
203507,2020-21,61.0,1,0.11077235772357723,0.11846689895470383,0.25,30.428571428571427,26.0,72
203507,2021-22,67.0,1,0.13324299909665763,0.14043747580332946,0.35,33.0,27.0,82
203507,2022-23,63.0,1,0.15356820234869017,0.16603755323267522,0.44999999999999996,32.8955223880597,28.0,82
203507,2023-24,73.0,1,0.18913730803974707,0.20649438637243517,0.5499999999999999,32.12698412698413,29.0,82
203507,2024-25,67.0,1,0.17479674796747968,0.15505226480836237,0.65,35.16438356164384,30.0,82
203507,2025-26,36.0,1,0.17479674796747968,0.16898954703832755,0.75,34.16417910447761,31.0,82
203508,2014-15,33.0,1,0.7317073170731707,0.7317073170731707,0.05,7.090909090909091,21.0,82
203508,2015-16,40.0,1,0.6646341463414633,0.6422764227642276,0.05,16.818181818181817,22.0,82
203512,2015-16,29.0,1,0.926829268292683,0.926829268292683,0.05,3.8333333333333335,23.0,82
203512,2016-17,57.0,1,0.7865853658536586,0.7398373983739838,0.05,7.758620689655173,24.0,82
203512,2017-18,49.0,1,0.6260162601626017,0.49128919860627185,0.15,19.087719298245613,25.0,82
203515,2014-15,50.0,1,0.08536585365853655,0.08536585365853655,0.05,15.093333333333334,24.0,82
203515,2015-16,14.0,1,0.23780487804878048,0.2886178861788618,0.15,12.0,25.0,82
203516,2015-16,3.0,1,0.24390243902439024,0.24390243902439024,0.15,16.951612903225808,25.0,82
203516,2016-17,64.0,1,0.4878048780487805,0.5691056910569106,0.25,2.3333333333333335,26.0,82
203516,2017-18,45.0,1,0.3983739837398374,0.3693379790940766,0.35,23.453125,27.0,82
203516,2018-19,40.0,1,0.35772357723577236,0.23693379790940766,0.44999999999999996,23.4,28.0,82
203516,2019-20,49.0,1,0.21138211382113822,0.2334494773519164,0.5499999999999999,23.725,29.0,72
203516,2020-21,41.0,1,0.15210027100271004,0.12485481997677118,0.65,15.83673469387755,30.0,72
203516,2021-22,2.0,1,0.2549683830171635,0.2997483546264034,0.75,24.048780487804876,31.0,82
203518,2017-18,75.0,1,0.1707317073170732,0.1707317073170732,0.05,15.514705882352942,24.0,82
203518,2018-19,31.0,1,0.12804878048780488,0.11382113821138211,0.15,15.12,25.0,82
203521,2014-15,67.0,1,0.12195121951219512,0.12195121951219512,0.05,17.65277777777778,24.0,82
203521,2015-16,76.0,1,0.15243902439024393,0.1626016260162602,0.15,20.597014925373134,25.0,82
203521,2016-17,76.0,1,0.12601626016260162,0.11149825783972124,0.25,24.56578947368421,26.0,82
203521,2017-18,38.0,1,0.1097560975609756,0.08885017421602784,0.35,26.13157894736842,27.0,82
203521,2018-19,12.0,1,0.22764227642276422,0.3379790940766551,0.44999999999999996,18.763157894736842,28.0,82
203521,2019-20,57.0,1,0.34146341463414637,0.4006968641114983,0.5499999999999999,8.083333333333334,29.0,72
203521,2020-21,13.0,1,0.3865176151761518,0.31416957026713127,0.65,14.403508771929825,30.0,72
203521,2022-23,32.0,1,0.4808039747064137,0.5870112272551298,0.85,17.23076923076923,32.0,82
203524,2014-15,82.0,0,0.6585365853658536,0.6585365853658536,0.05,8.071428571428571,24.0,82
203524,2015-16,59.0,1,0.3292682926829268,0.2195121951219512,0.15,29.036585365853657,25.0,82
203524,2016-17,80.0,1,0.3130081300813008,0.25435540069686413,0.25,14.677966101694915,26.0,82
203524,2017-18,12.0,1,0.10162601626016261,0.09407665505226483,0.35,29.675,27.0,82
203524,2018-19,44.0,1,0.38617886178861793,0.5348432055749129,0.44999999999999996,15.583333333333334,28.0,82
203524,2019-20,48.0,1,0.4471544715447154,0.5121951219512194,0.5499999999999999,19.977272727272727,29.0,72
203524,2020-21,71.0,1,0.49920957542908767,0.3575300038714673,0.65,18.770833333333332,30.0,72
203524,2021-22,13.0,1,0.21928635953026196,0.12572590011614398,0.75,21.323943661971832,31.0,82
203526,2016-17,40.0,1,0.012195121951219523,0.012195121951219523,0.15,18.506172839506174,25.0,82
203526,2017-18,41.0,1,0.2621951219512195,0.34552845528455284,0.25,8.65,26.0,82
203526,2018-19,37.0,1,0.34146341463414637,0.4337979094076655,0.35,12.146341463414634,27.0,82
203526,2019-20,54.0,1,0.5203252032520326,0.5296167247386759,0.44999999999999996,12.81081081081081,28.0,72
203526,2020-21,64.0,1,0.4329268292682927,0.3710801393728223,0.5499999999999999,12.37037037037037,29.0,72
203526,2021-22,70.0,1,0.3032971996386631,0.21331784746418897,0.65,21.921875,30.0,82
203526,2022-23,48.0,1,0.16915085817524844,0.15108401084010842,0.75,19.6,31.0,82
203527,2014-15,52.0,1,0.2804878048780488,0.2804878048780488,0.05,22.23728813559322,24.0,82
203527,2015-16,36.0,1,0.3231707317073171,0.33739837398373984,0.15,23.71153846153846,25.0,82
203527,2016-17,16.0,1,0.402439024390244,0.46515679442508706,0.25,13.055555555555555,26.0,82
203530,2015-16,59.0,1,0.7073170731707317,0.7073170731707317,0.05,11.166666666666666,24.0,82
203530,2016-17,50.0,1,0.49390243902439024,0.42276422764227645,0.15,17.64406779661017,25.0,82
203530,2017-18,55.0,1,0.37804878048780494,0.26480836236933797,0.25,14.78,26.0,82
203539,2014-15,4.0,1,0.6219512195121951,0.6219512195121951,0.35,9.419354838709678,27.0,82
203540,2014-15,3.0,1,0.5853658536585367,0.5853658536585367,0.35,7.0,27.0,82
203544,2014-15,63.0,1,0.3902439024390244,0.3902439024390244,0.85,18.5,32.0,82
203545,2014-15,5.0,1,0.41463414634146345,0.41463414634146345,0.35,9.6875,27.0,82
203546,2014-15,23.0,1,0.7195121951219512,0.7195121951219512,0.05,7.478260869565218,24.0,82
203546,2015-16,66.0,1,0.6768292682926829,0.6626016260162602,0.15,7.0,25.0,82
203546,2016-17,77.0,1,0.516260162601626,0.39547038327526135,0.25,8.757575757575758,26.0,82
203546,2017-18,74.0,1,0.2967479674796748,0.18118466898954708,0.35,14.766233766233766,27.0,82
203546,2018-19,60.0,1,0.11788617886178861,0.10104529616724738,0.44999999999999996,19.64864864864865,28.0,82
203552,2014-15,2.0,1,0.975609756097561,0.975609756097561,0.05,4.0,24.0,82
203552,2015-16,44.0,1,0.975609756097561,0.975609756097561,0.15,4.0,25.0,82
203552,2016-17,70.0,1,0.8048780487804877,0.6829268292682926,0.25,15.727272727272727,26.0,82
203552,2018-19,74.0,1,0.5284552845528455,0.3554006968641115,0.44999999999999996,28.985714285714284,28.0,82
203552,2019-20,64.0,1,0.23577235772357721,0.16376306620209058,0.5499999999999999,18.905405405405407,29.0,72
203552,2020-21,57.0,1,0.11833785004516713,0.11227255129694157,0.65,24.625,30.0,72
203552,2021-22,45.0,1,0.13900180668473353,0.164730933023616,0.75,28.736842105263158,31.0,82
203552,2022-23,61.0,1,0.17965221318879857,0.20083236546651181,0.85,34.8,32.0,82
203552,2023-24,36.0,1,0.2279810298102981,0.23882113821138212,0.85,19.852459016393443,33.0,82
203552,2024-25,68.0,1,0.3130081300813008,0.3693379790940766,0.85,12.694444444444445,34.0,82
203552,2025-26,10.0,1,0.2967479674796748,0.26655052264808365,0.85,15.617647058823529,35.0,82
203561,2014-15,20.0,1,0.3780487804878049,0.3780487804878049,0.05,11.27450980392157,23.0,82
203564,2018-19,1.0,1,0.9878048780487805,0.9878048780487805,0.65,6.0,30.0,82
203580,2017-18,3.0,1,0.8536585365853658,0.8536585365853658,0.44999999999999996,18.25,28.0,82
203584,2014-15,17.0,1,0.9390243902439024,0.9390243902439024,0.05,15.0,23.0,82
203584,2015-16,43.0,1,0.6829268292682926,0.5975609756097561,0.05,6.352941176470588,24.0,82
203584,2016-17,67.0,1,0.6138211382113821,0.5278745644599303,0.15,11.069767441860465,25.0,82
203584,2017-18,79.0,1,0.3617886178861789,0.30139372822299654,0.25,17.65671641791045,26.0,82
203584,2018-19,51.0,1,0.23170731707317074,0.14111498257839725,0.35,20.531645569620252,27.0,82
203584,2019-20,41.0,1,0.19918699186991873,0.2526132404181185,0.44999999999999996,14.901960784313726,28.0,72
203585,2017-18,18.0,1,0.04878048780487809,0.04878048780487809,0.25,25.205128205128204,26.0,82
203585,2018-19,66.0,1,0.41463414634146345,0.5365853658536586,0.35,16.61111111111111,27.0,82
203585,2019-20,56.0,1,0.34146341463414637,0.3414634146341463,0.44999999999999996,23.484848484848484,28.0,72
203585,2020-21,16.0,1,0.39927732610659444,0.2942315137437088,0.5499999999999999,15.553571428571429,29.0,72
203585,2021-22,51.0,1,0.3983739837398374,0.5358110723964382,0.65,12.125,30.0,82
203585,2022-23,32.0,1,0.4593495934959349,0.46999612853271394,0.75,14.784313725490197,31.0,82
203613,2016-17,78.0,1,0.3292682926829268,0.3292682926829268,0.35,14.781818181818181,27.0,82
203613,2017-18,69.0,1,0.18902439024390244,0.14227642276422767,0.44999999999999996,17.846153846153847,28.0,82
203613,2018-19,41.0,1,0.17886178861788618,0.15156794425087108,0.5499999999999999,29.405797101449274,29.0,82
203648,2019-20,20.0,1,0.975609756097561,0.975609756097561,0.35,3.0,27.0,72
203648,2020-21,57.0,1,0.8489159891598916,0.8066847335140018,0.44999999999999996,6.45,28.0,72
203648,2021-22,48.0,1,0.6353884372177055,0.46476964769647694,0.5499999999999999,9.666666666666666,29.0,82
203648,2022-23,37.0,1,0.4483965672990064,0.3996322106078204,0.65,9.854166666666666,30.0,82
203648,2023-24,34.0,1,0.3905826558265583,0.46181765389082463,0.75,5.5675675675675675,31.0,82
203648,2025-26,34.0,1,0.516260162601626,0.5505226480836237,0.85,4.5588235294117645,33.0,82
203658,2020-21,3.0,1,0.6666666666666667,0.6666666666666667,0.44999999999999996,9.666666666666666,28.0,72
203658,2021-22,3.0,1,0.7430555555555556,0.7685185185185185,0.5499999999999999,9.333333333333334,29.0,82
203705,2019-20,8.0,1,0.7804878048780488,0.7804878048780488,0.65,12.0,30.0,72
203710,2018-19,15.0,1,0.5365853658536586,0.5365853658536586,0.5499999999999999,18.605263157894736,29.0,82
203798,2015-16,48.0,1,0.4512195121951219,0.4512195121951219,0.05,15.266666666666667,23.0,82
203816,2017-18,1.0,1,0.975609756097561,0.975609756097561,0.44999999999999996,3.5,28.0,82
203816,2021-22,1.0,1,0.9817073170731707,0.983739837398374,0.85,8.0,32.0,82
203893,2015-16,15.0,1,0.8536585365853658,0.8536585365853658,0.15,4.833333333333333,25.0,82
203894,2015-16,55.0,1,0.3780487804878049,0.3780487804878049,0.05,19.84313725490196,24.0,82
203894,2016-17,53.0,1,0.35365853658536583,0.34552845528455284,0.15,10.909090909090908,25.0,82
203894,2017-18,74.0,1,0.3536585365853659,0.3501742160278746,0.25,9.660377358490566,26.0,82
203894,2018-19,56.0,1,0.26016260162601623,0.2038327526132404,0.35,20.756756756756758,27.0,82
203894,2019-20,36.0,1,0.2560975609756097,0.259581881533101,0.44999999999999996,17.553571428571427,28.0,72
203895,2016-17,37.0,1,0.7317073170731707,0.7317073170731707,0.25,11.714285714285714,26.0,82
203895,2018-19,27.0,1,0.6402439024390244,0.6097560975609756,0.44999999999999996,10.378378378378379,28.0,82
203895,2019-20,29.0,1,0.6504065040650406,0.6445993031358884,0.5499999999999999,12.333333333333334,29.0,72
203897,2015-16,82.0,0,0.060975609756097615,0.060975609756097615,0.05,24.7012987012987,21.0,82
203897,2016-17,47.0,1,0.030487804878048808,0.020325203252032537,0.05,27.975609756097562,22.0,82
203897,2017-18,24.0,1,0.1626016260162602,0.2526132404181185,0.05,37.212765957446805,23.0,82
203897,2018-19,63.0,1,0.37804878048780494,0.5261324041811847,0.05,27.333333333333332,24.0,82
203897,2019-20,60.0,1,0.45528455284552843,0.3954703832752613,0.15,34.46031746031746,25.0,72
203897,2020-21,58.0,1,0.3685636856368563,0.2624854819976771,0.25,34.75,26.0,72
203897,2021-22,67.0,1,0.19760614272809393,0.19183120402632595,0.35,35.06896551724138,27.0,82
203897,2022-23,77.0,1,0.18134598012646794,0.18389469608981804,0.44999999999999996,34.74626865671642,28.0,82
203897,2023-24,25.0,1,0.14611562782294493,0.11488579171506005,0.5499999999999999,35.94805194805195,29.0,82
203897,2024-25,42.0,1,0.31300813008130085,0.44076655052264807,0.65,34.88,30.0,82
203897,2025-26,39.0,1,0.2845528455284553,0.26306620209059234,0.75,34.095238095238095,31.0,82
203898,2015-16,46.0,1,0.5975609756097561,0.5975609756097561,0.05,7.25,21.0,82
203898,2016-17,31.0,1,0.5182926829268293,0.491869918699187,0.05,14.217391304347826,22.0,82
203898,2017-18,54.0,1,0.46341463414634143,0.41289198606271776,0.05,6.32258064516129,23.0,82
203900,2015-16,62.0,1,0.426829268292683,0.426829268292683,0.05,16.617021276595743,24.0,82
203900,2017-18,4.0,1,0.3353658536585366,0.3048780487804878,0.25,15.838709677419354,26.0,82
203901,2015-16,73.0,1,0.0,0.0,0.05,30.353658536585368,22.0,82
203901,2016-17,82.0,0,0.0548780487804878,0.07317073170731707,0.05,29.383561643835616,23.0,82
203901,2017-18,44.0,1,0.036585365853658534,0.0313588850174216,0.05,29.414634146341463,24.0,82
203901,2018-19,42.0,1,0.11382113821138211,0.1480836236933798,0.15,28.568181818181817,25.0,82
203901,2019-20,45.0,1,0.23983739837398374,0.34494773519163763,0.25,29.761904761904763,26.0,72
203901,2020-21,63.0,1,0.3648373983739837,0.3867595818815331,0.35,27.68888888888889,27.0,72
203901,2021-22,50.0,1,0.32926829268292684,0.24825783972125434,0.44999999999999996,23.555555555555557,28.0,82
203901,2024-25,6.0,1,0.2967479674796748,0.3122822299651568,0.75,10.98,31.0,82
203903,2015-16,79.0,1,0.2804878048780488,0.2804878048780488,0.05,25.016949152542374,24.0,82
203903,2016-17,82.0,0,0.1585365853658537,0.11788617886178865,0.15,32.30379746835443,25.0,82
203903,2017-18,53.0,1,0.10569105691056913,0.05052264808362371,0.25,29.23170731707317,26.0,82
203903,2018-19,81.0,1,0.016260162601626032,0.012195121951219523,0.35,23.69811320754717,27.0,82
203903,2019-20,29.0,1,0.008130081300813016,0.010452961672473877,0.44999999999999996,27.34567901234568,28.0,72
203903,2020-21,68.0,1,0.012759710930442628,0.013162988772744846,0.5499999999999999,22.96551724137931,29.0,72
203903,2021-22,79.0,1,0.02721318879855465,0.03745644599303136,0.65,26.735294117647058,30.0,82
203903,2022-23,61.0,1,0.03534327009936766,0.038763066202090614,0.75,27.10126582278481,31.0,82
203903,2023-24,55.0,1,0.11607949412827463,0.16473093302361597,0.85,32.59016393442623,32.0,82
203903,2024-25,37.0,1,0.2073170731707317,0.2665505226480836,0.85,30.581818181818182,33.0,82
203903,2025-26,72.0,1,0.37804878048780494,0.44425087108013933,0.85,26.0,34.0,82
203906,2015-16,28.0,1,0.8048780487804879,0.8048780487804879,0.05,13.0,23.0,82
203909,2015-16,37.0,1,0.24390243902439024,0.24390243902439024,0.05,25.365384615384617,23.0,82
203909,2016-17,29.0,1,0.39634146341463417,0.4471544715447155,0.05,6.351351351351352,24.0,82
203912,2015-16,23.0,1,0.7439024390243902,0.7439024390243902,0.15,4.809523809523809,25.0,82
203912,2016-17,22.0,1,0.7317073170731707,0.7276422764227641,0.25,7.260869565217392,26.0,82
203914,2015-16,76.0,1,0.3292682926829268,0.3292682926829268,0.05,13.072727272727272,21.0,82
203914,2016-17,57.0,1,0.2012195121951219,0.1585365853658536,0.05,32.0921052631579,22.0,82
203914,2017-18,67.0,1,0.23577235772357721,0.24216027874564464,0.05,31.263157894736842,23.0,82
203914,2018-19,57.0,1,0.1869918699186992,0.20209059233449483,0.05,34.40298507462686,24.0,82
203914,2019-20,56.0,1,0.2642276422764228,0.27003484320557497,0.15,28.75438596491228,25.0,72
203914,2020-21,19.0,1,0.23667570009033426,0.24022454510259392,0.25,31.785714285714285,26.0,72
203914,2021-22,61.0,1,0.32847786811201446,0.3689508323654665,0.35,30.57894736842105,27.0,82
203914,2022-23,48.0,1,0.31221770551038847,0.30903987611304684,0.44999999999999996,28.360655737704917,28.0,82
203914,2023-24,54.0,1,0.3763550135501355,0.37558072009291527,0.5499999999999999,24.666666666666668,29.0,82
203914,2024-25,48.0,1,0.33739837398373984,0.3501742160278746,0.65,24.01851851851852,30.0,82
203914,2025-26,48.0,1,0.39024390243902446,0.3937282229965157,0.75,14.8125,31.0,82
203915,2015-16,12.0,1,0.5853658536585367,0.5853658536585367,0.05,13.382352941176471,23.0,82
203915,2016-17,59.0,1,0.7195121951219512,0.7642276422764228,0.05,13.25,24.0,82
203915,2017-18,80.0,1,0.5731707317073171,0.4878048780487805,0.15,22.610169491525422,25.0,82
203915,2018-19,68.0,1,0.38617886178861793,0.21602787456445993,0.25,28.825,26.0,82
203915,2019-20,64.0,1,0.1585365853658537,0.14459930313588854,0.35,28.147058823529413,27.0,72
203915,2020-21,3.0,1,0.10207768744354113,0.11575687185443287,0.44999999999999996,31.15625,28.0,72
203915,2021-22,44.0,1,0.41339205058717265,0.6037553232675184,0.5499999999999999,21.333333333333332,29.0,82
203915,2022-23,53.0,1,0.41745709123757907,0.39421215640727836,0.65,30.227272727272727,30.0,82
203915,2023-24,48.0,1,0.39261517615176156,0.210075493612079,0.75,34.113207547169814,31.0,82
203915,2024-25,79.0,1,0.09756097560975611,0.078397212543554,0.85,30.708333333333332,32.0,82
203917,2015-16,73.0,1,0.1097560975609756,0.1097560975609756,0.05,15.438356164383562,22.0,82
203917,2016-17,80.0,1,0.1097560975609756,0.1097560975609756,0.05,24.78082191780822,23.0,82
203917,2017-18,6.0,1,0.08130081300813008,0.06097560975609757,0.05,27.35,24.0,82
203917,2018-19,44.0,1,0.21138211382113822,0.3083623693379791,0.15,7.5,25.0,82
203917,2021-22,2.0,1,0.23170731707317074,0.24390243902439027,0.44999999999999996,15.295454545454545,28.0,82
203918,2015-16,79.0,1,0.3902439024390244,0.3902439024390244,0.05,21.28,23.0,82
203918,2016-17,59.0,1,0.2134146341463415,0.1544715447154472,0.05,32.164556962025316,24.0,82
203918,2017-18,39.0,1,0.23577235772357727,0.2264808362369338,0.15,27.0,25.0,82
203918,2018-19,45.0,1,0.19512195121951223,0.23867595818815332,0.25,27.794871794871796,26.0,82
203918,2019-20,21.0,1,0.22357723577235775,0.18641114982578397,0.35,27.42222222222222,27.0,72
203918,2020-21,38.0,1,0.3661924119241193,0.47793263646922185,0.44999999999999996,29.476190476190474,28.0,72
203918,2021-22,39.0,1,0.3554652213188798,0.3547231900890438,0.5499999999999999,19.105263157894736,29.0,82
203919,2015-16,2.0,1,0.6341463414634146,0.6341463414634146,0.05,8.266666666666667,21.0,82
203920,2018-19,50.0,1,0.4878048780487805,0.4878048780487805,0.25,13.761904761904763,26.0,82
203920,2019-20,48.0,1,0.43902439024390244,0.42276422764227645,0.35,12.86,27.0,72
203920,2020-21,48.0,1,0.40379403794037944,0.37166085946573757,0.44999999999999996,19.208333333333332,28.0,72
203920,2021-22,55.0,1,0.2643405600722674,0.19066976384049555,0.5499999999999999,19.833333333333332,29.0,82
203920,2022-23,20.0,1,0.24401535682023487,0.25561362756484707,0.65,18.01818181818182,30.0,82
203921,2015-16,17.0,1,0.524390243902439,0.524390243902439,0.15,16.58974358974359,25.0,82
203922,2015-16,45.0,1,0.5731707317073171,0.5731707317073171,0.05,4.32,22.0,82
203922,2016-17,69.0,1,0.5121951219512195,0.491869918699187,0.05,11.28888888888889,23.0,82
203922,2017-18,23.0,1,0.39430894308943093,0.30139372822299654,0.05,20.681159420289855,24.0,82
203922,2018-19,47.0,1,0.4430894308943089,0.5209059233449478,0.15,14.695652173913043,25.0,82
203922,2019-20,48.0,1,0.434959349593496,0.47212543554006975,0.25,12.97872340425532,26.0,72
203922,2020-21,23.0,1,0.4284101174345077,0.3041037553232675,0.35,31.604166666666668,27.0,72
203923,2015-16,29.0,1,0.6219512195121951,0.6219512195121951,0.05,10.709677419354838,20.0,82
203923,2016-17,29.0,1,0.6341463414634146,0.6382113821138211,0.05,6.862068965517241,21.0,82
203923,2017-18,6.0,1,0.6382113821138211,0.6428571428571429,0.05,7.586206896551724,22.0,82
203924,2015-16,77.0,1,0.20731707317073167,0.20731707317073167,0.05,21.184615384615384,22.0,82
203924,2016-17,2.0,1,0.13414634146341464,0.10975609756097564,0.05,26.83116883116883,23.0,82
203924,2017-18,81.0,1,0.09756097560975611,0.06097560975609758,0.05,20.5,24.0,82
203924,2018-19,80.0,1,0.032520325203252064,0.0226480836236934,0.15,20.333333333333332,25.0,82
203924,2019-20,71.0,1,0.020325203252032537,0.020905923344947754,0.25,32.65,26.0,72
203924,2020-21,54.0,1,0.016824751580849135,0.01664730933023614,0.35,26.64788732394366,27.0,72
203924,2021-22,47.0,1,0.09609304426377596,0.1503097173828881,0.44999999999999996,33.870370370370374,28.0,82
203924,2022-23,63.0,1,0.2302393857271906,0.31731513743708867,0.5499999999999999,31.914893617021278,29.0,82
203924,2023-24,54.0,1,0.30284552845528456,0.2900696864111498,0.65,35.65079365079365,30.0,82
203924,2024-25,47.0,1,0.3333333333333333,0.3222996515679442,0.75,33.888888888888886,31.0,82
203924,2025-26,57.0,1,0.3333333333333333,0.3745644599303136,0.85,32.42553191489362,32.0,82
203925,2015-16,5.0,1,0.3780487804878049,0.3780487804878049,0.05,9.666666666666666,24.0,82
203925,2016-17,52.0,1,0.6585365853658536,0.7520325203252032,0.15,3.0,25.0,82
203925,2017-18,78.0,1,0.5609756097560975,0.5313588850174216,0.25,21.884615384615383,26.0,82
203925,2018-19,76.0,1,0.4512195121951219,0.26655052264808365,0.35,25.32051282051282,27.0,82
203925,2019-20,69.0,1,0.16260162601626016,0.10801393728222995,0.44999999999999996,30.18421052631579,28.0,72
203925,2020-21,69.0,1,0.054539295392953914,0.051684088269454094,0.5499999999999999,30.768115942028984,29.0,72
203925,2021-22,14.0,1,0.05216802168021676,0.04616724738675954,0.65,31.043478260869566,30.0,82
203925,2022-23,74.0,1,0.30420054200542,0.4917247386759582,0.75,30.214285714285715,31.0,82
203925,2023-24,16.0,1,0.32283197831978316,0.2986353077816492,0.85,20.635135135135137,32.0,82
203926,2015-16,81.0,1,0.5609756097560976,0.5609756097560976,0.05,8.916666666666666,24.0,82
203926,2016-17,44.0,1,0.28658536585365857,0.19512195121951223,0.15,22.97530864197531,25.0,82
203926,2017-18,55.0,1,0.25609756097560976,0.19512195121951217,0.25,24.5,26.0,82
203926,2018-19,77.0,1,0.07317073170731707,0.06445993031358885,0.35,21.30909090909091,27.0,82
203926,2019-20,69.0,1,0.08943089430894309,0.06620209059233452,0.44999999999999996,17.4025974025974,28.0,72
203926,2020-21,66.0,1,0.03827913279132792,0.042973286875725894,0.5499999999999999,19.884057971014492,29.0,72
203926,2021-22,51.0,1,0.061991869918699205,0.06823461091753777,0.65,24.53030303030303,30.0,82
203926,2022-23,64.0,1,0.1676829268292683,0.24578977932636473,0.75,23.980392156862745,31.0,82
203926,2023-24,46.0,1,0.2269647696476965,0.24535423925667826,0.85,20.53125,32.0,82
203926,2024-25,42.0,1,0.27235772357723576,0.24216027874564455,0.85,15.217391304347826,33.0,82
203926,2025-26,29.0,1,0.30894308943089427,0.3728222996515679,0.85,8.142857142857142,34.0,82
203928,2015-16,8.0,1,0.3902439024390244,0.3902439024390244,0.15,10.62,25.0,82
203930,2015-16,8.0,1,0.9512195121951219,0.9512195121951219,0.25,18.0,26.0,82
203930,2016-17,70.0,1,0.7865853658536586,0.7317073170731708,0.35,10.25,27.0,82
203930,2017-18,16.0,1,0.573170731707317,0.3972125435540069,0.44999999999999996,25.057142857142857,28.0,82
203932,2015-16,78.0,1,0.426829268292683,0.426829268292683,0.05,16.95744680851064,20.0,82
203932,2016-17,80.0,1,0.23780487804878053,0.1747967479674797,0.05,23.884615384615383,21.0,82
203932,2017-18,58.0,1,0.1666666666666667,0.08885017421602791,0.05,28.725,22.0,82
203932,2018-19,78.0,1,0.12195121951219516,0.18118466898954708,0.05,32.91379310344828,23.0,82
203932,2019-20,62.0,1,0.12195121951219516,0.11498257839721258,0.05,33.756410256410255,24.0,72
203932,2020-21,25.0,1,0.16011743450767843,0.13511420828493997,0.15,32.53225806451613,25.0,72
203932,2021-22,75.0,1,0.16440831074977416,0.22125435540069688,0.25,29.44,26.0,82
203932,2022-23,68.0,1,0.17660343270099366,0.15592334494773516,0.35,31.666666666666668,27.0,82
203932,2023-24,73.0,1,0.18721770551038844,0.16560201316298878,0.44999999999999996,30.220588235294116,28.0,82
203932,2024-25,51.0,1,0.12195121951219512,0.12369337979094076,0.5499999999999999,31.465753424657535,29.0,82
203932,2025-26,36.0,1,0.21951219512195122,0.27177700348432055,0.65,28.372549019607842,30.0,82
203933,2015-16,47.0,1,0.5121951219512195,0.5121951219512195,0.05,15.35,22.0,82
203933,2016-17,66.0,1,0.46951219512195125,0.4552845528455285,0.05,22.76595744680851,23.0,82
203933,2017-18,65.0,1,0.37804878048780494,0.3066202090592335,0.05,31.03030303030303,24.0,82
203933,2018-19,43.0,1,0.2764227642276423,0.23519163763066198,0.15,32.95384615384615,25.0,82
203933,2019-20,67.0,1,0.2926829268292683,0.3588850174216027,0.25,31.627906976744185,26.0,72
203933,2020-21,4.0,1,0.25079042457091233,0.2051877661633759,0.35,32.865671641791046,27.0,72
203933,2022-23,26.0,1,0.4964995483288166,0.6274680603948897,0.5499999999999999,29.25,29.0,82
203933,2023-24,11.0,1,0.5005645889792231,0.5585075493612078,0.65,18.846153846153847,30.0,82
203934,2016-17,5.0,1,0.5731707317073171,0.5731707317073171,0.15,11.285714285714286,25.0,82
203935,2015-16,61.0,1,0.18292682926829273,0.18292682926829273,0.05,26.98507462686567,22.0,82
203935,2016-17,79.0,1,0.21951219512195125,0.23170731707317074,0.05,27.327868852459016,23.0,82
203935,2017-18,54.0,1,0.1585365853658537,0.1202090592334495,0.05,30.367088607594937,24.0,82
203935,2018-19,80.0,1,0.21138211382113822,0.24216027874564458,0.15,29.88888888888889,25.0,82
203935,2019-20,60.0,1,0.13414634146341464,0.1167247386759582,0.25,27.5,26.0,72
203935,2020-21,48.0,1,0.17750677506775067,0.15098722415795582,0.35,31.983333333333334,27.0,72
203935,2021-22,71.0,1,0.17479674796747968,0.2415795586527294,0.44999999999999996,32.9375,28.0,82
203935,2022-23,61.0,1,0.21138211382113822,0.19570267131242744,0.5499999999999999,32.33802816901409,29.0,82
203935,2023-24,20.0,1,0.24119241192411925,0.23228803716608595,0.65,32.08196721311475,30.0,82
203935,2024-25,19.0,1,0.3821138211382114,0.524390243902439,0.75,30.25,31.0,82
203935,2025-26,62.0,1,0.5325203252032521,0.5871080139372823,0.85,21.05263157894737,32.0,82
203937,2015-16,78.0,1,0.5975609756097561,0.5975609756097561,0.05,10.848484848484848,22.0,82
203937,2016-17,72.0,1,0.3231707317073171,0.23170731707317074,0.05,15.961538461538462,23.0,82
203937,2017-18,74.0,1,0.25609756097560976,0.16898954703832755,0.05,14.166666666666666,24.0,82
203937,2018-19,43.0,1,0.08943089430894309,0.09756097560975609,0.15,26.72972972972973,25.0,82
203937,2019-20,67.0,1,0.23170731707317072,0.3170731707317073,0.25,29.813953488372093,26.0,72
203937,2020-21,69.0,1,0.21420505871725382,0.1895083236546651,0.35,19.850746268656717,27.0,72
203937,2021-22,69.0,1,0.19557362240289067,0.11159504452187376,0.44999999999999996,27.347826086956523,28.0,82
203937,2022-23,69.0,1,0.08988256549232158,0.11241773132017034,0.5499999999999999,21.507246376811594,29.0,82
203937,2023-24,79.0,1,0.119579945799458,0.14184088269454126,0.65,28.36231884057971,30.0,82
203937,2024-25,36.0,1,0.11788617886178865,0.08885017421602791,0.75,22.556962025316455,31.0,82
203937,2025-26,20.0,1,0.15040650406504066,0.17944250871080142,0.85,15.027777777777779,32.0,82
203939,2015-16,69.0,1,0.6463414634146342,0.6463414634146342,0.05,1.8,24.0,82
203939,2016-17,77.0,1,0.4024390243902439,0.32113821138211385,0.15,14.376811594202898,25.0,82
203939,2017-18,79.0,1,0.2886178861788618,0.17247386759581884,0.25,17.31168831168831,26.0,82
203939,2018-19,77.0,1,0.08536585365853662,0.0609756097560976,0.35,21.164556962025316,27.0,82
203939,2019-20,40.0,1,0.0528455284552846,0.05400696864111503,0.44999999999999996,21.5974025974026,28.0,72
203939,2020-21,58.0,1,0.1806684733514002,0.27661633759194737,0.5499999999999999,26.525,29.0,72
203939,2021-22,82.0,0,0.23328816621499548,0.24680603948896632,0.65,16.655172413793103,30.0,82
203939,2022-23,76.0,1,0.21296296296296294,0.11904761904761904,0.75,21.926829268292682,31.0,82
203939,2023-24,63.0,1,0.08920505871725382,0.06958962446767322,0.85,19.18421052631579,32.0,82
203939,2024-25,55.0,1,0.10162601626016259,0.15331010452961671,0.85,13.26984126984127,33.0,82
203939,2025-26,63.0,1,0.21138211382113817,0.26480836236933797,0.85,10.018181818181818,34.0,82
203940,2015-16,52.0,1,0.6097560975609756,0.6097560975609756,0.15,6.333333333333333,25.0,82
203940,2016-17,18.0,1,0.4878048780487805,0.4471544715447154,0.25,9.346153846153847,26.0,82
203940,2017-18,5.0,1,0.5853658536585367,0.6376306620209059,0.35,7.5,27.0,82
203943,2015-16,78.0,1,0.6951219512195121,0.6951219512195121,0.05,10.36,20.0,82
203943,2016-17,74.0,1,0.3719512195121951,0.26422764227642276,0.05,15.051282051282051,21.0,82
203943,2017-18,33.0,1,0.28048780487804875,0.16898954703832753,0.05,17.094594594594593,22.0,82
203943,2018-19,68.0,1,0.16260162601626016,0.22996515679442506,0.05,14.424242424242424,23.0,82
203943,2019-20,29.0,1,0.2032520325203252,0.20905923344947736,0.05,25.323529411764707,24.0,72
203943,2020-21,4.0,1,0.33739837398373984,0.3832752613240418,0.15,11.96551724137931,25.0,72
203943,2022-23,23.0,1,0.5383920505871725,0.7069299264421216,0.35,2.75,27.0,82
203944,2015-16,81.0,1,0.9878048780487805,0.9878048780487805,0.05,14.0,21.0,82
203944,2016-17,74.0,1,0.5,0.33739837398373984,0.05,28.22222222222222,22.0,82
203944,2017-18,82.0,0,0.3658536585365854,0.20034843205574912,0.05,28.81081081081081,23.0,82
203944,2018-19,73.0,1,0.036585365853658534,0.029616724738675954,0.05,26.70731707317073,24.0,82
203944,2019-20,64.0,1,0.06910569105691056,0.07665505226480836,0.15,30.575342465753426,25.0,72
203944,2020-21,71.0,1,0.07362240289069559,0.09485094850948513,0.25,32.5,26.0,72
203944,2021-22,72.0,1,0.0782520325203252,0.05536198219125047,0.35,37.563380281690144,27.0,82
203944,2022-23,77.0,1,0.08231707317073171,0.08952768099109562,0.44999999999999996,35.333333333333336,28.0,82
203944,2023-24,46.0,1,0.0656052393857272,0.07167053813395279,0.5499999999999999,35.54545454545455,29.0,82
203944,2024-25,69.0,1,0.2073170731707317,0.2857142857142857,0.65,35.43478260869565,30.0,82
203944,2025-26,79.0,1,0.21951219512195122,0.22473867595818817,0.75,32.26086956521739,31.0,82
203946,2015-16,18.0,1,0.7804878048780488,0.7804878048780488,0.15,3.5555555555555554,25.0,82
203948,2015-16,66.0,1,0.5853658536585367,0.5853658536585367,0.05,10.823529411764707,23.0,82
203948,2016-17,7.0,1,0.3902439024390244,0.3252032520325203,0.05,12.984848484848484,24.0,82
203948,2017-18,36.0,1,0.5487804878048781,0.6341463414634146,0.15,6.571428571428571,25.0,82
203949,2015-16,41.0,1,0.8170731707317074,0.8170731707317074,0.05,9.133333333333333,23.0,82
203949,2016-17,52.0,1,0.6585365853658537,0.6056910569105691,0.05,6.390243902439025,24.0,82
203949,2017-18,3.0,1,0.5609756097560976,0.4686411149825784,0.15,8.788461538461538,25.0,82
203950,2015-16,2.0,1,0.7682926829268293,0.7682926829268293,0.05,6.631578947368421,22.0,82
203950,2016-17,2.0,1,0.8414634146341464,0.8658536585365854,0.05,2.0,23.0,82
203952,2015-16,81.0,1,0.0,0.0,0.05,36.207317073170735,21.0,82
203952,2016-17,82.0,0,0.0060975609756097615,0.008130081300813016,0.05,35.123456790123456,22.0,82
203952,2017-18,82.0,0,0.004065040650406508,0.0034843205574912922,0.05,37.170731707317074,23.0,82
203952,2018-19,73.0,1,0.004065040650406508,0.0017421602787456461,0.05,36.329268292682926,24.0,82
203952,2019-20,42.0,1,0.036585365853658534,0.0627177700348432,0.15,34.83561643835616,25.0,72
203952,2020-21,71.0,1,0.11991869918699187,0.17421602787456444,0.25,34.642857142857146,26.0,72
203952,2021-22,73.0,1,0.12454832881662148,0.09504452187379013,0.35,33.29577464788732,27.0,82
203952,2022-23,37.0,1,0.12454832881662148,0.10240030971738287,0.44999999999999996,31.91780821917808,28.0,82
203952,2023-24,71.0,1,0.22414182475158084,0.34693186217576466,0.5499999999999999,32.16216216216216,29.0,82
203952,2024-25,43.0,1,0.26422764227642276,0.2491289198606272,0.65,27.04225352112676,30.0,82
203952,2025-26,68.0,1,0.3170731707317073,0.2700348432055749,0.75,30.13953488372093,31.0,82
203953,2015-16,76.0,1,0.6951219512195121,0.6951219512195121,0.05,29.52,21.0,82
203953,2016-17,51.0,1,0.3841463414634146,0.28048780487804875,0.05,31.68421052631579,22.0,82
203953,2017-18,31.0,1,0.38211382113821135,0.33623693379790937,0.05,33.88235294117647,23.0,82
203953,2018-19,39.0,1,0.35772357723577236,0.4738675958188154,0.05,23.967741935483872,24.0,82
203953,2019-20,32.0,1,0.4065040650406504,0.35714285714285715,0.15,26.71794871794872,25.0,72
203953,2020-21,3.0,1,0.4378952122854562,0.42140921409214094,0.25,26.15625,26.0,72
203953,2021-22,12.0,1,0.5037262872628726,0.6345334881920248,0.35,9.0,27.0,82
203954,2017-18,63.0,1,0.6219512195121951,0.6219512195121951,0.05,25.35483870967742,24.0,82
203954,2018-19,64.0,1,0.4268292682926829,0.3617886178861789,0.15,30.349206349206348,25.0,82
203954,2019-20,51.0,1,0.35772357723577236,0.28048780487804875,0.25,33.65625,26.0,72
203954,2020-21,51.0,1,0.24762872628726285,0.2624854819976771,0.35,29.529411764705884,27.0,72
203954,2021-22,68.0,1,0.2676151761517615,0.28135888501742157,0.44999999999999996,31.07843137254902,28.0,82
203954,2022-23,66.0,1,0.2513550135501355,0.22256097560975613,0.5499999999999999,33.76470588235294,29.0,82
203954,2023-24,39.0,1,0.21917344173441733,0.20194541231126598,0.65,34.60606060606061,30.0,82
203954,2024-25,19.0,1,0.2967479674796748,0.37979094076655057,0.75,33.56410256410256,31.0,82
203954,2025-26,38.0,1,0.4959349593495935,0.6167247386759582,0.85,30.210526315789473,32.0,82
203955,2015-16,3.0,1,0.8170731707317074,0.8170731707317074,0.05,10.6,23.0,82
203956,2015-16,20.0,1,0.6097560975609756,0.6097560975609756,0.05,15.15625,24.0,82
203957,2016-17,66.0,1,0.0,0.0,0.05,22.158536585365855,21.0,82
203957,2017-18,14.0,1,0.09756097560975607,0.1300813008130081,0.05,18.606060606060606,22.0,82
203957,2018-19,42.0,1,0.34146341463414637,0.5296167247386759,0.05,16.785714285714285,23.0,82
203957,2019-20,11.0,1,0.5040650406504065,0.5435540069686411,0.05,15.80952380952381,24.0,72
203957,2020-21,6.0,1,0.6103206865401987,0.551490514905149,0.15,7.545454545454546,25.0,72
203957,2023-24,55.0,1,0.6394534778681119,0.7403213317847465,0.44999999999999996,19.333333333333332,28.0,82
203957,2024-25,20.0,1,0.5866079494128275,0.52347077042199,0.5499999999999999,19.78181818181818,29.0,82
203960,2015-16,47.0,1,0.09756097560975607,0.09756097560975607,0.05,15.283783783783784,23.0,82
203960,2017-18,22.0,1,0.10365853658536583,0.10569105691056908,0.15,14.702127659574469,25.0,82
203960,2018-19,4.0,1,0.3130081300813008,0.4634146341463415,0.25,15.636363636363637,26.0,82
203960,2019-20,34.0,1,0.5975609756097561,0.7682926829268292,0.35,31.75,27.0,72
203960,2020-21,29.0,1,0.7369015356820233,0.6778939217963608,0.44999999999999996,13.852941176470589,28.0,72
203961,2015-16,8.0,1,0.9634146341463414,0.9634146341463414,0.05,0.6666666666666666,24.0,82
203961,2017-18,67.0,1,0.9329268292682926,0.9227642276422765,0.25,6.0,26.0,82
203961,2018-19,1.0,1,0.6829268292682927,0.5000000000000001,0.35,12.014925373134329,27.0,82
203962,2016-17,2.0,1,0.9390243902439024,0.9390243902439024,0.15,11.0,25.0,82
203962,2017-18,69.0,1,0.9573170731707317,0.9634146341463414,0.25,15.5,26.0,82
203963,2015-16,7.0,1,0.7560975609756098,0.7560975609756098,0.15,5.4,25.0,82
203967,2017-18,78.0,1,0.012195121951219523,0.012195121951219523,0.05,26.28395061728395,24.0,82
203967,2018-19,13.0,1,0.030487804878048808,0.03658536585365857,0.15,29.615384615384617,25.0,82
203967,2019-20,66.0,1,0.024390243902439046,0.0226480836236934,0.25,30.46153846153846,26.0,72
203967,2020-21,50.0,1,0.04810298102981033,0.058072009291521516,0.35,24.727272727272727,27.0,72
203967,2022-23,37.0,1,0.13369467028003615,0.2001548586914441,0.5499999999999999,17.42,29.0,82
203967,2023-24,64.0,1,0.23125564588979228,0.2734223770809137,0.65,14.405405405405405,30.0,82
203967,2024-25,16.0,1,0.27664859981933154,0.2561943476577623,0.75,17.15625,31.0,82
203967,2025-26,5.0,1,0.44308943089430897,0.5662020905923345,0.75,13.125,31.0,82
203991,2015-16,77.0,1,0.8536585365853658,0.8536585365853658,0.05,7.5,22.0,82
203991,2016-17,65.0,1,0.4573170731707317,0.3252032520325204,0.05,19.103896103896105,23.0,82
203991,2017-18,74.0,1,0.3739837398373984,0.2578397212543554,0.05,23.861538461538462,24.0,82
203991,2018-19,67.0,1,0.12195121951219512,0.12369337979094075,0.15,27.486486486486488,25.0,82
203991,2019-20,39.0,1,0.16260162601626016,0.16202090592334498,0.25,33.56716417910448,26.0,72
203991,2020-21,63.0,1,0.2462737127371274,0.3281068524970964,0.35,32.794871794871796,27.0,72
203991,2021-22,74.0,1,0.25542005420054203,0.22851335656213706,0.44999999999999996,30.126984126984127,28.0,82
203991,2022-23,65.0,1,0.2269647696476965,0.15693960511033683,0.5499999999999999,27.594594594594593,29.0,82
203991,2023-24,73.0,1,0.14329268292682926,0.164198606271777,0.65,26.615384615384617,30.0,82
203991,2024-25,55.0,1,0.1382113821138211,0.13588850174216024,0.75,25.794520547945204,31.0,82
203991,2025-26,75.0,1,0.2154471544715447,0.24912891986062716,0.85,21.381818181818183,32.0,82
203992,2018-19,70.0,1,0.04878048780487809,0.04878048780487809,0.25,27.884615384615383,26.0,82
203992,2019-20,61.0,1,0.09756097560975613,0.11382113821138214,0.35,27.814285714285713,27.0,72
203992,2020-21,44.0,1,0.11596657633243002,0.13608207510646536,0.44999999999999996,28.950819672131146,28.0,72
203992,2021-22,63.0,1,0.2293360433604336,0.28677893921796355,0.5499999999999999,29.65909090909091,29.0,82
203992,2022-23,54.0,1,0.25779132791327913,0.26534068912117686,0.65,29.349206349206348,30.0,82
203992,2023-24,79.0,1,0.32068654019873527,0.31687959736740223,0.75,27.944444444444443,31.0,82
203992,2024-25,24.0,1,0.2032520325203252,0.15156794425087108,0.85,30.39240506329114,32.0,82
203992,2025-26,23.0,1,0.23983739837398374,0.2543554006968641,0.85,24.916666666666668,33.0,82
203994,2015-16,32.0,1,0.24390243902439024,0.24390243902439024,0.05,17.79032258064516,21.0,82
203994,2016-17,45.0,1,0.4268292682926829,0.4878048780487805,0.05,17.09375,22.0,82
203994,2017-18,79.0,1,0.3536585365853659,0.3275261324041812,0.05,17.933333333333334,23.0,82
203994,2018-19,72.0,1,0.2845528455284553,0.1672473867595819,0.05,26.430379746835442,24.0,82
203994,2019-20,8.0,1,0.12195121951219512,0.10975609756097561,0.15,27.416666666666668,25.0,72
203994,2020-21,37.0,1,0.3491418247515809,0.5480061943476577,0.25,31.625,26.0,72
203994,2021-22,56.0,1,0.4989837398373984,0.5491676345334883,0.35,23.783783783783782,27.0,82
203994,2022-23,52.0,1,0.5640243902439024,0.44705768486256287,0.44999999999999996,28.178571428571427,28.0,82
203994,2023-24,76.0,1,0.3896793134598013,0.3690960123886953,0.5499999999999999,26.75,29.0,82
203994,2024-25,25.0,1,0.25203252032520324,0.19163763066202089,0.65,27.342105263157894,30.0,82
203994,2025-26,41.0,1,0.27235772357723576,0.289198606271777,0.75,23.68,31.0,82
203995,2024-25,36.0,1,0.2682926829268293,0.2682926829268293,0.75,12.033333333333333,31.0,82
203998,2015-16,6.0,1,0.9024390243902439,0.9024390243902439,0.05,2.875,20.0,82
203998,2016-17,9.0,1,0.9146341463414634,0.91869918699187,0.05,7.166666666666667,21.0,82
203998,2017-18,2.0,1,0.9065040650406505,0.9024390243902439,0.05,4.444444444444445,22.0,82
203998,2018-19,34.0,1,0.8902439024390244,0.8745644599303136,0.05,3.5,23.0,82
203998,2019-20,22.0,1,0.7764227642276422,0.7055749128919862,0.05,23.529411764705884,24.0,72
203998,2020-21,6.0,1,0.674119241192412,0.6225319396051103,0.15,8.727272727272727,25.0,72
203999,2016-17,73.0,1,0.024390243902439046,0.024390243902439046,0.05,21.6625,22.0,82
203999,2017-18,75.0,1,0.06707317073170732,0.08130081300813008,0.05,27.91780821917808,23.0,82
203999,2018-19,80.0,1,0.07317073170731707,0.08362369337979092,0.05,32.57333333333333,24.0,82
203999,2019-20,72.0,0,0.07317073170731707,0.05400696864111498,0.15,31.3,25.0,72
203999,2020-21,72.0,0,0.036585365853658534,0.019163763066202093,0.25,31.986301369863014,26.0,72
203999,2021-22,74.0,1,0.008130081300813016,0.0034843205574912922,0.35,34.55555555555556,27.0,82
203999,2022-23,69.0,1,0.03252032520325202,0.05574912891986061,0.44999999999999996,33.45945945945946,28.0,82
203999,2023-24,79.0,1,0.08536585365853659,0.11846689895470384,0.5499999999999999,33.666666666666664,29.0,82
203999,2024-25,70.0,1,0.09756097560975611,0.08013937282229967,0.65,34.64556962025316,30.0,82
203999,2025-26,65.0,1,0.11382113821138214,0.11672473867595821,0.75,36.72857142857143,31.0,82
204001,2016-17,66.0,1,0.12195121951219512,0.12195121951219512,0.05,28.430555555555557,21.0,82
204001,2017-18,48.0,1,0.15853658536585363,0.17073170731707313,0.05,32.78787878787879,22.0,82
204001,2019-20,57.0,1,0.24390243902439024,0.31010452961672474,0.05,32.354166666666664,24.0,72
204001,2020-21,43.0,1,0.2726964769647697,0.26538908246225323,0.15,31.82456140350877,25.0,72
204001,2021-22,34.0,1,0.34191508581752483,0.3489159891598916,0.25,30.86046511627907,26.0,82
204001,2022-23,65.0,1,0.32971996386630537,0.3608691444057298,0.35,29.470588235294116,27.0,82
204001,2023-24,57.0,1,0.32938121047877145,0.2840205187766163,0.44999999999999996,32.61538461538461,28.0,82
204001,2024-25,42.0,1,0.2967479674796748,0.2874564459930314,0.5499999999999999,29.649122807017545,29.0,82
204001,2025-26,17.0,1,0.3333333333333333,0.39547038327526135,0.65,28.80952380952381,30.0,82
204002,2016-17,1.0,1,0.8658536585365854,0.8658536585365854,0.15,6.636363636363637,25.0,82
204014,2015-16,33.0,1,0.1707317073170732,0.1707317073170732,0.65,15.397058823529411,30.0,82
204014,2016-17,45.0,1,0.38414634146341464,0.45528455284552843,0.75,8.393939393939394,31.0,82
204020,2015-16,36.0,1,0.6097560975609756,0.6097560975609756,0.05,18.84375,24.0,82
204020,2016-17,73.0,1,0.5853658536585367,0.5772357723577236,0.15,23.97222222222222,25.0,82
204020,2017-18,72.0,1,0.4268292682926829,0.31010452961672474,0.25,29.82191780821918,26.0,82
204020,2018-19,44.0,1,0.26422764227642276,0.18118466898954705,0.35,28.5,27.0,82
204020,2019-20,31.0,1,0.17886178861788618,0.22473867595818817,0.44999999999999996,25.522727272727273,28.0,72
204020,2020-21,39.0,1,0.29505420054200543,0.3664343786295006,0.5499999999999999,16.612903225806452,29.0,72
204020,2021-22,3.0,1,0.4071815718157182,0.43641114982578394,0.65,17.53846153846154,30.0,82
204022,2017-18,7.0,1,0.8048780487804879,0.8048780487804879,0.35,5.4375,27.0,82
204025,2015-16,35.0,1,0.8658536585365854,0.8658536585365854,0.15,28.5,25.0,82
204025,2016-17,65.0,1,0.6219512195121951,0.540650406504065,0.25,7.771428571428571,26.0,82
204025,2017-18,59.0,1,0.48373983739837395,0.3501742160278746,0.35,23.46153846153846,27.0,82
204025,2018-19,47.0,1,0.2886178861788618,0.2735191637630662,0.44999999999999996,14.203389830508474,28.0,82
204025,2019-20,27.0,1,0.25609756097560976,0.2700348432055749,0.5499999999999999,19.340425531914892,29.0,72
204025,2020-21,5.0,1,0.3953252032520325,0.47735191637630664,0.65,13.148148148148149,30.0,72
204025,2021-22,10.0,1,0.6120144534778681,0.7503871467286102,0.75,12.4,31.0,82
204028,2015-16,39.0,1,0.23170731707317072,0.23170731707317072,0.05,15.72,24.0,82
204028,2016-17,67.0,1,0.3780487804878049,0.4268292682926829,0.15,12.717948717948717,25.0,82
204028,2017-18,51.0,1,0.31300813008130085,0.28745644599303144,0.25,16.28358208955224,26.0,82
204037,2017-18,17.0,1,0.3780487804878049,0.3780487804878049,0.35,13.176470588235293,27.0,82
204038,2015-16,82.0,0,0.4512195121951219,0.4512195121951219,0.05,32.37777777777778,24.0,82
204038,2016-17,55.0,1,0.22560975609756095,0.15040650406504064,0.15,24.79268292682927,25.0,82
204038,2017-18,58.0,1,0.18292682926829265,0.12020905923344946,0.25,20.363636363636363,26.0,82
204038,2018-19,80.0,1,0.13008130081300814,0.1951219512195122,0.35,14.879310344827585,27.0,82
204038,2019-20,66.0,1,0.13821138211382114,0.11149825783972127,0.44999999999999996,21.8125,28.0,72
204038,2020-21,40.0,1,0.13346883468834692,0.0963995354239257,0.5499999999999999,25.78787878787879,29.0,72
204038,2021-22,4.0,1,0.18405600722673895,0.28126209833526905,0.65,10.95,30.0,82
204060,2015-16,81.0,1,0.03658536585365857,0.03658536585365857,0.44999999999999996,21.17721518987342,28.0,82
204060,2016-17,82.0,0,0.024390243902439046,0.020325203252032537,0.5499999999999999,15.320987654320987,29.0,82
204060,2017-18,82.0,0,0.016260162601626032,0.008710801393728231,0.65,24.048780487804876,30.0,82
204060,2018-19,82.0,0,0.004065040650406508,0.0017421602787456461,0.75,31.451219512195124,31.0,82
204060,2019-20,72.0,0,0.0,0.0,0.85,31.317073170731707,32.0,72
204060,2020-21,67.0,1,0.0,0.0,0.85,29.680555555555557,33.0,72
204060,2021-22,45.0,1,0.02314814814814814,0.039682539682539666,0.85,27.865671641791046,34.0,82
204060,2022-23,46.0,1,0.17355465221318878,0.2776809910956252,0.85,24.933333333333334,35.0,82
204060,2023-24,68.0,1,0.3198961156278229,0.38971157568718545,0.85,22.695652173913043,36.0,82
204060,2024-25,19.0,1,0.3536585365853659,0.2874564459930314,0.85,17.191176470588236,37.0,82
204060,2025-26,27.0,1,0.4593495934959349,0.5505226480836237,0.85,6.0,38.0,82
204065,2017-18,3.0,1,0.9634146341463414,0.9634146341463414,0.35,11.0,27.0,82
204066,2018-19,1.0,1,0.7073170731707317,0.7073170731707317,0.65,7.25,30.0,82
204067,2016-17,5.0,1,0.6829268292682926,0.6829268292682926,0.15,5.653846153846154,25.0,82
204067,2017-18,2.0,1,0.8109756097560975,0.8536585365853657,0.25,12.4,26.0,82
204098,2017-18,6.0,1,0.8292682926829268,0.8292682926829268,0.25,17.428571428571427,26.0,82
204456,2016-17,81.0,1,0.012195121951219523,0.012195121951219523,0.15,19.82716049382716,25.0,82
204456,2017-18,76.0,1,0.012195121951219523,0.012195121951219523,0.25,26.333333333333332,26.0,82
204456,2018-19,76.0,1,0.03252032520325202,0.047038327526132385,0.35,22.460526315789473,27.0,82
204456,2019-20,71.0,1,0.05284552845528453,0.0644599303135888,0.44999999999999996,19.342105263157894,28.0,72
204456,2020-21,69.0,1,0.05341011743450763,0.03929539295392949,0.5499999999999999,18.676056338028168,29.0,72
204456,2021-22,27.0,1,0.0429087624209575,0.038230739450251607,0.65,26.028985507246375,30.0,82
204456,2022-23,75.0,1,0.24209575429087618,0.3971641502129306,0.75,24.14814814814815,31.0,82
204456,2023-24,71.0,1,0.2659214092140921,0.24637049941927985,0.85,20.346666666666668,32.0,82
204456,2024-25,79.0,1,0.29674796747967475,0.19686411149825783,0.85,18.183098591549296,33.0,82
204456,2025-26,56.0,1,0.08536585365853659,0.07142857142857144,0.85,17.911392405063292,34.0,82
1626143,2016-17,50.0,1,0.35365853658536583,0.35365853658536583,0.05,30.0188679245283,21.0,82
1626143,2017-18,2.0,1,0.3719512195121951,0.37804878048780494,0.05,22.68,22.0,82
1626143,2018-19,59.0,1,0.46747967479674796,0.5383275261324041,0.05,12.5,23.0,82
1626143,2019-20,30.0,1,0.4430894308943089,0.4041811846689895,0.05,15.847457627118644,24.0,72
1626143,2020-21,27.0,1,0.5074525745257452,0.5075493612078977,0.15,15.566666666666666,25.0,72
1626143,2024-25,1.0,1,0.49627371273712734,0.5638792102206737,0.5499999999999999,12.851851851851851,29.0,82
1626144,2016-17,55.0,1,0.1707317073170732,0.1707317073170732,0.05,30.41176470588235,21.0,82
1626144,2017-18,42.0,1,0.25,0.2764227642276423,0.05,25.563636363636363,22.0,82
1626144,2018-19,59.0,1,0.23983739837398374,0.2439024390243902,0.05,17.904761904761905,23.0,82
1626144,2019-20,54.0,1,0.2764227642276423,0.2700348432055749,0.05,27.23728813559322,24.0,72
1626144,2021-22,2.0,1,0.25,0.25435540069686413,0.25,15.74074074074074,26.0,82
1626145,2016-17,60.0,1,0.5487804878048781,0.5487804878048781,0.05,15.486486486486486,21.0,82
1626145,2017-18,82.0,0,0.4085365853658537,0.3617886178861789,0.05,12.9,22.0,82
1626145,2018-19,68.0,1,0.2723577235772358,0.15505226480836237,0.05,17.890243902439025,23.0,82
1626145,2019-20,65.0,1,0.14634146341463417,0.1358885017421603,0.05,22.941176470588236,24.0,72
1626145,2020-21,70.0,1,0.08931797651309847,0.1043360433604336,0.15,18.953846153846154,25.0,72
1626145,2021-22,73.0,1,0.09857723577235773,0.06804103755323268,0.25,17.47142857142857,26.0,82
1626145,2022-23,80.0,1,0.0782520325203252,0.08454316686024002,0.35,21.21917808219178,27.0,82
1626145,2023-24,66.0,1,0.05397470641373081,0.04926442121564074,0.44999999999999996,24.2375,28.0,82
1626145,2024-25,81.0,1,0.1097560975609756,0.13414634146341461,0.5499999999999999,29.28787878787879,29.0,82
1626145,2025-26,48.0,1,0.07723577235772357,0.06620209059233449,0.65,26.839506172839506,30.0,82
1626147,2016-17,51.0,1,0.3292682926829268,0.3292682926829268,0.05,11.763636363636364,23.0,82
1626147,2017-18,38.0,1,0.20731707317073167,0.16666666666666663,0.05,13.92156862745098,24.0,82
1626147,2018-19,48.0,1,0.3170731707317073,0.3780487804878049,0.15,13.657894736842104,25.0,82
1626147,2019-20,10.0,1,0.34552845528455284,0.4024390243902439,0.25,9.666666666666666,26.0,72
1626147,2021-22,3.0,1,0.6041102077687444,0.6871854432830042,0.44999999999999996,10.7,28.0,82
1626148,2016-17,9.0,1,0.6463414634146342,0.6463414634146342,0.05,20.655172413793103,24.0,82
1626148,2017-18,1.0,1,0.7560975609756098,0.7926829268292682,0.15,15.88888888888889,25.0,82
1626149,2016-17,58.0,1,0.524390243902439,0.524390243902439,0.05,9.717948717948717,23.0,82
1626149,2017-18,76.0,1,0.4085365853658537,0.3699186991869919,0.05,18.344827586206897,24.0,82
1626149,2018-19,82.0,0,0.2967479674796748,0.20034843205574912,0.15,17.013157894736842,25.0,82
1626149,2019-20,63.0,1,0.12195121951219512,0.0627177700348432,0.25,26.317073170731707,26.0,72
1626149,2020-21,69.0,1,0.06605691056910568,0.08188153310104529,0.35,27.761904761904763,27.0,72
1626149,2021-22,46.0,1,0.055555555555555546,0.0595238095238095,0.44999999999999996,22.89855072463768,28.0,82
1626149,2022-23,57.0,1,0.10027100271002709,0.10641695702671312,0.5499999999999999,24.282608695652176,29.0,82
1626150,2017-18,56.0,1,0.12195121951219512,0.12195121951219512,0.05,20.47222222222222,23.0,82
1626150,2018-19,1.0,1,0.2195121951219512,0.25203252032520324,0.05,23.678571428571427,24.0,82
1626151,2016-17,5.0,1,0.7439024390243902,0.7439024390243902,0.05,4.428571428571429,22.0,82
1626151,2017-18,9.0,1,0.8414634146341463,0.8739837398373984,0.05,3.4,23.0,82
1626153,2016-17,27.0,1,0.6707317073170731,0.6707317073170731,0.15,8.481481481481481,25.0,82
1626153,2017-18,69.0,1,0.6707317073170731,0.670731707317073,0.25,16.51851851851852,26.0,82
1626153,2018-19,49.0,1,0.5,0.3780487804878049,0.35,20.768115942028984,27.0,82
1626153,2019-20,72.0,0,0.3048780487804878,0.18989547038327523,0.44999999999999996,18.306122448979593,28.0,72
1626153,2020-21,36.0,1,0.08130081300813008,0.0470383275261324,0.5499999999999999,21.506849315068493,29.0,72
1626153,2021-22,77.0,1,0.07012195121951219,0.08362369337979093,0.65,29.22222222222222,30.0,82
1626153,2022-23,50.0,1,0.061991869918699205,0.07055749128919864,0.75,18.87012987012987,31.0,82
1626153,2023-24,33.0,1,0.19207317073170735,0.2582752613240418,0.85,24.42,32.0,82
1626153,2024-25,26.0,1,0.29268292682926833,0.3641114982578398,0.85,13.818181818181818,33.0,82
1626154,2016-17,3.0,1,0.5609756097560976,0.5609756097560976,0.05,8.75,23.0,82
1626154,2017-18,5.0,1,0.7621951219512195,0.8292682926829268,0.05,3.0,24.0,82
1626154,2018-19,1.0,1,0.8211382113821138,0.89198606271777,0.15,9.0,25.0,82
1626155,2016-17,77.0,1,0.9634146341463414,0.9634146341463414,0.05,2.0,23.0,82
1626155,2017-18,73.0,1,0.5121951219512195,0.3617886178861789,0.05,18.428571428571427,24.0,82
1626155,2018-19,9.0,1,0.37804878048780494,0.2177700348432056,0.15,12.095890410958905,25.0,82
1626155,2021-22,1.0,1,0.19918699186991873,0.2839721254355401,0.44999999999999996,18.77777777777778,28.0,82
1626156,2016-17,63.0,1,0.024390243902439046,0.024390243902439046,0.05,28.2375,21.0,82
1626156,2017-18,48.0,1,0.12804878048780488,0.16260162601626016,0.05,28.746031746031747,22.0,82
1626156,2018-19,81.0,1,0.22357723577235775,0.3066202090592335,0.05,25.708333333333332,23.0,82
1626156,2019-20,33.0,1,0.21951219512195122,0.15853658536585366,0.05,30.22222222222222,24.0,72
1626156,2020-21,42.0,1,0.26727642276422764,0.2770034843205575,0.15,32.121212121212125,25.0,72
1626156,2021-22,65.0,1,0.26795392953929537,0.34698025551684086,0.25,28.476190476190474,26.0,82
1626156,2022-23,54.0,1,0.33299457994579945,0.29108594657375136,0.35,31.953846153846154,27.0,82
1626156,2023-24,76.0,1,0.25271002710027096,0.19541231126596978,0.44999999999999996,32.925925925925924,28.0,82
1626156,2024-25,29.0,1,0.1382113821138211,0.10975609756097558,0.5499999999999999,32.68421052631579,29.0,82
1626156,2025-26,26.0,1,0.16666666666666666,0.2073170731707317,0.65,26.310344827586206,30.0,82
1626157,2016-17,82.0,0,0.0,0.0,0.05,32.03658536585366,21.0,82
1626157,2017-18,82.0,0,0.0,0.0,0.05,36.951219512195124,22.0,82
1626157,2018-19,77.0,1,0.0,0.0,0.05,35.58536585365854,23.0,82
1626157,2019-20,35.0,1,0.020325203252032537,0.034843205574912925,0.05,33.05194805194805,24.0,72
1626157,2020-21,50.0,1,0.19162149954832883,0.3110723964382501,0.15,33.91428571428571,25.0,72
1626157,2021-22,74.0,1,0.29347335140018066,0.33013937282229966,0.25,33.78,26.0,82
1626157,2022-23,29.0,1,0.3056684733514002,0.21646341463414634,0.35,33.445945945945944,27.0,82
1626157,2023-24,62.0,1,0.3498193315266486,0.4408633372048006,0.44999999999999996,33.0,28.0,82
1626157,2024-25,72.0,1,0.32926829268292684,0.3379790940766551,0.5499999999999999,32.67741935483871,29.0,82
1626157,2025-26,75.0,1,0.33739837398373984,0.23170731707317074,0.65,34.958333333333336,30.0,82
1626158,2016-17,57.0,1,0.3780487804878049,0.3780487804878049,0.05,13.764705882352942,23.0,82
1626158,2017-18,48.0,1,0.34146341463414637,0.32926829268292684,0.05,20.92982456140351,24.0,82
1626158,2018-19,70.0,1,0.3658536585365854,0.3780487804878049,0.15,15.541666666666666,25.0,82
1626158,2019-20,44.0,1,0.2886178861788618,0.24564459930313592,0.25,16.914285714285715,26.0,72
1626158,2020-21,61.0,1,0.3166214995483288,0.3232675183894696,0.35,28.227272727272727,27.0,72
1626158,2021-22,45.0,1,0.2293360433604336,0.21931862175764616,0.44999999999999996,29.19672131147541,28.0,82
1626158,2022-23,42.0,1,0.33096205962059616,0.3570460704607045,0.5499999999999999,23.866666666666667,29.0,82
1626158,2023-24,23.0,1,0.36393405600722667,0.4294909020518776,0.65,8.285714285714286,30.0,82
1626158,2024-25,31.0,1,0.48373983739837395,0.4965156794425087,0.75,10.304347826086957,31.0,82
1626159,2016-17,18.0,1,0.04878048780487809,0.04878048780487809,0.05,28.615384615384617,21.0,82
1626159,2017-18,68.0,1,0.41463414634146345,0.5365853658536586,0.05,34.72222222222222,22.0,82
1626159,2018-19,66.0,1,0.3333333333333333,0.3275261324041812,0.05,24.705882352941178,23.0,82
1626159,2019-20,11.0,1,0.3821138211382114,0.27177700348432055,0.05,29.696969696969695,24.0,72
1626159,2020-21,26.0,1,0.4043586269196025,0.5642663569492837,0.15,32.0,25.0,72
1626159,2021-22,37.0,1,0.5604110207768744,0.6350174216027875,0.25,19.5,26.0,82
1626159,2022-23,29.0,1,0.6335817524841915,0.5405052264808362,0.35,12.972972972972974,27.0,82
1626161,2016-17,75.0,1,0.19512195121951215,0.19512195121951215,0.05,21.393939393939394,23.0,82
1626161,2017-18,73.0,1,0.14024390243902435,0.12195121951219508,0.05,18.946666666666665,24.0,82
1626161,2018-19,81.0,1,0.1300813008130081,0.11498257839721251,0.15,28.0,25.0,82
1626161,2019-20,41.0,1,0.06910569105691056,0.05052264808362369,0.25,27.320987654320987,26.0,72
1626161,2020-21,53.0,1,0.12398373983739837,0.16202090592334498,0.35,22.951219512195124,27.0,72
1626161,2021-22,18.0,1,0.17536133694670278,0.22396438250096784,0.44999999999999996,17.09433962264151,28.0,82
1626162,2016-17,79.0,1,0.23170731707317072,0.23170731707317072,0.05,10.65079365079365,21.0,82
1626162,2017-18,81.0,1,0.13414634146341464,0.10162601626016261,0.05,20.31645569620253,22.0,82
1626162,2018-19,29.0,1,0.0934959349593496,0.05052264808362371,0.05,27.54320987654321,23.0,82
1626162,2019-20,56.0,1,0.0691056910569106,0.09930313588850177,0.05,26.03448275862069,24.0,72
1626162,2020-21,55.0,1,0.13098464317976513,0.17402245451025938,0.15,34.517857142857146,25.0,72
1626162,2021-22,76.0,1,0.20562330623306235,0.22106078203639182,0.25,30.69090909090909,26.0,82
1626162,2022-23,48.0,1,0.1771680216802168,0.14101819589624467,0.35,26.30263157894737,27.0,82
1626162,2023-24,68.0,1,0.24130532971996388,0.29156987998451417,0.44999999999999996,32.25,28.0,82
1626162,2024-25,60.0,1,0.21951219512195122,0.2264808362369338,0.5499999999999999,30.220588235294116,29.0,82
1626162,2025-26,50.0,1,0.28455284552845533,0.2613240418118467,0.65,34.63333333333333,30.0,82
1626163,2016-17,75.0,1,0.012195121951219523,0.012195121951219523,0.05,21.08641975308642,24.0,82
1626163,2017-18,79.0,1,0.04878048780487804,0.06097560975609754,0.15,26.053333333333335,25.0,82
1626163,2018-19,47.0,1,0.044715447154471545,0.04703832752613241,0.25,23.227848101265824,26.0,82
1626163,2019-20,39.0,1,0.1829268292682927,0.26655052264808365,0.35,16.06382978723404,27.0,72
1626163,2020-21,47.0,1,0.30724932249322495,0.38908246225319404,0.44999999999999996,19.923076923076923,28.0,72
1626163,2021-22,9.0,1,0.41079494128274624,0.39034068912117686,0.5499999999999999,15.212765957446809,29.0,82
1626163,2022-23,26.0,1,0.5652664859981934,0.6733933410762678,0.65,20.11111111111111,30.0,82
1626164,2016-17,78.0,1,0.07317073170731703,0.07317073170731703,0.05,27.736842105263158,20.0,82
1626164,2017-18,54.0,1,0.06097560975609756,0.05691056910569107,0.05,35.01282051282051,21.0,82
1626164,2018-19,64.0,1,0.15447154471544713,0.21951219512195122,0.05,34.53703703703704,22.0,82
1626164,2019-20,70.0,1,0.2032520325203252,0.22996515679442506,0.05,35.03125,23.0,72
1626164,2020-21,67.0,1,0.19625112917795842,0.12737127371273713,0.05,35.885714285714286,24.0,72
1626164,2021-22,68.0,1,0.10557813911472447,0.07897793263646921,0.15,33.88059701492537,25.0,82
1626164,2022-23,53.0,1,0.08931797651309847,0.12137049941927992,0.25,34.48529411764706,26.0,82
1626164,2023-24,68.0,1,0.19794489611562782,0.26079171506000776,0.35,34.62264150943396,27.0,82
1626164,2024-25,75.0,1,0.23170731707317074,0.2229965156794425,0.44999999999999996,35.98529411764706,28.0,82
1626164,2025-26,64.0,1,0.2032520325203252,0.1480836236933798,0.5499999999999999,37.266666666666666,29.0,82
1626166,2016-17,20.0,1,0.30487804878048785,0.30487804878048785,0.05,12.24561403508772,22.0,82
1626166,2017-18,25.0,1,0.4634146341463415,0.516260162601626,0.05,16.0,23.0,82
1626166,2018-19,31.0,1,0.540650406504065,0.6184668989547039,0.05,23.28,24.0,82
1626166,2019-20,8.0,1,0.6097560975609756,0.5801393728222995,0.15,17.29032258064516,25.0,72
1626166,2020-21,60.0,1,0.6987353206865402,0.7535811072396438,0.25,22.875,26.0,72
1626166,2021-22,58.0,1,0.522583559168925,0.42237708091366627,0.35,17.983333333333334,27.0,82
1626166,2022-23,48.0,1,0.449412827461608,0.34185056136275654,0.44999999999999996,22.03448275862069,28.0,82
1626166,2023-24,47.0,1,0.2913279132791328,0.3443670150987224,0.5499999999999999,20.166666666666668,29.0,82
1626166,2024-25,72.0,1,0.2520325203252033,0.18815331010452965,0.65,14.936170212765957,30.0,82
1626166,2025-26,22.0,1,0.19512195121951223,0.14285714285714285,0.75,15.13888888888889,31.0,82
1626167,2016-17,81.0,1,0.2682926829268293,0.2682926829268293,0.05,22.783333333333335,21.0,82
1626167,2017-18,65.0,1,0.1402439024390244,0.09756097560975611,0.05,31.37037037037037,22.0,82
1626167,2018-19,74.0,1,0.16260162601626016,0.1602787456445993,0.05,28.246153846153845,23.0,82
1626167,2019-20,62.0,1,0.10569105691056908,0.11672473867595816,0.05,28.635135135135137,24.0,72
1626167,2020-21,47.0,1,0.14792231255645885,0.1368563685636856,0.15,29.451612903225808,25.0,72
1626167,2021-22,42.0,1,0.19455736224028905,0.25203252032520324,0.25,30.95744680851064,26.0,82
1626167,2022-23,62.0,1,0.3246386630532972,0.3977932636469222,0.35,29.404761904761905,27.0,82
1626167,2023-24,77.0,1,0.35964317976513094,0.32834881920247777,0.44999999999999996,29.43548387096774,28.0,82
1626167,2024-25,72.0,1,0.26422764227642276,0.1742160278745645,0.5499999999999999,26.961038961038962,29.0,82
1626167,2025-26,71.0,1,0.14227642276422767,0.12195121951219513,0.65,30.194444444444443,30.0,82
1626168,2016-17,71.0,1,0.024390243902439046,0.024390243902439046,0.05,17.275,21.0,82
1626168,2017-18,73.0,1,0.07926829268292684,0.09756097560975611,0.05,16.309859154929576,22.0,82
1626168,2018-19,64.0,1,0.08943089430894309,0.10452961672473868,0.05,19.054794520547944,23.0,82
1626168,2019-20,63.0,1,0.15447154471544713,0.17595818815331007,0.05,17.5,24.0,72
1626168,2020-21,23.0,1,0.15142276422764225,0.14982578397212545,0.15,20.174603174603174,25.0,72
1626168,2021-22,51.0,1,0.3416892502258356,0.45596205962059627,0.25,15.565217391304348,26.0,82
1626168,2022-23,74.0,1,0.29697380307136406,0.26108207510646536,0.35,19.41176470588235,27.0,82
1626168,2023-24,58.0,1,0.2878274616079494,0.17736159504452184,0.44999999999999996,16.85135135135135,28.0,82
1626168,2024-25,69.0,1,0.15853658536585366,0.2073170731707317,0.5499999999999999,19.96551724137931,29.0,82
1626169,2016-17,77.0,1,0.1097560975609756,0.1097560975609756,0.05,23.10958904109589,21.0,82
1626169,2017-18,69.0,1,0.0853658536585366,0.07723577235772361,0.05,17.805194805194805,22.0,82
1626169,2018-19,48.0,1,0.10975609756097564,0.12369337979094079,0.05,27.44927536231884,23.0,82
1626169,2019-20,25.0,1,0.13821138211382114,0.16550522648083624,0.05,20.020833333333332,24.0,72
1626169,2020-21,61.0,1,0.3354787714543812,0.45141308555942705,0.15,6.0,25.0,72
1626169,2021-22,48.0,1,0.3335591689250226,0.30168408826945414,0.25,16.491803278688526,26.0,82
1626169,2022-23,30.0,1,0.4067299006323397,0.37383855981416964,0.35,22.791666666666668,27.0,82
1626170,2016-17,63.0,1,0.07317073170731703,0.07317073170731703,0.05,16.644736842105264,24.0,82
1626170,2017-18,74.0,1,0.15243902439024387,0.17886178861788615,0.15,16.317460317460316,25.0,82
1626170,2018-19,60.0,1,0.13414634146341461,0.13240418118466896,0.25,22.783783783783782,26.0,82
1626170,2019-20,6.0,1,0.1991869918699187,0.21428571428571427,0.35,15.65,27.0,72
1626171,2016-17,64.0,1,0.24390243902439024,0.24390243902439024,0.05,17.774193548387096,22.0,82
1626171,2017-18,73.0,1,0.23170731707317072,0.22764227642276422,0.05,15.640625,23.0,82
1626171,2018-19,22.0,1,0.19105691056910568,0.1602787456445993,0.05,22.506849315068493,24.0,82
1626171,2019-20,66.0,1,0.23983739837398374,0.2857142857142857,0.15,24.136363636363637,25.0,72
1626171,2020-21,66.0,1,0.19444444444444445,0.17479674796747968,0.25,21.12121212121212,26.0,72
1626171,2021-22,72.0,1,0.18563685636856372,0.1271777003484321,0.35,20.78787878787879,27.0,82
1626171,2022-23,70.0,1,0.09620596205962062,0.1054006968641115,0.44999999999999996,28.166666666666668,28.0,82
1626171,2023-24,82.0,0,0.11720867208672088,0.13037166085946575,0.5499999999999999,25.97142857142857,29.0,82
1626171,2024-25,49.0,1,0.08943089430894309,0.05923344947735192,0.65,24.48780487804878,30.0,82
1626171,2025-26,67.0,1,0.1829268292682927,0.25087108013937287,0.75,25.387755102040817,31.0,82
1626172,2016-17,53.0,1,0.9390243902439024,0.9390243902439024,0.05,4.2,21.0,82
1626172,2017-18,66.0,1,0.646341463414634,0.548780487804878,0.05,8.433962264150944,22.0,82
1626172,2018-19,80.0,1,0.4959349593495935,0.34668989547038326,0.05,13.787878787878787,23.0,82
1626172,2019-20,20.0,1,0.19105691056910568,0.12020905923344948,0.05,18.5125,24.0,72
1626172,2020-21,61.0,1,0.3139114724480578,0.44754161827332556,0.15,13.1,25.0,72
1626172,2021-22,82.0,0,0.2997967479674797,0.2971351142082849,0.25,19.0327868852459,26.0,82
1626172,2022-23,82.0,0,0.2916666666666667,0.1468253968253968,0.35,21.121951219512194,27.0,82
1626172,2023-24,74.0,1,0.05092592592592593,0.021825396825396828,0.44999999999999996,23.878048780487806,28.0,82
1626172,2024-25,76.0,1,0.03252032520325202,0.05574912891986061,0.5499999999999999,16.135135135135137,29.0,82
1626172,2025-26,21.0,1,0.05691056910569103,0.06968641114982575,0.65,15.026315789473685,30.0,82
1626173,2016-17,41.0,1,0.14634146341463417,0.14634146341463417,0.05,14.3,20.0,82
1626173,2017-18,22.0,1,0.3231707317073171,0.3821138211382114,0.05,11.195121951219512,21.0,82
1626174,2016-17,13.0,1,0.7926829268292683,0.7926829268292683,0.05,8.529411764705882,21.0,82
1626174,2018-19,13.0,1,0.8170731707317074,0.8252032520325203,0.05,8.23076923076923,23.0,82
1626174,2019-20,62.0,1,0.7926829268292682,0.7787456445993032,0.05,4.769230769230769,24.0,72
1626174,2020-21,41.0,1,0.5747515808491418,0.4121176926054974,0.15,21.370967741935484,25.0,72
1626174,2021-22,68.0,1,0.43778229448961153,0.3919860627177701,0.25,32.34146341463415,26.0,82
1626174,2022-23,67.0,1,0.2467253839205059,0.24041811846689898,0.35,30.794117647058822,27.0,82
1626174,2023-24,50.0,1,0.2614046973803072,0.21481804103755328,0.44999999999999996,25.940298507462686,28.0,82
1626175,2016-17,25.0,1,0.8048780487804879,0.8048780487804879,0.05,3.5625,22.0,82
1626175,2017-18,23.0,1,0.75,0.7317073170731708,0.05,5.64,23.0,82
1626176,2016-17,29.0,1,0.9878048780487805,0.9878048780487805,0.15,6.0,25.0,82
1626178,2016-17,78.0,1,0.6463414634146342,0.6463414634146342,0.05,21.20689655172414,22.0,82
1626178,2017-18,68.0,1,0.34756097560975613,0.2479674796747968,0.05,22.576923076923077,23.0,82
1626178,2018-19,59.0,1,0.2886178861788618,0.20383275261324046,0.05,28.25,24.0,82
1626178,2019-20,60.0,1,0.1666666666666667,0.21602787456445996,0.15,20.915254237288135,25.0,72
1626178,2020-21,11.0,1,0.20596205962059622,0.1997677119628339,0.25,18.7,26.0,72
1626179,2016-17,74.0,1,0.524390243902439,0.524390243902439,0.05,7.9743589743589745,23.0,82
1626179,2017-18,80.0,1,0.31097560975609756,0.23983739837398374,0.05,17.06756756756757,24.0,82
1626179,2018-19,79.0,1,0.21544715447154472,0.1167247386759582,0.15,25.85,25.0,82
1626179,2019-20,63.0,1,0.05284552845528456,0.041811846689895495,0.25,22.670886075949365,26.0,72
1626179,2020-21,69.0,1,0.061991869918699205,0.08536585365853659,0.35,34.36507936507937,27.0,72
1626179,2021-22,73.0,1,0.06775067750677506,0.06475029036004644,0.44999999999999996,34.53623188405797,28.0,82
1626179,2022-23,63.0,1,0.09214092140921408,0.09247967479674794,0.5499999999999999,33.67123287671233,29.0,82
1626179,2023-24,30.0,1,0.127710027100271,0.16971544715447154,0.65,35.25396825396825,30.0,82
1626179,2024-25,64.0,1,0.1991869918699187,0.22822299651567945,0.75,35.5,31.0,82
1626181,2016-17,76.0,1,0.4024390243902439,0.4024390243902439,0.05,14.795918367346939,24.0,82
1626181,2017-18,70.0,1,0.23780487804878048,0.18292682926829265,0.15,18.0,25.0,82
1626181,2018-19,60.0,1,0.2073170731707317,0.16202090592334498,0.25,15.17142857142857,26.0,82
1626181,2019-20,52.0,1,0.16260162601626016,0.20557491289198607,0.35,18.766666666666666,27.0,72
1626181,2020-21,42.0,1,0.23080397470641376,0.25629113433991485,0.44999999999999996,28.442307692307693,28.0,72
1626181,2021-22,40.0,1,0.19591237579042456,0.14150212930700734,0.5499999999999999,30.404761904761905,29.0,82
1626181,2022-23,60.0,1,0.2568879855465221,0.30942702284165696,0.65,33.325,30.0,82
1626181,2023-24,76.0,1,0.2537262872628726,0.28818234610917537,0.75,26.116666666666667,31.0,82
1626181,2024-25,60.0,1,0.26422764227642276,0.18292682926829265,0.85,26.18421052631579,32.0,82
1626181,2025-26,58.0,1,0.2032520325203252,0.21254355400696864,0.85,32.63333333333333,33.0,82
1626184,2018-19,49.0,1,0.6829268292682926,0.6829268292682926,0.25,9.25,26.0,82
1626184,2019-20,3.0,1,0.5426829268292683,0.4959349593495935,0.35,15.16326530612245,27.0,72
1626184,2020-21,41.0,1,0.6812330623306234,0.7601626016260162,0.44999999999999996,13.333333333333334,28.0,72
1626185,2016-17,42.0,1,0.6707317073170731,0.6707317073170731,0.05,14.074074074074074,23.0,82
1626185,2017-18,73.0,1,0.5792682926829268,0.548780487804878,0.05,13.285714285714286,24.0,82
1626185,2018-19,42.0,1,0.42276422764227634,0.29790940766550517,0.15,22.753424657534246,25.0,82
1626188,2017-18,33.0,1,0.8292682926829268,0.8292682926829268,0.15,15.4,25.0,82
1626188,2018-19,74.0,1,0.7134146341463414,0.6747967479674797,0.25,22.454545454545453,26.0,82
1626188,2019-20,44.0,1,0.508130081300813,0.34494773519163763,0.35,14.31081081081081,27.0,72
1626188,2020-21,16.0,1,0.3613369467028003,0.33546264034068907,0.44999999999999996,11.545454545454545,28.0,72
1626191,2016-17,14.0,1,0.7073170731707317,0.7073170731707317,0.05,15.083333333333334,22.0,82
1626191,2017-18,19.0,1,0.7560975609756098,0.7723577235772359,0.05,5.142857142857143,23.0,82
1626192,2016-17,39.0,1,0.5853658536585367,0.5853658536585367,0.05,4.205882352941177,24.0,82
1626192,2017-18,82.0,0,0.5548780487804879,0.5447154471544716,0.15,8.102564102564102,25.0,82
1626192,2018-19,61.0,1,0.3699186991869919,0.2334494773519164,0.25,18.146341463414632,26.0,82
1626192,2019-20,67.0,1,0.2601626016260163,0.22125435540069688,0.35,20.672131147540984,27.0,72
1626192,2020-21,69.0,1,0.10851400180668473,0.11285327138985675,0.44999999999999996,18.55223880597015,28.0,72
1626192,2021-22,65.0,1,0.1224028906955736,0.08023615950445216,0.5499999999999999,22.82608695652174,29.0,82
1626192,2022-23,61.0,1,0.10614272809394758,0.14029229578010063,0.65,26.015384615384615,30.0,82
1626192,2023-24,76.0,1,0.16836043360433603,0.211527293844367,0.75,23.65573770491803,31.0,82
1626192,2024-25,41.0,1,0.17886178861788615,0.14459930313588848,0.85,22.05263157894737,32.0,82
1626192,2025-26,42.0,1,0.2764227642276423,0.343205574912892,0.85,14.707317073170731,33.0,82
1626195,2017-18,26.0,1,0.12195121951219512,0.12195121951219512,0.05,18.38888888888889,24.0,82
1626195,2018-19,58.0,1,0.2682926829268293,0.3170731707317073,0.15,8.961538461538462,25.0,82
1626195,2019-20,31.0,1,0.2764227642276423,0.30313588850174217,0.25,14.0,26.0,72
1626195,2020-21,47.0,1,0.425587172538392,0.46825396825396826,0.35,12.096774193548388,27.0,72
1626195,2021-22,50.0,1,0.4031165311653117,0.4029229578010066,0.44999999999999996,18.0,28.0,82
1626195,2022-23,38.0,1,0.4356368563685637,0.4035520712349981,0.5499999999999999,16.78,29.0,82
1626196,2016-17,53.0,1,0.36585365853658536,0.36585365853658536,0.05,21.28846153846154,23.0,82
1626196,2017-18,81.0,1,0.3597560975609756,0.35772357723577236,0.05,30.452830188679247,24.0,82
1626196,2018-19,73.0,1,0.24390243902439024,0.16027874564459932,0.15,33.20987654320987,25.0,82
1626196,2019-20,55.0,1,0.15853658536585366,0.11672473867595819,0.25,34.78082191780822,26.0,72
1626196,2020-21,59.0,1,0.11935411020776876,0.1680216802168022,0.35,30.78181818181818,27.0,72
1626196,2021-22,44.0,1,0.17547425474254744,0.18631436314363148,0.44999999999999996,30.338983050847457,28.0,82
1626196,2022-23,42.0,1,0.20799457994579948,0.20378435927216415,0.5499999999999999,24.704545454545453,29.0,82
1626196,2023-24,43.0,1,0.19839656729900632,0.20349399922570652,0.65,23.738095238095237,30.0,82
1626196,2024-25,8.0,1,0.29674796747967475,0.3606271777003484,0.75,25.651162790697676,31.0,82
1626199,2016-17,39.0,1,0.5365853658536586,0.5365853658536586,0.05,10.078947368421053,24.0,82
1626199,2017-18,14.0,1,0.5304878048780488,0.5284552845528455,0.15,9.76923076923077,25.0,82
1626202,2016-17,33.0,1,0.5,0.5,0.15,9.365853658536585,25.0,82
1626202,2017-18,53.0,1,0.5487804878048781,0.5650406504065041,0.25,4.090909090909091,26.0,82
1626203,2017-18,63.0,1,0.6707317073170731,0.6707317073170731,0.05,7.0,24.0,82
1626203,2018-19,35.0,1,0.4512195121951219,0.3780487804878048,0.15,16.666666666666668,25.0,82
1626203,2019-20,33.0,1,0.491869918699187,0.4895470383275261,0.25,20.428571428571427,26.0,72
1626204,2016-17,63.0,1,0.23170731707317072,0.23170731707317072,0.05,20.095238095238095,24.0,82
1626204,2017-18,42.0,1,0.23170731707317072,0.23170731707317072,0.15,22.88888888888889,25.0,82
1626204,2018-19,67.0,1,0.2195121951219512,0.21080139372822296,0.25,21.952380952380953,26.0,82
1626204,2019-20,56.0,1,0.2032520325203252,0.19337979094076657,0.35,26.791044776119403,27.0,72
1626204,2020-21,35.0,1,0.2000903342366757,0.20712349980642664,0.44999999999999996,26.285714285714285,28.0,72
1626204,2021-22,37.0,1,0.3063459801264679,0.3832752613240418,0.5499999999999999,31.17142857142857,29.0,82
1626204,2022-23,65.0,1,0.3917118337850045,0.42944250871080136,0.65,23.216216216216218,30.0,82
1626204,2023-24,61.0,1,0.38674345076784095,0.3173151374370886,0.75,21.246153846153845,31.0,82
1626204,2024-25,24.0,1,0.30081300813008127,0.26829268292682923,0.85,19.934426229508198,32.0,82
1626204,2025-26,35.0,1,0.39024390243902435,0.5069686411149826,0.85,19.291666666666668,33.0,82
1626209,2016-17,65.0,1,0.03658536585365857,0.03658536585365857,0.05,17.88607594936709,22.0,82
1626209,2017-18,75.0,1,0.12195121951219512,0.15040650406504064,0.05,14.76923076923077,23.0,82
1626209,2018-19,58.0,1,0.1097560975609756,0.11324041811846687,0.05,22.093333333333334,24.0,82
1626209,2019-20,53.0,1,0.19512195121951217,0.22125435540069688,0.15,20.79310344827586,25.0,72
1626210,2016-17,47.0,1,0.8780487804878049,0.8780487804878049,0.05,6.8,24.0,82
1626210,2017-18,5.0,1,0.6524390243902439,0.5772357723577236,0.15,15.063829787234043,25.0,82
1626210,2018-19,5.0,1,0.7479674796747967,0.78397212543554,0.25,14.0,26.0,82
1626220,2018-19,82.0,0,0.1585365853658537,0.1585365853658537,0.25,16.666666666666668,26.0,82
1626220,2019-20,71.0,1,0.07926829268292684,0.05284552845528456,0.35,20.378048780487806,27.0,72
1626220,2020-21,71.0,1,0.05747515808491418,0.030584591560201293,0.44999999999999996,28.859154929577464,28.0,72
1626220,2021-22,77.0,1,0.009259259259259226,0.011904761904761862,0.5499999999999999,31.549295774647888,29.0,82
1626220,2022-23,76.0,1,0.029584462511291765,0.040795586527293856,0.65,31.246753246753247,30.0,82
1626220,2023-24,49.0,1,0.04934507678410116,0.061217576461478886,0.75,31.69736842105263,31.0,82
1626220,2024-25,75.0,1,0.05691056910569107,0.05052264808362371,0.85,24.53061224489796,32.0,82
1626220,2025-26,78.0,1,0.06504065040650404,0.06968641114982577,0.85,24.493333333333332,33.0,82
1626224,2018-19,76.0,1,0.25609756097560976,0.25609756097560976,0.05,11.032786885245901,24.0,82
1626224,2019-20,65.0,1,0.1646341463414634,0.13414634146341461,0.15,32.1578947368421,25.0,72
1626224,2020-21,59.0,1,0.142163504968383,0.11304684475416181,0.25,29.384615384615383,26.0,72
1626224,2021-22,66.0,1,0.1169828364950316,0.14140534262485482,0.35,25.610169491525422,27.0,82
1626224,2022-23,77.0,1,0.15763324299909665,0.17697444831591172,0.44999999999999996,22.151515151515152,28.0,82
1626224,2023-24,72.0,1,0.14555103884372178,0.11638598528842434,0.5499999999999999,20.103896103896105,29.0,82
1626242,2017-18,2.0,1,0.8536585365853658,0.8536585365853658,0.15,3.5,25.0,82
1626245,2016-17,66.0,1,0.6219512195121951,0.6219512195121951,0.05,10.35483870967742,24.0,82
1626245,2017-18,55.0,1,0.40853658536585363,0.33739837398373984,0.15,15.757575757575758,25.0,82
1626245,2018-19,60.0,1,0.38211382113821135,0.3327526132404181,0.25,17.763636363636362,26.0,82
1626245,2019-20,22.0,1,0.26422764227642276,0.27526132404181186,0.35,12.433333333333334,27.0,72
1626245,2020-21,18.0,1,0.4306684733514001,0.5205187766163376,0.44999999999999996,17.545454545454547,28.0,72
1626246,2016-17,35.0,1,0.3414634146341463,0.3414634146341463,0.44999999999999996,9.407407407407407,28.0,82
1626246,2017-18,19.0,1,0.4573170731707317,0.4959349593495935,0.5499999999999999,8.371428571428572,29.0,82
1626246,2018-19,36.0,1,0.4796747967479675,0.5121951219512195,0.65,9.0,30.0,82
1626246,2019-20,44.0,1,0.4634146341463415,0.39895470383275267,0.75,10.444444444444445,31.0,72
1626246,2020-21,33.0,1,0.4019873532068654,0.38075880758807584,0.85,9.590909090909092,32.0,72
1626246,2021-22,23.0,1,0.4077461607949413,0.46244676732481615,0.85,8.212121212121213,33.0,82
1626246,2022-23,31.0,1,0.5500225835591689,0.6214672861014324,0.85,5.565217391304348,34.0,82
1626246,2023-24,14.0,1,0.627710027100271,0.6383565621370499,0.85,5.516129032258065,35.0,82
1626253,2016-17,2.0,1,0.7439024390243902,0.7439024390243902,0.05,14.523809523809524,24.0,82
1626253,2020-21,8.0,1,0.8475609756097561,0.8821138211382115,0.44999999999999996,3.0,28.0,72
1626257,2016-17,73.0,1,0.5853658536585367,0.5853658536585367,0.75,11.676470588235293,31.0,82
1626257,2017-18,61.0,1,0.34756097560975613,0.2682926829268293,0.85,12.397260273972602,32.0,82
1626257,2018-19,36.0,1,0.3170731707317073,0.2613240418118467,0.85,11.950819672131148,33.0,82
1626259,2018-19,10.0,1,0.8170731707317074,0.8170731707317074,0.25,8.4,26.0,82
1626259,2019-20,28.0,1,0.8475609756097562,0.8577235772357724,0.35,6.7,27.0,72
1626273,2016-17,23.0,1,0.35365853658536583,0.35365853658536583,0.85,16.39622641509434,34.0,82
1626780,2017-18,4.0,1,0.7926829268292683,0.7926829268292683,0.65,13.588235294117647,30.0,82
1627098,2017-18,54.0,1,0.1097560975609756,0.1097560975609756,0.5499999999999999,17.095890410958905,29.0,82
1627215,2018-19,6.0,1,0.9390243902439024,0.9390243902439024,0.25,7.0,26.0,82
1627362,2016-17,7.0,1,0.9146341463414634,0.9146341463414634,0.05,27.666666666666668,24.0,82
1627362,2017-18,13.0,1,0.8353658536585367,0.8089430894308943,0.15,6.571428571428571,25.0,82
1627732,2018-19,79.0,1,0.012195121951219523,0.012195121951219523,0.05,33.72839506172839,22.0,82
1627732,2019-20,57.0,1,0.024390243902439046,0.028455284552845555,0.05,34.177215189873415,23.0,72
1627732,2020-21,58.0,1,0.08570460704607048,0.1312427409988386,0.05,35.3859649122807,24.0,72
1627732,2022-23,42.0,1,0.1464543812104788,0.17586140147115756,0.25,32.36206896551724,26.0,82
1627732,2023-24,15.0,1,0.2968608852755194,0.36406310491676347,0.35,26.30952380952381,27.0,82
1627732,2024-25,33.0,1,0.49977416440831074,0.6340495547812621,0.44999999999999996,23.933333333333334,28.0,82
1627733,2017-18,82.0,0,0.47560975609756095,0.47560975609756095,0.05,13.348837209302326,20.0,82
1627733,2018-19,46.0,1,0.23780487804878048,0.15853658536585366,0.05,25.23170731707317,21.0,82
1627733,2019-20,7.0,1,0.3048780487804878,0.31881533101045295,0.05,17.956521739130434,22.0,72
1627734,2017-18,74.0,1,0.012195121951219523,0.012195121951219523,0.05,20.135802469135804,22.0,82
1627734,2018-19,74.0,1,0.0548780487804878,0.06910569105691056,0.05,24.45945945945946,23.0,82
1627734,2019-20,62.0,1,0.06910569105691056,0.08536585365853656,0.05,24.83783783783784,24.0,72
1627734,2020-21,62.0,1,0.11133694670280032,0.12117692605497479,0.15,34.82258064516129,25.0,72
1627734,2021-22,47.0,1,0.12511291779584457,0.13298490127758417,0.25,35.983870967741936,26.0,82
1627734,2022-23,79.0,1,0.17389340560072264,0.19889663182346107,0.35,34.723404255319146,27.0,82
1627734,2023-24,82.0,0,0.13979223125564588,0.11043360433604336,0.44999999999999996,34.63291139240506,28.0,82
1627734,2024-25,70.0,1,0.0934959349593496,0.04529616724738677,0.5499999999999999,35.707317073170735,29.0,82
1627734,2025-26,19.0,1,0.06097560975609758,0.0888501742160279,0.65,34.7,30.0,82
1627735,2017-18,7.0,1,0.5975609756097561,0.5975609756097561,0.05,12.272727272727273,22.0,82
1627735,2018-19,16.0,1,0.7560975609756098,0.8089430894308943,0.05,11.428571428571429,23.0,82
1627736,2017-18,62.0,1,0.7317073170731707,0.7317073170731707,0.05,7.5,21.0,82
1627736,2018-19,81.0,1,0.4878048780487805,0.4065040650406504,0.05,9.403225806451612,22.0,82
1627736,2019-20,41.0,1,0.32926829268292684,0.18118466898954705,0.05,23.19753086419753,23.0,72
1627736,2020-21,37.0,1,0.1640695573622403,0.17324816105303914,0.05,18.195121951219512,24.0,72
1627736,2021-22,79.0,1,0.24480578139114728,0.3469802555168409,0.15,32.810810810810814,25.0,82
1627736,2022-23,55.0,1,0.2529358626919603,0.1935249709639954,0.25,25.0126582278481,26.0,82
1627736,2023-24,79.0,1,0.17829719963866308,0.08686604723190092,0.35,26.763636363636362,27.0,82
1627736,2024-25,82.0,0,0.028455284552845555,0.029616724738675985,0.44999999999999996,29.582278481012658,28.0,82
1627737,2017-18,72.0,1,0.0,0.0,0.05,21.25609756097561,20.0,82
1627737,2018-19,16.0,1,0.06097560975609756,0.08130081300813008,0.05,21.208333333333332,21.0,82
1627737,2019-20,59.0,1,0.1991869918699187,0.3066202090592335,0.05,6.5,22.0,72
1627737,2020-21,2.0,1,0.2593721770551039,0.25648470770421994,0.05,20.271186440677965,23.0,72
1627737,2021-22,34.0,1,0.5427958446251129,0.6750871080139372,0.05,13.5,24.0,82
1627738,2017-18,62.0,1,0.5609756097560976,0.5609756097560976,0.05,6.611111111111111,21.0,82
1627738,2018-19,9.0,1,0.4024390243902439,0.34959349593495936,0.05,15.209677419354838,22.0,82
1627739,2017-18,52.0,1,0.04878048780487809,0.04878048780487809,0.05,17.08974358974359,24.0,82
1627739,2018-19,46.0,1,0.20731707317073172,0.2601626016260163,0.15,29.326923076923077,25.0,82
1627739,2019-20,51.0,1,0.2845528455284553,0.36236933797909404,0.25,30.195652173913043,26.0,72
1627739,2020-21,4.0,1,0.36551490514905144,0.34436701509872236,0.35,24.88235294117647,27.0,72
1627739,2021-22,14.0,1,0.5583785004516711,0.6857336430507163,0.44999999999999996,11.25,28.0,82
1627739,2022-23,22.0,1,0.6884598012646793,0.7853755323267518,0.5499999999999999,24.0,29.0,82
1627739,2023-24,66.0,1,0.8351400180668472,0.7899728997289973,0.65,25.818181818181817,30.0,82
1627739,2024-25,74.0,1,0.5853658536585366,0.4390243902439024,0.75,18.924242424242426,31.0,82
1627739,2025-26,82.0,0,0.34146341463414637,0.2160278745644599,0.85,24.094594594594593,32.0,82
1627740,2017-18,38.0,1,0.7682926829268293,0.7682926829268293,0.05,7.684210526315789,21.0,82
1627740,2018-19,2.0,1,0.6524390243902439,0.6138211382113822,0.05,8.657894736842104,22.0,82
1627740,2019-20,5.0,1,0.6910569105691057,0.7020905923344948,0.05,12.5,23.0,72
1627740,2020-21,2.0,1,0.7451445347786811,0.8279132791327913,0.05,3.0,24.0,72
1627741,2017-18,80.0,1,0.0,0.0,0.15,20.36842105263158,25.0,82
1627741,2018-19,82.0,0,0.012195121951219523,0.016260162601626032,0.25,25.3,26.0,82
1627741,2019-20,72.0,0,0.008130081300813016,0.0069686411149825845,0.35,31.890243902439025,27.0,72
1627741,2020-21,71.0,1,0.008130081300813016,0.0034843205574912922,0.44999999999999996,30.77777777777778,28.0,72
1627741,2021-22,55.0,1,0.004629629629629613,0.007936507936507908,0.5499999999999999,34.267605633802816,29.0,82
1627741,2022-23,80.0,1,0.00869467028003612,0.01093689508323654,0.65,28.618181818181817,30.0,82
1627741,2023-24,52.0,1,0.016824751580849135,0.01940572977158344,0.75,31.025,31.0,82
1627741,2024-25,82.0,0,0.012195121951219523,0.008710801393728231,0.85,25.692307692307693,32.0,82
1627741,2025-26,44.0,1,0.008130081300813016,0.0034843205574912922,0.85,22.71951219512195,33.0,82
1627742,2017-18,59.0,1,0.03658536585365857,0.03658536585365857,0.05,28.848101265822784,20.0,82
1627742,2018-19,52.0,1,0.1585365853658537,0.19918699186991873,0.05,33.47457627118644,21.0,82
1627742,2019-20,62.0,1,0.22764227642276424,0.29442508710801396,0.05,33.86538461538461,22.0,72
1627742,2020-21,61.0,1,0.261743450767841,0.22396438250096784,0.05,33.91935483870968,23.0,72
1627742,2021-22,55.0,1,0.21917344173441733,0.1792489353464963,0.05,34.295081967213115,24.0,82
1627742,2022-23,45.0,1,0.2069783197831978,0.25164537359659306,0.15,33.981818181818184,25.0,82
1627742,2023-24,64.0,1,0.31108852755194216,0.37374177313201695,0.25,34.17777777777778,26.0,82
1627742,2024-25,18.0,1,0.3333333333333333,0.3013937282229965,0.35,32.859375,27.0,82
1627742,2025-26,77.0,1,0.48373983739837395,0.573170731707317,0.44999999999999996,33.05555555555556,28.0,82
1627743,2017-18,12.0,1,0.9390243902439024,0.9390243902439024,0.05,3.4,23.0,82
1627743,2018-19,6.0,1,0.8780487804878049,0.8577235772357724,0.05,5.25,24.0,82
1627744,2017-18,9.0,1,0.9634146341463414,0.9634146341463414,0.05,3.0,24.0,82
1627745,2017-18,15.0,1,0.8780487804878049,0.8780487804878049,0.05,8.5,23.0,82
1627745,2018-19,24.0,1,0.8475609756097562,0.8373983739837398,0.05,5.933333333333334,24.0,82
1627745,2019-20,55.0,1,0.8008130081300813,0.7630662020905923,0.15,17.083333333333332,25.0,72
1627745,2020-21,14.0,1,0.5868337850045168,0.4537359659310879,0.25,16.12727272727273,26.0,72
1627745,2021-22,56.0,1,0.4672538392050587,0.4304103755323268,0.35,6.714285714285714,27.0,82
1627745,2022-23,22.0,1,0.3371725383920506,0.3458672086720867,0.44999999999999996,18.160714285714285,28.0,82
1627745,2023-24,39.0,1,0.42513550135501355,0.44178281068524966,0.5499999999999999,8.0,29.0,82
1627746,2017-18,60.0,1,0.5975609756097561,0.5975609756097561,0.05,18.545454545454547,22.0,82
1627746,2018-19,13.0,1,0.4329268292682927,0.37804878048780494,0.05,20.666666666666668,23.0,82
1627746,2019-20,33.0,1,0.5325203252032521,0.5801393728222995,0.05,8.692307692307692,24.0,72
1627746,2024-25,4.0,1,0.513888888888889,0.556910569105691,0.5499999999999999,17.181818181818183,29.0,82
1627746,2025-26,3.0,1,0.7415311653116531,0.8028455284552846,0.5499999999999999,3.0,29.0,82
1627747,2017-18,71.0,1,0.30487804878048785,0.30487804878048785,0.05,21.70175438596491,23.0,82
1627747,2018-19,40.0,1,0.21951219512195125,0.1910569105691057,0.05,26.253521126760564,24.0,82
1627747,2019-20,45.0,1,0.3170731707317073,0.3745644599303136,0.15,26.575,25.0,72
1627747,2020-21,12.0,1,0.3404471544715448,0.37979094076655057,0.25,29.555555555555557,26.0,72
1627747,2021-22,39.0,1,0.41147244805781397,0.3787262872628726,0.35,27.833333333333332,27.0,82
1627747,2022-23,74.0,1,0.33830171635049683,0.3200251645373597,0.44999999999999996,31.128205128205128,28.0,82
1627747,2023-24,68.0,1,0.24582204155374887,0.18897599690282618,0.5499999999999999,30.22972972972973,29.0,82
1627747,2024-25,38.0,1,0.1869918699186992,0.1672473867595819,0.65,28.794117647058822,30.0,82
1627747,2025-26,60.0,1,0.16260162601626016,0.1881533101045296,0.75,23.789473684210527,31.0,82
1627748,2017-18,74.0,1,0.30487804878048785,0.30487804878048785,0.05,9.859649122807017,21.0,82
1627748,2018-19,35.0,1,0.20121951219512196,0.16666666666666666,0.05,16.72972972972973,22.0,82
1627748,2019-20,60.0,1,0.2073170731707317,0.19686411149825783,0.05,11.685714285714285,23.0,72
1627748,2020-21,8.0,1,0.16124661246612462,0.17189314750290358,0.05,12.933333333333334,24.0,72
1627749,2017-18,81.0,1,0.5365853658536586,0.5365853658536586,0.05,8.473684210526315,21.0,82
1627749,2019-20,66.0,1,0.27439024390243905,0.1869918699186992,0.05,21.51851851851852,23.0,72
1627749,2020-21,67.0,1,0.2107046070460705,0.1277584204413473,0.05,25.560606060606062,24.0,72
1627749,2021-22,68.0,1,0.054990966576332435,0.06523422377080913,0.15,31.925373134328357,25.0,82
1627749,2022-23,74.0,1,0.107836495031617,0.12930700735578787,0.25,34.794117647058826,26.0,82
1627749,2023-24,78.0,1,0.11257904245709123,0.11445025164537359,0.35,36.391891891891895,27.0,82
1627749,2024-25,31.0,1,0.10569105691056913,0.08013937282229967,0.44999999999999996,35.67948717948718,28.0,82
1627749,2025-26,14.0,1,0.25609756097560976,0.3832752613240418,0.5499999999999999,32.645161290322584,29.0,82
1627750,2017-18,81.0,1,0.0,0.0,0.05,21.524390243902438,21.0,82
1627750,2018-19,75.0,1,0.0060975609756097615,0.008130081300813016,0.05,31.666666666666668,22.0,82
1627750,2019-20,59.0,1,0.03252032520325202,0.05226480836236932,0.05,32.626666666666665,23.0,72
1627750,2020-21,48.0,1,0.09270551038843722,0.12930700735578785,0.05,32.271186440677965,24.0,72
1627750,2022-23,65.0,1,0.19975158084914182,0.2542586140147116,0.25,35.5,26.0,82
1627750,2023-24,59.0,1,0.24040198735320686,0.23949864498644985,0.35,32.815384615384616,27.0,82
1627750,2024-25,67.0,1,0.27371273712737126,0.26713124274099886,0.44999999999999996,31.54237288135593,28.0,82
1627750,2025-26,75.0,1,0.22357723577235775,0.21428571428571433,0.5499999999999999,36.08955223880597,29.0,82
1627751,2017-18,82.0,0,0.3414634146341463,0.3414634146341463,0.05,11.592592592592593,22.0,82
1627751,2018-19,77.0,1,0.17073170731707316,0.11382113821138211,0.05,18.585365853658537,23.0,82
1627751,2019-20,66.0,1,0.13414634146341464,0.08362369337979096,0.05,16.532467532467532,24.0,72
1627751,2020-21,69.0,1,0.04810298102981033,0.0650406504065041,0.15,17.742424242424242,25.0,72
1627751,2021-22,68.0,1,0.061991869918699205,0.05632984901277584,0.25,26.73913043478261,26.0,82
1627751,2022-23,46.0,1,0.09857723577235773,0.12137049941927992,0.35,28.970588235294116,27.0,82
1627751,2023-24,50.0,1,0.11144986449864498,0.12441927990708479,0.44999999999999996,26.065217391304348,28.0,82
1627751,2024-25,57.0,1,0.22764227642276424,0.28222996515679444,0.5499999999999999,26.38,29.0,82
1627751,2025-26,46.0,1,0.2723577235772358,0.30313588850174217,0.65,29.57894736842105,30.0,82
1627752,2017-18,82.0,0,0.2804878048780488,0.2804878048780488,0.05,16.627118644067796,24.0,82
1627752,2018-19,55.0,1,0.1402439024390244,0.0934959349593496,0.15,30.048780487804876,25.0,82
1627752,2019-20,64.0,1,0.2032520325203252,0.22822299651567943,0.25,28.21818181818182,26.0,72
1627752,2020-21,12.0,1,0.14679313459801266,0.15756871854432833,0.35,29.015625,27.0,72
1627752,2021-22,69.0,1,0.2903116531165312,0.3248161053039102,0.44999999999999996,18.166666666666668,28.0,82
1627752,2022-23,54.0,1,0.23340108401084014,0.22948122338366245,0.5499999999999999,17.057971014492754,29.0,82
1627752,2023-24,78.0,1,0.3101851851851852,0.30192605497483543,0.65,22.09259259259259,30.0,82
1627752,2024-25,80.0,1,0.1829268292682927,0.1480836236933798,0.75,27.025641025641026,31.0,82
1627752,2025-26,26.0,1,0.13821138211382114,0.07665505226480838,0.85,27.075,32.0,82
1627753,2018-19,1.0,1,0.7804878048780488,0.7804878048780488,0.05,6.888888888888889,23.0,82
1627755,2017-18,71.0,1,0.25609756097560976,0.25609756097560976,0.05,18.40983606557377,22.0,82
1627755,2018-19,1.0,1,0.1951219512195122,0.17479674796747968,0.05,23.35211267605634,23.0,82
1627756,2017-18,77.0,1,0.30487804878048785,0.30487804878048785,0.05,17.140350877192983,24.0,82
1627756,2019-20,36.0,1,0.18292682926829273,0.1422764227642277,0.25,27.207792207792206,26.0,72
1627756,2020-21,62.0,1,0.2886178861788618,0.34668989547038326,0.35,13.555555555555555,27.0,72
1627756,2021-22,22.0,1,0.23328816621499548,0.23093302361595042,0.44999999999999996,16.70967741935484,28.0,82
1627758,2017-18,29.0,1,0.36585365853658536,0.36585365853658536,0.15,16.48076923076923,25.0,82
1627758,2018-19,11.0,1,0.5060975609756098,0.5528455284552846,0.25,13.275862068965518,26.0,82
1627759,2017-18,70.0,1,0.04878048780487809,0.04878048780487809,0.05,17.192307692307693,21.0,82
1627759,2018-19,74.0,1,0.09756097560975613,0.11382113821138214,0.05,30.742857142857144,22.0,82
1627759,2019-20,57.0,1,0.09756097560975611,0.10452961672473868,0.05,25.85135135135135,23.0,72
1627759,2020-21,58.0,1,0.15074525745257453,0.1678281068524971,0.05,33.92982456140351,24.0,72
1627759,2021-22,66.0,1,0.1667795844625113,0.18457220286488576,0.15,34.46551724137931,25.0,82
1627759,2022-23,67.0,1,0.1992999096657633,0.19681571815718155,0.25,33.63636363636363,26.0,82
1627759,2023-24,70.0,1,0.19083107497741644,0.18805652342237708,0.35,35.8955223880597,27.0,82
1627759,2024-25,63.0,1,0.17479674796747968,0.1637630662020906,0.44999999999999996,33.47142857142857,28.0,82
1627759,2025-26,71.0,1,0.1869918699186992,0.20034843205574912,0.5499999999999999,34.25396825396825,29.0,82
1627761,2017-18,26.0,1,0.5365853658536586,0.5365853658536586,0.05,9.763157894736842,23.0,82
1627761,2018-19,82.0,0,0.6097560975609756,0.6341463414634146,0.05,17.5,24.0,82
1627761,2019-20,43.0,1,0.4065040650406504,0.27177700348432055,0.15,23.548780487804876,25.0,72
1627761,2020-21,51.0,1,0.3619015356820235,0.3277197057684863,0.25,21.27906976744186,26.0,72
1627761,2021-22,48.0,1,0.23148148148148148,0.28174603174603174,0.35,19.058823529411764,27.0,82
1627762,2017-18,6.0,1,0.8536585365853658,0.8536585365853658,0.05,4.416666666666667,24.0,82
1627763,2017-18,48.0,1,0.08536585365853655,0.08536585365853655,0.15,26.426666666666666,25.0,82
1627763,2018-19,64.0,1,0.25,0.3048780487804878,0.25,29.916666666666668,26.0,82
1627763,2019-20,54.0,1,0.23983739837398374,0.2560975609756097,0.35,28.625,27.0,72
1627763,2020-21,56.0,1,0.29471544715447157,0.26480836236933797,0.44999999999999996,30.85185185185185,28.0,72
1627763,2021-22,36.0,1,0.23057813911472447,0.22977158343012,0.5499999999999999,34.464285714285715,29.0,82
1627763,2022-23,67.0,1,0.34439927732610665,0.4197638404955479,0.65,33.5,30.0,82
1627763,2023-24,39.0,1,0.32204155374887083,0.29655439411536977,0.75,26.029850746268657,31.0,82
1627763,2024-25,24.0,1,0.4227642276422765,0.4320557491289199,0.85,28.743589743589745,32.0,82
1627767,2017-18,52.0,1,0.7926829268292683,0.7926829268292683,0.05,11.705882352941176,21.0,82
1627767,2018-19,64.0,1,0.5792682926829269,0.508130081300813,0.05,11.173076923076923,22.0,82
1627767,2019-20,47.0,1,0.4593495934959349,0.343205574912892,0.05,14.0,23.0,72
1627767,2021-22,3.0,1,0.3108626919602529,0.3133952768099109,0.15,10.191489361702128,25.0,82
1627770,2017-18,14.0,1,0.4878048780487805,0.4878048780487805,0.05,9.19047619047619,23.0,82
1627772,2018-19,19.0,1,0.926829268292683,0.926829268292683,0.05,4.666666666666667,23.0,82
1627774,2017-18,35.0,1,0.5731707317073171,0.5731707317073171,0.05,7.114285714285714,24.0,82
1627774,2018-19,71.0,1,0.5731707317073171,0.5731707317073171,0.15,4.571428571428571,25.0,82
1627774,2019-20,23.0,1,0.42682926829268303,0.32229965156794427,0.25,18.690140845070424,26.0,72
1627774,2020-21,45.0,1,0.4626242095754291,0.5090979481223384,0.35,21.956521739130434,27.0,72
1627774,2021-22,34.0,1,0.39656729900632337,0.4278939217963608,0.44999999999999996,13.933333333333334,28.0,82
1627775,2017-18,57.0,1,0.13414634146341464,0.13414634146341464,0.05,15.126760563380282,22.0,82
1627775,2018-19,3.0,1,0.21951219512195125,0.2479674796747968,0.05,16.859649122807017,23.0,82
1627775,2019-20,37.0,1,0.3617886178861789,0.475609756097561,0.05,17.666666666666668,24.0,72
1627775,2020-21,5.0,1,0.4791102077687444,0.5060007742934572,0.15,24.54054054054054,25.0,72
1627777,2017-18,9.0,1,0.7195121951219512,0.7195121951219512,0.15,4.043478260869565,25.0,82
1627777,2018-19,59.0,1,0.8048780487804879,0.8333333333333334,0.25,3.5555555555555554,26.0,82
1627777,2019-20,66.0,1,0.6300813008130082,0.5174216027874564,0.35,8.745762711864407,27.0,72
1627777,2020-21,72.0,0,0.4180216802168022,0.25493612078977934,0.44999999999999996,13.984848484848484,28.0,72
1627777,2021-22,76.0,1,0.12127371273712739,0.06387921022067365,0.5499999999999999,16.02777777777778,29.0,82
1627777,2022-23,78.0,1,0.0521680216802168,0.05371660859465736,0.65,22.842105263157894,30.0,82
1627777,2023-24,82.0,0,0.04065040650406504,0.04878048780487806,0.75,19.384615384615383,31.0,82
1627777,2024-25,51.0,1,0.04065040650406504,0.02439024390243903,0.85,22.329268292682926,32.0,82
1627778,2017-18,1.0,1,0.9390243902439024,0.9390243902439024,0.05,10.4,21.0,82
1627780,2017-18,12.0,1,0.926829268292683,0.926829268292683,0.15,16.5,25.0,82
1627780,2018-19,3.0,1,0.8231707317073171,0.7886178861788617,0.25,8.833333333333334,26.0,82
1627780,2019-20,29.0,1,0.8699186991869919,0.8885017421602788,0.35,5.333333333333333,27.0,72
1627780,2020-21,10.0,1,0.7600496838301716,0.719318621757646,0.44999999999999996,14.89655172413793,28.0,72
1627780,2021-22,71.0,1,0.807249322493225,0.8003290747193186,0.5499999999999999,4.0,29.0,82
1627780,2022-23,15.0,1,0.5308265582655827,0.40800425861401474,0.65,17.577464788732396,30.0,82
1627780,2023-24,44.0,1,0.5756549232158988,0.5794618660472318,0.75,17.0,31.0,82
1627780,2024-25,62.0,1,0.4430894308943089,0.4930313588850174,0.85,15.454545454545455,32.0,82
1627780,2025-26,73.0,1,0.4796747967479675,0.3763066202090592,0.85,14.951612903225806,33.0,82
1627781,2017-18,25.0,1,0.7317073170731707,0.7317073170731707,0.05,9.0,22.0,82
1627781,2018-19,22.0,1,0.7073170731707317,0.6991869918699187,0.05,12.76,23.0,82
1627782,2017-18,35.0,1,0.8292682926829268,0.8292682926829268,0.05,15.666666666666666,23.0,82
1627782,2018-19,32.0,1,0.7012195121951219,0.6585365853658537,0.05,19.742857142857144,24.0,82
1627782,2021-22,3.0,1,0.4959349593495935,0.3310104529616725,0.35,14.21875,27.0,82
1627783,2017-18,81.0,1,0.3292682926829268,0.3292682926829268,0.05,15.618181818181819,24.0,82
1627783,2018-19,80.0,1,0.17073170731707316,0.11788617886178861,0.15,20.728395061728396,25.0,82
1627783,2019-20,60.0,1,0.12195121951219512,0.06445993031358886,0.25,31.85,26.0,72
1627783,2020-21,56.0,1,0.06775067750677506,0.10394889663182345,0.35,35.166666666666664,27.0,72
1627783,2021-22,68.0,1,0.13775971093044262,0.17808749516066588,0.44999999999999996,35.82142857142857,28.0,82
1627783,2022-23,71.0,1,0.18654019873532068,0.18486256291134343,0.5499999999999999,37.911764705882355,29.0,82
1627783,2023-24,39.0,1,0.1757000903342367,0.15718157181571815,0.65,37.352112676056336,30.0,82
1627783,2024-25,78.0,1,0.10975609756097564,0.07665505226480838,0.75,34.717948717948715,31.0,82
1627783,2025-26,62.0,1,0.0691056910569106,0.05400696864111502,0.85,32.666666666666664,32.0,82
1627784,2019-20,4.0,1,0.8902439024390244,0.8902439024390244,0.35,12.777777777777779,27.0,72
1627785,2017-18,16.0,1,0.1097560975609756,0.1097560975609756,0.05,22.506849315068493,23.0,82
1627786,2017-18,4.0,1,0.6341463414634146,0.6341463414634146,0.05,17.416666666666668,23.0,82
1627786,2018-19,21.0,1,0.6890243902439024,0.7073170731707318,0.05,4.25,24.0,82
1627788,2018-19,48.0,1,0.8292682926829268,0.8292682926829268,0.05,5.714285714285714,21.0,82
1627788,2019-20,72.0,0,0.6219512195121951,0.5528455284552846,0.05,14.145833333333334,22.0,72
1627788,2020-21,55.0,1,0.4146341463414634,0.2369337979094077,0.05,21.65277777777778,23.0,72
1627788,2021-22,67.0,1,0.21691508581752486,0.19415408439798684,0.05,19.30909090909091,24.0,82
1627788,2022-23,37.0,1,0.1396793134598013,0.17198993418505618,0.15,21.104477611940297,25.0,82
1627788,2023-24,35.0,1,0.322606142728094,0.3995838172667442,0.25,9.54054054054054,26.0,82
1627789,2017-18,52.0,1,0.1585365853658537,0.1585365853658537,0.05,17.246376811594203,23.0,82
1627789,2018-19,21.0,1,0.2621951219512195,0.2967479674796748,0.05,15.51923076923077,24.0,82
1627789,2019-20,47.0,1,0.3048780487804878,0.35017421602787463,0.15,5.857142857142857,25.0,72
1627789,2020-21,58.0,1,0.36777326106594393,0.362175764614789,0.25,18.148936170212767,26.0,72
1627789,2021-22,52.0,1,0.3106368563685637,0.26606658923732096,0.35,18.103448275862068,27.0,82
1627790,2018-19,59.0,1,0.6097560975609756,0.6097560975609756,0.05,6.6875,22.0,82
1627790,2019-20,22.0,1,0.4451219512195122,0.39024390243902446,0.05,18.338983050847457,23.0,72
1627812,2017-18,82.0,0,0.4390243902439024,0.4390243902439024,0.15,15.1,25.0,82
1627812,2018-19,71.0,1,0.2195121951219512,0.14634146341463414,0.25,27.829268292682926,26.0,82
1627812,2019-20,50.0,1,0.19105691056910568,0.13937282229965156,0.35,15.028169014084508,27.0,72
1627812,2020-21,2.0,1,0.1465672990063234,0.2129307007355788,0.44999999999999996,10.6,28.0,72
1627814,2018-19,32.0,1,0.8170731707317074,0.8170731707317074,0.25,26.933333333333334,26.0,82
1627814,2019-20,49.0,1,0.7134146341463414,0.6788617886178862,0.35,11.71875,27.0,72
1627814,2020-21,57.0,1,0.5820912375790425,0.47348044909020526,0.44999999999999996,29.040816326530614,28.0,72
1627814,2021-22,63.0,1,0.37917795844625113,0.2974254742547426,0.5499999999999999,18.92982456140351,29.0,82
1627814,2022-23,74.0,1,0.2531616982836495,0.23756291134339916,0.65,19.952380952380953,30.0,82
1627814,2024-25,25.0,1,0.17920054200542004,0.1517131242740999,0.85,20.35135135135135,32.0,82
1627816,2017-18,25.0,1,0.926829268292683,0.926829268292683,0.05,26.166666666666668,24.0,82
1627816,2018-19,21.0,1,0.8109756097560976,0.7723577235772358,0.15,4.16,25.0,82
1627817,2017-18,3.0,1,0.8048780487804879,0.8048780487804879,0.05,5.0,23.0,82
1627819,2017-18,67.0,1,0.9512195121951219,0.9512195121951219,0.05,13.0,23.0,82
1627820,2018-19,62.0,1,0.6341463414634146,0.6341463414634146,0.15,28.366666666666667,25.0,82
1627820,2019-20,14.0,1,0.43902439024390244,0.3739837398373984,0.25,10.129032258064516,26.0,72
1627820,2021-22,6.0,1,0.5612014453477868,0.6205962059620597,0.44999999999999996,11.428571428571429,28.0,82
1627823,2017-18,25.0,1,0.24390243902439024,0.24390243902439024,0.05,13.580645161290322,22.0,82
1627823,2018-19,70.0,1,0.4695121951219512,0.5447154471544715,0.05,11.08,23.0,82
1627823,2019-20,34.0,1,0.3617886178861789,0.3170731707317073,0.05,19.4,24.0,72
1627823,2020-21,52.0,1,0.3915989159891599,0.3315911730545877,0.15,12.411764705882353,25.0,72
1627823,2021-22,18.0,1,0.25248419150858176,0.2748741773132017,0.25,17.307692307692307,26.0,82
1627823,2022-23,42.0,1,0.3744354110207769,0.41966705381339525,0.35,5.333333333333333,27.0,82
1627824,2018-19,41.0,1,0.5975609756097561,0.5975609756097561,0.05,7.121212121212121,23.0,82
1627824,2024-25,70.0,1,0.5487804878048781,0.5325203252032521,0.5499999999999999,6.121951219512195,29.0,82
1627824,2025-26,41.0,1,0.4146341463414634,0.31184668989547043,0.65,27.071428571428573,30.0,82
1627826,2017-18,43.0,1,0.5365853658536586,0.5365853658536586,0.05,16.026315789473685,21.0,82
1627826,2018-19,33.0,1,0.5060975609756098,0.4959349593495935,0.05,9.534883720930232,22.0,82
1627826,2019-20,72.0,0,0.43089430894308944,0.37282229965156793,0.05,15.636363636363637,23.0,72
1627826,2020-21,72.0,0,0.25203252032520324,0.1480836236933798,0.05,18.416666666666668,24.0,72
1627826,2021-22,76.0,1,0.0934959349593496,0.04006968641114983,0.15,22.34722222222222,25.0,82
1627826,2022-23,76.0,1,0.024390243902439008,0.041811846689895446,0.25,24.36842105263158,26.0,82
1627826,2023-24,68.0,1,0.048780487804878016,0.06271777003484316,0.35,28.539473684210527,27.0,82
1627826,2024-25,80.0,1,0.10569105691056908,0.1289198606271777,0.44999999999999996,26.397058823529413,28.0,82
1627826,2025-26,43.0,1,0.08943089430894309,0.0731707317073171,0.5499999999999999,32.8,29.0,82
1627827,2017-18,21.0,1,0.012195121951219523,0.012195121951219523,0.15,20.271604938271604,25.0,82
1627827,2018-19,81.0,1,0.3780487804878049,0.5,0.25,21.333333333333332,26.0,82
1627827,2019-20,71.0,1,0.25609756097560976,0.22125435540069688,0.35,24.506172839506174,27.0,72
1627827,2020-21,60.0,1,0.2566621499548329,0.11769260549748352,0.44999999999999996,29.859154929577464,28.0,72
1627827,2021-22,80.0,1,0.06425022583559166,0.10094850948509482,0.5499999999999999,32.016666666666666,29.0,82
1627827,2022-23,40.0,1,0.06831526648599817,0.06354045683313976,0.65,33.05,30.0,82
1627827,2023-24,68.0,1,0.1287262872628726,0.1422764227642276,0.75,32.2,31.0,82
1627827,2024-25,20.0,1,0.13008130081300814,0.15679442508710803,0.85,28.455882352941178,32.0,82
1627827,2025-26,37.0,1,0.1991869918699187,0.20905923344947736,0.85,28.95,33.0,82
1627832,2017-18,76.0,1,0.5487804878048781,0.5487804878048781,0.05,7.945945945945946,24.0,82
1627832,2018-19,64.0,1,0.31097560975609756,0.23170731707317072,0.15,20.0,25.0,82
1627832,2019-20,54.0,1,0.28048780487804875,0.22473867595818814,0.25,27.5,26.0,72
1627832,2020-21,52.0,1,0.18089430894308942,0.21602787456445993,0.35,35.7037037037037,27.0,72
1627832,2021-22,65.0,1,0.24909665763324298,0.26151761517615174,0.44999999999999996,36.51923076923077,28.0,82
1627832,2022-23,69.0,1,0.2450316169828365,0.2335462640340689,0.5499999999999999,37.87692307692308,29.0,82
1627832,2023-24,73.0,1,0.2145438121047877,0.1895083236546651,0.65,36.73913043478261,30.0,82
1627832,2024-25,60.0,1,0.15853658536585366,0.13763066202090593,0.75,36.76712328767123,31.0,82
1627834,2017-18,16.0,1,0.7317073170731707,0.7317073170731707,0.05,16.136363636363637,20.0,82
1627835,2017-18,54.0,1,0.46341463414634143,0.46341463414634143,0.05,19.15909090909091,24.0,82
1627846,2018-19,61.0,1,0.41463414634146345,0.41463414634146345,0.15,10.875,25.0,82
1627846,2019-20,55.0,1,0.3353658536585366,0.3089430894308943,0.25,11.37704918032787,26.0,72
1627846,2020-21,24.0,1,0.30228093947606144,0.26732481610530395,0.35,15.763636363636364,27.0,72
1627846,2021-22,14.0,1,0.38629177958446254,0.484998064266357,0.44999999999999996,14.791666666666666,28.0,82
1627850,2017-18,8.0,1,0.7439024390243902,0.7439024390243902,0.15,8.095238095238095,25.0,82
1627851,2017-18,1.0,1,0.1707317073170732,0.1707317073170732,0.44999999999999996,14.941176470588236,28.0,82
1627852,2017-18,4.0,1,0.3414634146341463,0.3414634146341463,0.15,9.648148148148149,25.0,82
1627853,2018-19,81.0,1,0.7073170731707317,0.7073170731707317,0.15,12.666666666666666,25.0,82
1627853,2019-20,58.0,1,0.3597560975609756,0.24390243902439024,0.25,24.209876543209877,26.0,72
1627853,2020-21,44.0,1,0.30465221318879854,0.21564072783584978,0.35,16.03448275862069,27.0,72
1627853,2021-22,10.0,1,0.19850948509485092,0.27951993805652336,0.44999999999999996,10.227272727272727,28.0,82
1627853,2022-23,11.0,1,0.4871273712737127,0.6406310491676346,0.5499999999999999,7.6,29.0,82
1627853,2023-24,20.0,1,0.6743450767841012,0.7384823848238481,0.65,2.3636363636363638,30.0,82
1627854,2017-18,80.0,1,0.5609756097560976,0.5609756097560976,0.05,7.916666666666667,24.0,82
1627854,2018-19,82.0,0,0.29268292682926833,0.20325203252032523,0.15,18.9625,25.0,82
1627854,2019-20,63.0,1,0.19512195121951223,0.08710801393728225,0.25,27.963414634146343,26.0,72
1627854,2020-21,70.0,1,0.04979674796747968,0.07491289198606273,0.35,25.063492063492063,27.0,72
1627854,2021-22,40.0,1,0.05092592592592593,0.05158730158730159,0.44999999999999996,19.34285714285714,28.0,82
1627854,2022-23,25.0,1,0.07938121047877145,0.07457413859852882,0.5499999999999999,16.9,29.0,82
1627855,2017-18,6.0,1,0.5731707317073171,0.5731707317073171,0.15,13.457142857142857,25.0,82
1627855,2018-19,3.0,1,0.75,0.8089430894308943,0.25,13.333333333333334,26.0,82
1627863,2017-18,23.0,1,0.9878048780487805,0.9878048780487805,0.15,1.0,25.0,82
1627863,2018-19,39.0,1,0.8536585365853658,0.8089430894308943,0.25,17.52173913043478,26.0,82
1627863,2019-20,63.0,1,0.7439024390243901,0.6463414634146342,0.35,25.102564102564102,27.0,72
1627863,2020-21,36.0,1,0.4563008130081301,0.32404181184668995,0.44999999999999996,30.365079365079364,28.0,72
1627863,2021-22,16.0,1,0.383130081300813,0.39634146341463417,0.5499999999999999,25.88888888888889,29.0,82
1627863,2022-23,56.0,1,0.3709349593495935,0.4394599303135888,0.65,14.5625,30.0,82
1627863,2023-24,34.0,1,0.43495934959349586,0.39198606271777,0.75,14.410714285714286,31.0,82
1627875,2017-18,42.0,1,0.9390243902439024,0.9390243902439024,0.05,9.6,24.0,82
1627883,2018-19,16.0,1,0.8048780487804879,0.8048780487804879,0.25,4.75,26.0,82
1627884,2017-18,6.0,1,0.6097560975609756,0.6097560975609756,0.05,17.03125,21.0,82
1627884,2018-19,60.0,1,0.6829268292682926,0.7073170731707318,0.05,5.5,22.0,82
1627884,2019-20,59.0,1,0.5447154471544716,0.4564459930313589,0.05,19.233333333333334,23.0,72
1627884,2020-21,58.0,1,0.40164859981933154,0.28784359272164156,0.05,23.305084745762713,24.0,72
1627884,2021-22,51.0,1,0.2144308943089431,0.20102593883081687,0.15,22.724137931034484,25.0,82
1627884,2022-23,64.0,1,0.25101626016260165,0.29737708091366627,0.25,17.627450980392158,26.0,82
1627884,2023-24,76.0,1,0.2640018066847335,0.26122725512969414,0.35,13.953125,27.0,82
1627884,2024-25,77.0,1,0.2235772357723577,0.1585365853658536,0.44999999999999996,23.460526315789473,28.0,82
1627884,2025-26,50.0,1,0.11788617886178861,0.08710801393728225,0.5499999999999999,24.324675324675326,29.0,82
1627885,2018-19,73.0,1,0.7195121951219512,0.7195121951219512,0.15,16.695652173913043,25.0,82
1627885,2019-20,43.0,1,0.4146341463414634,0.3130081300813008,0.25,19.589041095890412,26.0,72
1627885,2020-21,17.0,1,0.4106820234869015,0.3643050716221448,0.35,11.255813953488373,27.0,72
1627885,2021-22,2.0,1,0.3467705510388437,0.4323461091753775,0.44999999999999996,3.2941176470588234,28.0,82
1627885,2022-23,5.0,1,0.6353884372177054,0.7658246225319395,0.5499999999999999,11.5,29.0,82
1627885,2023-24,3.0,1,0.814137308039747,0.890727835849787,0.65,24.0,30.0,82
1627936,2018-19,25.0,1,0.5487804878048781,0.5487804878048781,0.15,15.18918918918919,25.0,82
1627936,2019-20,64.0,1,0.6219512195121951,0.6463414634146342,0.25,21.24,26.0,72
1627936,2020-21,58.0,1,0.4516711833785005,0.340495547812621,0.35,18.359375,27.0,72
1627936,2021-22,41.0,1,0.3335591689250226,0.24216027874564458,0.44999999999999996,20.96551724137931,28.0,82
1627936,2022-23,67.0,1,0.26851851851851855,0.35714285714285715,0.5499999999999999,27.975609756097562,29.0,82
1627936,2023-24,71.0,1,0.29245709123757907,0.27516453735965934,0.65,23.507462686567163,30.0,82
1627936,2024-25,54.0,1,0.2723577235772358,0.20034843205574915,0.75,28.732394366197184,31.0,82
1627936,2025-26,56.0,1,0.21951219512195122,0.259581881533101,0.85,19.27777777777778,32.0,82
1627982,2019-20,2.0,1,0.9390243902439024,0.9390243902439024,0.25,17.2,26.0,72
1628021,2017-18,70.0,1,0.7560975609756098,0.7560975609756098,0.15,19.85,25.0,82
1628021,2018-19,51.0,1,0.45121951219512196,0.34959349593495936,0.25,23.514285714285716,26.0,82
1628021,2019-20,20.0,1,0.4268292682926829,0.36585365853658536,0.35,19.294117647058822,27.0,72
1628021,2020-21,30.0,1,0.41553748870822044,0.5416182733255904,0.44999999999999996,13.4,28.0,72
1628021,2021-22,46.0,1,0.5612014453477867,0.5936895083236546,0.5499999999999999,22.633333333333333,29.0,82
1628035,2018-19,72.0,1,0.8292682926829268,0.8292682926829268,0.25,3.7857142857142856,26.0,82
1628035,2019-20,40.0,1,0.47560975609756095,0.35772357723577236,0.35,13.930555555555555,27.0,72
1628035,2020-21,39.0,1,0.46522131887985546,0.4072783584978707,0.44999999999999996,14.825,28.0,72
1628035,2021-22,17.0,1,0.34157633242999097,0.40631049167634536,0.5499999999999999,6.615384615384615,29.0,82
1628221,2022-23,3.0,1,0.975609756097561,0.975609756097561,0.5499999999999999,10.5,29.0,82
1628365,2018-19,19.0,1,0.8292682926829268,0.8292682926829268,0.05,18.071428571428573,21.0,82
1628365,2019-20,72.0,0,0.7987804878048781,0.7886178861788617,0.05,22.473684210526315,22.0,72
1628365,2020-21,8.0,1,0.5325203252032521,0.33797909407665505,0.05,27.72222222222222,23.0,72
1628365,2021-22,18.0,1,0.552393857271906,0.6176926054974835,0.05,26.875,24.0,82
1628365,2022-23,60.0,1,0.5564588979223125,0.699961285327139,0.15,20.0,25.0,82
1628365,2023-24,43.0,1,0.6458897922312556,0.5032907471931862,0.25,29.633333333333333,26.0,82
1628365,2024-25,21.0,1,0.508130081300813,0.4599303135888502,0.35,21.162790697674417,27.0,82
1628365,2025-26,5.0,1,0.4959349593495935,0.5993031358885018,0.35,8.761904761904763,27.0,82
1628366,2018-19,47.0,1,0.36585365853658536,0.36585365853658536,0.05,34.23076923076923,21.0,82
1628366,2019-20,63.0,1,0.39634146341463417,0.40650406504065045,0.05,30.27659574468085,22.0,72
1628366,2020-21,55.0,1,0.30589430894308944,0.24564459930313592,0.05,32.142857142857146,23.0,72
1628366,2021-22,35.0,1,0.26264679313459804,0.23161053039101823,0.05,31.763636363636362,24.0,82
1628366,2024-25,35.0,1,0.3114272809394761,0.41284359272164156,0.35,34.628571428571426,27.0,82
1628366,2025-26,35.0,1,0.4608175248419151,0.5250193573364306,0.44999999999999996,22.2,28.0,82
1628367,2018-19,79.0,1,0.060975609756097615,0.060975609756097615,0.05,25.441558441558442,22.0,82
1628367,2019-20,22.0,1,0.04878048780487809,0.04471544715447159,0.05,25.164556962025316,23.0,72
1628367,2020-21,62.0,1,0.26400180668473355,0.4159891598915989,0.05,17.318181818181817,24.0,72
1628367,2021-22,39.0,1,0.28997289972899726,0.2830042586140147,0.15,25.161290322580644,25.0,82
1628368,2018-19,81.0,1,0.1097560975609756,0.1097560975609756,0.05,27.753424657534246,21.0,82
1628368,2019-20,51.0,1,0.06097560975609756,0.044715447154471545,0.05,31.432098765432098,22.0,72
1628368,2020-21,58.0,1,0.13787262872628725,0.18583042973286876,0.05,32.03921568627451,23.0,72
1628368,2021-22,59.0,1,0.16610207768744353,0.19618660472319008,0.05,35.10344827586207,24.0,82
1628368,2022-23,73.0,1,0.25553297199638664,0.25750096786682153,0.15,35.30508474576271,25.0,82
1628368,2023-24,74.0,1,0.19489611562782294,0.17063492063492064,0.25,33.35616438356164,26.0,82
1628368,2024-25,45.0,1,0.16260162601626016,0.12717770034843204,0.35,35.932432432432435,27.0,82
1628368,2025-26,72.0,1,0.15040650406504064,0.18292682926829265,0.44999999999999996,36.955555555555556,28.0,82
1628369,2018-19,79.0,1,0.024390243902439046,0.024390243902439046,0.05,30.5375,21.0,82
1628369,2019-20,66.0,1,0.030487804878048808,0.032520325203252064,0.05,31.075949367088608,22.0,72
1628369,2020-21,64.0,1,0.04810298102981033,0.06155632984901281,0.05,34.31818181818182,23.0,72
1628369,2021-22,76.0,1,0.07700993676603436,0.09252806813782428,0.05,35.78125,24.0,82
1628369,2022-23,74.0,1,0.08920505871725386,0.08546264034068911,0.15,35.93421052631579,25.0,82
1628369,2023-24,74.0,1,0.09394760614272808,0.09252806813782422,0.25,36.91891891891892,26.0,82
1628369,2024-25,72.0,1,0.08943089430894306,0.09407665505226478,0.35,35.74324324324324,27.0,82
1628369,2025-26,16.0,1,0.10569105691056908,0.11149825783972124,0.44999999999999996,36.44444444444444,28.0,82
1628370,2018-19,73.0,1,0.23170731707317072,0.23170731707317072,0.05,13.555555555555555,21.0,82
1628370,2019-20,55.0,1,0.17073170731707316,0.15040650406504064,0.05,17.232876712328768,22.0,72
1628370,2020-21,42.0,1,0.19252484191508581,0.1993805652342238,0.05,21.254545454545454,23.0,72
1628370,2021-22,76.0,1,0.25417795844625113,0.32123499806426636,0.05,20.904761904761905,24.0,82
1628370,2022-23,77.0,1,0.2419828364950316,0.19458962446767322,0.15,28.13157894736842,25.0,82
1628370,2023-24,72.0,1,0.18360433604336043,0.11527293844367016,0.25,22.324675324675326,26.0,82
1628370,2024-25,65.0,1,0.08536585365853659,0.0975609756097561,0.35,26.0,27.0,82
1628370,2025-26,62.0,1,0.13008130081300814,0.16202090592334492,0.44999999999999996,31.6,28.0,82
1628371,2018-19,75.0,1,0.6707317073170731,0.6707317073170731,0.05,19.814814814814813,21.0,82
1628371,2019-20,34.0,1,0.3780487804878048,0.28048780487804875,0.05,26.613333333333333,22.0,72
1628371,2022-23,11.0,1,0.42795844625112917,0.42179636082075106,0.15,28.823529411764707,25.0,82
1628371,2023-24,58.0,1,0.4929990966576332,0.6577622919086333,0.25,11.272727272727273,26.0,82
1628371,2024-25,71.0,1,0.5621047877145439,0.4900309717382888,0.35,15.775862068965518,27.0,82
1628371,2025-26,52.0,1,0.43089430894308944,0.28397212543554007,0.44999999999999996,15.352112676056338,28.0,82
1628372,2018-19,32.0,1,0.1585365853658537,0.1585365853658537,0.05,29.695652173913043,21.0,82
1628372,2019-20,34.0,1,0.25609756097560976,0.2886178861788618,0.05,28.375,22.0,72
1628372,2020-21,3.0,1,0.3466576332429991,0.42528068137824243,0.05,15.794117647058824,23.0,72
1628372,2021-22,37.0,1,0.5206639566395664,0.5902051877661634,0.05,9.333333333333334,24.0,82
1628372,2022-23,54.0,1,0.5857046070460705,0.583430120015486,0.15,17.27027027027027,25.0,82
1628372,2023-24,56.0,1,0.5235998193315267,0.44913859852884247,0.25,25.74074074074074,26.0,82
1628373,2018-19,43.0,1,0.04878048780487809,0.04878048780487809,0.05,21.871794871794872,20.0,82
1628373,2019-20,57.0,1,0.2621951219512195,0.3333333333333333,0.05,21.023255813953487,21.0,72
1628373,2020-21,33.0,1,0.24424119241192413,0.2619047619047619,0.05,20.82456140350877,22.0,72
1628373,2021-22,58.0,1,0.40853658536585363,0.43699186991869926,0.05,9.757575757575758,23.0,82
1628373,2022-23,47.0,1,0.3475609756097562,0.3517711962833915,0.05,11.810344827586206,24.0,82
1628373,2023-24,5.0,1,0.4203929539295393,0.40490708478513365,0.15,12.936170212765957,25.0,82
1628374,2018-19,52.0,1,0.1707317073170732,0.1707317073170732,0.05,29.705882352941178,22.0,82
1628374,2019-20,50.0,1,0.2682926829268293,0.3008130081300813,0.05,32.34615384615385,23.0,72
1628374,2020-21,51.0,1,0.28071364046973807,0.3035230352303523,0.05,29.84,24.0,72
1628374,2021-22,61.0,1,0.3210252935862692,0.30623306233062325,0.15,25.823529411764707,25.0,82
1628374,2022-23,66.0,1,0.2844399277326107,0.27332559039876114,0.25,30.78688524590164,26.0,82
1628374,2023-24,55.0,1,0.24762872628726285,0.22633565621370494,0.35,34.42424242424242,27.0,82
1628374,2024-25,47.0,1,0.26016260162601623,0.28048780487804875,0.44999999999999996,33.09090909090909,28.0,82
1628374,2025-26,42.0,1,0.3170731707317073,0.3658536585365854,0.5499999999999999,31.404255319148938,29.0,82
1628378,2018-19,77.0,1,0.03658536585365857,0.03658536585365857,0.05,33.392405063291136,22.0,82
1628378,2019-20,69.0,1,0.04878048780487809,0.0528455284552846,0.05,33.74025974025974,23.0,72
1628378,2020-21,53.0,1,0.04640921409214094,0.04645760743321719,0.05,34.26086956521739,24.0,72
1628378,2021-22,67.0,1,0.12217705510388437,0.17140921409214088,0.15,33.41509433962264,25.0,82
1628378,2022-23,68.0,1,0.1628274616079494,0.18587882307394502,0.25,33.82089552238806,26.0,82
1628378,2023-24,55.0,1,0.20584914182475159,0.18752419667053816,0.35,35.76470588235294,27.0,82
1628378,2024-25,71.0,1,0.22764227642276424,0.26306620209059234,0.44999999999999996,35.32727272727273,28.0,82
1628378,2025-26,70.0,1,0.21138211382113822,0.19512195121951217,0.5499999999999999,31.43661971830986,29.0,82
1628379,2018-19,63.0,1,0.1097560975609756,0.1097560975609756,0.05,20.041095890410958,23.0,82
1628379,2019-20,28.0,1,0.17073170731707316,0.19105691056910568,0.05,22.80952380952381,24.0,72
1628379,2020-21,63.0,1,0.31752484191508584,0.43108788230739453,0.15,32.92857142857143,25.0,72
1628379,2021-22,70.0,1,0.32260614272809396,0.2791327913279133,0.25,19.555555555555557,26.0,82
1628379,2022-23,35.0,1,0.29415085817524844,0.20663956639566397,0.35,27.414285714285715,27.0,82
1628379,2023-24,39.0,1,0.18394308943089432,0.21994773519163766,0.44999999999999996,20.714285714285715,28.0,82
1628379,2024-25,65.0,1,0.3170731707317073,0.4006968641114983,0.5499999999999999,25.615384615384617,29.0,82
1628379,2025-26,46.0,1,0.33739837398373984,0.30836236933797906,0.65,22.646153846153847,30.0,82
1628380,2018-19,77.0,1,0.19512195121951215,0.19512195121951215,0.05,15.833333333333334,21.0,82
1628380,2019-20,11.0,1,0.12804878048780488,0.10569105691056913,0.05,17.61038961038961,22.0,72
1628380,2021-22,28.0,1,0.36777326106594393,0.5294231513743709,0.05,26.363636363636363,24.0,82
1628380,2022-23,63.0,1,0.5222448057813911,0.6270809136662796,0.15,17.928571428571427,25.0,82
1628380,2023-24,69.0,1,0.5791553748870822,0.4415892373209446,0.25,22.873015873015873,26.0,82
1628380,2024-25,36.0,1,0.34959349593495936,0.2508710801393728,0.35,22.115942028985508,27.0,82
1628380,2025-26,10.0,1,0.2032520325203252,0.2038327526132404,0.44999999999999996,11.805555555555555,28.0,82
1628381,2018-19,61.0,1,0.09756097560975607,0.09756097560975607,0.05,24.12162162162162,21.0,82
1628381,2019-20,41.0,1,0.17682926829268292,0.2032520325203252,0.05,29.9672131147541,22.0,72
1628381,2020-21,63.0,1,0.26140469738030714,0.3331397599690283,0.05,33.24390243902439,23.0,72
1628381,2021-22,54.0,1,0.2705510388437218,0.231029810298103,0.05,29.333333333333332,24.0,82
1628381,2022-23,71.0,1,0.2990063233965673,0.2923441734417344,0.15,30.796296296296298,25.0,82
1628381,2023-24,68.0,1,0.20020325203252032,0.19207317073170732,0.25,30.0,26.0,82
1628381,2024-25,40.0,1,0.21544715447154472,0.18466898954703836,0.35,27.955882352941178,27.0,82
1628381,2025-26,69.0,1,0.2723577235772358,0.3606271777003485,0.44999999999999996,30.525,28.0,82
1628382,2018-19,52.0,1,0.1707317073170732,0.1707317073170732,0.05,22.147058823529413,24.0,82
1628382,2019-20,65.0,1,0.09146341463414637,0.06504065040650409,0.15,20.826923076923077,25.0,72
1628382,2020-21,33.0,1,0.09338301716350499,0.08343012001548587,0.25,16.076923076923077,26.0,72
1628382,2021-22,1.0,1,0.21239837398373984,0.331107239643825,0.35,16.484848484848484,27.0,82
1628382,2022-23,23.0,1,0.5132113821138211,0.6873306233062332,0.44999999999999996,2.0,28.0,82
1628382,2023-24,2.0,1,0.7206413730803974,0.7478706929926442,0.5499999999999999,4.6521739130434785,29.0,82
1628383,2018-19,3.0,1,0.9878048780487805,0.9878048780487805,0.05,4.0,22.0,82
1628383,2019-20,5.0,1,0.975609756097561,0.9715447154471545,0.05,7.0,23.0,72
1628383,2020-21,13.0,1,0.9605916892502258,0.9481223383662408,0.05,4.8,24.0,72
1628384,2018-19,67.0,1,0.09756097560975607,0.09756097560975607,0.05,20.013513513513512,21.0,82
1628384,2019-20,69.0,1,0.1402439024390244,0.1544715447154472,0.05,20.17910447761194,22.0,72
1628384,2020-21,43.0,1,0.10738482384823848,0.0900116144018583,0.05,29.942028985507246,23.0,72
1628384,2021-22,48.0,1,0.20912375790424573,0.2681958962446767,0.05,33.325581395348834,24.0,82
1628384,2022-23,67.0,1,0.2863595302619693,0.3579655439411537,0.15,36.0,25.0,82
1628384,2023-24,27.0,1,0.333446251129178,0.2805361982191251,0.25,35.61194029850746,26.0,82
1628384,2024-25,74.0,1,0.32926829268292684,0.3344947735191638,0.35,33.333333333333336,27.0,82
1628384,2025-26,67.0,1,0.22357723577235775,0.19337979094076654,0.44999999999999996,36.567567567567565,28.0,82
1628385,2019-20,46.0,1,0.29268292682926833,0.29268292682926833,0.05,14.137931034482758,22.0,72
1628385,2020-21,38.0,1,0.32689701897018975,0.3383017163504969,0.05,14.5,23.0,72
1628385,2023-24,16.0,1,0.37533875338753386,0.4148277197057685,0.25,9.157894736842104,26.0,82
1628386,2018-19,80.0,1,0.12195121951219512,0.12195121951219512,0.05,20.01388888888889,21.0,82
1628386,2019-20,70.0,1,0.07317073170731708,0.05691056910569107,0.05,26.2,22.0,72
1628386,2020-21,12.0,1,0.058039747064137316,0.04026325977545491,0.05,26.457142857142856,23.0,72
1628386,2021-22,56.0,1,0.05905600722673895,0.08284939992257066,0.05,26.666666666666668,24.0,82
1628386,2022-23,68.0,1,0.15661698283649503,0.22086720867208667,0.15,32.32142857142857,25.0,82
1628386,2023-24,77.0,1,0.20426829268292682,0.20601045296167247,0.25,32.64705882352941,26.0,82
1628386,2024-25,82.0,0,0.1829268292682927,0.12891986062717772,0.35,31.714285714285715,27.0,82
1628386,2025-26,56.0,1,0.07723577235772361,0.041811846689895495,0.44999999999999996,28.0,28.0,82
1628387,2018-19,3.0,1,0.8658536585365854,0.8658536585365854,0.05,2.727272727272727,20.0,82
1628388,2018-19,58.0,1,0.35365853658536583,0.35365853658536583,0.05,8.660377358490566,22.0,82
1628388,2019-20,28.0,1,0.3231707317073171,0.31300813008130085,0.05,9.0,23.0,72
1628388,2020-21,7.0,1,0.4191508581752485,0.4833526906697639,0.05,7.928571428571429,24.0,72
1628389,2018-19,82.0,0,0.1585365853658537,0.1585365853658537,0.05,19.82608695652174,21.0,82
1628389,2019-20,72.0,0,0.07926829268292684,0.05284552845528456,0.05,23.329268292682926,22.0,72
1628389,2020-21,64.0,1,0.05284552845528456,0.022648083623693385,0.05,33.56944444444444,23.0,72
1628389,2021-22,56.0,1,0.037037037037037056,0.06349206349206352,0.05,33.484375,24.0,82
1628389,2022-23,75.0,1,0.14272809394760613,0.21293070073557877,0.15,32.589285714285715,25.0,82
1628389,2023-24,71.0,1,0.17118337850045165,0.1552458381726674,0.25,34.64,26.0,82
1628389,2024-25,78.0,1,0.17886178861788615,0.14634146341463414,0.35,34.028169014084504,27.0,82
1628389,2025-26,73.0,1,0.08943089430894309,0.07839721254355403,0.44999999999999996,34.282051282051285,28.0,82
1628390,2018-19,74.0,1,0.25609756097560976,0.25609756097560976,0.05,12.508196721311476,21.0,82
1628390,2019-20,56.0,1,0.17682926829268292,0.15040650406504064,0.05,26.094594594594593,22.0,72
1628390,2020-21,13.0,1,0.1919602529358627,0.19144405729771583,0.05,22.446428571428573,23.0,72
1628391,2018-19,48.0,1,0.7317073170731707,0.7317073170731707,0.05,3.227272727272727,23.0,82
1628391,2019-20,37.0,1,0.5731707317073171,0.5203252032520326,0.05,18.375,24.0,72
1628391,2020-21,12.0,1,0.5441508581752484,0.5007742934572202,0.15,9.81081081081081,25.0,72
1628391,2021-22,4.0,1,0.47154471544715443,0.49177313201703443,0.25,8.75,26.0,82
1628391,2023-24,2.0,1,0.6504065040650406,0.7598238482384824,0.44999999999999996,13.5,28.0,82
1628392,2019-20,23.0,1,0.6585365853658536,0.6585365853658536,0.05,7.892857142857143,22.0,72
1628392,2020-21,30.0,1,0.6695460704607046,0.673215898825655,0.05,11.565217391304348,23.0,72
1628392,2021-22,68.0,1,0.5667344173441734,0.4948703058459157,0.05,9.066666666666666,24.0,82
1628392,2022-23,82.0,0,0.4041327913279133,0.2979578010065816,0.15,17.88235294117647,25.0,82
1628392,2023-24,75.0,1,0.17728093947606147,0.10036778939217965,0.25,19.853658536585368,26.0,82
1628392,2024-25,57.0,1,0.08536585365853659,0.07317073170731705,0.35,25.28,27.0,82
1628392,2025-26,47.0,1,0.13008130081300814,0.1986062717770035,0.44999999999999996,27.894736842105264,28.0,82
1628393,2018-19,7.0,1,0.41463414634146345,0.41463414634146345,0.05,16.208333333333332,22.0,82
1628394,2020-21,1.0,1,0.625,0.625,0.15,16.185185185185187,25.0,72
1628395,2018-19,68.0,1,0.30487804878048785,0.30487804878048785,0.05,14.192982456140351,24.0,82
1628395,2019-20,27.0,1,0.23780487804878053,0.21544715447154475,0.15,11.588235294117647,25.0,72
1628395,2020-21,5.0,1,0.35761065943992776,0.4336043360433604,0.25,8.703703703703704,26.0,72
1628395,2021-22,1.0,1,0.5615401987353207,0.7188346883468835,0.35,13.4,27.0,82
1628396,2018-19,3.0,1,0.8902439024390244,0.8902439024390244,0.05,3.2222222222222223,21.0,82
1628396,2019-20,58.0,1,0.9268292682926829,0.9390243902439024,0.05,12.0,22.0,72
1628396,2020-21,20.0,1,0.6827009936766034,0.513550135501355,0.05,11.431034482758621,23.0,72
1628396,2021-22,55.0,1,0.5248419150858176,0.43128145567169957,0.05,14.35,24.0,82
1628396,2022-23,12.0,1,0.31345980126467926,0.3349787069299265,0.15,9.981818181818182,25.0,82
1628396,2024-25,14.0,1,0.5331978319783198,0.6414053426248548,0.35,2.75,27.0,82
1628396,2025-26,38.0,1,0.6707317073170732,0.7648083623693379,0.44999999999999996,8.071428571428571,28.0,82
1628397,2018-19,49.0,1,0.5609756097560976,0.5609756097560976,0.05,14.333333333333334,22.0,82
1628398,2018-19,70.0,1,0.060975609756097615,0.060975609756097615,0.05,31.181818181818183,23.0,82
1628398,2019-20,61.0,1,0.10365853658536589,0.11788617886178865,0.05,33.05714285714286,24.0,72
1628398,2020-21,68.0,1,0.12003161698283653,0.13782423538521102,0.15,25.016393442622952,25.0,72
1628398,2021-22,66.0,1,0.11822493224932251,0.09630274874177315,0.25,28.735294117647058,26.0,82
1628398,2022-23,64.0,1,0.1344850948509485,0.14919667053813393,0.35,33.39393939393939,27.0,82
1628398,2023-24,70.0,1,0.15672990063233963,0.18912117692605496,0.44999999999999996,34.984375,28.0,82
1628398,2024-25,32.0,1,0.18699186991869918,0.17421602787456444,0.5499999999999999,32.58571428571429,29.0,82
1628398,2025-26,69.0,1,0.19105691056910568,0.19163763066202089,0.65,27.71875,30.0,82
1628399,2018-19,25.0,1,0.9878048780487805,0.9878048780487805,0.05,2.0,23.0,82
1628400,2018-19,56.0,1,0.1097560975609756,0.1097560975609756,0.05,15.753424657534246,24.0,82
1628400,2019-20,69.0,1,0.21341463414634143,0.2479674796747967,0.15,10.607142857142858,25.0,72
1628400,2020-21,56.0,1,0.1561653116531165,0.1300813008130081,0.25,14.652173913043478,26.0,72
1628400,2021-22,20.0,1,0.19365401987353204,0.18418505613627564,0.35,16.964285714285715,27.0,82
1628401,2018-19,67.0,1,0.7926829268292683,0.7926829268292683,0.05,8.176470588235293,24.0,82
1628401,2019-20,68.0,1,0.48780487804878053,0.38617886178861793,0.15,25.791044776119403,25.0,72
1628401,2020-21,36.0,1,0.3437217705510389,0.197251258226868,0.25,24.66176470588235,26.0,72
1628401,2021-22,49.0,1,0.24616079494128276,0.3277197057684863,0.35,29.555555555555557,27.0,82
1628401,2022-23,82.0,0,0.21364046973803072,0.19957413859852882,0.44999999999999996,30.3265306122449,28.0,82
1628401,2023-24,73.0,1,0.19512195121951217,0.09581881533101044,0.5499999999999999,28.28048780487805,29.0,82
1628401,2024-25,76.0,1,0.06504065040650404,0.0749128919860627,0.65,32.61643835616438,30.0,82
1628401,2025-26,77.0,1,0.06097560975609754,0.07317073170731704,0.75,33.86842105263158,31.0,82
1628402,2019-20,59.0,1,0.25609756097560976,0.25609756097560976,0.05,19.16393442622951,22.0,72
1628402,2020-21,40.0,1,0.21832655826558267,0.20573622402890698,0.05,13.508474576271187,23.0,72
1628402,2021-22,53.0,1,0.2936991869918699,0.3421409214092141,0.05,18.45,24.0,82
1628402,2022-23,1.0,1,0.32621951219512196,0.3548683701122725,0.15,21.962264150943398,25.0,82
1628403,2018-19,18.0,1,0.6707317073170731,0.6707317073170731,0.05,7.0,22.0,82
1628403,2019-20,7.0,1,0.7073170731707317,0.7195121951219511,0.05,8.055555555555555,23.0,72
1628404,2018-19,67.0,1,0.23170731707317072,0.23170731707317072,0.05,23.19047619047619,24.0,82
1628404,2019-20,65.0,1,0.20731707317073172,0.19918699186991873,0.15,25.597014925373134,25.0,72
1628404,2020-21,47.0,1,0.17061878952122855,0.14092140921409216,0.25,27.0,26.0,72
1628404,2021-22,41.0,1,0.20912375790424573,0.25232288037166084,0.35,28.72340425531915,27.0,82
1628404,2022-23,51.0,1,0.26196928635953026,0.30821718931475023,0.44999999999999996,33.51219512195122,28.0,82
1628404,2023-24,81.0,1,0.25395212285456187,0.18897599690282613,0.5499999999999999,33.411764705882355,29.0,82
1628404,2024-25,77.0,1,0.1422764227642276,0.07665505226480836,0.65,33.41975308641975,30.0,82
1628404,2025-26,66.0,1,0.04878048780487806,0.04878048780487808,0.75,37.62337662337662,31.0,82
1628405,2018-19,22.0,1,0.8658536585365854,0.8658536585365854,0.05,16.0,24.0,82
1628405,2019-20,13.0,1,0.7987804878048781,0.7764227642276422,0.15,7.090909090909091,25.0,72
1628407,2018-19,43.0,1,0.35365853658536583,0.35365853658536583,0.05,13.452830188679245,23.0,82
1628407,2019-20,39.0,1,0.4146341463414634,0.43495934959349586,0.05,17.651162790697676,24.0,72
1628407,2020-21,72.0,0,0.42920054200542007,0.44831591173054586,0.15,17.615384615384617,25.0,72
1628408,2018-19,6.0,1,0.975609756097561,0.975609756097561,0.05,1.5,22.0,82
1628408,2019-20,29.0,1,0.9512195121951219,0.9430894308943089,0.05,8.5,23.0,72
1628408,2020-21,50.0,1,0.8332204155374887,0.7454510259388308,0.05,14.206896551724139,24.0,72
1628408,2021-22,18.0,1,0.6098690153568203,0.47764227642276424,0.15,21.76,25.0,82
1628408,2022-23,16.0,1,0.5610885275519423,0.6186120789779326,0.25,18.88888888888889,26.0,82
1628408,2024-25,9.0,1,0.6303071364046974,0.7265776229190865,0.44999999999999996,4.9375,28.0,82
1628410,2018-19,23.0,1,0.9878048780487805,0.9878048780487805,0.05,2.0,23.0,82
1628410,2019-20,31.0,1,0.8536585365853658,0.8089430894308943,0.05,9.130434782608695,24.0,72
1628410,2020-21,53.0,1,0.7589205058717253,0.6720867208672087,0.15,14.419354838709678,25.0,72
1628410,2022-23,53.0,1,0.5176151761517614,0.41627951993805645,0.35,16.245283018867923,27.0,82
1628411,2018-19,68.0,1,0.24390243902439024,0.24390243902439024,0.05,16.451612903225808,24.0,82
1628411,2019-20,52.0,1,0.20731707317073172,0.19512195121951223,0.15,18.13235294117647,25.0,72
1628411,2020-21,23.0,1,0.23080397470641376,0.2423538521099497,0.25,18.326923076923077,26.0,72
1628411,2021-22,3.0,1,0.2930216802168022,0.34978706929926445,0.35,12.521739130434783,27.0,82
1628412,2018-19,38.0,1,0.36585365853658536,0.36585365853658536,0.15,18.923076923076923,25.0,82
1628412,2019-20,9.0,1,0.45121951219512196,0.4796747967479675,0.25,11.447368421052632,26.0,72
1628412,2020-21,4.0,1,0.5924796747967479,0.7055749128919862,0.35,13.11111111111111,27.0,72
1628413,2019-20,4.0,1,0.46341463414634143,0.46341463414634143,0.05,14.522727272727273,24.0,72
1628414,2018-19,64.0,1,0.1097560975609756,0.1097560975609756,0.05,15.835616438356164,24.0,82
1628414,2019-20,2.0,1,0.1646341463414634,0.18292682926829265,0.15,4.890625,25.0,72
1628414,2020-21,14.0,1,0.43383017163504967,0.6339527680991095,0.25,17.5,26.0,72
1628415,2018-19,18.0,1,0.0,0.0,0.05,28.658536585365855,23.0,82
1628415,2019-20,72.0,0,0.3902439024390244,0.5203252032520326,0.05,18.333333333333332,24.0,72
1628415,2020-21,67.0,1,0.2601626016260163,0.2229965156794425,0.15,28.931506849315067,25.0,72
1628415,2021-22,32.0,1,0.2833107497741644,0.15118079752226093,0.25,29.80597014925373,26.0,82
1628415,2022-23,73.0,1,0.22640018066847334,0.36827332559039877,0.35,27.65625,27.0,82
1628415,2023-24,72.0,1,0.26298554652213185,0.24685443283004257,0.44999999999999996,30.328767123287673,28.0,82
1628415,2024-25,75.0,1,0.28048780487804875,0.1881533101045296,0.5499999999999999,30.930555555555557,29.0,82
1628415,2025-26,56.0,1,0.10569105691056908,0.09930313588850172,0.65,31.84,30.0,82
1628416,2018-19,27.0,1,0.31707317073170727,0.31707317073170727,0.05,17.392857142857142,23.0,82
1628416,2022-23,3.0,1,0.36585365853658536,0.3821138211382114,0.35,9.296296296296296,27.0,82
1628418,2018-19,72.0,1,0.8170731707317074,0.8170731707317074,0.05,4.8,21.0,82
1628418,2019-20,46.0,1,0.46951219512195125,0.3536585365853659,0.05,20.77777777777778,22.0,72
1628418,2020-21,10.0,1,0.4333785004516712,0.35791715060007745,0.05,24.934782608695652,23.0,72
1628418,2021-22,27.0,1,0.44805781391147254,0.6126596980255518,0.05,27.1,24.0,82
1628418,2022-23,41.0,1,0.6309846431797651,0.6808943089430893,0.15,16.25925925925926,25.0,82
1628418,2023-24,38.0,1,0.6041102077687444,0.4749322493224932,0.25,21.365853658536587,26.0,82
1628418,2024-25,10.0,1,0.4959349593495935,0.48257839721254353,0.35,11.605263157894736,27.0,82
1628418,2025-26,60.0,1,0.33739837398373984,0.30487804878048774,0.44999999999999996,11.5,28.0,82
1628420,2018-19,82.0,0,0.9634146341463414,0.9634146341463414,0.05,8.333333333333334,24.0,82
1628420,2019-20,72.0,0,0.4817073170731707,0.3211382113821138,0.15,24.024390243902438,25.0,72
1628420,2020-21,47.0,1,0.3211382113821138,0.13763066202090593,0.25,22.424657534246574,26.0,72
1628420,2021-22,75.0,1,0.11574074074074074,0.1984126984126984,0.35,25.4468085106383,27.0,82
1628420,2022-23,62.0,1,0.14419602529358624,0.14798683701122722,0.44999999999999996,29.85333333333333,28.0,82
1628420,2023-24,6.0,1,0.22549683830171632,0.21336624080526517,0.5499999999999999,27.35483870967742,29.0,82
1628420,2024-25,45.0,1,0.30894308943089427,0.42334494773519166,0.65,11.333333333333334,30.0,82
1628420,2025-26,6.0,1,0.43089430894308944,0.4634146341463415,0.65,12.688888888888888,30.0,82
1628421,2018-19,7.0,1,0.9878048780487805,0.9878048780487805,0.05,13.0,24.0,82
1628422,2018-19,73.0,1,0.46341463414634143,0.46341463414634143,0.15,10.772727272727273,25.0,82
1628422,2019-20,48.0,1,0.2865853658536585,0.22764227642276422,0.25,27.45205479452055,26.0,72
1628422,2020-21,46.0,1,0.3021680216802168,0.2880371660859466,0.35,17.416666666666668,27.0,72
1628422,2021-22,2.0,1,0.26806684733514,0.31726674409601247,0.44999999999999996,19.717391304347824,28.0,82
1628424,2018-19,1.0,1,0.6097560975609756,0.6097560975609756,0.05,20.09375,21.0,82
1628424,2022-23,5.0,1,0.7987804878048781,0.8617886178861789,0.15,2.0,25.0,82
1628424,2023-24,4.0,1,0.8455284552845529,0.9059233449477351,0.25,5.6,26.0,82
1628425,2018-19,58.0,1,0.3414634146341463,0.3414634146341463,0.05,14.37037037037037,24.0,82
1628425,2019-20,52.0,1,0.3170731707317073,0.3089430894308943,0.15,17.82758620689655,25.0,72
1628425,2020-21,51.0,1,0.3039747064137308,0.29113433991482773,0.25,14.75,26.0,72
1628425,2021-22,49.0,1,0.2873757904245709,0.2878435927216415,0.35,24.098039215686274,27.0,82
1628425,2022-23,4.0,1,0.32396115627822947,0.3529810298102981,0.44999999999999996,12.816326530612244,28.0,82
1628427,2020-21,41.0,1,0.8055555555555556,0.8055555555555556,0.05,3.2142857142857144,24.0,72
1628427,2021-22,15.0,1,0.6180555555555556,0.5555555555555556,0.15,6.853658536585366,25.0,82
1628427,2022-23,60.0,1,0.6843947606142727,0.7049941927990709,0.25,11.733333333333333,26.0,82
1628427,2024-25,13.0,1,0.5053071364046974,0.44826751838946965,0.44999999999999996,14.816666666666666,28.0,82
1628432,2018-19,10.0,1,0.7439024390243902,0.7439024390243902,0.05,11.523809523809524,24.0,82
1628432,2021-22,48.0,1,0.8109756097560976,0.8333333333333334,0.35,4.7,27.0,82
1628432,2022-23,35.0,1,0.6788617886178862,0.5940766550522649,0.44999999999999996,13.916666666666666,28.0,82
1628436,2018-19,46.0,1,0.7560975609756098,0.7560975609756098,0.05,16.3,23.0,82
1628436,2019-20,36.0,1,0.5975609756097561,0.5447154471544715,0.05,17.043478260869566,24.0,72
1628436,2020-21,13.0,1,0.5650406504065041,0.519163763066202,0.15,15.527777777777779,25.0,72
1628436,2021-22,2.0,1,0.5028229448961156,0.5309717382888114,0.25,7.230769230769231,26.0,82
1628436,2022-23,69.0,1,0.6288392050587173,0.7010259388308169,0.35,7.5,27.0,82
1628436,2023-24,63.0,1,0.5150180668473352,0.4053910181958963,0.44999999999999996,11.652173913043478,28.0,82
1628436,2024-25,73.0,1,0.402439024390244,0.29442508710801396,0.5499999999999999,15.603174603174603,29.0,82
1628436,2025-26,68.0,1,0.16666666666666666,0.15156794425087108,0.65,18.643835616438356,30.0,82
1628439,2018-19,3.0,1,0.7804878048780488,0.7804878048780488,0.05,13.277777777777779,24.0,82
1628443,2018-19,19.0,1,0.7804878048780488,0.7804878048780488,0.25,5.944444444444445,26.0,82
1628443,2019-20,10.0,1,0.774390243902439,0.7723577235772359,0.35,21.894736842105264,27.0,72
1628449,2018-19,28.0,1,0.9878048780487805,0.9878048780487805,0.25,1.0,26.0,82
1628449,2019-20,62.0,1,0.823170731707317,0.7682926829268292,0.35,5.821428571428571,27.0,72
1628449,2020-21,60.0,1,0.5950767841011743,0.40863337204800615,0.44999999999999996,13.209677419354838,28.0,72
1628449,2021-22,80.0,1,0.321364046973803,0.22899728997289967,0.5499999999999999,24.216666666666665,29.0,82
1628449,2022-23,76.0,1,0.10998193315266484,0.08139759969028261,0.65,21.125,30.0,82
1628449,2023-24,50.0,1,0.08807588075880757,0.07259001161440183,0.75,20.039473684210527,31.0,82
1628449,2024-25,50.0,1,0.16260162601626016,0.24738675958188153,0.85,14.1,32.0,82
1628449,2025-26,9.0,1,0.2845528455284553,0.3449477351916377,0.85,17.24,33.0,82
1628455,2020-21,13.0,1,0.5609756097560976,0.5609756097560976,0.65,20.90625,30.0,72
1628462,2018-19,15.0,1,0.4512195121951219,0.4512195121951219,0.85,25.2,32.0,82
1628463,2018-19,11.0,1,0.524390243902439,0.524390243902439,0.15,13.307692307692308,25.0,82
1628464,2018-19,66.0,1,0.23170731707317072,0.23170731707317072,0.35,14.857142857142858,27.0,82
1628464,2019-20,65.0,1,0.21341463414634143,0.20731707317073167,0.44999999999999996,13.757575757575758,28.0,72
1628464,2020-21,42.0,1,0.17468383017163502,0.14440572977158342,0.5499999999999999,24.092307692307692,29.0,72
1628464,2021-22,26.0,1,0.12985546522131886,0.11120789779326364,0.65,24.452380952380953,30.0,82
1628464,2022-23,7.0,1,0.20709123757904246,0.2855691056910569,0.75,22.46153846153846,31.0,82
1628464,2023-24,1.0,1,0.4795618789521228,0.6584881920247775,0.85,15.571428571428571,32.0,82
1628464,2024-25,38.0,1,0.5365853658536586,0.47560975609756095,0.85,8.0,32.0,82
1628469,2018-19,57.0,1,0.7682926829268293,0.7682926829268293,0.05,16.526315789473685,22.0,82
1628470,2018-19,75.0,1,0.524390243902439,0.524390243902439,0.44999999999999996,16.128205128205128,28.0,82
1628470,2019-20,58.0,1,0.3048780487804878,0.23170731707317072,0.5499999999999999,20.04,29.0,72
1628470,2020-21,18.0,1,0.26806684733514,0.21041424699961284,0.65,18.482758620689655,30.0,72
1628470,2021-22,51.0,1,0.19512195121951217,0.2423538521099497,0.75,11.166666666666666,31.0,82
1628470,2022-23,79.0,1,0.1829268292682927,0.14295392953929542,0.85,20.274509803921568,32.0,82
1628470,2023-24,53.0,1,0.1303071364046974,0.07849399922570657,0.85,24.658227848101266,33.0,82
1628470,2024-25,9.0,1,0.14634146341463417,0.21951219512195122,0.85,19.79245283018868,34.0,82
1628476,2019-20,23.0,1,0.8048780487804879,0.8048780487804879,0.15,9.1875,25.0,72
1628476,2021-22,3.0,1,0.7218834688346883,0.6942186088527551,0.35,9.652173913043478,27.0,82
1628499,2019-20,11.0,1,0.7926829268292683,0.7926829268292683,0.25,6.230769230769231,26.0,72
1628502,2025-26,27.0,1,0.8902439024390244,0.8902439024390244,0.75,5.5,31.0,82
1628513,2018-19,14.0,1,0.9878048780487805,0.9878048780487805,0.15,1.0,25.0,82
1628513,2019-20,5.0,1,0.9085365853658536,0.8821138211382115,0.25,6.0,26.0,72
1628518,2019-20,18.0,1,0.8536585365853658,0.8536585365853658,0.35,5.666666666666667,27.0,72
1628537,2018-19,4.0,1,0.926829268292683,0.926829268292683,0.05,16.333333333333332,23.0,82
1628537,2021-22,3.0,1,0.9390243902439024,0.9430894308943089,0.25,7.25,26.0,82
1628539,2020-21,60.0,1,0.9027777777777778,0.9027777777777778,0.35,29.142857142857142,27.0,72
1628539,2021-22,15.0,1,0.5347222222222222,0.41203703703703703,0.44999999999999996,12.766666666666667,28.0,82
1628778,2020-21,27.0,1,0.8611111111111112,0.8611111111111112,0.25,9.0,26.0,72
1628778,2021-22,9.0,1,0.7430555555555556,0.7037037037037037,0.35,11.0,27.0,82
1628960,2019-20,38.0,1,0.5365853658536586,0.5365853658536586,0.05,10.947368421052632,24.0,72
1628960,2020-21,50.0,1,0.5044037940379404,0.493676603432701,0.15,18.894736842105264,25.0,72
1628960,2021-22,66.0,1,0.4381210478771454,0.38617886178861793,0.25,25.2,26.0,82
1628960,2022-23,72.0,1,0.32429990966576333,0.266260162601626,0.35,27.348484848484848,27.0,82
1628960,2023-24,75.0,1,0.20754290876242096,0.16908633372048004,0.44999999999999996,27.38888888888889,28.0,82
1628960,2024-25,64.0,1,0.13414634146341461,0.11149825783972123,0.5499999999999999,33.50666666666667,29.0,82
1628960,2025-26,51.0,1,0.1422764227642276,0.16724738675958184,0.65,24.125,30.0,82
1628961,2019-20,5.0,1,0.975609756097561,0.975609756097561,0.05,5.5,22.0,72
1628961,2020-21,15.0,1,0.9530826558265583,0.9455736224028907,0.05,4.0,23.0,72
1628962,2021-22,17.0,1,0.7916666666666666,0.7916666666666666,0.05,3.8,22.0,82
1628962,2022-23,36.0,1,0.7921747967479675,0.7923441734417344,0.05,11.470588235294118,23.0,82
1628962,2023-24,16.0,1,0.7151084010840109,0.6601335656213705,0.05,9.972222222222221,24.0,82
1628963,2019-20,13.0,1,0.24390243902439024,0.24390243902439024,0.05,25.29032258064516,21.0,72
1628963,2020-21,43.0,1,0.5316734417344173,0.6275971093044264,0.05,25.692307692307693,22.0,72
1628963,2021-22,30.0,1,0.4887082204155375,0.4991289198606272,0.05,25.86046511627907,23.0,82
1628963,2022-23,42.0,1,0.5456187895212286,0.46907665505226487,0.05,21.866666666666667,24.0,82
1628963,2023-24,26.0,1,0.4350722673893406,0.4547522260936895,0.15,23.571428571428573,25.0,82
1628963,2024-25,19.0,1,0.43089430894308944,0.42160278745644597,0.25,18.384615384615383,26.0,82
1628963,2025-26,38.0,1,0.5,0.5365853658536586,0.35,8.789473684210526,27.0,82
1628964,2019-20,62.0,1,0.426829268292683,0.426829268292683,0.05,16.29787234042553,22.0,72
1628964,2020-21,46.0,1,0.2828590785907859,0.23486901535682023,0.05,14.161290322580646,23.0,72
1628964,2021-22,71.0,1,0.3089430894308943,0.3070073557878436,0.05,15.76086956521739,24.0,82
1628964,2022-23,40.0,1,0.21138211382113822,0.1996709252806814,0.15,25.690140845070424,25.0,82
1628964,2023-24,57.0,1,0.29923215898825656,0.3198799845141309,0.25,17.025,26.0,82
1628964,2024-25,28.0,1,0.2804878048780488,0.3083623693379791,0.35,12.982456140350877,27.0,82
1628964,2025-26,2.0,1,0.43902439024390244,0.4930313588850174,0.44999999999999996,12.571428571428571,28.0,82
1628966,2019-20,37.0,1,0.6341463414634146,0.6341463414634146,0.05,16.766666666666666,24.0,72
1628966,2020-21,30.0,1,0.5115176151761518,0.4706413730803975,0.15,17.45945945945946,25.0,72
1628966,2021-22,59.0,1,0.5354561878952122,0.535036778939218,0.25,8.166666666666666,26.0,82
1628966,2022-23,67.0,1,0.4175700090334236,0.38250096786682153,0.35,16.220338983050848,27.0,82
1628966,2023-24,39.0,1,0.34891598915989164,0.2680023228803717,0.44999999999999996,21.686567164179106,28.0,82
1628968,2020-21,6.0,1,0.9166666666666666,0.9166666666666666,0.05,5.166666666666667,22.0,72
1628969,2019-20,72.0,0,0.0,0.0,0.05,29.475609756097562,23.0,72
1628969,2020-21,72.0,0,0.0,0.0,0.05,27.972602739726028,24.0,72
1628969,2021-22,82.0,0,0.0,0.0,0.15,32.611111111111114,25.0,82
1628969,2022-23,56.0,1,0.0,0.0,0.25,34.80487804878049,26.0,82
1628969,2023-24,82.0,0,0.0,0.0,0.35,36.42857142857143,27.0,82
1628969,2024-25,82.0,0,0.0,0.0,0.44999999999999996,34.80487804878049,28.0,82
1628969,2025-26,82.0,0,0.0,0.0,0.5499999999999999,37.02439024390244,29.0,82
1628970,2019-20,65.0,1,0.024390243902439046,0.024390243902439046,0.05,21.2,22.0,72
1628970,2020-21,66.0,1,0.06080623306233063,0.07294489611562782,0.05,30.70769230769231,23.0,72
1628970,2021-22,80.0,1,0.06831526648599821,0.07888114595431671,0.05,29.272727272727273,24.0,82
1628970,2023-24,69.0,1,0.06831526648599821,0.05163569492837788,0.25,35.4625,26.0,82
1628970,2024-25,64.0,1,0.08875338753387536,0.10946573751451803,0.35,37.405797101449274,27.0,82
1628970,2025-26,77.0,1,0.13414634146341464,0.17421602787456444,0.44999999999999996,31.703125,28.0,82
1628971,2019-20,58.0,1,0.09756097560975607,0.09756097560975607,0.05,19.58108108108108,23.0,72
1628971,2020-21,65.0,1,0.14600271002710025,0.16214995483288164,0.05,28.17241379310345,24.0,72
1628971,2021-22,72.0,1,0.12974254742547423,0.12504839334107626,0.15,22.323076923076922,25.0,82
1628971,2022-23,80.0,1,0.13787262872628725,0.12524196670538132,0.25,24.63888888888889,26.0,82
1628971,2023-24,33.0,1,0.08118789521228546,0.06266937669376695,0.35,28.4875,27.0,82
1628971,2024-25,18.0,1,0.10975609756097564,0.12891986062717772,0.44999999999999996,29.727272727272727,28.0,82
1628971,2025-26,82.0,0,0.23577235772357727,0.34146341463414637,0.5499999999999999,19.61111111111111,29.0,82
1628972,2019-20,69.0,1,0.36585365853658536,0.36585365853658536,0.05,14.038461538461538,20.0,72
1628972,2020-21,21.0,1,0.203760162601626,0.14972899728997288,0.05,25.82608695652174,21.0,72
1628972,2021-22,66.0,1,0.31176603432700994,0.36575687185443284,0.05,13.666666666666666,22.0,82
1628972,2022-23,76.0,1,0.25485546522131886,0.26824428958575297,0.05,15.984848484848484,23.0,82
1628972,2023-24,37.0,1,0.265356820234869,0.17295780100658145,0.05,24.473684210526315,24.0,82
1628973,2019-20,57.0,1,0.1097560975609756,0.1097560975609756,0.05,21.794520547945204,23.0,72
1628973,2020-21,68.0,1,0.15904471544715448,0.17547425474254744,0.05,17.92982456140351,24.0,72
1628973,2021-22,79.0,1,0.12454832881662152,0.10694928377855209,0.15,24.955882352941178,25.0,82
1628973,2022-23,68.0,1,0.1001580849141825,0.0665408439798684,0.25,31.949367088607595,26.0,82
1628973,2023-24,77.0,1,0.08762420957542912,0.11595044521873794,0.35,34.98529411764706,27.0,82
1628973,2024-25,65.0,1,0.08943089430894313,0.08885017421602792,0.44999999999999996,35.4025974025974,28.0,82
1628973,2025-26,74.0,1,0.14634146341463417,0.16027874564459932,0.5499999999999999,35.4,29.0,82
1628975,2019-20,58.0,1,0.524390243902439,0.524390243902439,0.05,14.76923076923077,24.0,72
1628975,2020-21,60.0,1,0.35941734417344173,0.3044263775971093,0.15,16.29310344827586,25.0,72
1628975,2021-22,46.0,1,0.29516711833785003,0.2257065427797135,0.25,11.95,26.0,82
1628975,2022-23,81.0,1,0.1854110207768744,0.1868950832365466,0.35,12.0,27.0,82
1628975,2023-24,72.0,1,0.1246612466124661,0.086527293844367,0.44999999999999996,22.37037037037037,28.0,82
1628975,2024-25,36.0,1,0.1097560975609756,0.10104529616724738,0.5499999999999999,13.944444444444445,29.0,82
1628975,2025-26,23.0,1,0.23170731707317074,0.3571428571428572,0.65,8.916666666666666,30.0,82
1628976,2019-20,43.0,1,0.46341463414634143,0.46341463414634143,0.05,25.227272727272727,21.0,72
1628976,2020-21,32.0,1,0.4330962059620596,0.42299006323396565,0.05,29.209302325581394,22.0,72
1628976,2021-22,62.0,1,0.3720641373080397,0.32413859852884247,0.05,24.75,23.0,82
1628976,2022-23,57.0,1,0.2988934056007227,0.26834107626790554,0.05,29.870967741935484,24.0,82
1628976,2023-24,55.0,1,0.26626016260162605,0.279616724738676,0.15,29.649122807017545,25.0,82
1628976,2024-25,68.0,1,0.2926829268292683,0.31010452961672474,0.25,25.563636363636363,26.0,82
1628976,2025-26,78.0,1,0.2682926829268293,0.23519163763066203,0.35,25.852941176470587,27.0,82
1628977,2019-20,46.0,1,0.3780487804878049,0.3780487804878049,0.05,10.313725490196079,21.0,72
1628977,2020-21,32.0,1,0.369579945799458,0.36675700090334235,0.05,19.47826086956522,22.0,72
1628977,2021-22,58.0,1,0.3389792231255646,0.3159117305458769,0.05,23.78125,23.0,82
1628977,2022-23,56.0,1,0.3105239385727191,0.2981997677119629,0.05,21.879310344827587,24.0,82
1628977,2023-24,2.0,1,0.2958446251129178,0.3044909020518776,0.15,17.785714285714285,25.0,82
1628978,2019-20,66.0,1,0.6707317073170731,0.6707317073170731,0.05,15.222222222222221,23.0,72
1628978,2020-21,66.0,1,0.37703252032520324,0.2791327913279133,0.05,23.03030303030303,24.0,72
1628978,2021-22,17.0,1,0.2791327913279133,0.1672473867595819,0.15,27.5,25.0,82
1628978,2022-23,72.0,1,0.21815718157181574,0.31445993031358893,0.25,20.058823529411764,26.0,82
1628978,2023-24,81.0,1,0.231029810298103,0.22096399535423927,0.35,26.305555555555557,27.0,82
1628978,2024-25,62.0,1,0.2073170731707317,0.11149825783972125,0.44999999999999996,29.135802469135804,28.0,82
1628978,2025-26,82.0,0,0.12601626016260162,0.16027874564459932,0.5499999999999999,25.903225806451612,29.0,82
1628980,2019-20,27.0,1,0.6341463414634146,0.6341463414634146,0.05,6.8,23.0,72
1628981,2020-21,33.0,1,0.2222222222222222,0.2222222222222222,0.05,12.732142857142858,22.0,72
1628981,2021-22,20.0,1,0.3819444444444445,0.4351851851851853,0.05,6.848484848484849,23.0,82
1628981,2022-23,31.0,1,0.46601174345076785,0.5488772744870306,0.05,2.9,24.0,82
1628981,2023-24,45.0,1,0.5667344173441735,0.5582171893147504,0.15,11.741935483870968,25.0,82
1628981,2024-25,17.0,1,0.5365853658536586,0.49825783972125437,0.25,15.155555555555555,26.0,82
1628982,2019-20,19.0,1,0.8780487804878049,0.8780487804878049,0.05,4.4,23.0,72
1628982,2021-22,3.0,1,0.807079945799458,0.783423667570009,0.15,6.631578947368421,25.0,82
1628983,2019-20,70.0,1,0.0,0.0,0.05,26.51219512195122,21.0,72
1628983,2020-21,35.0,1,0.013888888888888895,0.018518518518518528,0.05,34.68571428571428,22.0,72
1628983,2021-22,56.0,1,0.18055555555555555,0.3015873015873015,0.05,33.714285714285715,23.0,82
1628983,2022-23,68.0,1,0.28624661246612465,0.33197831978319775,0.05,34.67857142857143,24.0,82
1628983,2023-24,75.0,1,0.33389792231255644,0.26156600851722805,0.15,35.529411764705884,25.0,82
1628983,2024-25,76.0,1,0.19105691056910568,0.14285714285714285,0.25,34.04,26.0,82
1628983,2025-26,68.0,1,0.1097560975609756,0.09059233449477348,0.35,34.18421052631579,27.0,82
1628984,2019-20,63.0,1,0.4390243902439024,0.4390243902439024,0.15,14.695652173913043,25.0,72
1628984,2020-21,55.0,1,0.2820121951219512,0.22967479674796745,0.25,35.095238095238095,26.0,72
1628984,2021-22,76.0,1,0.2667118337850045,0.23335269066976386,0.35,30.163636363636364,27.0,82
1628984,2022-23,53.0,1,0.1447606142728094,0.12712930700735578,0.44999999999999996,28.44736842105263,28.0,82
1628984,2023-24,23.0,1,0.13967931345980125,0.11735385210994966,0.5499999999999999,15.30188679245283,29.0,82
1628988,2019-20,66.0,1,0.3902439024390244,0.3902439024390244,0.05,12.92,23.0,72
1628988,2020-21,66.0,1,0.2367886178861789,0.18563685636856372,0.05,24.5,24.0,72
1628988,2021-22,41.0,1,0.18563685636856372,0.1271777003484321,0.15,17.818181818181817,25.0,82
1628988,2022-23,63.0,1,0.13279132791327916,0.16811846689895468,0.25,16.170731707317074,26.0,82
1628988,2023-24,78.0,1,0.18224932249322492,0.2105110336817654,0.35,13.412698412698413,27.0,82
1628988,2024-25,62.0,1,0.17073170731707318,0.12717770034843207,0.44999999999999996,16.26923076923077,28.0,82
1628988,2025-26,57.0,1,0.17479674796747968,0.18641114982578397,0.5499999999999999,12.774193548387096,29.0,82
1628989,2019-20,56.0,1,0.08536585365853655,0.08536585365853655,0.05,27.32,21.0,72
1628989,2020-21,69.0,1,0.15379403794037938,0.17660343270099366,0.05,31.428571428571427,22.0,72
1628989,2021-22,74.0,1,0.11641824751580847,0.09949670925280678,0.05,30.81159420289855,23.0,82
1628989,2022-23,75.0,1,0.12048328816621497,0.09939992257065425,0.05,29.56756756756757,24.0,82
1628989,2023-24,64.0,1,0.07486449864498641,0.08260743321718929,0.15,29.373333333333335,25.0,82
1628989,2024-25,43.0,1,0.13414634146341461,0.16376306620209055,0.25,24.40625,26.0,82
1628989,2025-26,44.0,1,0.15447154471544713,0.16550522648083626,0.35,20.906976744186046,27.0,82
1628990,2019-20,28.0,1,0.46341463414634143,0.46341463414634143,0.05,20.34090909090909,24.0,72
1628990,2020-21,7.0,1,0.5372628726287263,0.5618789521228545,0.15,18.821428571428573,25.0,72
1628990,2021-22,6.0,1,0.5757678410117434,0.6138211382113822,0.25,9.142857142857142,26.0,82
1628991,2019-20,57.0,1,0.29268292682926833,0.29268292682926833,0.05,26.120689655172413,20.0,72
1628991,2020-21,11.0,1,0.25050813008130085,0.23644986449864502,0.05,28.45614035087719,21.0,72
1628991,2021-22,78.0,1,0.449412827461608,0.5854626403406892,0.05,23.454545454545453,22.0,82
1628991,2022-23,63.0,1,0.3681120144534779,0.29969996128532717,0.05,27.256410256410255,23.0,82
1628991,2023-24,66.0,1,0.375903342366757,0.2673732094463802,0.05,28.38095238095238,24.0,82
1628991,2024-25,74.0,1,0.15853658536585366,0.1846689895470383,0.15,32.18181818181818,25.0,82
1628991,2025-26,45.0,1,0.17479674796747965,0.14459930313588848,0.25,29.824324324324323,26.0,82
1628993,2019-20,17.0,1,0.8292682926829268,0.8292682926829268,0.05,4.571428571428571,24.0,72
1628993,2020-21,18.0,1,0.7965785907859078,0.7856820234869014,0.15,6.9411764705882355,25.0,72
1628993,2021-22,16.0,1,0.7810523938572719,0.7652922957801006,0.25,10.5,26.0,82
1628993,2022-23,4.0,1,0.7444670280036133,0.7345625241966705,0.35,7.5625,27.0,82
1628994,2021-22,4.0,1,0.9878048780487805,0.9878048780487805,0.44999999999999996,6.0,28.0,82
1628995,2019-20,65.0,1,0.08536585365853655,0.08536585365853655,0.05,28.773333333333333,20.0,72
1628995,2020-21,42.0,1,0.09129403794037938,0.09327009936766033,0.05,17.93846153846154,21.0,72
1628995,2021-22,13.0,1,0.1997515808491418,0.27806813782423534,0.05,11.047619047619047,22.0,82
1628995,2022-23,42.0,1,0.38267841011743453,0.49530584591560206,0.05,8.538461538461538,23.0,82
1628995,2023-24,31.0,1,0.42750677506775064,0.37311265969802554,0.05,14.119047619047619,24.0,82
1628995,2024-25,14.0,1,0.4959349593495935,0.5121951219512195,0.15,18.06451612903226,25.0,82
1628997,2020-21,53.0,1,0.75,0.75,0.15,17.61111111111111,25.0,72
1628997,2021-22,60.0,1,0.5069444444444444,0.4259259259259259,0.25,15.433962264150944,26.0,82
1628997,2022-23,71.0,1,0.42739385727190604,0.33584978706929924,0.35,22.866666666666667,27.0,82
1628997,2023-24,64.0,1,0.22210930442637758,0.19100851722802942,0.44999999999999996,29.267605633802816,28.0,82
1628997,2024-25,31.0,1,0.2073170731707317,0.20209059233449475,0.5499999999999999,27.453125,29.0,82
1628997,2025-26,58.0,1,0.26829268292682923,0.3397212543554007,0.65,30.419354838709676,30.0,82
1628998,2020-21,52.0,1,0.33333333333333337,0.33333333333333337,0.15,18.8125,25.0,72
1628998,2021-22,71.0,1,0.3055555555555556,0.29629629629629634,0.25,16.326923076923077,26.0,82
1628998,2022-23,7.0,1,0.24841915085817526,0.20363917924893535,0.35,26.281690140845072,27.0,82
1628998,2023-24,28.0,1,0.4421860885275519,0.6006581494386373,0.44999999999999996,19.142857142857142,28.0,82
1628998,2024-25,39.0,1,0.5691056910569107,0.656794425087108,0.5499999999999999,26.892857142857142,29.0,82
1628998,2025-26,4.0,1,0.6422764227642276,0.5209059233449477,0.65,24.794871794871796,30.0,82
1629001,2019-20,60.0,1,0.3902439024390244,0.3902439024390244,0.05,19.68,22.0,72
1629001,2020-21,52.0,1,0.2784552845528455,0.24119241192411922,0.05,19.45,23.0,72
1629001,2021-22,73.0,1,0.27822944896115626,0.262098335269067,0.05,20.096153846153847,24.0,82
1629001,2022-23,77.0,1,0.18473351400180668,0.1658923732094464,0.15,22.698630136986303,25.0,82
1629001,2023-24,38.0,1,0.14950316169828368,0.1058846302748742,0.25,27.92207792207792,26.0,82
1629001,2024-25,6.0,1,0.23577235772357727,0.33972125435540074,0.35,26.92105263157895,27.0,82
1629001,2025-26,49.0,1,0.508130081300813,0.691637630662021,0.44999999999999996,20.166666666666668,28.0,82
1629002,2019-20,18.0,1,0.6463414634146342,0.6463414634146342,0.05,5.0,23.0,72
1629002,2020-21,36.0,1,0.6981707317073171,0.7154471544715447,0.05,5.833333333333333,24.0,72
1629002,2021-22,60.0,1,0.6321138211382115,0.5923344947735192,0.15,13.555555555555555,25.0,82
1629002,2022-23,66.0,1,0.5060975609756098,0.40331010452961674,0.25,21.316666666666666,26.0,82
1629002,2023-24,37.0,1,0.3211382113821138,0.259581881533101,0.35,10.43939393939394,27.0,82
1629003,2019-20,40.0,1,0.7560975609756098,0.7560975609756098,0.05,13.4,23.0,72
1629003,2020-21,63.0,1,0.6002710027100271,0.5483288166214996,0.05,20.125,24.0,72
1629003,2021-22,55.0,1,0.44184733514001806,0.3064266356949284,0.15,23.19047619047619,25.0,82
1629003,2022-23,76.0,1,0.2995709123757904,0.28735965931087876,0.25,21.436363636363637,26.0,82
1629003,2023-24,38.0,1,0.17581300813008127,0.1537456445993031,0.35,20.61842105263158,27.0,82
1629003,2024-25,27.0,1,0.27235772357723576,0.3048780487804878,0.44999999999999996,12.921052631578947,28.0,82
1629004,2019-20,56.0,1,0.4878048780487805,0.4878048780487805,0.05,10.76923076923077,23.0,72
1629004,2020-21,36.0,1,0.35501355013550134,0.3107497741644083,0.05,22.589285714285715,24.0,72
1629004,2021-22,56.0,1,0.264453477868112,0.1807975222609369,0.15,17.61111111111111,25.0,82
1629004,2022-23,13.0,1,0.20754290876242096,0.23674022454510255,0.25,12.785714285714286,26.0,82
1629004,2023-24,41.0,1,0.3367208672086721,0.45092915214866436,0.35,3.076923076923077,27.0,82
1629004,2024-25,38.0,1,0.47560975609756095,0.5052264808362369,0.44999999999999996,10.073170731707316,28.0,82
1629004,2025-26,50.0,1,0.5487804878048781,0.5365853658536586,0.5499999999999999,20.0,29.0,82
1629006,2019-20,62.0,1,0.09756097560975607,0.09756097560975607,0.05,23.743243243243242,21.0,72
1629006,2020-21,59.0,1,0.11822493224932246,0.12511291779584457,0.05,24.951612903225808,22.0,72
1629006,2021-22,49.0,1,0.1390018066847335,0.15679442508710803,0.05,20.28813559322034,23.0,82
1629006,2022-23,72.0,1,0.24062782294489612,0.30139372822299654,0.05,10.53061224489796,24.0,82
1629006,2023-24,60.0,1,0.23498193315266488,0.21046264034068912,0.15,18.76388888888889,25.0,82
1629006,2024-25,25.0,1,0.26422764227642276,0.24564459930313592,0.25,16.0,26.0,82
1629006,2025-26,78.0,1,0.3008130081300813,0.38675958188153314,0.35,14.04,27.0,82
1629007,2023-24,26.0,1,0.8472222222222222,0.8472222222222222,0.05,4.909090909090909,24.0,82
1629008,2020-21,61.0,1,0.23611111111111116,0.23611111111111116,0.05,16.418181818181818,23.0,72
1629008,2021-22,9.0,1,0.19444444444444448,0.18055555555555558,0.05,31.34426229508197,24.0,82
1629008,2022-23,62.0,1,0.42637759710930445,0.5860917537746807,0.15,29.444444444444443,25.0,82
1629008,2023-24,81.0,1,0.4289747064137308,0.41555361982191247,0.25,29.0,26.0,82
1629008,2024-25,77.0,1,0.3821138211382114,0.2038327526132404,0.35,31.666666666666668,27.0,82
1629008,2025-26,52.0,1,0.10569105691056913,0.07317073170731711,0.44999999999999996,33.675324675324674,28.0,82
1629010,2019-20,42.0,1,0.5975609756097561,0.5975609756097561,0.05,9.727272727272727,23.0,72
1629010,2020-21,17.0,1,0.36128048780487804,0.28252032520325204,0.05,11.333333333333334,24.0,72
1629010,2023-24,22.0,1,0.495483288166215,0.5575880758807588,0.35,17.941176470588236,27.0,82
1629011,2019-20,61.0,1,0.19512195121951215,0.19512195121951215,0.05,20.606060606060606,22.0,72
1629011,2020-21,31.0,1,0.17394986449864497,0.16689250225835592,0.05,23.147540983606557,23.0,72
1629011,2021-22,72.0,1,0.3057813911472448,0.3969221835075493,0.05,27.516129032258064,24.0,82
1629011,2022-23,59.0,1,0.2813911472448058,0.2542102206736353,0.15,25.666666666666668,25.0,82
1629011,2023-24,31.0,1,0.32396115627822947,0.27647115756871854,0.25,26.93220338983051,26.0,82
1629011,2024-25,17.0,1,0.34146341463414637,0.4529616724738676,0.35,24.774193548387096,27.0,82
1629011,2025-26,60.0,1,0.5650406504065041,0.6707317073170732,0.44999999999999996,17.058823529411764,28.0,82
1629012,2019-20,65.0,1,0.0,0.0,0.05,31.76829268292683,21.0,72
1629012,2020-21,60.0,1,0.048611111111111105,0.06481481481481481,0.05,32.96923076923077,22.0,72
1629012,2021-22,11.0,1,0.08796296296296295,0.123015873015873,0.05,35.25,23.0,82
1629012,2022-23,48.0,1,0.3765808491418247,0.5562814556716996,0.05,28.727272727272727,24.0,82
1629012,2023-24,78.0,1,0.4823848238482385,0.508130081300813,0.15,23.854166666666668,25.0,82
1629012,2024-25,63.0,1,0.44308943089430897,0.27003484320557497,0.25,26.602564102564102,26.0,82
1629012,2025-26,42.0,1,0.23170731707317074,0.20557491289198607,0.35,27.904761904761905,27.0,82
1629013,2019-20,53.0,1,0.03658536585365857,0.03658536585365857,0.05,20.51851851851852,23.0,72
1629013,2020-21,61.0,1,0.1502371273712737,0.18812104787714543,0.05,27.39622641509434,24.0,72
1629013,2021-22,69.0,1,0.1510840108401084,0.16792489353464962,0.15,23.0,25.0,82
1629013,2022-23,40.0,1,0.19173441734417343,0.1719415408439799,0.25,20.82608695652174,26.0,82
1629013,2023-24,46.0,1,0.27450316169828365,0.3598044909020519,0.35,20.175,27.0,82
1629013,2024-25,50.0,1,0.3699186991869919,0.41986062717770034,0.44999999999999996,15.804347826086957,28.0,82
1629013,2025-26,51.0,1,0.4471544715447154,0.42160278745644597,0.5499999999999999,15.24,29.0,82
1629014,2019-20,70.0,1,0.7560975609756098,0.7560975609756098,0.05,7.05,21.0,72
1629014,2020-21,64.0,1,0.3919376693766938,0.2705510388437218,0.05,20.7,22.0,72
1629014,2021-22,57.0,1,0.29832881662149957,0.17944250871080142,0.05,17.25,23.0,82
1629014,2022-23,62.0,1,0.14792231255645893,0.2099303135888502,0.05,29.49122807017544,24.0,82
1629014,2023-24,46.0,1,0.21996386630532974,0.2423538521099497,0.15,35.016129032258064,25.0,82
1629014,2024-25,70.0,1,0.32926829268292684,0.3641114982578397,0.25,34.391304347826086,26.0,82
1629014,2025-26,49.0,1,0.2764227642276423,0.24390243902439024,0.35,32.74285714285714,27.0,82
1629015,2019-20,7.0,1,0.926829268292683,0.926829268292683,0.05,18.5,21.0,72
1629016,2019-20,49.0,1,0.4390243902439024,0.4390243902439024,0.05,17.5,22.0,72
1629017,2019-20,8.0,1,0.6829268292682926,0.6829268292682926,0.05,7.5,24.0,72
1629017,2020-21,5.0,1,0.7859078590785907,0.8202348690153567,0.15,7.625,25.0,72
1629018,2019-20,61.0,1,0.8170731707317074,0.8170731707317074,0.05,7.4,21.0,72
1629018,2020-21,41.0,1,0.4849254742547426,0.37420957542908767,0.05,21.83606557377049,22.0,72
1629018,2021-22,70.0,1,0.3880984643179765,0.27148664343786294,0.05,30.78048780487805,23.0,82
1629018,2022-23,66.0,1,0.1645212285456188,0.1610046457607433,0.05,34.97142857142857,24.0,82
1629018,2023-24,71.0,1,0.17863595302619692,0.18108788230739448,0.15,32.09090909090909,25.0,82
1629018,2024-25,74.0,1,0.15853658536585366,0.15331010452961674,0.25,28.08450704225352,26.0,82
1629018,2025-26,65.0,1,0.1422764227642276,0.1219512195121951,0.35,25.58108108108108,27.0,82
1629019,2019-20,24.0,1,0.2195121951219512,0.2195121951219512,0.05,22.796875,24.0,72
1629020,2019-20,9.0,1,0.7926829268292683,0.7926829268292683,0.05,4.0588235294117645,21.0,72
1629020,2020-21,64.0,1,0.8199525745257452,0.8290424570912376,0.05,4.555555555555555,22.0,72
1629020,2021-22,74.0,1,0.5836720867208672,0.41879597367402255,0.05,17.796875,23.0,82
1629020,2022-23,52.0,1,0.35196476964769646,0.20852690669763843,0.05,25.41891891891892,24.0,82
1629020,2023-24,29.0,1,0.08581752484191511,0.07162214479287653,0.15,24.115384615384617,25.0,82
1629020,2024-25,36.0,1,0.26422764227642276,0.397212543554007,0.25,20.03448275862069,26.0,82
1629020,2025-26,65.0,1,0.41869918699187,0.5121951219512196,0.35,16.13888888888889,27.0,82
1629021,2019-20,45.0,1,0.47560975609756095,0.47560975609756095,0.05,10.372093023255815,23.0,72
1629021,2020-21,25.0,1,0.4253048780487805,0.40853658536585363,0.05,18.555555555555557,24.0,72
1629021,2021-22,63.0,1,0.40853658536585363,0.3893728222996516,0.15,15.0,25.0,82
1629021,2022-23,57.0,1,0.32723577235772355,0.2931184668989547,0.25,15.238095238095237,26.0,82
1629021,2023-24,80.0,1,0.3038617886178862,0.2939895470383275,0.35,19.45614035087719,27.0,82
1629021,2024-25,30.0,1,0.1869918699186992,0.13414634146341467,0.44999999999999996,17.6875,28.0,82
1629021,2025-26,36.0,1,0.32113821138211385,0.4128919860627178,0.5499999999999999,18.8,29.0,82
1629022,2019-20,61.0,1,0.7926829268292683,0.7926829268292683,0.05,6.9411764705882355,21.0,72
1629022,2020-21,60.0,1,0.47273035230352306,0.3660794941282746,0.05,16.19672131147541,22.0,72
1629022,2021-22,70.0,1,0.37070912375790427,0.25212930700735575,0.05,25.366666666666667,23.0,82
1629022,2022-23,56.0,1,0.15526196928635952,0.1530681378242354,0.05,23.02857142857143,24.0,82
1629022,2023-24,58.0,1,0.2100271002710027,0.24680603948896632,0.15,23.160714285714285,25.0,82
1629022,2024-25,20.0,1,0.25203252032520324,0.2787456445993031,0.25,17.43103448275862,26.0,82
1629023,2020-21,64.0,1,0.19444444444444442,0.19444444444444442,0.05,30.32758620689655,22.0,72
1629023,2021-22,65.0,1,0.1527777777777778,0.13888888888888892,0.05,30.53125,23.0,82
1629023,2022-23,73.0,1,0.17095754290876242,0.17799070847851334,0.05,27.2,24.0,82
1629023,2023-24,44.0,1,0.14272809394760613,0.137824235385211,0.15,32.602739726027394,25.0,82
1629023,2024-25,57.0,1,0.1422764227642276,0.12369337979094075,0.25,29.227272727272727,26.0,82
1629023,2025-26,56.0,1,0.17479674796747968,0.22125435540069688,0.35,32.19298245614035,27.0,82
1629026,2019-20,39.0,1,0.4390243902439024,0.4390243902439024,0.15,23.456521739130434,25.0,72
1629026,2020-21,66.0,1,0.4486788617886179,0.4518970189701897,0.25,21.333333333333332,26.0,72
1629026,2021-22,49.0,1,0.3268970189701897,0.2412891986062718,0.35,21.606060606060606,27.0,82
1629026,2022-23,53.0,1,0.3147018970189702,0.3192508710801394,0.44999999999999996,21.877551020408163,28.0,82
1629026,2023-24,69.0,1,0.279810298102981,0.3289779326364693,0.5499999999999999,22.754716981132077,29.0,82
1629026,2024-25,69.0,1,0.3048780487804878,0.2491289198606272,0.65,14.91304347826087,30.0,82
1629026,2025-26,56.0,1,0.22357723577235775,0.18641114982578402,0.75,16.405797101449274,31.0,82
1629027,2019-20,60.0,1,0.012195121951219523,0.012195121951219523,0.05,30.901234567901234,21.0,72
1629027,2020-21,63.0,1,0.08943089430894308,0.11517615176151759,0.05,35.333333333333336,22.0,72
1629027,2021-22,76.0,1,0.10128726287262872,0.12078977932636469,0.05,33.73015873015873,23.0,82
1629027,2022-23,73.0,1,0.12161246612466121,0.10133565621370497,0.05,34.89473684210526,24.0,82
1629027,2023-24,54.0,1,0.1026422764227642,0.10148083623693378,0.15,34.80821917808219,25.0,82
1629027,2024-25,76.0,1,0.17479674796747965,0.23693379790940763,0.25,35.96296296296296,26.0,82
1629027,2025-26,10.0,1,0.17479674796747965,0.15505226480836232,0.35,36.03947368421053,27.0,82
1629028,2019-20,38.0,1,0.13414634146341464,0.13414634146341464,0.05,30.746478873239436,21.0,72
1629028,2020-21,69.0,1,0.3031842818428184,0.35953026196928634,0.05,32.526315789473685,22.0,72
1629028,2021-22,58.0,1,0.21601174345076782,0.1778939217963608,0.05,30.652173913043477,23.0,82
1629028,2022-23,67.0,1,0.2688572719060524,0.24661246612466123,0.05,29.53448275862069,24.0,82
1629028,2023-24,55.0,1,0.17242547425474256,0.19410569105691058,0.15,30.37313432835821,25.0,82
1629028,2024-25,40.0,1,0.2682926829268293,0.28222996515679444,0.25,32.41818181818182,26.0,82
1629028,2025-26,72.0,1,0.34146341463414637,0.41289198606271776,0.35,30.15,27.0,82
1629029,2019-20,61.0,1,0.12195121951219512,0.12195121951219512,0.05,32.19444444444444,21.0,72
1629029,2020-21,66.0,1,0.13736449864498645,0.1425022583559169,0.05,33.557377049180324,22.0,72
1629029,2021-22,65.0,1,0.11935411020776876,0.10869144405729773,0.05,34.27272727272727,23.0,82
1629029,2022-23,66.0,1,0.14780939476061428,0.16410181958962447,0.05,35.4,24.0,82
1629029,2023-24,70.0,1,0.1619241192411924,0.18263646922183505,0.15,36.22727272727273,25.0,82
1629029,2024-25,22.0,1,0.18292682926829265,0.16898954703832753,0.25,37.48571428571429,26.0,82
1629029,2025-26,64.0,1,0.24390243902439024,0.2926829268292683,0.35,35.68181818181818,27.0,82
1629033,2019-20,33.0,1,0.7804878048780488,0.7804878048780488,0.05,11.722222222222221,24.0,72
1629033,2020-21,17.0,1,0.6610772357723578,0.6212737127371274,0.15,11.06060606060606,25.0,72
1629033,2021-22,19.0,1,0.6953477868112015,0.7027680991095625,0.25,2.0,26.0,82
1629033,2022-23,40.0,1,0.691282746160795,0.7346593108788231,0.35,7.7894736842105265,27.0,82
1629034,2020-21,2.0,1,0.8292682926829268,0.8292682926829268,0.05,1.0,24.0,72
1629035,2020-21,31.0,1,0.48611111111111116,0.48611111111111116,0.05,9.486486486486486,23.0,72
1629035,2021-22,4.0,1,0.5277777777777778,0.5416666666666666,0.05,8.903225806451612,24.0,82
1629048,2020-21,45.0,1,0.25,0.25,0.05,8.722222222222221,21.0,72
1629048,2021-22,50.0,1,0.3125,0.3333333333333333,0.05,12.466666666666667,22.0,82
1629048,2022-23,21.0,1,0.33841463414634143,0.36585365853658536,0.05,14.58,23.0,82
1629048,2023-24,62.0,1,0.43394308943089427,0.47168989547038326,0.05,9.619047619047619,24.0,82
1629048,2024-25,70.0,1,0.39024390243902446,0.3484320557491289,0.15,15.435483870967742,25.0,82
1629048,2025-26,64.0,1,0.3089430894308943,0.2299651567944251,0.25,20.414285714285715,26.0,82
1629052,2020-21,21.0,1,0.7361111111111112,0.7361111111111112,0.05,7.105263157894737,23.0,72
1629052,2021-22,67.0,1,0.7222222222222222,0.7175925925925926,0.05,24.714285714285715,24.0,82
1629052,2022-23,65.0,1,0.542457091237579,0.4120692992644212,0.15,23.34328358208955,25.0,82
1629052,2023-24,55.0,1,0.3661924119241193,0.2719221835075493,0.25,16.661538461538463,26.0,82
1629052,2024-25,6.0,1,0.23983739837398374,0.2735191637630662,0.35,11.454545454545455,27.0,82
1629056,2020-21,34.0,1,0.0,0.0,0.05,16.791666666666668,24.0,72
1629056,2021-22,30.0,1,0.0763888888888889,0.10185185185185186,0.15,14.5,25.0,82
1629056,2022-23,64.0,1,0.2623080397470641,0.40602013162988776,0.25,17.866666666666667,26.0,82
1629056,2024-25,1.0,1,0.3354787714543812,0.3284456058846303,0.44999999999999996,13.140625,28.0,82
1629057,2019-20,29.0,1,0.6097560975609756,0.6097560975609756,0.05,8.84375,22.0,72
1629057,2020-21,52.0,1,0.6034891598915989,0.6014001806684733,0.05,13.379310344827585,23.0,72
1629057,2021-22,61.0,1,0.4949186991869919,0.4164730933023616,0.05,18.942307692307693,24.0,82
1629057,2022-23,35.0,1,0.37703252032520324,0.3110240030971738,0.15,29.57377049180328,25.0,82
1629057,2023-24,6.0,1,0.36901535682023495,0.44037940379403795,0.25,23.542857142857144,26.0,82
1629057,2024-25,20.0,1,0.5853658536585366,0.7299651567944251,0.35,19.833333333333332,27.0,82
1629057,2025-26,59.0,1,0.7520325203252033,0.7787456445993032,0.44999999999999996,17.55,28.0,82
1629058,2019-20,40.0,1,0.8902439024390244,0.8902439024390244,0.05,4.333333333333333,21.0,72
1629059,2019-20,55.0,1,0.35365853658536583,0.35365853658536583,0.05,18.07547169811321,22.0,72
1629060,2020-21,57.0,1,0.33333333333333337,0.33333333333333337,0.05,30.083333333333332,23.0,72
1629060,2021-22,42.0,1,0.27083333333333337,0.25000000000000006,0.05,31.526315789473685,24.0,82
1629060,2022-23,30.0,1,0.34315718157181574,0.38588850174216033,0.15,22.476190476190474,25.0,82
1629060,2023-24,68.0,1,0.3092818428184282,0.3015389082462253,0.25,24.266666666666666,26.0,82
1629060,2024-25,59.0,1,0.2967479674796748,0.2334494773519164,0.35,26.83823529411765,27.0,82
1629060,2025-26,68.0,1,0.22764227642276424,0.24216027874564464,0.44999999999999996,31.677966101694917,28.0,82
1629066,2019-20,47.0,1,0.23170731707317072,0.23170731707317072,0.05,20.53968253968254,22.0,72
1629066,2020-21,5.0,1,0.28946476964769646,0.30871725383920506,0.05,14.553191489361701,23.0,72
1629067,2019-20,66.0,1,0.7317073170731707,0.7317073170731707,0.05,5.454545454545454,20.0,72
1629067,2020-21,40.0,1,0.40752032520325204,0.2994579945799458,0.05,18.939393939393938,21.0,72
1629067,2021-22,15.0,1,0.4198283649503162,0.38230739450251644,0.05,10.8,22.0,82
1629076,2020-21,4.0,1,0.8194444444444444,0.8194444444444444,0.05,3.1818181818181817,23.0,72
1629076,2021-22,20.0,1,0.6875,0.6435185185185185,0.05,4.25,24.0,82
1629103,2020-21,35.0,1,0.5694444444444444,0.5694444444444444,0.15,15.96774193548387,25.0,72
1629103,2021-22,27.0,1,0.5416666666666666,0.5324074074074073,0.25,9.228571428571428,26.0,82
1629109,2019-20,18.0,1,0.3780487804878049,0.3780487804878049,0.15,12.568627450980392,25.0,72
1629109,2020-21,35.0,1,0.39735772357723576,0.40379403794037944,0.25,11.777777777777779,26.0,72
1629109,2021-22,38.0,1,0.4176829268292683,0.43495934959349597,0.35,18.2,27.0,82
1629111,2022-23,69.0,1,0.3414634146341463,0.3414634146341463,0.35,10.907407407407407,27.0,82
1629111,2023-24,56.0,1,0.25,0.21951219512195122,0.44999999999999996,14.18840579710145,28.0,82
1629111,2024-25,42.0,1,0.27235772357723576,0.27526132404181186,0.5499999999999999,13.642857142857142,29.0,82
1629111,2025-26,45.0,1,0.3211382113821138,0.39198606271777,0.65,11.904761904761905,30.0,82
1629117,2020-21,21.0,1,0.5833333333333333,0.5833333333333333,0.05,5.545454545454546,24.0,72
1629117,2021-22,1.0,1,0.6458333333333333,0.6666666666666666,0.15,11.476190476190476,25.0,82
1629117,2022-23,68.0,1,0.6581978319783197,0.6759581881533101,0.25,1.0,26.0,82
1629117,2023-24,5.0,1,0.5206639566395664,0.39387340301974444,0.35,15.058823529411764,27.0,82
1629121,2020-21,7.0,1,0.5853658536585367,0.5853658536585367,0.15,12.588235294117647,25.0,72
1629122,2019-20,1.0,1,0.975609756097561,0.975609756097561,0.15,8.5,25.0,72
1629126,2019-20,39.0,1,0.6097560975609756,0.6097560975609756,0.25,7.5,26.0,72
1629126,2022-23,2.0,1,0.5340447154471545,0.5088075880758808,0.5499999999999999,9.153846153846153,29.0,82
1629130,2019-20,72.0,0,0.8170731707317074,0.8170731707317074,0.25,10.733333333333333,26.0,72
1629130,2020-21,72.0,0,0.4085365853658537,0.2723577235772358,0.35,29.671232876712327,27.0,72
1629130,2021-22,79.0,1,0.2723577235772358,0.1167247386759582,0.44999999999999996,31.416666666666668,28.0,82
1629130,2022-23,42.0,1,0.012195121951219523,0.020905923344947754,0.5499999999999999,25.860759493670887,29.0,82
1629130,2023-24,68.0,1,0.17479674796747968,0.289198606271777,0.65,16.428571428571427,30.0,82
1629130,2024-25,74.0,1,0.23170731707317074,0.24216027874564464,0.75,28.029411764705884,31.0,82
1629130,2025-26,77.0,1,0.25203252032520324,0.17421602787456444,0.85,24.135135135135137,32.0,82
1629133,2019-20,4.0,1,0.9024390243902439,0.9024390243902439,0.05,11.25,24.0,72
1629134,2020-21,56.0,1,0.06944444444444442,0.06944444444444442,0.15,29.28358208955224,25.0,72
1629134,2022-23,39.0,1,0.14583333333333331,0.17129629629629628,0.35,29.464285714285715,27.0,82
1629139,2019-20,18.0,1,0.8170731707317074,0.8170731707317074,0.15,11.6,25.0,72
1629139,2020-21,50.0,1,0.7835365853658537,0.7723577235772359,0.25,5.833333333333333,26.0,72
1629139,2021-22,38.0,1,0.6242095754290876,0.5056136275648472,0.35,14.46,27.0,82
1629139,2022-23,58.0,1,0.530713640469738,0.5010646535036779,0.44999999999999996,11.710526315789474,28.0,82
1629139,2023-24,29.0,1,0.37827461607949414,0.36420828493999224,0.5499999999999999,16.0,29.0,82
1629140,2019-20,15.0,1,0.7073170731707317,0.7073170731707317,0.15,15.5,25.0,72
1629147,2019-20,4.0,1,0.9878048780487805,0.9878048780487805,0.05,8.0,24.0,72
1629151,2019-20,17.0,1,0.4878048780487805,0.4878048780487805,0.5499999999999999,10.80952380952381,29.0,72
1629162,2020-21,51.0,1,0.5833333333333333,0.5833333333333333,0.15,19.666666666666668,25.0,72
1629162,2021-22,62.0,1,0.43749999999999994,0.38888888888888884,0.25,18.392156862745097,26.0,82
1629162,2022-23,43.0,1,0.37296747967479665,0.3060394889663182,0.35,14.548387096774194,27.0,82
1629162,2023-24,56.0,1,0.337059620596206,0.383130081300813,0.44999999999999996,15.790697674418604,28.0,82
1629162,2024-25,28.0,1,0.34552845528455284,0.35191637630662015,0.5499999999999999,11.178571428571429,29.0,82
1629162,2025-26,44.0,1,0.4105691056910568,0.4094076655052264,0.65,6.785714285714286,30.0,82
1629164,2019-20,34.0,1,0.8048780487804879,0.8048780487804879,0.05,3.5625,24.0,72
1629164,2020-21,47.0,1,0.6663279132791329,0.6201445347786811,0.15,12.647058823529411,25.0,72
1629164,2021-22,36.0,1,0.5599593495934959,0.46418892760356173,0.25,13.191489361702128,26.0,82
1629168,2019-20,10.0,1,0.9146341463414634,0.9146341463414634,0.05,7.166666666666667,24.0,72
1629168,2021-22,4.0,1,0.8878726287262872,0.8789521228545619,0.25,8.3,26.0,82
1629185,2019-20,10.0,1,0.9146341463414634,0.9146341463414634,0.05,4.714285714285714,24.0,72
1629185,2020-21,22.0,1,0.7628726287262872,0.7122854561878952,0.15,12.3,25.0,72
1629185,2021-22,34.0,1,0.7400632339656731,0.7020905923344948,0.25,10.545454545454545,26.0,82
1629203,2021-22,2.0,1,0.926829268292683,0.926829268292683,0.35,23.833333333333332,27.0,82
1629216,2020-21,50.0,1,0.875,0.875,0.15,9.222222222222221,25.0,72
1629216,2021-22,68.0,1,0.5902777777777778,0.4953703703703704,0.25,13.1,26.0,82
1629216,2022-23,68.0,1,0.4504290876242096,0.30986256291134345,0.35,23.36764705882353,27.0,82
1629216,2023-24,11.0,1,0.215672990063234,0.18999225706542783,0.44999999999999996,25.86764705882353,28.0,82
1629216,2024-25,72.0,1,0.402439024390244,0.5679442508710801,0.5499999999999999,19.818181818181817,29.0,82
1629216,2025-26,29.0,1,0.38617886178861793,0.34146341463414637,0.65,21.208333333333332,30.0,82
1629234,2019-20,22.0,1,0.7195121951219512,0.7195121951219512,0.05,4.913043478260869,23.0,72
1629234,2020-21,54.0,1,0.7069783197831978,0.7028003613369466,0.05,12.363636363636363,24.0,72
1629234,2021-22,49.0,1,0.5546522131887985,0.44405729771583424,0.15,13.981481481481481,25.0,82
1629234,2022-23,78.0,1,0.35953026196928634,0.247289972899729,0.25,12.142857142857142,26.0,82
1629234,2023-24,75.0,1,0.1443089430894309,0.10191637630662023,0.35,20.307692307692307,27.0,82
1629234,2024-25,37.0,1,0.08943089430894309,0.08188153310104529,0.44999999999999996,15.586666666666666,28.0,82
1629234,2025-26,42.0,1,0.13008130081300814,0.17770034843205576,0.5499999999999999,15.35135135135135,29.0,82
1629244,2020-21,3.0,1,0.7682926829268293,0.7682926829268293,0.25,13.631578947368421,26.0,72
1629308,2020-21,53.0,1,0.8194444444444444,0.8194444444444444,0.44999999999999996,20.923076923076923,28.0,72
1629308,2021-22,73.0,1,0.5416666666666666,0.449074074074074,0.5499999999999999,20.90566037735849,29.0,82
1629308,2022-23,30.0,1,0.39769647696476956,0.25517808749516063,0.65,13.616438356164384,30.0,82
1629308,2023-24,11.0,1,0.2464995483288166,0.27811653116531165,0.75,12.166666666666666,31.0,82
1629312,2021-22,19.0,1,0.9390243902439024,0.9390243902439024,0.15,8.0,25.0,82
1629312,2022-23,54.0,1,0.8536585365853658,0.8252032520325203,0.25,8.578947368421053,26.0,82
1629312,2023-24,66.0,1,0.6829268292682927,0.548780487804878,0.35,17.944444444444443,27.0,82
1629312,2024-25,74.0,1,0.43495934959349586,0.31881533101045295,0.44999999999999996,20.696969696969695,28.0,82
1629312,2025-26,7.0,1,0.21138211382113817,0.16027874564459926,0.5499999999999999,24.56756756756757,29.0,82
1629346,2020-21,15.0,1,0.8055555555555556,0.8055555555555556,0.05,9.928571428571429,20.0,72
1629597,2021-22,1.0,1,0.9444444444444444,0.9444444444444444,0.25,12.75,26.0,82
1629599,2020-21,44.0,1,0.75,0.75,0.05,8.833333333333334,24.0,72
1629599,2021-22,69.0,1,0.5694444444444444,0.5092592592592592,0.15,8.977272727272727,25.0,82
1629599,2022-23,50.0,1,0.4324751580849142,0.30884630274874175,0.25,22.71014492753623,26.0,82
1629599,2023-24,70.0,1,0.31255645889792233,0.32384823848238486,0.35,12.5,27.0,82
1629599,2024-25,72.0,1,0.23170731707317074,0.2177700348432056,0.44999999999999996,20.87142857142857,28.0,82
1629599,2025-26,30.0,1,0.21951219512195122,0.1672473867595819,0.5499999999999999,24.27777777777778,29.0,82
1629603,2021-22,13.0,1,0.8055555555555556,0.8055555555555556,0.15,10.071428571428571,25.0,82
1629603,2022-23,22.0,1,0.823509485094851,0.8294941282746161,0.25,14.461538461538462,26.0,82
1629603,2023-24,3.0,1,0.7929087624209575,0.7736159504452187,0.35,8.0,27.0,82
1629604,2021-22,58.0,1,0.5833333333333333,0.5833333333333333,0.05,6.4,22.0,82
1629605,2020-21,19.0,1,0.9027777777777778,0.9027777777777778,0.15,4.714285714285714,25.0,72
1629605,2021-22,11.0,1,0.8194444444444444,0.7916666666666666,0.25,7.157894736842105,26.0,82
1629607,2020-21,8.0,1,0.9583333333333334,0.9583333333333334,0.05,2.6666666666666665,23.0,72
1629607,2021-22,5.0,1,0.9236111111111112,0.9120370370370371,0.05,2.0,24.0,82
1629610,2020-21,18.0,1,0.8194444444444444,0.8194444444444444,0.05,10.846153846153847,23.0,72
1629610,2021-22,3.0,1,0.6944444444444444,0.6527777777777778,0.05,12.88888888888889,24.0,82
1629610,2023-24,17.0,1,0.7841011743450768,0.8302845528455285,0.25,3.0,26.0,82
1629610,2024-25,47.0,1,0.7751806684733514,0.8095722028648858,0.35,2.7058823529411766,27.0,82
1629610,2025-26,3.0,1,0.7276422764227642,0.60801393728223,0.44999999999999996,22.78723404255319,28.0,82
1629611,2020-21,67.0,1,0.4305555555555556,0.4305555555555556,0.05,8.829268292682928,24.0,72
1629611,2021-22,81.0,1,0.25,0.1898148148148148,0.15,18.850746268656717,25.0,82
1629611,2022-23,81.0,1,0.17073170731707318,0.08831784746418893,0.25,28.604938271604937,26.0,82
1629611,2023-24,75.0,1,0.03127822944896116,0.020373596593108795,0.35,23.11111111111111,27.0,82
1629611,2024-25,37.0,1,0.036585365853658534,0.05400696864111497,0.44999999999999996,24.973333333333333,28.0,82
1629611,2025-26,63.0,1,0.0934959349593496,0.13066202090592335,0.5499999999999999,19.783783783783782,29.0,82
1629614,2023-24,68.0,1,0.08536585365853655,0.08536585365853655,0.05,27.653333333333332,24.0,82
1629614,2024-25,65.0,1,0.12804878048780488,0.14227642276422767,0.15,24.955882352941178,25.0,82
1629614,2025-26,57.0,1,0.15447154471544713,0.17944250871080136,0.25,28.93846153846154,26.0,82
1629617,2021-22,1.0,1,0.6388888888888888,0.6388888888888888,0.05,8.115384615384615,22.0,82
1629618,2024-25,49.0,1,0.6707317073170731,0.6707317073170731,0.15,4.518518518518518,25.0,82
1629618,2025-26,50.0,1,0.5365853658536586,0.491869918699187,0.25,13.591836734693878,26.0,82
1629622,2020-21,39.0,1,0.9722222222222222,0.9722222222222222,0.15,3.0,25.0,72
1629622,2021-22,68.0,1,0.7152777777777778,0.6296296296296297,0.25,13.0,26.0,82
1629622,2022-23,80.0,1,0.5337624209575429,0.36740224545102595,0.35,23.33823529411765,27.0,82
1629622,2023-24,70.0,1,0.21781842818428188,0.1281939605110337,0.44999999999999996,28.4,28.0,82
1629622,2024-25,50.0,1,0.11382113821138214,0.11498257839721257,0.5499999999999999,31.985714285714284,29.0,82
1629622,2025-26,12.0,1,0.1869918699186992,0.2682926829268293,0.65,25.46,30.0,82
1629623,2022-23,7.0,1,0.7682926829268293,0.7682926829268293,0.15,10.473684210526315,25.0,82
1629623,2023-24,3.0,1,0.8414634146341464,0.8658536585365854,0.25,12.428571428571429,26.0,82
1629626,2020-21,32.0,1,0.9027777777777778,0.9027777777777778,0.05,12.428571428571429,21.0,72
1629626,2021-22,14.0,1,0.7291666666666667,0.6712962962962963,0.05,5.0,22.0,82
1629626,2022-23,70.0,1,0.7625338753387534,0.761566008517228,0.05,5.785714285714286,23.0,82
1629626,2023-24,43.0,1,0.5103884372177055,0.399922570654278,0.05,21.5,24.0,82
1629626,2024-25,36.0,1,0.48373983739837395,0.43205574912891986,0.15,10.906976744186046,25.0,82
1629627,2020-21,61.0,1,0.6666666666666667,0.6666666666666667,0.05,27.833333333333332,20.0,72
1629627,2022-23,29.0,1,0.40972222222222227,0.3240740740740741,0.05,33.21311475409836,22.0,82
1629627,2023-24,70.0,1,0.4885953026196929,0.5082268679829657,0.05,32.96551724137931,23.0,82
1629627,2024-25,30.0,1,0.3151535682023487,0.29011807975222614,0.05,31.52857142857143,24.0,82
1629627,2025-26,62.0,1,0.47560975609756095,0.4965156794425087,0.15,28.566666666666666,25.0,82
1629628,2020-21,72.0,0,0.2222222222222222,0.2222222222222222,0.05,30.428571428571427,21.0,72
1629628,2021-22,70.0,1,0.1111111111111111,0.07407407407407407,0.05,34.875,22.0,82
1629628,2022-23,73.0,1,0.12285456187895212,0.11536972512582269,0.05,34.52857142857143,23.0,82
1629628,2023-24,26.0,1,0.08536585365853659,0.10452961672473868,0.05,33.917808219178085,24.0,82
1629628,2024-25,58.0,1,0.1829268292682927,0.21951219512195122,0.15,29.5,25.0,82
1629628,2025-26,57.0,1,0.23170731707317074,0.26655052264808365,0.25,32.224137931034484,26.0,82
1629629,2020-21,26.0,1,0.19444444444444442,0.19444444444444442,0.05,26.74137931034483,21.0,72
1629629,2021-22,34.0,1,0.41666666666666663,0.4907407407407407,0.05,28.846153846153847,22.0,82
1629629,2022-23,20.0,1,0.4119241192411924,0.4402826171118854,0.05,23.441176470588236,23.0,82
1629629,2023-24,48.0,1,0.5178410117434508,0.4989353464963221,0.05,21.9,24.0,82
1629629,2024-25,33.0,1,0.44308943089430897,0.44076655052264807,0.15,20.5,25.0,82
1629630,2020-21,63.0,1,0.06944444444444442,0.06944444444444442,0.05,30.955223880597014,21.0,72
1629630,2021-22,57.0,1,0.09722222222222221,0.10648148148148147,0.05,32.58730158730159,22.0,82
1629630,2022-23,61.0,1,0.16644083107497742,0.2198509485094851,0.05,33.14035087719298,23.0,82
1629630,2023-24,9.0,1,0.22865853658536586,0.25130662020905925,0.05,31.934426229508198,24.0,82
1629630,2024-25,50.0,1,0.48373983739837406,0.6254355400696864,0.15,35.333333333333336,25.0,82
1629630,2025-26,20.0,1,0.5121951219512195,0.5139372822299652,0.25,30.38,26.0,82
1629631,2020-21,23.0,1,0.125,0.125,0.05,32.03174603174603,23.0,72
1629631,2021-22,53.0,1,0.4027777777777778,0.4953703703703704,0.05,29.47826086956522,24.0,82
1629631,2022-23,67.0,1,0.3864046973803072,0.41439217963608205,0.15,29.754716981132077,25.0,82
1629631,2023-24,57.0,1,0.40571364046973807,0.3027971351142083,0.25,31.73134328358209,26.0,82
1629631,2024-25,37.0,1,0.2804878048780488,0.27700348432055755,0.35,29.49122807017544,27.0,82
1629631,2025-26,43.0,1,0.23577235772357727,0.23867595818815332,0.44999999999999996,28.756756756756758,28.0,82
1629632,2020-21,69.0,1,0.09722222222222221,0.09722222222222221,0.05,25.753846153846155,21.0,72
1629632,2021-22,61.0,1,0.06944444444444442,0.060185185185185154,0.05,31.246376811594203,22.0,82
1629632,2022-23,74.0,1,0.13166214995483286,0.17213511420828492,0.05,27.459016393442624,23.0,82
1629632,2023-24,79.0,1,0.1317750677506775,0.13487224157955863,0.05,23.37837837837838,24.0,82
1629632,2024-25,74.0,1,0.13008130081300814,0.08536585365853659,0.15,36.46835443037975,25.0,82
1629632,2025-26,29.0,1,0.07723577235772357,0.08013937282229965,0.25,33.108108108108105,26.0,82
1629633,2020-21,34.0,1,0.125,0.125,0.05,23.904761904761905,22.0,72
1629633,2021-22,37.0,1,0.3263888888888889,0.39351851851851855,0.05,14.676470588235293,23.0,82
1629633,2022-23,10.0,1,0.40051942186088524,0.48223964382500967,0.05,9.135135135135135,24.0,82
1629634,2020-21,59.0,1,0.19444444444444442,0.19444444444444442,0.05,22.413793103448278,24.0,72
1629634,2021-22,64.0,1,0.1875,0.1851851851851852,0.15,23.983050847457626,25.0,82
1629634,2022-23,56.0,1,0.19817073170731705,0.20480061943476577,0.25,19.46875,26.0,82
1629634,2023-24,6.0,1,0.23904697380307136,0.269696089818041,0.35,19.464285714285715,27.0,82
1629634,2024-25,64.0,1,0.4878048780487805,0.6515679442508712,0.44999999999999996,22.333333333333332,28.0,82
1629634,2025-26,2.0,1,0.4878048780487805,0.43554006968641107,0.5499999999999999,18.859375,29.0,82
1629635,2020-21,56.0,1,0.4722222222222222,0.4722222222222222,0.05,19.842105263157894,20.0,72
1629635,2021-22,2.0,1,0.3472222222222222,0.3055555555555555,0.05,15.517857142857142,21.0,82
1629636,2020-21,54.0,1,0.18055555555555558,0.18055555555555558,0.05,30.915254237288135,21.0,72
1629636,2021-22,68.0,1,0.2152777777777778,0.22685185185185186,0.05,33.148148148148145,22.0,82
1629636,2022-23,69.0,1,0.2004290876242096,0.19478319783197834,0.05,35.73529411764706,23.0,82
1629636,2023-24,57.0,1,0.19308943089430897,0.17508710801393731,0.05,35.46376811594203,24.0,82
1629636,2024-25,75.0,1,0.21138211382113825,0.24390243902439027,0.15,33.333333333333336,25.0,82
1629636,2025-26,26.0,1,0.1829268292682927,0.15853658536585366,0.25,30.68,26.0,82
1629637,2020-21,60.0,1,0.11111111111111116,0.11111111111111116,0.05,16.875,21.0,72
1629637,2021-22,70.0,1,0.1388888888888889,0.14814814814814814,0.05,16.066666666666666,22.0,82
1629637,2022-23,47.0,1,0.14137308039747065,0.14711575687185444,0.05,19.97142857142857,23.0,82
1629637,2023-24,70.0,1,0.24661246612466126,0.3095238095238095,0.05,12.97872340425532,24.0,82
1629637,2024-25,56.0,1,0.23983739837398377,0.2264808362369338,0.15,12.528571428571428,25.0,82
1629637,2025-26,66.0,1,0.2967479674796748,0.28397212543554007,0.25,19.517857142857142,26.0,82
1629638,2020-21,46.0,1,0.3472222222222222,0.3472222222222222,0.05,12.574468085106384,22.0,72
1629638,2021-22,50.0,1,0.3541666666666667,0.35648148148148157,0.05,21.891304347826086,23.0,82
1629638,2022-23,36.0,1,0.30521680216802166,0.2712446767324816,0.05,26.34,24.0,82
1629638,2023-24,82.0,0,0.28297199638663056,0.2710994967092528,0.15,14.666666666666666,25.0,82
1629638,2024-25,82.0,0,0.16260162601626016,0.10975609756097561,0.25,23.426829268292682,26.0,82
1629638,2025-26,78.0,1,0.0934959349593496,0.04006968641114983,0.35,25.28048780487805,27.0,82
1629639,2020-21,54.0,1,0.23611111111111116,0.23611111111111116,0.05,27.418181818181818,21.0,72
1629639,2021-22,66.0,1,0.24305555555555558,0.24537037037037038,0.05,30.27777777777778,22.0,82
1629639,2022-23,67.0,1,0.2270776874435411,0.2166569879984514,0.05,32.59090909090909,23.0,82
1629639,2023-24,42.0,1,0.20934959349593496,0.19599303135888504,0.05,34.850746268656714,24.0,82
1629639,2024-25,77.0,1,0.2886178861788618,0.35888501742160284,0.15,33.5,25.0,82
1629639,2025-26,33.0,1,0.24390243902439027,0.20034843205574918,0.25,35.38961038961039,26.0,82
1629640,2020-21,69.0,1,0.7638888888888888,0.7638888888888888,0.05,17.705882352941178,21.0,72
1629640,2021-22,75.0,1,0.40277777777777773,0.2824074074074074,0.05,28.52173913043478,22.0,82
1629640,2022-23,63.0,1,0.296973803071364,0.16981223383662405,0.05,31.893333333333334,23.0,82
1629640,2023-24,69.0,1,0.11957994579945797,0.16274680603948896,0.05,32.74603174603175,24.0,82
1629640,2024-25,77.0,1,0.15853658536585366,0.16898954703832755,0.15,29.536231884057973,25.0,82
1629640,2025-26,82.0,0,0.15040650406504066,0.11324041811846694,0.25,23.87012987012987,26.0,82
1629641,2020-21,18.0,1,0.5555555555555556,0.5555555555555556,0.05,11.5625,21.0,72
1629641,2021-22,44.0,1,0.6527777777777778,0.6851851851851851,0.05,15.722222222222221,22.0,82
1629641,2022-23,43.0,1,0.5733965672990063,0.5305845915602013,0.05,16.545454545454547,23.0,82
1629642,2020-21,48.0,1,0.33333333333333337,0.33333333333333337,0.05,11.916666666666666,21.0,72
1629642,2021-22,42.0,1,0.33333333333333337,0.3333333333333333,0.05,13.333333333333334,22.0,82
1629642,2022-23,54.0,1,0.3848238482384824,0.421602787456446,0.05,25.904761904761905,23.0,82
1629642,2023-24,45.0,1,0.3875338753387534,0.3821138211382114,0.05,18.074074074074073,24.0,82
1629643,2021-22,70.0,1,0.375,0.375,0.05,25.177777777777777,23.0,82
1629643,2022-23,27.0,1,0.2606707317073171,0.2225609756097561,0.05,24.985714285714284,24.0,82
1629643,2023-24,47.0,1,0.3973577235772357,0.47865853658536583,0.15,19.185185185185187,25.0,82
1629643,2024-25,7.0,1,0.4146341463414635,0.4564459930313589,0.25,9.191489361702128,26.0,82
1629644,2020-21,37.0,1,0.9305555555555556,0.9305555555555556,0.05,5.2,22.0,72
1629644,2021-22,21.0,1,0.7083333333333334,0.6342592592592593,0.05,12.08108108108108,23.0,82
1629644,2022-23,35.0,1,0.720189701897019,0.6969125048393341,0.05,11.619047619047619,24.0,82
1629645,2020-21,26.0,1,0.3055555555555556,0.3055555555555556,0.05,23.24,21.0,72
1629645,2021-22,61.0,1,0.4722222222222222,0.5277777777777778,0.05,32.15384615384615,22.0,82
1629645,2022-23,59.0,1,0.4001806684733514,0.3725319396051103,0.05,31.262295081967213,23.0,82
1629645,2024-25,45.0,1,0.3918247515808491,0.3247193186217577,0.15,34.30508474576271,25.0,82
1629645,2025-26,38.0,1,0.2073170731707317,0.16550522648083624,0.25,19.644444444444446,26.0,82
1629646,2022-23,35.0,1,0.7195121951219512,0.7195121951219512,0.05,7.304347826086956,22.0,82
1629646,2023-24,19.0,1,0.6463414634146342,0.6219512195121951,0.05,14.514285714285714,23.0,82
1629646,2024-25,36.0,1,0.6869918699186992,0.7055749128919862,0.05,10.789473684210526,24.0,82
1629646,2025-26,2.0,1,0.6341463414634146,0.6219512195121951,0.15,10.444444444444445,25.0,82
1629647,2020-21,55.0,1,0.1527777777777778,0.1527777777777778,0.05,18.508196721311474,21.0,72
1629647,2021-22,69.0,1,0.19444444444444448,0.20833333333333337,0.05,31.163636363636364,22.0,82
1629647,2022-23,36.0,1,0.1824751580849142,0.17987804878048783,0.05,27.884057971014492,23.0,82
1629647,2023-24,3.0,1,0.2900858175248419,0.3508033294618661,0.05,15.416666666666666,24.0,82
1629648,2020-21,14.0,1,0.8611111111111112,0.8611111111111112,0.05,5.3,23.0,72
1629649,2020-21,4.0,1,0.875,0.875,0.05,5.888888888888889,22.0,72
1629649,2021-22,42.0,1,0.8472222222222222,0.8379629629629629,0.05,1.75,23.0,82
1629650,2020-21,43.0,1,0.875,0.875,0.05,3.6666666666666665,21.0,72
1629650,2021-22,26.0,1,0.6388888888888888,0.5601851851851852,0.05,21.3953488372093,22.0,82
1629650,2022-23,34.0,1,0.596657633242999,0.5327622919086333,0.05,6.5,23.0,82
1629650,2023-24,22.0,1,0.4919828364950316,0.5244386372435154,0.05,8.470588235294118,24.0,82
1629650,2024-25,9.0,1,0.6016260162601627,0.6515679442508711,0.15,9.090909090909092,25.0,82
1629651,2020-21,32.0,1,0.7916666666666666,0.7916666666666666,0.05,12.466666666666667,22.0,72
1629651,2021-22,47.0,1,0.6736111111111112,0.6342592592592592,0.05,18.5625,23.0,82
1629651,2022-23,76.0,1,0.5913504968383018,0.5157278358497871,0.05,20.72340425531915,24.0,82
1629651,2023-24,71.0,1,0.35185185185185186,0.24312814556716994,0.15,29.88157894736842,25.0,82
1629651,2024-25,70.0,1,0.21138211382113822,0.15853658536585366,0.25,29.802816901408452,26.0,82
1629651,2025-26,69.0,1,0.11788617886178861,0.13240418118466898,0.35,26.885714285714286,27.0,82
1629652,2020-21,52.0,1,0.5,0.5,0.05,22.77777777777778,22.0,72
1629652,2021-22,51.0,1,0.3888888888888889,0.35185185185185186,0.05,29.673076923076923,23.0,82
1629652,2022-23,74.0,1,0.3852755194218609,0.36682152535811074,0.05,32.64705882352941,24.0,82
1629652,2023-24,79.0,1,0.25112917795844625,0.2034456058846303,0.15,30.7027027027027,25.0,82
1629652,2024-25,71.0,1,0.17073170731707318,0.10278745644599305,0.25,28.430379746835442,26.0,82
1629652,2025-26,69.0,1,0.08943089430894309,0.1010452961672474,0.35,29.197183098591548,27.0,82
1629653,2021-22,11.0,1,0.8472222222222222,0.8472222222222222,0.05,4.545454545454546,22.0,82
1629653,2022-23,6.0,1,0.8565379403794038,0.8596431797651309,0.05,7.7272727272727275,23.0,82
1629655,2020-21,31.0,1,0.4027777777777778,0.4027777777777778,0.05,14.162790697674419,22.0,72
1629655,2021-22,72.0,1,0.3263888888888889,0.30092592592592593,0.05,12.35483870967742,23.0,82
1629655,2022-23,78.0,1,0.25824299909665765,0.19865466511807975,0.05,20.055555555555557,24.0,82
1629655,2023-24,45.0,1,0.1402439024390244,0.09843205574912894,0.15,20.564102564102566,25.0,82
1629655,2024-25,57.0,1,0.08943089430894309,0.08710801393728222,0.25,26.488888888888887,26.0,82
1629655,2025-26,55.0,1,0.15040650406504066,0.20905923344947738,0.35,21.50877192982456,27.0,82
1629656,2022-23,71.0,1,0.4390243902439024,0.4390243902439024,0.05,17.08695652173913,23.0,82
1629656,2023-24,45.0,1,0.2865853658536585,0.23577235772357721,0.05,29.87323943661972,24.0,82
1629656,2024-25,47.0,1,0.3170731707317073,0.3170731707317073,0.15,20.22222222222222,25.0,82
1629656,2025-26,75.0,1,0.1991869918699187,0.17595818815331007,0.25,22.76595744680851,26.0,82
1629657,2020-21,31.0,1,0.9583333333333334,0.9583333333333334,0.05,3.3333333333333335,23.0,72
1629657,2021-22,19.0,1,0.7638888888888888,0.6990740740740741,0.05,7.580645161290323,24.0,82
1629658,2020-21,19.0,1,0.8194444444444444,0.8194444444444444,0.05,7.923076923076923,22.0,72
1629658,2021-22,7.0,1,0.7777777777777778,0.763888888888889,0.05,16.842105263157894,23.0,82
1629659,2020-21,65.0,1,0.9166666666666666,0.9166666666666666,0.05,13.5,20.0,72
1629659,2021-22,60.0,1,0.5069444444444444,0.3703703703703704,0.05,20.06153846153846,21.0,82
1629659,2022-23,65.0,1,0.42739385727190604,0.31204026325977546,0.05,25.183333333333334,22.0,82
1629659,2023-24,51.0,1,0.19094399277326105,0.20901084010840107,0.05,20.2,23.0,82
1629659,2024-25,58.0,1,0.2845528455284553,0.31358885017421606,0.05,19.784313725490197,24.0,82
1629660,2020-21,33.0,1,0.5694444444444444,0.5694444444444444,0.05,10.580645161290322,23.0,72
1629660,2021-22,48.0,1,0.5555555555555556,0.5509259259259259,0.05,23.87878787878788,24.0,82
1629660,2022-23,45.0,1,0.5085817524841915,0.4730449090205188,0.15,16.6875,25.0,82
1629660,2023-24,2.0,1,0.4691734417344174,0.45368757259001163,0.25,18.133333333333333,26.0,82
1629660,2024-25,70.0,1,0.6138211382113821,0.7456445993031359,0.35,7.5,27.0,82
1629660,2025-26,15.0,1,0.524390243902439,0.4268292682926829,0.44999999999999996,19.885714285714286,28.0,82
1629661,2020-21,60.0,1,0.20833333333333337,0.20833333333333337,0.15,22.017543859649123,25.0,72
1629661,2021-22,66.0,1,0.1875,0.18055555555555555,0.25,23.95,26.0,82
1629661,2022-23,17.0,1,0.19004065040650406,0.18887921022067358,0.35,26.21212121212121,27.0,82
1629661,2023-24,58.0,1,0.28319783197831977,0.3583042973286875,0.44999999999999996,25.235294117647058,28.0,82
1629661,2024-25,57.0,1,0.3252032520325203,0.3344947735191638,0.5499999999999999,27.56896551724138,29.0,82
1629661,2025-26,54.0,1,0.3617886178861789,0.3275261324041812,0.65,31.57894736842105,30.0,82
1629662,2020-21,23.0,1,0.8333333333333334,0.8333333333333334,0.05,5.333333333333333,23.0,72
1629662,2022-23,4.0,1,0.6458333333333334,0.5833333333333334,0.15,4.086956521739131,25.0,82
1629663,2020-21,6.0,1,0.8611111111111112,0.8611111111111112,0.05,6.2,22.0,72
1629663,2021-22,10.0,1,0.8888888888888888,0.8981481481481483,0.05,14.166666666666666,23.0,82
1629663,2022-23,1.0,1,0.8852755194218608,0.8866627951993805,0.05,10.4,24.0,82
1629665,2020-21,4.0,1,0.9305555555555556,0.9305555555555556,0.05,6.4,21.0,72
1629667,2020-21,47.0,1,0.7777777777777778,0.7777777777777778,0.05,18.3125,23.0,72
1629667,2021-22,55.0,1,0.5625,0.49074074074074076,0.05,19.23404255319149,24.0,82
1629667,2022-23,56.0,1,0.48475609756097554,0.39847077042198986,0.15,16.272727272727273,25.0,82
1629667,2023-24,50.0,1,0.23362691960252935,0.15761711188540456,0.25,26.678571428571427,26.0,82
1629667,2024-25,4.0,1,0.24796747967479674,0.2770034843205575,0.35,10.76,27.0,82
1629669,2020-21,42.0,1,0.7916666666666666,0.7916666666666666,0.05,10.066666666666666,21.0,72
1629669,2021-22,62.0,1,0.6041666666666666,0.5416666666666666,0.05,18.071428571428573,22.0,82
1629669,2022-23,65.0,1,0.4840785907859078,0.3715156794425087,0.05,15.725806451612904,23.0,82
1629669,2023-24,9.0,1,0.28929539295392953,0.2476771196283391,0.05,19.26153846153846,24.0,82
1629669,2024-25,8.0,1,0.43089430894308944,0.5749128919860628,0.15,17.333333333333332,25.0,82
1629670,2021-22,62.0,1,0.5833333333333333,0.5833333333333333,0.05,9.133333333333333,23.0,82
1629670,2022-23,38.0,1,0.41361788617886175,0.3570460704607046,0.05,19.112903225806452,24.0,82
1629670,2023-24,18.0,1,0.3570460704607046,0.2923925667828107,0.15,15.710526315789474,25.0,82
1629671,2020-21,54.0,1,0.8611111111111112,0.8611111111111112,0.05,10.9,23.0,72
1629671,2021-22,16.0,1,0.5555555555555556,0.4537037037037037,0.05,9.61111111111111,24.0,82
1629672,2020-21,40.0,1,0.16666666666666663,0.16666666666666663,0.05,27.566666666666666,24.0,72
1629672,2021-22,58.0,1,0.3055555555555555,0.3518518518518518,0.15,17.375,25.0,82
1629673,2020-21,51.0,1,0.20833333333333337,0.20833333333333337,0.05,22.350877192982455,22.0,72
1629673,2021-22,76.0,1,0.25,0.2638888888888889,0.05,19.372549019607842,23.0,82
1629673,2022-23,82.0,0,0.19105691056910568,0.15490708478513351,0.05,30.039473684210527,24.0,82
1629673,2023-24,78.0,1,0.12161246612466121,0.06257259001161439,0.15,29.975609756097562,25.0,82
1629673,2024-25,68.0,1,0.04065040650406504,0.0383275261324042,0.25,30.076923076923077,26.0,82
1629673,2025-26,39.0,1,0.0731707317073171,0.1114982578397213,0.35,29.426470588235293,27.0,82
1629674,2022-23,5.0,1,0.8170731707317074,0.8170731707317074,0.05,8.0,23.0,82
1629674,2023-24,28.0,1,0.8780487804878049,0.8983739837398375,0.05,5.8,24.0,82
1629674,2024-25,62.0,1,0.8048780487804877,0.7613240418118467,0.15,11.892857142857142,25.0,82
1629674,2025-26,76.0,1,0.6138211382113821,0.4616724738675958,0.25,13.919354838709678,26.0,82
1629675,2020-21,70.0,1,0.5833333333333333,0.5833333333333333,0.05,16.5,21.0,72
1629675,2021-22,77.0,1,0.3055555555555555,0.21296296296296294,0.05,19.242857142857144,22.0,82
1629675,2022-23,68.0,1,0.2240289069557362,0.1261130468447542,0.05,15.779220779220779,23.0,82
1629675,2023-24,81.0,1,0.08649503161698287,0.11895083236546655,0.05,18.397058823529413,24.0,82
1629675,2024-25,80.0,1,0.08130081300813012,0.06445993031358888,0.15,24.246913580246915,25.0,82
1629675,2025-26,77.0,1,0.0691056910569106,0.041811846689895495,0.25,27.5,26.0,82
1629676,2020-21,61.0,1,0.9583333333333334,0.9583333333333334,0.05,3.6666666666666665,23.0,72
1629676,2021-22,45.0,1,0.5555555555555556,0.4212962962962963,0.05,23.360655737704917,24.0,82
1629676,2022-23,42.0,1,0.520776874435411,0.4383952768099109,0.15,21.066666666666666,25.0,82
1629677,2020-21,33.0,1,0.9583333333333334,0.9583333333333334,0.05,16.0,21.0,72
1629677,2022-23,7.0,1,0.75,0.6805555555555557,0.05,9.333333333333334,23.0,82
1629677,2023-24,43.0,1,0.804878048780488,0.81431475029036,0.05,23.0,24.0,82
1629678,2021-22,38.0,1,0.5416666666666667,0.5416666666666667,0.15,11.151515151515152,25.0,82
1629678,2022-23,37.0,1,0.5391260162601627,0.538279132791328,0.25,12.342105263157896,26.0,82
1629678,2023-24,23.0,1,0.5423441734417345,0.5442799070847852,0.35,12.18918918918919,27.0,82
1629680,2020-21,65.0,1,0.09722222222222221,0.09722222222222221,0.05,19.8,24.0,72
1629680,2021-22,66.0,1,0.09722222222222221,0.09722222222222221,0.15,19.96923076923077,25.0,82
1629680,2022-23,49.0,1,0.12985546522131886,0.15316492450638788,0.25,25.53030303030303,26.0,82
1629680,2023-24,65.0,1,0.142163504968383,0.14629307007355788,0.35,12.061224489795919,27.0,82
1629680,2024-25,15.0,1,0.17886178861788615,0.1846689895470383,0.44999999999999996,22.876923076923077,28.0,82
1629680,2025-26,30.0,1,0.38617886178861793,0.5452961672473868,0.5499999999999999,20.8,29.0,82
1629681,2021-22,36.0,1,0.75,0.75,0.05,10.11111111111111,24.0,82
1629682,2020-21,26.0,1,0.8472222222222222,0.8472222222222222,0.05,10.818181818181818,23.0,72
1629682,2021-22,2.0,1,0.7430555555555556,0.7083333333333334,0.05,9.153846153846153,24.0,82
1629683,2020-21,20.0,1,0.8472222222222222,0.8472222222222222,0.05,7.090909090909091,24.0,72
1629683,2021-22,11.0,1,0.7847222222222222,0.7638888888888888,0.15,6.05,25.0,82
1629684,2020-21,63.0,1,0.04166666666666663,0.04166666666666663,0.05,15.115942028985508,22.0,72
1629684,2021-22,77.0,1,0.08333333333333331,0.09722222222222221,0.05,18.063492063492063,23.0,82
1629684,2022-23,79.0,1,0.07588075880758809,0.07650987224157958,0.05,24.350649350649352,24.0,82
1629684,2023-24,47.0,1,0.07418699186991873,0.05618466898954707,0.15,25.88607594936709,25.0,82
1629684,2024-25,16.0,1,0.05691056910569107,0.06097560975609755,0.25,26.425531914893618,26.0,82
1629684,2025-26,36.0,1,0.3048780487804878,0.4860627177700349,0.35,29.9375,27.0,82
1629685,2021-22,50.0,1,0.5694444444444444,0.5694444444444444,0.15,16.548387096774192,25.0,82
1629685,2022-23,3.0,1,0.4798441734417344,0.44997741644083106,0.25,9.18,26.0,82
1629685,2023-24,3.0,1,0.6410343270099367,0.7433701122725512,0.35,3.3333333333333335,27.0,82
1629686,2021-22,3.0,1,0.7222222222222222,0.7222222222222222,0.05,6.65,22.0,82
1629690,2020-21,14.0,1,0.8472222222222222,0.8472222222222222,0.05,10.181818181818182,22.0,72
1629712,2021-22,2.0,1,0.9583333333333334,0.9583333333333334,0.05,18.666666666666668,22.0,82
1629716,2020-21,6.0,1,0.9861111111111112,0.9861111111111112,0.05,3.0,23.0,72
1629716,2023-24,2.0,1,0.9513888888888888,0.9398148148148149,0.25,4.833333333333333,26.0,82
1629717,2021-22,41.0,1,0.7222222222222222,0.7222222222222222,0.05,26.0,24.0,82
1629717,2023-24,10.0,1,0.5318428184281843,0.4683830171635049,0.25,16.829268292682926,26.0,82
1629718,2020-21,9.0,1,0.8611111111111112,0.8611111111111112,0.05,4.0,24.0,72
1629718,2021-22,3.0,1,0.8680555555555556,0.8703703703703703,0.15,16.88888888888889,25.0,82
1629718,2023-24,8.0,1,0.8226061427280941,0.7911343399148277,0.35,5.0,27.0,82
1629719,2020-21,20.0,1,0.9861111111111112,0.9861111111111112,0.05,9.0,24.0,72
1629719,2021-22,15.0,1,0.8541666666666667,0.8101851851851851,0.15,4.9,25.0,82
1629723,2020-21,43.0,1,0.7361111111111112,0.7361111111111112,0.15,9.526315789473685,25.0,72
1629723,2021-22,72.0,1,0.5694444444444444,0.513888888888889,0.25,13.372093023255815,26.0,82
1629723,2022-23,72.0,1,0.4202800361336947,0.289924506387921,0.35,17.944444444444443,27.0,82
1629723,2023-24,55.0,1,0.21556007226738935,0.16206929926442123,0.44999999999999996,20.75,28.0,82
1629723,2024-25,46.0,1,0.19105691056910568,0.24041811846689892,0.5499999999999999,21.345454545454544,29.0,82
1629723,2025-26,30.0,1,0.29674796747967475,0.36236933797909404,0.65,12.130434782608695,30.0,82
1629725,2020-21,9.0,1,0.875,0.875,0.15,11.0,25.0,72
1629726,2020-21,64.0,1,0.75,0.75,0.05,12.61111111111111,24.0,72
1629726,2021-22,65.0,1,0.4305555555555556,0.3240740740740741,0.15,16.21875,25.0,82
1629726,2022-23,45.0,1,0.3561427280939476,0.2573557878435927,0.25,26.338461538461537,26.0,82
1629726,2023-24,66.0,1,0.2199638663053297,0.27022841656987995,0.35,13.377777777777778,27.0,82
1629726,2024-25,47.0,1,0.2479674796747967,0.23867595818815326,0.44999999999999996,15.030303030303031,28.0,82
1629726,2025-26,15.0,1,0.3211382113821138,0.3484320557491289,0.5499999999999999,17.659574468085108,29.0,82
1629730,2020-21,14.0,1,0.7222222222222222,0.7222222222222222,0.05,8.05,23.0,72
1629730,2021-22,3.0,1,0.7638888888888888,0.7777777777777778,0.05,4.857142857142857,24.0,82
1629731,2020-21,63.0,1,0.8333333333333334,0.8333333333333334,0.05,5.916666666666667,24.0,72
1629731,2021-22,51.0,1,0.4791666666666667,0.36111111111111116,0.15,19.238095238095237,25.0,82
1629731,2022-23,44.0,1,0.44546070460704607,0.3707897793263647,0.25,19.215686274509803,26.0,82
1629731,2023-24,54.0,1,0.32215447154471544,0.39067944250871073,0.35,20.272727272727273,27.0,82
1629731,2024-25,59.0,1,0.3943089430894309,0.38153310104529614,0.44999999999999996,20.51851851851852,28.0,82
1629731,2025-26,59.0,1,0.3617886178861789,0.32404181184668995,0.5499999999999999,21.23728813559322,29.0,82
1629735,2020-21,11.0,1,0.38888888888888884,0.38888888888888884,0.05,7.863636363636363,24.0,72
1629735,2021-22,1.0,1,0.5902777777777777,0.6574074074074073,0.15,7.545454545454546,25.0,82
1629735,2022-23,1.0,1,0.6862014453477867,0.7834881920247775,0.25,3.0,26.0,82
1629738,2020-21,10.0,1,0.6944444444444444,0.6944444444444444,0.35,5.909090909090909,27.0,72
1629740,2020-21,22.0,1,0.16666666666666663,0.16666666666666663,0.65,17.366666666666667,30.0,72
1629743,2020-21,13.0,1,0.875,0.875,0.05,12.0,23.0,72
1629744,2020-21,26.0,1,0.4305555555555556,0.4305555555555556,0.25,10.731707317073171,26.0,72
1629744,2021-22,40.0,1,0.4027777777777778,0.39351851851851855,0.35,7.384615384615385,27.0,82
1629750,2020-21,25.0,1,0.33333333333333337,0.33333333333333337,0.35,9.75,27.0,72
1629750,2021-22,65.0,1,0.3819444444444445,0.3981481481481482,0.44999999999999996,13.8,28.0,82
1629750,2022-23,32.0,1,0.3237353206865402,0.2891018195896245,0.5499999999999999,23.369230769230768,29.0,82
1629750,2023-24,9.0,1,0.4158762420957543,0.4691734417344173,0.65,15.0,30.0,82
1629750,2024-25,50.0,1,0.5691056910569106,0.7125435540069686,0.75,25.555555555555557,31.0,82
1629750,2025-26,82.0,0,0.5569105691056911,0.4390243902439025,0.85,21.84,32.0,82
1629752,2020-21,29.0,1,0.7083333333333333,0.7083333333333333,0.05,6.380952380952381,24.0,72
1629752,2021-22,1.0,1,0.6527777777777777,0.6342592592592592,0.15,5.068965517241379,25.0,82
1629760,2021-22,1.0,1,0.9444444444444444,0.9444444444444444,0.35,4.75,27.0,82
1629833,2021-22,31.0,1,0.7638888888888888,0.7638888888888888,0.25,4.411764705882353,26.0,82
1629875,2022-23,4.0,1,0.8780487804878049,0.8780487804878049,0.44999999999999996,13.7,28.0,82
1629875,2023-24,14.0,1,0.9146341463414633,0.9268292682926829,0.5499999999999999,5.0,29.0,82
1629962,2021-22,5.0,1,0.8888888888888888,0.8888888888888888,0.25,9.25,26.0,82
1630162,2021-22,72.0,1,0.0,0.0,0.05,32.138888888888886,20.0,82
1630162,2022-23,79.0,1,0.06097560975609756,0.08130081300813008,0.05,34.25,21.0,82
1630162,2023-24,79.0,1,0.05284552845528456,0.05574912891986065,0.05,35.962025316455694,22.0,82
1630162,2024-25,79.0,1,0.06504065040650409,0.04878048780487808,0.05,35.063291139240505,23.0,82
1630162,2025-26,61.0,1,0.03658536585365857,0.03658536585365857,0.05,36.34177215189873,24.0,82
1630163,2021-22,75.0,1,0.29166666666666663,0.29166666666666663,0.05,28.80392156862745,20.0,82
1630163,2022-23,36.0,1,0.1885162601626016,0.15413279132791324,0.05,32.29333333333334,21.0,82
1630163,2023-24,22.0,1,0.31266937669376693,0.3866144018583043,0.05,35.22222222222222,22.0,82
1630163,2024-25,47.0,1,0.4593495934959349,0.5905923344947734,0.05,32.31818181818182,23.0,82
1630163,2025-26,72.0,1,0.5731707317073171,0.5331010452961673,0.05,32.02127659574468,24.0,82
1630164,2022-23,21.0,1,0.45833333333333337,0.45833333333333337,0.05,21.435897435897434,22.0,82
1630164,2023-24,63.0,1,0.45477642276422764,0.4535907859078591,0.05,12.476190476190476,23.0,82
1630164,2024-25,1.0,1,0.380420054200542,0.3268002322880372,0.05,17.317460317460316,24.0,82
1630164,2025-26,4.0,1,0.556910569105691,0.6951219512195121,0.05,5.0,24.0,82
1630165,2021-22,66.0,1,0.6388888888888888,0.6388888888888888,0.05,25.76923076923077,20.0,82
1630165,2022-23,76.0,1,0.4170054200542005,0.343044263775971,0.05,24.954545454545453,21.0,82
1630165,2023-24,42.0,1,0.302393857271906,0.18883081687959732,0.05,28.342105263157894,22.0,82
1630165,2024-25,6.0,1,0.25203252032520324,0.3275261324041812,0.05,24.0,23.0,82
1630165,2025-26,23.0,1,0.4959349593495935,0.6794425087108015,0.05,27.0,24.0,82
1630166,2021-22,82.0,0,0.25,0.25,0.05,23.27777777777778,21.0,82
1630166,2022-23,76.0,1,0.125,0.08333333333333333,0.05,24.195121951219512,22.0,82
1630166,2023-24,75.0,1,0.10772357723577235,0.07752613240418116,0.05,26.57894736842105,23.0,82
1630166,2024-25,72.0,1,0.05284552845528453,0.06968641114982575,0.05,30.093333333333334,24.0,82
1630166,2025-26,66.0,1,0.09349593495934956,0.10452961672473866,0.15,30.01388888888889,25.0,82
1630167,2021-22,72.0,1,0.13888888888888884,0.13888888888888884,0.05,11.016129032258064,24.0,82
1630167,2022-23,67.0,1,0.13042005420054198,0.12759710930442636,0.15,17.083333333333332,25.0,82
1630167,2023-24,82.0,0,0.1479223125564589,0.15921409214092144,0.25,15.686567164179104,26.0,82
1630167,2024-25,79.0,1,0.10162601626016261,0.0696864111498258,0.35,21.109756097560975,27.0,82
1630167,2025-26,24.0,1,0.0731707317073171,0.04703832752613243,0.44999999999999996,19.556962025316455,28.0,82
1630168,2021-22,48.0,1,0.3055555555555556,0.3055555555555556,0.05,12.02,21.0,82
1630168,2022-23,80.0,1,0.3600948509485095,0.37827461607949414,0.05,20.666666666666668,22.0,82
1630168,2023-24,55.0,1,0.24819331526648603,0.17605497483546267,0.05,23.1125,23.0,82
1630168,2024-25,74.0,1,0.25609756097560976,0.2543554006968641,0.05,25.545454545454547,24.0,82
1630168,2025-26,74.0,1,0.15040650406504064,0.15331010452961671,0.15,27.89189189189189,25.0,82
1630169,2021-22,51.0,1,0.19444444444444442,0.19444444444444442,0.05,30.103448275862068,22.0,82
1630169,2022-23,56.0,1,0.12771002710027102,0.10546522131887988,0.05,34.450980392156865,23.0,82
1630169,2023-24,69.0,1,0.19083107497741644,0.22638404955478125,0.05,33.625,24.0,82
1630169,2024-25,73.0,1,0.17886178861788618,0.18989547038327528,0.15,32.231884057971016,25.0,82
1630170,2021-22,71.0,1,0.13888888888888884,0.13888888888888884,0.05,17.032258064516128,21.0,82
1630170,2022-23,38.0,1,0.13651761517615174,0.13572719060523938,0.05,27.281690140845072,22.0,82
1630170,2023-24,68.0,1,0.269873532068654,0.3647890050329075,0.05,31.0,23.0,82
1630170,2024-25,64.0,1,0.2804878048780488,0.27003484320557497,0.05,33.05882352941177,24.0,82
1630170,2025-26,67.0,1,0.3089430894308943,0.2508710801393728,0.15,30.984375,25.0,82
1630171,2021-22,67.0,1,0.06944444444444442,0.06944444444444442,0.05,32.43283582089552,21.0,82
1630171,2022-23,76.0,1,0.12618563685636858,0.1450993676603433,0.05,29.567164179104477,22.0,82
1630171,2023-24,69.0,1,0.10851400180668473,0.10399728997289971,0.05,21.75,23.0,82
1630171,2024-25,55.0,1,0.13821138211382114,0.13763066202090593,0.05,27.347826086956523,24.0,82
1630171,2025-26,63.0,1,0.18699186991869918,0.2439024390243902,0.15,19.145454545454545,25.0,82
1630172,2021-22,17.0,1,0.01388888888888884,0.01388888888888884,0.05,27.929577464788732,20.0,82
1630172,2022-23,82.0,0,0.4032859078590786,0.5330849141824752,0.05,24.823529411764707,21.0,82
1630172,2023-24,43.0,1,0.2688572719060524,0.22846496322106077,0.05,28.329268292682926,22.0,82
1630172,2024-25,63.0,1,0.42276422764227645,0.38501742160278746,0.05,27.302325581395348,23.0,82
1630172,2025-26,72.0,1,0.23577235772357721,0.26829268292682923,0.05,25.015873015873016,24.0,82
1630173,2021-22,73.0,1,0.1527777777777778,0.1527777777777778,0.05,12.081967213114755,22.0,82
1630173,2022-23,55.0,1,0.1312669376693767,0.124096657633243,0.05,23.63013698630137,23.0,82
1630173,2023-24,25.0,1,0.19726738934056007,0.24133759194734802,0.05,20.745454545454546,24.0,82
1630173,2024-25,57.0,1,0.17886178861788615,0.16550522648083618,0.15,17.48,25.0,82
1630173,2025-26,73.0,1,0.24390243902439024,0.2491289198606272,0.25,20.526315789473685,26.0,82
1630174,2021-22,52.0,1,0.36111111111111116,0.36111111111111116,0.05,14.543478260869565,22.0,82
1630174,2022-23,73.0,1,0.36348238482384826,0.36427280939476064,0.05,11.038461538461538,23.0,82
1630174,2023-24,72.0,1,0.27890695573622404,0.21883468834688347,0.05,24.876712328767123,24.0,82
1630174,2024-25,45.0,1,0.1991869918699187,0.15331010452961674,0.15,27.708333333333332,25.0,82
1630174,2025-26,45.0,1,0.22764227642276422,0.3083623693379791,0.25,24.933333333333334,26.0,82
1630175,2021-22,65.0,1,0.3472222222222222,0.3472222222222222,0.05,27.085106382978722,22.0,82
1630175,2022-23,60.0,1,0.27726964769647694,0.25395212285456187,0.05,31.676923076923078,23.0,82
1630175,2023-24,81.0,1,0.2742773261065944,0.26214672861014326,0.05,25.866666666666667,24.0,82
1630175,2024-25,67.0,1,0.16260162601626016,0.1132404181184669,0.15,22.432098765432098,25.0,82
1630175,2025-26,35.0,1,0.1544715447154472,0.1463414634146342,0.15,18.417910447761194,25.0,82
1630176,2021-22,4.0,1,0.7361111111111112,0.7361111111111112,0.05,6.052631578947368,21.0,82
1630176,2022-23,11.0,1,0.8253726287262872,0.8551264679313461,0.05,4.25,22.0,82
1630177,2021-22,51.0,1,0.09722222222222221,0.09722222222222221,0.05,27.353846153846153,21.0,82
1630177,2022-23,44.0,1,0.23763550135501355,0.2844399277326107,0.05,17.80392156862745,22.0,82
1630177,2023-24,13.0,1,0.3128952122854562,0.3867111885404568,0.05,19.40909090909091,23.0,82
1630178,2021-22,75.0,1,0.1527777777777778,0.1527777777777778,0.05,15.344262295081966,21.0,82
1630178,2022-23,60.0,1,0.11907181571815717,0.10783649503161696,0.05,35.333333333333336,22.0,82
1630178,2023-24,70.0,1,0.16881210478771455,0.1995257452574526,0.05,33.6,23.0,82
1630178,2024-25,52.0,1,0.16666666666666666,0.17247386759581884,0.05,37.51428571428571,24.0,82
1630178,2025-26,70.0,1,0.2601626016260163,0.289198606271777,0.15,37.69230769230769,25.0,82
1630179,2021-22,2.0,1,0.8472222222222222,0.8472222222222222,0.05,5.090909090909091,21.0,82
1630180,2021-22,82.0,0,0.02777777777777779,0.02777777777777779,0.05,27.271428571428572,23.0,82
1630180,2022-23,52.0,1,0.013888888888888895,0.009259259259259264,0.05,32.97560975609756,24.0,82
1630180,2023-24,63.0,1,0.029584462511291803,0.03881145954316689,0.15,28.846153846153847,25.0,82
1630180,2025-26,72.0,1,0.09756097560975611,0.14982578397212545,0.35,32.73015873015873,27.0,82
1630181,2021-22,64.0,1,0.29166666666666663,0.29166666666666663,0.05,9.32,21.0,82
1630181,2022-23,26.0,1,0.2555894308943089,0.24356368563685635,0.05,21.90625,22.0,82
1630181,2023-24,8.0,1,0.31266937669376693,0.3482868757259001,0.05,13.884615384615385,23.0,82
1630182,2021-22,67.0,1,0.45833333333333337,0.45833333333333337,0.05,11.41025641025641,21.0,82
1630182,2022-23,60.0,1,0.32063008130081305,0.27472899728997296,0.05,15.507462686567164,22.0,82
1630182,2023-24,57.0,1,0.3031842818428185,0.27105110336817656,0.05,25.65,23.0,82
1630182,2024-25,68.0,1,0.2520325203252033,0.27700348432055755,0.05,26.403508771929825,24.0,82
1630182,2025-26,58.0,1,0.2479674796747968,0.22299651567944254,0.15,27.764705882352942,25.0,82
1630183,2021-22,70.0,1,0.125,0.125,0.05,23.984126984126984,21.0,82
1630183,2022-23,79.0,1,0.13567073170731708,0.13922764227642279,0.05,25.757142857142856,22.0,82
1630183,2023-24,72.0,1,0.10264227642276424,0.08057491289198608,0.05,30.59493670886076,23.0,82
1630183,2024-25,82.0,0,0.10162601626016261,0.1010452961672474,0.05,29.23611111111111,24.0,82
1630183,2025-26,73.0,1,0.05284552845528456,0.04006968641114983,0.15,31.878048780487806,25.0,82
1630184,2021-22,24.0,1,0.25,0.25,0.05,16.74074074074074,21.0,82
1630184,2022-23,25.0,1,0.47865853658536583,0.5548780487804877,0.05,14.208333333333334,22.0,82
1630184,2023-24,15.0,1,0.5508130081300813,0.6350174216027875,0.05,9.4,23.0,82
1630186,2021-22,19.0,1,0.8194444444444444,0.8194444444444444,0.05,7.230769230769231,21.0,82
1630186,2023-24,7.0,1,0.7938685636856369,0.7853432700993676,0.05,7.052631578947368,23.0,82
1630187,2021-22,3.0,1,0.5833333333333333,0.5833333333333333,0.05,5.366666666666666,22.0,82
1630188,2021-22,29.0,1,0.625,0.625,0.05,5.777777777777778,22.0,82
1630188,2022-23,68.0,1,0.5015243902439024,0.4603658536585366,0.05,13.172413793103448,23.0,82
1630188,2023-24,61.0,1,0.39126016260162605,0.2948606271777004,0.05,18.808823529411764,24.0,82
1630188,2024-25,64.0,1,0.2682926829268293,0.2491289198606272,0.15,17.16393442622951,25.0,82
1630188,2025-26,53.0,1,0.21544715447154472,0.2229965156794425,0.25,15.03125,26.0,82
1630190,2021-22,14.0,1,0.75,0.75,0.05,3.5555555555555554,24.0,82
1630191,2021-22,71.0,1,0.05555555555555558,0.05555555555555558,0.05,21.397058823529413,21.0,82
1630191,2022-23,50.0,1,0.09485094850948511,0.10794941282746162,0.05,25.577464788732396,22.0,82
1630191,2023-24,46.0,1,0.1933152664859982,0.2692605497483546,0.05,28.28,23.0,82
1630191,2024-25,72.0,1,0.3211382113821138,0.38153310104529614,0.05,30.934782608695652,24.0,82
1630191,2025-26,58.0,1,0.3170731707317073,0.2508710801393728,0.15,19.916666666666668,25.0,82
1630192,2021-22,41.0,1,0.41666666666666663,0.41666666666666663,0.05,9.452380952380953,21.0,82
1630192,2022-23,53.0,1,0.4583333333333333,0.47222222222222215,0.05,17.024390243902438,22.0,82
1630192,2023-24,58.0,1,0.4234417344173442,0.4044715447154471,0.05,13.735849056603774,23.0,82
1630192,2024-25,57.0,1,0.3821138211382114,0.3397212543554007,0.05,9.931034482758621,24.0,82
1630192,2025-26,52.0,1,0.3170731707317073,0.3083623693379791,0.15,10.666666666666666,25.0,82
1630193,2021-22,78.0,1,0.11111111111111116,0.11111111111111116,0.05,19.4375,23.0,82
1630193,2022-23,81.0,1,0.07994579945799463,0.06955736224028912,0.05,23.102564102564102,24.0,82
1630193,2023-24,30.0,1,0.05736224028906959,0.03677893921796364,0.15,28.938271604938272,25.0,82
1630193,2024-25,33.0,1,0.07723577235772361,0.10801393728223,0.25,24.0,26.0,82
1630193,2025-26,70.0,1,0.2601626016260163,0.39198606271777,0.35,27.818181818181817,27.0,82
1630194,2021-22,38.0,1,0.6388888888888888,0.6388888888888888,0.05,6.8076923076923075,23.0,82
1630194,2022-23,69.0,1,0.5877371273712737,0.5706865401987353,0.05,7.973684210526316,24.0,82
1630194,2023-24,82.0,0,0.44467028003613374,0.3351722802942315,0.15,10.942028985507246,25.0,82
1630194,2024-25,45.0,1,0.23170731707317074,0.12195121951219513,0.25,19.378048780487806,26.0,82
1630194,2025-26,65.0,1,0.2032520325203252,0.28048780487804875,0.35,9.733333333333333,27.0,82
1630195,2022-23,14.0,1,0.5731707317073171,0.5731707317073171,0.05,6.885714285714286,22.0,82
1630197,2021-22,61.0,1,0.375,0.375,0.05,24.22222222222222,20.0,82
1630197,2022-23,34.0,1,0.3155487804878049,0.29573170731707316,0.05,20.21311475409836,21.0,82
1630197,2023-24,10.0,1,0.4054878048780488,0.4612369337979095,0.05,20.61764705882353,22.0,82
1630198,2021-22,55.0,1,0.4305555555555556,0.4305555555555556,0.05,9.341463414634147,22.0,82
1630198,2022-23,73.0,1,0.3799119241192412,0.36303071364046974,0.05,11.072727272727272,23.0,82
1630198,2023-24,78.0,1,0.28985998193315266,0.21830236159504451,0.05,19.10958904109589,24.0,82
1630198,2024-25,74.0,1,0.16260162601626016,0.10627177700348434,0.15,18.525641025641026,25.0,82
1630198,2025-26,71.0,1,0.08536585365853659,0.08536585365853658,0.25,21.675675675675677,26.0,82
1630199,2021-22,9.0,1,0.6666666666666667,0.6666666666666667,0.05,3.875,22.0,82
1630200,2021-22,69.0,1,0.48611111111111116,0.48611111111111116,0.05,7.27027027027027,22.0,82
1630200,2022-23,68.0,1,0.3223238482384824,0.26772809394760616,0.05,16.63768115942029,23.0,82
1630200,2023-24,77.0,1,0.2717931345980127,0.21230158730158735,0.05,29.176470588235293,24.0,82
1630200,2024-25,28.0,1,0.13008130081300817,0.10627177700348436,0.15,27.766233766233768,25.0,82
1630200,2025-26,65.0,1,0.22357723577235775,0.2926829268292683,0.25,16.071428571428573,26.0,82
1630201,2021-22,44.0,1,0.3472222222222222,0.3472222222222222,0.05,19.74468085106383,24.0,82
1630201,2022-23,53.0,1,0.4053184281842818,0.4246838301716351,0.15,12.204545454545455,25.0,82
1630201,2023-24,31.0,1,0.3880984643179765,0.3840979481223384,0.25,13.037735849056604,26.0,82
1630201,2024-25,4.0,1,0.3252032520325203,0.2578397212543554,0.25,15.290322580645162,26.0,82
1630202,2021-22,71.0,1,0.08333333333333337,0.08333333333333337,0.05,19.21212121212121,24.0,82
1630202,2022-23,48.0,1,0.108739837398374,0.11720867208672088,0.15,14.098591549295774,25.0,82
1630202,2023-24,82.0,0,0.2107046070460705,0.2871660859465738,0.25,13.395833333333334,26.0,82
1630202,2024-25,80.0,1,0.1829268292682927,0.13763066202090593,0.35,22.26829268292683,27.0,82
1630202,2025-26,79.0,1,0.14634146341463417,0.0731707317073171,0.44999999999999996,28.3875,28.0,82
1630204,2023-24,19.0,1,0.9722222222222222,0.9722222222222222,0.05,2.0,24.0,82
1630205,2021-22,63.0,1,0.4444444444444444,0.4444444444444444,0.05,12.475,24.0,82
1630205,2022-23,62.0,1,0.33807588075880757,0.3026196928635953,0.15,16.11111111111111,25.0,82
1630205,2023-24,19.0,1,0.3066847335140018,0.2690669763840495,0.25,18.080645161290324,26.0,82
1630205,2024-25,17.0,1,0.33739837398373984,0.4094076655052265,0.35,6.421052631578948,27.0,82
1630206,2021-22,18.0,1,0.9444444444444444,0.9444444444444444,0.05,21.0,21.0,82
1630206,2022-23,2.0,1,0.8624661246612466,0.8351400180668472,0.05,6.722222222222222,22.0,82
1630207,2021-22,2.0,1,0.7083333333333333,0.7083333333333333,0.05,4.428571428571429,23.0,82
1630207,2023-24,15.0,1,0.8419715447154471,0.8865176151761517,0.15,1.0,25.0,82
1630208,2021-22,50.0,1,0.75,0.75,0.05,3.5,24.0,82
1630208,2022-23,65.0,1,0.5701219512195121,0.5101626016260162,0.15,7.34,25.0,82
1630208,2023-24,67.0,1,0.44918699186991873,0.3371080139372822,0.25,18.73846153846154,26.0,82
1630208,2024-25,21.0,1,0.2601626016260163,0.21951219512195122,0.35,26.253731343283583,27.0,82
1630208,2025-26,28.0,1,0.23170731707317074,0.2560975609756098,0.44999999999999996,20.952380952380953,28.0,82
1630209,2022-23,9.0,1,0.31707317073170727,0.31707317073170727,0.15,12.607142857142858,25.0,82
1630209,2023-24,48.0,1,0.6036585365853658,0.6991869918699187,0.25,9.222222222222221,26.0,82
1630209,2025-26,9.0,1,0.540650406504065,0.5365853658536586,0.35,11.354166666666666,27.0,82
1630210,2021-22,31.0,1,0.48611111111111116,0.48611111111111116,0.05,5.54054054054054,23.0,82
1630214,2021-22,53.0,1,0.18055555555555558,0.18055555555555558,0.05,18.389830508474578,23.0,82
1630214,2022-23,61.0,1,0.2671070460704607,0.2959575429087624,0.05,13.226415094339623,24.0,82
1630214,2023-24,34.0,1,0.2634372177055104,0.2731804103755323,0.15,19.34426229508197,25.0,82
1630214,2024-25,33.0,1,0.3170731707317073,0.31881533101045295,0.25,20.58823529411765,26.0,82
1630214,2025-26,14.0,1,0.3983739837398374,0.47560975609756095,0.35,7.0,27.0,82
1630215,2022-23,6.0,1,0.4878048780487805,0.4878048780487805,0.05,8.571428571428571,22.0,82
1630215,2023-24,40.0,1,0.7073170731707317,0.7804878048780489,0.05,12.833333333333334,23.0,82
1630215,2024-25,32.0,1,0.6422764227642276,0.6271777003484321,0.05,14.15,24.0,82
1630216,2021-22,7.0,1,0.6944444444444444,0.6944444444444444,0.05,4.454545454545454,24.0,82
1630217,2021-22,76.0,1,0.05555555555555558,0.05555555555555558,0.05,22.33823529411765,24.0,82
1630217,2022-23,58.0,1,0.0643631436314363,0.06729900632339654,0.15,29.81578947368421,25.0,82
1630217,2023-24,42.0,1,0.14046973803071364,0.19608981804103756,0.25,31.74137931034483,26.0,82
1630217,2024-25,69.0,1,0.2845528455284553,0.37282229965156793,0.35,34.357142857142854,27.0,82
1630217,2025-26,82.0,0,0.31300813008130085,0.2717770034843206,0.44999999999999996,31.956521739130434,28.0,82
1630218,2021-22,12.0,1,0.8194444444444444,0.8194444444444444,0.05,3.4615384615384617,22.0,82
1630219,2021-22,28.0,1,0.5416666666666667,0.5416666666666667,0.05,8.151515151515152,24.0,82
1630219,2022-23,6.0,1,0.6001016260162602,0.619579945799458,0.15,7.857142857142857,25.0,82
1630219,2023-24,21.0,1,0.7090108401084011,0.795150987224158,0.25,31.5,26.0,82
1630222,2021-22,4.0,1,0.5555555555555556,0.5555555555555556,0.05,11.807692307692308,23.0,82
1630222,2023-24,5.0,1,0.7533875338753387,0.8193315266485998,0.15,12.75,25.0,82
1630222,2024-25,10.0,1,0.8152664859981934,0.8877274487030584,0.25,5.6,26.0,82
1630224,2022-23,76.0,1,0.18292682926829273,0.18292682926829273,0.05,31.91044776119403,21.0,82
1630224,2023-24,82.0,0,0.12804878048780488,0.1097560975609756,0.05,34.23684210526316,22.0,82
1630224,2024-25,82.0,0,0.08536585365853659,0.0470383275261324,0.05,31.71951219512195,23.0,82
1630224,2025-26,32.0,1,0.024390243902439008,0.010452961672473862,0.05,32.890243902439025,24.0,82
1630225,2022-23,6.0,1,0.8536585365853658,0.8536585365853658,0.05,6.166666666666667,21.0,82
1630227,2022-23,57.0,1,0.7073170731707317,0.7073170731707317,0.05,10.875,21.0,82
1630227,2023-24,15.0,1,0.5060975609756098,0.43902439024390244,0.05,16.035087719298247,22.0,82
1630227,2024-25,3.0,1,0.6097560975609756,0.6550522648083624,0.05,3.3333333333333335,23.0,82
1630228,2022-23,67.0,1,0.14634146341463417,0.14634146341463417,0.05,16.928571428571427,20.0,82
1630228,2023-24,74.0,1,0.16463414634146345,0.1707317073170732,0.05,20.80597014925373,21.0,82
1630228,2024-25,47.0,1,0.14227642276422767,0.1289198606271777,0.05,26.33783783783784,22.0,82
1630228,2025-26,20.0,1,0.23577235772357727,0.2979094076655052,0.05,24.340425531914892,23.0,82
1630230,2021-22,55.0,1,0.5555555555555556,0.5555555555555556,0.05,21.875,24.0,82
1630230,2022-23,77.0,1,0.4424119241192412,0.40469738030713637,0.15,13.381818181818181,25.0,82
1630230,2023-24,66.0,1,0.31526648599819335,0.20828493999225708,0.25,23.272727272727273,26.0,82
1630230,2024-25,69.0,1,0.19512195121951217,0.17595818815331007,0.35,19.045454545454547,27.0,82
1630230,2025-26,74.0,1,0.13821138211382114,0.15505226480836237,0.44999999999999996,27.81159420289855,28.0,82
1630231,2021-22,79.0,1,0.375,0.375,0.05,23.733333333333334,21.0,82
1630231,2022-23,82.0,0,0.20579268292682928,0.14939024390243905,0.05,20.962025316455698,22.0,82
1630231,2023-24,2.0,1,0.13719512195121952,0.06402439024390245,0.05,27.951219512195124,23.0,82
1630231,2024-25,24.0,1,0.10162601626016261,0.15853658536585366,0.05,15.5,24.0,82
1630233,2021-22,37.0,1,0.5416666666666667,0.5416666666666667,0.05,8.454545454545455,24.0,82
1630233,2022-23,38.0,1,0.5452235772357724,0.5464092140921409,0.15,7.216216216216216,25.0,82
1630235,2021-22,60.0,1,0.5833333333333333,0.5833333333333333,0.05,10.066666666666666,24.0,82
1630235,2022-23,23.0,1,0.42581300813008127,0.37330623306233063,0.15,12.766666666666667,25.0,82
1630235,2023-24,38.0,1,0.5237127371273712,0.5711382113821138,0.25,12.043478260869565,26.0,82
1630237,2021-22,2.0,1,0.6666666666666667,0.6666666666666667,0.05,17.291666666666668,24.0,82
1630237,2022-23,62.0,1,0.8211382113821138,0.872628726287263,0.15,4.0,25.0,82
1630238,2021-22,7.0,1,0.9583333333333334,0.9583333333333334,0.05,3.6666666666666665,24.0,82
1630240,2021-22,37.0,1,0.33333333333333337,0.33333333333333337,0.05,16.270833333333332,23.0,82
1630240,2022-23,2.0,1,0.44105691056910573,0.4769647696476966,0.05,16.324324324324323,24.0,82
1630240,2023-24,24.0,1,0.5257452574525745,0.6016260162601625,0.15,5.0,25.0,82
1630241,2021-22,6.0,1,0.5833333333333333,0.5833333333333333,0.25,7.766666666666667,26.0,82
1630241,2022-23,5.0,1,0.7550813008130082,0.8123306233062331,0.35,9.666666666666666,27.0,82
1630241,2023-24,61.0,1,0.8163956639566395,0.8847270615563297,0.44999999999999996,11.8,28.0,82
1630241,2024-25,71.0,1,0.7073170731707318,0.5470383275261324,0.5499999999999999,17.524590163934427,29.0,82
1630241,2025-26,52.0,1,0.4430894308943089,0.28397212543554007,0.65,19.732394366197184,30.0,82
1630243,2022-23,7.0,1,0.8780487804878049,0.8780487804878049,0.25,7.4,26.0,82
1630243,2023-24,14.0,1,0.8963414634146342,0.9024390243902439,0.35,10.0,27.0,82
1630243,2024-25,31.0,1,0.8739837398373984,0.8606271777003485,0.44999999999999996,11.785714285714286,28.0,82
1630245,2022-23,80.0,1,0.060975609756097615,0.060975609756097615,0.05,27.4025974025974,23.0,82
1630245,2023-24,76.0,1,0.04268292682926833,0.03658536585365857,0.05,26.225,24.0,82
1630245,2024-25,46.0,1,0.05284552845528456,0.05749128919860626,0.15,29.105263157894736,25.0,82
1630245,2025-26,45.0,1,0.17886178861788615,0.2752613240418118,0.25,30.304347826086957,26.0,82
1630249,2022-23,29.0,1,0.6341463414634146,0.6341463414634146,0.05,23.0,23.0,82
1630249,2023-24,22.0,1,0.6402439024390244,0.6422764227642276,0.05,5.689655172413793,24.0,82
1630249,2024-25,57.0,1,0.6707317073170732,0.6933797909407665,0.15,24.59090909090909,25.0,82
1630249,2025-26,46.0,1,0.5609756097560976,0.475609756097561,0.25,20.228070175438596,26.0,82
1630250,2022-23,7.0,1,0.8902439024390244,0.8902439024390244,0.05,3.888888888888889,23.0,82
1630256,2021-22,78.0,1,0.02777777777777779,0.02777777777777779,0.25,29.185714285714287,26.0,82
1630256,2022-23,31.0,1,0.03827913279132794,0.04177958446251132,0.35,26.358974358974358,27.0,82
1630256,2023-24,65.0,1,0.232836495031617,0.37330623306233063,0.44999999999999996,21.838709677419356,28.0,82
1630256,2024-25,52.0,1,0.2926829268292683,0.30313588850174217,0.5499999999999999,15.861538461538462,29.0,82
1630256,2025-26,46.0,1,0.3983739837398374,0.35714285714285715,0.65,11.307692307692308,30.0,82
1630264,2021-22,44.0,1,0.6388888888888888,0.6388888888888888,0.5499999999999999,8.384615384615385,29.0,82
1630264,2022-23,59.0,1,0.5511517615176151,0.5219060523938572,0.65,10.522727272727273,30.0,82
1630264,2023-24,50.0,1,0.4609304426377597,0.38395276809910955,0.75,10.59322033898305,31.0,82
1630264,2024-25,51.0,1,0.37804878048780494,0.3693379790940767,0.85,9.32,32.0,82
1630264,2025-26,55.0,1,0.34959349593495936,0.36759581881533104,0.85,7.803921568627451,33.0,82
1630267,2021-22,65.0,1,0.09722222222222221,0.09722222222222221,0.75,21.923076923076923,31.0,82
1630267,2022-23,8.0,1,0.15226964769647694,0.17061878952122853,0.85,18.215384615384615,32.0,82
1630270,2022-23,4.0,1,0.8902439024390244,0.8902439024390244,0.15,4.0,25.0,82
1630271,2021-22,12.0,1,0.5555555555555556,0.5555555555555556,0.15,6.0,25.0,82
1630273,2021-22,9.0,1,0.7222222222222222,0.7222222222222222,0.15,19.6,25.0,82
1630284,2023-24,2.0,1,0.5853658536585367,0.5853658536585367,0.35,13.441176470588236,27.0,82
1630288,2022-23,25.0,1,0.8902439024390244,0.8902439024390244,0.25,7.0,26.0,82
1630288,2023-24,12.0,1,0.7926829268292683,0.7601626016260162,0.35,10.36,27.0,82
1630288,2024-25,41.0,1,0.8130081300813008,0.813588850174216,0.44999999999999996,11.833333333333334,28.0,82
1630296,2022-23,3.0,1,0.8658536585365854,0.8658536585365854,0.25,3.0,26.0,82
1630296,2023-24,20.0,1,0.9146341463414633,0.9308943089430893,0.35,3.0,27.0,82
1630296,2024-25,3.0,1,0.8617886178861789,0.8310104529616725,0.44999999999999996,3.0,28.0,82
1630311,2024-25,39.0,1,0.926829268292683,0.926829268292683,0.44999999999999996,4.333333333333333,28.0,82
1630311,2025-26,66.0,1,0.725609756097561,0.6585365853658537,0.5499999999999999,6.410256410256411,29.0,82
1630314,2023-24,17.0,1,0.7073170731707317,0.7073170731707317,0.05,26.666666666666668,24.0,82
1630314,2024-25,33.0,1,0.75,0.7642276422764228,0.15,6.647058823529412,25.0,82
1630314,2025-26,66.0,1,0.6991869918699187,0.6689895470383275,0.25,14.757575757575758,26.0,82
1630322,2022-23,41.0,1,0.6951219512195121,0.6951219512195121,0.15,18.6,25.0,82
1630322,2023-24,38.0,1,0.5975609756097561,0.5650406504065041,0.25,12.951219512195122,26.0,82
1630322,2024-25,38.0,1,0.5772357723577236,0.5487804878048781,0.35,7.368421052631579,27.0,82
1630322,2025-26,40.0,1,0.46747967479674796,0.4337979094076655,0.44999999999999996,17.236842105263158,28.0,82
1630346,2022-23,12.0,1,0.9878048780487805,0.9878048780487805,0.25,5.0,26.0,82
1630346,2023-24,28.0,1,0.7865853658536586,0.7195121951219513,0.35,10.75,27.0,82
1630346,2024-25,19.0,1,0.7439024390243901,0.6846689895470384,0.44999999999999996,13.928571428571429,28.0,82
1630466,2021-22,7.0,1,0.8611111111111112,0.8611111111111112,0.35,21.2,27.0,82
1630526,2022-23,43.0,1,0.4024390243902439,0.4024390243902439,0.05,22.183673469387756,22.0,82
1630526,2023-24,39.0,1,0.43902439024390244,0.4512195121951219,0.05,18.930232558139537,23.0,82
1630526,2024-25,66.0,1,0.46747967479674796,0.4930313588850174,0.05,8.564102564102564,24.0,82
1630526,2025-26,17.0,1,0.3983739837398374,0.3292682926829268,0.15,18.772727272727273,25.0,82
1630527,2022-23,22.0,1,0.3780487804878049,0.3780487804878049,0.05,14.901960784313726,21.0,82
1630527,2023-24,32.0,1,0.5548780487804879,0.6138211382113821,0.05,11.272727272727273,22.0,82
1630527,2024-25,42.0,1,0.573170731707317,0.6114982578397212,0.05,10.78125,23.0,82
1630528,2022-23,64.0,1,0.09756097560975607,0.09756097560975607,0.05,18.027027027027028,21.0,82
1630528,2024-25,14.0,1,0.15853658536585363,0.17886178861788615,0.05,12.28125,23.0,82
1630529,2022-23,66.0,1,0.04878048780487809,0.04878048780487809,0.05,29.935897435897434,24.0,82
1630529,2023-24,76.0,1,0.12195121951219512,0.14634146341463414,0.15,29.560606060606062,25.0,82
1630529,2024-25,20.0,1,0.10569105691056908,0.10452961672473864,0.25,30.539473684210527,26.0,82
1630529,2025-26,56.0,1,0.34146341463414637,0.48083623693379796,0.35,32.4,27.0,82
1630530,2022-23,79.0,1,0.24390243902439024,0.24390243902439024,0.05,13.935483870967742,23.0,82
1630530,2023-24,57.0,1,0.1402439024390244,0.10569105691056913,0.05,30.9873417721519,24.0,82
1630530,2024-25,53.0,1,0.19512195121951223,0.21951219512195125,0.15,29.649122807017545,25.0,82
1630530,2025-26,66.0,1,0.23170731707317074,0.29442508710801396,0.25,34.9811320754717,26.0,82
1630531,2022-23,16.0,1,0.975609756097561,0.975609756097561,0.05,3.0,20.0,82
1630531,2023-24,32.0,1,0.8902439024390244,0.8617886178861789,0.05,5.5625,21.0,82
1630531,2024-25,26.0,1,0.7276422764227642,0.5993031358885018,0.05,11.78125,22.0,82
1630532,2022-23,80.0,1,0.03658536585365857,0.03658536585365857,0.05,30.746835443037973,21.0,82
1630532,2023-24,72.0,1,0.030487804878048808,0.028455284552845555,0.05,32.6125,22.0,82
1630532,2024-25,60.0,1,0.06097560975609758,0.0818815331010453,0.05,32.458333333333336,23.0,82
1630532,2025-26,34.0,1,0.13821138211382114,0.1916376306620209,0.05,33.71666666666667,24.0,82
1630533,2022-23,37.0,1,0.24390243902439024,0.24390243902439024,0.05,21.70967741935484,21.0,82
1630533,2023-24,51.0,1,0.39634146341463417,0.4471544715447155,0.05,15.162162162162161,22.0,82
1630533,2024-25,63.0,1,0.39024390243902446,0.4076655052264808,0.05,20.352941176470587,23.0,82
1630533,2025-26,56.0,1,0.38617886178861793,0.31881533101045295,0.05,24.46031746031746,24.0,82
1630534,2023-24,51.0,1,0.2804878048780488,0.2804878048780488,0.05,20.491525423728813,24.0,82
1630534,2024-25,64.0,1,0.16463414634146345,0.12601626016260167,0.15,19.666666666666668,25.0,82
1630534,2025-26,42.0,1,0.1829268292682927,0.1794425087108014,0.15,27.171875,25.0,82
1630535,2022-23,16.0,1,0.41463414634146345,0.41463414634146345,0.05,13.333333333333334,21.0,82
1630535,2023-24,6.0,1,0.6097560975609757,0.6747967479674797,0.05,5.8125,22.0,82
1630536,2025-26,41.0,1,0.8414634146341463,0.8414634146341463,0.15,3.0,25.0,82
1630537,2022-23,46.0,1,0.3292682926829268,0.3292682926829268,0.25,28.01818181818182,26.0,82
1630537,2023-24,59.0,1,0.3841463414634146,0.4024390243902438,0.35,19.5,27.0,82
1630537,2024-25,17.0,1,0.34959349593495936,0.3327526132404181,0.44999999999999996,12.203389830508474,28.0,82
1630538,2022-23,42.0,1,0.1585365853658537,0.1585365853658537,0.05,18.985507246376812,22.0,82
1630538,2023-24,37.0,1,0.23780487804878048,0.26422764227642276,0.05,19.523809523809526,23.0,82
1630538,2024-25,20.0,1,0.34146341463414637,0.4268292682926829,0.05,14.594594594594595,24.0,82
1630538,2025-26,71.0,1,0.524390243902439,0.6062717770034843,0.15,11.1,25.0,82
1630539,2022-23,46.0,1,0.7439024390243902,0.7439024390243902,0.05,3.0,22.0,82
1630539,2024-25,28.0,1,0.5914634146341463,0.540650406504065,0.05,11.956521739130435,24.0,82
1630540,2022-23,64.0,1,0.5121951219512195,0.5121951219512195,0.05,9.3,22.0,82
1630540,2023-24,68.0,1,0.36585365853658536,0.3170731707317073,0.05,11.875,23.0,82
1630540,2024-25,64.0,1,0.3008130081300813,0.2334494773519164,0.05,19.529411764705884,24.0,82
1630540,2025-26,41.0,1,0.2032520325203252,0.20557491289198607,0.15,24.890625,25.0,82
1630541,2022-23,63.0,1,0.36585365853658536,0.36585365853658536,0.05,11.673076923076923,21.0,82
1630541,2023-24,66.0,1,0.29878048780487804,0.2764227642276423,0.05,12.968253968253968,22.0,82
1630541,2024-25,74.0,1,0.26422764227642276,0.22996515679442503,0.05,17.515151515151516,23.0,82
1630541,2025-26,60.0,1,0.17479674796747965,0.14459930313588848,0.05,22.283783783783782,24.0,82
1630543,2022-23,63.0,1,0.5609756097560976,0.5609756097560976,0.05,15.027777777777779,21.0,82
1630543,2023-24,60.0,1,0.39634146341463417,0.34146341463414637,0.05,16.53968253968254,22.0,82
1630543,2024-25,5.0,1,0.3536585365853659,0.2996515679442509,0.05,12.85,23.0,82
1630543,2025-26,38.0,1,0.4796747967479675,0.6463414634146342,0.05,16.8,24.0,82
1630544,2022-23,67.0,1,0.2682926829268293,0.2682926829268293,0.05,22.783333333333335,22.0,82
1630544,2023-24,13.0,1,0.225609756097561,0.21138211382113825,0.05,17.65671641791045,23.0,82
1630544,2024-25,13.0,1,0.3170731707317073,0.3763066202090593,0.05,9.153846153846153,24.0,82
1630544,2025-26,53.0,1,0.508130081300813,0.6498257839721253,0.15,24.53846153846154,25.0,82
1630545,2025-26,43.0,1,0.6097560975609756,0.6097560975609756,0.15,10.59375,25.0,82
1630547,2022-23,34.0,1,0.6219512195121951,0.6219512195121951,0.05,9.806451612903226,22.0,82
1630547,2023-24,14.0,1,0.603658536585366,0.5975609756097562,0.05,15.147058823529411,23.0,82
1630548,2023-24,20.0,1,0.7804878048780488,0.7804878048780488,0.05,12.88888888888889,23.0,82
1630548,2024-25,64.0,1,0.7682926829268293,0.7642276422764228,0.05,18.6,24.0,82
1630548,2025-26,21.0,1,0.5853658536585366,0.4529616724738676,0.05,19.84375,24.0,82
1630549,2022-23,48.0,1,0.6097560975609756,0.6097560975609756,0.05,12.21875,21.0,82
1630549,2023-24,61.0,1,0.5121951219512195,0.4796747967479675,0.05,11.520833333333334,22.0,82
1630549,2024-25,50.0,1,0.4268292682926829,0.3519163763066202,0.05,15.098360655737705,23.0,82
1630549,2025-26,62.0,1,0.3536585365853659,0.3554006968641115,0.05,18.14,24.0,82
1630550,2022-23,69.0,1,0.5975609756097561,0.5975609756097561,0.05,7.9393939393939394,20.0,82
1630550,2023-24,63.0,1,0.3780487804878049,0.3048780487804878,0.05,14.043478260869565,21.0,82
1630550,2024-25,9.0,1,0.32926829268292684,0.26306620209059234,0.05,12.396825396825397,22.0,82
1630551,2022-23,3.0,1,0.5609756097560976,0.5609756097560976,0.05,7.805555555555555,22.0,82
1630551,2023-24,15.0,1,0.75,0.8130081300813008,0.05,3.6666666666666665,23.0,82
1630551,2024-25,62.0,1,0.7723577235772359,0.8153310104529616,0.05,15.666666666666666,24.0,82
1630551,2025-26,69.0,1,0.6666666666666666,0.5069686411149826,0.15,21.629032258064516,25.0,82
1630552,2022-23,70.0,1,0.7317073170731707,0.7317073170731707,0.05,5.454545454545454,21.0,82
1630552,2023-24,56.0,1,0.43902439024390244,0.34146341463414637,0.05,14.885714285714286,22.0,82
1630552,2024-25,36.0,1,0.3983739837398374,0.32752613240418116,0.05,33.732142857142854,23.0,82
1630552,2025-26,72.0,1,0.34146341463414637,0.43205574912891986,0.05,35.666666666666664,24.0,82
1630553,2022-23,40.0,1,0.5487804878048781,0.5487804878048781,0.05,9.0,21.0,82
1630553,2023-24,5.0,1,0.5304878048780488,0.524390243902439,0.05,10.4,22.0,82
1630553,2024-25,79.0,1,0.6666666666666666,0.7613240418118467,0.05,12.2,23.0,82
1630554,2023-24,7.0,1,0.8292682926829268,0.8292682926829268,0.05,8.857142857142858,24.0,82
1630556,2022-23,14.0,1,0.41463414634146345,0.41463414634146345,0.05,20.5625,22.0,82
1630556,2023-24,54.0,1,0.48780487804878053,0.5121951219512195,0.05,5.714285714285714,23.0,82
1630556,2024-25,40.0,1,0.43902439024390244,0.4146341463414634,0.05,5.092592592592593,24.0,82
1630557,2022-23,74.0,1,0.060975609756097615,0.060975609756097615,0.05,23.38961038961039,24.0,82
1630557,2023-24,80.0,1,0.07926829268292684,0.08536585365853659,0.15,28.283783783783782,25.0,82
1630557,2024-25,61.0,1,0.06097560975609758,0.05052264808362371,0.25,25.8375,26.0,82
1630557,2025-26,19.0,1,0.12601626016260162,0.1672473867595819,0.35,26.262295081967213,27.0,82
1630558,2022-23,80.0,1,0.08536585365853655,0.08536585365853655,0.05,27.68,24.0,82
1630558,2023-24,72.0,1,0.0548780487804878,0.044715447154471545,0.15,18.0875,25.0,82
1630558,2024-25,44.0,1,0.07723577235772357,0.08885017421602788,0.25,15.291666666666666,26.0,82
1630558,2025-26,70.0,1,0.08130081300813008,0.0940766550522648,0.35,24.545454545454547,27.0,82
1630559,2022-23,64.0,1,0.25609756097560976,0.25609756097560976,0.15,23.24590163934426,25.0,82
1630559,2023-24,82.0,0,0.23780487804878048,0.23170731707317072,0.25,28.796875,26.0,82
1630559,2024-25,73.0,1,0.15853658536585366,0.09930313588850173,0.35,32.0609756097561,27.0,82
1630559,2025-26,51.0,1,0.1097560975609756,0.0940766550522648,0.44999999999999996,34.93150684931507,28.0,82
1630560,2022-23,57.0,1,0.18292682926829273,0.18292682926829273,0.05,17.55223880597015,21.0,82
1630560,2023-24,66.0,1,0.2439024390243903,0.2642276422764228,0.05,16.63157894736842,22.0,82
1630560,2024-25,25.0,1,0.22764227642276424,0.22473867595818817,0.05,31.439393939393938,23.0,82
1630560,2025-26,24.0,1,0.3983739837398374,0.4965156794425087,0.05,31.24,24.0,82
1630561,2022-23,23.0,1,0.7317073170731707,0.7317073170731707,0.05,15.5,23.0,82
1630561,2023-24,4.0,1,0.725609756097561,0.7235772357723578,0.05,9.91304347826087,24.0,82
1630561,2024-25,6.0,1,0.8008130081300813,0.8536585365853658,0.15,12.75,25.0,82
1630563,2022-23,4.0,1,0.3902439024390244,0.3902439024390244,0.05,19.3,20.0,82
1630563,2023-24,2.0,1,0.6707317073170731,0.7642276422764227,0.05,23.25,21.0,82
1630564,2023-24,3.0,1,0.9878048780487805,0.9878048780487805,0.05,35.0,24.0,82
1630567,2022-23,77.0,1,0.09756097560975607,0.09756097560975607,0.05,35.36486486486486,21.0,82
1630567,2023-24,60.0,1,0.07926829268292684,0.0731707317073171,0.05,34.77922077922078,22.0,82
1630567,2024-25,65.0,1,0.14227642276422767,0.18466898954703836,0.05,34.9,23.0,82
1630567,2025-26,80.0,1,0.17886178861788618,0.2038327526132404,0.05,32.83076923076923,24.0,82
1630568,2022-23,28.0,1,0.6097560975609756,0.6097560975609756,0.05,12.15625,24.0,82
1630568,2023-24,25.0,1,0.6341463414634145,0.6422764227642276,0.15,8.678571428571429,25.0,82
1630568,2024-25,39.0,1,0.6544715447154471,0.6724738675958187,0.25,4.88,26.0,82
1630568,2025-26,69.0,1,0.6260162601626016,0.5923344947735192,0.35,5.615384615384615,27.0,82
1630570,2022-23,62.0,1,0.41463414634146345,0.41463414634146345,0.05,18.104166666666668,22.0,82
1630570,2023-24,63.0,1,0.32926829268292684,0.3008130081300813,0.05,19.06451612903226,23.0,82
1630570,2024-25,44.0,1,0.2967479674796748,0.26132404181184665,0.05,13.603174603174603,24.0,82
1630570,2025-26,53.0,1,0.3130081300813008,0.3658536585365853,0.15,20.75,25.0,82
1630572,2022-23,24.0,1,0.5,0.5,0.05,9.926829268292684,24.0,82
1630572,2023-24,46.0,1,0.4878048780487805,0.48373983739837395,0.15,9.041666666666666,25.0,82
1630572,2024-25,61.0,1,0.47154471544715443,0.4581881533101045,0.25,9.804347826086957,26.0,82
1630572,2025-26,80.0,1,0.39024390243902435,0.3397212543554007,0.35,11.163934426229508,27.0,82
1630573,2022-23,80.0,1,0.6829268292682926,0.6829268292682926,0.15,6.076923076923077,25.0,82
1630573,2023-24,79.0,1,0.35365853658536583,0.24390243902439024,0.25,16.125,26.0,82
1630573,2024-25,71.0,1,0.24796747967479674,0.12543554006968644,0.35,22.037974683544302,27.0,82
1630573,2025-26,78.0,1,0.06504065040650409,0.09059233449477354,0.44999999999999996,21.704225352112676,28.0,82
1630574,2025-26,54.0,1,0.6951219512195121,0.6951219512195121,0.05,8.68,24.0,82
1630577,2023-24,74.0,1,0.7926829268292683,0.7926829268292683,0.05,3.5,23.0,82
1630577,2024-25,82.0,0,0.4451219512195122,0.32926829268292684,0.05,19.83783783783784,24.0,82
1630577,2025-26,82.0,0,0.2967479674796748,0.14111498257839722,0.15,23.5609756097561,25.0,82
1630578,2022-23,75.0,1,0.12195121951219512,0.12195121951219512,0.05,20.680555555555557,20.0,82
1630578,2023-24,63.0,1,0.10365853658536583,0.09756097560975607,0.05,28.946666666666665,21.0,82
1630578,2024-25,76.0,1,0.14634146341463414,0.17421602787456442,0.05,32.476190476190474,22.0,82
1630578,2025-26,72.0,1,0.1300813008130081,0.12020905923344945,0.05,31.513157894736842,23.0,82
1630579,2022-23,52.0,1,0.5,0.5,0.05,13.536585365853659,24.0,82
1630579,2023-24,45.0,1,0.4329268292682927,0.4105691056910569,0.15,15.615384615384615,25.0,82
1630579,2024-25,39.0,1,0.4390243902439024,0.43379790940766544,0.25,13.0,26.0,82
1630579,2025-26,67.0,1,0.39024390243902435,0.38327526132404177,0.35,10.820512820512821,27.0,82
1630580,2022-23,9.0,1,0.6463414634146342,0.6463414634146342,0.05,7.068965517241379,23.0,82
1630581,2022-23,76.0,1,0.3414634146341463,0.3414634146341463,0.05,31.48148148148148,20.0,82
1630581,2023-24,80.0,1,0.20731707317073167,0.16260162601626013,0.05,31.144736842105264,21.0,82
1630581,2024-25,70.0,1,0.14634146341463414,0.08362369337979093,0.05,25.15,22.0,82
1630581,2025-26,54.0,1,0.08130081300813008,0.1010452961672474,0.05,30.242857142857144,23.0,82
1630583,2022-23,77.0,1,0.6097560975609756,0.6097560975609756,0.05,11.25,22.0,82
1630583,2023-24,61.0,1,0.3353658536585366,0.24390243902439027,0.05,21.844155844155843,23.0,82
1630583,2024-25,65.0,1,0.3089430894308943,0.25087108013937287,0.05,26.524590163934427,24.0,82
1630583,2025-26,43.0,1,0.17479674796747968,0.20034843205574912,0.15,25.53846153846154,25.0,82
1630586,2022-23,75.0,1,0.7073170731707317,0.7073170731707317,0.05,9.958333333333334,21.0,82
1630586,2023-24,6.0,1,0.3963414634146341,0.2926829268292683,0.05,12.933333333333334,22.0,82
1630587,2022-23,52.0,1,0.7682926829268293,0.7682926829268293,0.05,20.157894736842106,24.0,82
1630587,2023-24,23.0,1,0.5670731707317074,0.5,0.15,23.057692307692307,25.0,82
1630587,2025-26,36.0,1,0.6178861788617886,0.6254355400696864,0.35,20.391304347826086,27.0,82
1630590,2023-24,21.0,1,0.926829268292683,0.926829268292683,0.05,5.333333333333333,23.0,82
1630590,2024-25,79.0,1,0.8353658536585367,0.8048780487804877,0.05,25.095238095238095,24.0,82
1630590,2025-26,10.0,1,0.5691056910569107,0.36585365853658536,0.15,21.303797468354432,25.0,82
1630591,2022-23,53.0,1,0.41463414634146345,0.41463414634146345,0.05,27.229166666666668,22.0,82
1630591,2023-24,75.0,1,0.38414634146341464,0.3739837398373984,0.05,23.50943396226415,23.0,82
1630591,2024-25,35.0,1,0.2845528455284553,0.20905923344947736,0.05,27.0,24.0,82
1630591,2025-26,57.0,1,0.33739837398373984,0.4024390243902439,0.15,28.62857142857143,25.0,82
1630592,2024-25,79.0,1,0.47560975609756095,0.47560975609756095,0.05,15.465116279069768,24.0,82
1630592,2025-26,54.0,1,0.25609756097560976,0.1829268292682927,0.15,25.70886075949367,25.0,82
1630593,2022-23,27.0,1,0.9390243902439024,0.9390243902439024,0.05,3.8,24.0,82
1630595,2022-23,12.0,1,0.2195121951219512,0.2195121951219512,0.05,32.625,21.0,82
1630595,2023-24,62.0,1,0.5365853658536586,0.6422764227642276,0.05,33.333333333333336,22.0,82
1630595,2024-25,70.0,1,0.43902439024390244,0.4146341463414634,0.05,33.45161290322581,23.0,82
1630595,2025-26,64.0,1,0.4146341463414634,0.27526132404181186,0.05,35.02857142857143,24.0,82
1630596,2022-23,79.0,1,0.1585365853658537,0.1585365853658537,0.05,33.78260869565217,22.0,82
1630596,2023-24,50.0,1,0.09756097560975613,0.07723577235772361,0.05,34.36708860759494,23.0,82
1630596,2024-25,71.0,1,0.19512195121951223,0.2560975609756098,0.05,30.64,24.0,82
1630596,2025-26,65.0,1,0.1869918699186992,0.19337979094076657,0.15,30.52112676056338,25.0,82
1630598,2022-23,70.0,1,0.3902439024390244,0.3902439024390244,0.05,24.18,24.0,82
1630598,2023-24,78.0,1,0.2682926829268293,0.22764227642276424,0.15,18.52857142857143,25.0,82
1630598,2024-25,76.0,1,0.19512195121951223,0.12543554006968644,0.25,15.743589743589743,26.0,82
1630598,2025-26,65.0,1,0.08943089430894309,0.07665505226480836,0.35,22.94736842105263,27.0,82
1630600,2023-24,10.0,1,0.8536585365853658,0.8536585365853658,0.05,7.0,24.0,82
1630600,2024-25,1.0,1,0.8658536585365854,0.8699186991869919,0.15,7.2,25.0,82
1630604,2024-25,12.0,1,0.9024390243902439,0.9024390243902439,0.05,2.875,24.0,82
1630604,2025-26,26.0,1,0.8780487804878049,0.8699186991869919,0.15,4.416666666666667,25.0,82
1630606,2023-24,1.0,1,0.7926829268292683,0.7926829268292683,0.15,12.307692307692308,25.0,82
1630611,2024-25,56.0,1,0.7195121951219512,0.7195121951219512,0.05,8.347826086956522,23.0,82
1630611,2025-26,68.0,1,0.5182926829268293,0.4512195121951219,0.05,13.607142857142858,24.0,82
1630613,2022-23,31.0,1,0.41463414634146345,0.41463414634146345,0.05,20.166666666666668,23.0,82
1630618,2024-25,4.0,1,0.9512195121951219,0.9512195121951219,0.05,9.0,24.0,82
1630623,2025-26,24.0,1,0.9146341463414634,0.9146341463414634,0.25,21.571428571428573,26.0,82
1630625,2022-23,31.0,1,0.2195121951219512,0.2195121951219512,0.05,10.875,23.0,82
1630625,2023-24,24.0,1,0.42073170731707316,0.4878048780487805,0.05,9.0,24.0,82
1630625,2024-25,67.0,1,0.3943089430894309,0.4041811846689895,0.15,7.125,25.0,82
1630625,2025-26,2.0,1,0.3821138211382114,0.29094076655052264,0.25,16.71641791044776,26.0,82
1630631,2022-23,61.0,1,0.3414634146341463,0.3414634146341463,0.15,15.444444444444445,25.0,82
1630631,2023-24,56.0,1,0.29878048780487804,0.2845528455284553,0.25,21.475409836065573,26.0,82
1630631,2024-25,56.0,1,0.3048780487804878,0.3031358885017421,0.35,18.357142857142858,27.0,82
1630631,2025-26,41.0,1,0.29674796747967475,0.30836236933797906,0.44999999999999996,24.392857142857142,28.0,82
1630637,2022-23,7.0,1,0.9390243902439024,0.9390243902439024,0.15,6.333333333333333,25.0,82
1630639,2023-24,42.0,1,0.8170731707317074,0.8170731707317074,0.05,2.0,23.0,82
1630639,2024-25,26.0,1,0.6524390243902439,0.5975609756097561,0.05,7.404761904761905,24.0,82
1630639,2025-26,24.0,1,0.6626016260162602,0.6463414634146342,0.15,18.692307692307693,25.0,82
1630643,2022-23,7.0,1,0.9512195121951219,0.9512195121951219,0.15,5.0,25.0,82
1630643,2023-24,20.0,1,0.9329268292682926,0.9268292682926829,0.25,13.571428571428571,26.0,82
1630643,2024-25,64.0,1,0.8739837398373984,0.8292682926829268,0.35,2.45,27.0,82
1630643,2025-26,82.0,0,0.6300813008130081,0.47212543554006964,0.44999999999999996,11.6875,28.0,82
1630644,2022-23,2.0,1,0.975609756097561,0.975609756097561,0.05,3.0,24.0,82
1630644,2024-25,2.0,1,0.975609756097561,0.975609756097561,0.25,20.5,26.0,82
1630644,2025-26,3.0,1,0.975609756097561,0.975609756097561,0.35,5.0,27.0,82
1630647,2022-23,23.0,1,0.9512195121951219,0.9512195121951219,0.25,4.5,26.0,82
1630647,2023-24,43.0,1,0.7317073170731707,0.6585365853658537,0.35,11.826086956521738,27.0,82
1630648,2022-23,2.0,1,0.9512195121951219,0.9512195121951219,0.15,7.5,25.0,82
1630649,2023-24,24.0,1,0.9878048780487805,0.9878048780487805,0.15,2.0,25.0,82
1630649,2024-25,22.0,1,0.8475609756097561,0.8008130081300813,0.25,12.791666666666666,26.0,82
1630649,2025-26,2.0,1,0.8089430894308943,0.7613240418118468,0.25,3.909090909090909,26.0,82
1630658,2024-25,10.0,1,0.8048780487804879,0.8048780487804879,0.15,3.6875,25.0,82
1630658,2025-26,4.0,1,0.7439024390243902,0.7235772357723578,0.25,4.6,26.0,82
1630678,2022-23,26.0,1,0.5975609756097561,0.5975609756097561,0.05,21.636363636363637,23.0,82
1630678,2023-24,31.0,1,0.6097560975609756,0.6138211382113821,0.05,8.76923076923077,24.0,82
1630678,2024-25,3.0,1,0.6138211382113821,0.6184668989547039,0.15,6.064516129032258,25.0,82
1630688,2022-23,60.0,1,0.4512195121951219,0.4512195121951219,0.44999999999999996,7.977777777777778,28.0,82
1630688,2023-24,7.0,1,0.3597560975609756,0.32926829268292684,0.5499999999999999,15.25,29.0,82
1630692,2022-23,62.0,1,0.975609756097561,0.975609756097561,0.05,3.0,24.0,82
1630692,2023-24,40.0,1,0.6097560975609756,0.4878048780487805,0.15,17.822580645161292,25.0,82
1630692,2024-25,29.0,1,0.508130081300813,0.3832752613240418,0.25,13.975,26.0,82
1630692,2025-26,70.0,1,0.39837398373983746,0.49128919860627185,0.35,18.724137931034484,27.0,82
1630695,2022-23,7.0,1,0.9634146341463414,0.9634146341463414,0.15,10.333333333333334,25.0,82
1630695,2023-24,16.0,1,0.9390243902439024,0.9308943089430896,0.25,7.428571428571429,26.0,82
1630695,2024-25,38.0,1,0.894308943089431,0.8588850174216027,0.35,11.625,27.0,82
1630695,2025-26,47.0,1,0.7520325203252033,0.667247386759582,0.44999999999999996,18.55263157894737,28.0,82
1630696,2023-24,9.0,1,0.8170731707317074,0.8170731707317074,0.25,13.4,26.0,82
1630696,2024-25,14.0,1,0.853658536585366,0.8658536585365854,0.35,14.555555555555555,27.0,82
1630696,2025-26,70.0,1,0.8455284552845529,0.8449477351916377,0.44999999999999996,19.142857142857142,28.0,82
1630699,2023-24,48.0,1,0.36585365853658536,0.36585365853658536,0.05,13.48076923076923,23.0,82
1630699,2024-25,26.0,1,0.3902439024390244,0.39837398373983746,0.05,12.666666666666666,24.0,82
1630699,2025-26,14.0,1,0.45121951219512196,0.49825783972125437,0.15,4.6923076923076925,25.0,82
1630700,2023-24,61.0,1,0.2804878048780488,0.2804878048780488,0.05,17.661016949152543,21.0,82
1630700,2024-25,76.0,1,0.2682926829268293,0.26422764227642276,0.05,22.278688524590162,22.0,82
1630700,2025-26,76.0,1,0.2032520325203252,0.15505226480836234,0.05,33.828947368421055,23.0,82
1630702,2023-24,73.0,1,0.41463414634146345,0.41463414634146345,0.05,14.75,21.0,82
1630702,2024-25,57.0,1,0.2621951219512195,0.21138211382113822,0.05,13.547945205479452,22.0,82
1630702,2025-26,34.0,1,0.2764227642276423,0.264808362369338,0.05,15.912280701754385,23.0,82
1630703,2024-25,66.0,1,0.24390243902439024,0.24390243902439024,0.05,28.467741935483872,21.0,82
1630703,2025-26,30.0,1,0.2195121951219512,0.21138211382113817,0.05,26.651515151515152,22.0,82
1630792,2022-23,5.0,1,0.7682926829268293,0.7682926829268293,0.35,15.333333333333334,27.0,82
1630811,2025-26,53.0,1,0.6219512195121951,0.6219512195121951,0.35,16.161290322580644,27.0,82
1630846,2022-23,9.0,1,0.7317073170731707,0.7317073170731707,0.05,19.136363636363637,24.0,82
1630846,2023-24,15.0,1,0.8109756097560976,0.8373983739837398,0.15,12.666666666666666,25.0,82
1630846,2025-26,4.0,1,0.8130081300813009,0.8257839721254355,0.35,6.533333333333333,27.0,82
1631093,2023-24,77.0,1,0.09756097560975607,0.09756097560975607,0.05,31.135135135135137,22.0,82
1631093,2024-25,30.0,1,0.07926829268292684,0.0731707317073171,0.05,28.805194805194805,23.0,82
1631093,2025-26,33.0,1,0.26422764227642276,0.3937282229965157,0.05,29.933333333333334,24.0,82
1631094,2023-24,80.0,1,0.12195121951219512,0.12195121951219512,0.05,33.75,21.0,82
1631094,2024-25,46.0,1,0.07317073170731708,0.05691056910569107,0.05,34.9875,22.0,82
1631094,2025-26,72.0,1,0.19512195121951217,0.27526132404181186,0.05,34.391304347826086,23.0,82
1631095,2023-24,76.0,1,0.03658536585365857,0.03658536585365857,0.05,31.025316455696203,21.0,82
1631095,2024-25,57.0,1,0.0548780487804878,0.06097560975609754,0.05,31.894736842105264,22.0,82
1631095,2025-26,77.0,1,0.13821138211382114,0.20034843205574915,0.05,30.105263157894736,23.0,82
1631096,2024-25,32.0,1,0.0,0.0,0.05,29.426829268292682,23.0,82
1631096,2025-26,69.0,1,0.3048780487804878,0.4065040650406504,0.05,27.40625,24.0,82
1631097,2023-24,59.0,1,0.04878048780487809,0.04878048780487809,0.05,28.487179487179485,22.0,82
1631097,2024-25,72.0,1,0.16463414634146345,0.20325203252032523,0.05,26.06779661016949,23.0,82
1631097,2025-26,28.0,1,0.15040650406504066,0.15679442508710803,0.05,29.84722222222222,24.0,82
1631098,2023-24,50.0,1,0.6585365853658536,0.6585365853658536,0.05,15.107142857142858,22.0,82
1631098,2024-25,34.0,1,0.524390243902439,0.4796747967479675,0.05,12.28,22.0,82
1631099,2023-24,77.0,1,0.024390243902439046,0.024390243902439046,0.05,29.775,23.0,82
1631099,2024-25,76.0,1,0.04268292682926833,0.04878048780487809,0.05,33.62337662337662,24.0,82
1631099,2025-26,23.0,1,0.05284552845528456,0.0627177700348432,0.15,34.3421052631579,25.0,82
1631100,2023-24,20.0,1,0.12195121951219512,0.12195121951219512,0.05,19.458333333333332,20.0,82
1631101,2023-24,32.0,1,0.024390243902439046,0.024390243902439046,0.05,22.2375,21.0,82
1631101,2024-25,72.0,1,0.3170731707317073,0.4146341463414634,0.05,33.09375,22.0,82
1631101,2025-26,50.0,1,0.25203252032520324,0.24738675958188153,0.05,31.27777777777778,23.0,82
1631102,2023-24,11.0,1,0.6219512195121951,0.6219512195121951,0.05,13.96774193548387,22.0,82
1631102,2024-25,16.0,1,0.7439024390243902,0.7845528455284553,0.05,5.090909090909091,23.0,82
1631102,2025-26,16.0,1,0.7642276422764228,0.7961672473867596,0.05,7.375,24.0,82
1631103,2023-24,75.0,1,0.19512195121951215,0.19512195121951215,0.05,23.484848484848484,21.0,82
1631103,2024-25,47.0,1,0.14024390243902435,0.12195121951219508,0.05,21.253333333333334,22.0,82
1631103,2025-26,28.0,1,0.23577235772357721,0.2961672473867596,0.05,9.085106382978724,22.0,82
1631104,2023-24,61.0,1,0.5487804878048781,0.5487804878048781,0.05,18.08108108108108,21.0,82
1631104,2024-25,58.0,1,0.4024390243902439,0.3536585365853659,0.05,14.360655737704919,22.0,82
1631104,2025-26,31.0,1,0.3658536585365854,0.318815331010453,0.05,11.775862068965518,23.0,82
1631105,2023-24,61.0,1,0.18292682926829273,0.18292682926829273,0.05,24.925373134328357,20.0,82
1631105,2024-25,78.0,1,0.21951219512195125,0.23170731707317074,0.05,29.131147540983605,21.0,82
1631105,2025-26,70.0,1,0.1626016260162602,0.1271777003484321,0.05,26.076923076923077,22.0,82
1631106,2023-24,22.0,1,0.0,0.0,0.05,21.548780487804876,23.0,82
1631106,2024-25,57.0,1,0.36585365853658536,0.4878048780487805,0.05,21.818181818181817,24.0,82
1631106,2025-26,60.0,1,0.34552845528455284,0.3832752613240418,0.15,24.912280701754387,25.0,82
1631107,2023-24,46.0,1,0.8170731707317074,0.8170731707317074,0.05,13.6,21.0,82
1631107,2024-25,46.0,1,0.6280487804878049,0.5650406504065041,0.05,19.47826086956522,22.0,82
1631107,2025-26,47.0,1,0.5650406504065041,0.4930313588850174,0.05,25.130434782608695,23.0,82
1631108,2023-24,67.0,1,0.5,0.5,0.05,12.487804878048781,21.0,82
1631108,2024-25,46.0,1,0.34146341463414637,0.2886178861788618,0.05,14.08955223880597,22.0,82
1631108,2025-26,77.0,1,0.24390243902439027,0.1515679442508711,0.05,25.08695652173913,23.0,82
1631109,2023-24,19.0,1,0.47560975609756095,0.47560975609756095,0.05,19.25581395348837,22.0,82
1631109,2024-25,44.0,1,0.6219512195121951,0.6707317073170732,0.05,26.736842105263158,23.0,82
1631109,2025-26,60.0,1,0.5691056910569106,0.5522648083623694,0.05,26.613636363636363,24.0,82
1631110,2023-24,74.0,1,0.31707317073170727,0.31707317073170727,0.05,26.035714285714285,21.0,82
1631110,2024-25,54.0,1,0.20731707317073167,0.17073170731707313,0.05,29.635135135135137,22.0,82
1631110,2025-26,28.0,1,0.25203252032520324,0.26829268292682923,0.05,25.25925925925926,23.0,82
1631111,2023-24,25.0,1,0.6463414634146342,0.6463414634146342,0.05,5.275862068965517,22.0,82
1631111,2024-25,20.0,1,0.6707317073170731,0.6788617886178862,0.05,3.0,23.0,82
1631111,2025-26,6.0,1,0.6341463414634146,0.6114982578397212,0.05,10.95,24.0,82
1631112,2023-24,15.0,1,0.926829268292683,0.926829268292683,0.05,6.666666666666667,21.0,82
1631114,2023-24,71.0,1,0.08536585365853655,0.08536585365853655,0.05,30.346666666666668,23.0,82
1631114,2024-25,69.0,1,0.1097560975609756,0.11788617886178861,0.05,31.323943661971832,24.0,82
1631114,2025-26,33.0,1,0.12601626016260162,0.14111498257839722,0.15,32.42028985507246,25.0,82
1631115,2023-24,36.0,1,0.6219512195121951,0.6219512195121951,0.05,13.709677419354838,23.0,82
1631115,2024-25,9.0,1,0.5914634146341464,0.5813008130081302,0.05,8.444444444444445,24.0,82
1631115,2025-26,4.0,1,0.5487804878048781,0.5139372822299652,0.15,6.333333333333333,25.0,82
1631116,2023-24,38.0,1,0.6219512195121951,0.6219512195121951,0.05,7.290322580645161,21.0,82
1631116,2024-25,22.0,1,0.5792682926829269,0.5650406504065041,0.05,13.0,22.0,82
1631116,2025-26,2.0,1,0.6219512195121951,0.6463414634146342,0.05,4.590909090909091,23.0,82
1631117,2023-24,64.0,1,0.09756097560975607,0.09756097560975607,0.05,23.013513513513512,22.0,82
1631117,2024-25,58.0,1,0.15853658536585363,0.17886178861788615,0.05,23.328125,23.0,82
1631117,2025-26,5.0,1,0.2032520325203252,0.24390243902439027,0.05,30.0,24.0,82
1631119,2023-24,69.0,1,0.4024390243902439,0.4024390243902439,0.05,18.653061224489797,22.0,82
1631119,2024-25,47.0,1,0.2804878048780488,0.23983739837398377,0.05,13.0,23.0,82
1631119,2025-26,65.0,1,0.32926829268292684,0.34668989547038326,0.05,16.680851063829788,24.0,82
1631120,2023-24,8.0,1,0.8536585365853658,0.8536585365853658,0.05,5.5,21.0,82
1631120,2024-25,16.0,1,0.8780487804878049,0.8861788617886179,0.05,4.875,22.0,82
1631120,2025-26,28.0,1,0.8536585365853658,0.8397212543554007,0.05,5.8125,23.0,82
1631121,2023-24,59.0,1,0.4390243902439024,0.4390243902439024,0.05,17.108695652173914,21.0,82
1631121,2024-25,13.0,1,0.3597560975609756,0.3333333333333333,0.05,14.94915254237288,22.0,82
1631121,2025-26,42.0,1,0.5203252032520326,0.6236933797909406,0.05,2.4615384615384617,23.0,82
1631123,2023-24,6.0,1,0.9390243902439024,0.9390243902439024,0.15,16.25,25.0,82
1631123,2024-25,5.0,1,0.9146341463414633,0.9065040650406505,0.25,9.5,26.0,82
1631123,2025-26,46.0,1,0.9227642276422764,0.9250871080139371,0.35,12.4,27.0,82
1631124,2024-25,65.0,1,0.3902439024390244,0.3902439024390244,0.05,10.9,23.0,82
1631124,2025-26,57.0,1,0.29878048780487804,0.26829268292682923,0.05,21.29230769230769,24.0,82
1631127,2025-26,7.0,1,0.9390243902439024,0.9390243902439024,0.05,7.0,23.0,82
1631128,2023-24,82.0,0,0.07317073170731703,0.07317073170731703,0.05,15.539473684210526,23.0,82
1631128,2024-25,79.0,1,0.036585365853658514,0.024390243902439008,0.05,20.195121951219512,24.0,82
1631128,2025-26,44.0,1,0.036585365853658534,0.031358885017421616,0.15,33.860759493670884,25.0,82
1631131,2024-25,14.0,1,0.9024390243902439,0.9024390243902439,0.15,5.25,25.0,82
1631131,2025-26,27.0,1,0.8658536585365854,0.8536585365853658,0.25,18.214285714285715,26.0,82
1631132,2024-25,37.0,1,0.29268292682926833,0.29268292682926833,0.15,13.827586206896552,25.0,82
1631132,2025-26,2.0,1,0.4207317073170732,0.4634146341463415,0.25,9.243243243243244,26.0,82
1631133,2023-24,72.0,1,0.31707317073170727,0.31707317073170727,0.05,11.053571428571429,21.0,82
1631133,2024-25,60.0,1,0.2195121951219512,0.18699186991869918,0.05,23.625,22.0,82
1631133,2025-26,64.0,1,0.23577235772357721,0.2334494773519164,0.05,12.483333333333333,23.0,82
1631157,2023-24,10.0,1,0.8536585365853658,0.8536585365853658,0.05,5.166666666666667,21.0,82
1631157,2024-25,56.0,1,0.8475609756097561,0.8455284552845529,0.05,6.6,22.0,82
1631157,2025-26,74.0,1,0.6707317073170732,0.5435540069686411,0.05,14.642857142857142,23.0,82
1631159,2024-25,13.0,1,0.7926829268292683,0.7926829268292683,0.05,3.0588235294117645,21.0,82
1631159,2025-26,19.0,1,0.8170731707317074,0.8252032520325203,0.05,2.4615384615384617,22.0,82
1631165,2023-24,57.0,1,0.8048780487804879,0.8048780487804879,0.05,4.4375,24.0,82
1631165,2024-25,80.0,1,0.5548780487804879,0.47154471544715454,0.15,17.17543859649123,25.0,82
1631165,2025-26,43.0,1,0.37804878048780494,0.21602787456445996,0.25,24.35,26.0,82
1631166,2025-26,27.0,1,0.8902439024390244,0.8902439024390244,0.15,28.22222222222222,25.0,82
1631169,2023-24,32.0,1,0.8170731707317074,0.8170731707317074,0.05,6.4,21.0,82
1631169,2024-25,46.0,1,0.7134146341463414,0.6788617886178862,0.05,2.84375,22.0,82
1631169,2025-26,33.0,1,0.6219512195121951,0.5418118466898955,0.05,6.0,23.0,82
1631170,2024-25,66.0,1,0.08536585365853655,0.08536585365853655,0.05,28.173333333333332,24.0,82
1631170,2025-26,75.0,1,0.14024390243902435,0.1585365853658536,0.15,20.727272727272727,25.0,82
1631172,2023-24,33.0,1,0.524390243902439,0.524390243902439,0.05,14.58974358974359,21.0,82
1631172,2024-25,37.0,1,0.5609756097560976,0.573170731707317,0.05,11.06060606060606,22.0,82
1631172,2025-26,27.0,1,0.5569105691056911,0.559233449477352,0.05,10.945945945945946,23.0,82
1631197,2023-24,17.0,1,0.8292682926829268,0.8292682926829268,0.05,14.142857142857142,24.0,82
1631197,2024-25,4.0,1,0.8109756097560976,0.8048780487804877,0.15,14.411764705882353,25.0,82
1631199,2023-24,1.0,1,0.8902439024390244,0.8902439024390244,0.05,5.333333333333333,24.0,82
1631199,2024-25,1.0,1,0.9390243902439024,0.9552845528455284,0.15,4.0,25.0,82
1631199,2025-26,29.0,1,0.9552845528455284,0.9738675958188153,0.25,17.0,26.0,82
1631200,2024-25,69.0,1,0.24390243902439024,0.24390243902439024,0.05,21.741935483870968,24.0,82
1631200,2025-26,57.0,1,0.20121951219512196,0.1869918699186992,0.15,15.072463768115941,25.0,82
1631204,2024-25,57.0,1,0.13414634146341464,0.13414634146341464,0.05,19.028169014084508,24.0,82
1631204,2025-26,38.0,1,0.21951219512195125,0.2479674796747968,0.15,14.228070175438596,25.0,82
1631205,2023-24,10.0,1,0.8780487804878049,0.8780487804878049,0.05,9.0,24.0,82
1631205,2025-26,4.0,1,0.8780487804878049,0.8780487804878049,0.25,8.4,26.0,82
1631207,2023-24,59.0,1,0.5365853658536586,0.5365853658536586,0.05,5.631578947368421,21.0,82
1631207,2024-25,73.0,1,0.4085365853658537,0.3658536585365854,0.05,11.542372881355933,22.0,82
1631207,2025-26,34.0,1,0.3089430894308943,0.21951219512195122,0.05,13.520547945205479,23.0,82
1631209,2024-25,20.0,1,0.9878048780487805,0.9878048780487805,0.05,4.0,24.0,82
1631210,2024-25,16.0,1,0.8902439024390244,0.8902439024390244,0.15,4.222222222222222,25.0,82
1631210,2025-26,5.0,1,0.8414634146341464,0.8252032520325203,0.15,3.0625,25.0,82
1631211,2025-26,8.0,1,0.9634146341463414,0.9634146341463414,0.05,2.6666666666666665,22.0,82
1631212,2023-24,80.0,1,0.7195121951219512,0.7195121951219512,0.05,8.08695652173913,21.0,82
1631212,2024-25,68.0,1,0.3719512195121951,0.25609756097560976,0.05,18.6,22.0,82
1631212,2025-26,54.0,1,0.3048780487804878,0.20731707317073172,0.05,24.352941176470587,23.0,82
1631213,2024-25,60.0,1,0.8048780487804879,0.8048780487804879,0.25,4.125,26.0,82
1631213,2025-26,37.0,1,0.5365853658536586,0.4471544715447155,0.35,21.916666666666668,27.0,82
1631214,2023-24,7.0,1,0.9878048780487805,0.9878048780487805,0.15,5.0,25.0,82
1631214,2024-25,1.0,1,0.9512195121951219,0.9390243902439025,0.25,2.2857142857142856,26.0,82
1631214,2025-26,4.0,1,0.9634146341463414,0.9668989547038327,0.25,4.0,26.0,82
1631216,2023-24,59.0,1,0.3780487804878049,0.3780487804878049,0.05,15.92156862745098,21.0,82
1631216,2024-25,58.0,1,0.32926829268292684,0.31300813008130085,0.05,13.813559322033898,22.0,82
1631216,2025-26,18.0,1,0.3170731707317073,0.30139372822299654,0.05,13.586206896551724,23.0,82
1631217,2023-24,11.0,1,0.7317073170731707,0.7317073170731707,0.05,8.863636363636363,22.0,82
1631217,2024-25,71.0,1,0.7987804878048781,0.8211382113821138,0.05,5.818181818181818,23.0,82
1631217,2025-26,73.0,1,0.5772357723577236,0.42857142857142855,0.05,17.47887323943662,24.0,82
1631218,2024-25,62.0,1,0.1707317073170732,0.1707317073170732,0.15,16.61764705882353,25.0,82
1631218,2025-26,36.0,1,0.20731707317073172,0.21951219512195122,0.25,15.596774193548388,26.0,82
1631220,2023-24,6.0,1,0.9390243902439024,0.9390243902439024,0.05,2.4,24.0,82
1631221,2024-25,33.0,1,0.7073170731707317,0.7073170731707317,0.25,9.375,26.0,82
1631221,2025-26,80.0,1,0.6524390243902438,0.6341463414634146,0.35,13.969696969696969,27.0,82
1631222,2023-24,35.0,1,0.5731707317073171,0.5731707317073171,0.05,11.82857142857143,22.0,82
1631222,2024-25,47.0,1,0.5731707317073171,0.5731707317073171,0.05,23.02857142857143,23.0,82
1631222,2025-26,82.0,0,0.4471544715447155,0.35714285714285715,0.05,20.893617021276597,24.0,82
1631223,2023-24,48.0,1,0.14634146341463417,0.14634146341463417,0.05,17.985714285714284,23.0,82
1631223,2024-25,27.0,1,0.17682926829268292,0.18699186991869918,0.05,23.208333333333332,24.0,82
1631223,2025-26,5.0,1,0.3170731707317073,0.42160278745644597,0.15,12.814814814814815,25.0,82
1631230,2023-24,33.0,1,0.6585365853658536,0.6585365853658536,0.05,14.571428571428571,21.0,82
1631230,2024-25,35.0,1,0.6280487804878048,0.6178861788617885,0.05,12.727272727272727,22.0,82
1631230,2025-26,71.0,1,0.6097560975609756,0.5923344947735192,0.05,10.714285714285714,23.0,82
1631243,2024-25,33.0,1,0.926829268292683,0.926829268292683,0.05,12.166666666666666,22.0,82
1631243,2025-26,77.0,1,0.7621951219512195,0.7073170731707318,0.05,16.151515151515152,23.0,82
1631245,2023-24,3.0,1,0.8902439024390244,0.8902439024390244,0.15,15.0,25.0,82
1631245,2024-25,28.0,1,0.9268292682926829,0.9390243902439024,0.25,3.6666666666666665,26.0,82
1631245,2025-26,49.0,1,0.8373983739837398,0.7787456445993032,0.35,13.607142857142858,27.0,82
1631246,2023-24,52.0,1,0.8170731707317074,0.8170731707317074,0.05,7.0,23.0,82
1631246,2024-25,27.0,1,0.5914634146341464,0.516260162601626,0.05,27.634615384615383,24.0,82
1631246,2025-26,34.0,1,0.6178861788617886,0.6045296167247386,0.15,18.48148148148148,25.0,82
1631247,2025-26,12.0,1,0.8536585365853658,0.8536585365853658,0.05,7.333333333333333,24.0,82
1631248,2025-26,77.0,1,0.6219512195121951,0.6219512195121951,0.15,12.387096774193548,25.0,82
1631250,2024-25,7.0,1,0.9024390243902439,0.9024390243902439,0.15,3.375,25.0,82
1631250,2025-26,47.0,1,0.8719512195121951,0.8617886178861789,0.25,9.714285714285714,26.0,82
1631254,2023-24,15.0,1,0.7073170731707317,0.7073170731707317,0.05,7.333333333333333,21.0,82
1631255,2025-26,62.0,1,0.4878048780487805,0.4878048780487805,0.15,18.833333333333332,25.0,82
1631260,2023-24,56.0,1,0.5731707317073171,0.5731707317073171,0.05,9.857142857142858,24.0,82
1631260,2024-25,73.0,1,0.4451219512195122,0.40243902439024387,0.15,10.964285714285714,25.0,82
1631260,2025-26,78.0,1,0.3333333333333333,0.235191637630662,0.25,22.726027397260275,26.0,82
1631288,2023-24,26.0,1,0.7804878048780488,0.7804878048780488,0.15,13.333333333333334,25.0,82
1631288,2024-25,37.0,1,0.7317073170731707,0.7154471544715447,0.25,9.961538461538462,26.0,82
1631288,2025-26,40.0,1,0.6707317073170732,0.6202090592334495,0.35,13.567567567567568,27.0,82
1631298,2023-24,4.0,1,0.7926829268292683,0.7926829268292683,0.25,3.8823529411764706,26.0,82
1631303,2023-24,34.0,1,0.9512195121951219,0.9512195121951219,0.15,22.25,25.0,82
1631303,2024-25,19.0,1,0.7682926829268293,0.7073170731707318,0.25,11.205882352941176,26.0,82
1631306,2023-24,18.0,1,0.9146341463414634,0.9146341463414634,0.15,5.857142857142857,25.0,82
1631306,2024-25,2.0,1,0.8475609756097562,0.8252032520325203,0.25,4.833333333333333,26.0,82
1631311,2023-24,37.0,1,0.9512195121951219,0.9512195121951219,0.05,4.5,23.0,82
1631311,2024-25,4.0,1,0.75,0.6829268292682927,0.05,10.64864864864865,24.0,82
1631321,2024-25,17.0,1,0.8536585365853658,0.8536585365853658,0.05,11.75,21.0,82
1631321,2025-26,75.0,1,0.7926829268292683,0.7723577235772358,0.05,3.176470588235294,22.0,82
1631323,2023-24,50.0,1,0.36585365853658536,0.36585365853658536,0.44999999999999996,14.73076923076923,28.0,82
1631323,2024-25,75.0,1,0.28048780487804875,0.25203252032520324,0.5499999999999999,23.2,29.0,82
1631323,2025-26,70.0,1,0.2154471544715447,0.15679442508710797,0.65,16.493333333333332,30.0,82
1631338,2025-26,2.0,1,0.8658536585365854,0.8658536585365854,0.35,10.909090909090908,27.0,82
1631342,2025-26,32.0,1,0.926829268292683,0.926829268292683,0.35,12.0,27.0,82
1631367,2023-24,37.0,1,0.9878048780487805,0.9878048780487805,0.15,41.0,25.0,82
1631466,2023-24,22.0,1,0.9390243902439024,0.9390243902439024,0.15,25.4,25.0,82
1631466,2024-25,20.0,1,0.8353658536585366,0.8008130081300813,0.25,5.863636363636363,26.0,82
1631466,2025-26,14.0,1,0.8089430894308943,0.7752613240418119,0.35,7.35,27.0,82
1641705,2024-25,46.0,1,0.13414634146341464,0.13414634146341464,0.05,29.661971830985916,21.0,82
1641705,2025-26,64.0,1,0.2865853658536585,0.33739837398373984,0.05,33.19565217391305,22.0,82
1641706,2024-25,27.0,1,0.09756097560975607,0.09756097560975607,0.05,32.2027027027027,22.0,82
1641706,2025-26,65.0,1,0.3841463414634146,0.4796747967479675,0.05,34.22222222222222,23.0,82
1641707,2024-25,3.0,1,0.5121951219512195,0.5121951219512195,0.05,21.4,21.0,82
1641707,2025-26,33.0,1,0.7378048780487805,0.8130081300813008,0.05,25.0,22.0,82
1641708,2024-25,69.0,1,0.24390243902439024,0.24390243902439024,0.05,22.403225806451612,22.0,82
1641708,2025-26,79.0,1,0.20121951219512196,0.1869918699186992,0.05,32.2463768115942,23.0,82
1641709,2024-25,59.0,1,0.23170731707317072,0.23170731707317072,0.05,25.126984126984127,22.0,82
1641709,2025-26,73.0,1,0.25609756097560976,0.26422764227642276,0.05,22.508474576271187,23.0,82
1641710,2024-25,78.0,1,0.1585365853658537,0.1585365853658537,0.05,16.869565217391305,21.0,82
1641710,2025-26,64.0,1,0.10365853658536589,0.08536585365853662,0.05,24.192307692307693,22.0,82
1641711,2024-25,54.0,1,0.2682926829268293,0.2682926829268293,0.05,21.133333333333333,21.0,82
1641711,2025-26,76.0,1,0.3048780487804878,0.3170731707317073,0.05,29.38888888888889,22.0,82
1641712,2024-25,52.0,1,0.524390243902439,0.524390243902439,0.05,16.23076923076923,21.0,82
1641712,2025-26,48.0,1,0.4451219512195122,0.4186991869918699,0.05,8.846153846153847,22.0,82
1641713,2024-25,29.0,1,0.41463414634146345,0.41463414634146345,0.05,25.6875,20.0,82
1641713,2025-26,55.0,1,0.5304878048780488,0.5691056910569107,0.05,15.827586206896552,21.0,82
1641715,2024-25,51.0,1,0.426829268292683,0.426829268292683,0.05,18.72340425531915,20.0,82
1641715,2025-26,21.0,1,0.4024390243902439,0.39430894308943093,0.05,16.215686274509803,21.0,82
1641716,2024-25,75.0,1,0.5975609756097561,0.5975609756097561,0.05,10.303030303030303,21.0,82
1641716,2025-26,76.0,1,0.3414634146341463,0.2560975609756097,0.05,15.826666666666666,22.0,82
1641717,2024-25,68.0,1,0.0,0.0,0.05,20.634146341463413,21.0,82
1641717,2025-26,77.0,1,0.0853658536585366,0.11382113821138214,0.05,27.58823529411765,22.0,82
1641718,2024-25,67.0,1,0.08536585365853655,0.08536585365853655,0.05,26.973333333333333,21.0,82
1641718,2025-26,54.0,1,0.13414634146341464,0.15040650406504066,0.05,31.46268656716418,22.0,82
1641720,2024-25,2.0,1,0.7439024390243902,0.7439024390243902,0.05,5.190476190476191,22.0,82
1641721,2024-25,7.0,1,0.5853658536585367,0.5853658536585367,0.05,3.0294117647058822,22.0,82
1641722,2024-25,56.0,1,0.18292682926829273,0.18292682926829273,0.05,17.328358208955223,23.0,82
1641722,2025-26,51.0,1,0.25,0.27235772357723576,0.05,23.571428571428573,24.0,82
1641723,2024-25,10.0,1,0.7926829268292683,0.7926829268292683,0.05,11.529411764705882,21.0,82
1641723,2025-26,16.0,1,0.8353658536585367,0.8495934959349594,0.05,12.4,22.0,82
1641724,2024-25,60.0,1,0.7804878048780488,0.7804878048780488,0.05,3.7222222222222223,21.0,82
1641724,2025-26,55.0,1,0.524390243902439,0.43902439024390244,0.05,11.683333333333334,22.0,82
1641725,2025-26,9.0,1,0.7073170731707317,0.7073170731707317,0.05,4.875,23.0,82
1641726,2024-25,36.0,1,0.3292682926829268,0.3292682926829268,0.05,23.527272727272727,21.0,82
1641726,2025-26,7.0,1,0.4451219512195122,0.48373983739837395,0.05,23.13888888888889,22.0,82
1641727,2024-25,20.0,1,0.975609756097561,0.975609756097561,0.05,12.0,20.0,82
1641727,2025-26,6.0,1,0.8658536585365854,0.8292682926829268,0.05,12.3,21.0,82
1641729,2024-25,71.0,1,0.6097560975609756,0.6097560975609756,0.05,18.25,21.0,82
1641729,2025-26,75.0,1,0.3719512195121951,0.2926829268292683,0.05,20.169014084507044,22.0,82
1641730,2024-25,46.0,1,0.7195121951219512,0.7195121951219512,0.05,16.08695652173913,20.0,82
1641730,2025-26,66.0,1,0.5792682926829268,0.532520325203252,0.05,22.652173913043477,21.0,82
1641731,2024-25,59.0,1,0.23170731707317072,0.23170731707317072,0.05,27.22222222222222,20.0,82
1641731,2025-26,56.0,1,0.25609756097560976,0.26422764227642276,0.05,33.016949152542374,21.0,82
1641732,2024-25,24.0,1,0.6341463414634146,0.6341463414634146,0.05,6.4,23.0,82
1641732,2025-26,1.0,1,0.5792682926829269,0.5609756097560976,0.05,5.416666666666667,23.0,82
1641733,2024-25,60.0,1,0.3780487804878049,0.3780487804878049,0.05,14.294117647058824,21.0,82
1641733,2025-26,30.0,1,0.3231707317073171,0.3048780487804878,0.05,22.816666666666666,22.0,82
1641734,2024-25,10.0,1,0.8170731707317074,0.8170731707317074,0.05,8.866666666666667,21.0,82
1641737,2025-26,71.0,1,0.29268292682926833,0.29268292682926833,0.05,15.60344827586207,23.0,82
1641738,2024-25,40.0,1,0.46341463414634143,0.46341463414634143,0.15,8.954545454545455,25.0,82
1641738,2025-26,34.0,1,0.4878048780487805,0.4959349593495935,0.25,6.8,26.0,82
1641739,2024-25,78.0,1,0.14634146341463417,0.14634146341463417,0.15,24.84285714285714,25.0,82
1641739,2025-26,82.0,0,0.09756097560975613,0.08130081300813012,0.25,32.666666666666664,26.0,82
1641740,2025-26,68.0,1,0.5121951219512195,0.5121951219512195,0.05,13.05,24.0,82
1641741,2024-25,73.0,1,0.6097560975609756,0.6097560975609756,0.05,9.03125,23.0,82
1641744,2025-26,11.0,1,0.19512195121951215,0.19512195121951215,0.05,21.454545454545453,24.0,82
1641745,2024-25,37.0,1,0.975609756097561,0.975609756097561,0.15,7.0,25.0,82
1641748,2024-25,67.0,1,0.30487804878048785,0.30487804878048785,0.05,10.035087719298245,23.0,82
1641748,2025-26,48.0,1,0.2439024390243903,0.22357723577235777,0.05,14.626865671641792,24.0,82
1641752,2025-26,12.0,1,0.9024390243902439,0.9024390243902439,0.05,5.25,23.0,82
1641753,2024-25,21.0,1,0.7439024390243902,0.7439024390243902,0.05,4.333333333333333,21.0,82
1641753,2025-26,3.0,1,0.7439024390243902,0.7439024390243901,0.05,5.0476190476190474,22.0,82
1641755,2025-26,21.0,1,0.9512195121951219,0.9512195121951219,0.15,7.25,25.0,82
1641757,2024-25,37.0,1,0.9024390243902439,0.9024390243902439,0.15,3.5,25.0,82
1641757,2025-26,60.0,1,0.725609756097561,0.6666666666666666,0.25,11.35135135135135,26.0,82
1641763,2024-25,79.0,1,0.5121951219512195,0.5121951219512195,0.05,8.075,21.0,82
1641763,2025-26,35.0,1,0.27439024390243905,0.19512195121951223,0.05,14.215189873417721,22.0,82
1641764,2024-25,64.0,1,0.09756097560975607,0.09756097560975607,0.05,26.594594594594593,22.0,82
1641764,2025-26,82.0,0,0.15853658536585363,0.17886178861788615,0.05,26.8125,23.0,82
1641765,2024-25,52.0,1,0.5121951219512195,0.5121951219512195,0.05,8.4,22.0,82
1641765,2025-26,53.0,1,0.43902439024390244,0.4146341463414634,0.05,11.23076923076923,23.0,82
1641766,2024-25,4.0,1,0.8902439024390244,0.8902439024390244,0.05,7.333333333333333,23.0,82
1641767,2024-25,63.0,1,0.30487804878048785,0.30487804878048785,0.05,14.280701754385966,23.0,82
1641767,2025-26,65.0,1,0.2682926829268293,0.25609756097560976,0.05,19.523809523809526,24.0,82
1641771,2025-26,13.0,1,0.8536585365853658,0.8536585365853658,0.25,3.0833333333333335,26.0,82
1641772,2025-26,64.0,1,0.9390243902439024,0.9390243902439024,0.15,12.6,25.0,82
1641774,2024-25,35.0,1,0.8780487804878049,0.8780487804878049,0.05,15.3,22.0,82
1641774,2025-26,49.0,1,0.725609756097561,0.6747967479674797,0.05,14.657142857142857,23.0,82
1641775,2024-25,52.0,1,0.8902439024390244,0.8902439024390244,0.05,9.222222222222221,21.0,82
1641775,2025-26,68.0,1,0.6280487804878049,0.540650406504065,0.05,7.75,22.0,82
1641778,2025-26,15.0,1,0.6829268292682926,0.6829268292682926,0.25,10.923076923076923,26.0,82
1641783,2025-26,77.0,1,0.09756097560975607,0.09756097560975607,0.15,22.013513513513512,25.0,82
1641787,2024-25,28.0,1,0.7926829268292683,0.7926829268292683,0.05,18.5,24.0,82
1641787,2025-26,5.0,1,0.725609756097561,0.7032520325203251,0.05,23.75,24.0,82
1641790,2025-26,7.0,1,0.7682926829268293,0.7682926829268293,0.05,3.473684210526316,24.0,82
1641794,2025-26,7.0,1,0.3414634146341463,0.3414634146341463,0.05,10.222222222222221,24.0,82
1641796,2025-26,70.0,1,0.3292682926829268,0.3292682926829268,0.15,14.218181818181819,25.0,82
1641801,2025-26,5.0,1,0.926829268292683,0.926829268292683,0.25,4.166666666666667,26.0,82
1641803,2025-26,1.0,1,0.9024390243902439,0.9024390243902439,0.15,1.6,25.0,82
1641809,2024-25,25.0,1,0.9634146341463414,0.9634146341463414,0.15,7.666666666666667,25.0,82
1641809,2025-26,6.0,1,0.8292682926829268,0.7845528455284553,0.25,7.44,26.0,82
1641810,2025-26,10.0,1,0.46341463414634143,0.46341463414634143,0.15,15.0,25.0,82
1641815,2025-26,3.0,1,0.9634146341463414,0.9634146341463414,0.15,2.0,25.0,82
1641816,2024-25,51.0,1,0.7804878048780488,0.7804878048780488,0.15,2.6666666666666665,25.0,82
1641816,2025-26,21.0,1,0.5792682926829269,0.5121951219512195,0.15,7.8431372549019605,25.0,82
1641824,2025-26,77.0,1,0.024390243902439046,0.024390243902439046,0.05,18.8875,21.0,82
1641842,2025-26,78.0,1,0.012195121951219523,0.012195121951219523,0.05,15.62962962962963,20.0,82
1641854,2024-25,51.0,1,0.3780487804878049,0.3780487804878049,0.15,12.72549019607843,25.0,82
1641854,2025-26,64.0,1,0.3780487804878049,0.37804878048780494,0.25,10.058823529411764,26.0,82
1641871,2024-25,46.0,1,0.1707317073170732,0.1707317073170732,0.5499999999999999,17.852941176470587,29.0,82
1641871,2025-26,32.0,1,0.3048780487804878,0.34959349593495936,0.5499999999999999,10.195652173913043,29.0,82
1641890,2025-26,12.0,1,0.7195121951219512,0.7195121951219512,0.05,5.304347826086956,21.0,82
1641989,2025-26,26.0,1,0.8780487804878049,0.8780487804878049,0.25,13.8,26.0,82
1641998,2024-25,16.0,1,0.6951219512195121,0.6951219512195121,0.15,0.5,25.0,82
1641998,2025-26,13.0,1,0.6158536585365854,0.5894308943089431,0.25,10.375,26.0,82
1642258,2025-26,67.0,1,0.08536585365853655,0.08536585365853655,0.05,24.573333333333334,21.0,82
1642259,2025-26,48.0,1,0.18292682926829273,0.18292682926829273,0.05,27.074626865671643,21.0,82
1642261,2025-26,54.0,1,0.04878048780487809,0.04878048780487809,0.15,19.153846153846153,25.0,82
1642262,2025-26,67.0,1,0.3902439024390244,0.3902439024390244,0.05,21.2,21.0,82
1642263,2025-26,82.0,0,0.36585365853658536,0.36585365853658536,0.05,12.576923076923077,22.0,82
1642264,2025-26,68.0,1,0.012195121951219523,0.012195121951219523,0.05,26.691358024691358,21.0,82
1642265,2025-26,35.0,1,0.4024390243902439,0.4024390243902439,0.05,10.53061224489796,21.0,82
1642266,2025-26,72.0,1,0.36585365853658536,0.36585365853658536,0.05,21.21153846153846,21.0,82
1642267,2025-26,82.0,0,0.0,0.0,0.05,29.975609756097562,20.0,82
1642268,2025-26,59.0,1,0.13414634146341464,0.13414634146341464,0.05,25.901408450704224,21.0,82
1642269,2025-26,38.0,1,0.5609756097560976,0.5609756097560976,0.05,11.0,24.0,82
1642270,2025-26,77.0,1,0.18292682926829273,0.18292682926829273,0.05,19.761194029850746,22.0,82
1642271,2025-26,77.0,1,0.12195121951219512,0.12195121951219512,0.05,21.13888888888889,22.0,82
1642272,2025-26,37.0,1,0.7195121951219512,0.7195121951219512,0.05,25.73913043478261,22.0,82
1642273,2025-26,48.0,1,0.1707317073170732,0.1707317073170732,0.05,26.5,22.0,82
1642274,2025-26,66.0,1,0.1097560975609756,0.1097560975609756,0.05,26.794520547945204,22.0,82
1642275,2025-26,37.0,1,0.2682926829268293,0.2682926829268293,0.05,20.733333333333334,20.0,82
1642276,2025-26,77.0,1,0.2195121951219512,0.2195121951219512,0.05,22.21875,22.0,82
1642277,2025-26,35.0,1,0.3902439024390244,0.3902439024390244,0.05,7.58,21.0,82
1642278,2025-26,62.0,1,0.5,0.5,0.15,7.219512195121951,25.0,82
1642280,2025-26,2.0,1,0.926829268292683,0.926829268292683,0.05,4.5,20.0,82
1642281,2025-26,66.0,1,0.426829268292683,0.426829268292683,0.05,9.638297872340425,23.0,82
1642285,2025-26,72.0,1,0.6951219512195121,0.6951219512195121,0.25,10.08,26.0,82
1642345,2025-26,82.0,0,0.25609756097560976,0.25609756097560976,0.05,17.147540983606557,23.0,82
1642346,2025-26,70.0,1,0.09756097560975607,0.09756097560975607,0.05,19.054054054054053,23.0,82
1642347,2025-26,82.0,0,0.08536585365853655,0.08536585365853655,0.05,19.56,23.0,82
1642348,2025-26,64.0,1,0.46341463414634143,0.46341463414634143,0.05,26.25,22.0,82
1642349,2025-26,57.0,1,0.5609756097560976,0.5609756097560976,0.05,16.583333333333332,24.0,82
1642352,2025-26,32.0,1,0.8048780487804879,0.8048780487804879,0.15,6.125,25.0,82
1642353,2025-26,55.0,1,0.8414634146341463,0.8414634146341463,0.05,4.538461538461538,20.0,82
1642354,2025-26,14.0,1,0.5609756097560976,0.5609756097560976,0.05,23.38888888888889,23.0,82
1642355,2025-26,42.0,1,0.6707317073170731,0.6707317073170731,0.05,6.703703703703703,21.0,82
1642358,2025-26,25.0,1,0.6463414634146342,0.6463414634146342,0.05,6.285714285714286,21.0,82
1642359,2025-26,29.0,1,0.7804878048780488,0.7804878048780488,0.05,6.166666666666667,20.0,82
1642366,2025-26,67.0,1,0.4878048780487805,0.4878048780487805,0.25,16.333333333333332,26.0,82
1642367,2025-26,40.0,1,0.23170731707317072,0.23170731707317072,0.05,20.41269841269841,24.0,82
1642368,2025-26,4.0,1,0.9512195121951219,0.9512195121951219,0.05,12.75,24.0,82
1642377,2025-26,69.0,1,0.03658536585365857,0.03658536585365857,0.05,25.873417721518987,22.0,82
1642382,2025-26,42.0,1,0.6097560975609756,0.6097560975609756,0.35,7.6875,27.0,82
1642384,2025-26,14.0,1,0.8170731707317074,0.8170731707317074,0.05,3.066666666666667,24.0,82
1642389,2025-26,5.0,1,0.9634146341463414,0.9634146341463414,0.15,1.0,25.0,82
1642402,2025-26,4.0,1,0.7317073170731707,0.7317073170731707,0.15,8.227272727272727,25.0,82
1642403,2025-26,3.0,1,0.5121951219512195,0.5121951219512195,0.15,7.6,25.0,82
1642419,2025-26,61.0,1,0.2804878048780488,0.2804878048780488,0.15,17.661016949152543,25.0,82
1642434,2025-26,3.0,1,0.9878048780487805,0.9878048780487805,0.15,7.0,25.0,82
1642443,2025-26,14.0,1,0.926829268292683,0.926829268292683,0.15,5.0,25.0,82
1642449,2025-26,15.0,1,0.9878048780487805,0.9878048780487805,0.15,22.0,25.0,82
1642450,2025-26,72.0,1,0.9146341463414634,0.9146341463414634,0.05,3.2857142857142856,24.0,82
1642461,2025-26,64.0,1,0.7560975609756098,0.7560975609756098,0.15,6.25,25.0,82
1642484,2025-26,13.0,1,0.8658536585365854,0.8658536585365854,0.15,6.363636363636363,25.0,82
1642502,2025-26,25.0,1,0.926829268292683,0.926829268292683,0.25,3.5,26.0,82
1642530,2025-26,18.0,1,0.7317073170731707,0.7317073170731707,0.05,4.2272727272727275,24.0,82
