PLAYER_ID,SEASON_ID,LEAGUE_ID,TEAM_ID,TEAM_ABBREVIATION,PLAYER_AGE,GP,GS,MIN,FGM,FGA,FG_PCT,FG3M,FG3A,FG3_PCT,FTM,FTA,FT_PCT,OREB,DREB,REB,AST,STL,BLK,TOV,PF,PTS,player_name
1710,1998-99,0,1610612763,VAN,21.0,50,50,1758,260,605,0.43,15,74,0.203,127,169,0.751,30,106,136,325,78,5,146,122,662,Mike Bibby
1710,1999-00,0,1610612763,VAN,22.0,82,82,3155,459,1031,0.445,77,212,0.363,195,250,0.78,73,233,306,665,132,15,247,171,1190,Mike Bibby
1710,2000-01,0,1610612763,VAN,23.0,82,82,3190,525,1157,0.454,108,285,0.379,143,188,0.761,47,257,304,685,107,12,248,148,1301,Mike Bibby
1710,2001-02,0,1610612758,SAC,24.0,80,80,2657,446,985,0.453,51,138,0.37,155,193,0.803,37,185,222,403,87,15,134,133,1098,Mike Bibby
1710,2002-03,0,1610612758,SAC,25.0,55,55,1835,329,700,0.47,56,137,0.409,161,187,0.861,34,113,147,285,72,8,127,93,875,Mike Bibby
1710,2003-04,0,1610612758,SAC,26.0,82,82,2980,527,1170,0.45,148,378,0.392,304,373,0.815,67,210,277,444,112,18,175,146,1506,Mike Bibby
1710,2004-05,0,1610612758,SAC,27.0,80,80,3083,560,1264,0.443,131,364,0.36,320,413,0.775,77,255,332,541,124,30,203,191,1571,Mike Bibby
1710,2005-06,0,1610612758,SAC,28.0,82,82,3167,597,1382,0.432,192,497,0.386,342,403,0.849,29,211,240,444,82,10,199,169,1728,Mike Bibby
1710,2006-07,0,1610612758,SAC,29.0,82,82,2784,471,1166,0.404,173,481,0.36,288,347,0.83,39,224,263,388,88,6,197,139,1403,Mike Bibby
1710,2007-08,0,1610612758,SAC,30.0,15,12,473,78,192,0.406,24,61,0.393,23,31,0.742,11,45,56,75,19,2,38,34,203,Mike Bibby
1710,2007-08,0,1610612737,ATL,30.0,33,32,1100,170,411,0.414,69,187,0.369,55,69,0.797,5,99,104,215,35,2,81,63,464,Mike Bibby
1710,2007-08,0,0,TOT,30.0,48,44,1573,248,603,0.411,93,248,0.375,78,100,0.78,16,144,160,290,54,4,119,97,667,Mike Bibby
1710,2008-09,0,1610612737,ATL,31.0,79,79,2740,437,1005,0.435,167,428,0.39,135,171,0.789,38,240,278,392,98,11,128,145,1176,Mike Bibby
1710,2009-10,0,1610612737,ATL,32.0,80,80,2195,268,644,0.416,126,324,0.389,68,79,0.861,20,164,184,310,67,3,90,157,730,Mike Bibby
1710,2010-11,0,1610612737,ATL,33.0,56,56,1674,192,441,0.435,113,256,0.441,29,46,0.63,15,128,143,202,38,6,68,125,526,Mike Bibby
1710,2010-11,0,1610612764,WAS,33.0,2,0,29,1,9,0.111,0,4,0.0,0,0,0.0,0,3,3,8,1,0,1,3,2,Mike Bibby
1710,2010-11,0,1610612748,MIA,33.0,22,12,582,55,126,0.437,40,88,0.455,10,16,0.625,2,47,49,55,11,3,32,47,160,Mike Bibby
1710,2010-11,0,0,TOT,33.0,80,68,2284,248,576,0.431,153,348,0.44,39,62,0.629,17,178,195,265,50,9,101,175,688,Mike Bibby
1710,2011-12,0,1610612752,NYK,34.0,39,4,557,35,124,0.282,27,85,0.318,6,8,0.75,5,54,59,80,21,3,20,45,103,Mike Bibby
2547,2003-04,0,1610612761,TOR,20.0,75,63,2512,327,712,0.459,5,14,0.357,202,288,0.701,191,366,557,78,59,106,107,215,861,Chris Bosh
2547,2004-05,0,1610612761,TOR,21.0,81,81,3015,473,1005,0.471,3,10,0.3,412,542,0.76,194,524,718,153,76,113,187,226,1361,Chris Bosh
2547,2005-06,0,1610612761,TOR,22.0,70,70,2751,549,1087,0.505,0,13,0.0,474,581,0.816,204,443,647,181,50,79,157,209,1572,Chris Bosh
2547,2006-07,0,1610612761,TOR,23.0,69,69,2658,543,1094,0.496,12,35,0.343,463,590,0.785,186,555,741,175,39,90,179,163,1561,Chris Bosh
2547,2007-08,0,1610612761,TOR,24.0,67,67,2425,507,1027,0.494,10,25,0.4,472,559,0.844,174,409,583,171,63,67,153,157,1496,Chris Bosh
2547,2008-09,0,1610612761,TOR,25.0,77,77,2928,615,1263,0.487,12,49,0.245,504,617,0.817,215,556,771,191,67,77,174,189,1746,Chris Bosh
2547,2009-10,0,1610612761,TOR,26.0,70,70,2526,600,1158,0.518,8,22,0.364,470,590,0.797,205,554,759,166,43,68,169,170,1678,Chris Bosh
2547,2010-11,0,1610612748,MIA,27.0,77,77,2795,524,1056,0.496,6,25,0.24,384,471,0.815,141,500,641,144,59,49,138,172,1438,Chris Bosh
2547,2011-12,0,1610612748,MIA,28.0,57,57,2007,393,807,0.487,10,35,0.286,229,279,0.821,94,358,452,103,51,45,117,128,1025,Chris Bosh
2547,2012-13,0,1610612748,MIA,29.0,74,74,2454,485,907,0.535,21,74,0.284,241,302,0.798,131,370,501,123,66,101,128,168,1232,Chris Bosh
2547,2013-14,0,1610612748,MIA,30.0,79,79,2531,492,953,0.516,74,218,0.339,223,272,0.82,98,424,522,87,80,78,125,192,1281,Chris Bosh
2547,2014-15,0,1610612748,MIA,31.0,44,44,1556,343,745,0.46,63,168,0.375,179,232,0.772,46,264,310,95,41,25,95,69,928,Chris Bosh
2547,2015-16,0,1610612748,MIA,32.0,53,53,1778,358,767,0.467,81,222,0.365,213,268,0.795,48,342,390,128,36,34,78,101,1010,Chris Bosh
2548,2003-04,0,1610612748,MIA,22.0,61,56,2130,371,798,0.465,16,53,0.302,233,312,0.747,85,162,247,275,86,34,196,140,991,Dwyane Wade
2548,2004-05,0,1610612748,MIA,23.0,77,77,2974,630,1318,0.478,13,45,0.289,581,762,0.762,110,287,397,520,121,82,321,230,1854,Dwyane Wade
2548,2005-06,0,1610612748,MIA,24.0,75,75,2892,699,1413,0.495,13,76,0.171,629,803,0.783,107,323,430,503,146,58,268,217,2040,Dwyane Wade
2548,2006-07,0,1610612748,MIA,25.0,51,50,1931,472,962,0.491,21,79,0.266,432,535,0.807,51,188,239,384,107,62,216,117,1397,Dwyane Wade
2548,2007-08,0,1610612748,MIA,26.0,51,49,1954,439,937,0.469,22,77,0.286,354,467,0.758,45,169,214,354,87,37,224,137,1254,Dwyane Wade
2548,2008-09,0,1610612748,MIA,27.0,79,79,3048,854,1739,0.491,88,278,0.317,590,771,0.765,89,309,398,589,173,106,272,178,2386,Dwyane Wade
2548,2009-10,0,1610612748,MIA,28.0,77,77,2792,719,1511,0.476,73,243,0.3,534,702,0.761,107,266,373,501,142,82,252,181,2045,Dwyane Wade
2548,2010-11,0,1610612748,MIA,29.0,76,76,2823,692,1384,0.5,63,206,0.306,494,652,0.758,123,362,485,346,111,87,237,197,1941,Dwyane Wade
2548,2011-12,0,1610612748,MIA,30.0,49,49,1625,416,837,0.497,15,56,0.268,235,297,0.791,73,164,237,225,82,63,129,110,1082,Dwyane Wade
2548,2012-13,0,1610612748,MIA,31.0,69,69,2391,569,1093,0.521,17,66,0.258,308,425,0.725,86,258,344,352,128,56,194,140,1463,Dwyane Wade
2548,2013-14,0,1610612748,MIA,32.0,54,53,1775,415,761,0.545,9,32,0.281,189,258,0.733,60,181,241,252,79,29,161,106,1028,Dwyane Wade
2548,2014-15,0,1610612748,MIA,33.0,62,62,1971,509,1084,0.47,29,102,0.284,284,370,0.768,58,161,219,299,73,21,209,105,1331,Dwyane Wade
2548,2015-16,0,1610612748,MIA,34.0,74,73,2258,540,1183,0.456,7,44,0.159,322,406,0.793,82,220,302,344,79,42,203,116,1409,Dwyane Wade
2548,2016-17,0,1610612741,CHI,35.0,60,59,1792,414,955,0.434,45,145,0.31,223,281,0.794,63,207,270,228,86,41,138,112,1096,Dwyane Wade
2548,2017-18,0,1610612739,CLE,36.0,46,3,1069,198,435,0.455,23,70,0.329,94,134,0.701,39,142,181,163,42,32,92,84,513,Dwyane Wade
2548,2017-18,0,1610612748,MIA,36.0,21,0,467,101,247,0.409,9,41,0.22,41,55,0.745,11,60,71,65,19,15,48,40,252,Dwyane Wade
2548,2017-18,0,0,TOT,36.0,67,3,1536,299,682,0.438,32,111,0.288,135,189,0.714,50,202,252,228,61,47,140,124,765,Dwyane Wade
2548,2018-19,0,1610612748,MIA,37.0,72,2,1885,416,960,0.433,86,261,0.33,165,233,0.708,69,216,285,301,59,38,166,118,1083,Dwyane Wade
436,1994-95,0,1610612764,WAS,22.0,65,52,2348,455,931,0.489,0,7,0.0,194,292,0.664,184,361,545,165,52,15,166,236,1104,Juwan Howard
436,1995-96,0,1610612764,WAS,23.0,81,81,3294,733,1500,0.489,4,13,0.308,319,426,0.749,188,472,660,360,67,39,303,269,1789,Juwan Howard
436,1996-97,0,1610612764,WAS,24.0,82,82,3318,638,1313,0.486,0,2,0.0,294,389,0.756,202,450,652,311,93,23,246,259,1570,Juwan Howard
436,1997-98,0,1610612764,WAS,25.0,64,64,2559,463,991,0.467,0,2,0.0,258,358,0.721,161,288,449,208,82,23,185,225,1184,Juwan Howard
436,1998-99,0,1610612764,WAS,26.0,36,36,1430,286,604,0.474,0,3,0.0,110,146,0.753,90,203,293,107,42,14,95,130,682,Juwan Howard
436,1999-00,0,1610612764,WAS,27.0,82,82,2909,509,1108,0.459,0,7,0.0,202,275,0.735,132,338,470,247,67,21,225,299,1220,Juwan Howard
436,2000-01,0,1610612764,WAS,28.0,54,54,1981,392,827,0.474,0,0,0.0,197,256,0.77,121,258,379,154,46,21,169,186,981,Juwan Howard
436,2000-01,0,1610612742,DAL,28.0,27,27,993,191,391,0.488,0,3,0.0,99,127,0.78,50,143,193,70,29,16,73,106,481,Juwan Howard
436,2000-01,0,0,TOT,28.0,81,81,2974,583,1218,0.479,0,3,0.0,296,383,0.773,171,401,572,224,75,37,242,292,1462,Juwan Howard
436,2001-02,0,1610612742,DAL,29.0,53,44,1660,270,585,0.462,0,1,0.0,144,191,0.754,138,252,390,93,28,30,78,170,684,Juwan Howard
436,2001-02,0,1610612743,DEN,29.0,28,28,975,192,420,0.457,0,1,0.0,117,152,0.77,85,137,222,76,18,17,74,95,501,Juwan Howard
436,2001-02,0,0,TOT,29.0,81,72,2634,462,1005,0.46,0,2,0.0,261,343,0.761,223,389,612,169,46,47,152,265,1185,Juwan Howard
436,2002-03,0,1610612743,DEN,30.0,77,77,2730,567,1261,0.45,2,4,0.5,282,351,0.803,181,404,585,234,77,27,189,239,1418,Juwan Howard
436,2003-04,0,1610612753,ORL,31.0,81,77,2877,529,1169,0.453,0,1,0.0,318,393,0.809,171,399,570,158,54,22,178,284,1376,Juwan Howard
436,2004-05,0,1610612745,HOU,32.0,61,47,1624,244,541,0.451,0,1,0.0,97,115,0.843,126,220,346,94,32,5,79,143,585,Juwan Howard
436,2005-06,0,1610612745,HOU,33.0,80,80,2537,394,859,0.459,0,4,0.0,154,191,0.806,168,367,535,112,49,8,133,235,942,Juwan Howard
436,2006-07,0,1610612745,HOU,34.0,80,38,2123,309,665,0.465,0,0,0.0,155,188,0.824,138,332,470,131,29,8,112,205,773,Juwan Howard
436,2007-08,0,1610612742,DAL,35.0,50,0,353,23,64,0.359,0,0,0.0,11,14,0.786,21,60,81,17,5,2,17,62,57,Juwan Howard
436,2008-09,0,1610612743,DEN,36.0,3,0,22,1,2,0.5,0,0,0.0,0,0,0.0,1,3,4,2,1,1,0,4,2,Juwan Howard
436,2008-09,0,1610612766,CHA,36.0,39,2,450,74,145,0.51,0,0,0.0,23,34,0.676,29,43,72,24,6,5,26,67,171,Juwan Howard
436,2008-09,0,0,TOT,36.0,42,2,472,75,147,0.51,0,0,0.0,23,34,0.676,30,46,76,26,7,6,26,71,173,Juwan Howard
436,2009-10,0,1610612757,POR,37.0,73,27,1632,191,375,0.509,0,1,0.0,55,70,0.786,108,227,335,61,27,10,72,191,437,Juwan Howard
436,2010-11,0,1610612748,MIA,38.0,57,0,592,55,125,0.44,0,0,0.0,29,35,0.829,36,86,122,23,10,4,25,61,139,Juwan Howard
436,2011-12,0,1610612748,MIA,39.0,28,0,190,17,55,0.309,0,0,0.0,8,10,0.8,18,29,47,10,4,1,20,18,42,Juwan Howard
436,2012-13,0,1610612748,MIA,40.0,7,2,51,10,19,0.526,0,0,0.0,1,1,1.0,0,8,8,6,0,0,4,9,21,Juwan Howard
2544,2003-04,0,1610612739,CLE,19.0,79,79,3120,622,1492,0.417,63,217,0.29,347,460,0.754,99,333,432,465,130,58,273,149,1654,LeBron James
2544,2004-05,0,1610612739,CLE,20.0,80,80,3388,795,1684,0.472,108,308,0.351,477,636,0.75,111,477,588,577,177,52,262,146,2175,LeBron James
2544,2005-06,0,1610612739,CLE,21.0,79,79,3361,875,1823,0.48,127,379,0.335,601,814,0.738,75,481,556,521,123,66,260,181,2478,LeBron James
2544,2006-07,0,1610612739,CLE,22.0,78,78,3190,772,1621,0.476,99,310,0.319,489,701,0.698,83,443,526,470,125,55,250,171,2132,LeBron James
2544,2007-08,0,1610612739,CLE,23.0,75,74,3027,794,1642,0.484,113,359,0.315,549,771,0.712,133,459,592,539,138,81,255,165,2250,LeBron James
2544,2008-09,0,1610612739,CLE,24.0,81,81,3054,789,1613,0.489,132,384,0.344,594,762,0.78,106,507,613,587,137,93,241,139,2304,LeBron James
2544,2009-10,0,1610612739,CLE,25.0,76,76,2966,768,1528,0.503,129,387,0.333,593,773,0.767,71,483,554,651,125,77,261,119,2258,LeBron James
2544,2010-11,0,1610612748,MIA,26.0,79,79,3063,758,1485,0.51,92,279,0.33,503,663,0.759,80,510,590,554,124,50,284,163,2111,LeBron James
2544,2011-12,0,1610612748,MIA,27.0,62,62,2326,621,1169,0.531,54,149,0.362,387,502,0.771,94,398,492,387,115,50,213,96,1683,LeBron James
2544,2012-13,0,1610612748,MIA,28.0,76,76,2877,765,1354,0.565,103,254,0.406,403,535,0.753,97,513,610,551,129,67,226,110,2036,LeBron James
2544,2013-14,0,1610612748,MIA,29.0,77,77,2902,767,1353,0.567,116,306,0.379,439,585,0.75,81,452,533,488,121,26,270,126,2089,LeBron James
2544,2014-15,0,1610612739,CLE,30.0,69,69,2493,624,1279,0.488,120,339,0.354,375,528,0.71,51,365,416,511,109,49,272,135,1743,LeBron James
2544,2015-16,0,1610612739,CLE,31.0,76,76,2709,737,1416,0.52,87,282,0.309,359,491,0.731,111,454,565,514,104,49,249,143,1920,LeBron James
2544,2016-17,0,1610612739,CLE,32.0,74,74,2795,736,1344,0.548,124,342,0.363,358,531,0.674,97,542,639,646,92,44,303,134,1954,LeBron James
2544,2017-18,0,1610612739,CLE,33.0,82,82,3026,857,1580,0.542,149,406,0.367,388,531,0.731,97,612,709,747,116,71,347,136,2251,LeBron James
2544,2018-19,0,1610612747,LAL,34.0,55,55,1937,558,1095,0.51,111,327,0.339,278,418,0.665,57,408,465,454,72,33,197,94,1505,LeBron James
2544,2019-20,0,1610612747,LAL,35.0,67,67,2316,643,1303,0.493,148,425,0.348,264,381,0.693,66,459,525,684,78,36,261,118,1698,LeBron James
2544,2020-21,0,1610612747,LAL,36.0,45,45,1504,422,823,0.513,104,285,0.365,178,255,0.698,29,317,346,350,48,25,168,70,1126,LeBron James
2544,2021-22,0,1610612747,LAL,37.0,56,56,2084,640,1221,0.524,161,448,0.359,254,336,0.756,63,396,459,349,73,59,196,121,1695,LeBron James
2544,2022-23,0,1610612747,LAL,38.0,55,54,1954,609,1219,0.5,121,377,0.321,251,327,0.768,65,392,457,375,50,32,178,88,1590,LeBron James
2544,2023-24,0,1610612747,LAL,39.0,71,71,2504,685,1269,0.54,149,363,0.41,303,404,0.75,61,457,518,589,89,38,245,78,1822,LeBron James
2544,2024-25,0,1610612747,LAL,40.0,70,70,2444,651,1270,0.513,149,396,0.376,259,331,0.782,72,474,546,575,70,39,260,99,1710,LeBron James
2544,2025-26,0,1610612747,LAL,41.0,60,60,1989,473,919,0.515,77,243,0.317,233,316,0.737,43,321,364,432,72,35,179,81,1256,LeBron James
980,1997-98,0,1610612739,CLE,23.0,82,81,2379,454,876,0.518,1,4,0.25,230,302,0.762,279,444,723,71,52,135,146,288,1139,Zydrunas Ilgauskas
980,1998-99,0,1610612739,CLE,24.0,5,5,171,29,57,0.509,0,0,0.0,18,30,0.6,17,27,44,4,4,7,9,24,76,Zydrunas Ilgauskas
980,2000-01,0,1610612739,CLE,26.0,24,24,616,114,234,0.487,0,2,0.0,53,78,0.679,65,95,160,18,15,37,60,78,281,Zydrunas Ilgauskas
980,2001-02,0,1610612739,CLE,27.0,62,23,1329,241,567,0.425,0,5,0.0,208,276,0.754,136,198,334,70,17,84,94,187,690,Zydrunas Ilgauskas
980,2002-03,0,1610612739,CLE,28.0,81,81,2432,495,1122,0.441,0,5,0.0,400,512,0.781,240,371,611,127,56,152,210,274,1390,Zydrunas Ilgauskas
980,2003-04,0,1610612739,CLE,29.0,81,81,2539,466,965,0.483,2,7,0.286,303,406,0.746,279,374,653,109,39,201,163,277,1237,Zydrunas Ilgauskas
980,2004-05,0,1610612739,CLE,30.0,78,78,2615,458,979,0.468,2,7,0.286,402,503,0.799,299,373,672,100,53,165,191,313,1320,Zydrunas Ilgauskas
980,2005-06,0,1610612739,CLE,31.0,78,78,2283,450,889,0.506,0,5,0.0,317,380,0.834,245,346,591,91,38,136,155,280,1217,Zydrunas Ilgauskas
980,2006-07,0,1610612739,CLE,32.0,78,78,2130,385,793,0.485,0,1,0.0,155,192,0.807,242,357,599,123,48,98,141,257,925,Zydrunas Ilgauskas
980,2007-08,0,1610612739,CLE,33.0,73,73,2222,417,879,0.474,0,1,0.0,195,243,0.802,263,419,682,104,34,120,135,247,1029,Zydrunas Ilgauskas
980,2008-09,0,1610612739,CLE,34.0,65,65,1765,342,724,0.472,15,39,0.385,139,174,0.799,157,333,490,64,28,84,90,183,838,Zydrunas Ilgauskas
980,2009-10,0,1610612739,CLE,35.0,64,6,1339,194,438,0.443,11,23,0.478,75,101,0.743,114,231,345,48,14,50,63,183,474,Zydrunas Ilgauskas
980,2010-11,0,1610612748,MIA,36.0,72,51,1145,162,319,0.508,0,1,0.0,36,46,0.783,108,179,287,26,23,58,52,185,360,Zydrunas Ilgauskas
2034,2000-01,0,1610612753,ORL,21.0,82,62,2390,368,845,0.436,148,364,0.407,91,128,0.711,66,261,327,140,51,19,97,200,975,Mike Miller
2034,2001-02,0,1610612753,ORL,22.0,63,53,2128,351,802,0.438,116,303,0.383,138,181,0.762,49,224,273,198,47,23,108,145,956,Mike Miller
2034,2002-03,0,1610612753,ORL,23.0,49,39,1826,296,708,0.418,87,256,0.34,127,150,0.847,40,246,286,139,36,16,99,139,806,Mike Miller
2034,2002-03,0,1610612763,MEM,23.0,16,13,360,77,151,0.51,22,44,0.5,29,36,0.806,6,49,55,31,6,5,26,34,205,Mike Miller
2034,2002-03,0,0,TOT,23.0,65,52,2186,373,859,0.434,109,300,0.363,156,186,0.839,46,295,341,170,42,21,125,173,1011,Mike Miller
2034,2003-04,0,1610612763,MEM,24.0,65,65,1768,270,616,0.438,80,215,0.372,102,141,0.723,42,174,216,232,59,14,107,162,722,Mike Miller
2034,2004-05,0,1610612763,MEM,25.0,76,51,2280,387,766,0.505,140,323,0.433,108,150,0.72,36,264,300,220,54,23,127,197,1022,Mike Miller
2034,2005-06,0,1610612763,MEM,26.0,74,9,2268,354,760,0.466,138,339,0.407,168,210,0.8,42,355,397,200,52,27,140,173,1014,Mike Miller
2034,2006-07,0,1610612763,MEM,27.0,70,69,2740,465,1010,0.46,202,498,0.406,161,203,0.793,52,326,378,298,54,18,179,138,1293,Mike Miller
2034,2007-08,0,1610612763,MEM,28.0,70,70,2474,414,824,0.502,155,359,0.432,164,212,0.774,51,416,467,240,35,16,182,145,1147,Mike Miller
2034,2008-09,0,1610612750,MIN,29.0,73,47,2356,264,548,0.482,85,225,0.378,109,149,0.732,73,410,483,326,30,31,145,139,722,Mike Miller
2034,2009-10,0,1610612764,WAS,30.0,54,50,1805,217,433,0.501,82,171,0.48,70,85,0.824,55,281,336,212,39,12,115,131,586,Mike Miller
2034,2010-11,0,1610612748,MIA,31.0,41,2,838,81,202,0.401,43,118,0.364,23,34,0.676,38,146,184,51,20,2,41,88,228,Mike Miller
2034,2011-12,0,1610612748,MIA,32.0,39,2,752,91,209,0.435,53,117,0.453,2,5,0.4,22,106,128,42,14,6,30,58,237,Mike Miller
2034,2012-13,0,1610612748,MIA,33.0,59,17,900,100,231,0.433,73,175,0.417,8,11,0.727,18,139,157,99,21,4,35,63,281,Mike Miller
2034,2013-14,0,1610612763,MEM,34.0,82,4,1707,213,443,0.481,107,233,0.459,46,56,0.821,30,177,207,130,26,5,77,95,579,Mike Miller
2034,2014-15,0,1610612739,CLE,35.0,52,15,701,37,114,0.325,32,98,0.327,3,4,0.75,4,87,91,46,14,4,23,74,109,Mike Miller
2034,2015-16,0,1610612743,DEN,36.0,47,2,373,22,62,0.355,19,52,0.365,0,0,0.0,6,47,53,40,13,4,17,53,63,Mike Miller
2034,2016-17,0,1610612743,DEN,37.0,20,0,151,9,23,0.391,8,20,0.4,2,2,1.0,2,36,38,22,2,0,13,9,28,Mike Miller
201596,2008-09,0,1610612748,MIA,23.0,82,82,2626,278,662,0.42,114,311,0.367,148,193,0.767,37,191,228,403,160,8,165,240,818,Mario Chalmers
201596,2009-10,0,1610612748,MIA,24.0,73,22,1807,182,454,0.401,75,236,0.318,82,110,0.745,25,110,135,246,91,12,123,175,521,Mario Chalmers
201596,2010-11,0,1610612748,MIA,25.0,70,28,1579,155,388,0.399,83,231,0.359,54,62,0.871,12,134,146,177,76,7,91,158,447,Mario Chalmers
201596,2011-12,0,1610612748,MIA,26.0,64,64,1825,223,498,0.448,101,260,0.388,80,101,0.792,16,155,171,222,97,11,142,166,627,Mario Chalmers
201596,2012-13,0,1610612748,MIA,27.0,77,77,2068,227,529,0.429,123,301,0.409,89,112,0.795,19,152,171,273,118,12,119,196,666,Mario Chalmers
201596,2013-14,0,1610612748,MIA,28.0,73,73,2178,254,560,0.454,87,226,0.385,121,163,0.742,41,173,214,357,119,16,162,210,716,Mario Chalmers
201596,2014-15,0,1610612748,MIA,29.0,80,37,2368,267,663,0.403,73,248,0.294,206,266,0.774,24,182,206,307,122,10,173,251,813,Mario Chalmers
201596,2015-16,0,1610612748,MIA,30.0,6,0,120,10,32,0.313,1,11,0.091,12,13,0.923,1,13,14,19,8,1,9,16,33,Mario Chalmers
201596,2015-16,0,1610612763,MEM,30.0,55,7,1253,172,412,0.417,45,138,0.326,206,249,0.827,23,120,143,211,80,12,101,165,595,Mario Chalmers
201596,2015-16,0,0,TOT,30.0,61,7,1373,182,444,0.41,46,149,0.309,218,262,0.832,24,133,157,230,88,13,110,181,628,Mario Chalmers
201596,2017-18,0,1610612763,MEM,32.0,66,10,1421,168,443,0.379,53,191,0.277,118,138,0.855,13,144,157,197,79,14,117,179,507,Mario Chalmers
2048,2000-01,0,1610612766,CHH,23.0,74,0,1095,122,271,0.45,0,2,0.0,95,145,0.655,103,192,295,27,18,78,61,139,339,Jamaal Magloire
2048,2001-02,0,1610612766,CHH,24.0,82,8,1549,228,414,0.551,0,1,0.0,243,333,0.73,153,308,461,31,27,86,118,201,699,Jamaal Magloire
2048,2002-03,0,1610612740,NOH,25.0,82,82,2443,305,635,0.48,0,3,0.0,231,322,0.717,260,464,724,88,49,111,158,276,841,Jamaal Magloire
2048,2003-04,0,1610612740,NOH,26.0,82,82,2777,383,809,0.473,0,1,0.0,353,470,0.751,268,579,847,86,43,101,201,278,1119,Jamaal Magloire
2048,2004-05,0,1610612740,NOH,27.0,23,22,703,98,227,0.432,0,0,0.0,74,123,0.602,79,126,205,29,8,23,59,74,270,Jamaal Magloire
2048,2005-06,0,1610612749,MIL,28.0,82,82,2465,287,615,0.467,0,0,0.0,178,333,0.535,220,558,778,56,29,80,166,276,752,Jamaal Magloire
2048,2006-07,0,1610612757,POR,29.0,81,23,1703,199,395,0.504,0,0,0.0,131,242,0.541,151,341,492,30,21,66,129,226,529,Jamaal Magloire
2048,2007-08,0,1610612751,NJN,30.0,24,2,259,15,49,0.306,0,0,0.0,14,31,0.452,18,63,81,7,0,10,23,42,44,Jamaal Magloire
2048,2007-08,0,1610612742,DAL,30.0,7,0,27,3,6,0.5,0,0,0.0,6,13,0.462,1,7,8,0,1,0,7,8,12,Jamaal Magloire
2048,2007-08,0,0,TOT,30.0,31,2,286,18,55,0.327,0,0,0.0,20,44,0.455,19,70,89,7,1,10,30,50,56,Jamaal Magloire
2048,2008-09,0,1610612748,MIA,31.0,55,12,709,65,131,0.496,0,0,0.0,29,60,0.483,82,140,222,22,11,25,32,121,159,Jamaal Magloire
2048,2009-10,0,1610612748,MIA,32.0,36,0,359,28,56,0.5,0,0,0.0,21,59,0.356,41,80,121,1,9,11,17,59,77,Jamaal Magloire
2048,2010-11,0,1610612748,MIA,33.0,18,0,158,13,22,0.591,0,0,0.0,9,18,0.5,17,44,61,3,4,2,5,26,35,Jamaal Magloire
2048,2011-12,0,1610612761,TOR,34.0,34,1,374,17,45,0.378,0,0,0.0,7,27,0.259,25,88,113,6,4,10,22,66,41,Jamaal Magloire
2592,2003-04,0,1610612754,IND,23.0,6,0,26,2,9,0.222,1,4,0.25,2,2,1.0,0,2,2,0,1,0,0,1,7,James Jones
2592,2004-05,0,1610612754,IND,24.0,75,24,1330,126,318,0.396,66,166,0.398,53,62,0.855,39,135,174,57,31,28,43,123,371,James Jones
2592,2005-06,0,1610612756,PHX,25.0,75,24,1772,243,581,0.418,110,285,0.386,103,121,0.851,44,209,253,57,38,49,35,142,699,James Jones
2592,2006-07,0,1610612756,PHX,26.0,76,7,1376,162,440,0.368,90,238,0.378,71,81,0.877,33,143,176,45,28,42,28,115,485,James Jones
2592,2007-08,0,1610612757,POR,27.0,58,3,1276,143,327,0.437,91,205,0.444,86,98,0.878,43,118,161,34,24,15,28,96,463,James Jones
2592,2008-09,0,1610612748,MIA,28.0,40,1,630,55,149,0.369,33,96,0.344,26,31,0.839,12,50,62,20,12,14,12,58,169,James Jones
2592,2009-10,0,1610612748,MIA,29.0,36,6,503,43,119,0.361,37,90,0.411,23,28,0.821,4,41,45,17,11,4,11,45,146,James Jones
2592,2010-11,0,1610612748,MIA,30.0,81,8,1549,146,346,0.422,123,287,0.429,60,72,0.833,23,137,160,43,29,19,21,129,475,James Jones
2592,2011-12,0,1610612748,MIA,31.0,51,10,666,57,150,0.38,46,114,0.404,25,30,0.833,6,43,49,19,17,9,10,45,185,James Jones
2592,2012-13,0,1610612748,MIA,32.0,38,0,221,21,61,0.344,16,53,0.302,2,4,0.5,0,22,22,13,2,6,3,16,60,James Jones
2592,2013-14,0,1610612748,MIA,33.0,20,6,236,31,68,0.456,28,54,0.519,7,11,0.636,2,21,23,9,3,4,4,6,97,James Jones
2592,2014-15,0,1610612739,CLE,34.0,57,2,669,74,201,0.368,63,175,0.36,39,46,0.848,9,53,62,24,13,8,13,67,250,James Jones
2592,2015-16,0,1610612739,CLE,35.0,48,0,463,58,142,0.408,41,104,0.394,21,26,0.808,8,42,50,14,11,10,13,50,178,James Jones
2592,2016-17,0,1610612739,CLE,36.0,48,2,381,44,92,0.478,31,66,0.47,13,20,0.65,3,34,37,14,6,10,10,37,132,James Jones
956,1996-97,0,1610612754,IND,21.0,72,21,1048,131,336,0.39,1,1,1.0,107,168,0.637,96,198,294,43,19,73,84,153,370,Erick Dampier
956,1997-98,0,1610612744,GSW,22.0,82,82,2656,352,791,0.445,0,2,0.0,267,399,0.669,272,443,715,94,39,139,175,281,971,Erick Dampier
956,1998-99,0,1610612744,GSW,23.0,50,50,1414,161,414,0.389,0,0,0.0,120,204,0.588,164,218,382,54,26,58,92,165,442,Erick Dampier
956,1999-00,0,1610612744,GSW,24.0,21,12,495,70,173,0.405,0,0,0.0,27,51,0.529,48,86,134,19,8,15,29,75,167,Erick Dampier
956,2000-01,0,1610612744,GSW,25.0,43,26,1038,126,314,0.401,0,2,0.0,67,126,0.532,97,153,250,59,17,58,82,123,319,Erick Dampier
956,2001-02,0,1610612744,GSW,26.0,73,46,1737,209,480,0.435,0,0,0.0,136,211,0.645,167,220,387,87,17,167,156,235,554,Erick Dampier
956,2002-03,0,1610612744,GSW,27.0,82,82,1978,259,522,0.496,0,2,0.0,155,222,0.698,248,295,543,58,27,154,112,242,673,Erick Dampier
956,2003-04,0,1610612744,GSW,28.0,74,74,2406,348,650,0.535,0,2,0.0,217,332,0.654,344,543,887,60,33,137,131,227,913,Erick Dampier
956,2004-05,0,1610612742,DAL,29.0,59,56,1609,202,367,0.55,0,3,0.0,138,228,0.605,183,318,501,51,15,80,102,205,542,Erick Dampier
956,2005-06,0,1610612742,DAL,30.0,82,36,1934,171,347,0.493,0,0,0.0,127,215,0.591,273,367,640,51,27,106,115,263,469,Erick Dampier
956,2006-07,0,1610612742,DAL,31.0,76,73,1915,209,334,0.626,0,0,0.0,119,191,0.623,217,349,566,44,24,82,107,239,537,Erick Dampier
956,2007-08,0,1610612742,DAL,32.0,72,64,1755,178,277,0.643,0,0,0.0,84,146,0.575,207,332,539,63,24,106,80,226,440,Erick Dampier
956,2008-09,0,1610612742,DAL,33.0,80,80,1836,182,280,0.65,0,0,0.0,90,141,0.638,216,349,565,77,24,95,74,191,454,Erick Dampier
956,2009-10,0,1610612742,DAL,34.0,55,47,1280,133,213,0.624,1,3,0.333,61,101,0.604,128,272,400,31,15,77,61,153,328,Erick Dampier
956,2010-11,0,1610612748,MIA,35.0,51,22,815,52,89,0.584,0,1,0.0,24,44,0.545,53,124,177,22,14,47,32,82,128,Erick Dampier
956,2011-12,0,1610612737,ATL,36.0,15,0,83,1,8,0.125,0,0,0.0,0,0,0.0,10,15,25,4,1,4,3,9,2,Erick Dampier
2617,2003-04,0,1610612748,MIA,24.0,75,24,1798,205,447,0.459,0,3,0.0,140,183,0.765,189,284,473,51,33,24,74,197,550,Udonis Haslem
2617,2004-05,0,1610612748,MIA,25.0,80,80,2675,346,641,0.54,0,4,0.0,178,225,0.791,239,487,726,108,63,41,113,260,870,Udonis Haslem
2617,2005-06,0,1610612748,MIA,26.0,81,80,2491,300,591,0.508,0,2,0.0,157,199,0.789,167,467,634,95,50,17,80,216,757,Udonis Haslem
2617,2006-07,0,1610612748,MIA,27.0,79,79,2483,353,717,0.492,0,4,0.0,138,203,0.68,188,466,654,97,49,26,110,236,844,Udonis Haslem
2617,2007-08,0,1610612748,MIA,28.0,49,48,1805,237,507,0.467,0,0,0.0,115,142,0.81,107,336,443,68,39,18,67,145,589,Udonis Haslem
2617,2008-09,0,1610612748,MIA,29.0,75,75,2560,333,643,0.518,0,0,0.0,128,170,0.753,169,449,618,85,43,25,82,204,794,Udonis Haslem
2617,2009-10,0,1610612748,MIA,30.0,78,0,2177,312,632,0.494,0,0,0.0,147,193,0.762,167,462,629,52,30,23,75,174,771,Udonis Haslem
2617,2010-11,0,1610612748,MIA,31.0,13,0,345,44,86,0.512,0,0,0.0,16,20,0.8,29,77,106,6,7,3,14,39,104,Udonis Haslem
2617,2011-12,0,1610612748,MIA,32.0,64,10,1589,151,357,0.423,0,0,0.0,83,102,0.814,117,353,470,42,35,24,60,142,385,Udonis Haslem
2617,2012-13,0,1610612748,MIA,33.0,75,59,1414,129,251,0.514,0,0,0.0,32,45,0.711,97,307,404,38,30,15,45,173,290,Udonis Haslem
2617,2013-14,0,1610612748,MIA,34.0,46,18,653,74,146,0.507,0,0,0.0,25,44,0.568,42,133,175,13,11,15,24,79,173,Udonis Haslem
2617,2014-15,0,1610612748,MIA,35.0,62,25,995,107,239,0.448,2,10,0.2,45,64,0.703,71,187,258,46,21,13,41,113,261,Udonis Haslem
2617,2015-16,0,1610612748,MIA,36.0,37,0,260,23,61,0.377,1,9,0.111,12,16,0.75,10,65,75,14,5,2,5,25,59,Udonis Haslem
2617,2016-17,0,1610612748,MIA,37.0,16,0,130,11,23,0.478,0,3,0.0,9,15,0.6,8,28,36,6,6,1,8,22,31,Udonis Haslem
2617,2017-18,0,1610612748,MIA,38.0,14,0,72,3,15,0.2,1,8,0.125,1,2,0.5,3,7,10,5,0,2,2,3,8,Udonis Haslem
2617,2018-19,0,1610612748,MIA,39.0,10,1,75,11,33,0.333,0,12,0.0,3,4,0.75,3,24,27,2,0,0,3,9,25,Udonis Haslem
2617,2019-20,0,1610612748,MIA,40.0,4,1,44,4,11,0.364,1,3,0.333,3,4,0.75,1,15,16,1,0,0,1,6,12,Udonis Haslem
2617,2020-21,0,1610612748,MIA,41.0,1,0,3,2,2,1.0,0,0,0.0,0,0,0.0,0,1,1,0,0,0,0,0,4,Udonis Haslem
2617,2021-22,0,1610612748,MIA,42.0,13,0,83,14,31,0.452,1,4,0.25,3,3,1.0,4,21,25,4,1,1,5,15,32,Udonis Haslem
2617,2022-23,0,1610612748,MIA,43.0,7,1,72,10,29,0.345,3,9,0.333,4,5,0.8,4,7,11,0,1,2,1,11,27,Udonis Haslem
202354,2010-11,0,1610612748,MIA,23.0,2,0,11,1,3,0.333,0,0,0.0,0,0,0.0,1,2,3,0,0,0,2,2,2,Dexter Pittman
202354,2011-12,0,1610612748,MIA,24.0,35,6,301,44,94,0.468,0,0,0.0,18,28,0.643,27,44,71,9,8,8,17,73,106,Dexter Pittman
202354,2012-13,0,1610612748,MIA,25.0,4,0,12,3,5,0.6,0,0,0.0,0,0,0.0,4,3,7,0,0,0,2,4,6,Dexter Pittman
202354,2012-13,0,1610612763,MEM,25.0,7,0,20,1,6,0.167,0,0,0.0,0,3,0.0,3,2,5,0,0,0,1,4,2,Dexter Pittman
202354,2012-13,0,0,TOT,25.0,11,0,32,4,11,0.364,0,0,0.0,0,3,0.0,7,5,12,0,0,0,3,8,8,Dexter Pittman
202354,2013-14,0,1610612737,ATL,26.0,2,0,3,0,1,0.0,0,0,0.0,0,2,0.0,3,0,3,0,0,0,0,0,0,Dexter Pittman
201202,2007-08,0,1610612748,MIA,25.0,24,1,498,28,60,0.467,0,0,0.0,29,49,0.592,38,55,93,3,9,31,17,55,85,Joel Anthony
201202,2008-09,0,1610612748,MIA,26.0,65,28,1048,57,118,0.483,0,0,0.0,30,46,0.652,89,108,197,27,20,93,41,139,144,Joel Anthony
201202,2009-10,0,1610612748,MIA,27.0,80,16,1322,76,159,0.478,0,0,0.0,66,92,0.717,123,126,249,12,20,109,45,158,218,Joel Anthony
201202,2010-11,0,1610612748,MIA,28.0,75,11,1463,53,99,0.535,0,0,0.0,47,73,0.644,104,162,266,24,10,93,36,194,153,Joel Anthony
201202,2011-12,0,1610612748,MIA,29.0,64,51,1349,85,152,0.559,0,0,0.0,49,71,0.69,100,150,250,9,36,84,45,126,219,Joel Anthony
201202,2012-13,0,1610612748,MIA,30.0,62,3,566,35,68,0.515,0,0,0.0,17,28,0.607,45,70,115,13,13,42,22,49,87,Joel Anthony
201202,2013-14,0,1610612748,MIA,31.0,12,0,37,2,6,0.333,0,0,0.0,2,2,1.0,2,5,7,0,0,4,1,4,6,Joel Anthony
201202,2013-14,0,1610612738,BOS,31.0,21,0,149,10,26,0.385,0,0,0.0,2,6,0.333,13,18,31,2,3,8,2,13,22,Joel Anthony
201202,2013-14,0,0,TOT,31.0,33,0,186,12,32,0.375,0,0,0.0,4,8,0.5,15,23,38,2,3,12,3,17,28,Joel Anthony
201202,2014-15,0,1610612765,DET,32.0,49,0,406,36,62,0.581,0,0,0.0,15,22,0.682,32,61,93,5,12,49,12,55,87,Joel Anthony
201202,2015-16,0,1610612765,DET,33.0,19,0,96,6,10,0.6,0,0,0.0,6,8,0.75,8,13,21,1,2,12,2,15,18,Joel Anthony
201202,2016-17,0,1610612759,SAS,34.0,19,0,122,10,16,0.625,0,0,0.0,5,8,0.625,8,23,31,3,2,6,4,11,25,Joel Anthony
2067,2000-01,0,1610612748,MIA,23.0,50,0,550,104,247,0.421,19,55,0.345,24,35,0.686,5,37,42,52,13,0,35,58,251,Eddie House
2067,2001-02,0,1610612748,MIA,24.0,64,3,1230,209,524,0.399,54,157,0.344,42,49,0.857,17,93,110,123,43,5,80,98,514,Eddie House
2067,2002-03,0,1610612748,MIA,25.0,55,7,1025,172,444,0.387,36,120,0.3,31,36,0.861,17,84,101,87,44,1,46,73,411,Eddie House
2067,2003-04,0,1610612746,LAC,26.0,60,10,1188,161,449,0.359,51,136,0.375,36,45,0.8,28,110,138,148,65,4,63,92,409,Eddie House
2067,2004-05,0,1610612766,CHA,27.0,13,5,300,61,135,0.452,12,29,0.414,10,13,0.769,2,17,19,24,24,3,13,23,144,Eddie House
2067,2004-05,0,1610612749,MIL,27.0,5,0,41,6,17,0.353,4,6,0.667,0,0,0.0,0,3,3,5,2,0,0,3,16,Eddie House
2067,2004-05,0,1610612758,SAC,27.0,50,2,550,98,214,0.458,28,62,0.452,13,14,0.929,14,47,61,67,18,3,22,39,237,Eddie House
2067,2004-05,0,0,TOT,27.0,68,7,891,165,366,0.451,44,97,0.454,23,27,0.852,16,67,83,96,44,6,35,65,397,Eddie House
2067,2005-06,0,1610612756,PHX,28.0,81,0,1421,320,759,0.422,123,316,0.389,33,41,0.805,15,117,132,148,42,12,76,96,796,Eddie House
2067,2006-07,0,1610612751,NJN,29.0,56,1,946,180,421,0.428,75,175,0.429,33,36,0.917,14,78,92,67,27,3,27,69,468,Eddie House
2067,2007-08,0,1610612738,BOS,30.0,78,2,1480,217,531,0.409,117,298,0.393,33,36,0.917,19,148,167,152,59,10,76,114,584,Eddie House
2067,2008-09,0,1610612738,BOS,31.0,81,0,1479,249,560,0.445,151,340,0.444,42,53,0.792,11,146,157,92,61,7,55,113,691,Eddie House
2067,2009-10,0,1610612738,BOS,32.0,50,0,846,129,322,0.401,64,167,0.383,36,40,0.9,7,62,69,48,28,7,27,61,358,Eddie House
2067,2009-10,0,1610612752,NYK,32.0,18,0,371,44,133,0.331,15,60,0.25,12,12,1.0,6,34,40,37,12,0,20,20,115,Eddie House
2067,2009-10,0,0,TOT,32.0,68,0,1217,173,455,0.38,79,227,0.348,48,52,0.923,13,96,109,85,40,7,47,81,473,Eddie House
2067,2010-11,0,1610612748,MIA,33.0,56,1,978,128,321,0.399,68,175,0.389,38,40,0.95,9,83,92,62,32,3,29,68,362,Eddie House
1627775,2016-17,0,1610612744,GSW,21.0,71,20,1074,106,245,0.433,41,123,0.333,29,37,0.784,21,79,100,77,32,15,36,62,282,Patrick McCaw
1627775,2017-18,0,1610612744,GSW,22.0,57,10,961,92,225,0.409,19,80,0.238,26,34,0.765,16,66,82,81,43,10,41,67,229,Patrick McCaw
1627775,2018-19,0,1610612739,CLE,23.0,3,0,53,2,9,0.222,1,4,0.25,0,0,0.0,0,3,3,2,2,0,3,1,5,Patrick McCaw
1627775,2018-19,0,1610612761,TOR,23.0,26,1,344,24,54,0.444,8,24,0.333,13,15,0.867,7,38,45,27,21,2,14,37,69,Patrick McCaw
1627775,2018-19,0,0,TOT,23.0,29,1,397,26,63,0.413,9,28,0.321,13,15,0.867,7,41,48,29,23,2,17,38,74,Patrick McCaw
1627775,2019-20,0,1610612761,TOR,24.0,37,12,908,67,162,0.414,23,71,0.324,13,18,0.722,19,67,86,79,39,4,29,60,170,Patrick McCaw
1627775,2020-21,0,1610612761,TOR,25.0,5,0,33,1,1,1.0,0,0,0.0,3,3,1.0,1,2,3,4,2,0,0,6,5,Patrick McCaw
201580,2008-09,0,1610612764,WAS,21.0,75,14,1143,191,387,0.494,0,0,0.0,107,162,0.66,120,174,294,23,33,75,61,155,489,JaVale McGee
201580,2009-10,0,1610612764,WAS,22.0,60,19,968,156,307,0.508,0,1,0.0,74,116,0.638,88,155,243,14,16,101,51,122,386,JaVale McGee
201580,2010-11,0,1610612764,WAS,23.0,79,75,2193,332,604,0.55,0,3,0.0,134,230,0.583,223,411,634,38,41,193,102,232,798,JaVale McGee
201580,2011-12,0,1610612764,WAS,24.0,41,40,1124,214,400,0.535,0,0,0.0,58,116,0.5,127,235,362,25,25,101,68,118,486,JaVale McGee
201580,2011-12,0,1610612743,DEN,24.0,20,5,411,93,152,0.612,0,0,0.0,19,51,0.373,36,79,115,6,10,31,19,48,205,JaVale McGee
201580,2011-12,0,0,TOT,24.0,61,45,1535,307,552,0.556,0,0,0.0,77,167,0.461,163,314,477,31,35,132,87,166,691,JaVale McGee
201580,2012-13,0,1610612743,DEN,25.0,79,0,1433,303,527,0.575,1,1,1.0,110,186,0.591,158,223,381,24,30,157,90,184,717,JaVale McGee
201580,2013-14,0,1610612743,DEN,26.0,5,5,79,17,38,0.447,0,0,0.0,1,1,1.0,10,7,17,2,1,7,8,16,35,JaVale McGee
201580,2014-15,0,1610612743,DEN,27.0,17,0,195,34,61,0.557,0,0,0.0,20,29,0.69,14,34,48,1,2,19,13,28,88,JaVale McGee
201580,2014-15,0,1610612755,PHI,27.0,6,0,61,8,18,0.444,0,0,0.0,2,4,0.5,4,9,13,2,0,1,5,2,18,JaVale McGee
201580,2014-15,0,0,TOT,27.0,23,0,256,42,79,0.532,0,0,0.0,22,33,0.667,18,43,61,3,2,20,18,30,106,JaVale McGee
201580,2015-16,0,1610612742,DAL,28.0,34,2,370,77,134,0.575,0,1,0.0,18,36,0.5,53,80,133,3,5,26,21,49,172,JaVale McGee
201580,2016-17,0,1610612744,GSW,29.0,77,10,739,208,319,0.652,0,3,0.0,56,111,0.505,100,144,244,17,19,67,40,109,472,JaVale McGee
201580,2017-18,0,1610612744,GSW,30.0,65,17,615,136,219,0.621,0,6,0.0,38,52,0.731,59,110,169,33,21,57,27,91,310,JaVale McGee
201580,2018-19,0,1610612747,LAL,31.0,75,62,1671,400,641,0.624,1,12,0.083,96,152,0.632,195,371,566,52,47,148,108,208,897,JaVale McGee
201580,2019-20,0,1610612747,LAL,32.0,68,68,1130,195,306,0.637,3,6,0.5,53,82,0.646,125,265,390,37,36,94,55,159,446,JaVale McGee
201580,2020-21,0,1610612739,CLE,33.0,33,1,503,112,215,0.521,5,20,0.25,36,55,0.655,54,116,170,33,16,40,45,80,265,JaVale McGee
201580,2020-21,0,1610612743,DEN,33.0,13,1,175,32,67,0.478,0,4,0.0,8,12,0.667,23,46,69,6,3,14,15,41,72,JaVale McGee
201580,2020-21,0,0,TOT,33.0,46,2,678,144,282,0.511,5,24,0.208,44,67,0.657,77,162,239,39,19,54,60,121,337,JaVale McGee
201580,2021-22,0,1610612756,PHX,34.0,74,17,1172,288,458,0.629,2,9,0.222,102,146,0.699,163,333,496,42,22,81,98,181,680,JaVale McGee
201580,2022-23,0,1610612742,DAL,35.0,42,7,355,80,125,0.64,2,5,0.4,24,41,0.585,30,77,107,11,4,26,36,54,186,JaVale McGee
201580,2023-24,0,1610612758,SAC,36.0,46,0,339,79,132,0.598,1,7,0.143,26,45,0.578,42,84,126,17,14,20,34,46,185,JaVale McGee
2561,2003-04,0,1610612740,NOH,23.0,71,1,927,108,228,0.474,0,2,0.0,57,80,0.713,117,180,297,60,27,28,48,117,273,David West
2561,2004-05,0,1610612740,NOH,24.0,30,8,552,75,172,0.436,2,5,0.4,34,50,0.68,40,89,129,23,12,16,37,62,186,David West
2561,2005-06,0,1610612740,NOK,25.0,74,74,2526,530,1036,0.512,3,11,0.273,199,236,0.843,168,380,548,92,61,64,105,214,1262,David West
2561,2006-07,0,1610612740,NOK,26.0,52,52,1900,377,792,0.476,8,25,0.32,187,227,0.824,126,298,424,114,42,38,98,143,949,David West
2561,2007-08,0,1610612740,NOH,27.0,76,76,2870,629,1305,0.482,6,25,0.24,300,353,0.85,180,495,675,177,62,99,165,208,1564,David West
2561,2008-09,0,1610612740,NOH,28.0,76,76,2982,610,1292,0.472,6,25,0.24,367,415,0.884,160,486,646,173,49,68,163,207,1593,David West
2561,2009-10,0,1610612740,NOH,29.0,81,81,2949,619,1226,0.505,7,27,0.259,296,342,0.865,164,441,605,239,76,60,173,233,1541,David West
2561,2010-11,0,1610612740,NOH,30.0,70,70,2451,528,1040,0.508,2,9,0.222,264,327,0.807,155,374,529,164,67,62,142,202,1322,David West
2561,2011-12,0,1610612754,IND,31.0,66,66,1925,349,716,0.487,2,9,0.222,142,176,0.807,118,315,433,140,52,46,93,160,842,David West
2561,2012-13,0,1610612754,IND,32.0,73,73,2435,502,1009,0.498,4,19,0.211,242,315,0.768,145,418,563,213,74,69,157,149,1250,David West
2561,2013-14,0,1610612754,IND,33.0,80,80,2472,458,939,0.488,4,15,0.267,198,251,0.789,120,422,542,223,61,74,133,186,1118,David West
2561,2014-15,0,1610612754,IND,34.0,66,66,1895,323,686,0.471,4,20,0.2,119,161,0.739,108,341,449,223,48,48,120,160,769,David West
2561,2015-16,0,1610612759,SAS,35.0,78,19,1404,244,448,0.545,3,7,0.429,63,80,0.788,72,237,309,143,44,55,68,142,554,David West
2561,2016-17,0,1610612744,GSW,36.0,68,0,854,135,252,0.536,3,8,0.375,43,56,0.768,47,156,203,151,42,48,78,105,316,David West
2561,2017-18,0,1610612744,GSW,37.0,73,0,999,216,378,0.571,3,8,0.375,60,79,0.759,64,174,238,138,47,75,80,120,495,David West
1626172,2015-16,0,1610612744,GSW,20.0,5,0,21,4,7,0.571,1,2,0.5,0,0,0.0,4,6,10,0,0,0,1,2,9,Kevon Looney
1626172,2016-17,0,1610612744,GSW,21.0,53,4,447,56,107,0.523,2,9,0.222,21,34,0.618,44,80,124,29,15,17,17,64,135,Kevon Looney
1626172,2017-18,0,1610612744,GSW,22.0,66,4,910,112,193,0.58,1,5,0.2,42,77,0.545,83,132,215,42,34,56,31,106,267,Kevon Looney
1626172,2018-19,0,1610612744,GSW,23.0,80,24,1481,217,347,0.625,1,10,0.1,65,105,0.619,194,223,417,123,46,53,51,211,500,Kevon Looney
1626172,2019-20,0,1610612744,GSW,24.0,20,4,262,29,79,0.367,1,14,0.071,9,12,0.75,28,38,66,20,12,6,12,34,68,Kevon Looney
1626172,2020-21,0,1610612744,GSW,25.0,61,34,1161,108,197,0.548,4,17,0.235,31,48,0.646,117,205,322,119,21,22,37,136,251,Kevon Looney
1626172,2021-22,0,1610612744,GSW,26.0,82,80,1732,208,364,0.571,0,1,0.0,75,125,0.6,208,388,596,165,50,52,67,215,491,Kevon Looney
1626172,2022-23,0,1610612744,GSW,27.0,82,70,1958,242,384,0.63,0,1,0.0,94,155,0.606,274,486,760,207,52,50,45,225,578,Kevon Looney
1626172,2023-24,0,1610612744,GSW,28.0,74,36,1194,139,233,0.597,0,1,0.0,56,83,0.675,143,276,419,133,28,29,50,155,334,Kevon Looney
1626172,2024-25,0,1610612744,GSW,29.0,76,6,1142,143,278,0.514,2,5,0.4,56,99,0.566,185,277,462,118,46,37,39,154,344,Kevon Looney
1626172,2025-26,0,1610612740,NOP,30.0,21,8,308,25,60,0.417,2,13,0.154,7,10,0.7,48,70,118,34,9,10,9,34,59,Kevon Looney
2738,2004-05,0,1610612755,PHI,21.0,82,82,2688,269,546,0.493,47,142,0.331,156,210,0.743,89,375,464,246,138,48,139,204,741,Andre Iguodala
2738,2005-06,0,1610612755,PHI,22.0,82,82,3086,344,688,0.5,56,158,0.354,263,349,0.754,117,364,481,255,135,21,153,198,1007,Andre Iguodala
2738,2006-07,0,1610612755,PHI,23.0,76,76,3062,443,991,0.447,48,155,0.31,452,551,0.82,77,357,434,432,152,33,261,200,1386,Andre Iguodala
2738,2007-08,0,1610612755,PHI,24.0,82,82,3242,582,1277,0.456,101,307,0.329,365,506,0.721,85,361,446,391,171,49,214,187,1630,Andre Iguodala
2738,2008-09,0,1610612755,PHI,25.0,82,82,3269,542,1147,0.473,80,261,0.307,377,521,0.724,92,379,471,434,131,36,222,152,1541,Andre Iguodala
2738,2009-10,0,1610612755,PHI,26.0,82,82,3193,496,1120,0.443,94,303,0.31,315,430,0.733,82,447,529,472,141,55,218,145,1401,Andre Iguodala
2738,2010-11,0,1610612755,PHI,27.0,67,67,2469,338,759,0.445,61,181,0.337,208,300,0.693,61,326,387,422,101,38,138,109,945,Andre Iguodala
2738,2011-12,0,1610612755,PHI,28.0,62,62,2209,287,632,0.454,76,193,0.394,121,196,0.617,56,325,381,339,107,30,115,92,771,Andre Iguodala
2738,2012-13,0,1610612743,DEN,29.0,80,80,2779,396,879,0.451,91,287,0.317,155,270,0.574,82,341,423,433,139,52,206,127,1038,Andre Iguodala
2738,2013-14,0,1610612744,GSW,30.0,63,63,2040,220,458,0.48,62,175,0.354,86,132,0.652,53,240,293,263,95,18,100,103,588,Andre Iguodala
2738,2014-15,0,1610612744,GSW,31.0,77,0,2069,231,496,0.466,74,212,0.349,68,114,0.596,44,213,257,228,89,25,88,100,604,Andre Iguodala
2738,2015-16,0,1610612744,GSW,32.0,65,1,1732,176,368,0.478,54,154,0.351,51,83,0.614,52,211,263,219,73,19,79,102,457,Andre Iguodala
2738,2016-17,0,1610612744,GSW,33.0,76,0,1998,219,415,0.528,64,177,0.362,72,102,0.706,51,253,304,261,76,39,58,97,574,Andre Iguodala
2738,2017-18,0,1610612744,GSW,34.0,64,7,1622,148,320,0.463,33,117,0.282,55,87,0.632,50,196,246,210,54,38,67,99,384,Andre Iguodala
2738,2018-19,0,1610612744,GSW,35.0,68,13,1578,151,302,0.5,48,144,0.333,39,67,0.582,48,204,252,216,61,51,52,95,389,Andre Iguodala
2738,2019-20,0,1610612748,MIA,36.0,21,0,418,38,88,0.432,14,47,0.298,6,15,0.4,17,61,78,51,14,21,26,35,96,Andre Iguodala
2738,2020-21,0,1610612748,MIA,37.0,63,5,1339,95,248,0.383,60,182,0.33,25,38,0.658,38,183,221,142,57,35,67,90,275,Andre Iguodala
2738,2021-22,0,1610612744,GSW,38.0,31,0,603,46,121,0.38,17,74,0.23,15,20,0.75,21,79,100,114,27,22,28,34,124,Andre Iguodala
2738,2022-23,0,1610612744,GSW,39.0,8,0,113,7,15,0.467,1,9,0.111,2,3,0.667,3,14,17,19,4,3,9,11,17,Andre Iguodala
202691,2011-12,0,1610612744,GSW,22.0,66,29,1608,318,718,0.443,111,268,0.414,79,91,0.868,24,137,161,133,49,20,103,155,826,Klay Thompson
202691,2012-13,0,1610612744,GSW,23.0,82,82,2936,508,1205,0.422,211,526,0.401,132,157,0.841,32,274,306,183,86,45,157,237,1359,Klay Thompson
202691,2013-14,0,1610612744,GSW,24.0,81,81,2868,559,1259,0.444,223,535,0.417,147,185,0.795,38,211,249,181,74,37,135,234,1488,Klay Thompson
202691,2014-15,0,1610612744,GSW,25.0,77,77,2455,602,1299,0.463,239,545,0.439,225,256,0.879,27,220,247,222,87,60,149,122,1668,Klay Thompson
202691,2015-16,0,1610612744,GSW,26.0,80,80,2666,651,1386,0.47,276,650,0.425,193,221,0.873,35,271,306,166,60,49,138,152,1771,Klay Thompson
202691,2016-17,0,1610612744,GSW,27.0,78,78,2649,644,1376,0.468,268,647,0.414,186,218,0.853,49,236,285,160,66,40,128,139,1742,Klay Thompson
202691,2017-18,0,1610612744,GSW,28.0,73,73,2504,575,1177,0.489,229,520,0.44,82,98,0.837,31,246,277,185,55,34,128,117,1461,Klay Thompson
202691,2018-19,0,1610612744,GSW,29.0,78,78,2652,655,1402,0.467,241,599,0.402,129,158,0.816,37,262,299,186,84,47,115,157,1680,Klay Thompson
202691,2021-22,0,1610612744,GSW,32.0,32,32,941,246,573,0.429,114,296,0.385,46,51,0.902,15,110,125,88,16,17,43,54,652,Klay Thompson
202691,2022-23,0,1610612744,GSW,33.0,69,69,2279,546,1252,0.436,301,731,0.412,116,132,0.879,39,247,286,163,49,29,123,130,1509,Klay Thompson
202691,2023-24,0,1610612744,GSW,34.0,77,63,2284,490,1133,0.432,268,692,0.387,127,137,0.927,35,219,254,176,50,35,117,127,1375,Klay Thompson
202691,2024-25,0,1610612742,DAL,35.0,72,72,1965,361,877,0.412,216,553,0.391,67,74,0.905,44,202,246,145,50,30,88,81,1005,Klay Thompson
202691,2025-26,0,1610612742,DAL,36.0,69,8,1497,286,728,0.393,202,527,0.383,36,47,0.766,18,125,143,96,33,22,63,70,810,Klay Thompson
1627745,2016-17,0,1610612744,GSW,22.0,10,0,85,8,16,0.5,0,0,0.0,3,10,0.3,9,14,23,0,1,4,6,15,19,Damian Jones
1627745,2017-18,0,1610612744,GSW,23.0,15,0,89,11,22,0.5,0,0,0.0,3,5,0.6,5,9,14,2,1,3,4,14,25,Damian Jones
1627745,2018-19,0,1610612744,GSW,24.0,24,22,410,53,74,0.716,0,0,0.0,24,37,0.649,31,44,75,28,12,25,16,63,130,Damian Jones
1627745,2019-20,0,1610612737,ATL,25.0,55,27,887,121,178,0.68,2,9,0.222,62,84,0.738,74,132,206,35,26,40,28,149,306,Damian Jones
1627745,2020-21,0,1610612756,PHX,26.0,14,0,94,8,16,0.5,0,1,0.0,6,11,0.545,7,11,18,4,1,5,6,19,22,Damian Jones
1627745,2020-21,0,1610612747,LAL,26.0,8,6,112,16,17,0.941,0,0,0.0,11,12,0.917,8,18,26,1,1,7,5,22,43,Damian Jones
1627745,2020-21,0,1610612758,SAC,26.0,17,4,341,46,70,0.657,1,4,0.25,25,35,0.714,21,56,77,24,9,17,15,36,118,Damian Jones
1627745,2020-21,0,0,TOT,26.0,39,10,546,70,103,0.68,1,5,0.2,42,58,0.724,36,85,121,29,11,29,26,77,183,Damian Jones
1627745,2021-22,0,1610612758,SAC,27.0,56,15,1017,175,266,0.658,10,29,0.345,94,131,0.718,75,171,246,69,26,47,59,130,454,Damian Jones
1627745,2022-23,0,1610612747,LAL,28.0,22,1,176,20,37,0.541,0,3,0.0,15,20,0.75,18,37,55,4,3,12,9,17,55,Damian Jones
1627745,2022-23,0,1610612762,UTA,28.0,19,0,301,35,49,0.714,10,14,0.714,7,9,0.778,24,43,67,11,5,9,14,38,87,Damian Jones
1627745,2022-23,0,0,TOT,28.0,41,1,477,55,86,0.64,10,17,0.588,22,29,0.759,42,80,122,15,8,21,23,55,142,Damian Jones
1627745,2023-24,0,1610612739,CLE,29.0,39,0,270,43,72,0.597,3,14,0.214,18,21,0.857,20,42,62,15,7,13,13,27,107,Damian Jones
203949,2014-15,0,1610612744,GSW,22.0,15,0,137,24,44,0.545,0,0,0.0,14,25,0.56,15,22,37,2,5,9,6,21,62,James Michael McAdoo
203949,2015-16,0,1610612744,GSW,23.0,41,1,262,45,84,0.536,1,2,0.5,26,49,0.531,30,28,58,17,10,8,16,39,117,James Michael McAdoo
203949,2016-17,0,1610612744,GSW,24.0,52,2,457,62,117,0.53,2,8,0.25,21,42,0.5,34,57,91,18,18,29,19,47,147,James Michael McAdoo
203949,2017-18,0,1610612755,PHI,25.0,3,0,18,2,7,0.286,2,7,0.286,2,2,1.0,0,2,2,0,0,1,1,1,8,James Michael McAdoo
203546,2013-14,0,1610612762,UTA,23.0,23,0,172,26,67,0.388,11,31,0.355,5,7,0.714,3,16,19,15,8,2,14,24,68,Ian Clark
203546,2014-15,0,1610612762,UTA,24.0,23,0,161,15,44,0.341,9,25,0.36,5,5,1.0,4,9,13,10,6,2,7,12,44,Ian Clark
203546,2014-15,0,1610612743,DEN,24.0,7,0,31,4,11,0.364,1,5,0.2,4,4,1.0,0,3,3,2,3,1,2,8,13,Ian Clark
203546,2014-15,0,0,TOT,24.0,30,0,192,19,55,0.345,10,30,0.333,9,9,1.0,4,12,16,12,9,3,9,20,57,Ian Clark
203546,2015-16,0,1610612744,GSW,25.0,66,1,578,89,202,0.441,30,84,0.357,28,34,0.824,13,55,68,64,17,13,43,58,236,Ian Clark
203546,2016-17,0,1610612744,GSW,26.0,77,0,1137,211,433,0.487,61,163,0.374,44,58,0.759,22,99,121,90,39,8,55,77,527,Ian Clark
203546,2017-18,0,1610612740,NOP,27.0,74,2,1454,222,495,0.448,62,195,0.318,45,59,0.763,10,117,127,110,33,10,57,120,551,Ian Clark
203546,2018-19,0,1610612740,NOP,28.0,60,6,973,151,383,0.394,66,202,0.327,33,37,0.892,13,76,89,94,22,8,58,95,401,Ian Clark
2440,2003-04,0,1610612746,LAC,24.0,38,9,724,63,138,0.457,2,13,0.154,43,61,0.705,53,98,151,48,27,3,44,76,171,Matt Barnes
2440,2004-05,0,1610612758,SAC,25.0,43,9,714,62,151,0.411,5,22,0.227,35,58,0.603,49,84,133,57,30,7,45,80,164,Matt Barnes
2440,2005-06,0,1610612752,NYK,26.0,6,5,93,11,30,0.367,1,4,0.25,3,4,0.75,7,17,24,6,4,0,6,8,26,Matt Barnes
2440,2005-06,0,1610612755,PHI,26.0,50,0,538,59,110,0.536,2,11,0.182,29,43,0.674,41,56,97,22,16,7,24,92,149,Matt Barnes
2440,2005-06,0,0,TOT,26.0,56,5,631,70,140,0.5,3,15,0.2,32,47,0.681,48,73,121,28,20,7,30,100,175,Matt Barnes
2440,2006-07,0,1610612744,GSW,27.0,76,23,1813,275,628,0.438,106,290,0.366,90,123,0.732,91,259,350,156,73,41,105,188,746,Matt Barnes
2440,2007-08,0,1610612744,GSW,28.0,73,18,1414,187,442,0.423,53,181,0.293,59,79,0.747,94,230,324,139,48,36,85,159,486,Matt Barnes
2440,2008-09,0,1610612756,PHX,29.0,77,40,2082,285,674,0.423,117,341,0.343,101,136,0.743,79,342,421,212,52,26,130,209,788,Matt Barnes
2440,2009-10,0,1610612753,ORL,30.0,81,58,2097,271,557,0.487,66,207,0.319,108,146,0.74,106,339,445,134,59,30,112,185,716,Matt Barnes
2440,2010-11,0,1610612747,LAL,31.0,53,0,1020,131,279,0.47,34,107,0.318,60,77,0.779,73,155,228,71,39,22,58,127,356,Matt Barnes
2440,2011-12,0,1610612747,LAL,32.0,63,16,1440,175,387,0.452,46,138,0.333,95,128,0.742,97,247,344,126,35,48,73,152,491,Matt Barnes
2440,2012-13,0,1610612746,LAC,33.0,80,4,2058,312,675,0.462,111,325,0.342,87,117,0.744,111,255,366,123,82,63,90,233,822,Matt Barnes
2440,2013-14,0,1610612746,LAC,34.0,63,40,1735,231,527,0.438,97,283,0.343,66,90,0.733,60,232,292,125,56,28,85,185,625,Matt Barnes
2440,2014-15,0,1610612746,LAC,35.0,76,74,2271,277,624,0.444,136,376,0.362,74,95,0.779,51,251,302,114,67,50,87,240,764,Matt Barnes
2440,2015-16,0,1610612763,MEM,36.0,76,45,2190,264,693,0.381,119,370,0.322,111,138,0.804,84,336,420,163,78,57,121,234,758,Matt Barnes
2440,2016-17,0,1610612758,SAC,37.0,54,13,1366,147,383,0.384,69,211,0.327,50,66,0.758,55,238,293,150,36,17,83,138,413,Matt Barnes
2440,2016-17,0,1610612744,GSW,37.0,20,5,410,38,90,0.422,18,52,0.346,20,23,0.87,15,76,91,45,12,9,24,47,114,Matt Barnes
2440,2016-17,0,0,TOT,37.0,74,18,1776,185,473,0.391,87,263,0.331,70,89,0.787,70,314,384,195,48,26,107,185,527,Matt Barnes
203110,2012-13,0,1610612744,GSW,23.0,79,1,1061,84,257,0.327,14,67,0.209,45,55,0.818,58,202,260,53,42,25,51,159,227,Draymond Green
203110,2013-14,0,1610612744,GSW,24.0,82,12,1797,187,459,0.407,55,165,0.333,82,123,0.667,86,323,409,152,102,72,91,231,511,Draymond Green
203110,2014-15,0,1610612744,GSW,25.0,79,79,2490,339,765,0.443,111,329,0.337,132,200,0.66,114,533,647,291,123,99,133,253,921,Draymond Green
203110,2015-16,0,1610612744,GSW,26.0,81,81,2808,401,819,0.49,100,258,0.388,229,329,0.696,134,635,769,598,119,113,259,240,1131,Draymond Green
203110,2016-17,0,1610612744,GSW,27.0,76,76,2471,272,650,0.418,81,263,0.308,151,213,0.709,98,501,599,533,154,106,184,217,776,Draymond Green
203110,2017-18,0,1610612744,GSW,28.0,70,70,2287,281,619,0.454,77,256,0.301,134,173,0.775,75,460,535,508,95,91,202,185,773,Draymond Green
203110,2018-19,0,1610612744,GSW,29.0,66,66,2065,188,422,0.445,47,165,0.285,63,91,0.692,60,421,481,454,95,70,169,197,486,Draymond Green
203110,2019-20,0,1610612744,GSW,30.0,43,43,1222,123,316,0.389,36,129,0.279,63,83,0.759,23,243,266,266,59,33,98,110,345,Draymond Green
203110,2020-21,0,1610612744,GSW,31.0,63,63,1982,170,380,0.447,34,126,0.27,70,88,0.795,55,393,448,558,105,52,188,194,444,Draymond Green
203110,2021-22,0,1610612744,GSW,32.0,46,44,1329,135,257,0.525,16,54,0.296,60,91,0.659,45,291,336,320,61,50,139,136,346,Draymond Green
203110,2022-23,0,1610612744,GSW,33.0,73,73,2298,250,474,0.527,40,131,0.305,77,108,0.713,66,459,525,500,74,60,204,229,617,Draymond Green
203110,2023-24,0,1610612744,GSW,34.0,55,52,1490,185,372,0.497,51,129,0.395,54,74,0.73,76,322,398,332,55,47,135,166,475,Draymond Green
203110,2024-25,0,1610612744,GSW,35.0,68,66,1983,216,509,0.424,80,246,0.325,101,147,0.687,74,340,414,383,99,70,174,219,613,Draymond Green
203110,2025-26,0,1610612744,GSW,36.0,68,68,1869,205,491,0.418,101,310,0.326,59,84,0.702,55,320,375,376,61,42,181,197,570,Draymond Green
2585,2003-04,0,1610612753,ORL,20.0,59,2,660,68,175,0.389,0,0,0.0,58,90,0.644,69,105,174,13,21,12,34,87,194,Zaza Pachulia
2585,2004-05,0,1610612749,MIL,21.0,74,4,1396,160,354,0.452,0,1,0.0,138,185,0.746,131,247,378,60,44,34,70,166,458,Zaza Pachulia
2585,2005-06,0,1610612737,ATL,22.0,78,78,2452,307,681,0.451,0,2,0.0,297,404,0.735,264,349,613,129,89,39,180,286,911,Zaza Pachulia
2585,2006-07,0,1610612737,ATL,23.0,72,47,2026,291,614,0.474,0,1,0.0,293,373,0.786,199,301,500,106,77,36,162,267,875,Zaza Pachulia
2585,2007-08,0,1610612737,ATL,24.0,62,5,944,107,245,0.437,0,3,0.0,108,153,0.706,89,159,248,36,24,13,69,140,322,Zaza Pachulia
2585,2008-09,0,1610612737,ATL,25.0,77,26,1473,159,320,0.497,0,3,0.0,163,230,0.709,173,263,436,57,35,26,91,208,481,Zaza Pachulia
2585,2009-10,0,1610612737,ATL,26.0,78,1,1089,120,246,0.488,0,4,0.0,93,143,0.65,117,176,293,42,37,31,58,186,333,Zaza Pachulia
2585,2010-11,0,1610612737,ATL,27.0,79,7,1244,107,232,0.461,0,0,0.0,135,179,0.754,119,214,333,58,34,22,69,184,349,Zaza Pachulia
2585,2011-12,0,1610612737,ATL,28.0,58,44,1640,169,339,0.499,0,0,0.0,117,158,0.741,154,303,457,79,55,29,81,172,455,Zaza Pachulia
2585,2012-13,0,1610612737,ATL,29.0,52,15,1134,114,241,0.473,0,3,0.0,78,103,0.757,132,204,336,79,35,12,70,128,306,Zaza Pachulia
2585,2013-14,0,1610612749,MIL,30.0,53,43,1325,149,349,0.427,0,1,0.0,110,130,0.846,141,192,333,136,45,14,92,124,408,Zaza Pachulia
2585,2014-15,0,1610612749,MIL,31.0,73,45,1730,240,529,0.454,0,3,0.0,126,160,0.788,197,303,500,178,80,21,133,170,606,Zaza Pachulia
2585,2015-16,0,1610612742,DAL,32.0,76,69,2004,219,470,0.466,0,3,0.0,212,276,0.768,249,469,718,128,64,22,119,181,650,Zaza Pachulia
2585,2016-17,0,1610612744,GSW,33.0,70,70,1268,164,307,0.534,0,2,0.0,98,126,0.778,140,270,410,132,59,33,87,166,426,Zaza Pachulia
2585,2017-18,0,1610612744,GSW,34.0,69,57,972,149,264,0.564,0,1,0.0,75,93,0.806,89,232,321,109,38,17,72,122,373,Zaza Pachulia
2585,2018-19,0,1610612765,DET,35.0,68,3,878,85,193,0.44,0,4,0.0,97,124,0.782,99,166,265,91,31,17,57,151,267,Zaza Pachulia
201939,2009-10,0,1610612744,GSW,22.0,80,77,2896,528,1143,0.462,166,380,0.437,177,200,0.885,48,308,356,472,152,19,243,252,1399,Stephen Curry
201939,2010-11,0,1610612744,GSW,23.0,74,74,2489,505,1053,0.48,151,342,0.442,212,227,0.934,52,234,286,432,109,20,226,233,1373,Stephen Curry
201939,2011-12,0,1610612744,GSW,24.0,26,23,732,145,296,0.49,55,121,0.455,38,47,0.809,15,73,88,138,39,8,65,62,383,Stephen Curry
201939,2012-13,0,1610612744,GSW,25.0,78,78,2983,626,1388,0.451,272,600,0.453,262,291,0.9,59,255,314,539,126,12,240,198,1786,Stephen Curry
201939,2013-14,0,1610612744,GSW,26.0,78,78,2846,652,1383,0.471,261,615,0.424,308,348,0.885,46,288,334,666,128,14,294,194,1873,Stephen Curry
201939,2014-15,0,1610612744,GSW,27.0,80,80,2613,653,1341,0.487,286,646,0.443,308,337,0.914,56,285,341,619,163,16,249,158,1900,Stephen Curry
201939,2015-16,0,1610612744,GSW,28.0,79,79,2700,805,1598,0.504,402,886,0.454,363,400,0.908,68,362,430,527,169,15,262,161,2375,Stephen Curry
201939,2016-17,0,1610612744,GSW,29.0,79,79,2639,675,1443,0.468,324,789,0.411,325,362,0.898,61,292,353,524,142,17,239,183,1999,Stephen Curry
201939,2017-18,0,1610612744,GSW,30.0,51,51,1631,428,864,0.495,212,501,0.423,278,302,0.921,36,225,261,310,80,8,153,114,1346,Stephen Curry
201939,2018-19,0,1610612744,GSW,31.0,69,69,2331,632,1340,0.472,354,810,0.437,263,287,0.916,45,324,369,361,92,25,192,166,1881,Stephen Curry
201939,2019-20,0,1610612744,GSW,32.0,5,5,139,33,82,0.402,12,49,0.245,26,26,1.0,4,22,26,33,5,2,16,11,104,Stephen Curry
201939,2020-21,0,1610612744,GSW,33.0,63,63,2152,658,1365,0.482,337,801,0.421,362,395,0.916,29,316,345,363,77,8,213,119,2015,Stephen Curry
201939,2021-22,0,1610612744,GSW,34.0,64,64,2211,535,1224,0.437,285,750,0.38,275,298,0.923,34,301,335,404,85,23,206,130,1630,Stephen Curry
201939,2022-23,0,1610612744,GSW,35.0,56,56,1941,559,1133,0.493,273,639,0.427,257,281,0.915,39,302,341,352,52,20,179,117,1648,Stephen Curry
201939,2023-24,0,1610612744,GSW,36.0,74,74,2422,650,1445,0.45,357,876,0.408,299,324,0.923,37,293,330,379,54,28,210,117,1956,Stephen Curry
201939,2024-25,0,1610612744,GSW,37.0,70,70,2252,564,1258,0.448,311,784,0.397,279,299,0.933,40,270,310,421,80,30,200,95,1718,Stephen Curry
201939,2025-26,0,1610612744,GSW,38.0,43,41,1329,374,799,0.468,190,484,0.393,204,221,0.923,17,137,154,203,49,17,121,75,1142,Stephen Curry
2733,2004-05,0,1610612746,LAC,19.0,30,15,814,89,215,0.414,0,2,0.0,44,59,0.746,22,67,89,151,32,11,75,82,222,Shaun Livingston
2733,2005-06,0,1610612746,LAC,20.0,61,14,1525,149,349,0.427,1,8,0.125,53,77,0.688,41,142,183,273,46,32,111,160,352,Shaun Livingston
2733,2006-07,0,1610612746,LAC,21.0,54,31,1611,208,449,0.463,5,16,0.313,82,116,0.707,56,128,184,274,59,29,108,135,503,Shaun Livingston
2733,2008-09,0,1610612748,MIA,23.0,4,0,41,3,8,0.375,0,0,0.0,3,4,0.75,0,2,2,4,2,0,3,4,9,Shaun Livingston
2733,2008-09,0,1610612760,OKC,23.0,8,1,190,28,52,0.538,0,0,0.0,6,6,1.0,3,23,26,16,5,2,6,8,62,Shaun Livingston
2733,2008-09,0,0,TOT,23.0,12,1,231,31,60,0.517,0,0,0.0,9,10,0.9,3,25,28,20,7,2,9,12,71,Shaun Livingston
2733,2009-10,0,1610612760,OKC,24.0,10,0,130,5,16,0.313,0,2,0.0,0,0,0.0,4,16,20,14,5,2,8,9,10,Shaun Livingston
2733,2009-10,0,1610612764,WAS,24.0,26,18,666,99,185,0.535,0,4,0.0,42,48,0.875,12,46,58,116,12,9,50,52,240,Shaun Livingston
2733,2009-10,0,0,TOT,24.0,36,18,795,104,201,0.517,0,6,0.0,42,48,0.875,16,62,78,130,17,11,58,61,250,Shaun Livingston
2733,2010-11,0,1610612766,CHA,25.0,73,0,1261,185,397,0.466,1,4,0.25,108,125,0.864,29,120,149,164,47,29,88,109,479,Shaun Livingston
2733,2011-12,0,1610612749,MIL,26.0,58,27,1092,127,271,0.469,2,3,0.667,62,79,0.785,39,84,123,122,27,20,66,79,318,Shaun Livingston
2733,2012-13,0,1610612764,WAS,27.0,17,4,320,24,66,0.364,0,3,0.0,15,15,1.0,2,35,37,38,11,2,17,22,63,Shaun Livingston
2733,2012-13,0,1610612739,CLE,27.0,49,12,1135,142,280,0.507,0,1,0.0,70,83,0.843,29,92,121,177,37,29,59,105,354,Shaun Livingston
2733,2012-13,0,0,TOT,27.0,66,16,1455,166,346,0.48,0,4,0.0,85,98,0.867,31,127,158,215,48,31,76,127,417,Shaun Livingston
2733,2013-14,0,1610612751,BKN,28.0,76,54,1974,235,487,0.483,1,6,0.167,158,191,0.827,67,179,246,245,93,31,105,172,629,Shaun Livingston
2733,2014-15,0,1610612744,GSW,29.0,78,2,1468,198,396,0.5,0,2,0.0,65,91,0.714,43,140,183,259,49,20,102,110,461,Shaun Livingston
2733,2015-16,0,1610612744,GSW,30.0,78,3,1520,203,379,0.536,2,12,0.167,80,93,0.86,42,127,169,237,57,27,78,140,488,Shaun Livingston
2733,2016-17,0,1610612744,GSW,31.0,76,3,1345,173,316,0.547,1,3,0.333,42,60,0.7,28,123,151,139,38,20,62,120,389,Shaun Livingston
2733,2017-18,0,1610612744,GSW,32.0,71,7,1129,172,343,0.501,0,5,0.0,50,61,0.82,32,99,131,140,35,21,58,117,394,Shaun Livingston
2733,2018-19,0,1610612744,GSW,33.0,64,0,967,109,210,0.519,0,2,0.0,40,51,0.784,42,75,117,114,31,27,38,74,258,Shaun Livingston
201142,2007-08,0,1610612760,SEA,19.0,80,80,2768,587,1366,0.43,59,205,0.288,391,448,0.873,70,278,348,192,78,75,232,122,1624,Kevin Durant
201142,2008-09,0,1610612760,OKC,20.0,74,74,2885,661,1390,0.476,97,230,0.422,452,524,0.863,77,405,482,205,96,53,225,134,1871,Kevin Durant
201142,2009-10,0,1610612760,OKC,21.0,82,82,3239,794,1668,0.476,128,351,0.365,756,840,0.9,105,518,623,231,112,84,271,171,2472,Kevin Durant
201142,2010-11,0,1610612760,OKC,22.0,78,78,3038,711,1538,0.462,145,414,0.35,594,675,0.88,57,476,533,214,88,76,218,159,2161,Kevin Durant
201142,2011-12,0,1610612760,OKC,23.0,66,66,2546,643,1297,0.496,133,344,0.387,431,501,0.86,40,487,527,231,88,77,248,133,1850,Kevin Durant
201142,2012-13,0,1610612760,OKC,24.0,81,81,3119,731,1433,0.51,139,334,0.416,679,750,0.905,46,594,640,374,116,105,280,143,2280,Kevin Durant
201142,2013-14,0,1610612760,OKC,25.0,81,81,3122,849,1688,0.503,192,491,0.391,703,805,0.873,58,540,598,445,103,59,285,174,2593,Kevin Durant
201142,2014-15,0,1610612760,OKC,26.0,27,27,913,238,467,0.51,64,159,0.403,146,171,0.854,16,162,178,110,24,25,74,40,686,Kevin Durant
201142,2015-16,0,1610612760,OKC,27.0,72,72,2578,698,1381,0.505,186,481,0.387,447,498,0.898,45,544,589,361,69,85,250,137,2029,Kevin Durant
201142,2016-17,0,1610612744,GSW,28.0,62,62,2070,551,1026,0.537,117,312,0.375,336,384,0.875,39,474,513,300,66,99,138,117,1555,Kevin Durant
201142,2017-18,0,1610612744,GSW,29.0,68,68,2325,630,1222,0.516,173,413,0.419,359,404,0.889,31,433,464,366,50,119,207,133,1792,Kevin Durant
201142,2018-19,0,1610612744,GSW,30.0,78,78,2702,721,1383,0.521,137,388,0.353,448,506,0.885,33,464,497,457,58,84,225,155,2027,Kevin Durant
201142,2020-21,0,1610612751,BKN,32.0,35,32,1157,324,603,0.537,85,189,0.45,210,238,0.882,13,234,247,195,25,45,120,70,943,Kevin Durant
201142,2021-22,0,1610612751,BKN,33.0,55,55,2047,578,1115,0.518,115,300,0.383,372,409,0.91,29,378,407,351,48,52,191,113,1643,Kevin Durant
201142,2022-23,0,1610612751,BKN,34.0,39,39,1403,410,734,0.559,71,189,0.376,267,286,0.934,14,248,262,207,32,57,136,92,1158,Kevin Durant
201142,2022-23,0,1610612756,PHX,34.0,8,8,269,73,128,0.57,22,41,0.537,40,48,0.833,3,48,51,28,2,10,20,7,208,Kevin Durant
201142,2022-23,0,0,TOT,34.0,47,47,1672,483,862,0.56,93,230,0.404,307,334,0.919,17,296,313,235,34,67,156,99,1366,Kevin Durant
201142,2023-24,0,1610612756,PHX,35.0,75,75,2791,751,1436,0.523,168,407,0.413,362,423,0.856,41,454,495,378,69,91,244,133,2032,Kevin Durant
201142,2024-25,0,1610612756,PHX,36.0,62,62,2265,592,1124,0.527,160,372,0.43,303,361,0.839,23,351,374,263,50,77,190,104,1647,Kevin Durant
201142,2025-26,0,1610612745,HOU,37.0,78,78,2840,716,1376,0.52,186,450,0.413,408,467,0.874,41,385,426,372,62,71,246,142,2026,Kevin Durant
1629617,2020-21,0,1610612751,BKN,21.0,26,0,211,32,78,0.41,4,21,0.19,10,13,0.769,27,46,73,14,6,6,15,40,78,Reggie Perry
1629617,2021-22,0,1610612754,IND,22.0,1,0,10,1,1,1.0,0,0,0.0,0,0,0.0,0,1,1,0,0,0,0,3,2,Reggie Perry
1629617,2021-22,0,1610612757,POR,22.0,9,1,177,39,78,0.5,3,16,0.188,9,15,0.6,15,31,46,12,9,6,11,30,90,Reggie Perry
1629617,2021-22,0,0,TOT,22.0,10,1,187,40,79,0.506,3,16,0.188,9,15,0.6,15,32,47,12,9,6,11,33,92,Reggie Perry
1628971,2018-19,0,1610612765,DET,22.0,74,56,1449,125,314,0.398,24,93,0.258,45,60,0.75,48,137,185,91,40,36,46,178,319,Bruce Brown
1628971,2019-20,0,1610612765,DET,23.0,58,43,1634,198,447,0.443,33,96,0.344,88,119,0.739,61,213,274,230,63,29,100,162,517,Bruce Brown
1628971,2020-21,0,1610612751,BKN,24.0,65,37,1451,235,423,0.556,17,59,0.288,86,117,0.735,111,238,349,104,58,28,54,145,573,Bruce Brown
1628971,2021-22,0,1610612751,BKN,25.0,72,45,1774,256,506,0.506,38,94,0.404,97,128,0.758,100,245,345,148,77,52,56,176,647,Bruce Brown
1628971,2022-23,0,1610612743,DEN,26.0,80,31,2279,358,741,0.483,91,254,0.358,116,153,0.758,63,265,328,268,87,51,123,190,923,Bruce Brown
1628971,2023-24,0,1610612754,IND,27.0,33,33,981,149,314,0.475,33,101,0.327,67,82,0.817,25,129,154,100,35,8,41,81,398,Bruce Brown
1628971,2023-24,0,1610612761,TOR,27.0,34,11,885,129,268,0.481,20,63,0.317,50,60,0.833,28,102,130,92,24,9,45,67,328,Bruce Brown
1628971,2023-24,0,0,TOT,27.0,67,44,1865,278,582,0.478,53,164,0.323,117,142,0.824,53,231,284,192,59,17,86,148,726,Bruce Brown
1628971,2024-25,0,1610612761,TOR,28.0,18,0,353,57,131,0.435,11,36,0.306,26,29,0.897,17,51,68,28,17,3,19,26,151,Bruce Brown
1628971,2024-25,0,1610612740,NOP,28.0,23,12,569,73,178,0.41,16,45,0.356,27,36,0.75,23,73,96,56,17,7,20,45,189,Bruce Brown
1628971,2024-25,0,0,TOT,28.0,41,12,922,130,309,0.421,27,81,0.333,53,65,0.815,40,124,164,84,34,10,39,71,340,Bruce Brown
1628971,2025-26,0,1610612743,DEN,29.0,82,4,1998,248,522,0.475,57,148,0.385,96,126,0.762,85,233,318,174,85,20,91,195,649,Bruce Brown
201933,2010-11,0,1610612746,LAC,22.0,82,82,3112,696,1376,0.506,7,24,0.292,446,695,0.642,270,719,989,312,63,45,223,252,1845,Blake Griffin
201933,2011-12,0,1610612746,LAC,23.0,66,66,2392,561,1022,0.549,2,16,0.125,244,468,0.521,218,499,717,210,54,48,150,216,1368,Blake Griffin
201933,2012-13,0,1610612746,LAC,24.0,80,80,2598,577,1072,0.538,5,28,0.179,281,426,0.66,186,476,662,299,97,50,185,231,1440,Blake Griffin
201933,2013-14,0,1610612746,LAC,25.0,80,80,2863,718,1359,0.528,12,44,0.273,482,674,0.715,192,565,757,309,92,51,224,265,1930,Blake Griffin
201933,2014-15,0,1610612746,LAC,26.0,67,67,2356,574,1144,0.502,10,25,0.4,311,427,0.728,126,382,508,354,63,35,152,196,1469,Blake Griffin
201933,2015-16,0,1610612746,LAC,27.0,35,35,1170,301,603,0.499,6,18,0.333,141,194,0.727,51,243,294,170,28,17,83,95,749,Blake Griffin
201933,2016-17,0,1610612746,LAC,28.0,61,61,2076,479,971,0.493,38,113,0.336,320,421,0.76,112,385,497,300,57,22,142,157,1316,Blake Griffin
201933,2017-18,0,1610612746,LAC,29.0,33,33,1139,255,578,0.441,64,187,0.342,172,219,0.785,46,216,262,179,29,9,99,78,746,Blake Griffin
201933,2017-18,0,1610612765,DET,29.0,25,25,831,181,418,0.433,47,135,0.348,87,111,0.784,27,139,166,155,11,9,66,61,496,Blake Griffin
201933,2017-18,0,0,TOT,29.0,58,58,1970,436,996,0.438,111,322,0.345,259,330,0.785,73,355,428,334,40,18,165,139,1242,Blake Griffin
201933,2018-19,0,1610612765,DET,30.0,75,75,2622,619,1341,0.462,189,522,0.362,414,550,0.753,100,465,565,402,52,28,253,199,1841,Blake Griffin
201933,2019-20,0,1610612765,DET,31.0,18,18,512,88,250,0.352,27,111,0.243,76,98,0.776,17,67,84,59,7,7,40,27,279,Blake Griffin
201933,2020-21,0,1610612765,DET,32.0,20,20,626,81,222,0.365,39,124,0.315,44,62,0.71,7,97,104,77,14,2,32,42,245,Blake Griffin
201933,2020-21,0,1610612751,BKN,32.0,26,10,560,93,189,0.492,31,81,0.383,43,55,0.782,28,93,121,63,18,13,30,69,260,Blake Griffin
201933,2020-21,0,0,TOT,32.0,46,30,1187,174,411,0.423,70,205,0.341,87,117,0.744,35,190,225,140,32,15,62,111,505,Blake Griffin
201933,2021-22,0,1610612751,BKN,33.0,56,24,958,133,313,0.425,38,145,0.262,55,76,0.724,60,168,228,105,27,14,31,95,359,Blake Griffin
201933,2022-23,0,1610612738,BOS,34.0,41,16,569,63,130,0.485,23,66,0.348,21,32,0.656,47,108,155,61,14,9,22,75,170,Blake Griffin
1629185,2018-19,0,1610612745,HOU,23.0,7,0,33,2,8,0.25,2,5,0.4,0,0,0.0,1,3,4,4,1,1,1,2,6,Chris Chiozza
1629185,2019-20,0,1610612764,WAS,24.0,10,0,123,10,34,0.294,7,16,0.438,0,0,0.0,0,15,15,28,10,2,9,12,27,Chris Chiozza
1629185,2019-20,0,1610612751,BKN,24.0,18,2,278,45,106,0.425,20,56,0.357,5,5,1.0,9,29,38,55,11,2,23,25,115,Chris Chiozza
1629185,2019-20,0,0,TOT,24.0,28,2,401,55,140,0.393,27,72,0.375,5,5,1.0,9,44,53,83,21,4,32,37,142,Chris Chiozza
1629185,2020-21,0,1610612751,BKN,25.0,22,1,232,31,88,0.352,13,42,0.31,13,17,0.765,3,21,24,65,7,6,16,19,88,Chris Chiozza
1629185,2021-22,0,1610612744,GSW,26.0,34,1,372,24,81,0.296,17,53,0.321,2,3,0.667,9,27,36,65,13,0,32,32,67,Chris Chiozza
201599,2008-09,0,1610612746,LAC,20.0,53,13,771,93,147,0.633,0,0,0.0,42,109,0.385,72,165,237,11,11,59,41,96,228,DeAndre Jordan
201599,2009-10,0,1610612746,LAC,21.0,70,12,1137,144,238,0.605,0,2,0.0,48,128,0.375,122,230,352,21,16,62,75,152,336,DeAndre Jordan
201599,2010-11,0,1610612746,LAC,22.0,80,66,2047,234,341,0.686,0,1,0.0,98,217,0.452,207,368,575,42,41,142,101,255,566,DeAndre Jordan
201599,2011-12,0,1610612746,LAC,23.0,66,66,1798,206,326,0.632,0,1,0.0,74,141,0.525,202,344,546,17,30,134,74,189,486,DeAndre Jordan
201599,2012-13,0,1610612746,LAC,24.0,82,82,2010,314,488,0.643,0,0,0.0,96,249,0.386,210,384,594,28,48,112,100,192,724,DeAndre Jordan
201599,2013-14,0,1610612746,LAC,25.0,82,82,2870,348,515,0.676,0,0,0.0,160,374,0.428,331,783,1114,74,80,203,123,264,856,DeAndre Jordan
201599,2014-15,0,1610612746,LAC,26.0,82,82,2820,379,534,0.71,1,4,0.25,187,471,0.397,397,829,1226,61,81,183,109,245,946,DeAndre Jordan
201599,2015-16,0,1610612746,LAC,27.0,77,77,2598,357,508,0.703,0,1,0.0,266,619,0.43,267,792,1059,90,51,177,107,207,980,DeAndre Jordan
201599,2016-17,0,1610612746,LAC,28.0,81,81,2570,412,577,0.714,0,2,0.0,205,425,0.482,298,816,1114,96,51,134,115,212,1029,DeAndre Jordan
201599,2017-18,0,1610612746,LAC,29.0,77,77,2423,373,578,0.645,0,0,0.0,181,312,0.58,329,842,1171,117,39,70,137,203,927,DeAndre Jordan
201599,2018-19,0,1610612742,DAL,30.0,50,50,1554,208,323,0.644,0,0,0.0,135,198,0.682,161,525,686,99,33,53,111,125,551,DeAndre Jordan
201599,2018-19,0,1610612752,NYK,30.0,19,19,493,78,123,0.634,0,0,0.0,51,66,0.773,64,152,216,57,9,20,42,42,207,DeAndre Jordan
201599,2018-19,0,0,TOT,30.0,69,69,2047,286,446,0.641,0,0,0.0,186,264,0.705,225,677,902,156,42,73,153,167,758,DeAndre Jordan
201599,2019-20,0,1610612751,BKN,31.0,56,6,1234,191,287,0.666,0,0,0.0,83,122,0.68,141,420,561,105,18,52,74,114,465,DeAndre Jordan
201599,2020-21,0,1610612751,BKN,32.0,57,43,1246,190,249,0.763,0,1,0.0,46,92,0.5,117,310,427,93,17,65,85,116,426,DeAndre Jordan
201599,2021-22,0,1610612747,LAL,33.0,32,19,408,60,89,0.674,0,0,0.0,12,26,0.462,51,121,172,13,10,26,21,50,132,DeAndre Jordan
201599,2021-22,0,1610612755,PHI,33.0,16,1,214,32,54,0.593,0,0,0.0,10,14,0.714,32,60,92,8,2,9,16,21,74,DeAndre Jordan
201599,2021-22,0,0,TOT,33.0,48,20,622,92,143,0.643,0,0,0.0,22,40,0.55,83,181,264,21,12,35,37,71,206,DeAndre Jordan
201599,2022-23,0,1610612743,DEN,34.0,39,8,586,88,115,0.765,1,1,1.0,22,48,0.458,52,150,202,34,12,23,48,71,199,DeAndre Jordan
201599,2023-24,0,1610612743,DEN,35.0,36,2,396,58,93,0.624,0,0,0.0,26,53,0.491,54,103,157,26,6,16,23,56,142,DeAndre Jordan
201599,2024-25,0,1610612743,DEN,36.0,56,5,691,91,140,0.65,0,0,0.0,27,64,0.422,84,200,284,53,16,27,40,74,209,DeAndre Jordan
201599,2025-26,0,1610612740,NOP,37.0,12,7,199,21,32,0.656,0,0,0.0,11,17,0.647,26,50,76,11,4,10,9,16,53,DeAndre Jordan
201145,2007-08,0,1610612760,SEA,21.0,80,52,2253,320,749,0.427,21,76,0.276,177,238,0.744,101,278,379,119,46,49,158,198,838,Jeff Green
201145,2008-09,0,1610612760,OKC,22.0,78,78,2873,476,1068,0.446,96,247,0.389,242,307,0.788,120,399,519,155,81,33,173,202,1290,Jeff Green
201145,2009-10,0,1610612760,OKC,23.0,82,82,3043,485,1070,0.453,104,312,0.333,165,223,0.74,112,378,490,134,104,72,135,221,1239,Jeff Green
201145,2010-11,0,1610612760,OKC,24.0,49,49,1815,270,618,0.437,56,184,0.304,148,181,0.818,57,217,274,89,40,21,76,142,744,Jeff Green
201145,2010-11,0,1610612738,BOS,24.0,26,2,612,98,202,0.485,8,27,0.296,50,63,0.794,16,70,86,19,13,16,23,68,254,Jeff Green
201145,2010-11,0,0,TOT,24.0,75,51,2428,368,820,0.449,64,211,0.303,198,244,0.811,73,287,360,108,53,37,99,210,998,Jeff Green
201145,2012-13,0,1610612738,BOS,26.0,81,17,2252,376,806,0.467,70,182,0.385,214,265,0.808,55,263,318,128,56,68,132,175,1036,Jeff Green
201145,2013-14,0,1610612738,BOS,27.0,82,82,2805,482,1171,0.412,135,396,0.341,283,356,0.795,54,326,380,138,57,47,165,180,1382,Jeff Green
201145,2014-15,0,1610612738,BOS,28.0,33,33,1093,206,475,0.434,47,154,0.305,121,144,0.84,21,120,141,53,27,13,56,66,580,Jeff Green
201145,2014-15,0,1610612763,MEM,28.0,45,37,1361,210,492,0.427,50,138,0.362,118,143,0.825,43,144,187,81,26,21,52,81,588,Jeff Green
201145,2014-15,0,0,TOT,28.0,78,70,2455,416,967,0.43,97,292,0.332,239,287,0.833,64,264,328,134,53,34,108,147,1168,Jeff Green
201145,2015-16,0,1610612763,MEM,29.0,53,31,1544,240,557,0.431,42,136,0.309,124,155,0.8,55,186,241,98,40,19,69,102,646,Jeff Green
201145,2015-16,0,1610612746,LAC,29.0,27,10,709,114,267,0.427,25,77,0.325,40,65,0.615,19,72,91,40,18,21,24,62,293,Jeff Green
201145,2015-16,0,0,TOT,29.0,80,41,2253,354,824,0.43,67,213,0.315,164,220,0.745,74,258,332,138,58,40,93,164,939,Jeff Green
201145,2016-17,0,1610612753,ORL,30.0,69,11,1534,220,558,0.394,53,193,0.275,145,168,0.863,39,175,214,81,37,13,75,103,638,Jeff Green
201145,2017-18,0,1610612739,CLE,31.0,78,14,1828,295,618,0.477,53,170,0.312,203,234,0.868,60,186,246,99,41,34,75,149,846,Jeff Green
201145,2018-19,0,1610612764,WAS,32.0,77,44,2097,326,687,0.475,111,320,0.347,183,206,0.888,57,252,309,137,43,39,101,160,946,Jeff Green
201145,2019-20,0,1610612762,UTA,33.0,30,2,553,75,195,0.385,34,104,0.327,49,63,0.778,14,67,81,20,12,10,27,46,233,Jeff Green
201145,2019-20,0,1610612745,HOU,33.0,18,2,407,84,149,0.564,28,79,0.354,24,28,0.857,10,42,52,30,14,9,15,43,220,Jeff Green
201145,2019-20,0,0,TOT,33.0,48,4,960,159,344,0.462,62,183,0.339,73,91,0.802,24,109,133,50,26,19,42,89,453,Jeff Green
201145,2020-21,0,1610612751,BKN,34.0,68,38,1835,261,530,0.492,103,250,0.412,125,161,0.776,34,229,263,108,36,27,54,122,750,Jeff Green
201145,2021-22,0,1610612743,DEN,35.0,75,63,1849,277,529,0.524,53,168,0.315,165,198,0.833,41,190,231,96,28,27,71,151,772,Jeff Green
201145,2022-23,0,1610612743,DEN,36.0,56,4,1091,160,328,0.488,30,104,0.288,87,117,0.744,38,106,144,69,18,17,46,99,437,Jeff Green
201145,2023-24,0,1610612745,HOU,37.0,78,6,1307,167,366,0.456,53,160,0.331,122,149,0.819,46,132,178,70,16,31,46,100,509,Jeff Green
201145,2024-25,0,1610612745,HOU,38.0,32,3,396,61,121,0.504,29,79,0.367,21,26,0.808,11,47,58,20,6,4,9,32,172,Jeff Green
201145,2025-26,0,1610612745,HOU,39.0,30,0,175,25,68,0.368,12,44,0.273,5,5,1.0,7,18,25,8,2,2,4,12,67,Jeff Green
1627789,2016-17,0,1610612755,PHI,22.0,69,19,1190,145,361,0.402,50,161,0.311,105,123,0.854,25,124,149,75,32,10,73,154,445,Timothe Luwawu-Cabarrot
1627789,2017-18,0,1610612755,PHI,23.0,52,7,807,100,267,0.375,53,158,0.335,46,58,0.793,14,58,72,54,12,5,38,97,299,Timothe Luwawu-Cabarrot
1627789,2018-19,0,1610612760,OKC,24.0,21,1,123,13,43,0.302,5,22,0.227,4,6,0.667,4,14,18,4,4,1,5,14,35,Timothe Luwawu-Cabarrot
1627789,2018-19,0,1610612741,CHI,24.0,29,6,546,69,175,0.394,31,94,0.33,27,35,0.771,7,72,79,22,15,7,16,59,196,Timothe Luwawu-Cabarrot
1627789,2018-19,0,0,TOT,24.0,50,7,669,82,218,0.376,36,116,0.31,31,41,0.756,11,86,97,26,19,8,21,73,231,Timothe Luwawu-Cabarrot
1627789,2019-20,0,1610612751,BKN,25.0,47,2,853,117,269,0.435,62,160,0.388,69,81,0.852,29,98,127,29,18,7,37,106,365,Timothe Luwawu-Cabarrot
1627789,2020-21,0,1610612751,BKN,26.0,58,7,1050,130,356,0.365,75,239,0.314,35,43,0.814,28,101,129,69,33,6,43,99,370,Timothe Luwawu-Cabarrot
1627789,2021-22,0,1610612737,ATL,27.0,52,18,685,74,186,0.398,44,122,0.361,35,41,0.854,17,65,82,40,18,6,20,76,227,Timothe Luwawu-Cabarrot
204020,2014-15,0,1610612748,MIA,23.0,32,2,603,70,167,0.419,18,48,0.375,32,47,0.681,14,67,81,42,33,9,30,42,190,Tyler Johnson
204020,2015-16,0,1610612748,MIA,24.0,36,5,863,118,243,0.486,27,71,0.38,51,64,0.797,28,81,109,79,24,14,47,66,314,Tyler Johnson
204020,2016-17,0,1610612748,MIA,25.0,73,0,2177,357,824,0.433,93,250,0.372,195,254,0.768,50,243,293,233,84,44,90,176,1002,Tyler Johnson
204020,2017-18,0,1610612748,MIA,26.0,72,39,2052,309,711,0.435,119,324,0.367,106,129,0.822,34,214,248,165,60,34,81,148,843,Tyler Johnson
204020,2018-19,0,1610612748,MIA,27.0,44,10,1123,171,401,0.426,72,204,0.353,61,88,0.693,19,102,121,112,40,21,63,72,475,Tyler Johnson
204020,2018-19,0,1610612756,PHX,27.0,13,12,406,46,125,0.368,18,56,0.321,34,39,0.872,15,37,52,54,14,6,14,25,144,Tyler Johnson
204020,2018-19,0,0,TOT,27.0,57,22,1529,217,526,0.413,90,260,0.346,95,127,0.748,34,139,173,166,54,27,77,97,619,Tyler Johnson
204020,2019-20,0,1610612756,PHX,28.0,31,3,515,65,171,0.38,24,83,0.289,24,32,0.75,10,42,52,50,12,8,24,43,178,Tyler Johnson
204020,2019-20,0,1610612751,BKN,28.0,8,4,194,32,79,0.405,14,36,0.389,18,18,1.0,8,16,24,24,4,1,5,15,96,Tyler Johnson
204020,2019-20,0,0,TOT,28.0,39,7,709,97,250,0.388,38,119,0.319,42,50,0.84,18,58,76,74,16,9,29,58,274,Tyler Johnson
204020,2020-21,0,1610612751,BKN,29.0,39,3,684,72,183,0.393,48,132,0.364,18,21,0.857,6,71,77,47,14,0,17,43,210,Tyler Johnson
204020,2021-22,0,1610612755,PHI,30.0,3,0,38,4,10,0.4,3,7,0.429,0,0,0.0,1,5,6,2,1,1,1,4,11,Tyler Johnson
204020,2021-22,0,1610612759,SAS,30.0,3,0,53,2,10,0.2,2,6,0.333,0,0,0.0,2,4,6,5,2,2,1,3,6,Tyler Johnson
204020,2021-22,0,0,TOT,30.0,6,0,91,6,20,0.3,5,13,0.385,0,0,0.0,3,9,12,7,3,3,2,7,17,Tyler Johnson
202681,2011-12,0,1610612739,CLE,20.0,51,51,1558,350,747,0.469,73,183,0.399,171,196,0.872,44,147,191,275,54,20,160,110,944,Kyrie Irving
202681,2012-13,0,1610612739,CLE,21.0,59,59,2048,484,1070,0.452,109,279,0.391,248,290,0.855,34,182,216,350,89,21,191,146,1325,Kyrie Irving
202681,2013-14,0,1610612739,CLE,22.0,71,71,2496,532,1237,0.43,123,344,0.358,291,338,0.861,52,207,259,433,108,23,190,163,1478,Kyrie Irving
202681,2014-15,0,1610612739,CLE,23.0,75,75,2730,578,1235,0.468,157,378,0.415,315,365,0.863,55,182,237,389,114,20,186,146,1628,Kyrie Irving
202681,2015-16,0,1610612739,CLE,24.0,53,53,1667,394,879,0.448,84,262,0.321,169,191,0.885,44,113,157,250,56,18,124,107,1041,Kyrie Irving
202681,2016-17,0,1610612739,CLE,25.0,72,72,2525,671,1420,0.473,177,441,0.401,297,328,0.905,52,178,230,418,83,24,180,157,1816,Kyrie Irving
202681,2017-18,0,1610612738,BOS,26.0,60,60,1931,534,1087,0.491,166,407,0.408,232,261,0.889,33,194,227,306,65,17,139,122,1466,Kyrie Irving
202681,2018-19,0,1610612738,BOS,27.0,67,67,2214,604,1241,0.487,174,434,0.401,214,245,0.873,71,264,335,464,103,34,172,167,1596,Kyrie Irving
202681,2019-20,0,1610612751,BKN,28.0,20,20,658,199,416,0.478,56,142,0.394,94,102,0.922,22,81,103,128,27,10,52,53,548,Kyrie Irving
202681,2020-21,0,1610612751,BKN,29.0,54,54,1886,549,1086,0.506,152,378,0.402,201,218,0.922,52,205,257,324,76,37,130,140,1451,Kyrie Irving
202681,2021-22,0,1610612751,BKN,30.0,29,29,1092,289,616,0.469,100,239,0.418,118,129,0.915,16,111,127,167,41,17,73,81,796,Kyrie Irving
202681,2022-23,0,1610612751,BKN,31.0,40,40,1478,398,819,0.486,130,348,0.374,158,179,0.883,38,166,204,211,41,33,91,109,1084,Kyrie Irving
202681,2022-23,0,1610612742,DAL,31.0,20,20,763,196,384,0.51,58,148,0.392,89,94,0.947,21,79,100,120,25,12,37,56,539,Kyrie Irving
202681,2022-23,0,0,TOT,31.0,60,60,2241,594,1203,0.494,188,496,0.379,247,273,0.905,59,245,304,331,66,45,128,165,1623,Kyrie Irving
202681,2023-24,0,1610612742,DAL,32.0,58,58,2030,562,1131,0.497,173,421,0.411,190,210,0.905,44,246,290,299,74,28,106,112,1487,Kyrie Irving
202681,2024-25,0,1610612742,DAL,33.0,50,50,1804,447,945,0.473,144,359,0.401,196,214,0.916,60,180,240,231,66,23,111,101,1234,Kyrie Irving
203925,2014-15,0,1610612739,CLE,23.0,51,1,493,48,120,0.4,31,84,0.369,9,15,0.6,7,34,41,26,7,2,27,62,136,Joe Harris
203925,2015-16,0,1610612739,CLE,24.0,5,0,15,1,4,0.25,1,4,0.25,0,0,0.0,0,3,3,2,0,0,1,1,3,Joe Harris
203925,2016-17,0,1610612751,BKN,25.0,52,11,1138,154,362,0.425,85,221,0.385,35,49,0.714,16,131,147,54,30,8,55,121,428,Joe Harris
203925,2017-18,0,1610612751,BKN,26.0,78,14,1975,305,621,0.491,150,358,0.419,86,104,0.827,51,209,260,128,35,20,91,153,846,Joe Harris
203925,2018-19,0,1610612751,BKN,27.0,76,76,2294,374,748,0.5,183,386,0.474,110,133,0.827,52,239,291,181,38,17,121,182,1041,Joe Harris
203925,2019-20,0,1610612751,BKN,28.0,69,69,2123,381,784,0.486,172,406,0.424,64,89,0.719,64,234,298,144,41,17,104,159,998,Joe Harris
203925,2020-21,0,1610612751,BKN,29.0,69,65,2142,357,707,0.505,211,444,0.475,49,63,0.778,43,205,248,130,46,14,62,141,974,Joe Harris
203925,2021-22,0,1610612751,BKN,30.0,14,14,423,56,124,0.452,41,88,0.466,5,6,0.833,5,51,56,14,7,2,16,31,158,Joe Harris
203925,2022-23,0,1610612751,BKN,31.0,74,33,1527,201,440,0.457,142,333,0.426,18,28,0.643,23,141,164,101,34,13,41,140,562,Joe Harris
203925,2023-24,0,1610612765,DET,32.0,16,0,170,14,39,0.359,10,30,0.333,1,2,0.5,3,10,13,10,3,2,4,19,39,Joe Harris
201935,2009-10,0,1610612760,OKC,20.0,76,0,1738,233,578,0.403,93,248,0.375,194,240,0.808,47,197,244,137,80,20,106,200,753,James Harden
201935,2010-11,0,1610612760,OKC,21.0,82,5,2189,298,684,0.436,113,324,0.349,289,343,0.843,42,213,255,176,92,24,106,207,998,James Harden
201935,2011-12,0,1610612760,OKC,22.0,62,2,1946,309,629,0.491,114,292,0.39,312,369,0.846,30,222,252,229,62,15,137,150,1044,James Harden
201935,2012-13,0,1610612745,HOU,23.0,78,78,2985,585,1337,0.438,179,486,0.368,674,792,0.851,62,317,379,455,142,38,295,178,2023,James Harden
201935,2013-14,0,1610612745,HOU,24.0,73,73,2777,549,1205,0.456,177,483,0.366,576,665,0.866,61,283,344,446,115,29,265,177,1851,James Harden
201935,2014-15,0,1610612745,HOU,25.0,81,81,2981,647,1470,0.44,208,555,0.375,715,824,0.868,75,384,459,565,154,60,321,208,2217,James Harden
201935,2015-16,0,1610612745,HOU,26.0,82,82,3125,710,1617,0.439,236,657,0.359,720,837,0.86,63,438,501,612,139,51,374,229,2376,James Harden
201935,2016-17,0,1610612745,HOU,27.0,81,81,2947,674,1533,0.44,262,756,0.347,746,881,0.847,95,564,659,907,121,38,464,215,2356,James Harden
201935,2017-18,0,1610612745,HOU,28.0,72,72,2551,651,1449,0.449,265,722,0.367,624,727,0.858,41,348,389,630,126,50,315,169,2191,James Harden
201935,2018-19,0,1610612745,HOU,29.0,78,78,2867,843,1909,0.442,378,1028,0.368,754,858,0.879,66,452,518,586,158,58,387,244,2818,James Harden
201935,2019-20,0,1610612745,HOU,30.0,68,68,2483,672,1514,0.444,299,843,0.355,692,800,0.865,70,376,446,512,125,60,308,227,2335,James Harden
201935,2020-21,0,1610612745,HOU,31.0,8,8,290,60,135,0.444,25,72,0.347,53,60,0.883,5,36,41,83,7,6,34,14,198,James Harden
201935,2020-21,0,1610612751,BKN,31.0,36,35,1319,282,599,0.471,96,262,0.366,225,263,0.856,30,277,307,392,46,27,143,85,885,James Harden
201935,2020-21,0,0,TOT,31.0,44,43,1609,342,734,0.466,121,334,0.362,278,323,0.861,35,313,348,475,53,33,177,99,1083,James Harden
201935,2021-22,0,1610612751,BKN,32.0,44,44,1627,292,706,0.414,102,307,0.332,304,350,0.869,42,309,351,447,56,31,212,105,990,James Harden
201935,2021-22,0,1610612755,PHI,32.0,21,21,792,115,286,0.402,46,141,0.326,166,186,0.892,13,136,149,220,26,5,72,48,442,James Harden
201935,2021-22,0,0,TOT,32.0,65,65,2420,407,992,0.41,148,448,0.33,470,536,0.877,55,445,500,667,82,36,284,153,1432,James Harden
201935,2022-23,0,1610612755,PHI,33.0,58,58,2135,371,842,0.441,161,418,0.385,313,361,0.867,40,314,354,618,71,31,195,112,1216,James Harden
201935,2023-24,0,1610612746,LAC,34.0,72,72,2470,352,822,0.428,186,488,0.381,302,344,0.878,34,335,369,614,77,57,185,127,1192,James Harden
201935,2024-25,0,1610612746,LAC,35.0,79,79,2789,531,1295,0.41,235,668,0.352,505,578,0.874,55,401,456,687,118,55,341,162,1802,James Harden
201935,2025-26,0,1610612746,LAC,36.0,44,44,1559,323,771,0.419,135,389,0.347,337,374,0.901,27,185,212,358,57,16,162,83,1118,James Harden
201935,2025-26,0,1610612739,CLE,36.0,26,26,879,164,352,0.466,80,184,0.435,126,150,0.84,13,111,124,199,22,12,83,54,534,James Harden
201935,2025-26,0,0,TOT,36.0,70,70,2438,487,1123,0.434,215,573,0.375,463,524,0.884,40,296,336,557,79,28,245,137,1652,James Harden
1629013,2018-19,0,1610612755,PHI,22.0,54,4,1108,153,347,0.441,99,245,0.404,44,54,0.815,14,64,78,59,24,8,26,106,449,Landry Shamet
1629013,2018-19,0,1610612746,LAC,22.0,25,23,694,87,210,0.414,68,151,0.45,31,39,0.795,7,49,56,58,13,2,19,49,273,Landry Shamet
1629013,2018-19,0,0,TOT,22.0,79,27,1802,240,557,0.431,167,396,0.422,75,93,0.806,21,113,134,117,37,10,45,155,722,Landry Shamet
1629013,2019-20,0,1610612746,LAC,23.0,53,30,1452,158,391,0.404,111,296,0.375,65,76,0.855,6,94,100,99,20,10,42,142,492,Landry Shamet
1629013,2020-21,0,1610612751,BKN,24.0,61,12,1403,186,456,0.408,129,333,0.387,66,78,0.846,11,101,112,99,31,10,48,93,567,Landry Shamet
1629013,2021-22,0,1610612756,PHX,25.0,69,14,1437,191,485,0.394,123,334,0.368,68,81,0.84,16,110,126,108,28,9,41,92,573,Landry Shamet
1629013,2022-23,0,1610612756,PHX,26.0,40,9,807,113,300,0.377,75,199,0.377,45,51,0.882,11,56,67,93,26,5,36,61,346,Landry Shamet
1629013,2023-24,0,1610612764,WAS,27.0,46,5,727,118,274,0.431,53,157,0.338,38,46,0.826,16,46,62,54,25,10,30,76,327,Landry Shamet
1629013,2024-25,0,1610612752,NYK,28.0,50,0,762,106,230,0.461,62,156,0.397,12,18,0.667,11,50,61,27,23,2,22,52,286,Landry Shamet
1629013,2025-26,0,1610612752,NYK,29.0,51,12,1171,159,364,0.437,103,263,0.392,54,76,0.711,23,69,92,72,31,9,30,77,475,Landry Shamet
1628993,2018-19,0,1610612754,IND,23.0,14,0,64,4,16,0.25,1,2,0.5,4,8,0.5,4,15,19,1,1,3,0,7,13,Alize Johnson
1628993,2019-20,0,1610612754,IND,24.0,17,1,118,12,29,0.414,3,8,0.375,7,10,0.7,16,32,48,7,3,2,7,12,34,Alize Johnson
1628993,2020-21,0,1610612751,BKN,25.0,18,0,189,40,68,0.588,1,6,0.167,13,13,1.0,27,63,90,14,5,5,9,16,94,Alize Johnson
1628993,2021-22,0,1610612741,CHI,26.0,16,0,121,12,23,0.522,0,2,0.0,4,7,0.571,16,20,36,8,3,0,8,15,28,Alize Johnson
1628993,2021-22,0,1610612764,WAS,26.0,3,0,18,2,6,0.333,0,2,0.0,0,1,0.0,5,7,12,0,0,0,3,0,4,Alize Johnson
1628993,2021-22,0,1610612740,NOP,26.0,4,0,28,3,10,0.3,0,0,0.0,3,4,0.75,7,6,13,1,2,0,1,3,9,Alize Johnson
1628993,2021-22,0,0,TOT,26.0,23,0,167,17,39,0.436,0,4,0.0,7,12,0.583,28,33,61,9,5,0,12,18,41,Alize Johnson
1628993,2022-23,0,1610612759,SAS,27.0,4,0,30,3,6,0.5,0,2,0.0,1,2,0.5,2,8,10,1,1,0,4,3,7,Alize Johnson
203915,2014-15,0,1610612765,DET,22.0,34,1,455,51,169,0.302,12,65,0.185,31,34,0.912,4,44,48,104,19,6,33,53,145,Spencer Dinwiddie
203915,2015-16,0,1610612765,DET,23.0,12,0,159,19,54,0.352,1,10,0.1,19,33,0.576,4,13,17,22,3,0,7,20,58,Spencer Dinwiddie
203915,2016-17,0,1610612751,BKN,24.0,59,18,1334,134,302,0.444,38,101,0.376,126,159,0.792,27,137,164,185,44,23,66,119,432,Spencer Dinwiddie
203915,2017-18,0,1610612751,BKN,25.0,80,58,2306,324,838,0.387,141,433,0.326,218,268,0.813,40,219,259,524,68,23,128,186,1007,Spencer Dinwiddie
203915,2018-19,0,1610612751,BKN,26.0,68,4,1914,366,828,0.442,124,370,0.335,287,356,0.806,26,140,166,311,40,17,152,187,1143,Spencer Dinwiddie
203915,2019-20,0,1610612751,BKN,27.0,64,49,1994,424,1021,0.415,123,400,0.308,347,446,0.778,32,189,221,432,40,21,174,180,1318,Spencer Dinwiddie
203915,2020-21,0,1610612751,BKN,28.0,3,3,64,6,16,0.375,2,7,0.286,6,6,1.0,0,13,13,9,2,1,5,4,20,Spencer Dinwiddie
203915,2021-22,0,1610612764,WAS,29.0,44,44,1330,185,492,0.376,70,226,0.31,116,143,0.811,36,171,207,256,27,7,73,107,556,Spencer Dinwiddie
203915,2021-22,0,1610612742,DAL,29.0,23,7,650,121,243,0.498,42,104,0.404,79,109,0.725,9,63,72,90,17,6,31,43,363,Spencer Dinwiddie
203915,2021-22,0,0,TOT,29.0,67,51,1981,306,735,0.416,112,330,0.339,195,252,0.774,45,234,279,346,44,13,104,150,919,Spencer Dinwiddie
203915,2022-23,0,1610612742,DAL,30.0,53,53,1808,316,694,0.455,138,341,0.405,170,207,0.821,19,144,163,279,39,16,90,124,940,Spencer Dinwiddie
203915,2022-23,0,1610612751,BKN,30.0,26,26,917,144,356,0.404,43,149,0.289,98,123,0.797,9,98,107,236,28,8,55,63,429,Spencer Dinwiddie
203915,2022-23,0,0,TOT,30.0,79,79,2725,460,1050,0.438,181,490,0.369,268,330,0.812,28,242,270,515,67,24,145,187,1369,Spencer Dinwiddie
203915,2023-24,0,1610612751,BKN,31.0,48,48,1474,195,499,0.391,89,278,0.32,125,160,0.781,26,132,158,288,38,9,62,86,604,Spencer Dinwiddie
203915,2023-24,0,1610612747,LAL,31.0,28,4,679,56,141,0.397,35,90,0.389,44,50,0.88,4,43,47,68,13,13,29,52,191,Spencer Dinwiddie
203915,2023-24,0,0,TOT,31.0,76,52,2152,251,640,0.392,124,368,0.337,169,210,0.805,30,175,205,356,51,22,91,138,795,Spencer Dinwiddie
203915,2024-25,0,1610612742,DAL,32.0,79,30,2136,284,682,0.416,109,326,0.334,195,243,0.802,18,191,209,349,70,17,102,121,872,Spencer Dinwiddie
1629651,2019-20,0,1610612751,BKN,21.0,15,0,187,27,48,0.563,1,7,0.143,11,21,0.524,19,25,44,16,1,8,9,14,66,Nic Claxton
1629651,2020-21,0,1610612751,BKN,22.0,32,1,594,90,145,0.621,1,5,0.2,31,64,0.484,43,123,166,28,23,40,18,68,212,Nic Claxton
1629651,2021-22,0,1610612751,BKN,23.0,47,19,974,178,264,0.674,0,0,0.0,54,93,0.581,91,173,264,43,24,51,38,110,410,Nic Claxton
1629651,2022-23,0,1610612751,BKN,24.0,76,76,2271,414,587,0.705,0,2,0.0,133,246,0.541,184,518,702,144,65,189,96,212,961,Nic Claxton
1629651,2023-24,0,1610612751,BKN,25.0,71,71,2116,366,582,0.629,1,5,0.2,108,196,0.551,193,513,706,147,46,146,93,175,841,Nic Claxton
1629651,2024-25,0,1610612751,BKN,26.0,70,62,1882,320,568,0.563,5,21,0.238,79,154,0.513,157,358,515,157,62,100,87,150,724,Nic Claxton
1629651,2025-26,0,1610612751,BKN,27.0,69,68,1920,333,583,0.571,3,19,0.158,141,229,0.616,168,310,478,253,45,77,96,158,810,Nic Claxton
1628455,2017-18,0,1610612756,PHX,27.0,32,10,669,121,312,0.388,26,97,0.268,64,84,0.762,12,77,89,120,27,7,48,45,332,Mike James
1628455,2017-18,0,1610612740,NOP,27.0,4,0,18,2,9,0.222,0,1,0.0,0,0,0.0,1,0,1,6,1,0,1,3,4,Mike James
1628455,2017-18,0,0,TOT,27.0,36,10,686,123,321,0.383,26,98,0.265,64,84,0.762,13,77,90,126,28,7,49,48,336,Mike James
1628455,2020-21,0,1610612751,BKN,30.0,13,1,236,34,92,0.37,11,31,0.355,21,27,0.778,3,29,32,54,6,1,20,10,100,Mike James
1628470,2017-18,0,1610612743,DEN,27.0,39,5,629,62,137,0.453,17,58,0.293,22,35,0.629,40,87,127,25,12,15,20,63,163,Torrey Craig
1628470,2018-19,0,1610612743,DEN,28.0,75,37,1503,160,362,0.442,61,188,0.324,49,70,0.7,89,174,263,72,37,46,44,175,430,Torrey Craig
1628470,2019-20,0,1610612743,DEN,29.0,58,27,1072,124,269,0.461,45,138,0.326,22,36,0.611,63,126,189,47,23,36,25,135,315,Torrey Craig
1628470,2020-21,0,1610612749,MIL,30.0,18,0,201,18,46,0.391,8,22,0.364,1,2,0.5,13,30,43,16,9,7,5,24,45,Torrey Craig
1628470,2020-21,0,1610612756,PHX,30.0,32,8,602,91,181,0.503,31,84,0.369,16,20,0.8,44,110,154,33,19,20,20,59,229,Torrey Craig
1628470,2020-21,0,0,TOT,30.0,50,8,803,109,227,0.48,39,106,0.368,17,22,0.773,57,140,197,49,28,27,25,83,274,Torrey Craig
1628470,2021-22,0,1610612754,IND,31.0,51,14,1034,128,281,0.456,46,138,0.333,27,35,0.771,59,136,195,58,24,19,39,95,329,Torrey Craig
1628470,2021-22,0,1610612756,PHX,31.0,27,2,562,72,160,0.45,31,96,0.323,12,17,0.706,27,88,115,33,22,17,28,56,187,Torrey Craig
1628470,2021-22,0,0,TOT,31.0,78,16,1596,200,441,0.454,77,234,0.329,39,52,0.75,86,224,310,91,46,36,67,151,516,Torrey Craig
1628470,2022-23,0,1610612756,PHX,32.0,79,60,1948,228,500,0.456,100,253,0.395,32,45,0.711,145,281,426,117,50,62,73,179,588,Torrey Craig
1628470,2023-24,0,1610612741,CHI,33.0,53,14,1049,108,251,0.43,60,153,0.392,27,36,0.75,69,148,217,58,30,21,32,110,303,Torrey Craig
1628470,2024-25,0,1610612741,CHI,34.0,9,1,113,22,45,0.489,15,35,0.429,3,4,0.75,8,17,25,5,2,1,0,15,62,Torrey Craig
1628470,2024-25,0,1610612738,BOS,34.0,17,3,201,16,45,0.356,9,31,0.29,5,8,0.625,19,29,48,12,6,11,8,19,46,Torrey Craig
1628470,2024-25,0,0,TOT,34.0,26,4,314,38,90,0.422,24,66,0.364,8,12,0.667,27,46,73,17,8,12,8,34,108,Torrey Craig
1626164,2015-16,0,1610612756,PHX,19.0,76,51,2108,367,867,0.423,99,289,0.343,215,256,0.84,27,160,187,200,44,20,160,225,1048,Devin Booker
1626164,2016-17,0,1610612756,PHX,20.0,78,78,2731,606,1431,0.423,147,405,0.363,367,441,0.832,46,203,249,268,72,21,241,242,1726,Devin Booker
1626164,2017-18,0,1610612756,PHX,21.0,54,54,1865,455,1054,0.432,147,384,0.383,289,329,0.878,26,218,244,253,47,14,194,168,1346,Devin Booker
1626164,2018-19,0,1610612756,PHX,22.0,64,64,2242,586,1255,0.467,135,414,0.326,393,454,0.866,39,226,265,433,56,13,264,200,1700,Devin Booker
1626164,2019-20,0,1610612756,PHX,23.0,70,70,2512,627,1283,0.489,141,398,0.354,468,509,0.919,29,268,297,456,49,18,264,213,1863,Devin Booker
1626164,2020-21,0,1610612756,PHX,24.0,67,67,2270,623,1287,0.484,126,371,0.34,340,392,0.867,34,247,281,289,53,16,207,181,1712,Devin Booker
1626164,2021-22,0,1610612756,PHX,25.0,68,68,2345,662,1421,0.466,183,478,0.383,315,363,0.868,45,297,342,329,77,26,162,180,1822,Devin Booker
1626164,2022-23,0,1610612756,PHX,26.0,53,53,1835,527,1067,0.494,111,316,0.351,306,358,0.855,46,194,240,293,51,18,145,159,1471,Devin Booker
1626164,2023-24,0,1610612756,PHX,27.0,68,68,2447,642,1305,0.492,152,418,0.364,405,457,0.886,56,252,308,472,61,28,178,206,1841,Devin Booker
1626164,2024-25,0,1610612756,PHX,28.0,75,75,2795,654,1420,0.461,183,551,0.332,432,483,0.894,76,229,305,529,67,16,220,198,1923,Devin Booker
1626164,2025-26,0,1610612756,PHX,29.0,64,64,2146,546,1198,0.456,122,370,0.33,454,520,0.873,48,200,248,386,51,18,201,168,1668,Devin Booker
1629006,2018-19,0,1610612750,MIN,20.0,74,52,1757,196,508,0.386,60,215,0.279,118,162,0.728,41,177,218,91,88,33,63,166,570,Josh Okogie
1629006,2019-20,0,1610612750,MIN,21.0,62,28,1547,170,398,0.427,41,154,0.266,152,191,0.796,87,181,268,99,68,26,87,139,533,Josh Okogie
1629006,2020-21,0,1610612750,MIN,22.0,59,37,1197,102,254,0.402,29,108,0.269,83,108,0.769,63,93,156,63,54,28,43,123,316,Josh Okogie
1629006,2021-22,0,1610612750,MIN,23.0,49,6,516,42,104,0.404,14,47,0.298,35,51,0.686,29,41,70,25,26,12,23,53,133,Josh Okogie
1629006,2022-23,0,1610612756,PHX,24.0,72,26,1351,162,414,0.391,66,197,0.335,139,192,0.724,109,142,251,105,56,34,63,114,529,Josh Okogie
1629006,2023-24,0,1610612756,PHX,25.0,60,11,960,86,206,0.417,29,94,0.309,76,102,0.745,74,80,154,64,48,24,36,68,277,Josh Okogie
1629006,2024-25,0,1610612756,PHX,26.0,25,1,351,56,114,0.491,16,42,0.381,22,32,0.688,32,40,72,14,21,11,16,28,150,Josh Okogie
1629006,2024-25,0,1610612766,CHA,26.0,15,6,274,38,98,0.388,16,50,0.32,41,53,0.774,13,28,41,19,27,8,15,19,133,Josh Okogie
1629006,2024-25,0,0,TOT,26.0,40,7,625,94,212,0.443,32,92,0.348,63,85,0.741,45,68,113,33,48,19,31,47,283,Josh Okogie
1629006,2025-26,0,1610612745,HOU,27.0,78,32,1354,125,294,0.425,62,161,0.385,41,69,0.594,81,119,200,69,63,16,41,107,353,Josh Okogie
101108,2005-06,0,1610612740,NOK,21.0,78,78,2808,407,947,0.43,50,177,0.282,394,465,0.847,61,339,400,611,175,6,183,218,1258,Chris Paul
101108,2006-07,0,1610612740,NOK,22.0,64,64,2353,381,871,0.437,50,143,0.35,292,357,0.818,54,226,280,569,118,3,161,154,1104,Chris Paul
101108,2007-08,0,1610612740,NOH,23.0,80,80,3006,630,1291,0.488,92,249,0.369,332,390,0.851,62,259,321,925,217,4,201,185,1684,Chris Paul
101108,2008-09,0,1610612740,NOH,24.0,78,78,3002,631,1255,0.503,64,176,0.364,455,524,0.868,69,363,432,861,216,10,231,212,1781,Chris Paul
101108,2009-10,0,1610612740,NOH,25.0,45,45,1712,314,637,0.493,52,127,0.409,161,190,0.847,20,171,191,480,96,8,112,118,841,Chris Paul
101108,2010-11,0,1610612740,NOH,26.0,80,80,2880,430,928,0.463,71,183,0.388,337,384,0.878,38,289,327,782,188,5,177,196,1268,Chris Paul
101108,2011-12,0,1610612746,LAC,27.0,60,60,2181,425,890,0.478,79,213,0.371,260,302,0.861,42,171,213,543,152,4,124,138,1189,Chris Paul
101108,2012-13,0,1610612746,LAC,28.0,70,70,2335,412,856,0.481,76,232,0.328,286,323,0.885,53,209,262,678,169,10,159,143,1186,Chris Paul
101108,2013-14,0,1610612746,LAC,29.0,62,62,2171,406,870,0.467,78,212,0.368,295,345,0.855,38,230,268,663,154,4,145,157,1185,Chris Paul
101108,2014-15,0,1610612746,LAC,30.0,82,82,2857,568,1170,0.485,139,349,0.398,289,321,0.9,52,324,376,838,156,15,190,203,1564,Chris Paul
101108,2015-16,0,1610612746,LAC,31.0,74,74,2420,515,1114,0.462,122,329,0.371,294,328,0.896,39,271,310,738,152,13,194,185,1446,Chris Paul
101108,2016-17,0,1610612746,LAC,32.0,61,61,1921,374,785,0.476,124,302,0.411,232,260,0.892,40,264,304,563,119,8,147,146,1104,Chris Paul
101108,2017-18,0,1610612745,HOU,33.0,58,58,1847,367,798,0.46,144,379,0.38,203,221,0.919,37,276,313,457,96,14,128,141,1081,Chris Paul
101108,2018-19,0,1610612745,HOU,34.0,58,58,1857,302,720,0.419,127,355,0.358,175,203,0.862,36,229,265,473,114,18,152,146,906,Chris Paul
101108,2019-20,0,1610612760,OKC,35.0,70,70,2208,434,887,0.489,111,304,0.365,253,279,0.907,26,323,349,472,111,11,161,158,1232,Chris Paul
101108,2020-21,0,1610612756,PHX,36.0,70,70,2200,439,879,0.499,102,258,0.395,169,181,0.934,25,287,312,622,99,19,156,166,1149,Chris Paul
101108,2021-22,0,1610612756,PHX,37.0,65,65,2139,363,736,0.493,63,199,0.317,169,202,0.837,22,261,283,702,121,20,153,134,958,Chris Paul
101108,2022-23,0,1610612756,PHX,38.0,59,59,1889,294,668,0.44,98,261,0.375,133,160,0.831,27,224,251,524,91,22,114,126,819,Chris Paul
101108,2023-24,0,1610612744,GSW,39.0,58,18,1531,206,467,0.441,78,210,0.371,43,52,0.827,18,207,225,393,70,6,76,108,533,Chris Paul
101108,2024-25,0,1610612759,SAS,40.0,82,82,2292,249,583,0.427,140,371,0.377,85,92,0.924,33,263,296,605,103,22,129,151,723,Chris Paul
101108,2025-26,0,1610612746,LAC,40.0,16,0,228,18,56,0.321,10,30,0.333,1,2,0.5,6,22,28,53,11,0,16,23,47,Chris Paul
203082,2012-13,0,1610612761,TOR,22.0,73,2,1239,186,457,0.407,65,196,0.332,30,42,0.714,35,109,144,53,43,14,48,122,467,Terrence Ross
203082,2013-14,0,1610612761,TOR,23.0,81,62,2159,318,751,0.423,161,408,0.395,82,98,0.837,43,209,252,79,64,27,88,183,879,Terrence Ross
203082,2014-15,0,1610612761,TOR,24.0,82,61,2092,309,753,0.41,145,390,0.372,44,56,0.786,32,194,226,86,53,25,69,136,807,Terrence Ross
203082,2015-16,0,1610612761,TOR,25.0,73,7,1747,270,626,0.431,131,339,0.386,49,62,0.79,21,164,185,56,54,25,46,120,720,Terrence Ross
203082,2016-17,0,1610612761,TOR,26.0,54,0,1207,211,479,0.441,96,256,0.375,41,50,0.82,14,124,138,45,53,20,33,82,559,Terrence Ross
203082,2016-17,0,1610612753,ORL,26.0,24,24,748,115,267,0.431,46,135,0.341,23,27,0.852,4,64,68,43,34,13,35,61,299,Terrence Ross
203082,2016-17,0,0,TOT,26.0,78,24,1955,326,746,0.437,142,391,0.363,64,77,0.831,18,188,206,88,87,33,68,143,858,Terrence Ross
203082,2017-18,0,1610612753,ORL,27.0,24,20,600,76,191,0.398,30,93,0.323,27,36,0.75,10,63,73,38,27,11,29,45,209,Terrence Ross
203082,2018-19,0,1610612753,ORL,28.0,81,0,2150,440,1027,0.428,217,566,0.383,126,144,0.875,27,253,280,135,72,29,90,119,1223,Terrence Ross
203082,2019-20,0,1610612753,ORL,29.0,69,0,1889,341,846,0.403,177,504,0.351,157,184,0.853,13,209,222,82,77,24,70,109,1016,Terrence Ross
203082,2020-21,0,1610612753,ORL,30.0,46,2,1347,254,616,0.412,89,264,0.337,120,138,0.87,15,143,158,108,47,21,74,88,717,Terrence Ross
203082,2021-22,0,1610612753,ORL,31.0,63,0,1448,220,554,0.397,77,264,0.292,112,130,0.862,20,141,161,116,28,12,75,68,629,Terrence Ross
203082,2022-23,0,1610612753,ORL,32.0,42,9,944,129,299,0.431,61,160,0.381,15,20,0.75,10,75,85,54,25,8,37,53,334,Terrence Ross
203082,2022-23,0,1610612756,PHX,32.0,21,0,386,71,166,0.428,34,98,0.347,12,14,0.857,12,57,69,41,10,2,6,44,188,Terrence Ross
203082,2022-23,0,0,TOT,32.0,63,9,1331,200,465,0.43,95,258,0.368,27,34,0.794,22,132,154,95,35,10,43,97,522,Terrence Ross
1627814,2017-18,0,1610612737,ATL,25.0,15,11,404,62,152,0.408,15,60,0.25,22,29,0.759,11,60,71,29,19,1,14,25,161,Damion Lee
1627814,2018-19,0,1610612744,GSW,26.0,32,0,375,56,127,0.441,27,68,0.397,19,22,0.864,8,56,64,13,13,0,11,28,158,Damion Lee
1627814,2019-20,0,1610612744,GSW,27.0,49,36,1423,213,511,0.417,85,239,0.356,110,126,0.873,32,207,239,133,50,6,67,116,621,Damion Lee
1627814,2020-21,0,1610612744,GSW,28.0,57,1,1079,128,274,0.467,77,194,0.397,40,44,0.909,22,158,180,73,38,8,30,89,373,Damion Lee
1627814,2021-22,0,1610612744,GSW,29.0,63,5,1257,169,383,0.441,63,187,0.337,66,75,0.88,27,176,203,63,39,6,38,95,467,Damion Lee
1627814,2022-23,0,1610612756,PHX,30.0,74,5,1506,200,452,0.442,110,247,0.445,94,104,0.904,39,186,225,99,30,7,78,118,604,Damion Lee
1627814,2024-25,0,1610612756,PHX,32.0,25,0,144,27,74,0.365,9,37,0.243,20,21,0.952,3,17,20,11,6,0,10,6,83,Damion Lee
1629111,2021-22,0,1610612759,SAS,26.0,54,1,589,101,204,0.495,29,89,0.326,34,41,0.829,63,75,138,45,10,14,31,53,265,Jock Landale
1629111,2022-23,0,1610612756,PHX,27.0,69,4,979,178,337,0.528,21,84,0.25,79,105,0.752,119,161,280,68,16,30,59,126,456,Jock Landale
1629111,2023-24,0,1610612745,HOU,28.0,56,3,764,106,206,0.515,10,40,0.25,52,65,0.8,88,84,172,65,20,33,31,74,274,Jock Landale
1629111,2024-25,0,1610612745,HOU,29.0,42,3,500,81,152,0.533,11,26,0.423,27,40,0.675,56,81,137,37,13,10,21,49,200,Jock Landale
1629111,2025-26,0,1610612763,MEM,30.0,45,25,1060,200,389,0.514,49,129,0.38,60,89,0.674,141,151,292,75,25,22,46,102,509,Jock Landale
1629111,2025-26,0,1610612737,ATL,30.0,23,2,446,82,159,0.516,25,64,0.391,20,37,0.541,42,53,95,40,10,14,14,48,209,Jock Landale
1629111,2025-26,0,0,TOT,30.0,68,27,1506,282,548,0.515,74,193,0.383,80,126,0.635,183,204,387,115,35,36,60,150,718,Jock Landale
1630688,2021-22,0,1610612756,PHX,27.0,45,0,359,41,104,0.394,19,59,0.322,7,12,0.583,27,27,54,15,20,6,13,49,108,Ish Wainright
1630688,2022-23,0,1610612756,PHX,28.0,60,2,915,84,227,0.37,57,173,0.329,26,31,0.839,45,94,139,53,38,22,22,117,251,Ish Wainright
1630688,2023-24,0,1610612757,POR,29.0,7,0,46,6,18,0.333,6,16,0.375,2,2,1.0,0,9,9,0,2,1,1,4,20,Ish Wainright
1630688,2023-24,0,1610612756,PHX,29.0,4,0,17,1,6,0.167,1,4,0.25,0,0,0.0,3,2,5,1,2,0,1,4,3,Ish Wainright
1630688,2023-24,0,0,TOT,29.0,11,0,62,7,24,0.292,7,20,0.35,2,2,1.0,3,11,14,1,4,1,2,8,23,Ish Wainright
1626166,2015-16,0,1610612760,OKC,21.0,57,1,698,114,278,0.41,36,111,0.324,19,24,0.792,9,76,85,108,36,6,44,80,283,Cameron Payne
1626166,2016-17,0,1610612760,OKC,22.0,20,0,320,43,130,0.331,16,52,0.308,4,4,1.0,2,29,31,40,10,4,16,38,106,Cameron Payne
1626166,2016-17,0,1610612741,CHI,22.0,11,0,142,21,63,0.333,11,34,0.324,1,4,0.25,1,16,17,15,4,0,13,14,54,Cameron Payne
1626166,2016-17,0,0,TOT,22.0,31,0,462,64,193,0.332,27,86,0.314,5,8,0.625,3,45,48,55,14,4,29,52,160,Cameron Payne
1626166,2017-18,0,1610612741,CHI,23.0,25,14,582,87,215,0.405,35,91,0.385,12,16,0.75,18,51,69,113,26,9,36,44,221,Cameron Payne
1626166,2018-19,0,1610612741,CHI,24.0,31,12,536,69,168,0.411,16,59,0.271,22,25,0.88,10,43,53,83,20,6,34,49,176,Cameron Payne
1626166,2018-19,0,1610612739,CLE,24.0,9,1,176,27,55,0.491,9,25,0.36,11,16,0.688,3,16,19,23,8,3,11,15,74,Cameron Payne
1626166,2018-19,0,0,TOT,24.0,40,13,712,96,223,0.43,25,84,0.298,33,41,0.805,13,59,72,106,28,9,45,64,250,Cameron Payne
1626166,2019-20,0,1610612756,PHX,25.0,8,0,183,33,68,0.485,15,29,0.517,6,7,0.857,4,27,31,24,8,2,11,20,87,Cameron Payne
1626166,2020-21,0,1610612756,PHX,26.0,60,1,1079,191,395,0.484,73,166,0.44,50,56,0.893,16,128,144,217,36,16,60,97,505,Cameron Payne
1626166,2021-22,0,1610612756,PHX,27.0,58,12,1278,240,587,0.409,71,211,0.336,75,89,0.843,24,151,175,282,40,17,103,119,626,Cameron Payne
1626166,2022-23,0,1610612756,PHX,28.0,48,15,968,188,453,0.415,68,185,0.368,49,64,0.766,12,94,106,214,33,8,81,88,493,Cameron Payne
1626166,2023-24,0,1610612749,MIL,29.0,47,2,702,101,222,0.455,52,131,0.397,37,44,0.841,5,57,62,109,22,3,31,73,291,Cameron Payne
1626166,2023-24,0,1610612755,PHI,29.0,31,8,602,107,259,0.413,52,136,0.382,21,23,0.913,16,39,55,96,20,8,35,53,287,Cameron Payne
1626166,2023-24,0,0,TOT,29.0,78,10,1304,208,481,0.432,104,267,0.39,58,67,0.866,21,96,117,205,42,11,66,126,578,Cameron Payne
1626166,2024-25,0,1610612752,NYK,30.0,72,5,1090,179,446,0.401,93,256,0.363,49,54,0.907,14,90,104,203,39,16,52,111,500,Cameron Payne
1626166,2025-26,0,1610612755,PHI,31.0,22,1,374,56,149,0.376,32,97,0.33,19,22,0.864,3,41,44,58,24,7,11,30,163,Cameron Payne
202687,2011-12,0,1610612766,CHA,19.0,63,41,1455,129,278,0.464,0,0,0.0,69,143,0.483,113,255,368,27,20,115,71,145,327,Bismack Biyombo
202687,2012-13,0,1610612766,CHA,20.0,80,65,2186,156,346,0.451,0,0,0.0,74,142,0.521,194,388,582,35,28,143,82,195,386,Bismack Biyombo
202687,2013-14,0,1610612766,CHA,21.0,77,9,1072,88,144,0.611,0,0,0.0,46,89,0.517,105,261,366,8,7,86,40,124,222,Bismack Biyombo
202687,2014-15,0,1610612766,CHA,22.0,64,21,1243,101,186,0.543,0,0,0.0,102,175,0.583,159,248,407,16,18,99,52,140,304,Bismack Biyombo
202687,2015-16,0,1610612761,TOR,23.0,82,22,1808,156,288,0.542,0,1,0.0,142,226,0.628,182,473,655,29,19,133,71,225,454,Bismack Biyombo
202687,2016-17,0,1610612753,ORL,24.0,81,27,1793,179,339,0.528,0,0,0.0,125,234,0.534,157,410,567,74,25,91,95,202,483,Bismack Biyombo
202687,2017-18,0,1610612753,ORL,25.0,82,25,1495,183,352,0.52,0,1,0.0,102,157,0.65,144,324,468,66,21,95,84,158,468,Bismack Biyombo
202687,2018-19,0,1610612766,CHA,26.0,54,32,782,89,156,0.571,0,0,0.0,58,91,0.637,81,166,247,33,11,41,34,103,236,Bismack Biyombo
202687,2019-20,0,1610612766,CHA,27.0,53,29,1029,151,278,0.543,0,0,0.0,91,151,0.603,120,188,308,50,10,49,48,116,393,Bismack Biyombo
202687,2020-21,0,1610612766,CHA,28.0,66,36,1349,142,242,0.587,0,1,0.0,47,105,0.448,137,210,347,81,17,74,71,141,331,Bismack Biyombo
202687,2021-22,0,1610612756,PHX,29.0,36,3,506,86,145,0.593,0,0,0.0,38,71,0.535,63,104,167,23,12,26,25,70,210,Bismack Biyombo
202687,2022-23,0,1610612756,PHX,30.0,61,14,874,119,206,0.578,0,0,0.0,25,70,0.357,89,171,260,56,18,88,51,114,263,Bismack Biyombo
202687,2023-24,0,1610612763,MEM,31.0,30,27,718,67,119,0.563,0,0,0.0,22,46,0.478,57,134,191,51,10,34,38,82,156,Bismack Biyombo
202687,2023-24,0,1610612760,OKC,31.0,10,0,73,7,12,0.583,0,0,0.0,4,8,0.5,5,13,18,2,1,3,4,7,18,Bismack Biyombo
202687,2023-24,0,0,TOT,31.0,40,27,791,74,131,0.565,0,0,0.0,26,54,0.481,62,147,209,53,11,37,42,89,174,Bismack Biyombo
202687,2024-25,0,1610612759,SAS,32.0,28,26,528,67,114,0.588,0,0,0.0,10,25,0.4,43,115,158,31,16,23,27,52,144,Bismack Biyombo
202687,2025-26,0,1610612759,SAS,33.0,25,1,141,9,15,0.6,0,0,0.0,5,7,0.714,5,21,26,5,4,2,8,27,23,Bismack Biyombo
203933,2014-15,0,1610612756,PHX,21.0,40,1,614,113,214,0.528,5,21,0.238,14,19,0.737,41,44,85,25,18,9,27,51,245,T.J. Warren
203933,2015-16,0,1610612756,PHX,22.0,47,4,1070,221,441,0.501,28,70,0.4,45,64,0.703,57,90,147,44,37,16,32,94,515,T.J. Warren
203933,2016-17,0,1610612756,PHX,23.0,66,59,2048,403,814,0.495,26,98,0.265,119,154,0.773,125,214,339,75,76,39,57,175,951,T.J. Warren
203933,2017-18,0,1610612756,PHX,24.0,65,65,2142,529,1063,0.498,20,90,0.222,193,255,0.757,125,208,333,85,65,41,85,149,1271,T.J. Warren
203933,2018-19,0,1610612756,PHX,25.0,43,36,1360,297,611,0.486,77,180,0.428,101,124,0.815,31,143,174,64,51,29,52,119,772,T.J. Warren
203933,2019-20,0,1610612754,IND,26.0,67,67,2202,534,997,0.536,91,226,0.403,167,204,0.819,68,212,280,99,78,34,84,187,1326,T.J. Warren
203933,2020-21,0,1610612754,IND,27.0,4,4,117,27,51,0.529,0,7,0.0,8,10,0.8,2,12,14,5,2,0,4,16,62,T.J. Warren
203933,2022-23,0,1610612751,BKN,29.0,26,0,490,102,200,0.51,16,48,0.333,27,33,0.818,13,59,72,29,15,7,17,45,247,T.J. Warren
203933,2022-23,0,1610612756,PHX,29.0,16,0,197,30,70,0.429,6,19,0.316,1,2,0.5,13,36,49,11,7,5,3,20,67,T.J. Warren
203933,2022-23,0,0,TOT,29.0,42,0,687,132,270,0.489,22,67,0.328,28,35,0.8,26,95,121,40,22,12,20,65,314,T.J. Warren
203933,2023-24,0,1610612750,MIN,30.0,11,0,125,18,41,0.439,2,13,0.154,3,4,0.75,5,17,22,9,4,1,4,11,41,T.J. Warren
1629028,2018-19,0,1610612756,PHX,20.0,71,70,2183,509,870,0.585,0,4,0.0,141,189,0.746,223,506,729,125,61,67,126,209,1159,Deandre Ayton
1629028,2019-20,0,1610612756,PHX,21.0,38,32,1236,310,568,0.546,3,13,0.231,67,89,0.753,147,289,436,72,26,58,80,117,690,Deandre Ayton
1629028,2020-21,0,1610612756,PHX,22.0,69,69,2115,430,687,0.626,4,20,0.2,133,173,0.769,228,499,727,99,41,81,103,196,997,Deandre Ayton
1629028,2021-22,0,1610612756,PHX,23.0,58,58,1713,442,697,0.634,7,19,0.368,106,142,0.746,149,444,593,84,40,40,91,142,997,Deandre Ayton
1629028,2022-23,0,1610612756,PHX,24.0,67,67,2035,522,887,0.589,7,24,0.292,152,200,0.76,172,495,667,115,37,53,120,190,1203,Deandre Ayton
1629028,2023-24,0,1610612757,POR,25.0,55,55,1783,427,749,0.57,1,10,0.1,65,79,0.823,176,433,609,90,56,42,99,109,920,Deandre Ayton
1629028,2024-25,0,1610612757,POR,26.0,40,40,1206,265,468,0.566,6,32,0.188,40,60,0.667,124,282,406,64,31,39,69,88,576,Deandre Ayton
1629028,2025-26,0,1610612747,LAL,27.0,72,72,1958,403,601,0.671,0,0,0.0,91,141,0.645,185,390,575,59,41,70,83,157,897,Deandre Ayton
1630240,2020-21,0,1610612765,DET,22.0,48,7,781,99,210,0.471,8,23,0.348,61,89,0.685,20,77,97,174,32,13,55,76,267,Saben Lee
1630240,2021-22,0,1610612765,DET,23.0,37,0,604,69,177,0.39,14,60,0.233,56,71,0.789,18,69,87,107,36,12,36,44,208,Saben Lee
1630240,2022-23,0,1610612755,PHI,24.0,2,0,10,3,4,0.75,0,1,0.0,0,0,0.0,0,0,0,2,1,0,3,1,6,Saben Lee
1630240,2022-23,0,1610612756,PHX,24.0,23,1,363,46,117,0.393,11,29,0.379,42,57,0.737,13,32,45,65,18,1,21,31,145,Saben Lee
1630240,2022-23,0,0,TOT,24.0,25,1,374,49,121,0.405,11,30,0.367,42,57,0.737,13,32,45,67,19,1,24,32,151,Saben Lee
1630240,2023-24,0,1610612756,PHX,25.0,24,0,185,20,55,0.364,2,16,0.125,29,39,0.744,9,22,31,30,7,3,8,13,71,Saben Lee
1629647,2019-20,0,1610612760,OKC,20.0,61,9,1129,125,317,0.394,49,141,0.348,43,62,0.694,30,216,246,41,23,41,45,55,342,Darius Bazley
1629647,2020-21,0,1610612760,OKC,21.0,55,55,1714,273,690,0.396,83,286,0.29,125,178,0.702,51,345,396,99,29,25,122,60,754,Darius Bazley
1629647,2021-22,0,1610612760,OKC,22.0,69,53,1924,274,649,0.422,80,269,0.297,117,170,0.688,71,365,436,97,58,70,90,68,745,Darius Bazley
1629647,2022-23,0,1610612760,OKC,23.0,36,1,555,71,158,0.449,18,45,0.4,36,65,0.554,29,93,122,32,19,29,22,35,196,Darius Bazley
1629647,2022-23,0,1610612756,PHX,23.0,7,0,61,12,25,0.48,2,8,0.25,2,5,0.4,5,11,16,6,3,5,5,9,28,Darius Bazley
1629647,2022-23,0,0,TOT,23.0,43,1,616,83,183,0.454,20,53,0.377,38,70,0.543,34,104,138,38,22,34,27,44,224,Darius Bazley
1629647,2023-24,0,1610612755,PHI,24.0,3,0,10,0,1,0.0,0,0,0.0,0,0,0.0,0,1,1,2,0,0,1,0,0,Darius Bazley
1629647,2023-24,0,1610612762,UTA,24.0,6,0,142,18,29,0.621,2,8,0.25,10,12,0.833,8,19,27,5,6,7,7,3,48,Darius Bazley
1629647,2023-24,0,0,TOT,24.0,9,0,152,18,30,0.6,2,8,0.25,10,12,0.833,8,20,28,7,6,7,8,3,48,Darius Bazley
