PLAYER_ID,PLAYER_NAME,TEAM_ID,TEAM_ABBREVIATION,AGE,G,MIN,CONTESTED_SHOTS,CONTESTED_SHOTS_2PT,CONTESTED_SHOTS_3PT,DEFLECTIONS,CHARGES_DRAWN,SCREEN_ASSISTS,SCREEN_AST_PTS,OFF_LOOSE_BALLS_RECOVERED,DEF_LOOSE_BALLS_RECOVERED,LOOSE_BALLS_RECOVERED,PCT_LOOSE_BALLS_RECOVERED_OFF,PCT_LOOSE_BALLS_RECOVERED_DEF,OFF_BOXOUTS,DEF_BOXOUTS,BOX_OUTS,BOX_OUT_PLAYER_TEAM_REBS,BOX_OUT_PLAYER_REBS,PCT_BOX_OUTS_OFF,PCT_BOX_OUTS_DEF,PCT_BOX_OUTS_TEAM_REB,PCT_BOX_OUTS_REB,season
201166,Aaron Brooks,1610612741,CHI,31.0,1,7.0,1.0,1.0,0.0,0.0,0.0,0.0,0.0,0.0,0.0,0.0,0.0,0.0,0.0,0.0,0.0,0.0,0.0,0.0,0.0,0.0,0.0,2015-16
203932,Aaron Gordon,1610612753,ORL,20.0,1,33.9,2.0,2.0,0.0,0.0,0.0,0.0,0.0,0.0,0.0,1.0,0.0,0.0,0.0,0.0,0.0,0.0,0.0,0.0,0.0,0.0,0.0,2015-16
201143,Al Horford,1610612737,ATL,30.0,2,31.8,12.5,11.0,1.5,1.5,0.0,3.0,6.0,0.0,0.0,0.0,0.0,0.0,0.0,0.0,0.0,0.0,0.0,0.0,0.0,0.0,0.0,2015-16
201582,Alexis Ajinca,1610612740,NOP,28.0,1,16.9,7.0,5.0,2.0,1.0,0.0,0.0,0.0,0.0,0.0,0.0,0.0,0.0,0.0,0.0,0.0,0.0,0.0,0.0,0.0,0.0,0.0,2015-16
202087,Alonzo Gee,1610612740,NOP,29.0,1,26.9,2.0,2.0,0.0,3.0,0.0,0.0,0.0,0.0,0.0,1.0,0.0,0.0,0.0,0.0,0.0,0.0,0.0,0.0,0.0,0.0,0.0,2015-16
2405,Amar'e Stoudemire,1610612748,MIA,33.0,1,6.4,0.0,0.0,0.0,0.0,0.0,1.0,2.0,0.0,0.0,0.0,0.0,0.0,0.0,0.0,0.0,0.0,0.0,0.0,0.0,0.0,0.0,2015-16
2738,Andre Iguodala,1610612744,GSW,32.0,2,21.1,1.5,1.5,0.0,1.5,0.0,0.5,1.5,0.0,0.0,2.5,0.0,0.0,0.0,0.0,0.0,0.0,0.0,0.0,0.0,0.0,0.0,2015-16
101106,Andrew Bogut,1610612744,GSW,31.0,2,25.3,9.0,8.0,1.0,0.5,0.0,2.5,5.0,0.0,0.0,0.5,0.0,0.0,0.0,0.0,0.0,0.0,0.0,0.0,0.0,0.0,0.0,2015-16
203952,Andrew Wiggins,1610612750,MIN,21.0,1,41.9,12.0,4.0,8.0,8.0,0.0,1.0,2.0,0.0,0.0,5.0,0.0,0.0,0.0,0.0,0.0,0.0,0.0,0.0,0.0,0.0,0.0,2015-16
203076,Anthony Davis,1610612740,NOP,23.0,1,34.5,15.0,9.0,6.0,1.0,0.0,3.0,6.0,0.0,0.0,1.0,0.0,0.0,0.0,0.0,0.0,0.0,0.0,0.0,0.0,0.0,0.0,2015-16
201167,Arron Afflalo,1610612752,NYK,30.0,1,37.1,9.0,3.0,6.0,0.0,0.0,0.0,0.0,0.0,0.0,2.0,0.0,0.0,0.0,0.0,0.0,0.0,0.0,0.0,0.0,0.0,0.0,2015-16
2757,Beno Udrih,1610612763,MEM,33.0,1,37.0,8.0,6.0,2.0,1.0,0.0,1.0,2.0,0.0,0.0,2.0,0.0,0.0,0.0,0.0,0.0,0.0,0.0,0.0,0.0,0.0,0.0,2015-16
1626171,Bobby Portis Jr.,1610612741,CHI,21.0,1,8.5,5.0,2.0,3.0,0.0,0.0,0.0,0.0,0.0,0.0,0.0,0.0,0.0,0.0,0.0,0.0,0.0,0.0,0.0,0.0,0.0,0.0,2015-16
2564,Boris Diaw,1610612759,SAS,34.0,1,11.2,4.0,4.0,0.0,3.0,0.0,1.0,3.0,0.0,0.0,0.0,0.0,0.0,0.0,0.0,0.0,0.0,0.0,0.0,0.0,0.0,0.0,2015-16
201575,Brandon Rush,1610612744,GSW,30.0,1,10.2,2.0,2.0,0.0,0.0,0.0,0.0,0.0,0.0,0.0,0.0,0.0,0.0,0.0,0.0,0.0,0.0,0.0,0.0,0.0,0.0,0.0,2015-16
203912,C.J. Wilcox,1610612746,LAC,25.0,1,9.3,0.0,0.0,0.0,0.0,0.0,1.0,2.0,0.0,0.0,0.0,0.0,0.0,0.0,0.0,0.0,0.0,0.0,0.0,0.0,0.0,0.0,2015-16
201171,Carl Landry,1610612755,PHI,32.0,1,19.2,4.0,3.0,1.0,0.0,0.0,1.0,2.0,0.0,0.0,1.0,0.0,0.0,0.0,0.0,0.0,0.0,0.0,0.0,0.0,0.0,0.0,2015-16
2546,Carmelo Anthony,1610612752,NYK,32.0,1,35.5,2.0,1.0,1.0,2.0,0.0,0.0,0.0,0.0,0.0,0.0,0.0,0.0,0.0,0.0,0.0,0.0,0.0,0.0,0.0,0.0,0.0,2015-16
202718,Chandler Parsons,1610612742,DAL,27.0,1,35.7,8.0,6.0,2.0,5.0,0.0,1.0,2.0,0.0,0.0,1.0,0.0,0.0,0.0,0.0,0.0,0.0,0.0,0.0,0.0,0.0,0.0,2015-16
101112,Channing Frye,1610612739,CLE,33.0,2,16.1,3.5,3.5,0.0,0.5,0.0,0.5,1.0,0.0,0.0,0.0,0.0,0.0,0.0,0.0,0.0,0.0,0.0,0.0,0.0,0.0,0.0,2015-16
2547,Chris Bosh,1610612748,MIA,32.0,1,31.7,10.0,8.0,2.0,0.0,0.0,2.0,4.0,0.0,0.0,0.0,0.0,0.0,0.0,0.0,0.0,0.0,0.0,0.0,0.0,0.0,0.0,2015-16
101108,Chris Paul,1610612746,LAC,31.0,1,37.0,2.0,2.0,0.0,0.0,0.0,0.0,0.0,0.0,0.0,0.0,0.0,0.0,0.0,0.0,0.0,0.0,0.0,0.0,0.0,0.0,0.0,2015-16
203991,Clint Capela,1610612745,HOU,22.0,1,12.3,11.0,8.0,3.0,3.0,0.0,2.0,4.0,0.0,0.0,0.0,0.0,0.0,0.0,0.0,0.0,0.0,0.0,0.0,0.0,0.0,0.0,2015-16
202332,Cole Aldrich,1610612746,LAC,27.0,1,20.4,10.0,10.0,0.0,0.0,0.0,2.0,5.0,0.0,0.0,1.0,0.0,0.0,0.0,0.0,0.0,0.0,0.0,0.0,0.0,0.0,0.0,2015-16
201147,Corey Brewer,1610612745,HOU,30.0,1,23.1,10.0,4.0,6.0,1.0,0.0,0.0,0.0,0.0,0.0,0.0,0.0,0.0,0.0,0.0,0.0,0.0,0.0,0.0,0.0,0.0,0.0,2015-16
201568,Danilo Gallinari,1610612743,DEN,27.0,1,37.5,7.0,5.0,2.0,3.0,2.0,2.0,4.0,0.0,0.0,0.0,0.0,0.0,0.0,0.0,0.0,0.0,0.0,0.0,0.0,0.0,0.0,2015-16
201980,Danny Green,1610612759,SAS,29.0,1,28.3,4.0,3.0,1.0,0.0,0.0,0.0,0.0,0.0,0.0,0.0,0.0,0.0,0.0,0.0,0.0,0.0,0.0,0.0,0.0,0.0,0.0,2015-16
201967,Dante Cunningham,1610612740,NOP,29.0,1,26.5,5.0,4.0,1.0,1.0,0.0,0.0,0.0,0.0,0.0,0.0,0.0,0.0,0.0,0.0,0.0,0.0,0.0,0.0,0.0,0.0,0.0,2015-16
201589,Darrell Arthur,1610612743,DEN,28.0,1,30.4,9.0,7.0,2.0,1.0,0.0,2.0,4.0,0.0,0.0,0.0,0.0,0.0,0.0,0.0,0.0,0.0,0.0,0.0,0.0,0.0,0.0,2015-16
101135,David Lee,1610612742,DAL,33.0,2,20.7,7.5,6.5,1.0,2.5,0.0,2.0,5.5,0.0,0.0,0.0,0.0,0.0,0.0,0.0,0.0,0.0,0.0,0.0,0.0,0.0,0.0,2015-16
2561,David West,1610612759,SAS,35.0,1,18.1,4.0,3.0,1.0,1.0,0.0,0.0,0.0,0.0,0.0,0.0,0.0,0.0,0.0,0.0,0.0,0.0,0.0,0.0,0.0,0.0,0.0,2015-16
201599,DeAndre Jordan,1610612746,LAC,27.0,1,37.0,5.0,5.0,0.0,1.0,0.0,3.0,7.0,0.0,0.0,0.0,0.0,0.0,0.0,0.0,0.0,0.0,0.0,0.0,0.0,0.0,0.0,2015-16
203471,Dennis Schröder,1610612737,ATL,22.0,1,13.3,1.0,1.0,0.0,0.0,0.0,0.0,0.0,0.0,0.0,0.0,0.0,0.0,0.0,0.0,0.0,0.0,0.0,0.0,0.0,0.0,0.0,2015-16
101114,Deron Williams,1610612742,DAL,32.0,1,24.8,2.0,1.0,1.0,1.0,0.0,0.0,0.0,0.0,0.0,1.0,0.0,0.0,0.0,0.0,0.0,0.0,0.0,0.0,0.0,0.0,0.0,2015-16
202682,Derrick Williams,1610612752,NYK,25.0,1,20.9,3.0,2.0,1.0,1.0,0.0,0.0,0.0,0.0,0.0,0.0,0.0,0.0,0.0,0.0,0.0,0.0,0.0,0.0,0.0,0.0,0.0,2015-16
2734,Devin Harris,1610612742,DAL,33.0,2,29.7,4.0,3.0,1.0,1.5,1.0,0.0,0.0,0.0,0.0,0.5,0.0,0.0,0.0,0.0,0.0,0.0,0.0,0.0,0.0,0.0,0.0,2015-16
1717,Dirk Nowitzki,1610612742,DAL,38.0,2,33.7,10.0,7.0,3.0,2.5,0.0,3.0,6.5,0.0,0.0,0.5,0.0,0.0,0.0,0.0,0.0,0.0,0.0,0.0,0.0,0.0,0.0,2015-16
203926,Doug McDermott,1610612741,CHI,24.0,1,33.0,3.0,2.0,1.0,1.0,0.0,1.0,2.0,0.0,0.0,0.0,0.0,0.0,0.0,0.0,0.0,0.0,0.0,0.0,0.0,0.0,0.0,2015-16
203110,Draymond Green,1610612744,GSW,26.0,2,34.1,11.5,8.0,3.5,4.0,0.0,1.5,4.0,0.0,0.0,1.0,0.0,0.0,0.0,0.0,0.0,0.0,0.0,0.0,0.0,0.0,0.0,2015-16
2730,Dwight Howard,1610612745,HOU,30.0,1,33.6,4.0,3.0,1.0,11.0,0.0,5.0,12.0,0.0,0.0,0.0,0.0,0.0,0.0,0.0,0.0,0.0,0.0,0.0,0.0,0.0,0.0,2015-16
203939,Dwight Powell,1610612742,DAL,24.0,1,2.6,2.0,2.0,0.0,0.0,0.0,0.0,0.0,0.0,0.0,0.0,0.0,0.0,0.0,0.0,0.0,0.0,0.0,0.0,0.0,0.0,0.0,2015-16
202734,E'Twaun Moore,1610612741,CHI,27.0,1,26.4,6.0,3.0,3.0,0.0,0.0,1.0,2.0,0.0,0.0,0.0,0.0,0.0,0.0,0.0,0.0,0.0,0.0,0.0,0.0,0.0,0.0,2015-16
204002,Edy Tavares,1610612737,ATL,24.0,1,18.2,12.0,12.0,0.0,0.0,0.0,2.0,4.0,0.0,0.0,0.0,0.0,0.0,0.0,0.0,0.0,0.0,0.0,0.0,0.0,0.0,0.0,2015-16
203901,Elfrid Payton,1610612753,ORL,22.0,1,32.6,4.0,3.0,1.0,1.0,0.0,0.0,0.0,0.0,0.0,0.0,0.0,0.0,0.0,0.0,0.0,0.0,0.0,0.0,0.0,0.0,0.0,2015-16
1626144,Emmanuel Mudiay,1610612743,DEN,20.0,1,25.7,6.0,4.0,2.0,0.0,0.0,0.0,0.0,0.0,0.0,0.0,0.0,0.0,0.0,0.0,0.0,0.0,0.0,0.0,0.0,0.0,0.0,2015-16
201569,Eric Gordon,1610612740,NOP,27.0,1,33.5,6.0,2.0,4.0,5.0,0.0,0.0,0.0,0.0,0.0,0.0,0.0,0.0,0.0,0.0,0.0,0.0,0.0,0.0,0.0,0.0,0.0,2015-16
203095,Evan Fournier,1610612753,ORL,23.0,1,42.8,4.0,2.0,2.0,4.0,0.0,0.0,0.0,0.0,0.0,3.0,0.0,0.0,0.0,0.0,0.0,0.0,0.0,0.0,0.0,0.0,0.0,2015-16
203105,Festus Ezeli,1610612744,GSW,26.0,2,10.8,7.5,7.0,0.5,1.0,0.0,0.0,0.0,0.0,0.0,1.0,0.0,0.0,0.0,0.0,0.0,0.0,0.0,0.0,0.0,0.0,0.0,2015-16
203914,Gary Harris,1610612743,DEN,21.0,1,37.6,6.0,5.0,1.0,0.0,0.0,0.0,0.0,0.0,0.0,0.0,0.0,0.0,0.0,0.0,0.0,0.0,0.0,0.0,0.0,0.0,0.0,2015-16
101123,Gerald Green,1610612748,MIA,30.0,1,23.5,4.0,3.0,1.0,1.0,0.0,0.0,0.0,0.0,0.0,0.0,0.0,0.0,0.0,0.0,0.0,0.0,0.0,0.0,0.0,0.0,0.0,2015-16
203476,Gorgui Dieng,1610612750,MIN,26.0,1,19.0,8.0,7.0,1.0,2.0,0.0,0.0,0.0,0.0,0.0,1.0,0.0,0.0,0.0,0.0,0.0,0.0,0.0,0.0,0.0,0.0,0.0,2015-16
203084,Harrison Barnes,1610612744,GSW,24.0,2,33.9,7.5,5.5,2.0,0.0,0.5,0.5,1.5,0.0,0.0,1.0,0.0,0.0,0.0,0.0,0.0,0.0,0.0,0.0,0.0,0.0,0.0,2015-16
202355,Hassan Whiteside,1610612748,MIA,27.0,1,38.5,23.0,23.0,0.0,1.0,0.0,4.0,9.0,0.0,0.0,1.0,0.0,0.0,0.0,0.0,0.0,0.0,0.0,0.0,0.0,0.0,0.0,2015-16
203138,Hollis Thompson,1610612755,PHI,25.0,1,33.5,5.0,3.0,2.0,1.0,1.0,0.0,0.0,0.0,0.0,0.0,0.0,0.0,0.0,0.0,0.0,0.0,0.0,0.0,0.0,0.0,0.0,2015-16
202697,Iman Shumpert,1610612739,CLE,26.0,1,31.7,7.0,5.0,2.0,1.0,0.0,0.0,0.0,0.0,0.0,0.0,0.0,0.0,0.0,0.0,0.0,0.0,0.0,0.0,0.0,0.0,0.0,2015-16
202397,Ish Smith,1610612755,PHI,27.0,2,36.9,5.0,2.0,3.0,3.5,1.0,0.0,0.0,0.0,0.0,2.0,0.0,0.0,0.0,0.0,0.0,0.0,0.0,0.0,0.0,0.0,0.0,2015-16
200826,J.J. Barea,1610612742,DAL,32.0,2,30.1,3.0,1.0,2.0,1.0,0.0,0.5,1.0,0.0,0.0,1.5,0.0,0.0,0.0,0.0,0.0,0.0,0.0,0.0,0.0,0.0,0.0,2015-16
200755,JJ Redick,1610612746,LAC,32.0,1,31.6,3.0,3.0,0.0,1.0,0.0,0.0,0.0,0.0,0.0,0.0,0.0,0.0,0.0,0.0,0.0,0.0,0.0,0.0,0.0,0.0,0.0,2015-16
2747,JR Smith,1610612739,CLE,30.0,1,39.9,0.0,0.0,0.0,2.0,0.0,0.0,0.0,0.0,0.0,1.0,0.0,0.0,0.0,0.0,0.0,0.0,0.0,0.0,0.0,0.0,0.0,2015-16
203960,JaKarr Sampson,1610612743,DEN,23.0,1,24.6,9.0,7.0,2.0,0.0,0.0,0.0,0.0,0.0,0.0,1.0,0.0,0.0,0.0,0.0,0.0,0.0,0.0,0.0,0.0,0.0,0.0,2015-16
1626143,Jahlil Okafor,1610612755,PHI,20.0,1,33.4,14.0,13.0,1.0,1.0,0.0,4.0,8.0,0.0,0.0,1.0,0.0,0.0,0.0,0.0,0.0,0.0,0.0,0.0,0.0,0.0,0.0,2015-16
2037,Jamal Crawford,1610612746,LAC,36.0,1,30.0,1.0,1.0,0.0,3.0,0.0,0.0,0.0,0.0,0.0,1.0,0.0,0.0,0.0,0.0,0.0,0.0,0.0,0.0,0.0,0.0,0.0,2015-16
2749,Jameer Nelson,1610612743,DEN,34.0,1,30.5,6.0,4.0,2.0,3.0,0.0,0.0,0.0,0.0,0.0,0.0,0.0,0.0,0.0,0.0,0.0,0.0,0.0,0.0,0.0,0.0,0.0,2015-16
201935,James Harden,1610612745,HOU,26.0,1,44.0,21.0,10.0,11.0,4.0,0.0,1.0,2.0,0.0,0.0,1.0,0.0,0.0,0.0,0.0,0.0,0.0,0.0,0.0,0.0,0.0,0.0,2015-16
203949,James Michael McAdoo,1610612744,GSW,23.0,1,2.5,1.0,0.0,1.0,0.0,0.0,0.0,0.0,0.0,0.0,0.0,0.0,0.0,0.0,0.0,0.0,0.0,0.0,0.0,0.0,0.0,0.0,2015-16
201160,Jason Smith,1610612753,ORL,30.0,1,13.2,2.0,2.0,0.0,0.0,0.0,0.0,0.0,0.0,0.0,0.0,0.0,0.0,0.0,0.0,0.0,0.0,0.0,0.0,0.0,0.0,0.0,2015-16
1891,Jason Terry,1610612745,HOU,38.0,1,17.4,8.0,0.0,8.0,0.0,0.0,0.0,0.0,0.0,0.0,0.0,0.0,0.0,0.0,0.0,0.0,0.0,0.0,0.0,0.0,0.0,0.0,2015-16
201952,Jeff Teague,1610612737,ATL,28.0,2,32.1,3.0,1.5,1.5,0.5,0.0,0.5,1.0,0.0,0.0,0.0,0.0,0.0,0.0,0.0,0.0,0.0,0.0,0.0,0.0,0.0,0.0,2015-16
1626170,Jerian Grant,1610612752,NYK,23.0,1,18.2,6.0,6.0,0.0,1.0,0.0,0.0,0.0,0.0,0.0,1.0,0.0,0.0,0.0,0.0,0.0,0.0,0.0,0.0,0.0,0.0,0.0,2015-16
202710,Jimmy Butler III,1610612741,CHI,26.0,1,49.1,8.0,4.0,4.0,4.0,0.0,1.0,2.0,0.0,0.0,3.0,0.0,0.0,0.0,0.0,0.0,0.0,0.0,0.0,0.0,0.0,0.0,2015-16
201149,Joakim Noah,1610612741,CHI,31.0,1,38.2,20.0,17.0,3.0,1.0,0.0,3.0,6.0,0.0,0.0,0.0,0.0,0.0,0.0,0.0,0.0,0.0,0.0,0.0,0.0,0.0,0.0,2015-16
203613,Jonathon Simmons,1610612759,SAS,26.0,1,18.4,2.0,1.0,1.0,0.0,0.0,0.0,0.0,0.0,0.0,2.0,0.0,0.0,0.0,0.0,0.0,0.0,0.0,0.0,0.0,0.0,0.0,2015-16
101181,Jose Calderon,1610612752,NYK,34.0,1,26.3,4.0,2.0,2.0,4.0,0.0,0.0,0.0,0.0,0.0,2.0,0.0,0.0,0.0,0.0,0.0,0.0,0.0,0.0,0.0,0.0,0.0,2015-16
1626196,Josh Richardson,1610612748,MIA,22.0,1,10.4,3.0,3.0,0.0,1.0,0.0,0.0,0.0,0.0,0.0,0.0,0.0,0.0,0.0,0.0,0.0,0.0,0.0,0.0,0.0,0.0,0.0,2015-16
1626147,Justin Anderson,1610612742,DAL,22.0,2,17.8,3.5,2.0,1.5,1.5,0.0,0.0,0.0,0.0,0.0,0.0,0.0,0.0,0.0,0.0,0.0,0.0,0.0,0.0,0.0,0.0,0.0,2015-16
203200,Justin Holiday,1610612741,CHI,27.0,1,3.0,1.0,1.0,0.0,0.0,0.0,0.0,0.0,0.0,0.0,0.0,0.0,0.0,0.0,0.0,0.0,0.0,0.0,0.0,0.0,0.0,0.0,2015-16
1626159,Justise Winslow,1610612748,MIA,20.0,1,23.4,5.0,3.0,2.0,1.0,0.0,1.0,2.0,0.0,0.0,2.0,0.0,0.0,0.0,0.0,0.0,0.0,0.0,0.0,0.0,0.0,0.0,2015-16
203909,KJ McDaniels,1610612745,HOU,23.0,1,15.4,9.0,8.0,1.0,1.0,0.0,0.0,0.0,0.0,0.0,2.0,0.0,0.0,0.0,0.0,0.0,0.0,0.0,0.0,0.0,0.0,0.0,2015-16
1626157,Karl-Anthony Towns,1610612750,MIN,20.0,1,44.7,15.0,11.0,4.0,1.0,0.0,1.0,2.0,0.0,0.0,1.0,0.0,0.0,0.0,0.0,0.0,0.0,0.0,0.0,0.0,0.0,0.0,2015-16
2570,Kendrick Perkins,1610612740,NOP,31.0,1,15.9,4.0,4.0,0.0,0.0,0.0,2.0,5.0,0.0,0.0,0.0,0.0,0.0,0.0,0.0,0.0,0.0,0.0,0.0,0.0,0.0,0.0,2015-16
202702,Kenneth Faried,1610612743,DEN,26.0,1,26.2,4.0,4.0,0.0,0.0,0.0,3.0,6.0,0.0,0.0,0.0,0.0,0.0,0.0,0.0,0.0,0.0,0.0,0.0,0.0,0.0,0.0,2015-16
203145,Kent Bazemore,1610612737,ATL,26.0,2,32.7,7.5,4.5,3.0,4.5,0.0,0.0,0.0,0.0,0.0,1.0,0.0,0.0,0.0,0.0,0.0,0.0,0.0,0.0,0.0,0.0,0.0,2015-16
201567,Kevin Love,1610612739,CLE,27.0,1,33.6,7.0,6.0,1.0,0.0,0.0,1.0,2.0,0.0,0.0,0.0,0.0,0.0,0.0,0.0,0.0,0.0,0.0,0.0,0.0,0.0,0.0,2015-16
2550,Kirk Hinrich,1610612737,ATL,35.0,1,32.3,13.0,7.0,6.0,2.0,0.0,0.0,0.0,0.0,0.0,0.0,0.0,0.0,0.0,0.0,0.0,0.0,0.0,0.0,0.0,0.0,0.0,2015-16
202691,Klay Thompson,1610612744,GSW,26.0,2,33.4,9.0,6.5,2.5,1.0,0.0,0.0,0.0,0.0,0.0,0.5,0.0,0.0,0.0,0.0,0.0,0.0,0.0,0.0,0.0,0.0,0.0,2015-16
204001,Kristaps Porziņģis,1610612752,NYK,20.0,1,30.4,12.0,9.0,3.0,0.0,0.0,4.0,9.0,0.0,0.0,1.0,0.0,0.0,0.0,0.0,0.0,0.0,0.0,0.0,0.0,0.0,0.0,2015-16
203937,Kyle Anderson,1610612759,SAS,22.0,1,27.8,0.0,0.0,0.0,0.0,0.0,0.0,0.0,0.0,0.0,1.0,0.0,0.0,0.0,0.0,0.0,0.0,0.0,0.0,0.0,0.0,0.0,2015-16
2594,Kyle Korver,1610612737,ATL,35.0,2,31.7,6.5,4.0,2.5,1.0,0.0,0.0,0.0,0.0,0.0,0.5,0.0,0.0,0.0,0.0,0.0,0.0,0.0,0.0,0.0,0.0,0.0,2015-16
203124,Kyle O'Quinn,1610612752,NYK,26.0,1,2.9,1.0,1.0,0.0,1.0,0.0,1.0,2.0,0.0,0.0,0.0,0.0,0.0,0.0,0.0,0.0,0.0,0.0,0.0,0.0,0.0,0.0,2015-16
202681,Kyrie Irving,1610612739,CLE,24.0,1,38.5,4.0,2.0,2.0,0.0,0.0,0.0,0.0,0.0,0.0,0.0,0.0,0.0,0.0,0.0,0.0,0.0,0.0,0.0,0.0,0.0,0.0,2015-16
200746,LaMarcus Aldridge,1610612759,SAS,30.0,1,25.4,5.0,4.0,1.0,1.0,0.0,1.0,2.0,0.0,0.0,0.0,0.0,0.0,0.0,0.0,0.0,0.0,0.0,0.0,0.0,0.0,0.0,2015-16
203934,Lamar Patterson,1610612737,ATL,24.0,1,10.0,2.0,1.0,1.0,1.0,0.0,0.0,0.0,0.0,0.0,0.0,0.0,0.0,0.0,0.0,0.0,0.0,0.0,0.0,0.0,0.0,0.0,2015-16
202498,Lance Thomas,1610612752,NYK,28.0,1,19.1,4.0,4.0,0.0,1.0,0.0,0.0,0.0,0.0,0.0,3.0,0.0,0.0,0.0,0.0,0.0,0.0,0.0,0.0,0.0,0.0,0.0,2015-16
204038,Langston Galloway,1610612752,NYK,24.0,1,20.1,8.0,4.0,4.0,0.0,0.0,1.0,2.0,0.0,0.0,0.0,0.0,0.0,0.0,0.0,0.0,0.0,0.0,0.0,0.0,0.0,0.0,2015-16
2571,Leandro Barbosa,1610612744,GSW,33.0,2,16.6,0.5,0.5,0.0,1.0,0.0,0.0,0.0,0.0,0.0,2.0,0.0,0.0,0.0,0.0,0.0,0.0,0.0,0.0,0.0,0.0,0.0,2015-16
201601,Luc Mbah a Moute,1610612746,LAC,29.0,1,18.2,2.0,1.0,1.0,1.0,0.0,0.0,0.0,0.0,0.0,0.0,0.0,0.0,0.0,0.0,0.0,0.0,0.0,0.0,0.0,0.0,0.0,2015-16
2736,Luol Deng,1610612748,MIA,31.0,1,38.5,6.0,3.0,3.0,1.0,0.0,1.0,2.0,0.0,0.0,0.0,0.0,0.0,0.0,0.0,0.0,0.0,0.0,0.0,0.0,0.0,0.0,2015-16
1626209,Mario Hezonja,1610612753,ORL,21.0,1,14.2,4.0,2.0,2.0,0.0,0.0,0.0,0.0,0.0,0.0,0.0,0.0,0.0,0.0,0.0,0.0,0.0,0.0,0.0,0.0,0.0,0.0,2015-16
201578,Marreese Speights,1610612744,GSW,28.0,2,9.6,7.5,6.0,1.5,0.0,0.5,0.5,1.0,0.0,0.0,0.0,0.0,0.0,0.0,0.0,0.0,0.0,0.0,0.0,0.0,0.0,0.0,2015-16
203521,Matthew Dellavedova,1610612739,CLE,25.0,1,22.7,5.0,3.0,2.0,1.0,0.0,1.0,3.0,0.0,0.0,0.0,0.0,0.0,0.0,0.0,0.0,0.0,0.0,0.0,0.0,0.0,0.0,2015-16
201563,Michael Beasley,1610612745,HOU,27.0,1,21.4,6.0,2.0,4.0,1.0,0.0,0.0,0.0,0.0,0.0,1.0,0.0,0.0,0.0,0.0,0.0,0.0,0.0,0.0,0.0,0.0,0.0,2015-16
203488,Mike Muscala,1610612737,ATL,24.0,1,11.0,3.0,2.0,1.0,0.0,0.0,1.0,3.0,0.0,0.0,0.0,0.0,0.0,0.0,0.0,0.0,0.0,0.0,0.0,0.0,0.0,0.0,2015-16
203118,Mike Scott,1610612737,ATL,27.0,2,15.1,3.0,1.5,1.5,0.5,0.0,0.0,0.0,0.0,0.0,0.5,0.0,0.0,0.0,0.0,0.0,0.0,0.0,0.0,0.0,0.0,0.0,2015-16
101126,Nate Robinson,1610612740,NOP,32.0,1,19.1,9.0,5.0,4.0,2.0,0.0,0.0,0.0,0.0,0.0,0.0,0.0,0.0,0.0,0.0,0.0,0.0,0.0,0.0,0.0,0.0,0.0,2015-16
202357,Nemanja Bjelica,1610612750,MIN,28.0,1,20.7,5.0,4.0,1.0,3.0,0.0,1.0,3.0,0.0,0.0,1.0,0.0,0.0,0.0,0.0,0.0,0.0,0.0,0.0,0.0,0.0,0.0,2015-16
203457,Nerlens Noel,1610612755,PHI,22.0,1,24.3,10.0,10.0,0.0,2.0,0.0,0.0,0.0,0.0,0.0,1.0,0.0,0.0,0.0,0.0,0.0,0.0,0.0,0.0,0.0,0.0,0.0,2015-16
203917,Nik Stauskas,1610612755,PHI,22.0,1,39.3,14.0,8.0,6.0,0.0,1.0,0.0,0.0,0.0,0.0,0.0,0.0,0.0,0.0,0.0,0.0,0.0,0.0,0.0,0.0,0.0,0.0,2015-16
203999,Nikola Jokić,1610612743,DEN,21.0,1,17.7,9.0,9.0,0.0,0.0,0.0,3.0,7.0,0.0,0.0,1.0,0.0,0.0,0.0,0.0,0.0,0.0,0.0,0.0,0.0,0.0,0.0,2015-16
202703,Nikola Mirotic,1610612741,CHI,25.0,1,23.8,11.0,8.0,3.0,0.0,0.0,0.0,0.0,0.0,0.0,0.0,0.0,0.0,0.0,0.0,0.0,0.0,0.0,0.0,0.0,0.0,0.0,2015-16
202696,Nikola Vučević,1610612753,ORL,25.0,1,34.8,6.0,6.0,0.0,1.0,0.0,2.0,4.0,0.0,0.0,1.0,0.0,0.0,0.0,0.0,0.0,0.0,0.0,0.0,0.0,0.0,0.0,2015-16
201976,Patrick Beverley,1610612745,HOU,27.0,1,29.4,10.0,6.0,4.0,1.0,0.0,1.0,2.0,0.0,0.0,2.0,0.0,0.0,0.0,0.0,0.0,0.0,0.0,0.0,0.0,0.0,0.0,2015-16
201988,Patty Mills,1610612759,SAS,27.0,1,25.4,1.0,1.0,0.0,2.0,0.0,0.0,0.0,0.0,0.0,0.0,0.0,0.0,0.0,0.0,0.0,0.0,0.0,0.0,0.0,0.0,0.0,2015-16
200794,Paul Millsap,1610612737,ATL,31.0,2,34.4,7.5,5.5,2.0,3.5,0.0,2.5,5.0,0.0,0.0,1.0,0.0,0.0,0.0,0.0,0.0,0.0,0.0,0.0,0.0,0.0,0.0,2015-16
1718,Paul Pierce,1610612746,LAC,38.0,1,22.9,6.0,6.0,0.0,0.0,0.0,0.0,0.0,0.0,0.0,0.0,0.0,0.0,0.0,0.0,0.0,0.0,0.0,0.0,0.0,0.0,0.0,2015-16
200751,Randy Foye,1610612760,OKC,32.0,1,6.9,3.0,3.0,0.0,0.0,0.0,0.0,0.0,0.0,0.0,0.0,0.0,0.0,0.0,0.0,0.0,0.0,0.0,0.0,0.0,0.0,0.0,2015-16
2446,Rasual Butler,1610612759,SAS,37.0,1,20.1,3.0,2.0,1.0,0.0,0.0,0.0,0.0,0.0,0.0,0.0,0.0,0.0,0.0,0.0,0.0,0.0,0.0,0.0,0.0,0.0,0.0,2015-16
101109,Raymond Felton,1610612742,DAL,32.0,2,17.8,5.5,3.0,2.5,1.0,0.0,0.0,0.0,0.0,0.0,1.0,0.0,0.0,0.0,0.0,0.0,0.0,0.0,0.0,0.0,0.0,0.0,2015-16
2210,Richard Jefferson,1610612739,CLE,36.0,1,18.1,2.0,1.0,1.0,0.0,0.0,1.0,2.0,0.0,0.0,0.0,0.0,0.0,0.0,0.0,0.0,0.0,0.0,0.0,0.0,0.0,0.0,2015-16
1626158,Richaun Holmes,1610612755,PHI,22.0,1,2.8,2.0,2.0,0.0,0.0,0.0,2.0,4.0,0.0,0.0,0.0,0.0,0.0,0.0,0.0,0.0,0.0,0.0,0.0,0.0,0.0,0.0,2015-16
201937,Ricky Rubio,1610612750,MIN,25.0,1,33.8,2.0,1.0,1.0,4.0,0.0,1.0,2.0,0.0,0.0,3.0,0.0,0.0,0.0,0.0,0.0,0.0,0.0,0.0,0.0,0.0,0.0,2015-16
203496,Robert Covington,1610612755,PHI,25.0,1,29.6,4.0,3.0,1.0,2.0,0.0,0.0,0.0,0.0,0.0,1.0,0.0,0.0,0.0,0.0,0.0,0.0,0.0,0.0,0.0,0.0,0.0,2015-16
201577,Robin Lopez,1610612752,NYK,28.0,1,29.5,15.0,13.0,2.0,3.0,0.0,5.0,12.0,0.0,0.0,1.0,0.0,0.0,0.0,0.0,0.0,0.0,0.0,0.0,0.0,0.0,0.0,2015-16
201583,Ryan Anderson,1610612740,NOP,28.0,1,28.7,8.0,3.0,5.0,0.0,1.0,1.0,3.0,0.0,0.0,2.0,0.0,0.0,0.0,0.0,0.0,0.0,0.0,0.0,0.0,0.0,0.0,2015-16
1626257,Salah Mejri,1610612742,DAL,30.0,1,15.9,17.0,13.0,4.0,4.0,0.0,3.0,9.0,0.0,0.0,2.0,0.0,0.0,0.0,0.0,0.0,0.0,0.0,0.0,0.0,0.0,0.0,2015-16
203498,Shabazz Muhammad,1610612750,MIN,23.0,1,38.9,2.0,1.0,1.0,1.0,0.0,1.0,2.0,0.0,0.0,1.0,0.0,0.0,0.0,0.0,0.0,0.0,0.0,0.0,0.0,0.0,0.0,2015-16
203894,Shabazz Napier,1610612753,ORL,24.0,1,10.0,1.0,1.0,0.0,1.0,0.0,0.0,0.0,0.0,0.0,1.0,0.0,0.0,0.0,0.0,0.0,0.0,0.0,0.0,0.0,0.0,0.0,2015-16
2733,Shaun Livingston,1610612744,GSW,30.0,2,21.4,5.0,3.0,2.0,2.5,0.0,0.5,1.5,0.0,0.0,0.5,0.0,0.0,0.0,0.0,0.0,0.0,0.0,0.0,0.0,0.0,0.0,2015-16
202714,Shelvin Mack,1610612762,UTA,26.0,1,18.4,9.0,7.0,2.0,2.0,0.0,0.0,0.0,0.0,0.0,1.0,0.0,0.0,0.0,0.0,0.0,0.0,0.0,0.0,0.0,0.0,0.0,2015-16
201939,Stephen Curry,1610612744,GSW,28.0,2,39.1,4.0,4.0,0.0,4.5,0.0,1.0,2.5,0.0,0.0,3.5,0.0,0.0,0.0,0.0,0.0,0.0,0.0,0.0,0.0,0.0,0.0,2015-16
204456,T.J. McConnell,1610612755,PHI,24.0,1,17.7,1.0,1.0,0.0,3.0,0.0,0.0,0.0,0.0,0.0,2.0,0.0,0.0,0.0,0.0,0.0,0.0,0.0,0.0,0.0,0.0,0.0,2015-16
201959,Taj Gibson,1610612741,CHI,31.0,1,35.5,10.0,8.0,2.0,0.0,0.0,3.0,6.0,0.0,0.0,1.0,0.0,0.0,0.0,0.0,0.0,0.0,0.0,0.0,0.0,0.0,0.0,2015-16
2419,Tayshaun Prince,1610612750,MIN,36.0,1,6.7,1.0,1.0,0.0,0.0,0.0,1.0,2.0,0.0,0.0,0.0,0.0,0.0,0.0,0.0,0.0,0.0,0.0,0.0,0.0,0.0,0.0,2015-16
200757,Thabo Sefolosha,1610612737,ATL,32.0,2,19.7,3.0,1.5,1.5,5.0,0.0,0.0,0.0,0.0,0.0,0.0,0.0,0.0,0.0,0.0,0.0,0.0,0.0,0.0,0.0,0.0,0.0,2015-16
1495,Tim Duncan,1610612759,SAS,40.0,1,20.5,7.0,7.0,0.0,1.0,0.0,5.0,10.0,0.0,0.0,0.0,0.0,0.0,0.0,0.0,0.0,0.0,0.0,0.0,0.0,0.0,0.0,2015-16
203501,Tim Hardaway Jr.,1610612737,ATL,24.0,1,11.2,3.0,2.0,1.0,0.0,0.0,0.0,0.0,0.0,0.0,0.0,0.0,0.0,0.0,0.0,0.0,0.0,0.0,0.0,0.0,0.0,0.0,2015-16
2225,Tony Parker,1610612759,SAS,34.0,1,27.7,4.0,2.0,2.0,0.0,0.0,0.0,0.0,0.0,0.0,0.0,0.0,0.0,0.0,0.0,0.0,0.0,0.0,0.0,0.0,0.0,0.0,2015-16
203503,Tony Snell,1610612741,CHI,24.0,1,11.4,4.0,2.0,2.0,0.0,0.0,0.0,0.0,0.0,0.0,0.0,0.0,0.0,0.0,0.0,0.0,0.0,0.0,0.0,0.0,0.0,0.0,2015-16
2772,Trevor Ariza,1610612745,HOU,31.0,1,41.9,10.0,8.0,2.0,7.0,0.0,1.0,3.0,0.0,0.0,1.0,0.0,0.0,0.0,0.0,0.0,0.0,0.0,0.0,0.0,0.0,0.0,2015-16
202684,Tristan Thompson,1610612739,CLE,25.0,1,37.4,3.0,2.0,1.0,0.0,0.0,2.0,4.0,0.0,0.0,1.0,0.0,0.0,0.0,0.0,0.0,0.0,0.0,0.0,0.0,0.0,0.0,2015-16
204020,Tyler Johnson,1610612748,MIA,24.0,1,30.7,7.0,4.0,3.0,1.0,0.0,0.0,0.0,0.0,0.0,1.0,0.0,0.0,0.0,0.0,0.0,0.0,0.0,0.0,0.0,0.0,0.0,2015-16
1626145,Tyus Jones,1610612750,MIN,20.0,1,19.2,3.0,2.0,1.0,1.0,0.0,0.0,0.0,0.0,0.0,3.0,0.0,0.0,0.0,0.0,0.0,0.0,0.0,0.0,0.0,0.0,0.0,2015-16
203506,Victor Oladipo,1610612753,ORL,24.0,1,44.4,4.0,1.0,3.0,1.0,0.0,0.0,0.0,0.0,0.0,2.0,0.0,0.0,0.0,0.0,0.0,0.0,0.0,0.0,0.0,0.0,0.0,2015-16
202325,Wesley Johnson,1610612746,LAC,28.0,1,32.3,7.0,4.0,3.0,2.0,0.0,0.0,0.0,0.0,0.0,0.0,0.0,0.0,0.0,0.0,0.0,0.0,0.0,0.0,0.0,0.0,0.0,2015-16
202083,Wesley Matthews,1610612742,DAL,29.0,2,31.9,6.5,2.5,4.0,3.0,0.0,0.5,1.5,0.0,0.0,1.5,0.0,0.0,0.0,0.0,0.0,0.0,0.0,0.0,0.0,0.0,0.0,2015-16
203115,Will Barton,1610612743,DEN,25.0,1,27.5,4.0,4.0,0.0,1.0,0.0,0.0,0.0,0.0,0.0,1.0,0.0,0.0,0.0,0.0,0.0,0.0,0.0,0.0,0.0,0.0,0.0,2015-16
203897,Zach LaVine,1610612750,MIN,21.0,1,40.2,6.0,2.0,4.0,6.0,0.0,0.0,0.0,0.0,0.0,1.0,0.0,0.0,0.0,0.0,0.0,0.0,0.0,0.0,0.0,0.0,0.0,2015-16
2585,Zaza Pachulia,1610612742,DAL,32.0,1,24.3,10.0,8.0,2.0,3.0,0.0,4.0,8.0,0.0,0.0,3.0,0.0,0.0,0.0,0.0,0.0,0.0,0.0,0.0,0.0,0.0,0.0,2015-16
1627773,AJ Hammons,1610612742,DAL,24.0,19,8.5,2.74,2.32,0.42,0.26,0.0,1.16,2.68,0.0,0.0,0.11,0.0,0.0,0.0,0.0,0.0,0.0,0.0,0.0,0.0,0.0,0.0,2016-17
201166,Aaron Brooks,1610612754,IND,32.0,63,14.1,3.21,1.6,1.6,0.79,0.13,0.22,0.57,0.0,0.0,0.32,0.0,0.0,0.0,0.0,0.0,0.0,0.0,0.0,0.0,0.0,0.0,2016-17
203932,Aaron Gordon,1610612753,ORL,21.0,80,28.7,6.18,3.96,2.21,1.41,0.06,0.49,1.11,0.0,0.0,0.75,0.0,0.0,0.0,0.0,0.0,0.0,0.0,0.0,0.0,0.0,0.0,2016-17
1626151,Aaron Harrison,1610612766,CHA,22.0,2,3.2,1.0,1.0,0.0,0.0,0.0,0.0,0.0,0.0,0.0,0.0,0.0,0.0,0.0,0.0,0.0,0.0,0.0,0.0,0.0,0.0,0.0,2016-17
203940,Adreian Payne,1610612750,MIN,26.0,16,8.3,2.75,1.5,1.25,0.69,0.0,0.38,0.75,0.0,0.0,0.13,0.0,0.0,0.0,0.0,0.0,0.0,0.0,0.0,0.0,0.0,0.0,2016-17
201143,Al Horford,1610612738,BOS,31.0,68,32.3,13.0,9.37,3.63,1.44,0.0,3.34,7.74,0.0,0.0,1.06,0.0,0.0,0.0,0.0,0.0,0.0,0.0,0.0,0.0,0.0,0.0,2016-17
2744,Al Jefferson,1610612754,IND,32.0,66,14.1,4.24,3.71,0.53,0.62,0.14,1.7,3.67,0.0,0.0,0.32,0.0,0.0,0.0,0.0,0.0,0.0,0.0,0.0,0.0,0.0,0.0,2016-17
202329,Al-Farouq Aminu,1610612757,POR,26.0,61,29.1,9.75,6.87,2.89,1.74,0.02,1.75,4.07,0.0,0.0,0.8,0.0,0.0,0.0,0.0,0.0,0.0,0.0,0.0,0.0,0.0,0.0,2016-17
101187,Alan Anderson,1610612746,LAC,34.0,26,11.0,1.96,0.62,1.35,0.35,0.0,0.04,0.08,0.0,0.0,0.38,0.0,0.0,0.0,0.0,0.0,0.0,0.0,0.0,0.0,0.0,0.0,2016-17
1626210,Alan Williams,1610612756,PHX,24.0,39,17.7,7.95,6.85,1.1,1.15,0.0,2.51,5.26,0.0,0.0,0.67,0.0,0.0,0.0,0.0,0.0,0.0,0.0,0.0,0.0,0.0,0.0,2016-17
202692,Alec Burks,1610612762,UTA,25.0,40,16.0,3.13,1.65,1.48,0.8,0.0,0.08,0.18,0.0,0.0,0.45,0.0,0.0,0.0,0.0,0.0,0.0,0.0,0.0,0.0,0.0,0.0,2016-17
203518,Alex Abrines,1610612760,OKC,23.0,66,15.9,3.7,2.29,1.41,0.91,0.02,0.2,0.42,0.0,0.0,0.29,0.0,0.0,0.0,0.0,0.0,0.0,0.0,0.0,0.0,0.0,0.0,2016-17
203458,Alex Len,1610612756,PHX,24.0,77,20.3,10.51,9.17,1.34,0.86,0.0,3.3,7.04,0.0,0.0,0.49,0.0,0.0,0.0,0.0,0.0,0.0,0.0,0.0,0.0,0.0,0.0,2016-17
1627816,Alex Poythress,1610612755,PHI,23.0,6,26.1,5.83,3.17,2.67,1.67,0.0,1.0,2.67,0.0,0.0,0.5,0.0,0.0,0.0,0.0,0.0,0.0,0.0,0.0,0.0,0.0,0.0,2016-17
201582,Alexis Ajinca,1610612740,NOP,29.0,39,15.0,5.95,4.95,1.0,1.18,0.03,1.69,3.59,0.0,0.0,0.49,0.0,0.0,0.0,0.0,0.0,0.0,0.0,0.0,0.0,0.0,0.0,2016-17
203459,Allen Crabbe,1610612757,POR,25.0,79,28.5,4.73,2.71,2.03,1.42,0.0,0.29,0.71,0.0,0.0,0.7,0.0,0.0,0.0,0.0,0.0,0.0,0.0,0.0,0.0,0.0,0.0,2016-17
202087,Alonzo Gee,1610612743,DEN,30.0,10,8.4,2.0,1.1,0.9,0.8,0.0,0.0,0.0,0.0,0.0,0.3,0.0,0.0,0.0,0.0,0.0,0.0,0.0,0.0,0.0,0.0,0.0,2016-17
101161,Amir Johnson,1610612738,BOS,30.0,79,20.3,7.62,6.66,0.96,1.33,0.06,2.41,5.75,0.0,0.0,0.62,0.0,0.0,0.0,0.0,0.0,0.0,0.0,0.0,0.0,0.0,0.0,2016-17
2760,Anderson Varejao,1610612744,GSW,34.0,14,6.6,2.79,2.07,0.71,0.43,0.0,1.07,2.64,0.0,0.0,0.14,0.0,0.0,0.0,0.0,0.0,0.0,0.0,0.0,0.0,0.0,0.0,2016-17
203083,Andre Drummond,1610612765,DET,23.0,81,29.7,9.19,7.69,1.49,2.85,0.02,4.35,9.41,0.0,0.0,0.86,0.0,0.0,0.0,0.0,0.0,0.0,0.0,0.0,0.0,0.0,0.0,2016-17
2738,Andre Iguodala,1610612744,GSW,33.0,76,26.3,5.08,2.97,2.11,2.16,0.03,0.78,1.97,0.0,0.0,0.82,0.0,0.0,0.0,0.0,0.0,0.0,0.0,0.0,0.0,0.0,0.0,2016-17
203460,Andre Roberson,1610612760,OKC,25.0,79,30.1,9.94,6.96,2.97,2.48,0.0,0.3,0.77,0.0,0.0,0.77,0.0,0.0,0.0,0.0,0.0,0.0,0.0,0.0,0.0,0.0,0.0,2016-17
101106,Andrew Bogut,1610612739,CLE,32.0,27,21.6,6.07,5.63,0.44,1.11,0.48,2.89,6.59,0.0,0.0,0.26,0.0,0.0,0.0,0.0,0.0,0.0,0.0,0.0,0.0,0.0,0.0,2016-17
1626150,Andrew Harrison,1610612763,MEM,22.0,67,21.8,5.28,2.7,2.58,1.63,0.1,0.12,0.27,0.0,0.0,0.73,0.0,0.0,0.0,0.0,0.0,0.0,0.0,0.0,0.0,0.0,0.0,2016-17
203094,Andrew Nicholson,1610612751,BKN,27.0,36,9.1,3.33,2.5,0.83,0.58,0.0,0.94,1.92,0.0,0.0,0.17,0.0,0.0,0.0,0.0,0.0,0.0,0.0,0.0,0.0,0.0,0.0,2016-17
203952,Andrew Wiggins,1610612750,MIN,22.0,82,37.2,9.26,4.43,4.83,1.67,0.0,0.35,0.83,0.0,0.0,1.04,0.0,0.0,0.0,0.0,0.0,0.0,0.0,0.0,0.0,0.0,0.0,2016-17
203461,Anthony Bennett,1610612751,BKN,24.0,22,11.9,4.18,2.55,1.64,0.41,0.0,0.64,1.5,0.0,0.0,0.09,0.0,0.0,0.0,0.0,0.0,0.0,0.0,0.0,0.0,0.0,0.0,2016-17
1626148,Anthony Brown,1610612753,ORL,24.0,10,14.7,3.6,1.6,2.0,0.9,0.0,0.1,0.2,0.0,0.0,0.6,0.0,0.0,0.0,0.0,0.0,0.0,0.0,0.0,0.0,0.0,0.0,2016-17
203076,Anthony Davis,1610612740,NOP,24.0,75,36.1,13.48,9.89,3.59,2.36,0.12,3.29,7.45,0.0,0.0,1.11,0.0,0.0,0.0,0.0,0.0,0.0,0.0,0.0,0.0,0.0,0.0,2016-17
201627,Anthony Morrow,1610612741,CHI,31.0,39,17.2,2.23,1.05,1.18,1.1,0.0,0.03,0.05,0.0,0.0,0.59,0.0,0.0,0.0,0.0,0.0,0.0,0.0,0.0,0.0,0.0,0.0,2016-17
201229,Anthony Tolliver,1610612758,SAC,32.0,64,23.0,5.91,3.8,2.11,1.11,0.2,1.11,2.55,0.0,0.0,0.53,0.0,0.0,0.0,0.0,0.0,0.0,0.0,0.0,0.0,0.0,0.0,2016-17
203462,Archie Goodwin,1610612751,BKN,22.0,15,14.3,4.0,2.13,1.87,0.87,0.0,0.0,0.0,0.0,0.0,0.4,0.0,0.0,0.0,0.0,0.0,0.0,0.0,0.0,0.0,0.0,0.0,2016-17
202620,Arinze Onuaku,1610612753,ORL,29.0,3,4.2,1.67,1.67,0.0,1.0,0.0,0.33,1.0,0.0,0.0,0.0,0.0,0.0,0.0,0.0,0.0,0.0,0.0,0.0,0.0,0.0,0.0,2016-17
203382,Aron Baynes,1610612765,DET,30.0,75,15.5,6.12,5.31,0.81,0.43,0.17,2.83,5.97,0.0,0.0,0.29,0.0,0.0,0.0,0.0,0.0,0.0,0.0,0.0,0.0,0.0,0.0,2016-17
201167,Arron Afflalo,1610612758,SAC,31.0,59,26.6,5.02,2.49,2.53,0.58,0.0,0.25,0.56,0.0,0.0,0.27,0.0,0.0,0.0,0.0,0.0,0.0,0.0,0.0,0.0,0.0,0.0,2016-17
203085,Austin Rivers,1610612746,LAC,24.0,74,27.8,4.73,3.09,1.64,1.49,0.03,0.09,0.2,0.0,0.0,0.68,0.0,0.0,0.0,0.0,0.0,0.0,0.0,0.0,0.0,0.0,0.0,2016-17
202340,Avery Bradley,1610612738,BOS,26.0,55,33.4,5.51,2.96,2.55,2.69,0.0,0.44,1.05,0.0,0.0,1.29,0.0,0.0,0.0,0.0,0.0,0.0,0.0,0.0,0.0,0.0,0.0,2016-17
1626253,Axel Toupane,1610612740,NOP,24.0,4,11.9,1.5,0.25,1.25,1.5,0.0,0.0,0.0,0.0,0.0,0.0,0.0,0.0,0.0,0.0,0.0,0.0,0.0,0.0,0.0,0.0,0.0,2016-17
1627791,Ben Bentil,1610612742,DAL,22.0,2,3.6,1.5,1.0,0.5,0.0,0.0,0.0,0.0,0.0,0.0,0.0,0.0,0.0,0.0,0.0,0.0,0.0,0.0,0.0,0.0,0.0,0.0,2016-17
203463,Ben McLemore,1610612758,SAC,24.0,57,20.3,4.21,2.02,2.19,1.35,0.05,0.19,0.42,0.0,0.0,0.51,0.0,0.0,0.0,0.0,0.0,0.0,0.0,0.0,0.0,0.0,0.0,2016-17
2757,Beno Udrih,1610612765,DET,34.0,35,15.4,3.11,1.71,1.4,0.91,0.03,0.11,0.26,0.0,0.0,0.34,0.0,0.0,0.0,0.0,0.0,0.0,0.0,0.0,0.0,0.0,0.0,2016-17
202687,Bismack Biyombo,1610612753,ORL,24.0,81,22.1,8.8,7.44,1.36,0.65,0.0,3.0,6.78,0.0,0.0,0.73,0.0,0.0,0.0,0.0,0.0,0.0,0.0,0.0,0.0,0.0,0.0,2016-17
201933,Blake Griffin,1610612746,LAC,28.0,61,34.0,8.28,5.28,3.0,1.74,0.15,2.56,6.05,0.0,0.0,1.43,0.0,0.0,0.0,0.0,0.0,0.0,0.0,0.0,0.0,0.0,0.0,2016-17
1626246,Boban Marjanovic,1610612765,DET,28.0,29,9.8,3.76,3.45,0.31,0.41,0.0,1.34,2.79,0.0,0.0,0.17,0.0,0.0,0.0,0.0,0.0,0.0,0.0,0.0,0.0,0.0,0.0,2016-17
201628,Bobby Brown,1610612745,HOU,32.0,9,8.7,1.89,0.44,1.44,0.22,0.11,0.11,0.22,0.0,0.0,0.22,0.0,0.0,0.0,0.0,0.0,0.0,0.0,0.0,0.0,0.0,0.0,2016-17
1626171,Bobby Portis Jr.,1610612741,CHI,22.0,62,16.0,5.55,3.26,2.29,0.63,0.0,0.92,2.08,0.0,0.0,0.4,0.0,0.0,0.0,0.0,0.0,0.0,0.0,0.0,0.0,0.0,0.0,2016-17
202711,Bojan Bogdanovic,1610612764,WAS,28.0,81,25.7,6.42,3.51,2.91,0.84,0.01,0.07,0.15,0.0,0.0,0.73,0.0,0.0,0.0,0.0,0.0,0.0,0.0,0.0,0.0,0.0,0.0,2016-17
2564,Boris Diaw,1610612762,UTA,35.0,72,17.7,4.25,2.97,1.28,0.54,0.0,1.1,2.6,0.0,0.0,0.33,0.0,0.0,0.0,0.0,0.0,0.0,0.0,0.0,0.0,0.0,0.0,2016-17
203078,Bradley Beal,1610612764,WAS,24.0,77,34.9,7.95,3.55,4.4,2.49,0.08,0.23,0.49,0.0,0.0,1.26,0.0,0.0,0.0,0.0,0.0,0.0,0.0,0.0,0.0,0.0,0.0,2016-17
201148,Brandan Wright,1610612763,MEM,29.0,28,16.0,5.79,4.5,1.29,0.86,0.0,1.57,3.82,0.0,0.0,0.36,0.0,0.0,0.0,0.0,0.0,0.0,0.0,0.0,0.0,0.0,0.0,2016-17
101138,Brandon Bass,1610612746,LAC,32.0,49,11.6,3.16,2.24,0.92,0.61,0.0,1.22,2.69,0.0,0.0,0.41,0.0,0.0,0.0,0.0,0.0,0.0,0.0,0.0,0.0,0.0,0.0,2016-17
1627742,Brandon Ingram,1610612747,LAL,19.0,78,29.2,7.13,4.05,3.08,1.21,0.03,0.15,0.38,0.0,0.0,0.76,0.0,0.0,0.0,0.0,0.0,0.0,0.0,0.0,0.0,0.0,0.0,2016-17
201943,Brandon Jennings,1610612764,WAS,27.0,76,22.9,2.84,1.22,1.62,2.01,0.01,0.04,0.09,0.0,0.0,0.75,0.0,0.0,0.0,0.0,0.0,0.0,0.0,0.0,0.0,0.0,0.0,2016-17
202688,Brandon Knight,1610612756,PHX,25.0,53,21.4,4.23,1.92,2.3,0.77,0.06,0.04,0.09,0.0,0.0,0.66,0.0,0.0,0.0,0.0,0.0,0.0,0.0,0.0,0.0,0.0,0.0,2016-17
201575,Brandon Rush,1610612750,MIN,31.0,43,23.7,5.19,2.88,2.3,0.98,0.07,0.23,0.49,0.0,0.0,0.37,0.0,0.0,0.0,0.0,0.0,0.0,0.0,0.0,0.0,0.0,0.0,2016-17
203148,Brian Roberts,1610612766,CHA,31.0,37,10.5,2.11,0.97,1.14,0.7,0.08,0.14,0.35,0.0,0.0,0.3,0.0,0.0,0.0,0.0,0.0,0.0,0.0,0.0,0.0,0.0,0.0,2016-17
1627362,Briante Weber,1610612766,CHA,24.0,18,11.2,1.78,0.78,1.0,2.22,0.0,0.17,0.5,0.0,0.0,0.78,0.0,0.0,0.0,0.0,0.0,0.0,0.0,0.0,0.0,0.0,0.0,2016-17
1627744,Brice Johnson,1610612746,LAC,23.0,3,3.1,1.67,1.33,0.33,0.67,0.0,0.33,1.0,0.0,0.0,0.0,0.0,0.0,0.0,0.0,0.0,0.0,0.0,0.0,0.0,0.0,0.0,2016-17
201572,Brook Lopez,1610612751,BKN,29.0,75,29.6,14.63,12.48,2.15,1.09,0.0,2.16,4.93,0.0,0.0,0.83,0.0,0.0,0.0,0.0,0.0,0.0,0.0,0.0,0.0,0.0,0.0,2016-17
203998,Bruno Caboclo,1610612761,TOR,21.0,7,5.1,2.0,1.14,0.86,0.43,0.0,0.14,0.43,0.0,0.0,0.14,0.0,0.0,0.0,0.0,0.0,0.0,0.0,0.0,0.0,0.0,0.0,2016-17
1627854,Bryn Forbes,1610612759,SAS,23.0,21,11.8,2.05,1.19,0.86,0.38,0.0,0.0,0.0,0.0,0.0,0.38,0.0,0.0,0.0,0.0,0.0,0.0,0.0,0.0,0.0,0.0,0.0,2016-17
1627741,Buddy Hield,1610612758,SAC,24.0,81,23.3,5.52,3.14,2.38,1.11,0.0,0.14,0.28,0.0,0.0,0.78,0.0,0.0,0.0,0.0,0.0,0.0,0.0,0.0,0.0,0.0,0.0,2016-17
201228,C.J. Watson,1610612753,ORL,33.0,59,16.9,2.86,1.25,1.61,1.61,0.07,0.05,0.12,0.0,0.0,0.46,0.0,0.0,0.0,0.0,0.0,0.0,0.0,0.0,0.0,0.0,0.0,2016-17
203912,C.J. Wilcox,1610612753,ORL,26.0,15,6.2,1.53,0.67,0.87,0.33,0.07,0.0,0.0,0.0,0.0,0.2,0.0,0.0,0.0,0.0,0.0,0.0,0.0,0.0,0.0,0.0,0.0,2016-17
203468,CJ McCollum,1610612757,POR,25.0,80,34.9,8.7,5.25,3.45,1.53,0.04,0.33,0.79,0.0,0.0,1.1,0.0,0.0,0.0,0.0,0.0,0.0,0.0,0.0,0.0,0.0,0.0,2016-17
101139,CJ Miles,1610612754,IND,30.0,76,23.4,5.12,2.51,2.61,1.16,0.12,0.2,0.47,0.0,0.0,0.61,0.0,0.0,0.0,0.0,0.0,0.0,0.0,0.0,0.0,0.0,0.0,2016-17
1626166,Cameron Payne,1610612741,CHI,22.0,31,14.9,3.29,1.87,1.42,0.9,0.13,0.13,0.29,0.0,0.0,0.35,0.0,0.0,0.0,0.0,0.0,0.0,0.0,0.0,0.0,0.0,0.0,2016-17
1627747,Caris LeVert,1610612751,BKN,22.0,57,21.7,4.4,2.56,1.84,1.82,0.04,0.07,0.18,0.0,0.0,0.74,0.0,0.0,0.0,0.0,0.0,0.0,0.0,0.0,0.0,0.0,0.0,2016-17
2546,Carmelo Anthony,1610612752,NYK,33.0,74,34.3,6.55,2.86,3.69,1.77,0.0,0.92,2.05,0.0,0.0,0.74,0.0,0.0,0.0,0.0,0.0,0.0,0.0,0.0,0.0,0.0,0.0,2016-17
202718,Chandler Parsons,1610612763,MEM,28.0,34,19.8,3.26,1.74,1.53,1.06,0.09,0.06,0.15,0.0,0.0,0.41,0.0,0.0,0.0,0.0,0.0,0.0,0.0,0.0,0.0,0.0,0.0,2016-17
101112,Channing Frye,1610612739,CLE,34.0,74,18.9,8.35,6.84,1.51,0.84,0.04,1.43,3.32,0.0,0.0,0.24,0.0,0.0,0.0,0.0,0.0,0.0,0.0,0.0,0.0,0.0,0.0,2016-17
1626184,Chasson Randle,1610612752,NYK,24.0,24,12.4,3.0,1.38,1.63,1.13,0.13,0.29,0.67,0.0,0.0,0.71,0.0,0.0,0.0,0.0,0.0,0.0,0.0,0.0,0.0,0.0,0.0,2016-17
1627767,Cheick Diallo,1610612740,NOP,20.0,14,13.8,4.86,3.0,1.86,0.64,0.0,0.71,1.64,0.0,0.0,0.57,0.0,0.0,0.0,0.0,0.0,0.0,0.0,0.0,0.0,0.0,0.0,2016-17
1627778,Chinanu Onuaku,1610612745,HOU,20.0,5,10.3,4.2,3.8,0.4,1.2,0.0,1.8,4.2,0.0,0.0,0.6,0.0,0.0,0.0,0.0,0.0,0.0,0.0,0.0,0.0,0.0,0.0,2016-17
2365,Chris Andersen,1610612739,CLE,38.0,12,9.5,4.08,3.67,0.42,0.83,0.0,2.08,5.0,0.0,0.0,0.08,0.0,0.0,0.0,0.0,0.0,0.0,0.0,0.0,0.0,0.0,0.0,2016-17
1626191,Chris McCullough,1610612764,WAS,22.0,15,5.1,2.2,1.33,0.87,0.2,0.0,0.53,1.4,0.0,0.0,0.07,0.0,0.0,0.0,0.0,0.0,0.0,0.0,0.0,0.0,0.0,0.0,2016-17
101108,Chris Paul,1610612746,LAC,32.0,61,31.5,5.2,2.54,2.66,3.51,0.03,0.23,0.51,0.0,0.0,1.51,0.0,0.0,0.0,0.0,0.0,0.0,0.0,0.0,0.0,0.0,0.0,2016-17
1626174,Christian Wood,1610612766,CHA,21.0,13,8.2,3.0,2.15,0.85,0.54,0.0,1.38,3.23,0.0,0.0,0.23,0.0,0.0,0.0,0.0,0.0,0.0,0.0,0.0,0.0,0.0,0.0,2016-17
203991,Clint Capela,1610612745,HOU,23.0,65,23.9,10.2,8.35,1.85,0.91,0.09,2.54,5.74,0.0,0.0,0.95,0.0,0.0,0.0,0.0,0.0,0.0,0.0,0.0,0.0,0.0,0.0,2016-17
203469,Cody Zeller,1610612766,CHA,24.0,62,27.8,9.11,7.87,1.24,2.03,0.03,5.9,13.68,0.0,0.0,1.13,0.0,0.0,0.0,0.0,0.0,0.0,0.0,0.0,0.0,0.0,0.0,2016-17
202332,Cole Aldrich,1610612750,MIN,28.0,59,8.8,3.76,3.1,0.66,1.07,0.0,1.31,2.92,0.0,0.0,0.37,0.0,0.0,0.0,0.0,0.0,0.0,0.0,0.0,0.0,0.0,0.0,2016-17
201147,Corey Brewer,1610612747,LAL,31.0,82,15.6,3.74,2.09,1.66,1.63,0.02,0.05,0.1,0.0,0.0,0.45,0.0,0.0,0.0,0.0,0.0,0.0,0.0,0.0,0.0,0.0,0.0,2016-17
202709,Cory Joseph,1610612761,TOR,25.0,80,25.0,6.35,3.16,3.19,1.44,0.05,0.35,0.8,0.0,0.0,0.75,0.0,0.0,0.0,0.0,0.0,0.0,0.0,0.0,0.0,0.0,0.0,2016-17
201584,Courtney Lee,1610612752,NYK,31.0,77,31.9,5.9,3.06,2.83,2.04,0.01,0.13,0.27,0.0,0.0,0.95,0.0,0.0,0.0,0.0,0.0,0.0,0.0,0.0,0.0,0.0,0.0,2016-17
1626245,Cristiano Felicio,1610612741,CHI,24.0,65,16.0,5.63,4.63,1.0,0.58,0.0,2.0,4.45,0.0,0.0,0.49,0.0,0.0,0.0,0.0,0.0,0.0,0.0,0.0,0.0,0.0,0.0,2016-17
1626156,D'Angelo Russell,1610612747,LAL,21.0,62,29.2,5.53,3.1,2.44,2.65,0.02,0.32,0.74,0.0,0.0,0.94,0.0,0.0,0.0,0.0,0.0,0.0,0.0,0.0,0.0,0.0,0.0,2016-17
201571,D.J. Augustin,1610612753,ORL,29.0,75,19.8,3.23,1.37,1.85,0.76,0.12,0.36,0.85,0.0,0.0,0.68,0.0,0.0,0.0,0.0,0.0,0.0,0.0,0.0,0.0,0.0,0.0,2016-17
2563,Dahntay Jones,1610612739,CLE,36.0,1,12.0,1.0,1.0,0.0,1.0,0.0,0.0,0.0,0.0,0.0,0.0,0.0,0.0,0.0,0.0,0.0,0.0,0.0,0.0,0.0,0.0,0.0,2016-17
1627745,Damian Jones,1610612744,GSW,22.0,9,9.2,3.44,2.67,0.78,0.56,0.0,1.0,2.11,0.0,0.0,0.11,0.0,0.0,0.0,0.0,0.0,0.0,0.0,0.0,0.0,0.0,0.0,2016-17
203081,Damian Lillard,1610612757,POR,26.0,75,35.9,6.13,3.49,2.64,2.07,0.15,0.16,0.36,0.0,0.0,1.05,0.0,0.0,0.0,0.0,0.0,0.0,0.0,0.0,0.0,0.0,0.0,2016-17
204014,Damjan Rudez,1610612753,ORL,31.0,32,8.6,2.28,1.25,1.03,0.5,0.0,0.5,1.13,0.0,0.0,0.19,0.0,0.0,0.0,0.0,0.0,0.0,0.0,0.0,0.0,0.0,0.0,2016-17
1627849,Daniel Ochefu,1610612764,WAS,23.0,11,5.7,2.73,2.18,0.55,0.55,0.0,0.64,1.45,0.0,0.0,0.18,0.0,0.0,0.0,0.0,0.0,0.0,0.0,0.0,0.0,0.0,0.0,2016-17
201568,Danilo Gallinari,1610612743,DEN,28.0,63,33.9,8.0,4.57,3.43,1.14,0.13,0.32,0.73,0.0,0.0,0.79,0.0,0.0,0.0,0.0,0.0,0.0,0.0,0.0,0.0,0.0,0.0,2016-17
201980,Danny Green,1610612759,SAS,30.0,68,26.6,7.5,4.54,2.96,2.63,0.03,0.18,0.41,0.0,0.0,0.46,0.0,0.0,0.0,0.0,0.0,0.0,0.0,0.0,0.0,0.0,0.0,2016-17
201967,Dante Cunningham,1610612740,NOP,30.0,66,25.0,7.91,4.94,2.97,1.23,0.0,0.62,1.48,0.0,0.0,0.56,0.0,0.0,0.0,0.0,0.0,0.0,0.0,0.0,0.0,0.0,0.0,2016-17
203957,Dante Exum,1610612762,UTA,21.0,63,19.2,4.68,2.76,1.92,0.83,0.03,0.22,0.54,0.0,0.0,0.7,0.0,0.0,0.0,0.0,0.0,0.0,0.0,0.0,0.0,0.0,0.0,2016-17
203967,Dario Saric,1610612755,PHI,23.0,81,26.3,8.33,6.02,2.31,1.14,0.01,1.02,2.42,0.0,0.0,0.89,0.0,0.0,0.0,0.0,0.0,0.0,0.0,0.0,0.0,0.0,0.0,2016-17
201589,Darrell Arthur,1610612743,DEN,29.0,40,15.9,5.4,4.03,1.38,1.35,0.03,1.28,3.03,0.0,0.0,0.55,0.0,0.0,0.0,0.0,0.0,0.0,0.0,0.0,0.0,0.0,0.0,2016-17
201954,Darren Collison,1610612758,SAC,29.0,68,30.3,4.38,1.97,2.41,2.03,0.03,0.26,0.56,0.0,0.0,0.91,0.0,0.0,0.0,0.0,0.0,0.0,0.0,0.0,0.0,0.0,0.0,2016-17
1626199,Darrun Hilliard,1610612765,DET,24.0,28,12.2,2.71,1.61,1.11,0.71,0.07,0.07,0.18,0.0,0.0,0.29,0.0,0.0,0.0,0.0,0.0,0.0,0.0,0.0,0.0,0.0,0.0,2016-17
101135,David Lee,1610612759,SAS,34.0,79,18.7,6.61,4.76,1.85,0.73,0.04,1.61,3.71,0.0,0.0,0.52,0.0,0.0,0.0,0.0,0.0,0.0,0.0,0.0,0.0,0.0,0.0,2016-17
1628021,David Nwaba,1610612747,LAL,24.0,19,20.6,6.74,4.0,2.74,1.42,0.0,0.37,0.89,0.0,0.0,0.74,0.0,0.0,0.0,0.0,0.0,0.0,0.0,0.0,0.0,0.0,0.0,2016-17
2561,David West,1610612744,GSW,36.0,68,12.6,5.88,4.84,1.04,1.29,0.01,1.29,2.78,0.0,0.0,0.25,0.0,0.0,0.0,0.0,0.0,0.0,0.0,0.0,0.0,0.0,0.0,2016-17
202722,Davis Bertans,1610612759,SAS,24.0,61,13.1,4.77,3.57,1.2,0.61,0.05,0.64,1.54,0.0,0.0,0.38,0.0,0.0,0.0,0.0,0.0,0.0,0.0,0.0,0.0,0.0,0.0,2016-17
201599,DeAndre Jordan,1610612746,LAC,28.0,81,31.7,10.49,8.53,1.96,1.19,0.0,5.53,12.41,0.0,0.0,0.58,0.0,0.0,0.0,0.0,0.0,0.0,0.0,0.0,0.0,0.0,0.0,2016-17
202732,DeAndre Liggins,1610612742,DAL,29.0,50,15.1,3.38,1.88,1.5,1.96,0.08,0.16,0.44,0.0,0.0,0.48,0.0,0.0,0.0,0.0,0.0,0.0,0.0,0.0,0.0,0.0,0.0,2016-17
1627761,DeAndre' Bembry,1610612737,ATL,22.0,29,11.7,2.66,1.52,1.14,0.86,0.0,0.21,0.52,0.0,0.0,0.24,0.0,0.0,0.0,0.0,0.0,0.0,0.0,0.0,0.0,0.0,0.0,2016-17
201942,DeMar DeRozan,1610612761,TOR,27.0,74,35.4,4.26,1.89,2.36,1.86,0.04,0.08,0.18,0.0,0.0,1.18,0.0,0.0,0.0,0.0,0.0,0.0,0.0,0.0,0.0,0.0,0.0,2016-17
202326,DeMarcus Cousins,1610612740,NOP,26.0,72,34.2,12.0,9.01,2.99,3.36,0.35,1.9,4.35,0.0,0.0,1.19,0.0,0.0,0.0,0.0,0.0,0.0,0.0,0.0,0.0,0.0,0.0,2016-17
201960,DeMarre Carroll,1610612761,TOR,30.0,72,26.1,6.9,3.76,3.14,2.43,0.04,0.5,1.14,0.0,0.0,0.74,0.0,0.0,0.0,0.0,0.0,0.0,0.0,0.0,0.0,0.0,0.0,2016-17
1627749,Dejounte Murray,1610612759,SAS,20.0,32,9.9,2.25,1.22,1.03,0.97,0.0,0.06,0.13,0.0,0.0,0.13,0.0,0.0,0.0,0.0,0.0,0.0,0.0,0.0,0.0,0.0,0.0,2016-17
1626153,Delon Wright,1610612761,TOR,25.0,27,16.5,3.67,1.96,1.7,2.44,0.11,0.22,0.52,0.0,0.0,0.7,0.0,0.0,0.0,0.0,0.0,0.0,0.0,0.0,0.0,0.0,0.0,2016-17
1627743,Demetrius Jackson,1610612738,BOS,22.0,3,5.5,1.33,0.67,0.67,0.33,0.0,0.0,0.0,0.0,0.0,0.0,0.0,0.0,0.0,0.0,0.0,0.0,0.0,0.0,0.0,0.0,0.0,2016-17
203471,Dennis Schröder,1610612737,ATL,23.0,79,31.5,5.47,2.94,2.53,1.65,0.16,0.32,0.72,0.0,0.0,1.16,0.0,0.0,0.0,0.0,0.0,0.0,0.0,0.0,0.0,0.0,0.0,2016-17
1627756,Denzel Valentine,1610612741,CHI,23.0,52,18.5,3.6,1.92,1.67,1.06,0.02,0.08,0.17,0.0,0.0,0.48,0.0,0.0,0.0,0.0,0.0,0.0,0.0,0.0,0.0,0.0,0.0,2016-17
101114,Deron Williams,1610612739,CLE,33.0,63,26.2,5.54,3.1,2.44,1.27,0.1,0.75,1.67,0.0,0.0,0.56,0.0,0.0,0.0,0.0,0.0,0.0,0.0,0.0,0.0,0.0,0.0,2016-17
202324,Derrick Favors,1610612762,UTA,25.0,50,23.7,9.16,7.42,1.74,1.88,0.0,2.96,6.66,0.0,0.0,0.78,0.0,0.0,0.0,0.0,0.0,0.0,0.0,0.0,0.0,0.0,0.0,2016-17
1627884,Derrick Jones Jr.,1610612756,PHX,20.0,30,18.0,4.33,2.63,1.7,0.9,0.03,0.17,0.33,0.0,0.0,0.37,0.0,0.0,0.0,0.0,0.0,0.0,0.0,0.0,0.0,0.0,0.0,2016-17
201565,Derrick Rose,1610612752,NYK,28.0,64,32.5,5.66,3.09,2.56,1.38,0.06,0.38,0.83,0.0,0.0,1.22,0.0,0.0,0.0,0.0,0.0,0.0,0.0,0.0,0.0,0.0,0.0,2016-17
202682,Derrick Williams,1610612739,CLE,26.0,46,17.3,4.74,2.87,1.87,0.59,0.04,0.87,1.93,0.0,0.0,0.33,0.0,0.0,0.0,0.0,0.0,0.0,0.0,0.0,0.0,0.0,0.0,2016-17
1626164,Devin Booker,1610612756,PHX,20.0,78,35.0,6.36,3.19,3.17,1.55,0.01,0.4,0.87,0.0,0.0,0.94,0.0,0.0,0.0,0.0,0.0,0.0,0.0,0.0,0.0,0.0,0.0,2016-17
2734,Devin Harris,1610612742,DAL,34.0,62,17.3,2.53,1.16,1.37,1.32,0.19,0.27,0.61,0.0,0.0,0.55,0.0,0.0,0.0,0.0,0.0,0.0,0.0,0.0,0.0,0.0,0.0,2016-17
203473,Dewayne Dedmon,1610612759,SAS,27.0,76,17.5,8.07,6.58,1.49,0.99,0.01,1.72,3.82,0.0,0.0,0.5,0.0,0.0,0.0,0.0,0.0,0.0,0.0,0.0,0.0,0.0,0.0,2016-17
1627738,Deyonta Davis,1610612763,MEM,20.0,27,8.4,3.59,2.96,0.63,0.44,0.0,0.78,1.96,0.0,0.0,0.11,0.0,0.0,0.0,0.0,0.0,0.0,0.0,0.0,0.0,0.0,0.0,2016-17
1627754,Diamond Stone,1610612746,LAC,20.0,5,4.2,2.6,1.8,0.8,0.2,0.0,0.0,0.0,0.0,0.0,0.0,0.0,0.0,0.0,0.0,0.0,0.0,0.0,0.0,0.0,0.0,0.0,2016-17
203079,Dion Waiters,1610612748,MIA,25.0,46,30.1,7.2,4.33,2.87,1.98,0.0,0.24,0.5,0.0,0.0,0.72,0.0,0.0,0.0,0.0,0.0,0.0,0.0,0.0,0.0,0.0,0.0,2016-17
1717,Dirk Nowitzki,1610612742,DAL,39.0,54,26.4,7.76,5.96,1.8,1.3,0.0,3.09,7.24,0.0,0.0,0.44,0.0,0.0,0.0,0.0,0.0,0.0,0.0,0.0,0.0,0.0,0.0,2016-17
1627734,Domantas Sabonis,1610612760,OKC,21.0,81,20.1,7.16,5.27,1.89,0.93,0.0,1.11,2.44,0.0,0.0,0.64,0.0,0.0,0.0,0.0,0.0,0.0,0.0,0.0,0.0,0.0,0.0,2016-17
202700,Donatas Motiejunas,1610612740,NOP,26.0,34,14.1,6.32,4.47,1.85,1.0,0.24,2.03,4.44,0.0,0.0,0.32,0.0,0.0,0.0,0.0,0.0,0.0,0.0,0.0,0.0,0.0,0.0,2016-17
1627827,Dorian Finney-Smith,1610612742,DAL,24.0,78,21.0,6.14,3.73,2.41,1.15,0.0,0.19,0.47,0.0,0.0,0.45,0.0,0.0,0.0,0.0,0.0,0.0,0.0,0.0,0.0,0.0,0.0,2016-17
203926,Doug McDermott,1610612760,OKC,25.0,64,23.1,5.3,2.98,2.31,0.47,0.0,0.19,0.42,0.0,0.0,0.28,0.0,0.0,0.0,0.0,0.0,0.0,0.0,0.0,0.0,0.0,0.0,2016-17
1627733,Dragan Bender,1610612756,PHX,19.0,42,13.6,6.14,4.05,2.1,0.5,0.0,0.55,1.29,0.0,0.0,0.33,0.0,0.0,0.0,0.0,0.0,0.0,0.0,0.0,0.0,0.0,0.0,2016-17
203110,Draymond Green,1610612744,GSW,27.0,76,32.5,13.68,9.55,4.13,3.88,0.17,2.34,5.68,0.0,0.0,1.22,0.0,0.0,0.0,0.0,0.0,0.0,0.0,0.0,0.0,0.0,0.0,2016-17
2730,Dwight Howard,1610612737,ATL,31.0,74,29.7,8.45,6.93,1.51,1.76,0.0,3.82,8.09,0.0,0.0,0.62,0.0,0.0,0.0,0.0,0.0,0.0,0.0,0.0,0.0,0.0,0.0,2016-17
203939,Dwight Powell,1610612742,DAL,25.0,75,17.8,7.2,5.36,1.84,1.53,0.03,2.01,4.64,0.0,0.0,0.41,0.0,0.0,0.0,0.0,0.0,0.0,0.0,0.0,0.0,0.0,0.0,2016-17
2548,Dwyane Wade,1610612741,CHI,35.0,60,29.9,4.88,2.78,2.1,2.42,0.02,0.08,0.2,0.0,0.0,1.0,0.0,0.0,0.0,0.0,0.0,0.0,0.0,0.0,0.0,0.0,0.0,2016-17
202734,E'Twaun Moore,1610612740,NOP,28.0,73,24.9,5.82,3.52,2.3,1.51,0.01,0.1,0.22,0.0,0.0,0.66,0.0,0.0,0.0,0.0,0.0,0.0,0.0,0.0,0.0,0.0,0.0,2016-17
202334,Ed Davis,1610612757,POR,28.0,44,17.8,5.8,4.86,0.93,0.64,0.0,2.43,5.34,0.0,0.0,0.39,0.0,0.0,0.0,0.0,0.0,0.0,0.0,0.0,0.0,0.0,0.0,2016-17
204002,Edy Tavares,1610612739,CLE,25.0,2,13.8,7.5,7.5,0.0,0.0,0.0,1.5,4.0,0.0,0.0,0.5,0.0,0.0,0.0,0.0,0.0,0.0,0.0,0.0,0.0,0.0,0.0,2016-17
203901,Elfrid Payton,1610612753,ORL,23.0,82,29.4,6.73,3.8,2.93,2.63,0.0,0.29,0.72,0.0,0.0,1.26,0.0,0.0,0.0,0.0,0.0,0.0,0.0,0.0,0.0,0.0,0.0,2016-17
202407,Elijah Millsap,1610612756,PHX,29.0,2,11.6,1.5,1.5,0.0,1.5,0.0,1.0,3.0,0.0,0.0,0.0,0.0,0.0,0.0,0.0,0.0,0.0,0.0,0.0,0.0,0.0,0.0,2016-17
1626144,Emmanuel Mudiay,1610612743,DEN,21.0,54,26.0,5.13,2.83,2.3,1.19,0.02,0.19,0.37,0.0,0.0,0.52,0.0,0.0,0.0,0.0,0.0,0.0,0.0,0.0,0.0,0.0,0.0,2016-17
202683,Enes Freedom,1610612760,OKC,25.0,72,21.3,7.35,5.82,1.53,0.99,0.0,1.53,3.35,0.0,0.0,0.49,0.0,0.0,0.0,0.0,0.0,0.0,0.0,0.0,0.0,0.0,0.0,2016-17
202339,Eric Bledsoe,1610612756,PHX,27.0,66,33.0,7.06,4.36,2.7,2.76,0.17,0.05,0.09,0.0,0.0,1.2,0.0,0.0,0.0,0.0,0.0,0.0,0.0,0.0,0.0,0.0,0.0,2016-17
201569,Eric Gordon,1610612745,HOU,28.0,75,31.0,5.53,2.79,2.75,1.24,0.04,0.17,0.36,0.0,0.0,0.76,0.0,0.0,0.0,0.0,0.0,0.0,0.0,0.0,0.0,0.0,0.0,2016-17
101141,Ersan Ilyasova,1610612737,ATL,30.0,82,26.1,5.98,3.85,2.12,1.93,0.44,1.6,3.55,0.0,0.0,0.52,0.0,0.0,0.0,0.0,0.0,0.0,0.0,0.0,0.0,0.0,0.0,2016-17
203095,Evan Fournier,1610612753,ORL,24.0,68,32.8,5.16,2.66,2.5,2.01,0.06,0.4,0.84,0.0,0.0,1.24,0.0,0.0,0.0,0.0,0.0,0.0,0.0,0.0,0.0,0.0,0.0,2016-17
202323,Evan Turner,1610612757,POR,28.0,65,25.5,6.98,3.91,3.08,1.62,0.02,0.28,0.69,0.0,0.0,0.8,0.0,0.0,0.0,0.0,0.0,0.0,0.0,0.0,0.0,0.0,0.0,2016-17
1626163,Frank Kaminsky,1610612766,CHA,24.0,75,26.1,8.89,6.25,2.64,1.13,0.07,2.77,6.45,0.0,0.0,0.56,0.0,0.0,0.0,0.0,0.0,0.0,0.0,0.0,0.0,0.0,0.0,2016-17
1627832,Fred VanVleet,1610612761,TOR,23.0,24,11.2,2.0,1.04,0.96,1.54,0.0,0.08,0.21,0.0,0.0,0.42,0.0,0.0,0.0,0.0,0.0,0.0,0.0,0.0,0.0,0.0,0.0,2016-17
202066,Garrett Temple,1610612758,SAC,31.0,65,26.6,7.25,3.28,3.97,2.62,0.05,0.28,0.63,0.0,0.0,0.74,0.0,0.0,0.0,0.0,0.0,0.0,0.0,0.0,0.0,0.0,0.0,2016-17
203914,Gary Harris,1610612743,DEN,22.0,56,31.8,4.79,2.29,2.5,2.86,0.0,0.11,0.23,0.0,0.0,0.98,0.0,0.0,0.0,0.0,0.0,0.0,0.0,0.0,0.0,0.0,0.0,2016-17
202390,Gary Neal,1610612737,ATL,32.0,1,12.7,1.0,0.0,1.0,0.0,0.0,0.0,0.0,0.0,0.0,0.0,0.0,0.0,0.0,0.0,0.0,0.0,0.0,0.0,0.0,0.0,0.0,2016-17
1627780,Gary Payton II,1610612749,MIL,24.0,5,19.7,4.2,2.6,1.6,1.6,0.0,0.4,0.8,0.0,0.0,0.4,0.0,0.0,0.0,0.0,0.0,0.0,0.0,0.0,0.0,0.0,0.0,2016-17
201588,George Hill,1610612762,UTA,31.0,49,31.5,7.18,4.06,3.12,2.08,0.12,0.16,0.33,0.0,0.0,0.82,0.0,0.0,0.0,0.0,0.0,0.0,0.0,0.0,0.0,0.0,0.0,2016-17
1627777,Georges Niang,1610612754,IND,24.0,16,5.0,1.44,0.81,0.63,0.38,0.06,0.31,0.69,0.0,0.0,0.06,0.0,0.0,0.0,0.0,0.0,0.0,0.0,0.0,0.0,0.0,0.0,2016-17
1627834,Georgios Papagiannis,1610612758,SAC,19.0,20,17.6,7.75,6.7,1.05,0.2,0.0,2.15,4.75,0.0,0.0,0.3,0.0,0.0,0.0,0.0,0.0,0.0,0.0,0.0,0.0,0.0,0.0,2016-17
101123,Gerald Green,1610612738,BOS,31.0,44,11.7,3.41,1.8,1.61,0.55,0.0,0.11,0.25,0.0,0.0,0.34,0.0,0.0,0.0,0.0,0.0,0.0,0.0,0.0,0.0,0.0,0.0,2016-17
201945,Gerald Henderson,1610612755,PHI,29.0,71,23.4,4.69,2.34,2.35,1.2,0.1,0.11,0.25,0.0,0.0,0.7,0.0,0.0,0.0,0.0,0.0,0.0,0.0,0.0,0.0,0.0,0.0,2016-17
203507,Giannis Antetokounmpo,1610612749,MIL,22.0,80,35.6,9.98,6.6,3.38,2.73,0.03,1.13,2.69,0.0,0.0,1.44,0.0,0.0,0.0,0.0,0.0,0.0,0.0,0.0,0.0,0.0,0.0,2016-17
203922,Glenn Robinson III,1610612754,IND,23.0,67,21.1,5.42,2.97,2.45,1.07,0.01,0.07,0.18,0.0,0.0,0.51,0.0,0.0,0.0,0.0,0.0,0.0,0.0,0.0,0.0,0.0,0.0,2016-17
201609,Goran Dragic,1610612748,MIA,31.0,73,33.7,6.12,3.86,2.26,2.04,0.05,0.42,0.92,0.0,0.0,1.08,0.0,0.0,0.0,0.0,0.0,0.0,0.0,0.0,0.0,0.0,0.0,2016-17
202330,Gordon Hayward,1610612762,UTA,27.0,73,34.5,5.62,3.82,1.79,1.74,0.01,0.34,0.75,0.0,0.0,1.14,0.0,0.0,0.0,0.0,0.0,0.0,0.0,0.0,0.0,0.0,0.0,2016-17
203476,Gorgui Dieng,1610612750,MIN,27.0,82,32.4,13.26,10.41,2.84,2.6,0.26,3.28,7.38,0.0,0.0,0.96,0.0,0.0,0.0,0.0,0.0,0.0,0.0,0.0,0.0,0.0,0.0,2016-17
202328,Greg Monroe,1610612749,MIL,27.0,80,22.8,6.85,5.56,1.29,2.19,0.23,1.59,3.51,0.0,0.0,0.84,0.0,0.0,0.0,0.0,0.0,0.0,0.0,0.0,0.0,0.0,0.0,2016-17
202349,Greivis Vasquez,1610612751,BKN,30.0,3,12.9,2.0,1.67,0.33,0.33,0.0,0.0,0.0,0.0,0.0,0.33,0.0,0.0,0.0,0.0,0.0,0.0,0.0,0.0,0.0,0.0,0.0,2016-17
203084,Harrison Barnes,1610612742,DAL,25.0,79,35.5,8.57,5.43,3.14,1.71,0.0,1.61,3.9,0.0,0.0,0.91,0.0,0.0,0.0,0.0,0.0,0.0,0.0,0.0,0.0,0.0,0.0,2016-17
202355,Hassan Whiteside,1610612748,MIA,28.0,77,32.6,11.14,9.79,1.35,1.52,0.01,3.23,6.95,0.0,0.0,0.83,0.0,0.0,0.0,0.0,0.0,0.0,0.0,0.0,0.0,0.0,0.0,2016-17
1627740,Henry Ellenson,1610612765,DET,20.0,14,9.2,3.71,1.79,1.93,0.14,0.0,0.64,1.43,0.0,0.0,0.14,0.0,0.0,0.0,0.0,0.0,0.0,0.0,0.0,0.0,0.0,0.0,2016-17
203138,Hollis Thompson,1610612740,NOP,26.0,39,19.2,4.13,2.41,1.72,0.97,0.0,0.13,0.33,0.0,0.0,0.33,0.0,0.0,0.0,0.0,0.0,0.0,0.0,0.0,0.0,0.0,0.0,2016-17
203546,Ian Clark,1610612744,GSW,26.0,76,14.9,2.83,1.34,1.49,1.0,0.0,0.22,0.53,0.0,0.0,0.37,0.0,0.0,0.0,0.0,0.0,0.0,0.0,0.0,0.0,0.0,0.0,2016-17
101133,Ian Mahinmi,1610612764,WAS,30.0,31,17.9,8.13,6.55,1.58,2.29,0.06,2.55,5.74,0.0,0.0,0.65,0.0,0.0,0.0,0.0,0.0,0.0,0.0,0.0,0.0,0.0,0.0,2016-17
202697,Iman Shumpert,1610612739,CLE,27.0,76,25.5,5.46,2.8,2.66,1.89,0.0,0.43,1.05,0.0,0.0,0.53,0.0,0.0,0.0,0.0,0.0,0.0,0.0,0.0,0.0,0.0,0.0,2016-17
203477,Isaiah Canaan,1610612741,CHI,26.0,32,18.0,2.69,1.47,1.22,1.13,0.06,0.13,0.31,0.0,0.0,0.56,0.0,0.0,0.0,0.0,0.0,0.0,0.0,0.0,0.0,0.0,0.0,2016-17
1627819,Isaiah Taylor,1610612745,HOU,22.0,3,17.0,3.33,2.0,1.33,0.33,0.0,0.0,0.0,0.0,0.0,0.0,0.0,0.0,0.0,0.0,0.0,0.0,0.0,0.0,0.0,0.0,0.0,2016-17
202738,Isaiah Thomas,1610612738,BOS,28.0,76,33.8,4.97,2.57,2.41,1.54,0.05,0.42,0.93,0.0,0.0,1.12,0.0,0.0,0.0,0.0,0.0,0.0,0.0,0.0,0.0,0.0,0.0,2016-17
1627785,Isaiah Whitehead,1610612751,BKN,22.0,73,22.5,6.03,3.73,2.3,1.53,0.16,0.14,0.3,0.0,0.0,0.56,0.0,0.0,0.0,0.0,0.0,0.0,0.0,0.0,0.0,0.0,0.0,2016-17
202397,Ish Smith,1610612765,DET,28.0,80,24.2,5.3,3.31,1.99,1.54,0.1,0.29,0.69,0.0,0.0,0.89,0.0,0.0,0.0,0.0,0.0,0.0,0.0,0.0,0.0,0.0,0.0,2016-17
1627826,Ivica Zubac,1610612747,LAL,20.0,36,16.8,8.97,7.58,1.39,0.61,0.0,2.31,5.17,0.0,0.0,0.39,0.0,0.0,0.0,0.0,0.0,0.0,0.0,0.0,0.0,0.0,0.0,2016-17
200826,J.J. Barea,1610612742,DAL,33.0,33,22.4,2.94,1.3,1.64,0.55,0.06,0.18,0.42,0.0,0.0,0.73,0.0,0.0,0.0,0.0,0.0,0.0,0.0,0.0,0.0,0.0,0.0,2016-17
200755,JJ Redick,1610612746,LAC,33.0,77,28.2,4.35,2.78,1.57,1.4,0.08,0.39,0.86,0.0,0.0,0.58,0.0,0.0,0.0,0.0,0.0,0.0,0.0,0.0,0.0,0.0,0.0,2016-17
2747,JR Smith,1610612739,CLE,31.0,40,29.0,5.45,2.58,2.88,2.13,0.05,0.58,1.3,0.0,0.0,0.78,0.0,0.0,0.0,0.0,0.0,0.0,0.0,0.0,0.0,0.0,0.0,2016-17
203210,JaMychal Green,1610612763,MEM,27.0,77,27.3,7.45,4.35,3.1,1.47,0.16,1.0,2.43,0.0,0.0,0.53,0.0,0.0,0.0,0.0,0.0,0.0,0.0,0.0,0.0,0.0,0.0,2016-17
201580,JaVale McGee,1610612744,GSW,29.0,75,9.7,5.21,4.35,0.87,0.35,0.0,0.89,2.04,0.0,0.0,0.23,0.0,0.0,0.0,0.0,0.0,0.0,0.0,0.0,0.0,0.0,0.0,2016-17
203953,Jabari Parker,1610612749,MIL,22.0,51,33.9,9.27,4.61,4.67,2.04,0.0,0.59,1.29,0.0,0.0,1.2,0.0,0.0,0.0,0.0,0.0,0.0,0.0,0.0,0.0,0.0,0.0,2016-17
203109,Jae Crowder,1610612738,BOS,26.0,72,32.4,7.11,3.51,3.6,2.47,0.06,0.76,1.86,0.0,0.0,0.92,0.0,0.0,0.0,0.0,0.0,0.0,0.0,0.0,0.0,0.0,0.0,2016-17
1626143,Jahlil Okafor,1610612755,PHI,21.0,50,22.7,10.14,8.72,1.42,0.7,0.02,1.24,2.78,0.0,0.0,0.72,0.0,0.0,0.0,0.0,0.0,0.0,0.0,0.0,0.0,0.0,0.0,2016-17
1627774,Jake Layman,1610612757,POR,23.0,27,8.2,1.74,0.96,0.78,0.67,0.04,0.0,0.0,0.0,0.0,0.33,0.0,0.0,0.0,0.0,0.0,0.0,0.0,0.0,0.0,0.0,0.0,2016-17
1627751,Jakob Poeltl,1610612761,TOR,21.0,52,11.9,4.38,3.75,0.63,0.73,0.02,1.96,4.25,0.0,0.0,0.33,0.0,0.0,0.0,0.0,0.0,0.0,0.0,0.0,0.0,0.0,0.0,2016-17
2037,Jamal Crawford,1610612746,LAC,37.0,79,26.3,2.67,1.46,1.22,1.53,0.0,0.1,0.22,0.0,0.0,0.56,0.0,0.0,0.0,0.0,0.0,0.0,0.0,0.0,0.0,0.0,0.0,2016-17
1627750,Jamal Murray,1610612743,DEN,20.0,82,21.5,5.6,3.34,2.26,1.15,0.06,0.1,0.21,0.0,0.0,0.74,0.0,0.0,0.0,0.0,0.0,0.0,0.0,0.0,0.0,0.0,0.0,2016-17
2749,Jameer Nelson,1610612743,DEN,35.0,75,27.3,4.68,2.52,2.16,1.21,0.07,0.24,0.51,0.0,0.0,0.76,0.0,0.0,0.0,0.0,0.0,0.0,0.0,0.0,0.0,0.0,0.0,2016-17
203516,James Ennis III,1610612763,MEM,26.0,63,23.8,5.6,3.16,2.44,1.51,0.03,0.38,0.9,0.0,0.0,0.83,0.0,0.0,0.0,0.0,0.0,0.0,0.0,0.0,0.0,0.0,0.0,2016-17
201935,James Harden,1610612745,HOU,27.0,81,36.4,8.22,4.54,3.68,2.93,0.11,0.54,1.32,0.0,0.0,1.15,0.0,0.0,0.0,0.0,0.0,0.0,0.0,0.0,0.0,0.0,0.0,2016-17
201949,James Johnson,1610612748,MIA,30.0,76,27.4,9.28,6.08,3.2,2.17,0.05,2.04,4.66,0.0,0.0,0.79,0.0,0.0,0.0,0.0,0.0,0.0,0.0,0.0,0.0,0.0,0.0,2016-17
2592,James Jones,1610612739,CLE,36.0,36,9.9,2.25,1.36,0.89,0.39,0.03,0.75,1.72,0.0,0.0,0.17,0.0,0.0,0.0,0.0,0.0,0.0,0.0,0.0,0.0,0.0,0.0,2016-17
203949,James Michael McAdoo,1610612744,GSW,24.0,47,9.3,4.3,3.28,1.02,0.62,0.02,1.19,2.64,0.0,0.0,0.13,0.0,0.0,0.0,0.0,0.0,0.0,0.0,0.0,0.0,0.0,0.0,2016-17
203923,James Young,1610612738,BOS,21.0,22,8.8,2.23,0.77,1.45,0.59,0.0,0.05,0.09,0.0,0.0,0.36,0.0,0.0,0.0,0.0,0.0,0.0,0.0,0.0,0.0,0.0,0.0,2016-17
201162,Jared Dudley,1610612756,PHX,31.0,64,21.3,6.47,4.47,2.0,1.5,0.22,1.22,2.7,0.0,0.0,0.42,0.0,0.0,0.0,0.0,0.0,0.0,0.0,0.0,0.0,0.0,0.0,2016-17
203096,Jared Sullinger,1610612761,TOR,25.0,11,10.7,4.18,3.18,1.0,0.82,0.0,1.0,2.27,0.0,0.0,0.45,0.0,0.0,0.0,0.0,0.0,0.0,0.0,0.0,0.0,0.0,0.0,2016-17
204067,Jarell Eddie,1610612756,PHX,25.0,5,12.5,3.8,2.0,1.8,0.4,0.0,0.0,0.0,0.0,0.0,0.6,0.0,0.0,0.0,0.0,0.0,0.0,0.0,0.0,0.0,0.0,0.0,2016-17
1626185,Jarell Martin,1610612763,MEM,23.0,40,13.8,4.3,2.9,1.4,0.88,0.1,0.68,1.58,0.0,0.0,0.38,0.0,0.0,0.0,0.0,0.0,0.0,0.0,0.0,0.0,0.0,0.0,2016-17
203950,Jarnell Stokes,1610612743,DEN,23.0,1,5.7,2.0,2.0,0.0,0.0,0.0,2.0,5.0,0.0,0.0,1.0,0.0,0.0,0.0,0.0,0.0,0.0,0.0,0.0,0.0,0.0,0.0,2016-17
101127,Jarrett Jack,1610612740,NOP,33.0,2,16.5,4.5,3.0,1.5,1.5,0.5,0.0,0.0,0.0,0.0,0.5,0.0,0.0,0.0,0.0,0.0,0.0,0.0,0.0,0.0,0.0,0.0,2016-17
1627784,Jarrod Uthoff,1610612742,DAL,24.0,7,16.0,4.29,2.0,2.29,1.14,0.0,0.14,0.29,0.0,0.0,0.43,0.0,0.0,0.0,0.0,0.0,0.0,0.0,0.0,0.0,0.0,0.0,2016-17
201160,Jason Smith,1610612764,WAS,31.0,74,14.4,6.18,4.5,1.68,0.57,0.03,1.54,3.26,0.0,0.0,0.31,0.0,0.0,0.0,0.0,0.0,0.0,0.0,0.0,0.0,0.0,0.0,2016-17
1891,Jason Terry,1610612749,MIL,39.0,73,18.6,4.11,1.75,2.36,1.18,0.0,0.45,0.97,0.0,0.0,0.52,0.0,0.0,0.0,0.0,0.0,0.0,0.0,0.0,0.0,0.0,0.0,2016-17
1627759,Jaylen Brown,1610612738,BOS,20.0,76,17.3,4.21,2.38,1.83,1.03,0.0,0.18,0.49,0.0,0.0,0.46,0.0,0.0,0.0,0.0,0.0,0.0,0.0,0.0,0.0,0.0,0.0,2016-17
201145,Jeff Green,1610612753,ORL,30.0,69,22.2,6.36,3.77,2.59,1.03,0.09,0.65,1.54,0.0,0.0,0.51,0.0,0.0,0.0,0.0,0.0,0.0,0.0,0.0,0.0,0.0,0.0,2016-17
201952,Jeff Teague,1610612754,IND,29.0,82,32.4,5.91,2.99,2.93,2.61,0.16,0.52,1.17,0.0,0.0,1.1,0.0,0.0,0.0,0.0,0.0,0.0,0.0,0.0,0.0,0.0,0.0,2016-17
203481,Jeff Withey,1610612762,UTA,27.0,47,9.1,5.51,5.0,0.51,0.47,0.0,1.62,3.83,0.0,0.0,0.21,0.0,0.0,0.0,0.0,0.0,0.0,0.0,0.0,0.0,0.0,0.0,2016-17
203924,Jerami Grant,1610612760,OKC,23.0,78,19.6,5.94,4.14,1.79,0.99,0.06,0.4,0.91,0.0,0.0,0.33,0.0,0.0,0.0,0.0,0.0,0.0,0.0,0.0,0.0,0.0,0.0,2016-17
203087,Jeremy Lamb,1610612766,CHA,25.0,61,18.6,5.02,2.54,2.48,1.05,0.03,0.08,0.18,0.0,0.0,0.44,0.0,0.0,0.0,0.0,0.0,0.0,0.0,0.0,0.0,0.0,0.0,2016-17
202391,Jeremy Lin,1610612751,BKN,28.0,36,24.5,6.53,4.81,1.72,2.0,0.22,0.36,0.92,0.0,0.0,1.36,0.0,0.0,0.0,0.0,0.0,0.0,0.0,0.0,0.0,0.0,0.0,2016-17
1626170,Jerian Grant,1610612741,CHI,24.0,59,17.0,3.83,2.1,1.73,1.39,0.03,0.1,0.22,0.0,0.0,0.51,0.0,0.0,0.0,0.0,0.0,0.0,0.0,0.0,0.0,0.0,0.0,2016-17
201573,Jerryd Bayless,1610612755,PHI,28.0,3,23.8,3.33,2.33,1.0,0.67,0.0,0.0,0.0,0.0,0.0,0.0,0.0,0.0,0.0,0.0,0.0,0.0,0.0,0.0,0.0,0.0,0.0,2016-17
202710,Jimmy Butler III,1610612741,CHI,27.0,76,37.0,5.54,2.92,2.62,3.59,0.09,0.43,0.92,0.0,0.0,1.36,0.0,0.0,0.0,0.0,0.0,0.0,0.0,0.0,0.0,0.0,0.0,2016-17
201149,Joakim Noah,1610612752,NYK,32.0,46,22.1,8.02,6.7,1.33,1.15,0.04,3.72,7.98,0.0,0.0,0.43,0.0,0.0,0.0,0.0,0.0,0.0,0.0,0.0,0.0,0.0,0.0,2016-17
201975,Jodie Meeks,1610612753,ORL,29.0,36,20.5,3.92,2.03,1.89,1.78,0.08,0.14,0.28,0.0,0.0,0.58,0.0,0.0,0.0,0.0,0.0,0.0,0.0,0.0,0.0,0.0,0.0,2016-17
203925,Joe Harris,1610612751,BKN,25.0,52,21.9,6.0,3.73,2.27,0.96,0.0,0.17,0.4,0.0,0.0,0.54,0.0,0.0,0.0,0.0,0.0,0.0,0.0,0.0,0.0,0.0,0.0,2016-17
204060,Joe Ingles,1610612762,UTA,29.0,80,24.4,4.39,2.06,2.33,2.33,0.0,0.26,0.59,0.0,0.0,0.86,0.0,0.0,0.0,0.0,0.0,0.0,0.0,0.0,0.0,0.0,0.0,2016-17
2207,Joe Johnson,1610612762,UTA,36.0,78,23.6,4.33,1.95,2.38,0.9,0.0,0.27,0.63,0.0,0.0,0.49,0.0,0.0,0.0,0.0,0.0,0.0,0.0,0.0,0.0,0.0,0.0,2016-17
1626202,Joe Young,1610612754,IND,25.0,16,6.5,1.38,0.75,0.63,0.69,0.06,0.0,0.0,0.0,0.0,0.25,0.0,0.0,0.0,0.0,0.0,0.0,0.0,0.0,0.0,0.0,0.0,2016-17
201202,Joel Anthony,1610612759,SAS,34.0,12,8.7,4.33,3.83,0.5,0.33,0.17,0.67,1.42,0.0,0.0,0.25,0.0,0.0,0.0,0.0,0.0,0.0,0.0,0.0,0.0,0.0,0.0,2016-17
1627762,Joel Bolomboy,1610612762,UTA,23.0,8,5.6,2.63,2.13,0.5,0.13,0.0,0.38,1.0,0.0,0.0,0.13,0.0,0.0,0.0,0.0,0.0,0.0,0.0,0.0,0.0,0.0,0.0,2016-17
203954,Joel Embiid,1610612755,PHI,23.0,31,25.4,12.16,10.29,1.87,2.0,0.03,2.19,4.94,0.0,0.0,0.65,0.0,0.0,0.0,0.0,0.0,0.0,0.0,0.0,0.0,0.0,0.0,2016-17
203530,Joffrey Lauvergne,1610612741,CHI,25.0,68,14.3,4.15,2.88,1.26,0.51,0.13,1.19,2.57,0.0,0.0,0.38,0.0,0.0,0.0,0.0,0.0,0.0,0.0,0.0,0.0,0.0,0.0,2016-17
203089,John Henson,1610612749,MIL,26.0,57,19.6,8.26,7.04,1.23,1.21,0.02,1.98,4.32,0.0,0.0,0.4,0.0,0.0,0.0,0.0,0.0,0.0,0.0,0.0,0.0,0.0,0.0,2016-17
203098,John Jenkins,1610612756,PHX,26.0,2,3.0,1.0,0.5,0.5,0.0,0.0,0.0,0.0,0.0,0.0,0.5,0.0,0.0,0.0,0.0,0.0,0.0,0.0,0.0,0.0,0.0,0.0,2016-17
101249,John Lucas III,1610612750,MIN,34.0,1,6.3,0.0,0.0,0.0,4.0,0.0,0.0,0.0,0.0,0.0,1.0,0.0,0.0,0.0,0.0,0.0,0.0,0.0,0.0,0.0,0.0,0.0,2016-17
202322,John Wall,1610612764,WAS,26.0,78,36.4,5.51,3.6,1.91,3.9,0.06,0.1,0.23,0.0,0.0,1.67,0.0,0.0,0.0,0.0,0.0,0.0,0.0,0.0,0.0,0.0,0.0,2016-17
203948,Johnny O'Bryant III,1610612766,CHA,24.0,8,9.7,2.0,1.5,0.5,0.25,0.0,0.88,2.0,0.0,0.0,0.38,0.0,0.0,0.0,0.0,0.0,0.0,0.0,0.0,0.0,0.0,0.0,2016-17
202720,Jon Leuer,1610612765,DET,28.0,74,26.2,8.41,6.22,2.19,0.81,0.01,1.73,3.81,0.0,0.0,0.59,0.0,0.0,0.0,0.0,0.0,0.0,0.0,0.0,0.0,0.0,0.0,2016-17
201973,Jonas Jerebko,1610612738,BOS,30.0,78,15.8,4.6,3.23,1.37,0.73,0.08,0.58,1.36,0.0,0.0,0.33,0.0,0.0,0.0,0.0,0.0,0.0,0.0,0.0,0.0,0.0,0.0,2016-17
202685,Jonas Valanciunas,1610612761,TOR,25.0,80,25.8,9.99,8.93,1.06,0.86,0.03,3.64,7.75,0.0,0.0,0.68,0.0,0.0,0.0,0.0,0.0,0.0,0.0,0.0,0.0,0.0,0.0,2016-17
1626780,Jonathan Gibson,1610612742,DAL,29.0,12,18.3,3.42,1.25,2.17,1.0,0.17,0.08,0.25,0.0,0.0,0.67,0.0,0.0,0.0,0.0,0.0,0.0,0.0,0.0,0.0,0.0,0.0,2016-17
203613,Jonathon Simmons,1610612759,SAS,27.0,76,18.2,3.26,1.74,1.53,1.18,0.11,0.17,0.37,0.0,0.0,0.47,0.0,0.0,0.0,0.0,0.0,0.0,0.0,0.0,0.0,0.0,0.0,2016-17
203903,Jordan Clarkson,1610612747,LAL,25.0,81,29.5,5.79,2.86,2.93,1.98,0.01,0.16,0.37,0.0,0.0,1.11,0.0,0.0,0.0,0.0,0.0,0.0,0.0,0.0,0.0,0.0,0.0,2016-17
202348,Jordan Crawford,1610612740,NOP,28.0,19,23.3,3.05,1.53,1.53,1.26,0.0,0.05,0.11,0.0,0.0,0.74,0.0,0.0,0.0,0.0,0.0,0.0,0.0,0.0,0.0,0.0,0.0,2016-17
200770,Jordan Farmar,1610612758,SAC,30.0,2,17.7,4.5,3.5,1.0,1.0,0.0,0.5,1.0,0.0,0.0,1.0,0.0,0.0,0.0,0.0,0.0,0.0,0.0,0.0,0.0,0.0,0.0,2016-17
201941,Jordan Hill,1610612750,MIN,29.0,5,8.2,3.8,2.8,1.0,0.4,0.0,0.6,1.2,0.0,0.0,0.0,0.0,0.0,0.0,0.0,0.0,0.0,0.0,0.0,0.0,0.0,0.0,2016-17
203895,Jordan McRae,1610612739,CLE,26.0,28,12.9,3.43,2.11,1.32,0.61,0.0,0.11,0.21,0.0,0.0,0.14,0.0,0.0,0.0,0.0,0.0,0.0,0.0,0.0,0.0,0.0,0.0,2016-17
1626175,Jordan Mickey,1610612738,BOS,22.0,21,6.6,2.67,2.0,0.67,0.43,0.0,0.76,1.62,0.0,0.0,0.33,0.0,0.0,0.0,0.0,0.0,0.0,0.0,0.0,0.0,0.0,0.0,2016-17
101181,Jose Calderon,1610612737,ATL,35.0,37,13.7,2.73,1.19,1.54,1.11,0.05,0.14,0.32,0.0,0.0,0.59,0.0,0.0,0.0,0.0,0.0,0.0,0.0,0.0,0.0,0.0,0.0,2016-17
203962,Josh Huestis,1610612760,OKC,25.0,2,15.4,8.5,6.0,2.5,0.5,0.0,0.0,0.0,0.0,0.0,1.5,0.0,0.0,0.0,0.0,0.0,0.0,0.0,0.0,0.0,0.0,0.0,2016-17
201177,Josh McRoberts,1610612748,MIA,30.0,22,17.3,4.86,3.64,1.23,1.09,0.0,1.73,3.73,0.0,0.0,0.5,0.0,0.0,0.0,0.0,0.0,0.0,0.0,0.0,0.0,0.0,0.0,2016-17
1626196,Josh Richardson,1610612748,MIA,23.0,53,30.5,7.51,5.02,2.49,2.45,0.0,0.34,0.81,0.0,0.0,1.04,0.0,0.0,0.0,0.0,0.0,0.0,0.0,0.0,0.0,0.0,0.0,2016-17
201950,Jrue Holiday,1610612740,NOP,27.0,67,32.7,7.58,3.6,3.99,3.19,0.04,0.18,0.36,0.0,0.0,1.21,0.0,0.0,0.0,0.0,0.0,0.0,0.0,0.0,0.0,0.0,0.0,2016-17
1627823,Juancho Hernangomez,1610612743,DEN,21.0,53,15.4,5.55,3.6,1.94,0.79,0.0,0.34,0.79,0.0,0.0,0.55,0.0,0.0,0.0,0.0,0.0,0.0,0.0,0.0,0.0,0.0,0.0,2016-17
203944,Julius Randle,1610612747,LAL,22.0,74,28.8,9.43,6.59,2.84,1.34,0.0,3.04,7.51,0.0,0.0,1.01,0.0,0.0,0.0,0.0,0.0,0.0,0.0,0.0,0.0,0.0,0.0,2016-17
1626147,Justin Anderson,1610612755,PHI,23.0,69,17.5,4.07,2.48,1.59,1.09,0.07,0.14,0.36,0.0,0.0,0.57,0.0,0.0,0.0,0.0,0.0,0.0,0.0,0.0,0.0,0.0,0.0,2016-17
203120,Justin Hamilton,1610612751,BKN,27.0,63,18.6,9.97,8.1,1.87,0.94,0.03,1.44,3.29,0.0,0.0,0.32,0.0,0.0,0.0,0.0,0.0,0.0,0.0,0.0,0.0,0.0,0.0,2016-17
202712,Justin Harper,1610612755,PHI,27.0,2,13.3,7.0,4.5,2.5,0.5,0.0,1.0,2.5,0.0,0.0,1.0,0.0,0.0,0.0,0.0,0.0,0.0,0.0,0.0,0.0,0.0,0.0,2016-17
203200,Justin Holiday,1610612752,NYK,28.0,82,20.0,5.15,2.94,2.21,1.51,0.02,0.15,0.32,0.0,0.0,0.76,0.0,0.0,0.0,0.0,0.0,0.0,0.0,0.0,0.0,0.0,0.0,2016-17
1626159,Justise Winslow,1610612748,MIA,21.0,18,34.7,9.39,6.5,2.89,2.33,0.0,1.06,2.28,0.0,0.0,0.67,0.0,0.0,0.0,0.0,0.0,0.0,0.0,0.0,0.0,0.0,0.0,2016-17
203994,Jusuf Nurkić,1610612757,POR,22.0,65,21.4,8.92,7.89,1.03,1.94,0.0,2.94,6.65,0.0,0.0,0.54,0.0,0.0,0.0,0.0,0.0,0.0,0.0,0.0,0.0,0.0,0.0,2016-17
203909,KJ McDaniels,1610612751,BKN,24.0,38,12.4,3.21,1.87,1.34,0.68,0.0,0.05,0.13,0.0,0.0,0.42,0.0,0.0,0.0,0.0,0.0,0.0,0.0,0.0,0.0,0.0,0.0,2016-17
1626157,Karl-Anthony Towns,1610612750,MIN,21.0,82,37.0,13.34,10.13,3.21,1.15,0.0,2.89,6.29,0.0,0.0,1.0,0.0,0.0,0.0,0.0,0.0,0.0,0.0,0.0,0.0,0.0,0.0,2016-17
202695,Kawhi Leonard,1610612759,SAS,26.0,74,33.4,6.69,4.3,2.39,3.39,0.0,0.39,0.88,0.0,0.0,1.39,0.0,0.0,0.0,0.0,0.0,0.0,0.0,0.0,0.0,0.0,0.0,2016-17
1627770,Kay Felder,1610612739,CLE,22.0,36,10.3,2.5,1.19,1.31,0.92,0.0,0.17,0.39,0.0,0.0,0.25,0.0,0.0,0.0,0.0,0.0,0.0,0.0,0.0,0.0,0.0,0.0,2016-17
203482,Kelly Olynyk,1610612738,BOS,26.0,75,20.5,8.52,5.79,2.73,1.33,0.19,1.51,3.53,0.0,0.0,0.6,0.0,0.0,0.0,0.0,0.0,0.0,0.0,0.0,0.0,0.0,0.0,2016-17
1626162,Kelly Oubre Jr.,1610612764,WAS,21.0,78,20.6,4.68,2.47,2.21,2.51,0.08,0.24,0.55,0.0,0.0,0.82,0.0,0.0,0.0,0.0,0.0,0.0,0.0,0.0,0.0,0.0,0.0,2016-17
202689,Kemba Walker,1610612766,CHA,27.0,79,34.7,7.39,3.68,3.71,2.19,0.35,0.27,0.63,0.0,0.0,1.16,0.0,0.0,0.0,0.0,0.0,0.0,0.0,0.0,0.0,0.0,0.0,2016-17
202702,Kenneth Faried,1610612743,DEN,27.0,60,21.5,6.68,5.0,1.68,1.28,0.33,1.82,4.2,0.0,0.0,0.73,0.0,0.0,0.0,0.0,0.0,0.0,0.0,0.0,0.0,0.0,0.0,2016-17
203145,Kent Bazemore,1610612737,ATL,27.0,73,26.9,6.19,3.7,2.49,2.7,0.1,0.32,0.73,0.0,0.0,0.66,0.0,0.0,0.0,0.0,0.0,0.0,0.0,0.0,0.0,0.0,0.0,2016-17
203484,Kentavious Caldwell-Pope,1610612765,DET,24.0,76,33.3,4.51,2.38,2.13,2.28,0.07,0.07,0.14,0.0,0.0,1.01,0.0,0.0,0.0,0.0,0.0,0.0,0.0,0.0,0.0,0.0,0.0,2016-17
201142,Kevin Durant,1610612744,GSW,28.0,61,33.9,9.82,6.34,3.48,2.23,0.05,1.03,2.36,0.0,0.0,0.92,0.0,0.0,0.0,0.0,0.0,0.0,0.0,0.0,0.0,0.0,0.0,2016-17
201567,Kevin Love,1610612739,CLE,28.0,60,31.4,7.87,5.37,2.5,1.57,0.12,1.13,2.73,0.0,0.0,1.17,0.0,0.0,0.0,0.0,0.0,0.0,0.0,0.0,0.0,0.0,0.0,2016-17
202338,Kevin Seraphin,1610612754,IND,27.0,45,12.3,5.02,3.49,1.53,0.4,0.0,1.33,2.98,0.0,0.0,0.27,0.0,0.0,0.0,0.0,0.0,0.0,0.0,0.0,0.0,0.0,0.0,2016-17
1626172,Kevon Looney,1610612744,GSW,21.0,50,8.8,4.4,3.04,1.36,0.38,0.04,0.72,1.66,0.0,0.0,0.24,0.0,0.0,0.0,0.0,0.0,0.0,0.0,0.0,0.0,0.0,0.0,2016-17
203114,Khris Middleton,1610612749,MIL,25.0,29,30.7,6.34,2.69,3.66,3.03,0.24,0.38,0.93,0.0,0.0,0.79,0.0,0.0,0.0,0.0,0.0,0.0,0.0,0.0,0.0,0.0,0.0,2016-17
202691,Klay Thompson,1610612744,GSW,27.0,78,34.0,7.13,4.45,2.68,1.45,0.0,0.54,1.22,0.0,0.0,0.97,0.0,0.0,0.0,0.0,0.0,0.0,0.0,0.0,0.0,0.0,0.0,2016-17
201585,Kosta Koufos,1610612758,SAC,28.0,71,20.0,7.73,6.48,1.25,1.08,0.0,1.82,3.92,0.0,0.0,0.34,0.0,0.0,0.0,0.0,0.0,0.0,0.0,0.0,0.0,0.0,0.0,2016-17
1627739,Kris Dunn,1610612750,MIN,23.0,78,17.1,4.13,2.5,1.63,2.19,0.0,0.08,0.17,0.0,0.0,0.68,0.0,0.0,0.0,0.0,0.0,0.0,0.0,0.0,0.0,0.0,0.0,2016-17
2743,Kris Humphries,1610612737,ATL,32.0,53,12.8,4.36,3.66,0.7,0.64,0.0,1.53,3.38,0.0,0.0,0.3,0.0,0.0,0.0,0.0,0.0,0.0,0.0,0.0,0.0,0.0,0.0,2016-17
204001,Kristaps Porziņģis,1610612752,NYK,21.0,66,32.8,15.41,11.36,4.05,1.47,0.0,2.08,4.33,0.0,0.0,0.92,0.0,0.0,0.0,0.0,0.0,0.0,0.0,0.0,0.0,0.0,0.0,2016-17
203937,Kyle Anderson,1610612759,SAS,23.0,63,15.9,3.54,2.21,1.33,1.44,0.02,0.16,0.35,0.0,0.0,0.54,0.0,0.0,0.0,0.0,0.0,0.0,0.0,0.0,0.0,0.0,0.0,2016-17
2594,Kyle Korver,1610612739,CLE,36.0,67,26.2,5.61,3.43,2.18,1.13,0.16,0.52,1.18,0.0,0.0,0.55,0.0,0.0,0.0,0.0,0.0,0.0,0.0,0.0,0.0,0.0,0.0,2016-17
200768,Kyle Lowry,1610612761,TOR,31.0,60,37.4,5.9,3.07,2.83,3.72,0.25,0.75,1.6,0.0,0.0,1.2,0.0,0.0,0.0,0.0,0.0,0.0,0.0,0.0,0.0,0.0,0.0,2016-17
203124,Kyle O'Quinn,1610612752,NYK,27.0,79,15.6,7.1,5.85,1.25,0.84,0.01,1.37,2.89,0.0,0.0,0.56,0.0,0.0,0.0,0.0,0.0,0.0,0.0,0.0,0.0,0.0,0.0,2016-17
202713,Kyle Singler,1610612760,OKC,29.0,26,13.4,3.77,2.38,1.38,0.65,0.08,0.15,0.38,0.0,0.0,0.08,0.0,0.0,0.0,0.0,0.0,0.0,0.0,0.0,0.0,0.0,0.0,2016-17
1627787,Kyle Wiltjer,1610612745,HOU,24.0,11,3.6,1.45,1.0,0.45,0.27,0.0,0.09,0.18,0.0,0.0,0.0,0.0,0.0,0.0,0.0,0.0,0.0,0.0,0.0,0.0,0.0,0.0,2016-17
202681,Kyrie Irving,1610612739,CLE,25.0,72,35.1,5.04,2.92,2.13,2.56,0.04,0.58,1.35,0.0,0.0,1.29,0.0,0.0,0.0,0.0,0.0,0.0,0.0,0.0,0.0,0.0,0.0,2016-17
200746,LaMarcus Aldridge,1610612759,SAS,31.0,72,32.4,11.36,8.93,2.43,1.31,0.0,2.56,5.61,0.0,0.0,0.71,0.0,0.0,0.0,0.0,0.0,0.0,0.0,0.0,0.0,0.0,0.0,2016-17
203934,Lamar Patterson,1610612737,ATL,25.0,4,9.2,3.0,1.25,1.75,2.0,0.0,0.0,0.0,0.0,0.0,0.25,0.0,0.0,0.0,0.0,0.0,0.0,0.0,0.0,0.0,0.0,0.0,2016-17
202362,Lance Stephenson,1610612754,IND,26.0,16,21.6,3.44,1.5,1.94,1.13,0.0,0.19,0.5,0.0,0.0,0.88,0.0,0.0,0.0,0.0,0.0,0.0,0.0,0.0,0.0,0.0,0.0,2016-17
202498,Lance Thomas,1610612752,NYK,29.0,44,21.8,3.98,1.64,2.34,1.18,0.02,0.5,1.2,0.0,0.0,0.52,0.0,0.0,0.0,0.0,0.0,0.0,0.0,0.0,0.0,0.0,0.0,2016-17
204038,Langston Galloway,1610612758,SAC,25.0,71,20.8,4.21,2.01,2.2,1.51,0.03,0.14,0.32,0.0,0.0,0.63,0.0,0.0,0.0,0.0,0.0,0.0,0.0,0.0,0.0,0.0,0.0,2016-17
1626204,Larry Nance Jr.,1610612747,LAL,24.0,63,22.9,6.9,4.84,2.06,2.68,0.0,2.05,4.87,0.0,0.0,0.89,0.0,0.0,0.0,0.0,0.0,0.0,0.0,0.0,0.0,0.0,0.0,2016-17
202336,Larry Sanders,1610612739,CLE,28.0,5,2.5,1.4,1.4,0.0,0.2,0.0,0.2,0.4,0.0,0.0,0.2,0.0,0.0,0.0,0.0,0.0,0.0,0.0,0.0,0.0,0.0,0.0,2016-17
202730,Lavoy Allen,1610612754,IND,28.0,59,14.7,4.63,2.81,1.81,0.66,0.0,1.41,3.27,0.0,0.0,0.46,0.0,0.0,0.0,0.0,0.0,0.0,0.0,0.0,0.0,0.0,0.0,2016-17
2544,LeBron James,1610612739,CLE,32.0,74,37.8,6.93,3.72,3.22,2.26,0.11,0.7,1.7,0.0,0.0,1.12,0.0,0.0,0.0,0.0,0.0,0.0,0.0,0.0,0.0,0.0,0.0,2016-17
2571,Leandro Barbosa,1610612756,PHX,34.0,57,15.5,1.4,0.65,0.75,1.18,0.04,0.09,0.23,0.0,0.0,0.46,0.0,0.0,0.0,0.0,0.0,0.0,0.0,0.0,0.0,0.0,0.0,2016-17
101150,Lou Williams,1610612745,HOU,30.0,80,24.7,4.26,2.28,1.99,1.76,0.04,0.09,0.2,0.0,0.0,0.9,0.0,0.0,0.0,0.0,0.0,0.0,0.0,0.0,0.0,0.0,0.0,2016-17
201601,Luc Mbah a Moute,1610612746,LAC,30.0,80,22.3,6.65,4.63,2.03,1.94,0.03,0.58,1.33,0.0,0.0,0.7,0.0,0.0,0.0,0.0,0.0,0.0,0.0,0.0,0.0,0.0,0.0,2016-17
203512,Lucas Nogueira,1610612761,TOR,24.0,54,20.1,10.78,8.81,1.96,1.69,0.0,3.89,8.67,0.0,0.0,0.5,0.0,0.0,0.0,0.0,0.0,0.0,0.0,0.0,0.0,0.0,0.0,2016-17
2449,Luis Scola,1610612751,BKN,37.0,36,12.8,4.5,3.61,0.89,0.89,0.08,1.22,2.72,0.0,0.0,0.25,0.0,0.0,0.0,0.0,0.0,0.0,0.0,0.0,0.0,0.0,0.0,2016-17
202337,Luke Babbitt,1610612748,MIA,28.0,67,15.9,5.45,4.15,1.3,0.61,0.0,0.52,1.18,0.0,0.0,0.33,0.0,0.0,0.0,0.0,0.0,0.0,0.0,0.0,0.0,0.0,0.0,2016-17
2736,Luol Deng,1610612747,LAL,32.0,56,26.5,7.39,4.39,3.0,1.34,0.04,0.3,0.71,0.0,0.0,0.55,0.0,0.0,0.0,0.0,0.0,0.0,0.0,0.0,0.0,0.0,0.0,2016-17
1627781,Malachi Richardson,1610612758,SAC,21.0,21,9.4,2.19,0.57,1.62,0.43,0.05,0.1,0.24,0.0,0.0,0.24,0.0,0.0,0.0,0.0,0.0,0.0,0.0,0.0,0.0,0.0,0.0,2016-17
1627763,Malcolm Brogdon,1610612749,MIL,24.0,75,26.4,5.56,2.97,2.59,1.8,0.0,0.51,1.09,0.0,0.0,0.85,0.0,0.0,0.0,0.0,0.0,0.0,0.0,0.0,0.0,0.0,0.0,2016-17
1627098,Malcolm Delaney,1610612737,ATL,28.0,71,17.2,2.52,1.17,1.35,1.28,0.21,0.21,0.55,0.0,0.0,0.54,0.0,0.0,0.0,0.0,0.0,0.0,0.0,0.0,0.0,0.0,0.0,2016-17
1627736,Malik Beasley,1610612743,DEN,20.0,15,10.0,2.27,1.07,1.2,0.87,0.07,0.0,0.0,0.0,0.0,0.2,0.0,0.0,0.0,0.0,0.0,0.0,0.0,0.0,0.0,0.0,0.0,2016-17
202412,Manny Harris,1610612742,DAL,27.0,3,6.9,1.0,0.67,0.33,0.33,0.0,0.0,0.0,0.0,0.0,0.33,0.0,0.0,0.0,0.0,0.0,0.0,0.0,0.0,0.0,0.0,0.0,2016-17
1938,Manu Ginobili,1610612759,SAS,39.0,69,18.7,2.36,1.3,1.06,2.09,0.14,0.29,0.77,0.0,0.0,0.75,0.0,0.0,0.0,0.0,0.0,0.0,0.0,0.0,0.0,0.0,0.0,2016-17
201188,Marc Gasol,1610612763,MEM,32.0,74,34.2,9.74,7.99,1.76,1.68,0.05,3.03,7.04,0.0,0.0,0.7,0.0,0.0,0.0,0.0,0.0,0.0,0.0,0.0,0.0,0.0,0.0,2016-17
1626273,Marcelo Huertas,1610612747,LAL,34.0,21,11.2,2.52,1.48,1.05,0.95,0.0,0.19,0.48,0.0,0.0,0.43,0.0,0.0,0.0,0.0,0.0,0.0,0.0,0.0,0.0,0.0,0.0,2016-17
101162,Marcin Gortat,1610612764,WAS,33.0,82,31.2,11.05,9.5,1.55,1.01,0.2,6.17,13.63,0.0,0.0,0.55,0.0,0.0,0.0,0.0,0.0,0.0,0.0,0.0,0.0,0.0,0.0,2016-17
201158,Marco Belinelli,1610612766,CHA,31.0,74,24.0,5.08,1.97,3.11,1.23,0.01,0.11,0.22,0.0,0.0,0.42,0.0,0.0,0.0,0.0,0.0,0.0,0.0,0.0,0.0,0.0,0.0,2016-17
1627875,Marcus Georges-Hunt,1610612753,ORL,23.0,5,9.5,3.0,1.6,1.4,0.6,0.0,0.0,0.0,0.0,0.0,0.4,0.0,0.0,0.0,0.0,0.0,0.0,0.0,0.0,0.0,0.0,0.0,2016-17
202694,Marcus Morris Sr.,1610612765,DET,27.0,79,32.5,6.81,3.97,2.84,1.44,0.08,0.62,1.41,0.0,0.0,0.77,0.0,0.0,0.0,0.0,0.0,0.0,0.0,0.0,0.0,0.0,0.0,2016-17
203935,Marcus Smart,1610612738,BOS,23.0,79,30.4,6.54,3.23,3.32,2.96,0.29,0.35,0.84,0.0,0.0,0.95,0.0,0.0,0.0,0.0,0.0,0.0,0.0,0.0,0.0,0.0,0.0,2016-17
201977,Marcus Thornton,1610612764,WAS,30.0,32,17.6,2.47,0.91,1.56,1.06,0.0,0.13,0.25,0.0,0.0,0.59,0.0,0.0,0.0,0.0,0.0,0.0,0.0,0.0,0.0,0.0,0.0,2016-17
1626209,Mario Hezonja,1610612753,ORL,22.0,58,16.3,4.28,2.31,1.97,1.57,0.02,0.21,0.5,0.0,0.0,0.48,0.0,0.0,0.0,0.0,0.0,0.0,0.0,0.0,0.0,0.0,0.0,2016-17
202693,Markieff Morris,1610612764,WAS,27.0,76,31.2,9.18,6.47,2.71,2.11,0.04,1.58,3.46,0.0,0.0,0.84,0.0,0.0,0.0,0.0,0.0,0.0,0.0,0.0,0.0,0.0,0.0,2016-17
1627737,Marquese Chriss,1610612756,PHX,19.0,79,21.8,7.14,4.9,2.24,1.71,0.05,1.23,2.62,0.0,0.0,0.51,0.0,0.0,0.0,0.0,0.0,0.0,0.0,0.0,0.0,0.0,0.0,2016-17
201578,Marreese Speights,1610612746,LAC,29.0,82,15.7,5.62,4.52,1.1,0.62,0.41,1.16,2.52,0.0,0.0,0.26,0.0,0.0,0.0,0.0,0.0,0.0,0.0,0.0,0.0,0.0,0.0,2016-17
1627850,Marshall Plumlee,1610612752,NYK,24.0,16,10.1,5.5,3.94,1.56,0.56,0.0,1.5,3.56,0.0,0.0,0.56,0.0,0.0,0.0,0.0,0.0,0.0,0.0,0.0,0.0,0.0,0.0,2016-17
101107,Marvin Williams,1610612766,CHA,31.0,76,30.2,9.47,6.21,3.26,1.66,0.03,1.75,4.14,0.0,0.0,0.57,0.0,0.0,0.0,0.0,0.0,0.0,0.0,0.0,0.0,0.0,0.0,2016-17
203486,Mason Plumlee,1610612743,DEN,27.0,81,26.5,9.89,8.25,1.64,1.93,0.11,4.27,9.68,0.0,0.0,0.67,0.0,0.0,0.0,0.0,0.0,0.0,0.0,0.0,0.0,0.0,0.0,2016-17
2440,Matt Barnes,1610612744,GSW,37.0,74,24.0,6.46,3.28,3.18,1.62,0.01,0.65,1.49,0.0,0.0,0.51,0.0,0.0,0.0,0.0,0.0,0.0,0.0,0.0,0.0,0.0,0.0,2016-17
203521,Matthew Dellavedova,1610612749,MIL,26.0,76,26.1,5.79,2.7,3.09,1.18,0.07,0.86,1.84,0.0,0.0,0.59,0.0,0.0,0.0,0.0,0.0,0.0,0.0,0.0,0.0,0.0,0.0,2016-17
203090,Maurice Harkless,1610612757,POR,24.0,77,28.9,7.97,5.43,2.55,2.38,0.01,0.58,1.3,0.0,0.0,0.81,0.0,0.0,0.0,0.0,0.0,0.0,0.0,0.0,0.0,0.0,0.0,2016-17
1626254,Maurice Ndour,1610612752,NYK,25.0,26,12.3,3.58,2.19,1.38,1.12,0.0,0.54,1.27,0.0,0.0,0.35,0.0,0.0,0.0,0.0,0.0,0.0,0.0,0.0,0.0,0.0,0.0,2016-17
1897,Metta World Peace,1610612747,LAL,37.0,15,9.1,2.87,1.2,1.67,1.4,0.0,0.13,0.27,0.0,0.0,0.2,0.0,0.0,0.0,0.0,0.0,0.0,0.0,0.0,0.0,0.0,0.0,2016-17
203086,Meyers Leonard,1610612757,POR,25.0,74,16.5,7.66,6.49,1.18,0.64,0.04,2.82,6.31,0.0,0.0,0.23,0.0,0.0,0.0,0.0,0.0,0.0,0.0,0.0,0.0,0.0,0.0,2016-17
201563,Michael Beasley,1610612749,MIL,28.0,53,17.3,4.98,2.74,2.25,1.02,0.0,0.21,0.53,0.0,0.0,0.55,0.0,0.0,0.0,0.0,0.0,0.0,0.0,0.0,0.0,0.0,0.0,2016-17
203487,Michael Carter-Williams,1610612741,CHI,25.0,44,19.1,4.64,2.91,1.73,1.84,0.05,0.2,0.43,0.0,0.0,0.95,0.0,0.0,0.0,0.0,0.0,0.0,0.0,0.0,0.0,0.0,0.0,2016-17
1627771,Michael Gbinije,1610612765,DET,25.0,3,3.3,1.33,0.67,0.67,0.0,0.0,0.0,0.0,0.0,0.0,0.33,0.0,0.0,0.0,0.0,0.0,0.0,0.0,0.0,0.0,0.0,0.0,2016-17
203077,Michael Kidd-Gilchrist,1610612766,CHA,23.0,81,29.0,10.43,5.91,4.52,1.67,0.1,0.26,0.59,0.0,0.0,0.99,0.0,0.0,0.0,0.0,0.0,0.0,0.0,0.0,0.0,0.0,0.0,2016-17
201144,Mike Conley,1610612763,MEM,29.0,69,33.2,6.77,3.19,3.58,2.48,0.1,0.29,0.62,0.0,0.0,1.46,0.0,0.0,0.0,0.0,0.0,0.0,0.0,0.0,0.0,0.0,0.0,2016-17
2399,Mike Dunleavy,1610612737,ATL,36.0,51,16.1,3.67,1.96,1.71,0.63,0.08,0.18,0.43,0.0,0.0,0.25,0.0,0.0,0.0,0.0,0.0,0.0,0.0,0.0,0.0,0.0,0.0,2016-17
2034,Mike Miller,1610612743,DEN,37.0,12,10.6,1.58,0.75,0.83,0.25,0.0,0.92,2.17,0.0,0.0,0.08,0.0,0.0,0.0,0.0,0.0,0.0,0.0,0.0,0.0,0.0,0.0,2016-17
203488,Mike Muscala,1610612737,ATL,25.0,68,18.1,8.25,6.16,2.09,0.82,0.04,1.49,3.32,0.0,0.0,0.31,0.0,0.0,0.0,0.0,0.0,0.0,0.0,0.0,0.0,0.0,0.0,2016-17
203118,Mike Scott,1610612737,ATL,28.0,15,12.0,3.73,2.0,1.73,0.47,0.0,0.93,1.93,0.0,0.0,0.33,0.0,0.0,0.0,0.0,0.0,0.0,0.0,0.0,0.0,0.0,0.0,2016-17
1627861,Mike Tobey,1610612766,CHA,22.0,2,12.6,4.0,2.5,1.5,0.5,0.0,0.5,1.0,0.0,0.0,0.0,0.0,0.0,0.0,0.0,0.0,0.0,0.0,0.0,0.0,0.0,0.0,2016-17
203101,Miles Plumlee,1610612766,CHA,28.0,42,11.4,3.9,3.4,0.5,0.88,0.0,1.74,3.83,0.0,0.0,0.24,0.0,0.0,0.0,0.0,0.0,0.0,0.0,0.0,0.0,0.0,0.0,2016-17
1627851,Mindaugas Kuzminskas,1610612752,NYK,27.0,62,15.9,3.03,1.63,1.4,0.84,0.0,0.27,0.61,0.0,0.0,0.5,0.0,0.0,0.0,0.0,0.0,0.0,0.0,0.0,0.0,0.0,0.0,2016-17
203141,Mirza Teletovic,1610612749,MIL,31.0,68,16.5,4.47,2.85,1.62,0.43,0.03,0.35,0.76,0.0,0.0,0.38,0.0,0.0,0.0,0.0,0.0,0.0,0.0,0.0,0.0,0.0,0.0,2016-17
101145,Monta Ellis,1610612754,IND,31.0,74,27.0,4.72,2.24,2.47,2.2,0.11,0.08,0.18,0.0,0.0,0.96,0.0,0.0,0.0,0.0,0.0,0.0,0.0,0.0,0.0,0.0,0.0,2016-17
1626149,Montrezl Harrell,1610612745,HOU,23.0,57,18.6,8.74,6.18,2.56,0.65,0.19,1.89,4.56,0.0,0.0,0.58,0.0,0.0,0.0,0.0,0.0,0.0,0.0,0.0,0.0,0.0,0.0,2016-17
1626167,Myles Turner,1610612754,IND,21.0,81,31.4,11.91,9.85,2.06,1.83,0.01,3.62,8.19,0.0,0.0,0.58,0.0,0.0,0.0,0.0,0.0,0.0,0.0,0.0,0.0,0.0,0.0,2016-17
202357,Nemanja Bjelica,1610612750,MIN,29.0,65,18.3,5.91,3.94,1.97,1.25,0.03,0.65,1.48,0.0,0.0,0.62,0.0,0.0,0.0,0.0,0.0,0.0,0.0,0.0,0.0,0.0,0.0,2016-17
2403,Nene,1610612745,HOU,34.0,67,17.9,6.61,4.88,1.73,1.54,0.15,2.75,6.51,0.0,0.0,0.7,0.0,0.0,0.0,0.0,0.0,0.0,0.0,0.0,0.0,0.0,0.0,2016-17
203457,Nerlens Noel,1610612742,DAL,23.0,51,20.5,8.49,7.0,1.49,2.67,0.04,2.16,4.82,0.0,0.0,0.92,0.0,0.0,0.0,0.0,0.0,0.0,0.0,0.0,0.0,0.0,0.0,2016-17
2555,Nick Collison,1610612760,OKC,36.0,18,6.9,2.33,2.11,0.22,0.28,0.11,0.78,1.72,0.0,0.0,0.28,0.0,0.0,0.0,0.0,0.0,0.0,0.0,0.0,0.0,0.0,0.0,2016-17
201156,Nick Young,1610612747,LAL,32.0,60,25.9,4.85,2.55,2.3,1.6,0.03,0.42,0.97,0.0,0.0,0.48,0.0,0.0,0.0,0.0,0.0,0.0,0.0,0.0,0.0,0.0,0.0,2016-17
201587,Nicolas Batum,1610612766,CHA,28.0,77,34.0,7.4,4.01,3.39,2.08,0.01,0.19,0.48,0.0,0.0,0.7,0.0,0.0,0.0,0.0,0.0,0.0,0.0,0.0,0.0,0.0,0.0,2016-17
1627852,Nicolas Brussino,1610612742,DAL,24.0,41,12.3,2.76,1.63,1.12,0.71,0.0,0.07,0.17,0.0,0.0,0.32,0.0,0.0,0.0,0.0,0.0,0.0,0.0,0.0,0.0,0.0,0.0,2016-17
1627879,Nicolas Laprovittola,1610612759,SAS,27.0,11,14.9,3.55,2.36,1.18,0.91,0.09,0.09,0.18,0.0,0.0,0.45,0.0,0.0,0.0,0.0,0.0,0.0,0.0,0.0,0.0,0.0,0.0,2016-17
203917,Nik Stauskas,1610612755,PHI,23.0,80,27.3,5.86,3.4,2.46,1.1,0.0,0.16,0.4,0.0,0.0,0.71,0.0,0.0,0.0,0.0,0.0,0.0,0.0,0.0,0.0,0.0,0.0,2016-17
203999,Nikola Jokić,1610612743,DEN,22.0,73,27.9,11.25,9.38,1.86,1.78,0.0,3.49,7.93,0.0,0.0,0.86,0.0,0.0,0.0,0.0,0.0,0.0,0.0,0.0,0.0,0.0,0.0,2016-17
202703,Nikola Mirotic,1610612741,CHI,26.0,70,24.0,8.11,5.51,2.6,1.47,0.04,0.83,1.8,0.0,0.0,0.71,0.0,0.0,0.0,0.0,0.0,0.0,0.0,0.0,0.0,0.0,0.0,2016-17
202696,Nikola Vučević,1610612753,ORL,26.0,75,28.8,9.01,7.83,1.19,1.91,0.0,3.31,7.36,0.0,0.0,0.72,0.0,0.0,0.0,0.0,0.0,0.0,0.0,0.0,0.0,0.0,0.0,2016-17
203943,Noah Vonleh,1610612757,POR,21.0,72,17.4,6.39,4.63,1.76,0.82,0.01,1.76,3.93,0.0,0.0,0.71,0.0,0.0,0.0,0.0,0.0,0.0,0.0,0.0,0.0,0.0,0.0,2016-17
1626181,Norman Powell,1610612761,TOR,24.0,73,18.5,3.48,1.82,1.66,1.47,0.0,0.11,0.23,0.0,0.0,0.74,0.0,0.0,0.0,0.0,0.0,0.0,0.0,0.0,0.0,0.0,0.0,2016-17
202708,Norris Cole,1610612760,OKC,28.0,12,10.4,1.25,0.67,0.58,1.33,0.0,0.0,0.0,0.0,0.0,0.25,0.0,0.0,0.0,0.0,0.0,0.0,0.0,0.0,0.0,0.0,0.0,2016-17
1627855,Okaro White,1610612748,MIA,24.0,32,14.5,4.84,3.38,1.47,0.81,0.06,0.94,2.41,0.0,0.0,0.38,0.0,0.0,0.0,0.0,0.0,0.0,0.0,0.0,0.0,0.0,0.0,2016-17
201600,Omer Asik,1610612740,NOP,30.0,30,15.8,5.2,4.47,0.73,0.73,0.0,2.03,4.63,0.0,0.0,0.17,0.0,0.0,0.0,0.0,0.0,0.0,0.0,0.0,0.0,0.0,0.0,2016-17
201956,Omri Casspi,1610612750,MIN,29.0,35,18.2,4.83,3.11,1.71,1.0,0.0,0.17,0.37,0.0,0.0,0.4,0.0,0.0,0.0,0.0,0.0,0.0,0.0,0.0,0.0,0.0,0.0,2016-17
203490,Otto Porter Jr.,1610612764,WAS,24.0,80,32.6,7.64,4.36,3.28,2.93,0.05,0.64,1.51,0.0,0.0,1.24,0.0,0.0,0.0,0.0,0.0,0.0,0.0,0.0,0.0,0.0,0.0,2016-17
200782,P.J. Tucker,1610612761,TOR,32.0,79,28.2,5.96,3.38,2.58,2.75,0.1,0.85,1.91,0.0,0.0,1.1,0.0,0.0,0.0,0.0,0.0,0.0,0.0,0.0,0.0,0.0,0.0,2016-17
1627783,Pascal Siakam,1610612761,TOR,23.0,55,15.6,6.56,4.49,2.07,1.27,0.0,0.8,1.69,0.0,0.0,0.4,0.0,0.0,0.0,0.0,0.0,0.0,0.0,0.0,0.0,0.0,0.0,2016-17
1626192,Pat Connaughton,1610612757,POR,24.0,31,9.7,2.97,1.65,1.32,0.32,0.0,0.06,0.13,0.0,0.0,0.32,0.0,0.0,0.0,0.0,0.0,0.0,0.0,0.0,0.0,0.0,0.0,2016-17
1627868,Patricio Garino,1610612753,ORL,24.0,3,12.5,1.67,0.33,1.33,0.33,0.0,0.33,0.67,0.0,0.0,0.0,0.0,0.0,0.0,0.0,0.0,0.0,0.0,0.0,0.0,0.0,0.0,2016-17
201976,Patrick Beverley,1610612745,HOU,28.0,67,30.7,6.64,3.28,3.36,3.12,0.33,0.72,1.87,0.0,0.0,1.66,0.0,0.0,0.0,0.0,0.0,0.0,0.0,0.0,0.0,0.0,0.0,2016-17
1627775,Patrick McCaw,1610612744,GSW,21.0,64,16.4,3.94,2.5,1.44,1.28,0.0,0.23,0.64,0.0,0.0,0.5,0.0,0.0,0.0,0.0,0.0,0.0,0.0,0.0,0.0,0.0,0.0,2016-17
202335,Patrick Patterson,1610612761,TOR,28.0,65,24.6,7.58,4.55,3.03,1.26,0.09,1.85,4.12,0.0,0.0,0.37,0.0,0.0,0.0,0.0,0.0,0.0,0.0,0.0,0.0,0.0,0.0,2016-17
201988,Patty Mills,1610612759,SAS,28.0,80,21.9,2.89,1.49,1.4,1.45,0.11,0.13,0.3,0.0,0.0,0.76,0.0,0.0,0.0,0.0,0.0,0.0,0.0,0.0,0.0,0.0,0.0,2016-17
2200,Pau Gasol,1610612759,SAS,36.0,64,25.4,11.28,9.7,1.58,0.83,0.0,2.64,5.64,0.0,0.0,0.38,0.0,0.0,0.0,0.0,0.0,0.0,0.0,0.0,0.0,0.0,0.0,2016-17
202331,Paul George,1610612754,IND,27.0,75,35.9,8.53,4.29,4.24,3.21,0.09,0.56,1.37,0.0,0.0,1.4,0.0,0.0,0.0,0.0,0.0,0.0,0.0,0.0,0.0,0.0,0.0,2016-17
200794,Paul Millsap,1610612737,ATL,32.0,69,34.0,12.68,8.29,4.39,3.04,0.07,2.84,6.19,0.0,0.0,1.07,0.0,0.0,0.0,0.0,0.0,0.0,0.0,0.0,0.0,0.0,0.0,2016-17
1718,Paul Pierce,1610612746,LAC,39.0,24,11.2,3.79,2.25,1.54,0.38,0.08,0.75,1.71,0.0,0.0,0.21,0.0,0.0,0.0,0.0,0.0,0.0,0.0,0.0,0.0,0.0,0.0,2016-17
1627835,Paul Zipser,1610612741,CHI,23.0,41,20.3,6.24,3.83,2.41,0.68,0.02,0.15,0.32,0.0,0.0,0.34,0.0,0.0,0.0,0.0,0.0,0.0,0.0,0.0,0.0,0.0,0.0,2016-17
203510,Pierre Jackson,1610612742,DAL,25.0,7,12.0,1.57,0.71,0.86,1.0,0.14,0.0,0.0,0.0,0.0,0.29,0.0,0.0,0.0,0.0,0.0,0.0,0.0,0.0,0.0,0.0,0.0,2016-17
203112,Quincy Acy,1610612751,BKN,26.0,35,15.8,5.8,4.11,1.69,1.37,0.17,0.71,1.6,0.0,0.0,0.26,0.0,0.0,0.0,0.0,0.0,0.0,0.0,0.0,0.0,0.0,0.0,2016-17
1626188,Quinn Cook,1610612740,NOP,24.0,11,16.7,2.45,0.91,1.55,0.55,0.0,0.18,0.36,0.0,0.0,0.55,0.0,0.0,0.0,0.0,0.0,0.0,0.0,0.0,0.0,0.0,0.0,2016-17
1626154,RJ Hunter,1610612741,CHI,23.0,2,2.8,1.0,0.5,0.5,0.0,0.0,0.0,0.0,0.0,0.0,0.0,0.0,0.0,0.0,0.0,0.0,0.0,0.0,0.0,0.0,0.0,0.0,2016-17
200765,Rajon Rondo,1610612741,CHI,31.0,68,26.9,3.63,1.74,1.9,2.9,0.07,0.31,0.71,0.0,0.0,1.13,0.0,0.0,0.0,0.0,0.0,0.0,0.0,0.0,0.0,0.0,0.0,2016-17
1626176,Rakeem Christmas,1610612754,IND,25.0,25,8.6,4.08,2.88,1.2,0.48,0.0,0.96,2.2,0.0,0.0,0.16,0.0,0.0,0.0,0.0,0.0,0.0,0.0,0.0,0.0,0.0,0.0,2016-17
201196,Ramon Sessions,1610612766,CHA,31.0,49,16.4,3.0,1.41,1.59,0.86,0.0,0.12,0.29,0.0,0.0,0.53,0.0,0.0,0.0,0.0,0.0,0.0,0.0,0.0,0.0,0.0,0.0,2016-17
200751,Randy Foye,1610612751,BKN,33.0,67,18.7,3.42,2.18,1.24,0.91,0.04,0.15,0.36,0.0,0.0,0.48,0.0,0.0,0.0,0.0,0.0,0.0,0.0,0.0,0.0,0.0,0.0,2016-17
1626173,Rashad Vaughn,1610612749,MIL,20.0,30,14.2,3.0,1.73,1.27,1.17,0.0,0.07,0.13,0.0,0.0,0.27,0.0,0.0,0.0,0.0,0.0,0.0,0.0,0.0,0.0,0.0,0.0,2016-17
203526,Raul Neto,1610612762,UTA,25.0,31,10.5,3.55,2.1,1.45,1.26,0.0,0.13,0.32,0.0,0.0,0.55,0.0,0.0,0.0,0.0,0.0,0.0,0.0,0.0,0.0,0.0,0.0,2016-17
101109,Raymond Felton,1610612746,LAC,33.0,80,21.2,5.2,2.84,2.36,1.8,0.01,0.1,0.24,0.0,0.0,0.81,0.0,0.0,0.0,0.0,0.0,0.0,0.0,0.0,0.0,0.0,0.0,2016-17
203493,Reggie Bullock Jr.,1610612765,DET,26.0,25,16.9,4.0,1.84,2.16,1.16,0.0,0.04,0.12,0.0,0.0,0.44,0.0,0.0,0.0,0.0,0.0,0.0,0.0,0.0,0.0,0.0,0.0,2016-17
202704,Reggie Jackson,1610612765,DET,27.0,52,27.4,6.33,3.04,3.29,1.5,0.02,0.21,0.5,0.0,0.0,0.69,0.0,0.0,0.0,0.0,0.0,0.0,0.0,0.0,0.0,0.0,0.0,2016-17
202130,Reggie Williams,1610612740,NOP,30.0,5,12.6,3.2,1.2,2.0,0.6,0.0,0.0,0.0,0.0,0.0,0.2,0.0,0.0,0.0,0.0,0.0,0.0,0.0,0.0,0.0,0.0,0.0,2016-17
2210,Richard Jefferson,1610612739,CLE,37.0,79,20.4,5.34,2.9,2.44,0.84,0.09,0.3,0.73,0.0,0.0,0.51,0.0,0.0,0.0,0.0,0.0,0.0,0.0,0.0,0.0,0.0,0.0,2016-17
1626158,Richaun Holmes,1610612755,PHI,23.0,57,20.9,7.95,6.82,1.12,1.54,0.02,1.77,3.98,0.0,0.0,0.65,0.0,0.0,0.0,0.0,0.0,0.0,0.0,0.0,0.0,0.0,0.0,2016-17
201937,Ricky Rubio,1610612750,MIN,26.0,75,32.9,4.81,2.23,2.59,3.83,0.12,0.28,0.64,0.0,0.0,1.24,0.0,0.0,0.0,0.0,0.0,0.0,0.0,0.0,0.0,0.0,0.0,2016-17
203496,Robert Covington,1610612755,PHI,26.0,67,31.6,7.0,4.06,2.94,4.22,0.04,0.45,1.06,0.0,0.0,0.93,0.0,0.0,0.0,0.0,0.0,0.0,0.0,0.0,0.0,0.0,0.0,2016-17
201577,Robin Lopez,1610612741,CHI,29.0,81,28.0,16.12,14.22,1.9,0.52,0.0,2.74,5.83,0.0,0.0,0.58,0.0,0.0,0.0,0.0,0.0,0.0,0.0,0.0,0.0,0.0,0.0,2016-17
203918,Rodney Hood,1610612762,UTA,24.0,59,27.0,5.22,3.32,1.9,1.0,0.0,0.19,0.46,0.0,0.0,0.71,0.0,0.0,0.0,0.0,0.0,0.0,0.0,0.0,0.0,0.0,0.0,2016-17
203585,Rodney McGruder,1610612748,MIA,25.0,78,25.2,5.94,3.68,2.26,1.28,0.0,0.31,0.72,0.0,0.0,0.99,0.0,0.0,0.0,0.0,0.0,0.0,0.0,0.0,0.0,0.0,0.0,2016-17
201155,Rodney Stuckey,1610612754,IND,31.0,38,18.2,3.21,1.61,1.61,0.63,0.03,0.16,0.39,0.0,0.0,0.58,0.0,0.0,0.0,0.0,0.0,0.0,0.0,0.0,0.0,0.0,0.0,2016-17
1627758,Ron Baker,1610612752,NYK,24.0,47,18.1,3.77,2.21,1.55,1.79,0.04,0.26,0.6,0.0,0.0,0.64,0.0,0.0,0.0,0.0,0.0,0.0,0.0,0.0,0.0,0.0,0.0,2016-17
1626178,Rondae Hollis-Jefferson,1610612751,BKN,22.0,78,22.6,7.6,5.17,2.44,2.13,0.0,0.72,1.67,0.0,0.0,1.04,0.0,0.0,0.0,0.0,0.0,0.0,0.0,0.0,0.0,0.0,0.0,2016-17
101179,Ronnie Price,1610612756,PHX,34.0,11,11.1,1.45,0.73,0.73,1.73,0.18,0.18,0.36,0.0,0.0,0.36,0.0,0.0,0.0,0.0,0.0,0.0,0.0,0.0,0.0,0.0,0.0,2016-17
201579,Roy Hibbert,1610612743,DEN,30.0,47,14.5,6.91,6.21,0.7,0.62,0.0,3.0,6.83,0.0,0.0,0.28,0.0,0.0,0.0,0.0,0.0,0.0,0.0,0.0,0.0,0.0,0.0,2016-17
200752,Rudy Gay,1610612758,SAC,30.0,30,33.8,8.43,4.93,3.5,2.9,0.07,0.67,1.47,0.0,0.0,1.37,0.0,0.0,0.0,0.0,0.0,0.0,0.0,0.0,0.0,0.0,0.0,2016-17
203497,Rudy Gobert,1610612762,UTA,25.0,81,33.9,14.19,12.68,1.51,1.64,0.02,6.16,14.2,0.0,0.0,0.62,0.0,0.0,0.0,0.0,0.0,0.0,0.0,0.0,0.0,0.0,0.0,2016-17
201566,Russell Westbrook,1610612760,OKC,28.0,81,34.6,3.65,2.09,1.57,2.85,0.04,0.01,0.04,0.0,0.0,1.4,0.0,0.0,0.0,0.0,0.0,0.0,0.0,0.0,0.0,0.0,0.0,2016-17
201583,Ryan Anderson,1610612745,HOU,29.0,72,29.4,8.0,5.74,2.26,0.88,0.19,1.15,2.86,0.0,0.0,0.56,0.0,0.0,0.0,0.0,0.0,0.0,0.0,0.0,0.0,0.0,0.0,2016-17
203527,Ryan Kelly,1610612737,ATL,26.0,16,6.9,2.5,1.56,0.94,0.25,0.06,0.56,1.5,0.0,0.0,0.38,0.0,0.0,0.0,0.0,0.0,0.0,0.0,0.0,0.0,0.0,0.0,2016-17
1626257,Salah Mejri,1610612742,DAL,31.0,72,12.6,5.44,4.99,0.46,0.86,0.31,1.51,3.6,0.0,0.0,0.39,0.0,0.0,0.0,0.0,0.0,0.0,0.0,0.0,0.0,0.0,0.0,2016-17
1626155,Sam Dekker,1610612745,HOU,23.0,77,18.4,6.31,4.17,2.14,1.03,0.01,0.3,0.71,0.0,0.0,0.58,0.0,0.0,0.0,0.0,0.0,0.0,0.0,0.0,0.0,0.0,0.0,2016-17
2756,Sasha Vujacic,1610612752,NYK,33.0,32,12.0,2.19,1.09,1.09,0.91,0.0,0.13,0.25,0.0,0.0,0.69,0.0,0.0,0.0,0.0,0.0,0.0,0.0,0.0,0.0,0.0,0.0,2016-17
203930,Sean Kilpatrick,1610612751,BKN,27.0,69,25.1,4.23,2.09,2.14,1.23,0.09,0.14,0.33,0.0,0.0,0.61,0.0,0.0,0.0,0.0,0.0,0.0,0.0,0.0,0.0,0.0,0.0,2016-17
203902,Semaj Christon,1610612760,OKC,24.0,59,15.9,3.03,1.9,1.14,1.08,0.0,0.05,0.14,0.0,0.0,0.44,0.0,0.0,0.0,0.0,0.0,0.0,0.0,0.0,0.0,0.0,0.0,2016-17
201586,Serge Ibaka,1610612761,TOR,27.0,79,30.7,11.71,8.76,2.95,0.9,0.0,2.04,4.59,0.0,0.0,0.53,0.0,0.0,0.0,0.0,0.0,0.0,0.0,0.0,0.0,0.0,0.0,2016-17
200771,Sergio Rodriguez,1610612755,PHI,31.0,67,22.4,2.75,1.46,1.28,1.28,0.01,0.21,0.48,0.0,0.0,0.75,0.0,0.0,0.0,0.0,0.0,0.0,0.0,0.0,0.0,0.0,0.0,2016-17
203552,Seth Curry,1610612742,DAL,26.0,70,29.0,4.56,2.01,2.54,2.34,0.11,0.34,0.76,0.0,0.0,0.83,0.0,0.0,0.0,0.0,0.0,0.0,0.0,0.0,0.0,0.0,0.0,2016-17
203498,Shabazz Muhammad,1610612750,MIN,24.0,76,19.6,3.29,1.67,1.62,0.49,0.0,0.09,0.2,0.0,0.0,0.51,0.0,0.0,0.0,0.0,0.0,0.0,0.0,0.0,0.0,0.0,0.0,2016-17
203894,Shabazz Napier,1610612757,POR,25.0,38,12.3,1.87,0.97,0.89,1.55,0.0,0.05,0.13,0.0,0.0,0.58,0.0,0.0,0.0,0.0,0.0,0.0,0.0,0.0,0.0,0.0,0.0,2016-17
2733,Shaun Livingston,1610612744,GSW,31.0,75,17.7,3.33,1.68,1.65,0.97,0.01,0.49,1.15,0.0,0.0,0.63,0.0,0.0,0.0,0.0,0.0,0.0,0.0,0.0,0.0,0.0,0.0,2016-17
1627848,Shawn Long,1610612755,PHI,24.0,17,13.7,6.82,5.47,1.35,1.18,0.0,1.65,3.71,0.0,0.0,0.59,0.0,0.0,0.0,0.0,0.0,0.0,0.0,0.0,0.0,0.0,0.0,2016-17
1627815,Sheldon Mac,1610612764,WAS,24.0,20,13.1,4.0,2.1,1.9,1.0,0.1,0.0,0.0,0.0,0.0,0.4,0.0,0.0,0.0,0.0,0.0,0.0,0.0,0.0,0.0,0.0,0.0,2016-17
202714,Shelvin Mack,1610612762,UTA,27.0,53,22.5,4.91,2.47,2.43,1.72,0.02,0.21,0.47,0.0,0.0,0.64,0.0,0.0,0.0,0.0,0.0,0.0,0.0,0.0,0.0,0.0,0.0,2016-17
1627746,Skal Labissiere,1610612758,SAC,21.0,30,20.2,7.77,5.13,2.63,1.07,0.0,1.33,2.93,0.0,0.0,1.0,0.0,0.0,0.0,0.0,0.0,0.0,0.0,0.0,0.0,0.0,0.0,2016-17
203524,Solomon Hill,1610612740,NOP,26.0,80,29.7,7.29,4.18,3.11,2.26,0.01,0.48,1.21,0.0,0.0,0.79,0.0,0.0,0.0,0.0,0.0,0.0,0.0,0.0,0.0,0.0,0.0,2016-17
203915,Spencer Dinwiddie,1610612751,BKN,24.0,59,22.6,5.15,3.1,2.05,1.47,0.02,0.29,0.78,0.0,0.0,0.69,0.0,0.0,0.0,0.0,0.0,0.0,0.0,0.0,0.0,0.0,0.0,2016-17
201150,Spencer Hawes,1610612749,MIL,29.0,49,16.0,5.59,4.43,1.16,0.51,0.0,2.0,4.49,0.0,0.0,0.33,0.0,0.0,0.0,0.0,0.0,0.0,0.0,0.0,0.0,0.0,0.0,2016-17
1626169,Stanley Johnson,1610612765,DET,21.0,72,18.7,3.68,2.11,1.57,1.5,0.0,0.11,0.24,0.0,0.0,0.47,0.0,0.0,0.0,0.0,0.0,0.0,0.0,0.0,0.0,0.0,0.0,2016-17
201939,Stephen Curry,1610612744,GSW,29.0,79,33.4,5.62,2.8,2.82,3.3,0.1,1.38,3.04,0.0,0.0,1.51,0.0,0.0,0.0,0.0,0.0,0.0,0.0,0.0,0.0,0.0,0.0,2016-17
1627757,Stephen Zimmerman,1610612753,ORL,20.0,18,5.9,2.44,2.0,0.44,0.17,0.0,1.0,2.28,0.0,0.0,0.28,0.0,0.0,0.0,0.0,0.0,0.0,0.0,0.0,0.0,0.0,0.0,2016-17
200779,Steve Novak,1610612749,MIL,34.0,4,2.9,1.0,0.75,0.25,0.0,0.0,0.0,0.0,0.0,0.0,0.0,0.0,0.0,0.0,0.0,0.0,0.0,0.0,0.0,0.0,0.0,0.0,2016-17
203500,Steven Adams,1610612760,OKC,23.0,80,29.9,12.55,9.89,2.66,1.9,0.0,3.43,7.55,0.0,0.0,1.03,0.0,0.0,0.0,0.0,0.0,0.0,0.0,0.0,0.0,0.0,0.0,2016-17
204456,T.J. McConnell,1610612755,PHI,25.0,81,26.3,4.21,2.41,1.8,3.44,0.05,0.22,0.54,0.0,0.0,1.26,0.0,0.0,0.0,0.0,0.0,0.0,0.0,0.0,0.0,0.0,0.0,2016-17
203933,T.J. Warren,1610612756,PHX,23.0,64,31.7,5.22,2.88,2.34,2.28,0.0,0.08,0.19,0.0,0.0,1.02,0.0,0.0,0.0,0.0,0.0,0.0,0.0,0.0,0.0,0.0,0.0,2016-17
201959,Taj Gibson,1610612760,OKC,32.0,78,25.5,8.96,6.35,2.62,0.92,0.03,1.31,2.82,0.0,0.0,0.64,0.0,0.0,0.0,0.0,0.0,0.0,0.0,0.0,0.0,0.0,0.0,2016-17
204028,Tarik Black,1610612747,LAL,25.0,67,16.3,7.7,6.01,1.69,1.03,0.1,2.37,5.51,0.0,0.0,0.49,0.0,0.0,0.0,0.0,0.0,0.0,0.0,0.0,0.0,0.0,0.0,2016-17
1627752,Taurean Prince,1610612737,ATL,23.0,56,17.4,5.48,3.0,2.48,1.5,0.05,0.09,0.2,0.0,0.0,0.61,0.0,0.0,0.0,0.0,0.0,0.0,0.0,0.0,0.0,0.0,0.0,2016-17
203093,Terrence Jones,1610612749,MIL,25.0,53,23.9,8.38,6.06,2.32,1.08,0.0,1.62,3.7,0.0,0.0,0.62,0.0,0.0,0.0,0.0,0.0,0.0,0.0,0.0,0.0,0.0,0.0,2016-17
203082,Terrence Ross,1610612753,ORL,26.0,78,25.1,5.14,2.86,2.28,2.22,0.0,0.14,0.29,0.0,0.0,0.64,0.0,0.0,0.0,0.0,0.0,0.0,0.0,0.0,0.0,0.0,0.0,2016-17
1626179,Terry Rozier,1610612738,BOS,23.0,74,17.1,2.7,1.36,1.34,1.15,0.0,0.2,0.46,0.0,0.0,0.66,0.0,0.0,0.0,0.0,0.0,0.0,0.0,0.0,0.0,0.0,0.0,2016-17
200757,Thabo Sefolosha,1610612737,ATL,33.0,62,25.7,6.81,3.89,2.92,2.84,0.02,0.48,1.1,0.0,0.0,0.87,0.0,0.0,0.0,0.0,0.0,0.0,0.0,0.0,0.0,0.0,0.0,2016-17
201152,Thaddeus Young,1610612754,IND,29.0,74,30.2,9.53,5.76,3.77,2.91,0.12,1.58,3.73,0.0,0.0,1.16,0.0,0.0,0.0,0.0,0.0,0.0,0.0,0.0,0.0,0.0,0.0,2016-17
203080,Thomas Robinson,1610612747,LAL,26.0,44,12.6,3.52,2.36,1.16,1.11,0.14,1.39,3.05,0.0,0.0,0.52,0.0,0.0,0.0,0.0,0.0,0.0,0.0,0.0,0.0,0.0,0.0,2016-17
1627748,Thon Maker,1610612749,MIL,20.0,47,11.3,5.26,4.23,1.02,0.6,0.09,0.55,1.19,0.0,0.0,0.49,0.0,0.0,0.0,0.0,0.0,0.0,0.0,0.0,0.0,0.0,0.0,2016-17
201168,Tiago Splitter,1610612755,PHI,32.0,8,9.5,4.63,4.0,0.63,0.38,0.0,1.88,4.25,0.0,0.0,0.25,0.0,0.0,0.0,0.0,0.0,0.0,0.0,0.0,0.0,0.0,0.0,2016-17
204025,Tim Frazier,1610612740,NOP,26.0,65,23.5,4.58,2.0,2.58,1.69,0.17,0.2,0.43,0.0,0.0,0.82,0.0,0.0,0.0,0.0,0.0,0.0,0.0,0.0,0.0,0.0,0.0,2016-17
203501,Tim Hardaway Jr.,1610612737,ATL,25.0,78,27.6,6.45,2.91,3.54,1.27,0.12,0.42,1.04,0.0,0.0,0.63,0.0,0.0,0.0,0.0,0.0,0.0,0.0,0.0,0.0,0.0,0.0,2016-17
1627817,Tim Quarterman,1610612757,POR,22.0,12,6.0,1.92,1.25,0.67,0.42,0.08,0.0,0.0,0.0,0.0,0.42,0.0,0.0,0.0,0.0,0.0,0.0,0.0,0.0,0.0,0.0,0.0,2016-17
202389,Timofey Mozgov,1610612747,LAL,30.0,54,20.4,9.07,7.59,1.48,0.61,0.02,2.52,5.72,0.0,0.0,0.26,0.0,0.0,0.0,0.0,0.0,0.0,0.0,0.0,0.0,0.0,0.0,2016-17
1627789,Timothe Luwawu-Cabarrot,1610612755,PHI,22.0,67,17.7,4.49,2.63,1.87,1.03,0.0,0.09,0.21,0.0,0.0,0.6,0.0,0.0,0.0,0.0,0.0,0.0,0.0,0.0,0.0,0.0,0.0,2016-17
202699,Tobias Harris,1610612765,DET,24.0,82,31.3,9.37,5.83,3.54,1.56,0.0,1.1,2.48,0.0,0.0,0.68,0.0,0.0,0.0,0.0,0.0,0.0,0.0,0.0,0.0,0.0,0.0,2016-17
203107,Tomas Satoransky,1610612764,WAS,25.0,52,13.3,3.1,1.85,1.25,1.1,0.04,0.1,0.23,0.0,0.0,0.33,0.0,0.0,0.0,0.0,0.0,0.0,0.0,0.0,0.0,0.0,0.0,2016-17
201962,Toney Douglas,1610612763,MEM,31.0,20,18.9,2.95,1.45,1.5,1.8,0.05,0.0,0.0,0.0,0.0,0.8,0.0,0.0,0.0,0.0,0.0,0.0,0.0,0.0,0.0,0.0,0.0,2016-17
2754,Tony Allen,1610612763,MEM,35.0,71,27.0,6.06,3.2,2.86,3.3,0.0,0.56,1.45,0.0,0.0,1.17,0.0,0.0,0.0,0.0,0.0,0.0,0.0,0.0,0.0,0.0,0.0,2016-17
2225,Tony Parker,1610612759,SAS,35.0,62,25.2,3.79,1.9,1.89,0.94,0.0,0.08,0.16,0.0,0.0,0.63,0.0,0.0,0.0,0.0,0.0,0.0,0.0,0.0,0.0,0.0,0.0,2016-17
203503,Tony Snell,1610612749,MIL,25.0,79,29.2,6.24,3.09,3.15,1.76,0.03,0.16,0.37,0.0,0.0,0.67,0.0,0.0,0.0,0.0,0.0,0.0,0.0,0.0,0.0,0.0,0.0,2016-17
1626203,Treveon Graham,1610612766,CHA,23.0,23,7.8,2.22,1.17,1.04,0.3,0.04,0.09,0.26,0.0,0.0,0.22,0.0,0.0,0.0,0.0,0.0,0.0,0.0,0.0,0.0,0.0,0.0,2016-17
2772,Trevor Ariza,1610612745,HOU,32.0,80,34.7,6.03,3.3,2.73,3.14,0.1,0.35,0.89,0.0,0.0,1.04,0.0,0.0,0.0,0.0,0.0,0.0,0.0,0.0,0.0,0.0,0.0,2016-17
202344,Trevor Booker,1610612751,BKN,29.0,71,24.7,6.56,3.87,2.69,1.8,0.03,2.11,4.83,0.0,0.0,0.94,0.0,0.0,0.0,0.0,0.0,0.0,0.0,0.0,0.0,0.0,0.0,2016-17
203504,Trey Burke,1610612764,WAS,24.0,52,13.0,2.25,1.17,1.08,0.83,0.0,0.06,0.12,0.0,0.0,0.27,0.0,0.0,0.0,0.0,0.0,0.0,0.0,0.0,0.0,0.0,0.0,2016-17
1626168,Trey Lyles,1610612762,UTA,21.0,70,16.5,4.69,3.16,1.53,0.71,0.0,0.49,1.1,0.0,0.0,0.36,0.0,0.0,0.0,0.0,0.0,0.0,0.0,0.0,0.0,0.0,0.0,2016-17
202684,Tristan Thompson,1610612739,CLE,26.0,78,30.0,12.54,9.71,2.83,0.94,0.0,4.81,11.14,0.0,0.0,0.88,0.0,0.0,0.0,0.0,0.0,0.0,0.0,0.0,0.0,0.0,0.0,2016-17
203584,Troy Daniels,1610612763,MEM,25.0,64,18.4,3.77,1.67,2.09,0.67,0.11,0.13,0.28,0.0,0.0,0.47,0.0,0.0,0.0,0.0,0.0,0.0,0.0,0.0,0.0,0.0,0.0,2016-17
1627786,Troy Williams,1610612745,HOU,22.0,25,21.7,5.48,2.52,2.96,1.64,0.0,0.0,0.0,0.0,0.0,0.64,0.0,0.0,0.0,0.0,0.0,0.0,0.0,0.0,0.0,0.0,0.0,2016-17
201951,Ty Lawson,1610612758,SAC,29.0,69,25.1,3.54,1.8,1.74,1.87,0.01,0.22,0.48,0.0,0.0,1.12,0.0,0.0,0.0,0.0,0.0,0.0,0.0,0.0,0.0,0.0,0.0,2016-17
203898,Tyler Ennis,1610612747,LAL,22.0,45,12.5,2.62,1.33,1.29,0.89,0.02,0.2,0.49,0.0,0.0,0.51,0.0,0.0,0.0,0.0,0.0,0.0,0.0,0.0,0.0,0.0,0.0,2016-17
204020,Tyler Johnson,1610612748,MIA,25.0,73,29.8,7.36,4.64,2.71,2.08,0.08,0.32,0.73,0.0,0.0,1.08,0.0,0.0,0.0,0.0,0.0,0.0,0.0,0.0,0.0,0.0,0.0,2016-17
1627755,Tyler Ulis,1610612756,PHX,21.0,52,20.8,2.71,1.31,1.4,1.79,0.04,0.02,0.06,0.0,0.0,0.83,0.0,0.0,0.0,0.0,0.0,0.0,0.0,0.0,0.0,0.0,0.0,2016-17
203092,Tyler Zeller,1610612738,BOS,27.0,48,10.7,4.42,3.77,0.65,0.27,0.13,1.17,2.69,0.0,0.0,0.17,0.0,0.0,0.0,0.0,0.0,0.0,0.0,0.0,0.0,0.0,0.0,2016-17
201936,Tyreke Evans,1610612758,SAC,27.0,40,19.7,3.8,1.73,2.08,1.38,0.03,0.03,0.05,0.0,0.0,0.43,0.0,0.0,0.0,0.0,0.0,0.0,0.0,0.0,0.0,0.0,0.0,2016-17
2199,Tyson Chandler,1610612756,PHX,34.0,47,27.6,8.17,7.19,0.98,1.21,0.02,4.43,9.49,0.0,0.0,0.49,0.0,0.0,0.0,0.0,0.0,0.0,0.0,0.0,0.0,0.0,0.0,2016-17
1626145,Tyus Jones,1610612750,MIN,21.0,49,15.3,2.47,1.04,1.43,1.67,0.1,0.16,0.35,0.0,0.0,0.55,0.0,0.0,0.0,0.0,0.0,0.0,0.0,0.0,0.0,0.0,0.0,2016-17
2617,Udonis Haslem,1610612748,MIA,37.0,12,10.3,2.67,2.5,0.17,0.75,0.08,1.08,2.25,0.0,0.0,0.33,0.0,0.0,0.0,0.0,0.0,0.0,0.0,0.0,0.0,0.0,0.0,2016-17
203506,Victor Oladipo,1610612760,OKC,25.0,67,33.2,7.64,3.96,3.69,2.34,0.12,0.19,0.45,0.0,0.0,1.27,0.0,0.0,0.0,0.0,0.0,0.0,0.0,0.0,0.0,0.0,0.0,2016-17
1713,Vince Carter,1610612763,MEM,40.0,73,24.7,5.42,2.93,2.49,1.55,0.04,0.49,1.11,0.0,0.0,0.53,0.0,0.0,0.0,0.0,0.0,0.0,0.0,0.0,0.0,0.0,0.0,2016-17
1627735,Wade Baldwin IV,1610612763,MEM,21.0,31,13.0,3.32,1.84,1.48,0.87,0.0,0.06,0.13,0.0,0.0,0.48,0.0,0.0,0.0,0.0,0.0,0.0,0.0,0.0,0.0,0.0,0.0,2016-17
201961,Wayne Ellington,1610612748,MIA,29.0,62,24.2,4.58,2.52,2.06,1.1,0.0,0.16,0.35,0.0,0.0,0.74,0.0,0.0,0.0,0.0,0.0,0.0,0.0,0.0,0.0,0.0,0.0,2016-17
1627782,Wayne Selden,1610612763,MEM,22.0,12,19.4,4.83,2.58,2.25,0.92,0.08,0.0,0.0,0.0,0.0,0.92,0.0,0.0,0.0,0.0,0.0,0.0,0.0,0.0,0.0,0.0,0.0,2016-17
202325,Wesley Johnson,1610612746,LAC,29.0,66,12.2,3.65,2.44,1.21,1.47,0.0,0.56,1.24,0.0,0.0,0.35,0.0,0.0,0.0,0.0,0.0,0.0,0.0,0.0,0.0,0.0,0.0,2016-17
202083,Wesley Matthews,1610612742,DAL,30.0,72,34.4,7.26,3.58,3.68,2.64,0.19,0.36,0.79,0.0,0.0,1.0,0.0,0.0,0.0,0.0,0.0,0.0,0.0,0.0,0.0,0.0,0.0,2016-17
203115,Will Barton,1610612743,DEN,26.0,60,28.4,5.5,3.37,2.13,1.6,0.0,0.07,0.15,0.0,0.0,0.63,0.0,0.0,0.0,0.0,0.0,0.0,0.0,0.0,0.0,0.0,0.0,2016-17
1626161,Willie Cauley-Stein,1610612758,SAC,23.0,75,18.9,6.47,4.65,1.81,1.4,0.01,1.43,3.19,0.0,0.0,0.71,0.0,0.0,0.0,0.0,0.0,0.0,0.0,0.0,0.0,0.0,0.0,2016-17
203186,Willie Reed,1610612748,MIA,27.0,70,14.6,5.09,4.33,0.76,0.49,0.13,2.03,4.4,0.0,0.0,0.36,0.0,0.0,0.0,0.0,0.0,0.0,0.0,0.0,0.0,0.0,0.0,2016-17
1626195,Willy Hernangomez,1610612752,NYK,23.0,72,18.4,7.47,6.22,1.25,1.4,0.03,2.01,4.33,0.0,0.0,0.63,0.0,0.0,0.0,0.0,0.0,0.0,0.0,0.0,0.0,0.0,0.0,2016-17
201163,Wilson Chandler,1610612743,DEN,30.0,71,30.9,8.18,4.77,3.41,1.45,0.0,0.48,1.08,0.0,0.0,0.61,0.0,0.0,0.0,0.0,0.0,0.0,0.0,0.0,0.0,0.0,0.0,2016-17
1627812,Yogi Ferrell,1610612742,DAL,24.0,45,26.5,4.38,2.02,2.36,2.04,0.16,0.24,0.56,0.0,0.0,1.31,0.0,0.0,0.0,0.0,0.0,0.0,0.0,0.0,0.0,0.0,0.0,2016-17
203897,Zach LaVine,1610612750,MIN,22.0,47,37.2,5.83,2.55,3.28,1.7,0.0,0.23,0.55,0.0,0.0,0.87,0.0,0.0,0.0,0.0,0.0,0.0,0.0,0.0,0.0,0.0,0.0,2016-17
2216,Zach Randolph,1610612763,MEM,35.0,73,24.5,6.68,4.49,2.19,1.44,0.01,1.86,4.67,0.0,0.0,0.78,0.0,0.0,0.0,0.0,0.0,0.0,0.0,0.0,0.0,0.0,0.0,2016-17
2585,Zaza Pachulia,1610612744,GSW,33.0,70,18.1,6.33,5.49,0.84,1.76,0.0,3.47,8.2,0.0,0.0,0.76,0.0,0.0,0.0,0.0,0.0,0.0,0.0,0.0,0.0,0.0,0.0,2016-17
201166,Aaron Brooks,1610612750,MIN,33.0,19,8.9,2.58,1.0,1.58,0.53,0.05,0.05,0.11,0.21,0.16,0.37,0.571,0.429,0.0,0.32,0.32,0.16,0.05,0.0,1.0,0.75,0.25,2017-18
203932,Aaron Gordon,1610612753,ORL,22.0,58,32.9,6.47,4.69,1.78,1.41,0.07,0.9,1.95,0.52,0.69,1.21,0.429,0.571,0.19,2.53,2.72,1.29,0.36,0.07,0.93,0.852,0.239,2017-18
1626151,Aaron Harrison,1610612742,DAL,23.0,9,25.9,6.56,3.33,3.22,2.0,0.0,0.11,0.33,0.22,0.67,0.89,0.25,0.75,0.0,0.78,0.78,0.67,0.0,0.0,1.0,0.857,0.0,2017-18
1628935,Aaron Jackson,1610612745,HOU,32.0,1,34.5,0.0,0.0,0.0,4.0,0.0,0.0,0.0,0.0,0.0,0.0,0.0,0.0,0.0,0.0,0.0,0.0,0.0,0.0,0.0,0.0,0.0,2017-18
1627846,Abdel Nader,1610612738,BOS,24.0,39,12.7,3.41,1.79,1.62,0.85,0.0,0.15,0.38,0.18,0.28,0.46,0.389,0.611,0.18,0.85,1.03,0.59,0.08,0.175,0.825,0.92,0.12,2017-18
203940,Adreian Payne,1610612753,ORL,27.0,4,10.4,1.75,1.5,0.25,1.25,0.0,0.5,1.0,0.0,0.0,0.0,0.0,0.0,1.0,1.75,2.75,2.0,0.5,0.364,0.636,1.0,0.25,2017-18
201143,Al Horford,1610612738,BOS,32.0,72,31.6,12.28,8.81,3.47,1.32,0.0,2.72,6.53,0.42,0.38,0.79,0.526,0.474,0.5,6.32,6.82,3.54,1.31,0.073,0.927,0.904,0.333,2017-18
2744,Al Jefferson,1610612754,IND,33.0,36,13.4,4.83,4.19,0.64,0.89,0.06,1.39,2.94,0.08,0.25,0.33,0.25,0.75,0.19,2.78,2.97,1.64,0.67,0.065,0.935,0.937,0.381,2017-18
202329,Al-Farouq Aminu,1610612757,POR,27.0,69,30.0,8.67,5.67,3.0,2.23,0.0,1.51,3.48,0.52,0.71,1.23,0.424,0.576,0.64,3.3,3.94,1.9,0.87,0.162,0.838,0.885,0.405,2017-18
1626210,Alan Williams,1610612756,PHX,25.0,5,14.1,2.2,1.2,1.0,1.0,0.0,1.8,4.0,0.0,0.2,0.2,0.0,1.0,0.4,3.0,3.4,1.4,0.6,0.118,0.882,0.875,0.375,2017-18
202692,Alec Burks,1610612762,UTA,26.0,60,17.1,3.17,1.72,1.45,0.92,0.02,0.05,0.12,0.13,0.47,0.6,0.222,0.778,0.02,0.47,0.48,0.25,0.03,0.034,0.966,0.882,0.118,2017-18
1628409,Alec Peters,1610612756,PHX,23.0,19,11.8,3.11,1.63,1.47,0.53,0.11,0.37,0.89,0.11,0.21,0.32,0.333,0.667,0.21,1.95,2.16,1.32,0.26,0.098,0.902,0.926,0.185,2017-18
203518,Alex Abrines,1610612760,OKC,24.0,69,16.3,4.32,2.22,2.1,0.97,0.03,0.06,0.16,0.16,0.41,0.57,0.282,0.718,0.07,0.9,0.97,0.54,0.07,0.075,0.925,0.822,0.111,2017-18
1627936,Alex Caruso,1610612747,LAL,24.0,35,15.9,3.91,2.23,1.69,1.31,0.09,0.09,0.17,0.26,0.37,0.63,0.409,0.591,0.03,0.86,0.89,0.43,0.0,0.032,0.968,0.833,0.0,2017-18
203458,Alex Len,1610612756,PHX,25.0,69,20.2,9.28,8.14,1.13,0.75,0.0,3.78,8.48,0.28,0.23,0.51,0.543,0.457,1.55,6.01,7.59,3.68,1.59,0.204,0.792,0.873,0.378,2017-18
1627816,Alex Poythress,1610612754,IND,24.0,20,5.0,1.3,0.8,0.5,0.2,0.0,0.2,0.45,0.05,0.1,0.15,0.333,0.667,0.25,0.4,0.65,0.4,0.25,0.385,0.615,0.889,0.556,2017-18
1628035,Alfonzo McKinnie,1610612761,TOR,25.0,7,5.3,1.57,1.0,0.57,0.29,0.0,0.0,0.0,0.0,0.0,0.0,0.0,0.0,0.14,0.86,1.0,0.29,0.0,0.143,0.857,1.0,0.0,2017-18
203459,Allen Crabbe,1610612751,BKN,26.0,75,29.3,5.51,3.47,2.04,1.49,0.01,0.24,0.6,0.29,0.57,0.87,0.338,0.662,0.0,0.53,0.53,0.37,0.12,0.0,1.0,0.966,0.31,2017-18
101161,Amir Johnson,1610612755,PHI,31.0,74,15.8,5.54,4.73,0.81,0.97,0.08,2.49,5.5,0.41,0.27,0.68,0.6,0.4,1.14,4.32,5.46,3.03,1.01,0.208,0.792,0.878,0.294,2017-18
203083,Andre Drummond,1610612765,DET,24.0,78,33.7,11.22,9.24,1.97,3.21,0.01,4.67,10.18,0.59,0.59,1.18,0.5,0.5,4.01,5.14,9.17,4.99,3.32,0.438,0.561,0.853,0.568,2017-18
2738,Andre Iguodala,1610612744,GSW,34.0,64,25.4,4.95,2.7,2.25,1.44,0.02,0.69,1.7,0.48,0.7,1.19,0.408,0.592,0.22,2.41,2.63,1.5,0.31,0.083,0.917,0.881,0.183,2017-18
201281,Andre Ingram,1610612747,LAL,32.0,2,32.1,7.0,3.0,4.0,1.0,1.0,0.5,1.5,0.0,1.0,1.0,0.0,1.0,0.0,0.0,0.0,0.0,0.0,0.0,0.0,0.0,0.0,2017-18
203460,Andre Roberson,1610612760,OKC,26.0,39,26.6,8.23,4.97,3.26,2.26,0.03,0.79,1.9,0.44,0.87,1.31,0.333,0.667,1.05,1.69,2.74,1.74,0.49,0.383,0.617,0.84,0.235,2017-18
101106,Andrew Bogut,1610612747,LAL,33.0,23,9.4,3.13,2.61,0.52,0.3,0.09,1.35,2.96,0.13,0.04,0.17,0.75,0.25,0.65,2.65,3.3,1.74,0.83,0.197,0.803,0.889,0.422,2017-18
1626150,Andrew Harrison,1610612763,MEM,23.0,56,23.7,5.0,2.3,2.7,1.7,0.21,0.18,0.39,0.25,0.68,0.93,0.269,0.731,0.04,0.57,0.61,0.39,0.07,0.059,0.941,0.88,0.16,2017-18
1628510,Andrew White III,1610612737,ATL,25.0,14,14.8,2.71,1.0,1.71,0.36,0.0,0.0,0.0,0.21,0.5,0.71,0.3,0.7,0.07,0.43,0.5,0.21,0.07,0.143,0.857,0.75,0.25,2017-18
203952,Andrew Wiggins,1610612750,MIN,23.0,82,36.3,9.01,4.28,4.73,1.7,0.0,0.23,0.54,0.45,0.63,1.09,0.416,0.584,0.23,1.48,1.71,1.01,0.27,0.136,0.864,0.883,0.234,2017-18
1627790,Ante Zizic,1610612739,CLE,21.0,28,7.5,2.96,2.46,0.5,0.14,0.0,1.07,2.57,0.0,0.07,0.07,0.0,1.0,1.14,2.36,3.5,1.93,0.57,0.327,0.673,0.931,0.276,2017-18
1626148,Anthony Brown,1610612750,MIN,25.0,1,3.7,1.0,1.0,0.0,0.0,0.0,0.0,0.0,0.0,0.0,0.0,0.0,0.0,0.0,0.0,0.0,0.0,0.0,0.0,0.0,0.0,0.0,2017-18
203076,Anthony Davis,1610612740,NOP,25.0,75,36.4,14.28,9.83,4.45,2.4,0.16,3.88,8.36,0.68,0.8,1.48,0.459,0.541,1.64,4.24,5.91,3.03,1.59,0.278,0.718,0.844,0.442,2017-18
201229,Anthony Tolliver,1610612765,DET,33.0,79,22.2,6.29,3.89,2.41,0.7,0.23,1.48,3.41,0.23,0.49,0.72,0.316,0.684,0.44,3.7,4.15,1.86,0.49,0.107,0.89,0.845,0.224,2017-18
1628469,Antonio Blakeney,1610612741,CHI,21.0,17,18.0,4.47,2.0,2.47,0.71,0.0,0.06,0.18,0.06,0.24,0.29,0.2,0.8,0.0,0.65,0.65,0.24,0.0,0.0,1.0,1.0,0.0,2017-18
1628499,Antonius Cleveland,1610612737,ATL,24.0,13,9.2,1.62,0.92,0.69,1.15,0.08,0.0,0.0,0.15,0.08,0.23,0.667,0.333,0.08,1.31,1.38,0.85,0.0,0.056,0.944,1.0,0.0,2017-18
203382,Aron Baynes,1610612738,BOS,31.0,81,18.3,8.59,7.11,1.48,0.3,0.21,2.42,5.64,0.2,0.26,0.46,0.432,0.568,1.46,5.49,6.95,3.86,1.27,0.21,0.79,0.844,0.278,2017-18
201167,Arron Afflalo,1610612753,ORL,32.0,51,13.1,2.98,1.59,1.39,0.16,0.0,0.1,0.24,0.06,0.16,0.22,0.273,0.727,0.04,1.37,1.41,0.76,0.06,0.028,0.972,0.78,0.06,2017-18
203085,Austin Rivers,1610612746,LAC,25.0,61,33.7,4.84,2.95,1.89,2.0,0.05,0.13,0.31,0.34,0.75,1.1,0.313,0.687,0.02,1.25,1.26,0.8,0.03,0.013,0.987,0.86,0.035,2017-18
202340,Avery Bradley,1610612746,LAC,27.0,46,31.2,5.02,2.0,3.02,1.93,0.11,0.26,0.59,0.41,0.48,0.89,0.463,0.537,0.04,0.91,0.96,0.54,0.04,0.045,0.955,0.862,0.069,2017-18
1628389,Bam Adebayo,1610612748,MIA,20.0,69,19.8,6.65,4.81,1.84,1.06,0.01,2.88,6.54,0.32,0.35,0.67,0.478,0.522,0.8,5.81,6.61,3.54,1.06,0.121,0.879,0.891,0.266,2017-18
203463,Ben McLemore,1610612763,MEM,25.0,55,19.7,3.47,1.6,1.87,1.35,0.04,0.07,0.16,0.35,0.42,0.76,0.452,0.548,0.18,1.15,1.33,0.71,0.2,0.137,0.863,0.83,0.234,2017-18
1628500,Ben Moore,1610612754,IND,23.0,2,4.6,0.5,0.5,0.0,0.0,0.0,0.0,0.0,0.0,0.0,0.0,0.0,0.0,0.0,0.5,0.5,0.0,0.0,0.0,1.0,0.0,0.0,2017-18
1627732,Ben Simmons,1610612755,PHI,21.0,81,33.7,8.15,4.4,3.75,2.89,0.04,0.75,1.79,0.91,0.91,1.83,0.5,0.5,0.47,1.19,1.65,0.72,0.26,0.284,0.716,0.841,0.304,2017-18
202687,Bismack Biyombo,1610612753,ORL,25.0,82,18.2,7.12,6.0,1.12,0.52,0.01,2.7,6.0,0.3,0.24,0.55,0.556,0.444,2.02,4.57,6.6,3.2,1.54,0.307,0.693,0.799,0.384,2017-18
201933,Blake Griffin,1610612765,DET,29.0,58,34.0,9.67,5.79,3.88,1.4,0.21,2.91,6.86,0.41,0.64,1.05,0.393,0.607,0.6,4.03,4.64,2.57,0.76,0.13,0.87,0.903,0.267,2017-18
1626246,Boban Marjanovic,1610612746,LAC,29.0,37,9.1,4.3,3.86,0.43,0.38,0.0,1.49,3.24,0.08,0.05,0.14,0.6,0.4,0.89,2.73,3.62,1.92,0.86,0.246,0.754,0.845,0.381,2017-18
201628,Bobby Brown,1610612745,HOU,33.0,10,8.7,1.5,0.3,1.2,0.3,0.0,0.2,0.5,0.1,0.1,0.2,0.5,0.5,0.0,0.4,0.4,0.2,0.0,0.0,1.0,1.0,0.0,2017-18
1626171,Bobby Portis Jr.,1610612741,CHI,23.0,73,22.5,5.38,3.44,1.95,1.27,0.01,1.92,4.53,0.32,0.36,0.67,0.469,0.531,1.49,4.77,6.26,3.42,1.36,0.239,0.761,0.862,0.341,2017-18
203992,Bogdan Bogdanović,1610612758,SAC,25.0,78,27.9,5.85,3.18,2.67,2.14,0.0,0.28,0.67,0.4,0.41,0.81,0.492,0.508,0.18,1.86,2.04,1.12,0.19,0.088,0.912,0.861,0.149,2017-18
202711,Bojan Bogdanovic,1610612754,IND,29.0,80,30.8,6.99,3.71,3.28,1.09,0.03,0.14,0.3,0.24,0.5,0.74,0.322,0.678,0.13,1.29,1.41,0.7,0.09,0.088,0.912,0.836,0.104,2017-18
203078,Bradley Beal,1610612764,WAS,25.0,82,36.3,7.94,3.8,4.13,2.01,0.05,0.41,0.9,0.51,0.65,1.16,0.442,0.558,0.05,0.76,0.8,0.6,0.16,0.061,0.939,0.925,0.245,2017-18
201148,Brandan Wright,1610612745,HOU,30.0,28,13.6,5.54,4.54,1.0,0.86,0.0,2.0,4.61,0.11,0.32,0.43,0.25,0.75,0.61,3.54,4.14,1.96,0.71,0.147,0.853,0.797,0.29,2017-18
1627742,Brandon Ingram,1610612747,LAL,20.0,59,33.5,8.78,4.54,4.24,1.78,0.02,0.19,0.46,0.41,0.56,0.97,0.421,0.579,0.08,0.97,1.05,0.64,0.14,0.081,0.919,0.864,0.182,2017-18
201943,Brandon Jennings,1610612749,MIL,28.0,13,15.5,1.85,0.92,0.92,0.92,0.0,0.0,0.0,0.15,0.15,0.31,0.5,0.5,0.0,0.23,0.23,0.15,0.0,0.0,1.0,1.0,0.0,2017-18
203464,Brandon Paul,1610612759,SAS,27.0,44,12.3,2.66,1.34,1.32,1.0,0.25,0.11,0.27,0.11,0.27,0.39,0.294,0.706,0.11,1.09,1.2,0.73,0.18,0.094,0.906,0.914,0.229,2017-18
1627362,Briante Weber,1610612763,MEM,25.0,15,15.4,2.47,0.87,1.6,1.67,0.07,0.2,0.4,0.27,0.8,1.07,0.25,0.75,0.0,0.47,0.47,0.27,0.0,0.0,1.0,1.0,0.0,2017-18
1627744,Brice Johnson,1610612763,MEM,24.0,13,7.1,3.0,1.85,1.15,0.85,0.0,0.31,0.69,0.08,0.15,0.23,0.333,0.667,0.0,0.77,0.77,0.38,0.31,0.0,1.0,0.714,0.571,2017-18
201572,Brook Lopez,1610612747,LAL,30.0,74,23.4,12.59,10.11,2.49,1.01,0.0,2.14,4.76,0.23,0.26,0.49,0.472,0.528,0.45,6.27,6.72,3.47,0.92,0.066,0.934,0.868,0.23,2017-18
203998,Bruno Caboclo,1610612758,SAC,22.0,10,10.5,2.8,2.1,0.7,0.5,0.0,0.6,1.5,0.1,0.1,0.2,0.5,0.5,0.1,2.4,2.5,0.9,0.0,0.04,0.96,0.9,0.0,2017-18
1627854,Bryn Forbes,1610612759,SAS,24.0,74,20.0,3.69,1.99,1.7,0.54,0.0,0.15,0.32,0.19,0.39,0.58,0.326,0.674,0.01,1.08,1.09,0.62,0.08,0.012,0.988,0.821,0.107,2017-18
1627741,Buddy Hield,1610612758,SAC,25.0,80,25.3,6.59,3.84,2.75,1.89,0.0,0.08,0.19,0.56,0.61,1.18,0.479,0.521,0.13,0.84,0.96,0.59,0.25,0.13,0.87,0.922,0.392,2017-18
203710,C.J. Williams,1610612746,LAC,28.0,36,19.5,5.0,2.58,2.42,1.53,0.0,0.11,0.28,0.33,0.42,0.75,0.444,0.556,0.03,1.61,1.64,0.86,0.06,0.017,0.983,0.816,0.053,2017-18
203468,CJ McCollum,1610612757,POR,26.0,81,36.1,7.35,4.32,3.02,1.54,0.01,0.28,0.69,0.53,0.86,1.4,0.381,0.619,0.05,1.09,1.14,0.65,0.12,0.043,0.957,0.841,0.159,2017-18
101139,CJ Miles,1610612761,TOR,31.0,70,19.1,3.27,1.57,1.7,1.07,0.09,0.21,0.49,0.21,0.31,0.53,0.405,0.595,0.03,1.3,1.34,0.61,0.07,0.021,0.968,0.896,0.104,2017-18
1628403,Caleb Swanigan,1610612757,POR,21.0,26,7.2,2.15,1.31,0.85,0.15,0.0,0.58,1.42,0.12,0.19,0.31,0.375,0.625,0.58,1.73,2.31,0.92,0.19,0.25,0.75,0.8,0.167,2017-18
1626166,Cameron Payne,1610612741,CHI,23.0,25,23.3,5.16,2.04,3.12,2.12,0.0,0.08,0.2,0.4,0.84,1.24,0.323,0.677,0.08,1.12,1.2,0.68,0.0,0.067,0.933,0.85,0.0,2017-18
1627747,Caris LeVert,1610612751,BKN,23.0,71,26.2,6.14,3.39,2.75,2.31,0.08,0.21,0.58,0.45,0.61,1.06,0.427,0.573,0.04,1.0,1.04,0.66,0.17,0.041,0.959,0.839,0.214,2017-18
2546,Carmelo Anthony,1610612760,OKC,34.0,78,32.1,7.13,3.78,3.35,1.36,0.0,0.83,1.88,0.37,0.33,0.71,0.527,0.473,0.55,4.31,4.86,2.37,0.63,0.113,0.887,0.889,0.236,2017-18
1626224,Cedi Osman,1610612739,CLE,23.0,50,13.0,3.34,1.96,1.38,1.04,0.0,0.18,0.42,0.14,0.34,0.48,0.292,0.708,0.06,0.76,0.82,0.42,0.12,0.073,0.927,0.913,0.261,2017-18
202718,Chandler Parsons,1610612763,MEM,29.0,36,19.2,3.28,1.69,1.58,0.94,0.08,0.28,0.64,0.14,0.22,0.36,0.385,0.615,0.08,1.94,2.03,1.0,0.22,0.041,0.959,0.923,0.205,2017-18
101112,Channing Frye,1610612747,LAL,35.0,52,13.3,5.75,4.35,1.4,0.5,0.04,1.35,3.29,0.08,0.19,0.27,0.286,0.714,0.15,3.42,3.58,1.96,0.62,0.043,0.957,0.944,0.296,2017-18
1628429,Charles Cooke,1610612740,NOP,23.0,7,4.1,1.0,0.71,0.29,0.29,0.0,0.0,0.0,0.0,0.14,0.14,0.0,1.0,0.0,0.14,0.14,0.0,0.0,0.0,1.0,0.0,0.0,2017-18
1627767,Cheick Diallo,1610612740,NOP,21.0,50,11.6,4.44,3.46,0.98,0.38,0.0,1.38,3.12,0.14,0.22,0.36,0.389,0.611,0.88,2.1,3.0,1.46,0.68,0.293,0.7,0.811,0.378,2017-18
1627778,Chinanu Onuaku,1610612745,HOU,21.0,1,21.6,5.0,2.0,3.0,0.0,0.0,1.0,3.0,1.0,0.0,1.0,1.0,0.0,1.0,4.0,5.0,4.0,1.0,0.2,0.8,1.0,0.25,2017-18
1626191,Chris McCullough,1610612764,WAS,23.0,14,5.7,2.14,1.5,0.64,0.07,0.0,0.29,0.71,0.14,0.14,0.29,0.5,0.5,0.0,0.5,0.5,0.29,0.07,0.0,1.0,1.0,0.25,2017-18
101108,Chris Paul,1610612745,HOU,33.0,58,31.8,4.29,2.33,1.97,2.97,0.03,0.47,1.12,0.67,0.88,1.55,0.433,0.567,0.02,1.24,1.26,0.88,0.12,0.014,0.986,0.944,0.13,2017-18
203991,Clint Capela,1610612745,HOU,24.0,74,27.5,12.95,10.38,2.57,1.01,0.11,3.0,6.86,0.65,0.51,1.16,0.558,0.442,1.15,4.51,5.66,3.53,1.96,0.203,0.797,0.926,0.514,2017-18
203469,Cody Zeller,1610612766,CHA,25.0,33,19.0,5.27,4.45,0.82,0.7,0.06,3.91,9.0,0.24,0.36,0.61,0.4,0.6,1.45,5.76,7.21,3.55,1.39,0.202,0.798,0.886,0.348,2017-18
202332,Cole Aldrich,1610612750,MIN,29.0,18,2.5,0.67,0.39,0.28,0.44,0.0,0.39,0.89,0.06,0.0,0.06,1.0,0.0,0.06,0.67,0.72,0.28,0.17,0.077,0.923,1.0,0.6,2017-18
201147,Corey Brewer,1610612760,OKC,32.0,70,17.2,4.63,2.3,2.33,1.84,0.16,0.13,0.27,0.3,0.66,0.96,0.313,0.687,0.14,0.67,0.81,0.47,0.06,0.175,0.825,0.892,0.108,2017-18
202709,Cory Joseph,1610612754,IND,26.0,82,27.0,6.52,3.04,3.49,1.49,0.07,0.27,0.59,0.32,0.59,0.9,0.351,0.649,0.1,1.35,1.45,0.85,0.12,0.067,0.933,0.854,0.122,2017-18
201584,Courtney Lee,1610612752,NYK,32.0,76,30.4,5.18,2.41,2.78,1.95,0.03,0.25,0.53,0.29,0.54,0.83,0.349,0.651,0.01,0.84,0.86,0.49,0.13,0.015,0.985,0.881,0.238,2017-18
1626245,Cristiano Felicio,1610612741,CHI,25.0,54,18.0,5.7,4.17,1.54,0.59,0.0,2.54,5.89,0.31,0.22,0.54,0.586,0.414,1.41,3.37,4.78,2.74,0.93,0.295,0.705,0.831,0.281,2017-18
1626156,D'Angelo Russell,1610612751,BKN,22.0,48,25.7,4.25,2.38,1.88,1.67,0.0,0.23,0.56,0.25,0.71,0.96,0.261,0.739,0.04,0.79,0.83,0.46,0.08,0.05,0.95,0.957,0.174,2017-18
201571,D.J. Augustin,1610612753,ORL,30.0,74,23.7,2.89,1.42,1.47,0.92,0.11,0.31,0.65,0.27,0.5,0.77,0.351,0.649,0.03,1.2,1.23,0.84,0.08,0.022,0.978,0.925,0.09,2017-18
1628391,D.J. Wilson,1610612749,MIL,22.0,14,4.5,1.64,1.0,0.64,0.21,0.0,0.29,0.57,0.0,0.0,0.0,0.0,0.0,0.0,1.07,1.07,0.43,0.21,0.0,1.0,1.0,0.5,2017-18
1626177,Dakari Johnson,1610612760,OKC,22.0,27,5.8,2.3,1.59,0.7,0.44,0.0,0.85,1.85,0.04,0.07,0.11,0.333,0.667,0.52,1.74,2.26,1.07,0.22,0.23,0.77,0.829,0.171,2017-18
1627745,Damian Jones,1610612744,GSW,23.0,13,6.5,3.08,2.46,0.62,0.23,0.0,0.46,1.08,0.08,0.0,0.08,1.0,0.0,0.38,1.46,1.85,1.23,0.46,0.208,0.792,0.941,0.353,2017-18
203081,Damian Lillard,1610612757,POR,27.0,73,36.6,4.71,2.82,1.89,1.78,0.1,0.18,0.4,0.63,1.04,1.67,0.377,0.623,0.04,0.62,0.66,0.47,0.04,0.063,0.938,0.895,0.079,2017-18
2863,Damien Wilkins,1610612754,IND,38.0,12,9.8,2.25,1.17,1.08,0.25,0.0,0.08,0.25,0.08,0.08,0.17,0.5,0.5,0.17,0.75,0.92,0.42,0.08,0.182,0.818,0.714,0.143,2017-18
1627814,Damion Lee,1610612737,ATL,25.0,15,27.0,4.67,1.87,2.8,1.67,0.0,0.0,0.0,0.6,0.67,1.27,0.474,0.526,0.13,1.53,1.67,1.07,0.2,0.08,0.92,0.889,0.167,2017-18
1628422,Damyean Dotson,1610612752,NYK,24.0,36,12.4,2.33,1.03,1.31,0.36,0.0,0.03,0.08,0.14,0.28,0.42,0.333,0.667,0.0,0.67,0.67,0.33,0.11,0.0,1.0,1.0,0.333,2017-18
1627772,Daniel Hamilton,1610612760,OKC,22.0,3,7.2,1.67,0.67,1.0,0.33,0.0,0.0,0.0,0.0,0.33,0.33,0.0,1.0,0.0,0.0,0.0,0.0,0.0,0.0,0.0,0.0,0.0,2017-18
1628464,Daniel Theis,1610612738,BOS,26.0,61,15.3,6.67,5.3,1.38,0.92,0.0,1.82,4.31,0.26,0.34,0.61,0.432,0.568,1.44,3.87,5.31,2.89,1.18,0.272,0.728,0.846,0.346,2017-18
201568,Danilo Gallinari,1610612746,LAC,29.0,21,32.0,8.71,5.29,3.43,1.81,0.1,1.19,2.62,0.29,0.57,0.86,0.333,0.667,0.24,3.43,3.67,1.9,0.48,0.065,0.935,0.833,0.208,2017-18
201980,Danny Green,1610612759,SAS,31.0,70,25.6,8.4,5.51,2.89,2.01,0.04,0.24,0.54,0.33,0.39,0.71,0.46,0.54,0.17,1.6,1.77,0.94,0.19,0.097,0.903,0.892,0.176,2017-18
201967,Dante Cunningham,1610612751,BKN,31.0,73,21.4,6.25,4.62,1.63,1.04,0.01,0.96,2.34,0.21,0.4,0.6,0.341,0.659,0.6,4.45,5.05,2.52,0.67,0.119,0.881,0.876,0.233,2017-18
203957,Dante Exum,1610612762,UTA,22.0,14,16.8,4.07,2.0,2.07,1.0,0.14,0.14,0.36,0.57,0.14,0.71,0.8,0.2,0.07,0.64,0.71,0.43,0.07,0.1,0.9,1.0,0.167,2017-18
1627863,Danuel House Jr.,1610612756,PHX,25.0,22,18.2,6.05,3.41,2.64,0.55,0.0,0.09,0.27,0.18,0.27,0.45,0.4,0.6,0.0,1.18,1.18,0.68,0.14,0.0,1.0,0.882,0.176,2017-18
203967,Dario Saric,1610612755,PHI,24.0,77,30.0,9.74,6.08,3.66,1.31,0.01,1.0,2.23,0.45,0.42,0.87,0.522,0.478,1.21,3.58,4.79,2.47,0.94,0.252,0.748,0.888,0.336,2017-18
203121,Darius Miller,1610612740,NOP,28.0,81,24.0,5.52,3.06,2.46,0.79,0.0,0.22,0.52,0.4,0.32,0.72,0.552,0.448,0.09,2.96,3.05,1.41,0.15,0.028,0.972,0.864,0.091,2017-18
201589,Darrell Arthur,1610612743,DEN,30.0,17,8.3,2.41,1.88,0.53,0.94,0.0,0.47,1.12,0.18,0.06,0.24,0.75,0.25,0.12,2.71,2.82,1.82,0.35,0.042,0.958,0.969,0.188,2017-18
201954,Darren Collison,1610612754,IND,30.0,69,29.3,4.67,1.86,2.81,2.3,0.0,0.17,0.36,0.41,0.74,1.14,0.354,0.646,0.03,0.35,0.38,0.26,0.03,0.077,0.923,0.818,0.091,2017-18
1626199,Darrun Hilliard,1610612759,SAS,25.0,9,8.1,3.0,1.56,1.44,0.44,0.0,0.0,0.0,0.11,0.0,0.11,1.0,0.0,0.0,0.33,0.33,0.33,0.0,0.0,1.0,1.0,0.0,2017-18
1628021,David Nwaba,1610612741,CHI,25.0,70,23.5,5.83,3.16,2.67,1.46,0.0,0.14,0.34,0.37,0.61,0.99,0.377,0.623,0.67,1.1,1.77,1.09,0.29,0.379,0.621,0.784,0.206,2017-18
204065,David Stockton,1610612762,UTA,27.0,2,3.2,1.5,0.0,1.5,0.0,0.0,0.0,0.0,0.0,0.0,0.0,0.0,0.0,0.0,0.5,0.5,0.5,0.0,0.0,1.0,1.0,0.0,2017-18
2561,David West,1610612744,GSW,37.0,73,13.7,6.42,4.85,1.58,1.27,0.01,1.45,3.36,0.18,0.22,0.4,0.448,0.552,0.58,2.89,3.47,2.08,0.77,0.166,0.834,0.894,0.329,2017-18
202722,Davis Bertans,1610612759,SAS,25.0,70,15.4,6.01,4.27,1.74,0.69,0.01,0.5,1.19,0.14,0.14,0.29,0.5,0.5,0.27,2.87,3.14,1.73,0.36,0.086,0.914,0.917,0.189,2017-18
1628432,Davon Reed,1610612756,PHX,23.0,21,11.5,1.9,1.29,0.62,0.81,0.05,0.0,0.0,0.24,0.29,0.52,0.455,0.545,0.0,0.9,0.9,0.48,0.05,0.0,1.0,0.833,0.083,2017-18
1628368,De'Aaron Fox,1610612758,SAC,20.0,72,28.0,6.43,2.75,3.68,1.54,0.04,0.15,0.36,0.22,0.94,1.17,0.19,0.81,0.0,0.44,0.44,0.29,0.01,0.0,1.0,1.0,0.048,2017-18
201599,DeAndre Jordan,1610612746,LAC,29.0,77,31.5,7.84,6.19,1.65,1.05,0.01,3.99,8.92,0.32,0.47,0.79,0.41,0.59,4.01,5.44,9.45,5.39,3.44,0.424,0.576,0.838,0.535,2017-18
202732,DeAndre Liggins,1610612740,NOP,30.0,49,14.3,2.78,1.59,1.18,1.33,0.16,0.04,0.08,0.12,0.57,0.69,0.176,0.824,0.06,0.39,0.45,0.29,0.04,0.136,0.864,0.875,0.125,2017-18
1627761,DeAndre' Bembry,1610612737,ATL,23.0,26,17.5,3.65,2.19,1.46,1.54,0.04,0.08,0.15,0.27,0.35,0.62,0.438,0.563,0.08,1.27,1.35,0.73,0.12,0.057,0.943,1.0,0.158,2017-18
201942,DeMar DeRozan,1610612761,TOR,28.0,80,33.9,3.84,2.21,1.63,1.75,0.03,0.13,0.35,0.43,0.7,1.13,0.378,0.622,0.01,1.34,1.35,0.88,0.13,0.009,0.991,0.897,0.128,2017-18
202326,DeMarcus Cousins,1610612740,NOP,27.0,48,36.2,13.35,10.65,2.71,2.71,0.5,2.31,5.29,0.67,0.92,1.58,0.421,0.579,2.21,5.98,8.23,4.54,2.21,0.268,0.727,0.908,0.442,2017-18
201960,DeMarre Carroll,1610612751,BKN,31.0,73,29.9,7.34,4.92,2.42,1.71,0.05,0.64,1.67,0.62,0.68,1.3,0.474,0.526,0.27,1.93,2.21,1.11,0.4,0.124,0.876,0.89,0.319,2017-18
1627749,Dejounte Murray,1610612759,SAS,21.0,79,22.0,6.37,3.85,2.52,2.14,0.0,0.09,0.2,0.52,0.77,1.29,0.402,0.598,0.25,0.58,0.84,0.53,0.3,0.303,0.697,0.894,0.511,2017-18
1626153,Delon Wright,1610612761,TOR,26.0,69,20.8,4.41,2.8,1.61,1.99,0.09,0.16,0.38,0.29,0.64,0.93,0.313,0.688,0.07,1.09,1.16,0.71,0.07,0.063,0.938,0.907,0.093,2017-18
1627743,Demetrius Jackson,1610612755,PHI,23.0,10,6.4,1.8,0.8,1.0,0.5,0.0,0.0,0.0,0.2,0.0,0.2,1.0,0.0,0.0,0.5,0.5,0.2,0.0,0.0,1.0,1.0,0.0,2017-18
203471,Dennis Schröder,1610612737,ATL,24.0,67,31.0,6.07,2.69,3.39,1.66,0.24,0.43,1.01,0.52,0.81,1.33,0.393,0.607,0.04,0.72,0.76,0.43,0.03,0.059,0.941,0.879,0.061,2017-18
1628372,Dennis Smith Jr.,1610612742,DAL,20.0,69,29.7,7.06,3.33,3.72,2.13,0.06,0.49,1.12,0.7,0.59,1.29,0.539,0.461,0.0,0.97,0.97,0.57,0.04,0.0,1.0,0.867,0.067,2017-18
1627756,Denzel Valentine,1610612741,CHI,24.0,77,27.2,6.51,2.99,3.52,1.65,0.01,0.13,0.34,0.43,0.69,1.12,0.384,0.616,0.06,1.39,1.45,0.91,0.22,0.045,0.955,0.959,0.233,2017-18
202324,Derrick Favors,1610612762,UTA,26.0,77,28.0,10.73,8.17,2.56,1.27,0.0,2.71,6.16,0.45,0.34,0.79,0.574,0.426,1.7,5.97,7.68,4.09,1.73,0.222,0.778,0.868,0.366,2017-18
1627884,Derrick Jones Jr.,1610612748,MIA,21.0,17,14.0,4.35,3.06,1.29,0.47,0.06,0.12,0.29,0.24,0.24,0.47,0.5,0.5,0.06,0.59,0.65,0.47,0.06,0.091,0.909,1.0,0.125,2017-18
201565,Derrick Rose,1610612750,MIN,29.0,23,17.7,3.7,2.26,1.43,0.57,0.0,0.22,0.43,0.26,0.48,0.74,0.353,0.647,0.09,0.35,0.43,0.35,0.09,0.2,0.8,0.889,0.222,2017-18
1628476,Derrick Walton Jr.,1610612748,MIA,23.0,14,10.2,1.86,1.14,0.71,0.57,0.0,0.0,0.0,0.29,0.29,0.57,0.5,0.5,0.0,0.43,0.43,0.21,0.14,0.0,1.0,1.0,0.667,2017-18
1628401,Derrick White,1610612759,SAS,23.0,12,10.8,3.5,1.42,2.08,0.75,0.08,0.17,0.42,0.33,0.08,0.42,0.8,0.2,0.0,0.25,0.25,0.25,0.17,0.0,1.0,1.0,0.667,2017-18
202682,Derrick Williams,1610612747,LAL,27.0,1,8.1,2.0,1.0,1.0,0.0,0.0,0.0,0.0,0.0,0.0,0.0,0.0,0.0,0.0,0.0,0.0,0.0,0.0,0.0,0.0,0.0,0.0,2017-18
1626164,Devin Booker,1610612756,PHX,21.0,54,34.5,6.2,2.94,3.26,1.35,0.07,0.46,1.02,0.57,0.63,1.2,0.477,0.523,0.04,1.26,1.3,0.69,0.11,0.029,0.971,0.841,0.136,2017-18
2734,Devin Harris,1610612743,DEN,35.0,69,18.9,2.94,1.42,1.52,1.38,0.17,0.09,0.2,0.35,0.45,0.8,0.436,0.564,0.03,1.01,1.04,0.62,0.16,0.028,0.972,0.843,0.216,2017-18
1628421,Devin Robinson,1610612764,WAS,23.0,1,13.2,4.0,2.0,2.0,1.0,1.0,0.0,0.0,0.0,0.0,0.0,0.0,0.0,0.0,1.0,1.0,0.0,0.0,0.0,1.0,0.0,0.0,2017-18
203473,Dewayne Dedmon,1610612737,ATL,28.0,62,24.9,8.55,5.79,2.76,1.29,0.06,2.76,6.16,0.48,0.5,0.98,0.492,0.508,1.1,4.08,5.18,2.56,1.21,0.212,0.788,0.841,0.397,2017-18
1627738,Deyonta Davis,1610612763,MEM,21.0,62,15.2,5.6,4.58,1.02,0.74,0.0,2.15,4.81,0.18,0.18,0.35,0.5,0.5,0.82,3.68,4.5,2.08,0.79,0.183,0.817,0.86,0.327,2017-18
1628415,Dillon Brooks,1610612763,MEM,22.0,82,28.7,7.59,3.67,3.91,1.74,0.06,0.15,0.37,0.29,0.48,0.77,0.381,0.619,0.24,1.59,1.83,1.02,0.18,0.133,0.867,0.866,0.155,2017-18
203079,Dion Waiters,1610612748,MIA,26.0,30,30.6,7.23,4.23,3.0,1.47,0.0,0.27,0.6,0.27,0.47,0.73,0.364,0.636,0.03,1.2,1.23,0.57,0.13,0.027,0.973,0.81,0.19,2017-18
1717,Dirk Nowitzki,1610612742,DAL,40.0,77,24.7,7.18,5.57,1.61,0.97,0.0,2.05,4.66,0.16,0.22,0.38,0.414,0.586,0.21,5.1,5.31,3.21,1.04,0.039,0.961,0.925,0.3,2017-18
1627734,Domantas Sabonis,1610612754,IND,22.0,74,24.5,8.31,6.45,1.86,1.03,0.03,3.78,8.15,0.32,0.36,0.69,0.471,0.529,1.74,5.12,6.86,3.74,1.47,0.254,0.746,0.86,0.339,2017-18
1628378,Donovan Mitchell,1610612762,UTA,21.0,79,33.4,6.57,3.66,2.91,2.27,0.01,0.15,0.35,0.43,0.58,1.01,0.425,0.575,0.0,1.91,1.91,1.15,0.16,0.0,1.0,0.919,0.131,2017-18
1627827,Dorian Finney-Smith,1610612742,DAL,25.0,21,21.3,4.67,2.62,2.05,0.9,0.05,0.24,0.48,0.24,0.43,0.67,0.357,0.643,0.1,1.43,1.52,0.81,0.24,0.063,0.938,0.81,0.238,2017-18
203926,Doug McDermott,1610612742,DAL,26.0,79,22.2,4.18,2.03,2.15,0.49,0.0,0.19,0.42,0.19,0.33,0.52,0.366,0.634,0.18,1.51,1.68,0.92,0.23,0.105,0.895,0.859,0.212,2017-18
1627733,Dragan Bender,1610612756,PHX,20.0,82,25.2,10.63,6.79,3.84,0.51,0.0,1.56,3.6,0.24,0.17,0.41,0.588,0.412,0.3,3.82,4.12,1.98,0.49,0.074,0.926,0.89,0.22,2017-18
203110,Draymond Green,1610612744,GSW,28.0,70,32.7,11.94,7.99,3.96,3.1,0.07,1.77,4.46,0.33,0.59,0.91,0.359,0.641,0.53,6.56,7.09,3.47,1.2,0.075,0.925,0.868,0.3,2017-18
1628407,Dwayne Bacon,1610612766,CHA,22.0,47,14.9,3.72,1.83,1.89,0.38,0.0,0.06,0.15,0.11,0.26,0.36,0.294,0.706,0.02,0.72,0.74,0.49,0.06,0.029,0.971,0.92,0.12,2017-18
202779,Dwight Buycks,1610612765,DET,29.0,27,15.7,3.04,1.37,1.67,1.63,0.07,0.11,0.26,0.19,0.11,0.3,0.625,0.375,0.0,0.67,0.67,0.37,0.0,0.0,1.0,0.769,0.0,2017-18
2730,Dwight Howard,1610612766,CHA,32.0,81,30.4,8.77,7.17,1.59,1.58,0.0,4.17,9.63,0.3,0.32,0.62,0.48,0.52,2.86,4.85,7.72,4.49,2.59,0.371,0.629,0.867,0.5,2017-18
203939,Dwight Powell,1610612742,DAL,26.0,79,21.2,8.63,5.49,3.14,1.66,0.09,2.13,5.01,0.44,0.46,0.9,0.493,0.507,0.99,3.61,4.59,2.24,0.81,0.215,0.785,0.859,0.311,2017-18
2548,Dwyane Wade,1610612748,MIA,36.0,67,22.9,5.04,2.72,2.33,1.87,0.01,0.25,0.63,0.42,0.45,0.87,0.483,0.517,0.13,1.31,1.45,0.76,0.15,0.093,0.907,0.75,0.147,2017-18
202734,E'Twaun Moore,1610612740,NOP,29.0,82,31.5,6.43,4.0,2.43,1.71,0.0,0.18,0.4,0.56,0.77,1.33,0.422,0.578,0.02,1.48,1.5,0.85,0.15,0.016,0.984,0.921,0.158,2017-18
202334,Ed Davis,1610612757,POR,29.0,78,18.9,6.91,6.04,0.87,0.78,0.01,3.59,8.24,0.22,0.38,0.6,0.362,0.638,2.51,6.46,8.99,4.56,1.77,0.28,0.719,0.85,0.329,2017-18
202327,Ekpe Udoh,1610612762,UTA,31.0,63,12.9,6.43,5.27,1.16,1.13,0.0,2.38,5.59,0.19,0.27,0.46,0.414,0.586,0.52,3.14,3.67,1.87,0.37,0.143,0.857,0.887,0.173,2017-18
203901,Elfrid Payton,1610612756,PHX,24.0,63,28.7,6.06,3.27,2.79,2.27,0.0,0.46,1.06,0.65,0.9,1.56,0.418,0.582,0.08,0.87,0.95,0.46,0.16,0.083,0.917,0.853,0.294,2017-18
2731,Emeka Okafor,1610612740,NOP,35.0,25,14.0,6.12,5.24,0.88,0.68,0.04,1.12,2.6,0.16,0.24,0.4,0.4,0.6,0.52,4.16,4.68,2.28,0.76,0.111,0.889,0.877,0.292,2017-18
1626144,Emmanuel Mudiay,1610612752,NYK,22.0,59,20.5,3.71,1.63,2.08,1.22,0.02,0.19,0.41,0.36,0.37,0.73,0.488,0.512,0.03,0.46,0.49,0.32,0.14,0.069,0.931,0.95,0.4,2017-18
202683,Enes Freedom,1610612752,NYK,26.0,71,25.8,8.7,7.07,1.63,0.96,0.01,2.86,6.13,0.38,0.34,0.72,0.529,0.471,4.52,5.65,10.17,5.39,2.77,0.445,0.555,0.84,0.432,2017-18
202339,Eric Bledsoe,1610612749,MIL,28.0,73,31.8,7.12,4.05,3.07,3.41,0.04,0.48,1.08,0.52,0.93,1.47,0.355,0.636,0.04,0.77,0.81,0.45,0.05,0.051,0.949,0.825,0.1,2017-18
201569,Eric Gordon,1610612745,HOU,29.0,69,31.2,4.77,2.38,2.39,1.39,0.03,0.29,0.7,0.32,0.61,0.93,0.344,0.656,0.01,1.35,1.36,0.78,0.12,0.011,0.989,0.831,0.123,2017-18
203961,Eric Moreland,1610612765,DET,26.0,66,12.2,5.02,4.18,0.83,0.92,0.2,1.95,4.35,0.18,0.2,0.38,0.48,0.52,0.76,2.56,3.33,1.8,0.67,0.227,0.768,0.856,0.317,2017-18
1628571,Erik McCree,1610612762,UTA,24.0,1,4.2,0.0,0.0,0.0,0.0,0.0,0.0,0.0,0.0,2.0,2.0,0.0,1.0,0.0,0.0,0.0,0.0,0.0,0.0,0.0,0.0,0.0,2017-18
101141,Ersan Ilyasova,1610612755,PHI,31.0,69,25.1,6.75,4.58,2.17,1.7,0.46,1.84,4.06,0.35,0.57,0.91,0.381,0.619,1.04,3.29,4.33,2.14,0.88,0.241,0.759,0.865,0.357,2017-18
203095,Evan Fournier,1610612753,ORL,25.0,57,32.2,5.37,3.07,2.3,2.18,0.02,0.39,0.86,0.35,0.46,0.81,0.435,0.565,0.11,2.63,2.74,1.42,0.37,0.038,0.962,0.9,0.233,2017-18
202323,Evan Turner,1610612757,POR,29.0,79,25.7,5.44,3.01,2.43,0.97,0.0,0.23,0.57,0.23,0.53,0.76,0.3,0.7,0.06,1.67,1.73,1.03,0.24,0.036,0.964,0.862,0.202,2017-18
1626163,Frank Kaminsky,1610612766,CHA,25.0,78,23.5,7.36,4.74,2.62,0.54,0.04,1.65,3.85,0.19,0.42,0.62,0.313,0.688,0.53,3.81,4.33,2.17,0.5,0.121,0.879,0.871,0.201,2017-18
1628412,Frank Mason III,1610612758,SAC,24.0,50,19.3,3.12,1.1,2.02,0.94,0.0,0.08,0.18,0.4,0.46,0.86,0.465,0.535,0.04,0.62,0.66,0.46,0.1,0.061,0.939,0.821,0.179,2017-18
1628373,Frank Ntilikina,1610612752,NYK,19.0,78,21.9,4.83,3.04,1.79,1.59,0.01,0.13,0.32,0.32,0.37,0.69,0.463,0.537,0.04,0.73,0.77,0.55,0.15,0.05,0.95,0.896,0.25,2017-18
1627832,Fred VanVleet,1610612761,TOR,24.0,75,20.0,3.77,2.08,1.69,1.69,0.08,0.27,0.63,0.37,0.61,0.99,0.378,0.622,0.03,1.44,1.47,0.92,0.12,0.018,0.982,0.885,0.115,2017-18
1627788,Furkan Korkmaz,1610612755,PHI,20.0,12,6.1,1.42,0.83,0.58,0.25,0.0,0.0,0.0,0.0,0.08,0.08,0.0,1.0,0.0,0.42,0.42,0.17,0.0,0.0,1.0,1.0,0.0,2017-18
202066,Garrett Temple,1610612758,SAC,32.0,65,24.8,5.78,2.6,3.18,1.86,0.02,0.15,0.34,0.23,0.65,0.88,0.263,0.737,0.0,0.8,0.8,0.43,0.06,0.0,1.0,0.903,0.129,2017-18
203914,Gary Harris,1610612743,DEN,23.0,67,34.4,5.42,2.51,2.91,3.03,0.06,0.13,0.3,0.54,0.84,1.37,0.391,0.609,0.06,0.81,0.87,0.55,0.1,0.069,0.931,0.925,0.175,2017-18
1627780,Gary Payton II,1610612747,LAL,25.0,20,10.8,2.55,1.5,1.05,1.0,0.0,0.2,0.4,0.1,0.25,0.35,0.286,0.714,0.15,0.4,0.55,0.15,0.0,0.273,0.727,0.75,0.0,2017-18
201588,George Hill,1610612739,CLE,32.0,67,27.0,5.78,2.76,3.01,1.79,0.03,0.57,1.36,0.4,0.61,1.01,0.397,0.603,0.31,1.55,1.87,0.96,0.25,0.168,0.832,0.865,0.23,2017-18
1627777,Georges Niang,1610612762,UTA,25.0,7,4.0,1.0,0.71,0.29,0.29,0.0,0.0,0.0,0.29,0.0,0.29,1.0,0.0,0.14,1.14,1.29,0.71,0.29,0.111,0.889,1.0,0.4,2017-18
1627834,Georgios Papagiannis,1610612757,POR,20.0,16,7.5,4.19,3.31,0.88,0.31,0.0,1.25,2.94,0.06,0.13,0.19,0.333,0.667,0.44,1.13,1.56,0.56,0.31,0.28,0.72,0.692,0.385,2017-18
101123,Gerald Green,1610612745,HOU,32.0,39,23.7,5.59,3.28,2.31,1.1,0.03,0.21,0.49,0.44,0.38,0.82,0.531,0.469,0.0,1.13,1.13,0.67,0.13,0.0,1.0,0.839,0.161,2017-18
1628492,Gian Clavell,1610612742,DAL,24.0,7,9.1,2.14,0.71,1.43,0.71,0.0,0.0,0.0,0.0,0.29,0.29,0.0,1.0,0.0,0.71,0.71,0.29,0.0,0.0,1.0,1.0,0.0,2017-18
203507,Giannis Antetokounmpo,1610612749,MIL,23.0,75,36.7,10.31,6.6,3.71,2.52,0.0,1.43,3.17,0.85,0.89,1.75,0.489,0.511,0.72,4.73,5.47,2.39,1.07,0.132,0.866,0.882,0.394,2017-18
203922,Glenn Robinson III,1610612754,IND,24.0,23,14.7,3.7,2.17,1.52,0.78,0.0,0.09,0.22,0.17,0.26,0.43,0.4,0.6,0.09,0.83,0.91,0.52,0.04,0.095,0.905,0.857,0.071,2017-18
201609,Goran Dragic,1610612748,MIA,32.0,75,31.7,5.53,3.79,1.75,1.47,0.07,0.41,0.89,0.71,0.61,1.32,0.535,0.465,0.09,0.57,0.67,0.43,0.12,0.14,0.86,0.821,0.231,2017-18
202330,Gordon Hayward,1610612738,BOS,28.0,1,5.3,0.0,0.0,0.0,0.0,0.0,0.0,0.0,0.0,1.0,1.0,0.0,1.0,0.0,0.0,0.0,0.0,0.0,0.0,0.0,0.0,0.0,2017-18
203476,Gorgui Dieng,1610612750,MIN,28.0,79,16.9,6.72,4.94,1.78,1.34,0.18,1.73,3.76,0.34,0.41,0.75,0.458,0.542,0.44,3.25,3.7,1.8,0.8,0.12,0.88,0.871,0.387,2017-18
202328,Greg Monroe,1610612738,BOS,28.0,51,20.4,6.51,5.75,0.76,1.51,0.04,1.75,4.04,0.37,0.51,0.88,0.422,0.578,1.84,4.94,6.78,3.31,1.47,0.272,0.728,0.899,0.399,2017-18
1627824,Guerschon Yabusele,1610612738,BOS,22.0,29,7.9,2.31,1.55,0.76,0.38,0.0,0.52,1.28,0.21,0.28,0.48,0.429,0.571,0.55,1.69,2.24,1.03,0.34,0.246,0.754,0.75,0.25,2017-18
203084,Harrison Barnes,1610612742,DAL,26.0,77,34.2,8.52,4.94,3.58,1.08,0.01,0.88,2.17,0.56,0.71,1.27,0.439,0.561,0.26,4.31,4.57,2.26,0.69,0.057,0.943,0.892,0.272,2017-18
202355,Hassan Whiteside,1610612748,MIA,29.0,54,25.3,9.56,8.56,1.0,1.15,0.02,3.09,6.57,0.5,0.41,0.91,0.551,0.449,1.89,3.98,5.87,3.11,1.83,0.322,0.678,0.862,0.508,2017-18
1627740,Henry Ellenson,1610612765,DET,21.0,32,9.9,3.78,2.16,1.63,0.25,0.0,0.78,1.81,0.09,0.09,0.19,0.5,0.5,0.09,1.78,1.88,1.03,0.25,0.05,0.95,0.868,0.211,2017-18
203546,Ian Clark,1610612740,NOP,27.0,71,20.1,3.85,2.11,1.73,0.72,0.01,0.27,0.63,0.23,0.37,0.59,0.381,0.619,0.0,0.9,0.9,0.46,0.1,0.0,1.0,0.786,0.167,2017-18
101133,Ian Mahinmi,1610612764,WAS,31.0,77,14.9,5.79,4.6,1.19,1.12,0.04,2.1,4.66,0.22,0.26,0.48,0.459,0.541,0.92,4.82,5.74,3.19,1.05,0.161,0.839,0.869,0.286,2017-18
1628387,Ike Anigbogu,1610612754,IND,19.0,8,3.3,1.63,1.38,0.25,0.13,0.0,0.38,0.88,0.13,0.25,0.38,0.333,0.667,0.13,1.25,1.38,0.63,0.25,0.091,0.909,1.0,0.4,2017-18
202697,Iman Shumpert,1610612758,SAC,28.0,14,19.7,3.43,1.57,1.86,1.93,0.0,0.43,1.07,0.29,0.57,0.86,0.333,0.667,0.0,1.79,1.79,1.07,0.43,0.0,1.0,0.789,0.316,2017-18
203477,Isaiah Canaan,1610612756,PHX,27.0,20,21.1,3.55,1.9,1.65,1.55,0.1,0.05,0.1,0.4,0.7,1.1,0.364,0.636,0.05,0.05,0.1,0.05,0.0,0.5,0.5,1.0,0.0,2017-18
1628439,Isaiah Hicks,1610612752,NYK,23.0,18,13.3,4.72,3.17,1.56,0.44,0.0,1.17,2.72,0.17,0.06,0.22,0.75,0.25,0.11,2.56,2.67,1.22,0.06,0.042,0.958,0.917,0.042,2017-18
1627819,Isaiah Taylor,1610612737,ATL,23.0,65,17.9,3.66,1.78,1.88,0.82,0.03,0.02,0.03,0.4,0.31,0.71,0.565,0.435,0.0,0.43,0.43,0.28,0.05,0.0,1.0,0.9,0.15,2017-18
202738,Isaiah Thomas,1610612747,LAL,29.0,32,26.9,5.78,2.91,2.88,0.66,0.09,0.41,1.06,0.47,0.56,1.03,0.455,0.545,0.0,0.72,0.72,0.56,0.03,0.0,1.0,0.9,0.05,2017-18
1627785,Isaiah Whitehead,1610612751,BKN,23.0,15,11.6,3.07,1.53,1.53,0.6,0.0,0.0,0.0,0.07,0.27,0.33,0.2,0.8,0.13,0.47,0.6,0.47,0.2,0.222,0.778,1.0,0.429,2017-18
202397,Ish Smith,1610612765,DET,29.0,82,24.9,4.87,2.82,2.05,1.43,0.13,0.15,0.37,0.4,0.74,1.15,0.351,0.649,0.02,0.44,0.46,0.24,0.02,0.053,0.947,0.69,0.069,2017-18
1628397,Ivan Rabb,1610612763,MEM,21.0,34,15.1,5.41,3.5,1.91,0.68,0.0,1.59,3.35,0.35,0.24,0.59,0.6,0.4,0.91,2.79,3.71,1.94,0.82,0.246,0.754,0.88,0.373,2017-18
1627826,Ivica Zubac,1610612747,LAL,21.0,41,9.8,5.24,4.12,1.12,0.29,0.0,1.27,2.95,0.15,0.15,0.29,0.5,0.5,0.56,2.37,2.93,1.56,0.61,0.192,0.808,0.853,0.333,2017-18
200826,J.J. Barea,1610612742,DAL,34.0,68,23.3,3.28,1.34,1.94,0.71,0.04,0.1,0.22,0.29,0.47,0.76,0.385,0.615,0.01,0.62,0.63,0.49,0.1,0.023,0.977,0.971,0.206,2017-18
200755,JJ Redick,1610612755,PHI,34.0,70,30.2,4.87,2.71,2.16,0.8,0.07,0.76,1.59,0.37,0.31,0.69,0.542,0.458,0.01,1.21,1.23,0.76,0.07,0.012,0.988,0.841,0.079,2017-18
2747,JR Smith,1610612739,CLE,32.0,80,28.1,4.99,2.16,2.83,1.53,0.04,0.54,1.3,0.26,0.56,0.83,0.318,0.682,0.15,2.11,2.26,1.19,0.23,0.066,0.934,0.848,0.161,2017-18
203960,JaKarr Sampson,1610612758,SAC,25.0,22,15.6,5.41,3.36,2.05,0.91,0.05,0.27,0.73,0.32,0.14,0.45,0.7,0.3,0.32,2.68,3.0,1.27,0.27,0.106,0.894,0.933,0.2,2017-18
203210,JaMychal Green,1610612763,MEM,28.0,55,28.0,6.15,3.29,2.85,1.25,0.05,1.29,3.09,0.51,0.45,0.96,0.528,0.472,2.44,4.45,6.89,3.16,1.24,0.354,0.646,0.821,0.321,2017-18
201580,JaVale McGee,1610612744,GSW,30.0,65,9.5,5.02,3.95,1.06,0.71,0.0,1.15,2.74,0.17,0.06,0.23,0.733,0.267,0.54,2.34,2.88,1.45,0.54,0.187,0.813,0.887,0.33,2017-18
1628444,Jabari Bird,1610612738,BOS,23.0,8,13.1,2.63,1.0,1.63,0.88,0.0,0.0,0.0,0.25,0.25,0.5,0.5,0.5,0.13,1.13,1.25,0.25,0.0,0.1,0.9,0.4,0.0,2017-18
203953,Jabari Parker,1610612749,MIL,23.0,31,24.0,6.03,3.58,2.45,1.32,0.0,0.42,0.9,0.39,0.71,1.1,0.353,0.647,0.42,2.19,2.61,1.19,0.45,0.16,0.84,0.787,0.298,2017-18
204022,Jack Cooley,1610612758,SAC,27.0,7,12.5,4.43,3.14,1.29,0.14,0.0,2.57,5.86,0.43,0.57,1.0,0.429,0.571,1.43,3.43,4.86,3.0,1.14,0.294,0.706,1.0,0.381,2017-18
1626643,Jacob Pullen,1610612755,PHI,28.0,2,1.2,1.0,0.0,1.0,0.0,0.0,0.0,0.0,0.0,0.0,0.0,0.0,0.0,0.0,0.0,0.0,0.0,0.0,0.0,0.0,0.0,0.0,2017-18
1628451,Jacob Wiley,1610612751,BKN,23.0,4,8.0,2.75,2.0,0.75,0.25,0.0,0.5,1.25,0.0,0.25,0.25,0.0,1.0,0.0,2.0,2.0,1.0,0.5,0.0,1.0,0.8,0.4,2017-18
203109,Jae Crowder,1610612762,UTA,27.0,80,26.1,6.83,3.83,3.0,1.49,0.03,0.59,1.4,0.29,0.36,0.65,0.442,0.558,0.2,2.03,2.24,1.09,0.33,0.089,0.905,0.935,0.28,2017-18
1626143,Jahlil Okafor,1610612751,BKN,22.0,28,12.6,6.25,5.32,0.93,0.11,0.0,1.07,2.54,0.39,0.11,0.5,0.786,0.214,0.46,3.14,3.61,2.0,0.79,0.129,0.871,0.889,0.349,2017-18
1627774,Jake Layman,1610612757,POR,24.0,23,5.6,1.22,0.87,0.35,0.26,0.0,0.04,0.09,0.09,0.13,0.22,0.4,0.6,0.09,0.43,0.52,0.3,0.09,0.167,0.833,0.875,0.25,2017-18
1627751,Jakob Poeltl,1610612761,TOR,22.0,82,18.6,9.95,8.46,1.49,1.0,0.05,2.84,6.51,0.44,0.27,0.71,0.621,0.379,0.95,4.09,5.06,2.8,1.01,0.188,0.807,0.898,0.324,2017-18
1627883,Jalen Jones,1610612742,DAL,25.0,13,13.4,3.23,1.23,2.0,0.92,0.08,0.31,0.77,0.54,0.08,0.62,0.875,0.125,0.31,0.85,1.15,0.38,0.08,0.267,0.733,0.833,0.167,2017-18
2037,Jamal Crawford,1610612750,MIN,38.0,73,20.9,1.74,0.7,1.04,1.01,0.01,0.04,0.08,0.26,0.37,0.63,0.413,0.587,0.0,0.23,0.23,0.12,0.01,0.0,1.0,1.0,0.111,2017-18
1627750,Jamal Murray,1610612743,DEN,21.0,81,31.7,7.69,4.33,3.36,2.05,0.06,0.43,0.95,0.63,0.59,1.22,0.515,0.485,0.04,1.46,1.49,0.88,0.16,0.025,0.975,0.888,0.163,2017-18
1627866,Jameel Warney,1610612742,DAL,24.0,3,9.0,1.67,0.67,1.0,0.0,0.0,2.0,4.67,0.33,0.0,0.33,1.0,0.0,2.33,2.33,4.67,2.33,0.67,0.5,0.5,0.7,0.2,2017-18
2749,Jameer Nelson,1610612765,DET,36.0,48,20.8,3.4,1.54,1.85,0.96,0.08,0.23,0.56,0.21,0.42,0.63,0.333,0.667,0.0,0.75,0.75,0.48,0.13,0.0,1.0,0.92,0.24,2017-18
1628503,Jamel Artis,1610612753,ORL,25.0,12,22.3,4.42,2.58,1.83,0.83,0.0,0.08,0.17,0.17,0.17,0.33,0.5,0.5,0.08,1.5,1.58,1.08,0.42,0.053,0.947,1.0,0.385,2017-18
203516,James Ennis III,1610612765,DET,27.0,72,22.3,5.04,2.53,2.51,1.29,0.01,0.18,0.43,0.26,0.46,0.72,0.365,0.635,0.33,1.13,1.46,1.0,0.35,0.229,0.771,0.9,0.313,2017-18
201935,James Harden,1610612745,HOU,28.0,72,35.4,7.56,4.44,3.11,2.85,0.03,0.35,0.88,0.46,0.81,1.26,0.363,0.637,0.07,2.11,2.18,1.28,0.18,0.032,0.968,0.911,0.129,2017-18
201949,James Johnson,1610612748,MIA,31.0,73,26.6,7.62,4.71,2.9,1.95,0.0,1.93,4.86,0.34,0.62,0.96,0.357,0.643,0.38,3.71,4.1,1.67,0.53,0.094,0.906,0.824,0.264,2017-18
203949,James Michael McAdoo,1610612755,PHI,25.0,3,6.0,2.33,2.33,0.0,0.0,0.0,0.33,0.67,0.0,0.0,0.0,0.0,0.0,0.33,1.0,1.33,0.67,0.0,0.25,0.75,1.0,0.0,2017-18
1627821,James Webb III,1610612751,BKN,24.0,9,13.0,2.33,1.56,0.78,0.67,0.0,0.67,1.67,0.0,0.22,0.22,0.0,1.0,0.0,2.67,2.67,1.33,0.0,0.0,1.0,0.857,0.0,2017-18
203923,James Young,1610612755,PHI,22.0,5,11.6,2.4,1.6,0.8,0.2,0.0,0.0,0.0,0.0,0.0,0.0,0.0,0.0,0.0,0.8,0.8,0.2,0.0,0.0,1.0,1.0,0.0,2017-18
203966,Jamil Wilson,1610612746,LAC,27.0,14,19.4,6.0,3.79,2.21,0.86,0.14,1.0,2.57,0.14,0.36,0.5,0.286,0.714,0.0,4.5,4.5,2.29,0.29,0.0,1.0,1.0,0.125,2017-18
201162,Jared Dudley,1610612756,PHX,32.0,48,14.3,3.1,1.88,1.23,0.85,0.06,0.81,1.94,0.1,0.29,0.4,0.263,0.737,0.06,2.83,2.9,1.58,0.23,0.022,0.978,0.905,0.131,2017-18
204067,Jarell Eddie,1610612741,CHI,26.0,2,2.8,1.0,0.5,0.5,0.5,0.0,0.0,0.0,0.0,0.5,0.5,0.0,1.0,0.0,0.0,0.0,0.0,0.0,0.0,0.0,0.0,0.0,2017-18
1626185,Jarell Martin,1610612763,MEM,24.0,72,23.0,7.15,4.65,2.5,1.13,0.08,0.68,1.56,0.32,0.26,0.58,0.548,0.452,0.44,3.58,4.03,1.94,0.63,0.11,0.89,0.886,0.285,2017-18
1628386,Jarrett Allen,1610612751,BKN,20.0,72,20.0,10.99,9.65,1.33,0.81,0.0,2.17,5.1,0.44,0.26,0.71,0.627,0.373,0.61,5.26,5.88,3.04,1.04,0.104,0.896,0.883,0.302,2017-18
101127,Jarrett Jack,1610612752,NYK,34.0,62,25.0,4.29,1.69,2.6,1.05,0.03,0.24,0.55,0.44,0.58,1.02,0.429,0.571,0.06,0.66,0.73,0.44,0.06,0.089,0.911,0.844,0.125,2017-18
201160,Jason Smith,1610612764,WAS,32.0,31,8.9,3.19,1.84,1.35,0.19,0.1,0.94,2.1,0.1,0.03,0.13,0.75,0.25,0.39,2.35,2.74,1.1,0.39,0.141,0.859,0.81,0.286,2017-18
1891,Jason Terry,1610612749,MIL,40.0,49,16.6,2.69,1.47,1.22,1.37,0.02,0.24,0.51,0.16,0.31,0.47,0.348,0.652,0.0,0.61,0.61,0.37,0.02,0.0,1.0,1.0,0.056,2017-18
1628393,Jawun Evans,1610612746,LAC,21.0,47,16.5,2.83,1.28,1.55,1.77,0.11,0.15,0.38,0.32,0.23,0.55,0.577,0.423,0.02,0.74,0.77,0.47,0.15,0.028,0.972,1.0,0.318,2017-18
1627759,Jaylen Brown,1610612738,BOS,21.0,70,30.7,6.71,3.3,3.41,2.01,0.07,0.27,0.67,0.57,0.59,1.16,0.494,0.506,0.24,2.33,2.57,1.3,0.51,0.094,0.906,0.867,0.343,2017-18
1628537,Jaylen Morris,1610612737,ATL,22.0,6,16.4,6.67,4.0,2.67,1.0,0.17,0.0,0.0,0.17,0.33,0.5,0.333,0.667,0.0,1.83,1.83,1.33,0.17,0.0,1.0,1.0,0.125,2017-18
1628369,Jayson Tatum,1610612738,BOS,20.0,80,30.5,6.36,3.4,2.96,1.69,0.01,0.43,1.08,0.34,0.51,0.85,0.397,0.603,0.21,1.85,2.06,1.13,0.41,0.103,0.897,0.818,0.3,2017-18
201145,Jeff Green,1610612739,CLE,31.0,78,23.4,7.47,4.5,2.97,1.0,0.09,0.95,2.28,0.19,0.4,0.59,0.326,0.674,0.32,3.15,3.47,1.5,0.31,0.092,0.908,0.86,0.176,2017-18
201952,Jeff Teague,1610612750,MIN,30.0,70,33.0,5.49,2.61,2.87,2.71,0.1,0.39,0.8,0.39,0.84,1.23,0.314,0.686,0.0,0.5,0.5,0.31,0.03,0.0,1.0,0.917,0.083,2017-18
203481,Jeff Withey,1610612742,DAL,28.0,10,3.9,1.8,1.3,0.5,0.0,0.0,0.4,0.9,0.0,0.0,0.0,0.0,0.0,0.0,0.7,0.7,0.3,0.1,0.0,1.0,1.0,0.333,2017-18
203924,Jerami Grant,1610612760,OKC,24.0,81,20.3,6.57,4.38,2.19,0.65,0.21,1.7,3.85,0.28,0.33,0.62,0.46,0.54,0.27,3.79,4.07,1.57,0.4,0.067,0.93,0.825,0.208,2017-18
202379,Jeremy Evans,1610612737,ATL,30.0,1,5.4,2.0,0.0,2.0,0.0,0.0,2.0,4.0,0.0,0.0,0.0,0.0,0.0,0.0,0.0,0.0,0.0,0.0,0.0,0.0,0.0,0.0,2017-18
203087,Jeremy Lamb,1610612766,CHA,26.0,80,24.6,5.45,2.41,3.04,1.55,0.01,0.1,0.23,0.35,0.51,0.86,0.406,0.594,0.05,0.46,0.51,0.39,0.11,0.098,0.902,1.0,0.29,2017-18
202391,Jeremy Lin,1610612751,BKN,29.0,1,25.2,4.0,3.0,1.0,3.0,0.0,0.0,0.0,0.0,0.0,0.0,0.0,0.0,0.0,1.0,1.0,1.0,0.0,0.0,1.0,1.0,0.0,2017-18
1626170,Jerian Grant,1610612741,CHI,25.0,73,23.1,5.25,2.4,2.85,1.49,0.04,0.16,0.41,0.37,0.25,0.62,0.6,0.4,0.07,1.0,1.07,0.66,0.08,0.064,0.936,0.828,0.103,2017-18
201573,Jerryd Bayless,1610612755,PHI,29.0,39,23.7,5.21,2.97,2.23,1.03,0.05,0.05,0.1,0.41,0.38,0.79,0.516,0.484,0.08,0.56,0.64,0.33,0.0,0.12,0.88,0.765,0.0,2017-18
202710,Jimmy Butler III,1610612750,MIN,28.0,59,36.7,6.27,3.15,3.12,3.49,0.12,0.37,0.83,0.73,1.14,1.86,0.391,0.609,0.41,1.75,2.15,1.32,0.25,0.189,0.811,0.848,0.163,2017-18
201149,Joakim Noah,1610612752,NYK,33.0,6,6.3,3.0,2.5,0.5,0.67,0.0,0.67,1.33,0.0,0.17,0.17,0.0,1.0,1.0,1.0,2.0,0.83,0.67,0.5,0.5,0.714,0.571,2017-18
201975,Jodie Meeks,1610612764,WAS,30.0,75,14.7,2.68,1.29,1.39,0.63,0.01,0.12,0.24,0.15,0.31,0.45,0.324,0.676,0.01,0.56,0.57,0.37,0.04,0.023,0.977,0.903,0.097,2017-18
203925,Joe Harris,1610612751,BKN,26.0,78,25.3,6.51,4.23,2.28,0.77,0.03,0.18,0.49,0.35,0.44,0.78,0.443,0.557,0.15,1.82,1.97,1.29,0.22,0.078,0.922,0.894,0.15,2017-18
204060,Joe Ingles,1610612762,UTA,30.0,82,31.4,5.67,2.73,2.94,2.3,0.0,0.37,0.8,0.4,0.7,1.1,0.367,0.633,0.06,2.34,2.4,1.12,0.17,0.025,0.975,0.893,0.136,2017-18
2207,Joe Johnson,1610612745,HOU,37.0,55,21.9,5.18,2.44,2.75,0.67,0.0,0.38,0.95,0.25,0.44,0.69,0.368,0.632,0.11,1.98,2.09,1.0,0.33,0.052,0.948,0.833,0.273,2017-18
1626202,Joe Young,1610612754,IND,26.0,45,11.8,2.11,0.91,1.2,0.64,0.04,0.0,0.0,0.33,0.27,0.6,0.556,0.444,0.0,0.38,0.38,0.27,0.02,0.0,1.0,1.0,0.083,2017-18
1627762,Joel Bolomboy,1610612749,MIL,24.0,6,6.3,2.83,2.0,0.83,0.33,0.0,0.83,1.67,0.0,0.17,0.17,0.0,1.0,0.33,1.17,1.5,0.67,0.33,0.222,0.778,1.0,0.5,2017-18
203954,Joel Embiid,1610612755,PHI,24.0,63,30.4,11.59,9.63,1.95,1.06,0.02,3.05,6.79,0.78,0.54,1.32,0.59,0.41,1.37,6.48,7.86,4.16,1.67,0.174,0.824,0.873,0.35,2017-18
203530,Joffrey Lauvergne,1610612759,SAS,26.0,48,10.9,3.1,2.6,0.5,0.23,0.0,1.65,3.56,0.15,0.23,0.38,0.389,0.611,1.29,2.5,3.79,2.13,0.98,0.341,0.659,0.816,0.376,2017-18
1628381,John Collins,1610612737,ATL,20.0,74,24.1,9.96,7.73,2.23,1.01,0.01,3.14,7.19,0.49,0.43,0.92,0.529,0.471,1.82,5.74,7.57,3.8,1.43,0.241,0.759,0.822,0.31,2017-18
203089,John Henson,1610612749,MIL,27.0,76,25.9,9.59,7.87,1.72,1.47,0.0,2.66,5.76,0.25,0.21,0.46,0.543,0.457,1.11,5.74,6.84,3.49,1.22,0.162,0.838,0.852,0.299,2017-18
204066,John Holland,1610612739,CLE,29.0,18,9.3,2.17,1.28,0.89,0.56,0.11,0.11,0.22,0.17,0.39,0.56,0.3,0.7,0.06,1.44,1.5,0.94,0.28,0.037,0.963,0.81,0.238,2017-18
202322,John Wall,1610612764,WAS,27.0,41,34.4,7.17,5.41,1.76,2.71,0.1,0.07,0.2,0.41,0.8,1.22,0.34,0.66,0.0,0.54,0.54,0.39,0.05,0.0,1.0,0.941,0.118,2017-18
1628405,Johnathan Motley,1610612742,DAL,23.0,10,17.4,4.7,3.6,1.1,0.5,0.0,1.5,3.3,0.4,0.0,0.4,1.0,0.0,0.7,4.5,5.2,2.7,1.0,0.135,0.865,0.931,0.345,2017-18
203948,Johnny O'Bryant III,1610612766,CHA,25.0,33,11.3,3.18,2.67,0.52,0.39,0.15,1.18,2.55,0.3,0.09,0.39,0.769,0.231,0.52,2.88,3.39,1.97,0.48,0.152,0.848,0.855,0.211,2017-18
202720,Jon Leuer,1610612765,DET,29.0,8,17.1,3.88,2.75,1.13,0.13,0.0,1.5,3.0,0.0,0.0,0.0,0.0,0.0,0.25,4.88,5.13,2.63,0.5,0.049,0.951,0.84,0.16,2017-18
201973,Jonas Jerebko,1610612762,UTA,31.0,74,15.3,3.99,2.76,1.23,0.58,0.08,0.5,1.23,0.14,0.19,0.32,0.417,0.583,0.35,1.84,2.19,1.15,0.28,0.16,0.84,0.924,0.228,2017-18
202685,Jonas Valanciunas,1610612761,TOR,26.0,77,22.4,11.01,9.88,1.13,0.79,0.04,2.22,4.99,0.4,0.26,0.66,0.608,0.392,2.51,4.91,7.44,3.99,2.0,0.337,0.66,0.839,0.421,2017-18
1626780,Jonathan Gibson,1610612738,BOS,30.0,3,12.3,1.33,0.33,1.0,0.33,0.0,0.0,0.0,0.0,0.33,0.33,0.0,1.0,0.0,0.33,0.33,0.0,0.0,0.0,1.0,0.0,0.0,2017-18
1628371,Jonathan Isaac,1610612753,ORL,20.0,27,19.8,7.3,5.56,1.74,2.22,0.15,0.48,1.11,0.19,0.56,0.74,0.25,0.75,0.52,2.78,3.3,1.67,0.41,0.157,0.843,0.918,0.224,2017-18
203613,Jonathon Simmons,1610612753,ORL,28.0,69,29.4,4.96,2.59,2.36,1.71,0.07,0.14,0.36,0.38,0.55,0.93,0.406,0.594,0.14,1.36,1.51,0.7,0.04,0.096,0.904,0.842,0.053,2017-18
1628395,Jordan Bell,1610612744,GSW,23.0,57,14.2,6.77,4.6,2.18,1.18,0.0,1.47,3.54,0.18,0.32,0.49,0.357,0.643,0.21,1.86,2.07,1.12,0.35,0.102,0.898,0.889,0.278,2017-18
203903,Jordan Clarkson,1610612739,CLE,26.0,81,23.3,5.49,3.17,2.32,1.09,0.0,0.19,0.43,0.37,0.4,0.77,0.484,0.516,0.11,1.1,1.21,0.84,0.1,0.092,0.908,0.932,0.11,2017-18
202348,Jordan Crawford,1610612740,NOP,29.0,3,15.4,2.0,1.0,1.0,0.67,0.0,0.0,0.0,0.33,0.0,0.33,1.0,0.0,0.0,0.33,0.33,0.33,0.0,0.0,1.0,1.0,0.0,2017-18
1626175,Jordan Mickey,1610612748,MIA,23.0,22,12.9,4.41,3.5,0.91,0.77,0.0,1.36,3.32,0.18,0.32,0.5,0.364,0.636,0.77,2.82,3.59,1.82,0.77,0.215,0.785,0.909,0.386,2017-18
101181,Jose Calderon,1610612739,CLE,36.0,49,18.0,3.96,1.96,2.0,1.16,0.12,0.47,1.06,0.24,0.59,0.84,0.293,0.707,0.02,0.76,0.78,0.45,0.08,0.026,0.974,0.759,0.138,2017-18
1627982,Josh Gray,1610612756,PHX,24.0,5,17.3,3.6,2.6,1.0,2.0,0.0,0.0,0.0,0.0,0.4,0.4,0.0,1.0,0.0,0.6,0.6,0.2,0.0,0.0,1.0,1.0,0.0,2017-18
1628404,Josh Hart,1610612747,LAL,23.0,62,23.4,7.95,5.0,2.95,1.27,0.03,0.11,0.29,0.31,0.4,0.71,0.432,0.568,0.0,0.95,0.95,0.5,0.18,0.0,1.0,0.886,0.314,2017-18
203962,Josh Huestis,1610612760,OKC,26.0,64,15.2,5.0,3.33,1.67,0.45,0.02,0.16,0.39,0.16,0.23,0.39,0.4,0.6,0.33,1.44,1.77,1.19,0.25,0.186,0.814,0.916,0.193,2017-18
1628367,Josh Jackson,1610612756,PHX,21.0,77,25.4,5.34,2.99,2.35,1.55,0.08,0.14,0.39,0.44,0.57,1.01,0.436,0.564,0.42,1.51,1.92,0.94,0.23,0.216,0.784,0.828,0.207,2017-18
203705,Josh Magette,1610612737,ATL,28.0,15,13.8,3.53,2.13,1.4,0.73,0.2,0.13,0.33,0.2,0.4,0.6,0.333,0.667,0.0,0.47,0.47,0.13,0.0,0.0,1.0,0.5,0.0,2017-18
201177,Josh McRoberts,1610612742,DAL,31.0,2,2.9,1.5,0.0,1.5,0.0,0.0,0.0,0.0,0.0,0.0,0.0,0.0,0.0,0.0,0.5,0.5,0.0,0.0,0.0,1.0,0.0,0.0,2017-18
1626196,Josh Richardson,1610612748,MIA,24.0,81,33.2,8.35,5.3,3.05,2.67,0.1,0.23,0.57,0.32,0.85,1.17,0.274,0.726,0.1,1.59,1.69,0.9,0.1,0.058,0.942,0.859,0.094,2017-18
2746,Josh Smith,1610612740,NOP,32.0,3,3.9,1.33,1.0,0.33,0.0,0.0,0.0,0.0,0.0,0.0,0.0,0.0,0.0,0.0,1.33,1.33,0.67,0.33,0.0,1.0,0.667,0.333,2017-18
201950,Jrue Holiday,1610612740,NOP,28.0,81,36.1,8.84,4.53,4.31,3.17,0.02,0.44,0.98,0.77,0.88,1.64,0.466,0.534,0.15,2.31,2.47,1.17,0.23,0.06,0.935,0.812,0.162,2017-18
1627823,Juancho Hernangomez,1610612743,DEN,22.0,22,12.4,4.32,2.59,1.73,0.55,0.05,0.18,0.41,0.18,0.18,0.36,0.5,0.5,0.18,0.82,1.0,0.32,0.23,0.182,0.818,0.583,0.417,2017-18
203944,Julius Randle,1610612747,LAL,23.0,82,26.7,8.33,5.67,2.66,1.07,0.02,1.99,4.54,0.7,0.46,1.16,0.6,0.4,1.02,4.49,5.51,3.02,1.3,0.186,0.814,0.861,0.372,2017-18
202933,Julyan Stone,1610612766,CHA,29.0,14,10.8,2.86,1.79,1.07,0.71,0.0,0.21,0.43,0.07,0.36,0.43,0.167,0.833,0.0,0.57,0.57,0.21,0.07,0.0,1.0,0.75,0.25,2017-18
1626147,Justin Anderson,1610612755,PHI,24.0,35,14.6,3.46,1.69,1.77,0.74,0.06,0.14,0.37,0.23,0.11,0.34,0.667,0.333,0.06,0.71,0.77,0.51,0.14,0.074,0.926,0.9,0.25,2017-18
203200,Justin Holiday,1610612741,CHI,29.0,72,31.5,7.93,4.36,3.57,2.22,0.01,0.25,0.6,0.32,0.58,0.9,0.354,0.646,0.04,1.26,1.31,0.92,0.21,0.032,0.968,0.957,0.217,2017-18
1628382,Justin Jackson,1610612758,SAC,23.0,68,22.2,4.47,2.54,1.93,0.57,0.0,0.15,0.32,0.21,0.37,0.57,0.359,0.641,0.06,1.09,1.15,0.54,0.13,0.051,0.949,0.822,0.2,2017-18
1628383,Justin Patton,1610612750,MIN,21.0,1,3.7,0.0,0.0,0.0,1.0,0.0,0.0,0.0,0.0,0.0,0.0,0.0,0.0,0.0,0.0,0.0,0.0,0.0,0.0,0.0,0.0,0.0,2017-18
1626159,Justise Winslow,1610612748,MIA,22.0,68,24.7,7.0,4.12,2.88,1.5,0.01,0.71,1.74,0.43,0.76,1.19,0.358,0.642,0.31,2.62,2.93,1.65,0.53,0.106,0.894,0.918,0.295,2017-18
203994,Jusuf Nurkić,1610612757,POR,23.0,79,26.4,11.67,9.81,1.86,1.67,0.03,3.72,8.73,0.49,0.41,0.9,0.549,0.451,2.22,6.41,8.62,4.86,2.34,0.257,0.743,0.857,0.413,2017-18
1628443,Kadeem Allen,1610612738,BOS,25.0,11,9.6,1.36,0.55,0.82,0.73,0.0,0.45,1.09,0.0,0.18,0.18,0.0,1.0,0.18,0.45,0.64,0.36,0.18,0.286,0.714,0.667,0.333,2017-18
1626157,Karl-Anthony Towns,1610612750,MIN,22.0,82,35.6,14.45,11.51,2.94,1.44,0.21,2.61,5.71,0.62,0.78,1.4,0.443,0.557,1.21,6.52,7.73,4.52,2.32,0.156,0.844,0.914,0.468,2017-18
202695,Kawhi Leonard,1610612759,SAS,27.0,9,23.3,5.67,3.11,2.56,2.67,0.0,0.11,0.22,0.44,1.0,1.44,0.308,0.692,0.11,1.11,1.22,0.78,0.33,0.091,0.909,1.0,0.429,2017-18
1627770,Kay Felder,1610612765,DET,23.0,12,10.6,1.92,0.67,1.25,0.67,0.17,0.0,0.0,0.08,0.08,0.17,0.5,0.5,0.0,0.33,0.33,0.33,0.08,0.0,1.0,1.0,0.25,2017-18
203482,Kelly Olynyk,1610612748,MIA,27.0,76,23.4,7.76,5.68,2.08,1.86,0.2,2.67,6.2,0.43,0.38,0.82,0.532,0.468,1.41,4.32,5.72,2.79,1.05,0.246,0.754,0.835,0.315,2017-18
1626162,Kelly Oubre Jr.,1610612764,WAS,22.0,81,27.5,6.33,3.47,2.86,2.67,0.12,0.23,0.56,0.36,0.51,0.86,0.414,0.586,0.04,1.06,1.1,0.56,0.2,0.034,0.966,0.918,0.327,2017-18
202689,Kemba Walker,1610612766,CHA,28.0,80,34.2,7.96,4.28,3.69,1.88,0.3,0.24,0.61,0.43,0.83,1.25,0.34,0.66,0.03,0.66,0.69,0.44,0.03,0.036,0.964,0.745,0.043,2017-18
2570,Kendrick Perkins,1610612739,CLE,33.0,1,14.5,4.0,3.0,1.0,2.0,0.0,1.0,3.0,0.0,1.0,1.0,0.0,1.0,0.0,2.0,2.0,1.0,0.0,0.0,1.0,1.0,0.0,2017-18
202702,Kenneth Faried,1610612743,DEN,28.0,32,14.4,4.66,3.22,1.44,0.69,0.16,1.06,2.41,0.16,0.16,0.31,0.5,0.5,1.81,2.56,4.38,2.28,1.0,0.414,0.586,0.869,0.381,2017-18
203145,Kent Bazemore,1610612737,ATL,28.0,65,27.5,5.85,3.54,2.31,2.86,0.02,0.4,0.98,0.32,0.85,1.18,0.273,0.714,0.02,0.86,0.88,0.45,0.09,0.018,0.982,0.853,0.176,2017-18
203484,Kentavious Caldwell-Pope,1610612747,LAL,25.0,73,33.6,4.3,2.42,1.88,2.37,0.08,0.07,0.16,0.49,0.97,1.47,0.336,0.664,0.29,1.89,2.18,1.33,0.4,0.132,0.868,0.898,0.269,2017-18
201142,Kevin Durant,1610612744,GSW,29.0,68,34.2,9.66,6.29,3.37,1.46,0.04,0.6,1.47,0.34,0.69,1.03,0.329,0.671,0.09,1.81,1.9,1.09,0.44,0.047,0.953,0.914,0.37,2017-18
201567,Kevin Love,1610612739,CLE,29.0,58,28.4,6.83,5.0,1.83,1.34,0.19,1.38,3.34,0.41,0.62,1.03,0.4,0.6,1.33,6.38,7.72,4.33,1.93,0.172,0.826,0.872,0.389,2017-18
1626172,Kevon Looney,1610612744,GSW,22.0,63,14.3,6.9,4.87,2.03,0.76,0.02,1.03,2.49,0.37,0.35,0.71,0.511,0.489,0.43,3.02,3.44,1.76,0.71,0.124,0.876,0.847,0.344,2017-18
203920,Khem Birch,1610612753,ORL,25.0,39,14.8,6.0,4.67,1.33,0.74,0.05,2.0,4.62,0.21,0.28,0.49,0.421,0.579,0.95,3.28,4.23,2.26,1.18,0.224,0.776,0.863,0.451,2017-18
203114,Khris Middleton,1610612749,MIL,26.0,82,36.4,7.27,3.66,3.61,2.71,0.13,0.71,1.52,0.55,0.73,1.28,0.429,0.571,0.15,2.82,2.96,1.38,0.4,0.049,0.951,0.883,0.258,2017-18
202691,Klay Thompson,1610612744,GSW,28.0,73,34.3,6.59,4.03,2.56,1.14,0.0,0.4,0.88,0.34,0.7,1.04,0.329,0.671,0.11,1.47,1.58,1.05,0.23,0.07,0.93,0.856,0.189,2017-18
1628424,Kobi Simmons,1610612763,MEM,20.0,30,21.2,2.8,1.4,1.4,0.83,0.2,0.17,0.37,0.3,0.3,0.6,0.5,0.5,0.03,0.13,0.17,0.07,0.0,0.2,0.8,0.5,0.0,2017-18
201585,Kosta Koufos,1610612758,SAC,29.0,71,19.6,7.21,5.94,1.27,1.23,0.0,2.79,6.24,0.25,0.25,0.51,0.5,0.5,1.04,4.35,5.39,2.83,1.32,0.193,0.807,0.859,0.402,2017-18
1627739,Kris Dunn,1610612741,CHI,24.0,52,29.3,7.71,3.87,3.85,3.15,0.0,0.17,0.38,0.5,0.85,1.35,0.371,0.629,0.02,0.69,0.71,0.5,0.15,0.027,0.973,0.897,0.276,2017-18
204001,Kristaps Porziņģis,1610612752,NYK,22.0,47,33.0,13.98,9.64,4.34,1.51,0.15,2.32,4.89,0.34,0.64,0.98,0.348,0.652,0.49,4.34,4.83,2.55,0.83,0.101,0.899,0.889,0.289,2017-18
203937,Kyle Anderson,1610612759,SAS,24.0,74,26.7,5.96,3.97,1.99,2.51,0.05,0.42,0.99,0.24,0.74,0.99,0.247,0.753,0.49,1.35,1.84,0.91,0.3,0.265,0.735,0.838,0.275,2017-18
1627858,Kyle Collinsworth,1610612742,DAL,26.0,29,16.3,4.21,2.76,1.45,1.38,0.0,0.17,0.48,0.38,0.45,0.83,0.458,0.542,0.28,0.52,0.79,0.62,0.34,0.348,0.652,1.0,0.556,2017-18
2594,Kyle Korver,1610612739,CLE,37.0,73,21.6,5.3,2.95,2.36,0.74,0.05,0.82,1.89,0.14,0.42,0.56,0.244,0.756,0.0,1.88,1.88,1.04,0.11,0.0,1.0,0.894,0.094,2017-18
1628398,Kyle Kuzma,1610612747,LAL,22.0,77,31.2,9.21,6.0,3.21,1.01,0.08,0.7,1.62,0.27,0.4,0.68,0.404,0.596,0.42,3.88,4.3,2.01,0.81,0.097,0.903,0.881,0.352,2017-18
200768,Kyle Lowry,1610612761,TOR,32.0,78,32.2,5.22,2.76,2.46,2.29,0.49,0.58,1.26,0.51,0.73,1.24,0.412,0.588,0.29,1.29,1.59,0.97,0.18,0.185,0.815,0.864,0.159,2017-18
203124,Kyle O'Quinn,1610612752,NYK,28.0,77,18.0,7.87,6.43,1.44,1.03,0.01,1.66,3.82,0.27,0.39,0.66,0.412,0.588,1.4,4.21,5.61,2.96,1.45,0.25,0.75,0.874,0.429,2017-18
202713,Kyle Singler,1610612760,OKC,30.0,9,6.1,1.78,0.89,0.89,0.33,0.0,0.0,0.0,0.11,0.0,0.11,1.0,0.0,0.0,0.56,0.56,0.44,0.0,0.0,1.0,1.0,0.0,2017-18
202681,Kyrie Irving,1610612738,BOS,26.0,59,32.7,5.32,3.05,2.27,2.02,0.1,0.49,1.08,0.58,0.71,1.29,0.447,0.553,0.15,1.19,1.34,0.86,0.14,0.114,0.886,0.895,0.14,2017-18
200746,LaMarcus Aldridge,1610612759,SAS,32.0,75,33.4,12.6,10.01,2.59,1.49,0.0,3.24,7.16,0.6,0.44,1.04,0.577,0.423,2.4,7.05,9.45,4.96,2.05,0.254,0.746,0.865,0.358,2017-18
202362,Lance Stephenson,1610612754,IND,27.0,81,22.6,3.21,1.48,1.73,1.36,0.0,0.04,0.09,0.41,0.42,0.83,0.493,0.507,0.2,0.67,0.86,0.46,0.09,0.229,0.771,0.881,0.167,2017-18
202498,Lance Thomas,1610612752,NYK,30.0,72,18.8,3.64,1.85,1.79,0.89,0.08,0.53,1.14,0.13,0.28,0.4,0.31,0.69,0.35,2.07,2.42,1.01,0.28,0.144,0.856,0.82,0.225,2017-18
204038,Langston Galloway,1610612765,DET,26.0,56,15.3,3.05,1.48,1.57,0.98,0.02,0.05,0.13,0.29,0.36,0.64,0.444,0.556,0.0,0.68,0.68,0.38,0.07,0.0,1.0,0.913,0.174,2017-18
203580,Larry Drew II,1610612740,NOP,28.0,9,7.8,1.67,0.89,0.78,0.0,0.0,0.0,0.0,0.22,0.0,0.22,1.0,0.0,0.0,0.22,0.22,0.0,0.0,0.0,1.0,0.0,0.0,2017-18
1626204,Larry Nance Jr.,1610612739,CLE,25.0,66,21.5,7.11,5.23,1.88,2.39,0.03,1.98,4.62,0.47,0.52,0.98,0.477,0.523,1.3,5.45,6.76,3.61,1.36,0.193,0.807,0.869,0.328,2017-18
1628374,Lauri Markkanen,1610612741,CHI,21.0,68,29.7,8.85,6.34,2.51,1.09,0.01,1.13,2.65,0.31,0.43,0.74,0.42,0.58,0.32,3.65,3.97,1.99,0.65,0.081,0.919,0.86,0.28,2017-18
2544,LeBron James,1610612739,CLE,33.0,82,36.9,7.01,4.04,2.98,2.17,0.15,0.99,2.26,0.44,0.68,1.12,0.391,0.609,0.4,2.89,3.29,1.77,0.9,0.122,0.878,0.879,0.448,2017-18
1628506,London Perrantes,1610612739,CLE,23.0,5,9.7,2.2,1.0,1.2,0.8,0.0,0.0,0.0,0.0,0.2,0.2,0.0,1.0,0.0,0.6,0.6,0.2,0.0,0.0,1.0,1.0,0.0,2017-18
1628366,Lonzo Ball,1610612747,LAL,20.0,52,34.2,7.73,4.6,3.13,2.87,0.0,0.33,0.73,0.42,0.87,1.29,0.328,0.672,0.25,1.06,1.31,0.83,0.25,0.191,0.809,0.878,0.265,2017-18
203485,Lorenzo Brown,1610612761,TOR,27.0,11,12.2,2.45,1.0,1.45,1.0,0.0,0.09,0.18,0.09,0.0,0.09,1.0,0.0,0.0,0.82,0.82,0.45,0.09,0.0,1.0,0.833,0.167,2017-18
101150,Lou Williams,1610612746,LAC,31.0,78,32.9,5.08,2.29,2.78,2.1,0.05,0.26,0.56,0.54,0.64,1.18,0.457,0.543,0.01,0.86,0.87,0.53,0.03,0.015,0.985,0.82,0.04,2017-18
201601,Luc Mbah a Moute,1610612745,HOU,31.0,61,25.6,7.51,4.92,2.59,1.84,0.05,0.46,1.21,0.26,0.54,0.8,0.327,0.673,0.25,3.08,3.33,2.03,0.36,0.074,0.926,0.912,0.162,2017-18
203512,Lucas Nogueira,1610612761,TOR,25.0,48,8.7,5.0,4.23,0.77,0.94,0.0,1.29,2.98,0.06,0.15,0.21,0.3,0.7,0.04,1.4,1.44,0.75,0.13,0.029,0.971,0.923,0.154,2017-18
1626242,Luis Montero,1610612765,DET,25.0,1,6.5,2.0,0.0,2.0,0.0,0.0,1.0,3.0,0.0,0.0,0.0,0.0,0.0,0.0,0.0,0.0,0.0,0.0,0.0,0.0,0.0,0.0,2017-18
202337,Luke Babbitt,1610612748,MIA,29.0,47,15.0,6.36,4.09,2.28,0.36,0.0,0.91,2.13,0.09,0.17,0.26,0.333,0.667,0.06,2.77,2.83,1.09,0.3,0.023,0.977,0.864,0.237,2017-18
1628379,Luke Kennard,1610612765,DET,22.0,71,20.5,4.13,2.04,2.08,0.89,0.01,0.08,0.23,0.24,0.32,0.56,0.425,0.575,0.01,1.03,1.04,0.72,0.1,0.014,0.986,0.895,0.123,2017-18
1628436,Luke Kornet,1610612752,NYK,22.0,20,16.3,7.35,6.2,1.15,0.75,0.0,1.4,3.05,0.15,0.15,0.3,0.5,0.5,0.4,4.35,4.75,2.65,0.85,0.084,0.916,0.914,0.293,2017-18
2736,Luol Deng,1610612747,LAL,33.0,1,13.1,5.0,1.0,4.0,1.0,0.0,0.0,0.0,0.0,0.0,0.0,0.0,0.0,0.0,0.0,0.0,0.0,0.0,0.0,0.0,0.0,0.0,2017-18
1627781,Malachi Richardson,1610612761,TOR,22.0,26,12.4,2.19,0.69,1.5,0.65,0.04,0.08,0.19,0.15,0.08,0.23,0.667,0.333,0.0,0.58,0.58,0.35,0.08,0.0,1.0,0.818,0.182,2017-18
1627763,Malcolm Brogdon,1610612749,MIL,25.0,48,29.9,6.29,3.73,2.56,1.21,0.02,0.38,0.79,0.4,0.65,1.04,0.38,0.62,0.06,1.48,1.54,0.77,0.15,0.041,0.959,0.902,0.171,2017-18
1627098,Malcolm Delaney,1610612737,ATL,29.0,52,19.3,2.69,1.06,1.63,1.38,0.23,0.19,0.46,0.12,0.31,0.42,0.273,0.727,0.04,0.67,0.71,0.44,0.08,0.054,0.946,0.821,0.143,2017-18
1626259,Malcolm Miller,1610612761,TOR,25.0,13,9.4,2.54,1.23,1.31,0.23,0.0,0.15,0.38,0.15,0.31,0.46,0.333,0.667,0.0,1.69,1.69,0.92,0.31,0.0,1.0,1.0,0.333,2017-18
1627736,Malik Beasley,1610612743,DEN,21.0,44,12.3,2.48,1.52,0.95,0.52,0.07,0.02,0.07,0.16,0.41,0.57,0.28,0.72,0.07,0.55,0.61,0.43,0.09,0.111,0.889,0.905,0.19,2017-18
1628370,Malik Monk,1610612766,CHA,20.0,51,15.8,2.53,1.39,1.14,0.8,0.02,0.16,0.33,0.2,0.2,0.39,0.5,0.5,0.02,0.51,0.53,0.35,0.04,0.037,0.963,0.947,0.105,2017-18
1628493,Mangok Mathiang,1610612766,CHA,25.0,4,5.0,1.5,1.5,0.0,0.25,0.0,0.5,1.0,0.5,0.25,0.75,0.667,0.333,0.25,2.25,2.5,2.0,0.5,0.1,0.9,1.0,0.25,2017-18
1938,Manu Ginobili,1610612759,SAS,40.0,63,20.4,2.65,1.41,1.24,2.02,0.24,0.22,0.49,0.25,0.32,0.57,0.444,0.556,0.13,1.13,1.25,0.71,0.14,0.101,0.899,0.918,0.184,2017-18
202705,MarShon Brooks,1610612763,MEM,29.0,7,27.5,4.86,2.29,2.57,2.57,0.0,0.14,0.29,0.57,0.43,1.0,0.571,0.429,0.0,0.43,0.43,0.29,0.14,0.0,1.0,1.0,0.5,2017-18
201188,Marc Gasol,1610612763,MEM,33.0,73,33.0,9.82,8.1,1.73,1.73,0.14,3.42,7.62,0.59,0.4,0.99,0.597,0.403,0.4,6.21,6.6,3.74,1.47,0.06,0.94,0.929,0.364,2017-18
101162,Marcin Gortat,1610612764,WAS,34.0,82,25.3,8.9,7.39,1.51,0.74,0.26,4.45,9.96,0.29,0.32,0.61,0.48,0.52,2.54,5.79,8.33,4.39,1.98,0.305,0.695,0.833,0.375,2017-18
201158,Marco Belinelli,1610612755,PHI,32.0,80,24.3,4.56,1.93,2.64,1.35,0.0,0.2,0.45,0.29,0.44,0.73,0.397,0.603,0.09,0.9,0.99,0.58,0.1,0.089,0.911,0.868,0.151,2017-18
1627875,Marcus Georges-Hunt,1610612750,MIN,24.0,26,7.7,1.46,0.42,1.04,0.54,0.08,0.0,0.0,0.19,0.08,0.27,0.714,0.286,0.12,0.58,0.69,0.27,0.04,0.167,0.833,0.875,0.125,2017-18
202694,Marcus Morris Sr.,1610612738,BOS,28.0,54,26.7,5.76,3.43,2.33,0.89,0.04,0.93,2.09,0.35,0.57,0.93,0.38,0.62,0.56,3.48,4.04,1.91,0.5,0.138,0.862,0.851,0.223,2017-18
1627779,Marcus Paige,1610612766,CHA,24.0,5,5.6,1.0,0.8,0.2,0.0,0.0,0.0,0.0,0.0,0.2,0.2,0.0,1.0,0.0,0.0,0.0,0.0,0.0,0.0,0.0,0.0,0.0,2017-18
203935,Marcus Smart,1610612738,BOS,24.0,54,29.9,6.48,3.17,3.31,2.85,0.24,0.37,0.91,0.31,0.37,0.69,0.459,0.541,0.59,2.33,2.93,1.5,0.31,0.203,0.797,0.757,0.159,2017-18
201596,Mario Chalmers,1610612763,MEM,32.0,66,21.5,2.7,1.36,1.33,1.94,0.2,0.18,0.42,0.24,0.68,0.92,0.262,0.738,0.0,0.86,0.86,0.5,0.08,0.0,1.0,0.892,0.135,2017-18
1626209,Mario Hezonja,1610612753,ORL,23.0,75,22.1,6.51,4.12,2.39,1.84,0.03,0.4,0.87,0.27,0.43,0.69,0.385,0.615,0.25,1.71,1.96,0.85,0.33,0.129,0.871,0.762,0.298,2017-18
203900,Markel Brown,1610612745,HOU,26.0,4,7.9,3.0,1.25,1.75,0.5,0.0,0.25,0.5,0.25,0.25,0.5,0.5,0.5,0.0,0.5,0.5,0.25,0.0,0.0,1.0,1.0,0.0,2017-18
1628365,Markelle Fultz,1610612755,PHI,20.0,14,18.1,4.14,1.93,2.21,1.14,0.0,0.71,1.79,0.43,0.5,0.93,0.462,0.538,0.14,1.21,1.36,0.43,0.0,0.105,0.895,0.75,0.0,2017-18
202693,Markieff Morris,1610612764,WAS,28.0,73,27.0,6.68,4.52,2.16,1.33,0.05,1.51,3.55,0.29,0.59,0.88,0.328,0.672,1.25,3.78,5.03,2.38,1.0,0.248,0.752,0.821,0.344,2017-18
1627737,Marquese Chriss,1610612756,PHX,20.0,72,21.2,8.68,6.28,2.4,0.92,0.01,1.68,3.76,0.26,0.4,0.67,0.396,0.604,0.79,3.4,4.19,2.25,0.79,0.189,0.811,0.905,0.318,2017-18
203104,Marquis Teague,1610612763,MEM,25.0,3,24.6,5.67,1.67,4.0,2.33,0.0,0.33,1.0,0.33,0.33,0.67,0.5,0.5,0.0,0.0,0.0,0.0,0.0,0.0,0.0,0.0,0.0,2017-18
201578,Marreese Speights,1610612753,ORL,30.0,48,13.9,4.67,3.52,1.15,0.33,0.4,0.96,2.06,0.13,0.17,0.29,0.429,0.571,0.42,2.83,3.25,1.65,0.56,0.128,0.872,0.868,0.297,2017-18
1627850,Marshall Plumlee,1610612749,MIL,25.0,6,8.5,3.33,3.17,0.17,0.5,0.0,1.33,2.83,0.0,0.17,0.17,0.0,1.0,1.33,3.17,4.5,1.67,0.83,0.296,0.704,0.909,0.455,2017-18
101107,Marvin Williams,1610612766,CHA,32.0,78,25.7,7.04,4.72,2.32,1.69,0.0,1.24,2.97,0.19,0.41,0.6,0.319,0.681,0.54,3.82,4.36,1.82,0.51,0.124,0.876,0.835,0.235,2017-18
203486,Mason Plumlee,1610612743,DEN,28.0,74,19.5,7.23,5.74,1.49,1.72,0.09,2.05,4.77,0.28,0.45,0.73,0.389,0.611,1.76,3.62,5.38,2.65,0.93,0.327,0.673,0.82,0.289,2017-18
1627856,Matt Costello,1610612759,SAS,24.0,4,8.1,2.25,1.75,0.5,0.5,0.0,1.0,2.25,0.0,0.0,0.0,0.0,0.0,0.25,1.5,1.75,0.5,0.5,0.143,0.857,1.0,1.0,2017-18
1628475,Matt Williams Jr.,1610612748,MIA,24.0,1,3.5,1.0,1.0,0.0,2.0,0.0,0.0,0.0,0.0,0.0,0.0,0.0,0.0,0.0,0.0,0.0,0.0,0.0,0.0,0.0,0.0,0.0,2017-18
203521,Matthew Dellavedova,1610612749,MIL,27.0,38,18.8,3.97,2.03,1.95,0.63,0.11,0.58,1.24,0.39,0.21,0.61,0.652,0.348,0.03,1.58,1.61,0.76,0.03,0.016,0.984,0.784,0.027,2017-18
203090,Maurice Harkless,1610612757,POR,25.0,57,22.0,5.61,3.67,1.95,1.6,0.0,0.19,0.44,0.25,0.4,0.65,0.378,0.622,0.46,1.58,2.04,0.86,0.3,0.224,0.776,0.845,0.293,2017-18
1628467,Maxi Kleber,1610612742,DAL,26.0,68,17.7,7.18,5.19,1.99,0.84,0.04,1.44,3.38,0.19,0.25,0.44,0.433,0.567,0.54,3.32,3.87,2.1,0.65,0.141,0.859,0.851,0.262,2017-18
203086,Meyers Leonard,1610612757,POR,26.0,32,7.9,2.81,2.0,0.81,0.28,0.0,1.13,2.66,0.16,0.03,0.19,0.833,0.167,0.41,2.75,3.16,1.47,0.53,0.129,0.871,0.855,0.309,2017-18
201563,Michael Beasley,1610612752,NYK,29.0,72,23.0,5.68,3.38,2.31,1.38,0.0,1.14,2.54,0.44,0.31,0.75,0.593,0.407,0.43,1.47,1.9,0.99,0.39,0.226,0.774,0.888,0.35,2017-18
203487,Michael Carter-Williams,1610612766,CHA,26.0,52,16.1,4.19,2.65,1.54,1.42,0.02,0.19,0.48,0.33,0.56,0.88,0.37,0.63,0.08,0.48,0.56,0.35,0.08,0.138,0.862,0.947,0.211,2017-18
203077,Michael Kidd-Gilchrist,1610612766,CHA,24.0,74,25.0,7.47,4.42,3.05,1.08,0.07,0.19,0.49,0.35,0.51,0.86,0.406,0.594,0.34,1.53,1.86,1.05,0.16,0.181,0.819,0.83,0.128,2017-18
201144,Mike Conley,1610612763,MEM,30.0,12,31.1,6.33,3.25,3.08,2.17,0.25,0.5,1.08,0.42,0.33,0.75,0.556,0.444,0.08,1.08,1.17,0.5,0.08,0.071,0.929,0.857,0.143,2017-18
1628455,Mike James,1610612740,NOP,27.0,34,20.0,3.91,2.38,1.53,1.62,0.0,0.0,0.0,0.29,0.56,0.85,0.345,0.655,0.03,0.41,0.44,0.26,0.03,0.067,0.933,0.818,0.091,2017-18
203488,Mike Muscala,1610612737,ATL,26.0,52,20.3,8.96,6.33,2.63,0.92,0.0,1.5,3.52,0.13,0.25,0.38,0.35,0.65,0.88,5.62,6.5,2.88,0.81,0.136,0.864,0.877,0.246,2017-18
203118,Mike Scott,1610612764,WAS,29.0,76,18.5,4.99,3.04,1.95,0.39,0.01,0.92,2.0,0.28,0.26,0.54,0.512,0.488,0.83,4.26,5.09,2.45,0.72,0.163,0.837,0.853,0.252,2017-18
203101,Miles Plumlee,1610612737,ATL,29.0,55,16.7,7.2,6.07,1.13,0.73,0.04,2.96,6.56,0.33,0.18,0.51,0.643,0.357,0.73,5.2,5.93,3.0,0.71,0.123,0.877,0.873,0.206,2017-18
1628462,Milos Teodosic,1610612746,LAC,31.0,45,25.2,4.98,2.98,2.0,1.27,0.18,0.36,0.8,0.29,0.58,0.87,0.333,0.667,0.0,0.82,0.82,0.53,0.07,0.0,1.0,0.857,0.107,2017-18
1628495,Milton Doyle,1610612751,BKN,24.0,8,14.8,3.13,1.88,1.25,0.75,0.0,0.0,0.0,0.38,1.25,1.63,0.231,0.769,0.0,0.63,0.63,0.13,0.0,0.0,1.0,0.333,0.0,2017-18
203141,Mirza Teletovic,1610612749,MIL,32.0,10,15.9,4.3,2.7,1.6,0.2,0.2,0.1,0.2,0.0,0.3,0.3,0.0,1.0,0.3,1.5,1.8,0.4,0.0,0.167,0.833,0.667,0.0,2017-18
1628420,Monte Morris,1610612743,DEN,23.0,1,21.7,5.0,3.0,2.0,5.0,0.0,1.0,2.0,0.0,3.0,3.0,0.0,1.0,0.0,0.0,0.0,0.0,0.0,0.0,0.0,0.0,0.0,2017-18
1626149,Montrezl Harrell,1610612746,LAC,24.0,76,17.0,7.57,5.2,2.37,0.89,0.14,1.5,3.33,0.29,0.29,0.58,0.5,0.5,0.8,4.2,5.0,2.55,0.8,0.161,0.839,0.836,0.263,2017-18
1627988,Myke Henry,1610612763,MEM,25.0,20,18.9,4.95,2.1,2.85,2.1,0.0,0.0,0.0,0.3,0.65,0.95,0.316,0.684,0.15,0.7,0.85,0.45,0.1,0.176,0.824,0.75,0.167,2017-18
1626167,Myles Turner,1610612754,IND,22.0,65,28.2,10.02,7.75,2.26,1.6,0.05,4.0,8.88,0.31,0.49,0.8,0.385,0.615,0.77,7.85,8.62,4.75,1.26,0.089,0.911,0.861,0.228,2017-18
203489,Nate Wolters,1610612762,UTA,27.0,4,4.4,0.25,0.25,0.0,0.5,0.0,0.0,0.0,0.0,0.0,0.0,0.0,0.0,0.0,0.5,0.5,0.0,0.0,0.0,1.0,0.0,0.0,2017-18
202357,Nemanja Bjelica,1610612750,MIN,30.0,67,20.5,6.67,4.15,2.52,1.34,0.03,0.36,0.73,0.24,0.34,0.58,0.41,0.59,0.33,1.61,1.94,1.07,0.36,0.169,0.831,0.828,0.276,2017-18
2403,Nene,1610612745,HOU,35.0,52,14.6,5.37,3.48,1.88,1.38,0.04,1.96,4.9,0.12,0.35,0.46,0.25,0.75,0.77,3.83,4.6,2.54,0.88,0.167,0.833,0.892,0.311,2017-18
203457,Nerlens Noel,1610612742,DAL,24.0,28,16.7,6.61,5.21,1.39,2.25,0.07,1.64,3.79,0.32,0.36,0.68,0.474,0.526,0.54,3.57,4.11,2.18,1.07,0.13,0.87,0.924,0.455,2017-18
2555,Nick Collison,1610612760,OKC,37.0,14,5.3,1.79,1.64,0.14,0.21,0.07,0.93,2.0,0.07,0.07,0.14,0.5,0.5,0.57,2.0,2.57,1.36,0.5,0.222,0.778,0.731,0.269,2017-18
201156,Nick Young,1610612744,GSW,33.0,80,17.4,3.41,1.76,1.65,0.8,0.03,0.4,0.93,0.18,0.38,0.55,0.318,0.682,0.09,1.23,1.31,0.75,0.13,0.067,0.933,0.822,0.137,2017-18
201587,Nicolas Batum,1610612766,CHA,29.0,64,31.0,6.63,3.77,2.86,1.52,0.02,0.25,0.61,0.41,0.67,1.08,0.377,0.623,0.14,0.64,0.78,0.48,0.14,0.18,0.82,0.886,0.257,2017-18
1627852,Nicolas Brussino,1610612737,ATL,25.0,1,6.4,2.0,1.0,1.0,1.0,0.0,0.0,0.0,0.0,0.0,0.0,0.0,0.0,0.0,0.0,0.0,0.0,0.0,0.0,0.0,0.0,0.0,2017-18
1628502,Nigel Hayes-Davis,1610612758,SAC,23.0,7,17.2,3.71,2.71,1.0,1.0,0.0,0.71,1.71,0.43,0.29,0.71,0.6,0.4,0.29,3.0,3.29,2.14,0.71,0.087,0.913,1.0,0.333,2017-18
203917,Nik Stauskas,1610612751,BKN,24.0,36,14.1,3.44,2.14,1.31,0.53,0.0,0.03,0.06,0.08,0.25,0.33,0.25,0.75,0.0,0.25,0.25,0.14,0.03,0.0,1.0,0.833,0.167,2017-18
203999,Nikola Jokić,1610612743,DEN,23.0,75,32.6,12.57,9.51,3.07,2.47,0.11,4.28,9.69,0.68,0.55,1.23,0.554,0.446,1.73,6.4,8.13,4.51,2.0,0.213,0.787,0.916,0.407,2017-18
202703,Nikola Mirotic,1610612740,NOP,27.0,55,27.2,9.13,5.8,3.33,1.69,0.07,0.84,1.8,0.42,0.82,1.24,0.338,0.662,1.25,3.69,4.95,2.25,1.02,0.254,0.746,0.816,0.368,2017-18
202696,Nikola Vučević,1610612753,ORL,27.0,57,29.5,9.84,8.14,1.7,1.86,0.02,3.68,8.21,0.26,0.37,0.63,0.417,0.583,0.72,7.21,7.93,4.47,1.93,0.091,0.909,0.911,0.393,2017-18
203943,Noah Vonleh,1610612741,CHI,22.0,54,16.2,5.07,3.54,1.54,0.57,0.02,0.93,2.22,0.33,0.33,0.67,0.5,0.5,0.76,1.81,2.57,1.19,0.61,0.295,0.705,0.831,0.429,2017-18
1626181,Norman Powell,1610612761,TOR,25.0,64,16.2,2.78,1.48,1.3,1.2,0.02,0.13,0.3,0.2,0.25,0.45,0.448,0.552,0.02,0.72,0.73,0.45,0.08,0.021,0.979,0.829,0.143,2017-18
1628384,OG Anunoby,1610612761,TOR,20.0,74,20.0,5.23,2.99,2.24,1.31,0.03,0.14,0.31,0.23,0.36,0.59,0.386,0.614,0.26,1.2,1.46,0.76,0.2,0.176,0.824,0.889,0.238,2017-18
1627855,Okaro White,1610612739,CLE,25.0,5,15.9,4.6,3.2,1.4,0.6,0.4,0.4,0.8,0.4,0.0,0.4,1.0,0.0,0.4,1.6,2.0,1.2,0.6,0.2,0.8,0.857,0.429,2017-18
204179,Omari Johnson,1610612763,MEM,29.0,4,18.8,4.25,2.0,2.25,1.5,0.0,1.75,3.75,0.25,0.25,0.5,0.5,0.5,0.0,3.75,3.75,2.0,0.0,0.0,1.0,0.889,0.0,2017-18
201600,Omer Asik,1610612741,CHI,31.0,18,10.1,3.67,3.0,0.67,0.17,0.0,2.44,5.5,0.06,0.06,0.11,0.5,0.5,0.33,2.28,2.61,1.44,0.78,0.128,0.872,0.929,0.5,2017-18
201956,Omri Casspi,1610612744,GSW,30.0,52,14.2,3.63,2.6,1.04,0.65,0.0,0.23,0.5,0.1,0.15,0.25,0.385,0.615,0.37,0.81,1.17,0.6,0.27,0.311,0.689,0.861,0.389,2017-18
203490,Otto Porter Jr.,1610612764,WAS,25.0,77,31.6,5.51,3.18,2.32,2.88,0.01,0.58,1.36,0.32,0.87,1.19,0.272,0.728,0.48,2.01,2.49,1.25,0.42,0.193,0.807,0.857,0.286,2017-18
200782,P.J. Tucker,1610612745,HOU,33.0,82,27.8,6.65,3.9,2.74,1.62,0.13,1.28,3.2,0.48,0.76,1.23,0.386,0.614,0.83,4.05,4.88,2.55,0.88,0.17,0.83,0.864,0.298,2017-18
1628408,PJ Dozier,1610612760,OKC,21.0,1,1.0,2.0,2.0,0.0,0.0,0.0,0.0,0.0,0.0,0.0,0.0,0.0,0.0,0.0,0.0,0.0,0.0,0.0,0.0,0.0,0.0,0.0,2017-18
1627783,Pascal Siakam,1610612761,TOR,24.0,81,20.7,6.36,4.2,2.16,1.43,0.0,1.01,2.31,0.44,0.57,1.01,0.439,0.561,0.26,3.49,3.77,1.98,0.63,0.069,0.928,0.92,0.293,2017-18
1626192,Pat Connaughton,1610612757,POR,25.0,82,18.1,4.93,3.02,1.9,0.63,0.01,0.24,0.63,0.3,0.29,0.6,0.51,0.49,0.06,1.09,1.15,0.63,0.01,0.053,0.947,0.897,0.017,2017-18
201976,Patrick Beverley,1610612746,LAC,29.0,11,30.3,4.55,2.45,2.09,2.27,0.45,0.09,0.27,0.45,1.45,1.91,0.238,0.762,0.18,0.45,0.64,0.45,0.27,0.286,0.714,1.0,0.6,2017-18
1627775,Patrick McCaw,1610612744,GSW,22.0,55,17.5,3.27,2.0,1.27,1.31,0.05,0.24,0.6,0.2,0.44,0.64,0.314,0.686,0.02,1.02,1.04,0.69,0.16,0.018,0.982,0.844,0.2,2017-18
202335,Patrick Patterson,1610612760,OKC,29.0,82,15.5,5.05,3.59,1.46,0.95,0.02,0.99,2.29,0.11,0.23,0.34,0.321,0.679,0.21,3.15,3.35,1.63,0.34,0.062,0.938,0.882,0.184,2017-18
201988,Patty Mills,1610612759,SAS,29.0,82,25.7,3.12,1.55,1.57,1.3,0.04,0.21,0.46,0.41,0.51,0.93,0.447,0.553,0.02,1.23,1.26,0.8,0.05,0.019,0.981,0.917,0.056,2017-18
2200,Pau Gasol,1610612759,SAS,37.0,77,23.5,10.05,8.9,1.16,0.39,0.03,2.35,5.13,0.27,0.27,0.55,0.5,0.5,1.31,4.77,6.08,3.45,1.44,0.216,0.784,0.878,0.366,2017-18
202331,Paul George,1610612760,OKC,28.0,79,36.6,8.04,4.15,3.89,3.91,0.06,0.34,0.76,0.8,1.0,1.8,0.444,0.556,0.24,2.58,2.82,1.84,0.44,0.085,0.915,0.895,0.216,2017-18
200794,Paul Millsap,1610612743,DEN,33.0,38,30.1,10.63,7.16,3.47,2.18,0.24,0.79,1.82,0.47,0.87,1.34,0.353,0.647,0.79,5.29,6.08,3.24,1.08,0.13,0.87,0.904,0.301,2017-18
1627835,Paul Zipser,1610612741,CHI,24.0,52,15.8,5.27,3.27,2.0,0.73,0.0,0.25,0.63,0.17,0.25,0.42,0.409,0.591,0.1,1.42,1.52,0.67,0.13,0.063,0.937,0.833,0.167,2017-18
203112,Quincy Acy,1610612751,BKN,27.0,70,19.4,6.11,4.49,1.63,1.43,0.31,1.53,3.69,0.2,0.2,0.4,0.5,0.5,0.46,4.74,5.2,2.37,0.49,0.088,0.912,0.847,0.173,2017-18
202347,Quincy Pondexter,1610612741,CHI,30.0,19,9.6,2.0,1.11,0.89,0.63,0.05,0.16,0.37,0.16,0.16,0.32,0.5,0.5,0.05,0.58,0.63,0.37,0.05,0.083,0.917,0.778,0.111,2017-18
1626188,Quinn Cook,1610612744,GSW,25.0,29,25.2,3.69,1.83,1.86,0.55,0.0,0.38,0.86,0.34,0.41,0.76,0.455,0.545,0.17,0.66,0.83,0.34,0.0,0.208,0.792,0.625,0.0,2017-18
1626154,RJ Hunter,1610612745,HOU,24.0,4,11.0,1.25,0.25,1.0,1.5,0.0,0.0,0.0,0.25,0.5,0.75,0.333,0.667,0.0,1.25,1.25,0.75,0.0,0.0,1.0,1.0,0.0,2017-18
200765,Rajon Rondo,1610612740,NOP,32.0,64,26.4,3.33,1.38,1.95,2.06,0.03,0.56,1.42,0.31,0.91,1.22,0.256,0.744,0.06,0.7,0.77,0.52,0.11,0.082,0.918,0.825,0.175,2017-18
201196,Ramon Sessions,1610612764,WAS,32.0,24,15.8,1.96,0.63,1.33,0.92,0.0,0.17,0.38,0.33,0.25,0.58,0.571,0.429,0.0,0.08,0.08,0.04,0.0,0.0,1.0,1.0,0.0,2017-18
1626173,Rashad Vaughn,1610612753,ORL,21.0,18,10.6,2.22,1.39,0.83,0.39,0.0,0.06,0.11,0.22,0.17,0.39,0.571,0.429,0.11,0.67,0.78,0.5,0.06,0.143,0.857,0.9,0.1,2017-18
203526,Raul Neto,1610612762,UTA,26.0,40,12.4,3.68,2.15,1.53,0.48,0.08,0.18,0.45,0.2,0.38,0.58,0.348,0.652,0.0,0.38,0.38,0.2,0.05,0.0,1.0,0.889,0.222,2017-18
101109,Raymond Felton,1610612760,OKC,34.0,82,16.6,3.29,1.73,1.56,1.11,0.02,0.16,0.4,0.26,0.5,0.76,0.339,0.661,0.06,1.01,1.07,0.73,0.13,0.057,0.943,0.896,0.164,2017-18
203493,Reggie Bullock Jr.,1610612765,DET,27.0,61,28.3,5.64,2.77,2.87,1.21,0.03,0.21,0.52,0.25,0.66,0.9,0.273,0.727,0.0,0.75,0.75,0.48,0.11,0.0,1.0,0.967,0.233,2017-18
203687,Reggie Hearn,1610612765,DET,26.0,2,2.9,0.5,0.5,0.0,0.0,0.0,0.0,0.0,0.0,0.0,0.0,0.0,0.0,0.0,1.0,1.0,0.0,0.0,0.0,1.0,0.0,0.0,2017-18
202704,Reggie Jackson,1610612765,DET,28.0,45,26.7,5.27,2.29,2.98,1.29,0.09,0.27,0.62,0.53,0.51,1.04,0.511,0.489,0.02,0.89,0.91,0.58,0.09,0.024,0.976,0.929,0.143,2017-18
2210,Richard Jefferson,1610612743,DEN,38.0,18,9.0,2.44,1.11,1.33,0.28,0.0,0.17,0.33,0.11,0.22,0.33,0.333,0.667,0.17,0.94,1.11,0.33,0.06,0.15,0.85,0.6,0.1,2017-18
1626158,Richaun Holmes,1610612755,PHI,24.0,48,15.5,5.75,4.29,1.46,0.83,0.0,1.58,3.63,0.33,0.21,0.54,0.615,0.385,0.65,3.56,4.21,1.94,0.71,0.153,0.847,0.845,0.309,2017-18
201937,Ricky Rubio,1610612762,UTA,27.0,77,29.3,5.09,2.88,2.21,3.0,0.1,0.21,0.48,0.49,1.0,1.49,0.33,0.67,0.0,0.91,0.91,0.53,0.06,0.0,1.0,0.872,0.106,2017-18
203496,Robert Covington,1610612755,PHI,27.0,80,31.6,7.9,4.3,3.6,3.94,0.01,0.41,0.95,0.35,0.96,1.31,0.267,0.733,0.33,1.73,2.05,1.11,0.24,0.159,0.841,0.832,0.178,2017-18
201577,Robin Lopez,1610612741,CHI,30.0,64,26.4,11.06,9.27,1.8,0.28,0.02,4.11,9.25,0.23,0.33,0.56,0.417,0.583,2.27,6.69,8.95,5.16,1.38,0.253,0.747,0.873,0.233,2017-18
203918,Rodney Hood,1610612739,CLE,25.0,60,26.9,5.15,2.95,2.2,1.07,0.03,0.2,0.47,0.3,0.4,0.7,0.429,0.571,0.02,1.93,1.95,0.95,0.15,0.009,0.991,0.838,0.132,2017-18
203585,Rodney McGruder,1610612748,MIA,26.0,16,18.5,3.94,1.75,2.19,1.13,0.0,0.06,0.19,0.31,0.31,0.63,0.5,0.5,0.25,0.88,1.13,0.5,0.13,0.222,0.778,0.8,0.2,2017-18
1628681,Rodney Purvis,1610612753,ORL,24.0,16,18.1,2.69,1.13,1.56,0.88,0.0,0.06,0.13,0.19,0.25,0.44,0.429,0.571,0.0,1.0,1.0,0.56,0.31,0.0,1.0,0.692,0.385,2017-18
1627758,Ron Baker,1610612752,NYK,25.0,28,13.7,2.5,1.43,1.07,1.75,0.0,0.29,0.71,0.14,0.5,0.64,0.222,0.778,0.0,1.07,1.07,0.46,0.04,0.0,1.0,0.684,0.053,2017-18
1626178,Rondae Hollis-Jefferson,1610612751,BKN,23.0,68,28.2,8.59,6.38,2.21,1.85,0.01,1.68,4.16,0.47,0.47,0.94,0.5,0.5,0.44,5.71,6.15,3.25,1.0,0.072,0.928,0.921,0.283,2017-18
1626220,Royce O'Neale,1610612762,UTA,25.0,66,17.3,3.67,2.15,1.52,1.0,0.0,0.08,0.17,0.15,0.5,0.65,0.233,0.767,0.03,1.11,1.14,0.68,0.26,0.027,0.973,0.918,0.347,2017-18
200752,Rudy Gay,1610612759,SAS,31.0,57,21.6,6.58,3.93,2.65,1.61,0.05,0.46,1.04,0.58,0.39,0.96,0.6,0.4,0.61,2.14,2.75,1.47,0.56,0.223,0.777,0.84,0.32,2017-18
203497,Rudy Gobert,1610612762,UTA,26.0,56,32.4,15.04,12.77,2.27,1.46,0.0,6.18,14.27,0.34,0.43,0.77,0.442,0.558,2.29,6.36,8.64,4.64,1.96,0.264,0.736,0.875,0.37,2017-18
201566,Russell Westbrook,1610612760,OKC,29.0,80,36.4,3.55,1.9,1.65,3.33,0.06,0.14,0.38,0.95,1.19,2.14,0.444,0.556,0.16,0.71,0.88,0.54,0.28,0.186,0.814,0.843,0.431,2017-18
201583,Ryan Anderson,1610612745,HOU,30.0,66,26.1,6.86,4.79,2.08,0.58,0.09,1.05,2.53,0.3,0.3,0.61,0.5,0.5,1.3,4.8,6.11,2.82,1.11,0.213,0.787,0.834,0.327,2017-18
1627853,Ryan Arcidiacono,1610612741,CHI,24.0,23,12.9,1.83,0.52,1.3,0.78,0.17,0.09,0.17,0.04,0.3,0.35,0.125,0.875,0.0,0.48,0.48,0.22,0.04,0.0,1.0,0.833,0.167,2017-18
1626257,Salah Mejri,1610612742,DAL,32.0,58,12.5,6.33,5.22,1.1,0.64,0.19,2.33,5.5,0.31,0.26,0.57,0.545,0.455,0.29,3.4,3.69,2.0,0.69,0.079,0.921,0.906,0.313,2017-18
1626155,Sam Dekker,1610612746,LAC,24.0,71,12.3,3.42,2.32,1.1,0.58,0.0,0.3,0.69,0.24,0.28,0.52,0.459,0.541,0.32,1.76,2.08,1.0,0.3,0.155,0.845,0.755,0.223,2017-18
203816,Scotty Hopson,1610612742,DAL,28.0,1,8.4,1.0,1.0,0.0,1.0,0.0,0.0,0.0,0.0,1.0,1.0,0.0,1.0,0.0,0.0,0.0,0.0,0.0,0.0,0.0,0.0,0.0,2017-18
203930,Sean Kilpatrick,1610612741,CHI,28.0,45,13.7,1.91,0.96,0.96,0.62,0.0,0.09,0.2,0.16,0.4,0.56,0.28,0.72,0.02,0.4,0.42,0.33,0.16,0.053,0.947,1.0,0.467,2017-18
1628400,Semi Ojeleye,1610612738,BOS,23.0,71,16.0,4.52,2.7,1.82,0.56,0.1,0.24,0.59,0.15,0.2,0.35,0.44,0.56,0.08,2.01,2.1,1.04,0.3,0.04,0.96,0.881,0.25,2017-18
201586,Serge Ibaka,1610612761,TOR,28.0,76,27.5,9.01,6.39,2.62,0.8,0.03,1.37,3.09,0.2,0.39,0.59,0.333,0.667,0.89,4.03,4.93,2.47,0.95,0.181,0.816,0.883,0.338,2017-18
203498,Shabazz Muhammad,1610612749,MIL,25.0,36,10.7,2.22,1.11,1.11,0.44,0.06,0.08,0.19,0.11,0.25,0.36,0.308,0.692,0.22,0.94,1.17,0.64,0.42,0.19,0.81,0.885,0.577,2017-18
203894,Shabazz Napier,1610612757,POR,26.0,72,21.1,3.76,1.97,1.79,2.11,0.03,0.15,0.36,0.33,0.49,0.82,0.407,0.593,0.06,0.46,0.51,0.28,0.08,0.108,0.892,0.952,0.286,2017-18
203499,Shane Larkin,1610612738,BOS,25.0,50,15.0,2.82,1.4,1.42,1.1,0.12,0.0,0.0,0.24,0.44,0.68,0.353,0.647,0.0,0.62,0.62,0.52,0.04,0.0,1.0,1.0,0.077,2017-18
1627885,Shaquille Harrison,1610612756,PHX,24.0,21,18.2,5.05,2.71,2.33,2.29,0.0,0.24,0.67,0.24,0.76,1.0,0.238,0.762,0.0,0.86,0.86,0.62,0.1,0.0,1.0,1.0,0.154,2017-18
2733,Shaun Livingston,1610612744,GSW,32.0,71,15.9,3.56,2.23,1.34,0.79,0.0,0.39,0.94,0.17,0.34,0.51,0.333,0.667,0.03,0.77,0.8,0.51,0.14,0.035,0.965,0.837,0.233,2017-18
202714,Shelvin Mack,1610612753,ORL,28.0,67,20.3,4.61,2.19,2.42,1.64,0.04,0.15,0.39,0.31,0.48,0.79,0.396,0.604,0.01,1.24,1.25,0.79,0.12,0.012,0.988,0.898,0.136,2017-18
1628414,Sindarius Thornwell,1610612746,LAC,23.0,66,17.4,4.82,2.7,2.12,1.18,0.06,0.12,0.29,0.24,0.44,0.68,0.356,0.644,0.03,1.61,1.64,0.85,0.12,0.019,0.981,0.767,0.11,2017-18
1627746,Skal Labissiere,1610612758,SAC,22.0,60,20.7,7.82,4.97,2.85,0.63,0.03,1.22,2.75,0.4,0.37,0.77,0.522,0.478,1.07,3.6,4.67,2.0,0.8,0.229,0.771,0.816,0.327,2017-18
203524,Solomon Hill,1610612740,NOP,27.0,12,15.6,4.33,2.83,1.5,0.42,0.0,0.5,1.25,0.25,0.67,0.92,0.273,0.727,0.08,1.75,1.83,1.0,0.08,0.045,0.955,0.8,0.067,2017-18
203915,Spencer Dinwiddie,1610612751,BKN,25.0,80,28.8,5.58,3.48,2.1,1.55,0.03,0.5,1.28,0.36,0.66,1.03,0.354,0.646,0.01,1.69,1.7,0.85,0.16,0.007,0.993,0.883,0.169,2017-18
1626169,Stanley Johnson,1610612765,DET,22.0,69,27.4,5.17,2.86,2.32,2.14,0.0,0.09,0.23,0.25,0.8,1.04,0.236,0.764,0.2,1.06,1.26,0.8,0.16,0.161,0.839,0.859,0.172,2017-18
201939,Stephen Curry,1610612744,GSW,30.0,51,32.0,4.63,2.29,2.33,2.71,0.08,0.71,1.59,0.69,0.98,1.67,0.412,0.588,0.2,0.96,1.16,0.78,0.29,0.169,0.831,0.87,0.326,2017-18
1628425,Sterling Brown,1610612749,MIL,23.0,51,14.9,3.33,1.59,1.75,1.0,0.0,0.08,0.16,0.31,0.37,0.69,0.457,0.543,0.06,0.92,0.98,0.45,0.12,0.06,0.94,0.821,0.214,2017-18
203500,Steven Adams,1610612760,OKC,24.0,76,32.7,13.43,9.59,3.84,2.28,0.0,4.87,11.07,0.74,0.62,1.36,0.544,0.456,5.82,5.66,11.47,5.87,2.38,0.507,0.493,0.821,0.333,2017-18
1628388,T.J. Leaf,1610612754,IND,21.0,53,8.7,2.83,1.77,1.06,0.19,0.0,0.3,0.62,0.11,0.09,0.21,0.545,0.455,0.3,1.45,1.75,0.64,0.26,0.172,0.828,0.81,0.333,2017-18
204456,T.J. McConnell,1610612755,PHI,26.0,74,22.8,3.8,2.18,1.62,2.38,0.01,0.22,0.55,0.42,0.68,1.09,0.383,0.617,0.01,0.18,0.19,0.08,0.04,0.071,0.929,1.0,0.5,2017-18
203933,T.J. Warren,1610612756,PHX,24.0,65,33.0,6.4,3.34,3.06,1.91,0.0,0.14,0.37,0.6,0.69,1.29,0.464,0.536,0.37,0.94,1.31,0.63,0.23,0.282,0.718,0.891,0.326,2017-18
201959,Taj Gibson,1610612750,MIN,33.0,82,33.2,10.57,6.38,4.2,1.34,0.0,2.54,5.55,0.46,0.65,1.11,0.418,0.582,1.33,5.55,6.88,3.27,1.15,0.193,0.807,0.851,0.298,2017-18
204028,Tarik Black,1610612745,HOU,26.0,50,10.7,4.62,3.4,1.22,0.68,0.02,1.66,4.02,0.28,0.22,0.5,0.56,0.44,1.28,2.86,4.14,2.06,0.8,0.309,0.691,0.817,0.317,2017-18
1627752,Taurean Prince,1610612737,ATL,24.0,82,30.0,6.6,3.83,2.77,1.83,0.12,0.2,0.48,0.48,0.62,1.1,0.433,0.567,0.07,1.88,1.95,1.12,0.3,0.038,0.963,0.829,0.225,2017-18
1628390,Terrance Ferguson,1610612760,OKC,20.0,54,13.5,3.48,2.09,1.39,0.78,0.0,0.06,0.13,0.13,0.33,0.46,0.28,0.72,0.0,1.07,1.07,0.59,0.07,0.0,1.0,0.821,0.103,2017-18
203082,Terrence Ross,1610612753,ORL,27.0,24,25.0,5.0,3.04,1.96,2.13,0.0,0.08,0.21,0.21,0.71,0.92,0.227,0.773,0.04,1.21,1.25,0.75,0.08,0.033,0.967,0.947,0.105,2017-18
1626179,Terry Rozier,1610612738,BOS,24.0,80,25.9,4.05,1.86,2.19,1.49,0.04,0.29,0.65,0.38,0.64,1.01,0.37,0.63,0.05,0.89,0.94,0.58,0.13,0.053,0.947,0.939,0.204,2017-18
200757,Thabo Sefolosha,1610612762,UTA,34.0,38,21.2,5.55,3.0,2.55,2.18,0.0,0.39,1.0,0.18,0.47,0.66,0.28,0.72,0.32,2.95,3.26,1.61,0.45,0.097,0.903,0.836,0.233,2017-18
201152,Thaddeus Young,1610612754,IND,30.0,81,32.2,10.51,5.81,4.69,3.6,0.17,1.33,3.1,0.53,0.95,1.48,0.358,0.642,0.91,4.06,4.98,2.44,0.89,0.184,0.816,0.857,0.312,2017-18
1628418,Thomas Bryant,1610612747,LAL,20.0,12,5.8,2.33,1.92,0.42,0.25,0.0,0.58,1.25,0.17,0.17,0.33,0.5,0.5,0.08,1.5,1.58,0.75,0.25,0.053,0.947,0.9,0.3,2017-18
1627748,Thon Maker,1610612749,MIL,21.0,73,16.9,7.84,6.27,1.56,0.9,0.01,1.67,3.6,0.19,0.42,0.62,0.311,0.689,0.47,3.93,4.4,1.88,0.41,0.106,0.894,0.867,0.19,2017-18
204025,Tim Frazier,1610612764,WAS,27.0,55,15.0,3.05,1.33,1.73,1.15,0.15,0.15,0.29,0.2,0.47,0.67,0.297,0.703,0.04,0.62,0.65,0.36,0.04,0.056,0.944,0.87,0.087,2017-18
203501,Tim Hardaway Jr.,1610612752,NYK,26.0,57,33.1,6.56,2.95,3.61,1.46,0.21,0.23,0.53,0.4,0.79,1.19,0.338,0.662,0.11,1.56,1.67,0.95,0.21,0.063,0.937,0.915,0.203,2017-18
1627817,Tim Quarterman,1610612745,HOU,23.0,2,5.3,1.5,0.5,1.0,0.0,0.0,0.0,0.0,0.0,0.0,0.0,0.0,0.0,0.0,0.0,0.0,0.0,0.0,0.0,0.0,0.0,0.0,2017-18
202389,Timofey Mozgov,1610612751,BKN,31.0,31,11.6,5.71,4.74,0.97,0.23,0.03,1.42,3.19,0.13,0.13,0.26,0.5,0.5,0.45,3.61,4.06,2.29,0.68,0.111,0.889,0.888,0.263,2017-18
1627789,Timothe Luwawu-Cabarrot,1610612755,PHI,23.0,50,16.0,4.18,2.34,1.84,0.68,0.0,0.1,0.22,0.14,0.34,0.48,0.292,0.708,0.06,1.28,1.34,0.76,0.12,0.045,0.955,0.905,0.143,2017-18
202699,Tobias Harris,1610612746,LAC,25.0,80,33.4,9.7,5.89,3.81,1.54,0.01,1.28,2.88,0.46,0.69,1.15,0.402,0.598,0.4,5.49,5.89,2.46,0.76,0.068,0.932,0.845,0.262,2017-18
203107,Tomas Satoransky,1610612764,WAS,26.0,71,23.0,4.93,2.76,2.17,1.45,0.07,0.14,0.35,0.37,0.59,0.96,0.382,0.618,0.3,0.99,1.28,0.83,0.15,0.231,0.769,0.831,0.155,2017-18
2754,Tony Allen,1610612740,NOP,36.0,20,13.4,2.9,1.4,1.5,0.95,0.0,0.15,0.45,0.25,0.35,0.6,0.417,0.583,0.45,0.65,1.1,0.65,0.2,0.409,0.591,0.765,0.235,2017-18
1628396,Tony Bradley,1610612762,UTA,20.0,8,3.5,2.0,0.63,1.38,0.0,0.0,0.13,0.25,0.0,0.0,0.0,0.0,0.0,0.25,0.5,0.75,0.38,0.13,0.333,0.667,0.75,0.25,2017-18
2225,Tony Parker,1610612759,SAS,36.0,55,19.5,2.56,1.15,1.42,0.64,0.02,0.05,0.11,0.24,0.38,0.62,0.382,0.618,0.0,0.49,0.49,0.36,0.11,0.0,1.0,0.87,0.261,2017-18
203503,Tony Snell,1610612749,MIL,26.0,75,27.4,5.71,3.25,2.45,1.28,0.0,0.21,0.49,0.19,0.53,0.72,0.259,0.741,0.03,2.6,2.63,1.21,0.07,0.01,0.99,0.835,0.046,2017-18
1628470,Torrey Craig,1610612743,DEN,27.0,39,16.1,4.74,2.82,1.92,0.44,0.0,0.05,0.1,0.13,0.28,0.41,0.313,0.688,0.13,1.51,1.64,0.95,0.33,0.078,0.922,0.902,0.317,2017-18
204037,Travis Wear,1610612747,LAL,27.0,17,13.4,4.88,3.0,1.88,0.47,0.0,0.47,1.0,0.06,0.35,0.41,0.143,0.857,0.18,2.82,3.0,1.29,0.35,0.059,0.941,0.917,0.25,2017-18
1626203,Treveon Graham,1610612766,CHA,24.0,61,17.1,3.57,1.87,1.7,0.84,0.1,0.21,0.48,0.21,0.66,0.87,0.245,0.755,0.31,2.05,2.36,1.18,0.34,0.132,0.868,0.911,0.266,2017-18
2772,Trevor Ariza,1610612745,HOU,33.0,66,34.4,5.14,2.65,2.48,2.92,0.03,0.35,0.83,0.33,0.71,1.05,0.319,0.681,0.12,2.12,2.24,1.44,0.27,0.054,0.946,0.922,0.175,2017-18
202344,Trevor Booker,1610612754,IND,30.0,68,17.0,4.81,2.94,1.87,0.75,0.04,1.76,4.12,0.35,0.29,0.65,0.545,0.455,1.81,3.68,5.49,2.44,0.99,0.33,0.67,0.818,0.33,2017-18
203504,Trey Burke,1610612752,NYK,25.0,33,23.3,3.85,2.0,1.85,1.09,0.0,0.21,0.45,0.36,0.67,1.03,0.353,0.647,0.0,0.48,0.48,0.24,0.06,0.0,1.0,0.889,0.222,2017-18
1626168,Trey Lyles,1610612743,DEN,22.0,73,19.1,6.41,4.22,2.19,0.64,0.05,0.92,2.11,0.16,0.33,0.49,0.333,0.667,0.45,3.41,3.86,1.84,0.73,0.117,0.883,0.899,0.356,2017-18
203590,Trey McKinney-Jones,1610612754,IND,27.0,1,1.2,0.0,0.0,0.0,0.0,0.0,0.0,0.0,0.0,0.0,0.0,0.0,0.0,0.0,1.0,1.0,0.0,0.0,0.0,1.0,0.0,0.0,2017-18
202684,Tristan Thompson,1610612739,CLE,27.0,53,20.2,8.51,6.09,2.42,0.49,0.0,3.4,7.74,0.49,0.4,0.89,0.553,0.447,1.96,4.19,6.15,3.25,1.3,0.319,0.681,0.819,0.329,2017-18
203584,Troy Daniels,1610612756,PHX,26.0,78,20.6,4.17,2.22,1.95,0.91,0.03,0.21,0.46,0.26,0.24,0.5,0.513,0.487,0.06,1.01,1.08,0.58,0.12,0.06,0.94,0.818,0.164,2017-18
1627786,Troy Williams,1610612752,NYK,23.0,18,16.6,2.61,1.11,1.5,2.0,0.0,0.06,0.11,0.17,0.44,0.61,0.273,0.727,0.06,0.56,0.61,0.39,0.06,0.091,0.909,0.875,0.125,2017-18
1628463,Tyler Cavanaugh,1610612737,ATL,24.0,37,14.0,4.22,2.97,1.24,0.54,0.11,1.76,4.19,0.22,0.16,0.38,0.571,0.429,1.22,3.59,4.81,2.3,0.68,0.253,0.747,0.842,0.248,2017-18
1628416,Tyler Dorsey,1610612737,ATL,22.0,52,18.6,3.65,1.87,1.79,0.79,0.0,0.04,0.12,0.33,0.35,0.67,0.486,0.514,0.04,0.81,0.85,0.42,0.08,0.045,0.955,0.88,0.16,2017-18
203898,Tyler Ennis,1610612747,LAL,23.0,50,13.4,3.1,1.84,1.26,0.76,0.02,0.04,0.1,0.24,0.38,0.62,0.387,0.613,0.02,0.84,0.86,0.54,0.04,0.023,0.977,0.818,0.061,2017-18
204020,Tyler Johnson,1610612748,MIA,26.0,72,28.5,7.58,4.71,2.88,1.5,0.08,0.28,0.67,0.39,0.54,0.93,0.418,0.582,0.03,0.9,0.93,0.56,0.14,0.03,0.97,0.889,0.222,2017-18
1628399,Tyler Lydon,1610612743,DEN,22.0,1,2.2,1.0,0.0,1.0,0.0,0.0,0.0,0.0,0.0,0.0,0.0,0.0,0.0,0.0,0.0,0.0,0.0,0.0,0.0,0.0,0.0,0.0,2017-18
1627755,Tyler Ulis,1610612756,PHX,22.0,69,23.9,3.83,2.12,1.71,2.03,0.04,0.23,0.61,0.39,0.57,0.96,0.409,0.591,0.0,0.87,0.87,0.67,0.1,0.0,1.0,0.958,0.146,2017-18
203092,Tyler Zeller,1610612749,MIL,28.0,65,17.0,8.43,6.97,1.46,0.4,0.11,2.05,4.54,0.17,0.22,0.38,0.44,0.56,0.62,4.18,4.8,2.29,0.77,0.128,0.872,0.861,0.289,2017-18
201936,Tyreke Evans,1610612763,MEM,28.0,52,30.9,5.85,2.6,3.25,1.87,0.0,0.06,0.13,0.58,0.69,1.27,0.455,0.545,0.04,0.88,0.92,0.54,0.21,0.042,0.958,0.875,0.344,2017-18
1627820,Tyrone Wallace,1610612746,LAC,24.0,29,29.3,8.1,4.45,3.66,1.83,0.0,0.17,0.41,0.55,0.83,1.38,0.4,0.6,0.0,1.21,1.21,0.62,0.07,0.0,1.0,0.947,0.105,2017-18
2199,Tyson Chandler,1610612756,PHX,35.0,46,25.0,7.2,6.33,0.87,0.72,0.02,3.96,8.72,0.26,0.28,0.54,0.48,0.52,1.89,6.28,8.17,4.0,1.74,0.231,0.769,0.84,0.365,2017-18
1626145,Tyus Jones,1610612750,MIN,22.0,82,17.9,3.55,1.65,1.9,1.94,0.09,0.12,0.26,0.22,0.61,0.83,0.265,0.735,0.01,0.48,0.49,0.27,0.06,0.025,0.975,0.815,0.185,2017-18
2617,Udonis Haslem,1610612748,MIA,38.0,13,5.5,1.77,1.31,0.46,0.0,0.15,0.38,0.92,0.15,0.15,0.31,0.5,0.5,0.0,0.62,0.62,0.31,0.0,0.0,1.0,1.0,0.0,2017-18
203505,Vander Blue,1610612747,LAL,25.0,3,12.1,3.0,1.67,1.33,1.0,0.0,0.33,0.67,0.0,0.0,0.0,0.0,0.0,0.0,0.33,0.33,0.0,0.0,0.0,1.0,0.0,0.0,2017-18
203506,Victor Oladipo,1610612754,IND,26.0,75,34.0,8.81,4.05,4.76,3.77,0.16,0.12,0.28,0.69,0.91,1.6,0.433,0.567,0.13,1.43,1.56,1.11,0.29,0.085,0.915,0.922,0.244,2017-18
1713,Vince Carter,1610612758,SAC,41.0,58,17.7,3.97,2.0,1.97,1.07,0.03,0.52,1.26,0.22,0.45,0.67,0.333,0.667,0.19,2.53,2.72,1.4,0.45,0.07,0.93,0.931,0.299,2017-18
1626205,Vincent Hunter,1610612763,MEM,23.0,3,2.3,1.33,0.67,0.67,0.0,0.0,0.0,0.0,0.0,0.0,0.0,0.0,0.0,0.67,0.0,0.67,0.67,0.67,1.0,0.0,1.0,1.0,2017-18
1627735,Wade Baldwin IV,1610612757,POR,22.0,4,18.1,3.75,2.5,1.25,1.25,0.0,1.0,2.25,0.0,0.5,0.5,0.0,1.0,0.0,0.25,0.25,0.25,0.0,0.0,1.0,1.0,0.0,2017-18
1627215,Walt Lemon Jr.,1610612740,NOP,25.0,5,7.0,1.6,1.4,0.2,0.0,0.0,0.0,0.0,0.0,0.0,0.0,0.0,0.0,0.0,0.2,0.2,0.0,0.0,0.0,1.0,0.0,0.0,2017-18
201961,Wayne Ellington,1610612748,MIA,30.0,77,26.5,4.86,2.17,2.69,1.06,0.0,0.62,1.36,0.36,0.45,0.82,0.444,0.556,0.05,1.06,1.12,0.71,0.08,0.047,0.953,0.887,0.097,2017-18
1627782,Wayne Selden,1610612763,MEM,23.0,35,19.8,3.57,1.57,2.0,0.97,0.0,0.14,0.37,0.29,0.37,0.66,0.435,0.565,0.03,1.17,1.2,0.66,0.14,0.024,0.976,0.852,0.185,2017-18
1628411,Wes Iwundu,1610612753,ORL,23.0,57,17.6,3.86,2.0,1.86,0.84,0.05,0.09,0.23,0.16,0.37,0.53,0.3,0.7,0.0,0.67,0.67,0.37,0.09,0.0,1.0,0.84,0.2,2017-18
202325,Wesley Johnson,1610612746,LAC,30.0,73,20.3,5.67,3.58,2.1,2.01,0.01,0.07,0.15,0.15,0.4,0.55,0.275,0.725,0.07,1.59,1.66,1.01,0.23,0.041,0.959,0.914,0.21,2017-18
202083,Wesley Matthews,1610612742,DAL,31.0,63,33.8,5.71,2.67,3.05,1.95,0.06,0.22,0.57,0.54,0.78,1.32,0.41,0.59,0.14,2.86,3.0,1.48,0.17,0.048,0.952,0.861,0.102,2017-18
203115,Will Barton,1610612743,DEN,27.0,81,33.1,6.14,3.42,2.72,1.78,0.0,0.06,0.16,0.47,0.53,1.0,0.469,0.531,0.04,0.72,0.75,0.37,0.09,0.049,0.951,0.789,0.184,2017-18
1626161,Willie Cauley-Stein,1610612758,SAC,24.0,73,28.0,9.3,6.22,3.08,1.89,0.12,3.16,6.96,0.41,0.56,0.97,0.423,0.577,0.48,4.59,5.07,2.47,1.04,0.095,0.905,0.918,0.388,2017-18
203186,Willie Reed,1610612765,DET,28.0,40,10.7,4.1,3.55,0.55,0.43,0.28,0.95,2.15,0.13,0.2,0.33,0.385,0.615,0.7,2.9,3.6,1.58,0.55,0.194,0.806,0.863,0.301,2017-18
1626195,Willy Hernangomez,1610612766,CHA,24.0,47,10.4,4.13,3.23,0.89,0.85,0.0,1.64,3.74,0.21,0.19,0.4,0.526,0.474,0.87,2.17,3.04,1.6,0.85,0.287,0.713,0.872,0.465,2017-18
201163,Wilson Chandler,1610612743,DEN,31.0,74,31.7,6.82,3.78,3.04,0.99,0.0,0.2,0.41,0.36,0.72,1.08,0.338,0.663,0.61,1.84,2.45,1.2,0.46,0.249,0.751,0.84,0.321,2017-18
204098,Xavier Munford,1610612749,MIL,26.0,3,5.6,1.0,1.0,0.0,0.67,0.0,0.0,0.0,0.67,0.0,0.67,1.0,0.0,0.0,0.0,0.0,0.0,0.0,0.0,0.0,0.0,0.0,2017-18
1628504,Xavier Rathan-Mayes,1610612763,MEM,24.0,5,23.6,6.6,3.2,3.4,2.0,0.0,0.2,0.4,0.2,0.6,0.8,0.25,0.75,0.2,0.2,0.4,0.0,0.0,0.5,0.5,0.0,0.0,2017-18
202918,Xavier Silas,1610612738,BOS,30.0,1,7.3,2.0,1.0,1.0,1.0,0.0,0.0,0.0,0.0,0.0,0.0,0.0,0.0,0.0,0.0,0.0,0.0,0.0,0.0,0.0,0.0,0.0,2017-18
1627812,Yogi Ferrell,1610612742,DAL,25.0,81,28.1,5.06,2.43,2.63,1.46,0.15,0.14,0.32,0.33,0.78,1.11,0.3,0.7,0.0,1.73,1.73,1.09,0.07,0.0,1.0,0.898,0.061,2017-18
1628380,Zach Collins,1610612757,POR,20.0,64,16.3,6.52,4.75,1.77,0.31,0.02,1.39,3.3,0.09,0.2,0.3,0.316,0.684,0.38,3.23,3.61,1.72,0.55,0.104,0.896,0.88,0.28,2017-18
203897,Zach LaVine,1610612741,CHI,23.0,24,27.3,3.38,1.42,1.96,1.63,0.0,0.13,0.29,0.25,0.42,0.67,0.375,0.625,0.08,0.92,1.0,0.58,0.25,0.083,0.917,1.0,0.429,2017-18
2216,Zach Randolph,1610612758,SAC,36.0,59,25.6,6.15,3.78,2.37,1.17,0.0,1.49,3.44,0.42,0.25,0.68,0.625,0.375,1.76,4.2,5.97,3.29,1.32,0.295,0.705,0.847,0.341,2017-18
2585,Zaza Pachulia,1610612744,GSW,34.0,69,14.1,5.64,4.2,1.43,1.39,0.0,2.72,6.51,0.25,0.26,0.51,0.486,0.514,0.78,3.2,3.99,2.13,0.75,0.196,0.804,0.85,0.301,2017-18
1627753,Zhou Qi,1610612745,HOU,22.0,17,7.2,3.47,2.65,0.82,0.47,0.0,0.35,0.88,0.0,0.12,0.12,0.0,1.0,0.24,1.12,1.35,0.71,0.41,0.174,0.826,0.8,0.467,2017-18
203932,Aaron Gordon,1610612753,ORL,23.0,78,33.8,6.53,4.42,2.1,1.29,0.01,0.87,2.08,0.62,0.6,1.22,0.505,0.495,0.22,2.18,2.4,1.14,0.38,0.091,0.909,0.856,0.288,2018-19
1628988,Aaron Holiday,1610612754,IND,22.0,40,15.2,3.13,1.83,1.3,0.83,0.0,0.03,0.05,0.2,0.23,0.43,0.471,0.529,0.0,0.58,0.58,0.33,0.0,0.0,1.0,0.929,0.0,2018-19
1627846,Abdel Nader,1610612760,OKC,25.0,54,12.6,4.26,2.43,1.83,0.57,0.02,0.02,0.06,0.24,0.22,0.46,0.52,0.48,0.0,0.89,0.89,0.5,0.19,0.0,1.0,0.794,0.294,2018-19
201143,Al Horford,1610612738,BOS,33.0,68,29.0,11.68,8.79,2.88,1.38,0.0,3.32,7.68,0.26,0.57,0.84,0.316,0.684,0.49,6.04,6.53,3.25,1.13,0.074,0.926,0.86,0.3,2018-19
202329,Al-Farouq Aminu,1610612757,POR,28.0,81,28.3,7.42,4.37,3.05,1.91,0.02,0.96,2.3,0.53,0.46,0.99,0.538,0.463,0.28,3.27,3.56,1.64,0.7,0.08,0.92,0.875,0.375,2018-19
1626210,Alan Williams,1610612751,BKN,26.0,5,5.1,1.6,0.6,1.0,0.2,0.0,0.0,0.0,0.2,0.2,0.4,0.5,0.5,0.2,0.6,0.8,0.0,0.0,0.25,0.75,0.0,0.0,2018-19
202692,Alec Burks,1610612758,SAC,27.0,64,21.5,5.11,3.02,2.09,1.17,0.0,0.09,0.2,0.19,0.3,0.48,0.387,0.613,0.0,0.48,0.48,0.3,0.06,0.0,1.0,0.95,0.2,2018-19
203518,Alex Abrines,1610612760,OKC,25.0,31,19.0,5.26,3.39,1.87,0.94,0.06,0.03,0.1,0.16,0.39,0.55,0.294,0.706,0.0,1.39,1.39,0.74,0.1,0.0,1.0,0.742,0.097,2018-19
1627936,Alex Caruso,1610612747,LAL,25.0,23,23.0,6.04,3.04,3.0,2.04,0.17,0.52,1.17,0.65,0.17,0.83,0.789,0.211,0.0,1.26,1.26,0.83,0.17,0.0,1.0,0.864,0.182,2018-19
203458,Alex Len,1610612737,ATL,26.0,77,20.1,9.55,7.82,1.73,0.52,0.0,2.16,4.96,0.27,0.17,0.44,0.618,0.382,0.77,4.95,5.71,2.94,0.87,0.134,0.866,0.893,0.265,2018-19
1627816,Alex Poythress,1610612737,ATL,25.0,21,14.5,4.05,2.86,1.19,0.71,0.0,0.48,1.19,0.14,0.14,0.29,0.5,0.5,0.29,2.24,2.52,1.48,0.67,0.113,0.887,0.886,0.4,2018-19
1628035,Alfonzo McKinnie,1610612744,GSW,26.0,67,14.7,3.3,1.6,1.7,0.66,0.04,0.24,0.64,0.19,0.28,0.48,0.406,0.594,0.07,0.84,0.91,0.49,0.07,0.082,0.918,0.971,0.147,2018-19
1628993,Alize Johnson,1610612754,IND,23.0,12,5.2,2.42,1.17,1.25,0.25,0.0,0.17,0.42,0.0,0.17,0.17,0.0,1.0,0.33,0.42,0.75,0.42,0.33,0.444,0.556,0.625,0.5,2018-19
203459,Allen Crabbe,1610612751,BKN,27.0,42,26.5,4.62,2.76,1.86,1.05,0.0,0.12,0.26,0.14,0.43,0.57,0.25,0.75,0.02,0.79,0.81,0.45,0.17,0.029,0.971,0.95,0.35,2018-19
1629019,Allonzo Trier,1610612752,NYK,23.0,64,22.8,4.14,2.22,1.92,0.75,0.05,0.08,0.19,0.31,0.44,0.75,0.417,0.583,0.02,0.42,0.44,0.27,0.05,0.036,0.964,0.81,0.143,2018-19
1628518,Amile Jefferson,1610612753,ORL,26.0,11,5.8,2.45,1.73,0.73,0.27,0.0,1.45,3.64,0.09,0.18,0.27,0.333,0.667,0.27,1.09,1.36,0.73,0.27,0.2,0.8,1.0,0.375,2018-19
101161,Amir Johnson,1610612755,PHI,32.0,50,10.5,4.18,3.38,0.8,0.7,0.04,1.56,3.58,0.2,0.14,0.34,0.588,0.412,0.38,2.7,3.08,1.6,0.52,0.123,0.877,0.851,0.277,2018-19
203083,Andre Drummond,1610612765,DET,25.0,79,33.5,12.97,10.13,2.85,2.85,0.01,3.82,8.42,0.59,0.66,1.25,0.475,0.525,2.58,3.32,5.92,3.48,2.43,0.436,0.56,0.865,0.604,2018-19
2738,Andre Iguodala,1610612744,GSW,35.0,68,23.2,4.47,2.53,1.94,1.68,0.03,0.65,1.65,0.41,0.71,1.12,0.368,0.632,0.13,2.76,2.9,1.53,0.37,0.046,0.954,0.881,0.212,2018-19
201281,Andre Ingram,1610612747,LAL,33.0,3,4.4,1.0,0.67,0.33,0.33,0.0,0.0,0.0,0.33,0.0,0.33,1.0,0.0,0.0,0.33,0.33,0.0,0.0,0.0,1.0,0.0,0.0,2018-19
101106,Andrew Bogut,1610612744,GSW,34.0,9,14.0,5.78,5.11,0.67,0.44,0.33,2.56,6.0,0.11,0.0,0.11,1.0,0.0,0.56,2.22,2.78,1.22,0.67,0.2,0.8,0.917,0.5,2018-19
1626150,Andrew Harrison,1610612740,NOP,24.0,14,12.1,2.64,1.14,1.5,1.14,0.21,0.07,0.14,0.29,0.14,0.43,0.667,0.333,0.0,0.07,0.07,0.07,0.0,0.0,1.0,1.0,0.0,2018-19
203952,Andrew Wiggins,1610612750,MIN,24.0,73,34.8,8.9,4.48,4.42,1.66,0.0,0.08,0.23,0.63,0.64,1.27,0.495,0.505,0.15,0.89,1.04,0.64,0.19,0.145,0.855,0.87,0.259,2018-19
1629014,Anfernee Simons,1610612757,POR,20.0,15,9.0,2.73,1.47,1.27,0.27,0.0,0.0,0.0,0.07,0.0,0.07,1.0,0.0,0.0,0.07,0.07,0.0,0.0,0.0,1.0,0.0,0.0,2018-19
1629116,Angel Delgado,1610612746,LAC,24.0,1,13.6,5.0,5.0,0.0,1.0,0.0,1.0,2.0,0.0,0.0,0.0,0.0,0.0,1.0,2.0,3.0,3.0,1.0,0.333,0.667,1.0,0.333,2018-19
1627790,Ante Zizic,1610612739,CLE,22.0,58,18.6,6.67,5.57,1.1,0.29,0.0,2.71,6.09,0.22,0.29,0.52,0.433,0.567,1.16,3.91,5.07,2.88,1.26,0.228,0.772,0.861,0.376,2018-19
203076,Anthony Davis,1610612740,NOP,26.0,56,33.0,12.18,8.82,3.36,2.66,0.11,3.38,7.38,0.71,0.84,1.55,0.46,0.54,0.89,3.57,4.46,2.73,1.64,0.2,0.8,0.916,0.551,2018-19
201229,Anthony Tolliver,1610612750,MIN,34.0,59,18.1,4.02,2.2,1.81,0.47,0.24,0.64,1.46,0.12,0.27,0.39,0.304,0.696,0.14,2.75,2.88,1.25,0.37,0.047,0.953,0.881,0.262,2018-19
1628469,Antonio Blakeney,1610612741,CHI,22.0,50,16.1,2.96,1.38,1.58,0.38,0.0,0.0,0.0,0.16,0.22,0.38,0.421,0.579,0.0,0.46,0.46,0.24,0.04,0.0,1.0,0.75,0.125,2018-19
203382,Aron Baynes,1610612738,BOS,32.0,49,16.2,7.9,6.18,1.71,0.45,0.37,3.18,7.45,0.18,0.12,0.31,0.6,0.4,1.53,4.57,6.1,3.06,0.98,0.251,0.749,0.882,0.282,2018-19
203085,Austin Rivers,1610612745,HOU,26.0,75,26.8,4.68,3.0,1.68,1.25,0.07,0.15,0.35,0.17,0.49,0.67,0.26,0.74,0.0,0.93,0.93,0.55,0.07,0.0,1.0,0.82,0.1,2018-19
202340,Avery Bradley,1610612763,MEM,28.0,63,30.2,4.7,2.48,2.22,1.62,0.06,0.14,0.37,0.46,0.48,0.94,0.492,0.508,0.06,1.32,1.38,0.63,0.1,0.046,0.954,0.816,0.122,2018-19
1629168,BJ Johnson,1610612758,SAC,23.0,6,7.3,1.17,0.67,0.5,0.33,0.0,0.0,0.0,0.33,0.0,0.33,1.0,0.0,0.0,0.33,0.33,0.0,0.0,0.0,1.0,0.0,0.0,2018-19
1628389,Bam Adebayo,1610612748,MIA,21.0,82,23.3,7.77,5.82,1.95,1.43,0.0,2.99,6.83,0.48,0.26,0.73,0.65,0.35,0.65,7.1,7.74,4.0,1.49,0.083,0.917,0.886,0.33,2018-19
203463,Ben McLemore,1610612758,SAC,26.0,12,10.2,2.25,1.42,0.83,0.5,0.08,0.08,0.17,0.08,0.08,0.17,0.5,0.5,0.08,0.58,0.67,0.17,0.08,0.125,0.875,1.0,0.5,2018-19
1627732,Ben Simmons,1610612755,PHI,22.0,78,34.5,6.63,3.72,2.91,2.76,0.0,1.72,4.31,0.83,0.88,1.72,0.485,0.515,0.47,1.4,1.87,0.83,0.38,0.253,0.747,0.867,0.4,2018-19
1628656,Billy Garrett,1610612752,NYK,24.0,4,15.9,1.75,0.5,1.25,1.5,0.25,0.0,0.0,0.0,0.5,0.5,0.0,1.0,0.0,0.0,0.0,0.0,0.0,0.0,0.0,0.0,0.0,2018-19
202687,Bismack Biyombo,1610612766,CHA,26.0,54,14.5,6.06,4.87,1.19,0.26,0.02,2.22,5.07,0.3,0.15,0.44,0.667,0.333,0.74,3.13,3.87,2.0,0.83,0.191,0.809,0.893,0.372,2018-19
201933,Blake Griffin,1610612765,DET,30.0,75,35.0,7.17,3.79,3.39,1.36,0.4,2.29,5.59,0.76,0.59,1.35,0.564,0.436,0.4,4.05,4.47,2.28,0.88,0.09,0.907,0.905,0.349,2018-19
1626246,Boban Marjanovic,1610612755,PHI,30.0,57,11.9,6.47,5.32,1.16,0.3,0.0,1.56,3.35,0.11,0.09,0.19,0.545,0.455,0.58,2.49,3.07,1.54,0.75,0.189,0.811,0.898,0.439,2018-19
1626171,Bobby Portis Jr.,1610612764,WAS,24.0,50,26.0,6.22,4.2,2.02,1.32,0.02,1.92,4.2,0.36,0.42,0.78,0.462,0.538,1.06,5.3,6.38,3.22,1.48,0.166,0.831,0.852,0.392,2018-19
203992,Bogdan Bogdanović,1610612758,SAC,26.0,70,27.8,5.44,2.96,2.49,2.27,0.01,0.19,0.46,0.39,0.37,0.76,0.509,0.491,0.09,1.49,1.57,0.81,0.13,0.055,0.945,0.891,0.141,2018-19
202711,Bojan Bogdanovic,1610612754,IND,30.0,81,31.8,6.2,2.7,3.49,1.16,0.04,0.14,0.3,0.31,0.53,0.84,0.368,0.632,0.15,1.2,1.35,0.59,0.04,0.11,0.89,0.828,0.052,2018-19
1629045,Bonzie Colson,1610612749,MIL,23.0,4,23.3,9.75,4.25,5.5,1.75,0.0,0.25,0.5,0.25,0.75,1.0,0.25,0.75,0.5,2.0,2.5,1.0,0.25,0.2,0.8,0.8,0.2,2018-19
202954,Brad Wanamaker,1610612738,BOS,29.0,27,10.8,2.44,0.96,1.48,1.48,0.0,0.04,0.07,0.04,0.22,0.26,0.143,0.857,0.04,0.48,0.52,0.37,0.11,0.071,0.929,1.0,0.3,2018-19
203078,Bradley Beal,1610612764,WAS,26.0,82,36.9,7.48,3.43,4.05,2.46,0.15,0.23,0.52,0.76,0.94,1.7,0.446,0.554,0.09,0.93,1.01,0.54,0.15,0.084,0.916,0.846,0.231,2018-19
1629164,Brandon Goodwin,1610612743,DEN,23.0,9,4.5,1.22,0.56,0.67,0.0,0.11,0.0,0.0,0.0,0.0,0.0,0.0,0.0,0.0,0.33,0.33,0.22,0.11,0.0,1.0,1.0,0.5,2018-19
1627742,Brandon Ingram,1610612747,LAL,21.0,52,33.9,8.21,4.1,4.12,0.94,0.04,0.4,0.94,0.63,0.54,1.17,0.541,0.459,0.02,0.54,0.56,0.37,0.08,0.034,0.966,0.905,0.19,2018-19
202688,Brandon Knight,1610612739,CLE,27.0,38,19.1,2.97,1.16,1.82,0.97,0.05,0.13,0.32,0.24,0.21,0.45,0.529,0.471,0.0,0.61,0.61,0.39,0.05,0.0,1.0,0.938,0.125,2018-19
1629102,Brandon Sampson,1610612741,CHI,22.0,12,16.7,3.08,1.83,1.25,0.67,0.0,0.0,0.0,0.25,0.17,0.42,0.6,0.4,0.0,0.5,0.5,0.17,0.08,0.0,1.0,0.667,0.333,2018-19
201572,Brook Lopez,1610612749,MIL,31.0,81,28.7,19.27,15.78,3.49,1.01,0.0,1.47,3.4,0.35,0.4,0.74,0.467,0.533,0.14,7.09,7.22,3.9,0.86,0.019,0.981,0.908,0.201,2018-19
1628971,Bruce Brown,1610612765,DET,22.0,72,19.9,5.56,3.28,2.28,1.21,0.0,0.13,0.29,0.32,0.38,0.69,0.46,0.54,0.06,0.61,0.67,0.44,0.06,0.083,0.917,0.842,0.105,2018-19
203998,Bruno Caboclo,1610612763,MEM,23.0,34,23.5,6.82,4.56,2.26,1.44,0.0,0.47,1.15,0.44,0.21,0.65,0.682,0.318,0.47,3.32,3.79,1.59,0.47,0.124,0.876,0.931,0.276,2018-19
1627854,Bryn Forbes,1610612759,SAS,25.0,82,28.0,4.52,2.3,2.22,0.9,0.0,0.23,0.46,0.35,0.52,0.88,0.403,0.597,0.0,1.32,1.32,0.89,0.1,0.0,1.0,0.936,0.103,2018-19
1627741,Buddy Hield,1610612758,SAC,26.0,82,31.9,7.7,4.54,3.16,1.45,0.0,0.18,0.43,0.57,0.62,1.2,0.48,0.52,0.13,0.43,0.56,0.37,0.11,0.239,0.761,0.882,0.265,2018-19
203710,C.J. Williams,1610612750,MIN,29.0,11,10.8,2.55,0.64,1.91,0.91,0.0,0.0,0.0,0.18,0.18,0.36,0.5,0.5,0.0,0.64,0.64,0.27,0.09,0.0,1.0,0.5,0.167,2018-19
203468,CJ McCollum,1610612757,POR,27.0,70,33.9,8.07,5.03,3.04,1.14,0.0,0.16,0.33,0.63,0.66,1.29,0.489,0.511,0.07,0.79,0.86,0.44,0.13,0.083,0.917,0.795,0.231,2018-19
101139,CJ Miles,1610612763,MEM,32.0,52,16.5,3.19,1.71,1.48,0.88,0.08,0.12,0.27,0.23,0.27,0.5,0.462,0.538,0.04,1.52,1.56,0.67,0.13,0.025,0.975,0.897,0.179,2018-19
1628403,Caleb Swanigan,1610612758,SAC,22.0,19,9.1,2.26,1.53,0.74,0.42,0.16,1.21,2.95,0.11,0.16,0.26,0.4,0.6,0.32,1.95,2.26,1.11,0.47,0.14,0.86,0.84,0.36,2018-19
1629244,Cam Reynolds,1610612750,MIN,24.0,15,16.2,4.13,2.0,2.13,0.93,0.0,0.07,0.13,0.07,0.2,0.27,0.25,0.75,0.13,1.4,1.53,0.93,0.33,0.087,0.913,0.875,0.313,2018-19
1626166,Cameron Payne,1610612739,CLE,24.0,38,18.5,3.55,1.95,1.61,1.82,0.08,0.11,0.24,0.34,0.37,0.71,0.481,0.519,0.0,0.84,0.84,0.47,0.03,0.0,1.0,0.9,0.05,2018-19
1627747,Caris LeVert,1610612751,BKN,24.0,40,26.6,6.23,3.33,2.9,2.05,0.1,0.08,0.18,0.45,0.58,1.03,0.439,0.561,0.0,0.95,0.95,0.6,0.1,0.0,1.0,0.857,0.143,2018-19
2546,Carmelo Anthony,1610612745,HOU,35.0,10,29.4,5.9,3.1,2.8,1.1,0.0,0.3,0.7,0.4,0.3,0.7,0.571,0.429,0.9,2.2,3.1,1.4,0.4,0.29,0.71,0.7,0.2,2018-19
1626224,Cedi Osman,1610612739,CLE,24.0,75,32.5,7.71,4.12,3.59,1.32,0.09,0.47,1.11,0.41,0.56,0.97,0.425,0.575,0.05,1.63,1.68,0.75,0.28,0.032,0.968,0.889,0.333,2018-19
1628990,Chandler Hutchison,1610612741,CHI,23.0,42,21.1,3.9,1.88,2.02,1.12,0.19,0.12,0.29,0.31,0.55,0.86,0.361,0.639,0.07,2.5,2.57,1.29,0.29,0.028,0.972,0.857,0.19,2018-19
202718,Chandler Parsons,1610612763,MEM,30.0,25,19.8,2.44,1.12,1.32,0.76,0.04,0.12,0.28,0.04,0.28,0.32,0.125,0.875,0.0,1.16,1.16,0.52,0.08,0.0,1.0,0.867,0.133,2018-19
101112,Channing Frye,1610612739,CLE,36.0,33,10.1,3.67,2.73,0.94,0.3,0.0,0.88,2.06,0.03,0.06,0.09,0.333,0.667,0.0,1.73,1.73,0.85,0.27,0.0,1.0,0.8,0.257,2018-19
1626184,Chasson Randle,1610612764,WAS,26.0,49,15.2,3.27,1.49,1.78,0.96,0.02,0.08,0.16,0.14,0.1,0.24,0.583,0.417,0.02,0.55,0.57,0.43,0.04,0.036,0.964,0.913,0.087,2018-19
1627767,Cheick Diallo,1610612740,NOP,22.0,61,14.6,5.23,4.51,0.72,0.57,0.02,1.56,3.7,0.26,0.36,0.62,0.421,0.579,0.39,2.93,3.33,1.56,0.75,0.118,0.882,0.826,0.4,2018-19
1629002,Chimezie Metu,1610612759,SAS,22.0,23,5.9,1.83,0.87,0.96,0.52,0.0,0.22,0.57,0.09,0.09,0.17,0.5,0.5,0.0,0.78,0.78,0.39,0.09,0.0,1.0,0.9,0.2,2018-19
1628449,Chris Boucher,1610612761,TOR,26.0,27,6.0,4.11,3.19,0.93,0.41,0.0,0.7,1.56,0.07,0.07,0.15,0.5,0.5,0.0,0.67,0.67,0.33,0.19,0.0,1.0,0.818,0.455,2018-19
1629185,Chris Chiozza,1610612745,HOU,23.0,6,5.2,1.83,0.5,1.33,0.33,0.0,0.0,0.0,0.17,0.0,0.17,1.0,0.0,0.0,0.0,0.0,0.0,0.0,0.0,0.0,0.0,0.0,2018-19
101108,Chris Paul,1610612745,HOU,34.0,58,32.0,3.57,1.67,1.9,3.31,0.07,0.38,0.95,0.55,0.67,1.22,0.451,0.549,0.0,0.74,0.74,0.45,0.03,0.0,1.0,0.788,0.061,2018-19
1626174,Christian Wood,1610612740,NOP,23.0,18,13.3,5.56,3.39,2.17,0.61,0.0,0.72,1.67,0.17,0.28,0.44,0.375,0.625,0.11,1.94,2.06,0.89,0.33,0.054,0.946,0.941,0.353,2018-19
203991,Clint Capela,1610612745,HOU,25.0,67,33.6,13.81,10.33,3.48,1.06,0.06,2.63,6.01,0.78,0.66,1.43,0.542,0.458,0.88,4.7,5.58,2.64,1.4,0.158,0.842,0.894,0.475,2018-19
203469,Cody Zeller,1610612766,CHA,26.0,49,25.4,9.41,7.18,2.22,1.53,0.08,5.39,12.59,0.31,0.59,0.9,0.341,0.659,1.16,6.04,7.2,3.37,1.2,0.161,0.839,0.855,0.306,2018-19
1629012,Collin Sexton,1610612739,CLE,20.0,82,31.8,6.6,2.91,3.68,1.06,0.01,0.17,0.37,0.57,0.51,1.09,0.528,0.472,0.02,0.49,0.51,0.33,0.05,0.048,0.952,0.9,0.133,2018-19
201147,Corey Brewer,1610612758,SAC,33.0,31,15.9,3.55,1.71,1.84,2.23,0.13,0.1,0.19,0.39,0.32,0.71,0.545,0.455,0.03,0.45,0.48,0.32,0.1,0.067,0.933,0.769,0.231,2018-19
202709,Cory Joseph,1610612754,IND,27.0,82,25.2,5.61,2.73,2.88,1.49,0.01,0.17,0.41,0.39,0.74,1.13,0.344,0.656,0.01,1.28,1.29,0.74,0.09,0.009,0.991,0.836,0.096,2018-19
201584,Courtney Lee,1610612742,DAL,33.0,31,13.6,2.13,1.0,1.13,1.06,0.1,0.1,0.19,0.16,0.39,0.55,0.294,0.706,0.03,0.42,0.45,0.35,0.03,0.071,0.929,0.917,0.083,2018-19
1626245,Cristiano Felicio,1610612741,CHI,26.0,59,12.6,4.47,3.25,1.22,0.22,0.0,2.0,4.29,0.19,0.17,0.36,0.524,0.476,0.69,1.81,2.51,1.24,0.58,0.277,0.723,0.88,0.41,2018-19
1626156,D'Angelo Russell,1610612751,BKN,23.0,81,30.2,5.3,2.19,3.11,2.19,0.0,0.21,0.54,0.57,0.51,1.07,0.529,0.471,0.04,0.52,0.56,0.38,0.12,0.067,0.933,0.886,0.286,2018-19
201571,D.J. Augustin,1610612753,ORL,31.0,80,28.1,3.26,1.11,2.15,0.76,0.08,0.29,0.65,0.4,0.55,0.95,0.421,0.579,0.05,0.7,0.75,0.4,0.05,0.067,0.933,0.914,0.114,2018-19
1628391,D.J. Wilson,1610612749,MIL,23.0,47,18.4,7.91,4.87,3.04,0.62,0.06,0.62,1.47,0.23,0.3,0.53,0.44,0.56,0.26,3.34,3.6,1.72,0.45,0.071,0.929,0.871,0.226,2018-19
203474,DJ Stephens,1610612763,MEM,28.0,1,6.7,2.0,0.0,2.0,1.0,0.0,0.0,0.0,0.0,1.0,1.0,0.0,1.0,0.0,0.0,0.0,0.0,0.0,0.0,0.0,0.0,0.0,2018-19
1629541,Dairis Bertans,1610612740,NOP,29.0,12,13.9,2.92,1.25,1.67,0.33,0.08,0.08,0.17,0.17,0.08,0.25,0.667,0.333,0.0,0.42,0.42,0.25,0.0,0.0,1.0,0.75,0.0,2018-19
1627745,Damian Jones,1610612744,GSW,24.0,23,16.9,9.61,6.78,2.83,0.39,0.0,2.74,6.35,0.35,0.26,0.61,0.571,0.429,0.57,3.61,4.17,1.87,0.3,0.135,0.865,0.843,0.137,2018-19
203081,Damian Lillard,1610612757,POR,28.0,80,35.5,5.03,2.56,2.46,2.14,0.08,0.23,0.5,0.65,0.8,1.45,0.448,0.552,0.0,0.35,0.35,0.25,0.04,0.0,1.0,0.909,0.136,2018-19
1627814,Damion Lee,1610612744,GSW,26.0,27,13.3,2.81,1.15,1.67,0.81,0.04,0.04,0.11,0.22,0.15,0.37,0.6,0.4,0.0,0.67,0.67,0.37,0.07,0.0,1.0,0.909,0.182,2018-19
1628422,Damyean Dotson,1610612752,NYK,25.0,72,27.6,4.68,1.89,2.79,1.28,0.04,0.04,0.1,0.43,0.47,0.9,0.477,0.523,0.04,1.01,1.06,0.69,0.15,0.039,0.961,0.926,0.204,2018-19
1627772,Daniel Hamilton,1610612737,ATL,23.0,18,11.3,3.5,2.0,1.5,0.67,0.0,0.0,0.0,0.11,0.22,0.33,0.333,0.667,0.0,0.28,0.28,0.28,0.17,0.0,1.0,1.0,0.6,2018-19
1628464,Daniel Theis,1610612738,BOS,27.0,65,13.9,6.28,4.74,1.54,0.6,0.03,1.86,4.34,0.22,0.18,0.4,0.538,0.462,0.75,3.49,4.25,2.25,0.63,0.178,0.822,0.849,0.238,2018-19
201568,Danilo Gallinari,1610612746,LAC,30.0,67,30.3,8.69,5.99,2.7,1.4,0.18,0.91,2.04,0.42,0.37,0.79,0.528,0.472,0.12,3.3,3.42,1.55,0.52,0.035,0.965,0.897,0.302,2018-19
201980,Danny Green,1610612761,TOR,32.0,79,27.7,8.44,4.66,3.78,1.67,0.09,0.27,0.59,0.28,0.48,0.76,0.367,0.633,0.15,1.51,1.66,0.97,0.15,0.092,0.908,0.846,0.132,2018-19
201967,Dante Cunningham,1610612759,SAS,32.0,61,15.1,4.11,2.11,2.0,0.64,0.02,0.46,1.11,0.26,0.31,0.57,0.457,0.543,0.41,2.11,2.52,1.16,0.33,0.162,0.838,0.789,0.222,2018-19
203957,Dante Exum,1610612762,UTA,23.0,42,15.8,4.05,2.48,1.57,0.52,0.05,0.07,0.17,0.31,0.31,0.62,0.5,0.5,0.0,0.71,0.71,0.52,0.07,0.0,1.0,0.917,0.125,2018-19
1627863,Danuel House Jr.,1610612745,HOU,26.0,39,25.1,7.44,4.33,3.1,0.95,0.03,0.28,0.74,0.26,0.49,0.74,0.345,0.655,0.05,2.97,3.03,1.62,0.33,0.017,0.983,0.887,0.183,2018-19
203967,Dario Saric,1610612750,MIN,25.0,81,25.0,8.07,4.9,3.17,1.11,0.02,0.77,1.73,0.47,0.41,0.88,0.535,0.465,0.67,3.37,4.04,2.12,0.68,0.165,0.835,0.86,0.275,2018-19
203121,Darius Miller,1610612740,NOP,29.0,69,25.5,5.96,3.06,2.9,1.26,0.03,0.2,0.48,0.23,0.48,0.71,0.327,0.673,0.01,2.25,2.26,1.06,0.09,0.006,0.994,0.83,0.068,2018-19
201954,Darren Collison,1610612754,IND,31.0,76,28.2,4.49,1.72,2.76,2.08,0.04,0.3,0.62,0.43,0.76,1.2,0.363,0.637,0.01,0.55,0.57,0.34,0.05,0.023,0.977,0.929,0.143,2018-19
1629133,Daryl Macon,1610612742,DAL,23.0,5,16.9,1.8,0.4,1.4,0.0,0.0,0.0,0.0,0.2,0.0,0.2,1.0,0.0,0.0,0.8,0.8,0.6,0.2,0.0,1.0,1.0,0.333,2018-19
1628021,David Nwaba,1610612739,CLE,26.0,50,19.7,4.94,2.8,2.14,1.68,0.02,0.16,0.36,0.44,0.32,0.76,0.579,0.421,0.18,1.94,2.12,0.76,0.1,0.085,0.915,0.76,0.1,2018-19
202722,Davis Bertans,1610612759,SAS,26.0,76,21.5,7.5,4.61,2.89,0.84,0.01,0.59,1.41,0.21,0.26,0.47,0.444,0.556,0.09,2.8,2.89,1.37,0.33,0.032,0.968,0.897,0.216,2018-19
1628432,Davon Reed,1610612754,IND,24.0,9,5.1,1.33,0.56,0.78,0.22,0.0,0.11,0.22,0.11,0.0,0.11,1.0,0.0,0.0,0.44,0.44,0.22,0.11,0.0,1.0,0.667,0.333,2018-19
1628368,De'Aaron Fox,1610612758,SAC,21.0,81,31.4,5.42,2.59,2.83,2.54,0.0,0.16,0.4,0.56,0.91,1.47,0.378,0.622,0.01,0.2,0.21,0.17,0.04,0.059,0.941,0.933,0.2,2018-19
1629001,De'Anthony Melton,1610612756,PHX,21.0,50,19.7,4.68,2.5,2.18,2.62,0.0,0.1,0.22,0.26,0.64,0.9,0.289,0.711,0.02,0.68,0.7,0.38,0.04,0.029,0.971,0.905,0.095,2018-19
201599,DeAndre Jordan,1610612752,NYK,30.0,69,29.7,7.84,6.62,1.22,1.04,0.03,4.06,9.46,0.46,0.38,0.84,0.552,0.448,2.06,4.97,7.03,3.87,2.36,0.293,0.707,0.899,0.549,2018-19
1627761,DeAndre' Bembry,1610612737,ATL,24.0,82,23.6,4.34,2.34,2.0,2.45,0.01,0.11,0.3,0.46,0.7,1.16,0.4,0.6,0.09,0.84,0.93,0.46,0.15,0.092,0.908,0.884,0.279,2018-19
201942,DeMar DeRozan,1610612759,SAS,29.0,77,34.9,5.44,2.77,2.68,1.96,0.0,0.13,0.31,0.43,0.64,1.06,0.402,0.598,0.01,1.49,1.51,0.97,0.21,0.009,0.991,0.926,0.198,2018-19
202326,DeMarcus Cousins,1610612744,GSW,28.0,30,25.7,12.1,8.47,3.63,2.5,0.37,2.67,6.57,0.47,0.77,1.23,0.378,0.622,0.87,3.7,4.57,2.6,1.1,0.19,0.81,0.867,0.367,2018-19
201960,DeMarre Carroll,1610612751,BKN,32.0,66,25.5,5.3,2.91,2.39,1.09,0.06,0.32,0.79,0.41,0.35,0.76,0.54,0.46,0.12,1.67,1.79,0.86,0.23,0.068,0.932,0.877,0.231,2018-19
1629152,DeVaughn Akoon-Purcell,1610612743,DEN,26.0,4,4.1,0.75,0.25,0.5,0.25,0.0,0.0,0.0,0.5,0.5,1.0,0.5,0.5,0.0,0.5,0.5,0.25,0.0,0.0,1.0,1.0,0.0,2018-19
1629028,Deandre Ayton,1610612756,PHX,20.0,71,30.7,12.92,9.58,3.34,1.25,0.0,4.24,9.51,0.66,0.7,1.37,0.485,0.515,0.89,3.77,4.66,2.17,1.28,0.19,0.81,0.895,0.529,2018-19
1626153,Delon Wright,1610612763,MEM,27.0,73,23.0,5.01,2.79,2.22,2.25,0.01,0.04,0.08,0.33,0.63,0.96,0.343,0.657,0.07,0.93,1.0,0.52,0.12,0.068,0.932,0.826,0.196,2018-19
1627743,Demetrius Jackson,1610612755,PHI,24.0,4,8.4,2.0,1.5,0.5,0.25,0.0,0.0,0.0,0.75,0.0,0.75,1.0,0.0,0.0,0.0,0.0,0.0,0.0,0.0,0.0,0.0,0.0,2018-19
1629061,Deng Adel,1610612739,CLE,22.0,16,11.9,2.75,1.56,1.19,0.56,0.25,0.06,0.19,0.19,0.25,0.44,0.429,0.571,0.0,1.13,1.13,0.75,0.0,0.0,1.0,0.857,0.0,2018-19
203471,Dennis Schröder,1610612760,OKC,25.0,79,29.3,6.25,3.41,2.85,1.43,0.18,0.2,0.56,0.48,0.54,1.03,0.469,0.531,0.01,0.67,0.68,0.52,0.1,0.019,0.981,0.911,0.178,2018-19
1628372,Dennis Smith Jr.,1610612752,NYK,21.0,53,28.5,8.19,4.11,4.08,2.4,0.0,0.08,0.17,0.42,0.58,1.0,0.415,0.585,0.0,0.89,0.89,0.64,0.08,0.0,1.0,0.895,0.105,2018-19
1629126,Deonte Burton,1610612760,OKC,25.0,22,10.3,3.23,1.77,1.45,0.45,0.0,0.09,0.23,0.09,0.23,0.32,0.286,0.714,0.05,0.95,1.0,0.45,0.09,0.045,0.955,0.769,0.154,2018-19
202324,Derrick Favors,1610612762,UTA,27.0,76,23.2,11.67,8.68,2.99,1.07,0.0,1.79,4.0,0.51,0.38,0.89,0.574,0.426,0.8,4.29,5.09,2.75,1.14,0.158,0.842,0.929,0.387,2018-19
1627884,Derrick Jones Jr.,1610612748,MIA,22.0,59,19.5,6.22,3.27,2.95,1.44,0.02,0.34,0.81,0.39,0.37,0.76,0.511,0.489,0.15,1.68,1.83,0.98,0.24,0.083,0.917,0.879,0.212,2018-19
201565,Derrick Rose,1610612750,MIN,30.0,51,27.3,4.61,2.04,2.57,1.1,0.02,0.04,0.1,0.41,0.55,0.96,0.429,0.571,0.02,0.37,0.39,0.25,0.0,0.05,0.95,0.813,0.0,2018-19
1628401,Derrick White,1610612759,SAS,24.0,67,25.8,9.4,5.13,4.27,1.97,0.13,0.15,0.33,0.4,0.4,0.81,0.5,0.5,0.03,0.49,0.52,0.28,0.03,0.057,0.943,0.864,0.091,2018-19
1626164,Devin Booker,1610612756,PHX,22.0,64,35.0,5.27,2.69,2.58,1.27,0.08,0.33,0.69,0.5,0.63,1.13,0.444,0.556,0.03,1.36,1.39,0.86,0.16,0.022,0.978,0.887,0.161,2018-19
2734,Devin Harris,1610612742,DAL,36.0,65,15.9,1.77,0.88,0.89,1.06,0.23,0.08,0.17,0.2,0.35,0.55,0.361,0.639,0.0,0.46,0.46,0.34,0.06,0.0,1.0,0.917,0.167,2018-19
1628421,Devin Robinson,1610612764,WAS,24.0,7,13.5,4.0,2.43,1.57,1.0,0.14,0.0,0.0,0.43,0.14,0.57,0.75,0.25,0.14,0.57,0.71,0.0,0.0,0.2,0.8,0.0,0.0,2018-19
1628984,Devonte' Graham,1610612766,CHA,24.0,43,15.6,2.7,1.14,1.56,1.09,0.07,0.07,0.16,0.26,0.42,0.67,0.379,0.621,0.0,0.74,0.74,0.4,0.12,0.0,1.0,0.85,0.25,2018-19
203473,Dewayne Dedmon,1610612737,ATL,29.0,64,25.1,9.61,6.84,2.77,2.16,0.06,2.17,4.95,0.58,0.53,1.11,0.521,0.479,0.73,4.56,5.31,2.55,1.11,0.138,0.859,0.891,0.388,2018-19
1627738,Deyonta Davis,1610612737,ATL,22.0,9,13.2,5.56,3.33,2.22,1.0,0.0,1.78,3.78,0.22,0.22,0.44,0.5,0.5,0.56,2.33,2.89,1.44,0.56,0.192,0.808,0.813,0.313,2018-19
1628415,Dillon Brooks,1610612763,MEM,23.0,18,18.3,4.94,1.89,3.06,1.11,0.0,0.11,0.22,0.28,0.44,0.72,0.385,0.615,0.0,1.83,1.83,0.89,0.17,0.0,1.0,0.889,0.167,2018-19
203079,Dion Waiters,1610612748,MIA,27.0,44,25.9,5.7,2.25,3.45,0.98,0.0,0.09,0.18,0.36,0.48,0.84,0.432,0.568,0.0,0.59,0.59,0.41,0.09,0.0,1.0,0.947,0.211,2018-19
1717,Dirk Nowitzki,1610612742,DAL,41.0,51,15.6,4.35,3.1,1.25,0.43,0.0,0.96,2.25,0.06,0.12,0.18,0.333,0.667,0.06,3.04,3.1,1.86,0.61,0.019,0.981,0.913,0.298,2018-19
1627734,Domantas Sabonis,1610612754,IND,23.0,74,24.8,7.78,5.85,1.93,1.01,0.0,4.11,9.07,0.5,0.47,0.97,0.514,0.486,1.35,4.54,5.89,3.32,1.7,0.229,0.771,0.875,0.448,2018-19
202700,Donatas Motiejunas,1610612759,SAS,28.0,3,4.3,2.0,1.0,1.0,0.33,0.0,1.0,2.0,0.0,0.0,0.0,0.0,0.0,0.0,0.67,0.67,0.0,0.0,0.0,1.0,0.0,0.0,2018-19
1628378,Donovan Mitchell,1610612762,UTA,22.0,77,33.7,5.53,2.74,2.79,2.31,0.0,0.25,0.57,0.61,0.83,1.44,0.423,0.577,0.01,1.48,1.49,0.99,0.21,0.009,0.991,0.962,0.203,2018-19
1628978,Donte DiVincenzo,1610612749,MIL,22.0,26,15.7,4.46,2.46,2.0,0.85,0.0,0.19,0.5,0.31,0.46,0.77,0.4,0.6,0.08,0.42,0.5,0.23,0.08,0.154,0.846,0.667,0.222,2018-19
1629055,Donte Grantham,1610612760,OKC,24.0,2,1.1,1.0,0.0,1.0,0.0,0.0,0.0,0.0,0.5,0.0,0.5,1.0,0.0,0.0,0.5,0.5,0.0,0.0,0.0,1.0,0.0,0.0,2018-19
1627827,Dorian Finney-Smith,1610612742,DAL,26.0,81,24.5,7.49,4.3,3.2,1.43,0.04,0.21,0.53,0.36,0.49,0.85,0.42,0.58,0.14,2.04,2.17,1.21,0.35,0.063,0.938,0.925,0.264,2018-19
203926,Doug McDermott,1610612754,IND,27.0,76,17.5,3.76,2.04,1.72,0.25,0.0,0.01,0.03,0.13,0.14,0.28,0.476,0.524,0.01,1.24,1.25,0.66,0.14,0.011,0.989,0.82,0.18,2018-19
1627733,Dragan Bender,1610612756,PHX,21.0,44,18.7,10.07,7.16,2.91,0.59,0.0,0.98,2.16,0.09,0.3,0.39,0.235,0.765,0.18,2.18,2.36,1.09,0.45,0.077,0.923,0.889,0.37,2018-19
203110,Draymond Green,1610612744,GSW,29.0,66,31.3,11.61,6.88,4.73,3.21,0.17,2.09,5.27,0.33,0.77,1.11,0.301,0.699,0.36,6.68,7.05,3.47,1.24,0.052,0.948,0.877,0.314,2018-19
1629234,Drew Eubanks,1610612759,SAS,22.0,20,5.4,2.95,2.15,0.8,0.15,0.0,0.6,1.2,0.15,0.05,0.2,0.75,0.25,0.6,0.55,1.15,0.65,0.3,0.522,0.478,0.867,0.4,2018-19
1629130,Duncan Robinson,1610612748,MIA,25.0,10,14.3,3.9,1.6,2.3,1.0,0.0,0.1,0.2,0.2,0.2,0.4,0.5,0.5,0.0,0.1,0.1,0.1,0.0,0.0,1.0,1.0,0.0,2018-19
1628605,Dusty Hannahs,1610612763,MEM,25.0,2,13.0,1.5,0.5,1.0,0.0,0.0,0.0,0.0,0.0,0.0,0.0,0.0,0.0,0.0,0.0,0.0,0.0,0.0,0.0,0.0,0.0,0.0,2018-19
1628407,Dwayne Bacon,1610612766,CHA,23.0,38,19.6,4.47,2.11,2.37,0.47,0.0,0.16,0.45,0.29,0.32,0.61,0.478,0.522,0.0,1.13,1.13,0.53,0.08,0.0,1.0,0.8,0.12,2018-19
2730,Dwight Howard,1610612764,WAS,33.0,9,25.5,6.89,5.78,1.11,1.22,0.0,2.67,5.56,0.33,0.22,0.56,0.6,0.4,2.33,5.56,7.89,4.33,1.89,0.296,0.704,0.848,0.37,2018-19
203939,Dwight Powell,1610612742,DAL,27.0,77,21.6,9.38,6.21,3.17,1.14,0.04,2.84,6.68,0.48,0.49,0.97,0.493,0.507,0.65,4.26,4.91,2.16,0.75,0.132,0.868,0.86,0.301,2018-19
2548,Dwyane Wade,1610612748,MIA,37.0,72,26.2,4.68,2.06,2.63,1.63,0.0,0.04,0.1,0.54,0.54,1.08,0.5,0.5,0.08,0.71,0.79,0.44,0.07,0.105,0.895,0.762,0.119,2018-19
1629058,Dzanan Musa,1610612751,BKN,20.0,5,5.5,1.2,0.8,0.4,0.4,0.0,0.0,0.0,0.4,0.0,0.4,1.0,0.0,0.0,0.0,0.0,0.0,0.0,0.0,0.0,0.0,0.0,2018-19
202734,E'Twaun Moore,1610612740,NOP,30.0,53,27.6,5.19,3.04,2.15,1.25,0.0,0.15,0.34,0.36,0.6,0.96,0.373,0.627,0.0,1.21,1.21,0.6,0.13,0.0,1.0,0.821,0.179,2018-19
202334,Ed Davis,1610612751,BKN,30.0,81,17.9,5.96,5.25,0.72,0.62,0.0,2.81,6.73,0.43,0.33,0.77,0.565,0.435,1.77,6.3,8.06,4.27,1.95,0.219,0.781,0.876,0.4,2018-19
1628410,Edmond Sumner,1610612754,IND,23.0,17,11.4,3.53,1.76,1.76,1.18,0.06,0.0,0.0,0.12,0.18,0.29,0.4,0.6,0.06,0.47,0.53,0.41,0.0,0.111,0.889,1.0,0.0,2018-19
202327,Ekpe Udoh,1610612762,UTA,32.0,49,6.5,3.47,3.02,0.45,0.39,0.0,0.84,2.02,0.08,0.1,0.18,0.444,0.556,0.1,2.0,2.1,0.96,0.22,0.049,0.951,0.887,0.208,2018-19
203901,Elfrid Payton,1610612740,NOP,25.0,42,29.8,6.31,3.17,3.14,2.05,0.0,0.26,0.69,0.6,0.6,1.19,0.5,0.5,0.07,0.74,0.81,0.43,0.17,0.088,0.912,0.9,0.35,2018-19
1629059,Elie Okobo,1610612756,PHX,21.0,51,18.7,4.53,2.59,1.94,1.04,0.0,0.08,0.2,0.2,0.45,0.65,0.303,0.697,0.0,0.43,0.43,0.29,0.1,0.0,1.0,0.882,0.294,2018-19
1629150,Emanuel Terry,1610612748,MIA,22.0,3,7.6,4.0,2.33,1.67,1.33,0.0,2.0,4.33,0.0,0.0,0.0,0.0,0.0,0.0,3.0,3.0,0.67,0.0,0.0,1.0,0.667,0.0,2018-19
1626144,Emmanuel Mudiay,1610612752,NYK,23.0,59,27.2,5.86,2.37,3.49,1.46,0.1,0.24,0.53,0.44,0.51,0.97,0.456,0.526,0.02,0.49,0.51,0.24,0.02,0.033,0.967,0.737,0.053,2018-19
202683,Enes Freedom,1610612757,POR,27.0,67,24.5,7.72,6.09,1.63,0.79,0.0,2.94,6.64,0.49,0.27,0.76,0.647,0.353,2.36,4.97,7.33,3.78,1.91,0.322,0.678,0.863,0.437,2018-19
202339,Eric Bledsoe,1610612749,MIL,29.0,78,29.1,5.9,3.12,2.78,2.53,0.04,0.36,0.92,0.64,0.54,1.18,0.543,0.457,0.01,0.74,0.76,0.51,0.09,0.017,0.983,0.976,0.171,2018-19
201569,Eric Gordon,1610612745,HOU,30.0,68,31.7,4.25,2.32,1.93,1.38,0.03,0.4,1.0,0.31,0.43,0.74,0.42,0.58,0.01,1.62,1.63,1.01,0.12,0.009,0.991,0.908,0.105,2018-19
203961,Eric Moreland,1610612761,TOR,27.0,5,8.6,2.0,1.4,0.6,0.0,0.0,0.6,1.6,0.4,0.2,0.6,0.667,0.333,0.4,1.2,1.6,0.6,0.2,0.25,0.75,0.75,0.25,2018-19
101141,Ersan Ilyasova,1610612749,MIL,32.0,67,18.4,5.51,3.72,1.79,1.22,0.73,1.01,2.39,0.16,0.28,0.45,0.367,0.633,0.66,2.75,3.4,1.85,0.67,0.193,0.807,0.912,0.331,2018-19
203095,Evan Fournier,1610612753,ORL,26.0,81,31.5,6.2,3.52,2.68,1.41,0.01,0.16,0.44,0.49,0.57,1.06,0.465,0.535,0.1,1.54,1.64,1.05,0.17,0.06,0.94,0.895,0.147,2018-19
202323,Evan Turner,1610612757,POR,30.0,73,22.0,5.21,2.75,2.45,0.71,0.0,0.21,0.58,0.3,0.34,0.64,0.468,0.532,0.04,1.01,1.05,0.58,0.15,0.039,0.961,0.875,0.229,2018-19
1628402,Frank Jackson,1610612740,NOP,21.0,59,19.8,3.8,2.05,1.75,0.46,0.0,0.12,0.29,0.31,0.49,0.8,0.383,0.617,0.08,0.56,0.64,0.47,0.15,0.132,0.868,0.903,0.29,2018-19
1626163,Frank Kaminsky,1610612766,CHA,26.0,46,16.4,6.46,4.76,1.7,0.61,0.04,1.43,3.22,0.28,0.13,0.41,0.684,0.316,0.35,4.28,4.63,2.48,0.63,0.075,0.925,0.905,0.23,2018-19
1628412,Frank Mason III,1610612758,SAC,25.0,33,12.6,2.33,0.97,1.36,0.7,0.0,0.12,0.3,0.18,0.3,0.48,0.375,0.625,0.03,0.12,0.15,0.09,0.03,0.2,0.8,0.75,0.25,2018-19
1628373,Frank Ntilikina,1610612752,NYK,20.0,42,21.4,4.93,3.26,1.67,1.17,0.07,0.14,0.29,0.33,0.67,1.0,0.333,0.667,0.07,0.71,0.79,0.38,0.05,0.091,0.909,0.842,0.105,2018-19
1627832,Fred VanVleet,1610612761,TOR,25.0,64,27.5,5.61,2.59,3.02,2.16,0.0,0.14,0.34,0.3,0.64,0.94,0.317,0.683,0.0,1.5,1.5,0.97,0.08,0.0,1.0,0.873,0.07,2018-19
1627788,Furkan Korkmaz,1610612755,PHI,21.0,43,15.2,3.19,1.63,1.56,1.0,0.05,0.09,0.21,0.19,0.47,0.65,0.286,0.714,0.0,0.33,0.33,0.14,0.07,0.0,1.0,0.75,0.375,2018-19
202066,Garrett Temple,1610612746,LAC,33.0,75,27.2,5.75,2.91,2.84,1.99,0.03,0.08,0.16,0.35,0.59,0.93,0.371,0.629,0.04,0.71,0.75,0.43,0.09,0.054,0.946,0.762,0.167,2018-19
1629109,Gary Clark,1610612745,HOU,24.0,47,13.4,3.79,2.62,1.17,0.79,0.0,0.23,0.64,0.21,0.36,0.57,0.37,0.63,0.09,1.17,1.26,0.62,0.28,0.068,0.932,0.829,0.371,2018-19
203914,Gary Harris,1610612743,DEN,24.0,57,28.8,4.33,1.63,2.7,2.0,0.05,0.26,0.54,0.39,0.86,1.25,0.31,0.69,0.0,0.74,0.74,0.49,0.07,0.0,1.0,0.903,0.129,2018-19
1627780,Gary Payton II,1610612764,WAS,26.0,2,7.4,3.5,1.0,2.5,1.5,0.0,0.0,0.0,0.0,0.5,0.5,0.0,1.0,0.0,0.0,0.0,0.0,0.0,0.0,0.0,0.0,0.0,2018-19
1629018,Gary Trent Jr.,1610612757,POR,20.0,8,9.9,3.63,1.38,2.25,0.88,0.13,0.0,0.0,0.13,0.13,0.25,0.5,0.5,0.0,0.0,0.0,0.0,0.0,0.0,0.0,0.0,0.0,2018-19
201588,George Hill,1610612749,MIL,33.0,58,22.1,5.07,2.16,2.91,1.4,0.0,0.31,0.67,0.34,0.41,0.76,0.455,0.545,0.33,0.97,1.29,0.79,0.16,0.253,0.747,0.852,0.167,2018-19
1628994,George King,1610612756,PHX,25.0,1,5.9,1.0,0.0,1.0,0.0,0.0,0.0,0.0,0.0,0.0,0.0,0.0,0.0,0.0,0.0,0.0,0.0,0.0,0.0,0.0,0.0,0.0,2018-19
1627777,Georges Niang,1610612762,UTA,26.0,53,9.3,2.28,1.38,0.91,0.34,0.0,0.09,0.21,0.11,0.19,0.3,0.375,0.625,0.02,1.4,1.42,0.7,0.19,0.013,0.987,0.949,0.256,2018-19
101123,Gerald Green,1610612745,HOU,33.0,72,20.4,5.06,2.82,2.24,0.74,0.0,0.18,0.46,0.15,0.43,0.58,0.262,0.738,0.0,1.0,1.0,0.58,0.14,0.0,1.0,0.84,0.2,2018-19
203507,Giannis Antetokounmpo,1610612749,MIL,24.0,72,32.8,9.51,5.46,4.06,2.11,0.01,2.0,4.68,0.85,0.76,1.61,0.526,0.474,0.49,3.25,3.74,1.67,0.83,0.13,0.87,0.916,0.458,2018-19
203922,Glenn Robinson III,1610612765,DET,25.0,44,13.8,3.16,1.95,1.2,0.64,0.0,0.11,0.25,0.2,0.27,0.48,0.429,0.571,0.07,0.73,0.8,0.41,0.11,0.086,0.914,0.9,0.25,2018-19
201609,Goran Dragic,1610612748,MIA,33.0,36,27.5,4.97,2.72,2.25,1.33,0.03,0.25,0.53,0.5,0.61,1.11,0.45,0.55,0.0,0.92,0.92,0.69,0.14,0.0,1.0,0.893,0.179,2018-19
202330,Gordon Hayward,1610612738,BOS,29.0,69,26.2,5.68,3.42,2.26,1.04,0.0,0.26,0.65,0.22,0.61,0.83,0.263,0.737,0.17,1.88,2.06,1.04,0.25,0.085,0.915,0.9,0.213,2018-19
203476,Gorgui Dieng,1610612750,MIN,29.0,75,13.7,5.92,4.4,1.52,1.16,0.08,1.92,4.15,0.4,0.33,0.73,0.545,0.455,0.27,2.11,2.37,1.27,0.47,0.112,0.888,0.922,0.34,2018-19
1628960,Grayson Allen,1610612762,UTA,23.0,33,12.3,2.85,1.42,1.42,0.27,0.0,0.03,0.06,0.15,0.09,0.24,0.625,0.375,0.03,0.33,0.36,0.18,0.0,0.083,0.917,0.857,0.0,2018-19
202328,Greg Monroe,1610612755,PHI,29.0,42,11.4,4.81,4.33,0.48,0.64,0.05,1.5,3.26,0.21,0.26,0.48,0.45,0.55,0.86,2.81,3.67,1.81,0.64,0.234,0.766,0.844,0.3,2018-19
1627824,Guerschon Yabusele,1610612738,BOS,23.0,39,6.2,2.21,1.56,0.64,0.21,0.0,0.54,1.23,0.21,0.15,0.36,0.571,0.429,0.28,1.41,1.69,0.69,0.28,0.167,0.833,0.844,0.344,2018-19
1628977,Hamidou Diallo,1610612760,OKC,20.0,43,11.6,2.37,1.19,1.19,0.58,0.02,0.05,0.12,0.19,0.37,0.56,0.333,0.667,0.09,0.42,0.51,0.3,0.12,0.182,0.818,0.765,0.294,2018-19
203084,Harrison Barnes,1610612758,SAC,27.0,77,32.9,8.17,4.35,3.82,1.27,0.01,0.53,1.3,0.42,0.49,0.91,0.457,0.543,0.08,3.25,3.32,1.74,0.48,0.023,0.977,0.887,0.245,2018-19
1628385,Harry Giles III,1610612758,SAC,21.0,56,14.6,4.86,3.46,1.39,0.91,0.0,1.54,3.54,0.16,0.32,0.48,0.333,0.667,0.25,3.45,3.7,1.86,0.68,0.068,0.932,0.897,0.328,2018-19
202355,Hassan Whiteside,1610612748,MIA,30.0,72,23.3,9.88,8.61,1.26,1.04,0.0,2.92,6.32,0.44,0.24,0.68,0.653,0.347,1.25,2.32,3.57,1.83,1.28,0.35,0.65,0.852,0.594,2018-19
1629312,Haywood Highsmith,1610612755,PHI,22.0,5,8.0,1.6,1.2,0.4,0.2,0.0,0.0,0.0,0.4,0.0,0.4,1.0,0.0,0.2,0.2,0.4,0.4,0.0,0.5,0.5,1.0,0.0,2018-19
1627740,Henry Ellenson,1610612752,NYK,22.0,19,13.6,4.37,2.79,1.58,0.32,0.0,0.37,0.89,0.16,0.16,0.32,0.5,0.5,0.11,1.37,1.47,0.84,0.32,0.071,0.929,0.941,0.353,2018-19
203546,Ian Clark,1610612740,NOP,28.0,55,17.2,3.51,1.45,2.05,0.67,0.0,0.15,0.36,0.24,0.22,0.45,0.52,0.48,0.0,0.53,0.53,0.35,0.02,0.0,1.0,0.95,0.05,2018-19
101133,Ian Mahinmi,1610612764,WAS,32.0,33,14.9,5.91,4.58,1.33,1.48,0.12,2.7,5.88,0.06,0.3,0.36,0.167,0.833,0.61,5.03,5.64,2.94,1.0,0.108,0.892,0.882,0.3,2018-19
1628387,Ike Anigbogu,1610612754,IND,20.0,1,2.9,2.0,2.0,0.0,0.0,0.0,0.0,0.0,0.0,0.0,0.0,0.0,0.0,1.0,1.0,2.0,1.0,1.0,0.5,0.5,0.5,0.5,2018-19
202697,Iman Shumpert,1610612745,HOU,29.0,62,23.9,3.84,2.0,1.84,1.87,0.0,0.34,0.92,0.44,0.55,0.98,0.443,0.557,0.11,1.69,1.81,1.02,0.15,0.063,0.938,0.797,0.114,2018-19
1629067,Isaac Bonga,1610612747,LAL,19.0,20,5.9,1.75,1.05,0.7,0.55,0.0,0.0,0.0,0.2,0.1,0.3,0.667,0.333,0.0,0.3,0.3,0.15,0.05,0.0,1.0,0.75,0.25,2018-19
1629353,Isaac Humphries,1610612737,ATL,21.0,5,11.3,3.4,2.0,1.4,1.2,0.0,0.2,0.4,0.0,0.0,0.0,0.0,0.0,0.0,1.0,1.0,0.4,0.2,0.0,1.0,1.0,0.5,2018-19
1628515,Isaiah Briscoe,1610612753,ORL,23.0,33,16.0,3.61,1.91,1.7,0.76,0.21,0.03,0.09,0.12,0.18,0.3,0.4,0.6,0.06,0.45,0.52,0.39,0.15,0.118,0.882,0.929,0.357,2018-19
203477,Isaiah Canaan,1610612749,MIL,28.0,26,22.8,3.27,1.23,2.04,0.88,0.08,0.12,0.23,0.54,0.5,1.04,0.519,0.481,0.0,0.5,0.5,0.5,0.0,0.0,1.0,1.0,0.0,2018-19
1628392,Isaiah Hartenstein,1610612745,HOU,21.0,28,7.9,4.0,2.43,1.57,0.39,0.0,1.11,2.79,0.11,0.18,0.29,0.375,0.625,0.57,1.68,2.25,1.0,0.39,0.254,0.746,0.848,0.333,2018-19
1628439,Isaiah Hicks,1610612752,NYK,24.0,3,10.8,5.67,5.0,0.67,0.33,0.0,0.67,1.33,0.33,0.67,1.0,0.333,0.667,0.33,1.33,1.67,0.33,0.0,0.2,0.8,1.0,0.0,2018-19
202738,Isaiah Thomas,1610612743,DEN,30.0,12,15.1,1.92,0.83,1.08,0.83,0.0,0.08,0.25,0.17,0.33,0.5,0.333,0.667,0.0,0.0,0.0,0.0,0.0,0.0,0.0,0.0,0.0,2018-19
202397,Ish Smith,1610612765,DET,30.0,56,22.3,4.32,2.71,1.61,0.82,0.04,0.21,0.54,0.41,0.52,0.93,0.442,0.558,0.0,0.63,0.63,0.43,0.11,0.0,1.0,0.923,0.231,2018-19
1628397,Ivan Rabb,1610612763,MEM,22.0,46,15.2,5.63,3.57,2.07,0.65,0.0,1.3,2.93,0.3,0.24,0.54,0.56,0.44,0.5,3.09,3.59,1.78,0.72,0.139,0.861,0.891,0.359,2018-19
1627826,Ivica Zubac,1610612746,LAC,22.0,58,17.5,8.98,7.69,1.29,0.47,0.02,2.43,5.6,0.19,0.17,0.36,0.524,0.476,0.71,3.66,4.36,2.29,0.9,0.162,0.838,0.899,0.351,2018-19
200826,J.J. Barea,1610612742,DAL,35.0,37,19.8,2.27,0.78,1.49,0.7,0.05,0.05,0.16,0.43,0.43,0.86,0.5,0.5,0.0,0.27,0.27,0.16,0.08,0.0,1.0,0.857,0.429,2018-19
1629122,J.P. Macura,1610612766,CHA,24.0,2,8.4,1.5,1.0,0.5,1.0,0.5,0.0,0.0,0.5,0.5,1.0,0.5,0.5,0.0,2.5,2.5,1.5,0.0,0.0,1.0,0.75,0.0,2018-19
200755,JJ Redick,1610612755,PHI,35.0,76,31.3,4.72,2.57,2.16,0.66,0.13,0.88,1.76,0.36,0.34,0.7,0.509,0.491,0.01,1.3,1.32,0.84,0.12,0.01,0.99,0.865,0.122,2018-19
2747,JR Smith,1610612739,CLE,33.0,11,20.2,2.82,0.91,1.91,1.27,0.0,0.18,0.36,0.27,0.45,0.73,0.375,0.625,0.0,2.64,2.64,1.18,0.18,0.0,1.0,1.0,0.154,2018-19
203960,JaKarr Sampson,1610612741,CHI,26.0,4,31.8,9.75,4.25,5.5,1.75,0.0,1.0,2.25,0.25,0.5,0.75,0.333,0.667,0.25,5.5,5.75,2.25,1.0,0.043,0.957,0.9,0.4,2018-19
203210,JaMychal Green,1610612746,LAC,29.0,64,21.3,4.64,2.5,2.14,1.22,0.06,0.56,1.31,0.27,0.36,0.63,0.425,0.575,1.48,3.08,4.56,1.97,0.88,0.325,0.675,0.768,0.341,2018-19
201580,JaVale McGee,1610612747,LAL,31.0,75,22.3,11.69,9.49,2.2,1.11,0.01,2.72,6.08,0.29,0.25,0.55,0.537,0.463,0.65,4.79,5.44,2.48,1.03,0.12,0.88,0.89,0.368,2018-19
203953,Jabari Parker,1610612764,WAS,24.0,64,26.9,7.03,3.98,3.05,1.03,0.0,0.56,1.36,0.39,0.63,1.02,0.385,0.615,0.31,2.64,2.97,1.34,0.36,0.105,0.889,0.878,0.235,2018-19
1628980,Jacob Evans,1610612744,GSW,22.0,19,9.7,2.68,1.84,0.84,0.58,0.0,0.11,0.32,0.21,0.26,0.47,0.444,0.556,0.0,0.53,0.53,0.32,0.11,0.0,1.0,0.667,0.222,2018-19
203109,Jae Crowder,1610612762,UTA,28.0,80,27.1,5.64,3.26,2.38,1.16,0.08,0.61,1.46,0.31,0.68,0.99,0.316,0.684,0.04,2.58,2.61,1.04,0.34,0.014,0.986,0.902,0.293,2018-19
1626143,Jahlil Okafor,1610612740,NOP,23.0,52,17.7,8.06,6.71,1.35,0.37,0.0,1.65,3.79,0.23,0.19,0.42,0.545,0.455,0.81,3.94,4.75,2.48,1.04,0.17,0.83,0.896,0.375,2018-19
1627774,Jake Layman,1610612757,POR,25.0,69,19.2,4.22,2.59,1.62,0.9,0.09,0.3,0.74,0.29,0.32,0.61,0.476,0.524,0.26,1.04,1.3,0.61,0.19,0.2,0.8,0.84,0.26,2018-19
1627751,Jakob Poeltl,1610612759,SAS,23.0,77,16.5,8.84,7.13,1.71,0.7,0.06,2.78,6.32,0.27,0.25,0.52,0.525,0.475,0.71,3.87,4.58,2.7,1.01,0.156,0.844,0.874,0.328,2018-19
1628973,Jalen Brunson,1610612742,DAL,22.0,70,22.6,4.31,2.09,2.23,0.9,0.17,0.16,0.4,0.29,0.4,0.69,0.417,0.583,0.01,0.76,0.77,0.57,0.1,0.019,0.981,0.93,0.163,2018-19
1627883,Jalen Jones,1610612739,CLE,26.0,14,14.8,5.14,2.43,2.71,0.64,0.07,0.07,0.14,0.14,0.21,0.36,0.4,0.6,0.07,0.93,1.0,0.57,0.29,0.071,0.929,1.0,0.5,2018-19
2037,Jamal Crawford,1610612756,PHX,39.0,59,19.5,2.08,0.95,1.14,0.63,0.0,0.05,0.1,0.19,0.24,0.42,0.44,0.56,0.0,0.39,0.39,0.24,0.05,0.0,1.0,0.933,0.2,2018-19
1627750,Jamal Murray,1610612743,DEN,22.0,75,32.6,6.48,3.19,3.29,1.64,0.05,0.85,1.85,0.57,0.71,1.28,0.448,0.552,0.07,0.99,1.05,0.67,0.16,0.063,0.937,0.909,0.218,2018-19
203516,James Ennis III,1610612755,PHI,28.0,58,21.2,4.29,2.45,1.84,1.52,0.03,0.33,0.88,0.33,0.47,0.79,0.413,0.587,0.28,1.16,1.43,0.76,0.17,0.193,0.807,0.772,0.175,2018-19
201935,James Harden,1610612745,HOU,29.0,78,36.8,6.77,4.41,2.36,3.55,0.08,0.27,0.65,0.6,0.94,1.54,0.392,0.608,0.06,2.58,2.64,1.35,0.45,0.024,0.976,0.905,0.302,2018-19
201949,James Johnson,1610612748,MIA,32.0,54,21.4,6.44,3.15,3.3,1.63,0.04,0.85,2.22,0.31,0.35,0.67,0.472,0.528,0.15,1.96,2.11,0.98,0.37,0.07,0.93,0.779,0.294,2018-19
203263,James Nunnally,1610612745,HOU,28.0,9,9.5,1.56,0.89,0.67,0.44,0.11,0.0,0.0,0.33,0.0,0.33,1.0,0.0,0.11,0.56,0.67,0.33,0.11,0.167,0.833,0.75,0.25,2018-19
201162,Jared Dudley,1610612751,BKN,33.0,58,20.7,5.55,3.62,1.93,0.88,0.12,1.33,3.22,0.14,0.36,0.5,0.276,0.724,0.21,4.31,4.52,2.52,0.38,0.046,0.954,0.864,0.13,2018-19
1629123,Jared Terrell,1610612750,MIN,24.0,12,9.0,2.17,1.08,1.08,0.25,0.0,0.0,0.0,0.0,0.08,0.08,0.0,1.0,0.0,0.33,0.33,0.25,0.0,0.0,1.0,1.0,0.0,2018-19
1626185,Jarell Martin,1610612753,ORL,25.0,40,8.1,2.93,1.7,1.23,0.45,0.03,0.45,1.03,0.1,0.1,0.2,0.5,0.5,0.25,0.95,1.2,0.55,0.23,0.208,0.792,0.815,0.333,2018-19
1628991,Jaren Jackson Jr.,1610612763,MEM,19.0,58,26.1,10.78,7.57,3.21,1.34,0.0,1.71,3.97,0.59,0.57,1.16,0.507,0.493,0.28,3.41,3.69,1.78,0.43,0.075,0.925,0.866,0.21,2018-19
1628417,Jaron Blossomgame,1610612739,CLE,25.0,27,16.3,3.74,2.07,1.67,0.56,0.04,0.37,0.89,0.11,0.22,0.33,0.333,0.667,0.37,1.44,1.81,0.78,0.26,0.204,0.796,0.778,0.259,2018-19
1629020,Jarred Vanderbilt,1610612743,DEN,20.0,11,5.5,2.73,1.82,0.91,0.64,0.0,0.36,0.82,0.18,0.09,0.27,0.667,0.333,0.0,0.18,0.18,0.0,0.0,0.0,1.0,0.0,0.0,2018-19
1628386,Jarrett Allen,1610612751,BKN,21.0,79,26.3,15.91,14.04,1.87,0.99,0.0,4.73,11.03,0.42,0.28,0.7,0.6,0.4,0.48,4.68,5.16,2.56,1.16,0.093,0.907,0.91,0.414,2018-19
201160,Jason Smith,1610612740,NOP,33.0,19,9.9,3.89,2.16,1.74,0.37,0.11,0.84,1.74,0.21,0.11,0.32,0.667,0.333,0.26,3.0,3.26,1.68,0.47,0.081,0.919,0.821,0.231,2018-19
1628393,Jawun Evans,1610612760,OKC,22.0,6,10.3,1.17,0.5,0.67,1.5,0.0,0.0,0.0,0.17,0.67,0.83,0.2,0.8,0.0,0.17,0.17,0.0,0.0,0.0,1.0,0.0,0.0,2018-19
1629121,Jaylen Adams,1610612737,ATL,23.0,30,13.4,2.93,1.57,1.37,0.7,0.0,0.23,0.57,0.23,0.37,0.6,0.389,0.611,0.0,0.37,0.37,0.27,0.1,0.0,1.0,1.0,0.375,2018-19
1627759,Jaylen Brown,1610612738,BOS,22.0,74,25.9,5.93,2.61,3.32,1.65,0.04,0.11,0.27,0.38,0.55,0.93,0.406,0.594,0.16,1.58,1.74,0.86,0.3,0.093,0.907,0.853,0.293,2018-19
1628537,Jaylen Morris,1610612749,MIL,23.0,4,7.1,1.75,1.0,0.75,0.25,0.0,0.0,0.0,0.0,0.25,0.25,0.0,1.0,0.0,0.0,0.0,0.0,0.0,0.0,0.0,0.0,0.0,2018-19
1628369,Jayson Tatum,1610612738,BOS,21.0,79,31.1,7.61,3.56,4.05,1.95,0.0,0.29,0.7,0.42,0.63,1.05,0.398,0.602,0.08,1.28,1.35,0.67,0.19,0.056,0.944,0.803,0.227,2018-19
201145,Jeff Green,1610612764,WAS,32.0,77,27.2,8.87,5.1,3.77,0.9,0.16,1.3,2.9,0.25,0.27,0.52,0.475,0.525,0.17,3.31,3.48,1.64,0.44,0.049,0.951,0.834,0.225,2018-19
201952,Jeff Teague,1610612750,MIN,31.0,42,30.1,5.31,2.36,2.95,2.21,0.21,0.26,0.64,0.26,0.52,0.79,0.333,0.667,0.0,0.4,0.4,0.19,0.0,0.0,1.0,1.0,0.0,2018-19
1629203,Jemerrio Jones,1610612747,LAL,24.0,6,23.9,5.17,3.0,2.17,1.67,0.17,0.33,0.83,1.0,0.33,1.33,0.75,0.25,0.17,0.33,0.5,0.17,0.0,0.333,0.667,1.0,0.0,2018-19
203924,Jerami Grant,1610612760,OKC,25.0,80,32.7,9.93,6.38,3.55,1.11,0.15,0.84,1.96,0.46,0.56,1.03,0.451,0.549,0.19,4.89,5.09,2.18,0.4,0.037,0.961,0.941,0.173,2018-19
203087,Jeremy Lamb,1610612766,CHA,27.0,79,28.5,6.42,2.95,3.47,2.03,0.01,0.16,0.38,0.43,0.56,0.99,0.436,0.564,0.06,0.61,0.67,0.43,0.16,0.094,0.906,0.85,0.325,2018-19
202391,Jeremy Lin,1610612761,TOR,30.0,74,19.4,4.2,2.54,1.66,1.0,0.22,0.14,0.31,0.35,0.54,0.89,0.394,0.606,0.0,0.58,0.58,0.35,0.05,0.0,1.0,0.963,0.148,2018-19
1626170,Jerian Grant,1610612753,ORL,26.0,57,16.3,3.4,1.89,1.51,1.37,0.04,0.25,0.53,0.23,0.19,0.42,0.542,0.458,0.04,0.84,0.88,0.58,0.04,0.04,0.96,0.868,0.053,2018-19
1629010,Jerome Robinson,1610612746,LAC,22.0,24,11.7,2.54,1.42,1.13,0.92,0.08,0.13,0.29,0.17,0.21,0.38,0.444,0.556,0.0,0.29,0.29,0.21,0.0,0.0,1.0,1.0,0.0,2018-19
201573,Jerryd Bayless,1610612750,MIN,30.0,33,19.8,2.85,1.06,1.79,0.97,0.03,0.03,0.06,0.15,0.36,0.52,0.294,0.706,0.0,0.12,0.12,0.12,0.0,0.0,1.0,1.0,0.0,2018-19
1628975,Jevon Carter,1610612763,MEM,23.0,37,15.2,2.86,1.38,1.49,1.32,0.03,0.11,0.24,0.22,0.51,0.73,0.296,0.704,0.0,0.35,0.35,0.19,0.03,0.0,1.0,0.875,0.125,2018-19
202690,Jimmer Fredette,1610612756,PHX,30.0,5,11.8,1.6,0.6,1.0,0.6,0.0,0.0,0.0,0.4,0.4,0.8,0.5,0.5,0.0,0.4,0.4,0.4,0.2,0.0,1.0,1.0,0.5,2018-19
202710,Jimmy Butler III,1610612755,PHI,29.0,65,33.6,7.55,4.18,3.37,3.05,0.02,0.29,0.68,0.69,0.72,1.42,0.489,0.511,0.32,1.92,2.25,1.17,0.25,0.144,0.856,0.826,0.174,2018-19
201149,Joakim Noah,1610612763,MEM,34.0,42,16.5,5.69,3.71,1.98,0.95,0.07,2.33,5.33,0.31,0.26,0.57,0.542,0.458,0.88,3.79,4.67,1.83,0.93,0.189,0.811,0.846,0.429,2018-19
201975,Jodie Meeks,1610612761,TOR,31.0,8,13.0,1.38,0.38,1.0,0.5,0.0,0.0,0.0,0.13,0.13,0.25,0.5,0.5,0.0,0.25,0.25,0.13,0.0,0.0,1.0,1.0,0.0,2018-19
203925,Joe Harris,1610612751,BKN,27.0,76,30.2,7.42,4.41,3.01,0.71,0.03,0.36,0.91,0.43,0.58,1.01,0.429,0.571,0.14,2.86,3.0,1.66,0.28,0.048,0.952,0.913,0.152,2018-19
204060,Joe Ingles,1610612762,UTA,31.0,82,31.3,4.85,2.32,2.54,2.59,0.0,0.38,0.79,0.29,0.68,0.98,0.3,0.7,0.02,1.46,1.49,0.83,0.2,0.016,0.984,0.919,0.216,2018-19
203954,Joel Embiid,1610612755,PHI,25.0,64,33.7,13.03,10.36,2.67,1.23,0.02,3.86,9.02,0.84,0.56,1.41,0.6,0.4,1.64,6.16,7.8,4.39,2.25,0.21,0.79,0.892,0.457,2018-19
1628381,John Collins,1610612737,ATL,21.0,61,30.0,10.49,6.34,4.15,0.69,0.0,2.39,5.33,0.67,0.28,0.95,0.707,0.293,2.36,3.98,6.34,2.93,1.36,0.372,0.628,0.817,0.379,2018-19
203089,John Henson,1610612739,CLE,28.0,14,13.5,6.57,5.07,1.5,0.57,0.0,1.21,3.0,0.29,0.57,0.86,0.333,0.667,0.29,4.86,5.14,2.43,1.36,0.056,0.944,0.895,0.5,2018-19
203098,John Jenkins,1610612752,NYK,28.0,26,12.8,1.85,0.85,1.0,0.31,0.0,0.04,0.08,0.23,0.12,0.35,0.667,0.333,0.0,0.27,0.27,0.27,0.08,0.0,1.0,1.0,0.286,2018-19
202322,John Wall,1610612764,WAS,28.0,32,34.5,6.91,4.31,2.59,2.75,0.06,0.25,0.5,0.28,1.09,1.38,0.205,0.795,0.0,0.47,0.47,0.22,0.06,0.0,1.0,0.875,0.25,2018-19
1628405,Johnathan Motley,1610612746,LAC,24.0,20,7.7,2.2,1.55,0.65,0.2,0.0,0.6,1.35,0.15,0.15,0.3,0.5,0.5,0.6,1.7,2.3,1.15,0.55,0.261,0.739,0.852,0.407,2018-19
1629140,Johnathan Williams,1610612747,LAL,24.0,23,16.1,5.39,3.7,1.7,0.91,0.09,1.91,4.35,0.39,0.17,0.57,0.692,0.308,0.7,2.74,3.43,1.65,0.65,0.203,0.797,0.884,0.349,2018-19
202720,Jon Leuer,1610612765,DET,30.0,39,10.2,3.62,2.97,0.64,0.41,0.1,0.77,1.74,0.03,0.23,0.26,0.1,0.9,0.31,2.46,2.77,1.41,0.44,0.111,0.889,0.833,0.258,2018-19
1628413,Jonah Bolden,1610612755,PHI,23.0,41,15.5,4.9,3.49,1.41,0.95,0.0,1.22,2.98,0.17,0.29,0.46,0.368,0.632,0.29,2.34,2.63,1.1,0.49,0.111,0.889,0.978,0.435,2018-19
201973,Jonas Jerebko,1610612744,GSW,32.0,71,17.1,4.3,2.48,1.82,0.54,0.14,0.61,1.42,0.31,0.24,0.55,0.564,0.436,0.34,1.94,2.28,0.96,0.49,0.148,0.852,0.907,0.467,2018-19
202685,Jonas Valanciunas,1610612763,MEM,27.0,49,22.3,11.12,9.69,1.43,0.82,0.0,3.04,6.88,0.27,0.33,0.59,0.448,0.552,1.16,5.49,6.65,3.33,1.49,0.175,0.825,0.911,0.408,2018-19
1628371,Jonathan Isaac,1610612753,ORL,21.0,75,26.6,7.71,5.43,2.28,1.85,0.07,0.99,2.23,0.31,0.44,0.75,0.411,0.589,0.87,2.79,3.65,1.32,0.49,0.237,0.763,0.818,0.306,2018-19
203613,Jonathon Simmons,1610612755,PHI,29.0,52,20.2,3.52,1.73,1.79,0.94,0.08,0.1,0.21,0.35,0.27,0.62,0.563,0.438,0.06,0.73,0.79,0.44,0.06,0.073,0.927,0.885,0.115,2018-19
1628395,Jordan Bell,1610612744,GSW,24.0,66,11.9,5.38,3.8,1.58,0.74,0.08,1.27,2.95,0.23,0.23,0.45,0.5,0.5,0.21,1.7,1.91,0.83,0.23,0.111,0.889,0.859,0.234,2018-19
203903,Jordan Clarkson,1610612739,CLE,27.0,81,27.3,5.9,2.72,3.19,1.2,0.01,0.23,0.56,0.4,0.42,0.81,0.485,0.515,0.1,1.26,1.36,0.79,0.12,0.073,0.927,0.853,0.133,2018-19
1628070,Jordan Loyd,1610612761,TOR,25.0,7,5.5,1.0,0.57,0.43,0.71,0.0,0.0,0.0,0.14,0.0,0.14,1.0,0.0,0.0,0.14,0.14,0.14,0.0,0.0,1.0,1.0,0.0,2018-19
203895,Jordan McRae,1610612764,WAS,28.0,22,14.6,4.36,2.27,2.09,0.91,0.0,0.0,0.0,0.05,0.14,0.18,0.25,0.75,0.0,0.23,0.23,0.14,0.0,0.0,1.0,1.0,0.0,2018-19
1626296,Jordan Sibert,1610612737,ATL,26.0,1,4.2,0.0,0.0,0.0,0.0,0.0,1.0,2.0,0.0,0.0,0.0,0.0,0.0,0.0,0.0,0.0,0.0,0.0,0.0,0.0,0.0,0.0,2018-19
101181,Jose Calderon,1610612765,DET,37.0,42,14.8,2.67,1.26,1.4,0.88,0.05,0.1,0.19,0.24,0.26,0.5,0.476,0.524,0.0,0.6,0.6,0.43,0.0,0.0,1.0,0.947,0.0,2018-19
1628404,Josh Hart,1610612747,LAL,24.0,67,25.6,8.46,5.19,3.27,1.51,0.01,0.21,0.45,0.43,0.58,1.01,0.426,0.574,0.0,1.18,1.18,0.51,0.1,0.0,1.0,0.895,0.184,2018-19
1628367,Josh Jackson,1610612756,PHX,22.0,79,25.2,6.24,3.54,2.7,1.44,0.15,0.13,0.27,0.33,0.44,0.77,0.426,0.574,0.14,1.73,1.87,0.81,0.18,0.074,0.926,0.81,0.177,2018-19
1629006,Josh Okogie,1610612750,MIN,20.0,72,24.4,5.99,3.13,2.86,2.19,0.18,0.04,0.1,0.28,0.58,0.86,0.323,0.677,0.06,0.96,1.01,0.61,0.14,0.055,0.945,0.936,0.213,2018-19
1626196,Josh Richardson,1610612748,MIA,25.0,73,34.8,8.05,4.01,4.04,2.53,0.01,0.29,0.68,0.62,0.74,1.36,0.455,0.545,0.14,1.42,1.56,0.84,0.15,0.088,0.912,0.847,0.153,2018-19
201950,Jrue Holiday,1610612740,NOP,29.0,67,35.8,8.63,4.15,4.48,3.15,0.03,0.6,1.55,0.72,0.78,1.49,0.48,0.52,0.16,1.61,1.78,0.94,0.19,0.092,0.908,0.829,0.171,2018-19
1627823,Juancho Hernangomez,1610612743,DEN,23.0,69,19.6,5.91,3.43,2.48,0.67,0.01,0.14,0.3,0.28,0.32,0.59,0.463,0.537,0.2,1.35,1.55,0.57,0.22,0.131,0.869,0.83,0.319,2018-19
1627395,Julian Washburn,1610612763,MEM,27.0,16,15.8,3.31,1.63,1.69,0.88,0.0,0.0,0.0,0.19,0.44,0.63,0.3,0.7,0.06,0.5,0.56,0.56,0.25,0.111,0.889,1.0,0.444,2018-19
203944,Julius Randle,1610612740,NOP,24.0,73,30.6,9.73,5.97,3.75,1.07,0.03,1.42,3.3,0.52,0.66,1.18,0.442,0.558,0.93,3.58,4.51,2.34,1.22,0.207,0.793,0.826,0.43,2018-19
1626147,Justin Anderson,1610612737,ATL,25.0,43,10.2,2.21,1.3,0.91,0.79,0.05,0.02,0.05,0.07,0.23,0.3,0.231,0.769,0.09,0.79,0.88,0.4,0.16,0.105,0.895,0.895,0.368,2018-19
203200,Justin Holiday,1610612763,MEM,30.0,82,31.8,7.35,3.67,3.68,2.26,0.01,0.18,0.45,0.33,0.67,1.0,0.329,0.671,0.05,1.7,1.74,0.98,0.22,0.028,0.972,0.889,0.2,2018-19
1628382,Justin Jackson,1610612742,DAL,24.0,78,20.4,4.79,2.65,2.14,0.4,0.01,0.15,0.33,0.23,0.47,0.71,0.327,0.673,0.08,1.32,1.4,0.74,0.15,0.055,0.945,0.853,0.176,2018-19
1628383,Justin Patton,1610612755,PHI,22.0,2,9.7,4.0,3.5,0.5,1.0,0.0,0.5,1.0,0.0,0.5,0.5,0.0,1.0,0.5,3.5,4.0,1.0,0.5,0.125,0.875,1.0,0.5,2018-19
1626159,Justise Winslow,1610612748,MIA,23.0,66,29.7,6.71,3.7,3.02,1.62,0.08,0.24,0.67,0.58,0.74,1.32,0.437,0.563,0.18,1.24,1.42,0.88,0.3,0.128,0.872,0.866,0.299,2018-19
203994,Jusuf Nurkić,1610612757,POR,24.0,72,27.4,12.82,10.9,1.92,1.82,0.0,4.96,11.65,0.46,0.65,1.11,0.413,0.588,2.28,6.08,8.36,4.4,2.18,0.272,0.728,0.871,0.431,2018-19
1628443,Kadeem Allen,1610612752,NYK,26.0,19,21.9,3.79,2.05,1.74,1.53,0.11,0.21,0.47,0.42,0.47,0.89,0.471,0.529,0.11,1.42,1.53,0.68,0.11,0.069,0.931,0.765,0.118,2018-19
203564,Kalin Lucas,1610612765,DET,30.0,1,5.6,0.0,0.0,0.0,0.0,0.0,0.0,0.0,0.0,2.0,2.0,0.0,1.0,0.0,0.0,0.0,0.0,0.0,0.0,0.0,0.0,0.0,2018-19
1626157,Karl-Anthony Towns,1610612750,MIN,23.0,77,33.0,14.73,11.65,3.08,1.57,0.04,2.4,5.25,0.65,0.73,1.38,0.472,0.528,0.69,4.78,5.47,2.7,1.3,0.126,0.874,0.893,0.429,2018-19
202695,Kawhi Leonard,1610612761,TOR,28.0,60,34.0,7.1,3.72,3.38,3.22,0.0,0.18,0.42,0.68,1.0,1.68,0.406,0.594,0.2,2.18,2.38,1.48,0.57,0.084,0.916,0.848,0.324,2018-19
1628966,Keita Bates-Diop,1610612750,MIN,23.0,27,18.3,5.89,3.52,2.37,1.19,0.0,0.04,0.07,0.15,0.26,0.41,0.364,0.636,0.0,0.3,0.3,0.11,0.07,0.0,1.0,0.75,0.5,2018-19
203482,Kelly Olynyk,1610612748,MIA,28.0,78,22.9,6.95,4.21,2.74,1.51,0.19,0.92,2.26,0.33,0.36,0.69,0.481,0.519,0.6,3.13,3.73,1.73,0.58,0.162,0.838,0.849,0.283,2018-19
1626162,Kelly Oubre Jr.,1610612756,PHX,23.0,69,28.0,6.38,3.75,2.62,3.01,0.09,0.14,0.32,0.36,0.45,0.81,0.446,0.554,0.03,0.72,0.75,0.29,0.07,0.038,0.962,0.87,0.217,2018-19
202689,Kemba Walker,1610612766,CHA,29.0,82,34.9,7.18,3.39,3.79,1.9,0.33,0.34,0.79,0.55,1.07,1.62,0.338,0.662,0.0,0.9,0.9,0.61,0.1,0.0,1.0,0.909,0.145,2018-19
202702,Kenneth Faried,1610612745,HOU,29.0,37,19.7,6.51,4.14,2.38,0.76,0.27,1.46,3.41,0.35,0.41,0.76,0.464,0.536,1.35,3.59,4.95,2.62,1.46,0.273,0.727,0.858,0.478,2018-19
1629026,Kenrich Williams,1610612740,NOP,24.0,43,24.9,6.53,3.86,2.67,1.86,0.21,0.26,0.63,0.44,0.63,1.07,0.413,0.587,0.26,2.16,2.42,1.28,0.4,0.106,0.894,0.932,0.288,2018-19
203145,Kent Bazemore,1610612737,ATL,29.0,67,24.5,5.24,3.16,2.07,2.13,0.09,0.16,0.4,0.6,0.76,1.36,0.44,0.56,0.0,0.72,0.72,0.42,0.13,0.0,1.0,0.875,0.281,2018-19
203484,Kentavious Caldwell-Pope,1610612747,LAL,26.0,81,24.9,3.3,1.26,2.04,1.3,0.06,0.21,0.44,0.42,0.58,1.0,0.42,0.58,0.09,0.95,1.04,0.53,0.1,0.083,0.917,0.896,0.167,2018-19
201142,Kevin Durant,1610612744,GSW,30.0,78,34.6,7.81,4.18,3.63,1.51,0.04,0.77,2.01,0.45,0.51,0.96,0.467,0.533,0.06,1.35,1.41,0.9,0.36,0.045,0.955,1.0,0.4,2018-19
1628989,Kevin Huerter,1610612737,ATL,20.0,75,27.3,5.83,2.99,2.84,1.57,0.0,0.13,0.32,0.48,0.6,1.08,0.444,0.556,0.05,1.21,1.28,0.79,0.15,0.042,0.948,0.881,0.164,2018-19
1628995,Kevin Knox II,1610612752,NYK,19.0,75,28.8,6.83,3.35,3.48,0.83,0.0,0.28,0.64,0.4,0.48,0.88,0.455,0.545,0.04,1.64,1.68,0.76,0.23,0.024,0.976,0.919,0.274,2018-19
201567,Kevin Love,1610612739,CLE,30.0,22,27.2,5.77,3.55,2.23,0.32,0.41,1.32,3.05,0.36,0.32,0.68,0.533,0.467,0.64,2.55,3.18,1.36,1.09,0.2,0.8,0.909,0.727,2018-19
1626172,Kevon Looney,1610612744,GSW,23.0,78,18.6,9.5,6.74,2.76,0.73,0.0,2.28,5.74,0.41,0.42,0.83,0.492,0.508,0.64,4.62,5.26,2.6,0.94,0.122,0.878,0.894,0.322,2018-19
203920,Khem Birch,1610612753,ORL,26.0,49,13.1,4.86,4.14,0.71,0.67,0.06,2.55,5.9,0.24,0.33,0.57,0.429,0.571,0.55,3.35,3.9,2.1,0.86,0.141,0.859,0.896,0.365,2018-19
203114,Khris Middleton,1610612749,MIL,27.0,77,31.1,5.39,2.21,3.18,1.77,0.01,0.38,0.79,0.4,0.45,0.86,0.47,0.53,0.32,1.25,1.57,0.75,0.23,0.207,0.793,0.795,0.247,2018-19
1629017,Khyri Thomas,1610612765,DET,23.0,20,8.7,1.2,0.9,0.3,0.6,0.0,0.05,0.1,0.1,0.1,0.2,0.5,0.5,0.0,0.35,0.35,0.25,0.0,0.0,1.0,1.0,0.0,2018-19
202691,Klay Thompson,1610612744,GSW,29.0,77,34.0,5.92,3.66,2.26,2.16,0.01,0.31,0.7,0.38,0.68,1.05,0.358,0.642,0.08,1.09,1.17,0.71,0.19,0.067,0.933,0.846,0.231,2018-19
1628424,Kobi Simmons,1610612739,CLE,21.0,1,1.8,1.0,0.0,1.0,0.0,0.0,0.0,0.0,0.0,0.0,0.0,0.0,0.0,0.0,0.0,0.0,0.0,0.0,0.0,0.0,0.0,0.0,2018-19
201585,Kosta Koufos,1610612758,SAC,30.0,42,11.9,5.52,4.4,1.12,0.76,0.0,1.79,4.17,0.29,0.19,0.48,0.6,0.4,0.57,2.86,3.43,1.57,0.81,0.167,0.833,0.857,0.442,2018-19
1628961,Kostas Antetokounmpo,1610612742,DAL,21.0,2,5.3,3.0,1.0,2.0,0.5,0.0,0.0,0.0,0.0,0.0,0.0,0.0,0.0,0.0,0.5,0.5,0.0,0.0,0.0,1.0,0.0,0.0,2018-19
1627739,Kris Dunn,1610612741,CHI,25.0,45,30.2,7.89,3.76,4.13,3.16,0.0,0.29,0.64,0.47,0.89,1.36,0.344,0.656,0.04,0.76,0.8,0.42,0.16,0.056,0.944,0.905,0.333,2018-19
203937,Kyle Anderson,1610612763,MEM,25.0,43,29.8,6.21,3.7,2.51,2.74,0.05,0.28,0.65,0.51,0.58,1.09,0.468,0.532,0.42,1.63,2.05,0.81,0.37,0.205,0.795,0.795,0.364,2018-19
2594,Kyle Korver,1610612762,UTA,38.0,69,19.1,3.9,2.04,1.86,0.83,0.07,0.26,0.58,0.16,0.12,0.28,0.579,0.421,0.0,1.14,1.14,0.61,0.04,0.0,1.0,0.857,0.061,2018-19
1628398,Kyle Kuzma,1610612747,LAL,23.0,70,33.1,8.53,5.27,3.26,0.71,0.1,0.67,1.56,0.4,0.53,0.93,0.431,0.569,0.31,3.53,3.84,1.74,0.39,0.082,0.918,0.878,0.194,2018-19
200768,Kyle Lowry,1610612761,TOR,33.0,65,34.1,5.43,2.72,2.71,2.22,0.35,0.46,1.05,0.45,1.2,1.65,0.271,0.729,0.37,1.71,2.08,1.08,0.34,0.178,0.822,0.778,0.244,2018-19
203124,Kyle O'Quinn,1610612754,IND,29.0,42,8.7,3.76,2.86,0.9,0.31,0.0,1.0,2.33,0.14,0.12,0.26,0.545,0.455,0.4,2.33,2.74,1.24,0.4,0.148,0.852,0.929,0.304,2018-19
202681,Kyrie Irving,1610612738,BOS,27.0,67,33.0,5.33,2.69,2.64,2.54,0.18,0.31,0.7,0.76,1.0,1.76,0.432,0.568,0.18,0.81,0.99,0.61,0.12,0.182,0.818,0.854,0.167,2018-19
200746,LaMarcus Aldridge,1610612759,SAS,33.0,81,33.2,13.62,11.2,2.42,1.11,0.0,4.14,9.01,0.49,0.43,0.93,0.533,0.467,1.69,8.11,9.8,5.2,1.86,0.173,0.827,0.863,0.309,2018-19
202362,Lance Stephenson,1610612747,LAL,28.0,66,16.8,2.86,1.27,1.59,0.73,0.0,0.12,0.29,0.23,0.38,0.61,0.375,0.625,0.05,0.76,0.8,0.45,0.15,0.057,0.943,0.968,0.323,2018-19
202498,Lance Thomas,1610612752,NYK,31.0,46,17.0,3.7,1.91,1.78,0.65,0.04,0.74,1.72,0.15,0.35,0.5,0.304,0.696,0.24,3.2,3.43,1.74,0.48,0.07,0.93,0.87,0.239,2018-19
1629013,Landry Shamet,1610612746,LAC,22.0,79,22.8,5.53,3.24,2.29,0.76,0.01,0.27,0.59,0.16,0.3,0.47,0.351,0.649,0.01,1.37,1.38,0.71,0.05,0.009,0.991,0.862,0.062,2018-19
204038,Langston Galloway,1610612765,DET,27.0,79,22.0,4.8,2.9,1.9,0.8,0.03,0.09,0.22,0.41,0.42,0.82,0.492,0.508,0.04,0.71,0.75,0.42,0.01,0.051,0.949,0.917,0.028,2018-19
1626204,Larry Nance Jr.,1610612739,CLE,26.0,67,26.8,8.52,6.21,2.31,2.79,0.04,2.85,6.64,0.67,0.66,1.33,0.506,0.494,1.19,5.52,6.72,3.34,1.57,0.178,0.822,0.842,0.395,2018-19
1628374,Lauri Markkanen,1610612741,CHI,22.0,52,32.3,8.15,5.02,3.13,1.08,0.04,1.13,2.54,0.38,0.46,0.85,0.455,0.545,0.27,3.31,3.58,1.6,0.62,0.075,0.925,0.847,0.327,2018-19
2544,LeBron James,1610612747,LAL,34.0,55,35.2,5.71,3.22,2.49,1.78,0.11,0.73,1.6,0.67,0.85,1.53,0.44,0.56,0.24,2.16,2.4,1.24,0.73,0.098,0.902,0.944,0.556,2018-19
1629022,Lonnie Walker IV,1610612759,SAS,20.0,14,7.9,1.43,0.86,0.57,0.57,0.0,0.0,0.0,0.21,0.29,0.5,0.429,0.571,0.0,0.21,0.21,0.14,0.0,0.0,1.0,0.667,0.0,2018-19
1628366,Lonzo Ball,1610612747,LAL,21.0,47,30.3,6.79,3.3,3.49,2.64,0.0,0.77,1.83,0.79,0.66,1.45,0.544,0.456,0.19,0.49,0.68,0.36,0.21,0.281,0.719,0.773,0.455,2018-19
203485,Lorenzo Brown,1610612761,TOR,28.0,20,10.1,1.9,0.8,1.1,1.0,0.0,0.0,0.0,0.2,0.4,0.6,0.333,0.667,0.05,0.6,0.65,0.3,0.1,0.077,0.923,0.667,0.222,2018-19
101150,Lou Williams,1610612746,LAC,32.0,75,26.6,3.69,1.45,2.24,1.27,0.0,0.24,0.55,0.28,0.61,0.89,0.313,0.687,0.01,0.81,0.83,0.44,0.05,0.016,0.984,0.825,0.1,2018-19
201601,Luc Mbah a Moute,1610612746,LAC,32.0,4,15.3,3.75,1.75,2.0,0.75,0.0,0.5,1.0,0.0,0.0,0.0,0.0,0.0,0.25,2.5,2.75,1.5,0.0,0.091,0.909,1.0,0.0,2018-19
1629029,Luka Dončić,1610612742,DAL,20.0,72,32.2,6.31,3.58,2.72,2.01,0.11,0.1,0.21,0.71,0.69,1.4,0.505,0.495,0.07,0.69,0.76,0.5,0.21,0.091,0.909,0.923,0.385,2018-19
1628379,Luke Kennard,1610612765,DET,23.0,62,23.0,3.6,1.87,1.73,0.9,0.0,0.1,0.23,0.16,0.4,0.56,0.286,0.714,0.02,1.05,1.06,0.74,0.05,0.015,0.985,0.902,0.059,2018-19
1628436,Luke Kornet,1610612752,NYK,23.0,45,17.4,10.02,7.62,2.4,0.84,0.0,1.4,3.22,0.09,0.33,0.42,0.211,0.789,0.27,3.69,3.96,2.07,0.62,0.067,0.933,0.903,0.272,2018-19
2736,Luol Deng,1610612750,MIN,34.0,22,17.8,5.91,3.14,2.77,0.82,0.0,0.36,0.91,0.36,0.32,0.68,0.533,0.467,0.45,1.45,1.91,1.09,0.27,0.238,0.762,0.8,0.2,2018-19
1627781,Malachi Richardson,1610612761,TOR,23.0,13,6.3,0.85,0.38,0.46,0.15,0.08,0.0,0.0,0.08,0.0,0.08,1.0,0.0,0.0,0.46,0.46,0.23,0.0,0.0,1.0,0.75,0.0,2018-19
1627763,Malcolm Brogdon,1610612749,MIL,26.0,64,28.6,6.28,3.48,2.8,1.0,0.0,0.2,0.48,0.64,0.55,1.19,0.539,0.461,0.13,0.63,0.75,0.45,0.13,0.167,0.833,0.935,0.258,2018-19
1626259,Malcolm Miller,1610612761,TOR,26.0,9,7.0,3.11,1.22,1.89,0.0,0.0,0.11,0.22,0.0,0.0,0.0,0.0,0.0,0.0,1.0,1.0,0.44,0.11,0.0,1.0,0.8,0.2,2018-19
1627736,Malik Beasley,1610612743,DEN,22.0,80,23.3,4.43,2.28,2.15,1.14,0.05,0.06,0.13,0.36,0.46,0.83,0.439,0.561,0.01,1.0,1.01,0.6,0.11,0.012,0.988,0.873,0.164,2018-19
1628370,Malik Monk,1610612766,CHA,21.0,72,17.4,3.01,1.58,1.43,0.83,0.01,0.08,0.22,0.14,0.36,0.5,0.278,0.722,0.01,0.32,0.33,0.18,0.01,0.042,0.958,0.929,0.071,2018-19
202705,MarShon Brooks,1610612763,MEM,30.0,28,13.7,3.39,1.61,1.79,0.68,0.07,0.0,0.0,0.21,0.25,0.46,0.462,0.538,0.0,0.54,0.54,0.39,0.07,0.0,1.0,0.917,0.167,2018-19
201188,Marc Gasol,1610612761,TOR,34.0,79,30.8,9.38,7.94,1.44,1.66,0.34,2.75,6.29,0.38,0.56,0.94,0.405,0.595,0.34,6.54,6.89,3.89,1.49,0.05,0.95,0.927,0.356,2018-19
101162,Marcin Gortat,1610612746,LAC,35.0,47,16.0,5.87,5.04,0.83,0.45,0.13,3.6,7.85,0.36,0.26,0.62,0.586,0.414,1.04,3.4,4.45,2.23,1.15,0.234,0.766,0.833,0.429,2018-19
201158,Marco Belinelli,1610612759,SAS,33.0,79,23.0,5.22,2.35,2.86,0.84,0.0,0.22,0.46,0.27,0.23,0.49,0.538,0.462,0.01,0.62,0.63,0.46,0.04,0.02,0.98,0.923,0.077,2018-19
1629094,Marcus Derrickson,1610612744,GSW,23.0,11,6.1,2.91,2.09,0.82,0.18,0.0,0.18,0.36,0.18,0.09,0.27,0.667,0.333,0.36,1.27,1.64,0.82,0.27,0.222,0.778,0.818,0.273,2018-19
202694,Marcus Morris Sr.,1610612738,BOS,29.0,75,27.9,5.81,3.01,2.8,1.0,0.0,0.67,1.48,0.32,0.43,0.75,0.429,0.571,0.65,4.15,4.81,2.41,0.8,0.136,0.861,0.883,0.293,2018-19
203935,Marcus Smart,1610612738,BOS,25.0,80,27.5,6.96,2.84,4.13,2.85,0.18,0.25,0.63,0.36,0.68,1.04,0.349,0.651,0.45,2.05,2.5,1.43,0.26,0.18,0.82,0.844,0.156,2018-19
1626209,Mario Hezonja,1610612752,NYK,24.0,57,21.1,5.86,3.32,2.54,1.72,0.02,0.42,0.96,0.33,0.32,0.65,0.514,0.486,0.07,1.72,1.79,0.75,0.25,0.039,0.961,0.896,0.292,2018-19
1628365,Markelle Fultz,1610612753,ORL,21.0,19,22.5,4.58,2.42,2.16,1.26,0.0,0.32,0.79,0.53,0.42,0.95,0.556,0.444,0.11,1.37,1.47,0.74,0.05,0.071,0.929,0.875,0.063,2018-19
202693,Markieff Morris,1610612760,OKC,29.0,58,21.9,6.09,3.93,2.16,1.14,0.09,1.24,2.72,0.34,0.34,0.69,0.5,0.5,0.86,4.38,5.24,2.38,0.79,0.164,0.836,0.847,0.282,2018-19
1627737,Marquese Chriss,1610612739,CLE,21.0,43,11.6,3.95,2.79,1.16,0.72,0.02,1.16,2.72,0.26,0.28,0.53,0.478,0.522,0.47,2.56,3.02,1.53,0.58,0.154,0.846,0.917,0.347,2018-19
1628963,Marvin Bagley III,1610612758,SAC,20.0,62,25.3,9.05,5.16,3.89,0.81,0.0,0.77,1.69,0.53,0.4,0.94,0.569,0.431,0.81,3.9,4.71,2.05,0.84,0.171,0.829,0.901,0.369,2018-19
101107,Marvin Williams,1610612766,CHA,33.0,75,28.4,8.88,5.6,3.28,1.84,0.0,1.79,4.24,0.32,0.61,0.93,0.343,0.657,0.27,4.87,5.13,2.36,0.49,0.052,0.948,0.863,0.18,2018-19
203486,Mason Plumlee,1610612743,DEN,29.0,82,21.1,6.45,4.38,2.07,1.6,0.06,2.51,5.5,0.49,0.35,0.84,0.58,0.42,1.11,2.57,3.68,1.7,0.71,0.301,0.699,0.848,0.354,2018-19
203521,Matthew Dellavedova,1610612739,CLE,28.0,48,16.9,4.19,2.4,1.79,0.65,0.0,0.31,0.65,0.15,0.27,0.42,0.35,0.65,0.08,1.29,1.38,0.79,0.21,0.061,0.939,0.844,0.222,2018-19
203090,Maurice Harkless,1610612757,POR,26.0,60,23.6,6.4,4.15,2.25,1.92,0.0,0.48,1.23,0.25,0.55,0.8,0.313,0.688,0.22,1.0,1.22,0.62,0.18,0.178,0.822,0.881,0.262,2018-19
1628467,Maxi Kleber,1610612742,DAL,27.0,70,21.3,8.63,5.94,2.69,0.76,0.07,1.04,2.57,0.27,0.3,0.57,0.475,0.525,0.56,3.8,4.36,2.21,0.77,0.128,0.872,0.886,0.309,2018-19
1628982,Melvin Frazier Jr.,1610612753,ORL,22.0,9,4.4,0.89,0.44,0.44,0.44,0.0,0.0,0.0,0.11,0.11,0.22,0.5,0.5,0.0,0.56,0.56,0.44,0.11,0.0,1.0,1.0,0.25,2018-19
203086,Meyers Leonard,1610612757,POR,27.0,60,14.6,5.42,3.78,1.63,0.35,0.0,1.78,4.17,0.25,0.08,0.33,0.75,0.25,0.47,4.12,4.58,2.5,0.75,0.102,0.898,0.92,0.276,2018-19
201563,Michael Beasley,1610612747,LAL,30.0,24,11.1,3.46,1.83,1.63,0.79,0.0,0.46,1.0,0.0,0.29,0.29,0.0,1.0,0.04,0.54,0.58,0.25,0.17,0.071,0.929,1.0,0.667,2018-19
203487,Michael Carter-Williams,1610612753,ORL,27.0,25,14.5,3.96,2.16,1.8,1.4,0.0,0.12,0.24,0.36,0.48,0.84,0.429,0.571,0.0,0.52,0.52,0.36,0.12,0.0,1.0,1.0,0.333,2018-19
203077,Michael Kidd-Gilchrist,1610612766,CHA,25.0,64,18.4,6.73,4.44,2.3,0.78,0.13,1.28,3.11,0.42,0.36,0.78,0.54,0.46,0.48,3.95,4.44,2.25,0.53,0.109,0.891,0.857,0.202,2018-19
1628969,Mikal Bridges,1610612756,PHX,22.0,81,29.8,6.53,3.56,2.98,2.75,0.0,0.32,0.73,0.35,0.93,1.27,0.272,0.728,0.07,1.52,1.59,0.78,0.09,0.047,0.953,0.926,0.103,2018-19
201144,Mike Conley,1610612763,MEM,31.0,70,33.5,6.46,2.7,3.76,2.11,0.07,0.29,0.63,0.8,0.9,1.7,0.471,0.529,0.0,0.67,0.67,0.47,0.07,0.0,1.0,0.971,0.147,2018-19
203488,Mike Muscala,1610612747,LAL,27.0,64,20.4,8.91,6.28,2.63,0.61,0.0,1.25,2.95,0.14,0.17,0.31,0.45,0.55,0.44,4.67,5.11,2.2,0.47,0.086,0.914,0.892,0.19,2018-19
203118,Mike Scott,1610612755,PHI,30.0,78,17.9,4.15,2.56,1.59,0.6,0.0,0.45,1.0,0.23,0.28,0.51,0.45,0.55,0.32,3.35,3.67,1.65,0.53,0.087,0.913,0.884,0.281,2018-19
1628970,Miles Bridges,1610612766,CHA,21.0,79,21.3,6.11,3.57,2.54,1.05,0.0,0.46,1.05,0.22,0.27,0.48,0.447,0.553,0.1,1.92,2.03,1.04,0.35,0.05,0.95,0.911,0.311,2018-19
203101,Miles Plumlee,1610612737,ATL,30.0,17,10.0,3.71,3.18,0.53,0.47,0.0,1.18,2.53,0.41,0.12,0.53,0.778,0.222,0.18,3.06,3.24,1.24,0.29,0.055,0.945,0.913,0.217,2018-19
1628462,Milos Teodosic,1610612746,LAC,32.0,15,10.0,2.47,1.27,1.2,0.4,0.0,0.13,0.27,0.2,0.07,0.27,0.75,0.25,0.0,0.33,0.33,0.33,0.07,0.0,1.0,1.0,0.2,2018-19
1628249,Mitchell Creek,1610612750,MIN,27.0,3,15.2,4.0,1.67,2.33,0.67,0.0,0.33,1.0,1.0,0.67,1.67,0.6,0.4,0.33,1.0,1.33,0.33,0.33,0.25,0.75,1.0,1.0,2018-19
1629011,Mitchell Robinson,1610612752,NYK,21.0,65,20.9,11.31,8.02,3.29,1.38,0.05,2.77,5.97,0.32,0.4,0.72,0.447,0.553,1.2,3.83,5.03,2.28,1.05,0.239,0.761,0.841,0.386,2018-19
1628964,Mo Bamba,1610612753,ORL,21.0,47,16.3,8.11,6.74,1.36,0.47,0.0,2.6,5.66,0.23,0.34,0.57,0.407,0.593,0.77,3.04,3.81,1.83,0.81,0.201,0.799,0.827,0.365,2018-19
1628420,Monte Morris,1610612743,DEN,24.0,81,24.1,4.4,1.8,2.59,1.36,0.09,0.26,0.59,0.3,0.56,0.85,0.348,0.652,0.02,0.98,1.0,0.75,0.1,0.025,0.975,0.938,0.123,2018-19
1626149,Montrezl Harrell,1610612746,LAC,25.0,82,26.3,12.18,9.22,2.96,1.15,0.23,3.23,7.18,0.6,0.45,1.05,0.57,0.43,0.63,6.34,6.98,3.65,1.22,0.091,0.909,0.901,0.301,2018-19
1629021,Moritz Wagner,1610612747,LAL,22.0,40,11.0,4.48,2.48,2.0,0.55,0.05,0.5,1.08,0.18,0.1,0.28,0.636,0.364,0.13,2.23,2.35,1.25,0.48,0.053,0.947,0.926,0.352,2018-19
1626167,Myles Turner,1610612754,IND,23.0,74,28.6,12.07,9.89,2.18,1.46,0.01,2.92,6.7,0.35,0.43,0.78,0.448,0.552,0.51,6.05,6.57,3.55,1.27,0.078,0.922,0.883,0.315,2018-19
1628513,Naz Mitrou-Long,1610612762,UTA,25.0,12,6.7,1.25,0.58,0.67,0.33,0.08,0.0,0.0,0.08,0.08,0.17,0.5,0.5,0.0,0.08,0.08,0.08,0.0,0.0,1.0,1.0,0.0,2018-19
202357,Nemanja Bjelica,1610612758,SAC,31.0,76,23.5,9.67,5.72,3.95,1.64,0.0,0.47,1.17,0.32,0.25,0.57,0.558,0.442,0.41,2.14,2.55,1.13,0.46,0.16,0.84,0.896,0.365,2018-19
2403,Nene,1610612745,HOU,36.0,42,13.0,3.88,2.67,1.21,1.05,0.07,1.64,3.98,0.31,0.24,0.55,0.565,0.435,0.45,3.19,3.64,1.79,0.5,0.124,0.876,0.806,0.226,2018-19
203457,Nerlens Noel,1610612760,OKC,25.0,77,13.7,6.01,4.82,1.19,1.94,0.06,1.32,2.91,0.26,0.23,0.49,0.526,0.474,0.35,2.61,2.96,1.45,0.48,0.118,0.882,0.855,0.282,2018-19
201156,Nick Young,1610612743,DEN,34.0,2,9.8,2.0,1.0,1.0,0.0,0.0,0.0,0.0,0.0,0.0,0.0,0.0,0.0,0.0,0.5,0.5,0.5,0.0,0.0,1.0,1.0,0.0,2018-19
201587,Nicolas Batum,1610612766,CHA,30.0,75,31.4,7.67,4.28,3.39,1.89,0.01,0.36,0.91,0.33,0.56,0.89,0.373,0.627,0.09,1.72,1.81,1.08,0.29,0.051,0.949,0.92,0.25,2018-19
203917,Nik Stauskas,1610612739,CLE,25.0,67,15.0,3.45,1.63,1.82,0.45,0.0,0.15,0.36,0.24,0.15,0.39,0.615,0.385,0.0,0.48,0.48,0.25,0.03,0.0,1.0,0.895,0.105,2018-19
203999,Nikola Jokić,1610612743,DEN,24.0,80,31.3,9.94,7.11,2.83,2.44,0.06,3.69,8.15,0.53,0.5,1.03,0.512,0.488,1.1,5.06,6.16,3.45,1.58,0.178,0.822,0.882,0.403,2018-19
202703,Nikola Mirotic,1610612749,MIL,28.0,46,27.1,8.63,5.52,3.11,1.33,0.02,0.67,1.57,0.39,0.33,0.72,0.545,0.455,0.93,3.98,4.91,2.46,0.98,0.19,0.81,0.831,0.331,2018-19
202696,Nikola Vučević,1610612753,ORL,28.0,80,31.4,10.66,9.26,1.4,1.59,0.0,4.39,9.96,0.65,0.38,1.03,0.634,0.366,0.71,8.28,8.99,4.35,2.04,0.079,0.921,0.874,0.41,2018-19
203943,Noah Vonleh,1610612752,NYK,23.0,67,25.6,8.33,5.64,2.69,1.15,0.06,2.94,6.85,0.43,0.69,1.12,0.387,0.613,0.9,3.28,4.18,2.04,0.96,0.214,0.786,0.851,0.398,2018-19
1626181,Norman Powell,1610612761,TOR,26.0,59,18.8,4.0,1.97,2.03,1.17,0.0,0.1,0.25,0.2,0.42,0.63,0.324,0.676,0.0,0.66,0.66,0.36,0.08,0.0,1.0,0.913,0.217,2018-19
1628384,OG Anunoby,1610612761,TOR,21.0,66,20.3,5.52,3.0,2.52,1.53,0.05,0.24,0.59,0.29,0.3,0.59,0.487,0.513,0.18,2.52,2.7,1.14,0.24,0.067,0.933,0.843,0.18,2018-19
1627855,Okaro White,1610612764,WAS,26.0,2,2.7,1.5,0.5,1.0,0.0,0.0,0.0,0.0,0.0,0.0,0.0,0.0,0.0,0.0,0.5,0.5,0.5,0.0,0.0,1.0,1.0,0.0,2018-19
1629016,Omari Spellman,1610612737,ATL,21.0,44,17.8,7.77,4.23,3.55,0.7,0.0,1.0,2.32,0.27,0.34,0.61,0.444,0.556,0.43,3.23,3.66,1.61,0.59,0.118,0.882,0.845,0.31,2018-19
201956,Omri Casspi,1610612763,MEM,31.0,36,14.5,3.19,1.83,1.36,0.94,0.0,0.22,0.53,0.22,0.19,0.42,0.533,0.467,0.47,0.72,1.19,0.33,0.06,0.395,0.605,0.75,0.125,2018-19
203490,Otto Porter Jr.,1610612741,CHI,26.0,56,30.1,6.04,3.2,2.84,2.57,0.05,0.52,1.21,0.52,0.82,1.34,0.387,0.613,0.32,1.57,1.89,0.73,0.21,0.17,0.83,0.759,0.222,2018-19
200782,P.J. Tucker,1610612745,HOU,34.0,82,34.2,8.11,4.41,3.7,2.37,0.29,1.11,2.85,0.44,0.88,1.32,0.333,0.667,0.96,5.1,6.06,2.93,1.1,0.159,0.841,0.839,0.315,2018-19
1628408,PJ Dozier,1610612738,BOS,22.0,3,15.2,1.0,0.33,0.67,1.0,0.0,0.0,0.0,0.67,0.33,1.0,0.667,0.333,0.33,0.67,1.0,0.67,0.33,0.333,0.667,1.0,0.5,2018-19
1627783,Pascal Siakam,1610612761,TOR,25.0,80,31.8,10.09,5.4,4.69,1.64,0.01,0.89,2.21,0.61,0.78,1.39,0.441,0.559,0.2,4.78,4.98,2.5,0.73,0.04,0.96,0.909,0.264,2018-19
1626192,Pat Connaughton,1610612749,MIL,26.0,60,21.0,6.47,2.98,3.48,0.88,0.0,0.17,0.42,0.42,0.43,0.85,0.49,0.51,0.03,0.75,0.78,0.38,0.12,0.043,0.957,0.885,0.269,2018-19
201976,Patrick Beverley,1610612746,LAC,30.0,78,27.4,5.56,2.86,2.71,2.15,0.1,0.26,0.56,0.36,0.77,1.13,0.318,0.682,0.01,0.55,0.56,0.32,0.05,0.023,0.977,0.893,0.143,2018-19
1627775,Patrick McCaw,1610612761,TOR,23.0,27,14.5,2.3,1.22,1.07,1.48,0.0,0.04,0.07,0.19,0.37,0.56,0.333,0.667,0.0,0.96,0.96,0.67,0.15,0.0,1.0,0.9,0.2,2018-19
202335,Patrick Patterson,1610612760,OKC,30.0,61,14.0,4.66,2.7,1.95,0.28,0.0,0.62,1.41,0.05,0.15,0.2,0.25,0.75,0.28,2.72,3.0,1.33,0.38,0.093,0.907,0.827,0.235,2018-19
201988,Patty Mills,1610612759,SAS,30.0,82,23.3,3.2,1.27,1.93,1.15,0.11,0.39,0.85,0.39,0.55,0.94,0.416,0.584,0.02,0.95,0.98,0.56,0.07,0.025,0.975,0.852,0.111,2018-19
2200,Pau Gasol,1610612749,MIL,38.0,29,12.4,5.76,5.38,0.38,0.21,0.0,1.86,4.17,0.17,0.07,0.24,0.714,0.286,0.17,2.72,2.9,1.07,0.34,0.06,0.94,0.795,0.256,2018-19
202331,Paul George,1610612760,OKC,29.0,77,36.9,8.49,4.32,4.17,3.79,0.06,0.49,1.06,0.92,1.16,2.08,0.444,0.556,0.08,1.83,1.91,1.19,0.42,0.041,0.959,0.911,0.317,2018-19
200794,Paul Millsap,1610612743,DEN,34.0,70,27.1,8.6,4.76,3.84,2.11,0.06,0.89,2.09,0.46,0.5,0.96,0.478,0.522,0.84,2.84,3.69,1.76,0.77,0.229,0.771,0.911,0.4,2018-19
203112,Quincy Acy,1610612756,PHX,28.0,10,12.3,4.7,3.3,1.4,0.4,0.4,1.2,2.8,0.2,0.0,0.2,1.0,0.0,0.4,3.3,3.7,1.6,0.4,0.108,0.892,0.889,0.222,2018-19
202347,Quincy Pondexter,1610612759,SAS,31.0,38,7.2,1.58,0.74,0.84,0.39,0.0,0.03,0.08,0.11,0.26,0.37,0.286,0.714,0.0,0.13,0.13,0.08,0.0,0.0,1.0,1.0,0.0,2018-19
1626188,Quinn Cook,1610612744,GSW,26.0,61,16.3,3.08,1.52,1.56,0.56,0.0,0.26,0.62,0.31,0.36,0.67,0.463,0.537,0.05,0.43,0.48,0.26,0.05,0.103,0.897,0.842,0.158,2018-19
1626154,RJ Hunter,1610612738,BOS,25.0,1,25.7,5.0,2.0,3.0,2.0,0.0,0.0,0.0,0.0,0.0,0.0,0.0,0.0,0.0,1.0,1.0,1.0,0.0,0.0,1.0,1.0,0.0,2018-19
200765,Rajon Rondo,1610612747,LAL,33.0,46,29.8,4.46,1.41,3.04,2.13,0.13,0.52,1.28,0.54,0.89,1.43,0.379,0.621,0.02,0.26,0.28,0.11,0.02,0.077,0.923,0.714,0.143,2018-19
203526,Raul Neto,1610612762,UTA,27.0,36,13.1,3.19,1.94,1.25,0.69,0.06,0.08,0.19,0.19,0.56,0.75,0.259,0.741,0.0,0.44,0.44,0.19,0.03,0.0,1.0,0.7,0.1,2018-19
1628959,Rawle Alkins,1610612741,CHI,21.0,8,14.6,2.63,1.63,1.0,0.25,0.0,0.13,0.25,0.63,0.13,0.75,0.833,0.167,0.13,1.0,1.13,0.5,0.25,0.111,0.889,1.0,0.5,2018-19
1629034,Ray Spalding,1610612756,PHX,22.0,13,11.3,5.08,3.69,1.38,1.08,0.0,0.69,1.38,0.08,0.23,0.31,0.25,0.75,0.38,2.31,2.69,1.54,0.77,0.143,0.857,0.769,0.385,2018-19
101109,Raymond Felton,1610612760,OKC,35.0,29,12.4,2.55,1.55,1.0,0.66,0.0,0.1,0.24,0.1,0.21,0.31,0.333,0.667,0.03,0.38,0.41,0.21,0.07,0.083,0.917,0.857,0.286,2018-19
203493,Reggie Bullock Jr.,1610612747,LAL,28.0,63,29.8,5.44,2.84,2.6,0.79,0.05,0.32,0.71,0.24,0.54,0.78,0.306,0.694,0.02,0.52,0.54,0.37,0.1,0.029,0.971,0.92,0.24,2018-19
202704,Reggie Jackson,1610612765,DET,29.0,82,27.9,5.76,2.72,3.04,0.95,0.09,0.28,0.67,0.45,0.46,0.91,0.493,0.507,0.07,0.94,1.01,0.45,0.1,0.072,0.928,0.787,0.17,2018-19
1626158,Richaun Holmes,1610612756,PHX,25.0,70,16.9,7.76,6.33,1.43,1.21,0.0,3.0,6.79,0.26,0.29,0.54,0.474,0.526,0.36,3.36,3.73,1.51,0.63,0.096,0.9,0.855,0.355,2018-19
201937,Ricky Rubio,1610612762,UTA,28.0,68,27.9,5.82,3.32,2.5,2.96,0.06,0.31,0.72,0.54,0.91,1.47,0.37,0.62,0.01,0.87,0.88,0.49,0.07,0.017,0.983,0.786,0.119,2018-19
203496,Robert Covington,1610612750,MIN,28.0,35,34.4,8.03,4.31,3.71,3.66,0.09,0.2,0.49,0.46,0.69,1.14,0.4,0.6,0.17,1.63,1.8,1.06,0.17,0.095,0.905,0.86,0.14,2018-19
1629057,Robert Williams III,1610612738,BOS,21.0,30,9.4,4.97,3.87,1.1,0.5,0.0,0.8,1.77,0.17,0.23,0.4,0.417,0.583,0.2,1.47,1.67,0.73,0.3,0.12,0.88,0.786,0.321,2018-19
201577,Robin Lopez,1610612741,CHI,31.0,74,21.7,9.68,7.89,1.78,0.34,0.0,3.55,7.88,0.27,0.09,0.36,0.741,0.259,1.62,5.11,6.73,3.55,1.01,0.241,0.759,0.838,0.239,2018-19
1629066,Rodions Kurucs,1610612751,BKN,21.0,63,20.5,5.51,3.49,2.02,1.7,0.0,0.25,0.6,0.27,0.38,0.65,0.415,0.585,0.16,2.05,2.21,0.95,0.25,0.072,0.928,0.857,0.229,2018-19
203918,Rodney Hood,1610612757,POR,26.0,72,26.3,4.76,2.67,2.1,1.46,0.06,0.19,0.47,0.21,0.32,0.53,0.395,0.605,0.04,1.25,1.29,0.57,0.07,0.032,0.968,0.891,0.109,2018-19
203585,Rodney McGruder,1610612746,LAC,27.0,64,24.2,5.53,2.92,2.61,0.73,0.05,0.16,0.33,0.38,0.45,0.83,0.453,0.547,0.13,1.17,1.3,0.61,0.16,0.096,0.904,0.78,0.2,2018-19
1627758,Ron Baker,1610612764,WAS,26.0,12,12.2,1.83,1.17,0.67,1.08,0.0,0.08,0.17,0.08,0.5,0.58,0.143,0.857,0.0,1.58,1.58,0.75,0.08,0.0,1.0,0.9,0.1,2018-19
1626178,Rondae Hollis-Jefferson,1610612751,BKN,24.0,59,20.9,6.9,4.53,2.37,1.32,0.03,1.08,2.63,0.41,0.42,0.83,0.49,0.51,0.1,3.59,3.69,2.1,0.61,0.028,0.972,0.919,0.267,2018-19
1626220,Royce O'Neale,1610612762,UTA,26.0,82,20.4,4.35,2.45,1.9,0.96,0.01,0.21,0.49,0.22,0.46,0.68,0.321,0.679,0.0,0.91,0.91,0.56,0.17,0.0,1.0,0.902,0.275,2018-19
200752,Rudy Gay,1610612759,SAS,32.0,69,26.7,6.17,3.38,2.8,1.83,0.04,0.8,1.8,0.35,0.49,0.84,0.414,0.586,0.19,2.54,2.72,1.59,0.62,0.069,0.931,0.948,0.371,2018-19
203497,Rudy Gobert,1610612762,UTA,27.0,81,31.8,15.83,13.69,2.14,1.57,0.05,5.9,13.67,0.42,0.31,0.73,0.576,0.424,1.47,5.84,7.31,3.73,1.75,0.201,0.799,0.899,0.423,2018-19
201566,Russell Westbrook,1610612760,OKC,30.0,73,36.0,4.67,2.4,2.27,3.1,0.07,0.07,0.16,0.99,0.85,1.84,0.537,0.463,0.11,0.52,0.63,0.38,0.21,0.174,0.826,0.757,0.405,2018-19
201583,Ryan Anderson,1610612748,MIA,31.0,23,13.8,3.0,1.65,1.35,0.0,0.09,0.22,0.48,0.17,0.04,0.22,0.8,0.2,0.43,3.0,3.43,1.83,0.52,0.127,0.873,0.894,0.255,2018-19
1627853,Ryan Arcidiacono,1610612741,CHI,25.0,81,24.2,4.38,2.11,2.27,1.16,0.2,0.19,0.41,0.23,0.56,0.79,0.297,0.703,0.01,1.0,1.01,0.7,0.11,0.012,0.988,0.934,0.148,2018-19
1629151,Ryan Broekhoff,1610612742,DAL,28.0,35,12.6,2.71,1.17,1.54,0.26,0.03,0.17,0.46,0.14,0.26,0.4,0.357,0.643,0.03,0.89,0.91,0.49,0.17,0.031,0.969,0.81,0.286,2018-19
1626257,Salah Mejri,1610612742,DAL,33.0,34,11.7,6.65,5.65,1.0,0.62,0.35,1.53,3.29,0.24,0.21,0.44,0.533,0.467,0.12,2.56,2.68,1.38,0.59,0.044,0.956,0.887,0.377,2018-19
1626155,Sam Dekker,1610612764,WAS,25.0,46,17.1,4.83,2.7,2.13,0.98,0.0,0.33,0.74,0.3,0.7,1.0,0.304,0.696,0.33,1.39,1.72,0.87,0.33,0.19,0.81,0.8,0.3,2018-19
203159,Scott Machado,1610612747,LAL,29.0,3,6.0,1.33,1.0,0.33,0.33,0.0,0.0,0.0,0.0,0.0,0.0,0.0,0.0,0.0,0.67,0.67,0.33,0.0,0.0,1.0,1.0,0.0,2018-19
1628400,Semi Ojeleye,1610612738,BOS,24.0,50,11.4,2.96,1.32,1.64,0.24,0.06,0.08,0.16,0.16,0.18,0.34,0.471,0.529,0.08,1.34,1.42,0.72,0.24,0.056,0.944,0.9,0.3,2018-19
201586,Serge Ibaka,1610612761,TOR,29.0,73,27.3,11.9,9.58,2.33,0.73,0.0,2.82,6.48,0.44,0.41,0.85,0.516,0.484,1.16,5.71,6.88,3.77,1.52,0.169,0.831,0.893,0.36,2018-19
203552,Seth Curry,1610612757,POR,28.0,74,18.9,2.92,1.27,1.65,1.05,0.03,0.05,0.14,0.34,0.35,0.69,0.49,0.51,0.0,0.42,0.42,0.3,0.05,0.0,1.0,0.917,0.167,2018-19
203894,Shabazz Napier,1610612751,BKN,27.0,54,18.1,3.54,1.72,1.81,1.57,0.02,0.19,0.46,0.3,0.41,0.7,0.421,0.579,0.02,0.5,0.52,0.31,0.04,0.036,0.964,0.944,0.111,2018-19
1628983,Shai Gilgeous-Alexander,1610612746,LAC,20.0,82,26.5,6.88,4.35,2.52,1.93,0.01,0.3,0.68,0.52,0.67,1.2,0.439,0.561,0.0,0.8,0.8,0.44,0.09,0.0,1.0,0.9,0.175,2018-19
1629003,Shake Milton,1610612755,PHI,22.0,17,14.8,3.18,1.94,1.24,0.59,0.0,0.12,0.24,0.06,0.24,0.29,0.2,0.8,0.0,1.0,1.0,0.59,0.18,0.0,1.0,0.769,0.231,2018-19
1627885,Shaquille Harrison,1610612741,CHI,25.0,72,19.8,5.26,2.75,2.51,2.06,0.0,0.01,0.04,0.29,0.82,1.11,0.263,0.738,0.03,0.79,0.82,0.53,0.19,0.034,0.966,0.95,0.35,2018-19
2733,Shaun Livingston,1610612744,GSW,33.0,63,15.1,3.24,1.59,1.65,0.68,0.0,0.63,1.57,0.17,0.25,0.43,0.407,0.593,0.05,0.32,0.37,0.22,0.03,0.13,0.87,0.824,0.118,2018-19
202714,Shelvin Mack,1610612766,CHA,29.0,57,21.9,5.6,2.56,3.04,1.04,0.05,0.18,0.39,0.37,0.58,0.95,0.389,0.611,0.0,0.93,0.93,0.42,0.07,0.0,1.0,0.727,0.121,2018-19
1628414,Sindarius Thornwell,1610612746,LAC,24.0,45,6.6,1.76,0.93,0.82,0.67,0.02,0.04,0.11,0.07,0.16,0.22,0.3,0.7,0.02,0.22,0.24,0.09,0.02,0.091,0.909,1.0,0.25,2018-19
1627746,Skal Labissiere,1610612757,POR,23.0,20,8.8,4.1,2.6,1.5,0.4,0.0,0.7,1.6,0.05,0.2,0.25,0.2,0.8,0.2,2.1,2.3,0.9,0.25,0.087,0.913,0.783,0.217,2018-19
203524,Solomon Hill,1610612740,NOP,28.0,43,20.3,5.51,2.91,2.6,1.0,0.02,0.49,1.19,0.28,0.42,0.7,0.4,0.6,0.14,1.67,1.81,0.79,0.09,0.077,0.923,0.773,0.091,2018-19
203915,Spencer Dinwiddie,1610612751,BKN,26.0,67,28.2,5.6,3.12,2.48,1.22,0.01,0.16,0.4,0.39,0.34,0.73,0.531,0.469,0.0,1.13,1.13,0.66,0.18,0.0,1.0,0.898,0.245,2018-19
1626169,Stanley Johnson,1610612740,NOP,23.0,63,18.9,3.49,2.19,1.3,1.52,0.0,0.27,0.6,0.3,0.6,0.9,0.333,0.667,0.16,1.52,1.68,0.73,0.27,0.094,0.906,0.852,0.315,2018-19
201939,Stephen Curry,1610612744,GSW,31.0,69,33.8,5.19,2.48,2.71,2.41,0.16,0.94,2.19,0.64,0.86,1.49,0.427,0.573,0.26,1.07,1.33,0.74,0.29,0.196,0.804,0.75,0.294,2018-19
1628425,Sterling Brown,1610612749,MIL,24.0,57,18.1,3.79,1.33,2.46,1.3,0.0,0.19,0.54,0.3,0.49,0.79,0.378,0.622,0.12,1.21,1.33,0.81,0.12,0.092,0.908,0.939,0.143,2018-19
203500,Steven Adams,1610612760,OKC,25.0,80,33.4,14.16,10.6,3.56,2.24,0.0,3.44,7.69,0.79,0.69,1.48,0.534,0.466,2.78,6.14,8.91,4.5,1.79,0.311,0.689,0.861,0.342,2018-19
1629004,Svi Mykhailiuk,1610612765,DET,22.0,39,11.1,2.95,1.64,1.31,0.59,0.05,0.13,0.31,0.15,0.13,0.28,0.545,0.455,0.0,0.54,0.54,0.33,0.03,0.0,1.0,0.929,0.071,2018-19
1628388,T.J. Leaf,1610612754,IND,22.0,55,9.4,3.64,2.33,1.31,0.31,0.0,0.27,0.67,0.07,0.15,0.22,0.333,0.667,0.18,1.45,1.64,0.67,0.24,0.111,0.889,0.86,0.302,2018-19
204456,T.J. McConnell,1610612755,PHI,27.0,75,19.5,3.45,2.17,1.28,1.95,0.01,0.04,0.09,0.31,0.51,0.81,0.377,0.623,0.0,0.39,0.39,0.29,0.05,0.0,1.0,0.957,0.174,2018-19
203933,T.J. Warren,1610612756,PHX,25.0,43,31.6,5.6,2.93,2.67,2.14,0.02,0.7,1.51,0.42,0.6,1.02,0.409,0.591,0.07,4.14,4.21,1.23,0.28,0.017,0.983,0.898,0.203,2018-19
1628769,Tahjere McCall,1610612751,BKN,24.0,1,8.0,1.0,1.0,0.0,1.0,0.0,0.0,0.0,0.0,0.0,0.0,0.0,0.0,0.0,1.0,1.0,1.0,0.0,0.0,1.0,1.0,0.0,2018-19
201959,Taj Gibson,1610612750,MIN,34.0,70,24.1,7.97,4.91,3.06,1.16,0.0,2.16,4.64,0.6,0.43,1.03,0.583,0.417,1.29,3.26,4.54,1.9,0.91,0.283,0.717,0.773,0.372,2018-19
1627752,Taurean Prince,1610612737,ATL,25.0,55,28.2,4.8,2.31,2.49,2.04,0.09,0.09,0.22,0.42,0.45,0.87,0.479,0.521,0.0,0.85,0.85,0.55,0.15,0.0,1.0,0.882,0.235,2018-19
1628390,Terrance Ferguson,1610612760,OKC,21.0,74,26.1,6.84,3.84,3.0,0.82,0.0,0.11,0.24,0.15,0.47,0.62,0.239,0.761,0.05,1.12,1.18,0.77,0.04,0.046,0.954,0.877,0.046,2018-19
203093,Terrence Jones,1610612745,HOU,27.0,2,2.6,1.5,1.5,0.0,0.0,0.0,0.0,0.0,0.0,0.0,0.0,0.0,0.0,0.0,0.5,0.5,0.5,0.5,0.0,1.0,1.0,1.0,2018-19
203082,Terrence Ross,1610612753,ORL,28.0,81,26.5,5.32,2.12,3.2,1.47,0.0,0.09,0.19,0.3,0.52,0.81,0.364,0.636,0.07,0.96,1.04,0.68,0.2,0.071,0.929,0.917,0.267,2018-19
1626179,Terry Rozier,1610612738,BOS,25.0,79,22.7,3.53,1.48,2.05,1.23,0.04,0.19,0.41,0.24,0.58,0.82,0.292,0.708,0.01,0.58,0.59,0.38,0.09,0.021,0.979,0.857,0.2,2018-19
200757,Thabo Sefolosha,1610612762,UTA,35.0,47,12.6,2.34,1.34,1.0,1.34,0.02,0.15,0.38,0.17,0.43,0.6,0.286,0.714,0.13,1.83,1.96,0.94,0.23,0.065,0.935,0.936,0.234,2018-19
201152,Thaddeus Young,1610612754,IND,31.0,81,30.7,9.3,4.91,4.38,3.25,0.28,1.27,2.86,0.6,0.58,1.19,0.51,0.49,0.77,3.31,4.07,1.93,0.73,0.188,0.812,0.867,0.328,2018-19
1629033,Theo Pinson,1610612751,BKN,23.0,15,13.9,3.2,1.07,2.13,0.47,0.0,0.07,0.2,0.4,0.33,0.73,0.545,0.455,0.0,0.53,0.53,0.47,0.13,0.0,1.0,0.875,0.25,2018-19
1628418,Thomas Bryant,1610612764,WAS,21.0,72,20.8,9.25,7.31,1.94,0.67,0.03,2.61,5.79,0.32,0.32,0.64,0.5,0.5,0.61,3.6,4.21,2.22,0.9,0.145,0.855,0.909,0.369,2018-19
1629118,Thomas Welsh,1610612743,DEN,23.0,7,5.0,2.43,1.71,0.71,0.0,0.0,1.0,2.57,0.14,0.14,0.29,0.5,0.5,0.14,2.14,2.29,0.86,0.29,0.063,0.938,0.75,0.25,2018-19
1627748,Thon Maker,1610612765,DET,22.0,64,15.2,6.84,4.94,1.91,0.56,0.0,1.0,2.31,0.27,0.16,0.42,0.63,0.37,0.23,2.64,2.88,1.27,0.38,0.082,0.918,0.835,0.247,2018-19
204025,Tim Frazier,1610612749,MIL,28.0,55,20.1,3.58,1.38,2.2,1.25,0.07,0.25,0.69,0.36,0.4,0.76,0.476,0.524,0.11,0.73,0.84,0.42,0.05,0.13,0.87,0.742,0.097,2018-19
203501,Tim Hardaway Jr.,1610612742,DAL,27.0,65,31.6,6.88,3.09,3.78,1.28,0.28,0.25,0.54,0.42,0.68,1.09,0.38,0.62,0.05,1.37,1.42,0.85,0.2,0.033,0.967,0.859,0.203,2018-19
1627789,Timothe Luwawu-Cabarrot,1610612741,CHI,24.0,42,15.5,2.93,1.71,1.21,0.52,0.02,0.0,0.0,0.19,0.26,0.45,0.421,0.579,0.07,1.57,1.64,0.79,0.21,0.043,0.957,0.825,0.225,2018-19
202699,Tobias Harris,1610612755,PHI,26.0,82,34.7,8.48,5.13,3.34,1.06,0.0,0.34,0.72,0.48,0.46,0.94,0.506,0.494,0.2,3.13,3.33,1.67,0.59,0.059,0.941,0.895,0.314,2018-19
203107,Tomas Satoransky,1610612764,WAS,27.0,79,27.3,6.0,3.34,2.66,1.68,0.03,0.27,0.58,0.57,0.42,0.99,0.577,0.423,0.42,1.47,1.89,0.9,0.16,0.221,0.779,0.724,0.133,2018-19
1628396,Tony Bradley,1610612762,UTA,21.0,3,12.0,4.67,3.67,1.0,0.33,0.0,0.67,1.67,0.0,0.0,0.0,0.0,0.0,0.67,1.33,2.0,0.33,0.0,0.333,0.667,0.5,0.0,2018-19
2225,Tony Parker,1610612766,CHA,37.0,53,18.4,2.23,0.92,1.3,0.57,0.0,0.08,0.19,0.19,0.23,0.42,0.455,0.545,0.02,0.57,0.58,0.34,0.06,0.032,0.968,0.783,0.13,2018-19
203503,Tony Snell,1610612749,MIL,27.0,73,17.8,4.42,2.14,2.29,0.82,0.0,0.27,0.66,0.26,0.26,0.52,0.5,0.5,0.01,1.07,1.08,0.56,0.07,0.013,0.987,0.872,0.106,2018-19
1628470,Torrey Craig,1610612743,DEN,28.0,72,20.8,5.79,2.99,2.81,1.04,0.01,0.13,0.26,0.5,0.53,1.03,0.486,0.514,0.24,0.81,1.04,0.51,0.21,0.227,0.773,0.74,0.3,2018-19
1629027,Trae Young,1610612737,ATL,20.0,81,30.9,5.26,2.22,3.04,1.27,0.05,0.16,0.36,0.6,0.77,1.37,0.441,0.559,0.0,0.25,0.25,0.17,0.04,0.0,1.0,0.933,0.2,2018-19
1626203,Treveon Graham,1610612751,BKN,25.0,33,21.3,5.82,3.39,2.42,0.58,0.15,1.09,2.64,0.33,0.61,0.94,0.355,0.645,0.24,2.52,2.76,1.58,0.21,0.088,0.912,0.897,0.121,2018-19
1628979,Trevon Duval,1610612745,HOU,20.0,1,4.4,1.0,1.0,0.0,0.0,0.0,0.0,0.0,0.0,1.0,1.0,0.0,1.0,0.0,0.0,0.0,0.0,0.0,0.0,0.0,0.0,0.0,2018-19
2772,Trevor Ariza,1610612764,WAS,33.0,69,34.0,5.51,2.65,2.86,2.43,0.03,0.17,0.36,0.55,0.67,1.22,0.452,0.548,0.16,1.9,2.06,0.94,0.26,0.077,0.923,0.915,0.254,2018-19
203504,Trey Burke,1610612742,DAL,26.0,57,19.7,4.11,2.04,2.07,0.95,0.0,0.12,0.28,0.3,0.4,0.7,0.425,0.575,0.02,0.26,0.28,0.18,0.04,0.063,0.938,0.833,0.167,2018-19
1626168,Trey Lyles,1610612743,DEN,23.0,63,17.3,5.92,3.67,2.25,0.56,0.02,0.54,1.24,0.16,0.35,0.51,0.313,0.688,0.24,2.89,3.13,1.37,0.41,0.076,0.924,0.878,0.265,2018-19
202684,Tristan Thompson,1610612739,CLE,28.0,43,27.9,7.67,5.81,1.86,0.81,0.02,5.26,11.7,0.65,0.63,1.28,0.509,0.491,1.74,6.79,8.53,3.81,1.7,0.204,0.796,0.832,0.371,2018-19
1628972,Troy Brown Jr.,1610612764,WAS,19.0,43,16.3,4.0,1.84,2.16,0.93,0.05,0.05,0.14,0.37,0.35,0.72,0.516,0.484,0.0,0.67,0.67,0.44,0.16,0.0,1.0,0.864,0.318,2018-19
1628505,Troy Caupain,1610612753,ORL,23.0,4,3.9,0.75,0.25,0.5,0.0,0.0,0.0,0.0,0.25,0.25,0.5,0.5,0.5,0.25,0.0,0.25,0.25,0.0,1.0,0.0,1.0,0.0,2018-19
203584,Troy Daniels,1610612756,PHX,27.0,47,15.8,2.77,1.26,1.51,0.7,0.02,0.15,0.32,0.13,0.34,0.47,0.273,0.727,0.04,0.72,0.77,0.45,0.0,0.056,0.944,0.955,0.0,2018-19
1627786,Troy Williams,1610612758,SAC,24.0,20,15.5,3.4,1.5,1.9,1.0,0.0,0.05,0.1,0.25,0.45,0.7,0.357,0.643,0.0,0.35,0.35,0.15,0.05,0.0,1.0,1.0,0.333,2018-19
1628463,Tyler Cavanaugh,1610612762,UTA,25.0,8,4.3,0.88,0.75,0.13,0.0,0.0,0.13,0.38,0.0,0.25,0.25,0.0,1.0,0.13,1.0,1.13,0.25,0.0,0.111,0.889,0.5,0.0,2018-19
1629093,Tyler Davis,1610612760,OKC,22.0,1,0.9,1.0,1.0,0.0,0.0,0.0,0.0,0.0,0.0,0.0,0.0,0.0,0.0,1.0,0.0,1.0,1.0,1.0,1.0,0.0,1.0,1.0,2018-19
1628416,Tyler Dorsey,1610612763,MEM,23.0,41,16.5,3.49,1.51,1.98,0.76,0.0,0.05,0.12,0.37,0.39,0.76,0.484,0.516,0.05,0.63,0.68,0.39,0.1,0.071,0.929,0.941,0.235,2018-19
204020,Tyler Johnson,1610612756,PHX,27.0,57,26.8,6.67,3.25,3.42,1.53,0.07,0.3,0.67,0.53,0.77,1.3,0.405,0.595,0.0,1.0,1.0,0.58,0.12,0.0,1.0,0.825,0.175,2018-19
1628399,Tyler Lydon,1610612743,DEN,23.0,16,4.9,1.5,0.81,0.69,0.19,0.0,0.06,0.19,0.06,0.0,0.06,1.0,0.0,0.0,0.88,0.88,0.19,0.13,0.0,1.0,1.0,0.667,2018-19
203092,Tyler Zeller,1610612763,MEM,29.0,6,15.5,5.67,3.5,2.17,0.17,0.17,2.83,6.83,0.33,0.0,0.33,1.0,0.0,0.83,3.5,4.33,2.33,1.0,0.192,0.808,0.933,0.4,2018-19
201936,Tyreke Evans,1610612754,IND,29.0,69,20.3,4.26,2.03,2.23,1.45,0.06,0.0,0.0,0.38,0.58,0.96,0.394,0.606,0.01,0.36,0.38,0.26,0.1,0.038,0.962,1.0,0.389,2018-19
1627820,Tyrone Wallace,1610612746,LAC,25.0,55,11.1,2.51,1.25,1.25,0.6,0.0,0.0,0.0,0.2,0.18,0.38,0.524,0.476,0.04,0.27,0.31,0.2,0.04,0.118,0.882,0.846,0.154,2018-19
2199,Tyson Chandler,1610612747,LAL,36.0,55,15.9,6.02,5.13,0.89,0.53,0.02,2.44,5.76,0.22,0.16,0.38,0.571,0.429,0.67,4.49,5.16,2.65,1.02,0.13,0.87,0.874,0.335,2018-19
1626145,Tyus Jones,1610612750,MIN,23.0,68,22.9,3.99,1.69,2.29,1.87,0.06,0.04,0.09,0.19,0.6,0.79,0.241,0.759,0.0,0.34,0.34,0.21,0.01,0.0,1.0,0.824,0.059,2018-19
2617,Udonis Haslem,1610612748,MIA,39.0,10,7.5,1.6,1.4,0.2,0.4,0.2,0.7,1.6,0.0,0.2,0.2,0.0,1.0,0.1,1.2,1.3,0.9,0.2,0.077,0.923,1.0,0.222,2018-19
203506,Victor Oladipo,1610612754,IND,27.0,36,31.9,8.06,3.11,4.94,2.81,0.36,0.06,0.11,0.56,1.22,1.78,0.313,0.688,0.0,1.22,1.22,0.92,0.17,0.0,1.0,0.943,0.171,2018-19
1713,Vince Carter,1610612737,ATL,42.0,76,17.5,3.89,1.78,2.12,1.08,0.08,0.55,1.28,0.17,0.26,0.43,0.394,0.606,0.13,2.38,2.51,1.32,0.37,0.052,0.948,0.909,0.255,2018-19
1629053,Vincent Edwards,1610612745,HOU,23.0,2,7.9,2.0,0.5,1.5,0.0,0.0,0.0,0.0,0.0,0.0,0.0,0.0,0.0,0.0,1.5,1.5,0.5,0.0,0.0,1.0,0.5,0.0,2018-19
1627735,Wade Baldwin IV,1610612757,POR,23.0,14,6.3,2.07,0.79,1.29,0.57,0.0,0.0,0.0,0.07,0.07,0.14,0.5,0.5,0.0,0.0,0.0,0.0,0.0,0.0,0.0,0.0,0.0,2018-19
1627215,Walt Lemon Jr.,1610612741,CHI,26.0,6,27.9,5.33,2.5,2.83,3.33,0.17,0.0,0.0,0.5,0.83,1.33,0.375,0.625,0.0,0.83,0.83,0.5,0.17,0.0,1.0,1.0,0.333,2018-19
201961,Wayne Ellington,1610612765,DET,31.0,53,24.5,4.81,2.38,2.43,1.3,0.0,0.23,0.51,0.23,0.57,0.79,0.286,0.714,0.0,0.64,0.64,0.38,0.08,0.0,1.0,0.833,0.167,2018-19
1627782,Wayne Selden,1610612741,CHI,24.0,71,19.9,4.46,2.08,2.38,0.7,0.07,0.15,0.37,0.2,0.3,0.49,0.4,0.6,0.01,1.15,1.17,0.51,0.08,0.012,0.988,0.783,0.13,2018-19
1628976,Wendell Carter Jr.,1610612741,CHI,20.0,44,25.2,10.61,8.41,2.2,1.2,0.0,2.3,5.3,0.41,0.45,0.86,0.474,0.526,0.93,5.91,6.84,3.11,0.95,0.136,0.864,0.846,0.259,2018-19
1628411,Wes Iwundu,1610612753,ORL,24.0,68,18.1,4.24,2.37,1.87,0.91,0.01,0.06,0.13,0.19,0.29,0.49,0.394,0.606,0.0,0.26,0.26,0.15,0.0,0.0,1.0,0.909,0.0,2018-19
202325,Wesley Johnson,1610612764,WAS,31.0,35,14.8,3.86,2.14,1.71,0.97,0.0,0.26,0.57,0.11,0.29,0.4,0.286,0.714,0.0,0.86,0.86,0.34,0.06,0.0,1.0,0.8,0.133,2018-19
202083,Wesley Matthews,1610612754,IND,32.0,69,30.3,5.75,3.03,2.72,1.46,0.1,0.17,0.39,0.57,0.58,1.14,0.494,0.506,0.06,1.75,1.81,0.96,0.16,0.032,0.968,0.815,0.136,2018-19
203115,Will Barton,1610612743,DEN,28.0,43,27.7,5.53,2.88,2.65,1.16,0.0,0.09,0.19,0.23,0.23,0.47,0.5,0.5,0.0,0.6,0.6,0.33,0.12,0.0,1.0,0.737,0.263,2018-19
1626161,Willie Cauley-Stein,1610612758,SAC,25.0,81,27.3,8.54,6.46,2.09,2.16,0.02,3.73,8.27,0.44,0.44,0.89,0.5,0.5,0.52,5.6,6.14,3.51,1.38,0.085,0.913,0.91,0.359,2018-19
1626195,Willy Hernangomez,1610612766,CHA,25.0,58,14.0,5.52,4.53,0.98,0.45,0.0,2.02,4.47,0.17,0.28,0.45,0.385,0.615,0.43,2.91,3.34,1.86,0.83,0.129,0.871,0.939,0.417,2018-19
201163,Wilson Chandler,1610612746,LAC,32.0,50,23.3,5.92,3.54,2.38,0.84,0.0,0.4,0.92,0.32,0.34,0.66,0.485,0.515,0.12,2.02,2.14,0.96,0.38,0.056,0.944,0.96,0.38,2018-19
1628999,Yante Maten,1610612748,MIA,22.0,2,6.5,4.5,2.0,2.5,1.0,0.0,0.5,1.0,0.0,0.0,0.0,0.0,0.0,0.0,1.0,1.0,0.0,0.0,0.0,1.0,0.0,0.0,2018-19
1627812,Yogi Ferrell,1610612758,SAC,26.0,64,15.9,2.42,1.03,1.39,0.86,0.11,0.11,0.27,0.22,0.27,0.48,0.452,0.548,0.0,0.53,0.53,0.44,0.08,0.0,1.0,0.966,0.172,2018-19
1629139,Yuta Watanabe,1610612763,MEM,24.0,15,11.6,3.13,1.67,1.47,0.6,0.07,0.27,0.67,0.07,0.2,0.27,0.25,0.75,0.07,1.2,1.27,0.27,0.07,0.053,0.947,0.667,0.167,2018-19
1628380,Zach Collins,1610612757,POR,21.0,77,17.6,8.08,6.06,2.01,0.6,0.0,1.91,4.51,0.4,0.16,0.56,0.721,0.279,0.64,4.09,4.73,2.71,0.91,0.135,0.865,0.905,0.303,2018-19
203897,Zach LaVine,1610612741,CHI,24.0,63,34.5,6.52,2.62,3.9,1.63,0.0,0.22,0.52,0.49,0.54,1.03,0.477,0.523,0.1,1.13,1.22,0.78,0.16,0.078,0.922,0.891,0.182,2018-19
2585,Zaza Pachulia,1610612765,DET,35.0,67,12.9,4.54,3.4,1.13,1.04,0.06,2.04,4.67,0.18,0.19,0.37,0.48,0.52,0.88,3.7,4.6,2.42,0.79,0.192,0.805,0.848,0.277,2018-19
1629015,Zhaire Smith,1610612755,PHI,20.0,6,18.4,4.5,3.17,1.33,0.67,0.0,0.17,0.33,0.17,0.17,0.33,0.5,0.5,0.0,1.33,1.33,0.83,0.0,0.0,1.0,1.0,0.0,2018-19
203932,Aaron Gordon,1610612753,ORL,24.0,62,32.5,5.32,3.37,1.95,1.02,0.02,0.89,1.92,0.53,0.55,1.08,0.493,0.507,0.23,0.85,1.08,0.63,0.34,0.209,0.791,0.929,0.5,2019-20
1628988,Aaron Holiday,1610612754,IND,23.0,66,24.5,6.24,2.95,3.29,1.68,0.05,0.2,0.47,0.33,0.36,0.7,0.478,0.522,0.03,1.0,1.03,0.62,0.08,0.029,0.971,0.719,0.088,2019-20
1627846,Abdel Nader,1610612760,OKC,26.0,53,16.1,4.21,2.4,1.81,1.02,0.0,0.13,0.3,0.23,0.32,0.55,0.414,0.586,0.0,0.81,0.81,0.4,0.11,0.0,1.0,0.75,0.214,2019-20
1629690,Adam Mokoka,1610612741,CHI,21.0,9,11.6,1.56,0.44,1.11,1.11,0.0,0.11,0.22,0.22,0.11,0.33,0.667,0.333,0.33,0.67,1.0,0.44,0.22,0.333,0.667,1.0,0.5,2019-20
1629678,Admiral Schofield,1610612764,WAS,23.0,26,13.6,3.15,1.96,1.19,0.58,0.04,0.88,2.04,0.19,0.15,0.35,0.556,0.444,0.04,1.42,1.46,0.58,0.15,0.026,0.974,0.833,0.222,2019-20
201143,Al Horford,1610612755,PHI,34.0,67,30.2,10.06,7.21,2.85,1.52,0.0,2.58,5.85,0.61,0.39,1.0,0.612,0.388,0.42,4.25,4.67,2.33,1.13,0.089,0.911,0.813,0.396,2019-20
202329,Al-Farouq Aminu,1610612753,ORL,29.0,18,21.1,6.28,3.28,3.0,2.0,0.06,0.72,1.5,0.22,0.61,0.83,0.267,0.733,0.5,1.39,1.89,1.06,0.44,0.265,0.735,0.826,0.348,2019-20
202692,Alec Burks,1610612755,PHI,28.0,66,26.6,5.15,2.71,2.44,1.64,0.05,0.12,0.32,0.32,0.44,0.76,0.42,0.58,0.03,0.38,0.41,0.24,0.11,0.074,0.926,0.762,0.333,2019-20
1629346,Alen Smailagic,1610612744,GSW,19.0,14,9.9,3.86,2.57,1.29,0.43,0.14,1.07,2.43,0.36,0.21,0.57,0.625,0.375,0.14,1.43,1.57,0.79,0.14,0.091,0.909,0.917,0.167,2019-20
1627936,Alex Caruso,1610612747,LAL,26.0,64,18.4,3.95,2.0,1.95,2.05,0.16,0.44,1.03,0.22,0.5,0.72,0.304,0.696,0.0,1.17,1.17,0.8,0.19,0.0,1.0,0.879,0.207,2019-20
203458,Alex Len,1610612758,SAC,27.0,55,17.6,8.56,6.93,1.64,0.75,0.0,2.49,5.91,0.29,0.2,0.49,0.593,0.407,0.31,2.95,3.25,1.56,0.78,0.095,0.905,0.811,0.406,2019-20
1628035,Alfonzo McKinnie,1610612739,CLE,27.0,36,15.8,2.53,1.33,1.19,1.22,0.06,0.14,0.36,0.17,0.22,0.39,0.429,0.571,0.06,0.47,0.53,0.33,0.08,0.105,0.895,0.857,0.214,2019-20
1628993,Alize Johnson,1610612754,IND,24.0,10,9.8,2.8,1.0,1.8,0.4,0.0,0.4,1.1,0.0,0.1,0.1,0.0,1.0,0.4,0.6,1.0,0.2,0.1,0.4,0.6,0.333,0.167,2019-20
203459,Allen Crabbe,1610612750,MIN,28.0,35,18.2,2.46,1.31,1.14,1.2,0.03,0.06,0.14,0.14,0.23,0.37,0.385,0.615,0.0,0.23,0.23,0.14,0.03,0.0,1.0,1.0,0.2,2019-20
1629019,Allonzo Trier,1610612752,NYK,24.0,22,12.6,2.5,1.27,1.23,0.32,0.0,0.05,0.09,0.09,0.09,0.18,0.5,0.5,0.0,0.14,0.14,0.14,0.0,0.0,1.0,1.0,0.0,2019-20
1628518,Amile Jefferson,1610612753,ORL,27.0,15,4.6,1.53,0.8,0.73,0.13,0.0,0.4,1.0,0.2,0.0,0.2,1.0,0.0,0.07,0.53,0.6,0.47,0.2,0.111,0.889,1.0,0.429,2019-20
1629599,Amir Coffey,1610612746,LAC,23.0,9,14.3,3.44,1.67,1.78,0.56,0.0,0.11,0.33,0.0,0.44,0.44,0.0,1.0,0.11,0.33,0.44,0.0,0.0,0.25,0.75,0.0,0.0,2019-20
203083,Andre Drummond,1610612739,CLE,26.0,57,33.0,13.04,10.28,2.75,3.53,0.02,4.19,9.28,0.77,0.65,1.42,0.543,0.457,1.12,1.49,2.61,1.93,1.63,0.43,0.57,0.948,0.802,2019-20
2738,Andre Iguodala,1610612748,MIA,36.0,21,19.9,4.81,2.57,2.24,1.38,0.0,0.33,0.9,0.33,0.33,0.67,0.5,0.5,0.0,1.48,1.48,0.57,0.29,0.0,1.0,0.75,0.375,2019-20
203460,Andre Roberson,1610612760,OKC,28.0,7,12.4,3.86,2.57,1.29,1.14,0.0,0.29,0.57,0.29,0.14,0.43,0.667,0.333,0.0,0.57,0.57,0.14,0.14,0.0,1.0,0.25,0.25,2019-20
203952,Andrew Wiggins,1610612744,GSW,25.0,54,34.4,8.7,4.48,4.22,1.37,0.02,0.17,0.44,0.52,0.46,0.98,0.528,0.472,0.13,0.61,0.74,0.54,0.2,0.175,0.825,0.853,0.324,2019-20
1629014,Anfernee Simons,1610612757,POR,21.0,68,21.2,5.29,2.72,2.57,0.56,0.01,0.13,0.32,0.34,0.26,0.6,0.561,0.439,0.0,0.21,0.21,0.13,0.01,0.0,1.0,0.9,0.1,2019-20
1627790,Ante Zizic,1610612739,CLE,23.0,21,10.4,3.9,3.38,0.52,0.43,0.0,1.76,3.9,0.24,0.05,0.29,0.833,0.167,0.48,1.95,2.43,1.57,0.95,0.196,0.804,0.868,0.526,2019-20
203076,Anthony Davis,1610612747,LAL,27.0,62,34.4,12.45,7.77,4.68,2.74,0.21,2.44,5.47,0.87,0.87,1.74,0.5,0.5,0.45,1.42,1.87,1.13,0.61,0.241,0.759,0.909,0.494,2019-20
201229,Anthony Tolliver,1610612763,MEM,35.0,54,16.1,4.07,2.74,1.33,0.39,0.15,1.26,2.98,0.17,0.26,0.43,0.391,0.609,0.13,2.17,2.3,0.96,0.3,0.056,0.944,0.881,0.271,2019-20
1628499,Antonius Cleveland,1610612742,DAL,26.0,5,6.4,1.0,0.6,0.4,0.4,0.0,0.0,0.0,0.4,0.0,0.4,1.0,0.0,0.0,0.0,0.0,0.0,0.0,0.0,0.0,0.0,0.0,2019-20
1628394,Anžejs Pasečņiks,1610612764,WAS,24.0,25,17.4,8.2,6.56,1.64,0.68,0.2,2.96,6.6,0.28,0.16,0.44,0.636,0.364,0.48,3.04,3.52,2.08,0.72,0.136,0.864,0.945,0.327,2019-20
203382,Aron Baynes,1610612756,PHX,33.0,42,22.2,8.74,6.64,2.1,0.52,0.38,2.98,6.71,0.33,0.14,0.48,0.7,0.3,0.69,4.14,4.83,2.64,0.98,0.143,0.857,0.902,0.333,2019-20
203085,Austin Rivers,1610612745,HOU,27.0,67,23.6,3.42,2.0,1.42,1.4,0.04,0.21,0.55,0.24,0.28,0.52,0.457,0.543,0.03,0.96,0.99,0.61,0.1,0.03,0.97,0.788,0.135,2019-20
202340,Avery Bradley,1610612747,LAL,29.0,49,24.2,3.29,1.37,1.92,1.59,0.04,0.24,0.55,0.41,0.33,0.73,0.556,0.444,0.04,1.06,1.1,0.78,0.1,0.037,0.963,0.884,0.116,2019-20
1629168,BJ Johnson,1610612753,ORL,24.0,6,12.1,3.33,1.83,1.5,0.33,0.0,0.0,0.0,0.17,0.0,0.17,1.0,0.0,0.0,0.5,0.5,0.0,0.0,0.0,1.0,0.0,0.0,2019-20
1628389,Bam Adebayo,1610612748,MIA,22.0,72,33.6,10.94,7.26,3.68,2.49,0.01,5.08,12.14,0.79,0.53,1.32,0.6,0.4,0.36,5.4,5.76,3.07,1.46,0.063,0.937,0.87,0.413,2019-20
203463,Ben McLemore,1610612745,HOU,27.0,71,22.8,4.42,2.48,1.94,1.13,0.04,0.39,1.0,0.27,0.31,0.58,0.463,0.537,0.01,0.96,0.97,0.55,0.1,0.014,0.986,0.709,0.127,2019-20
1627732,Ben Simmons,1610612755,PHI,23.0,57,35.4,5.4,3.32,2.09,3.89,0.07,1.3,3.02,0.68,1.04,1.72,0.398,0.602,0.32,0.44,0.75,0.32,0.21,0.419,0.581,0.75,0.5,2019-20
202687,Bismack Biyombo,1610612766,CHA,27.0,53,19.4,7.4,5.74,1.66,1.0,0.0,2.34,5.53,0.32,0.28,0.6,0.531,0.469,0.58,2.4,2.98,1.6,0.92,0.196,0.804,0.859,0.495,2019-20
201933,Blake Griffin,1610612765,DET,31.0,18,28.5,5.56,2.83,2.72,0.94,0.39,1.39,3.44,0.72,0.17,0.89,0.813,0.188,0.0,1.44,1.44,0.89,0.33,0.0,1.0,1.0,0.375,2019-20
1626246,Boban Marjanovic,1610612742,DAL,31.0,40,10.5,4.25,3.38,0.88,0.23,0.03,1.93,4.35,0.1,0.05,0.15,0.667,0.333,0.33,1.35,1.68,0.83,0.48,0.194,0.806,0.702,0.404,2019-20
1626171,Bobby Portis Jr.,1610612752,NYK,25.0,66,21.1,5.94,3.5,2.44,0.79,0.02,1.41,3.14,0.29,0.23,0.52,0.559,0.441,0.59,3.52,4.11,2.06,0.89,0.144,0.856,0.889,0.386,2019-20
203992,Bogdan Bogdanović,1610612758,SAC,27.0,61,28.9,7.02,3.3,3.72,2.07,0.0,0.33,0.72,0.26,0.41,0.67,0.39,0.61,0.05,1.15,1.2,0.74,0.15,0.041,0.959,0.833,0.167,2019-20
202711,Bojan Bogdanovic,1610612762,UTA,31.0,63,33.1,5.92,2.9,3.02,0.9,0.05,0.48,1.1,0.46,0.38,0.84,0.547,0.453,0.05,1.48,1.52,0.57,0.14,0.031,0.969,0.9,0.225,2019-20
1629626,Bol Bol,1610612743,DEN,20.0,6,14.5,6.0,3.17,2.83,0.83,0.0,0.33,1.0,0.17,0.17,0.33,0.5,0.5,0.0,0.67,0.67,0.17,0.0,0.0,1.0,1.0,0.0,2019-20
202954,Brad Wanamaker,1610612738,BOS,30.0,69,19.7,3.8,1.71,2.09,2.0,0.03,0.14,0.33,0.19,0.32,0.51,0.371,0.629,0.0,0.46,0.46,0.3,0.09,0.0,1.0,0.955,0.273,2019-20
203078,Bradley Beal,1610612764,WAS,27.0,57,36.0,5.74,2.4,3.33,1.95,0.23,0.26,0.63,0.56,0.54,1.11,0.508,0.492,0.02,0.51,0.53,0.42,0.11,0.033,0.967,0.96,0.24,2019-20
1629634,Brandon Clarke,1610612763,MEM,23.0,58,22.4,8.45,5.88,2.57,1.02,0.03,1.45,3.17,0.41,0.38,0.79,0.522,0.478,0.26,1.86,2.12,0.95,0.53,0.122,0.878,0.859,0.484,2019-20
1629164,Brandon Goodwin,1610612737,ATL,24.0,34,12.7,2.44,1.15,1.29,0.62,0.0,0.09,0.21,0.32,0.24,0.56,0.579,0.421,0.0,0.47,0.47,0.35,0.06,0.0,1.0,0.923,0.154,2019-20
1627742,Brandon Ingram,1610612740,NOP,22.0,62,33.9,8.26,4.37,3.89,1.89,0.06,0.55,1.31,0.42,0.44,0.85,0.491,0.509,0.0,0.65,0.65,0.42,0.16,0.0,1.0,0.929,0.357,2019-20
202688,Brandon Knight,1610612765,DET,28.0,23,19.1,2.65,1.09,1.57,0.7,0.04,0.04,0.13,0.22,0.22,0.43,0.5,0.5,0.0,0.61,0.61,0.39,0.04,0.0,1.0,0.818,0.091,2019-20
1628968,Brian Bowen II,1610612754,IND,21.0,4,6.0,1.75,1.0,0.75,0.25,0.25,0.0,0.0,0.25,0.25,0.5,0.5,0.5,0.0,0.0,0.0,0.0,0.0,0.0,0.0,0.0,0.0,2019-20
201572,Brook Lopez,1610612749,MIL,32.0,68,26.7,19.03,15.4,3.63,1.26,0.0,1.84,4.32,0.38,0.32,0.71,0.542,0.458,0.16,4.04,4.21,2.57,0.66,0.038,0.962,0.884,0.227,2019-20
1628971,Bruce Brown,1610612765,DET,23.0,58,28.2,6.4,3.76,2.64,2.52,0.02,0.24,0.6,0.36,0.43,0.79,0.457,0.543,0.0,0.69,0.69,0.45,0.14,0.0,1.0,0.929,0.286,2019-20
203998,Bruno Caboclo,1610612745,HOU,24.0,29,8.3,3.79,2.93,0.86,0.9,0.0,0.62,1.38,0.14,0.14,0.28,0.5,0.5,0.14,1.69,1.83,0.69,0.24,0.075,0.925,0.87,0.304,2019-20
1628981,Bruno Fernando,1610612737,ATL,21.0,54,13.0,4.83,3.06,1.78,0.52,0.0,1.69,3.74,0.11,0.09,0.2,0.545,0.455,0.61,2.13,2.74,1.44,0.65,0.223,0.777,0.876,0.393,2019-20
1627854,Bryn Forbes,1610612759,SAS,26.0,63,25.1,3.62,1.78,1.84,0.97,0.0,0.25,0.51,0.29,0.54,0.83,0.346,0.654,0.0,0.75,0.75,0.51,0.02,0.0,1.0,0.889,0.028,2019-20
1627741,Buddy Hield,1610612758,SAC,27.0,72,30.8,7.08,3.88,3.21,1.88,0.01,0.25,0.53,0.53,0.42,0.94,0.559,0.441,0.06,0.46,0.51,0.31,0.1,0.108,0.892,0.88,0.28,2019-20
203468,CJ McCollum,1610612757,POR,28.0,70,36.5,7.8,4.07,3.73,1.53,0.01,0.2,0.43,0.5,0.73,1.23,0.407,0.593,0.01,0.6,0.61,0.3,0.11,0.023,0.977,0.75,0.286,2019-20
101139,CJ Miles,1610612764,WAS,33.0,9,17.3,4.0,2.11,1.89,1.56,0.22,0.44,1.0,0.33,0.44,0.78,0.429,0.571,0.0,0.22,0.22,0.11,0.0,0.0,1.0,1.0,0.0,2019-20
1628997,Caleb Martin,1610612766,CHA,24.0,17,18.4,3.76,1.71,2.06,1.53,0.24,0.12,0.29,0.06,0.06,0.12,0.5,0.5,0.06,1.0,1.06,0.47,0.18,0.056,0.944,0.727,0.273,2019-20
1628403,Caleb Swanigan,1610612757,POR,23.0,26,11.0,4.73,3.58,1.15,0.62,0.08,2.73,6.23,0.23,0.15,0.38,0.6,0.4,0.35,2.31,2.65,1.54,0.88,0.13,0.87,0.93,0.535,2019-20
1629629,Cam Reddish,1610612737,ATL,20.0,58,26.7,5.33,2.78,2.55,2.4,0.0,0.16,0.36,0.43,0.62,1.05,0.41,0.59,0.0,0.48,0.48,0.31,0.1,0.0,1.0,0.947,0.316,2019-20
1629661,Cameron Johnson,1610612756,PHX,24.0,57,22.0,4.96,2.82,2.14,0.77,0.11,0.12,0.26,0.35,0.3,0.65,0.541,0.459,0.02,1.44,1.46,0.61,0.09,0.012,0.988,0.761,0.109,2019-20
1626166,Cameron Payne,1610612756,PHX,25.0,8,22.9,6.88,4.0,2.88,2.13,0.38,0.25,0.63,0.38,0.0,0.38,1.0,0.0,0.0,0.88,0.88,0.0,0.0,0.0,1.0,0.0,0.0,2019-20
1627747,Caris LeVert,1610612751,BKN,25.0,45,29.6,4.91,2.29,2.62,2.33,0.07,0.13,0.33,0.4,0.42,0.82,0.486,0.514,0.0,0.73,0.73,0.53,0.18,0.0,1.0,0.828,0.276,2019-20
2546,Carmelo Anthony,1610612757,POR,36.0,58,32.8,5.22,2.0,3.22,1.48,0.02,1.48,3.64,0.57,0.22,0.79,0.717,0.283,0.36,2.28,2.64,1.45,0.74,0.137,0.863,0.857,0.439,2019-20
1629035,Carsen Edwards,1610612738,BOS,22.0,31,10.4,1.65,0.55,1.1,0.71,0.03,0.03,0.06,0.19,0.03,0.23,0.857,0.143,0.0,0.26,0.26,0.23,0.06,0.0,1.0,1.0,0.286,2019-20
1626224,Cedi Osman,1610612739,CLE,25.0,65,29.4,6.52,3.92,2.6,1.85,0.12,0.25,0.51,0.28,0.35,0.63,0.439,0.561,0.09,0.94,1.03,0.66,0.23,0.09,0.91,0.915,0.319,2019-20
1628990,Chandler Hutchison,1610612741,CHI,24.0,27,19.4,3.81,1.96,1.85,1.56,0.33,0.15,0.33,0.26,0.22,0.48,0.538,0.462,0.04,1.04,1.07,0.56,0.19,0.034,0.966,0.882,0.294,2019-20
202718,Chandler Parsons,1610612737,ATL,31.0,5,10.8,1.2,0.6,0.6,1.2,0.0,0.0,0.0,0.0,0.0,0.0,0.0,0.0,0.0,0.6,0.6,0.0,0.0,0.0,1.0,0.0,0.0,2019-20
1629718,Charlie Brown Jr.,1610612737,ATL,23.0,8,4.6,1.75,1.13,0.63,0.5,0.0,0.0,0.0,0.13,0.0,0.13,1.0,0.0,0.0,0.5,0.5,0.38,0.0,0.0,1.0,1.0,0.0,2019-20
1626184,Chasson Randle,1610612744,GSW,27.0,3,13.5,2.0,1.0,1.0,1.0,0.0,0.67,1.33,0.0,0.67,0.67,0.0,1.0,0.0,0.67,0.67,0.33,0.0,0.0,1.0,1.0,0.0,2019-20
1627767,Cheick Diallo,1610612756,PHX,23.0,41,11.3,4.1,3.1,1.0,0.68,0.02,1.17,2.59,0.17,0.17,0.34,0.5,0.5,0.39,1.34,1.73,0.88,0.49,0.225,0.775,0.878,0.488,2019-20
1629002,Chimezie Metu,1610612759,SAS,23.0,16,6.5,2.88,1.75,1.13,0.38,0.0,0.56,1.25,0.06,0.06,0.13,0.5,0.5,0.13,0.69,0.81,0.19,0.06,0.154,0.846,0.375,0.125,2019-20
1628449,Chris Boucher,1610612761,TOR,27.0,59,13.8,7.2,4.88,2.32,0.59,0.05,1.17,2.88,0.29,0.19,0.47,0.607,0.393,0.15,0.81,0.97,0.53,0.24,0.158,0.842,0.838,0.378,2019-20
1629185,Chris Chiozza,1610612751,BKN,24.0,26,15.0,2.31,1.08,1.23,1.27,0.0,0.19,0.54,0.38,0.23,0.62,0.625,0.375,0.0,0.27,0.27,0.08,0.0,0.0,1.0,0.4,0.0,2019-20
1629598,Chris Clemons,1610612745,HOU,22.0,27,10.1,2.37,0.81,1.56,0.7,0.07,0.0,0.0,0.07,0.15,0.22,0.333,0.667,0.0,0.44,0.44,0.33,0.0,0.0,1.0,0.75,0.0,2019-20
101108,Chris Paul,1610612760,OKC,35.0,70,31.5,2.63,1.11,1.51,3.34,0.06,0.59,1.3,0.39,0.84,1.23,0.314,0.686,0.0,0.56,0.56,0.39,0.1,0.0,1.0,0.818,0.212,2019-20
1629735,Chris Silva,1610612748,MIA,23.0,37,9.2,3.0,2.22,0.78,0.7,0.14,1.62,3.78,0.51,0.11,0.62,0.826,0.174,0.49,1.38,1.86,1.16,0.46,0.261,0.739,0.843,0.333,2019-20
1626174,Christian Wood,1610612765,DET,24.0,62,21.4,9.27,6.63,2.65,1.03,0.0,1.63,3.71,0.31,0.26,0.56,0.543,0.457,0.27,1.77,2.05,1.02,0.55,0.134,0.866,0.9,0.486,2019-20
203991,Clint Capela,1610612737,ATL,26.0,39,32.8,13.85,10.59,3.26,1.62,0.21,1.44,3.28,0.77,0.56,1.33,0.577,0.423,0.41,3.67,4.08,2.54,1.56,0.101,0.899,0.943,0.581,2019-20
1629632,Coby White,1610612741,CHI,20.0,65,25.8,4.54,2.17,2.37,1.32,0.06,0.06,0.14,0.43,0.51,0.94,0.459,0.541,0.0,0.2,0.2,0.17,0.06,0.0,1.0,1.0,0.364,2019-20
1628998,Cody Martin,1610612766,CHA,24.0,46,19.6,4.98,2.24,2.74,1.33,0.3,0.15,0.33,0.48,0.41,0.89,0.537,0.463,0.11,0.74,0.85,0.57,0.22,0.128,0.872,0.929,0.357,2019-20
203469,Cody Zeller,1610612766,CHA,27.0,58,23.1,7.4,5.64,1.76,1.6,0.07,2.97,7.12,0.4,0.29,0.69,0.575,0.425,0.5,3.28,3.78,2.5,1.12,0.132,0.868,0.935,0.419,2019-20
1629012,Collin Sexton,1610612739,CLE,21.0,65,33.0,6.08,2.57,3.51,1.69,0.02,0.22,0.52,0.63,0.37,1.0,0.631,0.369,0.03,0.34,0.37,0.26,0.05,0.083,0.917,1.0,0.176,2019-20
201147,Corey Brewer,1610612758,SAC,34.0,4,7.8,2.25,1.25,1.0,1.75,0.25,0.0,0.0,0.25,0.75,1.0,0.25,0.75,0.0,0.0,0.0,0.0,0.0,0.0,0.0,0.0,0.0,2019-20
202709,Cory Joseph,1610612758,SAC,28.0,72,24.4,5.17,2.42,2.75,1.47,0.07,0.24,0.56,0.4,0.42,0.82,0.492,0.508,0.06,0.76,0.82,0.39,0.07,0.068,0.932,0.651,0.116,2019-20
201584,Courtney Lee,1610612742,DAL,34.0,22,15.3,2.91,1.68,1.23,1.55,0.05,0.0,0.0,0.23,0.36,0.59,0.385,0.615,0.0,0.73,0.73,0.45,0.09,0.0,1.0,0.769,0.154,2019-20
1626245,Cristiano Felicio,1610612741,CHI,27.0,22,17.5,4.32,3.5,0.82,1.0,0.0,3.18,7.41,0.41,0.14,0.55,0.75,0.25,0.86,1.59,2.45,1.68,0.86,0.352,0.648,0.974,0.5,2019-20
1626156,D'Angelo Russell,1610612750,MIN,24.0,45,32.3,4.87,1.93,2.93,2.18,0.04,0.13,0.29,0.51,0.51,1.02,0.5,0.5,0.0,0.42,0.42,0.24,0.04,0.0,1.0,0.917,0.167,2019-20
201571,D.J. Augustin,1610612753,ORL,32.0,57,24.9,3.05,0.95,2.11,0.82,0.07,0.21,0.46,0.35,0.28,0.63,0.556,0.444,0.04,0.58,0.61,0.28,0.04,0.057,0.943,0.571,0.071,2019-20
1628391,D.J. Wilson,1610612749,MIL,24.0,34,10.4,4.06,2.59,1.47,0.24,0.06,0.68,1.71,0.09,0.12,0.21,0.429,0.571,0.03,1.47,1.5,0.74,0.24,0.02,0.98,0.781,0.25,2019-20
1629610,DaQuan Jeffries,1610612758,SAC,22.0,11,12.7,3.55,1.82,1.73,0.91,0.09,0.36,1.0,0.09,0.09,0.18,0.5,0.5,0.09,1.36,1.45,0.36,0.0,0.063,0.938,0.333,0.0,2019-20
1627745,Damian Jones,1610612737,ATL,25.0,55,16.1,7.56,5.71,1.85,0.93,0.0,1.87,4.38,0.2,0.15,0.35,0.579,0.421,0.47,1.96,2.44,1.33,0.56,0.194,0.806,0.89,0.378,2019-20
203081,Damian Lillard,1610612757,POR,29.0,65,37.5,4.77,1.82,2.95,2.09,0.09,0.2,0.45,0.51,0.51,1.02,0.5,0.5,0.03,0.35,0.38,0.26,0.12,0.08,0.92,0.85,0.4,2019-20
1627814,Damion Lee,1610612744,GSW,27.0,49,29.0,5.2,2.02,3.18,1.31,0.12,0.18,0.45,0.35,0.65,1.0,0.347,0.653,0.02,1.1,1.12,0.76,0.18,0.018,0.982,0.881,0.214,2019-20
1628422,Damyean Dotson,1610612752,NYK,26.0,47,17.7,2.77,1.09,1.68,0.64,0.04,0.0,0.0,0.15,0.26,0.4,0.368,0.632,0.02,0.4,0.43,0.34,0.06,0.05,0.95,1.0,0.188,2019-20
1629655,Daniel Gafford,1610612741,CHI,21.0,42,14.5,6.17,4.93,1.24,0.79,0.12,2.36,5.31,0.14,0.12,0.26,0.545,0.455,0.19,1.69,1.88,0.71,0.17,0.101,0.899,0.769,0.179,2019-20
1628464,Daniel Theis,1610612738,BOS,28.0,65,24.1,10.94,8.12,2.82,1.8,0.11,4.25,9.97,0.4,0.11,0.51,0.788,0.212,0.69,3.42,4.11,2.26,0.89,0.169,0.831,0.855,0.337,2019-20
201568,Danilo Gallinari,1610612760,OKC,31.0,62,29.6,5.58,3.31,2.27,1.05,0.16,1.24,2.66,0.31,0.29,0.6,0.514,0.486,0.05,1.56,1.61,0.69,0.23,0.03,0.97,0.896,0.292,2019-20
201980,Danny Green,1610612747,LAL,33.0,68,24.8,7.12,3.71,3.41,2.66,0.07,0.53,1.22,0.29,0.43,0.72,0.408,0.592,0.15,0.9,1.04,0.68,0.15,0.141,0.859,0.852,0.185,2019-20
203957,Dante Exum,1610612739,CLE,24.0,31,14.6,3.32,1.81,1.52,0.61,0.0,0.06,0.16,0.26,0.26,0.52,0.5,0.5,0.0,0.23,0.23,0.19,0.03,0.0,1.0,1.0,0.167,2019-20
1627863,Danuel House Jr.,1610612745,HOU,27.0,63,30.4,8.65,5.03,3.62,1.57,0.1,0.52,1.29,0.62,0.49,1.11,0.557,0.443,0.05,1.62,1.67,0.95,0.17,0.029,0.971,0.857,0.157,2019-20
203967,Dario Saric,1610612756,PHX,26.0,66,24.7,8.52,5.71,2.8,1.18,0.05,0.92,1.94,0.47,0.27,0.74,0.633,0.367,0.27,2.29,2.56,1.08,0.41,0.107,0.893,0.755,0.287,2019-20
1629647,Darius Bazley,1610612760,OKC,20.0,60,18.8,7.1,3.72,3.38,0.5,0.0,0.3,0.65,0.2,0.28,0.48,0.414,0.586,0.0,1.28,1.28,0.52,0.22,0.0,1.0,0.775,0.325,2019-20
1629636,Darius Garland,1610612739,CLE,20.0,59,30.9,6.02,3.15,2.86,1.19,0.08,0.36,0.83,0.42,0.56,0.98,0.431,0.569,0.0,0.58,0.58,0.41,0.03,0.0,1.0,0.96,0.08,2019-20
1629133,Daryl Macon,1610612748,MIA,24.0,1,0.8,1.0,0.0,1.0,0.0,0.0,0.0,0.0,0.0,0.0,0.0,0.0,0.0,0.0,0.0,0.0,0.0,0.0,0.0,0.0,0.0,0.0,2019-20
1628021,David Nwaba,1610612745,HOU,27.0,20,13.4,3.1,2.3,0.8,1.3,0.1,0.15,0.4,0.25,0.3,0.55,0.455,0.545,0.15,1.45,1.6,0.7,0.05,0.094,0.906,0.875,0.063,2019-20
202722,Davis Bertans,1610612764,WAS,27.0,54,29.3,8.7,6.15,2.56,1.54,0.19,0.61,1.39,0.33,0.39,0.72,0.462,0.538,0.07,1.91,1.98,0.93,0.28,0.037,0.963,0.877,0.263,2019-20
1628368,De'Aaron Fox,1610612758,SAC,22.0,51,32.0,6.14,2.04,4.1,2.92,0.02,0.31,0.8,0.57,0.73,1.29,0.439,0.561,0.0,0.25,0.25,0.18,0.02,0.0,1.0,0.818,0.091,2019-20
1629631,De'Andre Hunter,1610612737,ATL,22.0,63,32.0,7.46,4.0,3.46,1.49,0.06,0.19,0.48,0.48,0.4,0.87,0.545,0.455,0.08,1.38,1.46,0.83,0.3,0.054,0.946,0.912,0.333,2019-20
1629001,De'Anthony Melton,1610612763,MEM,22.0,59,19.7,3.75,2.03,1.71,2.63,0.0,0.27,0.63,0.32,0.44,0.76,0.422,0.578,0.08,0.51,0.59,0.39,0.1,0.143,0.857,0.821,0.214,2019-20
201599,DeAndre Jordan,1610612751,BKN,31.0,56,22.0,7.77,5.86,1.91,0.63,0.02,3.48,8.2,0.38,0.11,0.48,0.778,0.222,0.63,2.84,3.46,2.07,1.2,0.18,0.82,0.935,0.54,2019-20
1627761,DeAndre' Bembry,1610612737,ATL,25.0,43,21.3,3.81,2.51,1.3,2.28,0.0,0.12,0.28,0.3,0.58,0.88,0.342,0.658,0.02,0.56,0.58,0.26,0.12,0.04,0.96,0.846,0.385,2019-20
201942,DeMar DeRozan,1610612759,SAS,30.0,68,34.1,4.18,2.29,1.88,1.75,0.04,0.25,0.57,0.53,0.47,1.0,0.529,0.471,0.0,1.44,1.44,0.81,0.18,0.0,1.0,0.821,0.179,2019-20
201960,DeMarre Carroll,1610612745,HOU,33.0,22,12.9,4.23,2.77,1.45,0.77,0.05,0.18,0.45,0.05,0.27,0.32,0.143,0.857,0.05,0.64,0.68,0.5,0.23,0.067,0.933,1.0,0.455,2019-20
1629731,Dean Wade,1610612739,CLE,23.0,11,6.0,2.91,2.36,0.55,0.55,0.0,0.55,1.55,0.0,0.0,0.0,0.0,0.0,0.0,0.82,0.82,0.36,0.09,0.0,1.0,0.8,0.2,2019-20
1629028,Deandre Ayton,1610612756,PHX,21.0,38,32.5,15.5,10.39,5.11,1.32,0.0,4.13,8.87,0.84,0.58,1.42,0.593,0.407,0.76,2.0,2.76,1.55,0.95,0.276,0.724,0.747,0.456,2019-20
1627749,Dejounte Murray,1610612759,SAS,23.0,66,25.6,6.29,3.06,3.23,3.09,0.0,0.2,0.42,0.58,0.68,1.26,0.458,0.542,0.02,0.36,0.38,0.23,0.08,0.04,0.96,0.833,0.278,2019-20
1626153,Delon Wright,1610612742,DAL,28.0,72,21.7,4.24,2.78,1.46,2.39,0.04,0.07,0.18,0.46,0.36,0.82,0.559,0.441,0.08,0.58,0.67,0.28,0.07,0.125,0.875,0.571,0.143,2019-20
203471,Dennis Schröder,1610612760,OKC,26.0,65,30.8,5.28,2.55,2.72,1.38,0.18,0.12,0.29,0.42,0.57,0.98,0.422,0.578,0.0,0.38,0.38,0.22,0.05,0.0,1.0,0.824,0.176,2019-20
1628372,Dennis Smith Jr.,1610612752,NYK,22.0,33,16.2,3.67,1.67,2.0,1.42,0.03,0.03,0.06,0.24,0.45,0.7,0.348,0.652,0.0,0.18,0.18,0.15,0.06,0.0,1.0,0.833,0.333,2019-20
1627756,Denzel Valentine,1610612741,CHI,26.0,33,14.5,4.0,1.94,2.06,0.94,0.0,0.03,0.06,0.09,0.45,0.55,0.167,0.833,0.0,0.27,0.27,0.18,0.03,0.0,1.0,0.857,0.143,2019-20
1629126,Deonte Burton,1610612760,OKC,26.0,32,10.8,3.03,1.84,1.19,0.53,0.03,0.16,0.31,0.19,0.16,0.34,0.545,0.455,0.03,1.16,1.19,0.5,0.16,0.026,0.974,0.696,0.217,2019-20
202324,Derrick Favors,1610612740,NOP,28.0,51,24.4,11.14,8.78,2.35,1.35,0.02,3.39,7.78,0.41,0.39,0.8,0.512,0.488,0.59,4.39,4.98,2.8,1.49,0.118,0.882,0.872,0.463,2019-20
1627884,Derrick Jones Jr.,1610612748,MIA,23.0,57,24.1,6.84,3.23,3.61,2.07,0.07,0.74,1.82,0.33,0.51,0.84,0.396,0.604,0.09,1.37,1.46,0.79,0.28,0.06,0.94,0.865,0.308,2019-20
201565,Derrick Rose,1610612765,DET,31.0,50,26.0,3.94,1.88,2.06,1.1,0.02,0.14,0.32,0.44,0.38,0.82,0.537,0.463,0.0,0.22,0.22,0.12,0.0,0.0,1.0,0.667,0.0,2019-20
1628476,Derrick Walton Jr.,1610612765,DET,25.0,18,12.6,1.94,1.0,0.94,0.83,0.0,0.33,0.78,0.06,0.11,0.17,0.333,0.667,0.0,0.33,0.33,0.17,0.0,0.0,1.0,0.75,0.0,2019-20
1628401,Derrick White,1610612759,SAS,25.0,68,24.7,8.44,4.6,3.84,1.43,0.44,0.37,0.76,0.28,0.43,0.71,0.396,0.604,0.0,0.54,0.54,0.26,0.04,0.0,1.0,0.75,0.125,2019-20
1626164,Devin Booker,1610612756,PHX,23.0,70,35.9,5.87,3.04,2.83,1.34,0.06,0.63,1.4,0.54,0.41,0.96,0.567,0.433,0.04,1.11,1.16,0.69,0.13,0.037,0.963,0.814,0.153,2019-20
1628985,Devon Hall,1610612760,OKC,24.0,6,11.2,1.5,0.83,0.67,0.33,0.17,0.0,0.0,0.17,0.33,0.5,0.333,0.667,0.0,1.0,1.0,0.5,0.0,0.0,1.0,0.6,0.0,2019-20
1629719,Devontae Cacok,1610612747,LAL,23.0,1,8.9,2.0,1.0,1.0,0.0,0.0,0.0,0.0,0.0,0.0,0.0,0.0,0.0,0.0,0.0,0.0,0.0,0.0,0.0,0.0,0.0,0.0,2019-20
1628984,Devonte' Graham,1610612766,CHA,25.0,63,35.1,4.83,1.68,3.14,2.05,0.21,0.06,0.14,0.48,0.44,0.92,0.517,0.483,0.0,0.84,0.84,0.51,0.13,0.0,1.0,0.889,0.222,2019-20
1629608,Dewan Hernandez,1610612761,TOR,23.0,6,4.7,1.83,1.33,0.5,0.17,0.0,1.33,3.67,0.0,0.17,0.17,0.0,1.0,0.0,1.33,1.33,0.5,0.17,0.0,1.0,0.429,0.143,2019-20
203473,Dewayne Dedmon,1610612737,ATL,30.0,44,17.6,6.7,5.07,1.64,1.52,0.14,2.48,5.59,0.39,0.27,0.66,0.586,0.414,0.36,2.36,2.73,1.8,1.0,0.133,0.867,0.963,0.537,2019-20
1628415,Dillon Brooks,1610612763,MEM,24.0,73,28.9,7.52,3.49,4.03,2.23,0.04,0.14,0.34,0.38,0.52,0.9,0.424,0.576,0.04,1.16,1.21,0.81,0.18,0.034,0.966,0.922,0.203,2019-20
203079,Dion Waiters,1610612747,LAL,28.0,10,20.7,3.9,1.1,2.8,0.7,0.0,0.2,0.5,0.3,0.5,0.8,0.375,0.625,0.0,0.8,0.8,0.1,0.0,0.0,1.0,0.333,0.0,2019-20
1627734,Domantas Sabonis,1610612754,IND,24.0,62,34.8,11.26,7.63,3.63,1.4,0.0,7.05,15.76,0.48,0.35,0.84,0.577,0.423,0.77,2.82,3.6,2.55,1.44,0.215,0.785,0.935,0.527,2019-20
1628378,Donovan Mitchell,1610612762,UTA,23.0,68,34.6,5.09,2.57,2.51,1.93,0.04,0.35,0.76,0.6,0.43,1.03,0.586,0.414,0.0,1.93,1.93,1.06,0.25,0.0,1.0,0.758,0.179,2019-20
1629743,Donta Hall,1610612751,BKN,22.0,8,15.9,7.88,5.5,2.38,0.63,0.0,2.38,5.38,0.25,0.13,0.38,0.667,0.333,0.13,1.13,1.25,0.13,0.0,0.1,0.9,0.25,0.0,2019-20
1628978,Donte DiVincenzo,1610612749,MIL,23.0,66,23.0,4.77,2.39,2.38,2.24,0.02,0.32,0.82,0.59,0.48,1.08,0.549,0.451,0.06,0.3,0.36,0.23,0.09,0.167,0.833,0.789,0.316,2019-20
1627827,Dorian Finney-Smith,1610612742,DAL,27.0,71,29.9,8.55,4.92,3.63,1.55,0.03,0.41,1.03,0.45,0.49,0.94,0.478,0.522,0.06,1.87,1.93,0.92,0.37,0.029,0.971,0.823,0.329,2019-20
203926,Doug McDermott,1610612754,IND,28.0,69,19.9,4.74,2.46,2.28,0.3,0.03,0.19,0.43,0.2,0.17,0.38,0.538,0.462,0.06,1.12,1.17,0.61,0.19,0.049,0.951,0.778,0.241,2019-20
1627733,Dragan Bender,1610612744,GSW,22.0,16,17.8,9.81,7.0,2.81,0.69,0.0,2.0,4.94,0.25,0.13,0.38,0.667,0.333,0.0,1.81,1.81,1.13,0.69,0.0,1.0,1.0,0.611,2019-20
203110,Draymond Green,1610612744,GSW,30.0,43,28.4,9.7,5.77,3.93,2.88,0.19,1.58,3.91,0.23,0.35,0.58,0.4,0.6,0.05,3.88,3.93,2.02,0.72,0.012,0.988,0.879,0.313,2019-20
1629234,Drew Eubanks,1610612759,SAS,23.0,20,13.3,5.55,4.15,1.4,0.5,0.05,2.0,4.4,0.15,0.0,0.15,1.0,0.0,0.25,1.65,1.9,0.75,0.35,0.132,0.868,0.682,0.318,2019-20
1629130,Duncan Robinson,1610612748,MIA,26.0,73,29.7,6.33,2.88,3.45,1.11,0.12,0.79,1.81,0.15,0.34,0.49,0.306,0.694,0.01,1.11,1.12,0.74,0.1,0.012,0.988,0.806,0.104,2019-20
1628605,Dusty Hannahs,1610612763,MEM,26.0,2,6.7,2.0,1.0,1.0,0.0,0.0,0.0,0.0,0.0,0.5,0.5,0.0,1.0,0.0,0.0,0.0,0.0,0.0,0.0,0.0,0.0,0.0,2019-20
1628407,Dwayne Bacon,1610612766,CHA,24.0,35,18.8,3.14,1.06,2.09,1.03,0.0,0.09,0.2,0.23,0.34,0.57,0.4,0.6,0.03,0.49,0.51,0.4,0.06,0.056,0.944,0.875,0.125,2019-20
2730,Dwight Howard,1610612747,LAL,34.0,69,18.9,6.58,5.25,1.33,1.25,0.0,2.28,5.22,0.32,0.12,0.43,0.733,0.267,1.38,1.91,3.29,2.1,1.43,0.419,0.581,0.89,0.607,2019-20
203939,Dwight Powell,1610612742,DAL,28.0,40,26.5,11.95,7.9,4.05,1.85,0.08,4.73,11.0,0.18,0.33,0.5,0.35,0.65,0.18,3.23,3.4,1.73,0.6,0.051,0.949,0.908,0.316,2019-20
1629058,Dzanan Musa,1610612751,BKN,21.0,36,13.3,3.03,1.53,1.5,0.58,0.0,0.08,0.25,0.25,0.19,0.44,0.563,0.438,0.0,0.11,0.11,0.08,0.0,0.0,1.0,0.75,0.0,2019-20
202734,E'Twaun Moore,1610612740,NOP,31.0,54,18.6,3.48,2.17,1.31,1.24,0.04,0.24,0.59,0.35,0.31,0.67,0.528,0.472,0.02,0.63,0.65,0.41,0.04,0.029,0.971,0.957,0.087,2019-20
202334,Ed Davis,1610612762,UTA,31.0,28,10.8,4.75,3.79,0.96,0.57,0.0,1.79,4.18,0.25,0.21,0.46,0.538,0.462,0.46,2.54,3.0,1.39,0.68,0.155,0.845,0.75,0.365,2019-20
1628410,Edmond Sumner,1610612754,IND,24.0,29,14.9,3.0,1.48,1.52,1.28,0.0,0.14,0.34,0.21,0.07,0.28,0.75,0.25,0.0,0.55,0.55,0.28,0.0,0.0,1.0,0.727,0.0,2019-20
203901,Elfrid Payton,1610612752,NYK,26.0,45,27.7,5.71,2.8,2.91,2.6,0.0,0.27,0.62,0.51,0.71,1.22,0.418,0.582,0.07,0.27,0.33,0.2,0.04,0.2,0.8,0.9,0.2,2019-20
1629059,Elie Okobo,1610612756,PHX,22.0,48,14.6,3.0,1.54,1.46,1.04,0.0,0.19,0.44,0.23,0.29,0.52,0.44,0.56,0.0,0.21,0.21,0.15,0.04,0.0,1.0,0.778,0.222,2019-20
1626144,Emmanuel Mudiay,1610612762,UTA,24.0,52,16.2,3.31,1.77,1.54,0.71,0.0,0.23,0.6,0.21,0.19,0.4,0.524,0.476,0.04,0.19,0.23,0.13,0.06,0.167,0.833,0.778,0.333,2019-20
202683,Enes Freedom,1610612738,BOS,28.0,58,17.0,5.6,4.43,1.17,0.67,0.0,2.59,6.12,0.28,0.26,0.53,0.516,0.484,1.1,2.52,3.64,2.22,1.29,0.303,0.692,0.884,0.514,2019-20
202339,Eric Bledsoe,1610612749,MIL,30.0,61,27.0,6.13,2.89,3.25,1.62,0.05,0.48,1.18,0.51,0.64,1.15,0.443,0.557,0.05,0.62,0.67,0.48,0.11,0.073,0.927,0.906,0.219,2019-20
201569,Eric Gordon,1610612745,HOU,31.0,36,28.2,3.61,1.5,2.11,1.28,0.0,0.36,0.83,0.19,0.33,0.53,0.368,0.632,0.0,1.0,1.0,0.67,0.19,0.0,1.0,0.96,0.28,2019-20
1628450,Eric Mika,1610612758,SAC,25.0,1,19.1,3.0,2.0,1.0,0.0,0.0,6.0,14.0,1.0,0.0,1.0,1.0,0.0,0.0,3.0,3.0,2.0,1.0,0.0,1.0,1.0,0.5,2019-20
1629672,Eric Paschall,1610612744,GSW,23.0,60,27.6,5.9,3.37,2.53,1.15,0.05,0.87,2.13,0.33,0.32,0.65,0.513,0.487,0.02,1.7,1.72,0.82,0.35,0.01,0.99,0.961,0.412,2019-20
101141,Ersan Ilyasova,1610612749,MIL,33.0,63,15.7,4.16,2.24,1.92,0.87,0.17,0.67,1.57,0.16,0.24,0.4,0.4,0.6,0.14,1.48,1.62,0.78,0.3,0.088,0.912,0.86,0.333,2019-20
203095,Evan Fournier,1610612753,ORL,27.0,66,31.4,5.2,2.29,2.91,2.03,0.08,0.14,0.32,0.5,0.5,1.0,0.5,0.5,0.02,0.86,0.88,0.52,0.12,0.017,0.983,0.739,0.174,2019-20
202323,Evan Turner,1610612750,MIN,31.0,19,13.2,3.58,1.89,1.68,0.68,0.0,0.05,0.11,0.37,0.16,0.53,0.7,0.3,0.0,0.68,0.68,0.42,0.05,0.0,1.0,1.0,0.125,2019-20
1628402,Frank Jackson,1610612740,NOP,22.0,55,14.2,3.11,1.47,1.64,0.69,0.02,0.11,0.29,0.24,0.22,0.45,0.52,0.48,0.02,0.4,0.42,0.22,0.04,0.043,0.957,0.706,0.118,2019-20
1626163,Frank Kaminsky,1610612756,PHX,27.0,39,19.9,7.18,5.46,1.72,0.69,0.13,2.21,4.9,0.26,0.28,0.54,0.476,0.524,0.31,3.49,3.79,1.79,0.62,0.081,0.919,0.805,0.276,2019-20
1628412,Frank Mason III,1610612749,MIL,26.0,7,16.1,3.71,2.29,1.43,0.71,0.0,0.29,0.57,0.43,0.43,0.86,0.5,0.5,0.0,0.14,0.14,0.0,0.0,0.0,1.0,0.0,0.0,2019-20
1628373,Frank Ntilikina,1610612752,NYK,21.0,56,21.2,4.36,2.41,1.95,1.96,0.09,0.3,0.71,0.23,0.39,0.63,0.371,0.629,0.0,0.21,0.21,0.07,0.02,0.0,1.0,0.667,0.167,2019-20
1627832,Fred VanVleet,1610612761,TOR,26.0,54,35.7,6.69,2.39,4.3,4.19,0.02,0.37,0.94,0.54,0.87,1.41,0.382,0.618,0.0,1.3,1.3,0.91,0.17,0.0,1.0,0.803,0.148,2019-20
1627788,Furkan Korkmaz,1610612755,PHI,22.0,72,21.7,4.1,2.35,1.75,1.0,0.08,0.11,0.25,0.11,0.28,0.39,0.286,0.714,0.0,0.24,0.24,0.1,0.04,0.0,1.0,0.7,0.3,2019-20
1629216,Gabe Vincent,1610612748,MIA,24.0,5,15.8,3.4,0.4,3.0,1.2,0.2,0.2,0.6,0.2,0.6,0.8,0.25,0.75,0.0,1.2,1.2,0.6,0.0,0.0,1.0,0.6,0.0,2019-20
202066,Garrett Temple,1610612751,BKN,34.0,62,27.9,6.26,3.23,3.03,1.63,0.03,0.26,0.58,0.42,0.47,0.89,0.473,0.527,0.02,0.61,0.63,0.4,0.1,0.026,0.974,0.758,0.182,2019-20
1629726,Garrison Mathews,1610612764,WAS,23.0,16,13.8,2.88,1.38,1.5,0.94,0.13,0.0,0.0,0.13,0.38,0.5,0.25,0.75,0.06,0.88,0.94,0.56,0.06,0.067,0.933,1.0,0.111,2019-20
1629109,Gary Clark,1610612753,ORL,25.0,38,14.3,4.05,2.37,1.68,0.66,0.05,0.76,1.89,0.37,0.11,0.47,0.778,0.222,0.03,1.45,1.47,0.45,0.18,0.018,0.982,0.567,0.233,2019-20
203914,Gary Harris,1610612743,DEN,25.0,56,31.8,4.52,1.57,2.95,2.61,0.05,0.25,0.61,0.34,0.7,1.04,0.328,0.672,0.0,0.5,0.5,0.36,0.05,0.0,1.0,0.87,0.13,2019-20
1627780,Gary Payton II,1610612764,WAS,27.0,24,17.8,4.13,1.96,2.17,2.88,0.0,0.04,0.13,0.42,0.75,1.17,0.357,0.643,0.04,0.21,0.25,0.17,0.08,0.167,0.833,0.8,0.4,2019-20
1629018,Gary Trent Jr.,1610612757,POR,21.0,58,22.8,3.95,1.95,2.0,1.98,0.0,0.14,0.34,0.26,0.36,0.62,0.417,0.583,0.07,0.41,0.48,0.21,0.03,0.143,0.857,0.6,0.1,2019-20
201588,George Hill,1610612749,MIL,34.0,59,21.5,4.75,1.95,2.8,1.54,0.07,0.41,0.97,0.24,0.54,0.78,0.304,0.696,0.27,0.64,0.92,0.46,0.17,0.296,0.704,0.711,0.263,2019-20
1627777,Georges Niang,1610612762,UTA,27.0,64,14.3,3.31,1.77,1.55,0.47,0.02,0.34,0.81,0.3,0.13,0.42,0.704,0.296,0.0,1.2,1.2,0.56,0.11,0.0,1.0,0.766,0.149,2019-20
203507,Giannis Antetokounmpo,1610612749,MIL,25.0,63,30.4,9.35,5.56,3.79,2.08,0.03,2.37,5.46,1.03,0.51,1.54,0.67,0.33,0.32,1.62,1.94,0.92,0.54,0.164,0.836,0.935,0.548,2019-20
203922,Glenn Robinson III,1610612755,PHI,26.0,62,28.8,7.66,4.27,3.39,1.53,0.0,0.44,1.16,0.48,0.42,0.9,0.536,0.464,0.03,0.56,0.6,0.29,0.06,0.054,0.946,0.818,0.182,2019-20
1629048,Goga Bitadze,1610612754,IND,20.0,54,8.7,5.13,4.22,0.91,0.44,0.0,1.22,2.76,0.04,0.02,0.06,0.667,0.333,0.13,1.24,1.37,0.57,0.24,0.095,0.905,0.816,0.342,2019-20
201609,Goran Dragic,1610612748,MIA,34.0,59,28.2,5.34,2.83,2.51,1.29,0.12,0.37,0.9,0.44,0.42,0.86,0.51,0.49,0.02,0.42,0.44,0.32,0.14,0.038,0.962,0.864,0.364,2019-20
202330,Gordon Hayward,1610612738,BOS,30.0,52,33.5,6.15,3.42,2.73,1.31,0.0,0.58,1.48,0.5,0.48,0.98,0.51,0.49,0.13,1.33,1.46,0.87,0.25,0.092,0.908,0.918,0.265,2019-20
203476,Gorgui Dieng,1610612763,MEM,30.0,63,17.4,7.06,5.38,1.68,1.94,0.24,2.19,4.98,0.32,0.32,0.63,0.5,0.5,0.27,2.13,2.4,1.29,0.54,0.113,0.887,0.89,0.374,2019-20
1629684,Grant Williams,1610612738,BOS,21.0,68,15.3,5.43,3.44,1.99,0.75,0.07,1.46,3.66,0.29,0.13,0.43,0.69,0.31,0.46,2.04,2.51,1.26,0.47,0.181,0.813,0.819,0.305,2019-20
1628960,Grayson Allen,1610612763,MEM,24.0,37,19.2,3.7,1.54,2.16,0.86,0.05,0.08,0.16,0.19,0.46,0.65,0.292,0.708,0.0,0.49,0.49,0.32,0.0,0.0,1.0,0.857,0.0,2019-20
1628977,Hamidou Diallo,1610612760,OKC,21.0,46,19.5,4.04,2.39,1.65,1.37,0.02,0.15,0.35,0.37,0.46,0.83,0.447,0.553,0.07,0.43,0.5,0.3,0.13,0.13,0.87,0.778,0.333,2019-20
203084,Harrison Barnes,1610612758,SAC,28.0,72,34.5,8.11,4.15,3.96,1.38,0.04,0.72,1.72,0.42,0.35,0.76,0.545,0.455,0.19,1.97,2.17,1.03,0.31,0.09,0.91,0.771,0.229,2019-20
1628385,Harry Giles III,1610612758,SAC,22.0,46,14.5,4.61,3.07,1.54,1.09,0.07,2.11,5.02,0.39,0.2,0.59,0.667,0.333,0.17,1.7,1.87,0.91,0.54,0.093,0.907,0.857,0.51,2019-20
202355,Hassan Whiteside,1610612757,POR,31.0,67,30.0,14.0,11.91,2.09,1.13,0.06,4.39,10.19,0.48,0.27,0.75,0.64,0.36,0.94,1.88,2.82,1.6,1.07,0.333,0.667,0.899,0.605,2019-20
1627740,Henry Ellenson,1610612751,BKN,23.0,3,3.1,0.67,0.67,0.0,0.0,0.0,0.67,1.33,0.0,0.0,0.0,0.0,0.0,0.0,0.0,0.0,0.0,0.0,0.0,0.0,0.0,0.0,2019-20
101133,Ian Mahinmi,1610612764,WAS,33.0,38,21.3,8.58,6.87,1.71,2.29,0.16,3.21,7.29,0.39,0.39,0.79,0.5,0.5,0.5,3.34,3.84,2.11,0.76,0.13,0.87,0.899,0.326,2019-20
1629649,Ignas Brazdeikis,1610612752,NYK,21.0,8,6.4,1.25,0.63,0.63,0.38,0.0,0.25,0.5,0.13,0.0,0.13,1.0,0.0,0.0,0.0,0.0,0.0,0.0,0.0,0.0,0.0,0.0,2019-20
202697,Iman Shumpert,1610612751,BKN,30.0,13,18.5,1.77,0.85,0.92,1.62,0.08,0.23,0.69,0.31,0.38,0.69,0.444,0.556,0.0,0.69,0.69,0.38,0.08,0.0,1.0,1.0,0.2,2019-20
1629067,Isaac Bonga,1610612764,WAS,20.0,64,19.5,5.19,2.89,2.3,1.38,0.17,0.23,0.61,0.28,0.33,0.61,0.462,0.538,0.08,0.81,0.89,0.41,0.13,0.088,0.912,0.684,0.211,2019-20
1628392,Isaiah Hartenstein,1610612745,HOU,22.0,22,12.0,6.91,5.14,1.77,0.68,0.05,1.32,3.27,0.55,0.23,0.77,0.706,0.294,0.45,2.27,2.73,1.59,0.68,0.167,0.833,0.921,0.395,2019-20
1629676,Isaiah Roby,1610612760,OKC,22.0,3,3.8,2.0,0.67,1.33,0.0,0.0,0.0,0.0,0.0,0.0,0.0,0.0,0.0,0.0,0.67,0.67,0.33,0.33,0.0,1.0,1.0,1.0,2019-20
202738,Isaiah Thomas,1610612764,WAS,31.0,39,23.7,3.95,1.62,2.33,0.64,0.08,0.26,0.56,0.21,0.23,0.44,0.471,0.529,0.0,0.21,0.21,0.18,0.03,0.0,1.0,0.875,0.125,2019-20
202397,Ish Smith,1610612764,WAS,31.0,68,26.3,4.1,2.28,1.82,1.44,0.09,0.18,0.47,0.37,0.69,1.06,0.347,0.653,0.01,0.44,0.46,0.24,0.04,0.032,0.968,0.762,0.143,2019-20
1627826,Ivica Zubac,1610612746,LAC,23.0,72,18.4,9.39,7.49,1.9,0.4,0.01,3.68,8.6,0.32,0.14,0.46,0.697,0.303,0.75,2.4,3.15,1.67,1.01,0.238,0.762,0.736,0.448,2019-20
200826,J.J. Barea,1610612742,DAL,36.0,23,16.8,0.52,0.09,0.43,0.52,0.04,0.0,0.0,0.26,0.35,0.61,0.429,0.571,0.0,0.17,0.17,0.13,0.04,0.0,1.0,0.75,0.25,2019-20
200755,JJ Redick,1610612740,NOP,36.0,59,26.6,3.76,2.03,1.73,0.75,0.24,0.71,1.69,0.22,0.32,0.54,0.406,0.594,0.05,1.05,1.1,0.63,0.07,0.046,0.954,0.804,0.087,2019-20
2747,JR Smith,1610612747,LAL,34.0,6,13.2,2.5,0.67,1.83,1.0,0.0,0.0,0.0,0.0,0.33,0.33,0.0,1.0,0.0,2.17,2.17,0.83,0.0,0.0,1.0,0.5,0.0,2019-20
1629630,Ja Morant,1610612763,MEM,20.0,67,31.0,5.25,2.49,2.76,1.48,0.04,0.18,0.39,0.43,0.57,1.0,0.433,0.567,0.01,0.78,0.79,0.54,0.09,0.019,0.981,0.818,0.136,2019-20
203960,JaKarr Sampson,1610612754,IND,27.0,33,14.2,5.09,3.55,1.55,0.58,0.03,1.0,2.27,0.27,0.27,0.55,0.5,0.5,0.06,1.52,1.58,0.64,0.15,0.038,0.962,0.7,0.167,2019-20
203210,JaMychal Green,1610612746,LAC,30.0,63,20.7,4.83,2.56,2.27,0.97,0.0,1.19,2.79,0.21,0.14,0.35,0.591,0.409,0.38,2.67,3.05,1.41,0.54,0.125,0.875,0.73,0.279,2019-20
201580,JaVale McGee,1610612747,LAL,32.0,68,16.6,6.97,5.75,1.22,1.09,0.0,1.5,3.37,0.18,0.19,0.37,0.48,0.52,0.25,1.79,2.04,1.07,0.57,0.122,0.878,0.839,0.448,2019-20
203953,Jabari Parker,1610612758,SAC,25.0,38,24.2,7.58,4.66,2.92,1.82,0.05,0.68,1.55,0.45,0.45,0.89,0.5,0.5,0.47,1.61,2.08,0.89,0.45,0.228,0.772,0.829,0.415,2019-20
1628980,Jacob Evans,1610612750,MIN,23.0,27,15.0,4.26,2.56,1.7,0.96,0.0,0.07,0.22,0.15,0.04,0.19,0.8,0.2,0.0,0.52,0.52,0.37,0.07,0.0,1.0,1.0,0.2,2019-20
203109,Jae Crowder,1610612748,MIA,29.0,65,28.8,6.6,3.18,3.42,1.95,0.08,0.34,0.8,0.28,0.51,0.78,0.353,0.647,0.05,1.18,1.23,0.52,0.22,0.038,0.963,0.708,0.292,2019-20
1626143,Jahlil Okafor,1610612740,NOP,24.0,30,15.6,7.83,6.33,1.5,0.53,0.0,1.77,4.03,0.7,0.1,0.8,0.875,0.125,0.4,2.57,2.97,1.63,0.77,0.135,0.865,0.891,0.418,2019-20
1627774,Jake Layman,1610612750,MIN,26.0,23,22.0,5.09,3.26,1.83,1.52,0.09,0.17,0.43,0.26,0.35,0.61,0.429,0.571,0.17,2.43,2.61,1.13,0.3,0.067,0.933,0.839,0.226,2019-20
1627751,Jakob Poeltl,1610612759,SAS,24.0,66,17.7,9.48,7.59,1.89,1.09,0.14,3.56,8.18,0.21,0.24,0.45,0.467,0.533,0.41,2.62,3.03,1.65,0.73,0.135,0.865,0.858,0.378,2019-20
1628973,Jalen Brunson,1610612742,DAL,23.0,55,18.4,3.38,1.51,1.87,0.69,0.22,0.09,0.22,0.33,0.4,0.73,0.45,0.55,0.04,0.49,0.53,0.27,0.07,0.069,0.931,0.75,0.2,2019-20
1629665,Jalen Lecque,1610612756,PHX,20.0,3,8.1,2.33,0.0,2.33,1.0,0.0,0.0,0.0,0.0,0.0,0.0,0.0,0.0,0.0,0.0,0.0,0.0,0.0,0.0,0.0,0.0,0.0,2019-20
1629667,Jalen McDaniels,1610612766,CHA,22.0,16,18.3,5.69,3.13,2.56,0.81,0.06,0.06,0.19,0.38,0.25,0.63,0.6,0.4,0.0,1.0,1.0,0.63,0.19,0.0,1.0,0.833,0.25,2019-20
1627750,Jamal Murray,1610612743,DEN,23.0,59,32.3,6.61,2.95,3.66,2.08,0.08,0.66,1.42,0.58,0.66,1.24,0.466,0.534,0.08,0.73,0.81,0.47,0.08,0.104,0.896,0.933,0.167,2019-20
203516,James Ennis III,1610612753,ORL,29.0,68,18.5,3.54,1.79,1.75,0.91,0.06,0.28,0.68,0.37,0.21,0.57,0.641,0.359,0.18,0.32,0.5,0.29,0.13,0.353,0.647,0.741,0.333,2019-20
201935,James Harden,1610612745,HOU,30.0,68,36.5,8.07,5.01,3.06,3.24,0.12,0.41,0.91,0.84,0.63,1.47,0.57,0.43,0.03,1.56,1.59,0.96,0.22,0.019,0.981,0.915,0.211,2019-20
201949,James Johnson,1610612750,MIN,33.0,31,19.9,7.48,4.26,3.23,1.71,0.0,1.45,3.68,0.35,0.23,0.58,0.611,0.389,0.03,1.97,2.0,0.97,0.23,0.016,0.984,0.833,0.194,2019-20
201162,Jared Dudley,1610612747,LAL,34.0,36,9.4,2.5,1.53,0.97,0.72,0.06,0.61,1.42,0.08,0.14,0.22,0.375,0.625,0.06,1.31,1.36,0.92,0.14,0.041,0.959,0.868,0.132,2019-20
1628991,Jaren Jackson Jr.,1610612763,MEM,20.0,57,28.5,12.56,8.89,3.67,1.86,0.0,1.7,3.74,0.53,0.39,0.91,0.577,0.423,0.04,1.84,1.89,0.91,0.21,0.019,0.972,0.897,0.207,2019-20
1629020,Jarred Vanderbilt,1610612750,MIN,21.0,10,4.4,1.5,1.0,0.5,0.4,0.0,0.8,1.8,0.1,0.3,0.4,0.25,0.75,0.0,0.5,0.5,0.2,0.1,0.0,1.0,1.0,0.5,2019-20
1629714,Jarrell Brantley,1610612762,UTA,24.0,6,15.2,4.33,3.0,1.33,1.17,0.0,0.5,1.33,0.17,0.33,0.5,0.333,0.667,0.0,1.17,1.17,0.17,0.0,0.0,1.0,0.2,0.0,2019-20
1628386,Jarrett Allen,1610612751,BKN,22.0,70,26.5,14.4,12.23,2.17,1.23,0.01,4.39,10.34,0.56,0.34,0.9,0.619,0.381,0.4,3.24,3.64,1.63,0.99,0.11,0.89,0.809,0.489,2019-20
1629633,Jarrett Culver,1610612750,MIN,21.0,63,23.9,4.92,2.84,2.08,1.67,0.02,0.11,0.25,0.52,0.35,0.87,0.6,0.4,0.05,0.4,0.44,0.25,0.11,0.107,0.893,0.842,0.368,2019-20
1627784,Jarrod Uthoff,1610612764,WAS,27.0,6,8.3,2.0,0.83,1.17,0.17,0.0,0.0,0.0,0.0,0.0,0.0,0.0,0.0,0.0,0.67,0.67,0.17,0.0,0.0,1.0,0.5,0.0,2019-20
1629750,Javonte Green,1610612738,BOS,26.0,42,10.9,1.98,1.1,0.88,1.21,0.0,0.21,0.5,0.07,0.31,0.38,0.188,0.813,0.02,0.57,0.6,0.31,0.19,0.04,0.96,0.765,0.471,2019-20
1629637,Jaxson Hayes,1610612740,NOP,20.0,63,17.0,7.38,5.52,1.86,0.9,0.06,3.1,7.29,0.32,0.22,0.54,0.588,0.412,0.13,2.08,2.21,1.11,0.48,0.058,0.942,0.886,0.38,2019-20
1627759,Jaylen Brown,1610612738,BOS,23.0,57,33.9,7.65,3.35,4.3,2.23,0.0,0.39,0.88,0.61,0.51,1.12,0.547,0.453,0.07,1.63,1.7,0.98,0.26,0.041,0.959,0.903,0.242,2019-20
1629658,Jaylen Hoard,1610612757,POR,21.0,9,10.4,1.44,1.0,0.44,0.56,0.0,0.56,1.11,0.56,0.22,0.78,0.714,0.286,0.0,0.56,0.56,0.33,0.22,0.0,1.0,1.0,0.667,2019-20
1629669,Jaylen Nowell,1610612750,MIN,20.0,10,11.5,2.6,1.7,0.9,0.3,0.0,0.1,0.2,0.1,0.1,0.2,0.5,0.5,0.0,0.2,0.2,0.1,0.0,0.0,1.0,1.0,0.0,2019-20
1628369,Jayson Tatum,1610612738,BOS,22.0,66,34.3,6.8,3.48,3.32,2.88,0.0,0.42,0.97,0.61,0.77,1.38,0.44,0.56,0.05,1.3,1.35,0.67,0.27,0.034,0.966,0.88,0.36,2019-20
201145,Jeff Green,1610612745,HOU,33.0,48,20.0,6.79,4.6,2.19,0.77,0.13,0.65,1.56,0.23,0.23,0.46,0.5,0.5,0.02,2.35,2.38,0.96,0.21,0.009,0.991,0.836,0.182,2019-20
201952,Jeff Teague,1610612737,ATL,32.0,59,24.8,3.97,1.75,2.22,1.39,0.08,0.37,0.93,0.24,0.36,0.59,0.4,0.6,0.0,0.27,0.27,0.19,0.03,0.0,1.0,1.0,0.182,2019-20
203924,Jerami Grant,1610612743,DEN,26.0,71,26.6,6.83,4.01,2.82,1.31,0.07,0.56,1.34,0.3,0.23,0.52,0.568,0.432,0.17,1.94,2.11,0.82,0.17,0.08,0.92,0.795,0.164,2019-20
1629725,Jeremiah Martin,1610612751,BKN,24.0,8,12.2,2.75,1.13,1.63,2.0,0.25,0.0,0.0,0.25,0.25,0.5,0.5,0.5,0.0,0.0,0.0,0.0,0.0,0.0,0.0,0.0,0.0,2019-20
203087,Jeremy Lamb,1610612754,IND,28.0,46,28.1,6.09,3.0,3.09,2.63,0.02,0.04,0.13,0.15,0.43,0.59,0.259,0.741,0.04,0.26,0.3,0.17,0.04,0.143,0.857,1.0,0.25,2019-20
202951,Jeremy Pargo,1610612744,GSW,34.0,3,14.8,1.33,0.0,1.33,0.0,0.0,0.0,0.0,0.33,0.0,0.33,1.0,0.0,0.0,1.67,1.67,0.67,0.0,0.0,1.0,1.0,0.0,2019-20
1626170,Jerian Grant,1610612764,WAS,27.0,6,13.4,2.17,1.67,0.5,1.0,0.0,0.0,0.0,0.17,0.0,0.17,1.0,0.0,0.0,0.0,0.0,0.0,0.0,0.0,0.0,0.0,0.0,2019-20
1629010,Jerome Robinson,1610612764,WAS,23.0,51,18.3,4.12,2.45,1.67,1.1,0.02,0.24,0.53,0.18,0.22,0.39,0.45,0.55,0.04,0.57,0.61,0.37,0.1,0.065,0.935,0.76,0.2,2019-20
1628975,Jevon Carter,1610612756,PHX,24.0,55,16.8,2.76,1.25,1.51,1.6,0.0,0.09,0.24,0.27,0.44,0.71,0.385,0.615,0.0,0.45,0.45,0.16,0.04,0.0,1.0,0.5,0.111,2019-20
202710,Jimmy Butler III,1610612748,MIA,30.0,58,33.8,6.34,2.83,3.52,3.4,0.02,0.78,1.79,0.88,0.55,1.43,0.614,0.386,0.29,1.43,1.72,1.09,0.29,0.17,0.83,0.887,0.239,2019-20
201149,Joakim Noah,1610612746,LAC,35.0,4,12.0,5.75,4.0,1.75,0.0,0.0,2.0,4.25,0.0,0.25,0.25,0.0,1.0,0.5,2.0,2.5,0.0,0.0,0.2,0.8,0.0,0.0,2019-20
1629147,Joe Chealey,1610612766,CHA,24.0,2,14.1,2.5,2.0,0.5,2.5,0.0,0.0,0.0,0.0,0.5,0.5,0.0,1.0,0.0,0.0,0.0,0.0,0.0,0.0,0.0,0.0,0.0,2019-20
203925,Joe Harris,1610612751,BKN,28.0,69,30.8,7.96,4.91,3.04,0.93,0.03,0.57,1.36,0.51,0.49,1.0,0.507,0.493,0.09,1.55,1.64,1.01,0.2,0.053,0.947,0.854,0.171,2019-20
204060,Joe Ingles,1610612762,UTA,32.0,72,29.7,4.56,1.85,2.71,2.28,0.1,0.65,1.57,0.43,0.4,0.83,0.517,0.483,0.0,1.44,1.44,0.67,0.1,0.0,1.0,0.842,0.123,2019-20
203954,Joel Embiid,1610612755,PHI,26.0,51,29.5,9.78,8.12,1.67,1.69,0.1,2.9,6.31,0.92,0.63,1.55,0.595,0.405,0.63,3.88,4.51,2.55,1.35,0.139,0.861,0.861,0.457,2019-20
1628381,John Collins,1610612737,ATL,22.0,41,33.2,12.73,8.51,4.22,1.37,0.0,2.76,6.56,0.59,0.54,1.12,0.522,0.478,0.8,2.37,3.17,1.68,0.88,0.254,0.746,0.863,0.45,2019-20
203089,John Henson,1610612765,DET,29.0,40,15.0,6.5,5.03,1.48,1.23,0.05,1.8,4.13,0.33,0.18,0.5,0.65,0.35,0.15,2.0,2.15,1.2,0.58,0.07,0.93,0.941,0.451,2019-20
1629723,John Konchar,1610612763,MEM,24.0,15,11.5,2.73,1.2,1.53,1.13,0.0,0.13,0.27,0.27,0.33,0.6,0.444,0.556,0.07,0.13,0.2,0.2,0.13,0.333,0.667,1.0,0.667,2019-20
1628405,Johnathan Motley,1610612746,LAC,25.0,8,4.8,2.13,1.25,0.88,0.25,0.0,0.63,1.63,0.0,0.0,0.0,0.0,0.0,0.0,0.5,0.5,0.25,0.25,0.0,1.0,1.0,1.0,2019-20
1629140,Johnathan Williams,1610612764,WAS,25.0,13,13.5,2.77,1.54,1.23,0.46,0.0,1.23,2.69,0.77,0.15,0.92,0.833,0.167,0.31,0.92,1.23,0.54,0.15,0.25,0.75,0.7,0.2,2019-20
1628413,Jonah Bolden,1610612756,PHX,24.0,5,8.9,3.6,2.0,1.6,1.0,0.0,0.8,1.8,0.2,0.0,0.2,1.0,0.0,0.0,0.6,0.6,0.2,0.0,0.0,1.0,1.0,0.0,2019-20
202685,Jonas Valanciunas,1610612763,MEM,28.0,70,26.4,11.67,9.69,1.99,0.83,0.01,3.84,8.57,0.51,0.23,0.74,0.692,0.308,1.44,4.5,5.96,3.31,1.77,0.242,0.755,0.829,0.443,2019-20
1628371,Jonathan Isaac,1610612753,ORL,22.0,34,28.8,8.12,6.35,1.76,3.26,0.12,0.79,1.79,0.29,0.74,1.03,0.286,0.714,0.29,1.97,2.26,1.0,0.38,0.13,0.87,0.895,0.342,2019-20
1628395,Jordan Bell,1610612739,CLE,25.0,27,9.4,3.19,2.04,1.15,0.48,0.11,0.74,1.85,0.26,0.07,0.33,0.778,0.222,0.15,0.48,0.63,0.48,0.26,0.235,0.765,1.0,0.538,2019-20
1629648,Jordan Bone,1610612765,DET,22.0,6,5.9,0.83,0.5,0.33,0.17,0.0,0.17,0.33,0.0,0.0,0.0,0.0,0.0,0.0,0.0,0.0,0.0,0.0,0.0,0.0,0.0,0.0,2019-20
203903,Jordan Clarkson,1610612762,UTA,28.0,71,24.0,4.49,2.51,1.99,1.1,0.0,0.3,0.69,0.51,0.32,0.83,0.61,0.39,0.03,1.01,1.04,0.59,0.18,0.027,0.973,0.875,0.271,2019-20
1629162,Jordan McLaughlin,1610612750,MIN,24.0,30,19.7,4.33,3.03,1.3,1.97,0.0,0.2,0.5,0.17,0.43,0.6,0.278,0.722,0.0,0.4,0.4,0.27,0.07,0.0,1.0,0.8,0.2,2019-20
203895,Jordan McRae,1610612765,DET,29.0,35,21.8,4.94,2.2,2.74,0.89,0.0,0.03,0.06,0.31,0.4,0.71,0.44,0.56,0.0,0.11,0.11,0.06,0.0,0.0,1.0,1.0,0.0,2019-20
1629673,Jordan Poole,1610612744,GSW,21.0,55,22.7,3.4,1.62,1.78,1.16,0.07,0.2,0.44,0.24,0.29,0.53,0.448,0.552,0.0,0.36,0.36,0.24,0.04,0.0,1.0,0.813,0.125,2019-20
1627982,Josh Gray,1610612740,NOP,26.0,2,11.4,2.0,1.0,1.0,1.0,0.0,0.0,0.0,0.0,0.0,0.0,0.0,0.0,0.0,0.0,0.0,0.0,0.0,0.0,0.0,0.0,0.0,2019-20
1628404,Josh Hart,1610612740,NOP,25.0,65,27.0,7.6,4.45,3.15,1.66,0.03,0.14,0.32,0.46,0.51,0.97,0.476,0.524,0.0,1.05,1.05,0.43,0.17,0.0,1.0,0.966,0.379,2019-20
1628367,Josh Jackson,1610612763,MEM,23.0,20,18.7,4.55,3.0,1.55,1.2,0.3,0.05,0.15,0.15,0.3,0.45,0.333,0.667,0.15,0.6,0.75,0.45,0.1,0.2,0.8,0.818,0.182,2019-20
203705,Josh Magette,1610612753,ORL,30.0,5,6.6,1.0,0.8,0.2,1.4,0.2,0.0,0.0,0.0,0.4,0.4,0.0,1.0,0.0,0.2,0.2,0.2,0.0,0.0,1.0,1.0,0.0,2019-20
1629006,Josh Okogie,1610612750,MIN,21.0,62,25.0,5.23,3.15,2.08,2.18,0.05,0.16,0.42,0.39,0.63,1.02,0.381,0.619,0.16,0.27,0.44,0.27,0.15,0.37,0.63,0.895,0.474,2019-20
1629729,Josh Reaves,1610612742,DAL,23.0,2,13.4,2.5,1.5,1.0,0.5,0.0,0.0,0.0,0.0,0.0,0.0,0.0,0.0,0.0,0.0,0.0,0.0,0.0,0.0,0.0,0.0,0.0,2019-20
1626196,Josh Richardson,1610612755,PHI,26.0,54,31.3,6.19,3.87,2.31,2.11,0.02,0.22,0.46,0.41,0.72,1.13,0.361,0.639,0.07,0.48,0.56,0.39,0.09,0.133,0.867,0.913,0.217,2019-20
201950,Jrue Holiday,1610612740,NOP,30.0,61,34.7,7.48,3.92,3.56,4.03,0.03,0.38,0.92,0.69,0.74,1.43,0.483,0.517,0.07,1.54,1.61,0.84,0.13,0.041,0.959,0.927,0.145,2019-20
1629308,Juan Toscano-Anderson,1610612744,GSW,27.0,12,22.6,5.92,3.83,2.08,1.75,0.0,0.25,0.67,0.42,0.58,1.0,0.417,0.583,0.25,2.58,2.83,1.17,0.5,0.088,0.912,0.737,0.316,2019-20
1627823,Juancho Hernangomez,1610612750,MIN,24.0,45,18.4,5.76,3.36,2.4,0.78,0.07,0.44,1.09,0.29,0.24,0.53,0.542,0.458,0.2,1.29,1.49,0.82,0.31,0.134,0.866,0.974,0.368,2019-20
203944,Julius Randle,1610612752,NYK,25.0,64,32.5,7.77,4.39,3.38,1.31,0.0,1.53,3.63,0.84,0.61,1.45,0.581,0.419,0.55,2.19,2.73,1.8,1.0,0.2,0.8,0.95,0.529,2019-20
1626147,Justin Anderson,1610612751,BKN,26.0,8,13.0,2.63,1.75,0.88,0.25,0.0,0.38,1.0,0.13,0.0,0.13,1.0,0.0,0.0,1.5,1.5,0.0,0.0,0.0,1.0,0.0,0.0,2019-20
203200,Justin Holiday,1610612754,IND,31.0,73,25.0,6.97,4.05,2.92,2.03,0.04,0.55,1.23,0.23,0.32,0.55,0.425,0.575,0.01,1.73,1.74,0.95,0.27,0.008,0.992,0.821,0.238,2019-20
1628382,Justin Jackson,1610612742,DAL,25.0,62,16.7,4.03,2.27,1.76,0.44,0.0,0.21,0.53,0.26,0.19,0.45,0.571,0.429,0.02,0.89,0.9,0.47,0.11,0.018,0.982,0.853,0.206,2019-20
1629713,Justin James,1610612758,SAC,23.0,20,10.5,3.0,1.8,1.2,0.45,0.0,0.05,0.15,0.15,0.2,0.35,0.429,0.571,0.0,0.25,0.25,0.2,0.05,0.0,1.0,0.8,0.2,2019-20
1628383,Justin Patton,1610612765,DET,23.0,5,4.9,2.6,2.2,0.4,0.4,0.0,1.0,2.0,0.2,0.0,0.2,1.0,0.0,0.0,1.0,1.0,0.2,0.0,0.0,1.0,1.0,0.0,2019-20
1629620,Justin Robinson,1610612764,WAS,22.0,7,6.8,1.0,0.29,0.71,0.43,0.14,0.0,0.0,0.29,0.0,0.29,1.0,0.0,0.0,0.43,0.43,0.43,0.0,0.0,1.0,1.0,0.0,2019-20
1629625,Justin Wright-Foreman,1610612762,UTA,22.0,4,11.3,1.0,0.25,0.75,0.5,0.0,0.0,0.0,0.25,0.5,0.75,0.333,0.667,0.0,0.75,0.75,0.5,0.0,0.0,1.0,1.0,0.0,2019-20
1626159,Justise Winslow,1610612763,MEM,24.0,11,32.0,6.91,3.27,3.64,1.09,0.18,0.73,1.91,0.45,0.09,0.55,0.833,0.167,0.09,1.09,1.18,0.45,0.18,0.077,0.923,0.625,0.25,2019-20
203994,Jusuf Nurkić,1610612757,POR,25.0,8,31.6,13.88,8.88,5.0,2.88,0.0,5.5,13.13,0.0,0.63,0.63,0.0,1.0,1.38,4.38,5.75,1.88,1.25,0.239,0.761,0.517,0.345,2019-20
1629752,Juwan Morgan,1610612762,UTA,23.0,18,7.2,2.61,1.78,0.83,0.33,0.0,0.44,1.0,0.0,0.11,0.11,0.0,1.0,0.06,1.44,1.5,0.67,0.22,0.037,0.963,0.923,0.308,2019-20
1629644,KZ Okpala,1610612748,MIA,21.0,3,7.9,1.33,0.0,1.33,0.33,0.0,0.0,0.0,0.0,0.0,0.0,0.0,0.0,0.0,0.33,0.33,0.33,0.0,0.0,1.0,1.0,0.0,2019-20
1628443,Kadeem Allen,1610612752,NYK,27.0,8,13.8,3.25,2.13,1.13,1.75,0.13,0.25,0.5,0.38,0.13,0.5,0.75,0.25,0.0,0.25,0.25,0.25,0.0,0.0,1.0,1.0,0.0,2019-20
1626157,Karl-Anthony Towns,1610612750,MIN,24.0,35,33.9,13.89,10.69,3.2,1.91,0.09,3.66,8.43,0.49,0.69,1.17,0.415,0.585,0.4,3.03,3.43,2.09,1.17,0.117,0.883,0.901,0.506,2019-20
202695,Kawhi Leonard,1610612746,LAC,29.0,57,32.4,7.21,3.33,3.88,3.53,0.0,0.4,0.93,0.68,0.68,1.37,0.5,0.5,0.0,1.54,1.54,0.82,0.3,0.0,1.0,0.797,0.288,2019-20
1628966,Keita Bates-Diop,1610612743,DEN,24.0,43,17.3,4.7,2.77,1.93,0.67,0.0,0.33,0.72,0.16,0.33,0.49,0.333,0.667,0.0,0.63,0.63,0.28,0.05,0.0,1.0,1.0,0.167,2019-20
1629103,Kelan Martin,1610612750,MIN,24.0,30,16.2,3.87,2.37,1.5,0.63,0.0,0.03,0.07,0.23,0.17,0.4,0.583,0.417,0.0,0.97,0.97,0.47,0.13,0.0,1.0,0.933,0.267,2019-20
1629640,Keldon Johnson,1610612759,SAS,20.0,15,19.8,4.87,2.33,2.53,1.73,0.0,0.13,0.27,0.4,0.4,0.8,0.5,0.5,0.07,0.33,0.4,0.0,0.0,0.167,0.833,0.0,0.0,2019-20
203482,Kelly Olynyk,1610612748,MIA,29.0,66,19.6,5.65,3.39,2.26,1.32,0.18,1.08,2.71,0.2,0.35,0.55,0.361,0.639,0.24,2.03,2.27,1.17,0.29,0.107,0.893,0.77,0.19,2019-20
1626162,Kelly Oubre Jr.,1610612756,PHX,24.0,56,34.5,5.89,3.25,2.64,3.09,0.05,0.13,0.25,0.5,0.52,1.02,0.491,0.509,0.07,0.82,0.89,0.59,0.23,0.08,0.92,0.971,0.382,2019-20
202689,Kemba Walker,1610612738,BOS,30.0,56,31.1,7.07,3.48,3.59,1.63,0.32,0.23,0.52,0.52,0.61,1.13,0.46,0.54,0.0,0.48,0.48,0.27,0.05,0.0,1.0,0.833,0.167,2019-20
1629134,Kendrick Nunn,1610612748,MIA,24.0,67,29.3,6.25,2.64,3.61,1.48,0.01,0.24,0.58,0.34,0.39,0.73,0.469,0.531,0.01,1.07,1.09,0.73,0.13,0.014,0.986,0.875,0.161,2019-20
1629026,Kenrich Williams,1610612740,NOP,25.0,36,22.7,6.61,3.89,2.72,1.72,0.17,0.42,1.08,0.44,0.64,1.08,0.41,0.59,0.11,1.92,2.03,0.86,0.19,0.055,0.945,0.816,0.184,2019-20
203145,Kent Bazemore,1610612758,SAC,30.0,68,24.8,6.26,3.59,2.68,2.74,0.09,0.29,0.75,0.37,0.53,0.9,0.41,0.59,0.01,0.47,0.49,0.24,0.12,0.03,0.97,0.889,0.444,2019-20
203484,Kentavious Caldwell-Pope,1610612747,LAL,27.0,69,25.5,3.17,1.3,1.87,1.55,0.04,0.23,0.51,0.32,0.46,0.78,0.407,0.593,0.13,0.91,1.04,0.49,0.14,0.125,0.875,0.81,0.238,2019-20
1628987,Kevin Hervey,1610612760,OKC,23.0,7,7.2,3.14,2.0,1.14,0.71,0.0,0.14,0.29,0.0,0.43,0.43,0.0,1.0,0.14,0.14,0.29,0.0,0.0,0.5,0.5,0.0,0.0,2019-20
1628989,Kevin Huerter,1610612737,ATL,21.0,56,31.4,6.32,3.18,3.14,2.05,0.0,0.27,0.68,0.29,0.41,0.7,0.41,0.59,0.09,0.95,1.04,0.73,0.16,0.086,0.914,0.953,0.209,2019-20
1628995,Kevin Knox II,1610612752,NYK,20.0,62,18.4,4.68,2.56,2.11,0.52,0.0,0.15,0.35,0.19,0.18,0.37,0.522,0.478,0.0,0.53,0.53,0.32,0.1,0.0,1.0,0.952,0.286,2019-20
201567,Kevin Love,1610612739,CLE,31.0,56,31.8,6.36,3.75,2.61,0.73,0.16,1.82,4.09,0.3,0.45,0.75,0.405,0.595,0.38,3.45,3.82,2.29,1.38,0.098,0.902,0.914,0.55,2019-20
1629645,Kevin Porter Jr.,1610612739,CLE,20.0,50,23.2,5.7,2.94,2.76,1.64,0.0,0.1,0.26,0.3,0.24,0.54,0.556,0.444,0.04,0.44,0.48,0.34,0.06,0.083,0.917,0.944,0.167,2019-20
1626172,Kevon Looney,1610612744,GSW,24.0,20,13.1,4.7,2.9,1.8,0.85,0.0,1.65,3.9,0.2,0.2,0.4,0.5,0.5,0.15,2.35,2.5,1.35,0.7,0.06,0.94,0.964,0.5,2019-20
203920,Khem Birch,1610612753,ORL,27.0,47,19.6,5.94,4.43,1.51,0.83,0.11,3.43,7.94,0.32,0.3,0.62,0.517,0.483,0.36,1.98,2.34,0.96,0.43,0.155,0.845,0.682,0.303,2019-20
203114,Khris Middleton,1610612749,MIL,28.0,62,29.9,5.73,2.4,3.32,1.82,0.1,0.53,1.19,0.37,0.45,0.82,0.451,0.549,0.08,1.18,1.26,0.71,0.26,0.064,0.936,0.786,0.286,2019-20
1629017,Khyri Thomas,1610612765,DET,24.0,7,8.5,0.71,0.57,0.14,1.0,0.0,0.0,0.0,0.0,0.29,0.29,0.0,1.0,0.0,0.14,0.14,0.0,0.0,0.0,1.0,0.0,0.0,2019-20
1628961,Kostas Antetokounmpo,1610612747,LAL,22.0,5,4.0,2.2,1.8,0.4,0.2,0.0,1.0,2.2,0.0,0.0,0.0,0.0,0.0,0.0,0.4,0.4,0.2,0.0,0.0,1.0,1.0,0.0,2019-20
1627739,Kris Dunn,1610612741,CHI,26.0,50,25.4,6.08,2.68,3.4,3.78,0.0,0.26,0.58,0.4,0.8,1.2,0.333,0.667,0.0,0.74,0.74,0.38,0.12,0.0,1.0,1.0,0.316,2019-20
204001,Kristaps Porziņģis,1610612742,DAL,24.0,57,31.8,12.79,9.81,2.98,1.47,0.0,2.28,5.39,0.46,0.54,1.0,0.456,0.544,0.14,2.67,2.81,1.67,0.86,0.05,0.95,0.905,0.467,2019-20
1629065,Ky Bowman,1610612744,GSW,23.0,44,22.7,5.61,2.86,2.75,2.41,0.11,0.18,0.45,0.52,0.61,1.14,0.46,0.54,0.0,0.86,0.86,0.52,0.05,0.0,1.0,0.92,0.08,2019-20
1629734,Kyle Alexander,1610612748,MIA,23.0,2,6.7,2.5,1.5,1.0,0.0,0.0,0.5,1.5,0.0,0.0,0.0,0.0,0.0,0.0,0.0,0.0,0.0,0.0,0.0,0.0,0.0,0.0,2019-20
203937,Kyle Anderson,1610612763,MEM,26.0,67,19.8,5.58,3.21,2.37,1.48,0.03,0.57,1.28,0.22,0.36,0.58,0.385,0.615,0.13,0.63,0.76,0.52,0.27,0.176,0.824,0.921,0.474,2019-20
1629657,Kyle Guy,1610612758,SAC,22.0,2,3.5,1.5,1.0,0.5,0.0,0.0,0.0,0.0,0.0,0.0,0.0,0.0,0.0,0.0,1.0,1.0,0.0,0.0,0.0,1.0,0.0,0.0,2019-20
2594,Kyle Korver,1610612749,MIL,39.0,57,16.8,3.14,1.61,1.53,1.04,0.09,0.28,0.65,0.16,0.19,0.35,0.45,0.55,0.02,0.72,0.74,0.4,0.04,0.024,0.976,0.767,0.067,2019-20
1628398,Kyle Kuzma,1610612747,LAL,24.0,61,25.0,6.61,4.41,2.2,0.64,0.1,0.36,0.89,0.26,0.34,0.61,0.432,0.568,0.15,1.72,1.87,0.89,0.38,0.079,0.921,0.9,0.383,2019-20
200768,Kyle Lowry,1610612761,TOR,34.0,58,36.2,5.72,2.41,3.31,2.98,0.59,0.4,0.93,0.57,0.59,1.16,0.493,0.507,0.17,1.71,1.88,1.33,0.24,0.092,0.908,0.828,0.151,2019-20
203124,Kyle O'Quinn,1610612755,PHI,30.0,28,11.1,4.82,3.75,1.07,0.71,0.04,0.82,1.75,0.21,0.07,0.29,0.75,0.25,0.36,1.39,1.75,0.86,0.39,0.204,0.796,0.8,0.367,2019-20
202681,Kyrie Irving,1610612751,BKN,28.0,20,32.9,4.55,2.5,2.05,2.05,0.15,0.25,0.65,0.85,0.7,1.55,0.548,0.452,0.05,0.8,0.85,0.45,0.0,0.059,0.941,0.818,0.0,2019-20
200746,LaMarcus Aldridge,1610612759,SAS,34.0,53,33.1,12.47,9.68,2.79,1.49,0.0,4.36,9.64,0.47,0.32,0.79,0.595,0.405,0.49,5.02,5.51,3.19,1.38,0.089,0.911,0.929,0.401,2019-20
202498,Lance Thomas,1610612751,BKN,32.0,6,16.0,3.0,1.67,1.33,0.17,0.0,1.17,2.67,0.17,0.0,0.17,1.0,0.0,0.0,1.83,1.83,0.17,0.17,0.0,1.0,0.125,0.125,2019-20
1629013,Landry Shamet,1610612746,LAC,23.0,53,27.4,5.68,3.09,2.58,1.3,0.04,0.47,1.13,0.15,0.25,0.4,0.381,0.619,0.0,0.85,0.85,0.45,0.08,0.0,1.0,0.75,0.125,2019-20
204038,Langston Galloway,1610612765,DET,28.0,66,25.8,5.0,2.59,2.41,1.3,0.11,0.12,0.27,0.39,0.55,0.94,0.419,0.581,0.02,0.55,0.56,0.38,0.08,0.027,0.973,0.862,0.172,2019-20
1626204,Larry Nance Jr.,1610612739,CLE,27.0,56,26.3,5.91,3.79,2.13,2.16,0.09,1.48,3.46,0.5,0.55,1.05,0.475,0.525,0.75,2.86,3.61,1.89,0.96,0.208,0.792,0.876,0.446,2019-20
1628374,Lauri Markkanen,1610612741,CHI,23.0,50,29.8,9.3,6.24,3.06,1.6,0.02,1.06,2.36,0.3,0.42,0.72,0.417,0.583,0.06,1.98,2.04,1.24,0.32,0.029,0.971,0.925,0.239,2019-20
2544,LeBron James,1610612747,LAL,35.0,67,34.6,4.09,2.25,1.84,1.93,0.15,0.46,1.04,0.45,0.72,1.16,0.385,0.615,0.16,1.4,1.57,0.85,0.51,0.105,0.895,0.814,0.486,2019-20
1629022,Lonnie Walker IV,1610612759,SAS,21.0,57,17.2,3.84,1.98,1.86,0.93,0.0,0.16,0.39,0.21,0.21,0.42,0.5,0.5,0.0,0.32,0.32,0.23,0.05,0.0,1.0,0.813,0.188,2019-20
1628366,Lonzo Ball,1610612740,NOP,22.0,63,32.1,7.29,4.0,3.29,2.95,0.02,0.33,0.83,0.52,0.56,1.08,0.485,0.515,0.05,0.46,0.51,0.29,0.11,0.094,0.906,0.818,0.318,2019-20
101150,Lou Williams,1610612746,LAC,33.0,65,28.7,3.95,1.43,2.52,1.32,0.09,0.4,0.85,0.37,0.4,0.77,0.48,0.52,0.0,0.54,0.54,0.28,0.03,0.0,1.0,0.783,0.087,2019-20
1629663,Louis King,1610612765,DET,21.0,7,7.1,1.29,0.71,0.57,0.57,0.0,0.0,0.0,0.14,0.29,0.43,0.333,0.667,0.0,0.43,0.43,0.14,0.14,0.0,1.0,1.0,1.0,2019-20
201601,Luc Mbah a Moute,1610612745,HOU,33.0,3,8.2,2.33,0.67,1.67,0.67,0.0,0.33,0.67,0.33,0.0,0.33,1.0,0.0,0.0,0.0,0.0,0.0,0.0,0.0,0.0,0.0,0.0,2019-20
1629652,Luguentz Dort,1610612760,OKC,21.0,36,22.8,6.28,2.97,3.31,1.22,0.14,0.06,0.14,0.25,0.72,0.97,0.257,0.743,0.03,0.69,0.72,0.28,0.06,0.038,0.962,0.588,0.118,2019-20
1629029,Luka Dončić,1610612742,DAL,21.0,60,34.1,5.38,3.1,2.28,1.57,0.03,0.05,0.1,0.65,0.55,1.2,0.542,0.458,0.02,0.3,0.32,0.18,0.07,0.053,0.947,0.917,0.333,2019-20
1629677,Luka Samanic,1610612759,SAS,20.0,3,16.1,7.67,4.67,3.0,0.33,0.0,0.67,1.33,0.33,0.33,0.67,0.5,0.5,0.0,0.67,0.67,0.33,0.0,0.0,1.0,0.5,0.0,2019-20
1628379,Luke Kennard,1610612765,DET,24.0,28,32.9,5.18,2.43,2.75,0.79,0.0,0.32,0.75,0.43,0.5,0.93,0.462,0.538,0.0,0.64,0.64,0.36,0.11,0.0,1.0,0.833,0.25,2019-20
1628436,Luke Kornet,1610612741,CHI,24.0,36,15.5,6.64,5.28,1.36,0.64,0.0,1.78,3.97,0.14,0.06,0.19,0.714,0.286,0.17,2.44,2.61,1.44,0.56,0.064,0.936,0.945,0.364,2019-20
1627763,Malcolm Brogdon,1610612754,IND,27.0,53,31.3,5.08,2.81,2.26,1.49,0.0,0.19,0.4,0.64,0.58,1.23,0.523,0.477,0.13,0.34,0.47,0.26,0.11,0.28,0.72,0.737,0.316,2019-20
1626259,Malcolm Miller,1610612761,TOR,27.0,21,7.2,2.38,1.24,1.14,0.52,0.05,0.33,0.9,0.05,0.1,0.14,0.333,0.667,0.1,1.0,1.1,0.48,0.14,0.087,0.913,0.769,0.231,2019-20
1627736,Malik Beasley,1610612750,MIN,23.0,53,22.5,3.43,1.91,1.53,1.43,0.04,0.08,0.17,0.15,0.36,0.51,0.296,0.704,0.04,0.64,0.68,0.45,0.09,0.056,0.944,0.857,0.179,2019-20
1628370,Malik Monk,1610612766,CHA,22.0,55,21.3,3.91,1.87,2.04,1.0,0.04,0.16,0.44,0.31,0.24,0.55,0.567,0.433,0.02,0.24,0.25,0.13,0.07,0.071,0.929,0.875,0.5,2019-20
201188,Marc Gasol,1610612761,TOR,35.0,44,26.4,10.32,8.55,1.77,1.61,0.18,2.05,4.95,0.2,0.3,0.5,0.409,0.591,0.18,3.45,3.64,2.16,0.75,0.05,0.95,0.864,0.3,2019-20
201158,Marco Belinelli,1610612759,SAS,34.0,51,16.8,2.67,0.82,1.84,0.47,0.0,0.12,0.27,0.16,0.16,0.31,0.5,0.5,0.0,0.31,0.31,0.22,0.04,0.0,1.0,0.917,0.167,2019-20
202694,Marcus Morris Sr.,1610612746,LAC,30.0,62,31.2,5.66,2.92,2.74,1.44,0.1,0.6,1.52,0.48,0.47,0.95,0.508,0.492,0.18,2.0,2.18,1.05,0.39,0.081,0.919,0.765,0.282,2019-20
203935,Marcus Smart,1610612738,BOS,26.0,60,32.0,6.72,3.08,3.63,3.2,0.2,0.38,0.85,0.43,0.83,1.27,0.342,0.658,0.05,1.53,1.58,0.98,0.28,0.032,0.968,0.831,0.239,2019-20
1629621,Marial Shayok,1610612755,PHI,24.0,4,7.0,1.5,0.5,1.0,0.0,0.25,0.0,0.0,0.5,0.25,0.75,0.667,0.333,0.0,0.5,0.5,0.25,0.25,0.0,1.0,0.5,0.5,2019-20
1626209,Mario Hezonja,1610612757,POR,25.0,50,17.0,4.42,2.26,2.16,1.28,0.04,0.32,0.78,0.18,0.32,0.5,0.36,0.64,0.04,1.08,1.12,0.7,0.26,0.036,0.964,0.972,0.361,2019-20
1628365,Markelle Fultz,1610612753,ORL,22.0,72,27.7,6.29,3.35,2.94,2.17,0.03,0.36,0.9,0.35,0.5,0.85,0.41,0.59,0.03,0.76,0.79,0.54,0.04,0.035,0.965,0.813,0.063,2019-20
202693,Markieff Morris,1610612747,LAL,30.0,58,20.5,4.72,2.47,2.26,1.21,0.02,0.95,2.16,0.21,0.4,0.6,0.343,0.657,0.07,1.79,1.86,1.1,0.43,0.037,0.963,0.889,0.347,2019-20
1629741,Marko Guduric,1610612763,MEM,25.0,39,11.9,2.26,1.08,1.18,0.82,0.03,0.05,0.13,0.13,0.21,0.33,0.385,0.615,0.05,0.26,0.31,0.15,0.05,0.167,0.833,0.75,0.25,2019-20
1629716,Marques Bolden,1610612739,CLE,22.0,1,2.8,0.0,0.0,0.0,1.0,0.0,0.0,0.0,0.0,0.0,0.0,0.0,0.0,0.0,0.0,0.0,0.0,0.0,0.0,0.0,0.0,0.0,2019-20
1627737,Marquese Chriss,1610612744,GSW,22.0,59,20.3,8.61,6.46,2.15,1.51,0.05,3.63,8.39,0.29,0.2,0.49,0.586,0.414,0.24,2.0,2.24,1.1,0.64,0.106,0.894,0.878,0.514,2019-20
1628963,Marvin Bagley III,1610612758,SAC,21.0,13,25.7,8.54,6.08,2.46,1.0,0.08,2.54,5.85,0.46,0.15,0.62,0.75,0.25,0.77,2.54,3.31,1.85,1.08,0.233,0.767,0.923,0.538,2019-20
101107,Marvin Williams,1610612749,MIL,34.0,57,19.6,6.09,3.72,2.37,1.28,0.11,0.67,1.63,0.16,0.21,0.37,0.429,0.571,0.21,2.23,2.44,1.12,0.16,0.086,0.914,0.736,0.103,2019-20
203486,Mason Plumlee,1610612743,DEN,30.0,61,17.3,6.2,4.39,1.8,1.31,0.11,2.44,5.36,0.18,0.15,0.33,0.55,0.45,0.34,1.25,1.59,0.72,0.28,0.216,0.784,0.8,0.309,2019-20
1629680,Matisse Thybulle,1610612755,PHI,23.0,65,19.8,4.55,2.55,2.0,2.57,0.0,0.18,0.48,0.22,0.63,0.85,0.255,0.745,0.02,0.54,0.55,0.31,0.03,0.028,0.972,0.769,0.077,2019-20
1629760,Matt Mooney,1610612739,CLE,25.0,3,5.7,1.33,0.33,1.0,1.0,0.0,0.0,0.0,0.0,0.33,0.33,0.0,1.0,0.0,1.0,1.0,0.67,0.33,0.0,1.0,1.0,0.5,2019-20
1629744,Matt Thomas,1610612761,TOR,25.0,38,11.4,2.16,0.79,1.37,0.42,0.03,0.05,0.11,0.05,0.18,0.24,0.222,0.778,0.03,0.32,0.34,0.11,0.03,0.077,0.923,0.444,0.111,2019-20
203521,Matthew Dellavedova,1610612739,CLE,29.0,52,15.3,2.87,1.46,1.4,0.67,0.08,0.23,0.56,0.19,0.21,0.4,0.476,0.524,0.08,1.08,1.15,0.71,0.08,0.067,0.933,0.86,0.093,2019-20
203090,Maurice Harkless,1610612752,NYK,27.0,62,23.0,5.55,3.23,2.32,2.18,0.0,0.53,1.31,0.23,0.35,0.58,0.389,0.611,0.13,0.82,0.95,0.63,0.26,0.136,0.864,0.929,0.381,2019-20
1629622,Max Strus,1610612741,CHI,24.0,2,3.1,1.0,1.0,0.0,0.0,0.0,0.0,0.0,0.0,0.0,0.0,0.0,0.0,0.0,0.5,0.5,0.0,0.0,0.0,1.0,0.0,0.0,2019-20
1628467,Maxi Kleber,1610612742,DAL,28.0,74,25.5,9.97,7.31,2.66,0.86,0.09,2.26,5.26,0.27,0.22,0.49,0.556,0.444,0.28,3.34,3.62,1.99,0.62,0.078,0.922,0.855,0.267,2019-20
1628982,Melvin Frazier Jr.,1610612753,ORL,23.0,13,8.9,1.92,0.92,1.0,0.77,0.0,0.08,0.15,0.0,0.23,0.23,0.0,1.0,0.08,0.54,0.62,0.08,0.0,0.125,0.875,0.167,0.0,2019-20
203086,Meyers Leonard,1610612748,MIA,28.0,51,20.3,7.0,5.2,1.8,0.61,0.06,1.47,3.57,0.16,0.12,0.27,0.571,0.429,0.43,4.02,4.45,2.49,0.88,0.097,0.903,0.836,0.296,2019-20
1629662,Mfiondu Kabengele,1610612746,LAC,22.0,11,5.8,3.0,2.64,0.36,0.45,0.0,0.73,1.64,0.0,0.18,0.18,0.0,1.0,0.0,0.0,0.0,0.0,0.0,0.0,0.0,0.0,0.0,2019-20
203487,Michael Carter-Williams,1610612753,ORL,28.0,45,18.5,4.47,2.2,2.27,1.64,0.2,0.09,0.2,0.49,0.38,0.87,0.564,0.436,0.09,0.4,0.49,0.33,0.04,0.182,0.818,0.938,0.125,2019-20
1626187,Michael Frazier II,1610612745,HOU,26.0,11,13.0,2.64,1.73,0.91,0.82,0.09,0.0,0.0,0.18,0.0,0.18,1.0,0.0,0.0,0.36,0.36,0.09,0.0,0.0,1.0,0.25,0.0,2019-20
203077,Michael Kidd-Gilchrist,1610612742,DAL,26.0,22,12.0,3.68,2.0,1.68,0.36,0.0,0.41,0.91,0.09,0.23,0.32,0.286,0.714,0.14,1.59,1.73,1.0,0.41,0.079,0.921,0.815,0.333,2019-20
1629008,Michael Porter Jr.,1610612743,DEN,22.0,53,16.7,4.72,3.02,1.7,0.89,0.0,0.06,0.15,0.28,0.21,0.49,0.577,0.423,0.13,0.25,0.38,0.21,0.11,0.35,0.65,0.786,0.429,2019-20
1628969,Mikal Bridges,1610612756,PHX,23.0,73,28.0,6.68,4.34,2.34,2.78,0.01,0.16,0.38,0.36,0.49,0.85,0.419,0.581,0.04,1.42,1.47,0.64,0.15,0.028,0.972,0.855,0.2,2019-20
201144,Mike Conley,1610612762,UTA,32.0,47,29.0,5.15,2.09,3.06,1.32,0.15,0.45,1.13,0.62,0.51,1.13,0.547,0.453,0.0,0.51,0.51,0.34,0.06,0.0,1.0,0.941,0.176,2019-20
203488,Mike Muscala,1610612760,OKC,28.0,43,13.1,6.65,5.42,1.23,0.6,0.05,1.26,2.67,0.07,0.07,0.14,0.5,0.5,0.19,2.53,2.72,1.26,0.37,0.068,0.932,0.761,0.225,2019-20
203118,Mike Scott,1610612755,PHI,31.0,67,18.0,3.19,1.7,1.49,0.55,0.0,0.67,1.57,0.16,0.37,0.54,0.306,0.694,0.31,2.07,2.39,1.24,0.58,0.131,0.869,0.856,0.402,2019-20
1628970,Miles Bridges,1610612766,CHA,22.0,65,30.7,8.62,4.98,3.63,1.29,0.03,0.15,0.43,0.62,0.28,0.89,0.69,0.31,0.06,1.11,1.17,0.68,0.22,0.053,0.947,0.936,0.298,2019-20
1629011,Mitchell Robinson,1610612752,NYK,22.0,61,23.2,10.46,7.56,2.9,1.66,0.03,2.48,5.43,0.34,0.36,0.7,0.488,0.512,0.59,3.77,4.36,2.43,1.1,0.135,0.865,0.908,0.411,2019-20
1629671,Miye Oni,1610612762,UTA,22.0,9,12.0,3.56,2.11,1.44,0.67,0.0,0.11,0.33,0.11,0.22,0.33,0.333,0.667,0.11,0.67,0.78,0.11,0.0,0.143,0.857,0.25,0.0,2019-20
1628964,Mo Bamba,1610612753,ORL,22.0,61,14.3,6.75,5.38,1.38,0.56,0.0,2.46,5.95,0.25,0.21,0.46,0.536,0.464,0.39,1.52,1.92,1.23,0.66,0.205,0.795,0.915,0.488,2019-20
1628420,Monte Morris,1610612743,DEN,25.0,72,22.5,3.04,1.57,1.47,1.24,0.06,0.31,0.64,0.31,0.29,0.6,0.512,0.488,0.0,0.5,0.5,0.24,0.03,0.0,1.0,0.654,0.077,2019-20
1626149,Montrezl Harrell,1610612746,LAC,26.0,63,27.8,12.32,8.7,3.62,0.89,0.48,3.21,7.51,0.38,0.35,0.73,0.522,0.478,0.41,5.35,5.76,3.32,1.11,0.072,0.928,0.917,0.307,2019-20
1629021,Moritz Wagner,1610612764,WAS,23.0,45,18.6,6.02,4.53,1.49,1.47,0.6,2.76,6.33,0.44,0.49,0.93,0.476,0.524,0.24,2.93,3.18,1.56,0.69,0.077,0.923,0.824,0.365,2019-20
1629650,Moses Brown,1610612757,POR,20.0,5,5.8,3.2,2.8,0.4,0.6,0.0,0.6,1.2,0.4,0.0,0.4,1.0,0.0,0.0,0.4,0.4,0.2,0.2,0.0,1.0,1.0,1.0,2019-20
1628539,Mychal Mulder,1610612744,GSW,26.0,7,29.1,7.43,3.71,3.71,0.71,0.0,0.14,0.43,0.29,0.29,0.57,0.5,0.5,0.0,1.71,1.71,1.0,0.14,0.0,1.0,0.7,0.1,2019-20
1626167,Myles Turner,1610612754,IND,24.0,62,29.4,11.1,8.74,2.35,1.58,0.05,2.63,5.89,0.29,0.21,0.5,0.581,0.419,0.21,2.85,3.06,1.74,0.5,0.068,0.932,0.844,0.242,2019-20
1629642,Nassir Little,1610612757,POR,20.0,45,12.4,3.93,2.16,1.78,0.44,0.0,0.51,1.2,0.24,0.11,0.36,0.688,0.313,0.02,0.71,0.73,0.24,0.02,0.03,0.97,0.846,0.077,2019-20
1628513,Naz Mitrou-Long,1610612754,IND,26.0,4,11.1,1.75,1.0,0.75,1.0,0.25,0.0,0.0,0.25,0.25,0.5,0.5,0.5,0.0,0.75,0.75,0.75,0.0,0.0,1.0,1.0,0.0,2019-20
1629675,Naz Reid,1610612750,MIN,20.0,28,17.6,7.96,5.71,2.25,1.21,0.07,2.5,5.82,0.29,0.21,0.5,0.571,0.429,0.25,2.32,2.57,1.5,0.46,0.097,0.903,0.808,0.25,2019-20
202357,Nemanja Bjelica,1610612758,SAC,32.0,72,27.9,9.56,5.32,4.24,2.01,0.0,0.97,2.32,0.28,0.32,0.6,0.465,0.535,0.22,1.83,2.06,1.01,0.47,0.108,0.892,0.793,0.37,2019-20
203457,Nerlens Noel,1610612760,OKC,26.0,61,18.5,8.28,6.64,1.64,2.61,0.11,2.72,5.85,0.52,0.28,0.8,0.653,0.347,0.21,2.75,2.97,1.26,0.54,0.072,0.928,0.77,0.33,2019-20
1629651,Nic Claxton,1610612751,BKN,21.0,15,12.5,6.73,5.07,1.67,0.33,0.0,1.2,2.93,0.0,0.2,0.2,0.0,1.0,0.13,1.93,2.07,1.27,0.27,0.065,0.935,0.905,0.19,2019-20
1629638,Nickeil Alexander-Walker,1610612740,NOP,21.0,45,13.1,3.13,1.76,1.38,0.93,0.09,0.11,0.27,0.18,0.2,0.38,0.471,0.529,0.02,0.47,0.49,0.22,0.07,0.045,0.955,0.769,0.231,2019-20
201587,Nicolas Batum,1610612766,CHA,31.0,22,23.0,7.0,4.05,2.95,1.27,0.23,0.27,0.68,0.32,0.68,1.0,0.318,0.682,0.23,0.5,0.73,0.41,0.36,0.313,0.688,0.818,0.727,2019-20
1629740,Nicolo Melli,1610612740,NOP,29.0,60,17.4,5.15,3.52,1.63,1.15,0.02,0.83,2.03,0.23,0.22,0.45,0.519,0.481,0.23,2.37,2.6,1.3,0.55,0.09,0.91,0.839,0.355,2019-20
1628430,Nigel Williams-Goss,1610612762,UTA,25.0,8,6.0,1.13,0.88,0.25,0.38,0.0,0.0,0.0,0.0,0.0,0.0,0.0,0.0,0.0,0.75,0.75,0.38,0.0,0.0,1.0,0.6,0.0,2019-20
203999,Nikola Jokić,1610612743,DEN,25.0,73,32.0,8.81,6.23,2.58,2.79,0.07,4.05,9.03,0.51,0.52,1.03,0.493,0.507,0.62,3.52,4.14,2.45,1.37,0.149,0.851,0.886,0.495,2019-20
202696,Nikola Vučević,1610612753,ORL,29.0,62,32.2,10.11,7.94,2.18,1.74,0.0,5.03,11.45,0.56,0.31,0.87,0.648,0.352,0.44,4.9,5.34,2.85,1.23,0.082,0.918,0.827,0.355,2019-20
203943,Noah Vonleh,1610612743,DEN,24.0,34,11.1,4.12,2.94,1.18,0.56,0.0,1.88,4.44,0.32,0.24,0.56,0.579,0.421,0.18,1.29,1.47,0.97,0.53,0.12,0.88,0.917,0.5,2019-20
1626181,Norman Powell,1610612761,TOR,27.0,52,28.4,4.69,1.85,2.85,2.42,0.0,0.1,0.23,0.37,0.6,0.96,0.38,0.62,0.04,0.75,0.79,0.38,0.1,0.049,0.951,0.69,0.172,2019-20
203658,Norvel Pelle,1610612755,PHI,27.0,21,10.8,5.33,4.43,0.9,0.24,0.0,1.9,4.33,0.14,0.14,0.29,0.5,0.5,0.33,1.48,1.81,1.14,0.71,0.184,0.816,0.8,0.5,2019-20
1628384,OG Anunoby,1610612761,TOR,22.0,68,30.4,7.34,4.0,3.34,2.53,0.06,0.47,1.19,0.46,0.59,1.04,0.437,0.563,0.18,2.24,2.41,1.44,0.57,0.073,0.927,0.899,0.358,2019-20
1629016,Omari Spellman,1610612750,MIN,22.0,48,18.4,6.81,4.35,2.46,1.1,0.0,1.25,3.02,0.29,0.38,0.67,0.438,0.563,0.35,1.58,1.94,1.15,0.5,0.183,0.817,0.902,0.393,2019-20
1629052,Oshae Brissett,1610612761,TOR,22.0,15,8.6,2.2,0.73,1.47,0.6,0.0,0.13,0.33,0.13,0.2,0.33,0.4,0.6,0.07,0.47,0.53,0.27,0.13,0.125,0.875,0.8,0.4,2019-20
203490,Otto Porter Jr.,1610612741,CHI,27.0,14,23.6,4.36,2.71,1.64,1.29,0.07,0.07,0.14,0.29,0.43,0.71,0.4,0.6,0.21,0.0,0.21,0.14,0.14,1.0,0.0,1.0,1.0,2019-20
200782,P.J. Tucker,1610612745,HOU,35.0,71,34.7,9.31,4.72,4.59,2.17,0.34,1.3,3.28,0.69,0.8,1.49,0.462,0.538,0.37,3.54,3.92,1.99,0.75,0.094,0.903,0.806,0.303,2019-20
1629023,P.J. Washington,1610612766,CHA,21.0,58,30.3,9.21,5.59,3.62,2.26,0.0,0.97,2.34,0.43,0.5,0.93,0.463,0.537,0.1,2.26,2.36,1.22,0.52,0.044,0.956,0.899,0.38,2019-20
1628408,PJ Dozier,1610612743,DEN,23.0,25,16.3,3.44,2.2,1.24,0.88,0.04,0.12,0.24,0.24,0.2,0.44,0.545,0.455,0.0,0.64,0.64,0.28,0.08,0.0,1.0,0.636,0.182,2019-20
1627783,Pascal Siakam,1610612761,TOR,26.0,60,35.2,10.33,4.73,5.6,1.65,0.02,0.92,2.4,0.62,0.67,1.28,0.481,0.519,0.05,2.68,2.73,1.3,0.45,0.018,0.982,0.804,0.278,2019-20
1626192,Pat Connaughton,1610612749,MIL,27.0,65,19.0,6.37,3.12,3.25,0.62,0.0,0.28,0.72,0.43,0.31,0.74,0.583,0.417,0.05,0.54,0.58,0.26,0.08,0.079,0.921,0.708,0.208,2019-20
201976,Patrick Beverley,1610612746,LAC,31.0,51,26.3,4.22,2.31,1.9,2.24,0.16,0.59,1.41,0.65,0.67,1.31,0.493,0.507,0.06,0.22,0.27,0.18,0.08,0.214,0.786,0.818,0.364,2019-20
1627775,Patrick McCaw,1610612761,TOR,24.0,34,25.7,3.94,1.59,2.35,1.74,0.0,0.29,0.76,0.38,0.44,0.82,0.464,0.536,0.0,0.71,0.71,0.32,0.12,0.0,1.0,0.917,0.333,2019-20
202335,Patrick Patterson,1610612746,LAC,31.0,56,13.7,3.68,2.04,1.64,0.23,0.07,0.57,1.43,0.09,0.16,0.25,0.357,0.643,0.11,1.59,1.7,0.71,0.23,0.063,0.937,0.645,0.21,2019-20
201988,Patty Mills,1610612759,SAS,31.0,66,22.5,2.35,1.02,1.33,1.14,0.09,0.5,1.08,0.36,0.39,0.76,0.48,0.52,0.0,0.76,0.76,0.52,0.06,0.0,1.0,0.895,0.105,2019-20
202331,Paul George,1610612746,LAC,30.0,48,29.6,6.65,3.5,3.15,2.96,0.15,0.42,0.92,0.46,0.73,1.19,0.386,0.614,0.02,1.29,1.31,0.69,0.21,0.016,0.984,0.702,0.213,2019-20
200794,Paul Millsap,1610612743,DEN,35.0,51,24.3,7.1,4.04,3.06,1.55,0.08,0.51,1.18,0.33,0.51,0.84,0.395,0.605,0.55,1.35,1.9,1.12,0.55,0.289,0.711,0.77,0.378,2019-20
1628778,Paul Watson,1610612761,TOR,25.0,9,9.5,1.67,0.78,0.89,0.33,0.0,0.0,0.0,0.11,0.22,0.33,0.333,0.667,0.0,1.0,1.0,0.11,0.11,0.0,1.0,0.2,0.2,2019-20
1626188,Quinn Cook,1610612747,LAL,27.0,32,14.3,2.59,1.09,1.5,0.5,0.0,0.19,0.47,0.19,0.25,0.44,0.429,0.571,0.0,0.28,0.28,0.28,0.06,0.0,1.0,1.0,0.222,2019-20
1629683,Quinndary Weatherspoon,1610612759,SAS,23.0,8,9.0,1.88,0.88,1.0,0.88,0.0,0.13,0.25,0.25,0.25,0.5,0.5,0.5,0.0,0.13,0.13,0.0,0.0,0.0,1.0,0.0,0.0,2019-20
1629628,RJ Barrett,1610612752,NYK,20.0,56,30.4,5.95,2.98,2.96,1.36,0.04,0.04,0.07,0.43,0.55,0.98,0.436,0.564,0.04,0.48,0.52,0.34,0.16,0.069,0.931,0.864,0.409,2019-20
200765,Rajon Rondo,1610612747,LAL,34.0,48,20.5,2.29,0.63,1.67,1.48,0.0,0.25,0.54,0.46,0.27,0.73,0.629,0.371,0.0,0.46,0.46,0.25,0.02,0.0,1.0,0.857,0.071,2019-20
203526,Raul Neto,1610612755,PHI,28.0,51,13.0,3.08,1.78,1.29,0.98,0.08,0.14,0.31,0.25,0.18,0.43,0.591,0.409,0.0,0.37,0.37,0.22,0.02,0.0,1.0,0.647,0.059,2019-20
1629730,Rayjon Tucker,1610612762,UTA,22.0,14,10.2,2.0,1.21,0.79,0.14,0.21,0.14,0.29,0.14,0.07,0.21,0.667,0.333,0.0,0.5,0.5,0.21,0.0,0.0,1.0,0.75,0.0,2019-20
203493,Reggie Bullock Jr.,1610612752,NYK,29.0,29,23.6,3.41,1.62,1.79,1.72,0.1,0.03,0.07,0.21,0.48,0.69,0.3,0.7,0.07,0.31,0.38,0.31,0.1,0.182,0.818,1.0,0.333,2019-20
202704,Reggie Jackson,1610612746,LAC,30.0,31,24.0,5.55,2.94,2.61,1.26,0.0,0.39,0.97,0.39,0.32,0.71,0.545,0.455,0.0,0.97,0.97,0.71,0.16,0.0,1.0,0.759,0.172,2019-20
1626158,Richaun Holmes,1610612758,SAC,26.0,44,28.2,10.02,8.09,1.93,2.07,0.0,4.32,10.39,0.48,0.41,0.89,0.538,0.462,0.55,2.73,3.27,1.68,0.68,0.167,0.833,0.841,0.341,2019-20
201937,Ricky Rubio,1610612756,PHX,29.0,65,31.0,5.2,2.11,3.09,2.69,0.12,0.25,0.6,0.51,0.6,1.11,0.458,0.542,0.0,0.72,0.72,0.49,0.14,0.0,1.0,0.821,0.231,2019-20
203496,Robert Covington,1610612745,HOU,29.0,70,30.5,7.43,4.1,3.33,3.39,0.09,0.69,1.67,0.4,0.64,1.04,0.384,0.616,0.1,2.34,2.44,1.16,0.5,0.041,0.959,0.764,0.33,2019-20
1629057,Robert Williams III,1610612738,BOS,22.0,29,13.4,6.0,4.1,1.9,1.38,0.0,2.48,6.03,0.21,0.34,0.55,0.375,0.625,0.1,1.21,1.31,0.69,0.41,0.079,0.921,0.8,0.48,2019-20
201577,Robin Lopez,1610612749,MIL,32.0,65,14.7,9.17,7.48,1.69,0.31,0.02,1.75,4.14,0.26,0.06,0.32,0.81,0.19,0.35,3.35,3.71,2.05,0.43,0.095,0.905,0.858,0.181,2019-20
1629066,Rodions Kurucs,1610612751,BKN,22.0,45,15.0,3.51,2.18,1.33,0.93,0.04,0.38,0.93,0.11,0.27,0.38,0.294,0.706,0.07,1.73,1.8,0.71,0.16,0.037,0.963,0.653,0.143,2019-20
203918,Rodney Hood,1610612757,POR,27.0,19,31.8,4.32,2.68,1.63,1.58,0.05,0.32,0.79,0.16,0.37,0.53,0.3,0.7,0.0,1.32,1.32,0.47,0.11,0.0,1.0,0.9,0.2,2019-20
203585,Rodney McGruder,1610612746,LAC,28.0,50,16.9,2.9,1.6,1.3,1.04,0.04,0.12,0.26,0.22,0.18,0.4,0.55,0.45,0.06,0.68,0.74,0.44,0.18,0.081,0.919,0.815,0.333,2019-20
1629641,Romeo Langford,1610612738,BOS,20.0,26,13.5,2.77,1.46,1.31,0.81,0.19,0.08,0.19,0.12,0.15,0.27,0.429,0.571,0.08,0.73,0.81,0.46,0.12,0.095,0.905,0.8,0.2,2019-20
1626178,Rondae Hollis-Jefferson,1610612761,TOR,25.0,60,18.7,5.98,3.3,2.68,1.52,0.05,0.92,2.33,0.5,0.38,0.88,0.566,0.434,0.3,1.7,2.0,0.85,0.35,0.15,0.85,0.761,0.313,2019-20
1626220,Royce O'Neale,1610612762,UTA,27.0,71,28.9,6.11,3.18,2.93,1.44,0.01,0.75,1.79,0.24,0.49,0.73,0.327,0.673,0.04,1.44,1.48,0.83,0.3,0.029,0.971,0.843,0.3,2019-20
200752,Rudy Gay,1610612759,SAS,33.0,67,21.8,6.43,3.78,2.66,1.16,0.01,0.99,2.15,0.34,0.33,0.67,0.511,0.489,0.09,1.69,1.78,0.91,0.49,0.05,0.95,0.824,0.446,2019-20
203497,Rudy Gobert,1610612762,UTA,28.0,68,34.3,16.43,13.38,3.04,1.57,0.0,6.93,16.01,0.44,0.19,0.63,0.698,0.302,1.06,4.01,5.07,3.07,1.93,0.209,0.791,0.909,0.57,2019-20
1629060,Rui Hachimura,1610612764,WAS,22.0,48,30.1,8.58,5.1,3.48,1.5,0.02,0.73,1.6,0.54,0.15,0.69,0.788,0.212,0.13,2.73,2.85,1.4,0.54,0.044,0.956,0.859,0.333,2019-20
201566,Russell Westbrook,1610612745,HOU,31.0,57,36.0,4.35,2.09,2.26,2.63,0.04,0.16,0.35,0.7,0.77,1.47,0.476,0.524,0.07,0.63,0.7,0.42,0.25,0.1,0.9,0.8,0.467,2019-20
201583,Ryan Anderson,1610612745,HOU,32.0,2,7.0,1.5,1.0,0.5,0.5,0.0,1.0,3.0,0.0,0.0,0.0,0.0,0.0,0.0,1.0,1.0,0.5,0.0,0.0,1.0,1.0,0.0,2019-20
1627853,Ryan Arcidiacono,1610612741,CHI,26.0,56,16.5,2.48,0.88,1.61,0.86,0.34,0.16,0.38,0.14,0.43,0.57,0.25,0.75,0.04,0.32,0.36,0.16,0.02,0.1,0.9,0.75,0.083,2019-20
1629151,Ryan Broekhoff,1610612755,PHI,29.0,14,12.5,2.64,1.86,0.79,0.71,0.07,0.14,0.36,0.29,0.21,0.5,0.571,0.429,0.07,1.14,1.21,0.71,0.43,0.059,0.941,0.833,0.5,2019-20
1629635,Sekou Doumbouya,1610612765,DET,19.0,34,21.9,4.65,3.21,1.44,0.68,0.0,0.44,1.06,0.38,0.41,0.79,0.481,0.519,0.06,1.21,1.26,0.53,0.18,0.047,0.953,0.818,0.273,2019-20
1628400,Semi Ojeleye,1610612738,BOS,25.0,65,15.3,4.0,1.78,2.22,0.54,0.18,0.38,0.85,0.17,0.18,0.35,0.478,0.522,0.05,1.6,1.65,0.69,0.2,0.028,0.972,0.738,0.213,2019-20
201586,Serge Ibaka,1610612761,TOR,30.0,55,27.0,11.38,7.93,3.45,1.02,0.0,2.44,6.15,0.25,0.42,0.67,0.378,0.622,0.64,5.2,5.84,3.27,1.53,0.109,0.891,0.874,0.408,2019-20
203552,Seth Curry,1610612742,DAL,29.0,64,24.6,3.72,1.52,2.2,1.41,0.06,0.19,0.39,0.31,0.36,0.67,0.465,0.535,0.0,0.31,0.31,0.2,0.08,0.0,1.0,0.765,0.294,2019-20
203894,Shabazz Napier,1610612764,WAS,28.0,56,24.0,3.5,1.43,2.07,2.38,0.04,0.3,0.79,0.34,0.41,0.75,0.452,0.548,0.02,0.57,0.59,0.41,0.05,0.03,0.97,0.852,0.111,2019-20
1628983,Shai Gilgeous-Alexander,1610612760,OKC,21.0,70,34.7,7.9,4.66,3.24,2.06,0.03,0.19,0.4,0.53,0.67,1.2,0.44,0.56,0.01,0.63,0.64,0.37,0.16,0.022,0.978,0.867,0.367,2019-20
1629003,Shake Milton,1610612755,PHI,23.0,36,21.9,3.56,1.94,1.61,1.03,0.06,0.22,0.5,0.28,0.28,0.56,0.5,0.5,0.0,0.36,0.36,0.14,0.03,0.0,1.0,0.556,0.111,2019-20
1629044,Shamorie Ponds,1610612761,TOR,22.0,2,3.8,1.5,1.0,0.5,0.5,0.0,0.0,0.0,0.0,0.0,0.0,0.0,0.0,0.0,0.0,0.0,0.0,0.0,0.0,0.0,0.0,0.0,2019-20
1627885,Shaquille Harrison,1610612741,CHI,26.0,35,13.4,2.91,1.6,1.31,1.89,0.0,0.14,0.34,0.34,0.54,0.89,0.387,0.613,0.09,0.31,0.4,0.23,0.06,0.214,0.786,1.0,0.25,2019-20
1628414,Sindarius Thornwell,1610612740,NOP,25.0,2,17.7,4.0,3.0,1.0,1.0,0.0,0.0,0.0,0.0,0.0,0.0,0.0,0.0,0.0,1.0,1.0,0.5,0.0,0.0,1.0,0.5,0.0,2019-20
1627746,Skal Labissiere,1610612737,ATL,24.0,33,17.2,8.61,6.76,1.85,0.39,0.0,3.3,7.73,0.24,0.24,0.48,0.5,0.5,0.45,2.24,2.7,1.45,0.42,0.169,0.831,0.889,0.259,2019-20
203524,Solomon Hill,1610612748,MIA,29.0,58,18.8,4.19,1.83,2.36,1.5,0.0,0.4,0.95,0.28,0.38,0.66,0.421,0.579,0.09,1.74,1.83,0.86,0.22,0.047,0.953,0.82,0.213,2019-20
203915,Spencer Dinwiddie,1610612751,BKN,27.0,64,31.2,6.23,3.19,3.05,1.11,0.03,0.58,1.42,0.34,0.63,0.97,0.355,0.645,0.02,0.95,0.97,0.61,0.11,0.016,0.984,0.886,0.159,2019-20
1626169,Stanley Johnson,1610612761,TOR,24.0,20,6.7,1.9,0.95,0.95,0.35,0.0,0.1,0.25,0.15,0.1,0.25,0.6,0.4,0.0,0.35,0.35,0.2,0.05,0.0,1.0,0.8,0.2,2019-20
1629742,Stanton Kidd,1610612762,UTA,28.0,2,6.0,2.5,1.0,1.5,0.0,0.0,0.0,0.0,0.0,0.0,0.0,0.0,0.0,0.0,0.0,0.0,0.0,0.0,0.0,0.0,0.0,0.0,2019-20
201939,Stephen Curry,1610612744,GSW,32.0,5,27.9,3.4,2.0,1.4,2.2,0.0,0.0,0.0,0.6,0.4,1.0,0.6,0.4,0.2,0.4,0.6,0.0,0.0,0.333,0.667,0.0,0.0,2019-20
1628425,Sterling Brown,1610612749,MIL,25.0,48,15.7,3.19,1.31,1.88,0.96,0.02,0.13,0.33,0.13,0.33,0.46,0.273,0.727,0.06,0.75,0.81,0.44,0.13,0.077,0.923,0.75,0.214,2019-20
203500,Steven Adams,1610612760,OKC,26.0,63,26.7,11.48,8.98,2.49,1.43,0.05,4.79,10.21,0.68,0.38,1.06,0.642,0.358,1.19,3.89,5.08,2.9,1.41,0.234,0.766,0.867,0.422,2019-20
1629004,Svi Mykhailiuk,1610612765,DET,23.0,56,22.6,3.61,1.86,1.75,1.39,0.02,0.2,0.43,0.36,0.34,0.7,0.513,0.487,0.0,0.59,0.59,0.32,0.02,0.0,1.0,0.818,0.045,2019-20
1628388,T.J. Leaf,1610612754,IND,23.0,26,8.4,3.54,2.38,1.15,0.46,0.0,0.88,1.96,0.15,0.08,0.23,0.667,0.333,0.15,0.77,0.92,0.5,0.23,0.167,0.833,0.867,0.4,2019-20
204456,T.J. McConnell,1610612754,IND,28.0,71,18.7,2.8,1.44,1.37,1.79,0.07,0.14,0.28,0.28,0.49,0.77,0.364,0.636,0.0,0.27,0.27,0.18,0.06,0.0,1.0,0.813,0.25,2019-20
203933,T.J. Warren,1610612754,IND,26.0,67,32.9,4.87,2.43,2.43,2.91,0.06,0.18,0.42,0.48,0.61,1.09,0.438,0.562,0.06,0.87,0.93,0.46,0.15,0.065,0.935,0.912,0.294,2019-20
1629605,Tacko Fall,1610612738,BOS,24.0,5,5.8,2.6,2.6,0.0,0.2,0.0,1.0,2.2,0.0,0.2,0.2,0.0,1.0,0.0,1.2,1.2,0.8,0.6,0.0,1.0,0.8,0.6,2019-20
201959,Taj Gibson,1610612752,NYK,35.0,62,16.5,5.61,3.68,1.94,0.71,0.0,2.21,4.89,0.32,0.27,0.6,0.541,0.459,0.61,2.94,3.55,1.82,0.74,0.173,0.827,0.869,0.354,2019-20
1629659,Talen Horton-Tucker,1610612747,LAL,19.0,6,13.5,5.33,1.67,3.67,1.67,0.0,0.0,0.0,0.17,0.5,0.67,0.25,0.75,0.0,0.33,0.33,0.0,0.0,0.0,1.0,0.0,0.0,2019-20
1629745,Tariq Owens,1610612756,PHX,25.0,3,5.1,2.67,0.67,2.0,0.33,0.0,0.0,0.0,0.0,0.0,0.0,0.0,0.0,0.0,0.0,0.0,0.0,0.0,0.0,0.0,0.0,0.0,2019-20
1627752,Taurean Prince,1610612751,BKN,26.0,64,29.0,5.95,2.81,3.14,1.88,0.16,0.67,1.67,0.34,0.47,0.81,0.423,0.577,0.03,1.81,1.84,1.05,0.34,0.017,0.983,0.931,0.306,2019-20
1629611,Terance Mann,1610612746,LAC,23.0,27,12.9,2.52,1.22,1.3,0.93,0.04,0.11,0.26,0.15,0.3,0.44,0.333,0.667,0.0,0.26,0.26,0.19,0.0,0.0,1.0,1.0,0.0,2019-20
1629056,Terence Davis,1610612761,TOR,23.0,71,17.0,3.31,1.21,2.1,0.99,0.04,0.11,0.28,0.32,0.37,0.69,0.469,0.531,0.03,0.41,0.44,0.24,0.13,0.065,0.935,0.773,0.409,2019-20
1628390,Terrance Ferguson,1610612760,OKC,22.0,56,22.5,6.38,3.95,2.43,1.11,0.0,0.23,0.52,0.21,0.16,0.38,0.571,0.429,0.02,0.5,0.52,0.23,0.02,0.034,0.966,0.65,0.05,2019-20
203082,Terrence Ross,1610612753,ORL,29.0,69,27.4,3.78,1.57,2.22,1.93,0.0,0.13,0.26,0.23,0.48,0.71,0.327,0.673,0.0,0.83,0.83,0.43,0.12,0.0,1.0,0.682,0.182,2019-20
1626179,Terry Rozier,1610612766,CHA,26.0,63,34.4,5.51,1.63,3.87,1.52,0.0,0.24,0.57,0.67,0.81,1.48,0.452,0.548,0.03,0.41,0.44,0.24,0.05,0.071,0.929,0.75,0.15,2019-20
200757,Thabo Sefolosha,1610612745,HOU,36.0,41,10.6,2.98,2.02,0.95,1.41,0.0,0.46,1.17,0.12,0.12,0.24,0.5,0.5,0.02,1.51,1.54,0.71,0.22,0.016,0.984,0.829,0.257,2019-20
201152,Thaddeus Young,1610612741,CHI,32.0,64,24.9,7.31,3.77,3.55,2.73,0.2,0.63,1.42,0.53,0.44,0.97,0.548,0.452,0.39,1.63,2.02,0.94,0.45,0.194,0.806,0.882,0.426,2019-20
203648,Thanasis Antetokounmpo,1610612749,MIL,27.0,13,8.8,2.92,2.08,0.85,0.46,0.0,0.15,0.46,0.15,0.23,0.38,0.4,0.6,0.0,0.31,0.31,0.0,0.0,0.0,1.0,0.0,0.0,2019-20
1629033,Theo Pinson,1610612752,NYK,24.0,30,12.0,2.73,1.43,1.3,1.2,0.03,0.03,0.1,0.17,0.13,0.3,0.556,0.444,0.03,0.53,0.57,0.4,0.1,0.059,0.941,0.857,0.214,2019-20
1628418,Thomas Bryant,1610612764,WAS,22.0,46,24.9,10.28,8.46,1.83,0.76,0.02,3.83,8.7,0.54,0.17,0.72,0.758,0.242,0.41,3.02,3.43,1.78,0.87,0.12,0.88,0.828,0.404,2019-20
1627748,Thon Maker,1610612765,DET,23.0,59,13.1,5.73,4.66,1.07,0.88,0.03,1.58,3.69,0.24,0.14,0.37,0.636,0.364,0.19,1.8,1.98,0.88,0.24,0.094,0.906,0.867,0.233,2019-20
204025,Tim Frazier,1610612765,DET,29.0,22,15.1,2.68,1.14,1.55,1.0,0.14,0.18,0.5,0.45,0.36,0.82,0.556,0.444,0.0,0.36,0.36,0.32,0.05,0.0,1.0,0.875,0.125,2019-20
203501,Tim Hardaway Jr.,1610612742,DAL,28.0,71,29.5,5.9,2.42,3.48,1.11,0.1,0.24,0.54,0.17,0.3,0.46,0.364,0.636,0.04,0.62,0.66,0.35,0.11,0.064,0.936,0.806,0.258,2019-20
1627789,Timothe Luwawu-Cabarrot,1610612751,BKN,25.0,45,18.8,5.18,2.6,2.58,0.89,0.07,0.18,0.42,0.4,0.33,0.73,0.545,0.455,0.04,1.69,1.73,0.82,0.2,0.026,0.974,0.755,0.184,2019-20
202699,Tobias Harris,1610612755,PHI,27.0,72,34.3,6.4,3.88,2.53,1.06,0.0,0.33,0.72,0.35,0.38,0.72,0.481,0.519,0.38,1.79,2.17,1.19,0.51,0.173,0.827,0.878,0.378,2019-20
203107,Tomas Satoransky,1610612741,CHI,28.0,65,28.9,4.46,2.32,2.14,2.03,0.11,0.34,0.91,0.66,0.54,1.2,0.551,0.449,0.11,0.97,1.08,0.54,0.14,0.1,0.9,0.897,0.231,2019-20
1628396,Tony Bradley,1610612762,UTA,22.0,58,11.4,6.21,5.12,1.09,0.45,0.0,1.9,4.45,0.16,0.07,0.22,0.692,0.308,0.5,2.1,2.6,1.52,0.86,0.192,0.808,0.88,0.5,2019-20
203503,Tony Snell,1610612765,DET,28.0,59,27.8,6.49,3.73,2.76,1.59,0.0,0.29,0.69,0.17,0.31,0.47,0.357,0.643,0.0,1.58,1.58,0.64,0.1,0.0,1.0,0.844,0.133,2019-20
1628470,Torrey Craig,1610612743,DEN,29.0,57,18.8,5.18,2.91,2.26,0.82,0.0,0.12,0.26,0.26,0.23,0.49,0.536,0.464,0.09,0.23,0.32,0.21,0.09,0.278,0.722,0.857,0.357,2019-20
1629027,Trae Young,1610612737,ATL,21.0,60,35.3,4.2,1.98,2.22,1.75,0.22,0.17,0.35,0.58,0.6,1.18,0.493,0.507,0.02,0.2,0.22,0.17,0.08,0.077,0.923,1.0,0.5,2019-20
1629682,Tremont Waters,1610612738,BOS,22.0,8,13.7,2.75,0.63,2.13,1.88,0.0,0.13,0.38,0.25,0.5,0.75,0.333,0.667,0.0,0.38,0.38,0.38,0.0,0.0,1.0,1.0,0.0,2019-20
1626203,Treveon Graham,1610612737,ATL,26.0,53,17.2,4.06,2.43,1.62,0.7,0.09,0.28,0.68,0.36,0.47,0.83,0.432,0.568,0.23,1.06,1.28,0.58,0.26,0.176,0.824,0.775,0.35,2019-20
2772,Trevor Ariza,1610612757,POR,35.0,53,28.2,5.26,2.32,2.94,2.77,0.02,0.4,1.0,0.34,0.55,0.89,0.383,0.617,0.08,0.77,0.85,0.42,0.15,0.089,0.911,0.957,0.348,2019-20
203504,Trey Burke,1610612742,DAL,27.0,32,16.2,2.69,1.34,1.34,0.91,0.03,0.13,0.28,0.31,0.09,0.41,0.769,0.231,0.0,0.22,0.22,0.09,0.03,0.0,1.0,0.5,0.167,2019-20
1626168,Trey Lyles,1610612759,SAS,24.0,63,20.2,6.33,3.89,2.44,0.79,0.02,0.98,2.22,0.3,0.27,0.57,0.528,0.472,0.19,1.83,2.02,1.1,0.49,0.094,0.906,0.945,0.425,2019-20
202684,Tristan Thompson,1610612739,CLE,29.0,57,30.2,10.58,7.58,3.0,1.05,0.0,4.63,10.4,0.75,0.39,1.14,0.662,0.338,1.09,3.74,4.82,2.84,1.42,0.225,0.775,0.89,0.445,2019-20
1628972,Troy Brown Jr.,1610612764,WAS,20.0,69,25.8,5.19,2.58,2.61,1.96,0.03,0.12,0.3,0.42,0.51,0.93,0.453,0.547,0.09,0.81,0.9,0.48,0.2,0.097,0.903,0.786,0.333,2019-20
203584,Troy Daniels,1610612743,DEN,28.0,43,12.2,2.23,0.91,1.33,0.6,0.0,0.09,0.21,0.14,0.16,0.3,0.462,0.538,0.07,0.53,0.6,0.44,0.09,0.115,0.885,0.864,0.182,2019-20
1629660,Ty Jerome,1610612756,PHX,22.0,26,12.1,2.77,1.42,1.35,0.88,0.04,0.04,0.12,0.08,0.31,0.38,0.2,0.8,0.0,0.65,0.65,0.46,0.27,0.0,1.0,0.923,0.538,2019-20
1629076,Tyler Cook,1610612743,DEN,22.0,12,4.4,1.08,0.42,0.67,0.33,0.0,0.58,1.58,0.17,0.0,0.17,1.0,0.0,0.08,0.67,0.75,0.58,0.25,0.111,0.889,0.875,0.375,2019-20
1629639,Tyler Herro,1610612748,MIA,20.0,55,27.4,5.85,3.02,2.84,1.04,0.0,0.13,0.27,0.31,0.42,0.73,0.425,0.575,0.0,0.69,0.69,0.33,0.04,0.0,1.0,0.783,0.087,2019-20
204020,Tyler Johnson,1610612751,BKN,28.0,39,18.2,4.21,1.85,2.36,0.9,0.1,0.15,0.36,0.21,0.26,0.46,0.444,0.556,0.0,0.59,0.59,0.21,0.08,0.0,1.0,0.571,0.214,2019-20
203092,Tyler Zeller,1610612759,SAS,30.0,1,3.7,2.0,2.0,0.0,0.0,0.0,0.0,0.0,0.0,0.0,0.0,0.0,0.0,0.0,0.0,0.0,0.0,0.0,0.0,0.0,0.0,0.0,2019-20
1627820,Tyrone Wallace,1610612737,ATL,26.0,13,12.1,2.0,1.31,0.69,1.08,0.08,0.0,0.0,0.15,0.15,0.31,0.5,0.5,0.0,0.23,0.23,0.15,0.08,0.0,1.0,1.0,0.5,2019-20
2199,Tyson Chandler,1610612745,HOU,37.0,22,9.6,3.82,2.95,0.86,0.36,0.05,1.0,2.45,0.09,0.14,0.23,0.4,0.6,0.41,1.27,1.68,1.14,0.5,0.243,0.757,0.926,0.407,2019-20
1626145,Tyus Jones,1610612763,MEM,24.0,65,19.0,3.74,1.46,2.28,1.17,0.02,0.08,0.18,0.2,0.31,0.51,0.394,0.606,0.0,0.22,0.22,0.12,0.03,0.0,1.0,0.889,0.222,2019-20
2617,Udonis Haslem,1610612748,MIA,40.0,4,11.0,1.5,1.25,0.25,0.25,0.25,1.25,3.0,0.0,0.0,0.0,0.0,0.0,0.5,1.0,1.5,0.25,0.25,0.333,0.667,0.5,0.5,2019-20
1629724,Vic Law,1610612753,ORL,24.0,7,8.4,1.29,0.29,1.0,0.29,0.0,0.0,0.0,0.14,0.0,0.14,1.0,0.0,0.0,0.86,0.86,0.0,0.0,0.0,1.0,0.0,0.0,2019-20
203506,Victor Oladipo,1610612754,IND,28.0,19,27.8,5.84,2.05,3.79,1.42,0.53,0.05,0.11,0.74,0.32,1.05,0.7,0.3,0.05,0.68,0.74,0.32,0.05,0.071,0.929,0.462,0.077,2019-20
1713,Vince Carter,1610612737,ATL,43.0,59,14.7,3.05,1.36,1.69,1.03,0.02,0.49,1.15,0.12,0.12,0.24,0.5,0.5,0.07,1.54,1.61,0.85,0.29,0.042,0.958,0.781,0.266,2019-20
1629738,Vincent Poirier,1610612738,BOS,26.0,21,6.2,3.43,2.71,0.71,0.29,0.0,1.71,4.19,0.19,0.1,0.29,0.667,0.333,0.14,1.1,1.24,0.57,0.19,0.115,0.885,0.706,0.235,2019-20
1628427,Vlatko Cancar,1610612743,DEN,23.0,10,4.1,1.6,0.7,0.9,0.4,0.0,0.6,1.3,0.3,0.0,0.3,1.0,0.0,0.2,0.0,0.2,0.2,0.2,1.0,0.0,1.0,1.0,2019-20
201961,Wayne Ellington,1610612752,NYK,32.0,32,16.4,3.44,1.66,1.78,0.78,0.0,0.09,0.22,0.09,0.31,0.41,0.231,0.769,0.0,0.38,0.38,0.31,0.03,0.0,1.0,0.909,0.091,2019-20
1628976,Wendell Carter Jr.,1610612741,CHI,21.0,43,29.2,7.53,6.33,1.21,1.23,0.07,4.26,9.7,0.53,0.49,1.02,0.523,0.477,0.86,4.79,5.65,3.33,1.47,0.152,0.848,0.96,0.423,2019-20
1629117,Wenyen Gabriel,1610612757,POR,23.0,26,8.8,3.27,2.35,0.92,0.73,0.0,0.77,1.81,0.15,0.27,0.42,0.364,0.636,0.12,1.81,1.92,0.96,0.23,0.06,0.94,0.926,0.222,2019-20
1628411,Wes Iwundu,1610612753,ORL,25.0,50,18.9,3.8,2.06,1.74,1.0,0.0,0.08,0.18,0.16,0.32,0.48,0.333,0.667,0.02,0.38,0.4,0.24,0.02,0.05,0.95,0.75,0.063,2019-20
202083,Wesley Matthews,1610612749,MIL,33.0,66,24.7,4.92,2.06,2.86,1.39,0.09,0.35,0.85,0.18,0.33,0.52,0.353,0.647,0.11,1.33,1.44,0.91,0.23,0.074,0.926,0.857,0.214,2019-20
203115,Will Barton,1610612743,DEN,29.0,58,33.0,6.79,3.38,3.41,1.55,0.02,0.19,0.4,0.41,0.6,1.02,0.407,0.593,0.0,0.33,0.33,0.28,0.12,0.0,1.0,1.0,0.438,2019-20
1629739,William Howard,1610612745,HOU,26.0,1,12.0,2.0,0.0,2.0,0.0,0.0,0.0,0.0,1.0,0.0,1.0,1.0,0.0,0.0,0.0,0.0,0.0,0.0,0.0,0.0,0.0,0.0,2019-20
1626161,Willie Cauley-Stein,1610612742,DAL,26.0,54,20.3,7.69,5.59,2.09,1.76,0.04,3.28,7.44,0.37,0.3,0.67,0.556,0.444,0.17,3.3,3.46,1.89,0.69,0.048,0.952,0.936,0.339,2019-20
1626195,Willy Hernangomez,1610612766,CHA,26.0,31,12.1,4.23,3.16,1.06,0.61,0.03,1.03,2.32,0.26,0.06,0.32,0.8,0.2,0.29,1.06,1.35,0.87,0.55,0.214,0.786,0.844,0.531,2019-20
201163,Wilson Chandler,1610612751,BKN,33.0,35,21.0,5.94,3.0,2.94,0.49,0.0,0.43,1.09,0.09,0.29,0.37,0.231,0.769,0.03,1.91,1.94,1.11,0.4,0.015,0.985,0.886,0.318,2019-20
1627812,Yogi Ferrell,1610612758,SAC,27.0,43,11.9,1.51,0.51,1.0,0.47,0.09,0.09,0.21,0.23,0.33,0.56,0.417,0.583,0.0,0.35,0.35,0.14,0.0,0.0,1.0,0.6,0.0,2019-20
1629139,Yuta Watanabe,1610612763,MEM,25.0,13,7.1,2.46,1.15,1.31,0.15,0.08,0.0,0.0,0.23,0.23,0.46,0.5,0.5,0.0,0.69,0.69,0.54,0.15,0.0,1.0,1.0,0.286,2019-20
1628380,Zach Collins,1610612757,POR,22.0,11,26.4,12.09,7.55,4.55,0.91,0.0,3.27,7.91,0.18,0.27,0.45,0.4,0.6,1.45,3.55,5.0,1.73,0.91,0.291,0.709,0.576,0.303,2019-20
203897,Zach LaVine,1610612741,CHI,25.0,60,34.8,6.15,2.65,3.5,2.07,0.0,0.35,0.77,0.42,0.47,0.88,0.472,0.528,0.07,0.8,0.87,0.5,0.15,0.077,0.923,0.882,0.265,2019-20
1629668,Zach Norvell Jr.,1610612744,GSW,22.0,3,10.2,2.33,0.33,2.0,0.33,0.33,0.0,0.0,0.0,1.0,1.0,0.0,1.0,0.0,0.0,0.0,0.0,0.0,0.0,0.0,0.0,0.0,2019-20
1629015,Zhaire Smith,1610612755,PHI,21.0,4,6.5,2.25,1.25,1.0,2.0,0.0,0.0,0.0,0.0,0.0,0.0,0.0,0.0,0.0,0.25,0.25,0.0,0.0,0.0,1.0,0.0,0.0,2019-20
1629627,Zion Williamson,1610612740,NOP,19.0,24,27.8,7.08,3.75,3.33,1.5,0.04,1.83,4.29,1.0,0.5,1.5,0.667,0.333,0.08,1.08,1.17,0.38,0.29,0.071,0.929,0.818,0.636,2019-20
1629597,Zylan Cheatham,1610612740,NOP,24.0,4,12.8,3.25,2.0,1.25,0.75,0.0,0.75,1.75,0.0,0.25,0.25,0.0,1.0,0.5,0.25,0.75,0.0,0.0,0.667,0.333,0.0,0.0,2019-20
203932,Aaron Gordon,1610612743,DEN,25.0,50,27.7,3.78,2.46,1.32,1.02,0.0,0.52,1.22,0.42,0.22,0.64,0.656,0.344,0.2,0.18,0.38,0.34,0.3,0.526,0.474,0.944,0.833,2020-21
1628988,Aaron Holiday,1610612754,IND,24.0,62,18.8,3.29,1.37,1.92,1.56,0.0,0.03,0.06,0.18,0.24,0.42,0.423,0.577,0.02,0.44,0.45,0.35,0.02,0.036,0.964,0.88,0.04,2020-21
1630174,Aaron Nesmith,1610612738,BOS,21.0,40,16.0,3.3,2.1,1.2,0.6,0.03,0.15,0.35,0.38,0.28,0.65,0.577,0.423,0.08,0.45,0.53,0.5,0.3,0.143,0.857,1.0,0.6,2020-21
1627846,Abdel Nader,1610612756,PHX,27.0,22,15.9,3.45,2.09,1.36,0.82,0.0,0.05,0.09,0.18,0.23,0.41,0.444,0.556,0.05,0.5,0.55,0.45,0.18,0.083,0.917,1.0,0.4,2020-21
1629690,Adam Mokoka,1610612741,CHI,22.0,4,9.6,1.0,0.75,0.25,1.0,0.0,0.0,0.0,0.25,0.0,0.25,1.0,0.0,0.0,0.75,0.75,0.5,0.0,0.0,1.0,1.0,0.0,2020-21
201143,Al Horford,1610612738,BOS,35.0,28,27.9,8.82,6.93,1.89,1.18,0.0,2.21,5.0,0.29,0.29,0.57,0.5,0.5,0.11,2.18,2.29,2.0,1.04,0.047,0.953,0.966,0.5,2020-21
202329,Al-Farouq Aminu,1610612741,CHI,30.0,23,18.9,4.0,1.87,2.13,1.43,0.0,0.74,1.74,0.26,0.35,0.61,0.429,0.571,0.04,0.48,0.52,0.52,0.43,0.083,0.917,1.0,0.833,2020-21
202692,Alec Burks,1610612752,NYK,29.0,49,25.6,4.84,2.27,2.57,1.43,0.0,0.06,0.12,0.31,0.31,0.61,0.5,0.5,0.02,0.1,0.12,0.1,0.04,0.167,0.833,1.0,0.4,2020-21
1630197,Aleksej Pokusevski,1610612760,OKC,19.0,45,24.2,6.69,3.8,2.89,0.8,0.0,0.51,1.27,0.11,0.11,0.22,0.5,0.5,0.0,0.24,0.24,0.2,0.07,0.0,1.0,0.9,0.3,2020-21
1629346,Alen Smailagic,1610612744,GSW,20.0,12,6.6,2.58,2.08,0.5,0.58,0.0,0.92,2.42,0.0,0.08,0.08,0.0,1.0,0.17,0.5,0.67,0.58,0.33,0.25,0.75,1.0,0.571,2020-21
1627936,Alex Caruso,1610612747,LAL,27.0,58,21.0,3.14,1.47,1.67,2.22,0.26,0.29,0.71,0.24,0.41,0.66,0.368,0.632,0.02,0.52,0.53,0.33,0.07,0.032,0.968,0.826,0.174,2020-21
203458,Alex Len,1610612764,WAS,28.0,64,15.3,7.17,6.23,0.94,0.91,0.0,2.05,4.73,0.17,0.11,0.28,0.611,0.389,0.33,1.33,1.66,1.39,0.67,0.198,0.802,0.967,0.467,2020-21
1628035,Alfonzo McKinnie,1610612747,LAL,28.0,22,9.4,2.0,0.91,1.09,0.41,0.18,0.14,0.32,0.18,0.05,0.23,0.8,0.2,0.14,0.23,0.36,0.32,0.23,0.375,0.625,1.0,0.714,2020-21
1628993,Alize Johnson,1610612751,BKN,25.0,15,12.2,2.6,1.4,1.2,0.2,0.07,0.13,0.33,0.6,0.47,1.07,0.563,0.438,0.67,0.33,1.0,0.93,0.53,0.667,0.333,0.933,0.533,2020-21
1628578,Amida Brimah,1610612754,IND,27.0,4,7.1,3.5,3.25,0.25,0.0,0.0,1.25,2.75,0.0,0.0,0.0,0.0,0.0,0.25,0.25,0.5,0.25,0.25,0.5,0.5,1.0,1.0,2020-21
1629599,Amir Coffey,1610612746,LAC,24.0,24,14.9,2.29,1.13,1.17,0.71,0.0,0.13,0.29,0.17,0.17,0.33,0.5,0.5,0.0,0.33,0.33,0.29,0.08,0.0,1.0,1.0,0.286,2020-21
2760,Anderson Varejao,1610612739,CLE,38.0,5,7.2,1.6,1.0,0.6,0.2,0.0,0.6,1.4,0.0,0.2,0.2,0.0,1.0,0.0,0.6,0.6,0.4,0.4,0.0,1.0,1.0,1.0,2020-21
203083,Andre Drummond,1610612747,LAL,27.0,46,27.0,8.83,6.65,2.17,2.83,0.09,2.83,6.15,0.63,0.43,1.07,0.592,0.408,0.98,0.74,1.72,1.54,1.3,0.57,0.43,0.959,0.811,2020-21
2738,Andre Iguodala,1610612748,MIA,37.0,63,21.3,3.56,1.48,2.08,1.63,0.06,0.25,0.67,0.17,0.37,0.54,0.324,0.676,0.06,1.05,1.11,0.78,0.29,0.057,0.943,0.907,0.333,2020-21
203460,Andre Roberson,1610612751,BKN,29.0,4,14.1,4.0,3.0,1.0,1.25,0.0,1.25,3.5,0.5,0.0,0.5,1.0,0.0,0.0,0.75,0.75,0.75,0.0,0.0,1.0,1.0,0.0,2020-21
203952,Andrew Wiggins,1610612744,GSW,26.0,71,33.3,8.93,4.75,4.18,1.39,0.0,0.42,1.15,0.55,0.42,0.97,0.565,0.435,0.1,0.55,0.65,0.61,0.17,0.152,0.848,0.956,0.267,2020-21
1629014,Anfernee Simons,1610612757,POR,22.0,60,18.1,3.07,1.35,1.72,0.65,0.03,0.15,0.37,0.12,0.15,0.27,0.438,0.563,0.0,0.13,0.13,0.13,0.03,0.0,1.0,1.0,0.25,2020-21
203076,Anthony Davis,1610612747,LAL,28.0,36,32.3,9.97,6.11,3.86,2.47,0.06,1.47,3.28,0.36,0.53,0.89,0.406,0.594,0.53,0.42,0.94,0.86,0.58,0.559,0.441,0.969,0.656,2020-21
1630162,Anthony Edwards,1610612750,MIN,19.0,72,32.1,4.6,2.21,2.39,1.83,0.0,0.14,0.33,0.39,0.43,0.82,0.475,0.525,0.03,0.08,0.11,0.1,0.08,0.25,0.75,1.0,0.857,2020-21
1630264,Anthony Gill,1610612764,WAS,28.0,24,9.0,2.79,1.5,1.29,0.29,0.04,0.42,0.92,0.04,0.25,0.29,0.143,0.857,0.08,0.58,0.67,0.5,0.17,0.125,0.875,0.923,0.308,2020-21
1630237,Anthony Lamb,1610612745,HOU,23.0,21,19.4,4.52,2.57,1.95,0.52,0.1,0.52,1.29,0.33,0.24,0.57,0.583,0.417,0.33,0.86,1.19,1.05,0.48,0.28,0.72,1.0,0.455,2020-21
201229,Anthony Tolliver,1610612755,PHI,36.0,8,11.6,3.0,1.5,1.5,0.25,0.13,0.63,1.5,0.0,0.25,0.25,0.0,1.0,0.13,0.5,0.63,0.5,0.38,0.2,0.8,1.0,0.75,2020-21
1628394,Anžejs Pasečņiks,1610612764,WAS,25.0,1,6.3,3.0,1.0,2.0,1.0,0.0,0.0,0.0,0.0,0.0,0.0,0.0,0.0,1.0,1.0,2.0,2.0,1.0,0.5,0.5,1.0,0.5,2020-21
1629717,Armoni Brooks,1610612745,HOU,23.0,18,28.1,3.44,1.94,1.5,1.44,0.0,0.17,0.33,0.11,0.22,0.33,0.333,0.667,0.0,0.22,0.22,0.22,0.0,0.0,1.0,1.0,0.0,2020-21
203382,Aron Baynes,1610612761,TOR,34.0,52,18.8,6.1,4.62,1.48,0.52,0.23,3.0,7.4,0.17,0.33,0.5,0.346,0.654,0.38,1.83,2.21,1.77,0.88,0.174,0.826,0.958,0.479,2020-21
203085,Austin Rivers,1610612743,DEN,28.0,34,24.3,3.15,1.41,1.74,1.35,0.0,0.06,0.15,0.18,0.32,0.5,0.353,0.647,0.0,0.26,0.26,0.21,0.12,0.0,1.0,1.0,0.571,2020-21
202340,Avery Bradley,1610612745,HOU,30.0,27,22.3,2.67,0.93,1.74,1.44,0.07,0.26,0.59,0.26,0.22,0.48,0.538,0.462,0.0,0.78,0.78,0.67,0.19,0.0,1.0,0.947,0.263,2020-21
1626253,Axel Toupane,1610612749,MIL,28.0,3,16.1,3.33,2.0,1.33,5.67,0.0,0.0,0.0,0.0,0.33,0.33,0.0,1.0,0.0,1.0,1.0,1.0,0.67,0.0,1.0,1.0,0.667,2020-21
1628389,Bam Adebayo,1610612748,MIA,23.0,64,33.5,9.91,6.19,3.72,2.25,0.08,4.66,11.36,0.5,0.36,0.86,0.582,0.418,0.52,3.44,3.95,3.02,1.47,0.13,0.87,0.937,0.456,2020-21
203463,Ben McLemore,1610612747,LAL,28.0,46,18.8,2.67,1.43,1.24,0.93,0.02,0.07,0.13,0.17,0.24,0.41,0.421,0.579,0.02,0.48,0.5,0.39,0.07,0.043,0.957,0.9,0.15,2020-21
1627732,Ben Simmons,1610612755,PHI,24.0,58,32.4,4.66,2.57,2.09,3.48,0.05,1.62,3.91,0.59,0.5,1.09,0.54,0.46,0.21,0.33,0.53,0.48,0.29,0.387,0.613,1.0,0.607,2020-21
202687,Bismack Biyombo,1610612766,CHA,28.0,65,20.7,8.12,5.83,2.29,0.68,0.0,3.02,6.92,0.17,0.11,0.28,0.611,0.389,0.82,2.22,3.03,2.25,1.15,0.269,0.731,0.924,0.475,2020-21
201933,Blake Griffin,1610612751,BKN,32.0,46,25.8,6.3,3.54,2.76,1.17,0.48,2.02,4.85,0.26,0.37,0.63,0.414,0.586,0.13,1.0,1.13,1.02,0.57,0.115,0.885,0.959,0.531,2020-21
1626246,Boban Marjanovic,1610612742,DAL,32.0,31,8.6,3.58,2.97,0.61,0.32,0.0,1.71,3.58,0.16,0.13,0.29,0.556,0.444,0.45,0.42,0.87,0.71,0.58,0.519,0.481,0.957,0.783,2020-21
1626171,Bobby Portis Jr.,1610612749,MIL,26.0,66,20.8,7.09,4.79,2.3,1.58,0.03,1.52,3.59,0.35,0.29,0.64,0.548,0.452,0.7,1.8,2.5,1.86,1.14,0.279,0.721,0.932,0.568,2020-21
203992,Bogdan Bogdanović,1610612737,ATL,28.0,44,29.7,6.82,3.55,3.27,2.11,0.0,0.41,0.91,0.18,0.23,0.41,0.444,0.556,0.02,0.55,0.57,0.55,0.11,0.04,0.96,1.0,0.208,2020-21
202711,Bojan Bogdanovic,1610612762,UTA,32.0,72,30.8,5.19,2.65,2.54,0.78,0.04,0.4,1.04,0.25,0.21,0.46,0.545,0.455,0.08,0.81,0.89,0.61,0.1,0.094,0.906,0.978,0.156,2020-21
1629626,Bol Bol,1610612743,DEN,21.0,24,5.6,2.08,0.92,1.17,0.17,0.0,0.04,0.08,0.04,0.13,0.17,0.25,0.75,0.0,0.04,0.04,0.04,0.04,0.0,1.0,1.0,1.0,2020-21
202954,Brad Wanamaker,1610612766,CHA,31.0,58,17.7,2.74,0.91,1.83,1.6,0.03,0.17,0.38,0.17,0.24,0.41,0.417,0.583,0.0,0.29,0.29,0.19,0.05,0.0,1.0,0.846,0.231,2020-21
203078,Bradley Beal,1610612764,WAS,28.0,60,35.8,5.28,2.48,2.8,2.03,0.12,0.28,0.68,0.52,0.42,0.93,0.554,0.446,0.02,0.33,0.35,0.32,0.1,0.048,0.952,0.95,0.3,2020-21
1629634,Brandon Clarke,1610612763,MEM,24.0,59,24.0,7.03,4.8,2.24,1.56,0.03,1.24,2.68,0.25,0.31,0.56,0.455,0.545,0.2,1.42,1.63,1.39,0.61,0.125,0.875,0.965,0.424,2020-21
1629164,Brandon Goodwin,1610612737,ATL,25.0,40,15.1,2.35,1.08,1.28,0.63,0.0,0.15,0.33,0.15,0.13,0.28,0.545,0.455,0.0,0.3,0.3,0.2,0.0,0.0,1.0,1.0,0.0,2020-21
1627742,Brandon Ingram,1610612740,NOP,23.0,61,34.3,6.25,3.25,3.0,1.31,0.05,0.28,0.59,0.41,0.33,0.74,0.556,0.444,0.0,0.2,0.2,0.18,0.08,0.0,1.0,1.0,0.455,2020-21
1628968,Brian Bowen II,1610612754,IND,22.0,1,5.1,1.0,1.0,0.0,0.0,0.0,0.0,0.0,0.0,0.0,0.0,0.0,0.0,0.0,1.0,1.0,1.0,0.0,0.0,1.0,1.0,0.0,2020-21
1630271,Brodric Thomas,1610612739,CLE,24.0,26,14.7,4.12,2.65,1.46,1.15,0.0,0.15,0.35,0.19,0.31,0.5,0.385,0.615,0.0,0.15,0.15,0.15,0.0,0.0,1.0,1.0,0.0,2020-21
201572,Brook Lopez,1610612749,MIL,33.0,70,27.2,16.96,13.37,3.59,1.09,0.0,2.1,4.87,0.39,0.19,0.57,0.675,0.325,0.33,2.33,2.66,2.17,0.81,0.124,0.876,0.968,0.363,2020-21
1628971,Bruce Brown,1610612751,BKN,24.0,62,23.2,5.0,2.42,2.58,1.85,0.02,0.69,1.65,0.34,0.34,0.68,0.5,0.5,0.08,0.65,0.73,0.56,0.27,0.111,0.889,0.854,0.415,2020-21
203998,Bruno Caboclo,1610612745,HOU,25.0,5,7.1,2.4,2.0,0.4,0.2,0.0,0.0,0.0,0.2,0.2,0.4,0.5,0.5,0.2,0.2,0.4,0.2,0.2,0.5,0.5,1.0,1.0,2020-21
1628981,Bruno Fernando,1610612737,ATL,22.0,28,7.7,2.54,1.61,0.93,0.32,0.0,1.18,2.71,0.14,0.07,0.21,0.667,0.333,0.18,0.93,1.11,0.79,0.32,0.161,0.839,0.917,0.375,2020-21
1627854,Bryn Forbes,1610612749,MIL,27.0,64,20.0,2.2,0.63,1.58,0.61,0.0,0.33,0.72,0.13,0.17,0.3,0.421,0.579,0.0,0.33,0.33,0.28,0.05,0.0,1.0,0.9,0.15,2020-21
1627741,Buddy Hield,1610612758,SAC,28.0,71,34.3,6.3,3.49,2.8,1.7,0.01,0.46,0.97,0.23,0.38,0.61,0.372,0.628,0.03,0.41,0.44,0.39,0.18,0.065,0.935,1.0,0.464,2020-21
1629604,CJ Elleby,1610612757,POR,21.0,19,8.3,2.11,1.11,1.0,0.63,0.05,0.0,0.0,0.11,0.11,0.21,0.5,0.5,0.0,0.11,0.11,0.11,0.05,0.0,1.0,1.0,0.5,2020-21
203468,CJ McCollum,1610612757,POR,29.0,47,34.0,6.28,3.0,3.28,1.26,0.02,0.15,0.34,0.47,0.45,0.91,0.512,0.488,0.0,0.19,0.19,0.15,0.02,0.0,1.0,0.875,0.125,2020-21
1628997,Caleb Martin,1610612766,CHA,25.0,47,16.8,3.51,1.3,2.21,1.3,0.26,0.13,0.34,0.36,0.36,0.72,0.5,0.5,0.02,0.51,0.53,0.3,0.02,0.04,0.96,0.778,0.056,2020-21
1629629,Cam Reddish,1610612737,ATL,21.0,26,28.9,5.77,2.46,3.31,2.58,0.0,0.04,0.08,0.5,0.65,1.15,0.433,0.567,0.0,0.42,0.42,0.38,0.19,0.0,1.0,1.0,0.5,2020-21
1629244,Cam Reynolds,1610612745,HOU,26.0,3,12.0,2.67,2.33,0.33,0.33,0.0,0.33,1.0,0.0,0.0,0.0,0.0,0.0,0.0,0.67,0.67,0.33,0.0,0.0,1.0,0.5,0.0,2020-21
1629661,Cameron Johnson,1610612756,PHX,25.0,60,24.0,4.8,3.12,1.68,1.08,0.08,0.27,0.63,0.2,0.3,0.5,0.4,0.6,0.02,0.87,0.88,0.67,0.27,0.019,0.981,1.0,0.4,2020-21
1628419,Cameron Oliver,1610612745,HOU,24.0,4,21.8,7.75,6.0,1.75,0.75,0.0,2.75,6.75,0.25,0.25,0.5,0.5,0.5,0.0,0.5,0.5,0.25,0.25,0.0,1.0,1.0,1.0,2020-21
1626166,Cameron Payne,1610612756,PHX,26.0,59,18.2,3.63,1.86,1.76,1.32,0.14,0.1,0.22,0.24,0.15,0.39,0.609,0.391,0.0,0.36,0.36,0.29,0.07,0.0,1.0,0.895,0.211,2020-21
1627747,Caris LeVert,1610612754,IND,26.0,47,31.6,5.04,2.53,2.51,2.28,0.06,0.11,0.23,0.34,0.6,0.94,0.364,0.636,0.0,0.47,0.47,0.45,0.15,0.0,1.0,1.0,0.333,2020-21
2546,Carmelo Anthony,1610612757,POR,37.0,69,24.5,4.39,1.78,2.61,1.0,0.0,0.88,2.2,0.13,0.17,0.3,0.429,0.571,0.12,0.8,0.91,0.64,0.3,0.127,0.873,0.978,0.467,2020-21
1629035,Carsen Edwards,1610612738,BOS,23.0,22,10.8,1.55,0.68,0.86,0.55,0.0,0.05,0.09,0.05,0.23,0.27,0.167,0.833,0.0,0.18,0.18,0.09,0.05,0.0,1.0,0.667,0.333,2020-21
1630199,Cassius Stanley,1610612754,IND,21.0,16,4.7,1.0,0.5,0.5,0.25,0.0,0.0,0.0,0.06,0.06,0.13,0.5,0.5,0.0,0.13,0.13,0.06,0.06,0.0,1.0,0.5,0.5,2020-21
1630216,Cassius Winston,1610612764,WAS,23.0,8,8.9,1.5,0.38,1.13,0.63,0.0,0.0,0.0,0.0,0.25,0.25,0.0,1.0,0.0,0.13,0.13,0.13,0.0,0.0,1.0,1.0,0.0,2020-21
1626224,Cedi Osman,1610612739,CLE,26.0,58,25.9,3.66,1.81,1.84,1.28,0.1,0.28,0.66,0.24,0.17,0.41,0.583,0.417,0.05,0.29,0.34,0.29,0.14,0.15,0.85,0.944,0.444,2020-21
1628990,Chandler Hutchison,1610612764,WAS,25.0,22,15.3,2.68,1.41,1.27,1.05,0.05,0.36,0.86,0.05,0.09,0.14,0.333,0.667,0.0,0.23,0.23,0.23,0.18,0.0,1.0,1.0,0.8,2020-21
1629718,Charlie Brown Jr.,1610612760,OKC,24.0,9,16.9,3.0,1.56,1.44,1.44,0.11,0.0,0.0,0.11,0.0,0.11,1.0,0.0,0.0,0.22,0.22,0.22,0.11,0.0,1.0,1.0,0.5,2020-21
1626184,Chasson Randle,1610612753,ORL,28.0,39,21.3,3.13,0.92,2.21,1.31,0.05,0.13,0.26,0.1,0.21,0.31,0.333,0.667,0.0,0.21,0.21,0.21,0.05,0.0,1.0,1.0,0.25,2020-21
1629002,Chimezie Metu,1610612758,SAC,24.0,35,13.9,5.6,4.0,1.6,1.0,0.03,1.57,3.66,0.17,0.17,0.34,0.5,0.5,0.09,0.63,0.71,0.43,0.17,0.12,0.88,0.882,0.353,2020-21
1628449,Chris Boucher,1610612761,TOR,28.0,60,24.2,11.82,8.05,3.77,1.07,0.03,2.15,5.18,0.23,0.27,0.5,0.467,0.533,0.33,0.85,1.18,0.82,0.45,0.282,0.718,0.907,0.5,2020-21
1629185,Chris Chiozza,1610612751,BKN,25.0,16,13.2,2.19,1.0,1.19,0.75,0.0,0.5,1.19,0.06,0.31,0.38,0.167,0.833,0.0,0.06,0.06,0.0,0.0,0.0,1.0,0.0,0.0,2020-21
101108,Chris Paul,1610612756,PHX,36.0,70,31.4,2.39,0.9,1.49,2.5,0.04,0.33,0.73,0.54,0.57,1.11,0.487,0.513,0.0,0.43,0.43,0.4,0.1,0.0,1.0,1.0,0.25,2020-21
1629735,Chris Silva,1610612758,SAC,24.0,12,7.2,2.58,1.92,0.67,0.42,0.08,1.42,3.08,0.33,0.08,0.42,0.8,0.2,0.17,0.67,0.83,0.67,0.42,0.2,0.8,1.0,0.625,2020-21
1626174,Christian Wood,1610612745,HOU,25.0,41,32.3,11.2,7.59,3.61,1.2,0.02,1.93,4.54,0.51,0.27,0.78,0.656,0.344,0.27,1.12,1.39,0.9,0.66,0.193,0.807,0.974,0.711,2020-21
1629643,Chuma Okeke,1610612753,ORL,22.0,45,25.2,5.36,2.73,2.62,2.2,0.07,0.4,0.84,0.27,0.36,0.62,0.429,0.571,0.09,0.71,0.8,0.58,0.22,0.111,0.889,1.0,0.385,2020-21
203991,Clint Capela,1610612737,ATL,27.0,63,30.1,10.81,9.11,1.7,1.43,0.02,4.17,9.17,0.54,0.37,0.9,0.596,0.404,0.98,2.22,3.21,2.84,2.13,0.307,0.693,0.973,0.728,2020-21
1629632,Coby White,1610612741,CHI,21.0,69,31.2,6.33,3.32,3.01,1.07,0.07,0.3,0.67,0.42,0.54,0.96,0.439,0.561,0.0,0.23,0.23,0.2,0.03,0.0,1.0,1.0,0.143,2020-21
1628998,Cody Martin,1610612766,CHA,25.0,47,17.7,3.45,1.57,1.87,1.62,0.17,0.3,0.72,0.38,0.17,0.55,0.692,0.308,0.09,0.49,0.57,0.45,0.19,0.148,0.852,0.955,0.409,2020-21
203469,Cody Zeller,1610612766,CHA,28.0,48,20.9,7.27,5.56,1.71,1.44,0.15,2.67,6.19,0.44,0.15,0.58,0.75,0.25,0.48,1.5,1.98,1.54,0.81,0.242,0.758,0.961,0.506,2020-21
1630175,Cole Anthony,1610612753,ORL,21.0,47,27.1,4.55,1.91,2.64,1.19,0.13,0.17,0.4,0.3,0.45,0.74,0.4,0.6,0.0,0.13,0.13,0.06,0.02,0.0,1.0,0.75,0.25,2020-21
1629012,Collin Sexton,1610612739,CLE,22.0,59,35.6,4.25,2.1,2.15,1.81,0.03,0.27,0.68,0.68,0.46,1.14,0.597,0.403,0.03,0.17,0.2,0.17,0.07,0.167,0.833,0.909,0.364,2020-21
202709,Cory Joseph,1610612765,DET,29.0,63,23.0,4.43,2.33,2.1,1.37,0.05,0.24,0.57,0.52,0.32,0.84,0.623,0.377,0.03,0.76,0.79,0.65,0.13,0.04,0.96,0.911,0.178,2020-21
1626245,Cristiano Felicio,1610612741,CHI,28.0,16,5.0,1.5,1.19,0.31,0.31,0.0,1.19,2.56,0.13,0.06,0.19,0.667,0.333,0.44,0.13,0.56,0.56,0.31,0.778,0.222,1.0,0.556,2020-21
1626156,D'Angelo Russell,1610612750,MIN,25.0,41,29.0,4.41,1.93,2.49,1.88,0.07,0.27,0.66,0.39,0.32,0.71,0.552,0.448,0.0,0.24,0.24,0.22,0.05,0.0,1.0,0.9,0.2,2020-21
201571,D.J. Augustin,1610612745,HOU,33.0,53,20.1,1.6,0.42,1.19,0.68,0.08,0.08,0.15,0.23,0.21,0.43,0.522,0.478,0.0,0.28,0.28,0.23,0.04,0.0,1.0,0.857,0.143,2020-21
1628391,D.J. Wilson,1610612745,HOU,25.0,33,12.9,5.15,3.36,1.79,0.79,0.06,0.7,1.76,0.09,0.12,0.21,0.429,0.571,0.03,1.0,1.03,0.61,0.21,0.029,0.971,0.87,0.304,2020-21
1629610,DaQuan Jeffries,1610612759,SAS,23.0,29,16.9,4.24,2.0,2.24,1.14,0.03,0.07,0.17,0.24,0.31,0.55,0.438,0.563,0.03,0.72,0.76,0.62,0.03,0.045,0.955,0.947,0.053,2020-21
1629751,Dakota Mathias,1610612755,PHI,25.0,6,19.0,6.83,3.33,3.5,0.5,0.17,0.17,0.5,0.0,0.0,0.0,0.0,0.0,0.0,0.33,0.33,0.33,0.17,0.0,1.0,1.0,0.5,2020-21
1627745,Damian Jones,1610612758,SAC,26.0,36,15.0,5.19,3.72,1.47,0.75,0.0,2.78,6.47,0.11,0.11,0.22,0.5,0.5,0.11,1.08,1.19,0.94,0.33,0.093,0.907,0.971,0.343,2020-21
203081,Damian Lillard,1610612757,POR,30.0,67,35.8,4.01,1.42,2.6,1.69,0.13,0.25,0.58,0.42,0.57,0.99,0.424,0.576,0.0,0.1,0.1,0.1,0.06,0.0,1.0,1.0,0.571,2020-21
1627814,Damion Lee,1610612744,GSW,28.0,57,18.9,3.23,1.61,1.61,1.07,0.04,0.14,0.33,0.11,0.25,0.35,0.3,0.7,0.02,0.56,0.58,0.51,0.11,0.03,0.97,0.967,0.2,2020-21
1628422,Damyean Dotson,1610612739,CLE,27.0,41,20.6,2.71,0.93,1.78,0.66,0.0,0.1,0.22,0.2,0.17,0.37,0.533,0.467,0.0,0.24,0.24,0.24,0.12,0.0,1.0,1.0,0.5,2020-21
1629655,Daniel Gafford,1610612764,WAS,22.0,54,14.7,6.98,5.74,1.24,0.98,0.13,2.22,4.94,0.22,0.2,0.43,0.522,0.478,0.2,1.65,1.85,1.56,0.52,0.11,0.89,0.966,0.322,2020-21
1630187,Daniel Oturu,1610612746,LAC,21.0,22,7.0,2.5,1.73,0.77,0.41,0.05,0.95,2.18,0.14,0.09,0.23,0.6,0.4,0.18,0.23,0.41,0.36,0.27,0.444,0.556,1.0,0.75,2020-21
1628464,Daniel Theis,1610612741,CHI,29.0,65,24.6,9.2,6.09,3.11,1.54,0.08,2.97,6.92,0.17,0.2,0.37,0.458,0.542,0.62,1.8,2.42,1.97,1.09,0.255,0.745,0.962,0.534,2020-21
201568,Danilo Gallinari,1610612737,ATL,32.0,51,24.0,5.29,3.1,2.2,1.24,0.02,0.86,1.92,0.18,0.18,0.35,0.5,0.5,0.08,0.78,0.86,0.75,0.33,0.091,0.909,0.95,0.425,2020-21
201980,Danny Green,1610612755,PHI,34.0,69,28.0,7.38,3.88,3.49,2.51,0.01,0.29,0.7,0.25,0.41,0.65,0.378,0.622,0.06,0.46,0.52,0.46,0.13,0.111,0.889,0.914,0.257,2020-21
203957,Dante Exum,1610612745,HOU,25.0,5,23.1,4.6,2.4,2.2,1.2,0.0,0.4,0.8,0.6,0.2,0.8,0.75,0.25,0.0,0.2,0.2,0.2,0.2,0.0,1.0,1.0,1.0,2020-21
1627863,Danuel House Jr.,1610612745,HOU,28.0,36,25.9,4.86,2.69,2.17,1.25,0.0,0.44,1.0,0.14,0.36,0.5,0.278,0.722,0.03,0.81,0.83,0.64,0.25,0.033,0.967,0.92,0.36,2020-21
203967,Dario Saric,1610612756,PHX,27.0,50,17.4,5.92,4.06,1.86,1.12,0.1,2.52,5.42,0.16,0.16,0.32,0.5,0.5,0.36,1.64,2.0,1.58,0.6,0.18,0.82,0.952,0.361,2020-21
1629647,Darius Bazley,1610612760,OKC,21.0,55,31.2,9.0,4.45,4.55,0.8,0.0,0.67,1.51,0.24,0.33,0.56,0.419,0.581,0.02,0.75,0.76,0.6,0.33,0.024,0.976,0.971,0.529,2020-21
1629636,Darius Garland,1610612739,CLE,21.0,54,33.1,4.8,2.07,2.72,1.91,0.07,0.19,0.43,0.33,0.43,0.76,0.439,0.561,0.0,0.3,0.3,0.26,0.04,0.0,1.0,1.0,0.143,2020-21
203121,Darius Miller,1610612760,OKC,31.0,17,11.6,2.06,1.12,0.94,1.35,0.0,0.24,0.53,0.0,0.18,0.18,0.0,1.0,0.0,0.35,0.35,0.35,0.0,0.0,1.0,1.0,0.0,2020-21
1628021,David Nwaba,1610612745,HOU,28.0,29,22.9,4.52,3.03,1.48,1.86,0.14,0.62,1.38,0.24,0.41,0.66,0.368,0.632,0.17,0.72,0.9,0.59,0.17,0.192,0.808,0.81,0.238,2020-21
202722,Davis Bertans,1610612764,WAS,28.0,57,25.7,5.51,3.4,2.11,1.32,0.05,0.56,1.21,0.18,0.28,0.46,0.385,0.615,0.0,1.14,1.14,1.0,0.3,0.0,1.0,0.934,0.279,2020-21
1628368,De'Aaron Fox,1610612758,SAC,23.0,58,35.1,5.17,1.95,3.22,2.78,0.12,0.43,1.0,0.59,0.43,1.02,0.576,0.424,0.0,0.29,0.29,0.24,0.03,0.0,1.0,0.933,0.133,2020-21
1629631,De'Andre Hunter,1610612737,ATL,23.0,23,29.5,5.96,3.13,2.83,1.17,0.04,0.35,0.78,0.43,0.48,0.91,0.476,0.524,0.09,1.0,1.09,0.7,0.17,0.08,0.92,0.941,0.235,2020-21
1629001,De'Anthony Melton,1610612763,MEM,23.0,52,20.1,4.33,2.23,2.1,2.48,0.0,0.25,0.56,0.25,0.44,0.69,0.361,0.639,0.0,0.31,0.31,0.25,0.1,0.0,1.0,0.929,0.357,2020-21
201599,DeAndre Jordan,1610612751,BKN,32.0,57,21.9,8.74,6.53,2.21,0.84,0.02,3.37,7.82,0.16,0.12,0.28,0.563,0.438,0.75,1.44,2.19,1.84,1.28,0.344,0.656,0.981,0.682,2020-21
1627761,DeAndre' Bembry,1610612761,TOR,26.0,49,19.7,2.43,1.02,1.41,1.67,0.0,0.18,0.39,0.22,0.31,0.53,0.423,0.577,0.02,0.2,0.22,0.16,0.04,0.091,0.909,0.8,0.2,2020-21
201942,DeMar DeRozan,1610612759,SAS,31.0,61,33.7,2.85,1.39,1.46,1.61,0.02,0.23,0.57,0.39,0.43,0.82,0.48,0.52,0.02,0.77,0.79,0.62,0.21,0.021,0.979,0.884,0.302,2020-21
202326,DeMarcus Cousins,1610612746,LAC,30.0,41,17.4,5.85,4.22,1.63,1.56,0.24,1.85,4.24,0.24,0.2,0.44,0.556,0.444,0.63,1.37,2.0,1.59,1.22,0.317,0.683,0.97,0.746,2020-21
1629731,Dean Wade,1610612739,CLE,24.0,61,19.7,4.77,3.44,1.33,1.05,0.0,0.67,1.48,0.36,0.28,0.64,0.564,0.436,0.07,0.97,1.03,0.64,0.23,0.063,0.937,0.907,0.326,2020-21
1629028,Deandre Ayton,1610612756,PHX,22.0,69,30.6,13.23,9.42,3.81,1.06,0.0,5.61,11.88,0.48,0.3,0.78,0.611,0.389,1.04,1.13,2.17,1.87,1.52,0.48,0.52,0.985,0.802,2020-21
1629686,Deividas Sirvydis,1610612765,DET,21.0,16,7.9,2.19,1.0,1.19,0.63,0.0,0.06,0.13,0.0,0.13,0.13,0.0,1.0,0.0,0.13,0.13,0.13,0.0,0.0,1.0,1.0,0.0,2020-21
1627749,Dejounte Murray,1610612759,SAS,24.0,67,31.9,5.03,2.76,2.27,2.88,0.0,0.22,0.46,0.34,0.54,0.88,0.39,0.61,0.01,0.3,0.31,0.3,0.12,0.048,0.952,0.952,0.381,2020-21
1626153,Delon Wright,1610612758,SAC,29.0,61,28.2,3.87,2.38,1.49,3.05,0.03,0.18,0.43,0.38,0.49,0.87,0.434,0.566,0.08,0.51,0.59,0.51,0.2,0.139,0.861,0.912,0.353,2020-21
1630166,Deni Avdija,1610612764,WAS,20.0,54,23.3,6.44,3.57,2.87,1.26,0.04,0.19,0.41,0.2,0.17,0.37,0.55,0.45,0.06,0.46,0.52,0.44,0.17,0.107,0.893,1.0,0.375,2020-21
203471,Dennis Schröder,1610612747,LAL,27.0,61,32.1,4.85,2.59,2.26,1.82,0.16,0.39,0.9,0.48,0.48,0.95,0.5,0.5,0.0,0.51,0.51,0.48,0.11,0.0,1.0,1.0,0.241,2020-21
1628372,Dennis Smith Jr.,1610612765,DET,23.0,23,18.3,4.22,2.3,1.91,2.26,0.0,0.26,0.7,0.22,0.17,0.39,0.556,0.444,0.0,0.26,0.26,0.22,0.09,0.0,1.0,0.833,0.333,2020-21
1627756,Denzel Valentine,1610612741,CHI,27.0,58,17.6,3.03,1.4,1.64,0.83,0.0,0.14,0.33,0.12,0.33,0.45,0.269,0.731,0.02,0.38,0.4,0.4,0.1,0.043,0.957,1.0,0.261,2020-21
202324,Derrick Favors,1610612762,UTA,29.0,68,15.3,8.31,6.78,1.53,0.81,0.03,2.38,5.75,0.28,0.21,0.49,0.576,0.424,0.47,1.63,2.1,1.71,1.0,0.224,0.776,0.967,0.567,2020-21
1627884,Derrick Jones Jr.,1610612757,POR,24.0,58,22.7,5.26,3.16,2.1,1.48,0.0,0.76,1.84,0.29,0.48,0.78,0.378,0.622,0.02,0.41,0.43,0.31,0.12,0.04,0.96,0.947,0.368,2020-21
201565,Derrick Rose,1610612752,NYK,32.0,50,25.6,3.58,1.72,1.86,1.46,0.04,0.08,0.18,0.36,0.36,0.72,0.5,0.5,0.0,0.06,0.06,0.06,0.02,0.0,1.0,1.0,0.333,2020-21
1628401,Derrick White,1610612759,SAS,26.0,36,29.5,7.5,4.47,3.03,1.94,0.39,0.44,1.03,0.31,0.25,0.56,0.55,0.45,0.0,0.22,0.22,0.22,0.0,0.0,1.0,1.0,0.0,2020-21
1630217,Desmond Bane,1610612763,MEM,23.0,68,22.3,4.16,1.9,2.26,1.29,0.0,0.18,0.43,0.13,0.37,0.5,0.265,0.735,0.0,0.35,0.35,0.25,0.04,0.0,1.0,0.895,0.158,2020-21
1626164,Devin Booker,1610612756,PHX,24.0,67,33.9,5.34,2.61,2.73,1.1,0.01,0.33,0.73,0.37,0.31,0.69,0.543,0.457,0.01,0.88,0.9,0.76,0.13,0.017,0.983,0.981,0.173,2020-21
1629962,Devin Cannady,1610612753,ORL,25.0,7,10.5,1.86,0.71,1.14,0.86,0.0,0.14,0.43,0.14,0.14,0.29,0.5,0.5,0.0,0.29,0.29,0.29,0.14,0.0,1.0,1.0,0.5,2020-21
1630170,Devin Vassell,1610612759,SAS,20.0,60,17.5,3.23,1.93,1.3,1.37,0.0,0.15,0.32,0.22,0.25,0.47,0.464,0.536,0.0,0.18,0.18,0.13,0.07,0.0,1.0,0.889,0.444,2020-21
1629653,Devon Dotson,1610612741,CHI,21.0,11,4.6,1.0,0.64,0.36,0.73,0.0,0.0,0.0,0.0,0.27,0.27,0.0,1.0,0.0,0.09,0.09,0.09,0.0,0.0,1.0,1.0,0.0,2020-21
1629719,Devontae Cacok,1610612747,LAL,24.0,19,4.8,1.47,1.0,0.47,0.53,0.0,0.58,1.32,0.05,0.0,0.05,1.0,0.0,0.26,0.32,0.58,0.37,0.32,0.455,0.545,0.778,0.667,2020-21
1628984,Devonte' Graham,1610612766,CHA,26.0,54,30.3,3.19,0.89,2.3,1.85,0.17,0.13,0.3,0.3,0.43,0.72,0.41,0.59,0.0,0.56,0.56,0.5,0.09,0.0,1.0,1.0,0.185,2020-21
203473,Dewayne Dedmon,1610612748,MIA,31.0,16,13.2,4.0,3.06,0.94,0.88,0.06,1.69,4.0,0.06,0.19,0.25,0.25,0.75,0.63,1.06,1.69,1.44,1.06,0.37,0.63,0.958,0.708,2020-21
1629712,Didi Louzada,1610612740,NOP,21.0,3,18.8,1.67,1.0,0.67,1.0,0.0,0.0,0.0,0.33,0.33,0.67,0.5,0.5,0.0,0.33,0.33,0.33,0.0,0.0,1.0,1.0,0.0,2020-21
1628415,Dillon Brooks,1610612763,MEM,25.0,67,29.8,5.73,2.81,2.93,2.76,0.03,0.33,0.7,0.24,0.43,0.67,0.356,0.644,0.06,0.58,0.64,0.57,0.13,0.093,0.907,0.927,0.22,2020-21
1627734,Domantas Sabonis,1610612754,IND,25.0,62,36.0,10.56,7.97,2.6,2.26,0.03,6.5,15.21,0.65,0.4,1.05,0.615,0.385,0.58,1.69,2.27,2.05,1.34,0.255,0.745,0.962,0.629,2020-21
1628378,Donovan Mitchell,1610612762,UTA,24.0,53,33.4,3.28,1.57,1.72,1.75,0.04,0.21,0.53,0.62,0.62,1.25,0.5,0.5,0.0,0.81,0.81,0.66,0.17,0.0,1.0,0.921,0.237,2020-21
1629743,Donta Hall,1610612753,ORL,23.0,13,13.8,5.08,4.08,1.0,0.69,0.15,2.08,4.46,0.15,0.08,0.23,0.667,0.333,0.0,0.31,0.31,0.23,0.08,0.0,1.0,1.0,0.333,2020-21
1628978,Donte DiVincenzo,1610612749,MIL,24.0,66,27.5,4.91,2.23,2.68,2.17,0.05,0.41,0.94,0.55,0.48,1.03,0.529,0.471,0.05,0.15,0.2,0.17,0.06,0.231,0.769,1.0,0.364,2020-21
1627827,Dorian Finney-Smith,1610612742,DAL,28.0,60,32.0,6.27,3.78,2.48,1.68,0.02,0.97,2.27,0.37,0.38,0.75,0.489,0.511,0.03,1.2,1.23,0.92,0.3,0.027,0.973,0.917,0.3,2020-21
203926,Doug McDermott,1610612754,IND,29.0,66,24.5,3.76,2.12,1.64,0.44,0.03,0.14,0.27,0.24,0.15,0.39,0.615,0.385,0.14,0.58,0.71,0.62,0.35,0.191,0.809,0.932,0.523,2020-21
203110,Draymond Green,1610612744,GSW,31.0,63,31.5,9.98,6.79,3.19,2.87,0.27,3.05,7.73,0.32,0.41,0.73,0.435,0.565,0.08,2.57,2.65,2.03,0.75,0.03,0.97,0.962,0.353,2020-21
1629234,Drew Eubanks,1610612759,SAS,24.0,52,14.5,5.83,4.38,1.44,0.83,0.0,2.6,5.69,0.15,0.17,0.33,0.471,0.529,0.4,1.21,1.62,1.25,0.67,0.25,0.75,0.929,0.5,2020-21
1629130,Duncan Robinson,1610612748,MIA,27.0,72,31.4,5.92,2.88,3.04,1.17,0.18,1.08,2.4,0.22,0.35,0.57,0.39,0.61,0.0,1.01,1.01,0.83,0.21,0.0,1.0,0.938,0.234,2020-21
1628407,Dwayne Bacon,1610612753,ORL,25.0,72,25.7,4.25,2.04,2.21,0.97,0.0,0.08,0.17,0.24,0.38,0.61,0.386,0.614,0.01,0.19,0.21,0.18,0.08,0.067,0.933,0.867,0.4,2020-21
2730,Dwight Howard,1610612755,PHI,35.0,69,17.3,4.52,3.91,0.61,1.09,0.0,3.07,6.49,0.1,0.16,0.26,0.389,0.611,1.29,1.13,2.42,2.09,1.58,0.533,0.467,0.96,0.727,2020-21
203939,Dwight Powell,1610612742,DAL,29.0,58,16.6,6.45,4.55,1.9,1.09,0.0,3.29,7.72,0.21,0.29,0.5,0.414,0.586,0.45,1.5,1.95,1.43,0.81,0.23,0.77,0.912,0.516,2020-21
1629685,Dylan Windler,1610612739,CLE,24.0,31,16.5,3.23,1.77,1.45,1.23,0.0,0.06,0.13,0.32,0.42,0.74,0.435,0.565,0.1,0.42,0.52,0.32,0.23,0.188,0.813,0.909,0.636,2020-21
202734,E'Twaun Moore,1610612756,PHX,32.0,26,14.6,2.85,1.65,1.19,0.92,0.0,0.15,0.38,0.23,0.27,0.5,0.462,0.538,0.0,0.31,0.31,0.19,0.12,0.0,1.0,1.0,0.6,2020-21
202334,Ed Davis,1610612750,MIN,32.0,22,13.6,4.0,3.27,0.73,0.82,0.0,2.86,6.68,0.32,0.14,0.45,0.7,0.3,0.59,2.05,2.64,2.27,1.18,0.224,0.776,1.0,0.52,2020-21
1628410,Edmond Sumner,1610612754,IND,25.0,49,17.4,2.24,1.24,1.0,1.35,0.0,0.06,0.16,0.18,0.37,0.55,0.333,0.667,0.0,0.2,0.2,0.2,0.06,0.0,1.0,1.0,0.3,2020-21
203901,Elfrid Payton,1610612752,NYK,27.0,62,23.7,4.18,1.47,2.71,1.68,0.0,0.1,0.21,0.45,0.24,0.69,0.651,0.349,0.02,0.13,0.15,0.13,0.08,0.111,0.889,0.889,0.556,2020-21
1629091,Elijah Bryant,1610612749,MIL,26.0,1,31.6,5.0,5.0,0.0,0.0,0.0,0.0,0.0,1.0,0.0,1.0,1.0,0.0,0.0,1.0,1.0,1.0,0.0,0.0,1.0,1.0,0.0,2020-21
1630190,Elijah Hughes,1610612762,UTA,23.0,10,4.0,1.0,0.5,0.5,0.2,0.1,0.0,0.0,0.0,0.0,0.0,0.0,0.0,0.0,0.1,0.1,0.0,0.0,0.0,1.0,0.0,0.0,2020-21
202683,Enes Freedom,1610612757,POR,29.0,72,24.4,6.33,5.11,1.22,0.69,0.0,4.07,9.64,0.36,0.14,0.5,0.722,0.278,1.81,1.71,3.51,2.88,2.17,0.514,0.486,0.945,0.712,2020-21
202339,Eric Bledsoe,1610612740,NOP,31.0,71,29.7,5.97,2.63,3.34,1.44,0.15,0.24,0.52,0.34,0.35,0.69,0.49,0.51,0.0,0.34,0.34,0.31,0.06,0.0,1.0,0.957,0.174,2020-21
201569,Eric Gordon,1610612745,HOU,32.0,27,29.2,3.26,1.56,1.7,1.19,0.0,0.26,0.67,0.33,0.22,0.56,0.6,0.4,0.0,0.59,0.59,0.41,0.11,0.0,1.0,0.846,0.231,2020-21
1629672,Eric Paschall,1610612744,GSW,24.0,40,17.4,5.25,3.53,1.73,0.65,0.0,1.53,3.58,0.2,0.18,0.38,0.533,0.467,0.05,1.25,1.3,0.73,0.28,0.038,0.962,0.806,0.306,2020-21
101141,Ersan Ilyasova,1610612762,UTA,34.0,16,9.1,2.81,1.75,1.06,0.94,0.13,0.38,0.81,0.06,0.19,0.25,0.25,0.75,0.13,0.38,0.5,0.31,0.13,0.25,0.75,0.833,0.333,2020-21
203095,Evan Fournier,1610612738,BOS,28.0,42,30.0,5.26,3.1,2.17,1.98,0.0,0.24,0.57,0.21,0.38,0.6,0.36,0.64,0.05,0.6,0.64,0.55,0.19,0.074,0.926,0.885,0.308,2020-21
1630267,Facundo Campazzo,1610612743,DEN,30.0,62,22.8,3.15,1.32,1.82,2.84,0.11,0.16,0.35,0.27,0.6,0.87,0.315,0.685,0.02,0.24,0.26,0.18,0.03,0.063,0.938,0.733,0.133,2020-21
1628402,Frank Jackson,1610612765,DET,23.0,35,20.5,3.69,1.8,1.89,0.57,0.0,0.0,0.0,0.34,0.4,0.74,0.462,0.538,0.0,0.23,0.23,0.23,0.06,0.0,1.0,1.0,0.25,2020-21
1626163,Frank Kaminsky,1610612756,PHX,28.0,47,15.2,6.23,4.79,1.45,0.74,0.02,1.91,4.19,0.06,0.13,0.19,0.333,0.667,0.15,1.17,1.32,1.04,0.45,0.113,0.887,0.961,0.412,2020-21
1628412,Frank Mason III,1610612753,ORL,27.0,4,19.8,4.0,0.75,3.25,0.25,0.0,0.25,0.5,0.5,0.25,0.75,0.667,0.333,0.0,0.5,0.5,0.5,0.0,0.0,1.0,1.0,0.0,2020-21
1628373,Frank Ntilikina,1610612752,NYK,22.0,26,12.0,2.04,1.15,0.88,1.23,0.08,0.08,0.23,0.0,0.19,0.19,0.0,1.0,0.0,0.12,0.12,0.12,0.0,0.0,1.0,1.0,0.0,2020-21
1627832,Fred VanVleet,1610612761,TOR,27.0,52,36.5,5.9,2.65,3.25,3.83,0.02,0.6,1.44,0.52,0.62,1.13,0.458,0.542,0.02,1.27,1.29,1.12,0.33,0.015,0.985,0.906,0.266,2020-21
1630273,Freddie Gillespie,1610612761,TOR,24.0,20,19.6,7.35,5.85,1.5,1.3,0.1,2.2,5.25,0.35,0.55,0.9,0.389,0.611,0.3,1.1,1.4,1.15,0.55,0.214,0.786,0.885,0.423,2020-21
1627788,Furkan Korkmaz,1610612755,PHI,23.0,53,19.6,2.87,1.34,1.53,1.15,0.06,0.25,0.51,0.15,0.28,0.43,0.348,0.652,0.0,0.09,0.09,0.06,0.0,0.0,1.0,0.75,0.0,2020-21
1629216,Gabe Vincent,1610612748,MIA,25.0,41,15.4,2.88,0.8,2.07,1.41,0.29,0.29,0.76,0.07,0.34,0.41,0.176,0.824,0.02,0.37,0.39,0.39,0.1,0.063,0.938,1.0,0.25,2020-21
1630466,Gabriel Deck,1610612760,OKC,26.0,10,21.2,3.4,1.7,1.7,0.8,0.1,0.7,2.0,0.2,0.1,0.3,0.667,0.333,0.0,0.2,0.2,0.2,0.1,0.0,1.0,1.0,0.5,2020-21
202066,Garrett Temple,1610612741,CHI,35.0,56,27.3,5.57,3.02,2.55,2.02,0.07,0.32,0.82,0.29,0.43,0.71,0.4,0.6,0.0,0.23,0.23,0.2,0.04,0.0,1.0,1.0,0.182,2020-21
1629726,Garrison Mathews,1610612764,WAS,24.0,59,17.3,2.81,1.36,1.46,0.92,0.22,0.07,0.14,0.08,0.2,0.29,0.294,0.706,0.02,0.37,0.39,0.31,0.07,0.043,0.957,1.0,0.222,2020-21
1629109,Gary Clark,1610612755,PHI,26.0,36,17.9,3.78,2.0,1.78,0.92,0.03,0.53,1.11,0.28,0.11,0.39,0.714,0.286,0.08,0.83,0.92,0.58,0.06,0.091,0.909,0.913,0.087,2020-21
203914,Gary Harris,1610612753,ORL,26.0,38,28.1,3.55,1.24,2.32,2.37,0.05,0.32,0.66,0.39,0.42,0.82,0.484,0.516,0.0,0.13,0.13,0.13,0.0,0.0,1.0,1.0,0.0,2020-21
1627780,Gary Payton II,1610612744,GSW,28.0,6,6.3,1.33,1.0,0.33,1.5,0.0,0.17,0.33,0.17,0.33,0.5,0.333,0.667,0.0,0.17,0.17,0.17,0.0,0.0,1.0,1.0,0.0,2020-21
1629018,Gary Trent Jr.,1610612761,TOR,22.0,58,31.1,3.57,1.6,1.97,2.05,0.0,0.22,0.52,0.24,0.34,0.59,0.412,0.588,0.02,0.26,0.28,0.22,0.12,0.063,0.938,0.929,0.5,2020-21
201588,George Hill,1610612755,PHI,35.0,30,22.4,3.5,1.5,2.0,1.33,0.07,0.2,0.47,0.3,0.4,0.7,0.429,0.571,0.1,0.6,0.7,0.37,0.1,0.143,0.857,0.917,0.25,2020-21
1627777,Georges Niang,1610612762,UTA,28.0,71,16.2,2.94,1.72,1.23,0.62,0.0,0.37,0.94,0.18,0.15,0.34,0.542,0.458,0.01,0.61,0.62,0.48,0.15,0.023,0.977,0.944,0.306,2020-21
203507,Giannis Antetokounmpo,1610612749,MIL,26.0,61,33.0,8.62,4.77,3.85,2.03,0.03,2.79,6.51,0.62,0.51,1.13,0.551,0.449,0.16,0.82,0.98,0.75,0.57,0.167,0.833,0.92,0.7,2020-21
203922,Glenn Robinson III,1610612758,SAC,27.0,21,16.9,4.33,2.62,1.71,0.76,0.0,0.05,0.1,0.1,0.29,0.38,0.25,0.75,0.05,0.76,0.81,0.52,0.24,0.059,0.941,1.0,0.455,2020-21
1629048,Goga Bitadze,1610612754,IND,21.0,42,13.2,6.95,5.83,1.12,0.64,0.0,2.1,4.76,0.19,0.07,0.26,0.727,0.273,0.62,1.17,1.79,1.5,0.74,0.347,0.653,0.94,0.463,2020-21
201609,Goran Dragic,1610612748,MIA,35.0,50,26.7,3.52,1.76,1.76,1.42,0.1,0.32,0.72,0.36,0.32,0.68,0.529,0.471,0.0,0.36,0.36,0.32,0.08,0.0,1.0,0.941,0.235,2020-21
202330,Gordon Hayward,1610612766,CHA,31.0,44,34.0,5.73,3.09,2.64,1.95,0.02,0.32,0.8,0.45,0.43,0.89,0.513,0.487,0.07,0.8,0.86,0.77,0.41,0.079,0.921,0.944,0.5,2020-21
203476,Gorgui Dieng,1610612759,SAS,31.0,38,14.5,5.26,3.63,1.63,1.5,0.08,2.11,4.55,0.24,0.18,0.42,0.563,0.438,0.18,1.11,1.29,0.95,0.47,0.143,0.857,0.947,0.474,2020-21
1630203,Grant Riller,1610612766,CHA,24.0,4,5.3,0.5,0.0,0.5,0.25,0.0,0.25,0.75,0.0,0.25,0.25,0.0,1.0,0.0,0.0,0.0,0.0,0.0,0.0,0.0,0.0,0.0,2020-21
1629684,Grant Williams,1610612738,BOS,22.0,63,18.1,4.92,3.08,1.84,0.81,0.08,1.03,2.62,0.21,0.19,0.4,0.52,0.48,0.16,1.19,1.35,1.06,0.3,0.118,0.882,0.957,0.271,2020-21
1628960,Grayson Allen,1610612763,MEM,25.0,50,25.2,4.02,1.72,2.3,1.04,0.06,0.26,0.54,0.24,0.24,0.48,0.5,0.5,0.0,0.16,0.16,0.14,0.08,0.0,1.0,1.0,0.571,2020-21
204222,Greg Whittington,1610612743,DEN,28.0,2,4.1,0.0,0.0,0.0,0.0,0.0,1.0,2.0,0.0,0.0,0.0,0.0,0.0,0.0,1.0,1.0,1.0,0.0,0.0,1.0,1.0,0.0,2020-21
1628977,Hamidou Diallo,1610612765,DET,22.0,51,23.8,4.27,2.51,1.76,1.53,0.04,0.1,0.24,0.35,0.33,0.69,0.514,0.486,0.1,0.24,0.33,0.27,0.12,0.294,0.706,1.0,0.429,2020-21
203084,Harrison Barnes,1610612758,SAC,29.0,58,36.2,6.86,4.36,2.5,1.41,0.03,0.83,1.91,0.45,0.34,0.79,0.565,0.435,0.21,1.5,1.71,1.24,0.66,0.121,0.879,0.923,0.487,2020-21
1628385,Harry Giles III,1610612757,POR,23.0,36,9.5,3.78,1.83,1.94,0.47,0.0,1.31,3.28,0.11,0.06,0.17,0.667,0.333,0.17,0.53,0.69,0.56,0.44,0.24,0.76,1.0,0.8,2020-21
202355,Hassan Whiteside,1610612758,SAC,32.0,35,15.5,7.4,6.11,1.29,0.43,0.03,1.97,4.43,0.34,0.2,0.54,0.632,0.368,0.97,0.94,1.91,1.57,1.11,0.507,0.493,0.948,0.672,2020-21
1627740,Henry Ellenson,1610612761,TOR,24.0,2,19.2,7.0,4.5,2.5,0.0,0.5,4.5,10.0,0.5,0.0,0.5,1.0,0.0,0.0,2.5,2.5,2.5,0.5,0.0,1.0,1.0,0.2,2020-21
1629649,Ignas Brazdeikis,1610612753,ORL,22.0,8,29.2,6.5,3.75,2.75,1.25,0.0,0.13,0.25,0.63,0.38,1.0,0.625,0.375,0.13,1.13,1.25,0.88,0.25,0.1,0.9,1.0,0.286,2020-21
202697,Iman Shumpert,1610612751,BKN,31.0,1,5.5,1.0,0.0,1.0,1.0,0.0,0.0,0.0,0.0,0.0,0.0,0.0,0.0,0.0,0.0,0.0,0.0,0.0,0.0,0.0,0.0,0.0,2020-21
1630193,Immanuel Quickley,1610612752,NYK,22.0,64,19.4,3.5,1.73,1.77,0.97,0.02,0.09,0.23,0.22,0.22,0.44,0.5,0.5,0.0,0.33,0.33,0.28,0.06,0.0,1.0,0.947,0.211,2020-21
1629067,Isaac Bonga,1610612764,WAS,21.0,35,11.9,3.09,1.6,1.49,0.77,0.06,0.23,0.51,0.23,0.17,0.4,0.571,0.429,0.0,0.43,0.43,0.26,0.06,0.0,1.0,0.818,0.182,2020-21
1630171,Isaac Okoro,1610612739,CLE,20.0,67,32.4,6.75,4.16,2.58,1.64,0.09,0.15,0.34,0.4,0.42,0.82,0.491,0.509,0.04,0.82,0.87,0.66,0.13,0.052,0.948,0.957,0.196,2020-21
1628392,Isaiah Hartenstein,1610612739,CLE,23.0,46,12.2,4.87,3.63,1.24,0.74,0.04,2.15,4.93,0.17,0.22,0.39,0.444,0.556,0.57,1.15,1.72,1.09,0.8,0.329,0.671,0.833,0.617,2020-21
1630198,Isaiah Joe,1610612755,PHI,21.0,33,10.8,2.09,0.7,1.39,0.58,0.09,0.09,0.21,0.12,0.12,0.24,0.5,0.5,0.0,0.12,0.12,0.06,0.03,0.0,1.0,1.0,0.5,2020-21
1629676,Isaiah Roby,1610612760,OKC,23.0,61,23.4,7.02,4.66,2.36,1.93,0.05,2.2,5.15,0.57,0.28,0.85,0.673,0.327,0.18,1.25,1.43,1.11,0.46,0.126,0.874,0.907,0.373,2020-21
1630191,Isaiah Stewart,1610612765,DET,20.0,68,21.4,10.66,8.25,2.41,0.88,0.01,2.88,6.44,0.21,0.1,0.31,0.667,0.333,0.69,1.97,2.66,2.24,1.44,0.26,0.74,0.944,0.609,2020-21
202738,Isaiah Thomas,1610612740,NOP,32.0,2,22.1,1.0,0.0,1.0,0.5,0.0,0.0,0.0,0.0,0.5,0.5,0.0,1.0,0.0,0.0,0.0,0.0,0.0,0.0,0.0,0.0,0.0,2020-21
202397,Ish Smith,1610612764,WAS,32.0,43,20.9,2.72,1.51,1.21,1.19,0.26,0.12,0.26,0.37,0.44,0.81,0.457,0.543,0.0,0.21,0.21,0.19,0.09,0.0,1.0,0.889,0.444,2020-21
1627826,Ivica Zubac,1610612746,LAC,24.0,71,22.7,9.49,7.76,1.73,0.48,0.0,3.93,8.86,0.32,0.18,0.51,0.639,0.361,1.06,1.87,2.93,2.31,1.42,0.361,0.639,0.932,0.574,2020-21
200755,JJ Redick,1610612742,DAL,37.0,38,17.2,1.66,0.53,1.13,0.37,0.21,0.45,0.95,0.13,0.16,0.29,0.455,0.545,0.0,0.39,0.39,0.34,0.05,0.0,1.0,0.867,0.133,2020-21
1629630,Ja Morant,1610612763,MEM,21.0,63,32.6,3.67,1.68,1.98,1.29,0.03,0.35,0.81,0.38,0.3,0.68,0.558,0.442,0.03,0.49,0.52,0.49,0.11,0.061,0.939,0.969,0.219,2020-21
203960,JaKarr Sampson,1610612754,IND,28.0,26,11.7,5.15,4.19,0.96,0.38,0.04,1.08,2.23,0.08,0.04,0.12,0.667,0.333,0.04,0.73,0.77,0.58,0.15,0.05,0.95,1.0,0.267,2020-21
203210,JaMychal Green,1610612743,DEN,31.0,58,19.3,3.76,2.0,1.76,0.78,0.02,0.88,2.12,0.14,0.24,0.38,0.364,0.636,0.38,1.07,1.45,1.05,0.66,0.262,0.738,0.938,0.585,2020-21
201580,JaVale McGee,1610612743,DEN,33.0,46,14.7,4.98,3.85,1.13,1.28,0.02,1.93,4.39,0.33,0.15,0.48,0.682,0.318,0.22,1.04,1.26,0.89,0.63,0.172,0.828,1.0,0.707,2020-21
203953,Jabari Parker,1610612738,BOS,26.0,13,12.7,3.0,1.85,1.15,0.46,0.15,0.92,2.38,0.0,0.0,0.0,0.0,0.0,0.15,0.46,0.62,0.54,0.46,0.25,0.75,0.875,0.75,2020-21
1630183,Jaden McDaniels,1610612750,MIN,20.0,62,24.4,7.61,4.97,2.65,1.24,0.0,0.37,0.9,0.19,0.29,0.48,0.4,0.6,0.03,0.55,0.58,0.47,0.26,0.056,0.944,1.0,0.552,2020-21
203109,Jae Crowder,1610612756,PHX,30.0,60,27.5,5.72,3.3,2.42,1.48,0.13,0.78,1.72,0.27,0.3,0.57,0.471,0.529,0.02,0.57,0.58,0.38,0.1,0.029,0.971,0.958,0.25,2020-21
1630256,Jae'Sean Tate,1610612745,HOU,25.0,70,29.2,6.6,3.63,2.97,2.16,0.2,1.39,3.39,0.3,0.76,1.06,0.284,0.716,0.64,1.63,2.27,1.64,0.87,0.283,0.717,0.885,0.469,2020-21
1626143,Jahlil Okafor,1610612765,DET,25.0,27,12.9,5.7,4.59,1.11,0.37,0.07,1.48,3.3,0.33,0.07,0.41,0.818,0.182,0.37,1.11,1.48,1.33,0.81,0.25,0.75,1.0,0.611,2020-21
1630186,Jahmi'us Ramsey,1610612758,SAC,20.0,10,8.8,1.8,0.9,0.9,0.5,0.0,0.0,0.0,0.0,0.1,0.1,0.0,1.0,0.0,0.3,0.3,0.3,0.0,0.0,1.0,1.0,0.0,2020-21
1627774,Jake Layman,1610612750,MIN,27.0,42,14.5,2.95,1.93,1.02,0.98,0.05,0.17,0.48,0.12,0.31,0.43,0.278,0.722,0.0,0.67,0.67,0.38,0.1,0.0,1.0,0.8,0.2,2020-21
1627751,Jakob Poeltl,1610612759,SAS,25.0,69,26.7,14.45,11.57,2.88,1.29,0.04,5.55,12.03,0.42,0.19,0.61,0.69,0.31,0.49,1.87,2.38,2.01,1.01,0.207,0.787,0.972,0.49,2020-21
1628973,Jalen Brunson,1610612742,DAL,24.0,68,25.0,3.41,1.35,2.06,1.04,0.16,0.44,1.09,0.21,0.18,0.38,0.538,0.462,0.0,0.21,0.21,0.15,0.04,0.0,1.0,0.833,0.25,2020-21
1630223,Jalen Harris,1610612761,TOR,22.0,13,13.2,2.23,0.54,1.69,0.77,0.0,0.0,0.0,0.15,0.15,0.31,0.5,0.5,0.0,0.46,0.46,0.46,0.23,0.0,1.0,1.0,0.5,2020-21
1629665,Jalen Lecque,1610612754,IND,21.0,2,4.2,1.5,1.5,0.0,0.5,0.0,0.0,0.0,0.5,0.0,0.5,1.0,0.0,0.0,0.0,0.0,0.0,0.0,0.0,0.0,0.0,0.0,2020-21
1629667,Jalen McDaniels,1610612766,CHA,23.0,44,20.2,6.0,3.43,2.57,1.39,0.07,0.18,0.48,0.2,0.32,0.52,0.391,0.609,0.09,0.52,0.61,0.52,0.23,0.148,0.852,0.958,0.417,2020-21
1630188,Jalen Smith,1610612756,PHX,21.0,20,7.3,2.4,1.3,1.1,0.15,0.0,0.45,1.0,0.05,0.05,0.1,0.5,0.5,0.15,0.55,0.7,0.5,0.25,0.214,0.786,0.833,0.417,2020-21
1627750,Jamal Murray,1610612743,DEN,24.0,48,35.5,5.65,2.35,3.29,2.27,0.08,1.27,2.79,0.52,0.52,1.04,0.5,0.5,0.0,0.27,0.27,0.23,0.08,0.0,1.0,1.0,0.364,2020-21
203516,James Ennis III,1610612753,ORL,30.0,41,24.1,4.17,1.8,2.37,1.76,0.1,0.24,0.54,0.2,0.34,0.54,0.364,0.636,0.12,0.22,0.34,0.27,0.1,0.357,0.643,1.0,0.364,2020-21
201935,James Harden,1610612751,BKN,31.0,44,36.6,4.05,2.59,1.45,2.5,0.02,0.52,1.32,0.34,0.34,0.68,0.5,0.5,0.02,1.11,1.14,0.7,0.3,0.02,0.98,0.969,0.406,2020-21
201949,James Johnson,1610612740,NOP,34.0,50,20.8,5.64,3.0,2.64,1.4,0.0,0.82,2.16,0.2,0.18,0.38,0.526,0.474,0.04,0.92,0.96,0.66,0.26,0.042,0.958,0.943,0.371,2020-21
203263,James Nunnally,1610612740,NOP,30.0,4,5.1,0.5,0.0,0.5,0.25,0.0,0.0,0.0,0.0,0.25,0.25,0.0,1.0,0.25,0.0,0.25,0.25,0.25,1.0,0.0,1.0,1.0,2020-21
1630164,James Wiseman,1610612744,GSW,20.0,39,21.4,8.64,6.69,1.95,0.23,0.03,2.41,5.41,0.26,0.31,0.56,0.455,0.545,0.36,1.38,1.77,1.28,0.67,0.203,0.783,0.926,0.481,2020-21
201162,Jared Dudley,1610612747,LAL,35.0,11,7.2,2.0,1.27,0.73,0.82,0.0,0.27,0.64,0.09,0.09,0.18,0.5,0.5,0.09,0.36,0.45,0.36,0.27,0.2,0.8,1.0,0.75,2020-21
1629607,Jared Harper,1610612752,NYK,23.0,3,2.7,1.33,0.0,1.33,0.0,0.0,0.0,0.0,0.0,0.0,0.0,0.0,0.0,0.0,0.0,0.0,0.0,0.0,0.0,0.0,0.0,0.0,2020-21
1628991,Jaren Jackson Jr.,1610612763,MEM,21.0,11,23.5,9.64,7.27,2.36,2.27,0.0,1.64,3.64,0.09,0.09,0.18,0.5,0.5,0.0,1.45,1.45,1.27,0.36,0.0,1.0,1.0,0.286,2020-21
1629020,Jarred Vanderbilt,1610612750,MIN,22.0,64,17.8,6.0,4.28,1.72,1.69,0.03,1.33,3.17,0.33,0.39,0.72,0.457,0.543,0.28,0.41,0.69,0.48,0.34,0.409,0.591,0.939,0.667,2020-21
1629714,Jarrell Brantley,1610612762,UTA,25.0,22,5.8,1.18,0.86,0.32,0.45,0.0,0.14,0.36,0.05,0.14,0.18,0.25,0.75,0.0,0.18,0.18,0.09,0.0,0.0,1.0,1.0,0.0,2020-21
1628386,Jarrett Allen,1610612739,CLE,23.0,63,29.6,11.76,9.73,2.03,1.32,0.02,4.68,10.62,0.46,0.3,0.76,0.604,0.396,0.59,1.62,2.21,1.83,1.27,0.266,0.734,0.975,0.678,2020-21
1629633,Jarrett Culver,1610612750,MIN,22.0,33,15.0,2.85,1.45,1.39,1.3,0.03,0.06,0.12,0.21,0.18,0.39,0.538,0.462,0.0,0.12,0.12,0.09,0.09,0.0,1.0,1.0,1.0,2020-21
1629750,Javonte Green,1610612741,CHI,27.0,34,13.3,2.09,1.15,0.94,1.71,0.0,0.29,0.68,0.35,0.18,0.53,0.667,0.333,0.03,0.32,0.35,0.32,0.15,0.083,0.917,1.0,0.455,2020-21
1629637,Jaxson Hayes,1610612740,NOP,21.0,59,16.3,5.75,3.95,1.8,0.9,0.0,1.19,2.69,0.25,0.19,0.44,0.577,0.423,0.24,1.17,1.41,1.03,0.51,0.169,0.831,0.938,0.462,2020-21
1630206,Jay Scrubb,1610612746,LAC,20.0,4,21.0,3.0,0.5,2.5,1.0,0.5,0.25,0.75,0.5,0.25,0.75,0.667,0.333,0.0,0.25,0.25,0.25,0.0,0.0,1.0,1.0,0.0,2020-21
1629121,Jaylen Adams,1610612749,MIL,25.0,2,6.5,1.0,1.0,0.0,0.0,0.0,0.0,0.0,0.0,0.0,0.0,0.0,0.0,0.0,0.5,0.5,0.5,0.0,0.0,1.0,1.0,0.0,2020-21
1627759,Jaylen Brown,1610612738,BOS,24.0,58,34.5,5.19,2.24,2.95,2.12,0.0,0.21,0.53,0.52,0.53,1.05,0.492,0.508,0.05,0.62,0.67,0.57,0.21,0.077,0.923,1.0,0.364,2020-21
1629658,Jaylen Hoard,1610612760,OKC,22.0,19,16.8,3.16,1.74,1.42,0.89,0.0,0.95,2.21,0.26,0.16,0.42,0.625,0.375,0.11,0.32,0.42,0.42,0.26,0.25,0.75,1.0,0.625,2020-21
1629669,Jaylen Nowell,1610612750,MIN,21.0,41,18.5,3.98,2.32,1.66,0.95,0.0,0.17,0.39,0.22,0.24,0.46,0.474,0.526,0.02,0.12,0.15,0.15,0.07,0.167,0.833,1.0,0.5,2020-21
1628369,Jayson Tatum,1610612738,BOS,23.0,64,35.8,4.16,2.03,2.13,2.19,0.0,0.33,0.78,0.58,0.41,0.98,0.587,0.413,0.03,0.31,0.34,0.2,0.16,0.091,0.909,0.813,0.625,2020-21
201145,Jeff Green,1610612751,BKN,34.0,68,27.0,6.9,4.29,2.6,1.13,0.07,1.72,4.07,0.15,0.22,0.37,0.4,0.6,0.0,1.16,1.16,0.87,0.41,0.0,1.0,0.952,0.452,2020-21
201952,Jeff Teague,1610612749,MIL,33.0,54,17.5,2.61,1.11,1.5,1.22,0.0,0.22,0.52,0.19,0.26,0.44,0.417,0.583,0.0,0.13,0.13,0.11,0.02,0.0,1.0,0.857,0.143,2020-21
203924,Jerami Grant,1610612765,DET,27.0,54,33.9,5.94,3.57,2.37,1.22,0.11,0.5,1.15,0.37,0.2,0.57,0.645,0.355,0.06,0.85,0.91,0.63,0.13,0.061,0.939,0.971,0.2,2020-21
1629725,Jeremiah Martin,1610612739,CLE,25.0,7,10.1,2.14,1.57,0.57,1.71,0.0,0.0,0.0,0.29,0.14,0.43,0.667,0.333,0.0,0.29,0.29,0.14,0.0,0.0,1.0,1.0,0.0,2020-21
203087,Jeremy Lamb,1610612754,IND,29.0,36,21.3,3.92,1.94,1.97,1.47,0.06,0.22,0.5,0.25,0.17,0.42,0.6,0.4,0.03,0.42,0.44,0.28,0.14,0.063,0.938,0.769,0.385,2020-21
1629010,Jerome Robinson,1610612764,WAS,24.0,16,19.0,3.75,1.81,1.94,1.31,0.06,0.0,0.0,0.25,0.38,0.63,0.4,0.6,0.0,0.5,0.5,0.31,0.06,0.0,1.0,1.0,0.2,2020-21
1628975,Jevon Carter,1610612756,PHX,25.0,52,13.3,1.73,0.87,0.87,1.35,0.0,0.12,0.31,0.12,0.21,0.33,0.353,0.647,0.0,0.21,0.21,0.19,0.04,0.0,1.0,1.0,0.2,2020-21
202710,Jimmy Butler III,1610612748,MIA,31.0,52,33.6,4.21,2.04,2.17,3.5,0.12,0.71,1.79,0.62,0.58,1.19,0.516,0.484,0.37,1.29,1.65,1.48,0.6,0.221,0.779,0.928,0.373,2020-21
203925,Joe Harris,1610612751,BKN,29.0,69,31.0,6.78,4.14,2.64,1.19,0.04,0.51,1.26,0.46,0.3,0.77,0.604,0.396,0.06,1.04,1.1,0.94,0.23,0.053,0.947,0.97,0.239,2020-21
204060,Joe Ingles,1610612762,UTA,33.0,67,27.9,3.0,1.3,1.7,1.24,0.01,0.4,1.0,0.25,0.22,0.48,0.531,0.469,0.0,0.73,0.73,0.55,0.16,0.0,1.0,0.902,0.268,2020-21
203954,Joel Embiid,1610612755,PHI,27.0,51,31.1,8.94,7.27,1.67,1.61,0.08,2.84,6.0,0.57,0.43,1.0,0.569,0.431,0.45,2.18,2.63,2.14,1.39,0.172,0.828,0.956,0.623,2020-21
1628381,John Collins,1610612737,ATL,23.0,63,29.3,10.32,6.65,3.67,1.27,0.17,2.06,4.79,0.3,0.22,0.52,0.576,0.424,0.44,1.86,2.3,1.63,0.63,0.193,0.807,0.928,0.36,2020-21
1629723,John Konchar,1610612763,MEM,25.0,40,13.9,2.4,1.18,1.23,1.38,0.03,0.18,0.43,0.23,0.18,0.4,0.563,0.438,0.03,0.2,0.23,0.2,0.1,0.111,0.889,0.889,0.444,2020-21
202322,John Wall,1610612745,HOU,30.0,40,32.2,4.5,3.25,1.25,2.1,0.03,0.0,0.0,0.55,0.38,0.93,0.595,0.405,0.0,0.25,0.25,0.23,0.1,0.0,1.0,1.0,0.444,2020-21
202685,Jonas Valanciunas,1610612763,MEM,29.0,62,28.3,10.89,8.81,2.08,0.94,0.02,4.37,9.4,0.44,0.35,0.79,0.551,0.449,1.56,2.31,3.89,3.18,2.39,0.402,0.593,0.947,0.712,2020-21
1629007,Jontay Porter,1610612763,MEM,21.0,7,6.5,2.71,2.14,0.57,0.57,0.0,0.86,1.71,0.0,0.14,0.14,0.0,1.0,0.0,0.14,0.14,0.14,0.14,0.0,1.0,1.0,1.0,2020-21
1628395,Jordan Bell,1610612744,GSW,26.0,6,13.6,5.33,2.83,2.5,1.17,0.17,1.67,3.67,0.33,0.17,0.5,0.667,0.333,0.0,0.5,0.5,0.33,0.17,0.0,1.0,1.0,0.5,2020-21
1629648,Jordan Bone,1610612753,ORL,23.0,11,16.8,1.73,1.0,0.73,0.82,0.0,0.0,0.0,0.36,0.27,0.64,0.571,0.429,0.0,0.27,0.27,0.18,0.0,0.0,1.0,0.667,0.0,2020-21
203903,Jordan Clarkson,1610612762,UTA,29.0,68,26.7,3.49,1.71,1.78,1.26,0.01,0.22,0.51,0.31,0.46,0.76,0.404,0.596,0.01,0.41,0.43,0.4,0.15,0.034,0.966,0.931,0.345,2020-21
1629162,Jordan McLaughlin,1610612750,MIN,25.0,51,18.4,3.55,1.84,1.71,2.02,0.04,0.43,1.08,0.33,0.39,0.73,0.459,0.541,0.0,0.16,0.16,0.16,0.04,0.0,1.0,1.0,0.25,2020-21
1629670,Jordan Nwora,1610612749,MIL,22.0,22,11.4,2.91,1.59,1.32,0.86,0.05,0.0,0.0,0.18,0.09,0.27,0.667,0.333,0.0,0.09,0.09,0.09,0.09,0.0,1.0,1.0,1.0,2020-21
1629673,Jordan Poole,1610612744,GSW,22.0,48,20.1,2.52,1.0,1.52,0.9,0.06,0.19,0.4,0.35,0.25,0.6,0.586,0.414,0.0,0.27,0.27,0.25,0.1,0.0,1.0,0.923,0.385,2020-21
1630182,Josh Green,1610612742,DAL,20.0,32,13.4,1.88,0.88,1.0,1.09,0.03,0.25,0.59,0.28,0.22,0.5,0.563,0.438,0.03,0.06,0.09,0.09,0.06,0.333,0.667,1.0,0.667,2020-21
1630221,Josh Hall,1610612760,OKC,20.0,19,17.3,3.53,1.42,2.11,0.37,0.0,0.11,0.26,0.11,0.21,0.32,0.333,0.667,0.0,0.21,0.21,0.21,0.05,0.0,1.0,1.0,0.25,2020-21
1628404,Josh Hart,1610612740,NOP,26.0,47,28.7,7.98,4.06,3.91,1.34,0.06,0.23,0.53,0.47,0.49,0.96,0.489,0.511,0.06,0.53,0.6,0.49,0.23,0.107,0.893,1.0,0.478,2020-21
1628367,Josh Jackson,1610612765,DET,24.0,62,25.2,4.4,2.82,1.58,1.32,0.1,0.16,0.4,0.47,0.34,0.81,0.58,0.42,0.1,0.5,0.6,0.55,0.16,0.162,0.838,0.971,0.286,2020-21
1629006,Josh Okogie,1610612750,MIN,22.0,58,20.6,4.31,2.43,1.88,1.83,0.07,0.33,0.84,0.26,0.48,0.74,0.349,0.651,0.05,0.33,0.38,0.26,0.1,0.136,0.864,0.938,0.375,2020-21
1626196,Josh Richardson,1610612742,DAL,27.0,59,30.3,4.07,1.93,2.14,2.03,0.02,0.22,0.53,0.36,0.47,0.83,0.429,0.571,0.02,0.36,0.37,0.29,0.1,0.045,0.955,0.895,0.316,2020-21
201950,Jrue Holiday,1610612749,MIL,31.0,59,32.3,6.64,3.15,3.49,3.15,0.03,0.25,0.63,0.68,0.58,1.25,0.541,0.459,0.22,0.41,0.63,0.54,0.31,0.351,0.649,0.941,0.529,2020-21
1629308,Juan Toscano-Anderson,1610612744,GSW,28.0,50,22.0,5.34,3.36,1.98,1.84,0.06,1.56,3.92,0.24,0.26,0.5,0.48,0.52,0.04,1.32,1.36,0.96,0.28,0.029,0.971,0.923,0.269,2020-21
1627823,Juancho Hernangomez,1610612750,MIN,25.0,50,17.6,3.56,2.12,1.44,0.58,0.0,0.5,1.18,0.22,0.12,0.34,0.647,0.353,0.08,0.58,0.66,0.4,0.3,0.121,0.879,0.952,0.714,2020-21
203944,Julius Randle,1610612752,NYK,26.0,71,37.6,7.58,4.41,3.17,1.32,0.03,2.45,5.54,0.66,0.39,1.06,0.627,0.373,0.25,1.62,1.87,1.56,0.86,0.135,0.865,0.941,0.517,2020-21
203200,Justin Holiday,1610612754,IND,32.0,72,30.3,6.1,3.44,2.65,2.17,0.03,0.43,0.99,0.19,0.39,0.58,0.333,0.667,0.03,0.69,0.72,0.53,0.19,0.038,0.962,0.864,0.318,2020-21
1628382,Justin Jackson,1610612749,MIL,26.0,31,17.8,3.48,1.45,2.03,0.71,0.0,0.19,0.52,0.23,0.19,0.42,0.538,0.462,0.06,0.29,0.35,0.26,0.03,0.182,0.818,0.8,0.1,2020-21
1629713,Justin James,1610612758,SAC,24.0,29,9.9,2.38,1.31,1.07,0.52,0.03,0.1,0.21,0.14,0.1,0.24,0.571,0.429,0.0,0.31,0.31,0.21,0.0,0.0,1.0,1.0,0.0,2020-21
1628383,Justin Patton,1610612745,HOU,24.0,13,19.0,6.92,4.85,2.08,1.54,0.0,1.62,3.62,0.23,0.15,0.38,0.6,0.4,0.23,1.54,1.77,1.54,0.62,0.13,0.87,1.0,0.4,2020-21
1629620,Justin Robinson,1610612760,OKC,23.0,6,13.2,1.67,0.67,1.0,0.83,0.33,0.17,0.5,0.0,0.0,0.0,0.0,0.0,0.17,0.17,0.33,0.33,0.0,0.5,0.5,1.0,0.0,2020-21
1626159,Justise Winslow,1610612763,MEM,25.0,26,19.5,4.23,2.31,1.92,0.92,0.08,0.46,0.96,0.23,0.04,0.27,0.857,0.143,0.0,0.42,0.42,0.38,0.08,0.0,1.0,0.909,0.182,2020-21
203994,Jusuf Nurkić,1610612757,POR,26.0,37,23.8,8.54,6.68,1.86,2.11,0.03,4.59,11.27,0.32,0.32,0.65,0.5,0.5,0.81,2.0,2.81,2.3,1.49,0.288,0.712,0.944,0.611,2020-21
1629752,Juwan Morgan,1610612762,UTA,24.0,25,5.5,1.84,0.88,0.96,0.4,0.0,0.64,1.48,0.04,0.08,0.12,0.333,0.667,0.08,0.4,0.48,0.24,0.12,0.167,0.833,0.857,0.429,2020-21
1630231,KJ Martin,1610612745,HOU,20.0,43,24.7,5.05,2.91,2.14,0.91,0.0,1.07,2.6,0.37,0.23,0.6,0.615,0.385,0.09,0.56,0.65,0.58,0.35,0.143,0.857,1.0,0.6,2020-21
1629644,KZ Okpala,1610612748,MIA,22.0,31,14.0,4.06,1.9,2.16,1.26,0.0,0.23,0.48,0.23,0.16,0.39,0.583,0.417,0.0,0.74,0.74,0.45,0.06,0.0,1.0,0.933,0.133,2020-21
1630211,Karim Mane,1610612753,ORL,21.0,7,11.1,2.14,0.86,1.29,0.0,0.0,0.0,0.0,0.0,0.14,0.14,0.0,1.0,0.0,0.0,0.0,0.0,0.0,0.0,0.0,0.0,0.0,2020-21
1626157,Karl-Anthony Towns,1610612750,MIN,25.0,50,33.8,10.52,7.94,2.58,1.34,0.06,3.42,7.84,0.62,0.44,1.06,0.585,0.415,0.32,1.98,2.3,1.9,1.2,0.139,0.861,0.969,0.612,2020-21
202695,Kawhi Leonard,1610612746,LAC,30.0,52,34.1,5.69,3.1,2.6,2.6,0.02,0.4,0.96,0.58,0.4,0.98,0.588,0.412,0.06,0.79,0.85,0.63,0.29,0.068,0.932,0.917,0.417,2020-21
1628966,Keita Bates-Diop,1610612759,SAS,25.0,23,9.6,2.35,1.26,1.09,0.65,0.0,0.13,0.3,0.13,0.3,0.43,0.3,0.7,0.0,0.13,0.13,0.09,0.04,0.0,1.0,0.667,0.333,2020-21
1629103,Kelan Martin,1610612754,IND,25.0,25,12.2,2.64,1.6,1.04,1.0,0.0,0.4,0.88,0.08,0.08,0.16,0.5,0.5,0.04,0.2,0.24,0.24,0.12,0.167,0.833,1.0,0.5,2020-21
1629640,Keldon Johnson,1610612759,SAS,21.0,69,28.5,6.06,3.36,2.7,1.04,0.0,0.46,1.01,0.39,0.3,0.7,0.563,0.438,0.13,0.57,0.7,0.55,0.3,0.188,0.813,0.95,0.525,2020-21
1629833,Keljin Blevins,1610612757,POR,25.0,9,5.1,1.78,0.67,1.11,0.33,0.0,0.0,0.0,0.0,0.11,0.11,0.0,1.0,0.0,0.0,0.0,0.0,0.0,0.0,0.0,0.0,0.0,2020-21
203482,Kelly Olynyk,1610612745,HOU,30.0,70,28.5,8.34,4.97,3.37,2.16,0.23,1.41,3.49,0.4,0.43,0.83,0.483,0.517,0.34,1.17,1.51,1.13,0.66,0.226,0.774,0.878,0.511,2020-21
1626162,Kelly Oubre Jr.,1610612744,GSW,25.0,55,30.7,5.45,3.04,2.42,2.73,0.05,0.27,0.69,0.35,0.24,0.58,0.594,0.406,0.04,0.33,0.36,0.25,0.05,0.1,0.9,1.0,0.214,2020-21
202689,Kemba Walker,1610612760,OKC,31.0,43,31.8,4.79,1.95,2.84,2.14,0.51,0.42,0.93,0.28,0.4,0.67,0.414,0.586,0.0,0.42,0.42,0.4,0.07,0.0,1.0,1.0,0.176,2020-21
1629134,Kendrick Nunn,1610612748,MIA,25.0,55,29.9,4.89,1.78,3.11,1.67,0.0,0.42,1.05,0.36,0.31,0.67,0.541,0.459,0.0,0.42,0.42,0.36,0.11,0.0,1.0,0.909,0.273,2020-21
1629026,Kenrich Williams,1610612760,OKC,26.0,66,21.6,4.41,2.3,2.11,1.77,0.11,0.24,0.58,0.38,0.27,0.65,0.581,0.419,0.12,0.65,0.77,0.61,0.26,0.157,0.843,0.93,0.395,2020-21
203145,Kent Bazemore,1610612744,GSW,31.0,67,19.9,4.1,2.36,1.75,2.13,0.07,0.43,1.09,0.36,0.28,0.64,0.558,0.442,0.04,0.48,0.52,0.39,0.12,0.086,0.914,0.929,0.286,2020-21
203484,Kentavious Caldwell-Pope,1610612747,LAL,28.0,67,28.4,2.69,1.3,1.39,1.7,0.01,0.3,0.66,0.24,0.3,0.54,0.444,0.556,0.03,0.67,0.7,0.64,0.25,0.043,0.957,0.977,0.386,2020-21
201142,Kevin Durant,1610612751,BKN,32.0,35,33.1,7.63,4.51,3.11,1.34,0.06,0.31,0.8,0.4,0.26,0.66,0.609,0.391,0.0,1.23,1.23,1.0,0.54,0.0,1.0,0.897,0.487,2020-21
1628989,Kevin Huerter,1610612737,ATL,22.0,69,30.8,5.0,2.35,2.65,2.32,0.01,0.3,0.75,0.25,0.36,0.61,0.405,0.595,0.04,0.38,0.42,0.35,0.14,0.103,0.897,0.96,0.4,2020-21
1628995,Kevin Knox II,1610612752,NYK,21.0,38,11.9,2.29,1.08,1.21,0.34,0.0,0.13,0.34,0.11,0.21,0.32,0.333,0.667,0.0,0.39,0.39,0.32,0.11,0.0,1.0,1.0,0.333,2020-21
201567,Kevin Love,1610612739,CLE,32.0,24,25.9,4.38,2.25,2.13,0.96,0.04,1.42,3.13,0.21,0.33,0.54,0.385,0.615,0.21,1.25,1.46,1.25,0.92,0.143,0.857,0.882,0.647,2020-21
1629645,Kevin Porter Jr.,1610612745,HOU,21.0,25,33.0,4.8,2.68,2.12,1.52,0.04,0.12,0.32,0.8,0.28,1.08,0.741,0.259,0.04,0.16,0.2,0.2,0.08,0.2,0.8,1.0,0.4,2020-21
1626172,Kevon Looney,1610612744,GSW,25.0,61,19.0,7.75,5.84,1.92,0.92,0.03,3.23,8.08,0.41,0.21,0.62,0.658,0.342,0.33,2.64,2.97,2.16,0.97,0.11,0.89,0.957,0.428,2020-21
203920,Khem Birch,1610612761,TOR,28.0,67,22.8,6.87,4.42,2.45,1.37,0.1,3.21,7.4,0.42,0.33,0.75,0.56,0.44,0.39,1.67,2.06,1.63,0.66,0.188,0.812,0.886,0.358,2020-21
203114,Khris Middleton,1610612749,MIL,29.0,68,33.4,5.85,2.63,3.22,2.24,0.01,0.51,1.18,0.43,0.29,0.72,0.592,0.408,0.09,0.82,0.91,0.75,0.31,0.097,0.903,0.944,0.389,2020-21
1629017,Khyri Thomas,1610612745,HOU,25.0,5,30.6,7.2,5.4,1.8,2.0,0.0,0.0,0.0,0.6,0.6,1.2,0.5,0.5,0.0,0.4,0.4,0.4,0.4,0.0,1.0,1.0,1.0,2020-21
1630165,Killian Hayes,1610612765,DET,19.0,26,25.8,3.77,1.69,2.08,3.12,0.0,0.15,0.38,0.23,0.35,0.58,0.4,0.6,0.0,0.31,0.31,0.27,0.12,0.0,1.0,1.0,0.429,2020-21
1629681,Killian Tillie,1610612763,MEM,23.0,14,12.3,3.64,1.86,1.79,0.36,0.0,0.14,0.36,0.07,0.21,0.29,0.25,0.75,0.07,0.57,0.64,0.57,0.29,0.111,0.889,1.0,0.5,2020-21
1630184,Kira Lewis Jr.,1610612740,NOP,20.0,50,17.8,3.62,1.74,1.88,1.24,0.12,0.14,0.3,0.16,0.32,0.48,0.333,0.667,0.0,0.12,0.12,0.12,0.0,0.0,1.0,1.0,0.0,2020-21
1628961,Kostas Antetokounmpo,1610612747,LAL,23.0,12,4.0,1.92,1.25,0.67,0.33,0.0,0.25,0.67,0.0,0.58,0.58,0.0,1.0,0.17,0.17,0.33,0.25,0.25,0.5,0.5,0.75,0.75,2020-21
1627739,Kris Dunn,1610612737,ATL,27.0,3,14.0,3.33,1.67,1.67,2.67,0.0,0.0,0.0,0.33,0.0,0.33,1.0,0.0,0.0,0.0,0.0,0.0,0.0,0.0,0.0,0.0,0.0,2020-21
204001,Kristaps Porziņģis,1610612742,DAL,25.0,43,30.8,11.28,8.37,2.91,0.98,0.02,2.95,6.79,0.49,0.21,0.7,0.7,0.3,0.23,1.86,2.09,1.72,0.93,0.111,0.889,0.974,0.526,2020-21
203937,Kyle Anderson,1610612763,MEM,27.0,69,27.4,7.28,4.29,2.99,2.33,0.0,0.67,1.59,0.17,0.32,0.49,0.353,0.647,0.09,0.49,0.58,0.43,0.17,0.15,0.85,0.938,0.375,2020-21
1629657,Kyle Guy,1610612758,SAC,23.0,18,10.1,1.83,0.83,1.0,0.22,0.06,0.22,0.5,0.28,0.17,0.44,0.625,0.375,0.0,0.33,0.33,0.33,0.06,0.0,1.0,1.0,0.167,2020-21
1628398,Kyle Kuzma,1610612747,LAL,25.0,68,28.7,5.57,3.5,2.07,0.62,0.04,0.22,0.5,0.34,0.29,0.63,0.535,0.465,0.15,0.35,0.5,0.43,0.26,0.294,0.706,1.0,0.621,2020-21
200768,Kyle Lowry,1610612761,TOR,35.0,46,34.8,5.0,2.09,2.91,2.13,0.43,0.37,0.91,0.48,0.48,0.96,0.5,0.5,0.09,1.02,1.11,0.89,0.26,0.078,0.922,0.872,0.255,2020-21
202681,Kyrie Irving,1610612751,BKN,29.0,54,34.9,4.35,2.39,1.96,2.91,0.07,0.24,0.57,0.52,0.5,1.02,0.509,0.491,0.04,0.46,0.5,0.43,0.13,0.074,0.926,1.0,0.304,2020-21
200746,LaMarcus Aldridge,1610612751,BKN,35.0,26,25.9,9.77,7.85,1.92,0.81,0.0,2.65,5.81,0.19,0.19,0.38,0.5,0.5,0.38,2.27,2.65,1.73,0.77,0.145,0.855,0.865,0.385,2020-21
1630163,LaMelo Ball,1610612766,CHA,19.0,51,28.8,3.92,1.37,2.55,2.96,0.0,0.08,0.18,0.61,0.55,1.16,0.525,0.475,0.12,0.22,0.33,0.22,0.18,0.353,0.647,0.846,0.692,2020-21
1630205,Lamar Stevens,1610612739,CLE,23.0,37,13.4,3.35,2.08,1.27,0.78,0.03,0.22,0.46,0.19,0.14,0.32,0.583,0.417,0.05,0.57,0.62,0.51,0.32,0.087,0.913,0.95,0.6,2020-21
1629013,Landry Shamet,1610612751,BKN,24.0,61,23.0,4.62,2.77,1.85,1.23,0.08,0.52,1.28,0.16,0.18,0.34,0.476,0.524,0.02,0.97,0.98,0.85,0.13,0.017,0.983,0.897,0.138,2020-21
204038,Langston Galloway,1610612756,PHX,29.0,34,12.0,1.79,0.82,0.97,0.41,0.03,0.06,0.12,0.18,0.06,0.24,0.75,0.25,0.0,0.41,0.41,0.38,0.15,0.0,1.0,0.929,0.357,2020-21
1626204,Larry Nance Jr.,1610612739,CLE,28.0,35,31.2,6.91,4.29,2.63,3.37,0.06,1.83,4.11,0.43,0.54,0.97,0.441,0.559,0.46,1.37,1.83,1.46,0.77,0.25,0.75,0.927,0.491,2020-21
1628374,Lauri Markkanen,1610612741,CHI,24.0,51,25.8,7.98,5.33,2.65,0.71,0.02,1.0,2.37,0.31,0.31,0.63,0.5,0.5,0.12,1.37,1.49,1.1,0.43,0.079,0.921,0.966,0.379,2020-21
2544,LeBron James,1610612747,LAL,36.0,45,33.4,4.2,2.18,2.02,1.96,0.2,0.58,1.33,0.4,0.49,0.89,0.45,0.55,0.09,0.8,0.89,0.73,0.42,0.1,0.9,1.0,0.576,2020-21
1629022,Lonnie Walker IV,1610612759,SAS,22.0,59,25.6,3.76,1.9,1.86,1.2,0.02,0.17,0.37,0.12,0.17,0.29,0.412,0.588,0.0,0.14,0.14,0.08,0.07,0.0,1.0,0.714,0.571,2020-21
1628366,Lonzo Ball,1610612740,NOP,23.0,55,31.8,6.31,3.02,3.29,2.49,0.0,0.65,1.47,0.22,0.42,0.64,0.343,0.657,0.02,0.22,0.24,0.2,0.09,0.077,0.923,0.917,0.417,2020-21
101150,Lou Williams,1610612737,ATL,34.0,65,21.7,2.14,0.65,1.49,1.22,0.05,0.32,0.77,0.26,0.28,0.54,0.486,0.514,0.0,0.23,0.23,0.17,0.02,0.0,1.0,0.846,0.077,2020-21
1629663,Louis King,1610612758,SAC,22.0,5,16.7,3.6,2.4,1.2,2.0,0.0,0.2,0.4,0.0,0.6,0.6,0.0,1.0,0.0,0.4,0.4,0.4,0.0,0.0,1.0,1.0,0.0,2020-21
1629652,Luguentz Dort,1610612760,OKC,22.0,51,30.1,6.65,2.9,3.75,1.59,0.1,0.33,0.82,0.37,0.49,0.86,0.432,0.568,0.08,0.37,0.45,0.35,0.22,0.174,0.826,0.857,0.524,2020-21
1629029,Luka Dončić,1610612742,DAL,22.0,66,34.3,5.97,2.89,3.08,1.7,0.0,0.21,0.44,0.53,0.52,1.05,0.507,0.493,0.06,0.58,0.64,0.52,0.3,0.095,0.905,0.944,0.556,2020-21
1629677,Luka Samanic,1610612759,SAS,21.0,27,10.8,3.37,2.07,1.3,0.63,0.0,0.3,0.63,0.04,0.15,0.19,0.2,0.8,0.26,0.3,0.56,0.44,0.3,0.467,0.533,0.923,0.615,2020-21
1628379,Luke Kennard,1610612746,LAC,25.0,59,20.7,3.14,1.32,1.81,0.71,0.02,0.19,0.44,0.31,0.12,0.42,0.72,0.28,0.0,0.47,0.47,0.39,0.08,0.0,1.0,0.92,0.2,2020-21
1628436,Luke Kornet,1610612738,BOS,25.0,28,12.2,7.64,5.89,1.75,0.21,0.0,2.39,5.61,0.11,0.11,0.21,0.5,0.5,0.18,0.89,1.07,0.79,0.43,0.167,0.833,0.917,0.5,2020-21
1630201,Malachi Flynn,1610612761,TOR,23.0,42,21.8,3.29,1.26,2.02,1.57,0.0,0.1,0.24,0.21,0.43,0.64,0.333,0.667,0.0,0.33,0.33,0.31,0.14,0.0,1.0,1.0,0.462,2020-21
1627763,Malcolm Brogdon,1610612754,IND,28.0,56,34.5,4.96,2.21,2.75,1.63,0.0,0.16,0.41,0.52,0.5,1.02,0.509,0.491,0.11,0.52,0.63,0.52,0.23,0.171,0.829,0.967,0.433,2020-21
1627736,Malik Beasley,1610612750,MIN,24.0,37,32.8,4.35,2.22,2.14,1.51,0.0,0.41,1.03,0.54,0.49,1.03,0.526,0.474,0.0,0.41,0.41,0.27,0.11,0.0,1.0,0.833,0.333,2020-21
1630238,Malik Fitts,1610612746,LAC,23.0,2,4.9,1.5,0.5,1.0,0.0,0.0,0.0,0.0,0.0,0.0,0.0,0.0,0.0,0.0,0.5,0.5,0.5,0.0,0.0,1.0,1.0,0.0,2020-21
1628370,Malik Monk,1610612766,CHA,23.0,39,21.7,2.69,1.15,1.54,0.85,0.0,0.1,0.23,0.15,0.21,0.36,0.429,0.571,0.0,0.15,0.15,0.13,0.03,0.0,1.0,1.0,0.2,2020-21
1629603,Mamadi Diakite,1610612749,MIL,24.0,14,10.1,3.36,2.43,0.93,0.71,0.14,1.64,3.86,0.0,0.14,0.14,0.0,1.0,0.07,0.5,0.57,0.5,0.29,0.125,0.875,1.0,0.571,2020-21
201188,Marc Gasol,1610612747,LAL,36.0,52,19.1,7.6,6.25,1.35,1.5,0.1,1.65,3.85,0.15,0.1,0.25,0.615,0.385,0.19,1.23,1.42,1.13,0.54,0.135,0.865,0.952,0.452,2020-21
202694,Marcus Morris Sr.,1610612746,LAC,31.0,57,26.3,3.68,2.12,1.56,1.02,0.0,0.88,1.93,0.39,0.12,0.51,0.759,0.241,0.04,1.07,1.11,0.7,0.21,0.032,0.968,1.0,0.3,2020-21
203935,Marcus Smart,1610612738,BOS,27.0,48,32.9,5.79,2.69,3.1,3.25,0.29,0.69,1.65,0.27,0.63,0.9,0.302,0.698,0.04,1.25,1.29,1.02,0.23,0.032,0.968,0.942,0.212,2020-21
1628365,Markelle Fultz,1610612753,ORL,23.0,7,30.1,4.14,1.43,2.71,2.29,0.0,0.29,0.86,0.57,0.43,1.0,0.571,0.429,0.0,0.43,0.43,0.43,0.14,0.0,1.0,1.0,0.333,2020-21
202693,Markieff Morris,1610612747,LAL,31.0,60,19.9,4.57,2.85,1.72,1.02,0.08,0.68,1.55,0.17,0.18,0.35,0.476,0.524,0.35,0.77,1.12,0.87,0.48,0.313,0.687,0.929,0.518,2020-21
1630210,Markus Howard,1610612743,DEN,22.0,18,9.1,1.67,0.33,1.33,0.5,0.06,0.17,0.44,0.06,0.11,0.17,0.333,0.667,0.0,0.17,0.17,0.17,0.06,0.0,1.0,1.0,0.333,2020-21
1629716,Marques Bolden,1610612739,CLE,23.0,4,6.6,2.75,1.75,1.0,0.5,0.0,0.25,0.5,0.5,0.0,0.5,1.0,0.0,0.0,0.75,0.75,0.5,0.25,0.0,1.0,1.0,0.5,2020-21
1627737,Marquese Chriss,1610612744,GSW,23.0,2,13.4,8.0,7.5,0.5,0.0,0.0,1.5,3.5,0.0,0.0,0.0,0.0,0.0,0.0,1.5,1.5,1.5,0.5,0.0,1.0,1.0,0.333,2020-21
1628963,Marvin Bagley III,1610612758,SAC,22.0,43,25.9,6.91,4.14,2.77,0.93,0.23,1.33,3.12,0.4,0.23,0.63,0.63,0.37,0.28,1.14,1.42,1.09,0.65,0.197,0.803,0.94,0.56,2020-21
1630222,Mason Jones,1610612755,PHI,22.0,24,12.9,1.25,0.75,0.5,0.46,0.0,0.04,0.13,0.08,0.13,0.21,0.4,0.6,0.0,0.21,0.21,0.13,0.0,0.0,1.0,0.75,0.0,2020-21
203486,Mason Plumlee,1610612765,DET,31.0,56,26.8,7.57,5.77,1.8,1.75,0.09,4.45,10.43,0.5,0.29,0.79,0.636,0.364,0.34,1.43,1.77,1.52,0.93,0.192,0.808,0.988,0.605,2020-21
1629680,Matisse Thybulle,1610612755,PHI,24.0,63,20.5,4.22,2.37,1.86,3.21,0.02,0.27,0.68,0.16,0.44,0.6,0.263,0.737,0.0,0.32,0.32,0.27,0.05,0.0,1.0,0.944,0.167,2020-21
1629744,Matt Thomas,1610612762,UTA,26.0,30,9.4,1.53,0.57,0.97,0.3,0.0,0.07,0.17,0.17,0.1,0.27,0.625,0.375,0.0,0.27,0.27,0.27,0.03,0.0,1.0,1.0,0.125,2020-21
203521,Matthew Dellavedova,1610612739,CLE,30.0,13,17.2,2.54,1.0,1.54,0.77,0.0,0.31,0.85,0.38,0.23,0.62,0.625,0.375,0.0,0.31,0.31,0.31,0.08,0.0,1.0,1.0,0.25,2020-21
203090,Maurice Harkless,1610612758,SAC,28.0,34,22.3,5.24,2.82,2.41,2.26,0.0,0.38,0.79,0.15,0.24,0.38,0.385,0.615,0.03,0.47,0.5,0.44,0.24,0.059,0.941,1.0,0.533,2020-21
1629622,Max Strus,1610612748,MIA,25.0,33,15.0,3.09,1.03,2.06,0.7,0.12,0.36,0.82,0.06,0.15,0.21,0.286,0.714,0.03,0.33,0.36,0.21,0.0,0.083,0.917,0.778,0.0,2020-21
1628467,Maxi Kleber,1610612742,DAL,29.0,50,26.8,8.18,5.56,2.62,0.9,0.06,1.98,4.68,0.38,0.3,0.68,0.559,0.441,0.26,1.78,2.04,1.42,0.6,0.127,0.873,0.899,0.38,2020-21
203086,Meyers Leonard,1610612748,MIA,29.0,3,9.8,2.33,1.33,1.0,0.33,0.0,1.0,2.67,0.0,0.0,0.0,0.0,0.0,0.33,4.67,5.0,2.67,1.0,0.067,0.933,0.889,0.333,2020-21
1629662,Mfiondu Kabengele,1610612739,CLE,23.0,34,8.0,3.15,2.35,0.79,0.21,0.0,0.79,1.71,0.12,0.06,0.18,0.667,0.333,0.03,0.65,0.68,0.44,0.21,0.043,0.957,1.0,0.467,2020-21
203487,Michael Carter-Williams,1610612753,ORL,29.0,31,25.8,5.58,2.68,2.9,1.48,0.26,0.19,0.48,0.65,0.29,0.94,0.69,0.31,0.03,0.16,0.19,0.16,0.06,0.167,0.833,1.0,0.4,2020-21
1629008,Michael Porter Jr.,1610612743,DEN,23.0,61,31.3,6.21,3.69,2.52,1.21,0.0,0.11,0.31,0.43,0.36,0.79,0.542,0.458,0.31,0.31,0.62,0.51,0.44,0.5,0.5,0.969,0.844,2020-21
1628969,Mikal Bridges,1610612756,PHX,24.0,72,32.6,5.97,3.53,2.44,2.14,0.0,0.24,0.51,0.44,0.38,0.82,0.542,0.458,0.0,0.42,0.42,0.32,0.13,0.0,1.0,1.0,0.391,2020-21
201144,Mike Conley,1610612762,UTA,33.0,51,29.4,4.25,2.14,2.12,2.25,0.04,0.37,0.88,0.41,0.33,0.75,0.553,0.447,0.0,0.27,0.27,0.22,0.0,0.0,1.0,0.917,0.0,2020-21
1628455,Mike James,1610612751,BKN,30.0,13,18.2,2.38,0.77,1.62,0.92,0.0,0.08,0.15,0.31,0.23,0.54,0.571,0.429,0.0,0.0,0.0,0.0,0.0,0.0,0.0,0.0,0.0,2020-21
203488,Mike Muscala,1610612760,OKC,29.0,35,18.4,8.51,6.86,1.66,0.54,0.03,1.06,2.26,0.14,0.17,0.31,0.455,0.545,0.09,2.34,2.43,1.77,0.63,0.035,0.965,0.954,0.338,2020-21
203118,Mike Scott,1610612755,PHI,32.0,50,16.9,3.96,2.26,1.7,0.62,0.0,0.9,2.04,0.08,0.24,0.32,0.25,0.75,0.0,1.18,1.18,0.88,0.22,0.0,1.0,0.917,0.229,2020-21
1628970,Miles Bridges,1610612766,CHA,23.0,66,29.3,7.26,4.48,2.77,1.35,0.02,0.77,1.89,0.33,0.3,0.64,0.524,0.476,0.08,1.35,1.42,1.02,0.45,0.053,0.947,0.957,0.429,2020-21
1629011,Mitchell Robinson,1610612752,NYK,23.0,31,27.5,8.32,6.52,1.81,1.97,0.0,2.77,5.77,0.19,0.23,0.42,0.462,0.538,0.87,4.13,5.0,3.74,1.97,0.174,0.826,0.928,0.488,2020-21
1629671,Miye Oni,1610612762,UTA,23.0,48,10.6,3.06,1.54,1.52,0.52,0.0,0.04,0.13,0.08,0.08,0.17,0.5,0.5,0.0,0.1,0.1,0.08,0.02,0.0,1.0,1.0,0.25,2020-21
1628964,Mo Bamba,1610612753,ORL,23.0,45,16.1,6.04,4.87,1.18,0.82,0.02,3.02,6.96,0.13,0.18,0.31,0.429,0.571,0.58,1.04,1.62,1.33,0.82,0.356,0.644,0.984,0.607,2020-21
1628420,Monte Morris,1610612743,DEN,26.0,47,25.5,3.57,1.6,1.98,0.98,0.02,0.23,0.51,0.23,0.26,0.49,0.478,0.522,0.0,0.21,0.21,0.17,0.02,0.0,1.0,1.0,0.125,2020-21
1626149,Montrezl Harrell,1610612747,LAL,27.0,68,23.2,7.71,5.93,1.78,1.1,0.32,2.44,5.43,0.43,0.26,0.69,0.617,0.383,0.71,2.15,2.85,2.1,1.01,0.247,0.753,0.929,0.448,2020-21
1629021,Moritz Wagner,1610612753,ORL,24.0,43,16.6,5.56,3.56,2.0,1.3,0.33,2.02,4.53,0.16,0.14,0.3,0.538,0.462,0.3,1.58,1.88,1.37,0.49,0.16,0.84,0.894,0.318,2020-21
1629650,Moses Brown,1610612738,BOS,21.0,43,21.4,8.28,6.47,1.81,1.3,0.05,2.21,4.91,0.19,0.12,0.3,0.615,0.385,0.58,0.98,1.56,1.33,0.95,0.373,0.627,0.95,0.683,2020-21
1628539,Mychal Mulder,1610612744,GSW,27.0,54,14.0,3.2,1.54,1.67,0.41,0.0,0.17,0.46,0.04,0.07,0.11,0.333,0.667,0.0,0.48,0.48,0.35,0.06,0.0,1.0,0.95,0.15,2020-21
1626167,Myles Turner,1610612754,IND,25.0,47,31.0,13.64,11.11,2.53,2.21,0.0,2.34,5.4,0.3,0.34,0.64,0.467,0.533,0.15,2.72,2.87,2.4,0.96,0.052,0.948,0.958,0.381,2020-21
1630230,Naji Marshall,1610612740,NOP,23.0,29,23.8,3.83,2.07,1.76,1.48,0.03,0.03,0.07,0.28,0.21,0.48,0.571,0.429,0.07,0.31,0.38,0.31,0.21,0.182,0.818,0.9,0.6,2020-21
1629642,Nassir Little,1610612757,POR,21.0,44,14.1,3.98,2.14,1.84,0.36,0.0,0.23,0.55,0.07,0.09,0.16,0.429,0.571,0.02,0.27,0.3,0.16,0.09,0.077,0.923,0.875,0.5,2020-21
1630268,Nate Darling,1610612766,CHA,22.0,4,4.5,1.25,0.75,0.5,0.0,0.25,0.0,0.0,0.25,0.0,0.25,1.0,0.0,0.0,0.25,0.25,0.25,0.0,0.0,1.0,1.0,0.0,2020-21
1630207,Nate Hinton,1610612742,DAL,22.0,12,6.2,0.58,0.33,0.25,0.67,0.08,0.08,0.17,0.0,0.0,0.0,0.0,0.0,0.0,0.17,0.17,0.08,0.0,0.0,1.0,0.5,0.0,2020-21
1630233,Nathan Knight,1610612737,ATL,23.0,29,9.2,3.72,1.86,1.86,0.59,0.0,0.41,0.97,0.07,0.07,0.14,0.5,0.5,0.07,0.69,0.76,0.66,0.31,0.091,0.909,1.0,0.474,2020-21
1629675,Naz Reid,1610612750,MIN,21.0,70,19.2,7.94,6.1,1.84,1.09,0.1,2.27,5.14,0.3,0.2,0.5,0.6,0.4,0.29,1.49,1.77,1.3,0.56,0.161,0.839,0.929,0.398,2020-21
202357,Nemanja Bjelica,1610612748,MIA,33.0,37,16.1,4.59,2.7,1.89,0.84,0.0,0.57,1.38,0.24,0.19,0.43,0.563,0.438,0.14,0.54,0.68,0.46,0.19,0.2,0.8,0.81,0.333,2020-21
203457,Nerlens Noel,1610612752,NYK,27.0,64,24.2,8.28,6.69,1.59,2.8,0.06,3.2,6.95,0.36,0.17,0.53,0.676,0.324,0.42,1.84,2.27,1.8,0.78,0.186,0.814,0.92,0.4,2020-21
1629651,Nic Claxton,1610612751,BKN,22.0,32,18.6,8.19,5.31,2.88,1.25,0.0,1.63,3.84,0.28,0.19,0.47,0.6,0.4,0.28,1.22,1.5,1.13,0.75,0.188,0.813,0.973,0.649,2020-21
1630208,Nick Richards,1610612766,CHA,23.0,14,4.0,1.71,0.86,0.86,0.14,0.0,0.43,0.93,0.07,0.0,0.07,1.0,0.0,0.0,0.14,0.14,0.07,0.07,0.0,1.0,1.0,1.0,2020-21
1629638,Nickeil Alexander-Walker,1610612740,NOP,22.0,46,21.9,3.43,1.91,1.52,2.24,0.0,0.2,0.43,0.17,0.41,0.59,0.296,0.704,0.0,0.26,0.26,0.24,0.04,0.0,1.0,1.0,0.182,2020-21
1630185,Nico Mannion,1610612744,GSW,20.0,23,14.8,1.43,0.57,0.87,1.22,0.04,0.09,0.22,0.17,0.13,0.3,0.571,0.429,0.0,0.09,0.09,0.09,0.0,0.0,1.0,1.0,0.0,2020-21
201587,Nicolas Batum,1610612746,LAC,32.0,67,27.4,6.06,3.63,2.43,2.1,0.07,0.67,1.55,0.15,0.39,0.54,0.278,0.722,0.06,0.31,0.37,0.21,0.1,0.16,0.84,0.875,0.438,2020-21
1629740,Nicolo Melli,1610612742,DAL,30.0,40,13.8,3.45,2.18,1.28,0.95,0.0,0.78,1.78,0.15,0.15,0.3,0.5,0.5,0.3,0.9,1.2,0.85,0.48,0.25,0.75,0.944,0.528,2020-21
203999,Nikola Jokić,1610612743,DEN,26.0,72,34.6,9.14,6.86,2.28,2.76,0.0,4.49,10.15,0.5,0.26,0.76,0.655,0.345,0.86,2.22,3.08,2.46,1.42,0.279,0.721,0.957,0.551,2020-21
202696,Nikola Vučević,1610612741,CHI,30.0,70,33.5,8.81,7.01,1.8,1.73,0.01,3.94,9.09,0.47,0.27,0.74,0.635,0.365,0.46,2.01,2.47,2.24,1.4,0.185,0.815,0.975,0.609,2020-21
203943,Noah Vonleh,1610612751,BKN,25.0,3,3.0,2.0,1.33,0.67,0.67,0.0,0.33,1.0,0.0,0.0,0.0,0.0,0.0,0.0,0.0,0.0,0.0,0.0,0.0,0.0,0.0,0.0,2020-21
1626181,Norman Powell,1610612757,POR,28.0,69,32.0,3.94,1.52,2.42,2.26,0.0,0.14,0.36,0.38,0.42,0.8,0.473,0.527,0.0,0.46,0.46,0.36,0.12,0.0,1.0,0.926,0.296,2020-21
203658,Norvel Pelle,1610612752,NYK,28.0,9,8.7,3.44,2.89,0.56,0.22,0.0,1.56,3.56,0.33,0.11,0.44,0.75,0.25,0.22,0.33,0.56,0.56,0.11,0.4,0.6,1.0,0.2,2020-21
1628384,OG Anunoby,1610612761,TOR,23.0,43,33.3,7.81,4.42,3.4,3.19,0.02,0.6,1.51,0.44,0.37,0.81,0.543,0.457,0.14,1.65,1.79,1.3,0.56,0.078,0.922,0.933,0.4,2020-21
1630167,Obi Toppin,1610612752,NYK,23.0,60,11.3,2.78,1.55,1.23,0.52,0.02,0.87,1.97,0.07,0.13,0.2,0.333,0.667,0.08,0.47,0.55,0.42,0.13,0.152,0.848,0.926,0.296,2020-21
1630168,Onyeka Okongwu,1610612737,ATL,20.0,49,12.2,5.02,3.88,1.14,0.76,0.02,2.14,4.82,0.2,0.2,0.41,0.5,0.5,0.24,1.04,1.29,0.9,0.47,0.19,0.81,0.898,0.469,2020-21
1629052,Oshae Brissett,1610612754,IND,23.0,20,25.9,7.35,5.1,2.25,1.6,0.05,1.35,3.05,0.35,0.05,0.4,0.875,0.125,0.45,0.9,1.35,1.3,0.7,0.333,0.667,1.0,0.538,2020-21
203490,Otto Porter Jr.,1610612753,ORL,28.0,27,22.0,3.15,1.78,1.37,1.26,0.0,0.67,1.44,0.37,0.22,0.59,0.625,0.375,0.15,0.41,0.56,0.48,0.15,0.267,0.733,1.0,0.308,2020-21
200782,P.J. Tucker,1610612749,MIL,36.0,52,26.1,5.42,2.87,2.56,1.37,0.19,1.48,3.56,0.33,0.33,0.65,0.5,0.5,0.13,1.37,1.5,1.13,0.48,0.09,0.91,0.952,0.403,2020-21
1629023,P.J. Washington,1610612766,CHA,22.0,64,30.5,9.92,6.13,3.8,2.31,0.02,1.86,4.41,0.39,0.28,0.67,0.581,0.419,0.11,1.7,1.81,1.34,0.69,0.06,0.94,0.966,0.494,2020-21
1628408,PJ Dozier,1610612743,DEN,24.0,50,21.8,4.18,2.2,1.98,1.28,0.0,0.1,0.22,0.34,0.32,0.66,0.515,0.485,0.0,0.38,0.38,0.34,0.04,0.0,1.0,1.0,0.118,2020-21
1627783,Pascal Siakam,1610612761,TOR,27.0,56,35.8,8.18,3.88,4.3,1.86,0.05,1.45,3.59,0.68,0.45,1.13,0.603,0.397,0.11,2.18,2.29,1.54,0.7,0.047,0.953,0.935,0.424,2020-21
1626192,Pat Connaughton,1610612749,MIL,28.0,69,22.8,6.57,3.17,3.39,0.97,0.04,0.39,1.0,0.35,0.23,0.58,0.6,0.4,0.06,0.54,0.59,0.48,0.19,0.098,0.902,0.892,0.351,2020-21
201976,Patrick Beverley,1610612746,LAC,32.0,37,22.5,2.76,1.78,0.97,1.68,0.14,0.49,1.08,0.51,0.38,0.89,0.576,0.424,0.03,0.03,0.05,0.05,0.03,0.5,0.5,1.0,0.5,2020-21
1627775,Patrick McCaw,1610612761,TOR,25.0,4,7.3,1.25,0.25,1.0,1.0,0.0,0.25,0.5,0.0,0.0,0.0,0.0,0.0,0.0,0.25,0.25,0.25,0.25,0.0,1.0,1.0,1.0,2020-21
202335,Patrick Patterson,1610612746,LAC,32.0,36,15.7,5.11,2.64,2.47,0.56,0.06,0.94,2.25,0.03,0.17,0.19,0.143,0.857,0.14,1.19,1.33,0.83,0.25,0.104,0.896,0.938,0.281,2020-21
1630172,Patrick Williams,1610612741,CHI,19.0,71,27.9,5.68,3.41,2.27,1.51,0.0,0.38,0.89,0.18,0.23,0.41,0.448,0.552,0.14,0.8,0.94,0.8,0.34,0.149,0.851,0.983,0.414,2020-21
201988,Patty Mills,1610612759,SAS,32.0,67,24.8,1.85,0.81,1.04,1.28,0.09,0.4,0.91,0.34,0.28,0.63,0.548,0.452,0.0,0.42,0.42,0.37,0.03,0.0,1.0,0.962,0.077,2020-21
202331,Paul George,1610612746,LAC,31.0,54,33.7,6.02,2.89,3.13,2.39,0.15,0.37,0.81,0.7,0.35,1.06,0.667,0.333,0.06,0.8,0.85,0.67,0.26,0.065,0.935,0.923,0.359,2020-21
200794,Paul Millsap,1610612743,DEN,36.0,55,21.0,4.75,2.82,1.93,1.87,0.09,1.0,2.36,0.42,0.24,0.65,0.639,0.361,0.38,0.76,1.15,1.02,0.69,0.333,0.667,0.982,0.667,2020-21
1630194,Paul Reed,1610612755,PHI,22.0,24,7.2,2.63,1.46,1.17,0.83,0.0,0.54,1.17,0.13,0.29,0.42,0.3,0.7,0.17,0.25,0.42,0.33,0.29,0.4,0.6,1.0,0.875,2020-21
1628778,Paul Watson,1610612761,TOR,26.0,21,13.5,2.43,1.24,1.19,0.81,0.05,0.05,0.14,0.1,0.24,0.33,0.286,0.714,0.0,0.33,0.33,0.24,0.1,0.0,1.0,0.833,0.333,2020-21
1630202,Payton Pritchard,1610612738,BOS,23.0,63,19.6,2.44,1.06,1.38,1.27,0.05,0.1,0.25,0.19,0.21,0.4,0.48,0.52,0.03,0.3,0.33,0.27,0.1,0.095,0.905,0.85,0.3,2020-21
1630173,Precious Achiuwa,1610612748,MIA,21.0,56,12.9,5.57,3.63,1.95,0.71,0.02,1.82,4.36,0.34,0.16,0.5,0.679,0.321,0.3,1.14,1.45,0.96,0.59,0.21,0.79,0.871,0.532,2020-21
1626188,Quinn Cook,1610612739,CLE,28.0,13,10.4,1.0,0.46,0.54,0.31,0.0,0.23,0.62,0.0,0.23,0.23,0.0,1.0,0.0,0.08,0.08,0.08,0.0,0.0,1.0,1.0,0.0,2020-21
1629683,Quinndary Weatherspoon,1610612759,SAS,24.0,16,7.0,2.25,0.94,1.31,0.94,0.06,0.0,0.0,0.13,0.38,0.5,0.25,0.75,0.0,0.13,0.13,0.13,0.0,0.0,1.0,1.0,0.0,2020-21
1630181,R.J. Hampton,1610612753,ORL,20.0,46,19.3,2.85,1.17,1.67,0.96,0.02,0.13,0.26,0.33,0.22,0.54,0.6,0.4,0.0,0.13,0.13,0.13,0.02,0.0,1.0,1.0,0.167,2020-21
1629628,RJ Barrett,1610612752,NYK,21.0,72,34.9,7.35,3.1,4.25,1.49,0.0,0.18,0.44,0.33,0.43,0.76,0.436,0.564,0.07,0.63,0.69,0.56,0.26,0.1,0.9,0.909,0.432,2020-21
200765,Rajon Rondo,1610612746,LAC,35.0,44,17.2,1.93,0.41,1.52,1.52,0.05,0.41,0.98,0.18,0.11,0.3,0.615,0.385,0.0,0.09,0.09,0.07,0.0,0.0,1.0,0.75,0.0,2020-21
203526,Raul Neto,1610612764,WAS,29.0,63,22.2,3.83,2.27,1.56,1.81,0.17,0.25,0.59,0.33,0.43,0.76,0.438,0.563,0.0,0.33,0.33,0.32,0.05,0.0,1.0,0.952,0.143,2020-21
1629034,Ray Spalding,1610612745,HOU,24.0,2,9.4,6.0,5.5,0.5,0.5,0.0,1.0,2.0,1.0,0.0,1.0,1.0,0.0,0.0,0.0,0.0,0.0,0.0,0.0,0.0,0.0,0.0,2020-21
1629730,Rayjon Tucker,1610612755,PHI,23.0,10,5.6,1.2,0.2,1.0,0.4,0.2,0.1,0.2,0.2,0.2,0.4,0.5,0.5,0.0,0.0,0.0,0.0,0.0,0.0,0.0,0.0,0.0,2020-21
203493,Reggie Bullock Jr.,1610612752,NYK,30.0,65,30.0,4.29,2.0,2.29,1.52,0.02,0.22,0.46,0.17,0.32,0.49,0.344,0.656,0.02,0.18,0.2,0.14,0.03,0.077,0.923,0.9,0.2,2020-21
202704,Reggie Jackson,1610612746,LAC,31.0,64,23.9,4.56,2.14,2.42,0.88,0.0,0.28,0.61,0.22,0.28,0.5,0.438,0.563,0.03,0.31,0.34,0.28,0.05,0.091,0.909,1.0,0.167,2020-21
1629617,Reggie Perry,1610612751,BKN,21.0,20,9.8,3.3,1.95,1.35,0.35,0.05,1.1,2.8,0.15,0.1,0.25,0.6,0.4,0.3,1.1,1.4,1.05,0.55,0.214,0.786,0.913,0.478,2020-21
1626158,Richaun Holmes,1610612758,SAC,27.0,61,29.2,9.77,7.64,2.13,1.49,0.02,4.3,10.02,0.36,0.3,0.66,0.55,0.45,0.61,2.26,2.87,2.31,1.16,0.211,0.789,0.959,0.483,2020-21
201937,Ricky Rubio,1610612750,MIN,30.0,68,26.1,3.37,1.24,2.13,2.29,0.01,0.49,1.18,0.22,0.47,0.69,0.319,0.681,0.0,0.16,0.16,0.15,0.07,0.0,1.0,0.909,0.455,2020-21
203496,Robert Covington,1610612757,POR,30.0,70,32.0,7.53,4.37,3.16,3.64,0.07,1.64,4.07,0.27,0.47,0.74,0.365,0.635,0.07,0.51,0.59,0.5,0.29,0.122,0.878,1.0,0.571,2020-21
1629606,Robert Franks,1610612753,ORL,24.0,7,14.4,2.43,1.71,0.71,0.29,0.14,0.71,1.71,0.0,0.29,0.29,0.0,1.0,0.14,0.71,0.86,0.71,0.43,0.167,0.833,1.0,0.6,2020-21
1629057,Robert Williams III,1610612738,BOS,23.0,52,18.9,8.52,6.19,2.33,1.54,0.0,2.56,6.12,0.38,0.29,0.67,0.571,0.429,0.31,1.15,1.46,1.31,0.94,0.211,0.789,0.971,0.7,2020-21
1630218,Robert Woodard II,1610612758,SAC,21.0,5,4.4,1.2,1.0,0.2,0.0,0.0,0.4,1.0,0.2,0.0,0.2,1.0,0.0,0.0,0.2,0.2,0.2,0.0,0.0,1.0,1.0,0.0,2020-21
201577,Robin Lopez,1610612764,WAS,33.0,71,19.1,9.61,7.82,1.79,0.3,0.04,2.97,6.8,0.32,0.07,0.39,0.821,0.179,0.66,2.56,3.23,2.55,1.0,0.205,0.795,0.896,0.351,2020-21
1629066,Rodions Kurucs,1610612749,MIL,23.0,17,6.8,1.47,1.06,0.41,0.88,0.0,0.06,0.18,0.0,0.12,0.12,0.0,1.0,0.06,0.53,0.59,0.41,0.06,0.1,0.9,0.7,0.1,2020-21
203918,Rodney Hood,1610612761,TOR,28.0,53,17.7,2.36,1.32,1.04,0.92,0.09,0.21,0.51,0.17,0.09,0.26,0.643,0.357,0.08,0.19,0.26,0.23,0.11,0.286,0.714,1.0,0.5,2020-21
203585,Rodney McGruder,1610612765,DET,29.0,12,14.9,1.58,0.67,0.92,1.17,0.0,0.25,0.67,0.25,0.33,0.58,0.429,0.571,0.0,0.33,0.33,0.33,0.0,0.0,1.0,1.0,0.0,2020-21
1629641,Romeo Langford,1610612738,BOS,21.0,15,18.1,4.0,2.47,1.53,0.73,0.27,0.07,0.2,0.13,0.2,0.33,0.4,0.6,0.0,0.2,0.2,0.2,0.0,0.0,1.0,1.0,0.0,2020-21
1626178,Rondae Hollis-Jefferson,1610612757,POR,26.0,11,9.8,2.55,1.64,0.91,0.27,0.0,1.09,2.91,0.18,0.27,0.45,0.4,0.6,0.27,0.18,0.45,0.36,0.27,0.6,0.4,1.0,0.75,2020-21
1626220,Royce O'Neale,1610612762,UTA,28.0,71,31.6,5.54,3.13,2.41,1.63,0.0,0.61,1.54,0.44,0.45,0.89,0.492,0.508,0.14,0.73,0.87,0.68,0.35,0.161,0.839,0.906,0.472,2020-21
200752,Rudy Gay,1610612759,SAS,34.0,62,21.8,4.71,2.61,2.1,1.56,0.03,0.63,1.5,0.24,0.31,0.55,0.441,0.559,0.03,0.61,0.65,0.5,0.27,0.05,0.95,0.912,0.5,2020-21
203497,Rudy Gobert,1610612762,UTA,29.0,71,30.8,14.83,12.08,2.75,1.35,0.06,6.11,15.1,0.24,0.3,0.54,0.447,0.553,0.94,1.79,2.73,2.38,1.83,0.345,0.655,0.971,0.747,2020-21
1629060,Rui Hachimura,1610612764,WAS,23.0,57,31.5,6.79,3.72,3.07,1.26,0.02,0.84,1.82,0.25,0.3,0.54,0.452,0.548,0.14,1.11,1.25,1.02,0.39,0.113,0.887,0.967,0.367,2020-21
201566,Russell Westbrook,1610612764,WAS,32.0,65,36.4,3.42,1.57,1.85,2.62,0.11,0.2,0.46,0.69,0.49,1.18,0.584,0.416,0.11,0.31,0.42,0.37,0.23,0.259,0.741,0.923,0.577,2020-21
1627853,Ryan Arcidiacono,1610612741,CHI,27.0,37,11.4,1.38,0.57,0.81,0.62,0.24,0.14,0.3,0.11,0.14,0.24,0.444,0.556,0.03,0.11,0.14,0.08,0.03,0.2,0.8,0.6,0.2,2020-21
1630240,Saben Lee,1610612765,DET,22.0,44,17.1,2.57,1.02,1.55,1.23,0.11,0.18,0.5,0.3,0.25,0.55,0.542,0.458,0.0,0.09,0.09,0.09,0.02,0.0,1.0,1.0,0.25,2020-21
1630180,Saddiq Bey,1610612765,DET,22.0,70,27.3,3.91,1.93,1.99,1.06,0.0,0.34,0.84,0.21,0.41,0.63,0.341,0.659,0.03,0.94,0.97,0.81,0.31,0.029,0.971,0.983,0.379,2020-21
1630241,Sam Merrill,1610612749,MIL,25.0,19,10.8,2.05,1.0,1.05,0.74,0.05,0.05,0.16,0.21,0.16,0.37,0.571,0.429,0.0,0.26,0.26,0.21,0.05,0.0,1.0,1.0,0.25,2020-21
1630253,Sean McDermott,1610612763,MEM,24.0,11,13.0,3.64,1.73,1.91,0.27,0.0,0.0,0.0,0.09,0.18,0.27,0.333,0.667,0.0,0.27,0.27,0.09,0.0,0.0,1.0,0.333,0.0,2020-21
1629635,Sekou Doumbouya,1610612765,DET,20.0,51,16.5,3.1,1.8,1.29,0.92,0.0,0.61,1.47,0.2,0.16,0.35,0.556,0.444,0.25,0.96,1.22,1.0,0.45,0.21,0.79,0.962,0.434,2020-21
1628400,Semi Ojeleye,1610612738,BOS,26.0,52,17.7,3.56,2.1,1.46,0.38,0.13,0.35,0.88,0.17,0.17,0.35,0.5,0.5,0.04,0.65,0.69,0.5,0.25,0.056,0.944,0.929,0.464,2020-21
201586,Serge Ibaka,1610612746,LAC,31.0,41,23.3,9.78,7.73,2.05,0.56,0.0,3.29,7.49,0.39,0.12,0.51,0.762,0.238,0.44,2.39,2.83,1.8,1.02,0.155,0.845,0.914,0.519,2020-21
203552,Seth Curry,1610612755,PHI,30.0,56,28.6,2.63,0.95,1.68,1.45,0.05,0.25,0.55,0.21,0.25,0.46,0.462,0.538,0.02,0.3,0.32,0.3,0.11,0.056,0.944,1.0,0.353,2020-21
1628983,Shai Gilgeous-Alexander,1610612760,OKC,22.0,35,33.7,8.17,4.09,4.09,1.89,0.0,0.26,0.63,0.49,0.31,0.8,0.607,0.393,0.0,0.17,0.17,0.11,0.0,0.0,1.0,0.8,0.0,2020-21
1629003,Shake Milton,1610612755,PHI,24.0,63,23.2,3.9,2.19,1.71,0.92,0.03,0.14,0.29,0.21,0.24,0.44,0.464,0.536,0.0,0.25,0.25,0.22,0.1,0.0,1.0,0.875,0.375,2020-21
1627885,Shaquille Harrison,1610612743,DEN,27.0,26,12.2,2.08,0.73,1.35,1.38,0.0,0.08,0.15,0.35,0.15,0.5,0.692,0.308,0.0,0.08,0.08,0.08,0.0,0.0,1.0,1.0,0.0,2020-21
1628414,Sindarius Thornwell,1610612753,ORL,26.0,15,13.5,2.2,0.93,1.27,0.93,0.0,0.13,0.4,0.07,0.2,0.27,0.25,0.75,0.0,0.2,0.2,0.2,0.07,0.0,1.0,1.0,0.333,2020-21
1630219,Skylar Mays,1610612737,ATL,23.0,29,8.9,1.41,0.62,0.79,1.0,0.03,0.1,0.21,0.14,0.24,0.38,0.364,0.636,0.0,0.24,0.24,0.24,0.0,0.0,1.0,1.0,0.0,2020-21
203524,Solomon Hill,1610612737,ATL,30.0,71,21.3,3.77,1.96,1.82,1.68,0.01,0.37,0.89,0.2,0.27,0.46,0.424,0.576,0.03,0.73,0.76,0.55,0.17,0.037,0.963,0.975,0.3,2020-21
203915,Spencer Dinwiddie,1610612751,BKN,28.0,3,21.4,4.0,3.0,1.0,0.67,0.0,0.67,1.33,0.0,0.33,0.33,0.0,1.0,0.0,0.33,0.33,0.33,0.33,0.0,1.0,1.0,1.0,2020-21
1626169,Stanley Johnson,1610612761,TOR,25.0,57,17.3,3.35,1.51,1.84,1.65,0.0,0.46,1.19,0.16,0.26,0.42,0.375,0.625,0.02,0.77,0.79,0.54,0.09,0.022,0.978,0.912,0.147,2020-21
201939,Stephen Curry,1610612744,GSW,33.0,63,34.2,3.43,1.4,2.03,2.13,0.14,1.21,2.57,0.59,0.4,0.98,0.597,0.403,0.02,0.46,0.48,0.46,0.1,0.033,0.967,0.967,0.2,2020-21
1628425,Sterling Brown,1610612745,HOU,26.0,50,24.5,5.44,2.64,2.8,1.42,0.02,0.22,0.6,0.44,0.24,0.68,0.647,0.353,0.04,0.96,1.0,0.7,0.2,0.04,0.96,0.972,0.278,2020-21
203500,Steven Adams,1610612740,NOP,27.0,58,27.7,9.31,7.02,2.29,1.48,0.03,4.1,8.79,0.5,0.43,0.93,0.537,0.463,1.41,2.47,3.88,3.09,1.78,0.364,0.636,0.942,0.542,2020-21
1629004,Svi Mykhailiuk,1610612760,OKC,24.0,63,20.9,3.71,1.56,2.16,1.21,0.03,0.21,0.48,0.24,0.3,0.54,0.441,0.559,0.0,0.21,0.21,0.16,0.06,0.0,1.0,1.0,0.4,2020-21
1628388,T.J. Leaf,1610612757,POR,24.0,7,5.1,1.86,1.43,0.43,0.29,0.0,0.14,0.29,0.0,0.0,0.0,0.0,0.0,0.0,0.29,0.29,0.14,0.14,0.0,1.0,1.0,1.0,2020-21
204456,T.J. McConnell,1610612754,IND,29.0,69,26.0,3.07,1.39,1.68,3.55,0.06,0.09,0.23,0.45,0.7,1.14,0.392,0.608,0.0,0.25,0.25,0.22,0.07,0.0,1.0,1.0,0.333,2020-21
203933,T.J. Warren,1610612754,IND,27.0,4,29.3,2.0,0.5,1.5,1.5,0.0,0.5,1.0,0.0,0.25,0.25,0.0,1.0,0.0,0.0,0.0,0.0,0.0,0.0,0.0,0.0,0.0,2020-21
1629605,Tacko Fall,1610612738,BOS,25.0,17,7.9,4.12,3.35,0.76,0.12,0.0,0.94,2.24,0.24,0.12,0.35,0.667,0.333,0.06,0.65,0.71,0.47,0.29,0.083,0.917,0.8,0.5,2020-21
201959,Taj Gibson,1610612752,NYK,36.0,44,21.3,6.77,5.27,1.5,1.14,0.09,3.66,8.0,0.34,0.39,0.73,0.469,0.531,0.59,2.91,3.5,2.66,1.18,0.169,0.831,0.936,0.416,2020-21
1629659,Talen Horton-Tucker,1610612747,LAL,20.0,62,20.8,4.26,1.9,2.35,1.5,0.1,0.34,0.82,0.29,0.35,0.65,0.45,0.55,0.0,0.35,0.35,0.29,0.1,0.0,1.0,0.947,0.316,2020-21
1627752,Taurean Prince,1610612739,CLE,27.0,41,22.1,4.02,1.98,2.05,1.41,0.12,0.15,0.34,0.24,0.29,0.54,0.455,0.545,0.0,0.49,0.49,0.37,0.17,0.0,1.0,0.938,0.438,2020-21
1629611,Terance Mann,1610612746,LAC,24.0,59,21.0,4.1,2.34,1.76,1.15,0.0,0.25,0.64,0.17,0.29,0.46,0.37,0.63,0.07,0.34,0.41,0.37,0.2,0.167,0.833,1.0,0.545,2020-21
1629056,Terence Davis,1610612758,SAC,24.0,58,18.3,2.62,1.05,1.57,1.28,0.02,0.05,0.14,0.24,0.12,0.36,0.667,0.333,0.0,0.29,0.29,0.28,0.09,0.0,1.0,1.0,0.313,2020-21
1628390,Terrance Ferguson,1610612755,PHI,23.0,8,4.6,0.5,0.38,0.13,0.5,0.0,0.0,0.0,0.0,0.0,0.0,0.0,0.0,0.0,0.5,0.5,0.38,0.13,0.0,1.0,1.0,0.333,2020-21
203082,Terrence Ross,1610612753,ORL,30.0,46,29.3,4.26,1.57,2.7,1.61,0.0,0.0,0.0,0.28,0.41,0.7,0.406,0.594,0.0,0.28,0.28,0.26,0.04,0.0,1.0,1.0,0.167,2020-21
1626179,Terry Rozier,1610612766,CHA,27.0,69,34.5,4.8,1.23,3.57,2.07,0.17,0.25,0.57,0.55,0.42,0.97,0.567,0.433,0.0,0.32,0.32,0.26,0.07,0.0,1.0,1.0,0.278,2020-21
201152,Thaddeus Young,1610612741,CHI,33.0,68,24.3,6.54,4.16,2.38,2.16,0.28,2.65,6.1,0.54,0.22,0.76,0.712,0.288,0.56,1.32,1.88,1.4,0.79,0.297,0.703,0.96,0.545,2020-21
203648,Thanasis Antetokounmpo,1610612749,MIL,28.0,49,11.1,2.73,1.67,1.06,1.06,0.04,0.51,1.31,0.47,0.18,0.65,0.719,0.281,0.18,0.18,0.37,0.31,0.12,0.5,0.5,0.938,0.375,2020-21
1630177,Theo Maledon,1610612760,OKC,20.0,65,27.3,4.89,2.42,2.48,1.32,0.0,0.09,0.18,0.35,0.29,0.65,0.548,0.452,0.0,0.26,0.26,0.25,0.03,0.0,1.0,1.0,0.125,2020-21
1629033,Theo Pinson,1610612752,NYK,25.0,9,2.3,1.0,0.44,0.56,0.11,0.0,0.0,0.0,0.0,0.0,0.0,0.0,0.0,0.0,0.11,0.11,0.11,0.0,0.0,1.0,1.0,0.0,2020-21
1628418,Thomas Bryant,1610612764,WAS,23.0,10,27.1,12.5,9.7,2.8,1.2,0.0,4.3,10.0,0.1,0.0,0.1,1.0,0.0,0.6,2.0,2.6,2.3,1.4,0.231,0.769,0.958,0.583,2020-21
1627748,Thon Maker,1610612739,CLE,24.0,8,9.6,3.88,2.25,1.63,0.25,0.0,0.38,0.88,0.38,0.13,0.5,0.75,0.25,0.25,0.25,0.5,0.38,0.13,0.5,0.5,1.0,0.333,2020-21
204025,Tim Frazier,1610612763,MEM,30.0,4,13.0,1.75,1.25,0.5,1.25,0.0,0.0,0.0,0.0,0.0,0.0,0.0,0.0,0.0,0.5,0.5,0.25,0.0,0.0,1.0,0.5,0.0,2020-21
203501,Tim Hardaway Jr.,1610612742,DAL,29.0,70,28.4,5.09,2.03,3.06,0.9,0.24,0.49,1.11,0.14,0.29,0.43,0.333,0.667,0.01,0.44,0.46,0.39,0.13,0.031,0.969,0.964,0.321,2020-21
1627789,Timothe Luwawu-Cabarrot,1610612751,BKN,26.0,56,18.7,3.91,1.89,2.02,0.86,0.07,0.2,0.46,0.16,0.18,0.34,0.474,0.526,0.04,1.04,1.07,0.8,0.23,0.033,0.967,0.9,0.26,2020-21
202699,Tobias Harris,1610612755,PHI,28.0,62,32.5,5.98,3.66,2.32,1.39,0.0,0.65,1.45,0.29,0.34,0.63,0.462,0.538,0.21,1.02,1.23,0.95,0.48,0.171,0.829,0.967,0.492,2020-21
203107,Tomas Satoransky,1610612741,CHI,29.0,58,22.5,3.34,1.95,1.4,1.33,0.02,0.31,0.74,0.24,0.26,0.5,0.483,0.517,0.02,0.36,0.38,0.29,0.03,0.045,0.955,0.85,0.1,2020-21
1628396,Tony Bradley,1610612760,OKC,23.0,40,17.0,6.55,5.03,1.53,0.63,0.0,2.5,5.6,0.13,0.15,0.28,0.455,0.545,0.43,1.98,2.4,1.93,1.13,0.177,0.823,0.951,0.556,2020-21
203503,Tony Snell,1610612737,ATL,29.0,46,21.4,4.26,2.11,2.15,0.89,0.0,0.41,1.04,0.15,0.2,0.35,0.438,0.563,0.0,0.57,0.57,0.37,0.09,0.0,1.0,0.81,0.19,2020-21
1628470,Torrey Craig,1610612756,PHX,30.0,50,16.1,3.96,2.02,1.94,1.44,0.02,0.34,0.86,0.22,0.14,0.36,0.611,0.389,0.14,0.34,0.48,0.38,0.26,0.292,0.708,0.95,0.65,2020-21
1629027,Trae Young,1610612737,ATL,22.0,63,33.7,1.87,0.84,1.03,1.4,0.06,0.14,0.3,0.54,0.56,1.1,0.493,0.507,0.02,0.13,0.14,0.14,0.03,0.111,0.889,1.0,0.222,2020-21
1630200,Tre Jones,1610612759,SAS,21.0,19,11.5,1.63,1.0,0.63,0.95,0.0,0.11,0.21,0.11,0.05,0.16,0.667,0.333,0.0,0.05,0.05,0.05,0.05,0.0,1.0,1.0,1.0,2020-21
1629682,Tremont Waters,1610612738,BOS,23.0,18,12.3,1.33,0.39,0.94,1.67,0.0,0.11,0.28,0.17,0.11,0.28,0.6,0.4,0.0,0.11,0.11,0.06,0.0,0.0,1.0,1.0,0.0,2020-21
1630235,Trent Forrest,1610612762,UTA,23.0,25,11.8,2.12,1.2,0.92,0.68,0.0,0.16,0.36,0.16,0.08,0.24,0.667,0.333,0.0,0.16,0.16,0.08,0.04,0.0,1.0,0.5,0.25,2020-21
2772,Trevor Ariza,1610612748,MIA,36.0,30,28.0,5.87,2.9,2.97,2.53,0.17,0.4,1.03,0.27,0.4,0.67,0.4,0.6,0.0,0.9,0.9,0.57,0.2,0.0,1.0,0.944,0.333,2020-21
203504,Trey Burke,1610612742,DAL,28.0,56,15.5,1.59,1.14,0.45,0.98,0.02,0.3,0.71,0.2,0.13,0.32,0.611,0.389,0.0,0.21,0.21,0.21,0.02,0.0,1.0,1.0,0.083,2020-21
1626168,Trey Lyles,1610612759,SAS,25.0,22,16.2,4.23,2.5,1.73,0.73,0.0,0.59,1.27,0.05,0.09,0.14,0.333,0.667,0.05,0.91,0.95,0.77,0.32,0.048,0.952,1.0,0.412,2020-21
202684,Tristan Thompson,1610612738,BOS,30.0,54,23.8,8.13,6.13,2.0,0.56,0.0,4.0,9.3,0.43,0.28,0.7,0.605,0.395,1.0,1.61,2.61,2.0,1.24,0.383,0.617,0.947,0.588,2020-21
1628972,Troy Brown Jr.,1610612741,CHI,21.0,32,16.2,2.69,1.28,1.41,0.81,0.03,0.0,0.0,0.38,0.19,0.56,0.667,0.333,0.13,0.44,0.56,0.53,0.09,0.222,0.778,0.944,0.167,2020-21
1629660,Ty Jerome,1610612760,OKC,23.0,33,23.9,3.06,1.33,1.73,1.39,0.0,0.15,0.3,0.18,0.24,0.42,0.429,0.571,0.0,0.15,0.15,0.15,0.03,0.0,1.0,1.0,0.2,2020-21
1630234,Ty-Shon Alexander,1610612756,PHX,22.0,9,4.3,0.89,0.33,0.56,0.22,0.0,0.0,0.0,0.0,0.0,0.0,0.0,0.0,0.0,0.11,0.11,0.11,0.0,0.0,1.0,1.0,0.0,2020-21
1630189,Tyler Bey,1610612742,DAL,23.0,15,4.4,1.73,0.73,1.0,0.2,0.0,0.13,0.27,0.07,0.0,0.07,1.0,0.0,0.0,0.2,0.2,0.07,0.0,0.0,1.0,1.0,0.0,2020-21
1629076,Tyler Cook,1610612765,DET,23.0,28,15.3,2.71,1.5,1.21,0.64,0.0,1.07,2.39,0.32,0.14,0.46,0.692,0.308,0.18,0.21,0.39,0.32,0.25,0.455,0.545,0.9,0.7,2020-21
1629639,Tyler Herro,1610612748,MIA,21.0,54,30.3,5.37,2.8,2.57,1.07,0.0,0.5,1.15,0.19,0.46,0.65,0.286,0.714,0.0,0.43,0.43,0.37,0.04,0.0,1.0,0.952,0.095,2020-21
204020,Tyler Johnson,1610612751,BKN,29.0,34,19.6,2.94,1.47,1.47,0.94,0.15,0.24,0.62,0.12,0.26,0.38,0.308,0.692,0.0,0.56,0.56,0.47,0.06,0.0,1.0,0.889,0.111,2020-21
1630179,Tyrell Terry,1610612742,DAL,20.0,7,7.1,0.57,0.43,0.14,1.14,0.14,0.0,0.0,0.0,0.0,0.0,0.0,0.0,0.0,0.0,0.0,0.0,0.0,0.0,0.0,0.0,0.0,2020-21
1630169,Tyrese Haliburton,1610612758,SAC,21.0,58,30.1,4.36,2.16,2.21,2.14,0.0,0.21,0.45,0.36,0.47,0.83,0.438,0.563,0.0,0.17,0.17,0.16,0.09,0.0,1.0,0.9,0.5,2020-21
1630178,Tyrese Maxey,1610612755,PHI,20.0,55,16.8,2.82,1.38,1.44,0.96,0.02,0.15,0.29,0.16,0.15,0.31,0.529,0.471,0.0,0.22,0.22,0.16,0.02,0.0,1.0,0.9,0.1,2020-21
1626145,Tyus Jones,1610612763,MEM,25.0,68,17.8,2.18,0.78,1.4,1.34,0.01,0.12,0.24,0.15,0.25,0.4,0.37,0.63,0.0,0.28,0.28,0.22,0.03,0.0,1.0,1.0,0.133,2020-21
1628962,Udoka Azubuike,1610612762,UTA,21.0,13,4.2,2.15,1.85,0.31,0.08,0.0,0.62,1.31,0.0,0.08,0.08,0.0,1.0,0.15,0.46,0.62,0.31,0.23,0.25,0.75,1.0,0.75,2020-21
2617,Udonis Haslem,1610612748,MIA,41.0,1,2.7,0.0,0.0,0.0,0.0,1.0,0.0,0.0,0.0,0.0,0.0,0.0,0.0,0.0,1.0,1.0,0.0,0.0,0.0,1.0,0.0,0.0,2020-21
1630176,Vernon Carey Jr.,1610612766,CHA,20.0,18,6.3,2.11,1.5,0.61,0.17,0.0,0.33,0.67,0.06,0.0,0.06,1.0,0.0,0.17,0.22,0.39,0.33,0.28,0.429,0.571,1.0,0.833,2020-21
203506,Victor Oladipo,1610612748,MIA,29.0,33,32.7,6.12,2.76,3.36,2.97,0.36,0.45,1.06,0.42,0.61,1.03,0.412,0.588,0.0,0.82,0.82,0.7,0.18,0.0,1.0,1.0,0.261,2020-21
1629738,Vincent Poirier,1610612755,PHI,27.0,8,4.5,2.25,2.0,0.25,0.13,0.0,0.75,1.63,0.0,0.0,0.0,0.0,0.0,0.0,0.38,0.38,0.13,0.13,0.0,1.0,1.0,1.0,2020-21
1628427,Vlatko Cancar,1610612743,DEN,24.0,25,9.5,2.56,1.08,1.48,0.48,0.0,0.2,0.48,0.04,0.16,0.2,0.2,0.8,0.08,0.48,0.56,0.36,0.16,0.143,0.857,0.9,0.4,2020-21
201961,Wayne Ellington,1610612765,DET,33.0,44,22.8,3.52,1.34,2.18,0.7,0.0,0.25,0.64,0.2,0.27,0.48,0.429,0.571,0.02,0.14,0.16,0.16,0.07,0.143,0.857,1.0,0.429,2020-21
1628976,Wendell Carter Jr.,1610612753,ORL,22.0,54,25.5,8.93,7.28,1.65,1.13,0.06,4.69,10.44,0.37,0.26,0.63,0.588,0.412,0.57,2.35,2.93,2.37,1.41,0.196,0.804,0.934,0.555,2020-21
1629117,Wenyen Gabriel,1610612740,NOP,24.0,19,12.5,4.16,2.42,1.74,0.63,0.0,0.42,0.95,0.05,0.11,0.16,0.333,0.667,0.21,0.58,0.79,0.63,0.37,0.267,0.733,1.0,0.583,2020-21
1628411,Wes Iwundu,1610612740,NOP,26.0,32,16.0,2.47,1.22,1.25,1.19,0.0,0.06,0.19,0.16,0.19,0.34,0.455,0.545,0.0,0.19,0.19,0.13,0.03,0.0,1.0,0.8,0.2,2020-21
202083,Wesley Matthews,1610612747,LAL,34.0,58,19.5,3.09,1.59,1.5,1.21,0.05,0.14,0.33,0.24,0.29,0.53,0.452,0.548,0.12,0.71,0.83,0.62,0.21,0.146,0.854,0.9,0.3,2020-21
203115,Will Barton,1610612743,DEN,30.0,55,31.5,4.82,2.02,2.8,1.6,0.04,0.16,0.36,0.16,0.27,0.44,0.375,0.625,0.04,0.16,0.2,0.18,0.07,0.182,0.818,0.909,0.364,2020-21
1626161,Willie Cauley-Stein,1610612742,DAL,27.0,53,17.1,6.3,4.53,1.77,1.04,0.02,3.06,6.94,0.25,0.21,0.45,0.542,0.458,0.15,1.79,1.94,1.47,0.58,0.078,0.922,0.918,0.365,2020-21
1626195,Willy Hernangomez,1610612740,NOP,27.0,45,18.7,6.62,5.16,1.47,0.82,0.07,2.24,4.98,0.42,0.2,0.62,0.679,0.321,0.67,1.24,1.91,1.76,1.24,0.349,0.651,0.975,0.691,2020-21
1630214,Xavier Tillman,1610612763,MEM,22.0,59,18.4,7.46,5.42,2.03,1.29,0.0,2.73,5.88,0.34,0.19,0.53,0.645,0.355,0.14,2.19,2.32,1.69,0.63,0.058,0.942,0.943,0.349,2020-21
1627812,Yogi Ferrell,1610612746,LAC,28.0,9,15.1,1.56,0.89,0.67,0.89,0.0,0.22,0.56,0.11,1.0,1.11,0.1,0.9,0.0,0.0,0.0,0.0,0.0,0.0,0.0,0.0,0.0,2020-21
1629139,Yuta Watanabe,1610612761,TOR,26.0,49,14.7,4.0,1.9,2.1,0.69,0.02,0.29,0.73,0.14,0.22,0.37,0.389,0.611,0.06,0.63,0.69,0.47,0.22,0.088,0.912,0.958,0.458,2020-21
203897,Zach LaVine,1610612741,CHI,26.0,58,35.1,6.45,3.26,3.19,1.33,0.0,0.33,0.72,0.38,0.4,0.78,0.489,0.511,0.05,0.45,0.5,0.36,0.09,0.103,0.897,0.778,0.185,2020-21
1630192,Zeke Nnaji,1610612743,DEN,20.0,38,10.3,2.79,1.5,1.29,0.58,0.0,0.29,0.68,0.05,0.08,0.13,0.4,0.6,0.11,0.55,0.66,0.34,0.13,0.16,0.84,0.929,0.357,2020-21
1629627,Zion Williamson,1610612740,NOP,20.0,61,33.2,7.72,3.54,4.18,1.79,0.02,1.95,4.51,0.62,0.48,1.1,0.567,0.433,0.41,0.79,1.2,1.0,0.74,0.342,0.658,0.924,0.682,2020-21
203932,Aaron Gordon,1610612743,DEN,26.0,75,31.7,5.32,3.47,1.85,0.91,0.01,0.71,1.73,0.41,0.25,0.67,0.62,0.38,0.13,0.39,0.52,0.44,0.32,0.256,0.744,0.943,0.686,2021-22
1630565,Aaron Henry,1610612755,PHI,22.0,5,3.0,1.0,0.6,0.4,0.2,0.0,0.0,0.0,0.0,0.0,0.0,0.0,0.0,0.0,0.2,0.2,0.0,0.0,0.0,1.0,0.0,0.0,2021-22
1628988,Aaron Holiday,1610612756,PHX,25.0,59,17.1,2.81,1.29,1.53,1.41,0.02,0.14,0.36,0.2,0.27,0.47,0.429,0.571,0.03,0.31,0.34,0.32,0.05,0.1,0.9,0.95,0.15,2021-22
1630174,Aaron Nesmith,1610612738,BOS,22.0,48,11.5,3.15,1.98,1.17,0.6,0.08,0.08,0.21,0.1,0.17,0.27,0.385,0.615,0.06,0.48,0.54,0.48,0.21,0.115,0.885,0.958,0.417,2021-22
1630598,Aaron Wiggins,1610612760,OKC,23.0,49,24.6,6.16,3.12,3.04,1.33,0.0,0.29,0.61,0.2,0.33,0.53,0.385,0.615,0.02,0.47,0.49,0.45,0.18,0.042,0.958,0.957,0.391,2021-22
1627846,Abdel Nader,1610612756,PHX,28.0,13,10.9,2.85,1.92,0.92,1.0,0.0,0.08,0.15,0.15,0.15,0.31,0.5,0.5,0.08,0.38,0.46,0.46,0.23,0.167,0.833,1.0,0.5,2021-22
1629678,Admiral Schofield,1610612753,ORL,25.0,35,13.2,2.6,1.37,1.23,0.29,0.06,0.57,1.26,0.11,0.03,0.14,0.8,0.2,0.14,0.51,0.66,0.54,0.2,0.217,0.783,1.0,0.368,2021-22
201143,Al Horford,1610612738,BOS,36.0,69,29.1,10.96,7.33,3.62,0.96,0.0,2.0,4.58,0.3,0.33,0.64,0.477,0.523,0.33,1.96,2.29,1.99,1.25,0.146,0.854,0.979,0.614,2021-22
202692,Alec Burks,1610612752,NYK,30.0,81,28.6,5.58,2.68,2.9,1.68,0.0,0.19,0.41,0.33,0.4,0.73,0.458,0.542,0.0,0.22,0.22,0.19,0.06,0.0,1.0,1.0,0.333,2021-22
1630758,Aleem Ford,1610612753,ORL,24.0,5,14.7,3.0,1.6,1.4,0.8,0.2,0.0,0.0,0.4,0.2,0.6,0.667,0.333,0.0,0.6,0.6,0.2,0.2,0.0,1.0,1.0,1.0,2021-22
1630197,Aleksej Pokusevski,1610612760,OKC,20.0,61,20.2,5.87,3.21,2.66,1.18,0.0,0.38,0.85,0.13,0.21,0.34,0.381,0.619,0.0,0.3,0.3,0.28,0.13,0.0,1.0,1.0,0.471,2021-22
1627936,Alex Caruso,1610612741,CHI,28.0,41,28.0,4.85,2.29,2.56,3.37,0.17,0.61,1.29,0.17,0.49,0.66,0.259,0.741,0.0,0.51,0.51,0.51,0.24,0.0,1.0,1.0,0.476,2021-22
203458,Alex Len,1610612758,SAC,29.0,39,15.9,7.28,6.08,1.21,0.82,0.0,3.51,8.21,0.18,0.1,0.28,0.636,0.364,0.23,1.26,1.49,1.23,0.59,0.155,0.845,1.0,0.479,2021-22
1628035,Alfonzo McKinnie,1610612741,CHI,29.0,13,14.6,2.69,1.54,1.15,0.69,0.0,0.38,0.92,0.38,0.15,0.54,0.714,0.286,0.08,0.23,0.31,0.08,0.0,0.25,0.75,0.25,0.0,2021-22
1628993,Alize Johnson,1610612740,NOP,26.0,18,8.6,2.33,1.33,1.0,0.39,0.0,0.89,2.06,0.33,0.11,0.44,0.75,0.25,0.39,0.44,0.83,0.78,0.56,0.467,0.533,0.933,0.667,2021-22
1630578,Alperen Sengun,1610612745,HOU,19.0,72,20.7,7.39,5.36,2.03,1.68,0.15,2.21,5.42,0.35,0.21,0.56,0.625,0.375,0.42,1.38,1.79,1.33,0.71,0.233,0.767,0.914,0.486,2021-22
1629599,Amir Coffey,1610612746,LAC,25.0,61,25.3,3.31,2.02,1.3,1.23,0.07,0.23,0.48,0.25,0.2,0.44,0.556,0.444,0.02,0.34,0.36,0.31,0.11,0.045,0.955,0.95,0.35,2021-22
203083,Andre Drummond,1610612751,BKN,28.0,73,19.7,6.55,5.18,1.37,2.14,0.0,2.88,6.53,0.34,0.21,0.55,0.625,0.375,1.19,0.9,2.1,1.97,1.73,0.569,0.431,0.96,0.84,2021-22
2738,Andre Iguodala,1610612744,GSW,38.0,31,19.4,3.03,1.84,1.19,1.81,0.03,0.48,1.13,0.26,0.23,0.48,0.533,0.467,0.03,0.61,0.65,0.52,0.29,0.05,0.95,0.889,0.5,2021-22
203952,Andrew Wiggins,1610612744,GSW,27.0,73,31.9,8.38,4.08,4.3,1.45,0.01,0.41,1.03,0.34,0.19,0.53,0.641,0.359,0.11,0.56,0.67,0.6,0.22,0.163,0.837,0.978,0.356,2021-22
1629014,Anfernee Simons,1610612757,POR,23.0,54,29.7,4.28,1.67,2.61,0.81,0.02,0.2,0.48,0.24,0.26,0.5,0.481,0.519,0.0,0.07,0.07,0.07,0.04,0.0,1.0,1.0,0.5,2021-22
203076,Anthony Davis,1610612747,LAL,29.0,40,35.1,10.93,6.95,3.98,2.43,0.05,2.28,5.18,0.55,0.33,0.88,0.629,0.371,0.45,0.68,1.13,1.0,0.75,0.4,0.6,1.0,0.75,2021-22
1630162,Anthony Edwards,1610612750,MIN,20.0,72,34.3,5.17,2.63,2.54,2.5,0.01,0.17,0.4,0.47,0.64,1.11,0.425,0.575,0.0,0.11,0.11,0.11,0.06,0.0,1.0,1.0,0.5,2021-22
1630264,Anthony Gill,1610612764,WAS,29.0,36,12.0,3.14,1.78,1.36,0.31,0.03,0.92,1.97,0.22,0.14,0.36,0.615,0.385,0.11,0.61,0.72,0.5,0.17,0.154,0.846,0.947,0.316,2021-22
1630237,Anthony Lamb,1610612745,HOU,24.0,1,3.8,0.0,0.0,0.0,1.0,0.0,0.0,0.0,0.0,0.0,0.0,0.0,0.0,0.0,0.0,0.0,0.0,0.0,0.0,0.0,0.0,0.0,2021-22
1629717,Armoni Brooks,1610612761,TOR,24.0,48,16.6,2.23,0.85,1.38,1.29,0.02,0.0,0.0,0.13,0.13,0.25,0.5,0.5,0.0,0.08,0.08,0.06,0.02,0.0,1.0,0.75,0.25,2021-22
1629083,Arnoldas Kulboka,1610612766,CHA,24.0,1,2.7,1.0,0.0,1.0,0.0,0.0,0.0,0.0,0.0,0.0,0.0,0.0,0.0,0.0,0.0,0.0,0.0,0.0,0.0,0.0,0.0,0.0,2021-22
1630559,Austin Reaves,1610612747,LAL,24.0,61,23.2,5.62,3.11,2.51,1.13,0.25,0.16,0.43,0.18,0.16,0.34,0.524,0.476,0.07,0.39,0.46,0.39,0.13,0.143,0.857,0.889,0.296,2021-22
203085,Austin Rivers,1610612743,DEN,29.0,65,22.4,2.69,1.45,1.25,1.49,0.0,0.05,0.12,0.09,0.22,0.31,0.3,0.7,0.0,0.25,0.25,0.23,0.03,0.0,1.0,1.0,0.133,2021-22
202340,Avery Bradley,1610612747,LAL,31.0,61,22.8,2.72,1.23,1.49,1.57,0.03,0.44,1.05,0.1,0.3,0.39,0.25,0.75,0.07,0.66,0.72,0.59,0.11,0.091,0.909,0.857,0.167,2021-22
1630245,Ayo Dosunmu,1610612741,CHI,22.0,75,27.9,4.91,3.19,1.72,1.39,0.01,0.21,0.44,0.29,0.47,0.76,0.386,0.614,0.03,0.16,0.19,0.19,0.11,0.143,0.857,1.0,0.571,2021-22
1629168,BJ Johnson,1610612753,ORL,26.0,4,16.2,2.25,2.0,0.25,0.25,0.0,0.0,0.0,0.25,0.0,0.25,1.0,0.0,0.0,0.25,0.25,0.0,0.0,0.0,1.0,0.0,0.0,2021-22
1628389,Bam Adebayo,1610612748,MIA,24.0,56,32.6,7.84,4.93,2.91,2.43,0.05,3.79,9.61,0.54,0.38,0.91,0.588,0.412,0.55,2.68,3.23,2.79,1.59,0.171,0.829,0.969,0.553,2021-22
203463,Ben McLemore,1610612757,POR,29.0,60,21.1,2.7,1.0,1.7,1.1,0.02,0.1,0.22,0.23,0.23,0.47,0.5,0.5,0.0,0.37,0.37,0.35,0.08,0.0,1.0,1.0,0.238,2021-22
202687,Bismack Biyombo,1610612756,PHX,29.0,35,14.4,5.23,4.31,0.91,0.97,0.0,2.83,6.34,0.11,0.2,0.31,0.364,0.636,0.43,0.91,1.34,1.0,0.51,0.319,0.681,0.854,0.439,2021-22
201933,Blake Griffin,1610612751,BKN,33.0,55,17.4,4.6,2.78,1.82,0.96,0.47,1.64,3.76,0.22,0.2,0.42,0.522,0.478,0.11,0.95,1.05,0.96,0.56,0.103,0.897,1.0,0.585,2021-22
1626246,Boban Marjanovic,1610612742,DAL,33.0,19,6.5,2.32,1.95,0.37,0.05,0.0,0.58,1.26,0.11,0.0,0.11,1.0,0.0,0.26,0.32,0.58,0.53,0.37,0.455,0.545,1.0,0.7,2021-22
1626171,Bobby Portis Jr.,1610612749,MIL,27.0,72,28.2,9.04,5.43,3.61,1.61,0.0,1.74,4.14,0.43,0.25,0.68,0.633,0.367,0.89,2.04,2.93,2.32,1.57,0.303,0.697,0.96,0.649,2021-22
203992,Bogdan Bogdanović,1610612737,ATL,29.0,63,29.3,5.84,2.6,3.24,1.95,0.02,0.44,1.0,0.16,0.24,0.4,0.4,0.6,0.02,0.73,0.75,0.65,0.24,0.021,0.979,0.953,0.349,2021-22
202711,Bojan Bogdanovic,1610612762,UTA,33.0,69,30.9,4.28,1.93,2.35,0.74,0.01,0.29,0.77,0.26,0.22,0.48,0.545,0.455,0.12,0.68,0.8,0.61,0.26,0.145,0.855,0.933,0.4,2021-22
1629626,Bol Bol,1610612753,ORL,22.0,9,7.1,2.56,0.78,1.78,0.33,0.0,0.0,0.0,0.22,0.33,0.56,0.4,0.6,0.0,0.11,0.11,0.0,0.0,0.0,1.0,0.0,0.0,2021-22
1630538,Bones Hyland,1610612743,DEN,21.0,67,19.5,3.52,1.63,1.9,1.21,0.0,0.12,0.34,0.13,0.3,0.43,0.31,0.69,0.0,0.16,0.16,0.16,0.07,0.0,1.0,1.0,0.455,2021-22
202954,Brad Wanamaker,1610612764,WAS,32.0,20,15.3,2.45,1.15,1.3,0.75,0.0,0.0,0.0,0.0,0.2,0.2,0.0,1.0,0.0,0.25,0.25,0.2,0.0,0.0,1.0,0.8,0.0,2021-22
203078,Bradley Beal,1610612764,WAS,29.0,40,36.0,4.58,2.25,2.33,1.93,0.18,0.5,1.08,0.6,0.53,1.13,0.533,0.467,0.0,0.3,0.3,0.28,0.15,0.0,1.0,0.917,0.5,2021-22
1630527,Brandon Boston Jr.,1610612746,LAC,20.0,43,16.6,2.84,1.21,1.63,1.0,0.0,0.02,0.07,0.16,0.16,0.33,0.5,0.5,0.0,0.47,0.47,0.4,0.12,0.0,1.0,0.944,0.278,2021-22
1629634,Brandon Clarke,1610612763,MEM,25.0,64,19.5,6.14,4.17,1.97,1.2,0.0,2.03,4.45,0.25,0.3,0.55,0.457,0.543,0.5,1.23,1.73,1.48,0.7,0.288,0.712,0.941,0.446,2021-22
1629164,Brandon Goodwin,1610612739,CLE,26.0,31,15.5,2.1,1.1,1.0,1.42,0.0,0.1,0.19,0.29,0.39,0.68,0.429,0.571,0.0,0.1,0.1,0.1,0.03,0.0,1.0,1.0,0.333,2021-22
1627742,Brandon Ingram,1610612740,NOP,24.0,55,34.0,6.02,2.96,3.05,1.35,0.04,0.47,1.13,0.35,0.29,0.64,0.543,0.457,0.02,0.44,0.45,0.38,0.18,0.04,0.96,1.0,0.476,2021-22
202688,Brandon Knight,1610612742,DAL,30.0,5,12.9,2.0,0.6,1.4,0.6,0.0,0.0,0.0,0.2,0.2,0.4,0.5,0.5,0.0,0.4,0.4,0.4,0.2,0.0,1.0,1.0,0.5,2021-22
1630314,Brandon Williams,1610612757,POR,22.0,24,26.7,5.71,2.17,3.54,1.88,0.0,0.13,0.33,0.67,0.21,0.88,0.762,0.238,0.0,0.33,0.33,0.33,0.13,0.0,1.0,1.0,0.375,2021-22
1630296,Braxton Key,1610612765,DET,25.0,11,17.9,4.55,2.64,1.91,1.82,0.18,0.73,1.55,0.18,0.45,0.64,0.286,0.714,0.18,0.55,0.73,0.73,0.55,0.25,0.75,1.0,0.75,2021-22
1630271,Brodric Thomas,1610612738,BOS,25.0,6,7.1,1.5,0.83,0.67,0.83,0.0,0.17,0.5,0.0,0.5,0.5,0.0,1.0,0.0,0.17,0.17,0.17,0.17,0.0,1.0,1.0,1.0,2021-22
201572,Brook Lopez,1610612749,MIL,34.0,13,23.0,10.38,8.08,2.31,1.31,0.0,2.92,6.62,0.31,0.08,0.38,0.8,0.2,0.46,1.38,1.85,1.77,0.46,0.25,0.75,1.0,0.261,2021-22
1628971,Bruce Brown,1610612751,BKN,25.0,72,24.6,4.97,2.64,2.33,2.31,0.0,0.94,2.26,0.42,0.29,0.71,0.588,0.412,0.08,0.33,0.42,0.36,0.21,0.2,0.8,0.929,0.536,2021-22
1628981,Bruno Fernando,1610612745,HOU,23.0,23,5.9,2.39,1.7,0.7,0.26,0.0,0.52,1.22,0.13,0.13,0.26,0.5,0.5,0.22,0.61,0.83,0.7,0.52,0.263,0.737,0.941,0.706,2021-22
1627854,Bryn Forbes,1610612743,DEN,28.0,69,17.6,1.36,0.55,0.81,0.55,0.0,0.1,0.23,0.22,0.19,0.41,0.536,0.464,0.0,0.41,0.41,0.35,0.04,0.0,1.0,0.923,0.115,2021-22
1627741,Buddy Hield,1610612754,IND,29.0,81,30.8,5.78,3.42,2.36,1.72,0.0,0.44,0.99,0.44,0.3,0.74,0.6,0.4,0.04,0.2,0.23,0.22,0.16,0.158,0.842,1.0,0.722,2021-22
1629604,CJ Elleby,1610612757,POR,22.0,50,22.8,4.26,2.16,2.1,1.2,0.06,0.28,0.68,0.28,0.32,0.6,0.467,0.533,0.02,0.3,0.32,0.28,0.14,0.063,0.938,1.0,0.5,2021-22
203468,CJ McCollum,1610612740,NOP,30.0,61,35.1,6.48,2.9,3.57,1.57,0.02,0.2,0.41,0.49,0.38,0.87,0.566,0.434,0.0,0.26,0.26,0.21,0.1,0.0,1.0,0.929,0.429,2021-22
1630595,Cade Cunningham,1610612765,DET,20.0,63,33.0,6.98,4.0,2.98,2.33,0.03,0.43,1.02,0.49,0.54,1.03,0.477,0.523,0.1,0.71,0.81,0.68,0.32,0.118,0.882,0.935,0.435,2021-22
1628997,Caleb Martin,1610612748,MIA,26.0,59,23.2,5.03,2.12,2.92,1.88,0.15,0.39,1.05,0.37,0.31,0.68,0.55,0.45,0.0,0.64,0.64,0.47,0.12,0.0,1.0,0.966,0.241,2021-22
1629629,Cam Reddish,1610612752,NYK,22.0,48,21.0,4.1,1.67,2.44,2.31,0.02,0.08,0.19,0.23,0.4,0.63,0.367,0.633,0.02,0.27,0.29,0.29,0.1,0.071,0.929,1.0,0.357,2021-22
1630560,Cam Thomas,1610612751,BKN,20.0,58,19.7,3.59,1.81,1.78,0.93,0.0,0.09,0.19,0.09,0.29,0.38,0.227,0.773,0.0,0.17,0.17,0.16,0.07,0.0,1.0,1.0,0.444,2021-22
1629661,Cameron Johnson,1610612756,PHX,26.0,66,26.2,5.11,2.92,2.18,1.27,0.09,0.44,0.95,0.26,0.32,0.58,0.447,0.553,0.06,0.73,0.79,0.65,0.12,0.077,0.923,0.956,0.178,2021-22
1630787,Cameron McGriff,1610612757,POR,24.0,3,15.3,2.0,1.0,1.0,0.67,0.0,0.67,1.67,1.0,0.67,1.67,0.6,0.4,0.67,0.33,1.0,1.0,1.0,0.667,0.333,1.0,1.0,2021-22
1628419,Cameron Oliver,1610612737,ATL,25.0,2,21.7,4.5,3.5,1.0,2.0,0.0,4.5,10.0,0.0,0.0,0.0,0.0,0.0,0.0,1.0,1.0,1.0,0.5,0.0,1.0,1.0,0.5,2021-22
1626166,Cameron Payne,1610612756,PHX,27.0,56,22.3,3.39,1.52,1.88,1.7,0.09,0.13,0.34,0.3,0.21,0.52,0.586,0.414,0.0,0.3,0.3,0.21,0.02,0.0,1.0,0.923,0.077,2021-22
1627747,Caris LeVert,1610612739,CLE,27.0,58,30.7,4.98,2.19,2.79,1.55,0.03,0.19,0.43,0.43,0.43,0.86,0.5,0.5,0.0,0.38,0.38,0.34,0.1,0.0,1.0,1.0,0.3,2021-22
1630637,Carlik Jones,1610612743,DEN,24.0,5,4.7,0.4,0.2,0.2,0.4,0.0,0.0,0.0,0.0,0.0,0.0,0.0,0.0,0.0,0.4,0.4,0.4,0.0,0.0,1.0,1.0,0.0,2021-22
2546,Carmelo Anthony,1610612747,LAL,38.0,69,26.0,5.16,2.78,2.38,1.14,0.0,0.72,1.67,0.13,0.19,0.32,0.409,0.591,0.32,1.25,1.57,1.28,0.61,0.204,0.796,0.936,0.447,2021-22
1629035,Carsen Edwards,1610612765,DET,24.0,4,19.8,3.0,1.25,1.75,1.25,0.0,0.5,1.0,0.25,0.5,0.75,0.333,0.667,0.0,0.0,0.0,0.0,0.0,0.0,0.0,0.0,0.0,2021-22
1630199,Cassius Stanley,1610612765,DET,22.0,9,17.2,3.11,1.78,1.33,0.67,0.11,0.22,0.56,0.33,0.11,0.44,0.75,0.25,0.0,0.44,0.44,0.33,0.0,0.0,1.0,0.75,0.0,2021-22
1630216,Cassius Winston,1610612764,WAS,24.0,5,6.4,0.6,0.6,0.0,0.4,0.0,0.0,0.0,0.0,0.0,0.0,0.0,0.0,0.0,0.0,0.0,0.0,0.0,0.0,0.0,0.0,0.0,2021-22
1627760,Cat Barber,1610612737,ATL,27.0,1,4.2,1.0,1.0,0.0,0.0,0.0,0.0,0.0,0.0,0.0,0.0,0.0,0.0,0.0,0.0,0.0,0.0,0.0,0.0,0.0,0.0,0.0,2021-22
1626224,Cedi Osman,1610612739,CLE,27.0,65,22.4,3.29,1.78,1.51,1.29,0.02,0.23,0.52,0.15,0.17,0.32,0.476,0.524,0.02,0.28,0.29,0.23,0.05,0.053,0.947,0.833,0.167,2021-22
1628990,Chandler Hutchison,1610612756,PHX,26.0,2,5.2,1.0,0.5,0.5,0.5,0.0,0.0,0.0,0.0,0.0,0.0,0.0,0.0,0.0,0.0,0.0,0.0,0.0,0.0,0.0,0.0,0.0,2021-22
1629646,Charles Bassey,1610612755,PHI,21.0,18,8.8,2.61,2.17,0.44,0.44,0.0,1.0,2.22,0.22,0.0,0.22,1.0,0.0,0.11,0.22,0.33,0.33,0.28,0.333,0.667,1.0,0.833,2021-22
1629718,Charlie Brown Jr.,1610612755,PHI,25.0,11,14.6,3.0,1.91,1.09,1.64,0.0,0.18,0.36,0.0,0.27,0.27,0.0,1.0,0.09,0.36,0.45,0.45,0.18,0.2,0.8,1.0,0.4,2021-22
1630602,Chaundee Brown Jr.,1610612737,ATL,23.0,5,20.7,2.8,1.6,1.2,0.8,0.2,0.4,1.2,0.0,0.0,0.0,0.0,0.0,0.0,1.4,1.4,1.0,0.4,0.0,1.0,0.833,0.333,2021-22
1627767,Cheick Diallo,1610612765,DET,25.0,3,10.2,2.33,2.33,0.0,0.33,0.0,2.0,4.0,0.67,0.0,0.67,1.0,0.0,0.67,0.67,1.33,1.33,0.67,0.5,0.5,1.0,0.5,2021-22
1629002,Chimezie Metu,1610612758,SAC,25.0,59,21.6,5.8,3.14,2.66,1.75,0.02,0.59,1.32,0.2,0.17,0.37,0.545,0.455,0.03,0.69,0.73,0.61,0.39,0.047,0.953,0.9,0.575,2021-22
1628449,Chris Boucher,1610612761,TOR,29.0,80,21.1,6.24,4.34,1.9,1.2,0.16,0.94,2.23,0.25,0.15,0.4,0.625,0.375,0.21,0.29,0.5,0.48,0.35,0.425,0.575,0.974,0.718,2021-22
1629185,Chris Chiozza,1610612744,GSW,26.0,26,12.8,2.04,0.85,1.19,0.73,0.04,0.19,0.5,0.08,0.04,0.12,0.667,0.333,0.0,0.15,0.15,0.08,0.0,0.0,1.0,0.667,0.0,2021-22
1630537,Chris Duarte,1610612754,IND,25.0,54,28.5,5.5,2.69,2.81,1.67,0.02,0.22,0.48,0.26,0.44,0.7,0.368,0.632,0.0,0.13,0.13,0.13,0.09,0.0,1.0,1.0,0.714,2021-22
101108,Chris Paul,1610612756,PHX,37.0,65,32.9,2.58,0.86,1.72,2.69,0.03,0.38,0.97,0.35,0.6,0.95,0.371,0.629,0.0,0.46,0.46,0.43,0.12,0.0,1.0,0.966,0.276,2021-22
1629735,Chris Silva,1610612748,MIA,25.0,8,11.2,1.63,1.5,0.13,1.0,0.25,1.25,3.25,0.0,0.38,0.38,0.0,1.0,0.5,0.5,1.0,0.88,0.88,0.5,0.5,1.0,1.0,2021-22
1626174,Christian Wood,1610612745,HOU,26.0,68,30.8,10.54,6.54,4.0,1.24,0.0,1.88,4.54,0.22,0.29,0.51,0.429,0.571,0.25,1.16,1.41,1.21,0.72,0.177,0.823,0.976,0.583,2021-22
1629643,Chuma Okeke,1610612753,ORL,23.0,70,25.0,5.69,3.16,2.53,2.1,0.0,0.54,1.24,0.27,0.4,0.67,0.404,0.596,0.03,1.11,1.14,0.99,0.46,0.025,0.975,0.932,0.432,2021-22
203991,Clint Capela,1610612737,ATL,28.0,74,27.6,9.69,7.73,1.96,1.36,0.19,3.85,8.66,0.39,0.24,0.64,0.617,0.383,0.69,2.32,3.01,2.72,1.91,0.229,0.771,0.971,0.681,2021-22
1629632,Coby White,1610612741,CHI,22.0,61,27.5,5.93,3.44,2.49,0.9,0.05,0.39,0.87,0.3,0.3,0.59,0.5,0.5,0.0,0.25,0.25,0.25,0.13,0.0,1.0,1.0,0.533,2021-22
1628998,Cody Martin,1610612766,CHA,26.0,71,26.3,4.11,1.94,2.17,2.32,0.27,0.45,1.13,0.41,0.46,0.87,0.468,0.532,0.17,0.68,0.85,0.73,0.31,0.2,0.8,0.945,0.4,2021-22
203469,Cody Zeller,1610612757,POR,29.0,27,13.1,2.93,2.22,0.7,0.81,0.04,2.63,6.07,0.37,0.15,0.52,0.714,0.286,0.48,0.89,1.37,1.15,0.74,0.351,0.649,0.969,0.625,2021-22
1630175,Cole Anthony,1610612753,ORL,22.0,64,32.1,4.75,2.33,2.42,1.3,0.11,0.17,0.42,0.38,0.36,0.73,0.511,0.489,0.0,0.14,0.14,0.14,0.09,0.0,1.0,1.0,0.667,2021-22
1629012,Collin Sexton,1610612739,CLE,23.0,11,28.8,3.82,2.36,1.45,1.45,0.0,0.0,0.0,0.27,0.45,0.73,0.375,0.625,0.0,0.0,0.0,0.0,0.0,0.0,0.0,0.0,0.0,2021-22
1630557,Corey Kispert,1610612764,WAS,23.0,75,23.7,4.71,3.16,1.55,0.63,0.0,0.29,0.65,0.27,0.28,0.55,0.488,0.512,0.05,0.31,0.36,0.32,0.12,0.148,0.852,0.96,0.36,2021-22
202709,Cory Joseph,1610612765,DET,30.0,65,24.6,4.32,2.45,1.88,1.28,0.06,0.31,0.74,0.26,0.29,0.55,0.472,0.528,0.0,0.69,0.69,0.6,0.14,0.0,1.0,0.907,0.209,2021-22
1628591,Craig Sword,1610612764,WAS,28.0,2,8.7,1.0,0.5,0.5,2.0,0.0,0.0,0.0,0.0,1.0,1.0,0.0,1.0,0.0,0.0,0.0,0.0,0.0,0.0,0.0,0.0,0.0,2021-22
1626156,D'Angelo Russell,1610612750,MIN,26.0,65,31.9,4.55,1.97,2.58,1.89,0.08,0.35,0.92,0.26,0.25,0.51,0.515,0.485,0.02,0.49,0.51,0.42,0.14,0.03,0.97,0.931,0.31,2021-22
201571,D.J. Augustin,1610612747,LAL,34.0,46,17.0,1.39,0.43,0.96,0.57,0.02,0.11,0.28,0.17,0.17,0.35,0.5,0.5,0.0,0.15,0.15,0.13,0.04,0.0,1.0,0.857,0.286,2021-22
1628391,D.J. Wilson,1610612761,TOR,26.0,3,17.7,7.67,5.67,2.0,1.67,0.0,0.67,1.67,0.0,0.33,0.33,0.0,1.0,0.0,0.67,0.67,0.67,0.33,0.0,1.0,1.0,0.5,2021-22
1629610,DaQuan Jeffries,1610612763,MEM,24.0,1,4.3,2.0,2.0,0.0,0.0,0.0,0.0,0.0,0.0,1.0,1.0,0.0,1.0,0.0,0.0,0.0,0.0,0.0,0.0,0.0,0.0,0.0,2021-22
1630227,Daishen Nix,1610612745,HOU,20.0,17,13.0,1.29,0.53,0.76,1.12,0.0,0.06,0.12,0.0,0.12,0.12,0.0,1.0,0.06,0.29,0.35,0.29,0.24,0.167,0.833,0.833,0.667,2021-22
1629751,Dakota Mathias,1610612763,MEM,26.0,3,3.9,0.33,0.0,0.33,0.33,0.0,0.0,0.0,0.0,0.33,0.33,0.0,1.0,0.0,0.33,0.33,0.33,0.33,0.0,1.0,1.0,1.0,2021-22
1630625,Dalano Banton,1610612761,TOR,22.0,58,11.5,2.69,1.41,1.28,0.97,0.0,0.19,0.48,0.14,0.26,0.4,0.348,0.652,0.02,0.19,0.21,0.17,0.03,0.083,0.917,0.833,0.167,2021-22
1627745,Damian Jones,1610612758,SAC,27.0,55,18.4,7.96,5.67,2.29,0.98,0.02,2.65,6.13,0.25,0.09,0.35,0.737,0.263,0.15,0.64,0.78,0.69,0.45,0.186,0.814,1.0,0.658,2021-22
203081,Damian Lillard,1610612757,POR,31.0,29,36.4,4.0,1.79,2.21,1.41,0.07,0.14,0.31,0.31,0.24,0.55,0.563,0.438,0.0,0.21,0.21,0.21,0.07,0.0,1.0,1.0,0.333,2021-22
1627814,Damion Lee,1610612744,GSW,29.0,61,20.3,3.74,1.46,2.28,0.95,0.08,0.3,0.74,0.18,0.16,0.34,0.524,0.476,0.0,0.31,0.31,0.28,0.11,0.0,1.0,0.944,0.389,2021-22
1628422,Damyean Dotson,1610612752,NYK,28.0,2,10.3,0.5,0.0,0.5,0.0,0.0,0.0,0.0,0.0,0.0,0.0,0.0,0.0,0.5,0.5,1.0,0.5,0.5,0.5,0.5,0.5,0.5,2021-22
1629655,Daniel Gafford,1610612764,WAS,23.0,72,20.1,8.9,7.25,1.65,1.18,0.01,3.38,7.44,0.29,0.19,0.49,0.6,0.4,0.61,1.31,1.92,1.65,0.85,0.319,0.681,0.96,0.492,2021-22
1630187,Daniel Oturu,1610612761,TOR,22.0,2,12.8,3.5,2.5,1.0,0.5,0.0,1.0,2.5,0.0,0.0,0.0,0.0,0.0,0.0,0.5,0.5,0.5,0.5,0.0,1.0,1.0,1.0,2021-22
1628464,Daniel Theis,1610612738,BOS,30.0,47,20.8,7.85,5.23,2.62,1.04,0.0,2.04,5.11,0.17,0.28,0.45,0.381,0.619,0.43,1.47,1.89,1.62,0.81,0.225,0.775,0.95,0.475,2021-22
201568,Danilo Gallinari,1610612737,ATL,33.0,66,25.3,4.64,2.73,1.91,0.92,0.05,0.95,2.17,0.23,0.23,0.45,0.5,0.5,0.09,0.65,0.74,0.53,0.26,0.122,0.878,0.854,0.415,2021-22
201980,Danny Green,1610612755,PHI,35.0,62,21.8,5.32,3.16,2.16,1.97,0.03,0.34,0.81,0.15,0.29,0.44,0.333,0.667,0.08,0.34,0.42,0.32,0.15,0.192,0.808,0.833,0.375,2021-22
1627863,Danuel House Jr.,1610612762,UTA,29.0,41,17.7,3.8,2.37,1.44,1.0,0.02,0.15,0.37,0.27,0.24,0.51,0.524,0.476,0.0,0.68,0.68,0.51,0.15,0.0,1.0,0.875,0.25,2021-22
1629647,Darius Bazley,1610612760,OKC,22.0,69,27.9,8.7,4.48,4.22,1.17,0.0,1.06,2.29,0.29,0.28,0.57,0.513,0.487,0.03,0.46,0.49,0.39,0.23,0.059,0.941,0.964,0.571,2021-22
1629636,Darius Garland,1610612739,CLE,22.0,68,35.7,3.85,1.74,2.12,1.91,0.04,0.26,0.59,0.68,0.41,1.09,0.622,0.378,0.0,0.25,0.25,0.19,0.07,0.0,1.0,0.929,0.357,2021-22
201954,Darren Collison,1610612747,LAL,34.0,3,12.4,2.0,0.0,2.0,2.0,0.0,0.33,0.67,0.33,0.33,0.67,0.5,0.5,0.0,0.0,0.0,0.0,0.0,0.0,0.0,0.0,0.0,2021-22
1630561,David Duke Jr.,1610612751,BKN,22.0,18,18.6,3.0,1.33,1.67,1.61,0.0,0.22,0.5,0.33,0.33,0.67,0.5,0.5,0.17,0.22,0.39,0.28,0.22,0.429,0.571,0.833,0.667,2021-22
1630525,David Johnson,1610612761,TOR,21.0,1,1.5,1.0,1.0,0.0,0.0,0.0,0.0,0.0,0.0,0.0,0.0,0.0,0.0,0.0,0.0,0.0,0.0,0.0,0.0,0.0,0.0,0.0,2021-22
1628021,David Nwaba,1610612745,HOU,29.0,41,13.7,2.49,1.71,0.78,1.1,0.0,0.29,0.73,0.34,0.12,0.46,0.737,0.263,0.05,0.54,0.59,0.41,0.07,0.083,0.917,0.944,0.167,2021-22
1630558,Davion Mitchell,1610612758,SAC,23.0,75,27.7,4.76,2.13,2.63,1.47,0.16,0.04,0.08,0.31,0.33,0.64,0.479,0.521,0.0,0.56,0.56,0.48,0.08,0.0,1.0,0.923,0.154,2021-22
202722,Davis Bertans,1610612742,DAL,29.0,55,14.4,3.07,2.4,0.67,0.69,0.02,0.4,0.85,0.07,0.11,0.18,0.4,0.6,0.02,0.73,0.75,0.64,0.16,0.024,0.976,0.897,0.231,2021-22
1628432,Davon Reed,1610612743,DEN,27.0,39,16.7,3.69,2.26,1.44,0.95,0.0,0.15,0.36,0.18,0.18,0.36,0.5,0.5,0.03,0.69,0.72,0.67,0.15,0.036,0.964,1.0,0.231,2021-22
1630549,Day'Ron Sharpe,1610612751,BKN,20.0,28,13.7,4.75,3.39,1.36,0.57,0.0,1.79,4.11,0.18,0.11,0.29,0.625,0.375,0.86,1.04,1.89,1.82,1.46,0.453,0.547,0.981,0.788,2021-22
1628368,De'Aaron Fox,1610612758,SAC,24.0,59,35.3,4.75,1.86,2.88,2.53,0.05,0.41,1.0,0.36,0.25,0.61,0.583,0.417,0.0,0.15,0.15,0.14,0.05,0.0,1.0,1.0,0.375,2021-22
1629631,De'Andre Hunter,1610612737,ATL,24.0,53,29.8,6.6,3.53,3.08,1.34,0.02,0.42,0.89,0.21,0.26,0.47,0.44,0.56,0.02,0.75,0.77,0.62,0.19,0.024,0.976,0.943,0.286,2021-22
1629001,De'Anthony Melton,1610612763,MEM,24.0,73,22.7,3.48,1.81,1.67,2.82,0.01,0.34,0.82,0.34,0.42,0.77,0.446,0.554,0.03,0.4,0.42,0.36,0.08,0.065,0.935,0.897,0.207,2021-22
201599,DeAndre Jordan,1610612755,PHI,33.0,48,13.0,3.92,3.0,0.92,0.54,0.0,1.1,2.5,0.08,0.13,0.21,0.4,0.6,0.88,0.75,1.63,1.54,1.33,0.538,0.462,0.987,0.853,2021-22
1627761,DeAndre' Bembry,1610612749,MIL,27.0,51,19.5,2.04,1.22,0.82,2.14,0.0,0.14,0.33,0.31,0.29,0.61,0.516,0.484,0.02,0.22,0.24,0.2,0.08,0.083,0.917,0.909,0.364,2021-22
1630610,DeJon Jarreau,1610612754,IND,24.0,1,0.9,0.0,0.0,0.0,2.0,0.0,0.0,0.0,0.0,0.0,0.0,0.0,0.0,0.0,0.0,0.0,0.0,0.0,0.0,0.0,0.0,0.0,2021-22
201942,DeMar DeRozan,1610612741,CHI,32.0,76,36.1,3.3,1.71,1.59,1.55,0.01,0.09,0.24,0.33,0.26,0.59,0.556,0.444,0.01,0.66,0.67,0.59,0.18,0.02,0.98,0.978,0.304,2021-22
202326,DeMarcus Cousins,1610612743,DEN,31.0,48,14.9,4.85,3.33,1.52,1.48,0.15,1.54,3.71,0.27,0.21,0.48,0.565,0.435,0.5,0.94,1.44,1.29,1.06,0.348,0.652,0.939,0.773,2021-22
1629731,Dean Wade,1610612739,CLE,25.0,48,20.2,4.56,2.98,1.58,1.25,0.0,0.33,0.79,0.19,0.25,0.44,0.429,0.571,0.0,0.77,0.77,0.67,0.19,0.0,1.0,1.0,0.281,2021-22
1629028,Deandre Ayton,1610612756,PHX,23.0,58,29.5,11.36,8.66,2.71,1.0,0.0,5.38,11.6,0.17,0.34,0.52,0.333,0.667,0.31,1.16,1.47,1.22,0.93,0.212,0.788,0.947,0.72,2021-22
1629686,Deividas Sirvydis,1610612765,DET,22.0,3,8.9,1.67,1.0,0.67,1.67,0.0,0.0,0.0,0.0,0.67,0.67,0.0,1.0,0.0,0.33,0.33,0.33,0.0,0.0,1.0,1.0,0.0,2021-22
1627749,Dejounte Murray,1610612759,SAS,25.0,68,34.8,5.13,2.49,2.65,3.99,0.01,0.24,0.51,0.4,0.56,0.96,0.415,0.585,0.07,0.5,0.57,0.46,0.15,0.128,0.872,0.861,0.278,2021-22
1626153,Delon Wright,1610612737,ATL,30.0,75,19.0,2.84,1.6,1.24,1.99,0.03,0.21,0.45,0.31,0.35,0.65,0.469,0.531,0.04,0.31,0.35,0.29,0.07,0.115,0.885,0.957,0.217,2021-22
1630166,Deni Avdija,1610612764,WAS,21.0,82,24.2,6.15,3.88,2.27,1.29,0.0,0.3,0.72,0.26,0.18,0.44,0.583,0.417,0.06,0.37,0.43,0.4,0.23,0.143,0.857,0.971,0.559,2021-22
203471,Dennis Schröder,1610612745,HOU,28.0,64,28.7,3.63,2.03,1.59,1.72,0.09,0.2,0.44,0.44,0.33,0.77,0.571,0.429,0.0,0.38,0.38,0.31,0.06,0.0,1.0,0.909,0.182,2021-22
1628372,Dennis Smith Jr.,1610612757,POR,24.0,35,18.1,3.09,1.26,1.83,2.29,0.03,0.23,0.51,0.23,0.23,0.46,0.5,0.5,0.0,0.11,0.11,0.11,0.03,0.0,1.0,1.0,0.25,2021-22
1627756,Denzel Valentine,1610612762,UTA,28.0,16,12.2,2.19,1.0,1.19,1.25,0.0,0.06,0.19,0.19,0.0,0.19,1.0,0.0,0.13,0.25,0.38,0.38,0.13,0.333,0.667,1.0,0.333,2021-22
202324,Derrick Favors,1610612760,OKC,30.0,39,16.7,5.41,4.0,1.41,0.9,0.0,2.05,4.54,0.28,0.05,0.33,0.846,0.154,0.13,1.72,1.85,1.64,0.77,0.069,0.931,0.985,0.462,2021-22
1627884,Derrick Jones Jr.,1610612741,CHI,25.0,49,18.2,4.53,2.88,1.65,1.37,0.02,1.61,3.59,0.2,0.14,0.35,0.588,0.412,0.1,0.76,0.86,0.65,0.18,0.119,0.881,0.941,0.265,2021-22
201565,Derrick Rose,1610612752,NYK,33.0,26,24.5,3.92,2.0,1.92,1.27,0.04,0.08,0.19,0.5,0.31,0.81,0.619,0.381,0.0,0.31,0.31,0.27,0.12,0.0,1.0,0.875,0.375,2021-22
1628476,Derrick Walton Jr.,1610612765,DET,27.0,3,36.1,5.0,2.33,2.67,4.67,0.0,0.67,1.67,1.33,0.0,1.33,1.0,0.0,0.0,0.0,0.0,0.0,0.0,0.0,0.0,0.0,0.0,2021-22
1628401,Derrick White,1610612738,BOS,27.0,75,29.3,6.69,4.15,2.55,1.59,0.33,0.41,0.93,0.4,0.44,0.84,0.476,0.524,0.0,0.45,0.45,0.39,0.07,0.0,1.0,0.967,0.167,2021-22
1630217,Desmond Bane,1610612763,MEM,24.0,76,29.8,5.64,2.86,2.79,1.79,0.01,0.29,0.61,0.38,0.34,0.72,0.527,0.473,0.01,0.25,0.26,0.22,0.04,0.05,0.95,0.895,0.158,2021-22
1626164,Devin Booker,1610612756,PHX,25.0,68,34.5,5.71,2.94,2.76,1.76,0.01,0.47,1.01,0.5,0.47,0.97,0.515,0.485,0.07,0.71,0.78,0.65,0.18,0.094,0.906,0.936,0.255,2021-22
1629962,Devin Cannady,1610612753,ORL,26.0,5,28.9,3.8,1.0,2.8,2.0,0.0,0.4,1.2,0.0,0.0,0.0,0.0,0.0,0.0,0.6,0.6,0.6,0.0,0.0,1.0,1.0,0.0,2021-22
1630170,Devin Vassell,1610612759,SAS,21.0,71,27.3,4.49,2.75,1.75,1.86,0.03,0.23,0.49,0.18,0.49,0.68,0.271,0.729,0.01,0.37,0.38,0.34,0.11,0.037,0.963,0.923,0.308,2021-22
1629653,Devon Dotson,1610612741,CHI,22.0,8,9.4,1.0,0.75,0.25,0.38,0.0,0.0,0.0,0.13,0.13,0.25,0.5,0.5,0.0,0.25,0.25,0.25,0.0,0.0,1.0,1.0,0.0,2021-22
1629719,Devontae Cacok,1610612759,SAS,25.0,13,8.8,2.08,1.15,0.92,0.77,0.0,0.62,1.31,0.08,0.15,0.23,0.333,0.667,0.08,0.31,0.38,0.38,0.38,0.2,0.8,1.0,1.0,2021-22
1628984,Devonte' Graham,1610612740,NOP,27.0,76,28.4,3.2,0.97,2.22,1.64,0.09,0.49,1.01,0.32,0.38,0.7,0.453,0.547,0.0,0.28,0.28,0.24,0.07,0.0,1.0,1.0,0.278,2021-22
203473,Dewayne Dedmon,1610612748,MIA,32.0,67,15.9,4.9,3.67,1.22,0.85,0.18,1.88,4.4,0.25,0.1,0.36,0.708,0.292,0.48,1.04,1.52,1.37,0.96,0.314,0.686,0.968,0.674,2021-22
1629712,Didi Louzada,1610612757,POR,22.0,8,16.0,3.63,1.5,2.13,1.25,0.13,0.13,0.38,0.0,0.5,0.5,0.0,1.0,0.0,0.13,0.13,0.0,0.0,0.0,1.0,0.0,0.0,2021-22
1628415,Dillon Brooks,1610612763,MEM,26.0,32,27.7,5.44,2.66,2.78,2.28,0.06,0.22,0.56,0.47,0.41,0.88,0.536,0.464,0.06,0.44,0.5,0.5,0.16,0.125,0.875,1.0,0.313,2021-22
1627734,Domantas Sabonis,1610612758,SAC,26.0,62,34.4,8.94,6.6,2.34,1.5,0.02,5.48,12.92,0.58,0.42,1.0,0.581,0.419,0.9,1.48,2.39,2.27,1.84,0.378,0.622,0.972,0.786,2021-22
1628378,Donovan Mitchell,1610612762,UTA,25.0,67,33.8,3.61,1.28,2.33,2.36,0.04,0.1,0.22,0.42,0.54,0.96,0.438,0.563,0.0,0.7,0.7,0.63,0.22,0.0,1.0,0.933,0.333,2021-22
1628978,Donte DiVincenzo,1610612758,SAC,25.0,42,23.9,3.48,1.1,2.38,2.29,0.02,0.29,0.67,0.33,0.38,0.71,0.467,0.533,0.02,0.21,0.24,0.21,0.12,0.1,0.9,1.0,0.556,2021-22
1627827,Dorian Finney-Smith,1610612742,DAL,29.0,80,33.0,7.48,4.7,2.78,2.01,0.0,0.51,1.28,0.43,0.4,0.83,0.515,0.485,0.09,0.95,1.04,0.86,0.28,0.084,0.916,0.92,0.293,2021-22
203926,Doug McDermott,1610612759,SAS,30.0,51,24.0,4.1,2.35,1.75,0.33,0.0,0.2,0.39,0.18,0.12,0.29,0.6,0.4,0.04,0.65,0.69,0.59,0.12,0.057,0.943,0.938,0.188,2021-22
203110,Draymond Green,1610612744,GSW,32.0,45,29.5,8.64,5.16,3.49,2.51,0.18,2.47,6.71,0.38,0.47,0.84,0.447,0.553,0.09,2.04,2.13,1.93,0.87,0.042,0.958,1.0,0.448,2021-22
1629234,Drew Eubanks,1610612757,POR,25.0,70,17.8,5.01,3.37,1.64,0.89,0.1,3.07,6.94,0.17,0.16,0.33,0.522,0.478,0.31,1.13,1.44,1.16,0.66,0.218,0.782,0.931,0.529,2021-22
1630613,Duane Washington Jr.,1610612754,IND,22.0,47,20.6,3.57,1.47,2.11,0.87,0.0,0.15,0.34,0.09,0.13,0.21,0.4,0.6,0.0,0.23,0.23,0.23,0.06,0.0,1.0,1.0,0.273,2021-22
1629130,Duncan Robinson,1610612748,MIA,28.0,79,25.9,5.0,2.62,2.38,0.8,0.14,0.46,0.99,0.25,0.25,0.51,0.5,0.5,0.0,0.63,0.63,0.56,0.1,0.0,1.0,0.898,0.163,2021-22
2730,Dwight Howard,1610612747,LAL,36.0,59,16.4,4.73,3.78,0.95,1.36,0.0,2.0,4.53,0.12,0.15,0.27,0.438,0.563,0.73,0.81,1.54,1.42,1.05,0.473,0.527,0.966,0.713,2021-22
203939,Dwight Powell,1610612742,DAL,30.0,82,21.9,8.1,6.28,1.82,1.09,0.12,3.55,8.06,0.26,0.07,0.33,0.778,0.222,0.65,1.63,2.28,1.9,0.93,0.283,0.717,0.923,0.45,2021-22
1629685,Dylan Windler,1610612739,CLE,25.0,40,11.0,2.13,1.0,1.13,0.75,0.03,0.1,0.2,0.1,0.23,0.33,0.308,0.692,0.03,0.05,0.08,0.08,0.05,0.333,0.667,1.0,0.667,2021-22
202334,Ed Davis,1610612739,CLE,33.0,23,8.1,2.39,1.87,0.52,0.26,0.0,0.87,2.13,0.0,0.17,0.17,0.0,1.0,0.13,0.96,1.09,0.91,0.22,0.12,0.88,0.913,0.217,2021-22
203901,Elfrid Payton,1610612756,PHX,28.0,46,11.6,2.11,0.83,1.28,0.98,0.0,0.22,0.59,0.13,0.15,0.28,0.462,0.538,0.0,0.15,0.15,0.15,0.04,0.0,1.0,1.0,0.286,2021-22
1630190,Elijah Hughes,1610612757,POR,24.0,24,15.5,2.63,0.83,1.79,0.79,0.17,0.04,0.13,0.08,0.13,0.21,0.4,0.6,0.0,0.17,0.17,0.17,0.04,0.0,1.0,1.0,0.25,2021-22
1629150,Emanuel Terry,1610612756,PHX,25.0,2,8.4,2.5,2.5,0.0,0.5,0.0,0.0,0.0,0.0,0.0,0.0,0.0,0.0,0.5,1.5,2.0,1.5,1.5,0.25,0.75,1.0,1.0,2021-22
1626144,Emmanuel Mudiay,1610612758,SAC,26.0,2,5.5,1.0,0.5,0.5,0.5,0.0,0.0,0.0,0.0,0.0,0.0,0.0,0.0,0.0,0.0,0.0,0.0,0.0,0.0,0.0,0.0,0.0,2021-22
202683,Enes Freedom,1610612738,BOS,30.0,33,12.3,3.94,3.06,0.88,0.24,0.0,2.27,5.21,0.09,0.03,0.12,0.75,0.25,0.73,0.79,1.52,1.36,0.82,0.48,0.52,0.978,0.587,2021-22
202339,Eric Bledsoe,1610612757,POR,32.0,53,25.5,3.96,1.98,1.98,1.89,0.09,0.43,1.09,0.36,0.34,0.7,0.514,0.486,0.02,0.43,0.45,0.43,0.13,0.042,0.958,1.0,0.304,2021-22
201569,Eric Gordon,1610612745,HOU,33.0,56,29.4,2.55,1.43,1.13,0.96,0.02,0.34,0.86,0.29,0.2,0.48,0.593,0.407,0.04,0.39,0.43,0.39,0.05,0.083,0.917,0.917,0.125,2021-22
1629672,Eric Paschall,1610612762,UTA,25.0,53,13.2,2.89,1.62,1.26,0.45,0.02,0.55,1.25,0.21,0.13,0.34,0.611,0.389,0.04,0.53,0.57,0.4,0.17,0.067,0.933,0.875,0.375,2021-22
1630647,Eugene Omoruyi,1610612742,DAL,25.0,3,5.3,0.67,0.33,0.33,0.33,0.0,0.33,0.67,1.0,0.0,1.0,1.0,0.0,0.0,0.33,0.33,0.0,0.0,0.0,1.0,0.0,0.0,2021-22
203095,Evan Fournier,1610612752,NYK,29.0,79,29.7,3.87,1.86,2.01,1.73,0.01,0.15,0.35,0.34,0.38,0.72,0.474,0.526,0.03,0.41,0.43,0.38,0.13,0.059,0.941,0.938,0.313,2021-22
1630596,Evan Mobley,1610612739,CLE,21.0,69,33.8,12.3,8.65,3.65,1.55,0.0,2.33,5.35,0.48,0.45,0.93,0.516,0.484,0.26,1.45,1.71,1.54,0.84,0.153,0.847,0.991,0.542,2021-22
1630267,Facundo Campazzo,1610612743,DEN,31.0,55,21.0,2.67,1.36,1.31,2.33,0.15,0.15,0.33,0.33,0.27,0.6,0.545,0.455,0.0,0.18,0.18,0.15,0.07,0.0,1.0,0.889,0.444,2021-22
1630624,Feron Hunt,1610612752,NYK,22.0,2,4.2,1.5,1.0,0.5,0.5,0.0,0.0,0.0,0.0,0.5,0.5,0.0,1.0,0.0,0.5,0.5,0.5,0.0,0.0,1.0,1.0,0.0,2021-22
1628402,Frank Jackson,1610612765,DET,24.0,52,22.1,3.75,2.31,1.44,1.02,0.02,0.06,0.12,0.15,0.17,0.33,0.471,0.529,0.0,0.19,0.19,0.17,0.08,0.0,1.0,0.9,0.4,2021-22
1626163,Frank Kaminsky,1610612756,PHX,29.0,9,20.1,7.22,6.67,0.56,1.33,0.0,4.0,8.89,0.22,0.22,0.44,0.5,0.5,0.11,2.0,2.11,1.89,0.67,0.053,0.947,1.0,0.353,2021-22
1628373,Frank Ntilikina,1610612742,DAL,23.0,47,13.7,2.94,1.6,1.34,0.87,0.06,0.09,0.23,0.17,0.11,0.28,0.615,0.385,0.02,0.38,0.4,0.4,0.15,0.053,0.947,1.0,0.368,2021-22
1630532,Franz Wagner,1610612753,ORL,20.0,77,31.5,5.84,3.1,2.74,1.91,0.03,0.29,0.68,0.39,0.36,0.75,0.517,0.483,0.03,0.51,0.53,0.48,0.18,0.049,0.951,0.974,0.368,2021-22
1627832,Fred VanVleet,1610612761,TOR,28.0,65,37.9,5.09,2.11,2.98,3.91,0.02,0.54,1.2,0.37,0.71,1.08,0.343,0.657,0.03,0.66,0.69,0.62,0.23,0.044,0.956,0.909,0.341,2021-22
1630273,Freddie Gillespie,1610612753,ORL,25.0,9,13.2,6.67,4.44,2.22,1.78,0.11,1.78,3.78,0.0,0.11,0.11,0.0,1.0,0.22,0.89,1.11,0.78,0.67,0.2,0.8,1.0,0.857,2021-22
1627788,Furkan Korkmaz,1610612755,PHI,24.0,61,22.5,3.15,1.74,1.41,1.21,0.03,0.21,0.51,0.21,0.34,0.56,0.382,0.618,0.0,0.21,0.21,0.15,0.07,0.0,1.0,0.818,0.364,2021-22
1629216,Gabe Vincent,1610612748,MIA,26.0,65,24.2,4.82,1.97,2.85,1.91,0.12,0.42,1.08,0.23,0.37,0.6,0.385,0.615,0.0,0.62,0.62,0.55,0.11,0.0,1.0,0.947,0.184,2021-22
1628221,Gabe York,1610612754,IND,28.0,2,10.7,0.5,0.5,0.0,1.5,0.0,0.0,0.0,0.0,0.0,0.0,0.0,0.0,0.0,0.0,0.0,0.0,0.0,0.0,0.0,0.0,0.0,2021-22
1630466,Gabriel Deck,1610612760,OKC,27.0,6,9.0,3.17,1.33,1.83,0.33,0.0,0.0,0.0,0.17,0.0,0.17,1.0,0.0,0.0,0.17,0.17,0.17,0.0,0.0,1.0,1.0,0.0,2021-22
1630994,Gabriel Lundberg,1610612756,PHX,27.0,4,11.1,1.25,0.75,0.5,1.5,0.0,0.25,0.75,0.25,0.25,0.5,0.5,0.5,0.0,0.0,0.0,0.0,0.0,0.0,0.0,0.0,0.0,2021-22
202066,Garrett Temple,1610612740,NOP,36.0,58,18.8,3.74,2.0,1.74,1.59,0.02,0.19,0.45,0.19,0.33,0.52,0.367,0.633,0.05,0.36,0.41,0.36,0.16,0.125,0.875,1.0,0.429,2021-22
1629726,Garrison Mathews,1610612745,HOU,25.0,65,26.3,3.75,2.09,1.66,1.4,0.38,0.18,0.42,0.18,0.2,0.38,0.48,0.52,0.02,0.57,0.58,0.46,0.14,0.026,0.974,0.909,0.273,2021-22
1629109,Gary Clark,1610612740,NOP,27.0,34,10.6,1.85,0.91,0.94,0.59,0.03,0.24,0.59,0.12,0.15,0.26,0.444,0.556,0.06,0.62,0.68,0.56,0.35,0.087,0.913,1.0,0.632,2021-22
203914,Gary Harris,1610612753,ORL,27.0,61,28.4,2.84,1.0,1.84,1.75,0.02,0.08,0.2,0.26,0.38,0.64,0.41,0.59,0.0,0.31,0.31,0.28,0.03,0.0,1.0,0.895,0.105,2021-22
1627780,Gary Payton II,1610612744,GSW,29.0,71,17.6,2.94,1.44,1.51,2.54,0.0,0.49,1.28,0.2,0.32,0.52,0.378,0.622,0.17,0.31,0.48,0.44,0.28,0.353,0.647,0.969,0.625,2021-22
1629018,Gary Trent Jr.,1610612761,TOR,23.0,70,35.0,2.94,1.2,1.74,3.4,0.01,0.14,0.3,0.23,0.67,0.9,0.254,0.746,0.01,0.16,0.17,0.14,0.04,0.083,0.917,1.0,0.3,2021-22
201588,George Hill,1610612749,MIL,36.0,54,23.2,4.5,2.09,2.41,1.09,0.06,0.28,0.67,0.31,0.37,0.69,0.459,0.541,0.11,0.54,0.65,0.56,0.15,0.171,0.829,0.938,0.25,2021-22
1628994,George King,1610612742,DAL,28.0,4,4.8,1.25,1.25,0.0,0.0,0.0,0.0,0.0,0.0,0.0,0.0,0.0,0.0,0.0,0.75,0.75,0.75,0.75,0.0,1.0,1.0,1.0,2021-22
1627777,Georges Niang,1610612755,PHI,29.0,76,22.8,4.89,2.91,1.99,0.7,0.04,0.67,1.49,0.22,0.18,0.41,0.548,0.452,0.04,0.62,0.66,0.57,0.14,0.06,0.94,0.977,0.25,2021-22
1630686,Georgios Kalaitzakis,1610612760,OKC,23.0,8,26.0,3.88,1.38,2.5,1.88,0.0,0.25,0.5,0.13,0.0,0.13,1.0,0.0,0.0,0.25,0.25,0.13,0.13,0.0,1.0,1.0,1.0,2021-22
203507,Giannis Antetokounmpo,1610612749,MIL,27.0,67,32.9,9.13,5.7,3.43,1.72,0.01,2.18,5.3,0.58,0.37,0.96,0.609,0.391,0.43,1.09,1.52,1.34,1.0,0.284,0.716,0.978,0.728,2021-22
1629048,Goga Bitadze,1610612754,IND,22.0,44,16.1,6.11,4.68,1.43,1.0,0.02,1.82,4.02,0.32,0.18,0.5,0.636,0.364,0.41,1.02,1.43,1.27,0.66,0.286,0.714,0.982,0.509,2021-22
201609,Goran Dragic,1610612751,BKN,36.0,21,23.7,2.95,2.0,0.95,1.29,0.14,0.52,1.24,0.19,0.43,0.62,0.308,0.692,0.05,0.1,0.14,0.14,0.05,0.333,0.667,1.0,0.333,2021-22
202330,Gordon Hayward,1610612766,CHA,32.0,49,31.9,5.31,3.1,2.2,1.33,0.02,0.63,1.59,0.47,0.37,0.84,0.561,0.439,0.12,0.49,0.61,0.61,0.24,0.2,0.8,1.0,0.4,2021-22
203476,Gorgui Dieng,1610612737,ATL,32.0,39,9.1,3.69,2.79,0.9,0.9,0.05,1.05,2.44,0.1,0.03,0.13,0.8,0.2,0.28,0.64,0.92,0.87,0.62,0.306,0.694,0.971,0.686,2021-22
1629684,Grant Williams,1610612738,BOS,23.0,77,24.4,7.32,4.7,2.62,1.03,0.08,0.9,2.13,0.21,0.26,0.47,0.444,0.556,0.17,1.32,1.49,1.17,0.4,0.113,0.887,0.918,0.316,2021-22
1628960,Grayson Allen,1610612749,MIL,26.0,66,27.3,5.41,2.24,3.17,1.45,0.05,0.26,0.58,0.29,0.39,0.68,0.422,0.578,0.03,0.45,0.48,0.45,0.17,0.063,0.938,0.938,0.344,2021-22
1630535,Greg Brown III,1610612757,POR,20.0,42,15.0,4.55,2.14,2.4,0.79,0.12,0.55,1.24,0.21,0.1,0.31,0.692,0.308,0.02,0.5,0.52,0.5,0.21,0.045,0.955,0.955,0.409,2021-22
202328,Greg Monroe,1610612750,MIN,32.0,14,13.9,4.07,2.5,1.57,1.21,0.0,1.86,4.29,0.29,0.07,0.36,0.8,0.2,0.57,0.71,1.29,1.0,0.57,0.444,0.556,0.875,0.5,2021-22
1628977,Hamidou Diallo,1610612765,DET,23.0,58,21.9,3.64,2.19,1.45,2.16,0.0,0.17,0.47,0.33,0.5,0.83,0.396,0.604,0.05,0.31,0.36,0.31,0.17,0.143,0.857,0.947,0.526,2021-22
203084,Harrison Barnes,1610612758,SAC,30.0,77,33.6,6.7,3.96,2.74,0.95,0.01,0.55,1.27,0.31,0.3,0.61,0.511,0.489,0.1,0.88,0.99,0.91,0.45,0.105,0.895,0.972,0.486,2021-22
202355,Hassan Whiteside,1610612762,UTA,33.0,64,18.1,8.41,7.02,1.39,0.58,0.03,3.08,7.23,0.17,0.27,0.44,0.393,0.607,0.94,0.52,1.45,1.27,1.03,0.645,0.355,0.931,0.759,2021-22
1629755,Hassani Gravett,1610612753,ORL,25.0,8,21.4,3.63,1.63,2.0,0.5,0.0,0.25,0.5,0.0,0.0,0.0,0.0,0.0,0.0,0.38,0.38,0.13,0.0,0.0,1.0,0.333,0.0,2021-22
1629312,Haywood Highsmith,1610612748,MIA,25.0,15,10.0,2.2,1.2,1.0,0.6,0.0,0.2,0.6,0.13,0.13,0.27,0.5,0.5,0.07,0.47,0.53,0.4,0.27,0.125,0.875,1.0,0.667,2021-22
1630529,Herbert Jones,1610612740,NOP,23.0,77,30.3,6.95,3.38,3.57,3.16,0.1,0.39,0.94,0.43,0.34,0.77,0.559,0.441,0.03,0.92,0.95,0.77,0.12,0.027,0.973,0.922,0.141,2021-22
1629649,Ignas Brazdeikis,1610612753,ORL,23.0,34,14.6,3.0,1.71,1.29,0.38,0.0,0.09,0.21,0.21,0.15,0.35,0.583,0.417,0.03,0.29,0.32,0.26,0.06,0.091,0.909,0.9,0.2,2021-22
1630193,Immanuel Quickley,1610612752,NYK,23.0,77,23.3,4.65,2.14,2.51,1.14,0.01,0.18,0.42,0.23,0.26,0.49,0.474,0.526,0.0,0.35,0.35,0.34,0.05,0.0,1.0,0.963,0.148,2021-22
1629067,Isaac Bonga,1610612761,TOR,22.0,10,6.1,2.6,1.4,1.2,0.8,0.0,0.5,1.2,0.0,0.1,0.1,0.0,1.0,0.0,0.6,0.6,0.5,0.1,0.0,1.0,1.0,0.2,2021-22
1630171,Isaac Okoro,1610612739,CLE,21.0,67,29.6,4.79,3.13,1.66,1.37,0.07,0.19,0.51,0.39,0.28,0.67,0.578,0.422,0.03,0.52,0.55,0.48,0.06,0.054,0.946,0.889,0.111,2021-22
1628392,Isaiah Hartenstein,1610612746,LAC,24.0,68,17.9,8.78,6.88,1.9,1.07,0.07,2.41,5.57,0.18,0.12,0.29,0.6,0.4,0.34,1.04,1.38,1.12,0.59,0.245,0.755,0.974,0.513,2021-22
1630543,Isaiah Jackson,1610612754,IND,20.0,36,15.0,6.53,5.11,1.42,1.14,0.0,1.83,4.14,0.17,0.08,0.25,0.667,0.333,0.25,0.81,1.06,0.97,0.64,0.237,0.763,1.0,0.657,2021-22
1630198,Isaiah Joe,1610612755,PHI,22.0,39,13.9,2.41,1.23,1.18,0.67,0.1,0.08,0.18,0.13,0.18,0.31,0.417,0.583,0.0,0.26,0.26,0.23,0.05,0.0,1.0,0.9,0.2,2021-22
1630587,Isaiah Livers,1610612765,DET,23.0,18,21.0,5.61,3.44,2.17,1.83,0.0,0.28,0.67,0.33,0.33,0.67,0.5,0.5,0.0,0.78,0.78,0.61,0.39,0.0,1.0,1.0,0.636,2021-22
1629676,Isaiah Roby,1610612760,OKC,24.0,44,21.5,7.14,5.2,1.93,1.7,0.02,1.95,4.43,0.5,0.23,0.73,0.688,0.313,0.18,1.07,1.25,1.05,0.48,0.145,0.855,0.979,0.447,2021-22
1630191,Isaiah Stewart,1610612765,DET,21.0,71,25.6,11.72,8.69,3.03,0.65,0.0,3.32,7.28,0.18,0.13,0.31,0.591,0.409,1.07,1.18,2.25,2.04,1.45,0.475,0.525,0.948,0.673,2021-22
202738,Isaiah Thomas,1610612766,CHA,33.0,18,16.4,2.17,1.0,1.17,0.67,0.0,0.56,1.33,0.11,0.22,0.33,0.333,0.667,0.0,0.11,0.11,0.11,0.06,0.0,1.0,1.0,0.5,2021-22
1630225,Isaiah Todd,1610612764,WAS,20.0,10,6.9,1.4,0.8,0.6,0.2,0.0,0.3,0.6,0.0,0.0,0.0,0.0,0.0,0.0,0.1,0.1,0.1,0.1,0.0,1.0,1.0,1.0,2021-22
202397,Ish Smith,1610612764,WAS,33.0,59,18.3,2.25,1.19,1.07,1.19,0.07,0.24,0.63,0.22,0.41,0.63,0.351,0.649,0.0,0.2,0.2,0.19,0.07,0.0,1.0,1.0,0.364,2021-22
1630688,Ish Wainright,1610612756,PHX,27.0,35,9.4,1.77,0.74,1.03,0.83,0.09,0.29,0.69,0.14,0.17,0.31,0.455,0.545,0.09,0.51,0.6,0.49,0.11,0.143,0.857,1.0,0.235,2021-22
1627826,Ivica Zubac,1610612746,LAC,25.0,76,24.4,10.91,8.45,2.46,0.68,0.01,4.21,9.5,0.3,0.17,0.47,0.639,0.361,0.87,1.74,2.61,2.41,1.66,0.333,0.667,0.989,0.681,2021-22
1630550,JT Thor,1610612766,CHA,19.0,25,9.7,4.08,2.28,1.8,0.56,0.0,0.12,0.28,0.08,0.08,0.16,0.5,0.5,0.0,0.2,0.2,0.16,0.12,0.0,1.0,1.0,0.75,2021-22
1629630,Ja Morant,1610612763,MEM,22.0,57,33.1,3.37,1.46,1.91,2.0,0.02,0.32,0.72,0.47,0.6,1.07,0.443,0.557,0.0,0.16,0.16,0.12,0.04,0.0,1.0,1.0,0.286,2021-22
203210,JaMychal Green,1610612743,DEN,32.0,66,16.4,3.89,2.35,1.55,1.2,0.09,1.24,3.14,0.03,0.12,0.15,0.2,0.8,0.47,0.91,1.38,1.08,0.64,0.341,0.659,0.899,0.532,2021-22
1630605,JaQuori McLaughlin,1610612742,DAL,24.0,2,3.2,0.5,0.5,0.0,0.0,0.0,0.0,0.0,0.5,0.0,0.5,1.0,0.0,0.0,0.0,0.0,0.0,0.0,0.0,0.0,0.0,0.0,2021-22
201580,JaVale McGee,1610612756,PHX,34.0,74,15.8,5.96,4.66,1.3,0.49,0.0,2.39,5.11,0.22,0.08,0.3,0.727,0.273,0.51,0.82,1.34,1.14,0.78,0.384,0.616,0.977,0.674,2021-22
203953,Jabari Parker,1610612738,BOS,27.0,11,10.0,3.36,2.36,1.0,0.73,0.0,0.36,0.73,0.0,0.18,0.18,0.0,1.0,0.09,0.64,0.73,0.55,0.27,0.125,0.875,1.0,0.5,2021-22
1630183,Jaden McDaniels,1610612750,MIN,21.0,70,25.8,7.43,4.4,3.03,1.63,0.01,0.27,0.67,0.39,0.36,0.74,0.519,0.481,0.09,0.61,0.7,0.64,0.31,0.122,0.878,0.978,0.478,2021-22
1630531,Jaden Springer,1610612755,PHI,19.0,2,2.8,1.0,1.0,0.0,0.5,0.0,0.0,0.0,0.0,0.0,0.0,0.0,0.0,0.0,0.0,0.0,0.0,0.0,0.0,0.0,0.0,0.0,2021-22
203109,Jae Crowder,1610612756,PHX,31.0,67,28.1,6.07,3.15,2.93,2.24,0.03,1.01,2.37,0.24,0.36,0.6,0.4,0.6,0.06,0.87,0.93,0.81,0.45,0.065,0.935,0.964,0.536,2021-22
1630256,Jae'Sean Tate,1610612745,HOU,26.0,78,26.4,5.71,3.35,2.36,1.5,0.23,0.78,2.0,0.42,0.44,0.86,0.493,0.507,0.33,1.24,1.58,1.23,0.55,0.211,0.789,0.873,0.391,2021-22
1630186,Jahmi'us Ramsey,1610612758,SAC,21.0,11,10.5,1.91,1.0,0.91,0.09,0.0,0.0,0.0,0.27,0.09,0.36,0.75,0.25,0.0,0.09,0.09,0.09,0.0,0.0,1.0,1.0,0.0,2021-22
1627774,Jake Layman,1610612750,MIN,28.0,25,8.1,1.84,0.88,0.96,0.36,0.0,0.04,0.08,0.08,0.12,0.2,0.4,0.6,0.0,0.4,0.4,0.36,0.12,0.0,1.0,1.0,0.333,2021-22
1627751,Jakob Poeltl,1610612759,SAS,26.0,68,29.0,14.19,11.53,2.66,1.74,0.03,5.46,12.03,0.37,0.28,0.65,0.568,0.432,0.74,1.66,2.4,2.18,1.24,0.307,0.693,0.993,0.564,2021-22
1628973,Jalen Brunson,1610612742,DAL,25.0,79,31.9,3.73,1.33,2.41,1.03,0.22,0.35,0.85,0.27,0.34,0.61,0.438,0.563,0.01,0.53,0.54,0.49,0.13,0.023,0.977,0.951,0.244,2021-22
1630224,Jalen Green,1610612745,HOU,20.0,66,32.0,4.61,2.36,2.24,1.32,0.05,0.12,0.27,0.32,0.32,0.64,0.5,0.5,0.0,0.05,0.05,0.03,0.0,0.0,1.0,0.667,0.0,2021-22
1630552,Jalen Johnson,1610612737,ATL,20.0,16,6.6,1.56,0.81,0.75,0.31,0.0,0.13,0.38,0.06,0.0,0.06,1.0,0.0,0.0,0.25,0.25,0.25,0.19,0.0,1.0,1.0,0.75,2021-22
1629667,Jalen McDaniels,1610612766,CHA,24.0,52,17.1,5.13,2.6,2.54,1.04,0.02,0.31,0.65,0.15,0.15,0.31,0.5,0.5,0.0,0.63,0.63,0.56,0.23,0.0,1.0,0.967,0.4,2021-22
1630188,Jalen Smith,1610612754,IND,22.0,50,18.5,6.16,4.14,2.02,0.34,0.02,1.64,3.62,0.18,0.12,0.3,0.6,0.4,0.56,0.74,1.3,1.14,0.82,0.431,0.569,0.95,0.683,2021-22
1630591,Jalen Suggs,1610612753,ORL,21.0,48,27.2,4.85,2.54,2.31,2.48,0.17,0.29,0.71,0.35,0.33,0.69,0.515,0.485,0.0,0.25,0.25,0.19,0.04,0.0,1.0,0.9,0.2,2021-22
1630547,James Bouknight,1610612766,CHA,21.0,20,13.8,2.1,0.9,1.2,0.65,0.0,0.0,0.0,0.35,0.25,0.6,0.583,0.417,0.1,0.25,0.35,0.3,0.1,0.286,0.714,1.0,0.333,2021-22
203516,James Ennis III,1610612743,DEN,31.0,6,8.5,1.5,0.5,1.0,0.67,0.0,0.33,0.67,0.33,0.0,0.33,1.0,0.0,0.33,0.33,0.67,0.5,0.33,0.5,0.5,1.0,0.667,2021-22
201935,James Harden,1610612755,PHI,32.0,65,37.2,4.86,2.42,2.45,2.14,0.03,0.46,1.05,0.35,0.46,0.82,0.434,0.566,0.05,0.78,0.83,0.72,0.37,0.056,0.944,0.979,0.5,2021-22
201949,James Johnson,1610612751,BKN,35.0,62,19.2,4.89,2.55,2.34,1.06,0.02,0.82,2.06,0.21,0.1,0.31,0.684,0.316,0.08,0.68,0.76,0.73,0.37,0.106,0.894,0.978,0.5,2021-22
1630691,Jamorko Pickett,1610612765,DET,24.0,10,16.8,5.5,3.8,1.7,0.5,0.0,0.3,0.6,0.2,0.1,0.3,0.667,0.333,0.0,0.3,0.3,0.3,0.1,0.0,1.0,1.0,0.333,2021-22
1630215,Jared Butler,1610612762,UTA,21.0,32,10.6,1.72,0.78,0.94,0.75,0.0,0.06,0.13,0.03,0.06,0.09,0.333,0.667,0.0,0.13,0.13,0.13,0.13,0.0,1.0,1.0,1.0,2021-22
1629607,Jared Harper,1610612740,NOP,24.0,4,10.0,2.5,1.0,1.5,0.75,0.0,0.0,0.0,0.25,0.25,0.5,0.5,0.5,0.0,0.0,0.0,0.0,0.0,0.0,0.0,0.0,0.0,2021-22
1628991,Jaren Jackson Jr.,1610612763,MEM,22.0,78,27.3,9.86,6.92,2.94,1.74,0.0,0.88,1.97,0.45,0.36,0.81,0.556,0.444,0.14,1.14,1.28,1.09,0.46,0.11,0.89,0.988,0.419,2021-22
1629020,Jarred Vanderbilt,1610612750,MIN,23.0,74,25.4,5.61,3.51,2.09,2.72,0.01,1.11,2.74,0.31,0.59,0.91,0.343,0.657,0.26,0.41,0.66,0.58,0.36,0.388,0.612,1.0,0.628,2021-22
1628386,Jarrett Allen,1610612739,CLE,24.0,56,32.3,11.79,9.11,2.68,1.38,0.0,3.46,7.68,0.59,0.32,0.91,0.647,0.353,0.66,1.71,2.38,2.14,1.54,0.278,0.722,1.0,0.717,2021-22
1629633,Jarrett Culver,1610612763,MEM,23.0,30,10.2,1.83,0.67,1.17,1.4,0.0,0.03,0.07,0.23,0.07,0.3,0.778,0.222,0.0,0.13,0.13,0.13,0.03,0.0,1.0,1.0,0.25,2021-22
1629600,Jarron Cumberland,1610612757,POR,24.0,2,5.3,0.5,0.5,0.0,0.5,0.0,0.0,0.0,0.0,0.0,0.0,0.0,0.0,0.0,0.0,0.0,0.0,0.0,0.0,0.0,0.0,0.0,2021-22
1629602,Javin DeLaurier,1610612749,MIL,24.0,1,2.8,1.0,1.0,0.0,1.0,0.0,2.0,5.0,0.0,0.0,0.0,0.0,0.0,0.0,0.0,0.0,0.0,0.0,0.0,0.0,0.0,0.0,2021-22
1629750,Javonte Green,1610612741,CHI,28.0,65,23.4,4.34,2.51,1.83,2.12,0.05,0.57,1.31,0.34,0.42,0.75,0.449,0.551,0.11,0.55,0.66,0.57,0.28,0.163,0.837,0.902,0.439,2021-22
1630606,Javonte Smart,1610612748,MIA,23.0,13,14.8,2.77,1.15,1.62,0.77,0.0,0.0,0.0,0.15,0.15,0.31,0.5,0.5,0.0,0.15,0.15,0.08,0.0,0.0,1.0,0.5,0.0,2021-22
1629637,Jaxson Hayes,1610612740,NOP,22.0,69,20.2,6.13,4.09,2.04,1.16,0.0,1.01,2.26,0.25,0.22,0.46,0.531,0.469,0.12,0.78,0.9,0.77,0.39,0.129,0.871,0.946,0.482,2021-22
1630643,Jay Huff,1610612747,LAL,24.0,4,5.1,2.0,1.5,0.5,0.75,0.0,0.5,1.25,0.0,0.25,0.25,0.0,1.0,0.0,0.5,0.5,0.5,0.0,0.0,1.0,1.0,0.0,2021-22
1630206,Jay Scrubb,1610612746,LAC,21.0,11,8.9,1.73,0.91,0.82,1.0,0.09,0.09,0.18,0.18,0.18,0.36,0.5,0.5,0.0,0.09,0.09,0.09,0.0,0.0,1.0,1.0,0.0,2021-22
1627759,Jaylen Brown,1610612738,BOS,25.0,66,33.6,5.5,2.7,2.8,1.77,0.03,0.14,0.29,0.55,0.33,0.88,0.621,0.379,0.11,0.79,0.89,0.76,0.36,0.119,0.881,0.962,0.462,2021-22
1629658,Jaylen Hoard,1610612760,OKC,23.0,7,34.2,7.71,4.57,3.14,1.71,0.0,1.0,2.29,0.57,0.29,0.86,0.667,0.333,0.57,0.29,0.86,0.86,0.71,0.667,0.333,1.0,0.833,2021-22
1628537,Jaylen Morris,1610612759,SAS,26.0,3,5.3,1.67,0.33,1.33,0.0,0.0,0.0,0.0,0.33,0.0,0.33,1.0,0.0,0.0,0.0,0.0,0.0,0.0,0.0,0.0,0.0,0.0,2021-22
1629669,Jaylen Nowell,1610612750,MIN,22.0,57,16.8,2.37,1.21,1.16,0.75,0.04,0.07,0.18,0.12,0.12,0.25,0.5,0.5,0.0,0.18,0.18,0.18,0.07,0.0,1.0,1.0,0.4,2021-22
1628369,Jayson Tatum,1610612738,BOS,24.0,76,35.9,5.43,2.84,2.59,1.54,0.0,0.5,1.16,0.51,0.37,0.88,0.582,0.418,0.01,0.37,0.38,0.34,0.2,0.034,0.966,0.963,0.556,2021-22
1630288,Jeff Dowtin Jr.,1610612753,ORL,25.0,6,16.5,2.67,0.83,1.83,1.0,0.0,0.17,0.33,0.0,0.33,0.33,0.0,1.0,0.0,0.0,0.0,0.0,0.0,0.0,0.0,0.0,0.0,2021-22
201145,Jeff Green,1610612743,DEN,35.0,75,24.7,6.39,3.52,2.87,0.57,0.15,0.72,1.79,0.08,0.16,0.24,0.333,0.667,0.05,0.61,0.67,0.55,0.2,0.08,0.92,0.932,0.341,2021-22
1629203,Jemerrio Jones,1610612747,LAL,27.0,2,7.4,0.5,0.5,0.0,0.5,0.0,0.0,0.0,0.5,0.5,1.0,0.5,0.5,0.0,0.0,0.0,0.0,0.0,0.0,0.0,0.0,0.0,2021-22
203924,Jerami Grant,1610612765,DET,28.0,47,31.9,5.66,3.57,2.09,1.64,0.11,0.49,1.11,0.13,0.13,0.26,0.5,0.5,0.04,1.09,1.13,0.94,0.19,0.038,0.962,0.957,0.196,2021-22
1630526,Jeremiah Robinson-Earl,1610612760,OKC,21.0,49,22.2,7.0,4.45,2.55,0.73,0.1,1.98,4.35,0.33,0.31,0.63,0.516,0.484,0.27,1.37,1.63,1.41,0.76,0.163,0.838,0.986,0.529,2021-22
203087,Jeremy Lamb,1610612758,SAC,30.0,53,17.1,2.68,1.26,1.42,1.19,0.0,0.15,0.34,0.09,0.21,0.3,0.313,0.688,0.0,0.11,0.11,0.11,0.04,0.0,1.0,1.0,0.333,2021-22
1630579,Jericho Sims,1610612752,NYK,23.0,39,14.2,4.33,3.44,0.9,0.44,0.0,1.85,4.41,0.23,0.08,0.31,0.75,0.25,0.74,1.64,2.38,2.1,1.1,0.312,0.688,0.988,0.518,2021-22
1628975,Jevon Carter,1610612749,MIL,26.0,56,15.3,2.32,0.98,1.34,1.36,0.0,0.18,0.43,0.2,0.3,0.5,0.393,0.607,0.0,0.13,0.13,0.11,0.05,0.0,1.0,0.857,0.429,2021-22
202710,Jimmy Butler III,1610612748,MIA,32.0,57,33.9,3.77,2.02,1.75,2.61,0.09,0.77,2.0,0.67,0.47,1.14,0.585,0.415,0.32,0.79,1.11,1.02,0.51,0.286,0.714,0.951,0.475,2021-22
1629111,Jock Landale,1610612759,SAS,26.0,46,12.5,4.48,3.22,1.26,0.35,0.0,1.2,2.52,0.09,0.11,0.2,0.444,0.556,0.54,1.09,1.63,1.33,0.7,0.333,0.667,0.968,0.508,2021-22
203925,Joe Harris,1610612751,BKN,30.0,14,30.2,6.43,4.21,2.21,0.79,0.0,0.5,1.0,0.29,0.71,1.0,0.286,0.714,0.07,0.57,0.64,0.57,0.0,0.111,0.889,0.889,0.0,2021-22
204060,Joe Ingles,1610612757,POR,34.0,45,24.9,2.64,0.91,1.73,1.02,0.0,0.36,0.84,0.18,0.11,0.29,0.615,0.385,0.0,0.51,0.51,0.42,0.16,0.0,1.0,1.0,0.368,2021-22
2207,Joe Johnson,1610612738,BOS,41.0,1,2.0,1.0,0.0,1.0,0.0,0.0,0.0,0.0,0.0,0.0,0.0,0.0,0.0,0.0,0.0,0.0,0.0,0.0,0.0,0.0,0.0,0.0,2021-22
1630580,Joe Wieskamp,1610612759,SAS,22.0,20,8.7,1.5,0.6,0.9,0.4,0.0,0.0,0.0,0.15,0.05,0.2,0.75,0.25,0.0,0.15,0.15,0.15,0.05,0.0,1.0,1.0,0.333,2021-22
1630555,Joel Ayayi,1610612764,WAS,22.0,3,3.7,0.67,0.0,0.67,0.0,0.0,0.0,0.0,0.33,0.0,0.33,1.0,0.0,0.0,0.0,0.0,0.0,0.0,0.0,0.0,0.0,0.0,2021-22
203954,Joel Embiid,1610612755,PHI,28.0,68,33.8,9.51,7.57,1.94,1.66,0.01,3.24,7.22,0.54,0.56,1.1,0.493,0.507,0.56,2.06,2.62,2.38,1.75,0.213,0.787,0.982,0.721,2021-22
1628381,John Collins,1610612737,ATL,24.0,54,30.8,9.87,6.19,3.69,1.07,0.26,2.28,5.22,0.26,0.22,0.48,0.538,0.462,0.37,1.41,1.78,1.52,0.83,0.208,0.792,0.953,0.523,2021-22
1629723,John Konchar,1610612763,MEM,26.0,72,17.9,3.58,1.75,1.83,1.33,0.03,0.08,0.18,0.31,0.38,0.68,0.449,0.551,0.01,0.33,0.35,0.32,0.06,0.04,0.96,1.0,0.174,2021-22
1630257,Jon Teske,1610612763,MEM,25.0,3,2.6,0.67,0.33,0.33,0.33,0.0,0.33,0.67,0.0,0.0,0.0,0.0,0.0,0.0,1.0,1.0,1.0,0.33,0.0,1.0,1.0,0.333,2021-22
202685,Jonas Valanciunas,1610612740,NOP,30.0,74,30.3,9.62,7.61,2.01,0.99,0.0,3.91,8.73,0.35,0.27,0.62,0.565,0.435,1.24,2.27,3.51,3.11,2.24,0.354,0.646,0.962,0.695,2021-22
1630228,Jonathan Kuminga,1610612744,GSW,19.0,63,18.5,5.17,2.97,2.21,0.84,0.02,0.63,1.6,0.24,0.21,0.44,0.536,0.464,0.06,0.7,0.76,0.67,0.25,0.083,0.917,0.933,0.356,2021-22
1628395,Jordan Bell,1610612741,CHI,27.0,1,2.0,0.0,0.0,0.0,1.0,0.0,0.0,0.0,0.0,0.0,0.0,0.0,0.0,0.0,0.0,0.0,0.0,0.0,0.0,0.0,0.0,0.0,2021-22
203903,Jordan Clarkson,1610612762,UTA,30.0,79,27.1,3.9,1.42,2.48,1.24,0.0,0.18,0.41,0.35,0.3,0.66,0.538,0.462,0.03,0.33,0.35,0.3,0.1,0.071,0.929,0.96,0.32,2021-22
1630692,Jordan Goodwin,1610612764,WAS,23.0,1,2.9,3.0,1.0,2.0,0.0,0.0,0.0,0.0,0.0,0.0,0.0,0.0,0.0,0.0,0.0,0.0,0.0,0.0,0.0,0.0,0.0,0.0,2021-22
1629162,Jordan McLaughlin,1610612750,MIN,26.0,56,15.7,3.05,1.54,1.52,1.96,0.04,0.25,0.68,0.14,0.27,0.41,0.348,0.652,0.0,0.2,0.2,0.18,0.07,0.0,1.0,0.909,0.364,2021-22
1629670,Jordan Nwora,1610612749,MIL,23.0,56,20.8,3.93,1.68,2.25,0.91,0.0,0.13,0.29,0.29,0.18,0.46,0.615,0.385,0.02,0.14,0.16,0.13,0.04,0.111,0.889,1.0,0.286,2021-22
1629673,Jordan Poole,1610612744,GSW,23.0,76,30.0,3.76,1.34,2.42,1.18,0.03,0.33,0.83,0.3,0.32,0.62,0.489,0.511,0.0,0.24,0.24,0.22,0.08,0.0,1.0,0.944,0.333,2021-22
1630648,Jordan Schakel,1610612764,WAS,24.0,3,8.4,1.0,0.33,0.67,1.33,0.0,0.0,0.0,0.0,0.0,0.0,0.0,0.0,0.0,0.0,0.0,0.0,0.0,0.0,0.0,0.0,0.0,2021-22
1630631,Jose Alvarado,1610612740,NOP,24.0,50,16.5,2.44,0.88,1.56,2.18,0.04,0.28,0.64,0.28,0.22,0.5,0.56,0.44,0.0,0.3,0.3,0.3,0.08,0.0,1.0,1.0,0.267,2021-22
1630528,Josh Christopher,1610612745,HOU,20.0,67,19.5,2.33,1.19,1.13,1.99,0.01,0.06,0.15,0.21,0.28,0.49,0.424,0.576,0.03,0.1,0.13,0.12,0.07,0.222,0.778,1.0,0.625,2021-22
1630581,Josh Giddey,1610612760,OKC,19.0,54,31.5,5.24,2.26,2.98,1.35,0.0,0.15,0.33,0.69,0.37,1.06,0.649,0.351,0.07,0.19,0.26,0.26,0.15,0.286,0.714,1.0,0.571,2021-22
1630182,Josh Green,1610612742,DAL,21.0,61,16.5,2.8,1.59,1.21,1.36,0.07,0.25,0.62,0.31,0.18,0.49,0.633,0.367,0.03,0.18,0.21,0.2,0.07,0.154,0.846,0.923,0.308,2021-22
1628404,Josh Hart,1610612757,POR,27.0,54,33.2,6.94,3.41,3.54,1.8,0.04,0.2,0.52,0.41,0.59,1.0,0.407,0.593,0.02,0.39,0.41,0.3,0.13,0.045,0.955,0.941,0.412,2021-22
1628367,Josh Jackson,1610612758,SAC,25.0,47,17.0,3.09,1.72,1.36,0.91,0.17,0.11,0.28,0.28,0.4,0.68,0.406,0.594,0.09,0.34,0.43,0.38,0.13,0.2,0.8,1.0,0.333,2021-22
1629006,Josh Okogie,1610612750,MIN,23.0,43,11.7,2.77,1.37,1.4,1.28,0.09,0.26,0.65,0.3,0.16,0.47,0.65,0.35,0.07,0.37,0.44,0.33,0.16,0.158,0.842,0.933,0.467,2021-22
1626196,Josh Richardson,1610612759,SAS,28.0,65,24.6,3.55,2.08,1.48,1.65,0.02,0.29,0.68,0.17,0.29,0.46,0.367,0.633,0.0,0.29,0.29,0.26,0.11,0.0,1.0,1.0,0.412,2021-22
1630563,Joshua Primo,1610612759,SAS,19.0,47,20.3,4.66,2.74,1.91,0.94,0.06,0.13,0.3,0.26,0.19,0.45,0.571,0.429,0.0,0.36,0.36,0.36,0.11,0.0,1.0,1.0,0.294,2021-22
201950,Jrue Holiday,1610612749,MIL,32.0,66,33.4,6.36,2.53,3.83,2.77,0.06,0.23,0.61,0.36,0.64,1.0,0.364,0.636,0.14,0.56,0.7,0.59,0.24,0.196,0.804,0.951,0.39,2021-22
1629308,Juan Toscano-Anderson,1610612744,GSW,29.0,65,15.0,3.4,2.11,1.29,1.38,0.0,0.86,2.23,0.22,0.26,0.48,0.452,0.548,0.05,0.75,0.8,0.68,0.2,0.058,0.942,0.978,0.289,2021-22
1627823,Juancho Hernangomez,1610612762,UTA,26.0,34,12.5,2.56,1.62,0.94,0.47,0.0,0.29,0.62,0.24,0.15,0.38,0.615,0.385,0.12,0.24,0.35,0.26,0.09,0.333,0.667,0.75,0.25,2021-22
203944,Julius Randle,1610612752,NYK,27.0,72,35.3,6.4,3.65,2.75,1.14,0.0,2.39,5.99,0.54,0.28,0.82,0.661,0.339,0.38,0.93,1.31,1.18,0.79,0.287,0.713,0.944,0.633,2021-22
1626147,Justin Anderson,1610612754,IND,28.0,16,19.7,4.31,2.13,2.19,1.38,0.0,0.13,0.38,0.19,0.38,0.56,0.333,0.667,0.0,0.13,0.13,0.13,0.06,0.0,1.0,1.0,0.5,2021-22
1630551,Justin Champagnie,1610612761,TOR,21.0,26,9.5,2.38,1.04,1.35,0.38,0.0,0.08,0.19,0.23,0.12,0.35,0.667,0.333,0.08,0.04,0.12,0.12,0.12,0.667,0.333,1.0,1.0,2021-22
203200,Justin Holiday,1610612758,SAC,33.0,74,27.8,4.88,2.61,2.27,1.82,0.05,0.46,1.01,0.19,0.3,0.49,0.389,0.611,0.03,0.58,0.61,0.53,0.2,0.044,0.956,0.929,0.357,2021-22
1628382,Justin Jackson,1610612756,PHX,27.0,5,6.7,1.8,1.4,0.4,0.0,0.0,0.0,0.0,0.0,0.0,0.0,0.0,0.0,0.0,0.0,0.0,0.0,0.0,0.0,0.0,0.0,0.0,2021-22
1629620,Justin Robinson,1610612765,DET,24.0,19,14.7,2.37,1.42,0.95,0.95,0.16,0.0,0.0,0.32,0.11,0.42,0.75,0.25,0.0,0.16,0.16,0.16,0.0,0.0,1.0,1.0,0.0,2021-22
1626159,Justise Winslow,1610612757,POR,26.0,41,18.2,4.17,2.63,1.54,1.1,0.05,0.41,0.98,0.29,0.37,0.66,0.444,0.556,0.1,0.51,0.61,0.51,0.2,0.16,0.84,0.955,0.364,2021-22
203994,Jusuf Nurkić,1610612757,POR,27.0,56,28.2,7.61,6.18,1.43,2.11,0.02,4.93,11.8,0.61,0.39,1.0,0.607,0.393,0.82,2.13,2.95,2.68,1.95,0.279,0.721,0.987,0.717,2021-22
1629752,Juwan Morgan,1610612738,BOS,25.0,1,27.4,6.0,0.0,6.0,2.0,0.0,0.0,0.0,0.0,1.0,1.0,0.0,1.0,1.0,2.0,3.0,2.0,1.0,0.333,0.667,0.667,0.333,2021-22
1630231,KJ Martin,1610612745,HOU,21.0,79,21.0,4.1,2.35,1.75,0.65,0.01,0.97,2.37,0.33,0.28,0.61,0.542,0.458,0.04,0.53,0.57,0.46,0.16,0.067,0.933,0.947,0.342,2021-22
1629644,KZ Okpala,1610612748,MIA,23.0,17,13.6,3.18,2.06,1.12,0.53,0.0,0.71,1.53,0.06,0.12,0.18,0.333,0.667,0.06,1.06,1.12,0.82,0.29,0.053,0.947,1.0,0.357,2021-22
1630539,Kai Jones,1610612766,CHA,21.0,14,3.4,1.36,0.64,0.71,0.36,0.0,0.21,0.5,0.0,0.0,0.0,0.0,0.0,0.07,0.29,0.36,0.36,0.07,0.2,0.8,1.0,0.2,2021-22
1626157,Karl-Anthony Towns,1610612750,MIN,26.0,74,33.5,9.27,6.76,2.51,1.84,0.0,3.16,7.55,0.46,0.38,0.84,0.548,0.452,0.47,1.86,2.34,1.89,1.26,0.202,0.798,0.986,0.655,2021-22
1626208,Keifer Sykes,1610612754,IND,28.0,28,19.8,2.43,1.25,1.18,1.14,0.0,0.07,0.14,0.11,0.18,0.29,0.375,0.625,0.0,0.11,0.11,0.11,0.0,0.0,1.0,1.0,0.0,2021-22
1628966,Keita Bates-Diop,1610612759,SAS,26.0,55,16.9,4.25,2.4,1.85,1.0,0.0,0.49,1.04,0.15,0.22,0.36,0.4,0.6,0.05,0.36,0.42,0.24,0.07,0.13,0.87,0.867,0.267,2021-22
1629103,Kelan Martin,1610612738,BOS,26.0,28,15.9,3.07,1.89,1.18,0.96,0.0,0.07,0.18,0.14,0.14,0.29,0.5,0.5,0.07,0.18,0.25,0.11,0.07,0.286,0.714,0.6,0.4,2021-22
1629640,Keldon Johnson,1610612759,SAS,22.0,75,31.9,5.73,3.01,2.72,1.31,0.01,0.77,1.8,0.31,0.36,0.67,0.46,0.54,0.19,1.08,1.27,0.97,0.39,0.147,0.853,0.948,0.377,2021-22
1629833,Keljin Blevins,1610612757,POR,26.0,23,13.8,2.17,0.7,1.48,0.91,0.0,0.22,0.52,0.09,0.17,0.26,0.333,0.667,0.0,0.3,0.3,0.22,0.04,0.0,1.0,1.0,0.2,2021-22
203482,Kelly Olynyk,1610612765,DET,31.0,40,19.1,5.83,3.75,2.08,1.78,0.15,1.88,4.3,0.3,0.2,0.5,0.6,0.4,0.25,0.68,0.93,0.83,0.63,0.27,0.73,0.943,0.714,2021-22
1626162,Kelly Oubre Jr.,1610612766,CHA,26.0,76,26.3,3.66,1.71,1.95,2.46,0.01,0.21,0.47,0.41,0.38,0.79,0.517,0.483,0.0,0.22,0.22,0.22,0.12,0.0,1.0,1.0,0.529,2021-22
202689,Kemba Walker,1610612752,NYK,32.0,37,25.6,4.57,1.81,2.76,1.16,0.3,0.11,0.3,0.3,0.35,0.65,0.458,0.542,0.0,0.14,0.14,0.14,0.03,0.0,1.0,1.0,0.2,2021-22
1629026,Kenrich Williams,1610612760,OKC,27.0,49,21.9,3.73,1.94,1.8,1.08,0.18,0.33,0.78,0.43,0.31,0.73,0.583,0.417,0.24,0.59,0.84,0.65,0.33,0.293,0.707,0.97,0.485,2021-22
203145,Kent Bazemore,1610612747,LAL,32.0,35,15.2,3.26,1.83,1.43,1.09,0.03,0.31,0.74,0.11,0.14,0.26,0.444,0.556,0.03,0.2,0.23,0.2,0.06,0.125,0.875,1.0,0.286,2021-22
203484,Kentavious Caldwell-Pope,1610612764,WAS,29.0,77,30.2,2.77,1.34,1.43,1.94,0.01,0.47,0.99,0.42,0.35,0.77,0.542,0.458,0.06,0.62,0.69,0.55,0.16,0.094,0.906,0.875,0.25,2021-22
1630553,Keon Johnson,1610612757,POR,20.0,34,20.3,3.5,1.82,1.68,1.41,0.03,0.06,0.15,0.09,0.38,0.47,0.188,0.813,0.0,0.35,0.35,0.32,0.06,0.0,1.0,0.917,0.167,2021-22
1630556,Kessler Edwards,1610612751,BKN,21.0,44,22.2,5.43,3.32,2.11,1.0,0.0,0.48,1.18,0.09,0.14,0.23,0.4,0.6,0.07,0.77,0.84,0.64,0.2,0.081,0.919,0.875,0.281,2021-22
201142,Kevin Durant,1610612751,BKN,33.0,55,37.2,8.07,4.11,3.96,1.58,0.02,0.31,0.73,0.49,0.35,0.84,0.587,0.413,0.05,0.75,0.8,0.69,0.35,0.068,0.932,1.0,0.5,2021-22
1628989,Kevin Huerter,1610612737,ATL,23.0,74,29.6,5.05,2.53,2.53,1.76,0.0,0.28,0.69,0.26,0.31,0.57,0.452,0.548,0.01,0.42,0.43,0.38,0.15,0.031,0.969,0.933,0.367,2021-22
1628995,Kevin Knox II,1610612737,ATL,22.0,20,9.9,2.1,0.85,1.25,0.25,0.0,0.15,0.3,0.25,0.05,0.3,0.833,0.167,0.1,0.25,0.35,0.3,0.3,0.286,0.714,1.0,1.0,2021-22
201567,Kevin Love,1610612739,CLE,33.0,74,22.5,4.69,2.28,2.41,0.62,0.35,0.84,1.86,0.23,0.22,0.45,0.515,0.485,0.46,1.04,1.5,1.35,1.01,0.306,0.694,0.952,0.714,2021-22
1630698,Kevin Pangos,1610612739,CLE,29.0,14,9.5,1.43,0.86,0.57,0.36,0.07,0.21,0.43,0.14,0.14,0.29,0.5,0.5,0.0,0.07,0.07,0.0,0.0,0.0,1.0,0.0,0.0,2021-22
1629645,Kevin Porter Jr.,1610612745,HOU,22.0,61,31.3,4.93,2.62,2.31,2.11,0.02,0.15,0.39,0.56,0.39,0.95,0.586,0.414,0.02,0.39,0.41,0.41,0.16,0.04,0.96,1.0,0.4,2021-22
1626172,Kevon Looney,1610612744,GSW,26.0,82,21.1,8.59,6.05,2.54,1.1,0.01,3.38,8.51,0.34,0.27,0.61,0.56,0.44,0.77,1.77,2.54,2.26,1.27,0.303,0.697,0.989,0.556,2021-22
203920,Khem Birch,1610612761,TOR,29.0,55,18.0,5.45,3.75,1.71,1.18,0.02,1.85,4.27,0.25,0.16,0.42,0.609,0.391,0.18,1.27,1.45,1.15,0.4,0.125,0.875,0.913,0.319,2021-22
203114,Khris Middleton,1610612749,MIL,30.0,66,32.4,5.11,2.23,2.88,2.23,0.03,0.36,0.88,0.29,0.3,0.59,0.487,0.513,0.11,0.68,0.79,0.71,0.36,0.135,0.865,1.0,0.511,2021-22
1630165,Killian Hayes,1610612765,DET,20.0,66,25.0,4.82,2.53,2.29,2.52,0.03,0.38,0.91,0.32,0.36,0.68,0.467,0.533,0.02,0.42,0.44,0.39,0.21,0.034,0.966,0.929,0.5,2021-22
1629681,Killian Tillie,1610612763,MEM,24.0,32,13.9,3.06,1.97,1.09,1.06,0.06,0.16,0.31,0.13,0.22,0.34,0.364,0.636,0.06,0.47,0.53,0.38,0.06,0.118,0.882,0.923,0.154,2021-22
1630184,Kira Lewis Jr.,1610612740,NOP,21.0,24,14.2,2.25,1.21,1.04,1.17,0.04,0.08,0.17,0.08,0.17,0.25,0.333,0.667,0.0,0.0,0.0,0.0,0.0,0.0,0.0,0.0,0.0,2021-22
202691,Klay Thompson,1610612744,GSW,32.0,32,29.4,4.91,3.59,1.31,1.25,0.0,0.22,0.53,0.16,0.22,0.38,0.417,0.583,0.0,0.47,0.47,0.44,0.09,0.0,1.0,0.933,0.2,2021-22
1627739,Kris Dunn,1610612757,POR,28.0,14,24.0,3.43,1.5,1.93,2.86,0.0,0.29,0.64,0.29,0.43,0.71,0.4,0.6,0.0,0.21,0.21,0.21,0.07,0.0,1.0,1.0,0.333,2021-22
204001,Kristaps Porziņģis,1610612764,WAS,26.0,51,29.0,9.61,7.55,2.06,1.29,0.0,2.51,5.39,0.27,0.1,0.37,0.737,0.263,0.24,1.53,1.76,1.57,0.88,0.133,0.867,0.952,0.536,2021-22
203937,Kyle Anderson,1610612763,MEM,28.0,69,21.5,4.99,2.93,2.06,2.03,0.01,0.62,1.43,0.17,0.33,0.51,0.343,0.657,0.12,0.61,0.72,0.59,0.3,0.16,0.84,0.953,0.488,2021-22
1629657,Kyle Guy,1610612748,MIA,24.0,14,12.7,2.0,0.79,1.21,0.86,0.0,0.21,0.64,0.14,0.07,0.21,0.667,0.333,0.0,0.43,0.43,0.43,0.14,0.0,1.0,1.0,0.333,2021-22
1628398,Kyle Kuzma,1610612764,WAS,26.0,66,33.4,6.76,4.91,1.85,0.83,0.03,0.62,1.41,0.26,0.2,0.45,0.567,0.433,0.29,0.79,1.08,0.97,0.68,0.268,0.732,0.941,0.662,2021-22
200768,Kyle Lowry,1610612748,MIA,36.0,63,33.9,3.81,1.48,2.33,2.21,0.4,0.67,1.48,0.32,0.49,0.81,0.392,0.608,0.08,1.16,1.24,1.13,0.35,0.064,0.936,0.922,0.286,2021-22
202681,Kyrie Irving,1610612751,BKN,30.0,29,37.6,4.69,2.86,1.83,2.69,0.07,0.31,0.83,0.45,0.66,1.1,0.406,0.594,0.0,0.24,0.24,0.24,0.1,0.0,1.0,1.0,0.429,2021-22
200746,LaMarcus Aldridge,1610612751,BKN,36.0,47,22.3,8.38,6.36,2.02,0.85,0.0,2.47,5.62,0.21,0.11,0.32,0.667,0.333,0.49,1.62,2.11,1.72,1.13,0.232,0.768,0.92,0.602,2021-22
1630163,LaMelo Ball,1610612766,CHA,20.0,75,32.3,3.67,1.81,1.85,2.76,0.0,0.15,0.35,0.53,0.56,1.09,0.488,0.512,0.04,0.16,0.2,0.2,0.13,0.2,0.8,1.0,0.667,2021-22
1630205,Lamar Stevens,1610612739,CLE,24.0,59,17.0,4.47,2.69,1.78,0.88,0.0,0.24,0.54,0.17,0.08,0.25,0.667,0.333,0.05,0.34,0.39,0.32,0.15,0.13,0.87,0.95,0.45,2021-22
202362,Lance Stephenson,1610612754,IND,31.0,43,18.4,2.16,0.67,1.49,1.21,0.0,0.05,0.12,0.16,0.16,0.33,0.5,0.5,0.0,0.21,0.21,0.19,0.07,0.0,1.0,1.0,0.375,2021-22
1629013,Landry Shamet,1610612756,PHX,25.0,68,20.8,3.35,2.15,1.21,1.07,0.01,0.35,0.9,0.15,0.15,0.29,0.5,0.5,0.0,0.68,0.68,0.59,0.1,0.0,1.0,0.909,0.159,2021-22
204038,Langston Galloway,1610612749,MIL,30.0,7,15.2,2.86,1.57,1.29,0.29,0.14,0.29,0.57,0.0,0.29,0.29,0.0,1.0,0.14,0.29,0.43,0.29,0.14,0.333,0.667,1.0,0.5,2021-22
1626204,Larry Nance Jr.,1610612740,NOP,29.0,46,22.6,4.37,2.8,1.57,1.98,0.17,2.13,5.22,0.22,0.15,0.37,0.588,0.412,0.3,0.83,1.13,0.83,0.43,0.269,0.731,0.927,0.488,2021-22
1628374,Lauri Markkanen,1610612739,CLE,25.0,61,30.8,8.15,5.26,2.89,1.51,0.0,0.72,1.7,0.16,0.26,0.43,0.385,0.615,0.02,1.11,1.13,1.02,0.46,0.014,0.986,0.969,0.438,2021-22
2544,LeBron James,1610612747,LAL,37.0,56,37.2,5.66,3.64,2.02,1.96,0.29,1.04,2.43,0.34,0.48,0.82,0.413,0.587,0.18,0.73,0.91,0.86,0.63,0.196,0.804,1.0,0.729,2021-22
1630195,Leandro Bolmaro,1610612750,MIN,21.0,24,8.8,1.75,1.17,0.58,0.63,0.0,0.13,0.38,0.17,0.21,0.38,0.444,0.556,0.0,0.29,0.29,0.29,0.08,0.0,1.0,1.0,0.286,2021-22
1629623,Lindell Wigginton,1610612749,MIL,24.0,14,13.7,2.0,0.71,1.29,1.07,0.07,0.0,0.0,0.14,0.21,0.36,0.4,0.6,0.07,0.0,0.07,0.07,0.07,1.0,0.0,1.0,1.0,2021-22
1630322,Lindy Waters III,1610612760,OKC,24.0,23,20.0,5.35,2.7,2.65,1.17,0.0,0.17,0.39,0.13,0.39,0.52,0.25,0.75,0.0,0.57,0.57,0.48,0.09,0.0,1.0,1.0,0.182,2021-22
1629022,Lonnie Walker IV,1610612759,SAS,23.0,70,23.0,3.23,1.5,1.73,0.99,0.0,0.13,0.27,0.23,0.29,0.51,0.444,0.556,0.0,0.16,0.16,0.14,0.01,0.0,1.0,1.0,0.1,2021-22
1628366,Lonzo Ball,1610612741,CHI,24.0,35,34.6,6.74,3.63,3.11,3.2,0.03,0.66,1.54,0.43,0.69,1.11,0.385,0.615,0.09,0.29,0.37,0.26,0.09,0.231,0.769,0.818,0.273,2021-22
101150,Lou Williams,1610612737,ATL,35.0,56,14.3,2.02,0.68,1.34,0.96,0.0,0.14,0.34,0.13,0.2,0.32,0.389,0.611,0.02,0.29,0.3,0.3,0.07,0.059,0.941,1.0,0.235,2021-22
1629663,Louis King,1610612758,SAC,23.0,7,13.5,3.29,1.71,1.57,1.29,0.0,0.0,0.0,0.0,0.14,0.14,0.0,1.0,0.0,0.0,0.0,0.0,0.0,0.0,0.0,0.0,0.0,2021-22
1629652,Luguentz Dort,1610612760,OKC,23.0,51,32.7,5.96,2.24,3.73,1.76,0.0,0.12,0.25,0.2,0.45,0.65,0.303,0.697,0.06,0.43,0.49,0.45,0.18,0.12,0.88,1.0,0.391,2021-22
1629029,Luka Dončić,1610612742,DAL,23.0,65,35.4,6.09,3.6,2.49,2.06,0.02,0.11,0.23,0.43,0.43,0.86,0.5,0.5,0.02,0.42,0.43,0.4,0.23,0.036,0.964,0.963,0.556,2021-22
1630568,Luka Garza,1610612765,DET,23.0,31,12.4,4.19,3.19,1.0,0.87,0.19,1.61,3.65,0.23,0.13,0.35,0.636,0.364,0.45,1.29,1.74,1.42,0.58,0.259,0.741,0.898,0.367,2021-22
1628379,Luke Kennard,1610612746,LAC,26.0,69,27.5,2.99,1.54,1.45,0.83,0.03,0.41,0.91,0.13,0.28,0.41,0.321,0.679,0.0,0.55,0.55,0.49,0.12,0.0,1.0,0.944,0.222,2021-22
1628436,Luke Kornet,1610612738,BOS,26.0,15,6.9,3.33,2.67,0.67,0.27,0.0,0.8,2.0,0.07,0.0,0.07,1.0,0.0,0.27,0.53,0.8,0.73,0.47,0.333,0.667,1.0,0.636,2021-22
1630640,MJ Walker,1610612756,PHX,24.0,1,7.7,0.0,0.0,0.0,2.0,0.0,0.0,0.0,0.0,0.0,0.0,0.0,0.0,0.0,0.0,0.0,0.0,0.0,0.0,0.0,0.0,0.0,2021-22
1630644,Mac McClung,1610612747,LAL,23.0,1,21.8,2.0,2.0,0.0,2.0,0.0,0.0,0.0,1.0,1.0,2.0,0.5,0.5,0.0,0.0,0.0,0.0,0.0,0.0,0.0,0.0,0.0,2021-22
1630201,Malachi Flynn,1610612761,TOR,24.0,37,13.8,2.11,1.08,1.03,1.0,0.0,0.08,0.22,0.27,0.32,0.59,0.455,0.545,0.0,0.27,0.27,0.27,0.05,0.0,1.0,1.0,0.2,2021-22
1627763,Malcolm Brogdon,1610612754,IND,29.0,36,33.5,5.11,3.08,2.03,1.36,0.0,0.08,0.17,0.5,0.33,0.83,0.6,0.4,0.03,0.31,0.33,0.28,0.11,0.083,0.917,0.909,0.364,2021-22
1630792,Malcolm Hill,1610612741,CHI,26.0,14,14.6,3.64,2.36,1.29,1.14,0.07,0.21,0.43,0.07,0.14,0.21,0.333,0.667,0.0,0.43,0.43,0.36,0.0,0.0,1.0,0.833,0.0,2021-22
1627736,Malik Beasley,1610612750,MIN,25.0,76,25.3,2.97,1.17,1.8,0.84,0.03,0.13,0.32,0.17,0.24,0.41,0.419,0.581,0.0,0.32,0.32,0.28,0.09,0.0,1.0,0.955,0.318,2021-22
1630238,Malik Fitts,1610612738,BOS,24.0,9,5.6,1.44,0.33,1.11,0.11,0.0,0.0,0.0,0.33,0.11,0.44,0.75,0.25,0.0,0.11,0.11,0.11,0.0,0.0,1.0,1.0,0.0,2021-22
1628370,Malik Monk,1610612747,LAL,24.0,75,28.4,4.96,2.73,2.23,1.16,0.03,0.32,0.77,0.25,0.19,0.44,0.576,0.424,0.0,0.09,0.09,0.08,0.01,0.0,1.0,1.0,0.167,2021-22
1629603,Mamadi Diakite,1610612760,OKC,25.0,13,14.4,5.38,4.62,0.77,1.0,0.15,1.69,3.85,0.23,0.15,0.38,0.6,0.4,0.08,0.69,0.77,0.69,0.38,0.1,0.9,1.0,0.556,2021-22
1630585,Marcus Garrett,1610612748,MIA,23.0,10,12.6,1.8,0.9,0.9,1.5,0.1,0.2,0.5,0.0,0.1,0.1,0.0,1.0,0.4,0.2,0.6,0.6,0.5,0.667,0.333,1.0,0.833,2021-22
202694,Marcus Morris Sr.,1610612746,LAC,32.0,54,29.0,3.28,1.63,1.65,0.78,0.04,0.59,1.33,0.24,0.22,0.46,0.52,0.48,0.06,0.87,0.93,0.67,0.2,0.06,0.94,0.878,0.268,2021-22
203935,Marcus Smart,1610612738,BOS,28.0,71,32.3,5.23,2.31,2.92,2.89,0.23,0.55,1.41,0.49,0.55,1.04,0.473,0.527,0.04,1.42,1.46,1.28,0.41,0.029,0.971,0.938,0.299,2021-22
1628365,Markelle Fultz,1610612753,ORL,24.0,18,20.0,3.39,1.39,2.0,1.5,0.06,0.28,0.61,0.28,0.56,0.83,0.333,0.667,0.0,0.22,0.22,0.22,0.11,0.0,1.0,1.0,0.5,2021-22
202693,Markieff Morris,1610612748,MIA,32.0,16,18.4,3.75,2.13,1.63,0.88,0.13,0.56,1.38,0.5,0.13,0.63,0.8,0.2,0.31,1.31,1.63,1.38,0.56,0.192,0.808,0.917,0.375,2021-22
1630250,Marko Simonovic,1610612741,CHI,22.0,9,3.9,1.67,1.11,0.56,0.22,0.0,0.44,1.11,0.11,0.0,0.11,1.0,0.0,0.0,0.33,0.33,0.22,0.0,0.0,1.0,0.667,0.0,2021-22
1630210,Markus Howard,1610612743,DEN,23.0,18,8.2,1.17,0.17,1.0,0.28,0.17,0.06,0.17,0.06,0.0,0.06,1.0,0.0,0.0,0.06,0.06,0.06,0.0,0.0,1.0,1.0,0.0,2021-22
1627737,Marquese Chriss,1610612742,DAL,24.0,33,10.3,3.21,2.21,1.0,0.76,0.0,1.24,2.85,0.15,0.09,0.24,0.625,0.375,0.15,0.55,0.7,0.64,0.39,0.217,0.783,1.0,0.619,2021-22
1628963,Marvin Bagley III,1610612765,DET,23.0,48,23.9,7.31,3.65,3.67,0.63,0.08,1.04,2.29,0.23,0.21,0.44,0.524,0.476,0.27,0.83,1.1,0.9,0.54,0.245,0.755,1.0,0.605,2021-22
1630222,Mason Jones,1610612747,LAL,23.0,4,12.6,1.0,0.25,0.75,0.75,0.0,0.5,1.25,0.25,0.25,0.5,0.5,0.5,0.0,0.25,0.25,0.25,0.25,0.0,1.0,1.0,1.0,2021-22
203486,Mason Plumlee,1610612766,CHA,32.0,73,24.6,7.42,5.41,2.01,1.9,0.03,2.66,6.01,0.33,0.26,0.59,0.558,0.442,0.51,1.33,1.84,1.58,0.93,0.276,0.724,0.927,0.548,2021-22
1629680,Matisse Thybulle,1610612755,PHI,25.0,66,25.5,4.38,2.64,1.74,3.76,0.02,0.35,0.92,0.14,0.44,0.58,0.237,0.763,0.03,0.17,0.2,0.18,0.06,0.154,0.846,0.923,0.308,2021-22
1629760,Matt Mooney,1610612752,NYK,27.0,1,1.9,0.0,0.0,0.0,1.0,0.0,0.0,0.0,0.0,0.0,0.0,0.0,0.0,0.0,0.0,0.0,0.0,0.0,0.0,0.0,0.0,0.0,2021-22
1630346,Matt Ryan,1610612738,BOS,25.0,1,5.3,0.0,0.0,0.0,1.0,0.0,0.0,0.0,0.0,0.0,0.0,0.0,0.0,0.0,0.0,0.0,0.0,0.0,0.0,0.0,0.0,0.0,2021-22
1629744,Matt Thomas,1610612741,CHI,27.0,29,14.5,2.21,1.1,1.1,0.41,0.0,0.38,0.83,0.1,0.21,0.31,0.333,0.667,0.0,0.34,0.34,0.31,0.07,0.0,1.0,0.9,0.2,2021-22
203090,Maurice Harkless,1610612758,SAC,29.0,43,19.7,4.02,2.33,1.7,1.84,0.0,0.26,0.6,0.12,0.14,0.26,0.455,0.545,0.0,0.26,0.26,0.21,0.14,0.0,1.0,1.0,0.667,2021-22
1629622,Max Strus,1610612748,MIA,26.0,67,23.6,4.88,2.3,2.58,0.85,0.22,0.33,0.75,0.19,0.27,0.46,0.419,0.581,0.03,0.7,0.73,0.63,0.15,0.041,0.959,0.913,0.217,2021-22
1628467,Maxi Kleber,1610612742,DAL,30.0,58,24.9,7.62,5.5,2.12,0.78,0.17,1.9,4.45,0.16,0.26,0.41,0.375,0.625,0.41,1.4,1.81,1.57,0.76,0.229,0.771,0.948,0.458,2021-22
1630593,McKinley Wright IV,1610612750,MIN,23.0,2,3.6,1.0,0.0,1.0,0.0,0.0,0.0,0.0,0.5,0.0,0.5,1.0,0.0,0.0,0.0,0.0,0.0,0.0,0.0,0.0,0.0,0.0,2021-22
1628982,Melvin Frazier Jr.,1610612760,OKC,25.0,3,39.9,3.67,2.33,1.33,1.33,0.0,0.0,0.0,0.33,0.0,0.33,1.0,0.0,0.0,0.0,0.0,0.0,0.0,0.0,0.0,0.0,0.0,2021-22
1630695,Micah Potter,1610612765,DET,24.0,3,10.3,5.33,3.33,2.0,1.0,0.0,0.33,0.67,0.0,0.33,0.33,0.0,1.0,0.0,1.0,1.0,1.0,0.0,0.0,1.0,1.0,0.0,2021-22
1629008,Michael Porter Jr.,1610612743,DEN,24.0,9,29.5,4.44,2.22,2.22,2.56,0.0,0.44,1.0,0.22,0.11,0.33,0.667,0.333,0.22,0.0,0.22,0.22,0.22,1.0,0.0,1.0,1.0,2021-22
1628969,Mikal Bridges,1610612756,PHX,25.0,82,34.8,5.89,3.09,2.8,2.05,0.01,0.3,0.68,0.37,0.43,0.79,0.462,0.538,0.01,0.56,0.57,0.52,0.16,0.021,0.979,1.0,0.302,2021-22
201144,Mike Conley,1610612762,UTA,34.0,70,28.6,3.87,1.89,1.99,2.09,0.01,0.27,0.59,0.27,0.34,0.61,0.442,0.558,0.0,0.27,0.27,0.23,0.11,0.0,1.0,0.889,0.444,2021-22
203488,Mike Muscala,1610612760,OKC,30.0,43,13.8,5.3,4.09,1.21,0.63,0.05,0.79,1.74,0.07,0.16,0.23,0.3,0.7,0.07,1.21,1.28,1.0,0.53,0.055,0.945,0.956,0.511,2021-22
1628970,Miles Bridges,1610612766,CHA,24.0,80,35.5,8.94,5.09,3.85,1.49,0.0,0.58,1.38,0.48,0.38,0.85,0.559,0.441,0.1,1.15,1.25,0.98,0.46,0.08,0.92,0.963,0.457,2021-22
1630540,Miles McBride,1610612752,NYK,21.0,27,13.0,2.96,1.67,1.3,1.15,0.04,0.07,0.22,0.07,0.19,0.26,0.286,0.714,0.0,0.3,0.3,0.3,0.07,0.0,1.0,1.0,0.25,2021-22
1629011,Mitchell Robinson,1610612752,NYK,24.0,72,25.7,8.35,6.32,2.03,2.01,0.01,2.81,6.57,0.43,0.32,0.75,0.574,0.426,1.18,2.61,3.79,3.39,1.94,0.311,0.689,0.957,0.549,2021-22
1629671,Miye Oni,1610612762,UTA,24.0,8,3.5,1.0,0.38,0.63,0.13,0.0,0.13,0.38,0.0,0.0,0.0,0.0,0.0,0.0,0.0,0.0,0.0,0.0,0.0,0.0,0.0,0.0,2021-22
1628964,Mo Bamba,1610612753,ORL,24.0,70,25.9,9.53,6.71,2.81,1.03,0.0,1.69,3.81,0.21,0.26,0.47,0.455,0.545,0.59,1.13,1.71,1.6,1.03,0.342,0.658,0.966,0.621,2021-22
1628420,Monte Morris,1610612743,DEN,27.0,74,29.9,3.84,1.8,2.04,1.18,0.03,0.45,1.05,0.27,0.31,0.58,0.465,0.535,0.0,0.24,0.24,0.22,0.04,0.0,1.0,0.941,0.176,2021-22
1626149,Montrezl Harrell,1610612766,CHA,28.0,71,23.1,7.51,5.32,2.18,0.77,0.17,2.7,6.1,0.38,0.14,0.52,0.73,0.27,0.49,1.85,2.34,1.8,1.0,0.211,0.789,0.908,0.504,2021-22
1629021,Moritz Wagner,1610612753,ORL,25.0,61,15.7,4.18,2.57,1.61,0.87,0.23,1.64,3.82,0.25,0.16,0.41,0.6,0.4,0.15,1.34,1.49,1.23,0.46,0.099,0.901,0.949,0.354,2021-22
1629650,Moses Brown,1610612739,CLE,22.0,36,9.1,4.47,3.56,0.92,0.31,0.0,0.86,1.86,0.14,0.08,0.22,0.625,0.375,0.31,0.56,0.86,0.83,0.56,0.355,0.645,1.0,0.667,2021-22
1630541,Moses Moody,1610612744,GSW,20.0,42,13.8,2.64,1.26,1.38,0.62,0.1,0.07,0.17,0.17,0.14,0.31,0.538,0.462,0.02,0.24,0.26,0.19,0.07,0.091,0.909,0.889,0.333,2021-22
1630589,Moses Wright,1610612742,DAL,23.0,2,5.0,2.0,1.5,0.5,0.0,0.0,0.0,0.0,0.0,0.0,0.0,0.0,0.0,0.0,0.0,0.0,0.0,0.0,0.0,0.0,0.0,0.0,2021-22
1628539,Mychal Mulder,1610612748,MIA,28.0,14,16.5,3.14,1.43,1.71,0.79,0.0,0.14,0.29,0.0,0.07,0.07,0.0,1.0,0.0,0.14,0.14,0.07,0.0,0.0,1.0,1.0,0.0,2021-22
1629619,Myles Powell,1610612755,PHI,24.0,5,7.4,0.8,0.2,0.6,0.8,0.0,0.0,0.0,0.0,0.0,0.0,0.0,0.0,0.0,0.0,0.0,0.0,0.0,0.0,0.0,0.0,0.0,2021-22
1626167,Myles Turner,1610612754,IND,26.0,42,29.4,10.74,8.98,1.76,1.64,0.05,2.1,4.79,0.26,0.14,0.4,0.647,0.353,0.26,2.31,2.57,2.26,1.21,0.102,0.898,0.969,0.52,2021-22
1630230,Naji Marshall,1610612740,NOP,24.0,46,15.3,2.61,1.46,1.15,1.02,0.07,0.02,0.07,0.22,0.2,0.41,0.526,0.474,0.11,0.35,0.46,0.37,0.22,0.238,0.762,0.81,0.476,2021-22
1629642,Nassir Little,1610612757,POR,22.0,42,25.9,6.43,3.67,2.76,0.83,0.0,0.19,0.5,0.24,0.24,0.48,0.5,0.5,0.1,0.43,0.52,0.48,0.26,0.182,0.818,0.952,0.524,2021-22
1630207,Nate Hinton,1610612754,IND,23.0,1,1.6,0.0,0.0,0.0,0.0,0.0,0.0,0.0,0.0,0.0,0.0,0.0,0.0,0.0,1.0,1.0,1.0,0.0,0.0,1.0,1.0,0.0,2021-22
1630233,Nathan Knight,1610612750,MIN,24.0,31,8.4,3.39,2.0,1.39,0.52,0.0,1.0,2.32,0.23,0.03,0.26,0.875,0.125,0.26,0.55,0.81,0.65,0.29,0.32,0.68,1.0,0.45,2021-22
1629675,Naz Reid,1610612750,MIN,22.0,77,15.8,5.45,3.71,1.74,0.96,0.04,2.04,4.79,0.21,0.18,0.39,0.533,0.467,0.17,1.14,1.31,1.06,0.49,0.129,0.871,0.953,0.442,2021-22
1629674,Neemias Queta,1610612758,SAC,22.0,12,9.9,2.92,2.17,0.75,0.42,0.0,2.0,4.75,0.08,0.0,0.08,1.0,0.0,0.25,0.33,0.58,0.5,0.33,0.429,0.571,0.857,0.571,2021-22
202357,Nemanja Bjelica,1610612744,GSW,34.0,71,16.1,6.04,3.89,2.15,0.82,0.0,1.25,3.14,0.25,0.17,0.42,0.6,0.4,0.08,0.51,0.59,0.54,0.3,0.143,0.857,0.974,0.538,2021-22
203457,Nerlens Noel,1610612752,NYK,28.0,25,22.5,6.24,4.68,1.56,2.76,0.12,2.44,5.68,0.2,0.4,0.6,0.333,0.667,0.36,1.48,1.84,1.76,1.04,0.196,0.804,0.978,0.578,2021-22
1629651,Nic Claxton,1610612751,BKN,23.0,47,20.7,9.11,5.77,3.34,1.13,0.0,2.09,4.87,0.23,0.13,0.36,0.647,0.353,0.57,1.26,1.83,1.62,1.04,0.314,0.686,0.974,0.628,2021-22
1630208,Nick Richards,1610612766,CHA,24.0,43,8.2,2.88,2.23,0.65,0.23,0.02,0.98,2.09,0.05,0.05,0.09,0.5,0.5,0.19,0.33,0.51,0.37,0.23,0.364,0.636,1.0,0.625,2021-22
1629638,Nickeil Alexander-Walker,1610612762,UTA,23.0,63,23.1,3.19,1.89,1.3,1.71,0.03,0.17,0.38,0.24,0.25,0.49,0.484,0.516,0.06,0.33,0.4,0.33,0.11,0.16,0.84,0.955,0.318,2021-22
201587,Nicolas Batum,1610612746,LAC,33.0,59,24.8,5.39,3.63,1.76,2.1,0.07,0.47,1.15,0.15,0.34,0.49,0.31,0.69,0.0,0.34,0.34,0.22,0.17,0.0,1.0,1.0,0.769,2021-22
203917,Nik Stauskas,1610612738,BOS,28.0,4,7.9,2.75,0.5,2.25,0.25,0.0,0.0,0.0,0.25,0.0,0.25,1.0,0.0,0.0,0.0,0.0,0.0,0.0,0.0,0.0,0.0,0.0,2021-22
203999,Nikola Jokić,1610612743,DEN,27.0,74,33.5,12.19,9.34,2.85,2.85,0.03,3.19,7.04,0.36,0.26,0.62,0.587,0.413,0.88,2.45,3.32,3.08,2.23,0.264,0.736,0.97,0.702,2021-22
202696,Nikola Vučević,1610612741,CHI,31.0,73,33.1,9.84,7.75,2.08,2.16,0.03,4.79,10.42,0.38,0.23,0.62,0.622,0.378,0.34,2.82,3.16,2.82,1.78,0.108,0.892,0.963,0.607,2021-22
1626181,Norman Powell,1610612746,LAC,29.0,45,32.4,4.71,2.2,2.51,1.78,0.0,0.13,0.33,0.24,0.24,0.49,0.5,0.5,0.0,0.36,0.36,0.31,0.07,0.0,1.0,1.0,0.214,2021-22
203658,Norvel Pelle,1610612762,UTA,29.0,2,8.5,4.5,2.5,2.0,0.0,0.0,1.0,2.5,0.0,0.0,0.0,0.0,0.0,0.0,0.0,0.0,0.0,0.0,0.0,0.0,0.0,0.0,2021-22
1628384,OG Anunoby,1610612761,TOR,24.0,48,36.0,7.23,4.42,2.81,2.9,0.04,0.4,0.94,0.46,0.46,0.92,0.5,0.5,0.19,1.19,1.38,1.21,0.56,0.136,0.864,0.967,0.45,2021-22
1630167,Obi Toppin,1610612752,NYK,24.0,71,17.2,3.77,1.92,1.86,0.72,0.0,0.61,1.52,0.15,0.2,0.35,0.44,0.56,0.14,0.77,0.92,0.8,0.39,0.154,0.846,0.934,0.459,2021-22
1630846,Olivier Sarr,1610612760,OKC,23.0,21,20.0,7.24,5.29,1.95,0.81,0.0,2.29,5.52,0.29,0.14,0.43,0.667,0.333,0.43,1.48,1.9,1.67,0.57,0.225,0.775,0.972,0.333,2021-22
1630209,Omer Yurtseven,1610612748,MIA,24.0,53,13.3,4.96,3.66,1.3,0.87,0.04,1.66,4.08,0.19,0.13,0.32,0.588,0.412,0.57,0.85,1.42,1.26,0.92,0.4,0.6,0.971,0.71,2021-22
1630168,Onyeka Okongwu,1610612737,ATL,21.0,48,20.7,8.02,6.21,1.81,1.02,0.02,2.73,6.31,0.31,0.21,0.52,0.6,0.4,0.4,1.58,1.98,1.5,0.9,0.2,0.8,0.935,0.558,2021-22
1629052,Oshae Brissett,1610612754,IND,24.0,66,23.6,4.05,2.26,1.79,1.12,0.05,0.35,0.83,0.38,0.27,0.65,0.581,0.419,0.14,0.52,0.65,0.52,0.3,0.209,0.791,0.971,0.571,2021-22
203490,Otto Porter Jr.,1610612744,GSW,29.0,63,22.2,3.56,2.25,1.3,1.56,0.02,0.63,1.59,0.21,0.37,0.57,0.361,0.639,0.17,0.57,0.75,0.65,0.29,0.234,0.766,0.976,0.429,2021-22
200782,P.J. Tucker,1610612748,MIA,37.0,71,27.9,6.11,2.56,3.55,1.39,0.14,1.52,4.04,0.42,0.41,0.83,0.508,0.492,0.25,1.41,1.66,1.51,0.79,0.153,0.847,0.955,0.5,2021-22
1629023,P.J. Washington,1610612766,CHA,23.0,65,27.2,7.72,4.74,2.98,2.12,0.02,1.72,4.09,0.15,0.34,0.49,0.313,0.688,0.22,1.31,1.52,1.25,0.69,0.141,0.859,0.964,0.536,2021-22
1628408,PJ Dozier,1610612743,DEN,25.0,18,18.9,4.0,1.83,2.17,0.89,0.11,0.06,0.11,0.06,0.28,0.33,0.167,0.833,0.06,0.11,0.17,0.17,0.11,0.333,0.667,1.0,0.667,2021-22
1628238,Paris Bass,1610612756,PHX,26.0,2,3.7,0.0,0.0,0.0,1.0,0.0,0.0,0.0,0.0,0.0,0.0,0.0,0.0,0.0,0.5,0.5,0.0,0.0,0.0,1.0,0.0,0.0,2021-22
1627783,Pascal Siakam,1610612761,TOR,28.0,68,37.9,8.62,4.54,4.07,2.0,0.0,1.01,2.53,0.57,0.54,1.12,0.513,0.487,0.31,1.97,2.28,1.85,1.04,0.135,0.865,0.947,0.534,2021-22
1626192,Pat Connaughton,1610612749,MIL,29.0,65,26.0,6.75,3.03,3.72,1.25,0.02,0.54,1.22,0.23,0.42,0.65,0.357,0.643,0.09,0.97,1.06,0.88,0.25,0.087,0.913,0.95,0.267,2021-22
201976,Patrick Beverley,1610612750,MIN,33.0,57,25.8,3.12,1.72,1.4,2.47,0.33,0.56,1.37,0.46,0.42,0.88,0.52,0.48,0.0,0.14,0.14,0.12,0.04,0.0,1.0,0.875,0.25,2021-22
1630172,Patrick Williams,1610612741,CHI,20.0,17,24.8,5.0,2.76,2.24,1.59,0.0,0.29,0.59,0.35,0.12,0.47,0.75,0.25,0.18,0.71,0.88,0.71,0.41,0.2,0.8,1.0,0.583,2021-22
201988,Patty Mills,1610612751,BKN,33.0,79,29.2,2.49,0.89,1.61,1.03,0.09,0.43,1.03,0.2,0.24,0.44,0.457,0.543,0.0,0.41,0.41,0.35,0.05,0.0,1.0,0.933,0.133,2021-22
202331,Paul George,1610612746,LAC,32.0,31,34.8,5.45,3.13,2.32,3.1,0.16,0.39,0.77,0.58,0.55,1.13,0.514,0.486,0.0,0.84,0.84,0.71,0.29,0.0,1.0,0.957,0.391,2021-22
200794,Paul Millsap,1610612755,PHI,37.0,33,11.4,3.12,2.0,1.12,1.09,0.06,0.91,2.15,0.12,0.12,0.24,0.5,0.5,0.58,0.73,1.3,1.06,0.64,0.442,0.558,0.972,0.583,2021-22
1630194,Paul Reed,1610612755,PHI,23.0,33,9.0,3.18,1.97,1.21,1.36,0.0,0.85,1.88,0.3,0.24,0.55,0.556,0.444,0.18,0.33,0.52,0.39,0.24,0.353,0.647,1.0,0.615,2021-22
1628778,Paul Watson,1610612760,OKC,27.0,7,21.3,4.29,1.86,2.43,0.71,0.0,0.0,0.0,0.14,0.14,0.29,0.5,0.5,0.0,0.29,0.29,0.14,0.14,0.0,1.0,0.5,0.5,2021-22
1630202,Payton Pritchard,1610612738,BOS,24.0,61,15.7,2.07,1.05,1.02,0.69,0.02,0.2,0.43,0.25,0.2,0.44,0.556,0.444,0.03,0.36,0.39,0.36,0.05,0.083,0.917,1.0,0.136,2021-22
1627822,Petr Cornelie,1610612743,DEN,26.0,10,3.2,1.1,0.6,0.5,0.2,0.0,0.6,1.5,0.0,0.1,0.1,0.0,1.0,0.2,0.3,0.5,0.5,0.2,0.4,0.6,1.0,0.4,2021-22
1630173,Precious Achiuwa,1610612761,TOR,22.0,73,23.6,7.99,5.48,2.51,1.0,0.05,1.71,4.04,0.3,0.36,0.66,0.458,0.542,0.38,0.97,1.36,1.16,0.66,0.283,0.717,0.924,0.522,2021-22
1629656,Quentin Grimes,1610612752,NYK,22.0,39,19.6,3.9,1.79,2.1,1.62,0.0,0.05,0.1,0.28,0.31,0.59,0.478,0.522,0.0,0.03,0.03,0.03,0.0,0.0,1.0,1.0,0.0,2021-22
1629683,Quinndary Weatherspoon,1610612744,GSW,25.0,6,11.1,2.0,1.17,0.83,0.83,0.0,0.0,0.0,0.0,0.17,0.17,0.0,1.0,0.0,0.33,0.33,0.33,0.33,0.0,1.0,1.0,1.0,2021-22
1630181,R.J. Hampton,1610612753,ORL,21.0,62,22.3,3.68,1.55,2.13,1.26,0.03,0.18,0.47,0.16,0.35,0.52,0.313,0.688,0.0,0.08,0.08,0.08,0.03,0.0,1.0,1.0,0.4,2021-22
1629628,RJ Barrett,1610612752,NYK,22.0,70,34.5,6.64,3.21,3.43,0.91,0.03,0.1,0.29,0.46,0.46,0.91,0.5,0.5,0.03,0.29,0.31,0.3,0.2,0.091,0.909,0.955,0.636,2021-22
1630612,RJ Nembhard Jr.,1610612739,CLE,23.0,8,6.4,0.88,0.5,0.38,0.75,0.0,0.0,0.0,0.13,0.13,0.25,0.5,0.5,0.0,0.13,0.13,0.13,0.0,0.0,1.0,1.0,0.0,2021-22
200765,Rajon Rondo,1610612739,CLE,36.0,39,17.9,2.36,0.92,1.44,1.41,0.0,0.33,0.87,0.21,0.23,0.44,0.471,0.529,0.03,0.1,0.13,0.08,0.05,0.2,0.8,1.0,0.667,2021-22
203526,Raul Neto,1610612764,WAS,30.0,68,20.1,3.85,1.96,1.9,1.35,0.07,0.16,0.38,0.29,0.31,0.6,0.488,0.512,0.0,0.24,0.24,0.22,0.03,0.0,1.0,0.938,0.125,2021-22
1629730,Rayjon Tucker,1610612749,MIL,24.0,5,14.2,2.6,1.0,1.6,0.8,0.2,0.0,0.0,0.4,0.2,0.6,0.667,0.333,0.0,0.4,0.4,0.4,0.2,0.0,1.0,1.0,0.5,2021-22
203493,Reggie Bullock Jr.,1610612742,DAL,31.0,68,28.0,3.18,1.82,1.35,1.26,0.0,0.29,0.62,0.16,0.26,0.43,0.379,0.621,0.03,0.34,0.37,0.31,0.13,0.08,0.92,1.0,0.429,2021-22
202704,Reggie Jackson,1610612746,LAC,32.0,75,31.2,5.65,2.41,3.24,1.13,0.09,0.27,0.63,0.31,0.27,0.57,0.535,0.465,0.03,0.29,0.32,0.31,0.12,0.083,0.917,1.0,0.391,2021-22
1629617,Reggie Perry,1610612757,POR,22.0,10,18.7,6.5,4.4,2.1,1.3,0.0,2.3,5.6,0.4,0.2,0.6,0.667,0.333,0.4,1.1,1.5,1.5,0.9,0.267,0.733,1.0,0.6,2021-22
1626158,Richaun Holmes,1610612758,SAC,28.0,45,23.9,6.53,5.27,1.27,1.0,0.02,3.64,8.49,0.31,0.22,0.53,0.583,0.417,0.31,1.49,1.8,1.51,0.64,0.173,0.827,0.971,0.414,2021-22
201937,Ricky Rubio,1610612754,IND,31.0,34,28.5,2.82,1.32,1.5,2.26,0.09,0.24,0.62,0.47,0.5,0.97,0.485,0.515,0.0,0.26,0.26,0.26,0.15,0.0,1.0,1.0,0.556,2021-22
1630306,Rob Edwards,1610612760,OKC,25.0,1,9.0,2.0,0.0,2.0,0.0,0.0,0.0,0.0,0.0,0.0,0.0,0.0,0.0,0.0,0.0,0.0,0.0,0.0,0.0,0.0,0.0,0.0,2021-22
203496,Robert Covington,1610612746,LAC,31.0,71,27.3,6.07,3.3,2.77,3.13,0.04,0.9,2.24,0.23,0.39,0.62,0.364,0.636,0.13,0.58,0.7,0.56,0.31,0.18,0.82,0.93,0.512,2021-22
1629057,Robert Williams III,1610612738,BOS,24.0,61,29.6,11.05,7.38,3.67,1.51,0.0,2.93,6.84,0.57,0.54,1.11,0.515,0.485,0.82,1.15,1.97,1.8,1.44,0.417,0.583,0.982,0.786,2021-22
1630218,Robert Woodard II,1610612759,SAS,22.0,6,4.8,1.17,0.67,0.5,0.17,0.0,0.0,0.0,0.17,0.17,0.33,0.5,0.5,0.0,0.17,0.17,0.17,0.0,0.0,1.0,1.0,0.0,2021-22
201577,Robin Lopez,1610612753,ORL,34.0,36,17.0,6.81,5.31,1.5,0.22,0.03,1.89,4.28,0.14,0.08,0.22,0.625,0.375,0.75,1.67,2.42,2.19,1.0,0.31,0.69,0.94,0.429,2021-22
203918,Rodney Hood,1610612746,LAC,29.0,47,14.2,2.11,1.09,1.02,0.62,0.04,0.21,0.51,0.02,0.06,0.09,0.25,0.75,0.0,0.26,0.26,0.23,0.02,0.0,1.0,1.0,0.091,2021-22
203585,Rodney McGruder,1610612765,DET,30.0,46,15.8,2.07,1.02,1.04,1.11,0.0,0.07,0.17,0.09,0.33,0.41,0.211,0.789,0.02,0.37,0.39,0.35,0.13,0.056,0.944,1.0,0.375,2021-22
1629641,Romeo Langford,1610612759,SAS,22.0,44,17.1,3.36,2.16,1.2,0.73,0.09,0.23,0.5,0.23,0.09,0.32,0.714,0.286,0.0,0.27,0.27,0.23,0.05,0.0,1.0,1.0,0.2,2021-22
1626220,Royce O'Neale,1610612762,UTA,29.0,77,31.2,4.3,2.23,2.06,1.77,0.0,1.27,2.92,0.25,0.27,0.52,0.475,0.525,0.1,0.6,0.7,0.51,0.22,0.148,0.852,0.848,0.37,2021-22
200752,Rudy Gay,1610612762,UTA,35.0,55,18.9,3.89,2.18,1.71,1.18,0.0,0.56,1.31,0.29,0.16,0.45,0.64,0.36,0.13,0.47,0.6,0.51,0.27,0.212,0.788,0.966,0.517,2021-22
203497,Rudy Gobert,1610612762,UTA,30.0,66,32.1,13.06,10.26,2.8,1.32,0.03,6.26,15.32,0.26,0.17,0.42,0.607,0.393,1.27,2.05,3.32,3.05,2.26,0.384,0.616,0.966,0.716,2021-22
1629060,Rui Hachimura,1610612764,WAS,24.0,42,22.5,4.43,2.24,2.19,0.9,0.0,0.5,1.07,0.26,0.19,0.45,0.579,0.421,0.02,0.52,0.55,0.45,0.33,0.043,0.957,0.95,0.7,2021-22
201566,Russell Westbrook,1610612747,LAL,33.0,78,34.3,3.63,1.62,2.01,1.82,0.12,0.22,0.6,0.36,0.47,0.83,0.431,0.569,0.27,0.47,0.74,0.65,0.49,0.362,0.638,0.944,0.704,2021-22
1627853,Ryan Arcidiacono,1610612752,NYK,28.0,6,11.2,2.0,0.67,1.33,1.17,0.33,0.0,0.0,0.33,0.17,0.5,0.667,0.333,0.0,0.0,0.0,0.0,0.0,0.0,0.0,0.0,0.0,2021-22
1630240,Saben Lee,1610612765,DET,23.0,36,16.6,2.75,1.19,1.56,1.58,0.03,0.11,0.22,0.25,0.25,0.5,0.5,0.5,0.0,0.11,0.11,0.08,0.06,0.0,1.0,0.75,0.5,2021-22
1630180,Saddiq Bey,1610612765,DET,23.0,81,33.2,3.75,2.01,1.74,1.56,0.02,0.19,0.42,0.44,0.31,0.75,0.59,0.41,0.14,0.86,1.0,0.91,0.41,0.136,0.864,0.987,0.44,2021-22
1626155,Sam Dekker,1610612761,TOR,28.0,1,0.9,1.0,0.0,1.0,0.0,0.0,0.0,0.0,0.0,0.0,0.0,0.0,0.0,0.0,0.0,0.0,0.0,0.0,0.0,0.0,0.0,0.0,2021-22
1630573,Sam Hauser,1610612738,BOS,24.0,16,8.1,1.69,0.81,0.88,0.25,0.0,0.0,0.0,0.06,0.06,0.13,0.5,0.5,0.0,0.31,0.31,0.31,0.0,0.0,1.0,1.0,0.0,2021-22
1630241,Sam Merrill,1610612763,MEM,26.0,6,9.6,1.83,1.17,0.67,0.5,0.0,0.0,0.0,0.0,0.0,0.0,0.0,0.0,0.0,0.33,0.33,0.33,0.0,0.0,1.0,1.0,0.0,2021-22
1630572,Sandro Mamukelashvili,1610612749,MIL,23.0,36,11.2,3.53,2.22,1.31,0.47,0.0,0.61,1.44,0.19,0.14,0.33,0.583,0.417,0.17,0.31,0.47,0.39,0.17,0.353,0.647,0.875,0.375,2021-22
1630583,Santi Aldama,1610612763,MEM,21.0,29,12.2,3.62,1.97,1.66,0.62,0.0,0.34,0.79,0.07,0.1,0.17,0.4,0.6,0.17,0.34,0.52,0.52,0.24,0.333,0.667,1.0,0.467,2021-22
1630567,Scottie Barnes,1610612761,TOR,20.0,74,35.4,8.99,5.28,3.7,2.34,0.05,1.07,2.58,0.41,0.3,0.7,0.577,0.423,0.28,1.23,1.51,1.34,0.58,0.188,0.813,0.925,0.402,2021-22
203816,Scotty Hopson,1610612760,OKC,32.0,1,17.7,2.0,1.0,1.0,0.0,0.0,0.0,0.0,0.0,0.0,0.0,0.0,0.0,0.0,0.0,0.0,0.0,0.0,0.0,0.0,0.0,0.0,2021-22
1629635,Sekou Doumbouya,1610612747,LAL,21.0,2,8.2,2.5,1.5,1.0,1.5,0.0,0.0,0.0,0.5,1.0,1.5,0.333,0.667,0.0,0.0,0.0,0.0,0.0,0.0,0.0,0.0,0.0,2021-22
1628400,Semi Ojeleye,1610612746,LAC,27.0,28,14.1,3.29,1.57,1.71,0.36,0.07,0.18,0.39,0.21,0.14,0.36,0.6,0.4,0.36,0.39,0.75,0.68,0.57,0.476,0.524,0.95,0.8,2021-22
201586,Serge Ibaka,1610612749,MIL,32.0,53,16.4,7.23,5.57,1.66,0.49,0.0,1.85,4.38,0.17,0.11,0.28,0.6,0.4,0.34,1.62,1.96,1.64,0.75,0.173,0.827,0.935,0.43,2021-22
203552,Seth Curry,1610612751,BKN,31.0,64,33.3,3.09,1.13,1.97,1.78,0.05,0.28,0.64,0.33,0.47,0.8,0.412,0.588,0.03,0.36,0.39,0.38,0.13,0.08,0.92,0.96,0.32,2021-22
1628983,Shai Gilgeous-Alexander,1610612760,OKC,23.0,56,34.7,7.38,3.27,4.11,2.68,0.0,0.2,0.45,0.39,0.41,0.8,0.489,0.511,0.0,0.18,0.18,0.16,0.07,0.0,1.0,0.9,0.4,2021-22
1629003,Shake Milton,1610612755,PHI,25.0,51,22.4,3.33,1.94,1.39,0.88,0.08,0.37,0.94,0.1,0.24,0.33,0.294,0.706,0.02,0.22,0.24,0.22,0.16,0.083,0.917,1.0,0.727,2021-22
1629783,Shaq Buchanan,1610612763,MEM,25.0,1,6.9,1.0,0.0,1.0,1.0,0.0,0.0,0.0,0.0,0.0,0.0,0.0,0.0,0.0,0.0,0.0,0.0,0.0,0.0,0.0,0.0,0.0,2021-22
1627885,Shaquille Harrison,1610612751,BKN,28.0,2,11.3,2.5,2.0,0.5,1.0,0.0,0.0,0.0,0.0,0.0,0.0,0.0,0.0,0.0,0.0,0.0,0.0,0.0,0.0,0.0,0.0,0.0,2021-22
1630536,Sharife Cooper,1610612737,ATL,21.0,5,2.7,1.2,0.4,0.8,0.2,0.0,0.0,0.0,0.0,0.0,0.0,0.0,0.0,0.0,0.0,0.0,0.0,0.0,0.0,0.0,0.0,0.0,2021-22
1630219,Skylar Mays,1610612737,ATL,24.0,16,11.7,2.25,1.13,1.13,1.25,0.06,0.19,0.44,0.06,0.13,0.19,0.333,0.667,0.0,0.0,0.0,0.0,0.0,0.0,0.0,0.0,0.0,2021-22
203524,Solomon Hill,1610612737,ATL,31.0,12,11.5,2.17,1.25,0.92,0.5,0.0,0.25,0.58,0.25,0.17,0.42,0.6,0.4,0.17,0.58,0.75,0.67,0.17,0.222,0.778,1.0,0.25,2021-22
203915,Spencer Dinwiddie,1610612742,DAL,29.0,67,29.6,4.04,1.78,2.27,1.04,0.04,0.37,0.88,0.37,0.27,0.64,0.581,0.419,0.03,0.49,0.52,0.46,0.22,0.057,0.943,0.969,0.469,2021-22
1626169,Stanley Johnson,1610612747,LAL,26.0,48,22.8,5.27,3.17,2.1,1.88,0.0,1.23,2.98,0.17,0.15,0.31,0.533,0.467,0.04,1.25,1.29,0.94,0.21,0.032,0.968,0.918,0.204,2021-22
201939,Stephen Curry,1610612744,GSW,34.0,64,34.5,4.47,1.81,2.66,2.19,0.11,1.08,2.45,0.56,0.5,1.06,0.529,0.471,0.05,0.36,0.41,0.39,0.17,0.115,0.885,1.0,0.44,2021-22
1628425,Sterling Brown,1610612742,DAL,27.0,43,13.9,2.0,0.91,1.09,0.84,0.0,0.19,0.47,0.09,0.19,0.28,0.333,0.667,0.07,0.88,0.95,0.74,0.19,0.073,0.927,0.941,0.235,2021-22
203500,Steven Adams,1610612763,MEM,28.0,76,26.3,9.01,7.07,1.95,1.61,0.03,5.47,12.01,0.57,0.28,0.84,0.672,0.328,1.78,2.04,3.82,3.18,2.04,0.466,0.534,0.949,0.608,2021-22
1629004,Svi Mykhailiuk,1610612761,TOR,25.0,44,15.5,2.41,1.11,1.3,1.07,0.0,0.2,0.48,0.16,0.23,0.39,0.412,0.588,0.0,0.07,0.07,0.07,0.0,0.0,1.0,1.0,0.0,2021-22
204456,T.J. McConnell,1610612754,IND,30.0,27,24.2,2.81,1.37,1.44,2.74,0.04,0.07,0.19,0.48,0.33,0.81,0.591,0.409,0.0,0.3,0.3,0.22,0.07,0.0,1.0,0.75,0.25,2021-22
1629605,Tacko Fall,1610612739,CLE,26.0,10,5.9,1.8,1.4,0.4,0.1,0.0,1.0,2.2,0.0,0.0,0.0,0.0,0.0,0.4,0.4,0.8,0.7,0.4,0.5,0.5,1.0,0.571,2021-22
201959,Taj Gibson,1610612752,NYK,37.0,52,18.2,5.17,3.33,1.85,1.0,0.08,2.29,5.48,0.17,0.19,0.37,0.474,0.526,0.63,1.94,2.58,2.27,1.13,0.246,0.754,0.967,0.484,2021-22
1629659,Talen Horton-Tucker,1610612747,LAL,21.0,60,25.2,5.07,2.53,2.53,1.83,0.02,0.23,0.6,0.22,0.27,0.48,0.448,0.552,0.07,0.5,0.57,0.48,0.22,0.118,0.882,0.935,0.419,2021-22
1627752,Taurean Prince,1610612750,MIN,28.0,66,17.4,3.24,1.62,1.62,1.29,0.15,0.17,0.45,0.12,0.11,0.23,0.533,0.467,0.05,0.41,0.45,0.38,0.15,0.1,0.9,0.926,0.37,2021-22
1629611,Terance Mann,1610612746,LAC,25.0,81,28.6,3.67,2.27,1.4,1.33,0.01,0.28,0.68,0.27,0.2,0.47,0.579,0.421,0.05,0.54,0.59,0.47,0.22,0.083,0.917,0.95,0.45,2021-22
1629056,Terence Davis,1610612758,SAC,25.0,27,19.4,3.63,1.85,1.78,1.48,0.0,0.22,0.48,0.22,0.26,0.48,0.462,0.538,0.0,0.26,0.26,0.26,0.07,0.0,1.0,1.0,0.286,2021-22
203082,Terrence Ross,1610612753,ORL,31.0,61,23.0,2.84,1.26,1.57,1.05,0.0,0.2,0.43,0.2,0.15,0.34,0.571,0.429,0.0,0.2,0.2,0.18,0.07,0.0,1.0,1.0,0.364,2021-22
1626179,Terry Rozier,1610612766,CHA,28.0,73,33.7,3.97,1.53,2.44,1.96,0.07,0.3,0.71,0.33,0.42,0.75,0.436,0.564,0.01,0.19,0.21,0.18,0.05,0.067,0.933,0.867,0.267,2021-22
1630678,Terry Taylor,1610612754,IND,22.0,31,22.8,5.29,3.35,1.94,0.74,0.03,1.52,3.42,0.19,0.29,0.48,0.4,0.6,1.0,1.26,2.26,1.9,1.1,0.443,0.557,0.894,0.515,2021-22
201152,Thaddeus Young,1610612761,TOR,34.0,52,16.3,4.79,2.6,2.19,1.65,0.21,1.4,3.04,0.31,0.31,0.62,0.5,0.5,0.13,0.88,1.02,0.81,0.38,0.132,0.868,0.955,0.455,2021-22
203648,Thanasis Antetokounmpo,1610612749,MIL,29.0,40,11.5,2.98,2.05,0.93,1.13,0.03,0.8,1.85,0.13,0.03,0.15,0.833,0.167,0.13,0.2,0.33,0.28,0.2,0.385,0.615,1.0,0.727,2021-22
1630177,Theo Maledon,1610612760,OKC,21.0,47,18.9,3.89,2.23,1.66,0.89,0.0,0.15,0.3,0.19,0.3,0.49,0.391,0.609,0.0,0.17,0.17,0.17,0.04,0.0,1.0,1.0,0.25,2021-22
1629033,Theo Pinson,1610612742,DAL,26.0,11,11.5,1.82,0.82,1.0,0.64,0.0,0.0,0.0,0.09,0.0,0.09,1.0,0.0,0.0,0.18,0.18,0.18,0.09,0.0,1.0,1.0,0.5,2021-22
1628418,Thomas Bryant,1610612764,WAS,24.0,27,16.3,6.11,4.78,1.33,0.44,0.04,2.3,4.93,0.15,0.07,0.22,0.667,0.333,0.15,1.15,1.3,1.11,0.85,0.114,0.886,0.938,0.719,2021-22
204025,Tim Frazier,1610612739,CLE,31.0,10,19.4,1.0,0.4,0.6,1.0,0.1,0.3,0.6,0.3,0.1,0.4,0.75,0.25,0.0,0.0,0.0,0.0,0.0,0.0,0.0,0.0,0.0,2021-22
203501,Tim Hardaway Jr.,1610612742,DAL,30.0,41,29.7,3.88,1.98,1.9,1.34,0.1,0.39,0.83,0.12,0.32,0.44,0.278,0.722,0.02,0.32,0.34,0.29,0.15,0.071,0.929,0.857,0.429,2021-22
1627789,Timothe Luwawu-Cabarrot,1610612737,ATL,27.0,41,16.1,2.85,1.71,1.15,0.83,0.02,0.07,0.17,0.2,0.15,0.34,0.571,0.429,0.05,0.61,0.66,0.51,0.15,0.074,0.926,0.875,0.25,2021-22
202699,Tobias Harris,1610612755,PHI,29.0,73,34.8,5.49,3.47,2.03,1.23,0.0,0.81,1.78,0.21,0.26,0.47,0.441,0.559,0.16,1.08,1.25,1.01,0.47,0.132,0.868,0.949,0.436,2021-22
203107,Tomas Satoransky,1610612764,WAS,30.0,53,16.8,2.79,1.34,1.45,1.25,0.02,0.21,0.45,0.19,0.23,0.42,0.455,0.545,0.04,0.25,0.28,0.23,0.02,0.133,0.867,0.8,0.067,2021-22
1628396,Tony Bradley,1610612741,CHI,24.0,50,10.8,5.22,4.24,0.98,0.26,0.0,1.86,4.0,0.14,0.18,0.32,0.438,0.563,0.54,1.0,1.54,1.22,0.7,0.351,0.649,0.938,0.538,2021-22
203503,Tony Snell,1610612740,NOP,30.0,50,16.2,4.2,1.9,2.3,0.84,0.0,0.22,0.54,0.16,0.14,0.3,0.533,0.467,0.02,0.46,0.48,0.38,0.1,0.042,0.958,0.905,0.238,2021-22
1628470,Torrey Craig,1610612756,PHX,31.0,77,20.6,5.22,3.03,2.19,0.95,0.01,0.34,0.81,0.17,0.25,0.42,0.406,0.594,0.21,0.49,0.7,0.61,0.31,0.296,0.704,0.959,0.49,2021-22
1629027,Trae Young,1610612737,ATL,23.0,75,34.9,2.09,0.76,1.33,1.75,0.08,0.16,0.37,0.44,0.41,0.85,0.516,0.484,0.0,0.13,0.13,0.11,0.03,0.0,1.0,0.889,0.222,2021-22
1629309,Trayvon Palmer,1610612765,DET,27.0,1,16.8,3.0,3.0,0.0,0.0,0.0,0.0,0.0,0.0,0.0,0.0,0.0,0.0,0.0,0.0,0.0,0.0,0.0,0.0,0.0,0.0,0.0,2021-22
1630200,Tre Jones,1610612759,SAS,22.0,65,17.5,2.82,1.45,1.37,1.28,0.02,0.08,0.18,0.2,0.25,0.45,0.448,0.552,0.0,0.18,0.18,0.12,0.03,0.0,1.0,0.8,0.2,2021-22
1630544,Tre Mann,1610612760,OKC,21.0,57,23.5,3.58,1.44,2.14,1.25,0.04,0.07,0.14,0.25,0.21,0.46,0.538,0.462,0.0,0.19,0.19,0.19,0.07,0.0,1.0,1.0,0.364,2021-22
1629682,Tremont Waters,1610612764,WAS,24.0,3,16.8,0.67,0.0,0.67,3.0,0.0,0.33,0.67,0.0,0.33,0.33,0.0,1.0,0.0,0.67,0.67,0.67,0.33,0.0,1.0,1.0,0.5,2021-22
1630570,Trendon Watford,1610612757,POR,21.0,48,18.1,4.6,2.6,2.0,1.1,0.02,1.56,3.77,0.38,0.04,0.42,0.9,0.1,0.15,0.69,0.83,0.67,0.33,0.175,0.825,0.97,0.485,2021-22
1630235,Trent Forrest,1610612762,UTA,24.0,52,14.2,2.73,1.29,1.44,1.0,0.0,0.23,0.58,0.12,0.27,0.38,0.3,0.7,0.02,0.21,0.23,0.21,0.1,0.083,0.917,0.917,0.417,2021-22
1630243,Trevelin Queen,1610612745,HOU,25.0,10,7.4,1.5,0.7,0.8,0.9,0.0,0.0,0.0,0.0,0.0,0.0,0.0,0.0,0.0,0.2,0.2,0.2,0.0,0.0,1.0,1.0,0.0,2021-22
1630286,Trevon Scott,1610612739,CLE,25.0,2,5.7,1.5,1.0,0.5,0.5,0.0,0.0,0.0,0.5,0.0,0.5,1.0,0.0,0.0,0.0,0.0,0.0,0.0,0.0,0.0,0.0,0.0,2021-22
2772,Trevor Ariza,1610612747,LAL,37.0,24,19.3,2.46,1.46,1.0,1.25,0.04,0.67,1.5,0.21,0.08,0.29,0.714,0.286,0.0,0.42,0.42,0.33,0.13,0.0,1.0,0.8,0.3,2021-22
203504,Trey Burke,1610612742,DAL,29.0,28,13.4,1.46,0.61,0.86,0.86,0.07,0.18,0.5,0.14,0.14,0.29,0.5,0.5,0.0,0.11,0.11,0.11,0.07,0.0,1.0,1.0,0.667,2021-22
1626168,Trey Lyles,1610612758,SAC,26.0,75,20.5,5.35,3.48,1.87,0.89,0.11,1.27,2.97,0.24,0.17,0.41,0.581,0.419,0.37,1.17,1.55,1.25,0.72,0.241,0.759,0.922,0.529,2021-22
1630530,Trey Murphy III,1610612740,NOP,22.0,57,14.8,3.11,1.7,1.4,0.67,0.02,0.12,0.26,0.21,0.12,0.33,0.632,0.368,0.02,0.19,0.21,0.16,0.09,0.083,0.917,0.818,0.455,2021-22
202684,Tristan Thompson,1610612741,CHI,31.0,57,15.7,4.54,3.65,0.89,0.53,0.0,2.81,6.3,0.3,0.19,0.49,0.607,0.393,0.81,1.65,2.46,2.12,1.12,0.329,0.671,0.96,0.508,2021-22
1628972,Troy Brown Jr.,1610612741,CHI,22.0,60,17.3,4.18,2.25,1.93,0.72,0.02,0.18,0.42,0.18,0.25,0.43,0.423,0.577,0.02,0.58,0.6,0.57,0.25,0.028,0.972,0.944,0.417,2021-22
1629660,Ty Jerome,1610612760,OKC,24.0,44,17.5,2.16,0.91,1.25,1.41,0.05,0.25,0.57,0.16,0.09,0.25,0.636,0.364,0.05,0.3,0.34,0.32,0.11,0.133,0.867,0.933,0.333,2021-22
1629076,Tyler Cook,1610612741,CHI,24.0,18,10.8,2.44,1.72,0.72,0.61,0.11,1.78,3.61,0.06,0.06,0.11,0.5,0.5,0.28,0.67,0.94,0.72,0.44,0.294,0.706,0.929,0.571,2021-22
1629639,Tyler Herro,1610612748,MIA,22.0,66,32.6,4.62,2.21,2.41,1.2,0.02,0.2,0.41,0.38,0.53,0.91,0.417,0.583,0.0,0.36,0.36,0.36,0.08,0.0,1.0,1.0,0.208,2021-22
204020,Tyler Johnson,1610612759,SAS,30.0,6,15.2,2.5,1.5,1.0,0.83,0.17,0.5,1.17,0.17,0.17,0.33,0.5,0.5,0.0,0.17,0.17,0.17,0.0,0.0,1.0,1.0,0.0,2021-22
1630179,Tyrell Terry,1610612763,MEM,21.0,1,0.1,0.0,0.0,0.0,1.0,0.0,0.0,0.0,0.0,0.0,0.0,0.0,0.0,0.0,0.0,0.0,0.0,0.0,0.0,0.0,0.0,0.0,2021-22
1630169,Tyrese Haliburton,1610612754,IND,22.0,77,35.0,4.56,2.04,2.52,2.75,0.0,0.18,0.45,0.27,0.53,0.81,0.339,0.661,0.0,0.12,0.12,0.09,0.0,0.0,1.0,1.0,0.0,2021-22
1630178,Tyrese Maxey,1610612755,PHI,21.0,75,35.3,5.61,2.93,2.68,1.36,0.01,0.23,0.51,0.13,0.51,0.64,0.208,0.792,0.0,0.36,0.36,0.31,0.07,0.0,1.0,0.885,0.192,2021-22
1627820,Tyrone Wallace,1610612740,NOP,28.0,5,14.4,2.0,1.2,0.8,1.2,0.0,0.2,0.4,0.0,0.0,0.0,0.0,0.0,0.0,0.0,0.0,0.0,0.0,0.0,0.0,0.0,0.0,2021-22
1626145,Tyus Jones,1610612763,MEM,26.0,71,21.1,2.01,0.65,1.37,1.31,0.01,0.2,0.42,0.13,0.27,0.39,0.321,0.679,0.0,0.14,0.14,0.13,0.03,0.0,1.0,1.0,0.222,2021-22
1628962,Udoka Azubuike,1610612762,UTA,22.0,14,13.6,6.93,5.57,1.36,0.5,0.0,1.71,4.07,0.0,0.0,0.0,0.0,0.0,0.07,0.86,0.93,0.64,0.36,0.077,0.923,0.9,0.5,2021-22
2617,Udonis Haslem,1610612748,MIA,42.0,11,7.3,1.36,0.45,0.91,0.0,0.18,1.18,2.82,0.18,0.09,0.27,0.667,0.333,0.27,0.55,0.82,0.27,0.27,0.333,0.667,1.0,1.0,2021-22
1630586,Usman Garuba,1610612745,HOU,20.0,23,10.3,3.48,2.17,1.3,0.91,0.0,1.39,3.22,0.17,0.13,0.3,0.571,0.429,0.17,0.43,0.61,0.48,0.3,0.286,0.714,0.917,0.583,2021-22
1630176,Vernon Carey Jr.,1610612764,WAS,21.0,3,12.3,6.67,4.67,2.0,0.67,0.0,2.33,5.0,0.0,0.0,0.0,0.0,0.0,1.0,0.67,1.67,1.67,1.33,0.6,0.4,1.0,0.8,2021-22
203506,Victor Oladipo,1610612748,MIA,30.0,8,21.6,4.0,2.38,1.63,1.63,0.38,0.25,0.75,0.0,0.38,0.38,0.0,1.0,0.0,1.0,1.0,1.0,0.13,0.0,1.0,1.0,0.125,2021-22
1628427,Vlatko Cancar,1610612743,DEN,25.0,14,12.5,3.21,1.93,1.29,0.21,0.0,0.21,0.64,0.07,0.14,0.21,0.333,0.667,0.0,0.07,0.07,0.07,0.0,0.0,1.0,1.0,0.0,2021-22
1630249,Vít Krejčí,1610612760,OKC,22.0,29,23.8,5.24,2.59,2.66,1.38,0.0,0.07,0.21,0.14,0.31,0.45,0.308,0.692,0.03,0.28,0.31,0.28,0.17,0.111,0.889,0.889,0.556,2021-22
201961,Wayne Ellington,1610612747,LAL,34.0,42,19.0,2.88,1.21,1.67,1.1,0.0,0.07,0.17,0.19,0.19,0.38,0.5,0.5,0.05,0.33,0.38,0.33,0.12,0.125,0.875,0.875,0.313,2021-22
1627782,Wayne Selden,1610612752,NYK,27.0,2,5.2,3.0,1.0,2.0,0.5,0.0,0.0,0.0,0.0,0.0,0.0,0.0,0.0,0.0,0.0,0.0,0.0,0.0,0.0,0.0,0.0,0.0,2021-22
1628976,Wendell Carter Jr.,1610612753,ORL,23.0,62,29.9,7.58,4.95,2.63,1.11,0.02,3.73,8.35,0.27,0.27,0.55,0.5,0.5,0.45,1.35,1.81,1.52,0.98,0.25,0.75,0.94,0.61,2021-22
1629117,Wenyen Gabriel,1610612747,LAL,25.0,25,14.3,6.04,3.72,2.32,0.72,0.0,1.32,3.08,0.4,0.16,0.56,0.714,0.286,0.56,0.6,1.16,0.96,0.6,0.483,0.517,0.857,0.536,2021-22
1628411,Wes Iwundu,1610612737,ATL,27.0,3,27.4,5.0,3.33,1.67,1.33,0.0,0.0,0.0,0.33,0.33,0.67,0.5,0.5,0.0,0.67,0.67,0.67,0.0,0.0,1.0,1.0,0.0,2021-22
202083,Wesley Matthews,1610612749,MIL,35.0,48,20.4,3.83,2.31,1.52,1.58,0.04,0.29,0.67,0.15,0.13,0.27,0.538,0.462,0.17,0.79,0.96,0.85,0.27,0.174,0.826,0.976,0.31,2021-22
203115,Will Barton,1610612743,DEN,31.0,71,32.1,4.54,2.2,2.34,1.34,0.0,0.1,0.21,0.18,0.21,0.39,0.464,0.536,0.01,0.06,0.07,0.07,0.03,0.2,0.8,1.0,0.4,2021-22
1626161,Willie Cauley-Stein,1610612755,PHI,28.0,19,9.6,3.11,2.16,0.95,0.63,0.0,1.84,4.0,0.11,0.05,0.16,0.667,0.333,0.0,0.74,0.74,0.58,0.26,0.0,1.0,0.917,0.417,2021-22
1626195,Willy Hernangomez,1610612740,NOP,28.0,49,17.1,5.92,4.57,1.35,0.96,0.0,2.61,5.78,0.29,0.14,0.43,0.667,0.333,0.65,0.82,1.47,1.27,0.92,0.444,0.556,0.925,0.672,2021-22
1629875,Xavier Moon,1610612746,LAC,27.0,8,16.7,1.88,1.25,0.63,1.13,0.0,0.25,0.75,0.13,0.25,0.38,0.333,0.667,0.0,0.0,0.0,0.0,0.0,0.0,0.0,0.0,0.0,2021-22
1630270,Xavier Sneed,1610612762,UTA,24.0,6,5.0,0.83,0.33,0.5,0.5,0.0,0.0,0.0,0.17,0.0,0.17,1.0,0.0,0.0,0.0,0.0,0.0,0.0,0.0,0.0,0.0,0.0,2021-22
1630214,Xavier Tillman,1610612763,MEM,23.0,52,13.4,4.0,2.52,1.48,1.35,0.0,1.44,3.13,0.23,0.21,0.44,0.522,0.478,0.23,0.65,0.88,0.75,0.33,0.261,0.739,0.951,0.415,2021-22
1629139,Yuta Watanabe,1610612761,TOR,27.0,32,13.5,3.91,2.41,1.5,0.59,0.03,0.13,0.28,0.22,0.19,0.41,0.538,0.462,0.0,0.47,0.47,0.47,0.09,0.0,1.0,1.0,0.2,2021-22
1630582,Yves Pons,1610612763,MEM,23.0,6,10.0,2.17,1.0,1.17,0.5,0.0,0.0,0.0,0.0,0.0,0.0,0.0,0.0,0.0,0.0,0.0,0.0,0.0,0.0,0.0,0.0,0.0,2021-22
1628380,Zach Collins,1610612759,SAS,24.0,28,17.9,8.46,6.46,2.0,0.64,0.0,2.96,6.29,0.29,0.11,0.39,0.727,0.273,0.43,1.21,1.64,1.39,0.79,0.261,0.739,0.951,0.537,2021-22
203897,Zach LaVine,1610612741,CHI,27.0,66,35.2,6.03,2.56,3.47,1.05,0.02,0.45,0.95,0.39,0.24,0.64,0.619,0.381,0.05,0.38,0.42,0.41,0.21,0.107,0.893,0.964,0.5,2021-22
1630285,Zavier Simpson,1610612760,OKC,25.0,4,43.5,9.75,3.75,6.0,2.25,0.0,0.0,0.0,0.25,0.75,1.0,0.25,0.75,0.0,0.25,0.25,0.25,0.0,0.0,1.0,1.0,0.0,2021-22
1630192,Zeke Nnaji,1610612743,DEN,21.0,41,17.0,3.68,2.0,1.68,0.76,0.0,0.95,2.37,0.24,0.15,0.39,0.625,0.375,0.54,0.73,1.27,1.15,0.76,0.423,0.577,0.979,0.646,2021-22
1630533,Ziaire Williams,1610612763,MEM,20.0,61,22.0,4.7,2.18,2.52,1.0,0.0,0.11,0.25,0.13,0.18,0.31,0.421,0.579,0.0,0.23,0.23,0.2,0.05,0.0,1.0,1.0,0.25,2021-22
1630639,A.J. Lawson,1610612742,DAL,22.0,8,12.1,1.75,0.88,0.88,0.63,0.0,0.13,0.25,0.0,0.13,0.13,0.0,1.0,0.0,0.0,0.0,0.0,0.0,0.0,0.0,0.0,0.0,2022-23
1631260,AJ Green,1610612749,MIL,23.0,23,13.5,1.96,0.87,1.09,0.35,0.04,0.22,0.57,0.04,0.17,0.22,0.2,0.8,0.0,0.17,0.17,0.17,0.09,0.0,1.0,1.0,0.5,2022-23
1631100,AJ Griffin,1610612737,ATL,19.0,67,20.4,3.09,1.52,1.57,0.96,0.0,0.18,0.42,0.22,0.24,0.46,0.484,0.516,0.0,0.09,0.09,0.09,0.03,0.0,1.0,1.0,0.333,2022-23
203932,Aaron Gordon,1610612743,DEN,27.0,68,30.2,5.5,3.93,1.57,1.16,0.01,0.87,2.12,0.41,0.34,0.75,0.549,0.451,0.18,0.29,0.47,0.46,0.32,0.375,0.625,0.969,0.688,2022-23
1628988,Aaron Holiday,1610612737,ATL,26.0,51,15.8,2.27,1.16,1.12,1.37,0.0,0.04,0.08,0.16,0.2,0.35,0.444,0.556,0.0,0.18,0.18,0.18,0.04,0.0,1.0,1.0,0.222,2022-23
1630174,Aaron Nesmith,1610612754,IND,23.0,73,24.9,5.42,3.37,2.05,1.49,0.16,0.4,0.97,0.15,0.32,0.47,0.324,0.676,0.07,0.51,0.58,0.4,0.18,0.119,0.881,0.906,0.406,2022-23
1630598,Aaron Wiggins,1610612760,OKC,24.0,69,18.6,4.8,2.91,1.88,1.23,0.01,0.58,1.33,0.29,0.19,0.48,0.606,0.394,0.04,0.36,0.41,0.38,0.16,0.107,0.893,0.929,0.393,2022-23
1629678,Admiral Schofield,1610612753,ORL,26.0,34,13.1,2.68,1.12,1.56,0.56,0.18,1.09,2.32,0.09,0.09,0.18,0.5,0.5,0.12,0.32,0.44,0.41,0.24,0.267,0.733,1.0,0.571,2022-23
201143,Al Horford,1610612738,BOS,37.0,63,30.5,10.1,6.46,3.63,1.19,0.0,1.86,4.44,0.3,0.16,0.46,0.655,0.345,0.24,1.16,1.4,1.29,0.6,0.17,0.83,0.953,0.447,2022-23
202692,Alec Burks,1610612765,DET,31.0,51,22.0,3.0,1.37,1.63,1.18,0.06,0.18,0.39,0.25,0.29,0.55,0.464,0.536,0.0,0.16,0.16,0.16,0.1,0.0,1.0,1.0,0.625,2022-23
1630197,Aleksej Pokusevski,1610612760,OKC,21.0,34,20.6,7.0,5.56,1.44,1.18,0.0,1.32,2.88,0.26,0.15,0.41,0.643,0.357,0.0,0.65,0.65,0.53,0.12,0.0,1.0,0.9,0.2,2022-23
1627936,Alex Caruso,1610612741,CHI,29.0,67,23.5,5.28,2.43,2.85,3.39,0.21,0.84,1.9,0.21,0.37,0.58,0.359,0.641,0.0,0.31,0.31,0.25,0.06,0.0,1.0,1.0,0.235,2022-23
203458,Alex Len,1610612758,SAC,30.0,23,6.8,3.13,2.61,0.52,0.65,0.0,1.61,3.7,0.09,0.09,0.17,0.5,0.5,0.09,0.26,0.35,0.35,0.17,0.25,0.75,1.0,0.5,2022-23
1628993,Alize Johnson,1610612759,SAS,27.0,4,7.4,1.0,0.75,0.25,0.5,0.0,0.5,1.25,0.0,0.25,0.25,0.0,1.0,0.0,0.25,0.25,0.25,0.25,0.0,1.0,1.0,1.0,2022-23
1631214,Alondes Williams,1610612751,BKN,24.0,1,5.3,0.0,0.0,0.0,1.0,0.0,0.0,0.0,0.0,0.0,0.0,0.0,0.0,0.0,0.0,0.0,0.0,0.0,0.0,0.0,0.0,0.0,2022-23
1630578,Alperen Sengun,1610612745,HOU,20.0,75,28.9,8.37,6.65,1.72,1.77,0.12,3.37,7.73,0.33,0.23,0.56,0.595,0.405,0.49,1.36,1.85,1.76,1.08,0.266,0.734,0.992,0.609,2022-23
1629599,Amir Coffey,1610612746,LAC,26.0,37,15.8,2.05,1.16,0.89,0.68,0.08,0.05,0.11,0.11,0.05,0.16,0.667,0.333,0.03,0.22,0.24,0.19,0.03,0.111,0.889,1.0,0.143,2022-23
203083,Andre Drummond,1610612741,CHI,29.0,67,12.7,3.76,2.75,1.01,1.21,0.03,1.6,3.37,0.16,0.16,0.33,0.5,0.5,0.63,0.54,1.16,1.1,0.87,0.538,0.462,0.949,0.744,2022-23
2738,Andre Iguodala,1610612744,GSW,39.0,8,14.1,2.75,1.38,1.38,1.25,0.0,1.0,2.63,0.13,0.0,0.13,1.0,0.0,0.0,0.25,0.25,0.25,0.0,0.0,1.0,1.0,0.0,2022-23
1629614,Andrew Nembhard,1610612754,IND,23.0,75,27.6,3.59,2.08,1.51,1.84,0.2,0.21,0.53,0.24,0.32,0.56,0.429,0.571,0.0,0.25,0.25,0.21,0.05,0.0,1.0,0.941,0.235,2022-23
203952,Andrew Wiggins,1610612744,GSW,28.0,37,32.2,7.97,4.51,3.46,2.22,0.03,0.81,2.16,0.32,0.35,0.68,0.48,0.52,0.14,0.57,0.7,0.68,0.19,0.192,0.808,1.0,0.28,2022-23
1629014,Anfernee Simons,1610612757,POR,24.0,62,35.0,4.56,2.35,2.21,1.63,0.03,0.24,0.55,0.18,0.26,0.44,0.407,0.593,0.0,0.08,0.08,0.08,0.05,0.0,1.0,1.0,0.6,2022-23
203076,Anthony Davis,1610612747,LAL,30.0,55,34.5,10.76,8.24,2.53,2.11,0.04,3.24,7.22,0.47,0.56,1.04,0.456,0.544,0.71,1.31,2.02,1.96,1.51,0.351,0.649,1.0,0.769,2022-23
1630162,Anthony Edwards,1610612750,MIN,21.0,79,36.0,4.53,2.23,2.3,2.58,0.0,0.03,0.06,0.32,0.3,0.62,0.51,0.49,0.03,0.18,0.2,0.19,0.11,0.125,0.875,0.938,0.563,2022-23
1630264,Anthony Gill,1610612764,WAS,30.0,47,12.3,2.83,1.53,1.3,0.45,0.09,0.66,1.62,0.15,0.09,0.23,0.636,0.364,0.06,0.62,0.68,0.51,0.15,0.094,0.906,0.923,0.269,2022-23
1630237,Anthony Lamb,1610612744,GSW,25.0,62,19.3,5.4,3.6,1.81,0.92,0.1,0.68,1.82,0.26,0.18,0.44,0.593,0.407,0.1,0.61,0.71,0.63,0.27,0.136,0.864,0.929,0.405,2022-23
1630559,Austin Reaves,1610612747,LAL,25.0,64,28.8,5.27,2.83,2.44,1.05,0.3,0.28,0.64,0.2,0.22,0.42,0.481,0.519,0.0,0.27,0.27,0.27,0.03,0.0,1.0,1.0,0.118,2022-23
203085,Austin Rivers,1610612750,MIN,30.0,43,22.2,2.49,1.53,0.95,1.12,0.02,0.23,0.53,0.07,0.16,0.23,0.3,0.7,0.0,0.16,0.16,0.16,0.0,0.0,1.0,1.0,0.0,2022-23
1630245,Ayo Dosunmu,1610612741,CHI,23.0,80,26.2,5.21,2.73,2.49,1.38,0.01,0.23,0.48,0.23,0.34,0.56,0.4,0.6,0.0,0.1,0.1,0.09,0.03,0.0,1.0,0.875,0.25,2022-23
1628389,Bam Adebayo,1610612748,MIA,25.0,75,34.6,7.41,5.15,2.27,1.79,0.03,4.41,10.37,0.44,0.24,0.68,0.647,0.353,0.32,1.91,2.23,1.85,0.76,0.144,0.856,0.946,0.388,2022-23
1627732,Ben Simmons,1610612751,BKN,26.0,42,26.3,3.88,2.6,1.29,2.62,0.07,2.79,6.88,0.24,0.33,0.57,0.417,0.583,0.1,0.69,0.79,0.67,0.43,0.121,0.879,0.933,0.6,2022-23
1631097,Bennedict Mathurin,1610612754,IND,21.0,77,28.8,3.03,1.44,1.58,1.19,0.03,0.27,0.64,0.31,0.29,0.6,0.522,0.478,0.08,0.48,0.56,0.47,0.13,0.14,0.86,0.947,0.263,2022-23
202687,Bismack Biyombo,1610612756,PHX,30.0,60,14.6,5.82,4.98,0.83,0.73,0.0,2.37,5.18,0.18,0.12,0.3,0.611,0.389,0.18,1.07,1.25,1.15,0.65,0.147,0.853,0.986,0.557,2022-23
201933,Blake Griffin,1610612738,BOS,34.0,40,14.2,3.85,2.3,1.55,0.88,0.38,1.5,3.63,0.28,0.1,0.38,0.733,0.267,0.18,0.88,1.05,0.93,0.43,0.167,0.833,0.902,0.415,2022-23
1631104,Blake Wesley,1610612759,SAS,20.0,33,19.6,2.0,0.79,1.21,1.55,0.03,0.03,0.09,0.09,0.09,0.18,0.5,0.5,0.0,0.09,0.09,0.09,0.0,0.0,1.0,1.0,0.0,2022-23
1626246,Boban Marjanovic,1610612745,HOU,34.0,27,5.8,1.52,1.22,0.3,0.26,0.0,0.63,1.33,0.04,0.0,0.04,1.0,0.0,0.11,0.15,0.26,0.26,0.15,0.429,0.571,1.0,0.571,2022-23
1626171,Bobby Portis Jr.,1610612749,MIL,28.0,69,26.1,5.62,3.28,2.35,0.84,0.0,1.29,3.07,0.33,0.2,0.54,0.622,0.378,0.35,0.83,1.17,1.03,0.83,0.296,0.704,0.922,0.74,2022-23
203992,Bogdan Bogdanović,1610612737,ATL,30.0,54,27.9,6.09,2.8,3.3,1.91,0.02,0.57,1.3,0.11,0.15,0.26,0.429,0.571,0.02,0.15,0.17,0.13,0.11,0.111,0.889,1.0,0.857,2022-23
202711,Bojan Bogdanovic,1610612765,DET,34.0,59,32.1,4.69,2.56,2.14,0.95,0.0,0.39,0.88,0.29,0.19,0.47,0.607,0.393,0.03,0.58,0.61,0.53,0.08,0.056,0.944,1.0,0.161,2022-23
1629626,Bol Bol,1610612753,ORL,23.0,70,21.5,5.99,3.13,2.86,0.73,0.0,0.53,1.14,0.19,0.13,0.31,0.591,0.409,0.07,0.46,0.53,0.49,0.36,0.135,0.865,0.971,0.714,2022-23
1630538,Bones Hyland,1610612746,LAC,22.0,55,19.6,2.47,1.0,1.47,1.13,0.0,0.15,0.31,0.22,0.24,0.45,0.48,0.52,0.0,0.04,0.04,0.04,0.02,0.0,1.0,1.0,0.5,2022-23
203078,Bradley Beal,1610612764,WAS,30.0,49,34.1,4.51,2.1,2.41,1.96,0.08,0.37,0.86,0.27,0.18,0.45,0.591,0.409,0.0,0.1,0.1,0.1,0.06,0.0,1.0,1.0,0.6,2022-23
1630527,Brandon Boston Jr.,1610612746,LAC,21.0,17,13.4,2.06,0.88,1.18,1.29,0.0,0.06,0.12,0.06,0.12,0.18,0.333,0.667,0.0,0.18,0.18,0.12,0.0,0.0,1.0,1.0,0.0,2022-23
1629634,Brandon Clarke,1610612763,MEM,26.0,55,19.8,4.89,3.73,1.16,1.35,0.02,2.44,5.6,0.16,0.13,0.29,0.563,0.438,0.27,1.0,1.27,1.09,0.6,0.214,0.786,0.923,0.508,2022-23
1627742,Brandon Ingram,1610612740,NOP,25.0,45,34.2,5.87,2.87,3.0,1.69,0.04,0.67,1.47,0.27,0.2,0.47,0.571,0.429,0.0,0.24,0.24,0.22,0.04,0.0,1.0,0.909,0.182,2022-23
1630296,Braxton Key,1610612765,DET,26.0,2,3.5,1.5,1.5,0.0,0.0,0.0,1.0,2.0,0.0,0.0,0.0,0.0,0.0,0.0,0.0,0.0,0.0,0.0,0.0,0.0,0.0,0.0,2022-23
201572,Brook Lopez,1610612749,MIL,35.0,78,30.4,17.44,15.71,1.73,0.99,0.0,2.85,6.63,0.21,0.17,0.37,0.552,0.448,0.4,1.42,1.82,1.72,0.88,0.218,0.782,0.957,0.493,2022-23
1628971,Bruce Brown,1610612743,DEN,26.0,80,28.5,5.03,2.64,2.39,2.06,0.0,0.24,0.53,0.23,0.26,0.49,0.462,0.538,0.01,0.18,0.19,0.19,0.06,0.067,0.933,1.0,0.333,2022-23
1628981,Bruno Fernando,1610612737,ATL,24.0,38,10.6,3.42,2.97,0.45,0.29,0.0,1.68,3.95,0.18,0.21,0.39,0.467,0.533,0.18,0.71,0.89,0.74,0.34,0.206,0.794,1.0,0.464,2022-23
1631121,Bryce McGowens,1610612766,CHA,20.0,37,20.4,2.3,0.95,1.35,0.76,0.05,0.0,0.0,0.14,0.27,0.41,0.333,0.667,0.0,0.24,0.24,0.22,0.08,0.0,1.0,0.889,0.333,2022-23
1627854,Bryn Forbes,1610612750,MIN,29.0,19,11.6,1.05,0.42,0.63,0.58,0.0,0.21,0.47,0.05,0.16,0.21,0.25,0.75,0.0,0.05,0.05,0.0,0.0,0.0,1.0,0.0,0.0,2022-23
1631205,Buddy Boeheim,1610612765,DET,23.0,6,11.2,1.83,0.33,1.5,1.0,0.0,0.33,0.67,0.17,0.17,0.33,0.5,0.5,0.0,0.33,0.33,0.33,0.0,0.0,1.0,1.0,0.0,2022-23
1627741,Buddy Hield,1610612754,IND,30.0,80,31.0,5.54,2.78,2.76,2.13,0.0,0.49,1.01,0.43,0.41,0.84,0.507,0.493,0.05,0.16,0.21,0.21,0.13,0.235,0.765,1.0,0.588,2022-23
203468,CJ McCollum,1610612740,NOP,31.0,75,35.3,5.25,2.37,2.88,1.49,0.03,0.39,0.83,0.35,0.32,0.67,0.52,0.48,0.0,0.23,0.23,0.21,0.08,0.0,1.0,0.941,0.353,2022-23
1630595,Cade Cunningham,1610612765,DET,21.0,12,33.3,6.83,3.5,3.33,2.0,0.0,0.42,0.83,0.33,0.5,0.83,0.4,0.6,0.08,0.83,0.92,0.75,0.42,0.091,0.909,0.9,0.5,2022-23
1631216,Caleb Houstan,1610612753,ORL,20.0,46,16.9,2.93,1.72,1.22,0.7,0.0,0.35,0.85,0.11,0.13,0.24,0.455,0.545,0.15,0.46,0.61,0.52,0.2,0.25,0.75,0.96,0.36,2022-23
1628997,Caleb Martin,1610612748,MIA,27.0,71,29.3,4.44,1.92,2.52,1.96,0.23,0.34,0.83,0.32,0.28,0.61,0.535,0.465,0.01,0.56,0.58,0.49,0.17,0.024,0.976,0.972,0.333,2022-23
1629629,Cam Reddish,1610612757,POR,23.0,40,24.7,4.95,2.25,2.7,2.03,0.0,0.05,0.1,0.18,0.35,0.53,0.333,0.667,0.0,0.33,0.33,0.3,0.05,0.0,1.0,1.0,0.167,2022-23
1630560,Cam Thomas,1610612751,BKN,21.0,48,19.1,2.88,1.5,1.38,0.56,0.0,0.23,0.52,0.21,0.15,0.35,0.588,0.412,0.0,0.19,0.19,0.19,0.08,0.0,1.0,1.0,0.444,2022-23
1629661,Cameron Johnson,1610612751,BKN,27.0,42,28.6,5.17,2.93,2.24,2.52,0.12,0.57,1.36,0.26,0.21,0.48,0.55,0.45,0.05,0.33,0.38,0.33,0.1,0.125,0.875,0.933,0.267,2022-23
1626166,Cameron Payne,1610612756,PHX,28.0,45,20.7,2.18,0.87,1.31,1.71,0.09,0.04,0.09,0.22,0.13,0.36,0.625,0.375,0.02,0.18,0.2,0.16,0.04,0.111,0.889,0.778,0.222,2022-23
1627747,Caris LeVert,1610612739,CLE,28.0,74,30.2,3.97,2.24,1.73,1.97,0.08,0.24,0.59,0.38,0.45,0.82,0.459,0.541,0.0,0.3,0.3,0.28,0.09,0.0,1.0,0.955,0.318,2022-23
1630637,Carlik Jones,1610612741,CHI,25.0,3,16.3,3.0,1.67,1.33,0.67,0.0,0.0,0.0,0.67,0.67,1.33,0.5,0.5,0.0,0.33,0.33,0.33,0.0,0.0,1.0,1.0,0.0,2022-23
1626224,Cedi Osman,1610612739,CLE,28.0,68,21.4,2.79,1.59,1.21,0.9,0.07,0.29,0.68,0.12,0.12,0.24,0.5,0.5,0.0,0.13,0.13,0.12,0.09,0.0,1.0,1.0,0.75,2022-23
1628435,Chance Comanche,1610612757,POR,27.0,1,20.8,3.0,1.0,2.0,0.0,0.0,2.0,4.0,0.0,0.0,0.0,0.0,0.0,1.0,0.0,1.0,1.0,1.0,1.0,0.0,1.0,1.0,2022-23
1629646,Charles Bassey,1610612759,SAS,22.0,33,15.2,3.88,3.15,0.73,1.06,0.0,2.27,5.15,0.18,0.15,0.33,0.545,0.455,0.39,0.45,0.85,0.85,0.64,0.464,0.536,1.0,0.75,2022-23
1631320,Chima Moneke,1610612758,SAC,27.0,1,6.3,3.0,1.0,2.0,0.0,0.0,1.0,3.0,0.0,0.0,0.0,0.0,0.0,0.0,0.0,0.0,0.0,0.0,0.0,0.0,0.0,0.0,2022-23
1629002,Chimezie Metu,1610612758,SAC,26.0,61,10.9,3.62,2.52,1.1,0.77,0.0,1.0,2.31,0.13,0.08,0.21,0.615,0.385,0.08,0.3,0.38,0.36,0.2,0.217,0.783,1.0,0.545,2022-23
1628449,Chris Boucher,1610612761,TOR,30.0,76,20.0,4.64,2.95,1.7,0.97,0.13,0.49,1.17,0.17,0.18,0.36,0.481,0.519,0.28,0.25,0.53,0.5,0.34,0.525,0.475,0.974,0.667,2022-23
1630537,Chris Duarte,1610612754,IND,26.0,45,19.9,3.82,1.82,2.0,0.96,0.04,0.2,0.42,0.16,0.27,0.42,0.368,0.632,0.02,0.38,0.4,0.36,0.11,0.056,0.944,0.889,0.278,2022-23
101108,Chris Paul,1610612756,PHX,38.0,59,32.0,2.76,1.12,1.64,2.41,0.05,0.34,0.75,0.29,0.49,0.78,0.37,0.63,0.02,0.19,0.2,0.2,0.07,0.083,0.917,1.0,0.333,2022-23
1629735,Chris Silva,1610612737,ATL,26.0,1,3.0,2.0,1.0,1.0,0.0,0.0,0.0,0.0,0.0,0.0,0.0,0.0,0.0,0.0,1.0,1.0,1.0,0.0,0.0,1.0,1.0,0.0,2022-23
1631128,Christian Braun,1610612743,DEN,22.0,64,17.7,3.73,2.22,1.52,0.88,0.03,0.08,0.22,0.09,0.05,0.14,0.667,0.333,0.0,0.08,0.08,0.06,0.02,0.0,1.0,1.0,0.25,2022-23
1631132,Christian Koloko,1610612761,TOR,23.0,57,14.0,5.44,4.35,1.09,0.72,0.0,1.74,3.95,0.09,0.16,0.25,0.357,0.643,0.19,0.56,0.75,0.72,0.37,0.256,0.744,1.0,0.512,2022-23
1626174,Christian Wood,1610612742,DAL,27.0,67,25.9,7.67,5.78,1.9,0.61,0.0,1.7,3.9,0.21,0.28,0.49,0.424,0.576,0.19,1.0,1.19,1.13,0.6,0.163,0.838,0.962,0.506,2022-23
1629643,Chuma Okeke,1610612753,ORL,24.0,26,19.9,3.77,1.85,1.92,1.42,0.0,0.08,0.15,0.23,0.08,0.31,0.75,0.25,0.0,0.65,0.65,0.54,0.23,0.0,1.0,1.0,0.429,2022-23
203991,Clint Capela,1610612737,ATL,29.0,65,26.6,9.18,7.57,1.62,1.06,0.25,4.52,9.66,0.32,0.2,0.52,0.618,0.382,0.42,1.12,1.54,1.4,1.02,0.27,0.73,0.978,0.71,2022-23
1629632,Coby White,1610612741,CHI,23.0,73,23.6,4.55,2.18,2.37,0.95,0.11,0.16,0.34,0.15,0.4,0.55,0.275,0.725,0.0,0.18,0.18,0.18,0.11,0.0,1.0,1.0,0.615,2022-23
1628998,Cody Martin,1610612766,CHA,27.0,6,22.1,3.33,1.17,2.17,1.83,0.0,0.33,0.83,0.5,0.17,0.67,0.75,0.25,0.17,0.5,0.67,0.67,0.0,0.25,0.75,1.0,0.0,2022-23
203469,Cody Zeller,1610612748,MIA,30.0,15,14.4,3.87,3.2,0.67,0.47,0.0,2.0,4.8,0.07,0.07,0.13,0.5,0.5,0.27,0.8,1.07,0.87,0.53,0.25,0.75,0.929,0.571,2022-23
1630175,Cole Anthony,1610612753,ORL,23.0,60,25.9,3.55,1.77,1.78,1.13,0.03,0.18,0.43,0.3,0.33,0.63,0.474,0.526,0.02,0.05,0.07,0.07,0.03,0.25,0.75,1.0,0.5,2022-23
1631306,Cole Swider,1610612747,LAL,24.0,3,10.2,2.67,0.33,2.33,0.0,0.0,0.0,0.0,0.0,0.33,0.33,0.0,1.0,0.0,0.33,0.33,0.33,0.33,0.0,1.0,1.0,1.0,2022-23
1629012,Collin Sexton,1610612762,UTA,24.0,47,24.3,2.7,1.51,1.19,0.94,0.02,0.32,0.85,0.3,0.11,0.4,0.737,0.263,0.02,0.04,0.06,0.06,0.02,0.333,0.667,1.0,0.333,2022-23
1630557,Corey Kispert,1610612764,WAS,24.0,73,28.5,4.62,2.89,1.73,0.78,0.0,0.52,1.15,0.14,0.18,0.32,0.435,0.565,0.03,0.25,0.27,0.27,0.05,0.1,0.9,1.0,0.2,2022-23
202709,Cory Joseph,1610612765,DET,31.0,58,20.7,3.71,1.84,1.86,0.93,0.03,0.33,0.81,0.19,0.21,0.4,0.478,0.522,0.0,0.33,0.33,0.29,0.07,0.0,1.0,0.895,0.211,2022-23
1626156,D'Angelo Russell,1610612747,LAL,27.0,70,32.5,3.89,1.63,2.26,2.23,0.03,0.27,0.61,0.31,0.23,0.54,0.579,0.421,0.01,0.13,0.14,0.11,0.04,0.1,0.9,0.889,0.333,2022-23
1630227,Daishen Nix,1610612745,HOU,21.0,50,17.3,1.84,0.66,1.18,1.58,0.02,0.1,0.2,0.16,0.2,0.36,0.444,0.556,0.02,0.14,0.16,0.16,0.1,0.125,0.875,1.0,0.625,2022-23
1630625,Dalano Banton,1610612761,TOR,23.0,27,9.7,2.22,1.19,1.04,1.07,0.0,0.11,0.26,0.0,0.15,0.15,0.0,1.0,0.04,0.04,0.07,0.04,0.04,0.5,0.5,0.5,0.5,2022-23
1631207,Dalen Terry,1610612741,CHI,20.0,23,7.9,1.57,0.65,0.91,0.87,0.04,0.04,0.13,0.17,0.04,0.22,0.8,0.2,0.0,0.13,0.13,0.09,0.04,0.0,1.0,1.0,0.5,2022-23
1627745,Damian Jones,1610612762,UTA,28.0,37,12.8,4.51,3.22,1.3,0.43,0.03,1.65,3.81,0.14,0.14,0.27,0.5,0.5,0.11,0.65,0.76,0.57,0.35,0.143,0.857,0.913,0.565,2022-23
203081,Damian Lillard,1610612757,POR,32.0,55,36.5,2.98,1.42,1.56,1.64,0.09,0.18,0.36,0.31,0.38,0.69,0.447,0.553,0.02,0.16,0.18,0.18,0.11,0.1,0.9,1.0,0.6,2022-23
1627814,Damion Lee,1610612756,PHX,30.0,68,21.1,2.76,1.22,1.54,0.6,0.0,0.22,0.46,0.16,0.15,0.31,0.524,0.476,0.0,0.26,0.26,0.25,0.06,0.0,1.0,1.0,0.235,2022-23
1629655,Daniel Gafford,1610612764,WAS,24.0,78,20.6,7.27,5.99,1.28,1.0,0.01,3.08,6.71,0.27,0.22,0.49,0.553,0.447,0.35,1.46,1.81,1.65,0.69,0.191,0.809,0.963,0.403,2022-23
1628464,Daniel Theis,1610612754,IND,31.0,7,15.5,4.43,3.43,1.0,0.57,0.0,1.86,4.0,0.0,0.0,0.0,0.0,0.0,0.14,0.71,0.86,0.86,0.29,0.167,0.833,1.0,0.333,2022-23
201980,Danny Green,1610612739,CLE,36.0,10,13.5,2.3,1.4,0.9,1.4,0.0,0.1,0.2,0.0,0.2,0.2,0.0,1.0,0.0,0.0,0.0,0.0,0.0,0.0,0.0,0.0,0.0,2022-23
1627863,Danuel House Jr.,1610612755,PHI,30.0,50,15.6,2.66,1.44,1.22,0.64,0.1,0.26,0.68,0.1,0.2,0.3,0.333,0.667,0.02,0.32,0.34,0.28,0.06,0.059,0.941,0.875,0.188,2022-23
203967,Dario Saric,1610612760,OKC,29.0,51,15.5,3.61,2.73,0.88,0.8,0.02,0.84,1.94,0.16,0.14,0.29,0.533,0.467,0.24,0.88,1.12,0.96,0.53,0.211,0.789,0.98,0.54,2022-23
1629647,Darius Bazley,1610612756,PHX,23.0,42,14.6,5.21,2.95,2.26,0.86,0.0,0.93,2.02,0.1,0.07,0.17,0.571,0.429,0.02,0.24,0.26,0.21,0.12,0.091,0.909,0.9,0.5,2022-23
1630620,Darius Days,1610612745,HOU,23.0,2,10.4,1.5,0.5,1.0,1.5,0.0,0.0,0.0,0.0,0.0,0.0,0.0,0.0,0.0,0.0,0.0,0.0,0.0,0.0,0.0,0.0,0.0,2022-23
1629636,Darius Garland,1610612739,CLE,23.0,69,35.5,3.48,1.59,1.88,2.0,0.1,0.19,0.48,0.22,0.35,0.57,0.385,0.615,0.0,0.09,0.09,0.09,0.01,0.0,1.0,1.0,0.167,2022-23
1630561,David Duke Jr.,1610612751,BKN,23.0,16,13.0,2.0,1.06,0.94,0.81,0.06,0.25,0.75,0.19,0.19,0.38,0.5,0.5,0.0,0.19,0.19,0.19,0.0,0.0,1.0,1.0,0.0,2022-23
1631223,David Roddy,1610612763,MEM,22.0,67,18.6,3.45,1.57,1.88,0.73,0.06,0.15,0.39,0.18,0.15,0.33,0.545,0.455,0.09,0.31,0.4,0.37,0.18,0.222,0.778,0.926,0.444,2022-23
1630558,Davion Mitchell,1610612758,SAC,24.0,77,18.2,2.92,1.49,1.43,0.92,0.19,0.09,0.22,0.1,0.19,0.3,0.348,0.652,0.0,0.16,0.16,0.14,0.03,0.0,1.0,1.0,0.182,2022-23
202722,Davis Bertans,1610612742,DAL,30.0,41,10.9,2.98,2.17,0.8,0.49,0.0,0.49,1.17,0.1,0.05,0.15,0.667,0.333,0.0,0.39,0.39,0.37,0.1,0.0,1.0,1.0,0.267,2022-23
1628432,Davon Reed,1610612743,DEN,28.0,32,9.8,1.81,0.72,1.09,0.56,0.0,0.09,0.25,0.16,0.13,0.28,0.556,0.444,0.0,0.19,0.19,0.16,0.03,0.0,1.0,1.0,0.2,2022-23
1630549,Day'Ron Sharpe,1610612751,BKN,21.0,43,12.6,4.81,3.6,1.21,0.67,0.0,2.26,5.21,0.16,0.14,0.3,0.538,0.462,0.7,0.7,1.4,1.37,0.88,0.5,0.5,1.0,0.644,2022-23
1628368,De'Aaron Fox,1610612758,SAC,25.0,73,33.4,4.95,1.82,3.12,2.68,0.07,0.18,0.47,0.42,0.23,0.66,0.646,0.354,0.01,0.08,0.1,0.1,0.03,0.143,0.857,1.0,0.286,2022-23
1629631,De'Andre Hunter,1610612737,ATL,25.0,65,32.2,5.88,2.69,3.18,1.42,0.06,0.48,1.11,0.22,0.18,0.4,0.538,0.462,0.02,0.48,0.49,0.35,0.09,0.031,0.969,0.885,0.231,2022-23
1629001,De'Anthony Melton,1610612755,PHI,25.0,77,27.9,3.96,1.95,2.01,3.04,0.0,0.29,0.68,0.36,0.31,0.68,0.538,0.462,0.01,0.29,0.3,0.27,0.1,0.043,0.957,0.955,0.364,2022-23
201599,DeAndre Jordan,1610612743,DEN,34.0,38,15.4,3.53,2.92,0.61,0.58,0.0,2.11,4.66,0.05,0.08,0.13,0.4,0.6,0.32,0.53,0.84,0.84,0.68,0.375,0.625,1.0,0.813,2022-23
201942,DeMar DeRozan,1610612741,CHI,33.0,74,36.2,4.85,2.15,2.7,1.84,0.18,0.12,0.32,0.28,0.31,0.59,0.477,0.523,0.03,0.43,0.46,0.42,0.15,0.059,0.941,0.969,0.344,2022-23
1629731,Dean Wade,1610612739,CLE,26.0,43,20.6,4.67,3.42,1.26,1.14,0.05,0.42,1.07,0.16,0.16,0.33,0.5,0.5,0.0,0.72,0.72,0.56,0.14,0.0,1.0,0.857,0.214,2022-23
1629028,Deandre Ayton,1610612756,PHX,24.0,67,30.4,9.6,7.54,2.06,1.13,0.0,4.51,9.72,0.24,0.18,0.42,0.571,0.429,0.27,1.13,1.4,1.31,1.0,0.191,0.809,0.978,0.744,2022-23
1627749,Dejounte Murray,1610612737,ATL,26.0,72,36.5,3.57,2.01,1.56,3.22,0.0,0.15,0.35,0.38,0.44,0.82,0.458,0.542,0.01,0.11,0.13,0.11,0.1,0.111,0.889,1.0,0.875,2022-23
1626153,Delon Wright,1610612764,WAS,31.0,50,24.4,2.72,1.6,1.12,3.24,0.06,0.34,0.8,0.34,0.3,0.64,0.531,0.469,0.04,0.24,0.28,0.26,0.12,0.143,0.857,1.0,0.462,2022-23
1630166,Deni Avdija,1610612764,WAS,22.0,76,26.6,5.46,3.43,2.03,1.25,0.0,0.33,0.83,0.36,0.32,0.67,0.529,0.471,0.04,0.22,0.26,0.24,0.12,0.15,0.85,0.947,0.474,2022-23
203471,Dennis Schröder,1610612747,LAL,29.0,66,30.1,3.79,1.94,1.85,1.61,0.15,0.26,0.67,0.33,0.27,0.61,0.55,0.45,0.0,0.09,0.09,0.09,0.0,0.0,1.0,1.0,0.0,2022-23
1628372,Dennis Smith Jr.,1610612766,CHA,25.0,54,25.7,4.69,2.37,2.31,2.65,0.04,0.22,0.54,0.24,0.35,0.59,0.406,0.594,0.0,0.24,0.24,0.22,0.06,0.0,1.0,0.923,0.231,2022-23
1629126,Deonte Burton,1610612758,SAC,29.0,1,4.1,1.0,1.0,0.0,0.0,0.0,0.0,0.0,0.0,0.0,0.0,0.0,0.0,0.0,0.0,0.0,0.0,0.0,0.0,0.0,0.0,0.0,2022-23
1631220,Dereon Seabron,1610612740,NOP,23.0,2,2.3,1.0,0.5,0.5,0.0,0.0,0.0,0.0,0.0,0.0,0.0,0.0,0.0,0.0,0.0,0.0,0.0,0.0,0.0,0.0,0.0,0.0,2022-23
1627884,Derrick Jones Jr.,1610612741,CHI,26.0,62,14.4,3.35,1.92,1.44,1.05,0.0,0.74,1.58,0.16,0.15,0.31,0.526,0.474,0.08,0.48,0.56,0.52,0.19,0.143,0.857,0.97,0.364,2022-23
201565,Derrick Rose,1610612752,NYK,34.0,25,13.3,2.2,1.24,0.96,0.56,0.0,0.12,0.24,0.12,0.24,0.36,0.333,0.667,0.0,0.08,0.08,0.04,0.0,0.0,1.0,0.5,0.0,2022-23
1628401,Derrick White,1610612738,BOS,28.0,81,28.6,6.26,4.14,2.12,1.6,0.16,0.4,1.0,0.15,0.25,0.4,0.375,0.625,0.0,0.19,0.19,0.19,0.06,0.0,1.0,1.0,0.333,2022-23
1630217,Desmond Bane,1610612763,MEM,25.0,58,31.7,4.97,2.12,2.84,1.83,0.0,0.43,0.93,0.21,0.28,0.48,0.429,0.571,0.02,0.16,0.17,0.16,0.1,0.1,0.9,0.9,0.6,2022-23
1626164,Devin Booker,1610612756,PHX,26.0,52,35.2,4.4,2.19,2.21,1.98,0.02,0.31,0.73,0.4,0.42,0.83,0.488,0.512,0.06,0.42,0.48,0.46,0.15,0.12,0.88,0.96,0.32,2022-23
1630170,Devin Vassell,1610612759,SAS,22.0,38,31.0,3.45,2.29,1.16,1.97,0.0,0.11,0.24,0.13,0.42,0.55,0.238,0.762,0.0,0.26,0.26,0.24,0.13,0.0,1.0,1.0,0.556,2022-23
1629653,Devon Dotson,1610612764,WAS,23.0,6,8.9,1.17,0.5,0.67,1.0,0.0,0.0,0.0,0.17,0.33,0.5,0.333,0.667,0.0,0.17,0.17,0.17,0.0,0.0,1.0,1.0,0.0,2022-23
1628984,Devonte' Graham,1610612759,SAS,28.0,65,19.3,1.8,0.68,1.12,1.18,0.14,0.25,0.58,0.12,0.2,0.32,0.381,0.619,0.02,0.2,0.22,0.18,0.03,0.071,0.929,0.857,0.143,2022-23
203473,Dewayne Dedmon,1610612755,PHI,33.0,37,11.4,3.62,2.84,0.78,0.41,0.05,1.46,3.35,0.11,0.14,0.24,0.444,0.556,0.16,0.7,0.86,0.78,0.49,0.188,0.813,1.0,0.621,2022-23
1628415,Dillon Brooks,1610612763,MEM,27.0,73,30.3,3.84,1.7,2.14,2.08,0.01,0.36,0.86,0.14,0.27,0.41,0.333,0.667,0.0,0.45,0.45,0.42,0.1,0.0,1.0,1.0,0.226,2022-23
1627734,Domantas Sabonis,1610612758,SAC,27.0,79,34.6,9.52,8.11,1.41,1.56,0.04,5.51,13.34,0.38,0.28,0.66,0.577,0.423,0.66,1.42,2.08,2.04,1.47,0.317,0.683,0.988,0.712,2022-23
1631230,Dominick Barlow,1610612759,SAS,20.0,28,14.6,5.07,3.71,1.36,0.79,0.04,1.18,2.61,0.29,0.11,0.39,0.727,0.273,0.11,0.57,0.68,0.61,0.21,0.158,0.842,0.895,0.316,2022-23
1628378,Donovan Mitchell,1610612739,CLE,26.0,68,35.8,3.5,1.41,2.09,2.44,0.03,0.19,0.4,0.54,0.5,1.04,0.521,0.479,0.0,0.34,0.34,0.32,0.1,0.0,1.0,0.957,0.304,2022-23
1628978,Donte DiVincenzo,1610612744,GSW,26.0,72,26.3,3.83,1.78,2.06,2.49,0.0,0.39,1.04,0.33,0.26,0.6,0.558,0.442,0.01,0.11,0.13,0.13,0.01,0.111,0.889,1.0,0.111,2022-23
1627827,Dorian Finney-Smith,1610612751,BKN,30.0,66,30.4,6.11,4.18,1.92,1.52,0.0,0.79,1.92,0.42,0.3,0.73,0.583,0.417,0.03,0.55,0.58,0.47,0.14,0.053,0.947,0.969,0.281,2022-23
203926,Doug McDermott,1610612759,SAS,31.0,64,20.5,2.75,1.58,1.17,0.28,0.0,0.25,0.53,0.14,0.17,0.31,0.45,0.55,0.02,0.17,0.19,0.16,0.06,0.083,0.917,0.833,0.333,2022-23
203110,Draymond Green,1610612744,GSW,33.0,73,31.5,10.07,6.85,3.22,2.75,0.18,3.21,8.29,0.22,0.23,0.45,0.485,0.515,0.07,1.53,1.6,1.52,0.75,0.043,0.957,0.974,0.482,2022-23
1629234,Drew Eubanks,1610612757,POR,26.0,77,20.5,6.25,5.13,1.12,1.26,0.1,3.35,7.84,0.27,0.12,0.39,0.7,0.3,0.29,0.82,1.1,0.99,0.49,0.259,0.741,0.927,0.463,2022-23
1630696,Dru Smith,1610612751,BKN,25.0,12,12.7,2.5,1.42,1.08,1.83,0.08,0.0,0.0,0.08,0.17,0.25,0.333,0.667,0.0,0.08,0.08,0.08,0.0,0.0,1.0,1.0,0.0,2022-23
1630613,Duane Washington Jr.,1610612752,NYK,23.0,25,14.7,2.0,1.04,0.96,0.28,0.04,0.2,0.4,0.12,0.04,0.16,0.75,0.25,0.0,0.08,0.08,0.08,0.0,0.0,1.0,1.0,0.0,2022-23
1629130,Duncan Robinson,1610612748,MIA,29.0,37,18.1,2.3,0.95,1.35,0.73,0.11,0.54,1.19,0.0,0.05,0.05,0.0,1.0,0.0,0.35,0.35,0.35,0.05,0.0,1.0,1.0,0.154,2022-23
203939,Dwight Powell,1610612742,DAL,31.0,76,19.2,7.43,5.79,1.64,1.2,0.01,3.03,7.03,0.22,0.2,0.42,0.531,0.469,0.3,1.04,1.34,1.21,0.5,0.225,0.775,0.939,0.388,2022-23
1629685,Dylan Windler,1610612739,CLE,26.0,2,4.0,1.0,0.5,0.5,1.0,0.0,0.0,0.0,0.0,0.0,0.0,0.0,0.0,0.0,0.0,0.0,0.0,0.0,0.0,0.0,0.0,0.0,2022-23
1630700,Dyson Daniels,1610612740,NOP,20.0,58,18.0,4.71,2.78,1.93,1.55,0.05,0.14,0.33,0.19,0.22,0.41,0.458,0.542,0.0,0.21,0.21,0.21,0.09,0.0,1.0,1.0,0.417,2022-23
1628410,Edmond Sumner,1610612751,BKN,27.0,42,16.1,1.86,0.98,0.88,1.36,0.02,0.19,0.38,0.12,0.17,0.29,0.417,0.583,0.0,0.1,0.1,0.1,0.02,0.0,1.0,1.0,0.25,2022-23
201569,Eric Gordon,1610612746,LAC,34.0,65,29.1,1.97,0.78,1.18,1.43,0.0,0.37,0.88,0.2,0.15,0.35,0.565,0.435,0.0,0.09,0.09,0.08,0.0,0.0,1.0,1.0,0.0,2022-23
1630647,Eugene Omoruyi,1610612765,DET,26.0,39,16.5,2.92,1.31,1.62,1.44,0.33,0.28,0.67,0.26,0.05,0.31,0.833,0.167,0.18,0.64,0.82,0.62,0.18,0.219,0.781,0.828,0.241,2022-23
203095,Evan Fournier,1610612752,NYK,30.0,24,18.1,2.33,0.96,1.38,1.17,0.0,0.13,0.25,0.04,0.04,0.08,0.5,0.5,0.0,0.33,0.33,0.33,0.08,0.0,1.0,1.0,0.25,2022-23
1630596,Evan Mobley,1610612739,CLE,22.0,79,34.4,11.33,7.77,3.56,1.84,0.01,2.7,6.13,0.38,0.3,0.68,0.556,0.444,0.24,1.1,1.34,1.2,0.73,0.179,0.821,0.99,0.604,2022-23
1630267,Facundo Campazzo,1610612742,DAL,32.0,5,9.4,1.2,0.6,0.6,1.4,0.2,0.0,0.0,0.2,0.4,0.6,0.333,0.667,0.0,0.4,0.4,0.4,0.0,0.0,1.0,1.0,0.0,2022-23
1626163,Frank Kaminsky,1610612745,HOU,30.0,29,7.6,2.17,1.55,0.62,0.21,0.0,0.55,1.34,0.1,0.07,0.17,0.6,0.4,0.03,0.52,0.55,0.45,0.21,0.063,0.938,0.929,0.429,2022-23
1628373,Frank Ntilikina,1610612742,DAL,24.0,41,14.5,2.78,1.66,1.12,0.66,0.05,0.27,0.63,0.07,0.1,0.17,0.429,0.571,0.0,0.15,0.15,0.15,0.0,0.0,1.0,1.0,0.0,2022-23
1630532,Franz Wagner,1610612753,ORL,21.0,80,32.6,5.65,2.88,2.78,1.99,0.03,0.38,0.89,0.19,0.28,0.46,0.405,0.595,0.11,0.49,0.6,0.53,0.18,0.188,0.813,0.894,0.298,2022-23
1627832,Fred VanVleet,1610612761,TOR,29.0,69,36.7,4.14,1.58,2.57,3.8,0.01,0.42,0.91,0.28,0.65,0.93,0.297,0.703,0.01,0.25,0.26,0.23,0.1,0.056,0.944,0.889,0.389,2022-23
1627788,Furkan Korkmaz,1610612755,PHI,25.0,24,13.0,1.42,0.58,0.83,0.63,0.0,0.25,0.54,0.0,0.13,0.13,0.0,1.0,0.0,0.13,0.13,0.13,0.04,0.0,1.0,1.0,0.333,2022-23
1629216,Gabe Vincent,1610612748,MIA,27.0,67,26.1,4.15,1.82,2.33,1.94,0.12,0.37,0.79,0.21,0.19,0.4,0.519,0.481,0.0,0.27,0.27,0.21,0.01,0.0,1.0,0.933,0.067,2022-23
1628221,Gabe York,1610612754,IND,29.0,3,18.6,1.0,0.67,0.33,2.67,0.33,0.0,0.0,0.67,0.33,1.0,0.667,0.333,0.0,0.33,0.33,0.33,0.33,0.0,1.0,1.0,1.0,2022-23
202066,Garrett Temple,1610612740,NOP,37.0,18,7.7,1.28,0.72,0.56,0.89,0.0,0.06,0.11,0.11,0.11,0.22,0.5,0.5,0.0,0.11,0.11,0.11,0.11,0.0,1.0,1.0,1.0,2022-23
1629726,Garrison Mathews,1610612737,ATL,26.0,46,14.0,2.04,0.87,1.17,0.65,0.28,0.04,0.11,0.07,0.24,0.3,0.214,0.786,0.0,0.07,0.07,0.07,0.0,0.0,1.0,1.0,0.0,2022-23
203914,Gary Harris,1610612753,ORL,28.0,48,24.7,2.42,0.98,1.44,1.96,0.0,0.31,0.67,0.15,0.25,0.4,0.368,0.632,0.0,0.13,0.13,0.1,0.04,0.0,1.0,0.833,0.333,2022-23
1627780,Gary Payton II,1610612744,GSW,30.0,22,16.7,2.5,1.27,1.23,2.0,0.0,0.45,1.23,0.27,0.27,0.55,0.5,0.5,0.14,0.27,0.41,0.36,0.14,0.333,0.667,0.889,0.333,2022-23
1629018,Gary Trent Jr.,1610612761,TOR,24.0,66,32.1,2.26,0.95,1.3,2.73,0.0,0.17,0.36,0.23,0.44,0.67,0.341,0.659,0.02,0.21,0.23,0.21,0.08,0.067,0.933,0.933,0.333,2022-23
201588,George Hill,1610612754,IND,37.0,45,18.5,2.58,1.49,1.09,1.04,0.0,0.13,0.31,0.02,0.33,0.36,0.063,0.938,0.0,0.24,0.24,0.22,0.02,0.0,1.0,0.909,0.091,2022-23
1627777,Georges Niang,1610612755,PHI,30.0,77,19.4,3.3,1.69,1.61,0.62,0.12,0.68,1.62,0.13,0.19,0.32,0.4,0.6,0.03,0.52,0.55,0.51,0.22,0.048,0.952,0.951,0.415,2022-23
203507,Giannis Antetokounmpo,1610612749,MIL,28.0,63,32.1,6.57,4.33,2.24,1.51,0.05,1.76,4.11,0.56,0.37,0.92,0.603,0.397,0.19,0.6,0.79,0.75,0.49,0.24,0.76,0.979,0.646,2022-23
1629048,Goga Bitadze,1610612753,ORL,23.0,37,12.2,3.43,2.51,0.92,1.11,0.0,1.84,4.14,0.22,0.08,0.3,0.727,0.273,0.32,0.51,0.84,0.76,0.46,0.387,0.613,0.966,0.586,2022-23
201609,Goran Dragic,1610612749,MIL,37.0,54,15.3,1.91,1.22,0.69,0.65,0.04,0.19,0.39,0.19,0.2,0.39,0.476,0.524,0.0,0.15,0.15,0.15,0.04,0.0,1.0,1.0,0.25,2022-23
202330,Gordon Hayward,1610612766,CHA,33.0,50,31.5,5.06,3.06,2.0,1.78,0.0,0.52,1.3,0.18,0.22,0.4,0.45,0.55,0.04,0.2,0.24,0.24,0.12,0.167,0.833,1.0,0.5,2022-23
203476,Gorgui Dieng,1610612759,SAS,33.0,29,12.3,3.45,2.66,0.79,0.93,0.17,1.66,3.76,0.1,0.03,0.14,0.75,0.25,0.03,0.55,0.59,0.59,0.38,0.059,0.941,1.0,0.647,2022-23
1629684,Grant Williams,1610612738,BOS,24.0,79,25.9,4.58,2.91,1.67,0.86,0.08,0.89,2.22,0.35,0.19,0.54,0.651,0.349,0.27,1.29,1.56,1.43,0.57,0.171,0.829,0.966,0.385,2022-23
1628960,Grayson Allen,1610612749,MIL,27.0,72,27.4,3.46,1.99,1.47,1.57,0.04,0.24,0.5,0.24,0.29,0.53,0.447,0.553,0.01,0.04,0.06,0.06,0.01,0.25,0.75,1.0,0.25,2022-23
1630535,Greg Brown III,1610612757,POR,21.0,8,7.9,1.5,1.0,0.5,1.13,0.0,0.0,0.0,0.13,0.0,0.13,1.0,0.0,0.0,0.0,0.0,0.0,0.0,0.0,0.0,0.0,0.0,2022-23
1628977,Hamidou Diallo,1610612765,DET,24.0,56,17.8,2.82,1.64,1.18,1.89,0.02,0.41,1.02,0.39,0.18,0.57,0.688,0.313,0.04,0.23,0.27,0.23,0.14,0.133,0.867,1.0,0.615,2022-23
203084,Harrison Barnes,1610612758,SAC,31.0,82,32.5,6.55,3.74,2.8,1.11,0.09,0.38,0.96,0.22,0.15,0.37,0.6,0.4,0.06,0.45,0.51,0.48,0.29,0.119,0.881,0.951,0.585,2022-23
1629312,Haywood Highsmith,1610612748,MIA,26.0,48,19.8,3.96,2.29,1.67,1.63,0.02,0.33,0.88,0.27,0.1,0.38,0.722,0.278,0.1,0.38,0.48,0.4,0.17,0.217,0.783,0.864,0.364,2022-23
1630529,Herbert Jones,1610612740,NOP,24.0,66,29.6,6.15,3.24,2.91,3.36,0.29,0.5,1.26,0.33,0.41,0.74,0.449,0.551,0.0,0.5,0.5,0.47,0.09,0.0,1.0,0.969,0.188,2022-23
1630193,Immanuel Quickley,1610612752,NYK,24.0,81,28.9,5.25,2.72,2.53,1.57,0.01,0.2,0.47,0.25,0.37,0.62,0.4,0.6,0.0,0.3,0.3,0.27,0.09,0.0,1.0,0.957,0.304,2022-23
1630171,Isaac Okoro,1610612739,CLE,22.0,74,22.0,3.69,2.58,1.11,1.41,0.0,0.19,0.45,0.23,0.22,0.45,0.515,0.485,0.01,0.49,0.5,0.42,0.08,0.027,0.973,0.912,0.176,2022-23
1628392,Isaiah Hartenstein,1610612752,NYK,25.0,82,19.9,5.95,4.9,1.05,1.3,0.04,2.07,4.79,0.24,0.23,0.48,0.513,0.487,0.35,1.68,2.04,1.68,0.84,0.174,0.826,0.932,0.466,2022-23
1630543,Isaiah Jackson,1610612754,IND,21.0,62,16.8,6.74,4.98,1.76,1.08,0.02,2.05,4.63,0.27,0.15,0.42,0.654,0.346,0.13,0.65,0.77,0.69,0.4,0.167,0.833,0.956,0.556,2022-23
1630198,Isaiah Joe,1610612760,OKC,23.0,69,20.0,2.9,1.41,1.49,1.22,0.29,0.35,0.75,0.2,0.35,0.55,0.368,0.632,0.01,0.13,0.14,0.13,0.01,0.1,0.9,0.9,0.1,2022-23
1630587,Isaiah Livers,1610612765,DET,24.0,52,23.1,6.08,4.0,2.08,0.9,0.02,0.15,0.33,0.15,0.37,0.52,0.296,0.704,0.02,0.67,0.69,0.62,0.23,0.028,0.972,0.941,0.353,2022-23
1630600,Isaiah Mobley,1610612739,CLE,23.0,10,8.3,2.0,1.0,1.0,0.8,0.0,0.6,1.5,0.0,0.2,0.2,0.0,1.0,0.0,0.2,0.2,0.2,0.0,0.0,1.0,1.0,0.0,2022-23
1629676,Isaiah Roby,1610612752,NYK,25.0,38,12.2,3.16,1.92,1.24,0.74,0.05,0.34,0.76,0.11,0.18,0.29,0.364,0.636,0.0,0.21,0.21,0.18,0.05,0.0,1.0,1.0,0.286,2022-23
1630191,Isaiah Stewart,1610612765,DET,22.0,50,28.3,10.8,7.22,3.58,0.72,0.0,2.52,5.82,0.38,0.12,0.5,0.76,0.24,0.54,0.94,1.48,1.24,0.88,0.365,0.635,0.984,0.698,2022-23
1630225,Isaiah Todd,1610612764,WAS,21.0,4,14.2,3.0,2.0,1.0,1.0,0.0,0.25,0.75,0.25,0.0,0.25,1.0,0.0,0.0,0.25,0.25,0.25,0.25,0.0,1.0,1.0,1.0,2022-23
202397,Ish Smith,1610612743,DEN,34.0,26,13.3,1.58,0.65,0.92,0.35,0.04,0.12,0.27,0.08,0.15,0.23,0.333,0.667,0.0,0.12,0.12,0.08,0.04,0.0,1.0,1.0,0.5,2022-23
1630688,Ish Wainright,1610612756,PHX,28.0,53,16.8,2.38,1.09,1.28,1.3,0.06,0.53,1.28,0.11,0.17,0.28,0.4,0.6,0.04,0.45,0.49,0.43,0.09,0.077,0.923,1.0,0.217,2022-23
1627826,Ivica Zubac,1610612746,LAC,26.0,76,28.5,11.43,9.2,2.24,0.68,0.0,4.28,9.49,0.22,0.29,0.51,0.436,0.564,0.79,1.12,1.91,1.79,1.32,0.414,0.586,0.965,0.709,2022-23
1631120,JD Davison,1610612738,BOS,20.0,5,10.1,1.6,0.8,0.8,0.6,0.0,0.0,0.0,0.0,0.0,0.0,0.0,0.0,0.0,0.0,0.0,0.0,0.0,0.0,0.0,0.0,0.0,2022-23
1630550,JT Thor,1610612766,CHA,20.0,65,14.6,3.71,2.48,1.23,0.52,0.0,0.4,0.92,0.06,0.08,0.14,0.444,0.556,0.03,0.31,0.34,0.31,0.15,0.091,0.909,0.909,0.455,2022-23
1629630,Ja Morant,1610612763,MEM,23.0,61,31.9,3.11,1.43,1.69,1.84,0.08,0.11,0.31,0.41,0.49,0.9,0.455,0.545,0.0,0.34,0.34,0.34,0.16,0.0,1.0,1.0,0.476,2022-23
203210,JaMychal Green,1610612744,GSW,33.0,57,14.0,3.32,2.07,1.25,0.58,0.0,1.12,2.77,0.05,0.11,0.16,0.333,0.667,0.35,0.54,0.89,0.79,0.49,0.392,0.608,0.938,0.583,2022-23
201580,JaVale McGee,1610612742,DAL,35.0,42,8.4,2.88,2.48,0.4,0.36,0.0,0.93,2.07,0.07,0.02,0.1,0.75,0.25,0.12,0.55,0.67,0.6,0.33,0.179,0.821,0.962,0.538,2022-23
1631095,Jabari Smith Jr.,1610612745,HOU,20.0,79,31.0,7.71,4.37,3.34,1.61,0.0,0.53,1.28,0.32,0.16,0.48,0.658,0.342,0.15,0.34,0.49,0.49,0.3,0.308,0.692,1.0,0.615,2022-23
1631133,Jabari Walker,1610612757,POR,20.0,50,12.0,2.52,1.48,1.04,0.72,0.02,0.68,1.76,0.12,0.04,0.16,0.75,0.25,0.08,0.28,0.36,0.36,0.2,0.222,0.778,1.0,0.556,2022-23
1631298,Jack White,1610612743,DEN,25.0,8,6.4,1.63,0.63,1.0,0.63,0.0,0.13,0.38,0.0,0.0,0.0,0.0,0.0,0.0,0.0,0.0,0.0,0.0,0.0,0.0,0.0,0.0,2022-23
1631367,Jacob Gilyard,1610612763,MEM,24.0,1,40.8,1.0,1.0,0.0,4.0,0.0,0.0,0.0,0.0,1.0,1.0,0.0,1.0,0.0,0.0,0.0,0.0,0.0,0.0,0.0,0.0,0.0,2022-23
1630702,Jaden Hardy,1610612742,DAL,20.0,39,17.0,2.51,1.05,1.46,0.79,0.08,0.13,0.31,0.15,0.18,0.33,0.462,0.538,0.0,0.31,0.31,0.31,0.18,0.0,1.0,1.0,0.583,2022-23
1631093,Jaden Ivey,1610612765,DET,21.0,74,31.1,3.85,1.74,2.11,1.53,0.01,0.15,0.34,0.45,0.24,0.69,0.647,0.353,0.01,0.19,0.2,0.18,0.03,0.067,0.933,0.867,0.133,2022-23
1630183,Jaden McDaniels,1610612750,MIN,22.0,79,30.6,7.06,4.2,2.86,2.25,0.01,0.2,0.47,0.16,0.28,0.44,0.371,0.629,0.04,0.44,0.48,0.42,0.15,0.079,0.921,0.971,0.353,2022-23
1630531,Jaden Springer,1610612755,PHI,20.0,11,7.2,1.27,0.64,0.64,0.64,0.0,0.0,0.0,0.09,0.36,0.45,0.2,0.8,0.0,0.09,0.09,0.09,0.0,0.0,1.0,1.0,0.0,2022-23
203109,Jae Crowder,1610612749,MIL,32.0,18,18.9,2.61,1.33,1.28,1.28,0.0,0.61,1.33,0.17,0.11,0.28,0.6,0.4,0.17,0.33,0.5,0.5,0.33,0.333,0.667,1.0,0.667,2022-23
1630256,Jae'Sean Tate,1610612745,HOU,27.0,31,21.9,4.26,1.9,2.35,1.39,0.32,0.97,2.45,0.39,0.19,0.58,0.667,0.333,0.16,0.55,0.71,0.65,0.32,0.227,0.773,0.952,0.476,2022-23
1631222,Jake LaRavia,1610612763,MEM,21.0,26,14.7,3.62,1.73,1.88,1.27,0.0,0.15,0.35,0.12,0.15,0.27,0.429,0.571,0.0,0.38,0.38,0.38,0.12,0.0,1.0,1.0,0.3,2022-23
1627751,Jakob Poeltl,1610612761,TOR,27.0,72,26.5,9.33,7.65,1.68,2.0,0.04,3.5,7.58,0.18,0.28,0.46,0.394,0.606,0.57,1.4,1.97,1.83,1.14,0.289,0.711,0.957,0.594,2022-23
1628973,Jalen Brunson,1610612752,NYK,26.0,68,35.0,5.25,1.94,3.31,1.51,0.4,0.44,1.1,0.54,0.34,0.88,0.617,0.383,0.0,0.22,0.22,0.19,0.06,0.0,1.0,0.867,0.267,2022-23
1631105,Jalen Duren,1610612765,DET,19.0,67,24.9,8.0,5.72,2.28,0.96,0.0,3.75,8.28,0.24,0.24,0.48,0.5,0.5,0.78,0.81,1.58,1.46,1.16,0.491,0.509,0.951,0.757,2022-23
1630224,Jalen Green,1610612745,HOU,21.0,76,34.2,3.84,1.47,2.37,1.22,0.0,0.09,0.2,0.33,0.25,0.58,0.568,0.432,0.0,0.03,0.03,0.01,0.01,0.0,1.0,0.5,0.5,2022-23
1630552,Jalen Johnson,1610612737,ATL,21.0,66,15.5,3.15,1.89,1.26,1.38,0.03,0.73,1.73,0.03,0.18,0.21,0.143,0.857,0.02,0.29,0.3,0.21,0.14,0.05,0.95,1.0,0.643,2022-23
1629667,Jalen McDaniels,1610612755,PHI,25.0,80,23.9,4.91,2.51,2.4,1.98,0.0,0.34,0.85,0.21,0.19,0.4,0.531,0.469,0.04,0.28,0.31,0.29,0.14,0.12,0.88,0.92,0.44,2022-23
1630188,Jalen Smith,1610612754,IND,23.0,67,19.0,6.18,4.19,1.99,0.43,0.1,1.54,3.49,0.1,0.13,0.24,0.438,0.563,0.39,0.63,1.01,0.94,0.64,0.382,0.618,0.984,0.672,2022-23
1630591,Jalen Suggs,1610612753,ORL,22.0,53,23.5,4.47,2.0,2.47,2.42,0.15,0.09,0.23,0.28,0.28,0.57,0.5,0.5,0.09,0.21,0.3,0.3,0.17,0.313,0.688,1.0,0.563,2022-23
1631114,Jalen Williams,1610612760,OKC,22.0,75,30.3,4.73,3.29,1.44,2.07,0.08,0.32,0.76,0.33,0.32,0.65,0.51,0.49,0.07,0.45,0.52,0.47,0.24,0.128,0.872,0.921,0.474,2022-23
1631288,Jamal Cain,1610612748,MIA,24.0,16,14.9,2.06,0.56,1.5,1.81,0.0,0.5,1.19,0.06,0.06,0.13,0.5,0.5,0.19,0.13,0.31,0.31,0.19,0.6,0.4,1.0,0.6,2022-23
1627750,Jamal Murray,1610612743,DEN,26.0,65,32.8,5.22,2.54,2.68,1.86,0.08,0.42,0.92,0.34,0.38,0.72,0.468,0.532,0.0,0.32,0.32,0.32,0.06,0.0,1.0,1.0,0.19,2022-23
1631123,Jamaree Bouyea,1610612748,MIA,24.0,5,14.1,1.8,1.2,0.6,1.4,0.0,0.0,0.0,0.2,0.0,0.2,1.0,0.0,0.0,0.0,0.0,0.0,0.0,0.0,0.0,0.0,0.0,2022-23
1630547,James Bouknight,1610612766,CHA,22.0,30,16.7,2.7,1.37,1.33,0.6,0.0,0.03,0.07,0.07,0.2,0.27,0.25,0.75,0.0,0.13,0.13,0.13,0.1,0.0,1.0,1.0,0.75,2022-23
201935,James Harden,1610612755,PHI,33.0,58,36.8,4.5,1.86,2.64,2.05,0.05,0.1,0.22,0.41,0.36,0.78,0.533,0.467,0.05,0.48,0.53,0.48,0.16,0.097,0.903,0.903,0.29,2022-23
201949,James Johnson,1610612754,IND,36.0,15,10.2,2.0,1.13,0.87,0.67,0.07,0.73,2.0,0.13,0.13,0.27,0.5,0.5,0.07,0.33,0.4,0.33,0.2,0.167,0.833,1.0,0.6,2022-23
1630164,James Wiseman,1610612765,DET,22.0,44,19.7,6.89,5.39,1.5,0.34,0.0,2.2,4.93,0.16,0.02,0.18,0.875,0.125,0.18,0.77,0.95,0.93,0.52,0.19,0.81,0.976,0.548,2022-23
1630215,Jared Butler,1610612760,OKC,22.0,4,17.5,1.75,0.25,1.5,1.25,0.25,0.0,0.0,0.0,0.5,0.5,0.0,1.0,0.0,0.0,0.0,0.0,0.0,0.0,0.0,0.0,0.0,2022-23
1631197,Jared Rhoden,1610612765,DET,23.0,11,17.2,2.27,1.18,1.09,0.91,0.0,0.09,0.27,0.09,0.27,0.36,0.25,0.75,0.09,0.27,0.36,0.36,0.09,0.25,0.75,1.0,0.25,2022-23
1628991,Jaren Jackson Jr.,1610612763,MEM,23.0,63,28.4,10.84,8.49,2.35,1.97,0.0,1.35,3.11,0.32,0.43,0.75,0.426,0.574,0.19,1.0,1.19,1.03,0.52,0.16,0.84,0.942,0.478,2022-23
1629020,Jarred Vanderbilt,1610612747,LAL,24.0,78,24.1,4.27,2.72,1.55,2.22,0.0,1.85,4.58,0.35,0.36,0.71,0.491,0.509,0.15,0.32,0.47,0.41,0.27,0.324,0.676,0.941,0.618,2022-23
1629714,Jarrell Brantley,1610612762,UTA,27.0,3,12.5,3.33,1.67,1.67,1.33,0.0,0.0,0.0,0.33,0.33,0.67,0.5,0.5,0.0,0.0,0.0,0.0,0.0,0.0,0.0,0.0,0.0,2022-23
1628386,Jarrett Allen,1610612739,CLE,25.0,68,32.6,11.12,8.56,2.56,1.5,0.06,3.84,9.01,0.46,0.31,0.76,0.596,0.404,0.34,1.22,1.57,1.35,0.84,0.215,0.776,0.958,0.594,2022-23
1629633,Jarrett Culver,1610612737,ATL,24.0,7,18.5,4.14,2.14,2.0,1.43,0.29,0.43,0.86,0.43,0.14,0.57,0.75,0.25,0.14,0.14,0.29,0.29,0.14,0.5,0.5,1.0,0.5,2022-23
1630554,Jason Preston,1610612746,LAC,23.0,9,11.4,1.67,0.67,1.0,0.22,0.0,0.22,0.44,0.0,0.11,0.11,0.0,1.0,0.0,0.11,0.11,0.11,0.0,0.0,1.0,1.0,0.0,2022-23
1629750,Javonte Green,1610612741,CHI,29.0,32,15.0,3.09,1.81,1.28,2.06,0.03,0.5,1.03,0.16,0.19,0.34,0.455,0.545,0.06,0.44,0.5,0.47,0.13,0.125,0.875,1.0,0.267,2022-23
1629637,Jaxson Hayes,1610612740,NOP,23.0,41,14.2,3.68,1.93,1.76,0.85,0.02,0.68,1.54,0.12,0.12,0.24,0.5,0.5,0.05,0.37,0.41,0.41,0.27,0.118,0.882,1.0,0.647,2022-23
1630643,Jay Huff,1610612764,WAS,25.0,7,13.6,5.71,4.14,1.57,0.71,0.0,1.86,4.29,0.14,0.14,0.29,0.5,0.5,0.14,1.0,1.14,0.57,0.29,0.125,0.875,1.0,0.5,2022-23
1630206,Jay Scrubb,1610612753,ORL,22.0,1,27.6,3.0,1.0,2.0,3.0,0.0,0.0,0.0,0.0,1.0,1.0,0.0,1.0,0.0,0.0,0.0,0.0,0.0,0.0,0.0,0.0,0.0,2022-23
1627759,Jaylen Brown,1610612738,BOS,26.0,67,35.9,5.06,2.91,2.15,2.06,0.01,0.4,0.97,0.57,0.34,0.91,0.623,0.377,0.03,0.67,0.7,0.69,0.21,0.043,0.957,1.0,0.304,2022-23
1629669,Jaylen Nowell,1610612750,MIN,23.0,59,20.0,2.07,1.1,0.97,1.37,0.0,0.03,0.07,0.14,0.15,0.29,0.471,0.529,0.0,0.07,0.07,0.07,0.0,0.0,1.0,1.0,0.0,2022-23
1631119,Jaylin Williams,1610612760,OKC,21.0,49,18.7,5.94,4.37,1.57,0.92,0.88,1.8,3.9,0.22,0.22,0.45,0.5,0.5,0.04,1.47,1.51,1.29,0.51,0.027,0.973,0.926,0.368,2022-23
1628369,Jayson Tatum,1610612738,BOS,25.0,74,36.9,5.16,2.73,2.43,2.15,0.0,0.81,1.97,0.49,0.41,0.89,0.545,0.455,0.0,0.31,0.31,0.26,0.16,0.0,1.0,0.95,0.6,2022-23
1630288,Jeff Dowtin Jr.,1610612761,TOR,26.0,16,13.9,1.25,0.69,0.56,1.25,0.0,0.0,0.0,0.06,0.19,0.25,0.25,0.75,0.0,0.06,0.06,0.06,0.0,0.0,1.0,1.0,0.0,2022-23
201145,Jeff Green,1610612743,DEN,36.0,56,19.5,4.46,2.64,1.82,0.41,0.13,0.89,2.16,0.04,0.09,0.13,0.286,0.714,0.02,0.36,0.38,0.25,0.11,0.048,0.952,0.824,0.353,2022-23
203924,Jerami Grant,1610612757,POR,29.0,63,35.6,4.9,3.03,1.87,1.37,0.13,0.71,1.79,0.25,0.06,0.32,0.8,0.2,0.05,0.7,0.75,0.57,0.16,0.064,0.936,0.878,0.244,2022-23
1630526,Jeremiah Robinson-Earl,1610612760,OKC,22.0,42,19.3,5.48,3.88,1.6,0.67,0.02,1.31,2.93,0.19,0.1,0.29,0.667,0.333,0.14,0.83,0.98,0.88,0.38,0.146,0.854,0.974,0.421,2022-23
1631110,Jeremy Sochan,1610612759,SAS,20.0,56,26.0,5.89,3.34,2.55,1.63,0.05,0.57,1.3,0.2,0.21,0.41,0.478,0.522,0.11,0.16,0.27,0.25,0.14,0.4,0.6,1.0,0.571,2022-23
1630579,Jericho Sims,1610612752,NYK,24.0,51,15.9,5.18,4.25,0.92,0.25,0.0,1.75,3.92,0.25,0.2,0.45,0.565,0.435,0.47,1.12,1.59,1.27,0.86,0.296,0.704,0.903,0.611,2022-23
1628975,Jevon Carter,1610612749,MIL,27.0,80,22.3,2.2,1.06,1.14,1.59,0.0,0.11,0.29,0.25,0.25,0.5,0.5,0.5,0.0,0.08,0.08,0.08,0.01,0.0,1.0,1.0,0.167,2022-23
202710,Jimmy Butler III,1610612748,MIA,33.0,64,33.4,3.22,1.58,1.64,3.19,0.08,0.78,1.88,0.33,0.3,0.63,0.525,0.475,0.23,0.41,0.64,0.53,0.3,0.366,0.634,0.872,0.487,2022-23
1629111,Jock Landale,1610612756,PHX,27.0,68,14.3,5.24,4.04,1.19,0.75,0.0,2.18,4.93,0.15,0.04,0.19,0.769,0.231,0.37,0.87,1.24,1.16,0.65,0.298,0.702,0.975,0.543,2022-23
203925,Joe Harris,1610612751,BKN,31.0,73,20.8,3.95,2.41,1.53,0.75,0.0,0.34,0.74,0.18,0.25,0.42,0.419,0.581,0.04,0.67,0.71,0.63,0.15,0.058,0.942,0.939,0.224,2022-23
204060,Joe Ingles,1610612749,MIL,35.0,45,22.8,2.38,0.93,1.44,1.78,0.0,0.11,0.27,0.13,0.13,0.27,0.5,0.5,0.04,0.31,0.36,0.36,0.2,0.125,0.875,1.0,0.563,2022-23
1630580,Joe Wieskamp,1610612761,TOR,23.0,7,6.7,1.43,0.57,0.86,0.14,0.0,0.14,0.29,0.0,0.0,0.0,0.0,0.0,0.0,0.14,0.14,0.14,0.0,0.0,1.0,1.0,0.0,2022-23
203954,Joel Embiid,1610612755,PHI,29.0,66,34.6,10.2,8.53,1.67,1.47,0.03,2.29,5.11,0.55,0.35,0.89,0.61,0.39,0.3,1.64,1.94,1.79,1.12,0.156,0.844,0.937,0.587,2022-23
1631219,John Butler Jr.,1610612757,POR,20.0,16,13.5,3.94,2.56,1.38,1.0,0.0,0.19,0.44,0.06,0.13,0.19,0.333,0.667,0.0,0.13,0.13,0.13,0.0,0.0,1.0,1.0,0.0,2022-23
1628381,John Collins,1610612737,ATL,25.0,71,30.0,8.82,5.24,3.58,0.86,0.2,1.52,3.44,0.25,0.23,0.48,0.529,0.471,0.1,0.69,0.79,0.76,0.39,0.125,0.875,0.982,0.509,2022-23
1629723,John Konchar,1610612763,MEM,27.0,71,21.0,3.75,1.93,1.82,2.01,0.1,0.23,0.56,0.18,0.23,0.41,0.448,0.552,0.01,0.3,0.31,0.28,0.07,0.045,0.955,0.952,0.238,2022-23
202322,John Wall,1610612746,LAC,32.0,32,22.8,2.0,1.38,0.63,1.78,0.06,0.13,0.25,0.19,0.13,0.31,0.6,0.4,0.0,0.06,0.06,0.06,0.03,0.0,1.0,1.0,0.5,2022-23
1631098,Johnny Davis,1610612764,WAS,21.0,21,18.3,2.19,1.14,1.05,0.62,0.0,0.14,0.38,0.14,0.14,0.29,0.5,0.5,0.0,0.14,0.14,0.14,0.05,0.0,1.0,1.0,0.333,2022-23
1630548,Johnny Juzang,1610612762,UTA,22.0,17,13.5,1.59,1.0,0.59,0.24,0.0,0.06,0.12,0.06,0.06,0.12,0.5,0.5,0.0,0.0,0.0,0.0,0.0,0.0,0.0,0.0,0.0,2022-23
202685,Jonas Valanciunas,1610612740,NOP,31.0,79,24.9,6.65,5.54,1.1,0.71,0.0,2.82,6.11,0.24,0.15,0.39,0.613,0.387,0.82,1.41,2.23,2.09,1.56,0.369,0.631,0.959,0.715,2022-23
1628371,Jonathan Isaac,1610612753,ORL,25.0,11,11.3,1.64,1.09,0.55,1.73,0.0,0.36,0.82,0.0,0.18,0.18,0.0,1.0,0.36,0.18,0.55,0.55,0.36,0.667,0.333,1.0,0.667,2022-23
1630228,Jonathan Kuminga,1610612744,GSW,20.0,67,20.8,4.78,2.72,2.06,1.28,0.03,0.81,2.04,0.25,0.13,0.39,0.654,0.346,0.01,0.31,0.33,0.31,0.19,0.045,0.955,1.0,0.619,2022-23
203903,Jordan Clarkson,1610612762,UTA,31.0,59,32.6,4.25,2.27,1.98,1.42,0.0,0.41,0.93,0.37,0.31,0.68,0.55,0.45,0.0,0.12,0.12,0.1,0.02,0.0,1.0,1.0,0.167,2022-23
1630692,Jordan Goodwin,1610612764,WAS,24.0,56,19.5,3.66,1.75,1.91,1.98,0.02,0.13,0.29,0.38,0.29,0.66,0.568,0.432,0.11,0.18,0.29,0.23,0.13,0.375,0.625,0.929,0.5,2022-23
1631160,Jordan Hall,1610612759,SAS,21.0,7,10.9,2.29,1.0,1.29,0.43,0.0,0.0,0.0,0.43,0.14,0.57,0.75,0.25,0.0,0.0,0.0,0.0,0.0,0.0,0.0,0.0,0.0,2022-23
1629162,Jordan McLaughlin,1610612750,MIN,27.0,43,15.8,2.0,1.19,0.81,1.63,0.0,0.26,0.6,0.12,0.3,0.42,0.278,0.722,0.0,0.14,0.14,0.14,0.0,0.0,1.0,1.0,0.0,2022-23
1629670,Jordan Nwora,1610612754,IND,24.0,57,20.5,3.25,1.58,1.67,0.84,0.0,0.11,0.21,0.25,0.23,0.47,0.519,0.481,0.0,0.16,0.16,0.14,0.04,0.0,1.0,0.889,0.222,2022-23
1629673,Jordan Poole,1610612744,GSW,24.0,81,30.0,3.6,1.31,2.3,1.7,0.04,0.36,0.89,0.35,0.26,0.6,0.571,0.429,0.01,0.12,0.14,0.12,0.04,0.091,0.909,1.0,0.3,2022-23
1630648,Jordan Schakel,1610612764,WAS,25.0,1,5.2,0.0,0.0,0.0,1.0,0.0,0.0,0.0,0.0,0.0,0.0,0.0,0.0,0.0,0.0,0.0,0.0,0.0,0.0,0.0,0.0,0.0,2022-23
1630631,Jose Alvarado,1610612740,NOP,25.0,59,21.6,2.24,0.95,1.29,2.25,0.12,0.27,0.59,0.2,0.42,0.63,0.324,0.676,0.02,0.51,0.53,0.46,0.12,0.032,0.968,0.871,0.226,2022-23
1630528,Josh Christopher,1610612745,HOU,21.0,54,13.3,1.65,0.83,0.81,1.35,0.02,0.04,0.09,0.22,0.15,0.37,0.6,0.4,0.02,0.02,0.04,0.04,0.02,0.5,0.5,1.0,0.5,2022-23
1630581,Josh Giddey,1610612760,OKC,20.0,76,31.1,4.55,2.07,2.49,1.38,0.01,0.2,0.5,0.25,0.21,0.46,0.543,0.457,0.05,0.38,0.43,0.41,0.2,0.121,0.879,0.969,0.469,2022-23
1630182,Josh Green,1610612742,DAL,22.0,59,25.8,2.86,1.66,1.2,1.25,0.03,0.25,0.61,0.25,0.39,0.64,0.395,0.605,0.0,0.31,0.31,0.27,0.1,0.0,1.0,0.889,0.333,2022-23
1628404,Josh Hart,1610612752,NYK,28.0,76,32.3,4.84,2.63,2.21,1.78,0.0,0.41,1.05,0.49,0.43,0.92,0.529,0.471,0.04,0.25,0.29,0.28,0.16,0.136,0.864,0.955,0.545,2022-23
1631169,Josh Minott,1610612750,MIN,20.0,9,8.6,3.11,1.89,1.22,1.33,0.0,0.0,0.0,0.11,0.11,0.22,0.5,0.5,0.0,0.0,0.0,0.0,0.0,0.0,0.0,0.0,0.0,2022-23
1629006,Josh Okogie,1610612756,PHX,24.0,68,19.7,3.07,1.74,1.34,1.96,0.07,0.29,0.69,0.18,0.24,0.41,0.429,0.571,0.06,0.28,0.34,0.32,0.16,0.174,0.826,0.957,0.478,2022-23
1626196,Josh Richardson,1610612740,NOP,29.0,65,23.5,2.31,1.29,1.02,1.98,0.02,0.31,0.69,0.22,0.18,0.4,0.538,0.462,0.02,0.23,0.25,0.23,0.06,0.063,0.938,1.0,0.267,2022-23
1630563,Joshua Primo,1610612759,SAS,20.0,4,23.3,3.5,2.5,1.0,0.5,0.0,0.0,0.0,0.5,0.25,0.75,0.667,0.333,0.0,0.0,0.0,0.0,0.0,0.0,0.0,0.0,0.0,2022-23
201950,Jrue Holiday,1610612749,MIL,33.0,66,32.6,4.95,2.41,2.55,2.53,0.02,0.08,0.18,0.42,0.38,0.8,0.528,0.472,0.09,0.27,0.36,0.35,0.14,0.25,0.75,1.0,0.391,2022-23
1629308,Juan Toscano-Anderson,1610612762,UTA,30.0,46,14.6,2.96,1.78,1.17,1.22,0.11,0.57,1.33,0.22,0.04,0.26,0.833,0.167,0.07,0.39,0.46,0.35,0.15,0.143,0.857,0.889,0.389,2022-23
1627823,Juancho Hernangomez,1610612761,TOR,27.0,39,15.4,2.69,1.64,1.05,0.87,0.0,0.26,0.56,0.23,0.13,0.36,0.643,0.357,0.03,0.13,0.15,0.15,0.08,0.167,0.833,1.0,0.5,2022-23
1630577,Julian Champagnie,1610612759,SAS,22.0,16,19.9,3.0,1.44,1.56,0.94,0.0,0.06,0.13,0.06,0.19,0.25,0.25,0.75,0.06,0.25,0.31,0.31,0.19,0.2,0.8,1.0,0.6,2022-23
203944,Julius Randle,1610612752,NYK,28.0,77,35.5,5.78,3.01,2.77,1.29,0.0,0.81,1.88,0.55,0.25,0.79,0.689,0.311,0.34,0.82,1.16,1.05,0.81,0.292,0.708,0.964,0.738,2022-23
1630551,Justin Champagnie,1610612738,BOS,22.0,2,11.1,0.5,0.0,0.5,1.0,0.0,0.0,0.0,1.0,1.0,2.0,0.5,0.5,0.0,0.0,0.0,0.0,0.0,0.0,0.0,0.0,0.0,2022-23
203200,Justin Holiday,1610612742,DAL,34.0,43,16.1,2.88,1.58,1.3,1.0,0.0,0.19,0.49,0.05,0.21,0.26,0.182,0.818,0.0,0.47,0.47,0.37,0.02,0.0,1.0,1.0,0.063,2022-23
1628382,Justin Jackson,1610612738,BOS,28.0,14,6.2,1.57,0.86,0.71,0.21,0.0,0.0,0.0,0.0,0.36,0.36,0.0,1.0,0.0,0.21,0.21,0.21,0.0,0.0,1.0,1.0,0.0,2022-23
1631303,Justin Minaya,1610612757,POR,24.0,4,22.2,2.5,2.0,0.5,2.0,0.0,0.0,0.0,0.0,0.25,0.25,0.0,1.0,0.0,0.25,0.25,0.25,0.0,0.0,1.0,1.0,0.0,2022-23
1626159,Justise Winslow,1610612757,POR,27.0,29,26.8,3.52,2.07,1.45,1.83,0.14,0.34,0.86,0.21,0.1,0.31,0.667,0.333,0.14,0.48,0.62,0.52,0.21,0.222,0.778,0.882,0.353,2022-23
203994,Jusuf Nurkić,1610612757,POR,28.0,52,26.8,8.92,7.73,1.19,1.96,0.02,4.38,10.9,0.33,0.25,0.58,0.567,0.433,0.54,1.4,1.94,1.83,1.27,0.277,0.723,0.96,0.667,2022-23
1630231,KJ Martin,1610612745,HOU,22.0,80,28.2,4.03,1.98,2.05,0.83,0.01,0.81,1.86,0.29,0.2,0.49,0.59,0.41,0.01,0.18,0.19,0.16,0.08,0.067,0.933,1.0,0.462,2022-23
1629644,KZ Okpala,1610612758,SAC,24.0,26,9.0,2.54,1.96,0.58,0.38,0.0,0.12,0.27,0.0,0.04,0.04,0.0,1.0,0.0,0.08,0.08,0.08,0.04,0.0,1.0,1.0,0.5,2022-23
1630539,Kai Jones,1610612766,CHA,22.0,40,13.2,3.45,2.63,0.83,0.9,0.0,0.75,1.63,0.18,0.2,0.38,0.467,0.533,0.08,0.58,0.65,0.53,0.13,0.115,0.885,0.955,0.227,2022-23
1626157,Karl-Anthony Towns,1610612750,MIN,27.0,29,33.0,7.86,5.0,2.86,1.24,0.03,1.66,3.86,0.34,0.34,0.69,0.5,0.5,0.24,0.93,1.17,1.03,0.72,0.206,0.794,0.938,0.656,2022-23
202695,Kawhi Leonard,1610612746,LAC,32.0,52,33.6,5.65,3.19,2.46,2.83,0.02,0.42,0.94,0.46,0.23,0.69,0.667,0.333,0.0,0.67,0.67,0.52,0.13,0.0,1.0,0.9,0.233,2022-23
1631099,Keegan Murray,1610612758,SAC,22.0,80,29.8,5.43,3.3,2.13,1.28,0.13,0.36,0.93,0.28,0.2,0.48,0.579,0.421,0.03,0.41,0.44,0.4,0.14,0.057,0.943,0.97,0.333,2022-23
1628966,Keita Bates-Diop,1610612759,SAS,27.0,64,22.5,4.02,2.36,1.66,1.47,0.0,0.33,0.72,0.19,0.17,0.36,0.522,0.478,0.0,0.19,0.19,0.19,0.09,0.0,1.0,1.0,0.5,2022-23
1629640,Keldon Johnson,1610612759,SAS,23.0,62,33.1,4.44,2.24,2.19,1.61,0.0,0.31,0.71,0.4,0.15,0.55,0.735,0.265,0.05,0.31,0.35,0.24,0.16,0.136,0.864,0.882,0.588,2022-23
203482,Kelly Olynyk,1610612762,UTA,32.0,68,28.6,6.91,4.44,2.47,1.93,0.18,1.57,3.82,0.19,0.26,0.46,0.419,0.581,0.18,0.5,0.68,0.62,0.24,0.261,0.739,0.955,0.364,2022-23
1626162,Kelly Oubre Jr.,1610612766,CHA,27.0,47,32.5,4.11,2.28,1.83,3.28,0.0,0.3,0.74,0.36,0.34,0.7,0.515,0.485,0.0,0.09,0.09,0.06,0.04,0.0,1.0,1.0,0.667,2022-23
202689,Kemba Walker,1610612742,DAL,33.0,7,18.4,1.57,0.29,1.29,1.0,0.29,0.0,0.0,0.29,0.14,0.43,0.667,0.333,0.0,0.14,0.14,0.14,0.0,0.0,1.0,1.0,0.0,2022-23
1631112,Kendall Brown,1610612754,IND,20.0,4,8.3,2.25,1.0,1.25,1.75,0.0,0.0,0.0,0.25,0.0,0.25,1.0,0.0,0.0,0.25,0.25,0.25,0.0,0.0,1.0,1.0,0.0,2022-23
1629134,Kendrick Nunn,1610612764,WAS,27.0,60,15.2,2.28,0.87,1.42,0.93,0.02,0.12,0.25,0.1,0.15,0.25,0.4,0.6,0.0,0.05,0.05,0.05,0.03,0.0,1.0,1.0,0.667,2022-23
1631113,Kennedy Chandler,1610612763,MEM,20.0,20,11.0,1.25,0.6,0.65,1.25,0.0,0.05,0.1,0.1,0.05,0.15,0.667,0.333,0.0,0.05,0.05,0.05,0.0,0.0,1.0,1.0,0.0,2022-23
1631254,Kenneth Lofton Jr.,1610612763,MEM,20.0,17,9.6,2.12,1.41,0.71,0.53,0.0,0.65,1.47,0.18,0.06,0.24,0.75,0.25,0.24,0.29,0.53,0.47,0.35,0.444,0.556,0.889,0.667,2022-23
1629026,Kenrich Williams,1610612760,OKC,28.0,53,22.8,3.66,2.17,1.49,1.62,0.49,0.58,1.25,0.34,0.3,0.64,0.529,0.471,0.23,0.68,0.91,0.81,0.38,0.25,0.75,0.956,0.444,2022-23
203484,Kentavious Caldwell-Pope,1610612743,DEN,30.0,75,31.3,2.35,1.2,1.15,2.67,0.01,0.32,0.67,0.24,0.37,0.61,0.391,0.609,0.03,0.23,0.25,0.23,0.07,0.105,0.895,0.944,0.278,2022-23
1631165,Keon Ellis,1610612758,SAC,23.0,7,6.9,0.86,0.14,0.71,0.71,0.0,0.0,0.0,0.43,0.29,0.71,0.6,0.4,0.0,0.0,0.0,0.0,0.0,0.0,0.0,0.0,0.0,2022-23
1630553,Keon Johnson,1610612757,POR,21.0,28,13.3,1.64,0.96,0.68,0.89,0.0,0.11,0.29,0.14,0.21,0.36,0.4,0.6,0.0,0.29,0.29,0.29,0.04,0.0,1.0,1.0,0.125,2022-23
1630556,Kessler Edwards,1610612758,SAC,22.0,30,12.4,3.07,1.77,1.3,0.53,0.03,0.17,0.37,0.1,0.07,0.17,0.6,0.4,0.17,0.3,0.47,0.47,0.2,0.357,0.643,1.0,0.429,2022-23
201142,Kevin Durant,1610612756,PHX,34.0,47,35.6,8.19,5.21,2.98,1.34,0.0,0.47,1.04,0.45,0.21,0.66,0.677,0.323,0.04,0.66,0.7,0.68,0.36,0.061,0.939,0.97,0.515,2022-23
1628989,Kevin Huerter,1610612758,SAC,24.0,75,29.4,4.93,2.79,2.15,2.13,0.0,0.29,0.68,0.27,0.23,0.49,0.541,0.459,0.0,0.19,0.19,0.17,0.09,0.0,1.0,1.0,0.538,2022-23
1628995,Kevin Knox II,1610612757,POR,23.0,57,15.5,2.93,1.56,1.37,0.61,0.0,0.21,0.54,0.23,0.21,0.44,0.52,0.48,0.05,0.3,0.35,0.32,0.25,0.15,0.85,0.9,0.7,2022-23
201567,Kevin Love,1610612748,MIA,34.0,60,20.3,3.07,1.68,1.38,0.68,0.55,1.07,2.42,0.17,0.18,0.35,0.476,0.524,0.25,0.82,1.07,1.05,0.78,0.234,0.766,0.984,0.734,2022-23
1629645,Kevin Porter Jr.,1610612745,HOU,23.0,59,34.3,4.95,1.8,3.15,2.44,0.05,0.05,0.1,0.41,0.36,0.76,0.533,0.467,0.05,0.14,0.19,0.19,0.14,0.273,0.727,1.0,0.727,2022-23
1630284,Kevon Harris,1610612753,ORL,26.0,31,14.4,2.32,1.32,1.0,1.35,0.0,0.16,0.32,0.13,0.23,0.35,0.364,0.636,0.13,0.23,0.35,0.29,0.19,0.364,0.636,1.0,0.667,2022-23
1626172,Kevon Looney,1610612744,GSW,27.0,82,23.9,9.43,7.04,2.39,1.13,0.0,3.66,9.44,0.13,0.18,0.32,0.423,0.577,0.83,1.15,1.98,1.83,1.33,0.42,0.58,0.968,0.703,2022-23
203920,Khem Birch,1610612759,SAS,30.0,19,8.3,3.11,2.16,0.95,0.32,0.05,0.74,1.68,0.0,0.0,0.0,0.0,0.0,0.05,0.47,0.53,0.37,0.11,0.1,0.9,1.0,0.286,2022-23
203114,Khris Middleton,1610612749,MIL,31.0,32,24.5,3.28,1.59,1.69,1.34,0.09,0.06,0.13,0.47,0.16,0.63,0.75,0.25,0.03,0.19,0.22,0.22,0.13,0.143,0.857,1.0,0.571,2022-23
1630165,Killian Hayes,1610612765,DET,21.0,76,28.3,4.61,2.64,1.96,2.84,0.11,0.12,0.28,0.21,0.42,0.63,0.333,0.667,0.0,0.29,0.29,0.28,0.08,0.0,1.0,1.0,0.286,2022-23
1630184,Kira Lewis Jr.,1610612740,NOP,22.0,19,11.2,1.79,0.74,1.05,0.89,0.0,0.11,0.21,0.0,0.11,0.11,0.0,1.0,0.0,0.05,0.05,0.05,0.0,0.0,1.0,1.0,0.0,2022-23
202691,Klay Thompson,1610612744,GSW,33.0,69,33.0,4.06,2.41,1.65,1.42,0.0,0.33,0.81,0.1,0.26,0.36,0.28,0.72,0.07,0.1,0.17,0.16,0.09,0.417,0.583,0.917,0.5,2022-23
1628424,Kobi Simmons,1610612766,CHA,25.0,5,5.6,1.6,0.8,0.8,0.2,0.0,0.0,0.0,0.0,0.0,0.0,0.0,0.0,0.0,0.0,0.0,0.0,0.0,0.0,0.0,0.0,0.0,2022-23
1627739,Kris Dunn,1610612762,UTA,29.0,22,25.8,4.23,1.59,2.64,2.77,0.0,0.32,0.82,0.23,0.27,0.5,0.455,0.545,0.0,0.18,0.18,0.14,0.09,0.0,1.0,0.75,0.5,2022-23
204001,Kristaps Porziņģis,1610612764,WAS,27.0,65,32.6,11.28,8.57,2.71,1.29,0.0,2.83,6.11,0.23,0.23,0.46,0.5,0.5,0.15,0.92,1.08,1.02,0.58,0.143,0.857,0.957,0.551,2022-23
203937,Kyle Anderson,1610612750,MIN,29.0,69,28.4,4.97,2.87,2.1,2.41,0.01,0.59,1.39,0.2,0.29,0.49,0.412,0.588,0.1,0.38,0.48,0.42,0.23,0.212,0.788,0.935,0.516,2022-23
1628398,Kyle Kuzma,1610612764,WAS,27.0,63,35.4,5.24,3.27,1.97,1.05,0.08,0.43,0.92,0.27,0.3,0.57,0.472,0.528,0.06,0.32,0.38,0.33,0.24,0.167,0.833,0.955,0.682,2022-23
200768,Kyle Lowry,1610612748,MIA,37.0,54,31.4,3.35,1.59,1.76,1.91,0.24,0.61,1.39,0.13,0.44,0.57,0.226,0.774,0.06,0.48,0.54,0.44,0.15,0.103,0.897,0.889,0.296,2022-23
202681,Kyrie Irving,1610612742,DAL,31.0,60,37.3,4.57,2.77,1.8,2.1,0.08,0.48,1.15,0.52,0.48,1.0,0.517,0.483,0.05,0.2,0.25,0.23,0.12,0.2,0.8,1.0,0.5,2022-23
1630163,LaMelo Ball,1610612766,CHA,21.0,36,35.2,3.19,1.47,1.72,2.47,0.0,0.11,0.22,0.31,0.58,0.89,0.344,0.656,0.0,0.11,0.11,0.11,0.03,0.0,1.0,1.0,0.25,2022-23
1630205,Lamar Stevens,1610612739,CLE,25.0,59,18.8,4.58,2.42,2.15,0.92,0.0,0.41,0.95,0.22,0.2,0.42,0.52,0.48,0.02,0.39,0.41,0.37,0.25,0.042,0.958,0.957,0.652,2022-23
1629013,Landry Shamet,1610612756,PHX,26.0,40,20.2,3.4,1.73,1.68,1.48,0.03,0.1,0.25,0.05,0.15,0.2,0.25,0.75,0.0,0.18,0.18,0.13,0.03,0.0,1.0,0.833,0.167,2022-23
1626204,Larry Nance Jr.,1610612740,NOP,30.0,65,21.2,3.86,2.66,1.2,1.89,0.17,2.54,5.69,0.28,0.2,0.48,0.581,0.419,0.22,1.69,1.91,1.58,0.6,0.113,0.887,0.928,0.351,2022-23
1628374,Lauri Markkanen,1610612762,UTA,26.0,66,34.4,7.3,5.12,2.18,1.32,0.0,1.05,2.36,0.3,0.08,0.38,0.8,0.2,0.05,0.53,0.58,0.55,0.3,0.079,0.921,0.947,0.526,2022-23
2544,LeBron James,1610612747,LAL,38.0,55,35.5,4.05,2.31,1.75,1.76,0.15,0.73,1.58,0.25,0.35,0.6,0.424,0.576,0.13,0.44,0.56,0.55,0.35,0.226,0.774,1.0,0.633,2022-23
1630195,Leandro Bolmaro,1610612762,UTA,22.0,9,6.5,0.89,0.56,0.33,0.78,0.0,0.0,0.0,0.22,0.0,0.22,1.0,0.0,0.11,0.0,0.11,0.11,0.11,1.0,0.0,1.0,1.0,2022-23
1631311,Lester Quiñones,1610612744,GSW,22.0,3,5.6,1.67,0.33,1.33,0.33,0.0,0.33,1.0,0.0,0.0,0.0,0.0,0.0,0.0,0.0,0.0,0.0,0.0,0.0,0.0,0.0,0.0,2022-23
1629623,Lindell Wigginton,1610612749,MIL,25.0,2,34.2,4.5,2.0,2.5,2.0,0.0,0.5,1.5,0.0,0.0,0.0,0.0,0.0,0.0,0.0,0.0,0.0,0.0,0.0,0.0,0.0,0.0,2022-23
1630322,Lindy Waters III,1610612760,OKC,25.0,37,13.9,3.7,1.95,1.76,0.68,0.03,0.38,0.78,0.11,0.19,0.3,0.364,0.636,0.0,0.19,0.19,0.16,0.11,0.0,1.0,0.857,0.571,2022-23
1629022,Lonnie Walker IV,1610612747,LAL,24.0,52,24.5,4.67,2.06,2.62,0.79,0.02,0.12,0.25,0.1,0.19,0.29,0.333,0.667,0.0,0.12,0.12,0.12,0.04,0.0,1.0,1.0,0.333,2022-23
1629663,Louis King,1610612755,PHI,24.0,1,28.8,2.0,2.0,0.0,1.0,0.0,1.0,2.0,1.0,0.0,1.0,1.0,0.0,0.0,0.0,0.0,0.0,0.0,0.0,0.0,0.0,0.0,2022-23
1629652,Luguentz Dort,1610612760,OKC,24.0,74,30.7,5.12,2.26,2.86,1.57,0.08,0.2,0.46,0.32,0.47,0.8,0.407,0.593,0.11,0.3,0.41,0.38,0.16,0.267,0.733,1.0,0.429,2022-23
1629029,Luka Dončić,1610612742,DAL,24.0,65,36.7,5.08,2.66,2.42,2.94,0.06,0.09,0.2,0.46,0.4,0.86,0.536,0.464,0.02,0.37,0.38,0.35,0.22,0.04,0.96,0.958,0.583,2022-23
1630568,Luka Garza,1610612750,MIN,24.0,23,10.0,3.3,2.87,0.43,0.22,0.04,1.57,3.57,0.17,0.0,0.17,1.0,0.0,0.3,0.65,0.96,0.91,0.48,0.318,0.682,1.0,0.524,2022-23
1629677,Luka Samanic,1610612762,UTA,23.0,7,23.0,4.0,2.71,1.29,1.57,0.0,0.71,1.43,0.0,0.0,0.0,0.0,0.0,0.0,0.29,0.29,0.29,0.14,0.0,1.0,1.0,0.5,2022-23
1628379,Luke Kennard,1610612763,MEM,27.0,59,22.3,3.32,1.86,1.46,0.88,0.02,0.39,0.88,0.15,0.25,0.41,0.375,0.625,0.02,0.34,0.36,0.29,0.08,0.048,0.952,0.895,0.263,2022-23
1628436,Luke Kornet,1610612738,BOS,27.0,66,12.1,5.55,4.52,1.03,0.27,0.0,1.7,4.24,0.12,0.06,0.18,0.667,0.333,0.27,0.82,1.09,1.02,0.5,0.25,0.75,0.944,0.465,2022-23
1630644,Mac McClung,1610612755,PHI,24.0,2,20.5,2.5,1.5,1.0,1.5,0.5,0.5,1.0,0.0,0.0,0.0,0.0,0.0,0.5,0.5,1.0,1.0,0.5,0.5,0.5,1.0,0.5,2022-23
1630201,Malachi Flynn,1610612761,TOR,25.0,44,14.5,2.14,1.09,1.05,0.98,0.0,0.05,0.11,0.14,0.2,0.34,0.4,0.6,0.0,0.14,0.14,0.14,0.02,0.0,1.0,1.0,0.167,2022-23
1631103,Malaki Branham,1610612759,SAS,20.0,65,23.7,2.95,1.51,1.45,0.77,0.0,0.11,0.25,0.15,0.23,0.38,0.4,0.6,0.02,0.03,0.05,0.05,0.02,0.333,0.667,1.0,0.333,2022-23
1627763,Malcolm Brogdon,1610612738,BOS,30.0,67,26.0,3.84,2.16,1.67,1.12,0.0,0.12,0.28,0.25,0.36,0.61,0.415,0.585,0.04,0.3,0.34,0.33,0.1,0.13,0.87,0.957,0.304,2022-23
1630792,Malcolm Hill,1610612741,CHI,27.0,2,4.0,1.0,0.0,1.0,0.0,0.0,0.0,0.0,0.0,0.0,0.0,0.0,0.0,0.0,0.0,0.0,0.0,0.0,0.0,0.0,0.0,0.0,2022-23
1627736,Malik Beasley,1610612747,LAL,26.0,79,26.1,2.65,1.27,1.38,1.24,0.01,0.38,0.9,0.14,0.24,0.38,0.367,0.633,0.01,0.29,0.3,0.28,0.1,0.042,0.958,0.917,0.333,2022-23
1628370,Malik Monk,1610612758,SAC,25.0,76,22.3,3.03,1.68,1.34,1.21,0.01,0.33,0.7,0.25,0.12,0.37,0.679,0.321,0.0,0.13,0.13,0.13,0.04,0.0,1.0,1.0,0.3,2022-23
1629603,Mamadi Diakite,1610612739,CLE,26.0,20,8.5,3.35,2.15,1.2,0.75,0.05,1.15,2.5,0.0,0.1,0.1,0.0,1.0,0.0,0.2,0.2,0.2,0.1,0.0,1.0,1.0,0.5,2022-23
1630699,MarJon Beauchamp,1610612749,MIL,22.0,43,15.6,2.4,1.35,1.05,0.72,0.0,0.12,0.26,0.21,0.09,0.3,0.692,0.308,0.0,0.19,0.19,0.19,0.07,0.0,1.0,1.0,0.375,2022-23
202694,Marcus Morris Sr.,1610612746,LAC,33.0,65,28.1,3.12,1.92,1.2,1.11,0.0,0.45,1.05,0.11,0.34,0.45,0.241,0.759,0.09,0.54,0.63,0.57,0.31,0.146,0.854,0.949,0.513,2022-23
203935,Marcus Smart,1610612738,BOS,29.0,61,32.1,4.15,1.9,2.25,2.57,0.18,0.8,1.85,0.31,0.44,0.75,0.413,0.587,0.03,0.98,1.02,0.9,0.18,0.032,0.968,0.965,0.193,2022-23
1631109,Mark Williams,1610612766,CHA,21.0,41,20.1,7.05,5.02,2.02,1.22,0.0,2.88,6.37,0.17,0.37,0.54,0.318,0.682,0.22,1.02,1.24,1.17,0.76,0.176,0.824,0.96,0.62,2022-23
1628365,Markelle Fultz,1610612753,ORL,25.0,60,29.6,3.98,2.05,1.93,2.27,0.0,0.43,0.95,0.37,0.5,0.87,0.423,0.577,0.0,0.17,0.17,0.17,0.07,0.0,1.0,1.0,0.4,2022-23
202693,Markieff Morris,1610612742,DAL,33.0,33,10.4,2.3,1.42,0.88,0.42,0.03,0.7,1.58,0.0,0.09,0.09,0.0,1.0,0.15,0.76,0.91,0.88,0.45,0.167,0.833,0.967,0.5,2022-23
1630250,Marko Simonovic,1610612741,CHI,23.0,2,4.5,1.5,1.5,0.0,0.0,0.0,1.0,2.5,0.0,0.0,0.0,0.0,0.0,0.0,0.5,0.5,0.5,0.5,0.0,1.0,1.0,1.0,2022-23
1628963,Marvin Bagley III,1610612765,DET,24.0,42,23.6,7.05,4.64,2.4,0.93,0.05,2.19,5.17,0.33,0.12,0.45,0.737,0.263,0.21,0.67,0.88,0.81,0.45,0.243,0.757,0.944,0.528,2022-23
203486,Mason Plumlee,1610612746,LAC,33.0,79,26.0,5.97,4.62,1.35,1.49,0.01,3.71,8.28,0.42,0.18,0.59,0.702,0.298,0.53,0.99,1.52,1.34,0.96,0.35,0.65,0.955,0.685,2022-23
1629680,Matisse Thybulle,1610612757,POR,26.0,64,18.3,2.09,1.03,1.06,2.38,0.03,0.28,0.69,0.09,0.2,0.3,0.316,0.684,0.03,0.11,0.14,0.14,0.06,0.222,0.778,1.0,0.444,2022-23
1630346,Matt Ryan,1610612750,MIN,26.0,25,11.2,2.6,1.0,1.6,0.44,0.0,0.0,0.0,0.04,0.12,0.16,0.25,0.75,0.0,0.16,0.16,0.16,0.08,0.0,1.0,1.0,0.5,2022-23
203521,Matthew Dellavedova,1610612758,SAC,32.0,18,10.1,0.94,0.28,0.67,0.61,0.17,0.22,0.56,0.06,0.0,0.06,1.0,0.0,0.0,0.06,0.06,0.06,0.0,0.0,1.0,1.0,0.0,2022-23
1631108,Max Christie,1610612747,LAL,20.0,34,14.8,3.74,2.03,1.71,0.56,0.0,0.03,0.06,0.06,0.06,0.12,0.5,0.5,0.0,0.06,0.06,0.06,0.06,0.0,1.0,1.0,1.0,2022-23
1629622,Max Strus,1610612748,MIA,27.0,79,28.7,4.85,1.99,2.86,1.11,0.11,0.43,0.94,0.13,0.23,0.35,0.357,0.643,0.03,0.44,0.47,0.43,0.11,0.054,0.946,0.944,0.25,2022-23
1628467,Maxi Kleber,1610612742,DAL,31.0,37,25.1,9.46,6.89,2.57,1.16,0.03,1.86,4.57,0.14,0.16,0.3,0.455,0.545,0.22,1.3,1.51,1.27,0.46,0.143,0.857,0.94,0.34,2022-23
1630593,McKinley Wright IV,1610612742,DAL,24.0,23,14.1,2.26,1.43,0.83,0.57,0.04,0.13,0.3,0.26,0.17,0.43,0.6,0.4,0.0,0.17,0.17,0.17,0.09,0.0,1.0,1.0,0.5,2022-23
203086,Meyers Leonard,1610612749,MIL,31.0,9,12.6,5.11,4.33,0.78,0.22,0.0,1.44,3.56,0.11,0.11,0.22,0.5,0.5,0.22,0.67,0.89,0.78,0.56,0.25,0.75,0.875,0.625,2022-23
1629662,Mfiondu Kabengele,1610612738,BOS,25.0,4,9.1,3.0,2.5,0.5,0.5,0.0,1.0,2.5,0.25,0.25,0.5,0.5,0.5,0.5,0.0,0.5,0.5,0.5,1.0,0.0,1.0,1.0,2022-23
1630695,Micah Potter,1610612762,UTA,25.0,7,7.5,2.0,1.0,1.0,0.29,0.29,0.43,0.86,0.14,0.0,0.14,1.0,0.0,0.14,0.14,0.29,0.29,0.14,0.5,0.5,1.0,0.5,2022-23
203487,Michael Carter-Williams,1610612753,ORL,31.0,3,14.2,1.67,0.67,1.0,1.0,0.0,0.0,0.0,0.0,0.33,0.33,0.0,1.0,0.0,0.0,0.0,0.0,0.0,0.0,0.0,0.0,0.0,2022-23
1629008,Michael Porter Jr.,1610612743,DEN,25.0,62,29.0,3.65,2.19,1.45,1.29,0.0,0.23,0.53,0.19,0.26,0.45,0.429,0.571,0.11,0.1,0.21,0.19,0.15,0.538,0.462,0.923,0.692,2022-23
1628969,Mikal Bridges,1610612751,BKN,26.0,82,36.1,5.39,3.21,2.18,2.01,0.0,0.26,0.57,0.34,0.3,0.65,0.528,0.472,0.0,0.22,0.22,0.21,0.06,0.0,1.0,0.944,0.278,2022-23
201144,Mike Conley,1610612750,MIN,35.0,67,30.3,3.16,1.91,1.25,1.76,0.06,0.39,0.96,0.28,0.28,0.57,0.5,0.5,0.0,0.1,0.1,0.1,0.04,0.0,1.0,1.0,0.429,2022-23
203488,Mike Muscala,1610612738,BOS,31.0,61,15.3,5.13,3.59,1.54,0.52,0.0,0.9,1.98,0.18,0.1,0.28,0.647,0.353,0.13,0.9,1.03,0.93,0.51,0.127,0.873,0.966,0.525,2022-23
1630540,Miles McBride,1610612752,NYK,22.0,58,12.8,2.57,1.38,1.19,0.98,0.03,0.1,0.26,0.17,0.12,0.29,0.588,0.412,0.0,0.16,0.16,0.16,0.02,0.0,1.0,1.0,0.111,2022-23
1629011,Mitchell Robinson,1610612752,NYK,25.0,59,26.9,8.83,6.78,2.05,1.8,0.0,2.59,5.73,0.36,0.22,0.58,0.618,0.382,1.29,1.83,3.12,2.85,1.97,0.413,0.587,0.939,0.648,2022-23
1628964,Mo Bamba,1610612747,LAL,25.0,47,16.3,5.34,3.45,1.89,0.51,0.0,2.11,4.68,0.23,0.11,0.34,0.688,0.313,0.21,0.72,0.94,0.87,0.6,0.227,0.773,0.976,0.667,2022-23
1628420,Monte Morris,1610612764,WAS,28.0,61,27.6,2.62,1.1,1.52,1.34,0.08,0.25,0.56,0.26,0.3,0.56,0.471,0.529,0.0,0.33,0.33,0.31,0.03,0.0,1.0,0.95,0.1,2022-23
1626149,Montrezl Harrell,1610612755,PHI,29.0,56,12.1,4.02,3.02,1.0,0.61,0.21,1.48,3.41,0.13,0.05,0.18,0.7,0.3,0.16,0.79,0.95,0.91,0.46,0.17,0.83,0.962,0.491,2022-23
1629021,Moritz Wagner,1610612753,ORL,26.0,57,19.5,4.16,2.74,1.42,1.25,0.3,2.56,5.54,0.16,0.23,0.39,0.409,0.591,0.33,0.86,1.19,1.02,0.65,0.279,0.721,0.967,0.617,2022-23
1629650,Moses Brown,1610612746,LAC,23.0,34,8.5,3.74,3.15,0.59,0.35,0.0,1.09,2.38,0.06,0.03,0.09,0.667,0.333,0.44,0.29,0.74,0.68,0.56,0.6,0.4,0.92,0.76,2022-23
1630541,Moses Moody,1610612744,GSW,21.0,59,13.5,2.69,1.59,1.1,0.54,0.05,0.19,0.51,0.15,0.12,0.27,0.563,0.438,0.03,0.22,0.25,0.24,0.14,0.133,0.867,1.0,0.571,2022-23
1631217,Moussa Diabaté,1610612746,LAC,21.0,19,9.9,3.74,2.74,1.0,0.37,0.0,1.21,2.53,0.26,0.21,0.47,0.556,0.444,0.37,0.16,0.53,0.47,0.32,0.7,0.3,0.9,0.6,2022-23
1626167,Myles Turner,1610612754,IND,27.0,62,29.4,10.76,9.03,1.73,1.29,0.0,3.48,7.87,0.27,0.15,0.42,0.654,0.346,0.31,1.21,1.52,1.42,0.73,0.202,0.798,0.989,0.506,2022-23
1630230,Naji Marshall,1610612740,NOP,25.0,77,23.3,3.26,1.7,1.56,1.43,0.01,0.19,0.43,0.14,0.14,0.29,0.5,0.5,0.04,0.38,0.42,0.42,0.1,0.094,0.906,1.0,0.25,2022-23
1629642,Nassir Little,1610612757,POR,23.0,52,18.3,3.65,2.02,1.63,0.54,0.02,0.13,0.33,0.13,0.19,0.33,0.412,0.588,0.04,0.37,0.4,0.35,0.15,0.095,0.905,0.947,0.421,2022-23
1631466,Nate Williams,1610612757,POR,24.0,5,25.3,3.0,1.4,1.6,1.0,0.0,0.0,0.0,0.6,0.2,0.8,0.75,0.25,0.4,0.4,0.8,0.8,0.2,0.5,0.5,1.0,0.25,2022-23
1630233,Nathan Knight,1610612750,MIN,25.0,31,8.8,2.97,2.0,0.97,0.65,0.0,0.39,1.03,0.1,0.06,0.16,0.6,0.4,0.19,0.26,0.45,0.35,0.16,0.429,0.571,0.846,0.385,2022-23
1629675,Naz Reid,1610612750,MIN,23.0,67,18.6,5.97,4.28,1.69,1.33,0.07,1.73,4.06,0.16,0.16,0.33,0.5,0.5,0.09,0.76,0.85,0.79,0.43,0.105,0.895,0.981,0.537,2022-23
1629674,Neemias Queta,1610612758,SAC,23.0,5,5.7,1.4,1.0,0.4,0.6,0.0,0.4,0.8,0.2,0.0,0.2,1.0,0.0,0.0,0.2,0.2,0.2,0.0,0.0,1.0,1.0,0.0,2022-23
203457,Nerlens Noel,1610612751,BKN,29.0,16,12.0,2.94,2.25,0.69,2.0,0.25,2.38,5.38,0.13,0.31,0.44,0.286,0.714,0.06,0.25,0.31,0.25,0.06,0.2,0.8,1.0,0.25,2022-23
1629651,Nic Claxton,1610612751,BKN,24.0,76,29.9,12.09,9.21,2.88,2.28,0.0,3.63,8.32,0.24,0.24,0.47,0.5,0.5,0.2,1.24,1.43,1.16,0.67,0.138,0.862,0.936,0.543,2022-23
1630208,Nick Richards,1610612766,CHA,25.0,65,18.7,6.4,5.32,1.08,0.57,0.03,2.91,6.4,0.11,0.06,0.17,0.636,0.364,0.49,0.85,1.34,1.22,0.94,0.368,0.632,0.952,0.735,2022-23
1629638,Nickeil Alexander-Walker,1610612750,MIN,24.0,55,15.9,2.18,1.47,0.71,1.4,0.05,0.22,0.53,0.13,0.18,0.31,0.412,0.588,0.0,0.18,0.18,0.15,0.04,0.0,1.0,0.889,0.222,2022-23
201587,Nicolas Batum,1610612746,LAC,34.0,77,22.0,4.83,2.83,2.0,1.56,0.03,0.73,1.71,0.12,0.22,0.34,0.346,0.654,0.04,0.39,0.43,0.39,0.18,0.091,0.909,0.938,0.438,2022-23
203999,Nikola Jokić,1610612743,DEN,28.0,69,33.7,8.49,6.48,2.01,3.16,0.06,4.06,9.32,0.43,0.29,0.72,0.6,0.4,0.41,1.42,1.83,1.77,1.29,0.222,0.778,1.0,0.73,2022-23
1631107,Nikola Jović,1610612748,MIA,20.0,12,16.8,3.42,2.75,0.67,0.58,0.08,1.33,3.08,0.33,0.17,0.5,0.667,0.333,0.17,0.25,0.42,0.42,0.17,0.4,0.6,1.0,0.4,2022-23
202696,Nikola Vučević,1610612741,CHI,32.0,82,33.5,8.2,5.96,2.23,2.0,0.01,4.18,9.04,0.26,0.24,0.5,0.512,0.488,0.27,1.63,1.9,1.73,1.22,0.141,0.859,0.979,0.69,2022-23
203943,Noah Vonleh,1610612738,BOS,27.0,18,8.8,2.89,2.22,0.67,0.28,0.0,1.44,3.5,0.17,0.06,0.22,0.75,0.25,0.17,0.06,0.22,0.22,0.22,0.75,0.25,1.0,1.0,2022-23
1626181,Norman Powell,1610612746,LAC,30.0,60,26.1,3.4,1.83,1.57,1.47,0.0,0.2,0.45,0.17,0.27,0.43,0.385,0.615,0.0,0.25,0.25,0.25,0.05,0.0,1.0,1.0,0.2,2022-23
1628384,OG Anunoby,1610612761,TOR,25.0,67,35.6,6.48,4.01,2.46,3.6,0.13,0.34,0.81,0.42,0.45,0.87,0.483,0.517,0.09,0.61,0.7,0.64,0.22,0.128,0.872,0.977,0.341,2022-23
1630167,Obi Toppin,1610612752,NYK,25.0,64,15.8,2.63,1.34,1.28,0.64,0.0,0.27,0.61,0.13,0.17,0.3,0.421,0.579,0.03,0.31,0.34,0.31,0.14,0.091,0.909,0.909,0.409,2022-23
1630534,Ochai Agbaji,1610612762,UTA,23.0,54,22.0,4.5,2.2,2.3,0.93,0.02,0.33,0.83,0.17,0.22,0.39,0.429,0.571,0.0,0.22,0.22,0.2,0.06,0.0,1.0,1.0,0.273,2022-23
1630846,Olivier Sarr,1610612760,OKC,24.0,7,15.6,5.86,4.86,1.0,0.29,0.0,2.57,5.43,0.29,0.0,0.29,1.0,0.0,0.14,1.14,1.29,0.86,0.43,0.111,0.889,0.75,0.375,2022-23
1630209,Omer Yurtseven,1610612748,MIA,25.0,9,9.2,2.44,2.0,0.44,0.44,0.0,1.0,2.33,0.22,0.0,0.22,1.0,0.0,0.11,0.11,0.22,0.22,0.11,0.5,0.5,1.0,0.5,2022-23
1630168,Onyeka Okongwu,1610612737,ATL,22.0,80,23.1,8.11,6.49,1.63,1.25,0.01,4.04,8.89,0.29,0.2,0.49,0.59,0.41,0.6,1.16,1.76,1.34,0.85,0.34,0.66,0.93,0.591,2022-23
1631115,Orlando Robinson,1610612748,MIA,22.0,30,14.1,3.8,2.93,0.87,0.77,0.0,1.93,4.47,0.1,0.07,0.17,0.6,0.4,0.17,0.7,0.87,0.77,0.37,0.192,0.808,0.885,0.423,2022-23
1629052,Oshae Brissett,1610612754,IND,25.0,61,17.3,2.16,1.25,0.92,1.08,0.07,0.3,0.69,0.21,0.28,0.49,0.433,0.567,0.1,0.36,0.46,0.39,0.21,0.214,0.786,0.96,0.52,2022-23
203490,Otto Porter Jr.,1610612761,TOR,30.0,8,18.3,1.63,0.75,0.88,1.88,0.13,0.25,0.63,0.25,0.0,0.25,1.0,0.0,0.0,0.13,0.13,0.13,0.0,0.0,1.0,1.0,0.0,2022-23
1631172,Ousmane Dieng,1610612760,OKC,20.0,38,14.9,3.45,1.92,1.53,0.45,0.0,0.37,0.95,0.08,0.05,0.13,0.6,0.4,0.03,0.29,0.32,0.26,0.16,0.083,0.917,0.909,0.545,2022-23
200782,P.J. Tucker,1610612755,PHI,38.0,74,25.9,4.32,2.27,2.05,1.2,0.07,0.96,2.39,0.24,0.26,0.5,0.486,0.514,0.24,0.85,1.09,1.05,0.53,0.222,0.778,0.963,0.481,2022-23
1629023,P.J. Washington,1610612766,CHA,24.0,73,32.6,7.14,4.05,3.08,1.88,0.0,0.93,2.18,0.32,0.26,0.58,0.548,0.452,0.04,0.52,0.56,0.47,0.19,0.073,0.927,1.0,0.412,2022-23
1628408,PJ Dozier,1610612758,SAC,26.0,7,9.1,1.57,0.86,0.71,0.86,0.14,0.14,0.29,0.0,0.14,0.14,0.0,1.0,0.0,0.14,0.14,0.14,0.0,0.0,1.0,1.0,0.0,2022-23
1631094,Paolo Banchero,1610612753,ORL,20.0,72,33.7,6.57,3.36,3.21,1.25,0.08,0.78,1.68,0.21,0.26,0.47,0.441,0.559,0.07,0.58,0.65,0.56,0.28,0.106,0.894,0.93,0.465,2022-23
1627783,Pascal Siakam,1610612761,TOR,29.0,71,37.4,6.39,3.52,2.87,2.15,0.03,0.85,2.0,0.42,0.37,0.79,0.536,0.464,0.15,1.01,1.17,1.06,0.61,0.133,0.867,0.987,0.566,2022-23
1626192,Pat Connaughton,1610612749,MIL,30.0,59,24.3,4.31,2.03,2.27,0.9,0.02,0.36,0.76,0.22,0.17,0.39,0.565,0.435,0.02,0.32,0.34,0.32,0.08,0.05,0.95,0.95,0.25,2022-23
1631116,Patrick Baldwin Jr.,1610612744,GSW,20.0,20,9.6,2.0,1.45,0.55,0.25,0.0,0.15,0.35,0.05,0.0,0.05,1.0,0.0,0.0,0.3,0.3,0.3,0.15,0.0,1.0,1.0,0.5,2022-23
201976,Patrick Beverley,1610612741,CHI,34.0,67,27.1,3.4,1.7,1.7,1.93,0.31,0.34,0.79,0.28,0.21,0.49,0.576,0.424,0.01,0.13,0.15,0.15,0.03,0.1,0.9,1.0,0.2,2022-23
1630172,Patrick Williams,1610612741,CHI,21.0,82,28.3,5.49,3.02,2.46,1.87,0.02,0.85,1.94,0.17,0.23,0.4,0.424,0.576,0.07,0.7,0.77,0.71,0.21,0.095,0.905,0.983,0.288,2022-23
201988,Patty Mills,1610612751,BKN,34.0,35,15.0,1.37,0.54,0.83,0.74,0.03,0.14,0.29,0.14,0.17,0.31,0.455,0.545,0.0,0.11,0.11,0.11,0.0,0.0,1.0,1.0,0.0,2022-23
202331,Paul George,1610612746,LAC,33.0,56,34.6,5.71,3.05,2.66,3.57,0.05,0.43,0.96,0.38,0.59,0.96,0.389,0.611,0.02,0.57,0.59,0.55,0.18,0.03,0.97,1.0,0.323,2022-23
1630194,Paul Reed,1610612755,PHI,24.0,67,11.2,4.48,3.33,1.15,1.18,0.01,1.27,3.04,0.22,0.19,0.42,0.536,0.464,0.07,0.49,0.57,0.51,0.27,0.132,0.868,0.971,0.514,2022-23
1630202,Payton Pritchard,1610612738,BOS,25.0,40,15.5,2.33,1.68,0.65,0.78,0.0,0.2,0.45,0.33,0.18,0.5,0.65,0.35,0.0,0.23,0.23,0.2,0.05,0.0,1.0,0.889,0.222,2022-23
1631212,Peyton Watson,1610612743,DEN,20.0,16,10.8,2.81,2.06,0.75,0.44,0.0,0.0,0.0,0.13,0.06,0.19,0.667,0.333,0.0,0.25,0.25,0.25,0.13,0.0,1.0,1.0,0.5,2022-23
1630173,Precious Achiuwa,1610612761,TOR,23.0,55,20.7,6.13,4.11,2.02,1.07,0.02,1.38,3.16,0.29,0.25,0.55,0.533,0.467,0.2,0.51,0.71,0.71,0.47,0.282,0.718,1.0,0.667,2022-23
1629656,Quentin Grimes,1610612752,NYK,23.0,68,30.9,5.26,2.76,2.5,1.41,0.01,0.18,0.4,0.25,0.31,0.56,0.447,0.553,0.01,0.18,0.19,0.16,0.09,0.077,0.923,1.0,0.545,2022-23
1631245,Quenton Jackson,1610612764,WAS,24.0,5,24.6,1.6,0.6,1.0,1.4,0.0,0.0,0.0,0.0,0.4,0.4,0.0,1.0,0.0,0.0,0.0,0.0,0.0,0.0,0.0,0.0,0.0,2022-23
1630181,R.J. Hampton,1610612765,DET,22.0,44,16.8,2.16,1.05,1.11,1.25,0.0,0.07,0.16,0.16,0.18,0.34,0.467,0.533,0.0,0.16,0.16,0.14,0.05,0.0,1.0,0.857,0.286,2022-23
1629628,RJ Barrett,1610612752,NYK,23.0,72,34.4,5.39,2.88,2.51,0.78,0.0,0.19,0.47,0.32,0.33,0.65,0.489,0.511,0.01,0.33,0.35,0.32,0.13,0.04,0.96,0.92,0.36,2022-23
1630564,RaiQuan Gray,1610612751,BKN,23.0,1,35.1,9.0,7.0,2.0,1.0,0.0,5.0,12.0,0.0,0.0,0.0,0.0,0.0,1.0,0.0,1.0,1.0,1.0,1.0,0.0,1.0,1.0,2022-23
203526,Raul Neto,1610612739,CLE,31.0,40,11.7,2.25,1.18,1.08,1.15,0.03,0.0,0.0,0.23,0.25,0.48,0.474,0.526,0.0,0.05,0.05,0.05,0.03,0.0,1.0,1.0,0.5,2022-23
203493,Reggie Bullock Jr.,1610612742,DAL,32.0,78,30.3,2.94,1.65,1.28,1.27,0.0,0.65,1.53,0.18,0.22,0.4,0.452,0.548,0.0,0.41,0.41,0.38,0.18,0.0,1.0,0.968,0.452,2022-23
202704,Reggie Jackson,1610612743,DEN,33.0,67,24.7,4.16,1.81,2.36,1.04,0.04,0.39,0.91,0.22,0.27,0.49,0.455,0.545,0.0,0.33,0.33,0.3,0.03,0.0,1.0,0.952,0.095,2022-23
1626158,Richaun Holmes,1610612758,SAC,29.0,36,9.3,2.42,1.83,0.58,0.5,0.0,1.11,2.64,0.17,0.0,0.17,1.0,0.0,0.08,0.42,0.5,0.5,0.19,0.167,0.833,1.0,0.389,2022-23
201937,Ricky Rubio,1610612739,CLE,32.0,32,17.3,2.09,0.94,1.16,1.84,0.13,0.41,1.06,0.09,0.13,0.22,0.429,0.571,0.0,0.06,0.06,0.06,0.06,0.0,1.0,1.0,1.0,2022-23
203496,Robert Covington,1610612746,LAC,32.0,45,17.0,3.67,1.82,1.84,2.53,0.0,0.6,1.4,0.13,0.2,0.33,0.4,0.6,0.04,0.4,0.44,0.42,0.27,0.1,0.9,1.0,0.632,2022-23
1629057,Robert Williams III,1610612738,BOS,25.0,35,23.5,7.31,4.26,3.06,0.91,0.0,2.74,6.54,0.49,0.37,0.86,0.567,0.433,0.69,1.0,1.69,1.57,1.14,0.407,0.593,1.0,0.727,2022-23
201577,Robin Lopez,1610612739,CLE,35.0,35,8.4,3.63,3.17,0.46,0.09,0.03,1.91,4.69,0.17,0.09,0.26,0.667,0.333,0.26,0.51,0.77,0.66,0.23,0.333,0.667,0.92,0.32,2022-23
203585,Rodney McGruder,1610612765,DET,31.0,28,18.1,2.21,1.32,0.89,1.25,0.04,0.21,0.54,0.11,0.21,0.32,0.333,0.667,0.04,0.25,0.29,0.21,0.11,0.125,0.875,0.857,0.429,2022-23
1629641,Romeo Langford,1610612759,SAS,23.0,40,20.5,2.88,1.9,0.98,1.18,0.08,0.25,0.55,0.25,0.23,0.48,0.526,0.474,0.0,0.15,0.15,0.15,0.0,0.0,1.0,1.0,0.0,2022-23
1631199,Ron Harper Jr.,1610612761,TOR,23.0,5,7.1,1.0,0.4,0.6,0.2,0.0,0.2,0.4,0.0,0.0,0.0,0.0,0.0,0.0,0.0,0.0,0.0,0.0,0.0,0.0,0.0,0.0,2022-23
1626220,Royce O'Neale,1610612751,BKN,30.0,76,31.7,4.74,2.54,2.2,1.61,0.01,0.8,1.83,0.24,0.26,0.5,0.474,0.526,0.0,0.89,0.89,0.8,0.29,0.0,1.0,0.953,0.344,2022-23
200752,Rudy Gay,1610612762,UTA,36.0,54,14.8,2.44,1.48,0.96,0.69,0.04,0.46,1.11,0.19,0.15,0.33,0.556,0.444,0.04,0.3,0.33,0.33,0.17,0.111,0.889,1.0,0.5,2022-23
203497,Rudy Gobert,1610612750,MIN,31.0,70,30.7,10.11,8.31,1.8,1.44,0.01,4.93,11.46,0.14,0.17,0.31,0.455,0.545,0.51,1.43,1.94,1.8,1.2,0.265,0.735,0.969,0.646,2022-23
1629060,Rui Hachimura,1610612747,LAL,25.0,63,23.3,4.35,2.38,1.97,0.87,0.03,0.35,0.81,0.22,0.14,0.37,0.609,0.391,0.13,0.44,0.57,0.52,0.37,0.222,0.778,0.943,0.657,2022-23
201566,Russell Westbrook,1610612746,LAC,34.0,73,29.1,3.55,1.77,1.78,1.78,0.07,0.25,0.56,0.37,0.32,0.68,0.54,0.46,0.08,0.21,0.29,0.27,0.16,0.286,0.714,0.952,0.571,2022-23
1627853,Ryan Arcidiacono,1610612752,NYK,29.0,8,18.0,1.75,0.25,1.5,0.5,0.5,0.63,1.63,0.0,0.0,0.0,0.0,0.0,0.0,0.63,0.63,0.63,0.13,0.0,1.0,1.0,0.2,2022-23
1631157,Ryan Rollins,1610612744,GSW,20.0,7,7.3,1.14,0.71,0.43,0.71,0.0,0.14,0.29,0.0,0.0,0.0,0.0,0.0,0.0,0.0,0.0,0.0,0.0,0.0,0.0,0.0,0.0,2022-23
1630240,Saben Lee,1610612756,PHX,24.0,20,17.4,2.1,0.95,1.15,1.5,0.05,0.05,0.1,0.15,0.15,0.3,0.5,0.5,0.0,0.0,0.0,0.0,0.0,0.0,0.0,0.0,0.0,2022-23
1630180,Saddiq Bey,1610612737,ATL,24.0,76,27.8,3.3,1.91,1.39,1.5,0.0,0.28,0.62,0.34,0.43,0.78,0.441,0.559,0.03,0.5,0.53,0.45,0.25,0.05,0.95,1.0,0.559,2022-23
1630573,Sam Hauser,1610612738,BOS,25.0,73,17.3,3.36,2.47,0.89,0.84,0.01,0.41,0.96,0.19,0.19,0.38,0.5,0.5,0.0,0.4,0.4,0.37,0.05,0.0,1.0,0.964,0.143,2022-23
1630241,Sam Merrill,1610612739,CLE,27.0,2,23.9,3.0,0.5,2.5,0.0,0.0,0.5,1.0,0.0,1.0,1.0,0.0,1.0,0.0,0.0,0.0,0.0,0.0,0.0,0.0,0.0,0.0,2022-23
1630572,Sandro Mamukelashvili,1610612759,SAS,24.0,38,17.0,4.42,2.84,1.58,0.71,0.03,1.45,3.16,0.24,0.26,0.5,0.474,0.526,0.13,0.61,0.74,0.68,0.34,0.179,0.821,1.0,0.5,2022-23
1630583,Santi Aldama,1610612763,MEM,22.0,77,21.8,6.52,4.25,2.27,0.91,0.04,0.62,1.47,0.16,0.08,0.23,0.667,0.333,0.1,0.64,0.74,0.68,0.32,0.14,0.86,0.963,0.463,2022-23
1630567,Scottie Barnes,1610612761,TOR,21.0,77,34.8,6.91,4.19,2.71,1.9,0.01,1.08,2.49,0.39,0.31,0.7,0.556,0.444,0.17,0.81,0.97,0.94,0.48,0.173,0.827,1.0,0.514,2022-23
1630590,Scotty Pippen Jr.,1610612747,LAL,22.0,4,7.0,0.5,0.25,0.25,0.75,0.0,0.0,0.0,0.25,0.25,0.5,0.5,0.5,0.0,0.0,0.0,0.0,0.0,0.0,0.0,0.0,0.0,2022-23
201586,Serge Ibaka,1610612749,MIL,33.0,16,11.6,4.88,3.94,0.94,0.13,0.0,0.81,1.94,0.0,0.06,0.06,0.0,1.0,0.25,0.63,0.88,0.88,0.56,0.286,0.714,1.0,0.643,2022-23
203552,Seth Curry,1610612751,BKN,32.0,59,20.3,2.02,0.88,1.14,1.22,0.0,0.27,0.61,0.22,0.15,0.37,0.591,0.409,0.02,0.1,0.12,0.1,0.03,0.143,0.857,0.857,0.286,2022-23
1631101,Shaedon Sharpe,1610612757,POR,20.0,80,22.2,3.3,1.28,2.03,0.85,0.04,0.1,0.25,0.13,0.13,0.25,0.5,0.5,0.0,0.25,0.25,0.24,0.08,0.0,1.0,0.95,0.3,2022-23
1628983,Shai Gilgeous-Alexander,1610612760,OKC,24.0,68,35.5,6.9,3.6,3.29,3.59,0.0,0.37,0.87,0.47,0.57,1.04,0.451,0.549,0.01,0.22,0.24,0.24,0.06,0.063,0.938,1.0,0.25,2022-23
1629003,Shake Milton,1610612755,PHI,26.0,71,21.3,2.42,1.14,1.28,0.99,0.01,0.17,0.42,0.27,0.2,0.46,0.576,0.424,0.01,0.2,0.21,0.21,0.11,0.067,0.933,1.0,0.533,2022-23
1627885,Shaquille Harrison,1610612747,LAL,29.0,5,24.0,2.8,1.8,1.0,3.2,0.0,0.0,0.0,0.0,0.8,0.8,0.0,1.0,0.0,0.4,0.4,0.4,0.4,0.0,1.0,1.0,1.0,2022-23
1631323,Simone Fontecchio,1610612762,UTA,27.0,46,16.5,2.26,1.43,0.83,0.91,0.0,0.33,0.74,0.24,0.13,0.37,0.647,0.353,0.02,0.3,0.33,0.33,0.11,0.067,0.933,1.0,0.333,2022-23
1630219,Skylar Mays,1610612757,POR,25.0,6,31.5,3.83,1.5,2.33,1.33,0.0,0.17,0.33,0.5,0.33,0.83,0.6,0.4,0.0,0.67,0.67,0.67,0.33,0.0,1.0,1.0,0.5,2022-23
203915,Spencer Dinwiddie,1610612751,BKN,30.0,79,34.5,4.25,2.23,2.03,1.13,0.05,0.37,0.89,0.19,0.19,0.38,0.5,0.5,0.0,0.34,0.34,0.34,0.13,0.0,1.0,1.0,0.37,2022-23
1626169,Stanley Johnson,1610612762,UTA,27.0,28,16.5,2.79,1.57,1.21,0.79,0.0,0.79,1.89,0.11,0.11,0.21,0.5,0.5,0.04,0.29,0.32,0.25,0.14,0.111,0.889,0.875,0.5,2022-23
1630649,Stanley Umude,1610612765,DET,24.0,1,2.1,1.0,1.0,0.0,1.0,0.0,0.0,0.0,0.0,0.0,0.0,0.0,0.0,0.0,0.0,0.0,0.0,0.0,0.0,0.0,0.0,0.0,2022-23
201939,Stephen Curry,1610612744,GSW,35.0,56,34.7,4.71,2.25,2.46,1.77,0.16,0.89,2.23,0.46,0.41,0.88,0.531,0.469,0.02,0.11,0.13,0.11,0.07,0.143,0.857,1.0,0.667,2022-23
1628425,Sterling Brown,1610612747,LAL,28.0,3,7.0,0.33,0.0,0.33,1.0,0.0,0.0,0.0,0.0,0.0,0.0,0.0,0.0,0.33,0.0,0.33,0.33,0.33,1.0,0.0,1.0,1.0,2022-23
203500,Steven Adams,1610612763,MEM,29.0,42,27.0,8.81,7.12,1.69,1.62,0.02,5.64,12.62,0.6,0.19,0.79,0.758,0.242,1.29,1.1,2.38,2.14,1.6,0.54,0.46,0.968,0.72,2022-23
1629004,Svi Mykhailiuk,1610612766,CHA,26.0,24,18.1,3.13,1.67,1.46,1.08,0.0,0.04,0.08,0.21,0.42,0.63,0.333,0.667,0.0,0.17,0.17,0.17,0.08,0.0,1.0,1.0,0.5,2022-23
204456,T.J. McConnell,1610612754,IND,31.0,74,20.4,2.07,0.92,1.15,2.27,0.12,0.04,0.09,0.32,0.49,0.81,0.4,0.6,0.01,0.07,0.08,0.08,0.05,0.167,0.833,1.0,0.667,2022-23
203933,T.J. Warren,1610612756,PHX,29.0,39,17.1,1.77,0.74,1.03,1.0,0.0,0.21,0.49,0.18,0.18,0.36,0.5,0.5,0.0,0.64,0.64,0.54,0.26,0.0,1.0,0.913,0.435,2022-23
201959,Taj Gibson,1610612764,WAS,38.0,45,10.3,2.18,1.73,0.44,0.62,0.07,1.84,4.18,0.11,0.13,0.24,0.455,0.545,0.07,0.62,0.69,0.44,0.16,0.097,0.903,0.952,0.333,2022-23
1629659,Talen Horton-Tucker,1610612762,UTA,22.0,61,21.3,2.54,1.38,1.16,1.38,0.05,0.25,0.57,0.25,0.23,0.48,0.517,0.483,0.0,0.26,0.26,0.25,0.11,0.0,1.0,1.0,0.467,2022-23
1631106,Tari Eason,1610612745,HOU,22.0,82,21.6,4.37,2.33,2.04,1.98,0.0,0.24,0.57,0.44,0.44,0.88,0.5,0.5,0.16,0.38,0.54,0.48,0.38,0.295,0.705,0.951,0.756,2022-23
1627752,Taurean Prince,1610612750,MIN,29.0,54,22.1,2.81,1.54,1.28,1.43,0.19,0.13,0.31,0.15,0.22,0.37,0.4,0.6,0.07,0.28,0.35,0.3,0.2,0.211,0.789,0.889,0.611,2022-23
1629611,Terance Mann,1610612746,LAC,26.0,81,23.1,2.9,1.95,0.95,1.26,0.01,0.44,1.0,0.26,0.11,0.37,0.7,0.3,0.05,0.19,0.23,0.22,0.06,0.211,0.789,0.947,0.263,2022-23
1629056,Terence Davis,1610612758,SAC,26.0,59,13.9,2.15,1.1,1.05,1.46,0.02,0.03,0.07,0.14,0.22,0.36,0.381,0.619,0.0,0.03,0.03,0.03,0.0,0.0,1.0,1.0,0.0,2022-23
203082,Terrence Ross,1610612756,PHX,32.0,61,21.5,2.97,1.18,1.79,1.11,0.02,0.16,0.36,0.08,0.18,0.26,0.313,0.688,0.0,0.21,0.21,0.2,0.03,0.0,1.0,0.923,0.154,2022-23
1626179,Terry Rozier,1610612766,CHA,29.0,62,35.3,3.45,1.48,1.97,1.71,0.03,0.23,0.52,0.42,0.39,0.81,0.52,0.48,0.0,0.06,0.06,0.05,0.02,0.0,1.0,0.75,0.25,2022-23
1630678,Terry Taylor,1610612741,CHI,23.0,22,11.1,2.23,1.0,1.23,0.18,0.05,0.36,0.82,0.18,0.05,0.23,0.8,0.2,0.41,0.36,0.77,0.68,0.36,0.529,0.471,0.938,0.5,2022-23
201152,Thaddeus Young,1610612761,TOR,35.0,52,15.2,3.42,2.02,1.4,2.04,0.12,1.31,2.94,0.27,0.21,0.48,0.56,0.44,0.13,0.35,0.48,0.42,0.25,0.28,0.72,0.917,0.542,2022-23
203648,Thanasis Antetokounmpo,1610612749,MIL,30.0,22,8.0,2.36,1.55,0.82,0.55,0.0,0.5,1.14,0.18,0.09,0.27,0.667,0.333,0.05,0.05,0.09,0.09,0.05,0.5,0.5,1.0,0.5,2022-23
1630177,Theo Maledon,1610612766,CHA,22.0,44,19.4,3.25,1.75,1.5,1.5,0.02,0.18,0.39,0.11,0.27,0.39,0.294,0.706,0.0,0.11,0.11,0.09,0.02,0.0,1.0,0.8,0.2,2022-23
1629033,Theo Pinson,1610612742,DAL,27.0,27,10.8,1.41,0.74,0.67,0.89,0.0,0.33,0.78,0.11,0.04,0.15,0.75,0.25,0.0,0.22,0.22,0.22,0.11,0.0,1.0,1.0,0.5,2022-23
1628418,Thomas Bryant,1610612743,DEN,25.0,57,18.8,6.28,5.35,0.93,0.56,0.0,2.05,4.49,0.16,0.16,0.32,0.5,0.5,0.18,0.98,1.16,1.16,0.74,0.152,0.848,1.0,0.636,2022-23
203501,Tim Hardaway Jr.,1610612742,DAL,31.0,71,30.3,3.93,2.23,1.7,0.97,0.3,0.48,1.18,0.17,0.17,0.34,0.5,0.5,0.0,0.31,0.31,0.3,0.07,0.0,1.0,1.0,0.238,2022-23
202699,Tobias Harris,1610612755,PHI,30.0,74,32.9,3.69,2.11,1.58,1.38,0.0,0.23,0.54,0.28,0.32,0.61,0.467,0.533,0.18,0.62,0.8,0.66,0.39,0.22,0.78,0.891,0.527,2022-23
1628396,Tony Bradley,1610612741,CHI,25.0,11,3.0,1.36,1.09,0.27,0.09,0.0,0.36,0.73,0.0,0.0,0.0,0.0,0.0,0.09,0.27,0.36,0.36,0.27,0.25,0.75,1.0,0.75,2022-23
1628470,Torrey Craig,1610612756,PHX,32.0,78,24.9,5.42,3.13,2.29,1.36,0.04,0.54,1.28,0.28,0.27,0.55,0.512,0.488,0.12,0.31,0.42,0.35,0.17,0.273,0.727,0.9,0.433,2022-23
1629027,Trae Young,1610612737,ATL,24.0,72,35.0,1.67,0.54,1.13,1.78,0.07,0.07,0.15,0.32,0.31,0.63,0.511,0.489,0.0,0.1,0.1,0.1,0.01,0.0,1.0,1.0,0.143,2022-23
1630200,Tre Jones,1610612759,SAS,23.0,68,29.2,3.91,2.21,1.71,2.6,0.15,0.25,0.56,0.28,0.43,0.71,0.396,0.604,0.03,0.12,0.15,0.15,0.06,0.2,0.8,1.0,0.4,2022-23
1630544,Tre Mann,1610612760,OKC,22.0,60,18.9,2.83,1.3,1.53,1.37,0.08,0.32,0.68,0.15,0.2,0.35,0.429,0.571,0.0,0.12,0.12,0.1,0.0,0.0,1.0,1.0,0.0,2022-23
1630570,Trendon Watford,1610612757,POR,22.0,59,19.9,4.42,2.53,1.9,1.14,0.12,1.37,3.19,0.12,0.12,0.24,0.5,0.5,0.05,0.75,0.8,0.75,0.25,0.064,0.936,0.936,0.319,2022-23
1630235,Trent Forrest,1610612737,ATL,25.0,18,14.4,2.72,1.5,1.22,0.89,0.06,0.0,0.0,0.17,0.17,0.33,0.5,0.5,0.0,0.0,0.0,0.0,0.0,0.0,0.0,0.0,0.0,2022-23
1630243,Trevelin Queen,1610612755,PHI,26.0,5,11.7,2.4,1.4,1.0,1.4,0.0,0.0,0.0,0.2,0.0,0.2,1.0,0.0,0.0,0.2,0.2,0.2,0.2,0.0,1.0,1.0,1.0,2022-23
1631309,Trevor Hudgins,1610612745,HOU,24.0,2,8.7,1.0,0.5,0.5,0.5,0.0,0.0,0.0,0.5,0.0,0.5,1.0,0.0,0.0,0.0,0.0,0.0,0.0,0.0,0.0,0.0,0.0,2022-23
1626168,Trey Lyles,1610612758,SAC,27.0,71,17.2,3.87,2.23,1.65,0.83,0.14,0.32,0.72,0.11,0.15,0.27,0.421,0.579,0.11,0.68,0.79,0.75,0.27,0.143,0.857,0.964,0.345,2022-23
1630530,Trey Murphy III,1610612740,NOP,23.0,79,31.0,5.23,3.05,2.18,1.78,0.0,0.3,0.68,0.16,0.18,0.34,0.481,0.519,0.01,0.38,0.39,0.38,0.15,0.032,0.968,1.0,0.4,2022-23
1628972,Troy Brown Jr.,1610612747,LAL,23.0,75,24.7,4.8,2.56,2.24,1.29,0.01,0.19,0.43,0.23,0.16,0.39,0.586,0.414,0.05,0.28,0.33,0.33,0.16,0.16,0.84,1.0,0.48,2022-23
1629660,Ty Jerome,1610612744,GSW,25.0,39,19.9,2.72,1.51,1.21,1.13,0.05,0.28,0.74,0.08,0.13,0.21,0.375,0.625,0.0,0.05,0.05,0.05,0.03,0.0,1.0,1.0,0.5,2022-23
1631102,TyTy Washington Jr.,1610612745,HOU,21.0,26,15.3,1.81,0.62,1.19,0.62,0.12,0.0,0.0,0.19,0.08,0.27,0.714,0.286,0.0,0.0,0.0,0.0,0.0,0.0,0.0,0.0,0.0,2022-23
1628416,Tyler Dorsey,1610612742,DAL,27.0,1,2.6,1.0,1.0,0.0,0.0,0.0,0.0,0.0,0.0,0.0,0.0,0.0,0.0,0.0,0.0,0.0,0.0,0.0,0.0,0.0,0.0,0.0,2022-23
1629639,Tyler Herro,1610612748,MIA,23.0,67,34.9,4.6,2.25,2.34,1.34,0.0,0.27,0.57,0.19,0.3,0.49,0.394,0.606,0.0,0.18,0.18,0.16,0.09,0.0,1.0,1.0,0.545,2022-23
1630169,Tyrese Haliburton,1610612754,IND,23.0,56,33.6,3.63,1.39,2.23,2.63,0.02,0.07,0.2,0.32,0.43,0.75,0.429,0.571,0.0,0.11,0.11,0.09,0.02,0.0,1.0,1.0,0.2,2022-23
1631213,Tyrese Martin,1610612737,ATL,24.0,7,6.0,1.43,0.43,1.0,0.14,0.0,0.0,0.0,0.14,0.0,0.14,1.0,0.0,0.0,0.14,0.14,0.14,0.14,0.0,1.0,1.0,1.0,2022-23
1630178,Tyrese Maxey,1610612755,PHI,22.0,59,33.8,3.51,1.47,2.03,1.1,0.02,0.17,0.37,0.19,0.36,0.54,0.344,0.656,0.0,0.54,0.54,0.47,0.12,0.0,1.0,0.875,0.219,2022-23
1626145,Tyus Jones,1610612763,MEM,27.0,79,24.3,1.63,0.41,1.23,1.49,0.04,0.16,0.38,0.09,0.13,0.22,0.412,0.588,0.0,0.1,0.1,0.09,0.04,0.0,1.0,1.0,0.429,2022-23
1628962,Udoka Azubuike,1610612762,UTA,23.0,31,11.2,3.65,3.23,0.42,0.35,0.0,1.48,3.35,0.06,0.1,0.16,0.4,0.6,0.16,0.39,0.55,0.55,0.35,0.294,0.706,1.0,0.647,2022-23
2617,Udonis Haslem,1610612748,MIA,43.0,7,10.3,2.43,2.0,0.43,0.29,0.57,0.86,2.29,0.14,0.0,0.14,1.0,0.0,0.14,0.14,0.29,0.29,0.14,0.5,0.5,1.0,0.5,2022-23
1630586,Usman Garuba,1610612745,HOU,21.0,74,13.0,4.07,2.51,1.55,0.95,0.04,1.28,3.0,0.2,0.12,0.32,0.625,0.375,0.32,0.28,0.61,0.58,0.45,0.533,0.467,1.0,0.767,2022-23
1630176,Vernon Carey Jr.,1610612762,UTA,22.0,11,2.6,0.91,0.55,0.36,0.18,0.0,0.18,0.36,0.09,0.09,0.18,0.5,0.5,0.0,0.18,0.18,0.09,0.09,0.0,1.0,1.0,1.0,2022-23
203506,Victor Oladipo,1610612748,MIA,31.0,42,26.3,3.81,1.57,2.24,2.38,0.21,0.17,0.45,0.26,0.29,0.55,0.478,0.522,0.02,0.33,0.36,0.26,0.07,0.067,0.933,0.846,0.231,2022-23
1631246,Vince Williams Jr.,1610612763,MEM,22.0,10,9.6,1.4,0.6,0.8,0.9,0.1,0.3,0.8,0.2,0.0,0.2,1.0,0.0,0.0,0.1,0.1,0.1,0.0,0.0,1.0,1.0,0.0,2022-23
1628427,Vlatko Cancar,1610612743,DEN,26.0,49,17.7,3.43,2.12,1.31,0.8,0.06,0.33,0.73,0.14,0.02,0.16,0.875,0.125,0.06,0.2,0.27,0.24,0.06,0.231,0.769,0.923,0.231,2022-23
1630249,Vít Krejčí,1610612737,ATL,23.0,16,8.5,2.38,1.5,0.88,0.63,0.0,0.13,0.38,0.13,0.06,0.19,0.667,0.333,0.0,0.25,0.25,0.25,0.0,0.0,1.0,1.0,0.0,2022-23
1631117,Walker Kessler,1610612762,UTA,21.0,74,23.0,10.82,9.27,1.55,0.8,0.0,2.74,6.59,0.28,0.12,0.41,0.7,0.3,0.54,1.36,1.91,1.77,1.08,0.284,0.716,0.978,0.597,2022-23
1628976,Wendell Carter Jr.,1610612753,ORL,24.0,57,29.6,7.7,5.33,2.37,1.07,0.0,3.79,8.25,0.3,0.23,0.53,0.567,0.433,0.46,1.09,1.54,1.37,0.86,0.295,0.705,0.94,0.59,2022-23
1631111,Wendell Moore Jr.,1610612750,MIN,21.0,14,7.7,1.0,0.57,0.43,0.93,0.07,0.21,0.43,0.07,0.07,0.14,0.5,0.5,0.0,0.07,0.07,0.07,0.0,0.0,1.0,1.0,0.0,2022-23
1629117,Wenyen Gabriel,1610612747,LAL,26.0,67,15.3,5.94,4.82,1.12,1.16,0.0,1.66,3.76,0.31,0.16,0.48,0.656,0.344,0.46,1.0,1.46,1.42,0.79,0.316,0.684,0.99,0.552,2022-23
202083,Wesley Matthews,1610612749,MIL,36.0,48,16.6,2.31,1.35,0.96,0.81,0.04,0.1,0.25,0.17,0.15,0.31,0.533,0.467,0.15,0.54,0.69,0.65,0.27,0.212,0.788,0.939,0.394,2022-23
203115,Will Barton,1610612761,TOR,32.0,49,19.6,2.1,0.98,1.12,1.24,0.0,0.04,0.1,0.18,0.22,0.41,0.45,0.55,0.0,0.06,0.06,0.06,0.04,0.0,1.0,1.0,0.667,2022-23
1626195,Willy Hernangomez,1610612740,NOP,29.0,36,12.7,3.03,2.22,0.81,1.0,0.03,1.81,4.22,0.11,0.17,0.28,0.4,0.6,0.25,0.58,0.83,0.83,0.56,0.3,0.7,1.0,0.667,2022-23
1641645,Xavier Cooks,1610612764,WAS,27.0,9,13.7,3.56,2.22,1.33,1.33,0.0,1.33,2.78,0.22,0.11,0.33,0.667,0.333,0.33,0.56,0.89,0.78,0.67,0.375,0.625,1.0,0.857,2022-23
1629875,Xavier Moon,1610612746,LAC,28.0,1,9.3,1.0,1.0,0.0,0.0,0.0,0.0,0.0,0.0,0.0,0.0,0.0,0.0,0.0,0.0,0.0,0.0,0.0,0.0,0.0,0.0,0.0,2022-23
1630270,Xavier Sneed,1610612766,CHA,25.0,3,13.5,3.33,1.33,2.0,1.0,0.33,0.0,0.0,0.0,0.33,0.33,0.0,1.0,0.0,0.67,0.67,0.33,0.0,0.0,1.0,0.5,0.0,2022-23
1630214,Xavier Tillman,1610612763,MEM,24.0,60,19.7,6.3,4.33,1.97,1.63,0.0,2.7,5.78,0.3,0.25,0.55,0.545,0.455,0.23,0.5,0.73,0.68,0.45,0.318,0.682,0.932,0.614,2022-23
1629139,Yuta Watanabe,1610612751,BKN,28.0,54,17.0,4.69,2.83,1.85,0.65,0.02,0.26,0.61,0.19,0.09,0.28,0.667,0.333,0.0,0.39,0.39,0.28,0.02,0.0,1.0,0.833,0.056,2022-23
1628380,Zach Collins,1610612759,SAS,25.0,63,22.9,10.16,8.68,1.48,0.94,0.06,3.29,7.16,0.19,0.19,0.38,0.5,0.5,0.27,1.29,1.56,1.41,0.78,0.173,0.827,0.967,0.533,2022-23
203897,Zach LaVine,1610612741,CHI,28.0,77,35.9,5.68,2.44,3.23,1.25,0.0,0.32,0.65,0.32,0.16,0.48,0.676,0.324,0.0,0.19,0.19,0.18,0.09,0.0,1.0,0.933,0.467,2022-23
1630192,Zeke Nnaji,1610612743,DEN,22.0,51,14.2,3.94,2.8,1.14,0.59,0.0,1.12,2.59,0.14,0.06,0.2,0.7,0.3,0.25,0.33,0.59,0.49,0.25,0.433,0.567,0.962,0.5,2022-23
1630533,Ziaire Williams,1610612763,MEM,21.0,36,15.5,3.44,1.56,1.89,0.83,0.0,0.19,0.5,0.03,0.08,0.11,0.25,0.75,0.0,0.17,0.17,0.17,0.08,0.0,1.0,1.0,0.5,2022-23
1629627,Zion Williamson,1610612740,NOP,22.0,29,33.0,4.76,2.14,2.62,2.1,0.0,0.93,2.1,0.48,0.34,0.83,0.583,0.417,0.17,0.66,0.83,0.79,0.72,0.208,0.792,0.958,0.875,2022-23
1630639,A.J. Lawson,1610612742,DAL,23.0,23,11.6,1.74,1.17,0.57,0.52,0.0,0.35,0.74,0.09,0.22,0.3,0.286,0.714,0.0,0.22,0.22,0.17,0.09,0.0,1.0,0.8,0.4,2023-24
1631260,AJ Green,1610612749,MIL,24.0,45,12.8,1.58,0.91,0.67,0.6,0.09,0.16,0.36,0.02,0.22,0.24,0.091,0.909,0.04,0.2,0.24,0.24,0.04,0.182,0.818,1.0,0.182,2023-24
1631100,AJ Griffin,1610612737,ATL,20.0,14,10.6,1.36,0.86,0.5,0.29,0.0,0.14,0.36,0.14,0.21,0.36,0.4,0.6,0.0,0.14,0.14,0.14,0.0,0.0,1.0,1.0,0.0,2023-24
203932,Aaron Gordon,1610612743,DEN,28.0,73,31.5,4.74,3.25,1.49,1.38,0.03,1.26,3.08,0.32,0.27,0.59,0.535,0.465,0.25,0.37,0.62,0.6,0.44,0.4,0.6,0.978,0.711,2023-24
1628988,Aaron Holiday,1610612745,HOU,27.0,71,16.8,2.13,1.17,0.96,1.07,0.01,0.23,0.51,0.17,0.17,0.34,0.5,0.5,0.01,0.42,0.44,0.38,0.08,0.032,0.968,0.871,0.194,2023-24
1630174,Aaron Nesmith,1610612754,IND,24.0,72,27.7,6.46,4.15,2.31,1.58,0.11,0.22,0.47,0.33,0.32,0.65,0.511,0.489,0.07,0.38,0.44,0.44,0.21,0.156,0.844,1.0,0.469,2023-24
1630598,Aaron Wiggins,1610612760,OKC,25.0,78,15.7,3.14,1.81,1.33,1.45,0.01,0.31,0.63,0.17,0.26,0.42,0.394,0.606,0.0,0.27,0.27,0.27,0.06,0.0,1.0,1.0,0.238,2023-24
1641745,Adam Flagler,1610612760,OKC,24.0,1,5.5,1.0,1.0,0.0,0.0,0.0,0.0,0.0,0.0,0.0,0.0,0.0,0.0,0.0,0.0,0.0,0.0,0.0,0.0,0.0,0.0,0.0,2023-24
1641766,Adama Sanogo,1610612741,CHI,22.0,5,12.1,2.8,1.2,1.6,0.4,0.0,2.0,4.2,0.0,0.0,0.0,0.0,0.0,0.6,1.0,1.6,1.6,1.0,0.375,0.625,1.0,0.625,2023-24
1629678,Admiral Schofield,1610612753,ORL,27.0,13,4.3,0.92,0.23,0.69,0.23,0.0,0.31,0.85,0.0,0.0,0.0,0.0,0.0,0.08,0.31,0.38,0.38,0.23,0.2,0.8,1.0,0.6,2023-24
201143,Al Horford,1610612738,BOS,38.0,65,26.8,8.11,5.03,3.08,1.0,0.0,1.35,3.37,0.11,0.29,0.4,0.269,0.731,0.34,1.26,1.6,1.52,0.95,0.212,0.788,0.961,0.602,2023-24
202692,Alec Burks,1610612752,NYK,32.0,57,19.6,2.68,1.61,1.07,0.77,0.02,0.09,0.19,0.23,0.18,0.4,0.565,0.435,0.02,0.23,0.25,0.21,0.09,0.071,0.929,0.857,0.357,2023-24
1630197,Aleksej Pokusevski,1610612766,CHA,22.0,27,14.9,3.07,1.93,1.15,0.96,0.0,0.22,0.56,0.15,0.26,0.41,0.364,0.636,0.0,0.41,0.41,0.41,0.15,0.0,1.0,1.0,0.364,2023-24
1627936,Alex Caruso,1610612741,CHI,30.0,70,29.1,5.07,1.94,3.13,3.79,0.17,0.54,1.17,0.49,0.56,1.04,0.466,0.534,0.03,0.39,0.41,0.4,0.13,0.069,0.931,0.966,0.31,2023-24
1641788,Alex Fudge,1610612742,DAL,21.0,4,7.3,1.75,0.25,1.5,0.75,0.0,0.0,0.0,0.25,0.75,1.0,0.25,0.75,0.0,0.0,0.0,0.0,0.0,0.0,0.0,0.0,0.0,2023-24
203458,Alex Len,1610612758,SAC,31.0,47,9.4,3.3,2.74,0.55,0.51,0.0,2.0,4.72,0.11,0.04,0.15,0.714,0.286,0.28,0.94,1.21,1.15,0.6,0.228,0.772,0.947,0.491,2023-24
1631214,Alondes Williams,1610612748,MIA,25.0,1,1.9,1.0,1.0,0.0,0.0,0.0,0.0,0.0,0.0,0.0,0.0,0.0,0.0,0.0,0.0,0.0,0.0,0.0,0.0,0.0,0.0,0.0,2023-24
1630578,Alperen Sengun,1610612745,HOU,21.0,63,32.5,9.24,7.02,2.22,2.38,0.13,4.11,9.6,0.57,0.27,0.84,0.679,0.321,0.73,1.87,2.6,2.46,1.33,0.28,0.72,0.957,0.519,2023-24
1641735,Amari Bailey,1610612766,CHA,20.0,5,10.1,1.4,0.4,1.0,0.6,0.0,0.0,0.0,0.2,0.2,0.4,0.5,0.5,0.0,0.0,0.0,0.0,0.0,0.0,0.0,0.0,0.0,2023-24
1641708,Amen Thompson,1610612745,HOU,21.0,61,22.6,3.7,2.41,1.3,2.25,0.02,0.54,1.39,0.26,0.38,0.64,0.41,0.59,0.33,0.2,0.52,0.51,0.43,0.625,0.375,0.969,0.813,2023-24
1629599,Amir Coffey,1610612746,LAC,27.0,62,22.8,3.05,1.71,1.34,1.05,0.02,0.4,0.89,0.1,0.13,0.23,0.429,0.571,0.03,0.32,0.35,0.35,0.11,0.091,0.909,1.0,0.318,2023-24
203083,Andre Drummond,1610612741,CHI,30.0,79,17.1,4.57,2.85,1.72,1.54,0.03,2.1,4.41,0.19,0.24,0.43,0.441,0.559,1.19,0.56,1.75,1.7,1.52,0.681,0.319,0.978,0.876,2023-24
1641748,Andre Jackson Jr.,1610612749,MIL,22.0,47,11.7,1.66,0.98,0.68,0.79,0.02,0.43,1.11,0.3,0.21,0.51,0.583,0.417,0.13,0.4,0.53,0.49,0.11,0.24,0.76,0.92,0.2,2023-24
1641847,Andrew Funk,1610612741,CHI,24.0,2,4.7,0.5,0.5,0.0,0.5,0.0,0.0,0.0,0.0,0.0,0.0,0.0,0.0,0.0,0.5,0.5,0.5,0.0,0.0,1.0,1.0,0.0,2023-24
1629614,Andrew Nembhard,1610612754,IND,24.0,67,25.3,3.25,2.28,0.97,1.63,0.06,0.18,0.49,0.31,0.31,0.63,0.5,0.5,0.01,0.22,0.24,0.24,0.06,0.063,0.938,1.0,0.25,2023-24
203952,Andrew Wiggins,1610612744,GSW,29.0,71,27.0,5.34,2.65,2.69,1.24,0.0,0.75,2.1,0.38,0.2,0.58,0.659,0.341,0.14,0.59,0.73,0.72,0.31,0.192,0.808,0.981,0.423,2023-24
1629014,Anfernee Simons,1610612757,POR,25.0,46,34.4,3.41,1.67,1.74,0.93,0.02,0.33,0.74,0.35,0.39,0.74,0.471,0.529,0.0,0.09,0.09,0.09,0.04,0.0,1.0,1.0,0.5,2023-24
1641710,Anthony Black,1610612753,ORL,20.0,60,18.9,3.52,1.85,1.67,1.3,0.03,0.27,0.57,0.23,0.23,0.47,0.5,0.5,0.08,0.17,0.25,0.23,0.05,0.333,0.667,0.933,0.2,2023-24
203076,Anthony Davis,1610612747,LAL,31.0,76,35.5,11.16,7.76,3.39,2.55,0.01,4.07,9.12,0.62,0.38,1.0,0.618,0.382,0.64,1.84,2.49,2.45,1.71,0.259,0.741,0.984,0.688,2023-24
1630162,Anthony Edwards,1610612750,MIN,22.0,78,35.5,3.05,1.77,1.28,2.05,0.0,0.22,0.51,0.41,0.51,0.92,0.444,0.556,0.04,0.18,0.22,0.19,0.14,0.176,0.824,0.882,0.647,2023-24
1630264,Anthony Gill,1610612764,WAS,31.0,37,12.0,2.92,1.76,1.16,0.43,0.05,1.59,3.78,0.16,0.19,0.35,0.462,0.538,0.19,0.86,1.05,0.81,0.19,0.179,0.821,0.811,0.189,2023-24
1629717,Armoni Brooks,1610612751,BKN,26.0,7,13.7,2.0,0.71,1.29,0.57,0.0,0.14,0.29,0.14,0.14,0.29,0.5,0.5,0.0,0.14,0.14,0.14,0.14,0.0,1.0,1.0,1.0,2023-24
1630204,Ashton Hagans,1610612757,POR,24.0,18,17.4,1.5,1.06,0.44,1.56,0.0,0.22,0.44,0.33,0.39,0.72,0.462,0.538,0.11,0.39,0.5,0.5,0.22,0.222,0.778,1.0,0.444,2023-24
1641709,Ausar Thompson,1610612765,DET,21.0,63,25.1,4.79,2.75,2.05,2.06,0.03,0.44,1.02,0.52,0.32,0.84,0.623,0.377,0.11,0.27,0.38,0.38,0.27,0.292,0.708,1.0,0.708,2023-24
1630559,Austin Reaves,1610612747,LAL,26.0,82,32.1,5.22,3.0,2.22,1.29,0.1,0.27,0.57,0.46,0.51,0.98,0.475,0.525,0.02,0.59,0.61,0.6,0.16,0.04,0.96,0.98,0.26,2023-24
1630245,Ayo Dosunmu,1610612741,CHI,24.0,76,29.1,5.05,2.86,2.2,1.33,0.0,0.13,0.28,0.33,0.47,0.8,0.41,0.59,0.01,0.24,0.25,0.25,0.08,0.053,0.947,1.0,0.316,2023-24
1628389,Bam Adebayo,1610612748,MIA,26.0,71,34.0,6.7,4.45,2.25,2.21,0.03,3.44,8.07,0.46,0.42,0.89,0.524,0.476,0.31,2.79,3.1,2.87,1.44,0.1,0.9,0.976,0.488,2023-24
1641767,Ben Sheppard,1610612754,IND,22.0,50,15.8,2.42,1.54,0.88,0.94,0.0,0.12,0.3,0.16,0.12,0.28,0.571,0.429,0.0,0.22,0.22,0.22,0.12,0.0,1.0,1.0,0.545,2023-24
1627732,Ben Simmons,1610612751,BKN,27.0,15,23.9,3.33,1.87,1.47,2.0,0.07,2.93,6.8,0.2,0.47,0.67,0.3,0.7,0.13,0.73,0.87,0.8,0.47,0.154,0.846,0.923,0.538,2023-24
1631097,Bennedict Mathurin,1610612754,IND,22.0,59,26.1,3.08,1.81,1.27,0.9,0.0,0.29,0.61,0.31,0.25,0.56,0.545,0.455,0.05,0.42,0.47,0.47,0.15,0.107,0.893,1.0,0.321,2023-24
1641731,Bilal Coulibaly,1610612764,WAS,19.0,63,27.2,3.94,2.52,1.41,1.76,0.03,0.48,1.06,0.21,0.41,0.62,0.333,0.667,0.03,0.25,0.29,0.29,0.17,0.111,0.889,1.0,0.611,2023-24
202687,Bismack Biyombo,1610612760,OKC,31.0,37,21.3,6.35,5.11,1.24,0.65,0.0,2.76,6.27,0.32,0.14,0.46,0.706,0.294,0.41,1.08,1.49,1.46,0.78,0.273,0.727,1.0,0.537,2023-24
1631104,Blake Wesley,1610612759,SAS,21.0,54,15.7,1.78,0.72,1.06,0.98,0.02,0.11,0.26,0.13,0.13,0.26,0.5,0.5,0.0,0.13,0.13,0.13,0.0,0.0,1.0,1.0,0.0,2023-24
1626246,Boban Marjanovic,1610612745,HOU,35.0,13,5.2,1.62,1.08,0.54,0.15,0.0,1.46,3.08,0.0,0.0,0.0,0.0,0.0,0.08,0.23,0.31,0.31,0.31,0.25,0.75,1.0,1.0,2023-24
1626171,Bobby Portis Jr.,1610612749,MIL,29.0,82,24.5,4.87,3.24,1.62,1.65,0.0,1.4,3.23,0.24,0.3,0.55,0.444,0.556,0.59,0.63,1.22,1.17,0.89,0.48,0.52,0.96,0.73,2023-24
203992,Bogdan Bogdanović,1610612737,ATL,31.0,79,30.4,6.43,2.87,3.56,2.32,0.0,0.54,1.38,0.24,0.27,0.51,0.475,0.525,0.03,0.62,0.65,0.61,0.22,0.039,0.961,0.96,0.34,2023-24
202711,Bojan Bogdanovic,1610612752,NYK,35.0,57,25.9,3.16,1.65,1.51,0.74,0.0,0.3,0.65,0.3,0.21,0.51,0.586,0.414,0.0,0.42,0.42,0.37,0.09,0.0,1.0,0.955,0.227,2023-24
1629626,Bol Bol,1610612756,PHX,24.0,37,12.3,2.84,1.41,1.43,0.49,0.0,0.14,0.27,0.22,0.03,0.24,0.889,0.111,0.03,0.35,0.38,0.35,0.22,0.071,0.929,0.929,0.571,2023-24
1630538,Bones Hyland,1610612746,LAC,23.0,29,16.8,1.83,0.62,1.21,0.9,0.0,0.14,0.34,0.17,0.21,0.38,0.455,0.545,0.0,0.28,0.28,0.28,0.0,0.0,1.0,1.0,0.0,2023-24
203078,Bradley Beal,1610612756,PHX,31.0,53,33.3,4.3,1.96,2.34,1.96,0.11,0.4,0.85,0.4,0.28,0.68,0.583,0.417,0.02,0.17,0.19,0.17,0.08,0.1,0.9,1.0,0.444,2023-24
1641764,Brandin Podziemski,1610612744,GSW,21.0,72,27.2,3.29,1.75,1.54,1.63,0.53,0.83,2.15,0.29,0.4,0.69,0.42,0.58,0.07,0.61,0.68,0.64,0.19,0.102,0.898,0.939,0.286,2023-24
1630527,Brandon Boston Jr.,1610612746,LAC,22.0,22,14.4,1.59,0.86,0.73,1.23,0.0,0.27,0.59,0.23,0.14,0.36,0.625,0.375,0.0,0.05,0.05,0.05,0.0,0.0,1.0,1.0,0.0,2023-24
1629634,Brandon Clarke,1610612763,MEM,27.0,6,22.4,3.0,2.5,0.5,1.33,0.0,0.83,1.83,0.33,0.33,0.67,0.5,0.5,0.17,1.17,1.33,1.33,0.83,0.125,0.875,1.0,0.625,2023-24
1627742,Brandon Ingram,1610612740,NOP,26.0,64,32.9,5.27,2.59,2.67,1.56,0.02,0.45,1.11,0.31,0.3,0.61,0.513,0.487,0.02,0.27,0.28,0.28,0.13,0.056,0.944,1.0,0.444,2023-24
1641706,Brandon Miller,1610612766,CHA,21.0,74,32.2,5.58,2.99,2.59,1.7,0.15,0.51,1.2,0.31,0.35,0.66,0.469,0.531,0.01,0.38,0.39,0.39,0.16,0.034,0.966,1.0,0.414,2023-24
1630314,Brandon Williams,1610612742,DAL,24.0,10,8.6,1.8,1.1,0.7,0.5,0.0,0.1,0.2,0.3,0.1,0.4,0.75,0.25,0.0,0.0,0.0,0.0,0.0,0.0,0.0,0.0,0.0,2023-24
1630296,Braxton Key,1610612743,DEN,27.0,11,3.5,0.73,0.45,0.27,0.27,0.0,0.18,0.36,0.0,0.09,0.09,0.0,1.0,0.0,0.27,0.27,0.27,0.27,0.0,1.0,1.0,1.0,2023-24
1641729,Brice Sensabaugh,1610612762,UTA,20.0,27,21.1,2.33,0.85,1.48,0.81,0.0,0.3,0.78,0.19,0.19,0.37,0.5,0.5,0.07,0.11,0.19,0.19,0.07,0.4,0.6,1.0,0.4,2023-24
201572,Brook Lopez,1610612749,MIL,36.0,79,30.5,15.62,13.99,1.63,1.35,0.0,3.08,7.14,0.22,0.29,0.51,0.425,0.575,0.42,1.56,1.97,1.92,0.96,0.212,0.788,0.974,0.487,2023-24
1628971,Bruce Brown,1610612761,TOR,27.0,67,27.8,4.0,1.91,2.09,1.72,0.0,0.31,0.64,0.28,0.18,0.46,0.613,0.387,0.06,0.3,0.36,0.34,0.21,0.167,0.833,1.0,0.609,2023-24
1628981,Bruno Fernando,1610612737,ATL,25.0,42,16.2,3.14,2.38,0.76,0.81,0.0,2.55,5.86,0.21,0.17,0.38,0.563,0.438,0.33,1.07,1.4,1.33,0.83,0.237,0.763,0.949,0.593,2023-24
1631121,Bryce McGowens,1610612766,CHA,21.0,53,16.4,2.38,1.02,1.36,0.53,0.02,0.21,0.53,0.15,0.17,0.32,0.471,0.529,0.0,0.25,0.25,0.23,0.08,0.0,1.0,0.923,0.308,2023-24
1631205,Buddy Boeheim,1610612765,DET,24.0,6,12.0,1.33,1.17,0.17,0.5,0.0,0.17,0.33,0.33,0.33,0.67,0.5,0.5,0.0,0.0,0.0,0.0,0.0,0.0,0.0,0.0,0.0,2023-24
1627741,Buddy Hield,1610612755,PHI,31.0,83,25.8,4.67,3.1,1.58,1.65,0.0,0.51,1.08,0.3,0.34,0.64,0.472,0.528,0.01,0.2,0.22,0.22,0.08,0.056,0.944,1.0,0.389,2023-24
203468,CJ McCollum,1610612740,NOP,32.0,66,32.7,4.79,2.3,2.48,1.47,0.02,0.29,0.59,0.47,0.41,0.88,0.534,0.466,0.0,0.44,0.44,0.41,0.23,0.0,1.0,0.931,0.517,2023-24
1630595,Cade Cunningham,1610612765,DET,22.0,62,33.5,5.47,2.97,2.5,1.65,0.02,0.19,0.4,0.35,0.24,0.6,0.595,0.405,0.02,0.48,0.5,0.48,0.15,0.032,0.968,0.968,0.29,2023-24
1631216,Caleb Houstan,1610612753,ORL,21.0,49,15.6,2.16,1.24,0.92,0.65,0.0,0.27,0.59,0.18,0.2,0.39,0.474,0.526,0.1,0.53,0.63,0.61,0.22,0.161,0.839,0.968,0.355,2023-24
1628997,Caleb Martin,1610612748,MIA,28.0,64,27.4,3.48,1.83,1.66,1.34,0.14,0.44,1.06,0.2,0.22,0.42,0.481,0.519,0.02,0.48,0.5,0.48,0.14,0.031,0.969,1.0,0.29,2023-24
1629629,Cam Reddish,1610612747,LAL,24.0,48,20.5,2.73,1.5,1.23,1.77,0.02,0.06,0.17,0.27,0.42,0.69,0.394,0.606,0.0,0.33,0.33,0.33,0.17,0.0,1.0,1.0,0.5,2023-24
1630560,Cam Thomas,1610612751,BKN,22.0,65,31.6,4.05,1.88,2.17,0.97,0.0,0.25,0.57,0.25,0.25,0.49,0.5,0.5,0.0,0.34,0.34,0.32,0.05,0.0,1.0,0.955,0.136,2023-24
1641715,Cam Whitmore,1610612745,HOU,19.0,42,19.9,2.14,1.24,0.9,1.71,0.0,0.02,0.07,0.17,0.14,0.31,0.538,0.462,0.05,0.33,0.38,0.36,0.17,0.125,0.875,0.938,0.438,2023-24
1629661,Cameron Johnson,1610612751,BKN,28.0,57,27.9,3.81,1.89,1.91,1.61,0.04,0.33,0.75,0.23,0.32,0.54,0.419,0.581,0.09,0.65,0.74,0.7,0.19,0.119,0.881,0.952,0.262,2023-24
1626166,Cameron Payne,1610612755,PHI,29.0,70,17.5,1.67,0.71,0.96,1.54,0.09,0.09,0.21,0.11,0.17,0.29,0.4,0.6,0.01,0.13,0.14,0.13,0.07,0.1,0.9,0.9,0.5,2023-24
1627747,Caris LeVert,1610612739,CLE,29.0,68,28.8,3.85,2.01,1.84,2.15,0.0,0.24,0.59,0.25,0.31,0.56,0.447,0.553,0.0,0.35,0.35,0.32,0.15,0.0,1.0,0.917,0.417,2023-24
1641717,Cason Wallace,1610612760,OKC,20.0,82,20.6,3.71,1.67,2.04,1.96,0.0,0.52,1.21,0.17,0.32,0.49,0.35,0.65,0.01,0.2,0.21,0.2,0.06,0.059,0.941,0.941,0.294,2023-24
1626224,Cedi Osman,1610612759,SAS,29.0,70,17.8,2.69,1.56,1.13,0.97,0.06,0.23,0.5,0.19,0.2,0.39,0.481,0.519,0.04,0.36,0.4,0.36,0.11,0.107,0.893,0.893,0.286,2023-24
1629646,Charles Bassey,1610612759,SAS,23.0,16,12.3,3.25,2.69,0.56,1.19,0.0,1.88,4.19,0.19,0.0,0.19,1.0,0.0,0.38,0.69,1.06,0.94,0.81,0.353,0.647,0.938,0.813,2023-24
1629718,Charlie Brown Jr.,1610612752,NYK,27.0,6,5.9,1.0,0.33,0.67,0.83,0.0,0.0,0.0,0.0,0.0,0.0,0.0,0.0,0.0,0.17,0.17,0.17,0.0,0.0,1.0,1.0,0.0,2023-24
1631096,Chet Holmgren,1610612760,OKC,22.0,82,29.4,11.6,9.49,2.11,1.17,0.05,2.15,4.49,0.28,0.24,0.52,0.535,0.465,0.18,1.84,2.02,1.93,0.99,0.09,0.91,0.975,0.5,2023-24
1629002,Chimezie Metu,1610612765,DET,27.0,48,17.6,3.58,2.25,1.33,1.56,0.02,0.6,1.33,0.13,0.02,0.15,0.857,0.143,0.13,0.48,0.6,0.56,0.25,0.207,0.793,0.931,0.414,2023-24
1628449,Chris Boucher,1610612761,TOR,31.0,47,14.6,3.23,1.85,1.38,0.72,0.09,0.43,0.94,0.21,0.23,0.45,0.476,0.524,0.34,0.28,0.62,0.62,0.38,0.552,0.448,1.0,0.621,2023-24
1630537,Chris Duarte,1610612758,SAC,27.0,47,14.4,3.17,1.62,1.55,0.77,0.0,0.17,0.38,0.26,0.19,0.45,0.571,0.429,0.02,0.28,0.3,0.28,0.02,0.071,0.929,1.0,0.077,2023-24
1641753,Chris Livingston,1610612749,MIL,20.0,12,6.3,0.67,0.25,0.42,0.33,0.0,0.17,0.5,0.0,0.08,0.08,0.0,1.0,0.0,0.0,0.0,0.0,0.0,0.0,0.0,0.0,0.0,2023-24
101108,Chris Paul,1610612744,GSW,39.0,58,26.4,2.02,0.59,1.43,1.98,0.03,0.64,1.67,0.22,0.48,0.71,0.317,0.683,0.0,0.34,0.34,0.34,0.16,0.0,1.0,1.0,0.45,2023-24
1631128,Christian Braun,1610612743,DEN,23.0,82,20.2,3.38,2.15,1.23,0.79,0.04,0.24,0.57,0.23,0.26,0.49,0.475,0.525,0.1,0.32,0.41,0.41,0.22,0.235,0.765,1.0,0.529,2023-24
1626174,Christian Wood,1610612747,LAL,28.0,49,17.7,5.12,3.24,1.88,0.37,0.0,0.82,1.86,0.1,0.16,0.27,0.385,0.615,0.08,0.65,0.73,0.73,0.45,0.111,0.889,1.0,0.611,2023-24
1629643,Chuma Okeke,1610612753,ORL,25.0,33,12.1,2.64,1.21,1.42,0.52,0.0,0.12,0.27,0.24,0.09,0.33,0.727,0.273,0.03,0.42,0.45,0.45,0.12,0.067,0.933,1.0,0.267,2023-24
203991,Clint Capela,1610612737,ATL,30.0,73,25.8,8.58,7.0,1.58,1.18,0.19,3.14,7.16,0.45,0.25,0.7,0.647,0.353,0.74,1.67,2.41,2.37,1.68,0.307,0.693,0.989,0.703,2023-24
1629632,Coby White,1610612741,CHI,24.0,79,36.5,6.19,2.71,3.48,1.11,0.13,0.37,0.76,0.37,0.54,0.91,0.403,0.597,0.0,0.24,0.24,0.24,0.11,0.0,1.0,1.0,0.474,2023-24
1628998,Cody Martin,1610612766,CHA,28.0,28,26.9,3.04,1.46,1.57,1.79,0.11,0.36,0.89,0.21,0.32,0.54,0.4,0.6,0.07,0.75,0.82,0.82,0.21,0.087,0.913,1.0,0.261,2023-24
203469,Cody Zeller,1610612740,NOP,31.0,38,8.1,2.39,1.84,0.55,0.5,0.13,1.63,3.82,0.08,0.13,0.21,0.375,0.625,0.11,0.76,0.87,0.87,0.42,0.121,0.879,1.0,0.485,2023-24
1641732,Colby Jones,1610612758,SAC,22.0,22,8.2,1.36,1.0,0.36,0.82,0.05,0.09,0.27,0.32,0.09,0.41,0.778,0.222,0.0,0.18,0.18,0.14,0.05,0.0,1.0,0.75,0.25,2023-24
1630175,Cole Anthony,1610612753,ORL,24.0,78,22.9,2.65,1.4,1.26,1.6,0.01,0.15,0.36,0.32,0.33,0.65,0.49,0.51,0.03,0.12,0.14,0.14,0.05,0.182,0.818,1.0,0.364,2023-24
1631306,Cole Swider,1610612748,MIA,25.0,9,7.0,1.78,1.11,0.67,0.22,0.0,0.11,0.33,0.0,0.11,0.11,0.0,1.0,0.0,0.0,0.0,0.0,0.0,0.0,0.0,0.0,0.0,2023-24
1630658,Colin Castleton,1610612747,LAL,24.0,11,4.2,1.36,0.73,0.64,0.45,0.0,0.64,1.36,0.18,0.0,0.18,1.0,0.0,0.09,0.18,0.27,0.27,0.18,0.333,0.667,1.0,0.667,2023-24
1631221,Collin Gillespie,1610612743,DEN,25.0,17,11.9,2.47,1.06,1.41,1.53,0.0,0.41,1.0,0.0,0.06,0.06,0.0,1.0,0.0,0.24,0.24,0.24,0.0,0.0,1.0,1.0,0.0,2023-24
1629012,Collin Sexton,1610612762,UTA,25.0,78,26.6,2.17,0.96,1.21,1.67,0.01,0.56,1.41,0.46,0.32,0.78,0.59,0.41,0.01,0.08,0.09,0.09,0.01,0.143,0.857,1.0,0.143,2023-24
1630557,Corey Kispert,1610612764,WAS,25.0,80,25.8,4.49,2.7,1.79,0.84,0.03,0.34,0.78,0.18,0.18,0.35,0.5,0.5,0.0,0.46,0.46,0.43,0.06,0.0,1.0,0.919,0.135,2023-24
202709,Cory Joseph,1610612744,GSW,32.0,23,12.4,2.13,1.09,1.04,0.43,0.0,0.3,0.83,0.17,0.0,0.17,1.0,0.0,0.04,0.26,0.3,0.26,0.04,0.143,0.857,0.857,0.143,2023-24
1641854,Craig Porter Jr.,1610612739,CLE,24.0,39,15.6,2.79,1.33,1.46,1.0,0.0,0.05,0.13,0.28,0.13,0.41,0.688,0.313,0.0,0.13,0.13,0.13,0.03,0.0,1.0,1.0,0.2,2023-24
1626156,D'Angelo Russell,1610612747,LAL,28.0,74,32.8,2.91,1.26,1.65,2.24,0.03,0.46,1.08,0.22,0.34,0.55,0.39,0.61,0.0,0.46,0.46,0.46,0.15,0.0,1.0,1.0,0.324,2023-24
1641793,D'Moi Hodge,1610612747,LAL,25.0,5,6.6,1.0,0.2,0.8,0.6,0.0,0.2,0.4,0.2,0.0,0.2,1.0,0.0,0.0,0.0,0.0,0.0,0.0,0.0,0.0,0.0,0.0,2023-24
1630618,D.J. Carton,1610612761,TOR,23.0,4,8.9,2.0,1.0,1.0,0.25,0.0,0.0,0.0,0.25,0.5,0.75,0.333,0.667,0.0,0.0,0.0,0.0,0.0,0.0,0.0,0.0,0.0,2023-24
1628391,D.J. Wilson,1610612753,ORL,28.0,2,7.7,4.5,4.0,0.5,0.0,0.0,0.0,0.0,0.0,0.0,0.0,0.0,0.0,0.0,0.5,0.5,0.5,0.0,0.0,1.0,1.0,0.0,2023-24
1629610,DaQuan Jeffries,1610612752,NYK,26.0,8,3.7,1.0,0.25,0.75,0.38,0.0,0.0,0.0,0.0,0.13,0.13,0.0,1.0,0.0,0.25,0.25,0.13,0.13,0.0,1.0,1.0,1.0,2023-24
1630227,Daishen Nix,1610612750,MIN,22.0,7,4.8,0.43,0.29,0.14,0.86,0.0,0.0,0.0,0.0,0.29,0.29,0.0,1.0,0.0,0.0,0.0,0.0,0.0,0.0,0.0,0.0,0.0,2023-24
1630625,Dalano Banton,1610612757,POR,24.0,48,21.5,3.06,1.56,1.5,1.46,0.02,0.04,0.1,0.21,0.31,0.52,0.4,0.6,0.04,0.27,0.31,0.29,0.15,0.133,0.867,0.933,0.467,2023-24
1631207,Dalen Terry,1610612741,CHI,21.0,48,13.0,2.48,1.17,1.31,1.15,0.04,0.15,0.31,0.21,0.21,0.42,0.5,0.5,0.06,0.25,0.31,0.27,0.21,0.2,0.8,0.867,0.667,2023-24
1627745,Damian Jones,1610612739,CLE,29.0,30,8.2,2.6,1.83,0.77,0.3,0.0,0.73,1.77,0.2,0.03,0.23,0.857,0.143,0.1,0.4,0.5,0.47,0.23,0.2,0.8,1.0,0.5,2023-24
203081,Damian Lillard,1610612749,MIL,33.0,71,35.5,2.76,0.96,1.8,2.54,0.07,0.14,0.34,0.34,0.39,0.73,0.462,0.538,0.0,0.15,0.15,0.15,0.08,0.0,1.0,1.0,0.545,2023-24
1629655,Daniel Gafford,1610612742,DAL,25.0,74,24.5,8.82,7.2,1.62,1.55,0.07,3.74,8.28,0.28,0.32,0.61,0.467,0.533,0.65,1.61,2.26,2.15,1.14,0.287,0.713,0.964,0.509,2023-24
1628464,Daniel Theis,1610612746,LAC,32.0,60,16.9,5.27,3.6,1.67,1.07,0.0,2.1,4.83,0.15,0.18,0.33,0.45,0.55,0.5,0.9,1.4,1.37,0.77,0.357,0.643,0.976,0.548,2023-24
201568,Danilo Gallinari,1610612749,MIL,35.0,46,13.4,2.35,1.78,0.57,0.65,0.02,1.33,3.17,0.13,0.15,0.28,0.462,0.538,0.07,0.65,0.72,0.67,0.37,0.091,0.909,0.969,0.531,2023-24
201980,Danny Green,1610612755,PHI,37.0,2,9.2,2.5,1.5,1.0,2.0,0.0,0.0,0.0,0.0,0.0,0.0,0.0,0.0,0.0,0.0,0.0,0.0,0.0,0.0,0.0,0.0,0.0,2023-24
203957,Dante Exum,1610612742,DAL,28.0,51,20.8,2.29,1.43,0.86,0.94,0.06,0.71,1.67,0.24,0.24,0.47,0.5,0.5,0.0,0.14,0.14,0.14,0.04,0.0,1.0,1.0,0.286,2023-24
1627863,Danuel House Jr.,1610612755,PHI,31.0,32,15.5,2.34,1.16,1.19,0.56,0.03,0.09,0.22,0.06,0.25,0.31,0.2,0.8,0.09,0.47,0.56,0.53,0.16,0.167,0.833,0.944,0.278,2023-24
203967,Dario Saric,1610612744,GSW,30.0,62,17.6,4.95,3.65,1.31,1.31,0.03,0.92,2.19,0.34,0.05,0.39,0.875,0.125,0.24,0.89,1.13,1.1,0.53,0.214,0.786,1.0,0.485,2023-24
1641727,Dariq Whitehead,1610612751,BKN,19.0,2,12.0,1.0,0.5,0.5,0.0,0.0,0.0,0.0,0.0,0.0,0.0,0.0,0.0,0.0,0.0,0.0,0.0,0.0,0.0,0.0,0.0,0.0,2023-24
1629647,Darius Bazley,1610612762,UTA,24.0,7,20.9,5.71,3.43,2.29,1.14,0.0,1.0,2.14,0.29,0.29,0.57,0.5,0.5,0.14,0.29,0.43,0.43,0.29,0.333,0.667,1.0,0.667,2023-24
1629636,Darius Garland,1610612739,CLE,24.0,57,33.3,2.67,1.25,1.42,2.0,0.05,0.25,0.63,0.37,0.42,0.79,0.467,0.533,0.0,0.26,0.26,0.25,0.0,0.0,1.0,0.933,0.0,2023-24
1630561,David Duke Jr.,1610612759,SAS,24.0,3,16.0,1.33,1.0,0.33,0.67,0.0,0.33,1.0,0.0,0.0,0.0,0.0,0.0,0.0,0.0,0.0,0.0,0.0,0.0,0.0,0.0,0.0,2023-24
1631223,David Roddy,1610612756,PHX,23.0,55,20.9,2.65,1.4,1.25,1.04,0.0,0.24,0.56,0.22,0.18,0.4,0.545,0.455,0.15,0.36,0.51,0.47,0.24,0.286,0.714,0.963,0.481,2023-24
1630558,Davion Mitchell,1610612758,SAC,25.0,61,16.8,2.16,0.82,1.34,0.67,0.08,0.15,0.38,0.15,0.21,0.36,0.409,0.591,0.0,0.2,0.2,0.2,0.05,0.0,1.0,1.0,0.25,2023-24
202722,Davis Bertans,1610612766,CHA,31.0,38,17.6,2.74,1.34,1.39,1.16,0.08,0.37,0.82,0.05,0.08,0.13,0.4,0.6,0.0,0.39,0.39,0.37,0.08,0.0,1.0,0.933,0.2,2023-24
1630549,Day'Ron Sharpe,1610612751,BKN,22.0,61,15.1,4.44,3.38,1.07,1.02,0.02,2.34,5.11,0.34,0.15,0.49,0.7,0.3,0.93,1.02,1.95,1.9,1.41,0.479,0.521,0.975,0.723,2023-24
1628368,De'Aaron Fox,1610612758,SAC,26.0,74,35.9,4.14,1.47,2.66,3.65,0.04,0.38,0.96,0.43,0.51,0.95,0.457,0.543,0.0,0.2,0.2,0.2,0.11,0.0,1.0,1.0,0.533,2023-24
1629631,De'Andre Hunter,1610612737,ATL,26.0,57,29.5,4.7,2.05,2.65,1.35,0.05,0.63,1.53,0.26,0.14,0.4,0.652,0.348,0.04,0.46,0.49,0.46,0.11,0.071,0.929,0.929,0.214,2023-24
1629001,De'Anthony Melton,1610612755,PHI,26.0,38,26.9,2.66,1.39,1.26,3.11,0.0,0.29,0.66,0.42,0.45,0.87,0.485,0.515,0.08,0.34,0.42,0.42,0.13,0.188,0.813,1.0,0.313,2023-24
201599,DeAndre Jordan,1610612743,DEN,35.0,35,11.2,2.51,1.91,0.6,0.34,0.0,2.2,5.23,0.09,0.06,0.14,0.6,0.4,0.49,0.71,1.2,1.2,0.86,0.405,0.595,1.0,0.714,2023-24
1630610,DeJon Jarreau,1610612763,MEM,26.0,9,16.6,1.78,1.0,0.78,1.11,0.0,0.0,0.0,0.0,0.0,0.0,0.0,0.0,0.0,0.11,0.11,0.11,0.11,0.0,1.0,1.0,1.0,2023-24
201942,DeMar DeRozan,1610612741,CHI,34.0,78,38.0,4.1,1.65,2.45,1.76,0.06,0.19,0.42,0.33,0.29,0.63,0.531,0.469,0.0,0.64,0.64,0.63,0.14,0.0,1.0,1.0,0.224,2023-24
1629731,Dean Wade,1610612739,CLE,27.0,52,21.0,4.21,3.04,1.17,1.56,0.02,0.42,1.06,0.13,0.21,0.35,0.389,0.611,0.04,0.92,0.96,0.87,0.27,0.04,0.96,0.938,0.292,2023-24
1629028,Deandre Ayton,1610612757,POR,25.0,55,32.4,8.65,6.25,2.4,1.58,0.0,3.82,8.6,0.44,0.38,0.82,0.533,0.467,0.47,0.84,1.31,1.27,0.93,0.361,0.639,0.972,0.708,2023-24
1627749,Dejounte Murray,1610612737,ATL,27.0,78,35.7,3.59,1.73,1.86,3.01,0.0,0.15,0.38,0.33,0.42,0.76,0.441,0.559,0.0,0.24,0.24,0.24,0.12,0.0,1.0,1.0,0.474,2023-24
1626153,Delon Wright,1610612748,MIA,32.0,43,16.6,1.88,1.0,0.88,1.88,0.02,0.23,0.53,0.19,0.28,0.47,0.4,0.6,0.0,0.16,0.16,0.14,0.02,0.0,1.0,0.857,0.143,2023-24
1630166,Deni Avdija,1610612764,WAS,23.0,75,30.1,6.25,4.05,2.2,1.28,0.0,0.27,0.64,0.33,0.28,0.61,0.543,0.457,0.09,0.45,0.55,0.55,0.31,0.171,0.829,1.0,0.561,2023-24
203471,Dennis Schröder,1610612751,BKN,30.0,79,31.2,3.38,1.73,1.65,1.35,0.04,0.32,0.71,0.35,0.49,0.85,0.418,0.582,0.01,0.27,0.28,0.24,0.0,0.045,0.955,0.95,0.0,2023-24
1628372,Dennis Smith Jr.,1610612751,BKN,26.0,54,19.3,2.61,1.3,1.31,2.44,0.04,0.35,0.87,0.41,0.31,0.72,0.564,0.436,0.0,0.15,0.15,0.15,0.04,0.0,1.0,1.0,0.25,2023-24
1641726,Dereck Lively II,1610612742,DAL,20.0,55,23.5,9.55,7.13,2.42,1.24,0.0,2.82,6.45,0.29,0.24,0.53,0.552,0.448,0.55,0.91,1.45,1.42,1.0,0.375,0.625,0.975,0.688,2023-24
1631220,Dereon Seabron,1610612740,NOP,24.0,6,9.2,1.67,1.0,0.67,0.33,0.0,0.0,0.0,0.17,0.0,0.17,1.0,0.0,0.0,0.17,0.17,0.17,0.0,0.0,1.0,1.0,0.0,2023-24
1627884,Derrick Jones Jr.,1610612742,DAL,27.0,76,23.5,3.55,2.07,1.49,1.61,0.01,0.66,1.55,0.39,0.2,0.59,0.667,0.333,0.04,0.39,0.43,0.41,0.16,0.091,0.909,0.969,0.375,2023-24
201565,Derrick Rose,1610612763,MEM,35.0,23,17.0,1.7,0.91,0.78,0.65,0.22,0.04,0.09,0.22,0.43,0.65,0.333,0.667,0.0,0.13,0.13,0.13,0.04,0.0,1.0,1.0,0.333,2023-24
1628401,Derrick White,1610612738,BOS,29.0,73,32.6,6.58,4.11,2.47,2.1,0.1,0.56,1.37,0.19,0.33,0.52,0.368,0.632,0.03,0.29,0.32,0.29,0.07,0.087,0.913,0.955,0.227,2023-24
1630217,Desmond Bane,1610612763,MEM,26.0,42,34.4,5.52,2.57,2.95,1.86,0.14,0.38,0.83,0.48,0.48,0.95,0.5,0.5,0.05,0.36,0.4,0.38,0.17,0.118,0.882,0.941,0.412,2023-24
1626164,Devin Booker,1610612756,PHX,27.0,68,36.0,4.24,2.41,1.82,1.53,0.01,0.25,0.54,0.51,0.5,1.01,0.507,0.493,0.03,0.46,0.49,0.46,0.13,0.061,0.939,0.939,0.273,2023-24
1630170,Devin Vassell,1610612759,SAS,23.0,68,33.1,2.85,1.57,1.28,2.09,0.0,0.21,0.54,0.21,0.37,0.57,0.359,0.641,0.01,0.26,0.28,0.26,0.16,0.053,0.947,0.947,0.579,2023-24
1628984,Devonte' Graham,1610612759,SAS,29.0,17,15.6,0.71,0.35,0.35,0.71,0.0,0.06,0.12,0.12,0.41,0.53,0.222,0.778,0.0,0.06,0.06,0.06,0.0,0.0,1.0,1.0,0.0,2023-24
1641926,Dexter Dennis,1610612742,DAL,25.0,3,9.0,1.67,1.0,0.67,0.0,0.0,0.0,0.0,0.0,0.0,0.0,0.0,0.0,0.0,0.0,0.0,0.0,0.0,0.0,0.0,0.0,0.0,2023-24
1628415,Dillon Brooks,1610612745,HOU,28.0,72,30.9,4.71,2.06,2.65,1.43,0.0,0.46,1.14,0.17,0.24,0.4,0.414,0.586,0.07,0.49,0.56,0.49,0.21,0.125,0.875,0.946,0.405,2023-24
1631376,Dmytro Skapintsev,1610612752,NYK,26.0,1,1.1,1.0,1.0,0.0,0.0,0.0,0.0,0.0,0.0,0.0,0.0,0.0,0.0,0.0,0.0,0.0,0.0,0.0,0.0,0.0,0.0,0.0,2023-24
1627734,Domantas Sabonis,1610612758,SAC,28.0,82,35.7,7.84,6.06,1.78,1.94,0.02,5.95,14.11,0.52,0.35,0.88,0.597,0.403,1.04,1.63,2.67,2.62,1.95,0.388,0.612,0.982,0.731,2023-24
1631230,Dominick Barlow,1610612759,SAS,21.0,30,13.8,5.3,3.97,1.33,0.8,0.0,2.0,4.3,0.17,0.27,0.43,0.385,0.615,0.1,1.0,1.1,1.07,0.27,0.091,0.909,0.97,0.242,2023-24
1628378,Donovan Mitchell,1610612739,CLE,27.0,54,35.2,3.02,1.2,1.81,3.11,0.0,0.09,0.2,0.46,0.57,1.04,0.446,0.554,0.0,0.46,0.46,0.43,0.24,0.0,1.0,0.92,0.52,2023-24
1628978,Donte DiVincenzo,1610612752,NYK,27.0,80,29.3,3.3,1.41,1.89,3.01,0.01,0.23,0.54,0.3,0.4,0.7,0.429,0.571,0.01,0.21,0.23,0.23,0.13,0.056,0.944,1.0,0.556,2023-24
1627827,Dorian Finney-Smith,1610612751,BKN,31.0,68,28.5,5.21,3.4,1.81,1.63,0.0,0.91,2.1,0.24,0.31,0.54,0.432,0.568,0.16,0.66,0.82,0.79,0.32,0.196,0.804,0.982,0.4,2023-24
203926,Doug McDermott,1610612754,IND,32.0,57,14.5,2.37,0.95,1.42,0.26,0.0,0.19,0.4,0.05,0.07,0.12,0.429,0.571,0.0,0.32,0.32,0.28,0.11,0.0,1.0,0.889,0.333,2023-24
203110,Draymond Green,1610612744,GSW,34.0,55,27.1,8.42,5.29,3.13,2.09,0.38,2.53,6.45,0.4,0.25,0.65,0.611,0.389,0.24,1.56,1.8,1.73,0.85,0.131,0.869,0.969,0.48,2023-24
1629234,Drew Eubanks,1610612756,PHX,27.0,75,15.6,3.79,2.87,0.92,1.09,0.05,2.05,4.57,0.12,0.11,0.23,0.529,0.471,0.39,0.79,1.17,1.05,0.6,0.33,0.67,0.952,0.542,2023-24
1641809,Drew Peterson,1610612738,BOS,24.0,3,7.6,0.67,0.0,0.67,0.67,0.0,0.33,0.67,0.0,0.33,0.33,0.0,1.0,0.0,0.0,0.0,0.0,0.0,0.0,0.0,0.0,0.0,2023-24
1630696,Dru Smith,1610612748,MIA,26.0,8,16.2,3.25,1.5,1.75,3.0,0.0,0.0,0.0,0.13,0.0,0.13,1.0,0.0,0.0,0.13,0.13,0.0,0.0,0.0,1.0,0.0,0.0,2023-24
1629130,Duncan Robinson,1610612748,MIA,30.0,67,28.4,3.33,1.72,1.61,1.4,0.04,0.52,1.1,0.15,0.28,0.43,0.345,0.655,0.0,0.42,0.42,0.36,0.07,0.0,1.0,0.889,0.185,2023-24
1641871,Duop Reath,1610612757,POR,28.0,66,18.2,5.12,3.68,1.44,0.97,0.06,1.62,3.64,0.18,0.08,0.26,0.706,0.294,0.14,0.89,1.03,0.92,0.36,0.132,0.868,0.91,0.358,2023-24
203939,Dwight Powell,1610612742,DAL,32.0,60,13.9,5.25,4.07,1.18,0.97,0.05,2.28,5.33,0.23,0.17,0.4,0.583,0.417,0.28,0.92,1.2,1.15,0.55,0.236,0.764,0.972,0.465,2023-24
1629685,Dylan Windler,1610612737,ATL,27.0,9,10.0,2.0,1.11,0.89,1.22,0.0,0.0,0.0,0.0,0.0,0.0,0.0,0.0,0.0,0.11,0.11,0.11,0.0,0.0,1.0,1.0,0.0,2023-24
1630700,Dyson Daniels,1610612740,NOP,21.0,61,22.3,5.05,2.95,2.1,2.8,0.0,0.31,0.7,0.26,0.33,0.59,0.444,0.556,0.05,0.18,0.23,0.21,0.07,0.214,0.786,0.929,0.286,2023-24
1630604,E.J. Liddell,1610612740,NOP,23.0,5,3.1,1.2,0.4,0.8,0.2,0.0,0.0,0.0,0.0,0.0,0.0,0.0,0.0,0.0,0.2,0.2,0.2,0.2,0.0,1.0,1.0,1.0,2023-24
1641734,Emoni Bates,1610612739,CLE,20.0,13,10.0,1.46,0.46,1.0,0.38,0.0,0.0,0.0,0.0,0.08,0.08,0.0,1.0,0.0,0.08,0.08,0.08,0.08,0.0,1.0,1.0,1.0,2023-24
201569,Eric Gordon,1610612756,PHX,35.0,68,27.8,1.94,0.96,0.99,1.46,0.0,0.22,0.49,0.19,0.32,0.51,0.371,0.629,0.0,0.22,0.22,0.22,0.07,0.0,1.0,1.0,0.333,2023-24
1630647,Eugene Omoruyi,1610612764,WAS,27.0,37,10.3,2.19,1.22,0.97,1.14,0.11,1.14,2.59,0.16,0.14,0.3,0.545,0.455,0.3,0.3,0.59,0.59,0.32,0.5,0.5,1.0,0.545,2023-24
203095,Evan Fournier,1610612765,DET,31.0,30,19.1,1.57,0.57,1.0,2.27,0.03,0.1,0.23,0.17,0.27,0.43,0.385,0.615,0.0,0.37,0.37,0.37,0.13,0.0,1.0,1.0,0.364,2023-24
1630596,Evan Mobley,1610612739,CLE,23.0,50,30.6,10.3,7.34,2.96,2.22,0.0,2.1,4.94,0.32,0.36,0.68,0.471,0.529,0.22,1.5,1.72,1.66,1.12,0.128,0.872,0.988,0.667,2023-24
1630196,Filip Petrusev,1610612755,PHI,24.0,2,4.6,1.5,0.5,1.0,0.0,0.0,0.5,1.0,0.0,0.0,0.0,0.0,0.0,0.0,0.5,0.5,0.5,0.0,0.0,1.0,1.0,0.0,2023-24
1628373,Frank Ntilikina,1610612766,CHA,25.0,4,9.9,0.75,0.0,0.75,0.5,0.0,0.25,0.5,0.0,0.0,0.0,0.0,0.0,0.0,0.25,0.25,0.25,0.25,0.0,1.0,1.0,1.0,2023-24
1630532,Franz Wagner,1610612753,ORL,22.0,72,32.5,4.81,2.58,2.22,1.99,0.06,0.24,0.54,0.36,0.42,0.78,0.464,0.536,0.0,0.51,0.51,0.51,0.17,0.0,1.0,1.0,0.324,2023-24
1627832,Fred VanVleet,1610612745,HOU,30.0,73,36.8,3.86,1.66,2.21,3.07,0.0,0.75,1.81,0.25,0.4,0.64,0.383,0.617,0.0,0.62,0.62,0.6,0.14,0.0,1.0,0.978,0.222,2023-24
1627788,Furkan Korkmaz,1610612755,PHI,26.0,20,12.4,0.85,0.5,0.35,1.3,0.05,0.05,0.1,0.05,0.15,0.2,0.25,0.75,0.0,0.25,0.25,0.25,0.05,0.0,1.0,1.0,0.2,2023-24
1641713,GG Jackson,1610612763,MEM,19.0,46,26.8,3.43,2.17,1.26,0.91,0.0,0.3,0.74,0.22,0.2,0.41,0.526,0.474,0.07,0.37,0.43,0.41,0.17,0.15,0.85,0.95,0.4,2023-24
1629216,Gabe Vincent,1610612747,LAL,28.0,11,19.8,2.0,0.82,1.18,1.64,0.0,0.36,0.91,0.55,0.27,0.82,0.667,0.333,0.0,0.0,0.0,0.0,0.0,0.0,0.0,0.0,0.0,2023-24
202066,Garrett Temple,1610612761,TOR,38.0,22,12.3,2.14,1.05,1.09,1.27,0.05,0.5,1.27,0.09,0.23,0.32,0.286,0.714,0.0,0.09,0.09,0.09,0.0,0.0,1.0,1.0,0.0,2023-24
1629726,Garrison Mathews,1610612737,ATL,27.0,60,15.8,2.12,0.82,1.3,0.45,0.25,0.2,0.43,0.08,0.07,0.15,0.556,0.444,0.02,0.22,0.23,0.2,0.05,0.071,0.929,0.857,0.214,2023-24
203914,Gary Harris,1610612753,ORL,29.0,53,24.3,1.51,0.66,0.85,1.68,0.0,0.3,0.68,0.13,0.28,0.42,0.318,0.682,0.0,0.19,0.19,0.19,0.04,0.0,1.0,1.0,0.2,2023-24
1627780,Gary Payton II,1610612744,GSW,31.0,43,15.6,2.33,1.26,1.07,2.07,0.0,0.91,2.26,0.23,0.3,0.53,0.435,0.565,0.12,0.16,0.28,0.26,0.16,0.417,0.583,0.917,0.583,2023-24
1629018,Gary Trent Jr.,1610612761,TOR,25.0,69,28.3,1.54,0.57,0.97,2.12,0.01,0.16,0.33,0.23,0.38,0.61,0.381,0.619,0.0,0.2,0.2,0.2,0.07,0.0,1.0,1.0,0.357,2023-24
1627777,Georges Niang,1610612739,CLE,31.0,82,22.3,3.73,2.07,1.66,0.88,0.04,0.87,2.06,0.18,0.16,0.34,0.536,0.464,0.0,0.73,0.73,0.72,0.29,0.0,1.0,0.983,0.4,2023-24
203507,Giannis Antetokounmpo,1610612749,MIL,29.0,73,35.2,6.47,3.6,2.86,2.18,0.01,2.05,4.99,0.51,0.34,0.85,0.597,0.403,0.45,0.51,0.96,0.9,0.68,0.471,0.529,0.943,0.714,2023-24
1629048,Goga Bitadze,1610612753,ORL,24.0,56,16.9,5.13,4.05,1.07,1.32,0.02,1.96,4.39,0.2,0.18,0.38,0.524,0.476,0.8,0.71,1.52,1.45,0.75,0.529,0.471,0.953,0.494,2023-24
202330,Gordon Hayward,1610612760,OKC,34.0,51,24.4,3.69,2.45,1.24,1.35,0.0,0.39,0.88,0.25,0.33,0.59,0.433,0.567,0.0,0.16,0.16,0.14,0.04,0.0,1.0,0.875,0.25,2023-24
1641711,Gradey Dick,1610612761,TOR,20.0,55,22.4,2.18,1.02,1.16,1.07,0.09,0.11,0.22,0.22,0.24,0.45,0.48,0.52,0.02,0.35,0.36,0.36,0.16,0.05,0.95,1.0,0.45,2023-24
1629684,Grant Williams,1610612766,CHA,25.0,76,28.0,5.04,3.26,1.78,1.01,0.16,1.89,4.38,0.3,0.17,0.47,0.639,0.361,0.37,1.64,2.01,1.83,0.72,0.183,0.817,0.933,0.369,2023-24
1628960,Grayson Allen,1610612756,PHX,28.0,75,33.5,5.21,2.88,2.33,2.11,0.01,0.69,1.52,0.35,0.45,0.8,0.433,0.567,0.0,0.36,0.36,0.33,0.13,0.0,1.0,0.962,0.385,2023-24
1630535,Greg Brown III,1610612742,DAL,22.0,4,9.3,3.5,2.5,1.0,0.0,0.0,0.5,1.0,0.25,0.25,0.5,0.5,0.5,0.0,0.25,0.25,0.25,0.0,0.0,1.0,1.0,0.0,2023-24
1630611,Gui Santos,1610612744,GSW,22.0,18,9.3,2.28,1.22,1.06,0.39,0.0,0.11,0.33,0.22,0.11,0.33,0.667,0.333,0.06,0.39,0.44,0.44,0.17,0.125,0.875,1.0,0.375,2023-24
1628977,Hamidou Diallo,1610612764,WAS,25.0,1,3.7,0.0,0.0,0.0,2.0,0.0,0.0,0.0,0.0,0.0,0.0,0.0,0.0,0.0,0.0,0.0,0.0,0.0,0.0,0.0,0.0,0.0,2023-24
203084,Harrison Barnes,1610612758,SAC,32.0,82,29.0,5.26,3.32,1.94,1.23,0.0,0.52,1.24,0.24,0.17,0.41,0.588,0.412,0.09,0.65,0.73,0.71,0.28,0.117,0.883,0.967,0.383,2023-24
1628385,Harry Giles III,1610612747,LAL,26.0,18,5.3,1.56,1.06,0.5,0.28,0.0,0.39,0.94,0.06,0.0,0.06,1.0,0.0,0.22,0.17,0.39,0.33,0.33,0.571,0.429,1.0,1.0,2023-24
1629312,Haywood Highsmith,1610612748,MIA,27.0,64,21.2,5.03,3.17,1.86,1.73,0.0,0.31,0.75,0.2,0.3,0.5,0.406,0.594,0.09,0.3,0.39,0.36,0.16,0.24,0.76,0.92,0.4,2023-24
1630929,Henri Drell,1610612741,CHI,24.0,1,23.2,6.0,4.0,2.0,3.0,0.0,1.0,2.0,0.0,0.0,0.0,0.0,0.0,0.0,1.0,1.0,1.0,1.0,0.0,1.0,1.0,1.0,2023-24
1630529,Herbert Jones,1610612740,NOP,25.0,76,30.5,6.09,2.71,3.38,2.57,0.16,0.57,1.39,0.29,0.38,0.67,0.431,0.569,0.01,0.82,0.83,0.78,0.25,0.016,0.984,0.952,0.306,2023-24
1641816,Hunter Tyson,1610612743,DEN,24.0,11,3.4,0.64,0.09,0.55,0.18,0.0,0.0,0.0,0.09,0.09,0.18,0.5,0.5,0.0,0.27,0.27,0.27,0.18,0.0,1.0,1.0,0.667,2023-24
1630641,Ibou Badji,1610612757,POR,21.0,20,11.2,2.85,2.1,0.75,0.5,0.05,2.0,4.35,0.15,0.1,0.25,0.6,0.4,0.0,0.55,0.55,0.45,0.15,0.0,1.0,0.818,0.273,2023-24
1630193,Immanuel Quickley,1610612761,TOR,25.0,68,29.2,4.44,1.93,2.51,1.29,0.0,0.34,0.74,0.25,0.32,0.57,0.436,0.564,0.0,0.32,0.32,0.32,0.07,0.0,1.0,1.0,0.227,2023-24
1630171,Isaac Okoro,1610612739,CLE,23.0,69,27.3,4.1,2.84,1.26,1.54,0.09,0.39,0.97,0.32,0.26,0.58,0.55,0.45,0.03,0.55,0.58,0.57,0.06,0.05,0.95,0.975,0.1,2023-24
1628392,Isaiah Hartenstein,1610612752,NYK,26.0,75,25.3,7.37,6.15,1.23,1.95,0.0,3.52,8.31,0.37,0.37,0.75,0.5,0.5,0.91,1.52,2.43,2.33,1.6,0.374,0.626,0.978,0.67,2023-24
1630543,Isaiah Jackson,1610612754,IND,22.0,54,14.1,4.89,3.78,1.11,1.37,0.0,1.87,4.17,0.28,0.17,0.44,0.625,0.375,0.46,0.46,0.93,0.85,0.63,0.5,0.5,0.958,0.708,2023-24
1630198,Isaiah Joe,1610612760,OKC,24.0,78,18.5,2.67,1.24,1.42,0.87,0.24,0.4,0.83,0.17,0.22,0.38,0.433,0.567,0.01,0.31,0.32,0.31,0.06,0.04,0.96,0.96,0.2,2023-24
1630587,Isaiah Livers,1610612765,DET,25.0,22,21.1,4.36,2.59,1.77,1.5,0.0,0.55,1.32,0.27,0.18,0.45,0.6,0.4,0.05,0.41,0.45,0.45,0.09,0.1,0.9,1.0,0.2,2023-24
1630600,Isaiah Mobley,1610612739,CLE,24.0,7,9.7,2.57,1.0,1.57,0.71,0.0,0.0,0.0,0.0,0.0,0.0,0.0,0.0,0.0,0.43,0.43,0.43,0.0,0.0,1.0,1.0,0.0,2023-24
1630191,Isaiah Stewart,1610612765,DET,23.0,46,30.9,9.39,6.11,3.28,0.46,0.02,1.35,2.98,0.28,0.13,0.41,0.684,0.316,0.35,0.85,1.2,1.15,0.61,0.291,0.709,0.964,0.509,2023-24
202738,Isaiah Thomas,1610612756,PHX,35.0,1,4.6,0.0,0.0,0.0,0.0,0.0,0.0,0.0,1.0,0.0,1.0,1.0,0.0,0.0,0.0,0.0,0.0,0.0,0.0,0.0,0.0,0.0,2023-24
202397,Ish Smith,1610612766,CHA,35.0,40,17.8,1.88,0.53,1.35,0.93,0.08,0.53,1.18,0.15,0.3,0.45,0.333,0.667,0.0,0.15,0.15,0.15,0.0,0.0,1.0,1.0,0.0,2023-24
1630688,Ish Wainright,1610612756,PHX,29.0,8,7.0,1.13,0.38,0.75,1.13,0.0,0.25,0.5,0.0,0.13,0.13,0.0,1.0,0.0,0.88,0.88,0.88,0.25,0.0,1.0,1.0,0.286,2023-24
1627826,Ivica Zubac,1610612746,LAC,27.0,68,26.4,9.84,7.72,2.12,0.59,0.0,3.21,7.49,0.35,0.18,0.53,0.667,0.333,0.6,1.37,1.99,1.94,1.12,0.304,0.689,0.985,0.567,2023-24
1631120,JD Davison,1610612738,BOS,21.0,3,9.3,0.67,0.67,0.0,1.0,0.0,0.0,0.0,0.0,0.0,0.0,0.0,0.0,0.0,0.33,0.33,0.33,0.33,0.0,1.0,1.0,1.0,2023-24
1630550,JT Thor,1610612766,CHA,21.0,57,13.4,2.95,1.89,1.05,0.63,0.0,0.47,1.18,0.12,0.05,0.18,0.7,0.3,0.11,0.18,0.28,0.28,0.16,0.375,0.625,1.0,0.563,2023-24
1629630,Ja Morant,1610612763,MEM,24.0,9,35.3,3.56,2.0,1.56,1.56,0.11,0.22,0.44,0.33,0.56,0.89,0.375,0.625,0.0,0.67,0.67,0.67,0.11,0.0,1.0,1.0,0.167,2023-24
201580,JaVale McGee,1610612758,SAC,36.0,44,7.6,2.14,1.59,0.55,0.39,0.0,0.84,1.89,0.07,0.07,0.14,0.5,0.5,0.2,0.39,0.59,0.57,0.43,0.346,0.654,1.0,0.76,2023-24
1631095,Jabari Smith Jr.,1610612745,HOU,21.0,76,31.9,7.08,4.33,2.75,1.7,0.0,0.67,1.63,0.36,0.3,0.66,0.54,0.46,0.29,0.83,1.12,1.07,0.72,0.259,0.741,0.976,0.663,2023-24
1631133,Jabari Walker,1610612757,POR,21.0,72,23.6,3.13,1.86,1.26,1.06,0.06,1.1,2.5,0.18,0.24,0.42,0.433,0.567,0.17,0.31,0.47,0.47,0.24,0.353,0.647,1.0,0.5,2023-24
1631298,Jack White,1610612760,OKC,26.0,4,15.9,3.0,1.25,1.75,1.75,0.0,0.25,0.5,0.5,0.25,0.75,0.667,0.333,0.0,0.5,0.5,0.5,0.25,0.0,1.0,1.0,0.5,2023-24
1631367,Jacob Gilyard,1610612751,BKN,25.0,35,19.2,1.46,0.57,0.89,2.29,0.0,0.26,0.71,0.14,0.29,0.43,0.333,0.667,0.0,0.17,0.17,0.17,0.03,0.0,1.0,1.0,0.167,2023-24
1631210,Jacob Toppin,1610612752,NYK,24.0,3,10.5,1.33,0.33,1.0,0.0,0.0,0.33,1.0,0.0,0.0,0.0,0.0,0.0,0.0,0.0,0.0,0.0,0.0,0.0,0.0,0.0,0.0,2023-24
1630702,Jaden Hardy,1610612742,DAL,21.0,61,15.3,1.56,0.72,0.84,0.74,0.1,0.18,0.41,0.15,0.08,0.23,0.643,0.357,0.02,0.2,0.21,0.21,0.08,0.077,0.923,1.0,0.385,2023-24
1631093,Jaden Ivey,1610612765,DET,22.0,77,28.8,4.01,2.44,1.57,1.32,0.01,0.27,0.62,0.55,0.26,0.81,0.677,0.323,0.08,0.42,0.49,0.49,0.19,0.158,0.842,1.0,0.395,2023-24
1630183,Jaden McDaniels,1610612750,MIN,23.0,71,29.6,5.27,3.28,1.99,1.97,0.0,0.18,0.46,0.28,0.35,0.63,0.444,0.556,0.01,0.31,0.32,0.3,0.07,0.043,0.957,0.913,0.217,2023-24
1630531,Jaden Springer,1610612738,BOS,21.0,38,13.0,1.71,1.0,0.71,1.42,0.0,0.08,0.18,0.34,0.37,0.71,0.481,0.519,0.05,0.29,0.34,0.32,0.08,0.154,0.846,0.923,0.231,2023-24
203109,Jae Crowder,1610612749,MIL,33.0,49,23.2,2.57,1.24,1.33,1.53,0.02,0.24,0.55,0.22,0.35,0.57,0.393,0.607,0.08,0.27,0.35,0.35,0.22,0.235,0.765,1.0,0.647,2023-24
1630256,Jae'Sean Tate,1610612745,HOU,28.0,63,16.3,3.57,1.75,1.83,1.24,0.16,0.51,1.25,0.29,0.33,0.62,0.462,0.538,0.22,0.57,0.79,0.71,0.32,0.28,0.72,0.918,0.408,2023-24
1630186,Jahmi'us Ramsey,1610612761,TOR,23.0,7,17.3,2.29,1.71,0.57,1.14,0.0,0.57,1.29,0.0,0.14,0.14,0.0,1.0,0.0,0.0,0.0,0.0,0.0,0.0,0.0,0.0,0.0,2023-24
1631170,Jaime Jaquez Jr.,1610612748,MIA,23.0,75,28.2,4.73,2.93,1.8,1.87,0.01,0.31,0.76,0.28,0.32,0.6,0.467,0.533,0.05,0.65,0.71,0.67,0.2,0.075,0.925,0.962,0.288,2023-24
1631222,Jake LaRavia,1610612763,MEM,22.0,34,23.6,3.56,1.71,1.85,2.0,0.0,0.18,0.41,0.21,0.44,0.65,0.318,0.682,0.09,0.35,0.44,0.35,0.24,0.2,0.8,0.8,0.533,2023-24
1627751,Jakob Poeltl,1610612761,TOR,28.0,50,26.4,9.3,7.5,1.8,1.28,0.02,3.18,7.02,0.38,0.14,0.52,0.731,0.269,0.6,1.44,2.04,1.98,1.22,0.294,0.706,0.98,0.604,2023-24
1628973,Jalen Brunson,1610612752,NYK,27.0,77,35.4,3.65,1.47,2.18,1.45,0.45,0.17,0.36,0.36,0.39,0.75,0.483,0.517,0.03,0.26,0.29,0.29,0.09,0.091,0.909,1.0,0.318,2023-24
1630622,Jalen Crutcher,1610612740,NOP,24.0,1,2.7,1.0,0.0,1.0,0.0,0.0,0.0,0.0,0.0,0.0,0.0,0.0,0.0,0.0,0.0,0.0,0.0,0.0,0.0,0.0,0.0,0.0,2023-24
1631105,Jalen Duren,1610612765,DET,20.0,61,29.1,7.97,5.39,2.57,1.16,0.0,4.69,10.38,0.46,0.34,0.8,0.571,0.429,0.79,1.46,2.25,2.18,1.72,0.35,0.65,0.971,0.766,2023-24
1630224,Jalen Green,1610612745,HOU,22.0,82,31.7,4.04,2.22,1.82,1.51,0.04,0.12,0.26,0.23,0.22,0.45,0.514,0.486,0.02,0.21,0.23,0.22,0.06,0.105,0.895,0.947,0.263,2023-24
1641720,Jalen Hood-Schifino,1610612747,LAL,21.0,12,7.0,1.0,0.5,0.5,0.17,0.0,0.0,0.0,0.33,0.17,0.5,0.667,0.333,0.0,0.0,0.0,0.0,0.0,0.0,0.0,0.0,0.0,2023-24
1630552,Jalen Johnson,1610612737,ATL,22.0,56,33.7,6.5,3.96,2.54,2.07,0.05,1.38,3.27,0.27,0.27,0.54,0.5,0.5,0.07,0.5,0.57,0.55,0.34,0.125,0.875,0.969,0.594,2023-24
1629667,Jalen McDaniels,1610612761,TOR,26.0,45,11.5,2.24,1.18,1.07,0.91,0.0,0.22,0.47,0.2,0.16,0.36,0.563,0.438,0.0,0.18,0.18,0.18,0.04,0.0,1.0,1.0,0.25,2023-24
1629618,Jalen Pickett,1610612743,DEN,24.0,14,6.0,1.14,0.36,0.79,0.5,0.0,0.07,0.14,0.0,0.07,0.07,0.0,1.0,0.0,0.21,0.21,0.21,0.0,0.0,1.0,1.0,0.0,2023-24
1641771,Jalen Slawson,1610612758,SAC,24.0,2,10.2,1.5,1.5,0.0,0.5,0.0,0.0,0.0,0.0,0.0,0.0,0.0,0.0,0.0,0.0,0.0,0.0,0.0,0.0,0.0,0.0,0.0,2023-24
1630188,Jalen Smith,1610612754,IND,24.0,61,17.2,4.64,3.28,1.36,0.41,0.02,1.72,3.82,0.16,0.16,0.33,0.5,0.5,0.52,0.75,1.28,1.23,0.82,0.41,0.59,0.962,0.641,2023-24
1630591,Jalen Suggs,1610612753,ORL,23.0,75,27.0,3.89,2.23,1.67,2.53,0.09,0.29,0.67,0.32,0.52,0.84,0.381,0.619,0.05,0.05,0.11,0.11,0.05,0.5,0.5,1.0,0.5,2023-24
1631114,Jalen Williams,1610612760,OKC,23.0,71,31.3,3.97,2.31,1.66,2.75,0.01,0.28,0.65,0.31,0.41,0.72,0.431,0.569,0.06,0.68,0.73,0.69,0.37,0.077,0.923,0.942,0.5,2023-24
1630592,Jalen Wilson,1610612751,BKN,23.0,39,16.7,2.54,1.0,1.54,0.56,0.0,0.36,0.87,0.26,0.23,0.49,0.526,0.474,0.08,0.49,0.56,0.54,0.15,0.136,0.864,1.0,0.286,2023-24
1631288,Jamal Cain,1610612748,MIA,25.0,16,15.3,2.44,1.38,1.06,1.25,0.0,0.44,1.0,0.19,0.06,0.25,0.75,0.25,0.13,0.19,0.31,0.31,0.13,0.4,0.6,1.0,0.4,2023-24
1627750,Jamal Murray,1610612743,DEN,27.0,59,31.5,5.56,2.81,2.75,1.83,0.02,0.29,0.66,0.29,0.36,0.64,0.447,0.553,0.07,0.15,0.22,0.22,0.08,0.308,0.692,1.0,0.385,2023-24
1631123,Jamaree Bouyea,1610612759,SAS,25.0,7,12.9,1.86,1.29,0.57,0.57,0.0,0.0,0.0,0.43,0.14,0.57,0.75,0.25,0.0,0.0,0.0,0.0,0.0,0.0,0.0,0.0,0.0,2023-24
1630547,James Bouknight,1610612766,CHA,23.0,7,7.6,1.29,0.29,1.0,0.43,0.0,0.0,0.0,0.14,0.14,0.29,0.5,0.5,0.0,0.29,0.29,0.29,0.0,0.0,1.0,1.0,0.0,2023-24
201935,James Harden,1610612746,LAC,34.0,72,34.3,4.44,1.97,2.47,1.9,0.0,0.21,0.46,0.29,0.43,0.72,0.404,0.596,0.0,0.61,0.61,0.6,0.35,0.0,1.0,0.977,0.568,2023-24
201949,James Johnson,1610612754,IND,37.0,7,5.8,1.0,0.57,0.43,0.86,0.0,0.14,0.43,0.29,0.14,0.43,0.667,0.333,0.0,0.14,0.14,0.14,0.0,0.0,1.0,1.0,0.0,2023-24
1630164,James Wiseman,1610612765,DET,23.0,62,17.4,6.63,5.31,1.32,0.24,0.0,3.16,7.05,0.21,0.1,0.31,0.684,0.316,0.45,0.77,1.23,1.16,0.81,0.368,0.632,0.96,0.667,2023-24
1641716,Jarace Walker,1610612754,IND,20.0,27,12.0,1.37,0.96,0.41,0.96,0.0,0.15,0.37,0.15,0.07,0.22,0.667,0.333,0.0,0.26,0.26,0.26,0.07,0.0,1.0,1.0,0.286,2023-24
1630215,Jared Butler,1610612764,WAS,23.0,36,15.4,2.44,1.0,1.44,1.31,0.06,0.17,0.39,0.11,0.28,0.39,0.286,0.714,0.0,0.11,0.11,0.06,0.03,0.0,1.0,0.5,0.25,2023-24
1631197,Jared Rhoden,1610612765,DET,24.0,14,16.7,3.29,1.57,1.71,0.93,0.0,0.07,0.21,0.07,0.29,0.36,0.2,0.8,0.07,0.57,0.64,0.64,0.21,0.111,0.889,1.0,0.333,2023-24
1628991,Jaren Jackson Jr.,1610612763,MEM,24.0,66,32.2,8.32,6.15,2.17,2.73,0.03,1.71,4.2,0.45,0.33,0.79,0.577,0.423,0.11,0.83,0.94,0.88,0.39,0.113,0.887,0.951,0.426,2023-24
1629020,Jarred Vanderbilt,1610612747,LAL,25.0,29,20.0,2.24,1.21,1.03,1.79,0.0,0.52,1.38,0.28,0.31,0.59,0.471,0.529,0.07,0.14,0.21,0.21,0.07,0.333,0.667,1.0,0.333,2023-24
1628386,Jarrett Allen,1610612739,CLE,26.0,77,31.7,9.58,7.56,2.03,1.61,0.0,4.05,9.65,0.47,0.23,0.7,0.667,0.333,0.27,1.74,2.01,1.92,1.14,0.135,0.865,0.974,0.579,2023-24
1630554,Jason Preston,1610612762,UTA,24.0,7,10.2,1.29,0.71,0.57,1.14,0.0,0.14,0.29,0.14,0.14,0.29,0.5,0.5,0.0,0.0,0.0,0.0,0.0,0.0,0.0,0.0,0.0,2023-24
1631241,Javon Freeman-Liberty,1610612761,TOR,24.0,18,21.2,2.78,1.39,1.39,0.83,0.0,0.39,0.94,0.22,0.33,0.56,0.4,0.6,0.0,0.39,0.39,0.39,0.06,0.0,1.0,1.0,0.143,2023-24
1629750,Javonte Green,1610612741,CHI,30.0,9,25.6,3.11,1.67,1.44,2.78,0.0,0.56,1.22,0.22,0.44,0.67,0.333,0.667,0.44,1.11,1.56,1.56,0.89,0.286,0.714,1.0,0.571,2023-24
1630606,Javonte Smart,1610612755,PHI,25.0,1,0.7,1.0,0.0,1.0,0.0,0.0,0.0,0.0,0.0,0.0,0.0,0.0,0.0,0.0,0.0,0.0,0.0,0.0,0.0,0.0,0.0,0.0,2023-24
1629637,Jaxson Hayes,1610612747,LAL,24.0,68,12.9,4.59,3.04,1.54,0.88,0.0,1.29,2.96,0.1,0.16,0.26,0.389,0.611,0.22,0.59,0.81,0.81,0.43,0.273,0.727,1.0,0.527,2023-24
1630643,Jay Huff,1610612743,DEN,26.0,16,2.8,0.88,0.81,0.06,0.38,0.0,0.56,1.19,0.06,0.0,0.06,1.0,0.0,0.13,0.31,0.44,0.38,0.19,0.286,0.714,0.857,0.429,2023-24
1627759,Jaylen Brown,1610612738,BOS,27.0,70,33.5,4.16,2.03,2.13,1.79,0.01,0.24,0.6,0.57,0.49,1.06,0.541,0.459,0.13,0.74,0.87,0.83,0.44,0.148,0.852,0.983,0.525,2023-24
1629669,Jaylen Nowell,1610612758,SAC,24.0,10,19.4,1.2,0.7,0.5,0.5,0.0,0.1,0.2,0.0,0.1,0.1,0.0,1.0,0.0,0.1,0.1,0.1,0.1,0.0,1.0,1.0,1.0,2023-24
1631119,Jaylin Williams,1610612760,OKC,22.0,69,13.0,4.62,3.09,1.54,0.75,0.28,1.07,2.41,0.1,0.19,0.29,0.35,0.65,0.04,0.8,0.84,0.78,0.42,0.052,0.948,0.931,0.5,2023-24
1628369,Jayson Tatum,1610612738,BOS,26.0,74,35.7,3.7,1.86,1.84,1.97,0.0,0.47,1.2,0.32,0.31,0.64,0.511,0.489,0.04,0.5,0.54,0.53,0.32,0.075,0.925,1.0,0.615,2023-24
1630288,Jeff Dowtin Jr.,1610612755,PHI,27.0,11,11.8,0.73,0.27,0.45,1.45,0.0,0.09,0.27,0.09,0.0,0.09,1.0,0.0,0.0,0.0,0.0,0.0,0.0,0.0,0.0,0.0,0.0,2023-24
201145,Jeff Green,1610612745,HOU,37.0,77,16.9,4.38,2.71,1.66,0.56,0.03,1.26,3.01,0.12,0.09,0.21,0.563,0.438,0.0,0.58,0.58,0.55,0.1,0.0,1.0,0.955,0.182,2023-24
203924,Jerami Grant,1610612757,POR,30.0,54,33.9,3.83,2.11,1.72,1.72,0.07,0.28,0.63,0.24,0.31,0.56,0.433,0.567,0.0,0.72,0.72,0.67,0.09,0.0,1.0,0.947,0.132,2023-24
1630526,Jeremiah Robinson-Earl,1610612740,NOP,23.0,32,10.1,2.63,1.72,0.91,0.47,0.0,0.72,1.56,0.03,0.09,0.13,0.25,0.75,0.06,0.34,0.41,0.38,0.06,0.154,0.846,0.923,0.154,2023-24
1631110,Jeremy Sochan,1610612759,SAS,21.0,74,29.6,6.62,3.96,2.66,1.84,0.0,0.55,1.28,0.39,0.32,0.72,0.547,0.453,0.04,0.22,0.26,0.24,0.07,0.158,0.842,0.947,0.263,2023-24
1630579,Jericho Sims,1610612752,NYK,25.0,38,15.1,4.08,3.34,0.74,0.53,0.0,1.42,3.24,0.11,0.13,0.24,0.444,0.556,0.47,1.08,1.55,1.42,0.82,0.305,0.695,0.982,0.564,2023-24
1631257,Jermaine Samuels Jr.,1610612745,HOU,25.0,12,4.8,1.08,0.5,0.58,0.25,0.0,0.42,0.83,0.08,0.0,0.08,1.0,0.0,0.0,0.17,0.17,0.17,0.17,0.0,1.0,1.0,1.0,2023-24
1629010,Jerome Robinson,1610612744,GSW,27.0,11,4.9,1.0,0.36,0.64,0.27,0.0,0.09,0.27,0.0,0.09,0.09,0.0,1.0,0.0,0.18,0.18,0.18,0.0,0.0,1.0,1.0,0.0,2023-24
1641724,Jett Howard,1610612753,ORL,20.0,9,3.2,1.11,0.56,0.56,0.22,0.0,0.11,0.22,0.0,0.0,0.0,0.0,0.0,0.11,0.11,0.22,0.22,0.11,0.5,0.5,1.0,0.5,2023-24
1628975,Jevon Carter,1610612741,CHI,28.0,68,14.4,1.65,0.57,1.07,1.32,0.03,0.16,0.35,0.1,0.18,0.28,0.368,0.632,0.01,0.1,0.12,0.1,0.0,0.125,0.875,0.875,0.0,2023-24
202710,Jimmy Butler III,1610612748,MIA,34.0,60,34.0,3.23,1.33,1.9,2.27,0.02,0.72,1.67,0.52,0.45,0.97,0.534,0.466,0.22,0.4,0.62,0.58,0.3,0.351,0.649,0.946,0.486,2023-24
1629111,Jock Landale,1610612745,HOU,28.0,55,13.9,4.29,3.4,0.89,0.58,0.0,2.49,5.89,0.18,0.07,0.25,0.714,0.286,0.49,0.65,1.15,1.05,0.6,0.429,0.571,0.983,0.559,2023-24
203925,Joe Harris,1610612765,DET,32.0,15,11.0,2.0,1.4,0.6,0.4,0.07,0.07,0.2,0.07,0.27,0.33,0.2,0.8,0.13,0.53,0.67,0.67,0.27,0.2,0.8,1.0,0.4,2023-24
204060,Joe Ingles,1610612753,ORL,36.0,64,17.3,0.95,0.28,0.67,1.02,0.02,0.39,0.81,0.11,0.16,0.27,0.412,0.588,0.06,0.23,0.3,0.28,0.19,0.211,0.789,1.0,0.667,2023-24
203954,Joel Embiid,1610612755,PHI,30.0,39,33.6,12.1,9.67,2.44,1.46,0.03,3.46,8.31,0.54,0.54,1.08,0.5,0.5,0.46,1.44,1.9,1.82,1.18,0.243,0.757,0.986,0.639,2023-24
1628381,John Collins,1610612762,UTA,26.0,68,28.0,6.37,3.99,2.38,0.93,0.1,1.76,4.12,0.57,0.28,0.85,0.672,0.328,0.49,0.69,1.18,1.13,0.69,0.413,0.588,0.963,0.588,2023-24
1629723,John Konchar,1610612763,MEM,28.0,52,22.5,3.98,2.21,1.77,1.92,0.1,0.46,1.12,0.23,0.44,0.67,0.343,0.657,0.06,0.25,0.31,0.31,0.08,0.188,0.813,1.0,0.25,2023-24
1631098,Johnny Davis,1610612764,WAS,22.0,45,13.2,1.29,0.84,0.44,1.0,0.0,0.13,0.31,0.16,0.11,0.27,0.583,0.417,0.0,0.22,0.22,0.22,0.07,0.0,1.0,1.0,0.3,2023-24
1630548,Johnny Juzang,1610612762,UTA,23.0,16,21.2,3.75,2.06,1.69,0.5,0.13,0.31,0.69,0.0,0.25,0.25,0.0,1.0,0.13,0.19,0.31,0.25,0.13,0.4,0.6,0.8,0.4,2023-24
202685,Jonas Valanciunas,1610612740,NOP,32.0,82,23.5,6.4,5.04,1.37,0.63,0.0,2.44,5.45,0.24,0.27,0.51,0.476,0.524,1.04,1.73,2.77,2.59,1.85,0.374,0.626,0.959,0.688,2023-24
1628371,Jonathan Isaac,1610612753,ORL,26.0,57,16.0,3.88,3.21,0.67,1.4,0.0,0.53,1.18,0.19,0.23,0.42,0.458,0.542,0.3,0.7,1.0,0.95,0.65,0.298,0.702,1.0,0.685,2023-24
1630228,Jonathan Kuminga,1610612744,GSW,21.0,74,26.3,4.89,2.96,1.93,1.24,0.01,0.61,1.55,0.34,0.38,0.72,0.472,0.528,0.14,0.49,0.62,0.58,0.24,0.217,0.783,0.956,0.4,2023-24
1629007,Jontay Porter,1610612765,DET,24.0,25,14.4,4.8,4.04,0.76,1.28,0.0,1.48,3.08,0.12,0.0,0.12,1.0,0.0,0.12,1.0,1.12,1.12,0.4,0.107,0.893,1.0,0.357,2023-24
203903,Jordan Clarkson,1610612762,UTA,32.0,55,30.6,2.8,1.09,1.71,1.31,0.0,0.71,1.69,0.24,0.29,0.53,0.448,0.552,0.0,0.38,0.38,0.38,0.09,0.0,1.0,1.0,0.238,2023-24
1630259,Jordan Ford,1610612758,SAC,26.0,2,4.7,0.0,0.0,0.0,0.5,0.0,0.0,0.0,0.0,0.0,0.0,0.0,0.0,0.0,0.0,0.0,0.0,0.0,0.0,0.0,0.0,0.0,2023-24
1630692,Jordan Goodwin,1610612763,MEM,25.0,49,21.1,2.51,1.35,1.16,2.14,0.0,0.33,0.73,0.37,0.53,0.9,0.409,0.591,0.12,0.35,0.47,0.43,0.22,0.261,0.739,0.913,0.478,2023-24
1641722,Jordan Hawkins,1610612740,NOP,22.0,60,19.0,3.28,1.27,2.02,0.38,0.02,0.22,0.45,0.25,0.13,0.38,0.652,0.348,0.0,0.2,0.2,0.2,0.05,0.0,1.0,1.0,0.25,2023-24
1629162,Jordan McLaughlin,1610612750,MIN,28.0,48,12.2,1.31,0.73,0.58,1.38,0.04,0.21,0.46,0.15,0.27,0.42,0.35,0.65,0.0,0.19,0.19,0.19,0.06,0.0,1.0,1.0,0.333,2023-24
1641757,Jordan Miller,1610612746,LAC,24.0,3,4.4,1.0,0.67,0.33,0.33,0.0,0.0,0.0,0.0,0.0,0.0,0.0,0.0,0.0,0.0,0.0,0.0,0.0,0.0,0.0,0.0,0.0,2023-24
1629670,Jordan Nwora,1610612761,TOR,25.0,41,16.4,2.29,1.41,0.88,0.8,0.02,0.02,0.07,0.15,0.24,0.39,0.375,0.625,0.02,0.2,0.22,0.2,0.07,0.111,0.889,0.889,0.333,2023-24
1629673,Jordan Poole,1610612764,WAS,25.0,78,30.1,3.18,1.24,1.94,1.81,0.01,0.24,0.54,0.24,0.4,0.64,0.38,0.62,0.01,0.1,0.12,0.12,0.03,0.111,0.889,1.0,0.222,2023-24
1641775,Jordan Walsh,1610612738,BOS,20.0,6,11.9,2.0,0.5,1.5,0.5,0.0,1.0,2.33,0.33,0.67,1.0,0.333,0.667,0.0,0.33,0.33,0.33,0.17,0.0,1.0,1.0,0.5,2023-24
1630631,Jose Alvarado,1610612740,NOP,26.0,54,18.7,1.24,0.41,0.83,2.19,0.02,0.17,0.39,0.26,0.31,0.57,0.452,0.548,0.0,0.37,0.37,0.35,0.09,0.0,1.0,0.95,0.25,2023-24
1630581,Josh Giddey,1610612760,OKC,21.0,80,25.1,3.96,1.95,2.01,1.11,0.0,0.33,0.68,0.4,0.3,0.7,0.571,0.429,0.04,0.23,0.26,0.25,0.09,0.143,0.857,1.0,0.35,2023-24
1630182,Josh Green,1610612742,DAL,23.0,57,26.4,2.75,1.58,1.18,1.6,0.05,0.7,1.63,0.54,0.32,0.86,0.633,0.367,0.0,0.33,0.33,0.32,0.12,0.0,1.0,1.0,0.389,2023-24
1628404,Josh Hart,1610612752,NYK,29.0,81,33.4,4.48,1.83,2.65,1.85,0.07,0.83,1.98,0.49,0.49,0.99,0.5,0.5,0.06,0.21,0.27,0.26,0.17,0.227,0.773,0.955,0.636,2023-24
1631169,Josh Minott,1610612750,MIN,21.0,25,3.1,1.0,0.68,0.32,0.6,0.0,0.08,0.16,0.08,0.08,0.16,0.5,0.5,0.0,0.04,0.04,0.04,0.04,0.0,1.0,1.0,1.0,2023-24
1629006,Josh Okogie,1610612756,PHX,25.0,55,17.0,2.36,1.31,1.05,1.69,0.05,0.36,0.8,0.45,0.38,0.84,0.543,0.457,0.15,0.18,0.33,0.31,0.22,0.444,0.556,0.944,0.667,2023-24
1626196,Josh Richardson,1610612748,MIA,30.0,43,25.6,3.19,1.44,1.74,1.42,0.02,0.33,0.77,0.09,0.26,0.35,0.267,0.733,0.05,0.19,0.23,0.21,0.07,0.2,0.8,0.9,0.3,2023-24
1630563,Joshua Primo,1610612746,LAC,21.0,1,5.0,2.0,2.0,0.0,0.0,0.0,0.0,0.0,0.0,0.0,0.0,0.0,0.0,0.0,0.0,0.0,0.0,0.0,0.0,0.0,0.0,0.0,2023-24
201950,Jrue Holiday,1610612738,BOS,34.0,69,32.8,5.06,2.38,2.68,2.25,0.09,0.49,1.25,0.36,0.39,0.75,0.481,0.519,0.06,0.67,0.72,0.67,0.25,0.08,0.92,0.958,0.354,2023-24
1629308,Juan Toscano-Anderson,1610612758,SAC,31.0,7,6.2,1.43,0.71,0.71,0.29,0.0,0.14,0.29,0.29,0.14,0.43,0.667,0.333,0.14,0.43,0.57,0.57,0.14,0.25,0.75,1.0,0.25,2023-24
1631262,Jules Bernard,1610612764,WAS,24.0,12,10.5,1.83,1.08,0.75,0.92,0.08,0.08,0.25,0.25,0.0,0.25,1.0,0.0,0.17,0.25,0.42,0.42,0.17,0.4,0.6,1.0,0.4,2023-24
1630577,Julian Champagnie,1610612759,SAS,23.0,73,20.1,3.33,1.82,1.51,1.26,0.0,0.16,0.42,0.11,0.29,0.4,0.276,0.724,0.0,0.4,0.4,0.38,0.21,0.0,1.0,0.966,0.517,2023-24
1641763,Julian Phillips,1610612741,CHI,20.0,29,10.3,1.55,0.76,0.79,0.72,0.07,0.0,0.0,0.1,0.07,0.17,0.6,0.4,0.03,0.17,0.21,0.21,0.07,0.167,0.833,1.0,0.333,2023-24
1631124,Julian Strawther,1610612743,DEN,22.0,42,12.3,1.95,1.24,0.71,0.81,0.02,0.19,0.48,0.12,0.12,0.24,0.5,0.5,0.0,0.33,0.33,0.33,0.1,0.0,1.0,1.0,0.286,2023-24
203944,Julius Randle,1610612752,NYK,29.0,46,35.4,5.37,2.43,2.93,1.07,0.0,1.04,2.43,0.52,0.28,0.8,0.649,0.351,0.46,0.46,0.91,0.91,0.59,0.5,0.5,1.0,0.643,2023-24
1630551,Justin Champagnie,1610612764,WAS,23.0,14,16.5,3.0,1.71,1.29,0.86,0.0,0.07,0.14,0.14,0.43,0.57,0.25,0.75,0.07,0.07,0.14,0.14,0.07,0.5,0.5,1.0,0.5,2023-24
203200,Justin Holiday,1610612743,DEN,35.0,49,16.9,2.16,1.22,0.94,1.39,0.0,0.06,0.14,0.12,0.24,0.37,0.333,0.667,0.0,0.16,0.16,0.16,0.04,0.0,1.0,1.0,0.25,2023-24
1631303,Justin Minaya,1610612757,POR,25.0,24,14.9,2.46,1.29,1.17,1.38,0.08,0.08,0.21,0.08,0.21,0.29,0.286,0.714,0.04,0.17,0.21,0.21,0.04,0.2,0.8,1.0,0.2,2023-24
203994,Jusuf Nurkić,1610612756,PHX,29.0,76,27.3,7.46,6.36,1.11,2.18,0.01,4.43,9.84,0.46,0.32,0.78,0.593,0.407,1.28,2.14,3.42,3.25,2.25,0.373,0.627,0.965,0.668,2023-24
1630231,KJ Martin,1610612755,PHI,23.0,46,14.9,2.15,1.39,0.76,0.89,0.0,0.7,1.65,0.24,0.15,0.39,0.611,0.389,0.04,0.24,0.28,0.26,0.07,0.154,0.846,0.923,0.231,2023-24
1626157,Karl-Anthony Towns,1610612750,MIN,28.0,62,32.7,7.4,4.71,2.69,1.34,0.02,0.97,2.15,0.45,0.35,0.81,0.56,0.44,0.31,1.03,1.34,1.26,0.87,0.229,0.771,0.975,0.675,2023-24
202695,Kawhi Leonard,1610612746,LAC,33.0,68,34.3,5.41,2.9,2.51,2.82,0.04,0.49,1.09,0.56,0.63,1.19,0.469,0.531,0.04,0.74,0.78,0.74,0.28,0.057,0.943,0.943,0.358,2023-24
1631099,Keegan Murray,1610612758,SAC,23.0,77,33.6,5.47,3.83,1.64,1.65,0.17,0.34,0.83,0.36,0.47,0.83,0.438,0.563,0.12,0.69,0.81,0.74,0.3,0.145,0.855,0.95,0.383,2023-24
1628966,Keita Bates-Diop,1610612751,BKN,28.0,47,13.7,2.77,1.7,1.06,0.77,0.0,0.36,0.89,0.19,0.13,0.32,0.6,0.4,0.02,0.21,0.23,0.23,0.09,0.091,0.909,1.0,0.364,2023-24
1629640,Keldon Johnson,1610612759,SAS,24.0,68,29.9,3.72,1.96,1.76,1.4,0.03,0.29,0.66,0.44,0.24,0.68,0.652,0.348,0.13,0.53,0.66,0.57,0.21,0.2,0.8,0.975,0.35,2023-24
203482,Kelly Olynyk,1610612761,TOR,33.0,78,22.5,4.31,2.6,1.71,2.26,0.13,1.6,3.73,0.27,0.19,0.46,0.583,0.417,0.27,0.64,0.91,0.86,0.55,0.296,0.704,0.944,0.606,2023-24
1626162,Kelly Oubre Jr.,1610612755,PHI,28.0,68,30.2,3.25,1.82,1.43,2.44,0.07,0.1,0.24,0.41,0.34,0.75,0.549,0.451,0.03,0.26,0.29,0.29,0.1,0.1,0.9,1.0,0.35,2023-24
1631112,Kendall Brown,1610612754,IND,21.0,6,3.6,0.33,0.17,0.17,0.67,0.0,0.0,0.0,0.33,0.17,0.5,0.667,0.333,0.0,0.17,0.17,0.0,0.0,0.0,1.0,0.0,0.0,2023-24
1631254,Kenneth Lofton Jr.,1610612762,UTA,21.0,17,11.4,3.12,2.0,1.12,0.71,0.06,1.29,3.18,0.24,0.06,0.29,0.8,0.2,0.29,0.29,0.59,0.59,0.35,0.5,0.5,1.0,0.6,2023-24
1629026,Kenrich Williams,1610612760,OKC,29.0,68,15.0,2.19,1.29,0.9,1.15,0.19,0.69,1.57,0.1,0.25,0.35,0.292,0.708,0.19,0.49,0.68,0.68,0.34,0.283,0.717,1.0,0.5,2023-24
203484,Kentavious Caldwell-Pope,1610612743,DEN,31.0,74,32.1,2.42,1.49,0.93,2.46,0.0,0.53,1.19,0.36,0.41,0.77,0.474,0.526,0.03,0.19,0.22,0.19,0.09,0.125,0.875,0.933,0.467,2023-24
1631165,Keon Ellis,1610612758,SAC,24.0,51,18.6,2.9,1.59,1.31,2.04,0.0,0.2,0.53,0.33,0.29,0.63,0.531,0.469,0.0,0.22,0.22,0.22,0.02,0.0,1.0,1.0,0.091,2023-24
1630553,Keon Johnson,1610612751,BKN,22.0,4,14.4,1.0,0.75,0.25,1.25,0.0,0.5,1.0,0.25,0.5,0.75,0.333,0.667,0.0,0.75,0.75,0.75,0.0,0.0,1.0,1.0,0.0,2023-24
1630556,Kessler Edwards,1610612758,SAC,23.0,32,7.4,1.94,1.31,0.63,0.41,0.03,0.13,0.31,0.06,0.06,0.13,0.5,0.5,0.0,0.19,0.19,0.19,0.06,0.0,1.0,1.0,0.333,2023-24
201142,Kevin Durant,1610612756,PHX,35.0,75,37.2,5.92,3.29,2.63,1.56,0.05,0.45,1.03,0.33,0.43,0.76,0.439,0.561,0.0,0.59,0.59,0.53,0.27,0.0,1.0,0.93,0.465,2023-24
1628989,Kevin Huerter,1610612758,SAC,25.0,63,24.8,4.17,2.24,1.94,1.76,0.0,0.38,0.89,0.16,0.17,0.33,0.476,0.524,0.08,0.33,0.41,0.4,0.19,0.192,0.808,1.0,0.48,2023-24
1628995,Kevin Knox II,1610612757,POR,24.0,29,18.9,3.34,1.76,1.59,0.62,0.0,0.21,0.48,0.24,0.17,0.41,0.583,0.417,0.07,0.38,0.45,0.45,0.17,0.154,0.846,1.0,0.385,2023-24
201567,Kevin Love,1610612748,MIA,35.0,53,17.1,2.3,1.62,0.68,0.77,0.19,0.81,1.81,0.19,0.11,0.3,0.625,0.375,0.42,1.17,1.58,1.49,1.06,0.262,0.738,0.94,0.667,2023-24
1630284,Kevon Harris,1610612753,ORL,27.0,2,3.0,1.0,0.5,0.5,0.0,0.0,0.0,0.0,0.0,0.5,0.5,0.0,1.0,0.0,0.0,0.0,0.0,0.0,0.0,0.0,0.0,0.0,2023-24
1626172,Kevon Looney,1610612744,GSW,28.0,74,16.1,5.74,3.92,1.82,0.53,0.0,2.73,6.86,0.24,0.15,0.39,0.621,0.379,0.46,0.88,1.34,1.24,0.77,0.343,0.657,0.948,0.588,2023-24
1641749,Keyontae Johnson,1610612760,OKC,24.0,6,8.2,1.33,0.67,0.67,0.17,0.0,0.0,0.0,0.17,0.0,0.17,1.0,0.0,0.0,0.0,0.0,0.0,0.0,0.0,0.0,0.0,0.0,2023-24
1641718,Keyonte George,1610612762,UTA,20.0,72,27.4,2.72,0.76,1.96,0.78,0.08,0.21,0.46,0.14,0.28,0.42,0.333,0.667,0.0,0.13,0.13,0.13,0.0,0.0,1.0,1.0,0.0,2023-24
203114,Khris Middleton,1610612749,MIL,32.0,55,27.0,3.2,1.51,1.69,1.84,0.05,0.25,0.64,0.35,0.31,0.65,0.528,0.472,0.05,0.53,0.58,0.56,0.24,0.094,0.906,1.0,0.419,2023-24
1630165,Killian Hayes,1610612765,DET,22.0,42,24.0,3.5,2.1,1.4,1.74,0.02,0.1,0.21,0.29,0.24,0.52,0.545,0.455,0.0,0.38,0.38,0.38,0.21,0.0,1.0,1.0,0.563,2023-24
1630184,Kira Lewis Jr.,1610612762,UTA,23.0,19,11.2,1.32,0.37,0.95,1.0,0.0,0.05,0.16,0.11,0.11,0.21,0.5,0.5,0.0,0.0,0.0,0.0,0.0,0.0,0.0,0.0,0.0,2023-24
202691,Klay Thompson,1610612744,GSW,34.0,76,30.0,3.74,2.11,1.63,1.07,0.0,0.54,1.22,0.3,0.17,0.47,0.639,0.361,0.01,0.26,0.28,0.28,0.08,0.048,0.952,1.0,0.286,2023-24
1641738,Kobe Brown,1610612746,LAC,24.0,34,10.8,1.41,0.65,0.76,0.5,0.0,0.38,0.94,0.15,0.18,0.32,0.455,0.545,0.06,0.32,0.38,0.35,0.18,0.154,0.846,0.923,0.462,2023-24
1641723,Kobe Bufkin,1610612737,ATL,20.0,15,12.8,2.6,1.4,1.2,1.27,0.0,0.27,0.53,0.13,0.13,0.27,0.5,0.5,0.0,0.13,0.13,0.13,0.07,0.0,1.0,1.0,0.5,2023-24
1628424,Kobi Simmons,1610612761,TOR,26.0,4,16.9,1.5,0.5,1.0,2.0,0.5,0.5,1.25,0.25,0.25,0.5,0.5,0.5,0.0,0.25,0.25,0.25,0.0,0.0,1.0,1.0,0.0,2023-24
1627739,Kris Dunn,1610612762,UTA,30.0,64,19.5,2.95,1.55,1.41,2.27,0.0,0.22,0.53,0.23,0.36,0.59,0.395,0.605,0.02,0.06,0.08,0.08,0.06,0.2,0.8,1.0,0.8,2023-24
1631200,Kris Murray,1610612757,POR,23.0,57,23.4,3.14,2.12,1.02,1.65,0.02,0.35,0.86,0.19,0.23,0.42,0.458,0.542,0.14,0.42,0.56,0.53,0.21,0.25,0.75,0.938,0.375,2023-24
204001,Kristaps Porziņģis,1610612738,BOS,28.0,57,29.6,11.67,8.68,2.98,1.16,0.0,2.35,5.39,0.19,0.23,0.42,0.458,0.542,0.33,1.63,1.96,1.93,0.82,0.17,0.83,0.991,0.423,2023-24
203937,Kyle Anderson,1610612750,MIN,30.0,79,22.6,3.61,2.01,1.59,2.0,0.0,0.75,1.78,0.15,0.14,0.29,0.522,0.478,0.06,0.3,0.37,0.35,0.15,0.172,0.828,0.966,0.414,2023-24
1628398,Kyle Kuzma,1610612764,WAS,28.0,70,32.6,5.3,3.24,2.06,0.8,0.07,0.44,1.0,0.17,0.2,0.37,0.462,0.538,0.03,0.37,0.4,0.39,0.2,0.071,0.929,0.964,0.5,2023-24
200768,Kyle Lowry,1610612755,PHI,38.0,60,28.2,2.95,1.22,1.73,1.93,0.32,0.6,1.37,0.23,0.33,0.57,0.412,0.588,0.02,0.33,0.35,0.35,0.1,0.048,0.952,1.0,0.286,2023-24
202681,Kyrie Irving,1610612742,DAL,32.0,58,35.0,3.03,1.72,1.31,2.52,0.09,0.6,1.38,0.48,0.72,1.21,0.4,0.6,0.0,0.26,0.26,0.24,0.09,0.0,1.0,0.933,0.333,2023-24
1630163,LaMelo Ball,1610612766,CHA,22.0,22,32.3,2.82,1.14,1.68,2.86,0.0,0.36,0.73,0.27,0.45,0.73,0.375,0.625,0.0,0.09,0.09,0.09,0.0,0.0,1.0,1.0,0.0,2023-24
1630205,Lamar Stevens,1610612763,MEM,26.0,33,16.4,3.39,2.0,1.39,1.18,0.0,0.36,0.88,0.27,0.24,0.52,0.529,0.471,0.21,0.61,0.82,0.76,0.33,0.259,0.741,1.0,0.44,2023-24
1629013,Landry Shamet,1610612764,WAS,27.0,45,15.8,2.8,1.76,1.04,1.11,0.0,0.29,0.78,0.11,0.16,0.27,0.417,0.583,0.0,0.27,0.27,0.24,0.02,0.0,1.0,0.917,0.083,2023-24
1626204,Larry Nance Jr.,1610612740,NOP,31.0,61,19.9,2.95,2.05,0.9,1.77,0.16,2.11,4.72,0.15,0.23,0.38,0.391,0.609,0.28,1.54,1.82,1.69,0.69,0.153,0.847,0.936,0.382,2023-24
1628374,Lauri Markkanen,1610612762,UTA,27.0,55,33.1,7.76,5.36,2.4,1.4,0.0,1.58,3.67,0.29,0.38,0.67,0.432,0.568,0.15,0.84,0.98,0.98,0.55,0.148,0.852,1.0,0.556,2023-24
2544,LeBron James,1610612747,LAL,39.0,71,35.3,3.79,1.87,1.92,1.8,0.11,0.61,1.34,0.28,0.27,0.55,0.513,0.487,0.14,0.68,0.82,0.8,0.48,0.172,0.828,0.983,0.586,2023-24
1641778,Leaky Black,1610612766,CHA,25.0,22,12.2,1.91,0.86,1.05,1.18,0.0,0.14,0.36,0.09,0.09,0.18,0.5,0.5,0.09,0.27,0.36,0.36,0.09,0.25,0.75,1.0,0.25,2023-24
1631159,Leonard Miller,1610612750,MIN,20.0,10,3.8,0.6,0.4,0.2,0.5,0.0,0.0,0.0,0.0,0.0,0.0,0.0,0.0,0.1,0.2,0.3,0.3,0.3,0.333,0.667,1.0,1.0,2023-24
1631311,Lester Quiñones,1610612744,GSW,23.0,26,13.7,1.54,0.85,0.69,0.85,0.12,0.38,0.96,0.08,0.08,0.15,0.5,0.5,0.0,0.15,0.15,0.15,0.04,0.0,1.0,1.0,0.25,2023-24
1629623,Lindell Wigginton,1610612749,MIL,26.0,3,2.5,1.0,0.33,0.67,0.67,0.0,0.0,0.0,0.33,0.0,0.33,1.0,0.0,0.0,0.0,0.0,0.0,0.0,0.0,0.0,0.0,0.0,2023-24
1630322,Lindy Waters III,1610612760,OKC,26.0,27,9.2,2.37,1.11,1.26,0.52,0.0,0.33,0.78,0.04,0.0,0.04,1.0,0.0,0.0,0.11,0.11,0.11,0.04,0.0,1.0,1.0,0.333,2023-24
1629022,Lonnie Walker IV,1610612751,BKN,25.0,51,18.5,2.27,1.16,1.12,1.04,0.0,0.08,0.2,0.04,0.29,0.33,0.118,0.882,0.0,0.1,0.1,0.1,0.04,0.0,1.0,1.0,0.4,2023-24
1629652,Luguentz Dort,1610612760,OKC,25.0,79,28.4,4.24,1.71,2.53,1.67,0.05,0.76,1.66,0.29,0.56,0.85,0.343,0.657,0.18,0.41,0.58,0.51,0.22,0.304,0.696,0.909,0.386,2023-24
1629029,Luka Dončić,1610612742,DAL,25.0,70,37.5,4.76,1.97,2.79,2.63,0.1,0.19,0.44,0.5,0.6,1.1,0.455,0.545,0.01,0.57,0.59,0.59,0.34,0.024,0.976,1.0,0.585,2023-24
1630568,Luka Garza,1610612750,MIN,25.0,20,5.8,1.65,1.5,0.15,0.35,0.25,0.65,1.45,0.1,0.0,0.1,1.0,0.0,0.1,0.35,0.45,0.45,0.15,0.222,0.778,1.0,0.333,2023-24
1629677,Luka Samanic,1610612762,UTA,24.0,30,12.3,2.1,0.83,1.27,0.57,0.03,0.37,0.9,0.1,0.0,0.1,1.0,0.0,0.23,0.1,0.33,0.33,0.27,0.7,0.3,1.0,0.8,2023-24
1628379,Luke Kennard,1610612763,MEM,28.0,39,25.6,2.03,0.9,1.13,0.87,0.0,0.38,0.92,0.33,0.46,0.79,0.419,0.581,0.03,0.51,0.54,0.49,0.13,0.048,0.952,0.905,0.238,2023-24
1628436,Luke Kornet,1610612738,BOS,28.0,63,15.6,6.62,4.89,1.73,0.54,0.0,1.94,4.78,0.08,0.19,0.27,0.294,0.706,0.51,0.9,1.41,1.37,0.84,0.36,0.64,0.989,0.609,2023-24
1630201,Malachi Flynn,1610612765,DET,26.0,54,15.2,2.06,1.09,0.96,1.11,0.0,0.11,0.26,0.31,0.37,0.69,0.459,0.541,0.0,0.13,0.13,0.13,0.06,0.0,1.0,1.0,0.429,2023-24
1631103,Malaki Branham,1610612759,SAS,21.0,72,21.8,2.19,1.11,1.08,0.56,0.0,0.15,0.35,0.25,0.21,0.46,0.545,0.455,0.0,0.11,0.11,0.11,0.0,0.0,1.0,1.0,0.0,2023-24
1627763,Malcolm Brogdon,1610612757,POR,31.0,37,29.5,2.86,1.16,1.7,1.22,0.0,0.11,0.27,0.43,0.22,0.65,0.667,0.333,0.08,0.22,0.3,0.27,0.08,0.273,0.727,0.909,0.273,2023-24
1627736,Malik Beasley,1610612749,MIL,27.0,78,29.6,2.92,1.51,1.41,1.41,0.03,0.27,0.64,0.13,0.24,0.37,0.345,0.655,0.01,0.21,0.22,0.21,0.05,0.059,0.941,0.941,0.235,2023-24
1628370,Malik Monk,1610612758,SAC,26.0,71,26.4,3.56,1.94,1.62,1.35,0.03,0.32,0.77,0.24,0.27,0.51,0.472,0.528,0.0,0.13,0.13,0.13,0.01,0.0,1.0,1.0,0.111,2023-24
1642013,Malik Williams,1610612761,TOR,25.0,7,15.2,3.29,2.14,1.14,0.29,0.0,1.86,3.86,0.0,0.14,0.14,0.0,1.0,0.29,0.57,0.86,0.86,0.57,0.333,0.667,1.0,0.667,2023-24
1629603,Mamadi Diakite,1610612752,NYK,27.0,5,4.8,1.0,0.4,0.6,0.8,0.0,0.8,1.8,0.0,0.0,0.0,0.0,0.0,0.0,0.4,0.4,0.4,0.2,0.0,1.0,1.0,0.5,2023-24
1641970,Maozinha Pereira,1610612763,MEM,23.0,6,20.1,3.33,1.5,1.83,1.67,0.0,0.5,1.17,0.67,0.5,1.17,0.571,0.429,0.0,1.0,1.0,1.0,0.0,0.0,1.0,1.0,0.0,2023-24
1630699,MarJon Beauchamp,1610612749,MIL,23.0,40,13.9,1.9,0.88,1.03,0.9,0.03,0.05,0.1,0.13,0.15,0.28,0.455,0.545,0.03,0.23,0.25,0.25,0.08,0.1,0.9,1.0,0.3,2023-24
202694,Marcus Morris Sr.,1610612739,CLE,34.0,44,18.0,1.77,1.09,0.68,0.59,0.0,0.52,1.23,0.09,0.11,0.2,0.444,0.556,0.14,0.5,0.64,0.55,0.2,0.214,0.786,0.889,0.333,2023-24
1631204,Marcus Sasser,1610612765,DET,23.0,64,20.3,2.66,1.39,1.27,1.28,0.02,0.16,0.33,0.16,0.27,0.42,0.37,0.63,0.0,0.09,0.09,0.09,0.02,0.0,1.0,1.0,0.167,2023-24
203935,Marcus Smart,1610612763,MEM,30.0,20,30.2,3.8,1.45,2.35,2.95,0.3,0.5,1.25,0.4,0.65,1.05,0.381,0.619,0.0,0.85,0.85,0.8,0.1,0.0,1.0,0.941,0.118,2023-24
1631109,Mark Williams,1610612766,CHA,22.0,19,26.8,8.74,6.42,2.32,1.53,0.0,4.37,9.74,0.42,0.32,0.74,0.571,0.429,0.63,1.42,2.05,1.95,1.16,0.308,0.692,0.949,0.564,2023-24
1628365,Markelle Fultz,1610612753,ORL,26.0,42,21.5,2.57,1.33,1.24,1.62,0.0,0.4,0.93,0.26,0.29,0.55,0.478,0.522,0.0,0.14,0.14,0.14,0.05,0.0,1.0,1.0,0.333,2023-24
202693,Markieff Morris,1610612742,DAL,34.0,22,9.0,1.82,1.27,0.55,0.5,0.0,0.55,1.27,0.14,0.14,0.27,0.5,0.5,0.09,0.55,0.64,0.59,0.32,0.143,0.857,0.929,0.5,2023-24
1641806,Markquis Nowell,1610612761,TOR,24.0,1,3.5,0.0,0.0,0.0,1.0,0.0,0.0,0.0,2.0,0.0,2.0,1.0,0.0,0.0,0.0,0.0,0.0,0.0,0.0,0.0,0.0,0.0,2023-24
1629716,Marques Bolden,1610612766,CHA,26.0,10,12.1,3.2,2.6,0.6,0.6,0.0,1.8,4.5,0.3,0.1,0.4,0.75,0.25,0.2,0.9,1.1,1.1,0.4,0.182,0.818,1.0,0.364,2023-24
1628963,Marvin Bagley III,1610612764,WAS,25.0,50,21.1,6.98,4.7,2.28,0.84,0.18,2.76,6.24,0.34,0.16,0.5,0.68,0.32,0.4,1.18,1.58,1.52,0.78,0.253,0.747,0.974,0.5,2023-24
1630222,Mason Jones,1610612758,SAC,25.0,3,6.9,0.67,0.0,0.67,0.67,0.0,0.0,0.0,0.0,0.0,0.0,0.0,0.0,0.0,0.33,0.33,0.33,0.0,0.0,1.0,1.0,0.0,2023-24
203486,Mason Plumlee,1610612746,LAC,34.0,44,15.1,3.39,2.73,0.66,0.91,0.09,2.05,4.75,0.2,0.23,0.43,0.474,0.526,0.34,0.5,0.84,0.84,0.64,0.405,0.595,1.0,0.757,2023-24
1629680,Matisse Thybulle,1610612757,POR,27.0,65,22.9,2.49,1.22,1.28,3.38,0.02,0.45,1.18,0.12,0.32,0.45,0.276,0.724,0.0,0.15,0.15,0.15,0.03,0.0,1.0,1.0,0.2,2023-24
1630562,Matt Hurt,1610612763,MEM,24.0,7,15.9,4.14,2.14,2.0,0.29,0.0,0.43,1.14,0.0,0.14,0.14,0.0,1.0,0.0,0.57,0.57,0.57,0.14,0.0,1.0,1.0,0.25,2023-24
1630346,Matt Ryan,1610612740,NOP,27.0,20,17.9,3.4,1.95,1.45,0.7,0.0,0.1,0.25,0.05,0.25,0.3,0.167,0.833,0.0,0.2,0.2,0.2,0.1,0.0,1.0,1.0,0.5,2023-24
1631108,Max Christie,1610612747,LAL,21.0,56,16.1,3.91,2.18,1.73,0.52,0.0,0.21,0.52,0.18,0.13,0.3,0.588,0.412,0.0,0.11,0.11,0.09,0.02,0.0,1.0,1.0,0.2,2023-24
1629622,Max Strus,1610612739,CLE,28.0,70,32.0,4.87,2.59,2.29,1.66,0.07,0.76,1.7,0.21,0.31,0.53,0.405,0.595,0.07,0.34,0.41,0.4,0.2,0.172,0.828,0.966,0.483,2023-24
1628467,Maxi Kleber,1610612742,DAL,32.0,43,20.3,6.6,4.63,1.98,0.65,0.09,1.51,3.56,0.19,0.16,0.35,0.533,0.467,0.21,0.95,1.16,1.07,0.28,0.18,0.82,0.939,0.245,2023-24
1641721,Maxwell Lewis,1610612747,LAL,21.0,16,4.7,1.06,0.44,0.63,0.31,0.0,0.0,0.0,0.06,0.0,0.06,1.0,0.0,0.0,0.0,0.0,0.0,0.0,0.0,0.0,0.0,0.0,2023-24
1630695,Micah Potter,1610612762,UTA,26.0,14,13.0,3.21,2.21,1.0,0.64,0.0,0.64,1.57,0.14,0.07,0.21,0.667,0.333,0.07,0.43,0.5,0.5,0.21,0.143,0.857,1.0,0.429,2023-24
1629008,Michael Porter Jr.,1610612743,DEN,26.0,81,31.7,3.9,2.41,1.49,1.06,0.0,0.37,0.88,0.3,0.1,0.4,0.75,0.25,0.15,0.27,0.42,0.4,0.32,0.353,0.647,0.97,0.788,2023-24
1628969,Mikal Bridges,1610612751,BKN,27.0,82,34.8,4.11,2.11,2.0,1.51,0.01,0.17,0.39,0.33,0.28,0.61,0.54,0.46,0.01,0.45,0.46,0.45,0.1,0.026,0.974,0.974,0.211,2023-24
201144,Mike Conley,1610612750,MIN,36.0,76,28.9,2.53,1.24,1.29,2.21,0.01,0.28,0.67,0.3,0.34,0.64,0.469,0.531,0.0,0.13,0.13,0.12,0.03,0.0,1.0,1.0,0.222,2023-24
203488,Mike Muscala,1610612760,OKC,33.0,49,12.2,4.14,3.12,1.02,0.45,0.0,1.24,3.08,0.12,0.04,0.16,0.75,0.25,0.16,0.65,0.82,0.76,0.33,0.2,0.8,0.925,0.4,2023-24
1628970,Miles Bridges,1610612766,CHA,26.0,68,37.7,6.94,3.84,3.1,1.56,0.03,0.51,1.21,0.28,0.34,0.62,0.452,0.548,0.13,0.65,0.78,0.75,0.49,0.17,0.83,0.981,0.635,2023-24
1630540,Miles McBride,1610612752,NYK,23.0,62,21.1,3.15,1.77,1.37,1.89,0.15,0.34,0.82,0.13,0.15,0.27,0.471,0.529,0.0,0.24,0.24,0.24,0.08,0.0,1.0,1.0,0.333,2023-24
1629011,Mitchell Robinson,1610612752,NYK,26.0,31,24.8,6.23,4.39,1.84,1.68,0.0,3.03,7.0,0.35,0.23,0.58,0.611,0.389,1.45,1.42,2.87,2.74,1.97,0.506,0.494,0.988,0.709,2023-24
1628964,Mo Bamba,1610612755,PHI,26.0,55,13.4,3.82,3.02,0.8,0.42,0.0,1.51,3.56,0.15,0.09,0.24,0.615,0.385,0.38,0.84,1.22,1.18,0.76,0.313,0.687,0.97,0.627,2023-24
1628420,Monte Morris,1610612750,MIN,29.0,31,14.8,1.26,0.68,0.58,1.0,0.03,0.06,0.13,0.13,0.19,0.32,0.4,0.6,0.0,0.13,0.13,0.13,0.03,0.0,1.0,1.0,0.25,2023-24
1629021,Moritz Wagner,1610612753,ORL,27.0,80,17.7,4.08,2.86,1.21,1.16,0.3,1.79,3.91,0.24,0.21,0.45,0.528,0.472,0.56,1.2,1.76,1.73,1.03,0.319,0.681,0.979,0.582,2023-24
1629650,Moses Brown,1610612757,POR,24.0,20,9.7,3.5,2.85,0.65,0.3,0.0,1.0,2.35,0.05,0.05,0.1,0.5,0.5,0.4,0.3,0.7,0.6,0.4,0.571,0.429,0.857,0.571,2023-24
1630541,Moses Moody,1610612744,GSW,22.0,65,17.8,2.88,1.42,1.46,1.23,0.15,0.22,0.49,0.28,0.4,0.68,0.409,0.591,0.12,0.32,0.45,0.43,0.17,0.276,0.724,0.966,0.379,2023-24
1631338,Mouhamadou Gueye,1610612761,TOR,25.0,11,10.9,4.82,3.55,1.27,0.45,0.0,1.18,2.73,0.18,0.09,0.27,0.667,0.333,0.18,0.27,0.45,0.36,0.09,0.4,0.6,0.8,0.2,2023-24
1631243,Mouhamed Gueye,1610612737,ATL,21.0,5,14.3,3.4,2.0,1.4,0.8,0.0,1.0,2.0,0.4,0.4,0.8,0.5,0.5,0.2,0.2,0.4,0.4,0.2,0.5,0.5,1.0,0.5,2023-24
1631217,Moussa Diabaté,1610612746,LAC,22.0,10,6.4,1.8,1.2,0.6,0.5,0.0,0.5,1.1,0.2,0.1,0.3,0.667,0.333,0.6,0.2,0.8,0.7,0.6,0.75,0.25,0.875,0.75,2023-24
1626167,Myles Turner,1610612754,IND,28.0,77,27.0,8.82,6.83,1.99,1.44,0.04,3.05,6.97,0.17,0.12,0.29,0.591,0.409,0.43,1.43,1.86,1.81,1.06,0.231,0.769,0.979,0.577,2023-24
1630230,Naji Marshall,1610612740,NOP,26.0,65,19.3,2.94,1.45,1.49,1.51,0.02,0.26,0.58,0.22,0.17,0.38,0.56,0.44,0.02,0.48,0.49,0.43,0.2,0.031,0.969,0.875,0.406,2023-24
1629642,Nassir Little,1610612756,PHX,24.0,34,12.7,2.68,1.59,1.09,0.38,0.0,0.09,0.24,0.21,0.09,0.29,0.7,0.3,0.03,0.29,0.32,0.29,0.06,0.091,0.909,1.0,0.2,2023-24
1630207,Nate Hinton,1610612745,HOU,25.0,9,6.1,0.67,0.33,0.33,0.78,0.11,0.0,0.0,0.11,0.11,0.22,0.5,0.5,0.0,0.0,0.0,0.0,0.0,0.0,0.0,0.0,0.0,2023-24
1641877,Nate Mensah,1610612766,CHA,26.0,25,12.3,4.2,3.28,0.92,1.04,0.36,1.96,4.68,0.12,0.0,0.12,1.0,0.0,0.56,0.76,1.32,1.24,0.56,0.424,0.576,0.939,0.424,2023-24
1631466,Nate Williams,1610612745,HOU,25.0,13,8.1,1.38,0.92,0.46,0.92,0.0,0.0,0.0,0.23,0.15,0.38,0.6,0.4,0.0,0.15,0.15,0.15,0.0,0.0,1.0,1.0,0.0,2023-24
1629675,Naz Reid,1610612750,MIN,24.0,81,24.2,5.37,3.22,2.15,1.27,0.01,0.68,1.57,0.21,0.19,0.4,0.531,0.469,0.07,0.73,0.8,0.79,0.37,0.092,0.908,0.985,0.462,2023-24
1629674,Neemias Queta,1610612738,BOS,24.0,27,12.2,4.33,2.85,1.48,0.63,0.0,1.56,4.04,0.37,0.11,0.48,0.769,0.231,0.56,0.78,1.33,1.19,0.74,0.417,0.583,0.914,0.571,2023-24
1629651,Nic Claxton,1610612751,BKN,25.0,71,29.8,10.87,8.27,2.61,1.58,0.0,3.48,7.68,0.31,0.27,0.58,0.537,0.463,0.72,1.56,2.28,2.2,1.3,0.315,0.685,0.981,0.579,2023-24
1630208,Nick Richards,1610612766,CHA,26.0,67,26.2,6.52,5.09,1.43,0.73,0.01,4.31,9.78,0.31,0.15,0.46,0.677,0.323,0.96,1.15,2.1,2.06,1.4,0.454,0.546,0.979,0.667,2023-24
1641733,Nick Smith Jr.,1610612766,CHA,20.0,44,16.0,2.09,0.93,1.16,0.32,0.05,0.2,0.45,0.18,0.07,0.25,0.727,0.273,0.0,0.09,0.09,0.09,0.05,0.0,1.0,1.0,0.5,2023-24
1629638,Nickeil Alexander-Walker,1610612750,MIN,25.0,82,23.4,2.93,2.1,0.83,1.91,0.06,0.23,0.6,0.23,0.26,0.49,0.475,0.525,0.04,0.43,0.46,0.41,0.1,0.079,0.921,0.944,0.222,2023-24
201587,Nicolas Batum,1610612755,PHI,35.0,59,25.9,4.31,2.32,1.98,1.93,0.02,0.51,1.24,0.12,0.32,0.44,0.269,0.731,0.08,0.44,0.53,0.51,0.22,0.161,0.839,0.968,0.419,2023-24
203999,Nikola Jokić,1610612743,DEN,29.0,79,34.6,7.04,4.97,2.06,3.01,0.05,4.37,10.0,0.39,0.3,0.7,0.564,0.436,0.58,1.51,2.09,2.09,1.39,0.279,0.721,1.0,0.667,2023-24
1631107,Nikola Jović,1610612748,MIA,21.0,43,20.5,4.07,2.56,1.51,1.02,0.07,0.63,1.53,0.21,0.14,0.35,0.6,0.4,0.02,0.28,0.3,0.3,0.09,0.077,0.923,1.0,0.308,2023-24
202696,Nikola Vučević,1610612741,CHI,33.0,76,34.3,8.21,5.33,2.88,1.8,0.01,4.17,8.89,0.28,0.22,0.5,0.553,0.447,0.7,1.54,2.24,2.16,1.45,0.312,0.688,0.976,0.655,2023-24
1641730,Noah Clowney,1610612751,BKN,19.0,20,18.1,5.1,3.45,1.65,0.95,0.0,1.7,3.85,0.1,0.25,0.35,0.286,0.714,0.25,0.95,1.2,1.15,0.65,0.208,0.792,1.0,0.565,2023-24
1626181,Norman Powell,1610612746,LAC,31.0,76,26.2,2.72,1.38,1.34,1.22,0.0,0.33,0.75,0.16,0.21,0.37,0.429,0.571,0.0,0.34,0.34,0.34,0.12,0.0,1.0,1.0,0.346,2023-24
1628384,OG Anunoby,1610612752,NYK,26.0,50,34.0,7.12,4.72,2.4,2.6,0.0,0.36,0.82,0.36,0.24,0.6,0.6,0.4,0.02,0.96,0.98,0.96,0.36,0.02,0.98,0.98,0.367,2023-24
1630167,Obi Toppin,1610612754,IND,26.0,81,21.2,3.59,2.15,1.44,1.01,0.0,0.7,1.6,0.21,0.26,0.47,0.447,0.553,0.17,0.4,0.57,0.57,0.37,0.304,0.696,1.0,0.652,2023-24
1630534,Ochai Agbaji,1610612761,TOR,24.0,78,21.0,4.23,2.45,1.78,0.99,0.0,0.37,0.88,0.13,0.15,0.28,0.455,0.545,0.01,0.32,0.33,0.33,0.15,0.038,0.962,1.0,0.462,2023-24
1630846,Olivier Sarr,1610612760,OKC,25.0,11,7.1,2.09,1.73,0.36,0.18,0.0,0.82,1.82,0.0,0.09,0.09,0.0,1.0,0.18,1.0,1.18,1.18,0.27,0.154,0.846,1.0,0.231,2023-24
1641765,Olivier-Maxence Prosper,1610612742,DAL,21.0,28,11.1,2.04,1.21,0.82,0.25,0.04,0.11,0.21,0.21,0.11,0.32,0.667,0.333,0.04,0.64,0.68,0.68,0.21,0.053,0.947,1.0,0.316,2023-24
1630209,Omer Yurtseven,1610612762,UTA,26.0,43,12.5,2.88,2.21,0.67,0.58,0.0,1.56,3.72,0.14,0.0,0.14,1.0,0.0,0.3,0.6,0.91,0.86,0.7,0.333,0.667,1.0,0.811,2023-24
1641931,Onuralp Bitim,1610612741,CHI,25.0,18,14.2,2.44,0.83,1.61,0.5,0.0,0.0,0.0,0.22,0.11,0.33,0.667,0.333,0.0,0.33,0.33,0.33,0.22,0.0,1.0,1.0,0.667,2023-24
1630168,Onyeka Okongwu,1610612737,ATL,23.0,55,25.5,7.87,5.42,2.45,1.25,0.0,2.98,7.04,0.35,0.25,0.6,0.576,0.424,0.47,1.29,1.76,1.65,1.05,0.268,0.732,0.958,0.611,2023-24
1631115,Orlando Robinson,1610612748,MIA,23.0,31,9.6,2.97,2.52,0.45,0.52,0.0,1.35,3.1,0.13,0.06,0.19,0.667,0.333,0.19,0.58,0.77,0.71,0.39,0.25,0.75,0.917,0.5,2023-24
1631131,Oscar Tshiebwe,1610612754,IND,24.0,6,6.3,0.83,0.33,0.5,0.33,0.0,0.5,1.17,0.5,0.33,0.83,0.6,0.4,0.33,0.33,0.67,0.5,0.17,0.5,0.5,0.75,0.25,2023-24
1629052,Oshae Brissett,1610612738,BOS,26.0,49,12.4,1.59,0.86,0.73,0.78,0.0,0.51,1.31,0.18,0.16,0.35,0.529,0.471,0.31,0.47,0.78,0.73,0.37,0.395,0.605,0.973,0.486,2023-24
203490,Otto Porter Jr.,1610612761,TOR,31.0,14,12.1,1.57,1.0,0.57,1.14,0.0,0.57,1.29,0.14,0.14,0.29,0.5,0.5,0.0,0.07,0.07,0.07,0.07,0.0,1.0,1.0,1.0,2023-24
1631172,Ousmane Dieng,1610612760,OKC,21.0,30,11.5,2.6,1.53,1.07,0.27,0.0,0.53,1.2,0.07,0.17,0.23,0.286,0.714,0.0,0.2,0.2,0.2,0.1,0.0,1.0,1.0,0.5,2023-24
200782,P.J. Tucker,1610612746,LAC,39.0,28,16.7,3.18,1.79,1.39,1.25,0.11,0.61,1.5,0.18,0.29,0.46,0.385,0.615,0.11,0.75,0.86,0.86,0.21,0.125,0.875,1.0,0.25,2023-24
1629023,P.J. Washington,1610612742,DAL,25.0,72,30.8,6.35,3.96,2.39,2.21,0.0,1.32,3.21,0.38,0.24,0.61,0.614,0.386,0.13,0.69,0.82,0.81,0.39,0.153,0.847,0.983,0.475,2023-24
1631094,Paolo Banchero,1610612753,ORL,21.0,80,35.0,5.95,3.0,2.95,1.4,0.0,0.8,1.79,0.26,0.29,0.55,0.477,0.523,0.06,0.49,0.55,0.53,0.26,0.114,0.886,1.0,0.5,2023-24
1627783,Pascal Siakam,1610612754,IND,30.0,80,33.2,5.36,2.85,2.51,1.53,0.01,0.78,1.79,0.36,0.44,0.8,0.453,0.547,0.14,0.9,1.04,1.0,0.53,0.133,0.867,1.0,0.525,2023-24
1626192,Pat Connaughton,1610612749,MIL,31.0,76,22.1,3.83,1.62,2.21,0.87,0.03,0.28,0.61,0.18,0.3,0.49,0.378,0.622,0.05,0.25,0.3,0.3,0.09,0.174,0.826,1.0,0.304,2023-24
1630311,Pat Spencer,1610612744,GSW,27.0,2,2.2,1.0,0.5,0.5,0.0,0.0,0.0,0.0,0.0,0.0,0.0,0.0,0.0,0.0,0.0,0.0,0.0,0.0,0.0,0.0,0.0,0.0,2023-24
1631116,Patrick Baldwin Jr.,1610612764,WAS,21.0,32,14.7,3.69,2.41,1.28,0.84,0.03,0.5,1.19,0.06,0.16,0.22,0.286,0.714,0.0,0.63,0.63,0.63,0.31,0.0,1.0,1.0,0.5,2023-24
201976,Patrick Beverley,1610612749,MIL,35.0,70,20.5,2.37,1.09,1.29,1.36,0.09,0.29,0.67,0.2,0.3,0.5,0.4,0.6,0.01,0.07,0.09,0.09,0.0,0.167,0.833,1.0,0.0,2023-24
1630172,Patrick Williams,1610612741,CHI,22.0,43,27.3,4.72,2.51,2.21,1.77,0.05,0.49,1.12,0.44,0.16,0.6,0.731,0.269,0.16,0.88,1.05,0.98,0.37,0.156,0.844,0.955,0.364,2023-24
201988,Patty Mills,1610612748,MIA,35.0,27,14.4,0.96,0.33,0.63,0.93,0.11,0.37,0.81,0.26,0.33,0.59,0.438,0.563,0.0,0.19,0.19,0.19,0.0,0.0,1.0,1.0,0.0,2023-24
202331,Paul George,1610612746,LAC,34.0,74,33.8,5.92,3.19,2.73,2.95,0.07,0.51,1.15,0.34,0.38,0.72,0.472,0.528,0.03,0.58,0.61,0.58,0.36,0.044,0.956,0.956,0.6,2023-24
1630194,Paul Reed,1610612755,PHI,25.0,82,19.4,6.52,4.98,1.55,2.05,0.0,2.49,5.76,0.5,0.32,0.82,0.612,0.388,0.2,1.0,1.2,1.16,0.59,0.163,0.837,0.979,0.495,2023-24
1630202,Payton Pritchard,1610612738,BOS,26.0,79,22.4,1.65,0.91,0.73,1.03,0.0,0.33,0.81,0.23,0.32,0.54,0.419,0.581,0.06,0.38,0.44,0.42,0.19,0.143,0.857,0.971,0.441,2023-24
1631250,Pete Nance,1610612739,CLE,24.0,5,4.3,0.4,0.2,0.2,0.2,0.0,0.0,0.0,0.0,0.2,0.2,0.0,1.0,0.0,0.4,0.4,0.4,0.0,0.0,1.0,1.0,0.0,2023-24
1631212,Peyton Watson,1610612743,DEN,21.0,80,18.6,5.31,3.75,1.56,1.01,0.0,0.28,0.68,0.21,0.29,0.5,0.425,0.575,0.04,0.36,0.4,0.38,0.2,0.094,0.906,0.938,0.5,2023-24
1630173,Precious Achiuwa,1610612752,NYK,24.0,74,21.9,7.32,5.2,2.12,1.28,0.04,1.51,3.47,0.43,0.2,0.64,0.681,0.319,0.59,0.77,1.36,1.27,0.91,0.436,0.564,0.979,0.698,2023-24
1629656,Quentin Grimes,1610612765,DET,24.0,50,20.0,2.82,1.5,1.32,1.2,0.0,0.16,0.32,0.14,0.22,0.36,0.389,0.611,0.02,0.1,0.12,0.08,0.02,0.167,0.833,0.8,0.2,2023-24
1631245,Quenton Jackson,1610612754,IND,25.0,1,6.8,1.0,0.0,1.0,2.0,0.0,0.0,0.0,0.0,0.0,0.0,0.0,0.0,0.0,0.0,0.0,0.0,0.0,0.0,0.0,0.0,0.0,2023-24
1630181,R.J. Hampton,1610612748,MIA,23.0,5,14.3,1.6,0.2,1.4,0.6,0.0,0.0,0.0,0.4,0.2,0.6,0.667,0.333,0.0,0.2,0.2,0.2,0.0,0.0,1.0,1.0,0.0,2023-24
1629628,RJ Barrett,1610612761,TOR,24.0,57,31.8,5.67,3.19,2.47,1.46,0.04,0.32,0.72,0.44,0.26,0.7,0.625,0.375,0.09,0.4,0.49,0.47,0.28,0.179,0.821,0.964,0.571,2023-24
1630564,RaiQuan Gray,1610612759,SAS,24.0,3,13.0,3.33,1.33,2.0,1.33,0.0,0.33,1.0,0.0,0.0,0.0,0.0,0.0,0.0,0.33,0.33,0.33,0.0,0.0,1.0,1.0,0.0,2023-24
1641712,Rayan Rupert,1610612757,POR,20.0,33,18.0,1.91,1.06,0.85,1.0,0.0,0.15,0.3,0.15,0.0,0.15,1.0,0.0,0.0,0.27,0.27,0.27,0.06,0.0,1.0,1.0,0.222,2023-24
203493,Reggie Bullock Jr.,1610612745,HOU,33.0,36,10.6,1.39,0.64,0.75,0.44,0.0,0.25,0.58,0.08,0.06,0.14,0.6,0.4,0.0,0.28,0.28,0.28,0.11,0.0,1.0,1.0,0.4,2023-24
202704,Reggie Jackson,1610612743,DEN,34.0,82,22.2,3.3,1.57,1.73,1.07,0.06,0.21,0.49,0.23,0.17,0.4,0.576,0.424,0.02,0.37,0.39,0.38,0.06,0.063,0.938,0.969,0.156,2023-24
1626158,Richaun Holmes,1610612764,WAS,30.0,37,14.7,3.03,2.57,0.46,0.76,0.03,1.84,4.38,0.16,0.19,0.35,0.462,0.538,0.49,0.68,1.16,1.16,0.73,0.419,0.581,1.0,0.628,2023-24
1641741,Ricky Council IV,1610612755,PHI,22.0,27,10.5,0.96,0.56,0.41,0.89,0.0,0.37,0.81,0.15,0.11,0.26,0.571,0.429,0.04,0.07,0.11,0.11,0.07,0.333,0.667,1.0,0.667,2023-24
203496,Robert Covington,1610612755,PHI,33.0,26,18.4,3.04,1.46,1.58,3.38,0.0,0.35,0.92,0.38,0.35,0.73,0.526,0.474,0.08,0.54,0.62,0.54,0.23,0.125,0.875,1.0,0.429,2023-24
1629057,Robert Williams III,1610612757,POR,26.0,6,19.8,4.83,2.67,2.17,1.83,0.0,2.5,6.17,0.17,0.0,0.17,1.0,0.0,0.33,0.67,1.0,0.83,0.83,0.333,0.667,1.0,1.0,2023-24
201577,Robin Lopez,1610612749,MIL,36.0,11,5.3,2.82,2.27,0.55,0.27,0.0,1.64,4.0,0.09,0.0,0.09,1.0,0.0,0.09,0.73,0.82,0.82,0.09,0.111,0.889,1.0,0.111,2023-24
1631199,Ron Harper Jr.,1610612761,TOR,24.0,1,3.7,1.0,1.0,0.0,0.0,0.0,0.0,0.0,0.0,0.0,0.0,0.0,0.0,0.0,0.0,0.0,0.0,0.0,0.0,0.0,0.0,0.0,2023-24
1626220,Royce O'Neale,1610612756,PHX,31.0,78,24.9,3.06,1.5,1.56,1.6,0.01,0.67,1.53,0.13,0.24,0.37,0.345,0.655,0.05,0.63,0.68,0.63,0.27,0.075,0.925,0.961,0.412,2023-24
203497,Rudy Gobert,1610612750,MIN,32.0,76,34.1,10.97,9.28,1.7,1.63,0.01,4.76,11.43,0.24,0.16,0.39,0.6,0.4,0.93,1.89,2.83,2.78,1.91,0.33,0.67,0.995,0.684,2023-24
1629060,Rui Hachimura,1610612747,LAL,26.0,68,26.8,4.49,2.72,1.76,1.28,0.03,0.38,0.9,0.24,0.26,0.5,0.471,0.529,0.16,0.84,1.0,1.0,0.62,0.162,0.838,1.0,0.618,2023-24
201566,Russell Westbrook,1610612746,LAC,35.0,66,22.9,2.0,1.11,0.89,1.88,0.08,0.39,0.88,0.41,0.44,0.85,0.482,0.518,0.14,0.11,0.24,0.23,0.17,0.563,0.438,0.938,0.688,2023-24
1627853,Ryan Arcidiacono,1610612752,NYK,30.0,9,3.0,0.89,0.33,0.56,0.22,0.22,0.11,0.33,0.0,0.22,0.22,0.0,1.0,0.0,0.11,0.11,0.11,0.0,0.0,1.0,1.0,0.0,2023-24
1631157,Ryan Rollins,1610612749,MIL,21.0,10,7.4,1.2,0.7,0.5,1.8,0.0,0.0,0.0,0.1,0.2,0.3,0.333,0.667,0.0,0.0,0.0,0.0,0.0,0.0,0.0,0.0,0.0,2023-24
1630240,Saben Lee,1610612756,PHX,25.0,15,8.5,0.67,0.2,0.47,1.07,0.0,0.27,0.6,0.33,0.13,0.47,0.714,0.286,0.0,0.07,0.07,0.07,0.07,0.0,1.0,1.0,1.0,2023-24
1630180,Saddiq Bey,1610612737,ATL,25.0,63,32.7,3.27,2.06,1.21,1.41,0.0,0.59,1.38,0.43,0.32,0.75,0.574,0.426,0.16,0.37,0.52,0.52,0.37,0.303,0.697,1.0,0.697,2023-24
1630573,Sam Hauser,1610612738,BOS,26.0,79,22.0,3.52,2.44,1.08,0.91,0.01,0.37,0.91,0.15,0.14,0.29,0.522,0.478,0.0,0.43,0.43,0.39,0.11,0.0,1.0,0.912,0.265,2023-24
1630241,Sam Merrill,1610612739,CLE,28.0,51,19.9,2.47,1.35,1.12,0.78,0.27,0.29,0.73,0.24,0.24,0.47,0.5,0.5,0.0,0.39,0.39,0.37,0.08,0.0,1.0,0.95,0.2,2023-24
1630572,Sandro Mamukelashvili,1610612759,SAS,25.0,42,10.6,2.62,1.69,0.93,0.55,0.0,0.52,1.26,0.21,0.21,0.43,0.5,0.5,0.17,0.6,0.76,0.76,0.45,0.219,0.781,1.0,0.594,2023-24
1630583,Santi Aldama,1610612763,MEM,23.0,60,26.8,5.8,3.63,2.17,1.25,0.02,0.85,2.12,0.25,0.22,0.47,0.536,0.464,0.13,0.67,0.8,0.8,0.5,0.167,0.833,1.0,0.625,2023-24
1628426,Sasha Vezenkov,1610612758,SAC,28.0,38,12.6,3.03,1.68,1.34,1.0,0.0,0.47,1.13,0.08,0.11,0.18,0.429,0.571,0.16,0.42,0.58,0.53,0.26,0.273,0.727,0.952,0.476,2023-24
1630703,Scoot Henderson,1610612757,POR,20.0,61,28.8,2.89,0.92,1.97,1.74,0.05,0.16,0.36,0.33,0.44,0.77,0.426,0.574,0.02,0.23,0.25,0.21,0.0,0.067,0.933,0.867,0.0,2023-24
1630567,Scottie Barnes,1610612761,TOR,22.0,60,34.9,7.08,4.37,2.72,2.25,0.02,0.72,1.63,0.27,0.55,0.82,0.327,0.673,0.43,1.5,1.93,1.85,1.0,0.224,0.776,0.982,0.531,2023-24
1630590,Scotty Pippen Jr.,1610612763,MEM,23.0,21,25.1,2.05,0.71,1.33,3.38,0.14,0.14,0.33,0.57,0.38,0.95,0.6,0.4,0.0,0.1,0.1,0.1,0.0,0.0,1.0,1.0,0.0,2023-24
203552,Seth Curry,1610612766,CHA,33.0,36,15.9,1.61,0.56,1.06,1.17,0.06,0.28,0.69,0.25,0.22,0.47,0.529,0.471,0.0,0.17,0.17,0.17,0.0,0.0,1.0,1.0,0.0,2023-24
1641754,Seth Lundy,1610612737,ATL,24.0,6,7.1,1.5,1.0,0.5,0.5,0.0,0.0,0.0,0.0,0.0,0.0,0.0,0.0,0.0,0.17,0.17,0.17,0.0,0.0,1.0,1.0,0.0,2023-24
1631101,Shaedon Sharpe,1610612757,POR,21.0,32,33.1,3.97,1.94,2.03,1.75,0.0,0.19,0.38,0.47,0.28,0.75,0.625,0.375,0.0,0.28,0.28,0.28,0.09,0.0,1.0,1.0,0.333,2023-24
1628983,Shai Gilgeous-Alexander,1610612760,OKC,25.0,75,34.0,6.01,2.75,3.27,3.51,0.0,0.53,1.2,0.36,0.57,0.93,0.386,0.614,0.03,0.31,0.33,0.33,0.15,0.08,0.92,1.0,0.44,2023-24
1629003,Shake Milton,1610612752,NYK,27.0,38,14.6,1.97,0.95,1.03,0.63,0.05,0.11,0.29,0.21,0.13,0.34,0.615,0.385,0.0,0.16,0.16,0.16,0.03,0.0,1.0,1.0,0.167,2023-24
1627885,Shaquille Harrison,1610612763,MEM,30.0,2,2.2,1.0,0.5,0.5,0.5,0.0,0.0,0.0,0.0,0.0,0.0,0.0,0.0,0.0,0.5,0.5,0.5,0.5,0.0,1.0,1.0,1.0,2023-24
1631321,Sidy Cissoko,1610612759,SAS,20.0,8,16.3,2.88,2.0,0.88,1.38,0.0,0.13,0.38,0.25,0.25,0.5,0.5,0.5,0.0,0.63,0.63,0.63,0.38,0.0,1.0,1.0,0.6,2023-24
1631323,Simone Fontecchio,1610612765,DET,28.0,64,25.6,4.02,2.72,1.3,1.14,0.02,0.33,0.7,0.28,0.28,0.56,0.5,0.5,0.08,0.47,0.55,0.53,0.23,0.143,0.857,0.971,0.429,2023-24
1630219,Skylar Mays,1610612747,LAL,26.0,30,13.9,2.17,0.87,1.3,0.8,0.0,0.03,0.1,0.23,0.2,0.43,0.538,0.462,0.0,0.23,0.23,0.23,0.07,0.0,1.0,1.0,0.286,2023-24
203915,Spencer Dinwiddie,1610612747,LAL,31.0,76,28.3,3.92,2.22,1.7,1.12,0.0,0.29,0.67,0.14,0.14,0.29,0.5,0.5,0.01,0.3,0.32,0.32,0.13,0.042,0.958,1.0,0.417,2023-24
1630649,Stanley Umude,1610612765,DET,25.0,20,15.0,3.75,1.75,2.0,0.8,0.0,0.05,0.15,0.25,0.25,0.5,0.5,0.5,0.0,0.15,0.15,0.15,0.1,0.0,1.0,1.0,0.667,2023-24
201939,Stephen Curry,1610612744,GSW,36.0,74,32.7,4.09,1.53,2.57,1.58,0.09,1.07,2.46,0.36,0.38,0.74,0.491,0.509,0.03,0.28,0.31,0.3,0.08,0.087,0.913,0.957,0.261,2023-24
1629004,Svi Mykhailiuk,1610612738,BOS,27.0,28,13.0,1.39,0.68,0.71,0.82,0.0,0.14,0.36,0.21,0.07,0.29,0.75,0.25,0.0,0.18,0.18,0.18,0.0,0.0,1.0,1.0,0.0,2023-24
204456,T.J. McConnell,1610612754,IND,32.0,69,18.3,1.35,0.62,0.72,2.06,0.1,0.03,0.06,0.22,0.55,0.77,0.283,0.717,0.0,0.1,0.1,0.1,0.03,0.0,1.0,1.0,0.286,2023-24
203933,T.J. Warren,1610612750,MIN,30.0,10,12.3,1.0,0.8,0.2,0.7,0.0,0.0,0.0,0.2,0.2,0.4,0.5,0.5,0.1,0.1,0.2,0.2,0.1,0.5,0.5,1.0,0.5,2023-24
201959,Taj Gibson,1610612765,DET,39.0,17,11.9,2.59,1.71,0.88,0.59,0.0,2.06,4.65,0.06,0.0,0.06,1.0,0.0,0.35,0.76,1.12,1.06,0.53,0.316,0.684,0.947,0.474,2023-24
1629659,Talen Horton-Tucker,1610612762,UTA,23.0,49,20.3,2.84,1.2,1.63,1.73,0.0,0.14,0.29,0.29,0.29,0.57,0.5,0.5,0.06,0.16,0.22,0.2,0.08,0.273,0.727,0.909,0.364,2023-24
1631106,Tari Eason,1610612745,HOU,23.0,22,21.8,5.41,3.36,2.05,2.64,0.0,0.32,0.73,0.32,0.5,0.82,0.389,0.611,0.41,0.45,0.86,0.86,0.64,0.474,0.526,1.0,0.737,2023-24
1627752,Taurean Prince,1610612747,LAL,30.0,77,27.2,3.86,2.16,1.7,1.56,0.14,0.27,0.62,0.13,0.47,0.6,0.217,0.783,0.05,0.64,0.69,0.62,0.29,0.075,0.925,0.923,0.423,2023-24
1641707,Taylor Hendricks,1610612762,UTA,20.0,39,21.8,4.51,2.87,1.64,1.23,0.0,0.26,0.59,0.23,0.15,0.38,0.6,0.4,0.0,0.36,0.36,0.36,0.13,0.0,1.0,1.0,0.357,2023-24
1631386,Taze Moore,1610612757,POR,26.0,3,13.0,0.33,0.0,0.33,1.0,0.0,0.33,0.67,0.33,0.67,1.0,0.333,0.667,0.0,0.0,0.0,0.0,0.0,0.0,0.0,0.0,0.0,2023-24
1629611,Terance Mann,1610612746,LAC,27.0,73,25.3,2.58,1.63,0.95,0.97,0.01,0.68,1.58,0.19,0.16,0.36,0.538,0.462,0.1,0.32,0.41,0.41,0.22,0.233,0.767,1.0,0.533,2023-24
1631173,Terquavion Smith,1610612755,PHI,21.0,8,8.8,1.13,0.13,1.0,0.75,0.0,0.0,0.0,0.0,0.0,0.0,0.0,0.0,0.0,0.38,0.38,0.38,0.13,0.0,1.0,1.0,0.333,2023-24
1626179,Terry Rozier,1610612748,MIA,30.0,61,33.4,3.72,1.34,2.38,1.49,0.05,0.34,0.74,0.41,0.46,0.87,0.472,0.528,0.0,0.21,0.21,0.21,0.07,0.0,1.0,1.0,0.308,2023-24
1630678,Terry Taylor,1610612741,CHI,24.0,22,7.9,1.77,0.86,0.91,0.45,0.0,0.73,1.55,0.14,0.05,0.18,0.75,0.25,0.23,0.23,0.45,0.45,0.27,0.5,0.5,1.0,0.6,2023-24
201152,Thaddeus Young,1610612756,PHX,36.0,29,14.8,3.14,1.86,1.28,1.41,0.14,1.83,3.97,0.14,0.17,0.31,0.444,0.556,0.45,0.93,1.38,1.24,0.79,0.325,0.675,0.947,0.605,2023-24
203648,Thanasis Antetokounmpo,1610612749,MIL,31.0,23,6.0,1.17,0.48,0.7,0.74,0.0,0.39,0.91,0.04,0.13,0.17,0.25,0.75,0.0,0.04,0.04,0.04,0.04,0.0,1.0,1.0,1.0,2023-24
1630177,Theo Maledon,1610612756,PHX,23.0,13,15.7,2.0,0.69,1.31,0.77,0.08,0.15,0.31,0.23,0.31,0.54,0.429,0.571,0.0,0.08,0.08,0.08,0.0,0.0,1.0,1.0,0.0,2023-24
1628418,Thomas Bryant,1610612748,MIA,26.0,36,12.1,3.31,2.92,0.39,0.44,0.0,1.36,3.22,0.11,0.06,0.17,0.667,0.333,0.14,1.0,1.14,1.08,0.81,0.122,0.878,0.975,0.725,2023-24
203501,Tim Hardaway Jr.,1610612742,DAL,32.0,79,26.8,3.27,1.52,1.75,0.85,0.27,0.65,1.44,0.22,0.27,0.48,0.447,0.553,0.03,0.28,0.3,0.29,0.14,0.083,0.917,0.958,0.458,2023-24
1641851,Timmy Allen,1610612763,MEM,24.0,5,25.1,2.2,0.2,2.0,1.2,0.0,0.0,0.0,0.6,0.0,0.6,1.0,0.0,0.0,0.8,0.8,0.8,0.0,0.0,1.0,1.0,0.0,2023-24
202699,Tobias Harris,1610612755,PHI,31.0,70,33.8,4.54,2.3,2.24,1.57,0.0,0.51,1.17,0.37,0.41,0.79,0.473,0.527,0.26,1.2,1.46,1.37,0.63,0.176,0.824,0.98,0.449,2023-24
1628470,Torrey Craig,1610612741,CHI,33.0,53,19.8,4.02,1.98,2.04,1.26,0.02,0.49,1.08,0.25,0.34,0.58,0.419,0.581,0.06,0.36,0.42,0.42,0.26,0.136,0.864,1.0,0.636,2023-24
1641787,Tosan Evbuomwan,1610612765,DET,23.0,17,21.6,4.59,3.0,1.59,0.88,0.12,0.35,0.76,0.29,0.18,0.47,0.625,0.375,0.12,0.71,0.82,0.71,0.24,0.143,0.857,0.857,0.286,2023-24
1641739,Toumani Camara,1610612757,POR,24.0,69,25.2,4.43,2.74,1.7,2.04,0.19,0.58,1.38,0.33,0.3,0.64,0.523,0.477,0.33,0.62,0.96,0.9,0.46,0.348,0.652,0.939,0.485,2023-24
1629027,Trae Young,1610612737,ATL,25.0,54,36.0,2.43,0.65,1.78,2.39,0.22,0.19,0.44,0.31,0.35,0.67,0.472,0.528,0.0,0.04,0.04,0.04,0.02,0.0,1.0,1.0,0.5,2023-24
1631218,Trayce Jackson-Davis,1610612744,GSW,24.0,66,17.1,6.42,4.89,1.53,0.76,0.0,2.77,6.33,0.14,0.15,0.29,0.474,0.526,0.29,0.98,1.27,1.2,0.7,0.226,0.774,0.952,0.554,2023-24
1630200,Tre Jones,1610612759,SAS,24.0,76,27.9,2.58,1.61,0.97,2.24,0.11,0.38,0.99,0.3,0.49,0.79,0.383,0.617,0.0,0.12,0.12,0.12,0.04,0.0,1.0,1.0,0.333,2023-24
1630544,Tre Mann,1610612766,CHA,23.0,34,28.0,3.32,1.47,1.85,2.62,0.03,0.32,0.68,0.32,0.29,0.62,0.524,0.476,0.0,0.21,0.21,0.21,0.0,0.0,1.0,1.0,0.0,2023-24
1630570,Trendon Watford,1610612751,BKN,23.0,51,15.9,2.92,1.37,1.55,0.84,0.02,0.51,1.14,0.29,0.41,0.71,0.417,0.583,0.02,0.24,0.25,0.24,0.1,0.077,0.923,0.923,0.385,2023-24
1630235,Trent Forrest,1610612737,ATL,26.0,32,11.4,1.28,0.56,0.72,0.88,0.06,0.25,0.56,0.09,0.16,0.25,0.375,0.625,0.0,0.16,0.16,0.16,0.09,0.0,1.0,1.0,0.6,2023-24
1630243,Trevelin Queen,1610612753,ORL,27.0,12,13.0,2.58,1.92,0.67,1.33,0.0,0.17,0.42,0.17,0.17,0.33,0.5,0.5,0.0,0.0,0.0,0.0,0.0,0.0,0.0,0.0,0.0,2023-24
1641998,Trey Jemison III,1610612763,MEM,24.0,23,24.9,8.04,5.65,2.39,1.26,0.0,2.78,6.22,0.57,0.3,0.87,0.65,0.35,0.43,1.04,1.48,1.35,0.83,0.294,0.706,0.912,0.559,2023-24
1626168,Trey Lyles,1610612758,SAC,28.0,58,20.0,3.59,2.03,1.55,0.84,0.12,0.6,1.4,0.14,0.21,0.34,0.4,0.6,0.17,0.91,1.09,1.05,0.55,0.159,0.841,0.968,0.508,2023-24
1630530,Trey Murphy III,1610612740,NOP,24.0,57,29.7,4.07,1.96,2.11,1.67,0.02,0.37,0.84,0.23,0.37,0.6,0.382,0.618,0.0,0.4,0.4,0.4,0.18,0.0,1.0,1.0,0.435,2023-24
202684,Tristan Thompson,1610612739,CLE,33.0,44,12.3,3.64,2.43,1.2,0.64,0.0,1.98,4.61,0.18,0.14,0.32,0.571,0.429,0.8,0.89,1.68,1.61,0.98,0.473,0.527,0.986,0.597,2023-24
1641774,Tristan Vukcevic,1610612764,WAS,21.0,9,16.7,5.33,4.33,1.0,0.56,0.11,0.78,1.78,0.11,0.22,0.33,0.333,0.667,0.11,0.67,0.78,0.78,0.11,0.143,0.857,1.0,0.143,2023-24
1628972,Troy Brown Jr.,1610612765,DET,24.0,52,15.2,2.44,1.42,1.02,0.9,0.0,0.08,0.21,0.13,0.23,0.37,0.368,0.632,0.02,0.25,0.27,0.27,0.12,0.071,0.929,1.0,0.429,2023-24
1629660,Ty Jerome,1610612739,CLE,26.0,1,9.3,2.0,2.0,0.0,1.0,0.0,0.0,0.0,0.0,0.0,0.0,0.0,0.0,0.0,0.0,0.0,0.0,0.0,0.0,0.0,0.0,0.0,2023-24
1631102,TyTy Washington Jr.,1610612749,MIL,22.0,5,5.5,1.8,0.6,1.2,0.6,0.0,0.0,0.0,0.0,0.4,0.4,0.0,1.0,0.0,0.4,0.4,0.4,0.2,0.0,1.0,1.0,0.5,2023-24
1629639,Tyler Herro,1610612748,MIA,24.0,42,33.5,3.74,1.64,2.1,1.21,0.0,0.29,0.6,0.26,0.43,0.69,0.379,0.621,0.0,0.19,0.19,0.19,0.07,0.0,1.0,1.0,0.375,2023-24
1630169,Tyrese Haliburton,1610612754,IND,24.0,69,32.2,3.33,1.57,1.77,2.23,0.0,0.23,0.51,0.29,0.46,0.75,0.385,0.615,0.0,0.19,0.19,0.19,0.13,0.0,1.0,1.0,0.692,2023-24
1630178,Tyrese Maxey,1610612755,PHI,23.0,69,37.7,3.2,1.48,1.72,1.61,0.04,0.17,0.38,0.29,0.67,0.96,0.303,0.697,0.0,0.57,0.57,0.52,0.12,0.0,1.0,0.947,0.211,2023-24
1626145,Tyus Jones,1610612764,WAS,28.0,66,29.3,1.77,0.65,1.12,1.92,0.0,0.29,0.64,0.18,0.35,0.53,0.343,0.657,0.0,0.11,0.11,0.09,0.06,0.0,1.0,0.857,0.571,2023-24
1628962,Udoka Azubuike,1610612756,PHX,24.0,16,7.1,1.88,1.44,0.44,0.31,0.0,1.31,2.88,0.06,0.0,0.06,1.0,0.0,0.06,0.25,0.31,0.25,0.13,0.2,0.8,1.0,0.5,2023-24
1630586,Usman Garuba,1610612744,GSW,22.0,5,3.0,1.8,1.8,0.0,1.0,0.0,0.0,0.0,0.0,0.0,0.0,0.0,0.0,0.0,0.0,0.0,0.0,0.0,0.0,0.0,0.0,0.0,2023-24
203995,Vasilije Micic,1610612766,CHA,30.0,54,20.7,0.94,0.3,0.65,1.3,0.04,0.41,0.87,0.15,0.3,0.44,0.333,0.667,0.0,0.17,0.17,0.17,0.0,0.0,1.0,1.0,0.0,2023-24
1641705,Victor Wembanyama,1610612759,SAS,20.0,71,29.7,9.07,7.2,1.87,2.87,0.15,1.89,4.17,0.24,0.28,0.52,0.459,0.541,0.28,0.58,0.86,0.83,0.48,0.328,0.672,1.0,0.576,2023-24
1631246,Vince Williams Jr.,1610612763,MEM,23.0,51,28.2,3.37,1.88,1.49,2.37,0.08,0.18,0.41,0.37,0.31,0.69,0.543,0.457,0.08,0.39,0.47,0.45,0.18,0.167,0.833,0.958,0.375,2023-24
1630249,Vít Krejčí,1610612737,ATL,24.0,22,24.6,3.55,2.0,1.55,1.36,0.0,0.32,0.73,0.14,0.32,0.45,0.3,0.7,0.05,0.36,0.41,0.41,0.09,0.111,0.889,1.0,0.222,2023-24
1631117,Walker Kessler,1610612762,UTA,22.0,64,23.3,10.42,8.59,1.83,0.75,0.02,2.27,5.33,0.19,0.06,0.25,0.75,0.25,0.55,1.13,1.67,1.63,1.06,0.327,0.673,0.981,0.642,2023-24
1628976,Wendell Carter Jr.,1610612753,ORL,25.0,54,26.0,6.67,5.11,1.56,1.11,0.02,2.63,5.72,0.2,0.31,0.52,0.393,0.607,0.74,1.65,2.39,2.31,1.24,0.31,0.69,0.984,0.528,2023-24
1631111,Wendell Moore Jr.,1610612750,MIN,22.0,15,3.6,0.67,0.33,0.33,0.73,0.0,0.0,0.0,0.07,0.07,0.13,0.5,0.5,0.0,0.0,0.0,0.0,0.0,0.0,0.0,0.0,0.0,2023-24
1629117,Wenyen Gabriel,1610612738,BOS,27.0,5,16.2,3.6,2.4,1.2,1.2,0.0,0.8,1.8,0.8,0.2,1.0,0.8,0.2,0.4,0.8,1.2,1.2,0.8,0.333,0.667,1.0,0.667,2023-24
202083,Wesley Matthews,1610612737,ATL,37.0,34,11.8,1.5,0.74,0.76,1.24,0.06,0.32,0.85,0.15,0.15,0.29,0.5,0.5,0.09,0.41,0.5,0.5,0.26,0.176,0.824,1.0,0.529,2023-24
1629875,Xavier Moon,1610612746,LAC,29.0,6,15.6,1.17,0.67,0.5,1.67,0.0,0.17,0.33,0.0,0.33,0.33,0.0,1.0,0.0,0.0,0.0,0.0,0.0,0.0,0.0,0.0,0.0,2023-24
1630214,Xavier Tillman,1610612738,BOS,25.0,53,18.4,6.04,4.45,1.58,1.51,0.0,1.4,3.28,0.43,0.34,0.77,0.561,0.439,0.19,0.66,0.85,0.85,0.45,0.222,0.778,1.0,0.533,2023-24
1629139,Yuta Watanabe,1610612763,MEM,29.0,29,15.0,3.07,1.76,1.31,0.62,0.03,0.17,0.41,0.14,0.17,0.31,0.444,0.556,0.0,0.34,0.34,0.31,0.1,0.0,1.0,1.0,0.333,2023-24
1628380,Zach Collins,1610612759,SAS,26.0,69,22.1,8.87,7.14,1.72,1.07,0.03,2.91,6.38,0.2,0.2,0.41,0.5,0.5,0.38,1.38,1.75,1.7,0.9,0.215,0.785,0.975,0.517,2023-24
203897,Zach LaVine,1610612741,CHI,29.0,25,34.9,5.12,1.92,3.2,1.64,0.0,0.4,0.84,0.28,0.24,0.52,0.538,0.462,0.0,0.12,0.12,0.12,0.12,0.0,1.0,1.0,1.0,2023-24
1630285,Zavier Simpson,1610612765,DET,27.0,7,23.1,3.14,1.14,2.0,1.57,0.0,0.0,0.0,0.43,0.43,0.86,0.5,0.5,0.0,0.14,0.14,0.14,0.0,0.0,1.0,1.0,0.0,2023-24
1630192,Zeke Nnaji,1610612743,DEN,23.0,53,10.7,4.04,2.87,1.17,0.66,0.0,1.64,3.85,0.06,0.08,0.13,0.429,0.571,0.21,0.49,0.7,0.68,0.36,0.297,0.703,1.0,0.528,2023-24
1630533,Ziaire Williams,1610612763,MEM,22.0,46,22.3,3.91,2.02,1.89,1.72,0.09,0.2,0.48,0.24,0.22,0.46,0.524,0.476,0.0,0.39,0.39,0.39,0.22,0.0,1.0,1.0,0.556,2023-24
1629627,Zion Williamson,1610612740,NOP,23.0,70,31.5,4.13,1.8,2.33,2.04,0.01,0.94,2.17,0.64,0.33,0.97,0.662,0.338,0.14,0.5,0.64,0.61,0.46,0.222,0.778,0.977,0.727,2023-24
1630639,A.J. Lawson,1610612761,TOR,24.0,24,20.2,2.04,1.17,0.88,1.08,0.0,0.33,0.75,0.08,0.21,0.29,0.286,0.714,0.0,0.21,0.21,0.21,0.13,0.0,1.0,1.0,0.6,2024-25
1631260,AJ Green,1610612749,MIL,25.0,72,23.0,3.29,1.83,1.46,0.97,0.07,0.4,0.89,0.15,0.26,0.42,0.367,0.633,0.03,0.51,0.54,0.5,0.13,0.051,0.949,0.923,0.231,2024-25
1642358,AJ Johnson,1610612764,WAS,20.0,22,28.0,3.59,1.95,1.64,1.14,0.0,0.09,0.18,0.18,0.23,0.41,0.444,0.556,0.05,0.0,0.05,0.05,0.0,1.0,0.0,1.0,0.0,2024-25
203932,Aaron Gordon,1610612743,DEN,29.0,51,28.4,3.24,2.27,0.96,0.94,0.0,0.75,1.78,0.22,0.2,0.41,0.524,0.476,0.1,0.27,0.37,0.37,0.31,0.263,0.737,1.0,0.842,2024-25
1628988,Aaron Holiday,1610612745,HOU,28.0,57,13.6,1.93,0.96,0.96,0.88,0.02,0.09,0.18,0.23,0.09,0.32,0.722,0.278,0.0,0.26,0.26,0.25,0.05,0.0,1.0,0.933,0.2,2024-25
1630174,Aaron Nesmith,1610612754,IND,25.0,45,24.9,5.07,2.89,2.18,1.29,0.16,0.31,0.71,0.29,0.18,0.47,0.619,0.381,0.09,0.29,0.38,0.38,0.22,0.235,0.765,1.0,0.588,2024-25
1630598,Aaron Wiggins,1610612760,OKC,26.0,76,22.9,4.45,2.28,2.17,1.75,0.01,0.38,0.84,0.26,0.25,0.51,0.513,0.487,0.0,0.38,0.38,0.38,0.11,0.0,1.0,1.0,0.276,2024-25
1641745,Adam Flagler,1610612760,OKC,25.0,16,9.7,1.44,0.31,1.13,0.69,0.0,0.25,0.56,0.0,0.38,0.38,0.0,1.0,0.0,0.25,0.25,0.25,0.13,0.0,1.0,1.0,0.5,2024-25
1641766,Adama Sanogo,1610612741,CHI,23.0,3,7.0,3.0,1.33,1.67,0.33,0.0,1.67,4.0,0.0,0.0,0.0,0.0,0.0,0.67,0.0,0.67,0.67,0.67,1.0,0.0,1.0,1.0,2024-25
1641737,Adem Bona,1610612755,PHI,22.0,53,17.0,5.38,3.94,1.43,1.09,0.0,2.17,5.02,0.13,0.13,0.26,0.5,0.5,0.43,0.53,0.96,0.92,0.55,0.451,0.549,0.961,0.569,2024-25
1642349,Ajay Mitchell,1610612760,OKC,23.0,36,16.6,2.25,1.42,0.83,1.33,0.08,0.14,0.36,0.17,0.14,0.31,0.545,0.455,0.0,0.19,0.19,0.19,0.11,0.0,1.0,1.0,0.571,2024-25
201143,Al Horford,1610612738,BOS,39.0,60,27.6,7.08,3.98,3.1,1.3,0.0,1.63,4.18,0.2,0.13,0.33,0.6,0.4,0.2,1.15,1.35,1.32,0.73,0.148,0.852,0.975,0.543,2024-25
202692,Alec Burks,1610612748,MIA,33.0,47,17.8,2.32,1.06,1.26,1.02,0.0,0.19,0.4,0.11,0.11,0.21,0.5,0.5,0.0,0.19,0.19,0.17,0.06,0.0,1.0,0.889,0.333,2024-25
1627936,Alex Caruso,1610612760,OKC,31.0,53,19.6,3.09,1.42,1.68,3.51,0.15,0.6,1.38,0.19,0.3,0.49,0.385,0.615,0.04,0.3,0.34,0.34,0.19,0.111,0.889,1.0,0.556,2024-25
1642505,Alex Ducas,1610612760,OKC,24.0,15,6.5,0.53,0.4,0.13,0.47,0.0,0.07,0.13,0.13,0.07,0.2,0.667,0.333,0.13,0.53,0.67,0.67,0.27,0.2,0.8,1.0,0.4,2024-25
203458,Alex Len,1610612747,LAL,32.0,39,9.4,3.62,2.59,1.03,0.54,0.0,1.28,3.18,0.18,0.15,0.33,0.538,0.462,0.23,0.69,0.92,0.87,0.36,0.25,0.75,0.944,0.389,2024-25
1642024,Alex Reese,1610612755,PHI,26.0,15,14.4,5.33,3.33,2.0,1.0,0.13,1.2,2.73,0.13,0.07,0.2,0.667,0.333,0.13,0.27,0.4,0.4,0.27,0.333,0.667,1.0,0.667,2024-25
1642259,Alex Sarr,1610612764,WAS,20.0,67,27.1,9.12,6.87,2.25,1.49,0.0,3.85,8.97,0.31,0.25,0.57,0.553,0.447,0.25,0.93,1.18,1.16,0.69,0.215,0.785,1.0,0.59,2024-25
1630578,Alperen Sengun,1610612745,HOU,22.0,75,31.9,9.05,6.51,2.55,2.44,0.09,3.33,7.97,0.6,0.19,0.79,0.763,0.237,0.89,1.73,2.63,2.59,1.83,0.34,0.66,0.99,0.699,2024-25
1641708,Amen Thompson,1610612745,HOU,22.0,69,32.3,4.67,3.28,1.39,2.9,0.04,0.36,0.88,0.35,0.42,0.77,0.453,0.547,0.12,0.22,0.33,0.33,0.23,0.348,0.652,1.0,0.696,2024-25
1629599,Amir Coffey,1610612746,LAC,28.0,68,24.4,2.4,1.24,1.16,1.13,0.04,0.37,0.85,0.13,0.18,0.31,0.429,0.571,0.0,0.31,0.31,0.31,0.1,0.0,1.0,1.0,0.333,2024-25
203083,Andre Drummond,1610612755,PHI,31.0,40,18.8,5.05,3.08,1.98,1.68,0.0,2.33,5.2,0.28,0.15,0.43,0.647,0.353,0.58,0.83,1.4,1.38,1.2,0.411,0.589,1.0,0.873,2024-25
1641748,Andre Jackson Jr.,1610612749,MIL,23.0,58,16.2,1.78,1.1,0.67,1.19,0.0,0.41,1.05,0.24,0.14,0.38,0.636,0.364,0.09,0.16,0.24,0.22,0.12,0.357,0.643,0.929,0.5,2024-25
1629614,Andrew Nembhard,1610612754,IND,25.0,65,28.9,3.37,1.91,1.46,1.97,0.09,0.28,0.68,0.2,0.31,0.51,0.394,0.606,0.0,0.26,0.26,0.25,0.09,0.0,1.0,0.941,0.353,2024-25
203952,Andrew Wiggins,1610612748,MIA,30.0,60,30.7,6.48,3.18,3.3,1.52,0.0,0.28,0.7,0.33,0.27,0.6,0.556,0.444,0.1,0.57,0.67,0.65,0.37,0.15,0.85,0.975,0.55,2024-25
1629014,Anfernee Simons,1610612757,POR,26.0,70,32.7,3.03,1.39,1.64,1.21,0.04,0.09,0.19,0.19,0.34,0.53,0.351,0.649,0.0,0.23,0.23,0.23,0.04,0.0,1.0,1.0,0.188,2024-25
1641710,Anthony Black,1610612753,ORL,21.0,78,24.2,3.88,2.33,1.55,2.35,0.03,0.27,0.55,0.23,0.26,0.49,0.474,0.526,0.01,0.29,0.31,0.31,0.13,0.042,0.958,1.0,0.417,2024-25
203076,Anthony Davis,1610612742,DAL,32.0,51,33.4,9.61,6.18,3.43,2.14,0.04,3.14,7.33,0.47,0.39,0.86,0.545,0.455,0.65,1.25,1.9,1.88,1.53,0.34,0.66,0.99,0.804,2024-25
1630162,Anthony Edwards,1610612750,MIN,23.0,79,36.3,3.32,1.81,1.51,2.16,0.0,0.16,0.37,0.33,0.29,0.62,0.531,0.469,0.03,0.11,0.14,0.14,0.06,0.182,0.818,1.0,0.455,2024-25
1630264,Anthony Gill,1610612764,WAS,32.0,39,9.7,2.1,0.97,1.13,0.46,0.0,0.18,0.41,0.18,0.1,0.28,0.636,0.364,0.05,0.54,0.59,0.59,0.26,0.087,0.913,1.0,0.435,2024-25
1641817,Anton Watson,1610612752,NYK,24.0,5,3.1,0.8,0.6,0.2,0.2,0.0,1.2,3.0,0.0,0.0,0.0,0.0,0.0,0.0,0.0,0.0,0.0,0.0,0.0,0.0,0.0,0.0,2024-25
1641810,Antonio Reeves,1610612740,NOP,24.0,28,18.9,1.93,0.68,1.25,0.93,0.0,0.04,0.11,0.21,0.18,0.39,0.545,0.455,0.04,0.14,0.18,0.18,0.07,0.2,0.8,1.0,0.4,2024-25
1630574,Ariel Hukporti,1610612752,NYK,23.0,23,9.3,3.96,2.87,1.09,0.52,0.0,1.43,3.13,0.17,0.13,0.3,0.571,0.429,0.3,0.43,0.74,0.74,0.43,0.412,0.588,1.0,0.588,2024-25
1642422,Armel Traore,1610612747,LAL,22.0,7,7.9,1.29,0.71,0.57,1.29,0.0,0.0,0.0,0.0,0.0,0.0,0.0,0.0,0.0,0.29,0.29,0.29,0.29,0.0,1.0,1.0,1.0,2024-25
1641709,Ausar Thompson,1610612765,DET,22.0,59,22.5,3.8,1.86,1.93,3.58,0.02,0.68,1.61,0.37,0.46,0.83,0.449,0.551,0.02,0.14,0.15,0.15,0.07,0.111,0.889,1.0,0.444,2024-25
1630559,Austin Reaves,1610612747,LAL,27.0,73,34.9,4.58,2.47,2.11,1.88,0.3,0.67,1.59,0.36,0.36,0.71,0.5,0.5,0.03,0.42,0.45,0.45,0.14,0.061,0.939,1.0,0.303,2024-25
1630245,Ayo Dosunmu,1610612741,CHI,25.0,46,30.3,4.15,2.37,1.78,1.52,0.0,0.33,0.8,0.28,0.39,0.67,0.419,0.581,0.02,0.17,0.2,0.17,0.02,0.111,0.889,0.889,0.111,2024-25
1628389,Bam Adebayo,1610612748,MIA,27.0,78,34.3,5.77,4.04,1.73,3.06,0.0,3.37,8.26,0.35,0.35,0.69,0.5,0.5,0.42,2.33,2.76,2.63,1.33,0.153,0.847,0.958,0.486,2024-25
1631248,Baylor Scheierman,1610612738,BOS,24.0,26,14.1,1.65,0.81,0.85,1.5,0.04,0.12,0.27,0.12,0.04,0.15,0.75,0.25,0.08,0.38,0.46,0.46,0.23,0.167,0.833,1.0,0.5,2024-25
1641767,Ben Sheppard,1610612754,IND,23.0,62,19.4,2.6,1.53,1.06,1.19,0.0,0.1,0.21,0.23,0.24,0.47,0.483,0.517,0.0,0.19,0.19,0.19,0.1,0.0,1.0,1.0,0.5,2024-25
1627732,Ben Simmons,1610612746,LAC,28.0,50,22.1,2.96,1.5,1.46,2.04,0.08,1.68,3.94,0.28,0.12,0.4,0.7,0.3,0.0,0.38,0.38,0.38,0.16,0.0,1.0,1.0,0.421,2024-25
1631097,Bennedict Mathurin,1610612754,IND,23.0,72,29.9,3.13,1.39,1.74,1.26,0.0,0.17,0.4,0.32,0.35,0.67,0.479,0.521,0.06,0.46,0.51,0.5,0.25,0.108,0.892,0.973,0.486,2024-25
1641731,Bilal Coulibaly,1610612764,WAS,20.0,59,33.0,4.36,2.37,1.98,2.59,0.02,0.46,1.07,0.42,0.46,0.88,0.481,0.519,0.0,0.22,0.22,0.22,0.1,0.0,1.0,1.0,0.462,2024-25
202687,Bismack Biyombo,1610612759,SAS,32.0,27,19.5,5.67,4.93,0.74,1.11,0.0,3.41,7.74,0.07,0.41,0.48,0.154,0.846,0.22,1.22,1.44,1.41,0.85,0.154,0.846,0.974,0.59,2024-25
1631104,Blake Wesley,1610612759,SAS,22.0,47,13.7,1.32,0.6,0.72,1.4,0.0,0.11,0.23,0.15,0.13,0.28,0.538,0.462,0.0,0.04,0.04,0.04,0.0,0.0,1.0,1.0,0.0,2024-25
1626171,Bobby Portis Jr.,1610612749,MIL,30.0,49,25.4,6.31,3.71,2.59,1.57,0.0,1.37,3.39,0.2,0.18,0.39,0.526,0.474,0.61,0.86,1.47,1.45,1.0,0.417,0.583,0.986,0.681,2024-25
1641752,Bobi Klintman,1610612765,DET,22.0,5,6.8,1.0,0.8,0.2,0.4,0.0,0.2,0.4,0.2,0.0,0.2,1.0,0.0,0.0,0.2,0.2,0.2,0.0,0.0,1.0,1.0,0.0,2024-25
203992,Bogdan Bogdanović,1610612746,LAC,32.0,54,25.0,3.94,1.74,2.2,1.89,0.0,0.48,1.17,0.09,0.28,0.37,0.25,0.75,0.06,0.22,0.28,0.28,0.2,0.2,0.8,1.0,0.733,2024-25
1629626,Bol Bol,1610612756,PHX,25.0,31,14.0,3.87,1.61,2.26,0.39,0.0,0.32,0.74,0.13,0.1,0.23,0.571,0.429,0.03,0.39,0.42,0.39,0.29,0.077,0.923,0.923,0.692,2024-25
1630538,Bones Hyland,1610612750,MIN,24.0,21,10.7,0.95,0.38,0.57,1.19,0.0,0.05,0.1,0.14,0.1,0.24,0.6,0.4,0.0,0.0,0.0,0.0,0.0,0.0,0.0,0.0,0.0,2024-25
203078,Bradley Beal,1610612756,PHX,32.0,53,32.1,4.64,2.17,2.47,2.42,0.06,0.25,0.51,0.38,0.3,0.68,0.556,0.444,0.04,0.21,0.25,0.25,0.09,0.154,0.846,1.0,0.385,2024-25
1642382,Branden Carlson,1610612760,OKC,26.0,24,9.7,3.58,2.5,1.08,0.29,0.0,0.83,1.88,0.21,0.08,0.29,0.714,0.286,0.17,0.75,0.92,0.92,0.38,0.182,0.818,1.0,0.409,2024-25
1641764,Brandin Podziemski,1610612744,GSW,22.0,63,27.2,2.73,1.41,1.32,2.1,0.32,0.62,1.54,0.27,0.44,0.71,0.378,0.622,0.03,0.48,0.51,0.49,0.16,0.063,0.938,0.969,0.313,2024-25
1630527,Brandon Boston Jr.,1610612740,NOP,23.0,41,24.1,2.46,1.17,1.29,2.07,0.02,0.29,0.71,0.1,0.24,0.34,0.286,0.714,0.0,0.1,0.1,0.1,0.02,0.0,1.0,1.0,0.25,2024-25
1629634,Brandon Clarke,1610612763,MEM,28.0,64,18.9,4.75,3.0,1.75,1.55,0.05,1.11,2.59,0.19,0.25,0.44,0.429,0.571,0.25,0.94,1.19,1.14,0.42,0.211,0.789,0.961,0.355,2024-25
1627742,Brandon Ingram,1610612761,TOR,27.0,18,33.1,3.56,2.17,1.39,1.06,0.0,0.22,0.56,0.39,0.11,0.5,0.778,0.222,0.0,0.28,0.28,0.28,0.17,0.0,1.0,1.0,0.6,2024-25
1641706,Brandon Miller,1610612766,CHA,22.0,27,34.2,5.04,2.44,2.59,2.33,0.07,1.33,3.11,0.15,0.33,0.48,0.308,0.692,0.04,0.41,0.44,0.44,0.15,0.083,0.917,1.0,0.333,2024-25
1630314,Brandon Williams,1610612742,DAL,25.0,26,18.0,2.5,1.58,0.92,1.85,0.0,0.19,0.42,0.38,0.38,0.77,0.5,0.5,0.0,0.19,0.19,0.19,0.04,0.0,1.0,1.0,0.2,2024-25
1630296,Braxton Key,1610612744,GSW,28.0,1,6.7,1.0,0.0,1.0,2.0,0.0,0.0,0.0,0.0,0.0,0.0,0.0,0.0,0.0,0.0,0.0,0.0,0.0,0.0,0.0,0.0,0.0,2024-25
1641729,Brice Sensabaugh,1610612762,UTA,21.0,68,20.4,2.41,1.1,1.31,1.18,0.01,0.18,0.44,0.16,0.25,0.41,0.393,0.607,0.04,0.24,0.28,0.28,0.19,0.158,0.842,1.0,0.684,2024-25
1642355,Bronny James,1610612747,LAL,20.0,15,9.7,1.6,0.93,0.67,0.93,0.0,0.0,0.0,0.0,0.2,0.2,0.0,1.0,0.0,0.2,0.2,0.2,0.13,0.0,1.0,1.0,0.667,2024-25
201572,Brook Lopez,1610612749,MIL,37.0,80,31.8,13.63,11.29,2.34,1.48,0.0,2.69,6.28,0.1,0.13,0.23,0.444,0.556,0.34,1.73,2.06,2.04,1.01,0.164,0.836,0.988,0.491,2024-25
1628971,Bruce Brown,1610612740,NOP,28.0,41,22.5,2.22,0.93,1.29,1.76,0.0,0.46,1.17,0.22,0.17,0.39,0.563,0.438,0.12,0.29,0.41,0.41,0.32,0.294,0.706,1.0,0.765,2024-25
1628981,Bruno Fernando,1610612761,TOR,26.0,13,10.5,3.15,1.85,1.31,0.62,0.0,1.62,3.62,0.08,0.15,0.23,0.333,0.667,0.23,0.38,0.62,0.62,0.23,0.375,0.625,1.0,0.375,2024-25
1631121,Bryce McGowens,1610612757,POR,22.0,6,2.3,1.0,0.17,0.83,0.17,0.0,0.0,0.0,0.0,0.0,0.0,0.0,0.0,0.0,0.0,0.0,0.0,0.0,0.0,0.0,0.0,0.0,2024-25
1642267,Bub Carrington,1610612764,WAS,19.0,82,30.0,3.4,1.67,1.73,1.28,0.02,0.33,0.83,0.21,0.27,0.48,0.436,0.564,0.01,0.27,0.28,0.28,0.13,0.043,0.957,1.0,0.478,2024-25
1627741,Buddy Hield,1610612744,GSW,32.0,82,22.7,3.62,2.04,1.59,1.77,0.0,0.21,0.45,0.21,0.2,0.4,0.515,0.485,0.02,0.18,0.21,0.21,0.09,0.118,0.882,1.0,0.412,2024-25
203468,CJ McCollum,1610612740,NOP,33.0,56,32.7,3.82,1.68,2.14,1.46,0.04,0.23,0.5,0.3,0.34,0.64,0.472,0.528,0.02,0.32,0.34,0.32,0.05,0.053,0.947,0.947,0.158,2024-25
1630595,Cade Cunningham,1610612765,DET,23.0,70,35.0,5.67,2.99,2.69,2.11,0.03,0.33,0.79,0.33,0.4,0.73,0.451,0.549,0.03,0.61,0.64,0.61,0.27,0.044,0.956,0.956,0.422,2024-25
1631216,Caleb Houstan,1610612753,ORL,22.0,49,15.0,2.04,1.33,0.71,0.71,0.0,0.45,1.04,0.08,0.08,0.16,0.5,0.5,0.02,0.31,0.33,0.31,0.18,0.063,0.938,0.938,0.563,2024-25
1628997,Caleb Martin,1610612742,DAL,29.0,44,27.5,3.43,1.89,1.55,1.95,0.09,0.45,1.09,0.27,0.36,0.64,0.429,0.571,0.0,0.39,0.39,0.36,0.11,0.0,1.0,0.941,0.294,2024-25
1642353,Cam Christie,1610612746,LAC,19.0,5,8.3,0.8,0.6,0.2,0.8,0.0,0.2,0.6,0.2,0.0,0.2,1.0,0.0,0.0,0.0,0.0,0.0,0.0,0.0,0.0,0.0,0.0,2024-25
1629629,Cam Reddish,1610612747,LAL,25.0,31,18.8,1.97,0.74,1.23,2.16,0.0,0.26,0.61,0.19,0.42,0.61,0.316,0.684,0.0,0.19,0.19,0.19,0.0,0.0,1.0,1.0,0.0,2024-25
1642285,Cam Spencer,1610612763,MEM,25.0,16,14.2,1.19,0.44,0.75,0.81,0.06,0.13,0.31,0.13,0.13,0.25,0.5,0.5,0.19,0.25,0.44,0.44,0.31,0.429,0.571,1.0,0.714,2024-25
1630560,Cam Thomas,1610612751,BKN,23.0,24,31.1,3.83,2.17,1.67,0.88,0.0,0.29,0.67,0.29,0.21,0.5,0.583,0.417,0.0,0.17,0.17,0.17,0.13,0.0,1.0,1.0,0.75,2024-25
1641715,Cam Whitmore,1610612745,HOU,20.0,44,18.0,1.75,1.0,0.75,1.25,0.0,0.07,0.16,0.18,0.3,0.48,0.381,0.619,0.02,0.14,0.16,0.16,0.14,0.143,0.857,1.0,0.857,2024-25
1629661,Cameron Johnson,1610612751,BKN,29.0,57,31.6,4.18,2.0,2.18,1.75,0.05,0.49,1.11,0.32,0.28,0.6,0.529,0.471,0.05,0.44,0.49,0.49,0.18,0.107,0.893,1.0,0.357,2024-25
1626166,Cameron Payne,1610612752,NYK,30.0,68,15.5,1.5,0.81,0.69,1.62,0.18,0.12,0.26,0.06,0.15,0.21,0.286,0.714,0.0,0.25,0.25,0.25,0.07,0.0,1.0,1.0,0.294,2024-25
1627747,Caris LeVert,1610612737,ATL,30.0,64,24.9,3.67,1.95,1.72,2.28,0.0,0.11,0.28,0.31,0.28,0.59,0.526,0.474,0.02,0.28,0.3,0.28,0.16,0.053,0.947,0.947,0.526,2024-25
1641717,Cason Wallace,1610612760,OKC,21.0,68,27.6,4.66,1.78,2.88,3.59,0.0,0.84,1.75,0.43,0.49,0.91,0.468,0.532,0.0,0.37,0.37,0.37,0.13,0.0,1.0,1.0,0.36,2024-25
1629646,Charles Bassey,1610612759,SAS,24.0,32,11.5,3.88,2.91,0.97,0.91,0.0,1.16,2.72,0.06,0.16,0.22,0.286,0.714,0.38,0.44,0.81,0.81,0.66,0.462,0.538,1.0,0.808,2024-25
1631096,Chet Holmgren,1610612760,OKC,23.0,32,27.4,10.25,7.5,2.75,0.94,0.0,1.5,3.31,0.19,0.38,0.56,0.333,0.667,0.16,0.97,1.13,1.03,0.5,0.139,0.861,0.917,0.444,2024-25
1628449,Chris Boucher,1610612761,TOR,32.0,50,17.2,2.7,1.34,1.36,0.9,0.06,0.08,0.16,0.18,0.12,0.3,0.6,0.4,0.24,0.28,0.52,0.5,0.36,0.462,0.538,0.962,0.692,2024-25
1630537,Chris Duarte,1610612741,CHI,28.0,9,6.2,1.78,1.0,0.78,0.33,0.0,0.0,0.0,0.22,0.0,0.22,1.0,0.0,0.22,0.11,0.33,0.33,0.33,0.667,0.333,1.0,1.0,2024-25
1641753,Chris Livingston,1610612749,MIL,21.0,14,6.4,1.07,1.0,0.07,1.07,0.0,0.29,0.71,0.0,0.21,0.21,0.0,1.0,0.0,0.21,0.21,0.21,0.14,0.0,1.0,1.0,0.667,2024-25
101108,Chris Paul,1610612759,SAS,40.0,82,28.0,1.65,0.52,1.12,2.43,0.0,0.62,1.43,0.22,0.56,0.78,0.281,0.719,0.0,0.2,0.2,0.2,0.07,0.0,1.0,1.0,0.375,2024-25
1631128,Christian Braun,1610612743,DEN,24.0,79,33.9,4.82,2.61,2.22,1.82,0.05,0.81,1.99,0.29,0.35,0.65,0.451,0.549,0.11,0.23,0.34,0.34,0.23,0.333,0.667,1.0,0.667,2024-25
1631132,Christian Koloko,1610612747,LAL,25.0,35,9.7,3.63,2.71,0.91,0.57,0.0,0.97,2.34,0.11,0.14,0.26,0.444,0.556,0.14,0.51,0.66,0.63,0.29,0.217,0.783,0.957,0.435,2024-25
1629643,Chuma Okeke,1610612739,CLE,26.0,8,24.3,4.25,2.25,2.0,1.75,0.0,0.13,0.25,0.25,0.38,0.63,0.4,0.6,0.25,0.25,0.5,0.5,0.25,0.5,0.5,1.0,0.5,2024-25
203991,Clint Capela,1610612737,ATL,31.0,55,21.4,5.95,4.33,1.62,1.05,0.16,2.22,5.09,0.38,0.15,0.53,0.724,0.276,0.47,1.02,1.49,1.44,1.09,0.317,0.683,0.963,0.732,2024-25
1629632,Coby White,1610612741,CHI,25.0,73,33.2,3.93,2.05,1.88,1.3,0.04,0.33,0.79,0.25,0.36,0.6,0.409,0.591,0.0,0.16,0.16,0.16,0.04,0.0,1.0,1.0,0.25,2024-25
1628998,Cody Martin,1610612756,PHX,29.0,52,22.5,2.87,1.56,1.31,2.06,0.1,0.52,1.37,0.38,0.54,0.92,0.417,0.583,0.13,0.6,0.73,0.73,0.33,0.184,0.816,1.0,0.447,2024-25
1642262,Cody Williams,1610612762,UTA,20.0,49,21.3,3.55,1.92,1.63,1.04,0.0,0.49,1.27,0.14,0.1,0.24,0.583,0.417,0.0,0.18,0.18,0.16,0.04,0.0,1.0,0.889,0.222,2024-25
1641732,Colby Jones,1610612764,WAS,23.0,32,15.7,2.53,1.56,0.97,1.5,0.03,0.25,0.56,0.16,0.13,0.28,0.556,0.444,0.0,0.28,0.28,0.28,0.16,0.0,1.0,1.0,0.556,2024-25
1630175,Cole Anthony,1610612763,MEM,25.0,61,19.6,2.52,1.51,1.02,1.54,0.05,0.26,0.59,0.33,0.25,0.57,0.571,0.429,0.0,0.21,0.21,0.2,0.13,0.0,1.0,0.923,0.615,2024-25
1631306,Cole Swider,1610612754,IND,26.0,10,17.0,2.4,1.3,1.1,0.8,0.1,0.3,0.8,0.0,0.1,0.1,0.0,1.0,0.0,0.2,0.2,0.2,0.2,0.0,1.0,1.0,1.0,2024-25
1630658,Colin Castleton,1610612761,TOR,25.0,23,18.7,5.35,3.22,2.13,0.57,0.0,1.22,2.83,0.17,0.04,0.22,0.8,0.2,0.35,0.39,0.74,0.74,0.48,0.471,0.529,1.0,0.647,2024-25
1631221,Collin Gillespie,1610612756,PHX,26.0,29,15.6,1.55,0.62,0.93,1.83,0.03,0.07,0.14,0.28,0.28,0.55,0.5,0.5,0.0,0.31,0.31,0.28,0.1,0.0,1.0,0.889,0.333,2024-25
1629012,Collin Sexton,1610612762,UTA,26.0,62,27.9,1.73,0.82,0.9,1.6,0.0,0.48,1.29,0.23,0.26,0.48,0.467,0.533,0.02,0.23,0.24,0.24,0.11,0.067,0.933,1.0,0.467,2024-25
1630557,Corey Kispert,1610612764,WAS,26.0,60,26.4,3.27,1.75,1.52,0.97,0.0,0.53,1.22,0.23,0.18,0.42,0.56,0.44,0.03,0.33,0.37,0.37,0.13,0.091,0.909,1.0,0.364,2024-25
202709,Cory Joseph,1610612753,ORL,33.0,44,13.5,2.02,1.11,0.91,0.98,0.02,0.39,0.89,0.11,0.18,0.3,0.385,0.615,0.02,0.16,0.18,0.18,0.07,0.125,0.875,1.0,0.375,2024-25
1641854,Craig Porter Jr.,1610612739,CLE,25.0,41,11.7,1.98,1.05,0.93,1.05,0.0,0.37,0.83,0.2,0.07,0.27,0.727,0.273,0.0,0.07,0.07,0.07,0.05,0.0,1.0,1.0,0.667,2024-25
1642385,Cui Cui,1610612751,BKN,22.0,1,1.3,0.0,0.0,0.0,1.0,0.0,0.0,0.0,0.0,0.0,0.0,0.0,0.0,0.0,0.0,0.0,0.0,0.0,0.0,0.0,0.0,0.0,2024-25
1626156,D'Angelo Russell,1610612751,BKN,29.0,57,25.5,2.7,1.25,1.46,2.18,0.02,0.47,0.98,0.14,0.16,0.3,0.471,0.529,0.0,0.25,0.25,0.25,0.02,0.0,1.0,1.0,0.071,2024-25
1630618,D.J. Carton,1610612761,TOR,24.0,1,15.7,0.0,0.0,0.0,4.0,0.0,0.0,0.0,0.0,0.0,0.0,0.0,0.0,0.0,0.0,0.0,0.0,0.0,0.0,0.0,0.0,0.0,2024-25
1629610,DaQuan Jeffries,1610612766,CHA,27.0,45,23.4,4.27,2.07,2.2,1.38,0.0,0.27,0.64,0.18,0.2,0.38,0.471,0.529,0.02,0.47,0.49,0.47,0.18,0.045,0.955,0.955,0.364,2024-25
1631342,Daeqwon Plowden,1610612737,ATL,26.0,4,15.7,2.5,1.0,1.5,0.25,0.0,0.0,0.0,0.0,0.25,0.25,0.0,1.0,0.0,0.5,0.5,0.25,0.25,0.0,1.0,1.0,1.0,2024-25
1630227,Daishen Nix,1610612750,MIN,23.0,2,3.4,0.5,0.0,0.5,0.0,0.0,0.5,1.0,0.0,0.0,0.0,0.0,0.0,0.0,0.0,0.0,0.0,0.0,0.0,0.0,0.0,0.0,2024-25
1630625,Dalano Banton,1610612757,POR,25.0,63,17.5,2.78,1.62,1.16,1.38,0.02,0.11,0.25,0.1,0.13,0.22,0.429,0.571,0.02,0.19,0.21,0.21,0.08,0.077,0.923,1.0,0.385,2024-25
1631207,Dalen Terry,1610612741,CHI,22.0,67,14.0,2.64,1.48,1.16,1.48,0.01,0.18,0.4,0.22,0.12,0.34,0.652,0.348,0.0,0.22,0.22,0.21,0.01,0.0,1.0,0.933,0.067,2024-25
1642261,Dalton Knecht,1610612747,LAL,24.0,71,20.4,2.72,1.32,1.39,0.52,0.0,0.17,0.35,0.06,0.2,0.25,0.222,0.778,0.0,0.27,0.27,0.27,0.13,0.0,1.0,1.0,0.474,2024-25
203081,Damian Lillard,1610612749,MIL,34.0,58,36.1,2.64,0.76,1.88,2.97,0.03,0.16,0.33,0.26,0.21,0.47,0.556,0.444,0.0,0.33,0.33,0.31,0.16,0.0,1.0,0.947,0.474,2024-25
1641878,Damion Baugh,1610612766,CHA,24.0,15,24.7,3.4,1.67,1.73,2.4,0.0,0.27,0.67,0.13,0.27,0.4,0.333,0.667,0.13,0.33,0.47,0.47,0.27,0.286,0.714,1.0,0.571,2024-25
1627814,Damion Lee,1610612756,PHX,32.0,14,6.6,0.86,0.07,0.79,0.43,0.0,0.07,0.21,0.14,0.0,0.14,1.0,0.0,0.0,0.14,0.14,0.14,0.07,0.0,1.0,1.0,0.5,2024-25
1629655,Daniel Gafford,1610612742,DAL,26.0,57,21.5,8.32,6.35,1.96,1.42,0.02,2.58,5.86,0.39,0.18,0.56,0.688,0.313,0.63,0.95,1.58,1.53,1.02,0.4,0.6,0.967,0.644,2024-25
1628464,Daniel Theis,1610612740,NOP,33.0,37,16.6,3.43,2.32,1.11,1.35,0.08,2.59,6.19,0.24,0.24,0.49,0.5,0.5,0.43,1.0,1.43,1.38,0.78,0.302,0.698,0.962,0.547,2024-25
1642450,Daniss Jenkins,1610612765,DET,23.0,3,5.2,1.0,0.33,0.67,0.33,0.0,0.0,0.0,0.0,0.0,0.0,0.0,0.0,0.0,0.0,0.0,0.0,0.0,0.0,0.0,0.0,0.0,2024-25
203957,Dante Exum,1610612742,DAL,29.0,20,18.6,2.35,1.25,1.1,0.7,0.1,0.4,1.0,0.05,0.2,0.25,0.2,0.8,0.0,0.1,0.1,0.1,0.1,0.0,1.0,1.0,1.0,2024-25
203967,Dario Saric,1610612743,DEN,31.0,15,13.8,3.93,3.07,0.87,0.93,0.0,1.27,3.13,0.27,0.27,0.53,0.5,0.5,0.2,0.73,0.93,0.93,0.47,0.214,0.786,1.0,0.5,2024-25
1641727,Dariq Whitehead,1610612751,BKN,20.0,15,16.0,2.0,0.6,1.4,0.6,0.0,0.2,0.47,0.0,0.13,0.13,0.0,1.0,0.0,0.13,0.13,0.13,0.07,0.0,1.0,1.0,0.5,2024-25
1629636,Darius Garland,1610612739,CLE,25.0,74,30.9,2.55,1.24,1.31,1.93,0.04,0.23,0.51,0.34,0.19,0.53,0.641,0.359,0.0,0.09,0.09,0.08,0.03,0.0,1.0,0.857,0.286,2024-25
1630561,David Duke Jr.,1610612759,SAS,25.0,4,6.6,0.25,0.0,0.25,0.25,0.0,0.0,0.0,0.25,0.5,0.75,0.333,0.667,0.0,0.5,0.5,0.5,0.25,0.0,1.0,1.0,0.5,2024-25
1631223,David Roddy,1610612745,HOU,24.0,30,13.5,2.6,1.53,1.07,0.7,0.0,0.3,0.8,0.1,0.13,0.23,0.429,0.571,0.03,0.3,0.33,0.33,0.13,0.1,0.9,1.0,0.4,2024-25
1630558,Davion Mitchell,1610612748,MIA,26.0,71,28.1,2.38,0.79,1.59,1.93,0.14,0.32,0.75,0.18,0.38,0.56,0.325,0.675,0.0,0.32,0.32,0.32,0.04,0.0,1.0,1.0,0.13,2024-25
1630549,Day'Ron Sharpe,1610612751,BKN,23.0,50,18.1,4.28,3.0,1.28,1.46,0.02,1.98,4.32,0.26,0.16,0.42,0.619,0.381,0.72,1.06,1.78,1.74,1.18,0.404,0.596,0.989,0.67,2024-25
1628368,De'Aaron Fox,1610612759,SAS,27.0,62,36.1,4.53,1.48,3.05,3.11,0.02,0.27,0.63,0.35,0.31,0.66,0.537,0.463,0.0,0.24,0.24,0.24,0.08,0.0,1.0,1.0,0.333,2024-25
1629631,De'Andre Hunter,1610612739,CLE,27.0,64,27.2,4.0,1.66,2.34,1.36,0.0,0.41,1.03,0.2,0.25,0.45,0.448,0.552,0.08,0.66,0.73,0.7,0.33,0.106,0.894,0.957,0.447,2024-25
1629001,De'Anthony Melton,1610612751,BKN,27.0,6,20.2,1.17,0.5,0.67,2.5,0.0,0.33,0.67,0.33,0.17,0.5,0.667,0.333,0.17,0.17,0.33,0.33,0.33,0.5,0.5,1.0,1.0,2024-25
201599,DeAndre Jordan,1610612743,DEN,36.0,56,12.3,2.36,1.77,0.59,0.52,0.0,1.93,4.38,0.14,0.05,0.2,0.727,0.273,0.55,0.68,1.23,1.2,1.0,0.449,0.551,0.971,0.812,2024-25
201942,DeMar DeRozan,1610612758,SAC,35.0,77,35.9,3.35,1.48,1.87,1.73,0.05,0.19,0.45,0.19,0.25,0.44,0.441,0.559,0.01,0.49,0.51,0.51,0.16,0.026,0.974,1.0,0.308,2024-25
1629731,Dean Wade,1610612739,CLE,28.0,58,21.5,4.29,3.22,1.07,1.83,0.0,0.79,1.86,0.16,0.22,0.38,0.409,0.591,0.03,0.84,0.88,0.86,0.33,0.039,0.961,0.98,0.373,2024-25
1629028,Deandre Ayton,1610612757,POR,26.0,40,30.1,7.78,5.15,2.63,1.35,0.0,4.1,9.5,0.38,0.03,0.4,0.938,0.063,0.35,1.15,1.5,1.45,1.0,0.233,0.767,0.967,0.667,2024-25
1627749,Dejounte Murray,1610612740,NOP,28.0,31,32.7,3.45,1.65,1.81,3.48,0.0,0.23,0.58,0.13,0.39,0.52,0.25,0.75,0.03,0.26,0.29,0.29,0.19,0.111,0.889,1.0,0.667,2024-25
1626153,Delon Wright,1610612752,NYK,33.0,37,17.0,1.7,0.89,0.81,1.81,0.03,0.11,0.3,0.14,0.22,0.35,0.385,0.615,0.0,0.03,0.03,0.03,0.0,0.0,1.0,1.0,0.0,2024-25
1630166,Deni Avdija,1610612757,POR,24.0,72,30.0,5.32,3.35,1.97,1.71,0.0,0.25,0.6,0.36,0.26,0.63,0.578,0.422,0.06,0.33,0.39,0.38,0.15,0.143,0.857,0.964,0.393,2024-25
203471,Dennis Schröder,1610612765,DET,31.0,75,28.1,2.83,1.37,1.45,1.83,0.11,0.23,0.51,0.33,0.36,0.69,0.481,0.519,0.0,0.23,0.23,0.21,0.05,0.0,1.0,1.0,0.25,2024-25
1641726,Dereck Lively II,1610612742,DAL,21.0,36,23.1,9.17,7.06,2.11,1.56,0.0,2.72,6.36,0.33,0.03,0.36,0.923,0.077,0.56,1.11,1.67,1.64,1.08,0.333,0.667,1.0,0.661,2024-25
1627884,Derrick Jones Jr.,1610612746,LAC,28.0,77,24.3,3.13,1.69,1.44,1.83,0.0,0.73,1.75,0.3,0.23,0.53,0.561,0.439,0.01,0.53,0.55,0.53,0.21,0.024,0.976,0.976,0.381,2024-25
1628401,Derrick White,1610612738,BOS,30.0,76,33.9,6.97,4.14,2.83,2.08,0.12,0.36,0.87,0.36,0.41,0.76,0.466,0.534,0.01,0.11,0.12,0.11,0.01,0.111,0.889,0.889,0.111,2024-25
1630217,Desmond Bane,1610612753,ORL,27.0,69,32.0,3.96,2.09,1.87,1.84,0.0,0.17,0.38,0.36,0.36,0.72,0.5,0.5,0.06,0.41,0.46,0.43,0.22,0.125,0.875,0.938,0.469,2024-25
1626164,Devin Booker,1610612756,PHX,28.0,75,37.3,3.31,1.84,1.47,1.51,0.03,0.4,0.88,0.49,0.35,0.84,0.587,0.413,0.03,0.49,0.52,0.51,0.13,0.051,0.949,0.974,0.256,2024-25
1642269,Devin Carter,1610612758,SAC,23.0,33,11.7,1.7,0.79,0.91,1.12,0.06,0.0,0.0,0.21,0.09,0.3,0.7,0.3,0.0,0.06,0.06,0.06,0.06,0.0,1.0,1.0,1.0,2024-25
1630170,Devin Vassell,1610612759,SAS,24.0,64,31.0,3.3,1.88,1.42,2.28,0.0,0.11,0.22,0.28,0.36,0.64,0.439,0.561,0.0,0.14,0.14,0.14,0.09,0.0,1.0,1.0,0.667,2024-25
1628415,Dillon Brooks,1610612745,HOU,29.0,75,31.8,3.77,2.05,1.72,1.88,0.05,0.65,1.48,0.12,0.16,0.28,0.429,0.571,0.08,0.53,0.61,0.61,0.31,0.13,0.87,1.0,0.5,2024-25
1641794,Dillon Jones,1610612760,OKC,23.0,47,11.3,1.34,0.74,0.6,1.02,0.0,0.28,0.6,0.11,0.15,0.26,0.417,0.583,0.06,0.26,0.32,0.32,0.19,0.2,0.8,1.0,0.6,2024-25
1627734,Domantas Sabonis,1610612758,SAC,29.0,70,34.7,7.31,5.61,1.7,1.8,0.0,5.99,13.43,0.4,0.3,0.7,0.571,0.429,1.13,1.86,2.99,2.93,2.13,0.378,0.622,0.981,0.713,2024-25
1631230,Dominick Barlow,1610612737,ATL,22.0,32,11.5,4.13,3.0,1.13,0.94,0.0,1.5,3.34,0.13,0.19,0.31,0.4,0.6,0.0,0.22,0.22,0.22,0.09,0.0,1.0,1.0,0.429,2024-25
1642270,Donovan Clingan,1610612757,POR,21.0,67,19.8,9.72,7.25,2.46,1.09,0.0,2.73,6.43,0.13,0.1,0.24,0.563,0.438,0.6,0.67,1.27,1.25,0.87,0.471,0.529,0.988,0.682,2024-25
1628378,Donovan Mitchell,1610612739,CLE,28.0,70,31.6,2.76,1.14,1.61,2.41,0.04,0.17,0.37,0.41,0.4,0.81,0.509,0.491,0.01,0.43,0.44,0.43,0.17,0.032,0.968,0.968,0.387,2024-25
1628978,Donte DiVincenzo,1610612750,MIN,28.0,62,25.9,2.69,1.31,1.39,2.5,0.03,0.35,1.0,0.19,0.39,0.58,0.333,0.667,0.02,0.23,0.24,0.23,0.11,0.067,0.933,0.933,0.467,2024-25
1627827,Dorian Finney-Smith,1610612747,LAL,32.0,63,28.9,4.51,2.92,1.59,1.63,0.02,1.02,2.48,0.17,0.27,0.44,0.393,0.607,0.1,0.68,0.78,0.76,0.27,0.122,0.878,0.98,0.347,2024-25
203926,Doug McDermott,1610612758,SAC,33.0,31,9.6,1.84,0.9,0.94,0.29,0.0,0.23,0.45,0.0,0.0,0.0,0.0,0.0,0.0,0.13,0.13,0.13,0.0,0.0,1.0,1.0,0.0,2024-25
203110,Draymond Green,1610612744,GSW,35.0,68,29.2,9.1,5.5,3.6,2.65,0.21,1.82,4.82,0.32,0.34,0.66,0.489,0.511,0.15,1.43,1.57,1.53,0.91,0.093,0.907,0.972,0.579,2024-25
1629234,Drew Eubanks,1610612746,LAC,28.0,58,12.8,3.59,2.59,1.0,0.66,0.02,1.6,4.0,0.12,0.03,0.16,0.778,0.222,0.21,0.5,0.71,0.67,0.36,0.293,0.707,0.951,0.512,2024-25
1641809,Drew Peterson,1610612738,BOS,25.0,19,9.2,1.0,0.53,0.47,0.89,0.0,0.16,0.42,0.0,0.16,0.16,0.0,1.0,0.0,0.37,0.37,0.37,0.05,0.0,1.0,1.0,0.143,2024-25
1631166,Drew Timme,1610612751,BKN,24.0,9,28.2,5.89,3.44,2.44,1.22,0.22,1.44,3.67,0.11,0.22,0.33,0.333,0.667,0.33,1.22,1.56,1.56,0.89,0.214,0.786,1.0,0.571,2024-25
1630696,Dru Smith,1610612748,MIA,27.0,14,19.2,3.14,1.71,1.43,3.29,0.29,0.21,0.57,0.29,0.43,0.71,0.4,0.6,0.0,0.21,0.21,0.21,0.14,0.0,1.0,1.0,0.667,2024-25
1629130,Duncan Robinson,1610612748,MIA,31.0,72,24.4,2.76,1.5,1.26,1.39,0.11,0.72,1.58,0.08,0.18,0.26,0.316,0.684,0.0,0.4,0.4,0.36,0.11,0.0,1.0,0.897,0.276,2024-25
1641871,Duop Reath,1610612757,POR,29.0,39,11.5,4.15,3.05,1.1,0.51,0.0,1.0,2.41,0.1,0.08,0.18,0.571,0.429,0.15,0.41,0.56,0.54,0.15,0.273,0.727,0.955,0.273,2024-25
203939,Dwight Powell,1610612742,DAL,33.0,48,11.3,4.04,2.98,1.06,0.94,0.06,1.56,3.54,0.15,0.06,0.21,0.7,0.3,0.13,0.52,0.65,0.65,0.19,0.194,0.806,1.0,0.29,2024-25
1630700,Dyson Daniels,1610612737,ATL,22.0,76,33.8,6.07,3.21,2.86,5.89,0.0,0.43,1.03,0.45,0.59,1.04,0.43,0.57,0.07,0.26,0.33,0.32,0.17,0.2,0.8,0.96,0.52,2024-25
1630604,E.J. Liddell,1610612741,CHI,24.0,8,5.8,1.63,1.25,0.38,0.25,0.0,0.38,0.88,0.13,0.0,0.13,1.0,0.0,0.0,0.25,0.25,0.25,0.25,0.0,1.0,1.0,1.0,2024-25
203901,Elfrid Payton,1610612740,NOP,31.0,23,21.2,1.91,1.22,0.7,1.83,0.0,0.22,0.57,0.09,0.09,0.17,0.5,0.5,0.0,0.26,0.26,0.26,0.13,0.0,1.0,1.0,0.5,2024-25
1641989,Elijah Harkless,1610612762,UTA,25.0,8,15.7,2.38,1.13,1.25,2.0,0.13,0.25,0.63,0.25,0.25,0.5,0.5,0.5,0.0,0.38,0.38,0.38,0.13,0.0,1.0,1.0,0.333,2024-25
1641801,Emanuel Miller,1610612741,CHI,25.0,3,5.8,1.0,0.33,0.67,0.33,0.0,0.0,0.0,0.0,0.0,0.0,0.0,0.0,0.33,0.0,0.33,0.33,0.33,1.0,0.0,1.0,1.0,2024-25
1641734,Emoni Bates,1610612739,CLE,21.0,6,10.3,1.33,1.0,0.33,0.33,0.0,0.5,1.33,0.17,0.0,0.17,1.0,0.0,0.0,0.33,0.33,0.33,0.0,0.0,1.0,1.0,0.0,2024-25
1642402,Enrique Freeman,1610612754,IND,24.0,18,9.5,2.61,1.5,1.11,0.39,0.0,0.56,1.17,0.11,0.0,0.11,1.0,0.0,0.06,0.44,0.5,0.5,0.17,0.111,0.889,1.0,0.333,2024-25
201569,Eric Gordon,1610612755,PHI,36.0,37,20.3,1.68,0.7,0.97,1.35,0.0,0.35,0.84,0.14,0.14,0.27,0.5,0.5,0.0,0.24,0.24,0.24,0.0,0.0,1.0,1.0,0.0,2024-25
1630596,Evan Mobley,1610612739,CLE,24.0,71,30.5,10.48,7.21,3.27,1.72,0.0,2.31,5.55,0.49,0.31,0.8,0.614,0.386,0.3,1.34,1.63,1.58,1.08,0.181,0.819,0.966,0.664,2024-25
1630532,Franz Wagner,1610612753,ORL,23.0,60,33.7,4.3,2.38,1.92,2.23,0.08,0.33,0.78,0.23,0.43,0.67,0.35,0.65,0.03,0.42,0.45,0.43,0.27,0.074,0.926,0.963,0.593,2024-25
1627832,Fred VanVleet,1610612745,HOU,31.0,60,35.2,2.73,1.15,1.58,3.07,0.02,0.77,1.7,0.32,0.43,0.75,0.422,0.578,0.0,0.47,0.47,0.47,0.18,0.0,1.0,1.0,0.393,2024-25
1641713,GG Jackson,1610612763,MEM,20.0,27,16.6,2.85,1.63,1.22,0.89,0.0,0.22,0.44,0.22,0.15,0.37,0.6,0.4,0.04,0.19,0.22,0.22,0.11,0.167,0.833,1.0,0.5,2024-25
1629216,Gabe Vincent,1610612747,LAL,29.0,72,21.2,2.89,1.67,1.22,1.43,0.17,0.25,0.6,0.17,0.25,0.42,0.4,0.6,0.01,0.38,0.39,0.35,0.03,0.036,0.964,0.893,0.071,2024-25
202066,Garrett Temple,1610612761,TOR,39.0,19,10.7,1.58,0.89,0.68,2.0,0.05,0.21,0.47,0.11,0.11,0.21,0.5,0.5,0.0,0.11,0.11,0.11,0.0,0.0,1.0,1.0,0.0,2024-25
1629726,Garrison Mathews,1610612737,ATL,28.0,42,19.1,3.02,1.6,1.43,1.05,0.24,0.17,0.38,0.19,0.1,0.29,0.667,0.333,0.02,0.29,0.31,0.31,0.12,0.077,0.923,1.0,0.385,2024-25
203914,Gary Harris,1610612753,ORL,30.0,44,15.1,1.45,0.64,0.82,1.61,0.0,0.36,0.91,0.23,0.14,0.36,0.625,0.375,0.0,0.2,0.2,0.16,0.02,0.0,1.0,0.778,0.111,2024-25
1627780,Gary Payton II,1610612744,GSW,32.0,61,15.1,1.75,0.98,0.77,2.11,0.0,0.56,1.43,0.26,0.25,0.51,0.516,0.484,0.03,0.33,0.36,0.36,0.13,0.091,0.909,1.0,0.364,2024-25
1629018,Gary Trent Jr.,1610612749,MIL,26.0,73,25.6,1.47,0.45,1.01,2.19,0.0,0.15,0.37,0.1,0.16,0.26,0.368,0.632,0.01,0.07,0.08,0.08,0.03,0.167,0.833,1.0,0.333,2024-25
1627777,Georges Niang,1610612737,ATL,32.0,78,21.6,2.83,1.58,1.26,0.95,0.04,0.99,2.44,0.22,0.14,0.36,0.607,0.393,0.03,0.77,0.79,0.78,0.27,0.032,0.968,0.984,0.339,2024-25
203507,Giannis Antetokounmpo,1610612749,MIL,30.0,67,34.2,5.37,2.96,2.42,1.58,0.0,2.18,5.16,0.48,0.18,0.66,0.727,0.273,0.25,0.64,0.9,0.85,0.67,0.283,0.717,0.95,0.75,2024-25
1629048,Goga Bitadze,1610612753,ORL,25.0,70,20.4,6.39,4.39,2.0,1.67,0.0,2.37,5.34,0.19,0.2,0.39,0.481,0.519,0.61,0.93,1.54,1.51,1.0,0.398,0.602,0.981,0.648,2024-25
1641711,Gradey Dick,1610612761,TOR,21.0,54,29.4,1.94,0.8,1.15,2.0,0.11,0.31,0.65,0.3,0.31,0.61,0.485,0.515,0.0,0.26,0.26,0.26,0.11,0.0,1.0,1.0,0.429,2024-25
1629684,Grant Williams,1610612766,CHA,26.0,16,29.9,7.75,5.13,2.63,1.63,0.31,2.38,6.25,0.25,0.44,0.69,0.364,0.636,0.31,1.94,2.25,2.25,0.69,0.139,0.861,1.0,0.306,2024-25
1628960,Grayson Allen,1610612756,PHX,29.0,63,24.3,2.92,1.46,1.46,1.38,0.02,0.33,0.73,0.27,0.32,0.59,0.459,0.541,0.0,0.4,0.4,0.4,0.14,0.0,1.0,1.0,0.36,2024-25
1627824,Guerschon Yabusele,1610612755,PHI,29.0,70,27.1,3.64,2.46,1.19,1.93,0.11,2.37,5.73,0.2,0.34,0.54,0.368,0.632,0.66,0.97,1.63,1.6,0.89,0.404,0.596,0.982,0.544,2024-25
1630611,Gui Santos,1610612744,GSW,23.0,52,14.4,3.08,1.67,1.4,1.19,0.0,0.25,0.65,0.23,0.23,0.46,0.5,0.5,0.1,0.65,0.75,0.75,0.31,0.128,0.872,1.0,0.41,2024-25
203084,Harrison Barnes,1610612759,SAS,33.0,81,27.3,3.94,2.06,1.88,1.0,0.01,0.58,1.4,0.23,0.2,0.43,0.543,0.457,0.11,0.68,0.79,0.78,0.35,0.141,0.859,0.984,0.438,2024-25
1631127,Harrison Ingram,1610612759,SAS,22.0,5,7.0,1.2,0.8,0.4,2.6,0.0,0.4,1.2,0.0,0.2,0.2,0.0,1.0,0.0,0.0,0.0,0.0,0.0,0.0,0.0,0.0,0.0,2024-25
1629312,Haywood Highsmith,1610612748,MIA,28.0,74,24.6,5.0,2.57,2.43,2.27,0.0,0.54,1.3,0.22,0.2,0.42,0.516,0.484,0.15,0.39,0.54,0.49,0.23,0.275,0.725,0.9,0.425,2024-25
1630529,Herbert Jones,1610612740,NOP,26.0,20,32.4,5.4,2.35,3.05,4.55,0.2,0.9,2.2,0.2,0.25,0.45,0.444,0.556,0.0,1.0,1.0,0.95,0.2,0.0,1.0,0.95,0.2,2024-25
1641816,Hunter Tyson,1610612743,DEN,25.0,40,9.3,2.0,1.0,1.0,0.53,0.03,0.23,0.48,0.1,0.18,0.28,0.364,0.636,0.05,0.15,0.2,0.2,0.08,0.25,0.75,1.0,0.375,2024-25
1630193,Immanuel Quickley,1610612761,TOR,26.0,32,27.8,3.03,1.47,1.56,1.53,0.0,0.34,0.75,0.03,0.31,0.34,0.091,0.909,0.0,0.28,0.28,0.25,0.06,0.0,1.0,0.889,0.222,2024-25
1642403,Isaac Jones,1610612758,SAC,24.0,33,8.8,2.82,1.97,0.85,0.61,0.0,0.67,1.58,0.12,0.03,0.15,0.8,0.2,0.03,0.3,0.33,0.33,0.09,0.091,0.909,1.0,0.273,2024-25
1630171,Isaac Okoro,1610612739,CLE,24.0,54,19.4,3.28,1.76,1.52,0.89,0.04,0.69,1.8,0.24,0.24,0.48,0.5,0.5,0.06,0.5,0.56,0.52,0.22,0.1,0.9,0.933,0.4,2024-25
1642268,Isaiah Collier,1610612762,UTA,20.0,69,26.3,2.81,0.87,1.94,1.57,0.06,0.36,0.94,0.16,0.35,0.51,0.314,0.686,0.0,0.1,0.1,0.1,0.04,0.0,1.0,1.0,0.429,2024-25
1642384,Isaiah Crawford,1610612758,SAC,23.0,8,3.7,0.75,0.63,0.13,0.5,0.0,0.13,0.25,0.0,0.0,0.0,0.0,0.0,0.0,0.5,0.5,0.5,0.38,0.0,1.0,1.0,0.75,2024-25
1628392,Isaiah Hartenstein,1610612760,OKC,27.0,57,27.9,8.49,5.98,2.51,2.32,0.0,4.33,9.58,0.25,0.28,0.53,0.467,0.533,0.49,2.14,2.63,2.58,1.81,0.187,0.813,0.987,0.691,2024-25
1630543,Isaiah Jackson,1610612754,IND,23.0,5,16.8,5.2,3.8,1.4,1.2,0.0,1.8,4.2,0.2,0.2,0.4,0.5,0.5,0.2,0.4,0.6,0.6,0.4,0.333,0.667,1.0,0.667,2024-25
1630198,Isaiah Joe,1610612760,OKC,25.0,74,21.7,2.57,1.14,1.43,1.38,0.23,0.46,1.01,0.16,0.36,0.53,0.308,0.692,0.0,0.23,0.23,0.23,0.04,0.0,1.0,1.0,0.176,2024-25
1630600,Isaiah Mobley,1610612755,PHI,25.0,1,17.4,10.0,7.0,3.0,2.0,0.0,2.0,6.0,0.0,0.0,0.0,0.0,0.0,0.0,0.0,0.0,0.0,0.0,0.0,0.0,0.0,0.0,2024-25
1641815,Isaiah Stevens,1610612748,MIA,24.0,1,2.0,0.0,0.0,0.0,1.0,0.0,0.0,0.0,0.0,0.0,0.0,0.0,0.0,0.0,0.0,0.0,0.0,0.0,0.0,0.0,0.0,0.0,2024-25
1630191,Isaiah Stewart,1610612765,DET,24.0,72,19.9,8.74,6.71,2.03,0.68,0.0,2.81,6.96,0.19,0.18,0.38,0.519,0.481,0.6,1.01,1.61,1.57,1.04,0.371,0.629,0.974,0.647,2024-25
1631209,Isaiah Wong,1610612766,CHA,24.0,17,14.8,1.59,0.71,0.88,1.53,0.06,0.18,0.35,0.35,0.24,0.59,0.6,0.4,0.0,0.06,0.06,0.06,0.0,0.0,1.0,1.0,0.0,2024-25
1627826,Ivica Zubac,1610612746,LAC,28.0,80,32.8,10.01,7.7,2.31,1.13,0.0,3.45,7.9,0.15,0.29,0.44,0.343,0.657,0.93,1.68,2.6,2.53,1.74,0.356,0.644,0.971,0.668,2024-25
1631120,JD Davison,1610612738,BOS,22.0,10,7.4,0.6,0.3,0.3,0.8,0.0,0.1,0.3,0.0,0.1,0.1,0.0,1.0,0.0,0.2,0.2,0.2,0.1,0.0,1.0,1.0,0.5,2024-25
1630550,JT Thor,1610612764,WAS,22.0,17,14.1,2.76,1.59,1.18,0.94,0.0,0.29,0.65,0.06,0.18,0.24,0.25,0.75,0.18,0.29,0.47,0.47,0.35,0.375,0.625,1.0,0.75,2024-25
1629630,Ja Morant,1610612763,MEM,25.0,50,30.4,2.08,1.04,1.04,2.26,0.1,0.08,0.22,0.22,0.36,0.58,0.379,0.621,0.0,0.28,0.28,0.28,0.12,0.0,1.0,1.0,0.429,2024-25
1642266,Ja'Kobe Walter,1610612761,TOR,20.0,50,21.9,2.58,1.0,1.58,1.8,0.08,0.36,0.84,0.22,0.3,0.52,0.423,0.577,0.04,0.22,0.26,0.26,0.1,0.154,0.846,1.0,0.385,2024-25
1631095,Jabari Smith Jr.,1610612745,HOU,22.0,57,30.1,5.28,3.42,1.86,1.26,0.0,0.6,1.42,0.25,0.21,0.46,0.538,0.462,0.3,0.58,0.88,0.86,0.49,0.34,0.66,0.98,0.56,2024-25
1631133,Jabari Walker,1610612757,POR,22.0,47,14.9,2.11,0.94,1.17,1.0,0.02,0.85,1.94,0.19,0.23,0.43,0.45,0.55,0.19,0.3,0.49,0.49,0.34,0.391,0.609,1.0,0.696,2024-25
1629098,Jack McVeigh,1610612745,HOU,29.0,5,6.8,2.4,1.6,0.8,0.0,0.0,0.2,0.4,0.0,0.2,0.2,0.0,1.0,0.0,0.0,0.0,0.0,0.0,0.0,0.0,0.0,0.0,2024-25
1642050,Jackson Rowe,1610612744,GSW,28.0,4,11.7,1.5,1.0,0.5,1.5,0.0,0.25,0.5,0.0,0.0,0.0,0.0,0.0,0.25,1.0,1.25,1.25,0.5,0.2,0.8,1.0,0.4,2024-25
1631210,Jacob Toppin,1610612737,ATL,25.0,9,6.5,1.44,0.78,0.67,0.56,0.0,0.11,0.22,0.0,0.0,0.0,0.0,0.0,0.0,0.33,0.33,0.33,0.22,0.0,1.0,1.0,0.667,2024-25
1630702,Jaden Hardy,1610612742,DAL,22.0,47,17.9,1.49,0.81,0.68,0.96,0.04,0.09,0.19,0.26,0.28,0.53,0.48,0.52,0.0,0.23,0.23,0.23,0.11,0.0,1.0,1.0,0.455,2024-25
1631093,Jaden Ivey,1610612765,DET,23.0,30,29.9,3.27,1.8,1.47,1.63,0.0,0.4,0.9,0.7,0.2,0.9,0.778,0.222,0.03,0.33,0.37,0.37,0.13,0.091,0.909,1.0,0.364,2024-25
1630183,Jaden McDaniels,1610612750,MIN,24.0,82,31.9,5.93,3.5,2.43,2.66,0.01,0.39,0.96,0.44,0.29,0.73,0.6,0.4,0.07,0.33,0.4,0.4,0.23,0.182,0.818,1.0,0.576,2024-25
1630531,Jaden Springer,1610612762,UTA,22.0,28,11.7,0.89,0.36,0.54,1.57,0.0,0.14,0.32,0.11,0.18,0.29,0.375,0.625,0.0,0.25,0.25,0.25,0.14,0.0,1.0,1.0,0.571,2024-25
203109,Jae Crowder,1610612758,SAC,34.0,7,12.3,1.71,0.29,1.43,0.71,0.0,0.14,0.29,0.0,0.29,0.29,0.0,1.0,0.0,0.29,0.29,0.29,0.0,0.0,1.0,1.0,0.0,2024-25
1630256,Jae'Sean Tate,1610612745,HOU,29.0,47,12.3,2.11,0.91,1.19,1.28,0.17,0.47,1.17,0.17,0.09,0.26,0.667,0.333,0.09,0.45,0.53,0.53,0.23,0.16,0.84,1.0,0.44,2024-25
1626143,Jahlil Okafor,1610612754,IND,29.0,1,3.4,2.0,1.0,1.0,0.0,0.0,0.0,0.0,0.0,1.0,1.0,0.0,1.0,0.0,0.0,0.0,0.0,0.0,0.0,0.0,0.0,0.0,2024-25
1642443,Jahmir Young,1610612741,CHI,24.0,3,5.4,1.33,0.33,1.0,0.33,0.0,0.0,0.0,0.0,0.0,0.0,0.0,0.0,0.0,0.0,0.0,0.0,0.0,0.0,0.0,0.0,0.0,2024-25
1631170,Jaime Jaquez Jr.,1610612748,MIA,24.0,65,21.0,3.14,1.78,1.35,1.71,0.0,0.26,0.63,0.23,0.34,0.57,0.405,0.595,0.09,0.45,0.54,0.52,0.28,0.171,0.829,0.971,0.514,2024-25
1631222,Jake LaRavia,1610612758,SAC,23.0,64,20.6,2.97,1.38,1.59,2.19,0.0,0.22,0.48,0.27,0.41,0.67,0.395,0.605,0.03,0.23,0.27,0.27,0.16,0.118,0.882,1.0,0.588,2024-25
1627751,Jakob Poeltl,1610612761,TOR,29.0,57,29.6,8.91,6.56,2.35,2.7,0.02,3.89,8.63,0.32,0.3,0.61,0.514,0.486,0.54,1.49,2.04,2.0,1.26,0.267,0.733,0.991,0.626,2024-25
1641779,Jalen Bridges,1610612756,PHX,24.0,4,3.4,0.0,0.0,0.0,0.25,0.0,0.25,0.5,0.0,0.0,0.0,0.0,0.0,0.0,0.5,0.5,0.5,0.25,0.0,1.0,1.0,0.5,2024-25
1628973,Jalen Brunson,1610612752,NYK,28.0,65,35.4,3.35,1.23,2.12,1.46,0.31,0.28,0.58,0.35,0.32,0.68,0.523,0.477,0.02,0.31,0.32,0.32,0.15,0.048,0.952,1.0,0.476,2024-25
1631105,Jalen Duren,1610612765,DET,21.0,78,26.1,8.04,5.86,2.18,1.41,0.0,3.63,8.49,0.15,0.21,0.36,0.429,0.571,0.96,1.31,2.27,2.24,1.72,0.424,0.576,0.994,0.761,2024-25
1630224,Jalen Green,1610612745,HOU,23.0,82,32.9,4.18,2.63,1.55,1.23,0.01,0.1,0.22,0.21,0.18,0.39,0.531,0.469,0.0,0.16,0.16,0.16,0.06,0.0,1.0,1.0,0.385,2024-25
1641720,Jalen Hood-Schifino,1610612755,PHI,22.0,15,21.0,2.13,1.13,1.0,1.07,0.0,0.27,0.67,0.13,0.13,0.27,0.5,0.5,0.0,0.2,0.2,0.2,0.07,0.0,1.0,1.0,0.333,2024-25
1630552,Jalen Johnson,1610612737,ATL,23.0,36,35.7,5.42,3.17,2.25,2.67,0.0,0.92,2.19,0.25,0.33,0.58,0.429,0.571,0.06,0.61,0.67,0.67,0.56,0.083,0.917,1.0,0.833,2024-25
1629667,Jalen McDaniels,1610612758,SAC,27.0,1,6.2,5.0,3.0,2.0,1.0,0.0,0.0,0.0,0.0,0.0,0.0,0.0,0.0,0.0,0.0,0.0,0.0,0.0,0.0,0.0,0.0,0.0,2024-25
1629618,Jalen Pickett,1610612743,DEN,25.0,37,17.0,2.27,0.68,1.59,0.89,0.0,0.51,1.3,0.14,0.14,0.27,0.5,0.5,0.08,0.41,0.49,0.49,0.19,0.167,0.833,1.0,0.389,2024-25
1630188,Jalen Smith,1610612741,CHI,25.0,61,15.6,4.08,3.05,1.03,0.39,0.05,1.28,2.92,0.15,0.15,0.3,0.5,0.5,0.23,0.85,1.08,1.08,0.64,0.212,0.788,1.0,0.591,2024-25
1630591,Jalen Suggs,1610612753,ORL,24.0,35,28.6,3.37,2.03,1.34,2.97,0.17,0.26,0.69,0.26,0.51,0.77,0.333,0.667,0.06,0.26,0.31,0.31,0.17,0.182,0.818,1.0,0.545,2024-25
1631114,Jalen Williams,1610612760,OKC,24.0,69,32.4,4.26,2.77,1.49,3.54,0.06,0.16,0.41,0.36,0.54,0.9,0.403,0.597,0.03,0.7,0.72,0.72,0.38,0.04,0.96,1.0,0.52,2024-25
1630592,Jalen Wilson,1610612751,BKN,24.0,77,25.6,2.99,1.53,1.45,0.83,0.0,0.29,0.68,0.21,0.22,0.43,0.485,0.515,0.1,0.73,0.83,0.83,0.34,0.125,0.875,1.0,0.406,2024-25
1631288,Jamal Cain,1610612740,NOP,26.0,33,14.9,2.39,1.33,1.06,1.52,0.0,0.27,0.67,0.21,0.15,0.36,0.583,0.417,0.03,0.09,0.12,0.09,0.03,0.25,0.75,0.75,0.25,2024-25
1627750,Jamal Murray,1610612743,DEN,28.0,67,36.1,5.69,3.21,2.48,2.34,0.01,0.34,0.82,0.36,0.34,0.7,0.511,0.489,0.0,0.27,0.27,0.25,0.09,0.0,1.0,0.944,0.333,2024-25
1642347,Jamal Shead,1610612761,TOR,22.0,70,20.3,1.67,0.67,1.0,1.73,0.11,0.11,0.26,0.11,0.24,0.36,0.32,0.68,0.0,0.16,0.16,0.16,0.04,0.0,1.0,1.0,0.273,2024-25
1631123,Jamaree Bouyea,1610612749,MIL,26.0,4,14.8,2.5,1.25,1.25,2.0,0.0,0.25,0.75,0.5,0.0,0.5,1.0,0.0,0.0,0.0,0.0,0.0,0.0,0.0,0.0,0.0,0.0,2024-25
201935,James Harden,1610612746,LAC,35.0,79,35.3,3.03,1.22,1.81,2.57,0.03,0.05,0.1,0.35,0.43,0.78,0.452,0.548,0.03,0.44,0.47,0.46,0.19,0.054,0.946,1.0,0.417,2024-25
201949,James Johnson,1610612754,IND,38.0,5,3.4,1.2,0.6,0.6,0.0,0.0,0.2,0.4,0.0,0.0,0.0,0.0,0.0,0.0,0.2,0.2,0.2,0.0,0.0,1.0,1.0,0.0,2024-25
1630164,James Wiseman,1610612754,IND,24.0,1,4.6,2.0,2.0,0.0,0.0,0.0,0.0,0.0,0.0,0.0,0.0,0.0,0.0,0.0,0.0,0.0,0.0,0.0,0.0,0.0,0.0,0.0,2024-25
1642419,Jamison Battle,1610612761,TOR,24.0,56,18.5,2.59,1.45,1.14,0.59,0.02,0.2,0.48,0.16,0.11,0.27,0.6,0.4,0.04,0.14,0.18,0.18,0.13,0.2,0.8,1.0,0.7,2024-25
1641716,Jarace Walker,1610612754,IND,21.0,66,17.1,2.27,1.21,1.06,1.64,0.0,0.08,0.15,0.06,0.12,0.18,0.333,0.667,0.03,0.2,0.23,0.21,0.15,0.133,0.867,1.0,0.714,2024-25
1630215,Jared Butler,1610612755,PHI,24.0,52,19.2,2.65,1.13,1.52,1.73,0.04,0.06,0.13,0.15,0.25,0.4,0.381,0.619,0.0,0.25,0.25,0.25,0.06,0.0,1.0,1.0,0.231,2024-25
1642272,Jared McCain,1610612755,PHI,21.0,20,28.3,2.45,1.1,1.35,1.35,0.0,0.15,0.35,0.3,0.25,0.55,0.545,0.455,0.0,0.35,0.35,0.35,0.05,0.0,1.0,1.0,0.143,2024-25
1631197,Jared Rhoden,1610612761,TOR,25.0,9,24.0,3.78,1.89,1.89,1.78,0.0,0.33,0.89,0.0,0.0,0.0,0.0,0.0,0.0,0.11,0.11,0.11,0.11,0.0,1.0,1.0,1.0,2024-25
1628991,Jaren Jackson Jr.,1610612763,MEM,25.0,73,30.2,8.07,5.79,2.27,2.82,0.0,0.66,1.59,0.4,0.41,0.81,0.492,0.508,0.05,0.79,0.85,0.82,0.37,0.065,0.935,0.968,0.435,2024-25
1629020,Jarred Vanderbilt,1610612747,LAL,26.0,36,16.1,2.36,1.69,0.67,2.06,0.0,1.08,2.67,0.31,0.17,0.47,0.647,0.353,0.22,0.31,0.53,0.53,0.44,0.421,0.579,1.0,0.842,2024-25
1628386,Jarrett Allen,1610612739,CLE,27.0,81,28.3,9.48,7.56,1.93,1.79,0.01,3.85,9.0,0.31,0.28,0.59,0.521,0.479,0.37,1.33,1.7,1.69,1.07,0.217,0.783,0.993,0.63,2024-25
1629750,Javonte Green,1610612739,CLE,31.0,63,19.5,2.56,1.37,1.19,2.56,0.02,0.48,1.16,0.27,0.22,0.49,0.548,0.452,0.03,0.22,0.25,0.25,0.11,0.125,0.875,1.0,0.438,2024-25
1629637,Jaxson Hayes,1610612747,LAL,25.0,56,19.5,5.91,4.2,1.71,1.36,0.02,2.16,5.36,0.29,0.2,0.48,0.593,0.407,0.25,0.84,1.09,1.07,0.54,0.23,0.77,0.984,0.492,2024-25
1630643,Jay Huff,1610612763,MEM,27.0,58,12.8,5.71,4.0,1.71,0.4,0.0,0.28,0.71,0.09,0.03,0.12,0.714,0.286,0.03,0.79,0.83,0.79,0.29,0.042,0.958,0.958,0.354,2024-25
1627759,Jaylen Brown,1610612738,BOS,28.0,63,34.3,4.3,1.92,2.38,1.78,0.05,0.3,0.84,0.48,0.35,0.83,0.577,0.423,0.08,0.57,0.65,0.63,0.4,0.122,0.878,0.976,0.61,2024-25
1641740,Jaylen Clark,1610612750,MIN,23.0,36,14.3,2.39,1.56,0.83,1.94,0.03,0.19,0.53,0.11,0.19,0.31,0.364,0.636,0.08,0.14,0.22,0.22,0.11,0.375,0.625,1.0,0.5,2024-25
1641798,Jaylen Martin,1610612764,WAS,21.0,9,24.7,4.44,2.67,1.78,1.33,0.0,0.11,0.22,0.11,0.0,0.11,1.0,0.0,0.0,0.44,0.44,0.44,0.33,0.0,1.0,1.0,0.75,2024-25
1629669,Jaylen Nowell,1610612764,WAS,25.0,7,23.5,2.57,1.86,0.71,1.29,0.0,0.29,0.71,0.29,0.0,0.29,1.0,0.0,0.0,0.14,0.14,0.14,0.14,0.0,1.0,1.0,1.0,2024-25
1631301,Jaylen Sims,1610612766,CHA,26.0,6,18.6,2.5,1.0,1.5,0.67,0.0,0.33,1.0,0.0,0.17,0.17,0.0,1.0,0.0,0.0,0.0,0.0,0.0,0.0,0.0,0.0,0.0,2024-25
1642377,Jaylen Wells,1610612763,MEM,21.0,77,26.1,3.45,1.91,1.55,0.95,0.05,0.16,0.36,0.26,0.19,0.45,0.571,0.429,0.01,0.32,0.34,0.31,0.05,0.038,0.962,0.96,0.16,2024-25
1631119,Jaylin Williams,1610612760,OKC,23.0,47,16.7,6.13,3.81,2.32,1.17,0.26,1.34,3.13,0.21,0.09,0.3,0.714,0.286,0.09,1.21,1.3,1.3,0.68,0.066,0.934,1.0,0.525,2024-25
1642281,Jaylon Tyson,1610612739,CLE,22.0,36,11.7,2.47,1.25,1.22,0.67,0.03,0.22,0.53,0.11,0.08,0.19,0.571,0.429,0.17,0.42,0.58,0.58,0.31,0.286,0.714,1.0,0.524,2024-25
1628369,Jayson Tatum,1610612738,BOS,27.0,72,36.4,3.21,1.43,1.78,2.1,0.0,0.4,1.07,0.35,0.28,0.63,0.556,0.444,0.04,0.56,0.6,0.56,0.33,0.07,0.93,0.93,0.558,2024-25
1641789,Jazian Gortman,1610612742,DAL,22.0,6,6.5,1.17,0.67,0.5,0.67,0.0,0.17,0.33,0.17,0.0,0.17,1.0,0.0,0.0,0.0,0.0,0.0,0.0,0.0,0.0,0.0,0.0,2024-25
1630288,Jeff Dowtin Jr.,1610612755,PHI,28.0,28,19.5,1.86,1.07,0.79,1.61,0.0,0.14,0.39,0.04,0.25,0.29,0.125,0.875,0.0,0.11,0.11,0.11,0.07,0.0,1.0,1.0,0.667,2024-25
201145,Jeff Green,1610612745,HOU,38.0,30,12.9,2.33,1.37,0.97,0.5,0.03,0.77,1.93,0.03,0.13,0.17,0.2,0.8,0.03,0.23,0.27,0.27,0.13,0.125,0.875,1.0,0.5,2024-25
203924,Jerami Grant,1610612757,POR,31.0,47,32.4,4.13,2.34,1.79,2.26,0.06,0.19,0.45,0.23,0.32,0.55,0.423,0.577,0.02,0.3,0.32,0.3,0.06,0.067,0.933,0.933,0.2,2024-25
1630526,Jeremiah Robinson-Earl,1610612740,NOP,24.0,65,19.0,3.83,1.89,1.94,1.05,0.0,0.68,1.65,0.23,0.25,0.48,0.484,0.516,0.25,0.62,0.86,0.83,0.52,0.286,0.714,0.964,0.607,2024-25
1631110,Jeremy Sochan,1610612759,SAS,22.0,54,25.3,5.33,3.43,1.91,1.61,0.0,2.02,4.57,0.24,0.3,0.54,0.448,0.552,0.22,0.41,0.63,0.63,0.35,0.353,0.647,1.0,0.559,2024-25
1630579,Jericho Sims,1610612749,MIL,26.0,47,13.2,3.87,2.83,1.04,0.51,0.0,2.11,4.94,0.15,0.11,0.26,0.583,0.417,0.57,0.91,1.49,1.45,1.0,0.386,0.614,0.971,0.671,2024-25
1642399,Jesse Edwards,1610612750,MIN,25.0,1,3.1,0.0,0.0,0.0,0.0,0.0,0.0,0.0,1.0,0.0,1.0,1.0,0.0,0.0,0.0,0.0,0.0,0.0,0.0,0.0,0.0,0.0,2024-25
1641724,Jett Howard,1610612753,ORL,21.0,49,13.0,2.18,1.24,0.94,0.43,0.0,0.14,0.33,0.12,0.08,0.2,0.6,0.4,0.02,0.06,0.08,0.08,0.04,0.25,0.75,1.0,0.5,2024-25
1628975,Jevon Carter,1610612741,CHI,29.0,26,10.9,1.35,0.31,1.04,0.73,0.0,0.19,0.42,0.12,0.04,0.15,0.75,0.25,0.0,0.12,0.12,0.12,0.04,0.0,1.0,1.0,0.333,2024-25
202710,Jimmy Butler III,1610612744,GSW,35.0,54,32.2,3.41,1.76,1.65,2.98,0.02,1.07,2.61,0.52,0.35,0.87,0.596,0.404,0.26,0.54,0.8,0.8,0.44,0.326,0.674,1.0,0.558,2024-25
1629111,Jock Landale,1610612745,HOU,29.0,40,12.4,3.4,2.73,0.68,0.48,0.03,2.1,4.93,0.18,0.08,0.25,0.7,0.3,0.43,0.83,1.25,1.25,0.68,0.34,0.66,1.0,0.54,2024-25
204060,Joe Ingles,1610612750,MIN,37.0,13,8.3,0.77,0.23,0.54,0.54,0.0,0.38,0.85,0.08,0.15,0.23,0.333,0.667,0.0,0.08,0.08,0.08,0.0,0.0,1.0,1.0,0.0,2024-25
203954,Joel Embiid,1610612755,PHI,31.0,19,30.2,8.0,5.21,2.79,1.53,0.0,2.58,6.42,0.47,0.16,0.63,0.75,0.25,0.37,1.68,2.05,2.05,1.16,0.179,0.821,1.0,0.564,2024-25
1628381,John Collins,1610612762,UTA,27.0,40,30.5,5.58,3.03,2.55,1.6,0.05,1.53,3.83,0.45,0.23,0.68,0.667,0.333,0.25,0.7,0.95,0.93,0.53,0.263,0.737,0.974,0.553,2024-25
1629723,John Konchar,1610612763,MEM,29.0,35,15.0,2.6,1.31,1.29,1.63,0.03,0.11,0.31,0.17,0.23,0.4,0.429,0.571,0.03,0.26,0.29,0.29,0.09,0.1,0.9,1.0,0.3,2024-25
1631098,Johnny Davis,1610612764,WAS,23.0,20,9.2,1.1,0.55,0.55,1.35,0.0,0.2,0.45,0.1,0.3,0.4,0.25,0.75,0.05,0.1,0.15,0.15,0.1,0.333,0.667,1.0,0.667,2024-25
1642277,Johnny Furphy,1610612754,IND,20.0,36,9.8,2.0,1.14,0.86,1.11,0.03,0.17,0.39,0.14,0.14,0.28,0.5,0.5,0.0,0.14,0.14,0.14,0.08,0.0,1.0,1.0,0.6,2024-25
1630548,Johnny Juzang,1610612762,UTA,24.0,64,19.8,3.44,2.08,1.36,1.06,0.03,0.3,0.77,0.25,0.11,0.36,0.696,0.304,0.0,0.28,0.28,0.28,0.09,0.0,1.0,1.0,0.333,2024-25
202685,Jonas Valanciunas,1610612758,SAC,33.0,81,18.8,5.36,3.88,1.48,0.9,0.0,2.68,6.32,0.19,0.05,0.23,0.789,0.211,0.84,1.19,2.02,2.02,1.33,0.415,0.585,1.0,0.659,2024-25
1628371,Jonathan Isaac,1610612753,ORL,27.0,70,15.4,4.09,3.14,0.94,1.66,0.0,0.64,1.46,0.21,0.13,0.34,0.625,0.375,0.56,0.34,0.9,0.9,0.61,0.619,0.381,1.0,0.683,2024-25
1630228,Jonathan Kuminga,1610612744,GSW,22.0,47,24.3,3.64,2.13,1.51,1.57,0.04,0.36,0.96,0.34,0.26,0.6,0.571,0.429,0.13,0.47,0.6,0.6,0.36,0.214,0.786,1.0,0.607,2024-25
1642367,Jonathan Mogbo,1610612761,TOR,23.0,62,20.7,4.02,2.37,1.65,2.44,0.0,0.94,2.1,0.24,0.18,0.42,0.577,0.423,0.05,0.65,0.69,0.69,0.32,0.07,0.93,1.0,0.465,2024-25
203903,Jordan Clarkson,1610612762,UTA,33.0,37,26.0,2.24,1.03,1.22,1.35,0.0,0.54,1.3,0.49,0.16,0.65,0.75,0.25,0.0,0.27,0.27,0.27,0.11,0.0,1.0,1.0,0.4,2024-25
1630692,Jordan Goodwin,1610612747,LAL,26.0,29,18.7,1.83,1.03,0.79,2.14,0.0,0.41,1.03,0.28,0.38,0.66,0.421,0.579,0.1,0.48,0.59,0.59,0.21,0.176,0.824,1.0,0.353,2024-25
1641722,Jordan Hawkins,1610612740,NOP,23.0,55,23.8,3.67,1.64,2.04,1.02,0.02,0.22,0.47,0.15,0.2,0.35,0.421,0.579,0.0,0.15,0.15,0.15,0.09,0.0,1.0,1.0,0.625,2024-25
1629162,Jordan McLaughlin,1610612759,SAS,29.0,34,8.2,0.94,0.47,0.47,0.85,0.06,0.18,0.44,0.15,0.24,0.38,0.385,0.615,0.0,0.09,0.09,0.09,0.03,0.0,1.0,1.0,0.333,2024-25
1641757,Jordan Miller,1610612746,LAC,25.0,25,14.8,2.08,0.84,1.24,1.08,0.0,0.16,0.36,0.08,0.04,0.12,0.667,0.333,0.0,0.24,0.24,0.24,0.0,0.0,1.0,1.0,0.0,2024-25
1629673,Jordan Poole,1610612764,WAS,26.0,66,29.8,2.97,0.92,2.05,1.74,0.0,0.5,1.14,0.29,0.32,0.61,0.475,0.525,0.03,0.11,0.14,0.14,0.08,0.222,0.778,1.0,0.556,2024-25
1641775,Jordan Walsh,1610612738,BOS,21.0,38,9.5,1.82,1.08,0.74,0.5,0.03,0.13,0.37,0.21,0.11,0.32,0.667,0.333,0.03,0.32,0.34,0.32,0.13,0.077,0.923,0.923,0.385,2024-25
1630631,Jose Alvarado,1610612740,NOP,27.0,55,24.3,1.45,0.42,1.04,2.65,0.05,0.24,0.56,0.31,0.35,0.65,0.472,0.528,0.0,0.27,0.27,0.27,0.02,0.0,1.0,1.0,0.067,2024-25
1630528,Josh Christopher,1610612748,MIA,23.0,3,16.5,3.0,1.67,1.33,2.33,0.0,0.33,0.67,0.0,1.0,1.0,0.0,1.0,0.0,0.0,0.0,0.0,0.0,0.0,0.0,0.0,0.0,2024-25
1630581,Josh Giddey,1610612741,CHI,22.0,69,30.3,5.25,2.58,2.67,2.22,0.0,0.36,0.86,0.42,0.35,0.77,0.547,0.453,0.04,0.16,0.2,0.2,0.13,0.214,0.786,1.0,0.643,2024-25
1630182,Josh Green,1610612766,CHA,24.0,68,27.8,2.9,1.56,1.34,1.88,0.0,0.56,1.31,0.28,0.34,0.62,0.452,0.548,0.0,0.18,0.18,0.18,0.04,0.0,1.0,1.0,0.25,2024-25
1628404,Josh Hart,1610612752,NYK,30.0,77,37.6,4.94,2.01,2.92,2.84,0.03,1.62,3.71,0.45,0.68,1.13,0.402,0.598,0.08,0.51,0.58,0.58,0.39,0.133,0.867,1.0,0.667,2024-25
1631169,Josh Minott,1610612750,MIN,22.0,35,7.4,1.66,0.77,0.89,0.89,0.0,0.06,0.17,0.03,0.11,0.14,0.2,0.8,0.0,0.09,0.09,0.09,0.06,0.0,1.0,1.0,0.667,2024-25
1629006,Josh Okogie,1610612766,CHA,26.0,37,16.3,2.0,1.22,0.78,2.16,0.0,0.16,0.38,0.27,0.35,0.62,0.435,0.565,0.14,0.32,0.46,0.43,0.27,0.294,0.706,0.941,0.588,2024-25
1626196,Josh Richardson,1610612748,MIA,31.0,8,18.7,1.88,0.88,1.0,1.38,0.0,0.38,0.88,0.13,0.0,0.13,1.0,0.0,0.0,0.25,0.25,0.25,0.13,0.0,1.0,1.0,0.5,2024-25
201950,Jrue Holiday,1610612738,BOS,35.0,62,30.6,3.47,1.6,1.87,2.15,0.02,0.68,1.66,0.35,0.37,0.73,0.489,0.511,0.08,0.63,0.71,0.69,0.19,0.114,0.886,0.977,0.273,2024-25
1630577,Julian Champagnie,1610612759,SAS,24.0,82,23.6,3.77,1.93,1.84,1.43,0.0,0.33,0.77,0.17,0.16,0.33,0.519,0.481,0.01,0.41,0.43,0.41,0.16,0.029,0.971,0.971,0.371,2024-25
1641763,Julian Phillips,1610612741,CHI,21.0,73,14.8,2.26,1.23,1.03,1.03,0.0,0.23,0.56,0.12,0.19,0.32,0.391,0.609,0.01,0.3,0.32,0.32,0.14,0.043,0.957,1.0,0.435,2024-25
1631124,Julian Strawther,1610612743,DEN,23.0,65,21.3,3.62,1.98,1.63,1.29,0.0,0.43,0.98,0.09,0.26,0.35,0.261,0.739,0.0,0.37,0.37,0.37,0.06,0.0,1.0,1.0,0.167,2024-25
203944,Julius Randle,1610612750,MIN,30.0,68,32.6,5.25,3.06,2.19,1.5,0.0,1.74,4.44,0.62,0.28,0.9,0.689,0.311,0.32,0.94,1.26,1.25,0.87,0.256,0.744,0.988,0.686,2024-25
1630551,Justin Champagnie,1610612764,WAS,24.0,57,23.2,4.42,2.54,1.88,1.88,0.0,0.12,0.32,0.18,0.26,0.44,0.4,0.6,0.09,0.23,0.32,0.32,0.28,0.278,0.722,1.0,0.889,2024-25
1642348,Justin Edwards,1610612755,PHI,21.0,43,26.8,3.12,1.65,1.47,2.3,0.02,0.3,0.63,0.26,0.23,0.49,0.524,0.476,0.07,0.3,0.37,0.37,0.28,0.188,0.813,1.0,0.75,2024-25
1631303,Justin Minaya,1610612757,POR,26.0,8,9.6,1.88,1.13,0.75,1.38,0.0,0.13,0.38,0.0,0.13,0.13,0.0,1.0,0.0,0.13,0.13,0.13,0.0,0.0,1.0,1.0,0.0,2024-25
203994,Jusuf Nurkić,1610612766,CHA,30.0,51,20.8,6.18,4.47,1.71,1.88,0.0,3.35,7.86,0.43,0.35,0.78,0.55,0.45,0.49,1.33,1.82,1.76,1.33,0.269,0.731,0.968,0.731,2024-25
1630231,KJ Martin,1610612762,UTA,24.0,41,22.1,4.24,2.32,1.93,0.95,0.0,0.68,1.61,0.22,0.2,0.41,0.529,0.471,0.0,0.46,0.46,0.46,0.17,0.0,1.0,1.0,0.368,2024-25
1642354,KJ Simpson,1610612766,CHA,22.0,36,23.4,2.53,1.17,1.36,1.92,0.03,0.5,1.14,0.33,0.17,0.5,0.667,0.333,0.0,0.17,0.17,0.17,0.06,0.0,1.0,1.0,0.333,2024-25
1630539,Kai Jones,1610612742,DAL,24.0,35,13.1,3.29,2.54,0.74,1.29,0.0,1.57,3.4,0.2,0.11,0.31,0.636,0.364,0.09,0.2,0.29,0.29,0.14,0.3,0.7,1.0,0.5,2024-25
1626157,Karl-Anthony Towns,1610612752,NYK,29.0,72,35.0,7.31,5.51,1.79,2.07,0.0,2.46,5.64,0.33,0.31,0.64,0.522,0.478,0.56,2.19,2.75,2.68,1.93,0.202,0.798,0.98,0.706,2024-25
1631255,Karlo Matković,1610612740,NOP,24.0,42,18.8,6.76,4.93,1.83,1.48,0.0,1.71,4.05,0.17,0.31,0.48,0.35,0.65,0.24,1.26,1.5,1.5,0.86,0.159,0.841,1.0,0.571,2024-25
202695,Kawhi Leonard,1610612746,LAC,34.0,37,31.9,3.51,1.51,2.0,3.14,0.0,0.16,0.41,0.32,0.46,0.78,0.414,0.586,0.0,0.46,0.46,0.46,0.27,0.0,1.0,1.0,0.588,2024-25
1630811,Keaton Wallace,1610612737,ATL,26.0,27,18.2,3.11,1.41,1.7,1.96,0.0,0.44,1.0,0.19,0.15,0.33,0.556,0.444,0.0,0.11,0.11,0.11,0.0,0.0,1.0,1.0,0.0,2024-25
1631099,Keegan Murray,1610612758,SAC,24.0,76,34.3,7.33,4.26,3.07,1.41,0.16,0.53,1.17,0.21,0.37,0.58,0.364,0.636,0.26,0.76,1.03,0.99,0.53,0.256,0.744,0.974,0.519,2024-25
1631232,Keion Brooks Jr.,1610612740,NOP,24.0,12,26.8,4.5,2.67,1.83,1.58,0.0,0.17,0.42,0.08,0.25,0.33,0.25,0.75,0.0,0.33,0.33,0.33,0.25,0.0,1.0,1.0,0.75,2024-25
1642276,Kel'el Ware,1610612748,MIA,21.0,62,22.9,5.63,4.32,1.31,1.13,0.0,2.06,4.74,0.16,0.13,0.29,0.556,0.444,0.11,0.82,0.94,0.9,0.63,0.121,0.879,0.966,0.672,2024-25
1629640,Keldon Johnson,1610612759,SAS,25.0,77,23.9,3.27,1.94,1.34,1.22,0.0,0.26,0.68,0.23,0.29,0.52,0.45,0.55,0.13,0.34,0.47,0.47,0.3,0.278,0.722,1.0,0.639,2024-25
203482,Kelly Olynyk,1610612740,NOP,34.0,44,20.3,4.43,2.77,1.66,2.18,0.09,1.09,2.59,0.2,0.09,0.3,0.692,0.308,0.25,0.7,0.95,0.93,0.39,0.262,0.738,0.976,0.405,2024-25
1626162,Kelly Oubre Jr.,1610612755,PHI,29.0,60,34.6,4.42,1.93,2.48,4.2,0.03,0.23,0.55,0.28,0.48,0.77,0.37,0.63,0.02,0.15,0.17,0.17,0.08,0.1,0.9,1.0,0.5,2024-25
1629026,Kenrich Williams,1610612760,OKC,30.0,68,16.4,2.13,1.09,1.04,1.63,0.16,0.51,1.18,0.1,0.22,0.32,0.318,0.682,0.13,0.47,0.6,0.6,0.26,0.22,0.78,1.0,0.439,2024-25
203484,Kentavious Caldwell-Pope,1610612763,MEM,32.0,76,29.7,2.34,1.33,1.01,2.07,0.04,0.58,1.25,0.22,0.36,0.58,0.386,0.614,0.01,0.18,0.2,0.18,0.09,0.067,0.933,0.933,0.467,2024-25
1631165,Keon Ellis,1610612758,SAC,25.0,78,24.9,3.37,1.45,1.92,3.59,0.01,0.53,1.19,0.26,0.27,0.53,0.488,0.512,0.03,0.22,0.24,0.24,0.08,0.105,0.895,1.0,0.316,2024-25
1630553,Keon Johnson,1610612751,BKN,23.0,79,24.4,3.28,1.86,1.42,1.84,0.09,0.25,0.58,0.28,0.34,0.62,0.449,0.551,0.01,0.2,0.22,0.19,0.08,0.059,0.941,0.882,0.353,2024-25
1642352,Keshad Johnson,1610612748,MIA,24.0,11,7.7,1.91,1.36,0.55,0.45,0.0,0.36,0.73,0.09,0.18,0.27,0.333,0.667,0.09,0.45,0.55,0.55,0.27,0.167,0.833,1.0,0.5,2024-25
1630556,Kessler Edwards,1610612742,DAL,24.0,30,19.9,4.97,3.57,1.4,1.23,0.0,1.37,3.23,0.07,0.17,0.23,0.286,0.714,0.07,0.63,0.7,0.7,0.37,0.095,0.905,1.0,0.524,2024-25
201142,Kevin Durant,1610612756,PHX,36.0,62,36.5,6.15,2.98,3.16,1.48,0.02,0.4,0.85,0.15,0.19,0.34,0.429,0.571,0.02,0.6,0.61,0.61,0.34,0.026,0.974,1.0,0.553,2024-25
1628989,Kevin Huerter,1610612741,CHI,26.0,69,24.3,3.68,2.12,1.57,2.06,0.0,0.49,1.1,0.06,0.26,0.32,0.182,0.818,0.04,0.2,0.25,0.25,0.1,0.176,0.824,1.0,0.412,2024-25
1628995,Kevin Knox II,1610612744,GSW,25.0,9,7.7,1.89,1.0,0.89,0.56,0.0,0.0,0.0,0.0,0.0,0.0,0.0,0.0,0.0,0.0,0.0,0.0,0.0,0.0,0.0,0.0,0.0,2024-25
201567,Kevin Love,1610612748,MIA,36.0,21,11.3,1.48,1.0,0.48,1.38,0.1,0.76,1.76,0.1,0.24,0.33,0.286,0.714,0.29,0.52,0.81,0.76,0.38,0.353,0.647,1.0,0.5,2024-25
1641755,Kevin McCullar Jr.,1610612752,NYK,24.0,3,8.7,2.0,1.67,0.33,0.67,0.0,0.0,0.0,0.0,0.67,0.67,0.0,1.0,0.0,0.0,0.0,0.0,0.0,0.0,0.0,0.0,0.0,2024-25
1629645,Kevin Porter Jr.,1610612749,MIL,25.0,74,19.6,2.73,1.43,1.3,1.84,0.0,0.12,0.28,0.16,0.34,0.5,0.324,0.676,0.05,0.31,0.36,0.36,0.22,0.148,0.852,1.0,0.593,2024-25
1626172,Kevon Looney,1610612744,GSW,29.0,76,15.0,5.49,4.07,1.42,1.12,0.0,2.46,6.08,0.26,0.17,0.43,0.606,0.394,0.53,0.79,1.32,1.3,0.91,0.4,0.6,0.99,0.69,2024-25
1641718,Keyonte George,1610612762,UTA,21.0,67,31.5,2.73,1.07,1.66,1.16,0.07,0.4,0.99,0.19,0.28,0.48,0.406,0.594,0.03,0.16,0.19,0.19,0.07,0.154,0.846,1.0,0.385,2024-25
203114,Khris Middleton,1610612764,WAS,33.0,37,22.8,2.68,1.05,1.62,1.62,0.16,0.24,0.59,0.32,0.16,0.49,0.667,0.333,0.0,0.78,0.78,0.73,0.32,0.0,1.0,0.931,0.414,2024-25
1630165,Killian Hayes,1610612751,BKN,23.0,6,27.1,4.33,3.0,1.33,2.17,0.33,0.17,0.33,0.17,0.17,0.33,0.5,0.5,0.0,0.33,0.33,0.33,0.17,0.0,1.0,1.0,0.5,2024-25
202691,Klay Thompson,1610612742,DAL,35.0,72,27.3,3.0,1.69,1.31,1.22,0.0,0.42,0.9,0.14,0.26,0.4,0.345,0.655,0.01,0.17,0.18,0.18,0.04,0.077,0.923,1.0,0.231,2024-25
1641738,Kobe Brown,1610612746,LAC,25.0,27,9.1,1.52,0.93,0.59,0.48,0.0,0.37,0.89,0.3,0.22,0.52,0.571,0.429,0.07,0.48,0.56,0.56,0.33,0.133,0.867,1.0,0.6,2024-25
1641723,Kobe Bufkin,1610612737,ATL,21.0,10,12.4,1.9,0.7,1.2,1.1,0.0,0.0,0.0,0.2,0.3,0.5,0.4,0.6,0.0,0.1,0.1,0.1,0.1,0.0,1.0,1.0,1.0,2024-25
1627739,Kris Dunn,1610612746,LAC,31.0,74,24.1,3.14,1.45,1.69,3.19,0.0,0.73,1.73,0.32,0.53,0.85,0.381,0.619,0.0,0.22,0.22,0.22,0.14,0.0,1.0,1.0,0.625,2024-25
1631200,Kris Murray,1610612757,POR,24.0,61,16.5,2.11,1.59,0.52,1.02,0.07,0.23,0.59,0.23,0.23,0.46,0.5,0.5,0.16,0.31,0.48,0.44,0.25,0.345,0.655,0.931,0.517,2024-25
204001,Kristaps Porziņģis,1610612738,BOS,29.0,42,28.8,10.57,7.43,3.14,1.6,0.0,1.98,4.93,0.21,0.29,0.5,0.429,0.571,0.14,1.24,1.38,1.31,0.5,0.103,0.897,0.948,0.362,2024-25
203937,Kyle Anderson,1610612748,MIA,31.0,56,17.3,3.11,1.93,1.18,1.61,0.05,0.66,1.66,0.09,0.11,0.2,0.455,0.545,0.09,0.55,0.64,0.63,0.29,0.139,0.861,1.0,0.457,2024-25
1642271,Kyle Filipowski,1610612762,UTA,21.0,71,21.4,5.18,3.34,1.85,1.49,0.01,1.35,3.24,0.28,0.1,0.38,0.741,0.259,0.15,0.59,0.75,0.75,0.55,0.208,0.792,1.0,0.736,2024-25
1628398,Kyle Kuzma,1610612749,MIL,29.0,64,30.1,4.7,2.58,2.13,0.88,0.14,0.22,0.52,0.09,0.14,0.23,0.4,0.6,0.05,0.42,0.47,0.47,0.3,0.1,0.9,1.0,0.633,2024-25
200768,Kyle Lowry,1610612755,PHI,39.0,34,19.1,1.62,0.88,0.74,1.85,0.18,0.5,1.21,0.15,0.29,0.44,0.333,0.667,0.03,0.53,0.56,0.56,0.21,0.053,0.947,1.0,0.368,2024-25
1630283,Kylor Kelley,1610612747,LAL,27.0,10,12.5,6.0,3.1,2.9,0.2,0.0,0.7,1.5,0.0,0.1,0.1,0.0,1.0,0.2,0.4,0.6,0.6,0.5,0.333,0.667,1.0,0.833,2024-25
202681,Kyrie Irving,1610612742,DAL,33.0,50,36.1,3.08,1.6,1.48,3.3,0.04,0.48,1.08,0.48,0.38,0.86,0.558,0.442,0.0,0.32,0.32,0.32,0.1,0.0,1.0,1.0,0.313,2024-25
1642273,Kyshawn George,1610612764,WAS,21.0,68,26.5,6.87,3.72,3.15,2.06,0.01,0.28,0.65,0.26,0.44,0.71,0.375,0.625,0.01,0.53,0.54,0.54,0.25,0.027,0.973,1.0,0.459,2024-25
1630163,LaMelo Ball,1610612766,CHA,23.0,47,32.0,2.34,1.15,1.19,2.94,0.0,0.4,0.94,0.43,0.43,0.85,0.5,0.5,0.02,0.28,0.3,0.3,0.19,0.071,0.929,1.0,0.643,2024-25
1630205,Lamar Stevens,1610612763,MEM,27.0,12,11.4,2.58,1.42,1.17,0.83,0.0,0.33,0.83,0.17,0.08,0.25,0.667,0.333,0.0,0.25,0.25,0.25,0.25,0.0,1.0,1.0,1.0,2024-25
1629013,Landry Shamet,1610612752,NYK,28.0,47,16.0,2.87,1.79,1.09,1.13,0.02,0.21,0.51,0.02,0.23,0.26,0.083,0.917,0.0,0.47,0.47,0.47,0.15,0.0,1.0,1.0,0.318,2024-25
1626204,Larry Nance Jr.,1610612737,ATL,32.0,23,19.8,3.61,2.09,1.52,2.17,0.3,1.22,2.87,0.26,0.13,0.39,0.667,0.333,0.22,1.26,1.48,1.48,0.7,0.147,0.853,1.0,0.471,2024-25
1628374,Lauri Markkanen,1610612762,UTA,28.0,47,31.4,5.11,3.36,1.74,1.55,0.0,1.23,3.06,0.4,0.13,0.53,0.76,0.24,0.06,0.98,1.04,1.02,0.49,0.061,0.939,0.98,0.469,2024-25
2544,LeBron James,1610612747,LAL,40.0,70,34.9,3.81,1.77,2.04,1.89,0.13,0.83,1.97,0.37,0.3,0.67,0.553,0.447,0.11,0.51,0.63,0.63,0.39,0.182,0.818,1.0,0.614,2024-25
1631159,Leonard Miller,1610612750,MIN,21.0,6,2.9,0.67,0.33,0.33,0.33,0.0,0.0,0.0,0.0,0.0,0.0,0.0,0.0,0.0,0.33,0.33,0.33,0.0,0.0,1.0,1.0,0.0,2024-25
1631311,Lester Quiñones,1610612740,NOP,24.0,9,18.1,1.44,1.11,0.33,1.11,0.11,0.0,0.0,0.11,0.0,0.11,1.0,0.0,0.0,0.33,0.33,0.33,0.11,0.0,1.0,1.0,0.333,2024-25
1641857,Liam Robbins,1610612749,MIL,25.0,11,4.6,1.36,0.91,0.45,0.36,0.0,0.45,1.09,0.0,0.0,0.0,0.0,0.0,0.0,0.45,0.45,0.45,0.09,0.0,1.0,1.0,0.2,2024-25
1630322,Lindy Waters III,1610612765,DET,27.0,46,16.4,2.33,1.22,1.11,1.3,0.09,0.3,0.74,0.11,0.11,0.22,0.5,0.5,0.02,0.33,0.35,0.35,0.11,0.063,0.938,1.0,0.313,2024-25
1629022,Lonnie Walker IV,1610612755,PHI,26.0,18,26.2,3.06,1.28,1.78,1.17,0.0,0.11,0.22,0.11,0.22,0.33,0.333,0.667,0.0,0.06,0.06,0.06,0.06,0.0,1.0,1.0,1.0,2024-25
1628366,Lonzo Ball,1610612741,CHI,27.0,35,22.2,3.29,1.83,1.46,2.37,0.0,0.31,0.83,0.26,0.31,0.57,0.45,0.55,0.06,0.29,0.34,0.31,0.17,0.167,0.833,0.917,0.5,2024-25
1629652,Luguentz Dort,1610612760,OKC,26.0,71,29.2,3.51,1.45,2.06,2.27,0.08,0.77,1.75,0.28,0.41,0.69,0.408,0.592,0.21,0.46,0.68,0.65,0.2,0.313,0.688,0.979,0.298,2024-25
1629029,Luka Dončić,1610612747,LAL,26.0,50,35.4,4.8,2.02,2.78,3.38,0.08,0.2,0.46,0.16,0.38,0.54,0.296,0.704,0.02,0.42,0.44,0.44,0.2,0.045,0.955,1.0,0.455,2024-25
1630568,Luka Garza,1610612750,MIN,26.0,33,6.3,2.09,1.52,0.58,0.7,0.12,0.79,1.88,0.15,0.06,0.21,0.714,0.286,0.24,0.3,0.55,0.55,0.27,0.444,0.556,1.0,0.5,2024-25
1628379,Luke Kennard,1610612763,MEM,29.0,63,23.0,1.78,0.76,1.02,1.43,0.0,0.35,0.75,0.16,0.14,0.3,0.526,0.474,0.0,0.27,0.27,0.27,0.06,0.0,1.0,1.0,0.235,2024-25
1628436,Luke Kornet,1610612738,BOS,29.0,72,18.9,7.57,5.69,1.88,0.89,0.0,2.31,5.88,0.14,0.14,0.28,0.5,0.5,0.78,0.93,1.71,1.71,1.15,0.455,0.545,1.0,0.675,2024-25
1631247,Luke Travers,1610612739,CLE,23.0,8,10.1,2.25,1.88,0.38,0.63,0.0,0.25,0.63,0.0,0.0,0.0,0.0,0.0,0.13,0.38,0.5,0.5,0.25,0.25,0.75,1.0,0.5,2024-25
1630644,Mac McClung,1610612753,ORL,26.0,1,5.4,0.0,0.0,0.0,1.0,0.0,0.0,0.0,0.0,0.0,0.0,0.0,0.0,0.0,0.0,0.0,0.0,0.0,0.0,0.0,0.0,0.0,2024-25
1630201,Malachi Flynn,1610612759,SAS,27.0,3,13.9,3.0,2.0,1.0,2.0,0.0,0.0,0.0,0.0,0.33,0.33,0.0,1.0,0.0,1.0,1.0,1.0,0.33,0.0,1.0,1.0,0.333,2024-25
1631103,Malaki Branham,1610612759,SAS,22.0,30,12.1,1.57,0.8,0.77,0.53,0.0,0.03,0.1,0.1,0.13,0.23,0.429,0.571,0.0,0.17,0.17,0.13,0.0,0.0,1.0,0.8,0.0,2024-25
1627763,Malcolm Brogdon,1610612764,WAS,32.0,24,23.5,2.63,0.96,1.67,1.21,0.0,0.25,0.67,0.21,0.21,0.42,0.5,0.5,0.13,0.25,0.38,0.38,0.17,0.333,0.667,1.0,0.444,2024-25
1642502,Malevy Leons,1610612760,OKC,25.0,2,3.8,1.0,0.0,1.0,0.0,0.0,0.0,0.0,0.0,0.0,0.0,0.0,0.0,0.0,0.0,0.0,0.0,0.0,0.0,0.0,0.0,0.0,2024-25
1627736,Malik Beasley,1610612765,DET,28.0,80,27.9,2.06,0.89,1.18,1.64,0.0,0.31,0.7,0.14,0.16,0.3,0.458,0.542,0.05,0.18,0.23,0.21,0.1,0.222,0.778,0.944,0.444,2024-25
1628370,Malik Monk,1610612758,SAC,27.0,65,31.6,3.92,1.83,2.09,1.71,0.03,0.51,1.06,0.34,0.31,0.65,0.524,0.476,0.0,0.29,0.29,0.29,0.05,0.0,1.0,1.0,0.158,2024-25
1630699,MarJon Beauchamp,1610612752,NYK,24.0,22,5.9,0.77,0.36,0.41,0.5,0.05,0.0,0.0,0.14,0.18,0.32,0.429,0.571,0.0,0.18,0.18,0.14,0.09,0.0,1.0,0.75,0.5,2024-25
1630542,Marcus Bagley,1610612755,PHI,23.0,10,25.3,4.4,2.6,1.8,2.3,0.1,0.6,1.5,0.2,0.3,0.5,0.4,0.6,0.1,0.2,0.3,0.3,0.1,0.333,0.667,1.0,0.333,2024-25
1630585,Marcus Garrett,1610612766,CHA,26.0,4,19.8,1.5,1.0,0.5,2.0,0.0,0.0,0.0,0.0,0.0,0.0,0.0,0.0,0.0,0.5,0.5,0.5,0.0,0.0,1.0,1.0,0.0,2024-25
1631204,Marcus Sasser,1610612765,DET,24.0,51,15.1,1.55,0.8,0.75,1.49,0.0,0.1,0.25,0.22,0.18,0.39,0.55,0.45,0.0,0.12,0.12,0.12,0.02,0.0,1.0,1.0,0.167,2024-25
203935,Marcus Smart,1610612764,WAS,31.0,34,20.0,2.29,1.03,1.26,2.32,0.15,0.24,0.59,0.32,0.35,0.68,0.478,0.522,0.0,0.44,0.44,0.44,0.15,0.0,1.0,1.0,0.333,2024-25
1631109,Mark Williams,1610612766,CHA,23.0,44,26.6,9.89,5.89,4.0,1.39,0.0,3.05,7.02,0.41,0.23,0.64,0.643,0.357,0.43,1.23,1.66,1.66,1.09,0.26,0.74,1.0,0.658,2024-25
1628365,Markelle Fultz,1610612758,SAC,27.0,19,9.3,1.11,0.58,0.53,0.89,0.0,0.16,0.32,0.05,0.16,0.21,0.25,0.75,0.0,0.11,0.11,0.11,0.0,0.0,1.0,1.0,0.0,2024-25
202693,Markieff Morris,1610612747,LAL,35.0,11,13.1,2.0,1.18,0.82,0.64,0.0,0.64,1.73,0.0,0.09,0.09,0.0,1.0,0.0,0.73,0.73,0.73,0.45,0.0,1.0,1.0,0.625,2024-25
1628963,Marvin Bagley III,1610612763,MEM,26.0,24,10.0,3.71,2.04,1.67,0.42,0.04,0.88,1.79,0.21,0.04,0.25,0.833,0.167,0.21,0.38,0.58,0.58,0.29,0.357,0.643,1.0,0.5,2024-25
1630222,Mason Jones,1610612758,SAC,26.0,3,7.5,2.0,1.67,0.33,1.0,0.0,0.0,0.0,0.33,0.0,0.33,1.0,0.0,0.0,0.0,0.0,0.0,0.0,0.0,0.0,0.0,0.0,2024-25
203486,Mason Plumlee,1610612756,PHX,35.0,74,17.6,4.0,3.3,0.7,1.07,0.01,2.22,5.04,0.12,0.09,0.22,0.563,0.438,0.28,0.85,1.14,1.14,0.81,0.25,0.75,1.0,0.714,2024-25
1641824,Matas Buzelis,1610612741,CHI,20.0,74,20.1,5.11,3.22,1.89,0.82,0.01,0.41,0.91,0.19,0.16,0.35,0.538,0.462,0.01,0.38,0.39,0.39,0.19,0.034,0.966,1.0,0.483,2024-25
1629680,Matisse Thybulle,1610612757,POR,28.0,15,20.8,1.53,0.53,1.0,4.0,0.0,0.47,1.07,0.0,0.4,0.4,0.0,1.0,0.0,0.13,0.13,0.13,0.07,0.0,1.0,1.0,0.5,2024-25
1630346,Matt Ryan,1610612740,NOP,28.0,7,5.3,1.14,0.43,0.71,0.43,0.14,0.14,0.29,0.0,0.14,0.14,0.0,1.0,0.0,0.0,0.0,0.0,0.0,0.0,0.0,0.0,0.0,2024-25
1631108,Max Christie,1610612742,DAL,22.0,75,28.1,5.24,3.45,1.79,1.19,0.0,0.45,1.01,0.08,0.2,0.28,0.286,0.714,0.0,0.35,0.35,0.32,0.09,0.0,1.0,0.923,0.269,2024-25
1629622,Max Strus,1610612739,CLE,29.0,50,25.5,3.28,1.7,1.58,0.92,0.08,0.72,1.74,0.42,0.26,0.68,0.618,0.382,0.02,0.44,0.46,0.44,0.26,0.043,0.957,0.957,0.565,2024-25
1628467,Maxi Kleber,1610612747,LAL,33.0,34,18.7,5.65,3.76,1.88,0.88,0.0,1.32,3.09,0.18,0.09,0.26,0.667,0.333,0.15,0.71,0.85,0.82,0.29,0.172,0.828,0.966,0.345,2024-25
1641721,Maxwell Lewis,1610612751,BKN,22.0,22,14.4,2.0,1.0,1.0,1.23,0.0,0.05,0.09,0.09,0.0,0.09,1.0,0.0,0.05,0.09,0.14,0.14,0.14,0.333,0.667,1.0,1.0,2024-25
1630695,Micah Potter,1610612762,UTA,27.0,37,18.9,5.57,3.19,2.38,0.84,0.03,0.62,1.43,0.14,0.11,0.24,0.556,0.444,0.08,0.89,0.97,0.92,0.24,0.083,0.917,0.944,0.25,2024-25
1629008,Michael Porter Jr.,1610612743,DEN,27.0,77,33.7,3.51,1.96,1.55,1.34,0.0,0.68,1.56,0.21,0.23,0.44,0.471,0.529,0.35,0.25,0.6,0.6,0.49,0.587,0.413,1.0,0.826,2024-25
1628969,Mikal Bridges,1610612752,NYK,28.0,80,37.5,4.96,2.89,2.08,1.71,0.0,0.4,0.99,0.41,0.31,0.73,0.569,0.431,0.01,0.34,0.35,0.34,0.1,0.036,0.964,1.0,0.296,2024-25
201144,Mike Conley,1610612750,MIN,37.0,71,24.7,2.17,0.96,1.21,1.97,0.1,0.24,0.63,0.14,0.28,0.42,0.333,0.667,0.0,0.32,0.32,0.32,0.11,0.0,1.0,1.0,0.348,2024-25
1628970,Miles Bridges,1610612766,CHA,27.0,64,31.7,6.33,3.64,2.69,1.45,0.03,0.56,1.3,0.28,0.22,0.5,0.563,0.438,0.09,0.75,0.84,0.84,0.55,0.111,0.889,1.0,0.648,2024-25
1630540,Miles McBride,1610612752,NYK,24.0,64,24.9,3.33,2.0,1.33,2.0,0.03,0.34,0.84,0.14,0.42,0.56,0.25,0.75,0.0,0.48,0.48,0.48,0.11,0.0,1.0,1.0,0.226,2024-25
1641936,Miles Norris,1610612738,BOS,25.0,3,11.6,2.67,1.67,1.0,1.0,0.0,0.0,0.0,0.0,0.67,0.67,0.0,1.0,0.0,0.67,0.67,0.67,0.33,0.0,1.0,1.0,0.5,2024-25
1629011,Mitchell Robinson,1610612752,NYK,27.0,17,17.1,4.29,2.82,1.47,1.94,0.0,2.59,5.82,0.35,0.29,0.65,0.545,0.455,0.88,0.76,1.65,1.59,1.29,0.536,0.464,0.964,0.786,2024-25
1628964,Mo Bamba,1610612740,NOP,27.0,32,12.9,4.22,2.88,1.34,0.69,0.0,1.13,2.47,0.16,0.16,0.31,0.5,0.5,0.31,0.59,0.91,0.88,0.63,0.345,0.655,0.966,0.69,2024-25
1628420,Monte Morris,1610612756,PHX,30.0,39,13.3,1.23,0.56,0.67,0.69,0.0,0.21,0.46,0.05,0.15,0.21,0.25,0.75,0.0,0.23,0.23,0.21,0.05,0.0,1.0,0.889,0.222,2024-25
1629021,Moritz Wagner,1610612753,ORL,28.0,29,19.4,3.24,2.14,1.1,2.48,0.17,1.86,4.17,0.24,0.14,0.38,0.636,0.364,0.17,0.97,1.14,1.1,0.69,0.152,0.848,0.97,0.606,2024-25
1629650,Moses Brown,1610612742,DAL,25.0,11,10.4,4.91,3.91,1.0,1.0,0.0,0.64,1.36,0.09,0.0,0.09,1.0,0.0,0.09,0.36,0.45,0.45,0.27,0.2,0.8,1.0,0.6,2024-25
1630541,Moses Moody,1610612744,GSW,23.0,71,22.9,3.18,1.87,1.31,2.56,0.06,0.27,0.7,0.3,0.24,0.54,0.553,0.447,0.03,0.38,0.41,0.39,0.13,0.069,0.931,0.966,0.31,2024-25
1631243,Mouhamed Gueye,1610612737,ATL,22.0,32,16.2,4.69,3.34,1.34,1.34,0.03,0.78,1.94,0.13,0.22,0.34,0.364,0.636,0.19,0.47,0.66,0.66,0.31,0.286,0.714,1.0,0.476,2024-25
1631217,Moussa Diabaté,1610612766,CHA,23.0,70,17.7,4.74,3.0,1.74,1.7,0.0,1.87,4.49,0.4,0.13,0.53,0.757,0.243,0.83,0.71,1.54,1.5,1.03,0.537,0.463,0.972,0.667,2024-25
1626167,Myles Turner,1610612754,IND,29.0,72,30.2,8.67,6.78,1.89,1.43,0.0,2.83,6.72,0.15,0.18,0.33,0.458,0.542,0.25,1.44,1.69,1.65,0.79,0.148,0.852,0.975,0.467,2024-25
1642368,N'Faly Dante,1610612745,HOU,23.0,4,12.7,3.5,2.75,0.75,1.0,0.0,1.75,4.25,0.0,0.0,0.0,0.0,0.0,0.0,0.5,0.5,0.5,0.5,0.0,1.0,1.0,1.0,2024-25
1641772,Nae'Qwan Tomlin,1610612739,CLE,24.0,4,14.0,2.5,1.75,0.75,0.25,0.0,0.5,1.5,0.25,0.0,0.25,1.0,0.0,0.25,0.75,1.0,1.0,0.75,0.25,0.75,1.0,0.75,2024-25
1630230,Naji Marshall,1610612742,DAL,27.0,68,28.0,3.49,1.88,1.6,1.82,0.01,0.35,0.84,0.29,0.32,0.62,0.476,0.524,0.03,0.56,0.59,0.59,0.32,0.05,0.95,1.0,0.55,2024-25
1631466,Nate Williams,1610612745,HOU,26.0,12,10.3,1.58,1.0,0.58,1.33,0.0,0.25,0.58,0.0,0.25,0.25,0.0,1.0,0.0,0.25,0.25,0.25,0.0,0.0,1.0,1.0,0.0,2024-25
1629675,Naz Reid,1610612750,MIN,25.0,80,27.5,6.16,3.68,2.49,1.63,0.05,1.11,2.68,0.23,0.31,0.54,0.419,0.581,0.1,0.93,1.03,1.01,0.46,0.098,0.902,0.988,0.451,2024-25
1629674,Neemias Queta,1610612738,BOS,25.0,56,15.2,4.77,3.5,1.27,0.66,0.0,2.3,5.89,0.11,0.05,0.16,0.667,0.333,0.34,0.71,1.05,1.02,0.45,0.322,0.678,0.983,0.431,2024-25
1629651,Nic Claxton,1610612751,BKN,26.0,70,26.9,7.07,5.01,2.06,1.69,0.03,2.97,7.01,0.23,0.19,0.41,0.552,0.448,0.24,0.93,1.17,1.17,0.71,0.207,0.793,1.0,0.61,2024-25
1630208,Nick Richards,1610612756,PHX,27.0,57,22.0,7.32,5.56,1.75,0.68,0.05,3.28,7.58,0.23,0.18,0.4,0.565,0.435,0.82,0.89,1.72,1.7,1.42,0.48,0.52,0.99,0.827,2024-25
1641733,Nick Smith Jr.,1610612766,CHA,21.0,49,24.9,2.24,1.02,1.22,0.59,0.02,0.43,0.92,0.22,0.2,0.43,0.524,0.476,0.0,0.18,0.18,0.18,0.02,0.0,1.0,1.0,0.111,2024-25
1629638,Nickeil Alexander-Walker,1610612750,MIN,26.0,81,25.4,2.19,1.57,0.62,2.1,0.04,0.3,0.68,0.14,0.36,0.49,0.275,0.725,0.01,0.54,0.56,0.53,0.14,0.022,0.978,0.956,0.244,2024-25
201587,Nicolas Batum,1610612746,LAC,36.0,77,17.7,3.32,1.6,1.73,1.34,0.01,0.49,1.13,0.09,0.17,0.26,0.35,0.65,0.0,0.42,0.42,0.42,0.16,0.0,1.0,1.0,0.375,2024-25
203999,Nikola Jokić,1610612743,DEN,30.0,70,36.7,5.51,3.26,2.26,3.8,0.0,4.36,9.96,0.3,0.26,0.56,0.538,0.462,0.64,1.87,2.51,2.46,1.79,0.256,0.744,0.977,0.71,2024-25
1631107,Nikola Jović,1610612748,MIA,22.0,46,25.1,4.89,3.02,1.87,1.26,0.0,0.54,1.37,0.26,0.15,0.41,0.632,0.368,0.02,0.54,0.57,0.5,0.3,0.038,0.962,0.958,0.583,2024-25
202696,Nikola Vučević,1610612741,CHI,34.0,73,31.2,8.44,5.66,2.78,1.56,0.0,2.95,6.6,0.15,0.18,0.33,0.458,0.542,0.45,1.68,2.14,2.08,1.33,0.212,0.788,0.974,0.622,2024-25
1641730,Noah Clowney,1610612751,BKN,20.0,46,22.7,4.91,2.72,2.2,1.33,0.13,0.63,1.48,0.11,0.22,0.33,0.333,0.667,0.09,0.7,0.78,0.74,0.33,0.111,0.889,0.944,0.417,2024-25
1626181,Norman Powell,1610612746,LAC,32.0,60,32.6,2.83,1.18,1.65,2.02,0.0,0.13,0.27,0.23,0.2,0.43,0.538,0.462,0.02,0.47,0.48,0.48,0.32,0.034,0.966,1.0,0.655,2024-25
1628384,OG Anunoby,1610612752,NYK,27.0,74,36.6,7.72,4.23,3.49,3.28,0.04,0.5,1.19,0.36,0.34,0.7,0.519,0.481,0.08,0.8,0.88,0.86,0.5,0.092,0.908,0.985,0.569,2024-25
1630167,Obi Toppin,1610612754,IND,27.0,79,19.6,3.1,1.71,1.39,1.11,0.0,0.75,1.71,0.15,0.15,0.3,0.5,0.5,0.11,0.53,0.65,0.65,0.41,0.176,0.824,1.0,0.627,2024-25
1630534,Ochai Agbaji,1610612761,TOR,25.0,64,27.2,5.27,2.95,2.31,2.09,0.0,0.39,0.89,0.17,0.23,0.41,0.423,0.577,0.0,0.36,0.36,0.36,0.13,0.0,1.0,1.0,0.348,2024-25
1641765,Olivier-Maxence Prosper,1610612742,DAL,22.0,43,12.8,2.72,1.77,0.95,0.6,0.0,0.3,0.7,0.16,0.21,0.37,0.438,0.563,0.07,0.53,0.6,0.53,0.21,0.115,0.885,0.885,0.346,2024-25
1630168,Onyeka Okongwu,1610612737,ATL,24.0,74,27.9,6.96,5.15,1.81,1.91,0.0,2.41,5.72,0.28,0.3,0.58,0.488,0.512,0.57,0.99,1.55,1.54,1.12,0.365,0.635,0.991,0.722,2024-25
1631115,Orlando Robinson,1610612761,TOR,24.0,43,17.9,5.88,3.74,2.14,1.44,0.0,1.98,4.6,0.26,0.19,0.44,0.579,0.421,0.3,0.77,1.07,1.02,0.6,0.283,0.717,0.957,0.565,2024-25
1631131,Oscar Tshiebwe,1610612762,UTA,25.0,14,18.2,3.79,1.93,1.86,1.57,0.07,3.07,7.71,0.29,0.36,0.64,0.444,0.556,0.79,0.71,1.5,1.5,1.29,0.524,0.476,1.0,0.857,2024-25
1629052,Oshae Brissett,1610612755,PHI,27.0,6,23.7,4.17,1.83,2.33,2.33,0.33,1.33,3.0,0.0,0.17,0.17,0.0,1.0,0.17,0.83,1.0,0.83,0.5,0.167,0.833,0.833,0.5,2024-25
1642345,Oso Ighodaro,1610612756,PHX,22.0,58,17.9,4.34,2.9,1.45,1.21,0.0,2.36,5.38,0.17,0.16,0.33,0.526,0.474,0.03,0.6,0.64,0.6,0.21,0.054,0.946,0.946,0.324,2024-25
1631172,Ousmane Dieng,1610612760,OKC,22.0,32,12.2,3.0,1.78,1.22,0.66,0.0,0.31,0.63,0.13,0.19,0.31,0.4,0.6,0.0,0.44,0.44,0.44,0.28,0.0,1.0,1.0,0.643,2024-25
200782,P.J. Tucker,1610612752,NYK,40.0,2,28.0,4.5,1.5,3.0,1.5,0.0,1.5,4.5,0.0,0.0,0.0,0.0,0.0,1.0,0.5,1.5,1.5,1.0,0.667,0.333,1.0,0.667,2024-25
1629023,P.J. Washington,1610612742,DAL,26.0,57,32.2,5.81,3.72,2.09,2.12,0.0,0.53,1.19,0.32,0.35,0.67,0.474,0.526,0.07,0.67,0.74,0.72,0.42,0.095,0.905,0.976,0.571,2024-25
1628408,PJ Dozier,1610612750,MIN,28.0,5,4.6,0.8,0.4,0.4,0.8,0.0,0.0,0.0,0.0,0.0,0.0,0.0,0.0,0.0,0.2,0.2,0.2,0.0,0.0,1.0,1.0,0.0,2024-25
1641790,PJ Hall,1610612743,DEN,23.0,14,3.9,1.36,0.64,0.71,0.07,0.0,0.29,0.64,0.14,0.0,0.14,1.0,0.0,0.14,0.29,0.43,0.43,0.29,0.333,0.667,1.0,0.667,2024-25
1642359,Pacôme Dadiet,1610612752,NYK,19.0,13,7.8,1.38,1.0,0.38,0.31,0.0,0.0,0.0,0.23,0.0,0.23,1.0,0.0,0.0,0.15,0.15,0.15,0.08,0.0,1.0,1.0,0.5,2024-25
1631094,Paolo Banchero,1610612753,ORL,22.0,46,34.4,5.89,3.0,2.89,1.28,0.02,0.74,1.61,0.35,0.2,0.54,0.64,0.36,0.07,0.57,0.63,0.63,0.3,0.103,0.897,1.0,0.483,2024-25
1627783,Pascal Siakam,1610612754,IND,31.0,78,32.7,6.23,3.46,2.77,2.05,0.0,1.0,2.36,0.49,0.35,0.83,0.585,0.415,0.22,0.97,1.19,1.15,0.63,0.183,0.817,0.968,0.527,2024-25
1626192,Pat Connaughton,1610612749,MIL,32.0,39,15.2,2.46,1.0,1.46,0.59,0.0,0.26,0.59,0.18,0.1,0.28,0.636,0.364,0.08,0.13,0.21,0.21,0.1,0.375,0.625,1.0,0.5,2024-25
1630311,Pat Spencer,1610612744,GSW,28.0,25,8.5,1.08,0.72,0.36,1.04,0.0,0.24,0.68,0.16,0.0,0.16,1.0,0.0,0.0,0.08,0.08,0.08,0.04,0.0,1.0,1.0,0.5,2024-25
1631116,Patrick Baldwin Jr.,1610612746,LAC,22.0,14,5.6,0.57,0.43,0.14,0.5,0.0,0.21,0.43,0.0,0.0,0.0,0.0,0.0,0.07,0.14,0.21,0.21,0.21,0.333,0.667,1.0,1.0,2024-25
1630172,Patrick Williams,1610612741,CHI,23.0,63,25.0,4.08,2.19,1.89,1.73,0.0,0.63,1.57,0.19,0.21,0.4,0.48,0.52,0.06,0.86,0.92,0.87,0.3,0.069,0.931,0.948,0.328,2024-25
201988,Patty Mills,1610612746,LAC,36.0,25,12.2,0.8,0.28,0.52,0.8,0.16,0.44,1.08,0.12,0.2,0.32,0.375,0.625,0.0,0.24,0.24,0.2,0.0,0.0,1.0,0.833,0.0,2024-25
202331,Paul George,1610612755,PHI,35.0,41,32.5,5.68,3.05,2.63,3.93,0.05,0.24,0.56,0.51,0.73,1.24,0.412,0.588,0.0,0.66,0.66,0.66,0.39,0.0,1.0,1.0,0.593,2024-25
1630194,Paul Reed,1610612765,DET,26.0,44,9.9,3.36,2.68,0.68,1.8,0.02,1.57,3.77,0.16,0.16,0.32,0.5,0.5,0.07,0.43,0.5,0.5,0.18,0.136,0.864,1.0,0.364,2024-25
1630202,Payton Pritchard,1610612738,BOS,27.0,79,28.6,1.87,1.03,0.85,1.41,0.03,0.32,0.78,0.41,0.34,0.75,0.542,0.458,0.09,0.35,0.44,0.44,0.18,0.2,0.8,1.0,0.4,2024-25
1641796,Pelle Larsson,1610612748,MIA,24.0,47,16.4,3.47,2.0,1.47,1.32,0.04,0.28,0.77,0.15,0.21,0.36,0.412,0.588,0.09,0.49,0.57,0.51,0.19,0.148,0.852,0.889,0.333,2024-25
1631250,Pete Nance,1610612749,MIL,25.0,10,13.4,4.1,2.6,1.5,0.6,0.0,1.8,4.3,0.1,0.0,0.1,1.0,0.0,0.2,1.0,1.2,1.2,0.5,0.167,0.833,1.0,0.417,2024-25
1631212,Peyton Watson,1610612743,DEN,22.0,68,24.3,5.41,3.66,1.75,1.43,0.01,0.56,1.35,0.21,0.31,0.51,0.4,0.6,0.0,0.26,0.26,0.26,0.09,0.0,1.0,1.0,0.333,2024-25
1630762,Phillip Wheeler,1610612755,PHI,23.0,3,11.5,2.33,1.0,1.33,0.67,0.0,0.0,0.0,0.0,0.0,0.0,0.0,0.0,0.0,0.0,0.0,0.0,0.0,0.0,0.0,0.0,0.0,2024-25
1630173,Precious Achiuwa,1610612752,NYK,25.0,56,20.8,5.8,3.8,2.0,1.41,0.0,2.05,4.59,0.27,0.18,0.45,0.6,0.4,0.41,0.64,1.05,1.05,0.71,0.39,0.61,1.0,0.678,2024-25
1629656,Quentin Grimes,1610612755,PHI,25.0,74,26.9,3.2,1.59,1.61,1.69,0.03,0.24,0.54,0.3,0.43,0.73,0.407,0.593,0.03,0.28,0.31,0.31,0.19,0.087,0.913,1.0,0.609,2024-25
1631245,Quenton Jackson,1610612754,IND,26.0,22,16.4,2.36,0.91,1.45,1.91,0.0,0.23,0.64,0.05,0.36,0.41,0.111,0.889,0.0,0.14,0.14,0.14,0.0,0.0,1.0,1.0,0.0,2024-25
1642439,Quincy Olivari,1610612747,LAL,24.0,1,8.2,1.0,0.0,1.0,0.0,0.0,0.0,0.0,0.0,0.0,0.0,0.0,0.0,0.0,0.0,0.0,0.0,0.0,0.0,0.0,0.0,0.0,2024-25
1642366,Quinten Post,1610612744,GSW,25.0,42,16.3,5.69,4.36,1.33,0.83,0.0,0.83,2.1,0.14,0.12,0.26,0.545,0.455,0.19,0.79,0.98,0.95,0.5,0.195,0.805,0.976,0.512,2024-25
1629628,RJ Barrett,1610612761,TOR,25.0,58,32.2,4.71,2.45,2.26,2.4,0.05,0.41,0.93,0.36,0.22,0.59,0.618,0.382,0.09,0.41,0.5,0.5,0.22,0.172,0.828,1.0,0.448,2024-25
1642484,RayJ Dennis,1610612754,IND,24.0,6,10.0,1.67,0.67,1.0,1.33,0.0,0.17,0.33,0.17,0.5,0.67,0.25,0.75,0.17,0.0,0.17,0.17,0.17,1.0,0.0,1.0,1.0,2024-25
1641712,Rayan Rupert,1610612757,POR,21.0,38,10.8,1.47,0.87,0.61,1.08,0.05,0.13,0.32,0.11,0.05,0.16,0.667,0.333,0.03,0.18,0.21,0.21,0.11,0.125,0.875,1.0,0.5,2024-25
1641736,Reece Beekman,1610612751,BKN,23.0,32,14.3,0.97,0.41,0.56,2.09,0.0,0.03,0.06,0.16,0.13,0.28,0.556,0.444,0.0,0.19,0.19,0.19,0.06,0.0,1.0,1.0,0.333,2024-25
1642263,Reed Sheppard,1610612745,HOU,21.0,50,12.9,1.8,0.88,0.92,1.96,0.0,0.12,0.28,0.04,0.2,0.24,0.167,0.833,0.0,0.1,0.1,0.1,0.04,0.0,1.0,1.0,0.4,2024-25
202704,Reggie Jackson,1610612755,PHI,35.0,28,13.1,2.25,1.07,1.18,0.93,0.04,0.18,0.43,0.14,0.11,0.25,0.571,0.429,0.0,0.07,0.07,0.07,0.04,0.0,1.0,1.0,0.5,2024-25
1626158,Richaun Holmes,1610612764,WAS,31.0,30,17.7,4.33,3.43,0.9,0.97,0.0,2.43,5.7,0.2,0.17,0.37,0.545,0.455,0.3,0.67,0.97,0.93,0.43,0.31,0.69,0.966,0.448,2024-25
1641741,Ricky Council IV,1610612755,PHI,23.0,63,19.0,2.03,0.92,1.11,1.4,0.02,0.29,0.63,0.21,0.11,0.32,0.65,0.35,0.03,0.21,0.24,0.24,0.19,0.133,0.867,1.0,0.8,2024-25
1642434,Riley Minix,1610612759,SAS,24.0,1,6.8,2.0,1.0,1.0,0.0,0.0,0.0,0.0,0.0,0.0,0.0,0.0,0.0,0.0,0.0,0.0,0.0,0.0,0.0,0.0,0.0,0.0,2024-25
1642265,Rob Dillingham,1610612750,MIN,20.0,36,13.1,1.36,0.69,0.67,0.97,0.0,0.14,0.33,0.14,0.14,0.28,0.5,0.5,0.0,0.06,0.06,0.06,0.03,0.0,1.0,1.0,0.5,2024-25
1629057,Robert Williams III,1610612757,POR,27.0,19,17.6,5.26,3.74,1.53,1.74,0.0,2.11,5.11,0.21,0.11,0.32,0.667,0.333,0.42,0.26,0.68,0.68,0.47,0.615,0.385,1.0,0.692,2024-25
1631199,Ron Harper Jr.,1610612765,DET,25.0,1,17.0,1.0,1.0,0.0,0.0,0.0,0.0,0.0,0.0,0.0,0.0,0.0,0.0,0.0,0.0,0.0,0.0,0.0,0.0,0.0,0.0,0.0,2024-25
1641842,Ronald Holland II,1610612765,DET,19.0,76,16.0,1.62,0.83,0.79,1.25,0.0,0.26,0.7,0.3,0.2,0.5,0.605,0.395,0.01,0.07,0.08,0.08,0.07,0.167,0.833,1.0,0.833,2024-25
1626220,Royce O'Neale,1610612756,PHX,32.0,73,24.8,2.34,1.26,1.08,1.51,0.0,0.45,1.1,0.19,0.27,0.47,0.412,0.588,0.04,0.42,0.47,0.47,0.23,0.088,0.912,1.0,0.5,2024-25
203497,Rudy Gobert,1610612750,MIN,33.0,72,33.2,9.92,7.74,2.18,1.75,0.01,4.78,12.08,0.28,0.07,0.35,0.8,0.2,0.81,1.26,2.07,2.07,1.46,0.389,0.611,1.0,0.705,2024-25
1629060,Rui Hachimura,1610612747,LAL,27.0,59,31.7,4.92,2.86,2.05,1.66,0.02,0.47,1.17,0.22,0.22,0.44,0.5,0.5,0.25,0.95,1.2,1.2,0.71,0.211,0.789,1.0,0.592,2024-25
201566,Russell Westbrook,1610612743,DEN,36.0,75,27.9,2.36,1.13,1.23,2.45,0.04,0.29,0.75,0.31,0.35,0.65,0.469,0.531,0.16,0.11,0.27,0.27,0.23,0.6,0.4,1.0,0.85,2024-25
1642346,Ryan Dunn,1610612756,PHX,22.0,71,19.5,4.46,2.44,2.03,1.37,0.0,0.27,0.66,0.28,0.14,0.42,0.667,0.333,0.01,0.2,0.21,0.21,0.08,0.067,0.933,1.0,0.4,2024-25
1631157,Ryan Rollins,1610612749,MIL,22.0,50,15.9,2.32,1.34,0.98,1.76,0.0,0.1,0.24,0.12,0.28,0.4,0.3,0.7,0.0,0.16,0.16,0.16,0.08,0.0,1.0,1.0,0.5,2024-25
1630573,Sam Hauser,1610612738,BOS,27.0,70,21.9,3.16,2.1,1.06,1.44,0.01,0.44,1.11,0.24,0.17,0.41,0.586,0.414,0.01,0.51,0.53,0.53,0.13,0.027,0.973,1.0,0.243,2024-25
1630241,Sam Merrill,1610612739,CLE,29.0,71,19.7,2.63,1.79,0.85,1.41,0.13,0.42,0.97,0.13,0.14,0.27,0.474,0.526,0.03,0.17,0.2,0.2,0.07,0.143,0.857,1.0,0.357,2024-25
1630572,Sandro Mamukelashvili,1610612759,SAS,26.0,54,12.3,3.57,2.39,1.19,0.78,0.0,0.65,1.56,0.26,0.17,0.43,0.609,0.391,0.11,0.5,0.61,0.61,0.31,0.182,0.818,1.0,0.515,2024-25
1630583,Santi Aldama,1610612763,MEM,24.0,65,25.5,4.77,2.92,1.85,1.28,0.02,0.32,0.74,0.22,0.23,0.45,0.483,0.517,0.11,0.45,0.55,0.55,0.32,0.194,0.806,1.0,0.583,2024-25
1630703,Scoot Henderson,1610612757,POR,21.0,66,26.7,2.61,1.05,1.56,2.71,0.0,0.15,0.35,0.44,0.32,0.76,0.58,0.42,0.02,0.23,0.24,0.24,0.09,0.063,0.938,1.0,0.375,2024-25
1630567,Scottie Barnes,1610612761,TOR,23.0,65,32.8,5.32,3.32,2.0,2.25,0.0,0.75,1.77,0.43,0.35,0.78,0.549,0.451,0.12,0.94,1.06,1.05,0.49,0.116,0.884,0.986,0.464,2024-25
1630590,Scotty Pippen Jr.,1610612763,MEM,24.0,79,21.3,2.24,0.95,1.29,2.68,0.06,0.14,0.38,0.3,0.39,0.7,0.436,0.564,0.01,0.18,0.19,0.18,0.06,0.067,0.933,0.933,0.333,2024-25
203552,Seth Curry,1610612766,CHA,34.0,58,16.9,1.28,0.43,0.84,0.95,0.03,0.38,0.9,0.17,0.22,0.4,0.435,0.565,0.0,0.28,0.28,0.28,0.09,0.0,1.0,1.0,0.313,2024-25
1631101,Shaedon Sharpe,1610612757,POR,22.0,72,31.3,2.97,1.26,1.71,1.22,0.03,0.13,0.31,0.22,0.28,0.5,0.444,0.556,0.03,0.32,0.35,0.35,0.14,0.08,0.92,1.0,0.4,2024-25
1628983,Shai Gilgeous-Alexander,1610612760,OKC,26.0,76,34.2,5.43,2.91,2.53,2.78,0.01,0.26,0.61,0.43,0.51,0.95,0.458,0.542,0.0,0.53,0.53,0.53,0.22,0.0,1.0,1.0,0.425,2024-25
1629003,Shake Milton,1610612747,LAL,28.0,46,17.0,1.46,0.7,0.76,1.17,0.09,0.28,0.7,0.17,0.07,0.24,0.727,0.273,0.0,0.13,0.13,0.13,0.07,0.0,1.0,1.0,0.5,2024-25
1631321,Sidy Cissoko,1610612757,POR,21.0,7,10.9,1.14,0.57,0.57,0.57,0.0,0.14,0.29,0.29,0.29,0.57,0.5,0.5,0.0,0.14,0.14,0.14,0.14,0.0,1.0,1.0,1.0,2024-25
1631323,Simone Fontecchio,1610612765,DET,29.0,72,16.6,2.43,1.31,1.13,1.06,0.01,0.46,1.13,0.14,0.21,0.35,0.4,0.6,0.18,0.51,0.69,0.68,0.35,0.26,0.74,0.98,0.5,2024-25
1627746,Skal Labissiere,1610612758,SAC,29.0,2,5.0,1.0,0.5,0.5,0.0,0.0,1.0,3.0,0.5,0.0,0.5,1.0,0.0,0.0,0.5,0.5,0.5,0.0,0.0,1.0,1.0,0.0,2024-25
203915,Spencer Dinwiddie,1610612742,DAL,32.0,76,27.7,3.07,1.51,1.55,1.17,0.0,0.38,0.88,0.17,0.21,0.38,0.448,0.552,0.0,0.41,0.41,0.41,0.2,0.0,1.0,1.0,0.484,2024-25
1642461,Spencer Jones,1610612743,DEN,24.0,13,8.6,1.54,0.69,0.85,0.85,0.0,0.15,0.38,0.31,0.0,0.31,1.0,0.0,0.23,0.46,0.69,0.69,0.46,0.333,0.667,1.0,0.667,2024-25
1630649,Stanley Umude,1610612749,MIL,26.0,17,4.7,1.24,0.71,0.53,0.47,0.0,0.0,0.0,0.06,0.12,0.18,0.333,0.667,0.0,0.0,0.0,0.0,0.0,0.0,0.0,0.0,0.0,2024-25
201939,Stephen Curry,1610612744,GSW,37.0,70,32.2,3.23,1.46,1.77,2.27,0.09,0.71,1.59,0.36,0.34,0.7,0.51,0.49,0.01,0.3,0.31,0.27,0.11,0.045,0.955,0.864,0.364,2024-25
1642264,Stephon Castle,1610612759,SAS,20.0,80,26.9,3.84,2.1,1.74,1.78,0.0,0.28,0.75,0.36,0.31,0.68,0.537,0.463,0.0,0.08,0.08,0.06,0.03,0.0,1.0,1.0,0.4,2024-25
203500,Steven Adams,1610612745,HOU,31.0,56,14.2,4.05,3.16,0.89,0.66,0.0,2.54,5.71,0.38,0.16,0.54,0.7,0.3,1.16,1.0,2.16,2.05,1.39,0.537,0.463,0.95,0.645,2024-25
1629004,Svi Mykhailiuk,1610612762,UTA,28.0,36,20.8,2.42,1.36,1.06,1.56,0.0,0.28,0.75,0.31,0.11,0.42,0.733,0.267,0.03,0.03,0.06,0.06,0.06,0.5,0.5,1.0,1.0,2024-25
204456,T.J. McConnell,1610612754,IND,33.0,78,18.1,1.62,0.58,1.04,2.13,0.1,0.01,0.03,0.23,0.32,0.55,0.419,0.581,0.0,0.05,0.05,0.05,0.01,0.0,1.0,1.0,0.25,2024-25
201959,Taj Gibson,1610612766,CHA,40.0,35,11.5,3.49,2.51,0.97,0.54,0.03,1.51,3.54,0.23,0.09,0.31,0.727,0.273,0.49,0.77,1.26,1.2,0.69,0.386,0.614,0.955,0.545,2024-25
1629659,Talen Horton-Tucker,1610612741,CHI,24.0,50,14.1,2.36,0.9,1.46,1.12,0.04,0.12,0.28,0.12,0.06,0.18,0.667,0.333,0.02,0.32,0.34,0.34,0.12,0.059,0.941,1.0,0.353,2024-25
1631106,Tari Eason,1610612745,HOU,24.0,57,24.9,4.91,3.04,1.88,2.47,0.0,0.14,0.35,0.42,0.54,0.96,0.436,0.564,0.19,0.54,0.74,0.74,0.51,0.262,0.738,1.0,0.69,2024-25
1627752,Taurean Prince,1610612749,MIL,31.0,80,27.1,2.45,1.23,1.23,1.98,0.05,0.15,0.33,0.14,0.15,0.29,0.478,0.522,0.04,0.38,0.41,0.41,0.19,0.091,0.909,1.0,0.455,2024-25
1641707,Taylor Hendricks,1610612762,UTA,21.0,3,24.8,3.33,2.0,1.33,2.67,0.0,0.0,0.0,0.0,0.67,0.67,0.0,1.0,0.0,0.0,0.0,0.0,0.0,0.0,0.0,0.0,0.0,2024-25
1631386,Taze Moore,1610612757,POR,27.0,2,9.9,0.5,0.5,0.0,2.5,0.0,0.0,0.0,0.0,0.0,0.0,0.0,0.0,0.0,1.0,1.0,1.0,0.5,0.0,1.0,1.0,0.5,2024-25
1629611,Terance Mann,1610612737,ATL,28.0,67,21.1,2.63,1.45,1.18,1.69,0.0,0.52,1.21,0.1,0.18,0.28,0.368,0.632,0.1,0.25,0.36,0.34,0.18,0.292,0.708,0.958,0.5,2024-25
1629056,Terence Davis,1610612758,SAC,28.0,1,7.9,1.0,0.0,1.0,0.0,0.0,0.0,0.0,0.0,0.0,0.0,0.0,0.0,0.0,0.0,0.0,0.0,0.0,0.0,0.0,0.0,0.0,2024-25
1630545,Terrence Shannon Jr.,1610612750,MIN,24.0,27,12.0,2.0,0.89,1.11,0.85,0.0,0.26,0.56,0.0,0.3,0.3,0.0,1.0,0.07,0.26,0.33,0.33,0.15,0.222,0.778,1.0,0.444,2024-25
1626179,Terry Rozier,1610612748,MIA,31.0,60,26.7,2.83,1.03,1.8,1.12,0.03,0.33,0.77,0.37,0.23,0.6,0.611,0.389,0.0,0.18,0.18,0.17,0.03,0.0,1.0,0.909,0.182,2024-25
1628418,Thomas Bryant,1610612754,IND,27.0,65,14.8,3.85,3.22,0.63,0.94,0.02,1.63,3.6,0.12,0.08,0.2,0.615,0.385,0.34,0.88,1.22,1.15,0.74,0.278,0.722,0.949,0.608,2024-25
1642275,Tidjane Salaün,1610612766,CHA,19.0,60,20.7,2.6,1.37,1.23,1.23,0.07,0.47,1.13,0.1,0.23,0.33,0.3,0.7,0.13,0.37,0.5,0.45,0.32,0.267,0.733,0.931,0.655,2024-25
203501,Tim Hardaway Jr.,1610612765,DET,33.0,76,28.2,3.38,1.54,1.84,0.82,0.24,0.89,1.99,0.18,0.24,0.42,0.438,0.563,0.01,0.3,0.32,0.32,0.04,0.042,0.958,1.0,0.125,2024-25
202699,Tobias Harris,1610612765,DET,32.0,73,31.6,4.92,2.59,2.33,1.64,0.0,0.92,2.19,0.22,0.29,0.51,0.432,0.568,0.11,0.97,1.08,1.08,0.52,0.101,0.899,1.0,0.481,2024-25
1642449,Tolu Smith,1610612765,DET,24.0,1,22.4,8.0,5.0,3.0,0.0,0.0,4.0,11.0,0.0,0.0,0.0,0.0,0.0,3.0,0.0,3.0,3.0,3.0,1.0,0.0,1.0,1.0,2024-25
1628396,Tony Bradley,1610612754,IND,27.0,11,9.8,3.64,2.91,0.73,0.91,0.0,1.45,3.45,0.09,0.09,0.18,0.5,0.5,0.09,0.91,1.0,0.82,0.36,0.091,0.909,0.9,0.4,2024-25
1628470,Torrey Craig,1610612738,BOS,34.0,25,12.5,2.2,1.04,1.16,1.08,0.04,0.48,1.24,0.2,0.2,0.4,0.5,0.5,0.2,0.12,0.32,0.32,0.24,0.625,0.375,1.0,0.75,2024-25
1641787,Tosan Evbuomwan,1610612751,BKN,24.0,28,23.7,4.39,2.89,1.5,1.75,0.07,0.29,0.71,0.21,0.25,0.46,0.462,0.538,0.07,0.36,0.43,0.43,0.14,0.167,0.833,1.0,0.333,2024-25
1641739,Toumani Camara,1610612757,POR,25.0,78,32.7,5.0,3.08,1.92,2.72,0.4,1.22,2.99,0.4,0.35,0.74,0.534,0.466,0.32,0.71,1.03,0.99,0.36,0.313,0.688,0.963,0.35,2024-25
1629027,Trae Young,1610612737,ATL,26.0,75,36.1,1.52,0.39,1.13,2.04,0.07,0.23,0.51,0.33,0.31,0.64,0.521,0.479,0.0,0.16,0.16,0.16,0.04,0.0,1.0,1.0,0.25,2024-25
1631218,Trayce Jackson-Davis,1610612744,GSW,25.0,58,16.5,5.67,4.16,1.52,0.76,0.0,2.34,5.79,0.31,0.07,0.38,0.818,0.182,0.22,0.97,1.19,1.16,0.71,0.188,0.812,0.971,0.594,2024-25
1630200,Tre Jones,1610612741,CHI,25.0,43,20.1,1.58,0.84,0.74,1.49,0.07,0.12,0.28,0.16,0.16,0.33,0.5,0.5,0.0,0.19,0.19,0.19,0.05,0.0,1.0,1.0,0.25,2024-25
1630544,Tre Mann,1610612766,CHA,24.0,13,24.5,2.85,1.46,1.38,1.23,0.0,0.31,0.85,0.46,0.08,0.54,0.857,0.143,0.0,0.0,0.0,0.0,0.0,0.0,0.0,0.0,0.0,2024-25
1630570,Trendon Watford,1610612751,BKN,24.0,43,21.2,3.84,2.05,1.79,1.47,0.07,0.35,0.88,0.3,0.21,0.51,0.591,0.409,0.0,0.42,0.42,0.42,0.19,0.0,1.0,1.0,0.444,2024-25
1642280,Trentyn Flowers,1610612746,LAC,20.0,1,6.4,1.0,1.0,0.0,1.0,0.0,0.0,0.0,0.0,0.0,0.0,0.0,0.0,0.0,0.0,0.0,0.0,0.0,0.0,0.0,0.0,0.0,2024-25
1630243,Trevelin Queen,1610612753,ORL,28.0,25,16.7,3.48,2.04,1.44,3.08,0.0,0.32,0.76,0.28,0.2,0.48,0.583,0.417,0.04,0.12,0.16,0.16,0.04,0.25,0.75,1.0,0.25,2024-25
1641725,Trey Alexander,1610612743,DEN,22.0,14,6.7,1.21,0.79,0.43,0.57,0.0,0.0,0.0,0.07,0.07,0.14,0.5,0.5,0.0,0.07,0.07,0.07,0.0,0.0,1.0,1.0,0.0,2024-25
1641998,Trey Jemison III,1610612747,LAL,25.0,34,11.3,3.62,2.35,1.26,0.65,0.0,1.26,2.91,0.26,0.06,0.32,0.818,0.182,0.15,0.76,0.91,0.82,0.38,0.161,0.839,0.933,0.433,2024-25
1626168,Trey Lyles,1610612758,SAC,29.0,69,19.6,3.97,2.3,1.67,1.14,0.14,0.84,2.07,0.22,0.19,0.41,0.536,0.464,0.17,0.65,0.83,0.81,0.45,0.211,0.789,0.982,0.544,2024-25
1630530,Trey Murphy III,1610612740,NOP,25.0,53,35.0,5.36,3.0,2.36,2.36,0.0,0.43,0.98,0.3,0.26,0.57,0.533,0.467,0.0,0.36,0.36,0.36,0.13,0.0,1.0,1.0,0.368,2024-25
202684,Tristan Thompson,1610612739,CLE,34.0,37,8.6,2.59,1.76,0.84,0.27,0.0,1.16,2.76,0.03,0.11,0.14,0.2,0.8,0.11,0.49,0.59,0.57,0.3,0.182,0.818,0.955,0.5,2024-25
1641774,Tristan Vukcevic,1610612764,WAS,22.0,31,15.8,4.9,3.52,1.39,1.19,0.13,1.26,2.87,0.16,0.0,0.16,1.0,0.0,0.06,0.58,0.65,0.65,0.42,0.1,0.9,1.0,0.65,2024-25
1641783,Tristan da Silva,1610612753,ORL,24.0,74,22.0,3.3,2.09,1.2,1.01,0.0,0.3,0.7,0.27,0.11,0.38,0.714,0.286,0.07,0.62,0.69,0.66,0.23,0.098,0.902,0.961,0.333,2024-25
1641803,Tristen Newton,1610612750,MIN,24.0,3,2.8,0.67,0.0,0.67,1.0,0.0,0.0,0.0,0.0,0.0,0.0,0.0,0.0,0.0,0.0,0.0,0.0,0.0,0.0,0.0,0.0,0.0,2024-25
1629660,Ty Jerome,1610612739,CLE,27.0,70,19.9,1.97,0.83,1.14,2.31,0.0,0.26,0.59,0.13,0.23,0.36,0.36,0.64,0.0,0.16,0.16,0.16,0.09,0.0,1.0,1.0,0.545,2024-25
1631102,TyTy Washington Jr.,1610612756,PHX,23.0,7,14.2,1.57,0.71,0.86,1.43,0.0,0.0,0.0,0.14,0.57,0.71,0.2,0.8,0.0,0.71,0.71,0.57,0.29,0.0,1.0,0.8,0.4,2024-25
1629639,Tyler Herro,1610612748,MIA,25.0,77,35.4,3.35,1.94,1.42,1.6,0.0,0.29,0.66,0.31,0.35,0.66,0.471,0.529,0.0,0.35,0.35,0.35,0.09,0.0,1.0,1.0,0.259,2024-25
1642278,Tyler Kolek,1610612752,NYK,24.0,22,11.4,1.45,0.82,0.64,0.86,0.05,0.05,0.14,0.14,0.05,0.18,0.75,0.25,0.0,0.14,0.14,0.14,0.0,0.0,1.0,1.0,0.0,2024-25
1641890,Tyler Smith,1610612749,MIL,20.0,14,7.4,1.64,0.79,0.86,0.64,0.07,0.29,0.71,0.14,0.07,0.21,0.667,0.333,0.0,0.14,0.14,0.14,0.0,0.0,1.0,1.0,0.0,2024-25
1630169,Tyrese Haliburton,1610612754,IND,25.0,72,33.6,3.57,1.64,1.93,2.9,0.0,0.43,1.0,0.29,0.39,0.68,0.429,0.571,0.0,0.21,0.21,0.21,0.14,0.0,1.0,1.0,0.667,2024-25
1631213,Tyrese Martin,1610612751,BKN,26.0,58,22.6,3.12,1.47,1.66,1.14,0.0,0.22,0.53,0.19,0.26,0.45,0.423,0.577,0.07,0.24,0.31,0.31,0.17,0.222,0.778,1.0,0.556,2024-25
1630178,Tyrese Maxey,1610612755,PHI,24.0,52,37.7,3.42,1.6,1.83,2.65,0.02,0.25,0.6,0.25,0.42,0.67,0.371,0.629,0.0,0.31,0.31,0.29,0.12,0.0,1.0,0.938,0.375,2024-25
1630623,Tyson Etienne,1610612751,BKN,25.0,7,21.6,1.43,0.43,1.0,1.71,0.0,0.0,0.0,0.0,0.14,0.14,0.0,1.0,0.0,0.43,0.43,0.43,0.14,0.0,1.0,1.0,0.333,2024-25
1626145,Tyus Jones,1610612756,PHX,29.0,79,26.8,1.92,0.58,1.34,1.53,0.0,0.37,0.82,0.23,0.15,0.38,0.6,0.4,0.0,0.15,0.15,0.15,0.06,0.0,1.0,1.0,0.417,2024-25
1642279,Ulrich Chomche,1610612761,TOR,19.0,6,5.2,1.83,1.5,0.33,0.17,0.0,0.67,1.33,0.17,0.0,0.17,1.0,0.0,0.33,0.33,0.67,0.67,0.5,0.5,0.5,1.0,0.75,2024-25
203995,Vasilije Micic,1610612756,PHX,31.0,29,21.4,0.93,0.48,0.45,0.93,0.03,0.24,0.66,0.1,0.28,0.38,0.273,0.727,0.0,0.28,0.28,0.28,0.03,0.0,1.0,1.0,0.125,2024-25
1641705,Victor Wembanyama,1610612759,SAS,21.0,46,33.2,10.7,8.13,2.57,3.37,0.17,1.39,3.2,0.3,0.37,0.67,0.452,0.548,0.09,0.57,0.65,0.65,0.43,0.133,0.867,1.0,0.667,2024-25
1631246,Vince Williams Jr.,1610612763,MEM,24.0,25,18.7,2.12,1.24,0.88,1.44,0.04,0.36,0.8,0.12,0.16,0.28,0.429,0.571,0.04,0.16,0.2,0.2,0.0,0.2,0.8,1.0,0.0,2024-25
1628427,Vlatko Cancar,1610612743,DEN,28.0,9,14.0,3.0,1.67,1.33,0.67,0.0,0.22,0.56,0.0,0.0,0.0,0.0,0.0,0.22,0.33,0.56,0.56,0.56,0.4,0.6,1.0,1.0,2024-25
1630249,Vít Krejčí,1610612737,ATL,25.0,54,21.0,4.0,2.5,1.5,1.07,0.02,0.15,0.39,0.22,0.17,0.39,0.571,0.429,0.02,0.22,0.24,0.24,0.07,0.077,0.923,1.0,0.308,2024-25
1631117,Walker Kessler,1610612762,UTA,23.0,58,30.0,12.93,9.12,3.81,1.59,0.0,2.88,6.93,0.52,0.17,0.69,0.75,0.25,1.07,1.5,2.57,2.57,2.07,0.416,0.584,1.0,0.805,2024-25
1628976,Wendell Carter Jr.,1610612753,ORL,26.0,68,25.9,6.0,4.21,1.79,1.31,0.03,2.18,4.87,0.28,0.19,0.47,0.594,0.406,0.53,1.26,1.79,1.76,1.06,0.295,0.705,0.984,0.59,2024-25
1631111,Wendell Moore Jr.,1610612766,CHA,23.0,30,16.2,1.4,0.77,0.63,1.57,0.0,0.1,0.23,0.13,0.1,0.23,0.571,0.429,0.0,0.17,0.17,0.13,0.07,0.0,1.0,0.8,0.4,2024-25
1630214,Xavier Tillman,1610612738,BOS,26.0,25,8.2,2.52,1.4,1.12,0.72,0.0,0.52,1.4,0.08,0.12,0.2,0.4,0.6,0.04,0.2,0.24,0.24,0.16,0.167,0.833,1.0,0.667,2024-25
1642530,Yuki Kawamura,1610612763,MEM,24.0,10,6.9,0.8,0.2,0.6,0.6,0.0,0.0,0.0,0.0,0.1,0.1,0.0,1.0,0.0,0.0,0.0,0.0,0.0,0.0,0.0,0.0,0.0,2024-25
1641879,Yuri Collins,1610612744,GSW,24.0,2,8.2,0.0,0.0,0.0,0.5,0.0,0.0,0.0,0.5,0.5,1.0,0.5,0.5,0.0,0.0,0.0,0.0,0.0,0.0,0.0,0.0,0.0,2024-25
1642274,Yves Missi,1610612740,NOP,21.0,73,26.8,8.47,5.84,2.63,1.05,0.0,3.47,7.89,0.4,0.21,0.6,0.659,0.341,0.45,1.0,1.45,1.44,0.78,0.311,0.689,0.991,0.538,2024-25
1642258,Zaccharie Risacher,1610612737,ATL,20.0,75,24.6,4.93,2.87,2.07,1.59,0.0,0.32,0.81,0.2,0.2,0.4,0.5,0.5,0.01,0.25,0.27,0.25,0.03,0.05,0.95,0.95,0.1,2024-25
1628380,Zach Collins,1610612741,CHI,27.0,63,15.5,5.52,4.22,1.3,0.89,0.03,2.08,4.6,0.21,0.11,0.32,0.65,0.35,0.38,0.73,1.11,1.08,0.67,0.343,0.657,0.971,0.6,2024-25
1641744,Zach Edey,1610612763,MEM,23.0,65,21.7,7.72,5.85,1.88,0.71,0.0,2.37,5.28,0.4,0.22,0.62,0.65,0.35,1.08,1.62,2.69,2.69,1.75,0.4,0.6,1.0,0.651,2024-25
203897,Zach LaVine,1610612758,SAC,30.0,74,35.2,4.7,1.58,3.12,1.36,0.01,0.49,1.14,0.22,0.24,0.46,0.471,0.529,0.04,0.08,0.12,0.12,0.08,0.333,0.667,1.0,0.667,2024-25
1630192,Zeke Nnaji,1610612743,DEN,24.0,49,11.8,3.78,2.41,1.37,0.82,0.02,0.67,1.73,0.08,0.14,0.22,0.364,0.636,0.06,0.39,0.45,0.45,0.2,0.136,0.864,1.0,0.455,2024-25
1630533,Ziaire Williams,1610612751,BKN,23.0,62,24.7,3.76,1.74,2.02,2.69,0.0,0.27,0.68,0.24,0.16,0.4,0.6,0.4,0.08,0.27,0.35,0.35,0.21,0.227,0.773,1.0,0.591,2024-25
1629627,Zion Williamson,1610612740,NOP,24.0,30,28.6,4.13,1.67,2.47,2.63,0.0,0.87,2.0,0.7,0.37,1.07,0.656,0.344,0.2,0.43,0.63,0.63,0.47,0.316,0.684,1.0,0.737,2024-25
1642389,Zyon Pullin,1610612763,MEM,24.0,1,0.8,1.0,1.0,0.0,0.0,0.0,0.0,0.0,0.0,0.0,0.0,0.0,0.0,0.0,0.0,0.0,0.0,0.0,0.0,0.0,0.0,0.0,2024-25
1630639,A.J. Lawson,1610612761,TOR,25.0,16,10.8,1.25,0.75,0.5,1.0,0.06,0.06,0.13,0.0,0.13,0.13,0.0,1.0,0.0,0.38,0.38,0.38,0.19,0.0,1.0,1.0,0.5,2025-26
1631260,AJ Green,1610612749,MIL,26.0,78,29.1,3.9,2.19,1.71,1.41,0.04,0.36,0.82,0.14,0.33,0.47,0.297,0.703,0.0,0.46,0.46,0.46,0.12,0.0,1.0,1.0,0.25,2025-26
1642358,AJ Johnson,1610612742,DAL,21.0,31,12.3,2.06,1.1,0.97,0.71,0.0,0.1,0.19,0.13,0.0,0.13,1.0,0.0,0.0,0.03,0.03,0.03,0.0,0.0,1.0,1.0,0.0,2025-26
203932,Aaron Gordon,1610612743,DEN,30.0,36,27.9,2.83,1.86,0.97,0.75,0.0,1.0,2.47,0.17,0.25,0.42,0.4,0.6,0.11,0.28,0.39,0.39,0.31,0.286,0.714,1.0,0.786,2025-26
1628988,Aaron Holiday,1610612745,HOU,29.0,49,15.1,2.08,1.0,1.08,0.8,0.04,0.12,0.27,0.04,0.16,0.2,0.2,0.8,0.0,0.14,0.14,0.14,0.04,0.0,1.0,1.0,0.286,2025-26
1630174,Aaron Nesmith,1610612754,IND,26.0,45,29.7,5.56,3.33,2.22,1.11,0.09,0.6,1.2,0.36,0.24,0.6,0.593,0.407,0.02,0.22,0.24,0.24,0.11,0.091,0.909,1.0,0.455,2025-26
1630598,Aaron Wiggins,1610612760,OKC,27.0,62,22.2,4.21,2.32,1.89,1.82,0.02,0.29,0.61,0.21,0.34,0.55,0.382,0.618,0.02,0.26,0.27,0.27,0.19,0.059,0.941,1.0,0.706,2025-26
1642846,Ace Bailey,1610612762,UTA,19.0,72,27.6,4.81,2.64,2.17,1.54,0.0,0.25,0.53,0.36,0.19,0.56,0.65,0.35,0.04,0.33,0.38,0.38,0.14,0.111,0.889,1.0,0.37,2025-26
1642380,Adama Bal,1610612763,MEM,22.0,8,30.2,4.25,2.25,2.0,1.38,0.0,0.63,1.63,0.0,0.0,0.0,0.0,0.0,0.0,0.25,0.25,0.25,0.0,0.0,1.0,1.0,0.0,2025-26
1641737,Adem Bona,1610612755,PHI,23.0,70,17.5,5.36,3.73,1.63,1.17,0.0,1.6,3.87,0.16,0.26,0.41,0.379,0.621,0.5,0.43,0.93,0.93,0.6,0.538,0.462,1.0,0.646,2025-26
1642876,Adou Thiero,1610612747,LAL,22.0,20,6.8,0.9,0.8,0.1,0.75,0.0,0.15,0.4,0.1,0.1,0.2,0.5,0.5,0.0,0.1,0.1,0.1,0.0,0.0,1.0,1.0,0.0,2025-26
1642349,Ajay Mitchell,1610612760,OKC,24.0,56,26.2,3.46,2.2,1.27,2.3,0.02,0.18,0.41,0.25,0.39,0.64,0.389,0.611,0.02,0.3,0.32,0.32,0.14,0.056,0.944,1.0,0.444,2025-26
201143,Al Horford,1610612744,GSW,40.0,45,21.5,6.62,4.16,2.47,1.18,0.0,1.04,2.51,0.2,0.2,0.4,0.5,0.5,0.09,0.76,0.84,0.84,0.76,0.105,0.895,1.0,0.895,2025-26
1630828,Alex Antetokounmpo,1610612749,MIL,24.0,2,4.3,1.0,0.5,0.5,0.0,0.0,0.0,0.0,0.0,0.0,0.0,0.0,0.0,1.0,0.0,1.0,1.0,1.0,1.0,0.0,1.0,1.0,2025-26
1627936,Alex Caruso,1610612760,OKC,32.0,56,18.2,2.36,0.98,1.38,3.07,0.04,0.66,1.5,0.16,0.32,0.48,0.333,0.667,0.0,0.38,0.38,0.38,0.21,0.0,1.0,1.0,0.571,2025-26
1631457,Alex Morales,1610612753,ORL,28.0,3,6.1,0.67,0.0,0.67,0.0,0.0,0.33,0.67,0.0,0.0,0.0,0.0,0.0,0.0,0.33,0.33,0.33,0.0,0.0,1.0,1.0,0.0,2025-26
1642259,Alex Sarr,1610612764,WAS,21.0,48,27.2,9.38,7.27,2.1,1.5,0.0,3.58,8.33,0.25,0.21,0.46,0.545,0.455,0.54,0.77,1.31,1.31,1.08,0.413,0.587,1.0,0.825,2025-26
1642918,Alijah Martin,1610612761,TOR,24.0,14,8.5,2.07,1.43,0.64,1.07,0.0,0.14,0.29,0.14,0.29,0.43,0.333,0.667,0.07,0.07,0.14,0.14,0.14,0.5,0.5,1.0,1.0,2025-26
1631214,Alondes Williams,1610612764,WAS,27.0,3,30.5,3.33,2.33,1.0,1.33,0.0,0.0,0.0,0.0,0.0,0.0,0.0,0.0,0.0,0.0,0.0,0.0,0.0,0.0,0.0,0.0,0.0,2025-26
1630578,Alperen Sengun,1610612745,HOU,23.0,71,33.8,8.68,5.92,2.76,2.31,0.08,2.24,5.2,0.48,0.25,0.73,0.654,0.346,0.69,0.99,1.68,1.63,1.17,0.412,0.588,0.983,0.703,2025-26
1642873,Amari Williams,1610612738,BOS,24.0,14,9.6,3.0,2.0,1.0,0.29,0.0,0.93,2.5,0.0,0.0,0.0,0.0,0.0,0.21,0.5,0.71,0.71,0.29,0.3,0.7,1.0,0.4,2025-26
1641708,Amen Thompson,1610612745,HOU,23.0,79,37.4,3.8,2.52,1.28,2.7,0.01,0.46,1.1,0.43,0.42,0.85,0.507,0.493,0.2,0.28,0.48,0.48,0.34,0.421,0.579,1.0,0.711,2025-26
1629599,Amir Coffey,1610612756,PHX,29.0,35,12.5,1.2,0.71,0.49,0.71,0.03,0.06,0.14,0.17,0.09,0.26,0.667,0.333,0.0,0.17,0.17,0.17,0.06,0.0,1.0,1.0,0.333,2025-26
1643158,Andersson Garcia,1610612762,UTA,25.0,5,33.8,4.8,3.8,1.0,4.0,0.0,1.6,4.0,0.8,0.2,1.0,0.8,0.2,0.2,0.8,1.0,1.0,0.6,0.2,0.8,1.0,0.6,2025-26
203083,Andre Drummond,1610612755,PHI,32.0,62,19.8,5.18,3.74,1.44,1.53,0.0,1.82,4.16,0.15,0.1,0.24,0.6,0.4,0.95,0.53,1.48,1.48,1.35,0.641,0.359,1.0,0.913,2025-26
1641748,Andre Jackson Jr.,1610612749,MIL,24.0,36,10.2,1.14,0.58,0.56,0.94,0.0,0.39,0.86,0.17,0.17,0.33,0.5,0.5,0.11,0.06,0.17,0.17,0.08,0.667,0.333,1.0,0.5,2025-26
1629614,Andrew Nembhard,1610612754,IND,26.0,57,31.3,2.47,1.58,0.89,1.65,0.02,0.46,1.0,0.32,0.23,0.54,0.581,0.419,0.0,0.26,0.26,0.26,0.04,0.0,1.0,1.0,0.133,2025-26
203952,Andrew Wiggins,1610612748,MIA,31.0,68,30.3,7.57,4.01,3.56,2.24,0.0,0.12,0.28,0.35,0.22,0.57,0.615,0.385,0.15,0.59,0.74,0.69,0.31,0.2,0.8,0.94,0.42,2025-26
1629014,Anfernee Simons,1610612741,CHI,27.0,54,25.0,2.93,1.54,1.39,1.22,0.0,0.19,0.41,0.07,0.17,0.24,0.308,0.692,0.0,0.07,0.07,0.07,0.02,0.0,1.0,1.0,0.25,2025-26
1641710,Anthony Black,1610612753,ORL,22.0,64,29.8,4.16,2.22,1.94,3.03,0.05,0.3,0.72,0.13,0.33,0.45,0.276,0.724,0.0,0.33,0.33,0.33,0.11,0.0,1.0,1.0,0.333,2025-26
203076,Anthony Davis,1610612764,WAS,33.0,20,31.3,9.7,6.65,3.05,2.4,0.1,2.7,5.75,0.15,0.05,0.2,0.75,0.25,0.75,0.85,1.6,1.6,1.4,0.469,0.531,1.0,0.875,2025-26
1630162,Anthony Edwards,1610612750,MIN,24.0,61,35.0,4.11,2.43,1.69,2.18,0.0,0.11,0.31,0.39,0.25,0.64,0.615,0.385,0.0,0.28,0.28,0.28,0.15,0.0,1.0,1.0,0.529,2025-26
1630264,Anthony Gill,1610612764,WAS,33.0,46,20.2,4.8,2.67,2.13,1.61,0.02,1.72,3.91,0.11,0.11,0.22,0.5,0.5,0.37,0.63,1.0,1.0,0.67,0.37,0.63,1.0,0.674,2025-26
1641810,Antonio Reeves,1610612766,CHA,25.0,5,9.8,1.8,0.8,1.0,0.2,0.0,0.0,0.0,0.0,0.0,0.0,0.0,0.0,0.0,0.4,0.4,0.4,0.2,0.0,1.0,1.0,0.5,2025-26
1630574,Ariel Hukporti,1610612752,NYK,24.0,48,10.0,3.65,2.56,1.08,0.35,0.0,1.23,2.79,0.15,0.1,0.25,0.583,0.417,0.31,0.5,0.81,0.81,0.6,0.385,0.615,1.0,0.744,2025-26
1642854,Asa Newell,1610612737,ATL,20.0,38,12.6,3.37,2.08,1.29,0.39,0.0,0.61,1.32,0.13,0.13,0.26,0.5,0.5,0.13,0.39,0.53,0.53,0.34,0.25,0.75,1.0,0.65,2025-26
1641709,Ausar Thompson,1610612765,DET,23.0,73,26.0,4.23,2.19,2.04,4.4,0.03,0.51,1.21,0.38,0.45,0.84,0.459,0.541,0.15,0.14,0.29,0.27,0.21,0.524,0.476,1.0,0.75,2025-26
1630559,Austin Reaves,1610612747,LAL,28.0,51,34.5,3.0,1.63,1.37,2.24,0.29,0.31,0.71,0.39,0.39,0.78,0.5,0.5,0.0,0.24,0.24,0.24,0.06,0.0,1.0,1.0,0.25,2025-26
1630245,Ayo Dosunmu,1610612750,MIN,26.0,67,27.4,3.7,2.19,1.51,1.24,0.06,0.15,0.39,0.3,0.27,0.57,0.526,0.474,0.01,0.24,0.25,0.25,0.13,0.059,0.941,1.0,0.529,2025-26
1628389,Bam Adebayo,1610612748,MIA,28.0,73,32.4,6.82,4.11,2.71,2.41,0.03,1.16,2.59,0.3,0.22,0.52,0.579,0.421,0.3,1.89,2.19,2.12,1.44,0.138,0.863,0.969,0.656,2025-26
1631248,Baylor Scheierman,1610612738,BOS,25.0,74,19.2,2.26,1.24,1.01,1.34,0.07,0.26,0.64,0.24,0.11,0.35,0.692,0.308,0.07,0.24,0.31,0.31,0.18,0.217,0.783,1.0,0.565,2025-26
1642879,Ben Saraf,1610612751,BKN,20.0,42,21.7,3.62,2.33,1.29,1.81,0.02,0.17,0.45,0.33,0.12,0.45,0.737,0.263,0.02,0.21,0.24,0.24,0.12,0.1,0.9,1.0,0.5,2025-26
1641767,Ben Sheppard,1610612754,IND,24.0,65,21.4,2.6,1.77,0.83,1.12,0.0,0.14,0.31,0.25,0.14,0.38,0.64,0.36,0.0,0.26,0.26,0.26,0.08,0.0,1.0,1.0,0.294,2025-26
1631097,Bennedict Mathurin,1610612746,LAC,24.0,54,30.0,2.65,1.54,1.11,1.26,0.02,0.2,0.44,0.2,0.15,0.35,0.579,0.421,0.11,0.41,0.52,0.52,0.3,0.214,0.786,1.0,0.571,2025-26
1643016,Bez Mbeng,1610612762,UTA,23.0,15,32.8,5.07,2.07,3.0,3.93,0.0,0.33,0.8,0.07,0.4,0.47,0.143,0.857,0.0,0.2,0.2,0.2,0.0,0.0,1.0,1.0,0.0,2025-26
1641731,Bilal Coulibaly,1610612764,WAS,21.0,56,26.2,3.38,2.25,1.13,3.07,0.04,0.34,0.82,0.13,0.16,0.29,0.438,0.563,0.05,0.16,0.21,0.21,0.16,0.25,0.75,1.0,0.75,2025-26
202687,Bismack Biyombo,1610612759,SAS,33.0,20,6.4,1.95,1.35,0.6,0.15,0.05,0.55,1.4,0.0,0.0,0.0,0.0,0.0,0.1,0.2,0.3,0.3,0.25,0.333,0.667,1.0,0.833,2025-26
1642396,Blake Hinson,1610612762,UTA,26.0,14,20.4,3.07,1.86,1.21,0.57,0.0,0.14,0.36,0.07,0.0,0.07,1.0,0.0,0.0,0.21,0.21,0.21,0.07,0.0,1.0,1.0,0.333,2025-26
1631104,Blake Wesley,1610612757,POR,23.0,20,14.2,1.0,0.5,0.5,1.9,0.0,0.05,0.1,0.0,0.1,0.1,0.0,1.0,0.0,0.1,0.1,0.1,0.0,0.0,1.0,1.0,0.0,2025-26
1626171,Bobby Portis Jr.,1610612749,MIL,31.0,67,24.2,5.27,2.7,2.57,1.64,0.01,0.96,2.04,0.18,0.22,0.4,0.444,0.556,0.31,0.99,1.3,1.27,0.81,0.241,0.759,0.977,0.621,2025-26
1641752,Bobi Klintman,1610612765,DET,23.0,9,7.1,1.33,0.56,0.78,0.67,0.11,0.22,0.44,0.11,0.0,0.11,1.0,0.0,0.0,0.11,0.11,0.11,0.11,0.0,1.0,1.0,1.0,2025-26
203992,Bogdan Bogdanović,1610612746,LAC,33.0,22,20.4,3.5,1.95,1.55,1.14,0.0,0.27,0.77,0.14,0.14,0.27,0.5,0.5,0.0,0.18,0.18,0.18,0.18,0.0,1.0,1.0,1.0,2025-26
1630538,Bones Hyland,1610612750,MIN,25.0,65,17.6,2.26,1.28,0.98,1.38,0.02,0.17,0.37,0.12,0.2,0.32,0.381,0.619,0.0,0.11,0.11,0.11,0.06,0.0,1.0,1.0,0.571,2025-26
203078,Bradley Beal,1610612746,LAC,33.0,6,20.2,2.33,0.33,2.0,2.17,0.0,0.17,0.33,0.33,0.17,0.5,0.667,0.333,0.0,0.0,0.0,0.0,0.0,0.0,0.0,0.0,0.0,2025-26
1642382,Branden Carlson,1610612760,OKC,27.0,38,12.7,5.08,3.66,1.42,0.45,0.0,0.87,1.97,0.03,0.03,0.05,0.5,0.5,0.05,0.55,0.61,0.61,0.45,0.087,0.913,1.0,0.739,2025-26
1641764,Brandin Podziemski,1610612744,GSW,23.0,81,28.6,2.62,1.41,1.21,1.84,0.28,0.56,1.41,0.16,0.22,0.38,0.419,0.581,0.09,0.3,0.38,0.37,0.19,0.226,0.774,0.968,0.484,2025-26
1629634,Brandon Clarke,1610612763,MEM,29.0,2,10.2,2.0,2.0,0.0,3.0,0.5,0.5,1.5,0.0,0.0,0.0,0.0,0.0,0.0,0.5,0.5,0.5,0.0,0.0,1.0,1.0,0.0,2025-26
1627742,Brandon Ingram,1610612761,TOR,28.0,76,33.8,5.08,2.87,2.21,1.74,0.0,0.24,0.55,0.21,0.2,0.41,0.516,0.484,0.0,0.33,0.33,0.33,0.21,0.0,1.0,1.0,0.64,2025-26
1641706,Brandon Miller,1610612766,CHA,23.0,65,30.3,4.28,2.62,1.66,2.0,0.03,0.49,1.23,0.32,0.2,0.52,0.618,0.382,0.02,0.2,0.22,0.2,0.09,0.071,0.929,0.929,0.429,2025-26
1630314,Brandon Williams,1610612742,DAL,26.0,65,22.3,2.98,1.51,1.48,1.69,0.03,0.14,0.32,0.2,0.34,0.54,0.371,0.629,0.0,0.23,0.23,0.23,0.11,0.0,1.0,1.0,0.467,2025-26
1641729,Brice Sensabaugh,1610612762,UTA,22.0,71,24.5,2.8,1.35,1.45,1.51,0.13,0.37,0.83,0.27,0.08,0.35,0.76,0.24,0.08,0.3,0.38,0.38,0.27,0.222,0.778,1.0,0.704,2025-26
1642355,Bronny James,1610612747,LAL,21.0,30,11.4,1.4,0.47,0.93,1.33,0.0,0.1,0.23,0.03,0.07,0.1,0.333,0.667,0.0,0.1,0.1,0.1,0.0,0.0,1.0,1.0,0.0,2025-26
201572,Brook Lopez,1610612746,LAC,38.0,75,21.8,8.28,6.79,1.49,1.69,0.0,1.55,3.52,0.04,0.15,0.19,0.214,0.786,0.15,1.21,1.36,1.32,0.75,0.108,0.892,0.971,0.549,2025-26
1642964,Brooks Barnhizer,1610612760,OKC,24.0,32,10.2,1.69,1.0,0.69,0.78,0.0,0.25,0.56,0.06,0.03,0.09,0.667,0.333,0.06,0.13,0.19,0.19,0.13,0.333,0.667,1.0,0.667,2025-26
1628971,Bruce Brown,1610612743,DEN,29.0,82,24.4,2.57,1.1,1.48,2.38,0.0,0.52,1.26,0.12,0.12,0.24,0.5,0.5,0.16,0.16,0.32,0.3,0.24,0.5,0.5,0.962,0.769,2025-26
1631121,Bryce McGowens,1610612740,NOP,23.0,40,21.8,3.38,1.58,1.8,1.6,0.2,0.18,0.4,0.03,0.2,0.23,0.111,0.889,0.03,0.35,0.38,0.38,0.1,0.067,0.933,1.0,0.267,2025-26
1642267,Bub Carrington,1610612764,WAS,20.0,81,27.8,2.93,1.56,1.37,1.47,0.0,0.31,0.68,0.28,0.2,0.48,0.59,0.41,0.02,0.37,0.4,0.38,0.12,0.063,0.938,0.969,0.313,2025-26
1631205,Buddy Boeheim,1610612760,OKC,26.0,2,6.2,2.5,2.5,0.0,0.5,0.0,0.5,1.0,0.0,0.0,0.0,0.0,0.0,0.0,0.0,0.0,0.0,0.0,0.0,0.0,0.0,0.0,2025-26
1627741,Buddy Hield,1610612737,ATL,33.0,46,17.2,2.91,1.74,1.17,1.7,0.0,0.11,0.24,0.24,0.24,0.48,0.5,0.5,0.0,0.09,0.09,0.09,0.02,0.0,1.0,1.0,0.25,2025-26
1643047,CJ Huntley,1610612756,PHX,24.0,1,29.3,3.0,2.0,1.0,1.0,0.0,1.0,2.0,0.0,0.0,0.0,0.0,0.0,0.0,0.0,0.0,0.0,0.0,0.0,0.0,0.0,0.0,2025-26
203468,CJ McCollum,1610612737,ATL,34.0,75,29.8,4.35,2.15,2.2,1.51,0.0,0.35,0.84,0.27,0.28,0.55,0.488,0.512,0.01,0.19,0.2,0.2,0.12,0.067,0.933,1.0,0.6,2025-26
1630595,Cade Cunningham,1610612765,DET,24.0,64,33.9,4.84,2.78,2.06,2.41,0.0,0.31,0.69,0.38,0.5,0.88,0.429,0.571,0.05,0.41,0.45,0.45,0.22,0.103,0.897,1.0,0.483,2025-26
1631216,Caleb Houstan,1610612737,ATL,23.0,5,6.4,1.0,0.6,0.4,1.0,0.0,0.2,0.4,0.0,0.2,0.2,0.0,1.0,0.0,0.0,0.0,0.0,0.0,0.0,0.0,0.0,0.0,2025-26
1631126,Caleb Love,1610612757,POR,24.0,43,22.5,1.95,0.86,1.09,1.37,0.0,0.12,0.26,0.12,0.09,0.21,0.556,0.444,0.0,0.12,0.12,0.12,0.09,0.0,1.0,1.0,0.8,2025-26
1628997,Caleb Martin,1610612742,DAL,30.0,51,16.3,1.71,1.14,0.57,1.43,0.08,0.55,1.25,0.16,0.14,0.29,0.533,0.467,0.0,0.25,0.25,0.25,0.1,0.0,1.0,1.0,0.385,2025-26
1642353,Cam Christie,1610612746,LAC,20.0,38,10.8,1.84,0.95,0.89,0.82,0.0,0.13,0.29,0.11,0.0,0.11,1.0,0.0,0.0,0.08,0.08,0.08,0.03,0.0,1.0,1.0,0.333,2025-26
1642285,Cam Spencer,1610612763,MEM,26.0,70,23.9,2.03,0.76,1.27,1.61,0.03,0.19,0.41,0.21,0.21,0.43,0.5,0.5,0.0,0.3,0.3,0.29,0.11,0.0,1.0,0.952,0.381,2025-26
1630560,Cam Thomas,1610612749,MIL,24.0,39,21.5,2.33,1.28,1.05,0.79,0.03,0.08,0.18,0.1,0.03,0.13,0.8,0.2,0.0,0.1,0.1,0.1,0.03,0.0,1.0,1.0,0.25,2025-26
1641715,Cam Whitmore,1610612764,WAS,21.0,21,16.9,1.81,1.24,0.57,1.14,0.0,0.05,0.1,0.48,0.14,0.62,0.769,0.231,0.14,0.19,0.33,0.33,0.24,0.429,0.571,1.0,0.714,2025-26
1629661,Cameron Johnson,1610612743,DEN,30.0,54,30.5,4.13,2.17,1.96,1.89,0.09,0.67,1.52,0.3,0.2,0.5,0.593,0.407,0.02,0.5,0.52,0.52,0.17,0.036,0.964,1.0,0.321,2025-26
1626166,Cameron Payne,1610612755,PHI,31.0,22,17.0,1.45,0.59,0.86,2.59,0.14,0.18,0.5,0.05,0.14,0.18,0.25,0.75,0.0,0.14,0.14,0.14,0.05,0.0,1.0,1.0,0.333,2025-26
1627747,Caris LeVert,1610612765,DET,31.0,58,19.4,3.19,1.79,1.4,1.76,0.0,0.12,0.28,0.17,0.28,0.45,0.385,0.615,0.0,0.26,0.26,0.26,0.12,0.0,1.0,1.0,0.467,2025-26
1642868,Carter Bryant,1610612759,SAS,20.0,66,12.0,2.74,1.68,1.06,0.71,0.02,0.32,0.71,0.08,0.15,0.23,0.333,0.667,0.05,0.21,0.26,0.26,0.11,0.176,0.824,1.0,0.412,2025-26
1641717,Cason Wallace,1610612760,OKC,22.0,77,26.6,4.34,1.73,2.61,4.4,0.0,0.71,1.55,0.29,0.22,0.51,0.564,0.436,0.03,0.4,0.43,0.43,0.14,0.061,0.939,1.0,0.333,2025-26
1642907,Cedric Coward,1610612763,MEM,22.0,62,25.8,5.27,2.77,2.5,1.65,0.03,0.16,0.4,0.42,0.47,0.89,0.473,0.527,0.13,0.23,0.35,0.35,0.23,0.364,0.636,1.0,0.636,2025-26
1643052,Chaney Johnson,1610612751,BKN,24.0,17,20.4,3.24,2.18,1.06,2.24,0.0,1.82,3.94,0.29,0.24,0.53,0.556,0.444,0.29,0.94,1.24,1.18,0.71,0.238,0.762,0.952,0.571,2025-26
1629646,Charles Bassey,1610612744,GSW,25.0,12,12.5,3.17,2.58,0.58,0.58,0.0,0.58,1.5,0.08,0.08,0.17,0.5,0.5,0.5,0.25,0.75,0.75,0.67,0.667,0.333,1.0,0.889,2025-26
1642404,Chaz Lanier,1610612765,DET,24.0,16,11.3,1.19,0.88,0.31,0.75,0.0,0.0,0.0,0.25,0.0,0.25,1.0,0.0,0.0,0.19,0.19,0.19,0.0,0.0,1.0,1.0,0.0,2025-26
1631096,Chet Holmgren,1610612760,OKC,24.0,69,28.9,9.96,7.43,2.52,1.26,0.01,1.36,3.16,0.25,0.16,0.41,0.607,0.393,0.28,1.0,1.28,1.28,0.93,0.216,0.784,1.0,0.727,2025-26
1628449,Chris Boucher,1610612738,BOS,33.0,7,12.0,3.86,3.0,0.86,1.0,0.0,1.43,3.57,0.14,0.29,0.43,0.333,0.667,0.14,0.43,0.57,0.57,0.43,0.25,0.75,1.0,0.75,2025-26
1641753,Chris Livingston,1610612739,CLE,22.0,3,5.8,0.67,0.0,0.67,0.33,0.0,0.0,0.0,0.67,0.0,0.67,1.0,0.0,0.0,0.0,0.0,0.0,0.0,0.0,0.0,0.0,0.0,2025-26
1643024,Chris Mañon,1610612747,LAL,24.0,6,6.3,1.17,1.0,0.17,2.33,0.17,0.17,0.33,0.17,0.33,0.5,0.333,0.667,0.0,0.0,0.0,0.0,0.0,0.0,0.0,0.0,0.0,2025-26
101108,Chris Paul,1610612746,LAC,41.0,14,14.8,0.79,0.29,0.5,1.93,0.0,0.07,0.14,0.0,0.07,0.07,0.0,1.0,0.0,0.36,0.36,0.36,0.14,0.0,1.0,1.0,0.4,2025-26
1642959,Chris Youngblood,1610612757,POR,24.0,21,6.8,1.43,1.1,0.33,0.33,0.0,0.05,0.1,0.05,0.14,0.19,0.25,0.75,0.0,0.05,0.05,0.05,0.05,0.0,1.0,1.0,1.0,2025-26
1631128,Christian Braun,1610612743,DEN,25.0,44,31.8,4.23,2.2,2.02,2.11,0.0,0.93,2.3,0.2,0.18,0.39,0.529,0.471,0.16,0.27,0.43,0.43,0.27,0.368,0.632,1.0,0.632,2025-26
1631132,Christian Koloko,1610612737,ATL,26.0,27,13.2,5.78,4.52,1.26,0.74,0.0,1.48,3.37,0.22,0.11,0.33,0.667,0.333,0.22,0.37,0.59,0.59,0.33,0.375,0.625,1.0,0.563,2025-26
1642935,Chucky Hepburn,1610612761,TOR,23.0,2,6.6,1.5,1.0,0.5,1.5,0.0,0.0,0.0,0.0,0.5,0.5,0.0,1.0,0.0,0.0,0.0,0.0,0.0,0.0,0.0,0.0,0.0,2025-26
203991,Clint Capela,1610612745,HOU,32.0,73,12.6,4.62,3.56,1.05,0.67,0.01,1.19,2.62,0.25,0.14,0.38,0.643,0.357,0.45,0.52,0.97,0.96,0.75,0.465,0.535,0.986,0.775,2025-26
1629632,Coby White,1610612766,CHA,26.0,48,25.1,3.46,1.96,1.5,0.92,0.15,0.29,0.73,0.23,0.21,0.44,0.524,0.476,0.0,0.42,0.42,0.4,0.21,0.0,1.0,0.95,0.5,2025-26
1628998,Cody Martin,1610612754,IND,30.0,4,13.8,1.75,1.0,0.75,2.25,0.0,0.25,0.5,0.0,0.25,0.25,0.0,1.0,0.0,0.25,0.25,0.25,0.0,0.0,1.0,1.0,0.0,2025-26
1642262,Cody Williams,1610612762,UTA,21.0,66,24.6,3.76,2.64,1.12,1.97,0.0,0.94,2.29,0.17,0.27,0.44,0.379,0.621,0.0,0.14,0.14,0.14,0.06,0.0,1.0,1.0,0.444,2025-26
1641732,Colby Jones,1610612765,DET,24.0,1,6.8,0.0,0.0,0.0,0.0,0.0,0.0,0.0,0.0,0.0,0.0,0.0,0.0,0.0,1.0,1.0,1.0,1.0,0.0,1.0,1.0,1.0,2025-26
1630175,Cole Anthony,1610612749,MIL,26.0,32,15.6,1.78,0.75,1.03,1.16,0.03,0.06,0.13,0.19,0.22,0.41,0.462,0.538,0.0,0.09,0.09,0.09,0.06,0.0,1.0,1.0,0.667,2025-26
1630658,Colin Castleton,1610612753,ORL,26.0,3,6.1,1.33,0.67,0.67,0.67,0.0,1.33,3.0,0.0,0.0,0.0,0.0,0.0,0.0,0.33,0.33,0.33,0.33,0.0,1.0,1.0,1.0,2025-26
1631221,Collin Gillespie,1610612756,PHX,27.0,80,28.5,2.63,1.16,1.46,2.53,0.15,0.36,0.81,0.49,0.39,0.88,0.557,0.443,0.01,0.29,0.3,0.3,0.19,0.042,0.958,1.0,0.625,2025-26
1642867,Collin Murray-Boyles,1610612761,TOR,21.0,57,21.9,5.11,3.18,1.93,2.74,0.02,1.53,3.37,0.26,0.14,0.4,0.652,0.348,0.42,0.53,0.95,0.95,0.61,0.444,0.556,1.0,0.648,2025-26
1629012,Collin Sexton,1610612741,CHI,27.0,68,23.7,2.4,1.34,1.06,2.03,0.01,0.34,0.78,0.18,0.25,0.43,0.414,0.586,0.01,0.19,0.21,0.21,0.09,0.071,0.929,1.0,0.429,2025-26
1642843,Cooper Flagg,1610612742,DAL,19.0,70,33.5,6.8,3.59,3.21,2.17,0.0,0.43,0.99,0.34,0.44,0.79,0.436,0.564,0.03,0.34,0.37,0.36,0.26,0.077,0.923,0.962,0.692,2025-26
1630557,Corey Kispert,1610612737,ATL,27.0,55,19.1,3.45,2.2,1.25,0.71,0.02,0.27,0.62,0.2,0.15,0.35,0.579,0.421,0.02,0.11,0.13,0.13,0.04,0.143,0.857,1.0,0.286,2025-26
1642504,Cormac Ryan,1610612749,MIL,27.0,11,24.6,3.55,1.82,1.73,1.73,0.0,0.18,0.36,0.09,0.0,0.09,1.0,0.0,0.0,0.09,0.09,0.09,0.0,0.0,1.0,1.0,0.0,2025-26
1641854,Craig Porter Jr.,1610612739,CLE,26.0,62,18.4,2.76,1.73,1.03,2.24,0.0,0.21,0.47,0.29,0.11,0.4,0.72,0.28,0.02,0.16,0.18,0.16,0.06,0.091,0.909,0.909,0.364,2025-26
1642938,Curtis Jones,1610612743,DEN,24.0,8,10.0,1.75,0.5,1.25,0.75,0.13,0.0,0.0,0.0,0.38,0.38,0.0,1.0,0.0,0.0,0.0,0.0,0.0,0.0,0.0,0.0,0.0,2025-26
1626156,D'Angelo Russell,1610612764,WAS,30.0,24,19.0,1.96,0.96,1.0,1.13,0.04,0.21,0.5,0.08,0.25,0.33,0.25,0.75,0.0,0.13,0.13,0.13,0.08,0.0,1.0,1.0,0.667,2025-26
1629610,DaQuan Jeffries,1610612758,SAC,28.0,3,20.0,3.67,1.33,2.33,1.33,0.0,0.33,0.67,0.0,0.33,0.33,0.0,1.0,0.33,1.0,1.33,1.33,0.67,0.25,0.75,1.0,0.5,2025-26
1641747,DaRon Holmes II,1610612743,DEN,23.0,19,10.4,4.47,3.26,1.21,0.42,0.0,0.95,2.21,0.11,0.11,0.21,0.5,0.5,0.11,0.89,1.0,1.0,0.26,0.105,0.895,1.0,0.263,2025-26
1631342,Daeqwon Plowden,1610612758,SAC,27.0,32,26.4,3.63,1.81,1.81,1.66,0.03,0.22,0.5,0.22,0.09,0.31,0.7,0.3,0.0,0.41,0.41,0.41,0.13,0.0,1.0,1.0,0.308,2025-26
1630625,Dalano Banton,1610612738,BOS,26.0,4,13.4,2.25,1.0,1.25,1.0,0.0,0.0,0.0,0.0,0.25,0.25,0.0,1.0,0.0,0.0,0.0,0.0,0.0,0.0,0.0,0.0,0.0,2025-26
1631207,Dalen Terry,1610612755,PHI,23.0,36,14.0,2.97,1.89,1.08,1.33,0.03,0.22,0.61,0.14,0.19,0.33,0.417,0.583,0.03,0.11,0.14,0.11,0.11,0.2,0.8,0.8,0.8,2025-26
1642261,Dalton Knecht,1610612747,LAL,25.0,41,12.1,2.02,1.22,0.8,0.39,0.05,0.2,0.46,0.07,0.07,0.15,0.5,0.5,0.0,0.15,0.15,0.15,0.12,0.0,1.0,1.0,0.833,2025-26
1629655,Daniel Gafford,1610612742,DAL,27.0,55,21.7,7.04,5.62,1.42,1.85,0.05,2.84,6.45,0.27,0.24,0.51,0.536,0.464,0.53,0.84,1.36,1.36,0.84,0.387,0.613,1.0,0.613,2025-26
1642450,Daniss Jenkins,1610612765,DET,24.0,66,21.5,2.7,1.61,1.09,1.8,0.0,0.14,0.32,0.3,0.27,0.58,0.526,0.474,0.02,0.15,0.17,0.15,0.02,0.091,0.909,0.909,0.091,2025-26
1642874,Danny Wolf,1610612751,BKN,22.0,56,21.2,5.43,3.84,1.59,1.2,0.0,0.2,0.46,0.13,0.13,0.25,0.5,0.5,0.14,0.43,0.57,0.57,0.38,0.25,0.75,1.0,0.656,2025-26
203967,Dario Saric,1610612758,SAC,32.0,5,8.3,2.4,1.6,0.8,1.4,0.0,0.2,0.6,0.0,0.0,0.0,0.0,0.0,0.0,0.4,0.4,0.4,0.2,0.0,1.0,1.0,0.5,2025-26
1641727,Dariq Whitehead,1610612763,MEM,21.0,6,30.5,3.83,1.83,2.0,1.67,0.0,0.5,1.0,0.0,0.0,0.0,0.0,0.0,0.0,0.0,0.0,0.0,0.0,0.0,0.0,0.0,0.0,2025-26
1629636,Darius Garland,1610612746,LAC,26.0,45,29.9,3.51,1.6,1.91,1.89,0.04,0.18,0.38,0.22,0.2,0.42,0.526,0.474,0.0,0.13,0.13,0.13,0.07,0.0,1.0,1.0,0.5,2025-26
1642357,David Jones Garcia,1610612759,SAS,24.0,9,7.2,0.78,0.33,0.44,1.22,0.0,0.0,0.0,0.22,0.0,0.22,1.0,0.0,0.0,0.11,0.11,0.11,0.11,0.0,1.0,1.0,1.0,2025-26
1631223,David Roddy,1610612743,DEN,25.0,4,17.8,3.5,2.0,1.5,1.25,0.0,0.0,0.0,0.25,0.25,0.5,0.5,0.5,0.25,0.0,0.25,0.25,0.25,1.0,0.0,1.0,1.0,2025-26
1630558,Davion Mitchell,1610612748,MIA,27.0,70,28.6,2.91,0.86,2.06,1.84,0.11,0.2,0.49,0.16,0.31,0.47,0.333,0.667,0.0,0.29,0.29,0.29,0.11,0.0,1.0,1.0,0.4,2025-26
1630549,Day'Ron Sharpe,1610612751,BKN,24.0,62,18.7,4.03,2.63,1.4,2.45,0.0,1.76,4.13,0.31,0.15,0.45,0.679,0.321,0.58,0.68,1.26,1.24,0.87,0.462,0.538,0.987,0.692,2025-26
1628368,De'Aaron Fox,1610612759,SAS,28.0,72,31.0,3.49,1.57,1.92,2.79,0.03,0.21,0.49,0.28,0.26,0.54,0.513,0.487,0.01,0.08,0.1,0.1,0.06,0.143,0.857,1.0,0.571,2025-26
1629631,De'Andre Hunter,1610612758,SAC,28.0,45,26.1,3.0,1.6,1.4,1.71,0.0,0.31,0.69,0.11,0.2,0.31,0.357,0.643,0.02,0.49,0.51,0.51,0.18,0.043,0.957,1.0,0.348,2025-26
1629001,De'Anthony Melton,1610612744,GSW,28.0,49,23.0,2.47,1.37,1.1,2.9,0.0,0.24,0.59,0.31,0.43,0.73,0.417,0.583,0.02,0.22,0.24,0.24,0.06,0.083,0.917,1.0,0.25,2025-26
201599,DeAndre Jordan,1610612740,NOP,37.0,12,16.6,3.5,2.58,0.92,0.67,0.0,1.5,3.33,0.17,0.0,0.17,1.0,0.0,0.83,0.58,1.42,1.42,1.33,0.588,0.412,1.0,0.941,2025-26
1630610,DeJon Jarreau,1610612763,MEM,28.0,11,21.0,2.55,1.09,1.45,1.55,0.0,0.36,0.91,0.18,0.18,0.36,0.5,0.5,0.0,0.09,0.09,0.09,0.09,0.0,1.0,1.0,1.0,2025-26
201942,DeMar DeRozan,1610612758,SAC,36.0,77,31.2,2.81,1.6,1.21,1.62,0.05,0.09,0.22,0.21,0.3,0.51,0.41,0.59,0.0,0.35,0.35,0.35,0.17,0.0,1.0,1.0,0.481,2025-26
1629731,Dean Wade,1610612739,CLE,29.0,59,22.3,4.85,3.47,1.37,1.95,0.0,0.81,1.95,0.14,0.19,0.32,0.421,0.579,0.05,0.86,0.92,0.92,0.34,0.056,0.944,1.0,0.37,2025-26
1629028,Deandre Ayton,1610612747,LAL,27.0,72,27.2,7.92,5.88,2.04,1.1,0.0,3.72,8.56,0.26,0.21,0.47,0.559,0.441,0.4,0.56,0.96,0.94,0.85,0.42,0.58,0.986,0.884,2025-26
1627749,Dejounte Murray,1610612740,NOP,29.0,14,27.8,2.71,1.57,1.14,2.36,0.0,0.14,0.36,0.21,0.43,0.64,0.333,0.667,0.0,0.14,0.14,0.14,0.07,0.0,1.0,1.0,0.5,2025-26
1630166,Deni Avdija,1610612757,POR,25.0,66,33.3,4.26,2.77,1.48,1.61,0.0,0.14,0.29,0.38,0.23,0.61,0.625,0.375,0.02,0.3,0.32,0.32,0.27,0.048,0.952,1.0,0.857,2025-26
203471,Dennis Schröder,1610612739,CLE,32.0,68,24.4,2.28,1.15,1.13,1.57,0.1,0.29,0.66,0.19,0.21,0.4,0.481,0.519,0.01,0.18,0.19,0.19,0.1,0.077,0.923,1.0,0.538,2025-26
1641726,Dereck Lively II,1610612742,DAL,22.0,7,16.5,8.14,6.57,1.57,0.57,0.0,1.57,3.29,0.29,0.43,0.71,0.4,0.6,0.14,1.57,1.71,1.71,0.86,0.083,0.917,1.0,0.5,2025-26
1642852,Derik Queen,1610612740,NOP,21.0,81,25.0,6.77,4.4,2.37,2.31,0.05,1.54,3.64,0.26,0.11,0.37,0.7,0.3,0.15,0.73,0.88,0.86,0.53,0.169,0.831,1.0,0.614,2025-26
1627884,Derrick Jones Jr.,1610612746,LAC,29.0,50,27.0,3.92,2.46,1.46,2.14,0.0,0.72,1.66,0.3,0.12,0.42,0.714,0.286,0.02,0.2,0.22,0.2,0.1,0.091,0.909,0.909,0.455,2025-26
1628401,Derrick White,1610612738,BOS,31.0,77,34.1,7.21,4.21,3.0,2.55,0.1,0.38,0.91,0.26,0.38,0.64,0.408,0.592,0.0,0.21,0.21,0.21,0.03,0.0,1.0,1.0,0.125,2025-26
1630217,Desmond Bane,1610612753,ORL,28.0,82,33.6,4.74,2.34,2.4,1.84,0.02,0.38,0.8,0.34,0.4,0.74,0.459,0.541,0.16,0.23,0.39,0.39,0.26,0.406,0.594,1.0,0.656,2025-26
1626164,Devin Booker,1610612756,PHX,29.0,64,33.5,2.69,1.48,1.2,1.39,0.03,0.52,1.19,0.38,0.36,0.73,0.511,0.489,0.06,0.47,0.53,0.53,0.25,0.118,0.882,1.0,0.471,2025-26
1642269,Devin Carter,1610612758,SAC,24.0,35,19.5,2.54,1.03,1.51,1.77,0.0,0.14,0.37,0.17,0.23,0.4,0.429,0.571,0.0,0.03,0.03,0.03,0.0,0.0,1.0,1.0,0.0,2025-26
1630170,Devin Vassell,1610612759,SAS,25.0,67,30.5,3.19,2.07,1.12,1.72,0.0,0.48,1.01,0.18,0.22,0.4,0.444,0.556,0.0,0.16,0.16,0.16,0.13,0.0,1.0,1.0,0.818,2025-26
1628415,Dillon Brooks,1610612756,PHX,30.0,56,30.4,3.21,1.45,1.77,2.02,0.02,0.46,1.13,0.25,0.25,0.5,0.5,0.5,0.04,0.25,0.29,0.29,0.2,0.125,0.875,1.0,0.688,2025-26
1641794,Dillon Jones,1610612752,NYK,24.0,4,7.8,1.0,0.5,0.5,1.25,0.0,0.0,0.0,0.0,0.0,0.0,0.0,0.0,0.0,0.0,0.0,0.0,0.0,0.0,0.0,0.0,0.0,2025-26
1627734,Domantas Sabonis,1610612758,SAC,30.0,19,29.7,5.47,3.84,1.63,1.53,0.0,4.11,9.11,0.53,0.32,0.84,0.625,0.375,1.05,1.16,2.21,2.16,1.79,0.476,0.524,0.976,0.81,2025-26
1631230,Dominick Barlow,1610612755,PHI,23.0,71,23.8,6.92,4.94,1.97,1.7,0.0,0.85,2.04,0.3,0.34,0.63,0.467,0.533,0.04,0.31,0.35,0.35,0.17,0.12,0.88,1.0,0.48,2025-26
1642270,Donovan Clingan,1610612757,POR,22.0,77,27.2,13.48,9.84,3.64,1.08,0.01,2.29,5.3,0.26,0.16,0.42,0.625,0.375,1.0,0.74,1.74,1.71,1.48,0.575,0.425,0.985,0.851,2025-26
1628378,Donovan Mitchell,1610612739,CLE,29.0,70,33.5,3.04,1.36,1.69,2.87,0.0,0.23,0.54,0.3,0.34,0.64,0.467,0.533,0.0,0.33,0.33,0.33,0.17,0.0,1.0,1.0,0.522,2025-26
1628978,Donte DiVincenzo,1610612750,MIN,29.0,81,30.7,3.26,1.72,1.54,2.98,0.0,0.36,0.9,0.32,0.44,0.77,0.419,0.581,0.0,0.23,0.23,0.23,0.12,0.0,1.0,1.0,0.526,2025-26
1627827,Dorian Finney-Smith,1610612745,HOU,33.0,36,16.8,2.03,1.17,0.86,0.97,0.0,0.31,0.69,0.08,0.08,0.17,0.5,0.5,0.03,0.39,0.42,0.42,0.08,0.067,0.933,1.0,0.2,2025-26
203926,Doug McDermott,1610612758,SAC,34.0,24,16.7,2.29,1.38,0.92,0.33,0.0,0.08,0.17,0.04,0.08,0.13,0.333,0.667,0.0,0.04,0.04,0.04,0.0,0.0,1.0,1.0,0.0,2025-26
1642962,Drake Powell,1610612751,BKN,20.0,60,21.7,2.82,1.53,1.28,1.32,0.0,0.17,0.4,0.15,0.17,0.32,0.474,0.526,0.03,0.25,0.28,0.25,0.07,0.118,0.882,0.882,0.235,2025-26
203110,Draymond Green,1610612744,GSW,36.0,68,27.5,7.47,4.78,2.69,2.15,0.07,2.56,6.6,0.19,0.19,0.38,0.5,0.5,0.09,1.03,1.12,1.09,0.59,0.079,0.921,0.974,0.526,2025-26
1629234,Drew Eubanks,1610612758,SAC,29.0,42,13.1,3.43,2.71,0.71,0.88,0.02,1.71,3.86,0.1,0.05,0.14,0.667,0.333,0.26,0.5,0.76,0.76,0.48,0.344,0.656,1.0,0.625,2025-26
1641809,Drew Peterson,1610612766,CHA,26.0,6,10.7,0.83,0.5,0.33,1.83,0.0,0.17,0.33,0.17,0.0,0.17,1.0,0.0,0.0,0.17,0.17,0.17,0.17,0.0,1.0,1.0,1.0,2025-26
1631166,Drew Timme,1610612747,LAL,25.0,22,10.3,2.5,1.59,0.91,0.45,0.05,0.68,1.77,0.0,0.14,0.14,0.0,1.0,0.05,0.41,0.45,0.45,0.05,0.1,0.9,1.0,0.1,2025-26
1630696,Dru Smith,1610612748,MIA,28.0,68,16.7,2.54,1.21,1.34,2.88,0.18,0.07,0.16,0.16,0.19,0.35,0.458,0.542,0.01,0.25,0.26,0.25,0.1,0.056,0.944,0.944,0.389,2025-26
1629130,Duncan Robinson,1610612765,DET,32.0,77,27.4,3.34,1.84,1.49,1.83,0.08,0.56,1.17,0.13,0.16,0.29,0.455,0.545,0.01,0.36,0.38,0.38,0.14,0.034,0.966,1.0,0.379,2025-26
1641871,Duop Reath,1610612757,POR,30.0,28,8.9,2.82,1.79,1.04,0.29,0.04,0.43,1.0,0.11,0.07,0.18,0.6,0.4,0.0,0.43,0.43,0.43,0.11,0.0,1.0,1.0,0.25,2025-26
203939,Dwight Powell,1610612742,DAL,34.0,59,15.2,4.12,3.27,0.85,1.47,0.08,2.37,5.36,0.14,0.29,0.42,0.32,0.68,0.34,0.8,1.14,1.12,0.64,0.299,0.701,0.985,0.567,2025-26
1642928,Dylan Cardwell,1610612758,SAC,24.0,43,21.0,6.77,5.7,1.07,1.37,0.0,1.98,4.53,0.33,0.16,0.49,0.667,0.333,0.53,0.91,1.44,1.44,1.0,0.371,0.629,1.0,0.694,2025-26
1642844,Dylan Harper,1610612759,SAS,20.0,69,22.6,2.9,1.96,0.94,1.36,0.0,0.17,0.36,0.33,0.29,0.62,0.535,0.465,0.0,0.1,0.1,0.1,0.04,0.0,1.0,1.0,0.429,2025-26
1630700,Dyson Daniels,1610612737,ATL,23.0,76,33.2,5.49,2.97,2.51,4.16,0.04,1.91,4.68,0.51,0.5,1.01,0.506,0.494,0.08,0.29,0.37,0.36,0.32,0.214,0.786,1.0,0.889,2025-26
1630604,E.J. Liddell,1610612751,BKN,25.0,22,14.9,3.41,2.05,1.36,0.5,0.05,0.41,1.0,0.18,0.0,0.18,1.0,0.0,0.14,0.68,0.82,0.82,0.45,0.167,0.833,1.0,0.556,2025-26
1642856,Egor Dëmin,1610612751,BKN,20.0,52,25.2,4.15,2.54,1.62,1.69,0.06,0.27,0.65,0.21,0.17,0.38,0.55,0.45,0.0,0.37,0.37,0.37,0.12,0.0,1.0,1.0,0.316,2025-26
1641989,Elijah Harkless,1610612762,UTA,26.0,25,21.7,2.8,1.44,1.36,2.6,0.08,0.4,0.96,0.12,0.04,0.16,0.75,0.25,0.0,0.36,0.36,0.32,0.0,0.0,1.0,0.889,0.0,2025-26
1641801,Emanuel Miller,1610612759,SAS,26.0,4,7.2,0.75,0.75,0.0,0.5,0.0,0.0,0.0,0.25,0.5,0.75,0.333,0.667,0.0,0.25,0.25,0.25,0.0,0.0,1.0,1.0,0.0,2025-26
1642402,Enrique Freeman,1610612750,MIN,25.0,4,9.3,2.5,1.75,0.75,0.5,0.0,0.0,0.0,0.0,0.0,0.0,0.0,0.0,0.0,0.0,0.0,0.0,0.0,0.0,0.0,0.0,0.0,2025-26
201569,Eric Gordon,1610612755,PHI,37.0,5,13.6,1.2,0.2,1.0,0.4,0.0,0.0,0.0,0.0,0.0,0.0,0.0,0.0,0.0,0.0,0.0,0.0,0.0,0.0,0.0,0.0,0.0,2025-26
1630679,Ethan Thompson,1610612754,IND,27.0,29,22.4,4.31,2.55,1.76,1.45,0.1,0.45,1.07,0.07,0.1,0.17,0.4,0.6,0.03,0.55,0.59,0.59,0.14,0.059,0.941,1.0,0.235,2025-26
1630596,Evan Mobley,1610612739,CLE,25.0,65,31.9,10.32,7.15,3.17,1.82,0.0,1.91,4.42,0.31,0.2,0.51,0.606,0.394,0.34,1.23,1.57,1.55,1.09,0.216,0.784,0.99,0.696,2025-26
1630532,Franz Wagner,1610612753,ORL,24.0,34,30.0,4.32,2.47,1.85,2.06,0.03,0.24,0.56,0.26,0.29,0.56,0.474,0.526,0.0,0.62,0.62,0.62,0.29,0.0,1.0,1.0,0.476,2025-26
1641713,GG Jackson,1610612763,MEM,21.0,52,22.6,5.02,3.19,1.83,1.25,0.0,0.29,0.71,0.15,0.19,0.35,0.444,0.556,0.02,0.13,0.15,0.15,0.06,0.125,0.875,1.0,0.375,2025-26
1629216,Gabe Vincent,1610612737,ATL,30.0,51,16.8,2.37,1.06,1.31,1.33,0.08,0.39,0.9,0.24,0.14,0.37,0.632,0.368,0.02,0.18,0.2,0.2,0.04,0.1,0.9,1.0,0.2,2025-26
202066,Garrett Temple,1610612761,TOR,40.0,12,4.1,0.92,0.33,0.58,0.5,0.0,0.17,0.33,0.08,0.0,0.08,1.0,0.0,0.0,0.08,0.08,0.08,0.08,0.0,1.0,1.0,1.0,2025-26
1629726,Garrison Mathews,1610612754,IND,29.0,12,15.0,1.67,0.92,0.75,0.92,0.33,0.08,0.17,0.0,0.0,0.0,0.0,0.0,0.0,0.17,0.17,0.17,0.0,0.0,1.0,1.0,0.0,2025-26
203914,Gary Harris,1610612749,MIL,31.0,42,14.7,1.64,0.6,1.05,1.55,0.0,0.19,0.38,0.1,0.14,0.24,0.4,0.6,0.0,0.1,0.1,0.1,0.02,0.0,1.0,1.0,0.25,2025-26
1627780,Gary Payton II,1610612744,GSW,33.0,71,15.8,1.92,1.08,0.83,2.1,0.0,0.75,1.94,0.3,0.2,0.49,0.6,0.4,0.08,0.15,0.24,0.24,0.18,0.353,0.647,1.0,0.765,2025-26
1629018,Gary Trent Jr.,1610612749,MIL,27.0,55,23.5,0.96,0.42,0.55,1.73,0.0,0.0,0.0,0.15,0.13,0.27,0.533,0.467,0.02,0.13,0.15,0.15,0.05,0.125,0.875,1.0,0.375,2025-26
203507,Giannis Antetokounmpo,1610612749,MIL,31.0,36,28.9,4.08,2.36,1.72,1.86,0.0,1.53,3.53,0.5,0.08,0.58,0.857,0.143,0.33,0.64,0.97,0.97,0.89,0.343,0.657,1.0,0.914,2025-26
1629048,Goga Bitadze,1610612753,ORL,26.0,64,15.2,4.59,3.2,1.39,1.33,0.02,1.7,3.94,0.13,0.14,0.27,0.471,0.529,0.61,0.78,1.39,1.39,0.91,0.438,0.562,1.0,0.652,2025-26
1641711,Gradey Dick,1610612761,TOR,22.0,66,15.6,0.92,0.47,0.45,1.77,0.05,0.08,0.17,0.2,0.18,0.38,0.52,0.48,0.03,0.12,0.15,0.15,0.08,0.2,0.8,1.0,0.5,2025-26
1641761,Grant Nelson,1610612751,BKN,24.0,4,8.8,3.5,3.0,0.5,0.25,0.0,1.0,2.25,0.0,0.25,0.25,0.0,1.0,0.5,0.25,0.75,0.75,0.5,0.667,0.333,1.0,0.667,2025-26
1629684,Grant Williams,1610612766,CHA,27.0,36,19.8,4.56,2.69,1.86,0.75,0.14,0.94,2.39,0.25,0.14,0.39,0.643,0.357,0.31,0.89,1.19,1.17,0.69,0.256,0.744,0.977,0.581,2025-26
1628960,Grayson Allen,1610612756,PHX,30.0,49,29.4,3.16,1.63,1.53,2.43,0.0,0.22,0.57,0.2,0.33,0.53,0.385,0.615,0.0,0.16,0.16,0.16,0.0,0.0,1.0,1.0,0.0,2025-26
1627824,Guerschon Yabusele,1610612741,CHI,30.0,61,15.9,2.49,1.74,0.75,0.92,0.03,0.61,1.44,0.16,0.16,0.33,0.5,0.5,0.18,0.59,0.77,0.77,0.36,0.234,0.766,1.0,0.468,2025-26
1630611,Gui Santos,1610612744,GSW,24.0,64,21.6,4.7,2.88,1.83,1.64,0.06,0.22,0.58,0.16,0.16,0.31,0.5,0.5,0.11,0.48,0.59,0.59,0.33,0.184,0.816,1.0,0.553,2025-26
203084,Harrison Barnes,1610612759,SAS,34.0,77,25.8,3.42,1.86,1.56,1.27,0.04,0.69,1.55,0.22,0.18,0.4,0.548,0.452,0.09,0.57,0.66,0.65,0.4,0.137,0.863,0.98,0.608,2025-26
1631127,Harrison Ingram,1610612759,SAS,23.0,4,3.4,0.5,0.5,0.0,0.25,0.0,0.25,0.5,0.0,0.0,0.0,0.0,0.0,0.0,0.0,0.0,0.0,0.0,0.0,0.0,0.0,0.0,2025-26
1643060,Hayden Gray,1610612762,UTA,23.0,1,24.8,7.0,3.0,4.0,3.0,0.0,0.0,0.0,1.0,0.0,1.0,1.0,0.0,0.0,0.0,0.0,0.0,0.0,0.0,0.0,0.0,0.0,2025-26
1629312,Haywood Highsmith,1610612756,PHX,29.0,4,17.8,3.5,2.0,1.5,3.0,0.0,0.75,2.0,0.0,0.0,0.0,0.0,0.0,0.0,0.25,0.25,0.25,0.0,0.0,1.0,1.0,0.0,2025-26
1630529,Herbert Jones,1610612740,NOP,27.0,56,28.4,3.73,1.86,1.88,3.5,0.04,0.38,0.86,0.25,0.29,0.54,0.467,0.533,0.02,0.66,0.68,0.66,0.21,0.026,0.974,0.974,0.316,2025-26
1642864,Hugo González,1610612738,BOS,20.0,69,15.5,2.65,1.59,1.06,0.99,0.03,0.33,0.78,0.13,0.16,0.29,0.45,0.55,0.07,0.17,0.25,0.25,0.13,0.294,0.706,1.0,0.529,2025-26
1630621,Hunter Dickinson,1610612740,NOP,25.0,5,8.5,3.0,2.4,0.6,0.2,0.0,1.2,2.4,0.0,0.0,0.0,0.0,0.0,0.0,0.8,0.8,0.8,0.2,0.0,1.0,1.0,0.25,2025-26
1642282,Hunter Sallis,1610612755,PHI,23.0,3,6.2,1.67,1.0,0.67,0.0,0.0,0.0,0.0,0.0,0.0,0.0,0.0,0.0,0.0,0.0,0.0,0.0,0.0,0.0,0.0,0.0,0.0,2025-26
1641816,Hunter Tyson,1610612743,DEN,26.0,12,10.4,2.33,1.0,1.33,0.75,0.0,0.17,0.33,0.08,0.17,0.25,0.333,0.667,0.0,0.0,0.0,0.0,0.0,0.0,0.0,0.0,0.0,2025-26
1630193,Immanuel Quickley,1610612761,TOR,27.0,70,31.9,3.44,1.8,1.64,2.31,0.0,0.51,1.07,0.19,0.29,0.47,0.394,0.606,0.01,0.31,0.33,0.33,0.19,0.043,0.957,1.0,0.565,2025-26
1642403,Isaac Jones,1610612765,DET,25.0,4,7.9,1.5,1.25,0.25,0.25,0.0,0.0,0.0,0.0,0.0,0.0,0.0,0.0,0.0,0.0,0.0,0.0,0.0,0.0,0.0,0.0,0.0,2025-26
1630171,Isaac Okoro,1610612741,CHI,25.0,63,26.9,5.44,3.57,1.87,1.51,0.22,0.49,1.06,0.29,0.17,0.46,0.621,0.379,0.05,0.73,0.78,0.78,0.29,0.061,0.939,1.0,0.367,2025-26
1642268,Isaiah Collier,1610612762,UTA,21.0,56,26.2,2.68,0.82,1.86,1.8,0.02,0.18,0.43,0.2,0.13,0.32,0.611,0.389,0.0,0.07,0.07,0.07,0.05,0.0,1.0,1.0,0.75,2025-26
1642384,Isaiah Crawford,1610612745,HOU,24.0,7,10.4,1.29,0.57,0.71,1.43,0.0,0.14,0.43,0.14,0.0,0.14,1.0,0.0,0.0,0.14,0.14,0.14,0.14,0.0,1.0,1.0,1.0,2025-26
1628392,Isaiah Hartenstein,1610612760,OKC,28.0,47,24.2,6.77,4.83,1.94,2.0,0.02,3.17,7.43,0.43,0.26,0.68,0.625,0.375,0.79,1.49,2.28,2.26,1.68,0.346,0.654,0.991,0.738,2025-26
1630543,Isaiah Jackson,1610612746,LAC,24.0,54,16.8,5.19,3.57,1.61,1.85,0.0,1.72,3.91,0.24,0.11,0.35,0.684,0.316,0.37,0.44,0.81,0.81,0.56,0.455,0.545,1.0,0.682,2025-26
1630198,Isaiah Joe,1610612760,OKC,26.0,71,21.2,2.32,0.9,1.42,1.62,0.11,0.35,0.79,0.15,0.18,0.34,0.458,0.542,0.0,0.23,0.23,0.23,0.06,0.0,1.0,1.0,0.25,2025-26
1630587,Isaiah Livers,1610612756,PHX,27.0,32,10.6,2.13,1.38,0.75,0.84,0.0,0.28,0.72,0.13,0.06,0.19,0.667,0.333,0.0,0.16,0.16,0.13,0.06,0.0,1.0,0.8,0.4,2025-26
1641815,Isaiah Stevens,1610612758,SAC,25.0,3,14.3,1.0,0.0,1.0,1.67,0.0,0.33,0.67,0.0,0.0,0.0,0.0,0.0,0.0,0.0,0.0,0.0,0.0,0.0,0.0,0.0,0.0,2025-26
1630191,Isaiah Stewart,1610612765,DET,25.0,58,22.7,9.05,6.62,2.43,0.53,0.0,1.48,3.5,0.17,0.14,0.31,0.556,0.444,0.43,0.95,1.38,1.38,0.98,0.313,0.688,1.0,0.713,2025-26
1627826,Ivica Zubac,1610612754,IND,29.0,48,30.1,9.15,7.08,2.06,0.98,0.0,2.9,6.98,0.25,0.17,0.42,0.6,0.4,1.0,1.35,2.35,2.31,1.54,0.425,0.575,0.982,0.655,2025-26
1631120,JD Davison,1610612745,HOU,23.0,18,10.4,1.94,1.0,0.94,0.67,0.06,0.11,0.22,0.0,0.17,0.17,0.0,1.0,0.06,0.06,0.11,0.11,0.06,0.5,0.5,1.0,0.5,2025-26
1629630,Ja Morant,1610612763,MEM,26.0,20,28.4,1.7,0.8,0.9,2.4,0.1,0.05,0.1,0.35,0.2,0.55,0.636,0.364,0.0,0.3,0.3,0.3,0.1,0.0,1.0,1.0,0.333,2025-26
1642266,Ja'Kobe Walter,1610612761,TOR,21.0,72,20.5,2.58,1.24,1.35,2.32,0.07,0.19,0.42,0.17,0.24,0.4,0.414,0.586,0.07,0.17,0.24,0.24,0.15,0.294,0.706,1.0,0.647,2025-26
1631095,Jabari Smith Jr.,1610612745,HOU,23.0,77,35.1,6.13,4.06,2.06,1.52,0.0,0.43,1.05,0.19,0.27,0.47,0.417,0.583,0.16,0.57,0.73,0.71,0.48,0.214,0.786,0.982,0.661,2025-26
1631133,Jabari Walker,1610612755,PHI,23.0,55,13.2,1.8,1.07,0.73,0.95,0.07,0.4,0.89,0.09,0.11,0.2,0.455,0.545,0.22,0.13,0.38,0.35,0.29,0.571,0.333,1.0,0.842,2025-26
1631210,Jacob Toppin,1610612737,ATL,26.0,2,3.8,1.0,0.5,0.5,0.0,0.0,0.5,1.5,0.0,0.0,0.0,0.0,0.0,0.0,0.0,0.0,0.0,0.0,0.0,0.0,0.0,0.0,2025-26
1630702,Jaden Hardy,1610612764,WAS,23.0,48,17.4,1.5,0.81,0.69,0.75,0.06,0.04,0.1,0.13,0.1,0.23,0.545,0.455,0.0,0.23,0.23,0.23,0.06,0.0,1.0,1.0,0.273,2025-26
1631093,Jaden Ivey,1610612741,CHI,24.0,36,18.3,2.03,1.17,0.86,1.06,0.0,0.31,0.67,0.17,0.28,0.44,0.375,0.625,0.03,0.11,0.14,0.14,0.06,0.2,0.8,1.0,0.4,2025-26
1630183,Jaden McDaniels,1610612750,MIN,25.0,73,31.7,6.15,3.78,2.37,2.14,0.01,0.26,0.62,0.27,0.38,0.66,0.417,0.583,0.0,0.14,0.14,0.14,0.01,0.0,1.0,1.0,0.1,2025-26
1630256,Jae'Sean Tate,1610612745,HOU,30.0,40,9.6,1.7,1.0,0.7,0.58,0.05,0.25,0.58,0.23,0.1,0.33,0.692,0.308,0.08,0.28,0.35,0.33,0.15,0.214,0.786,0.929,0.429,2025-26
1642942,Jahmai Mashack,1610612763,MEM,23.0,29,23.1,4.03,2.48,1.55,3.0,0.03,1.0,2.28,0.17,0.24,0.41,0.417,0.583,0.0,0.38,0.38,0.38,0.17,0.0,1.0,1.0,0.455,2025-26
1642443,Jahmir Young,1610612748,MIA,25.0,8,5.6,1.25,0.5,0.75,0.5,0.0,0.0,0.0,0.13,0.0,0.13,1.0,0.0,0.0,0.0,0.0,0.0,0.0,0.0,0.0,0.0,0.0,2025-26
1643141,Jahmyl Telfort,1610612746,LAC,25.0,3,3.6,0.33,0.33,0.0,0.33,0.0,0.0,0.0,0.0,0.0,0.0,0.0,0.0,0.0,0.33,0.33,0.33,0.0,0.0,1.0,1.0,0.0,2025-26
1631170,Jaime Jaquez Jr.,1610612748,MIA,25.0,75,28.3,5.11,3.04,2.07,1.44,0.0,0.23,0.55,0.28,0.23,0.51,0.553,0.447,0.01,0.65,0.67,0.65,0.33,0.02,0.98,0.98,0.5,2025-26
1631222,Jake LaRavia,1610612747,LAL,24.0,82,25.1,3.89,2.26,1.63,3.13,0.02,0.29,0.67,0.22,0.32,0.54,0.409,0.591,0.11,0.41,0.52,0.49,0.27,0.209,0.791,0.93,0.512,2025-26
1627751,Jakob Poeltl,1610612761,TOR,30.0,46,25.0,6.59,4.8,1.78,2.5,0.04,3.2,7.11,0.2,0.26,0.46,0.429,0.571,0.76,1.35,2.11,2.04,1.39,0.361,0.639,0.979,0.667,2025-26
1628973,Jalen Brunson,1610612752,NYK,29.0,74,35.0,3.03,1.11,1.92,1.46,0.39,0.41,0.97,0.23,0.31,0.54,0.425,0.575,0.0,0.2,0.2,0.2,0.08,0.0,1.0,1.0,0.4,2025-26
1631105,Jalen Duren,1610612765,DET,22.0,70,28.2,8.63,5.94,2.69,1.54,0.0,2.66,6.16,0.5,0.33,0.83,0.603,0.397,1.06,1.34,2.4,2.4,1.87,0.44,0.56,1.0,0.78,2025-26
1630224,Jalen Green,1610612756,PHX,24.0,29,27.7,3.21,1.59,1.62,1.48,0.0,0.1,0.28,0.17,0.1,0.28,0.625,0.375,0.0,0.1,0.1,0.1,0.07,0.0,1.0,1.0,0.667,2025-26
1630552,Jalen Johnson,1610612737,ATL,24.0,72,35.2,4.76,2.81,1.96,2.4,0.03,0.64,1.51,0.26,0.18,0.44,0.594,0.406,0.06,0.61,0.67,0.67,0.49,0.083,0.917,1.0,0.729,2025-26
1629618,Jalen Pickett,1610612743,DEN,26.0,35,20.9,2.49,1.23,1.26,0.71,0.0,0.49,1.11,0.17,0.09,0.26,0.667,0.333,0.06,0.31,0.37,0.37,0.26,0.154,0.846,1.0,0.692,2025-26
1641771,Jalen Slawson,1610612754,IND,26.0,13,23.9,6.08,4.15,1.92,2.54,0.08,0.54,1.23,0.15,0.0,0.15,1.0,0.0,0.0,0.31,0.31,0.31,0.15,0.0,1.0,1.0,0.5,2025-26
1630188,Jalen Smith,1610612741,CHI,26.0,53,20.7,5.96,4.19,1.77,0.7,0.08,1.28,2.94,0.13,0.21,0.34,0.389,0.611,0.51,1.19,1.7,1.7,1.25,0.3,0.7,1.0,0.733,2025-26
1630591,Jalen Suggs,1610612753,ORL,25.0,57,27.6,3.16,1.74,1.42,3.37,0.11,0.23,0.46,0.42,0.35,0.77,0.545,0.455,0.07,0.18,0.25,0.25,0.18,0.286,0.714,1.0,0.714,2025-26
1631114,Jalen Williams,1610612760,OKC,25.0,33,28.4,3.18,1.97,1.21,3.15,0.0,0.3,0.76,0.21,0.3,0.52,0.412,0.588,0.03,0.39,0.42,0.42,0.21,0.071,0.929,1.0,0.5,2025-26
1630592,Jalen Wilson,1610612751,BKN,25.0,48,17.3,2.08,1.08,1.0,1.02,0.0,0.29,0.73,0.15,0.1,0.25,0.583,0.417,0.0,0.33,0.33,0.31,0.08,0.0,1.0,0.938,0.25,2025-26
1631288,Jamal Cain,1610612753,ORL,27.0,35,13.6,2.71,1.57,1.14,0.97,0.0,0.26,0.57,0.03,0.03,0.06,0.5,0.5,0.14,0.17,0.31,0.31,0.23,0.455,0.545,1.0,0.727,2025-26
1627750,Jamal Murray,1610612743,DEN,29.0,75,35.4,4.25,2.17,2.08,1.83,0.05,0.4,0.97,0.21,0.23,0.44,0.485,0.515,0.01,0.19,0.2,0.2,0.09,0.067,0.933,1.0,0.467,2025-26
1642347,Jamal Shead,1610612761,TOR,23.0,82,22.6,2.17,0.8,1.37,2.05,0.07,0.28,0.65,0.13,0.17,0.3,0.44,0.56,0.0,0.17,0.17,0.17,0.04,0.0,1.0,1.0,0.214,2025-26
1631123,Jamaree Bouyea,1610612756,PHX,27.0,38,16.0,2.11,1.21,0.89,1.68,0.0,0.13,0.34,0.16,0.13,0.29,0.545,0.455,0.0,0.11,0.11,0.11,0.0,0.0,1.0,1.0,0.0,2025-26
201935,James Harden,1610612739,CLE,36.0,70,34.8,3.16,1.3,1.86,1.9,0.0,0.09,0.2,0.31,0.36,0.67,0.468,0.532,0.0,0.54,0.54,0.53,0.31,0.0,1.0,0.974,0.579,2025-26
1630164,James Wiseman,1610612754,IND,25.0,4,14.6,4.75,3.25,1.5,0.0,0.0,1.0,2.25,0.25,0.25,0.5,0.5,0.5,0.25,0.75,1.0,1.0,0.25,0.25,0.75,1.0,0.25,2025-26
1642364,Jamir Watkins,1610612764,WAS,24.0,49,21.1,3.88,2.37,1.51,2.57,0.08,0.29,0.73,0.04,0.31,0.35,0.118,0.882,0.0,0.22,0.22,0.22,0.14,0.0,1.0,1.0,0.636,2025-26
1642419,Jamison Battle,1610612761,TOR,25.0,43,9.9,1.4,1.02,0.37,0.44,0.02,0.14,0.3,0.09,0.07,0.16,0.571,0.429,0.07,0.14,0.21,0.21,0.12,0.333,0.667,1.0,0.556,2025-26
1641716,Jarace Walker,1610612754,IND,22.0,75,25.8,2.89,1.67,1.23,1.92,0.01,0.27,0.63,0.09,0.19,0.28,0.333,0.667,0.01,0.39,0.4,0.4,0.2,0.033,0.967,1.0,0.5,2025-26
1642272,Jared McCain,1610612760,OKC,22.0,61,18.4,2.31,1.21,1.1,1.05,0.05,0.26,0.61,0.25,0.16,0.41,0.6,0.4,0.0,0.1,0.1,0.1,0.07,0.0,1.0,1.0,0.667,2025-26
1628991,Jaren Jackson Jr.,1610612762,UTA,26.0,48,30.3,9.08,6.02,3.06,2.23,0.02,0.94,2.31,0.25,0.25,0.5,0.5,0.5,0.06,0.73,0.79,0.77,0.46,0.079,0.921,0.974,0.579,2025-26
1629020,Jarred Vanderbilt,1610612747,LAL,27.0,63,17.6,2.17,1.51,0.67,1.63,0.0,0.71,1.76,0.21,0.3,0.51,0.406,0.594,0.13,0.25,0.38,0.38,0.3,0.333,0.667,1.0,0.792,2025-26
1628386,Jarrett Allen,1610612739,CLE,28.0,56,27.1,8.0,6.34,1.66,2.41,0.04,2.54,5.73,0.39,0.27,0.66,0.595,0.405,0.36,1.04,1.39,1.39,0.91,0.256,0.744,1.0,0.654,2025-26
1642859,Jase Richardson,1610612753,ORL,20.0,36,13.9,1.83,1.36,0.47,0.86,0.03,0.06,0.11,0.14,0.17,0.31,0.455,0.545,0.0,0.14,0.14,0.14,0.08,0.0,1.0,1.0,0.6,2025-26
1642914,Javon Small,1610612763,MEM,23.0,38,21.5,2.84,1.03,1.82,1.97,0.0,0.08,0.16,0.18,0.18,0.37,0.5,0.5,0.03,0.11,0.13,0.13,0.05,0.2,0.8,1.0,0.4,2025-26
1631451,Javonte Cooke,1610612757,POR,26.0,12,6.1,0.5,0.5,0.0,0.58,0.0,0.0,0.0,0.17,0.0,0.17,1.0,0.0,0.0,0.08,0.08,0.08,0.0,0.0,1.0,1.0,0.0,2025-26
1629750,Javonte Green,1610612765,DET,32.0,79,18.1,1.78,0.89,0.9,2.62,0.0,0.2,0.44,0.22,0.39,0.61,0.354,0.646,0.05,0.3,0.35,0.35,0.2,0.143,0.857,1.0,0.571,2025-26
1629637,Jaxson Hayes,1610612747,LAL,26.0,66,18.3,5.7,3.74,1.95,1.11,0.02,2.17,5.02,0.09,0.15,0.24,0.375,0.625,0.18,0.55,0.73,0.71,0.44,0.25,0.75,0.979,0.604,2025-26
1630643,Jay Huff,1610612754,IND,28.0,81,21.2,8.65,6.59,2.06,0.86,0.01,1.79,4.01,0.15,0.1,0.25,0.6,0.4,0.19,1.17,1.36,1.32,0.62,0.136,0.864,0.982,0.459,2025-26
1627759,Jaylen Brown,1610612738,BOS,29.0,71,34.4,4.65,1.79,2.86,1.8,0.01,0.35,0.87,0.49,0.32,0.82,0.603,0.397,0.01,0.7,0.72,0.72,0.44,0.02,0.98,1.0,0.608,2025-26
1641740,Jaylen Clark,1610612750,MIN,24.0,64,13.5,2.36,1.52,0.84,1.39,0.0,0.2,0.5,0.14,0.11,0.25,0.563,0.438,0.08,0.09,0.17,0.17,0.13,0.455,0.545,1.0,0.727,2025-26
1642377,Jaylen Wells,1610612763,MEM,22.0,69,26.4,3.51,1.88,1.62,1.64,0.0,0.26,0.58,0.19,0.3,0.49,0.382,0.618,0.06,0.2,0.26,0.25,0.1,0.222,0.778,0.944,0.389,2025-26
1631119,Jaylin Williams,1610612760,OKC,24.0,65,19.7,7.28,4.82,2.46,0.94,0.26,1.46,3.29,0.11,0.14,0.25,0.438,0.563,0.05,1.15,1.2,1.14,0.78,0.038,0.962,0.949,0.654,2025-26
1642281,Jaylon Tyson,1610612739,CLE,23.0,66,26.9,4.59,2.59,2.0,1.74,0.0,0.53,1.21,0.24,0.26,0.5,0.485,0.515,0.39,0.33,0.73,0.7,0.5,0.542,0.458,0.979,0.702,2025-26
1643257,Jayson Kent,1610612757,POR,24.0,2,7.0,1.0,1.0,0.0,0.5,0.0,0.0,0.0,0.0,1.0,1.0,0.0,1.0,0.0,0.0,0.0,0.0,0.0,0.0,0.0,0.0,0.0,2025-26
1628369,Jayson Tatum,1610612738,BOS,28.0,16,32.6,2.88,1.06,1.81,2.06,0.0,0.63,1.5,0.13,0.19,0.31,0.4,0.6,0.13,0.44,0.56,0.56,0.44,0.222,0.778,1.0,0.778,2025-26
201145,Jeff Green,1610612745,HOU,39.0,19,7.1,2.26,0.79,1.47,0.32,0.0,0.26,0.58,0.0,0.0,0.0,0.0,0.0,0.0,0.16,0.16,0.16,0.11,0.0,1.0,1.0,0.667,2025-26
203924,Jerami Grant,1610612757,POR,32.0,57,29.7,3.14,1.77,1.37,1.32,0.04,0.28,0.68,0.32,0.23,0.54,0.581,0.419,0.02,0.47,0.49,0.49,0.19,0.036,0.964,1.0,0.393,2025-26
1642847,Jeremiah Fears,1610612740,NOP,19.0,82,25.8,3.24,1.55,1.7,2.57,0.01,0.07,0.16,0.15,0.24,0.39,0.375,0.625,0.06,0.2,0.26,0.26,0.1,0.238,0.762,1.0,0.381,2025-26
1630526,Jeremiah Robinson-Earl,1610612742,DAL,25.0,21,17.0,3.24,1.81,1.43,0.57,0.0,0.29,0.71,0.29,0.05,0.33,0.857,0.143,0.19,0.38,0.57,0.57,0.38,0.333,0.667,1.0,0.667,2025-26
1631110,Jeremy Sochan,1610612752,NYK,23.0,38,11.8,2.39,1.71,0.68,1.08,0.0,1.0,2.29,0.21,0.21,0.42,0.5,0.5,0.18,0.18,0.37,0.37,0.13,0.5,0.5,1.0,0.357,2025-26
1630579,Jericho Sims,1610612749,MIL,27.0,61,21.4,4.13,2.72,1.41,0.64,0.0,2.2,5.07,0.15,0.18,0.33,0.45,0.55,0.84,0.74,1.57,1.56,1.15,0.531,0.469,0.99,0.729,2025-26
1641724,Jett Howard,1610612753,ORL,22.0,49,13.6,2.06,1.43,0.63,0.63,0.0,0.08,0.16,0.14,0.1,0.24,0.583,0.417,0.02,0.18,0.2,0.2,0.12,0.1,0.9,1.0,0.6,2025-26
1628975,Jevon Carter,1610612753,ORL,30.0,47,17.7,2.15,0.83,1.32,1.74,0.0,0.09,0.19,0.13,0.15,0.28,0.462,0.538,0.0,0.23,0.23,0.23,0.06,0.0,1.0,1.0,0.273,2025-26
202710,Jimmy Butler III,1610612744,GSW,36.0,38,31.1,2.37,1.11,1.26,2.45,0.03,0.95,2.45,0.5,0.37,0.87,0.576,0.424,0.32,0.42,0.74,0.74,0.42,0.429,0.571,1.0,0.571,2025-26
1642866,Joan Beringer,1610612750,MIN,19.0,37,8.4,3.62,2.76,0.86,0.43,0.0,0.84,1.95,0.11,0.0,0.11,1.0,0.0,0.11,0.32,0.43,0.43,0.3,0.25,0.75,1.0,0.688,2025-26
1629111,Jock Landale,1610612737,ATL,30.0,68,22.1,5.16,4.18,0.99,1.0,0.01,2.1,4.99,0.21,0.12,0.32,0.636,0.364,0.94,1.25,2.19,2.19,1.47,0.43,0.57,1.0,0.671,2025-26
204060,Joe Ingles,1610612750,MIN,38.0,12,9.4,0.92,0.5,0.42,0.83,0.0,0.08,0.17,0.0,0.08,0.08,0.0,1.0,0.0,0.0,0.0,0.0,0.0,0.0,0.0,0.0,0.0,2025-26
203954,Joel Embiid,1610612755,PHI,32.0,38,31.6,8.08,6.18,1.89,0.92,0.03,3.66,8.84,0.34,0.16,0.5,0.684,0.316,0.29,1.13,1.42,1.42,1.03,0.204,0.796,1.0,0.722,2025-26
1628381,John Collins,1610612746,LAC,28.0,69,27.1,5.51,2.83,2.68,1.68,0.01,0.62,1.51,0.23,0.22,0.45,0.516,0.484,0.22,0.32,0.54,0.54,0.35,0.405,0.595,1.0,0.649,2025-26
1629723,John Konchar,1610612762,UTA,30.0,53,20.7,3.28,1.81,1.47,2.81,0.02,0.6,1.32,0.26,0.38,0.64,0.412,0.588,0.04,0.25,0.28,0.28,0.13,0.133,0.867,1.0,0.467,2025-26
1642967,John Poulakidas,1610612742,DAL,23.0,13,19.5,3.08,1.85,1.23,0.85,0.0,0.77,1.69,0.15,0.15,0.31,0.5,0.5,0.0,0.15,0.15,0.15,0.08,0.0,1.0,1.0,0.5,2025-26
1642910,John Tonje,1610612738,BOS,25.0,3,11.9,1.67,0.33,1.33,1.0,0.0,0.0,0.0,0.0,0.33,0.33,0.0,1.0,0.0,0.33,0.33,0.33,0.0,0.0,1.0,1.0,0.0,2025-26
1641780,Johni Broome,1610612755,PHI,23.0,8,6.4,2.63,2.0,0.63,0.63,0.0,0.38,0.75,0.25,0.0,0.25,1.0,0.0,0.5,0.0,0.5,0.5,0.38,1.0,0.0,1.0,0.75,2025-26
1642277,Johnny Furphy,1610612754,IND,21.0,33,19.4,3.64,2.94,0.7,1.09,0.0,0.48,1.09,0.18,0.27,0.45,0.4,0.6,0.12,0.33,0.45,0.45,0.3,0.267,0.733,1.0,0.667,2025-26
1630548,Johnny Juzang,1610612750,MIN,25.0,14,4.8,0.86,0.57,0.29,0.43,0.0,0.07,0.21,0.07,0.0,0.07,1.0,0.0,0.0,0.07,0.07,0.07,0.07,0.0,1.0,1.0,1.0,2025-26
202685,Jonas Valanciunas,1610612743,DEN,34.0,63,13.7,4.14,3.38,0.76,0.29,0.0,1.54,3.57,0.11,0.1,0.21,0.538,0.462,0.65,0.79,1.44,1.41,1.13,0.451,0.549,0.978,0.78,2025-26
1628371,Jonathan Isaac,1610612753,ORL,28.0,49,10.5,2.73,2.0,0.73,1.27,0.0,0.53,1.27,0.02,0.06,0.08,0.25,0.75,0.2,0.22,0.43,0.43,0.2,0.476,0.524,1.0,0.476,2025-26
1630228,Jonathan Kuminga,1610612737,ATL,23.0,36,23.1,3.69,2.28,1.42,1.86,0.03,0.42,0.94,0.22,0.19,0.42,0.533,0.467,0.19,0.25,0.44,0.44,0.42,0.438,0.563,1.0,0.938,2025-26
1642367,Jonathan Mogbo,1610612761,TOR,24.0,30,7.8,1.7,1.17,0.53,1.2,0.0,0.63,1.43,0.03,0.1,0.13,0.25,0.75,0.17,0.3,0.47,0.47,0.27,0.357,0.643,1.0,0.571,2025-26
203903,Jordan Clarkson,1610612752,NYK,34.0,69,18.3,2.06,1.14,0.91,1.1,0.0,0.07,0.17,0.23,0.09,0.32,0.727,0.273,0.03,0.39,0.42,0.42,0.14,0.069,0.931,1.0,0.345,2025-26
1630692,Jordan Goodwin,1610612756,PHX,27.0,70,22.5,2.2,1.21,0.99,3.71,0.01,0.29,0.67,0.36,0.27,0.63,0.568,0.432,0.13,0.34,0.47,0.47,0.26,0.273,0.727,1.0,0.545,2025-26
1641722,Jordan Hawkins,1610612740,NOP,24.0,40,16.1,2.4,1.45,0.95,0.55,0.03,0.1,0.2,0.1,0.15,0.25,0.4,0.6,0.0,0.1,0.1,0.1,0.05,0.0,1.0,1.0,0.5,2025-26
1629162,Jordan McLaughlin,1610612759,SAS,30.0,31,8.3,1.0,0.61,0.39,1.29,0.0,0.29,0.65,0.06,0.03,0.1,0.667,0.333,0.0,0.1,0.1,0.1,0.06,0.0,1.0,1.0,0.667,2025-26
1641757,Jordan Miller,1610612746,LAC,26.0,58,22.7,3.64,1.64,2.0,1.43,0.02,0.17,0.38,0.14,0.17,0.31,0.444,0.556,0.05,0.16,0.21,0.21,0.1,0.25,0.75,1.0,0.5,2025-26
1629673,Jordan Poole,1610612740,NOP,27.0,39,23.9,2.95,1.08,1.87,1.33,0.08,0.05,0.13,0.13,0.13,0.26,0.5,0.5,0.0,0.15,0.15,0.15,0.08,0.0,1.0,1.0,0.5,2025-26
1641775,Jordan Walsh,1610612738,BOS,22.0,65,18.4,2.94,1.68,1.26,1.8,0.0,0.46,1.18,0.12,0.12,0.25,0.5,0.5,0.15,0.31,0.46,0.45,0.28,0.333,0.667,0.967,0.6,2025-26
1630631,Jose Alvarado,1610612752,NYK,28.0,66,20.4,1.21,0.42,0.79,2.29,0.02,0.09,0.2,0.15,0.24,0.39,0.385,0.615,0.0,0.18,0.18,0.17,0.03,0.0,1.0,0.917,0.167,2025-26
1630581,Josh Giddey,1610612741,CHI,23.0,54,32.1,5.0,2.04,2.96,1.87,0.04,0.13,0.28,0.43,0.3,0.72,0.59,0.41,0.0,0.3,0.3,0.3,0.22,0.0,1.0,1.0,0.75,2025-26
1630182,Josh Green,1610612766,CHA,25.0,53,16.5,2.0,1.09,0.91,1.32,0.02,0.3,0.7,0.28,0.15,0.43,0.652,0.348,0.0,0.23,0.23,0.23,0.06,0.0,1.0,1.0,0.25,2025-26
1628404,Josh Hart,1610612752,NYK,31.0,66,30.2,5.29,2.27,3.02,2.94,0.05,0.86,2.05,0.36,0.48,0.85,0.429,0.571,0.09,0.36,0.45,0.45,0.33,0.2,0.8,1.0,0.733,2025-26
1631169,Josh Minott,1610612751,BKN,23.0,48,17.3,3.35,1.94,1.42,2.27,0.0,0.4,1.0,0.29,0.19,0.48,0.609,0.391,0.02,0.23,0.27,0.25,0.13,0.077,0.846,1.0,0.5,2025-26
1642490,Josh Oduro,1610612740,NOP,25.0,3,27.3,4.67,3.33,1.33,1.33,0.33,1.67,3.67,1.33,0.0,1.33,1.0,0.0,1.0,1.67,2.67,2.67,1.67,0.375,0.625,1.0,0.625,2025-26
1629006,Josh Okogie,1610612745,HOU,27.0,74,18.0,2.05,1.19,0.86,1.76,0.03,0.2,0.43,0.35,0.3,0.65,0.542,0.458,0.07,0.09,0.16,0.16,0.07,0.417,0.583,1.0,0.417,2025-26
201950,Jrue Holiday,1610612757,POR,36.0,52,29.6,2.48,0.98,1.5,2.21,0.0,0.19,0.46,0.33,0.25,0.58,0.567,0.433,0.02,0.27,0.29,0.29,0.13,0.067,0.933,1.0,0.467,2025-26
1630577,Julian Champagnie,1610612759,SAS,25.0,82,27.6,3.95,2.48,1.48,1.51,0.0,0.8,1.72,0.15,0.38,0.52,0.279,0.721,0.07,0.5,0.57,0.57,0.4,0.128,0.872,1.0,0.702,2025-26
1641763,Julian Phillips,1610612750,MIN,22.0,36,10.8,1.69,0.89,0.81,1.0,0.06,0.19,0.42,0.11,0.06,0.17,0.667,0.333,0.0,0.25,0.25,0.25,0.08,0.0,1.0,1.0,0.333,2025-26
1642882,Julian Reese,1610612764,WAS,23.0,13,30.9,5.23,3.15,2.08,2.77,0.0,3.85,8.62,0.38,0.23,0.62,0.625,0.375,1.08,0.85,1.92,1.92,1.46,0.56,0.44,1.0,0.76,2025-26
1631124,Julian Strawther,1610612743,DEN,24.0,47,16.9,1.74,0.98,0.77,1.17,0.02,0.19,0.49,0.13,0.15,0.28,0.462,0.538,0.0,0.06,0.06,0.06,0.02,0.0,1.0,1.0,0.333,2025-26
203944,Julius Randle,1610612750,MIN,31.0,79,33.0,4.68,2.82,1.86,2.13,0.0,0.73,1.82,0.41,0.29,0.7,0.582,0.418,0.34,0.7,1.04,1.03,0.82,0.329,0.671,0.988,0.793,2025-26
1630551,Justin Champagnie,1610612764,WAS,25.0,66,20.8,3.53,2.11,1.42,1.94,0.0,0.18,0.42,0.32,0.15,0.47,0.677,0.323,0.03,0.23,0.26,0.24,0.21,0.118,0.882,0.941,0.824,2025-26
1642348,Justin Edwards,1610612755,PHI,22.0,56,17.0,1.52,0.71,0.8,1.77,0.02,0.34,0.79,0.05,0.21,0.27,0.2,0.8,0.04,0.18,0.21,0.21,0.14,0.167,0.833,1.0,0.667,2025-26
203994,Jusuf Nurkić,1610612762,UTA,31.0,41,26.4,6.71,4.27,2.44,2.73,0.0,4.32,10.37,0.2,0.15,0.34,0.571,0.429,1.0,2.15,3.15,3.12,2.27,0.318,0.682,0.992,0.721,2025-26
1642354,KJ Simpson,1610612743,DEN,23.0,16,15.5,1.56,0.75,0.81,1.75,0.06,0.31,0.81,0.13,0.19,0.31,0.4,0.6,0.0,0.25,0.25,0.25,0.06,0.0,1.0,1.0,0.25,2025-26
1642955,Kadary Richmond,1610612764,WAS,24.0,3,22.3,2.33,1.0,1.33,3.33,0.0,1.33,3.0,0.0,0.0,0.0,0.0,0.0,0.0,0.0,0.0,0.0,0.0,0.0,0.0,0.0,0.0,2025-26
1642880,Kam Jones,1610612754,IND,24.0,30,19.3,2.37,1.37,1.0,1.17,0.0,0.07,0.13,0.13,0.1,0.23,0.571,0.429,0.0,0.47,0.47,0.47,0.03,0.0,1.0,1.0,0.071,2025-26
1626157,Karl-Anthony Towns,1610612752,NYK,30.0,75,31.0,6.01,4.17,1.84,2.04,0.03,1.84,4.2,0.27,0.29,0.56,0.476,0.524,0.85,1.48,2.33,2.32,1.92,0.366,0.634,0.994,0.823,2025-26
1631255,Karlo Matković,1610612740,NOP,25.0,62,14.7,4.73,3.26,1.47,1.02,0.03,0.79,1.89,0.16,0.13,0.29,0.556,0.444,0.13,0.63,0.76,0.76,0.39,0.17,0.83,1.0,0.511,2025-26
1642857,Kasparas Jakučionis,1610612748,MIA,20.0,51,18.3,3.14,1.59,1.55,1.73,0.06,0.08,0.16,0.16,0.31,0.47,0.333,0.667,0.04,0.18,0.22,0.22,0.06,0.182,0.818,1.0,0.273,2025-26
202695,Kawhi Leonard,1610612746,LAC,35.0,65,32.1,3.77,1.62,2.15,3.38,0.0,0.2,0.48,0.42,0.26,0.68,0.614,0.386,0.03,0.49,0.52,0.52,0.28,0.059,0.941,1.0,0.529,2025-26
1630811,Keaton Wallace,1610612737,ATL,27.0,41,12.2,2.15,0.93,1.22,1.05,0.0,0.15,0.34,0.07,0.22,0.29,0.25,0.75,0.02,0.24,0.27,0.24,0.05,0.091,0.909,0.909,0.182,2025-26
1631099,Keegan Murray,1610612758,SAC,25.0,23,34.5,7.78,5.7,2.09,2.22,0.04,0.35,0.78,0.26,0.3,0.57,0.462,0.538,0.17,0.57,0.74,0.74,0.57,0.235,0.765,1.0,0.765,2025-26
1642276,Kel'el Ware,1610612748,MIA,22.0,76,22.3,6.32,4.66,1.66,1.42,0.0,0.76,1.75,0.22,0.24,0.46,0.486,0.514,0.28,1.21,1.49,1.46,1.26,0.186,0.814,0.982,0.85,2025-26
1629640,Keldon Johnson,1610612759,SAS,26.0,82,23.3,2.91,1.72,1.2,1.11,0.01,0.23,0.51,0.18,0.27,0.45,0.405,0.595,0.4,0.45,0.85,0.85,0.56,0.471,0.529,1.0,0.657,2025-26
203482,Kelly Olynyk,1610612759,SAS,35.0,36,9.5,2.31,1.08,1.22,0.86,0.08,0.64,1.67,0.06,0.06,0.11,0.5,0.5,0.11,0.22,0.33,0.33,0.19,0.333,0.667,1.0,0.583,2025-26
1626162,Kelly Oubre Jr.,1610612755,PHI,30.0,50,31.5,3.52,1.84,1.68,4.24,0.0,0.26,0.68,0.22,0.34,0.56,0.393,0.607,0.04,0.34,0.38,0.38,0.3,0.105,0.895,1.0,0.789,2025-26
1631113,Kennedy Chandler,1610612762,UTA,23.0,11,32.3,3.27,1.18,2.09,2.55,0.09,0.09,0.27,0.36,0.18,0.55,0.667,0.333,0.0,0.0,0.0,0.0,0.0,0.0,0.0,0.0,0.0,2025-26
1629026,Kenrich Williams,1610612760,OKC,31.0,53,15.9,2.08,1.02,1.06,1.4,0.11,0.72,1.66,0.11,0.09,0.21,0.545,0.455,0.21,0.3,0.51,0.51,0.3,0.407,0.593,1.0,0.593,2025-26
203484,Kentavious Caldwell-Pope,1610612763,MEM,33.0,51,21.3,1.18,0.47,0.71,1.35,0.0,0.06,0.16,0.25,0.18,0.43,0.591,0.409,0.04,0.12,0.16,0.16,0.08,0.25,0.75,1.0,0.5,2025-26
1631165,Keon Ellis,1610612739,CLE,26.0,70,20.9,2.93,1.36,1.57,2.77,0.0,0.34,0.73,0.16,0.24,0.4,0.393,0.607,0.01,0.04,0.06,0.06,0.03,0.25,0.75,1.0,0.5,2025-26
1642352,Keshad Johnson,1610612748,MIA,25.0,24,11.0,2.25,1.63,0.63,0.92,0.0,0.38,0.88,0.17,0.0,0.17,1.0,0.0,0.04,0.38,0.42,0.42,0.21,0.1,0.9,1.0,0.5,2025-26
1642933,Keshon Gilbert,1610612737,ATL,23.0,4,18.4,2.5,2.0,0.5,1.5,0.0,0.0,0.0,0.25,0.5,0.75,0.333,0.667,0.0,0.0,0.0,0.0,0.0,0.0,0.0,0.0,0.0,2025-26
201142,Kevin Durant,1610612745,HOU,37.0,78,36.4,5.79,3.06,2.73,1.54,0.0,0.46,1.03,0.23,0.29,0.53,0.439,0.561,0.0,0.32,0.32,0.32,0.19,0.0,1.0,1.0,0.6,2025-26
1628989,Kevin Huerter,1610612765,DET,27.0,69,22.5,3.74,2.0,1.74,1.71,0.01,0.32,0.71,0.1,0.17,0.28,0.368,0.632,0.01,0.32,0.33,0.33,0.2,0.043,0.957,1.0,0.609,2025-26
201567,Kevin Love,1610612762,UTA,37.0,36,16.9,2.06,1.08,0.97,0.86,0.08,1.19,2.78,0.19,0.33,0.53,0.368,0.632,0.47,1.11,1.58,1.53,1.06,0.298,0.702,0.965,0.667,2025-26
1641755,Kevin McCullar Jr.,1610612752,NYK,25.0,13,10.5,1.85,1.08,0.77,1.54,0.08,0.15,0.38,0.15,0.15,0.31,0.5,0.5,0.0,0.0,0.0,0.0,0.0,0.0,0.0,0.0,0.0,2025-26
1629645,Kevin Porter Jr.,1610612749,MIL,26.0,38,33.2,5.0,2.71,2.29,3.74,0.0,0.08,0.16,0.37,0.66,1.03,0.359,0.641,0.08,0.21,0.29,0.29,0.16,0.273,0.727,1.0,0.545,2025-26
1626172,Kevon Looney,1610612740,NOP,30.0,21,14.6,5.0,2.95,2.05,1.05,0.0,2.1,5.1,0.14,0.05,0.19,0.75,0.25,0.48,0.86,1.33,1.33,0.86,0.357,0.643,1.0,0.643,2025-26
1641718,Keyonte George,1610612762,UTA,22.0,53,33.4,3.25,1.25,2.0,1.77,0.04,0.47,1.09,0.26,0.32,0.58,0.452,0.548,0.02,0.36,0.38,0.38,0.15,0.05,0.95,1.0,0.4,2025-26
1642863,Khaman Maluach,1610612756,PHX,19.0,43,9.4,3.81,2.81,1.0,0.28,0.0,1.07,2.63,0.05,0.05,0.09,0.5,0.5,0.21,0.4,0.6,0.6,0.42,0.346,0.654,1.0,0.692,2025-26
203114,Khris Middleton,1610612742,DAL,34.0,62,23.1,2.48,1.21,1.27,1.6,0.08,0.26,0.61,0.21,0.13,0.34,0.619,0.381,0.1,0.48,0.58,0.56,0.39,0.167,0.833,0.972,0.667,2025-26
1630165,Killian Hayes,1610612758,SAC,24.0,22,18.3,2.41,1.09,1.32,2.0,0.05,0.23,0.55,0.23,0.09,0.32,0.714,0.286,0.0,0.09,0.09,0.09,0.05,0.0,1.0,1.0,0.5,2025-26
202691,Klay Thompson,1610612742,DAL,36.0,66,21.4,2.26,1.3,0.95,0.68,0.0,0.29,0.61,0.06,0.17,0.23,0.267,0.733,0.0,0.11,0.11,0.11,0.03,0.0,1.0,1.0,0.286,2025-26
1641738,Kobe Brown,1610612754,IND,26.0,50,18.1,2.4,1.5,0.9,0.88,0.06,0.26,0.58,0.14,0.18,0.32,0.438,0.563,0.18,0.36,0.54,0.52,0.42,0.333,0.667,0.963,0.778,2025-26
1641723,Kobe Bufkin,1610612747,LAL,22.0,9,11.3,1.89,1.33,0.56,0.44,0.11,0.0,0.0,0.0,0.0,0.0,0.0,0.0,0.0,0.11,0.11,0.11,0.0,0.0,1.0,1.0,0.0,2025-26
1642920,Kobe Sanders,1610612746,LAC,24.0,66,20.3,3.14,1.98,1.15,1.42,0.02,0.24,0.58,0.15,0.26,0.41,0.37,0.63,0.02,0.38,0.39,0.36,0.11,0.038,0.962,0.96,0.28,2025-26
1642886,Koby Brea,1610612756,PHX,23.0,8,9.1,1.25,0.5,0.75,0.5,0.0,0.13,0.25,0.0,0.0,0.0,0.0,0.0,0.0,0.0,0.0,0.0,0.0,0.0,0.0,0.0,0.0,2025-26
1642851,Kon Knueppel,1610612766,CHA,20.0,81,31.5,5.38,3.64,1.74,1.78,0.04,0.46,1.05,0.42,0.26,0.68,0.618,0.382,0.05,0.41,0.46,0.44,0.15,0.108,0.892,0.973,0.324,2025-26
1627739,Kris Dunn,1610612746,LAC,32.0,82,27.2,3.21,1.32,1.89,3.61,0.0,0.55,1.29,0.17,0.3,0.48,0.359,0.641,0.02,0.16,0.18,0.18,0.1,0.133,0.867,1.0,0.533,2025-26
1631200,Kris Murray,1610612757,POR,25.0,56,23.7,3.43,2.55,0.88,1.79,0.04,0.34,0.77,0.2,0.29,0.48,0.407,0.593,0.34,0.46,0.8,0.79,0.39,0.422,0.578,0.978,0.489,2025-26
204001,Kristaps Porziņģis,1610612744,GSW,30.0,32,24.0,9.44,7.03,2.41,1.38,0.0,1.44,3.25,0.25,0.09,0.34,0.727,0.273,0.25,1.06,1.31,1.31,0.78,0.19,0.81,1.0,0.595,2025-26
203937,Kyle Anderson,1610612750,MIN,32.0,43,19.8,3.53,2.09,1.44,2.51,0.0,1.6,3.74,0.07,0.05,0.12,0.6,0.4,0.07,0.49,0.56,0.56,0.37,0.125,0.875,1.0,0.667,2025-26
1642271,Kyle Filipowski,1610612762,UTA,22.0,76,23.6,5.86,3.41,2.45,1.7,0.04,1.47,3.42,0.29,0.09,0.38,0.759,0.241,0.24,0.8,1.04,1.04,0.83,0.228,0.772,1.0,0.797,2025-26
1628398,Kyle Kuzma,1610612749,MIL,30.0,68,26.3,3.68,2.28,1.4,0.81,0.04,0.47,1.09,0.09,0.12,0.21,0.429,0.571,0.12,0.5,0.62,0.62,0.37,0.19,0.81,1.0,0.595,2025-26
200768,Kyle Lowry,1610612755,PHI,40.0,9,10.1,0.78,0.44,0.33,0.33,0.0,0.44,1.11,0.0,0.0,0.0,0.0,0.0,0.0,0.11,0.11,0.11,0.0,0.0,1.0,1.0,0.0,2025-26
1642273,Kyshawn George,1610612764,WAS,22.0,48,29.0,6.73,3.85,2.88,2.5,0.13,0.56,1.35,0.23,0.31,0.54,0.423,0.577,0.08,0.63,0.71,0.69,0.25,0.118,0.882,0.971,0.353,2025-26
1643018,LJ Cryer,1610612744,GSW,24.0,15,17.8,1.0,0.4,0.6,0.47,0.0,0.2,0.4,0.0,0.2,0.2,0.0,1.0,0.0,0.07,0.07,0.07,0.0,0.0,1.0,1.0,0.0,2025-26
1630163,LaMelo Ball,1610612766,CHA,24.0,69,28.4,1.97,1.09,0.88,2.09,0.0,0.32,0.77,0.23,0.35,0.58,0.4,0.6,0.01,0.32,0.33,0.32,0.19,0.043,0.957,1.0,0.591,2025-26
1642950,Lachlan Olbrich,1610612741,CHI,22.0,33,10.2,2.94,2.09,0.85,0.76,0.09,1.0,2.33,0.18,0.0,0.18,1.0,0.0,0.27,0.7,0.97,0.94,0.42,0.281,0.719,0.969,0.438,2025-26
1629013,Landry Shamet,1610612752,NYK,29.0,50,23.4,3.78,2.06,1.72,1.52,0.04,0.38,0.88,0.06,0.12,0.18,0.333,0.667,0.02,0.38,0.4,0.38,0.06,0.05,0.95,0.95,0.15,2025-26
1626204,Larry Nance Jr.,1610612739,CLE,33.0,33,13.3,1.61,0.97,0.64,1.55,0.09,0.76,1.73,0.15,0.09,0.24,0.625,0.375,0.12,0.33,0.45,0.45,0.21,0.267,0.733,1.0,0.467,2025-26
1628374,Lauri Markkanen,1610612762,UTA,29.0,42,34.3,6.02,4.33,1.69,1.71,0.0,1.19,2.9,0.17,0.26,0.43,0.389,0.611,0.12,0.62,0.74,0.74,0.5,0.161,0.839,1.0,0.677,2025-26
1643133,Lawson Lovering,1610612763,MEM,23.0,2,24.6,6.0,6.0,0.0,2.0,0.0,4.0,8.5,0.5,0.5,1.0,0.5,0.5,0.0,1.5,1.5,1.5,1.0,0.0,1.0,1.0,0.667,2025-26
2544,LeBron James,1610612747,LAL,41.0,60,33.2,2.48,1.3,1.18,1.82,0.0,0.62,1.45,0.3,0.3,0.6,0.5,0.5,0.05,0.38,0.43,0.43,0.33,0.115,0.885,1.0,0.769,2025-26
1641778,Leaky Black,1610612764,WAS,27.0,15,28.9,2.6,1.53,1.07,1.87,0.0,0.67,1.33,0.07,0.2,0.27,0.25,0.75,0.0,0.13,0.13,0.13,0.0,0.0,1.0,1.0,0.0,2025-26
1631159,Leonard Miller,1610612741,CHI,22.0,37,18.8,4.89,3.0,1.89,0.95,0.0,0.84,1.86,0.16,0.19,0.35,0.462,0.538,0.05,0.41,0.46,0.43,0.24,0.118,0.882,0.941,0.529,2025-26
1642862,Liam McNeeley,1610612766,CHA,20.0,24,13.1,2.63,1.67,0.96,0.5,0.0,0.17,0.38,0.08,0.08,0.17,0.5,0.5,0.08,0.25,0.33,0.33,0.17,0.25,0.75,1.0,0.5,2025-26
1630322,Lindy Waters III,1610612759,SAS,28.0,27,9.2,1.04,0.52,0.52,0.41,0.07,0.41,0.81,0.04,0.04,0.07,0.5,0.5,0.0,0.3,0.3,0.3,0.15,0.0,1.0,1.0,0.5,2025-26
1628366,Lonzo Ball,1610612739,CLE,28.0,35,20.8,2.74,1.34,1.4,2.2,0.0,0.57,1.4,0.23,0.37,0.6,0.381,0.619,0.17,0.34,0.51,0.51,0.43,0.333,0.667,1.0,0.833,2025-26
1631351,Lucas Williamson,1610612763,MEM,27.0,6,36.0,2.83,1.0,1.83,4.17,0.0,0.0,0.0,0.33,0.0,0.33,1.0,0.0,0.0,0.83,0.83,0.83,0.5,0.0,1.0,1.0,0.6,2025-26
1629652,Luguentz Dort,1610612760,OKC,27.0,69,26.8,3.68,1.32,2.36,1.72,0.03,0.93,2.12,0.1,0.19,0.29,0.35,0.65,0.07,0.38,0.45,0.45,0.19,0.161,0.839,1.0,0.419,2025-26
1629029,Luka Dončić,1610612747,LAL,27.0,64,35.8,4.95,2.31,2.64,3.06,0.22,0.08,0.16,0.25,0.34,0.59,0.421,0.579,0.02,0.27,0.28,0.27,0.2,0.056,0.944,1.0,0.765,2025-26
1630568,Luka Garza,1610612738,BOS,27.0,68,16.4,4.38,3.41,0.97,1.35,0.07,2.51,5.87,0.25,0.04,0.29,0.85,0.15,0.69,1.06,1.75,1.75,0.91,0.395,0.605,1.0,0.521,2025-26
1628379,Luke Kennard,1610612747,LAL,30.0,77,21.7,2.21,1.17,1.04,1.36,0.0,0.49,1.17,0.12,0.1,0.22,0.529,0.471,0.01,0.18,0.19,0.19,0.06,0.067,0.933,1.0,0.333,2025-26
1628436,Luke Kornet,1610612759,SAS,30.0,68,21.0,9.59,7.5,2.09,0.85,0.06,3.49,7.82,0.09,0.09,0.18,0.5,0.5,0.63,0.75,1.38,1.38,1.09,0.457,0.543,1.0,0.787,2025-26
1631247,Luke Travers,1610612739,CLE,24.0,10,9.4,1.7,1.3,0.4,1.1,0.0,0.2,0.5,0.2,0.1,0.3,0.667,0.333,0.0,0.0,0.0,0.0,0.0,0.0,0.0,0.0,0.0,2025-26
1630644,Mac McClung,1610612741,CHI,27.0,9,13.7,2.0,1.22,0.78,1.33,0.0,0.11,0.33,0.0,0.22,0.22,0.0,1.0,0.0,0.0,0.0,0.0,0.0,0.0,0.0,0.0,0.0,2025-26
1641869,Malachi Smith,1610612751,BKN,26.0,15,23.9,2.8,1.53,1.27,1.67,0.07,0.2,0.6,0.07,0.07,0.13,0.5,0.5,0.0,0.07,0.07,0.07,0.0,0.0,1.0,1.0,0.0,2025-26
1631103,Malaki Branham,1610612764,WAS,23.0,23,11.4,1.91,1.09,0.83,0.52,0.0,0.13,0.35,0.22,0.13,0.35,0.625,0.375,0.0,0.09,0.09,0.09,0.09,0.0,1.0,1.0,1.0,2025-26
1642502,Malevy Leons,1610612744,GSW,26.0,22,12.2,2.77,1.86,0.91,1.14,0.0,0.32,0.82,0.14,0.09,0.23,0.6,0.4,0.05,0.41,0.45,0.45,0.23,0.1,0.9,1.0,0.5,2025-26
1628370,Malik Monk,1610612758,SAC,28.0,60,22.5,2.65,1.47,1.18,1.33,0.02,0.33,0.72,0.22,0.18,0.4,0.542,0.458,0.02,0.07,0.08,0.07,0.0,0.2,0.8,1.0,0.0,2025-26
1630699,MarJon Beauchamp,1610612755,PHI,25.0,11,17.0,2.18,0.91,1.27,1.55,0.0,0.27,0.64,0.09,0.27,0.36,0.25,0.75,0.0,0.0,0.0,0.0,0.0,0.0,0.0,0.0,0.0,2025-26
1631204,Marcus Sasser,1610612765,DET,25.0,30,13.6,1.3,0.57,0.73,1.23,0.0,0.07,0.2,0.1,0.1,0.2,0.5,0.5,0.0,0.1,0.1,0.1,0.0,0.0,1.0,1.0,0.0,2025-26
203935,Marcus Smart,1610612747,LAL,32.0,62,28.5,3.11,1.23,1.89,2.77,0.32,0.6,1.45,0.27,0.32,0.6,0.459,0.541,0.03,0.65,0.68,0.65,0.19,0.048,0.952,0.952,0.286,2025-26
1641813,Mark Sears,1610612749,MIL,24.0,4,4.9,1.0,0.5,0.5,0.5,0.0,0.0,0.0,0.25,0.0,0.25,1.0,0.0,0.0,0.0,0.0,0.0,0.0,0.0,0.0,0.0,0.0,2025-26
1631109,Mark Williams,1610612756,PHX,24.0,60,23.6,8.38,5.83,2.55,2.33,0.0,2.5,5.85,0.2,0.22,0.42,0.48,0.52,0.27,1.07,1.33,1.32,0.9,0.2,0.8,0.988,0.675,2025-26
1628365,Markelle Fultz,1610612761,TOR,28.0,3,9.0,1.0,0.0,1.0,1.0,0.0,0.0,0.0,0.0,0.0,0.0,0.0,0.0,0.0,0.0,0.0,0.0,0.0,0.0,0.0,0.0,0.0,2025-26
1628963,Marvin Bagley III,1610612742,DAL,27.0,60,20.0,6.02,4.15,1.87,0.95,0.12,2.95,6.93,0.22,0.15,0.37,0.591,0.409,0.47,0.77,1.23,1.23,0.97,0.378,0.622,1.0,0.784,2025-26
203486,Mason Plumlee,1610612759,SAS,36.0,18,9.3,2.22,1.61,0.61,0.67,0.06,1.17,2.78,0.17,0.0,0.17,1.0,0.0,0.33,0.28,0.61,0.61,0.56,0.545,0.455,1.0,0.909,2025-26
1641824,Matas Buzelis,1610612741,CHI,21.0,77,29.2,7.91,5.16,2.75,1.34,0.03,0.38,0.9,0.25,0.19,0.44,0.559,0.441,0.04,0.32,0.36,0.35,0.23,0.107,0.893,0.964,0.643,2025-26
1629680,Matisse Thybulle,1610612757,POR,29.0,30,16.0,1.4,0.67,0.73,3.87,0.03,0.2,0.53,0.17,0.33,0.5,0.333,0.667,0.0,0.1,0.1,0.1,0.03,0.0,1.0,1.0,0.333,2025-26
1631108,Max Christie,1610612742,DAL,23.0,77,29.1,4.84,3.05,1.79,1.01,0.01,0.74,1.61,0.13,0.16,0.29,0.455,0.545,0.0,0.17,0.17,0.17,0.06,0.0,1.0,1.0,0.385,2025-26
1642917,Max Shulga,1610612738,BOS,24.0,5,6.0,1.0,0.6,0.4,0.2,0.0,0.4,1.0,0.0,0.0,0.0,0.0,0.0,0.0,0.0,0.0,0.0,0.0,0.0,0.0,0.0,0.0,2025-26
1629622,Max Strus,1610612739,CLE,30.0,12,24.0,3.08,1.5,1.58,0.75,0.08,1.0,2.25,0.08,0.08,0.17,0.5,0.5,0.0,0.33,0.33,0.33,0.0,0.0,1.0,1.0,0.0,2025-26
1628467,Maxi Kleber,1610612747,LAL,34.0,40,11.4,3.48,2.5,0.98,0.63,0.03,1.38,3.2,0.1,0.05,0.15,0.667,0.333,0.2,0.5,0.7,0.68,0.28,0.286,0.714,0.964,0.393,2025-26
1642875,Maxime Raynaud,1610612758,SAC,23.0,74,26.5,7.51,5.05,2.46,1.04,0.0,2.84,6.34,0.15,0.19,0.34,0.44,0.56,0.43,0.88,1.31,1.31,1.03,0.33,0.67,1.0,0.784,2025-26
1642877,Micah Peavy,1610612740,NOP,24.0,51,17.0,2.02,1.18,0.84,1.53,0.02,0.22,0.53,0.16,0.14,0.29,0.533,0.467,0.06,0.24,0.29,0.27,0.16,0.2,0.8,1.0,0.571,2025-26
1630695,Micah Potter,1610612754,IND,28.0,46,19.7,6.48,4.67,1.8,1.0,0.0,1.54,3.52,0.09,0.11,0.2,0.444,0.556,0.2,0.93,1.13,1.11,0.72,0.173,0.827,0.981,0.635,2025-26
1629008,Michael Porter Jr.,1610612751,BKN,28.0,52,32.5,3.12,1.85,1.27,1.87,0.0,0.71,1.58,0.31,0.29,0.6,0.516,0.484,0.29,0.38,0.67,0.67,0.56,0.429,0.571,1.0,0.829,2025-26
1628969,Mikal Bridges,1610612752,NYK,29.0,81,33.2,5.3,3.42,1.88,2.26,0.01,0.28,0.62,0.22,0.26,0.48,0.462,0.538,0.0,0.53,0.53,0.53,0.11,0.0,1.0,1.0,0.209,2025-26
201144,Mike Conley,1610612750,MIN,38.0,52,18.4,2.15,1.19,0.96,1.33,0.0,0.33,0.79,0.17,0.21,0.38,0.45,0.55,0.0,0.15,0.15,0.15,0.08,0.0,1.0,1.0,0.5,2025-26
1628970,Miles Bridges,1610612766,CHA,28.0,77,31.0,5.92,3.25,2.68,1.29,0.0,0.62,1.6,0.34,0.18,0.52,0.65,0.35,0.06,0.49,0.56,0.56,0.3,0.116,0.884,1.0,0.535,2025-26
1642939,Miles Kelly,1610612742,DAL,23.0,10,11.9,1.2,0.9,0.3,0.7,0.0,0.1,0.2,0.3,0.1,0.4,0.75,0.25,0.0,0.3,0.3,0.3,0.2,0.0,1.0,1.0,0.667,2025-26
1630540,Miles McBride,1610612752,NYK,25.0,41,26.3,4.24,2.51,1.73,1.83,0.0,0.46,1.07,0.27,0.22,0.49,0.55,0.45,0.0,0.29,0.29,0.27,0.02,0.0,1.0,0.917,0.083,2025-26
1629011,Mitchell Robinson,1610612752,NYK,28.0,60,19.6,4.32,2.68,1.63,2.12,0.0,2.43,5.53,0.33,0.2,0.53,0.625,0.375,1.4,1.23,2.63,2.62,2.12,0.532,0.468,0.994,0.804,2025-26
1628964,Mo Bamba,1610612762,UTA,28.0,4,11.0,5.0,2.75,2.25,0.25,0.0,0.25,0.5,0.0,0.5,0.5,0.0,1.0,0.25,0.5,0.75,0.75,0.75,0.333,0.667,1.0,1.0,2025-26
1642885,Mohamed Diawara,1610612752,NYK,21.0,46,12.1,1.57,0.96,0.61,0.61,0.0,0.2,0.43,0.07,0.04,0.11,0.6,0.4,0.04,0.2,0.24,0.24,0.04,0.182,0.818,1.0,0.182,2025-26
1628420,Monte Morris,1610612754,IND,31.0,5,12.5,1.6,0.6,1.0,1.0,0.0,0.0,0.0,0.2,0.0,0.2,1.0,0.0,0.0,0.0,0.0,0.0,0.0,0.0,0.0,0.0,0.0,2025-26
1629021,Moritz Wagner,1610612753,ORL,29.0,35,12.1,1.94,1.34,0.6,1.09,0.14,0.83,1.91,0.14,0.2,0.34,0.417,0.583,0.2,0.46,0.66,0.66,0.49,0.304,0.696,1.0,0.739,2025-26
1630541,Moses Moody,1610612744,GSW,24.0,59,25.7,3.66,2.37,1.29,2.46,0.05,0.19,0.44,0.34,0.39,0.73,0.465,0.535,0.02,0.47,0.49,0.49,0.17,0.034,0.966,1.0,0.345,2025-26
1631338,Mouhamadou Gueye,1610612741,CHI,27.0,2,22.7,4.5,2.0,2.5,1.5,0.0,3.0,6.5,0.0,0.0,0.0,0.0,0.0,0.0,0.0,0.0,0.0,0.0,0.0,0.0,0.0,0.0,2025-26
1631243,Mouhamed Gueye,1610612737,ATL,23.0,76,15.3,3.61,2.22,1.38,1.83,0.03,0.76,1.83,0.16,0.17,0.33,0.48,0.52,0.2,0.64,0.84,0.84,0.49,0.234,0.766,1.0,0.578,2025-26
1630619,Moussa Cisse,1610612742,DAL,23.0,37,14.3,5.24,4.03,1.22,1.24,0.0,1.86,4.43,0.3,0.14,0.43,0.688,0.313,0.49,0.92,1.41,1.41,1.0,0.346,0.654,1.0,0.712,2025-26
1631217,Moussa Diabaté,1610612766,CHA,24.0,73,26.0,7.67,5.19,2.48,1.33,0.0,2.95,7.01,0.38,0.14,0.52,0.737,0.263,1.4,1.05,2.45,2.4,1.63,0.57,0.43,0.978,0.665,2025-26
1626167,Myles Turner,1610612749,MIL,30.0,71,26.9,8.07,6.1,1.97,1.75,0.0,1.7,4.13,0.15,0.17,0.32,0.478,0.522,0.21,1.15,1.37,1.37,0.69,0.155,0.845,1.0,0.505,2025-26
1642066,Myron Gardner,1610612748,MIA,25.0,36,10.9,1.69,1.14,0.56,1.25,0.0,0.06,0.14,0.17,0.08,0.25,0.667,0.333,0.14,0.14,0.28,0.28,0.14,0.5,0.5,1.0,0.5,2025-26
1642368,N'Faly Dante,1610612737,ATL,24.0,4,3.9,1.0,1.0,0.0,0.5,0.0,0.25,0.75,0.0,0.0,0.0,0.0,0.0,0.0,0.25,0.25,0.25,0.25,0.0,1.0,1.0,1.0,2025-26
1641772,Nae'Qwan Tomlin,1610612739,CLE,25.0,60,16.5,2.85,1.52,1.33,1.88,0.0,0.48,1.17,0.2,0.13,0.33,0.6,0.4,0.22,0.38,0.6,0.6,0.35,0.361,0.639,1.0,0.583,2025-26
1630230,Naji Marshall,1610612742,DAL,28.0,74,29.5,3.95,1.96,1.99,1.86,0.0,0.35,0.77,0.2,0.26,0.46,0.441,0.559,0.08,0.41,0.49,0.49,0.26,0.167,0.833,1.0,0.528,2025-26
1631466,Nate Williams,1610612744,GSW,27.0,14,17.1,2.0,0.71,1.29,1.64,0.0,0.0,0.0,0.29,0.07,0.36,0.8,0.2,0.21,0.07,0.29,0.29,0.21,0.75,0.25,1.0,0.75,2025-26
1629675,Naz Reid,1610612750,MIN,26.0,76,26.3,5.79,3.55,2.24,1.7,0.05,0.61,1.49,0.22,0.26,0.49,0.459,0.541,0.11,0.72,0.83,0.8,0.47,0.127,0.873,0.968,0.571,2025-26
1629674,Neemias Queta,1610612738,BOS,26.0,76,25.3,7.78,5.7,2.08,1.67,0.0,3.63,8.84,0.18,0.11,0.29,0.636,0.364,0.72,1.34,2.07,2.07,1.2,0.35,0.65,1.0,0.58,2025-26
1629651,Nic Claxton,1610612751,BKN,27.0,69,27.8,7.26,4.74,2.52,1.7,0.0,2.9,7.09,0.26,0.13,0.39,0.667,0.333,0.57,0.67,1.23,1.22,0.96,0.459,0.541,0.988,0.776,2025-26
1630208,Nick Richards,1610612741,CHI,28.0,47,14.9,4.13,3.02,1.11,0.66,0.0,1.89,4.38,0.13,0.04,0.17,0.75,0.25,0.3,0.57,0.87,0.85,0.68,0.341,0.659,0.976,0.78,2025-26
1641733,Nick Smith Jr.,1610612747,LAL,22.0,25,14.3,1.56,0.64,0.92,0.4,0.0,0.2,0.44,0.08,0.2,0.28,0.286,0.714,0.0,0.0,0.0,0.0,0.0,0.0,0.0,0.0,0.0,2025-26
1629638,Nickeil Alexander-Walker,1610612737,ATL,27.0,78,33.4,3.32,2.27,1.05,3.47,0.05,0.51,1.13,0.36,0.38,0.74,0.483,0.517,0.01,0.47,0.49,0.47,0.19,0.026,0.974,0.974,0.395,2025-26
201587,Nicolas Batum,1610612746,LAC,37.0,68,18.4,3.15,1.84,1.31,1.37,0.0,0.26,0.57,0.1,0.18,0.28,0.368,0.632,0.01,0.25,0.26,0.25,0.12,0.056,0.944,0.944,0.444,2025-26
1628502,Nigel Hayes-Davis,1610612756,PHX,31.0,18,9.5,1.17,0.94,0.22,1.0,0.0,0.33,0.89,0.17,0.11,0.28,0.6,0.4,0.0,0.11,0.11,0.11,0.06,0.0,1.0,1.0,0.5,2025-26
203999,Nikola Jokić,1610612743,DEN,31.0,65,34.8,5.98,3.92,2.06,2.72,0.02,3.4,7.89,0.34,0.25,0.58,0.579,0.421,0.58,1.68,2.26,2.25,1.8,0.259,0.741,1.0,0.801,2025-26
1631107,Nikola Jović,1610612748,MIA,23.0,42,18.9,4.57,3.0,1.57,0.98,0.02,0.24,0.57,0.1,0.1,0.19,0.5,0.5,0.07,0.43,0.5,0.5,0.31,0.143,0.857,1.0,0.619,2025-26
1642260,Nikola Topić,1610612760,OKC,20.0,8,17.8,2.0,1.13,0.88,1.0,0.0,0.0,0.0,0.13,0.0,0.13,1.0,0.0,0.0,0.25,0.25,0.25,0.25,0.0,1.0,1.0,1.0,2025-26
202696,Nikola Vučević,1610612738,BOS,35.0,64,28.4,7.84,5.23,2.61,1.41,0.02,2.25,4.86,0.17,0.09,0.27,0.647,0.353,0.39,1.59,1.98,1.95,1.41,0.197,0.803,0.984,0.709,2025-26
1642363,Nique Clifford,1610612758,SAC,24.0,75,25.1,4.31,2.21,2.09,1.91,0.12,0.39,0.89,0.13,0.21,0.35,0.385,0.615,0.04,0.24,0.28,0.28,0.2,0.143,0.857,1.0,0.714,2025-26
1642855,Noa Essengue,1610612741,CHI,19.0,1,3.9,1.0,1.0,0.0,0.0,0.0,0.0,0.0,0.0,0.0,0.0,0.0,0.0,1.0,0.0,1.0,1.0,0.0,1.0,0.0,1.0,0.0,2025-26
1641730,Noah Clowney,1610612751,BKN,21.0,66,27.0,6.27,3.95,2.32,1.64,0.06,0.38,0.88,0.15,0.23,0.38,0.4,0.6,0.03,0.53,0.56,0.56,0.3,0.054,0.946,1.0,0.541,2025-26
1642869,Noah Penda,1610612753,ORL,21.0,51,14.1,2.63,1.76,0.86,1.18,0.0,0.39,0.86,0.16,0.25,0.41,0.381,0.619,0.18,0.27,0.45,0.45,0.37,0.391,0.609,1.0,0.826,2025-26
1642849,Nolan Traore,1610612751,BKN,20.0,55,22.4,3.65,2.73,0.93,1.4,0.02,0.13,0.29,0.2,0.16,0.36,0.55,0.45,0.0,0.25,0.25,0.24,0.04,0.0,1.0,0.929,0.143,2025-26
1641807,Norchad Omier,1610612746,LAC,24.0,5,4.3,0.8,0.4,0.4,0.4,0.0,0.4,0.8,0.0,0.0,0.0,0.0,0.0,0.2,0.0,0.2,0.2,0.2,1.0,0.0,1.0,1.0,2025-26
1626181,Norman Powell,1610612748,MIA,33.0,57,29.9,2.35,1.11,1.25,2.63,0.0,0.26,0.6,0.16,0.37,0.53,0.3,0.7,0.0,0.33,0.33,0.32,0.19,0.0,1.0,0.947,0.579,2025-26
1628384,OG Anunoby,1610612752,NYK,28.0,67,33.2,6.94,3.91,3.03,2.75,0.04,0.3,0.72,0.3,0.34,0.64,0.465,0.535,0.09,1.01,1.1,1.1,0.69,0.081,0.919,1.0,0.622,2025-26
1630167,Obi Toppin,1610612754,IND,28.0,22,17.6,2.41,1.14,1.27,0.91,0.0,0.68,1.5,0.14,0.18,0.32,0.429,0.571,0.05,0.36,0.41,0.41,0.18,0.111,0.889,1.0,0.444,2025-26
1630534,Ochai Agbaji,1610612751,BKN,26.0,57,16.7,3.42,2.18,1.25,1.21,0.0,0.23,0.51,0.12,0.09,0.21,0.583,0.417,0.0,0.21,0.21,0.21,0.05,0.0,1.0,1.0,0.25,2025-26
1630846,Olivier Sarr,1610612739,CLE,27.0,3,11.7,3.67,2.67,1.0,0.67,0.0,1.67,4.0,0.0,0.0,0.0,0.0,0.0,0.0,0.67,0.67,0.67,0.33,0.0,1.0,1.0,0.5,2025-26
1641765,Olivier-Maxence Prosper,1610612763,MEM,23.0,49,20.0,4.08,2.76,1.33,1.33,0.02,1.39,3.37,0.22,0.29,0.51,0.44,0.56,0.06,0.71,0.78,0.78,0.35,0.079,0.921,1.0,0.447,2025-26
1630209,Omer Yurtseven,1610612744,GSW,28.0,8,12.1,2.63,2.13,0.5,0.5,0.0,2.13,4.75,0.38,0.0,0.38,1.0,0.0,0.5,0.25,0.75,0.75,0.75,0.667,0.333,1.0,1.0,2025-26
1630168,Onyeka Okongwu,1610612737,ATL,25.0,74,31.0,7.65,5.3,2.35,2.35,0.03,2.15,5.07,0.41,0.38,0.78,0.517,0.483,0.26,1.11,1.36,1.35,0.88,0.188,0.812,0.99,0.644,2025-26
1631115,Orlando Robinson,1610612753,ORL,25.0,4,6.2,1.75,1.5,0.25,0.5,0.0,0.5,1.25,0.0,0.0,0.0,0.0,0.0,0.25,0.0,0.25,0.25,0.25,1.0,0.0,1.0,1.0,2025-26
1631131,Oscar Tshiebwe,1610612762,UTA,26.0,27,16.6,3.11,1.81,1.3,1.07,0.0,1.48,3.3,0.26,0.07,0.33,0.778,0.222,0.78,0.3,1.07,1.07,1.0,0.724,0.276,1.0,0.931,2025-26
1642345,Oso Ighodaro,1610612756,PHX,23.0,82,22.1,5.29,3.88,1.41,2.1,0.0,3.06,7.59,0.22,0.16,0.38,0.581,0.419,0.23,0.7,0.93,0.93,0.54,0.25,0.75,1.0,0.579,2025-26
1631172,Ousmane Dieng,1610612749,MIL,23.0,55,19.9,4.35,2.51,1.84,1.02,0.0,0.18,0.44,0.13,0.13,0.25,0.5,0.5,0.0,0.16,0.16,0.16,0.09,0.0,1.0,1.0,0.556,2025-26
1629023,P.J. Washington,1610612742,DAL,27.0,56,31.0,6.66,3.96,2.7,1.88,0.02,0.73,1.59,0.23,0.3,0.54,0.433,0.567,0.11,0.7,0.8,0.8,0.59,0.133,0.867,1.0,0.733,2025-26
1641790,PJ Hall,1610612766,CHA,24.0,17,12.5,4.71,3.12,1.59,0.24,0.0,0.88,2.35,0.12,0.18,0.29,0.4,0.6,0.53,0.59,1.12,1.06,0.71,0.474,0.526,1.0,0.667,2025-26
1642359,Pacôme Dadiet,1610612752,NYK,20.0,15,6.5,1.0,0.6,0.4,0.6,0.0,0.0,0.0,0.0,0.13,0.13,0.0,1.0,0.07,0.07,0.13,0.07,0.0,0.5,0.5,0.5,0.0,2025-26
1631094,Paolo Banchero,1610612753,ORL,23.0,72,34.7,6.24,3.72,2.51,1.22,0.0,0.94,2.11,0.35,0.15,0.5,0.694,0.306,0.04,0.57,0.61,0.61,0.43,0.068,0.932,1.0,0.705,2025-26
1627783,Pascal Siakam,1610612754,IND,32.0,62,33.2,5.81,3.82,1.98,2.27,0.0,0.76,1.84,0.34,0.23,0.56,0.6,0.4,0.1,0.87,0.97,0.95,0.47,0.1,0.9,0.983,0.483,2025-26
1626192,Pat Connaughton,1610612766,CHA,33.0,29,9.2,1.59,0.66,0.93,0.38,0.03,0.14,0.38,0.14,0.07,0.21,0.667,0.333,0.03,0.17,0.21,0.21,0.17,0.167,0.833,1.0,0.833,2025-26
1630311,Pat Spencer,1610612744,GSW,29.0,58,20.5,2.24,1.17,1.07,1.28,0.0,0.17,0.43,0.24,0.21,0.45,0.538,0.462,0.0,0.14,0.14,0.14,0.05,0.0,1.0,1.0,0.375,2025-26
1631116,Patrick Baldwin Jr.,1610612758,SAC,23.0,6,14.7,2.83,2.17,0.67,1.33,0.0,0.17,0.33,0.0,0.0,0.0,0.0,0.0,0.33,0.33,0.67,0.67,0.5,0.5,0.5,1.0,0.75,2025-26
1630172,Patrick Williams,1610612741,CHI,24.0,69,21.0,3.61,2.07,1.54,1.46,0.0,0.39,0.9,0.13,0.22,0.35,0.375,0.625,0.06,0.74,0.8,0.78,0.35,0.073,0.927,0.982,0.436,2025-26
202331,Paul George,1610612755,PHI,36.0,37,30.7,5.16,2.84,2.32,4.11,0.11,0.27,0.62,0.3,0.24,0.54,0.55,0.45,0.08,0.68,0.76,0.73,0.46,0.107,0.893,0.964,0.607,2025-26
1630194,Paul Reed,1610612765,DET,27.0,63,14.2,4.86,3.46,1.4,1.95,0.02,1.67,4.06,0.32,0.16,0.48,0.667,0.333,0.22,0.54,0.76,0.76,0.54,0.292,0.708,1.0,0.708,2025-26
1630202,Payton Pritchard,1610612738,BOS,28.0,76,32.4,1.75,0.54,1.21,1.43,0.03,0.29,0.67,0.33,0.25,0.58,0.568,0.432,0.04,0.37,0.42,0.41,0.12,0.094,0.875,1.0,0.29,2025-26
1642362,Payton Sandfort,1610612760,OKC,23.0,3,20.4,4.0,1.67,2.33,0.67,0.0,0.33,0.67,0.0,0.0,0.0,0.0,0.0,0.0,0.0,0.0,0.0,0.0,0.0,0.0,0.0,0.0,2025-26
1641796,Pelle Larsson,1610612748,MIA,25.0,70,26.4,4.71,2.79,1.93,1.77,0.17,0.2,0.47,0.11,0.11,0.23,0.5,0.5,0.11,0.43,0.54,0.51,0.3,0.211,0.789,0.947,0.553,2025-26
1631250,Pete Nance,1610612749,MIL,26.0,41,17.5,3.32,2.24,1.07,0.78,0.0,0.73,1.68,0.15,0.07,0.22,0.667,0.333,0.07,0.27,0.34,0.34,0.22,0.214,0.786,1.0,0.643,2025-26
1631212,Peyton Watson,1610612743,DEN,23.0,54,29.6,6.13,3.81,2.31,1.57,0.06,0.56,1.41,0.31,0.33,0.65,0.486,0.514,0.06,0.17,0.22,0.22,0.2,0.25,0.75,1.0,0.917,2025-26
1630173,Precious Achiuwa,1610612758,SAC,26.0,73,23.9,5.58,3.49,2.08,1.74,0.04,0.89,2.07,0.37,0.14,0.51,0.73,0.27,0.48,0.37,0.85,0.85,0.63,0.565,0.435,1.0,0.742,2025-26
1629656,Quentin Grimes,1610612755,PHI,26.0,74,29.3,3.62,1.81,1.81,2.01,0.01,0.16,0.35,0.28,0.27,0.55,0.512,0.488,0.0,0.16,0.16,0.16,0.07,0.0,1.0,1.0,0.417,2025-26
1631245,Quenton Jackson,1610612754,IND,27.0,47,19.1,2.21,0.89,1.32,1.55,0.0,0.21,0.47,0.19,0.32,0.51,0.375,0.625,0.02,0.15,0.17,0.17,0.02,0.125,0.875,1.0,0.125,2025-26
1642366,Quinten Post,1610612744,GSW,26.0,66,17.5,6.27,4.77,1.5,0.59,0.0,0.91,2.24,0.08,0.23,0.3,0.25,0.75,0.26,0.64,0.89,0.88,0.65,0.288,0.712,0.983,0.729,2025-26
1629628,RJ Barrett,1610612761,TOR,26.0,57,30.3,4.72,2.65,2.07,1.89,0.05,0.42,1.0,0.28,0.23,0.51,0.552,0.448,0.12,0.32,0.44,0.44,0.26,0.28,0.72,1.0,0.6,2025-26
1642853,Rasheer Fleming,1610612756,PHX,21.0,47,13.7,2.13,1.28,0.85,1.3,0.0,0.21,0.51,0.11,0.06,0.17,0.625,0.375,0.02,0.19,0.21,0.21,0.09,0.1,0.9,1.0,0.4,2025-26
1642484,RayJ Dennis,1610612737,ATL,25.0,13,14.7,1.46,0.77,0.69,1.77,0.0,0.08,0.15,0.0,0.23,0.23,0.0,1.0,0.0,0.15,0.15,0.15,0.0,0.0,1.0,1.0,0.0,2025-26
1641712,Rayan Rupert,1610612763,MEM,22.0,54,19.0,2.76,1.5,1.26,2.07,0.04,0.24,0.59,0.22,0.15,0.37,0.6,0.4,0.04,0.15,0.19,0.17,0.06,0.2,0.8,0.9,0.3,2025-26
1642263,Reed Sheppard,1610612745,HOU,22.0,82,26.2,3.79,1.89,1.9,3.52,0.0,0.16,0.34,0.29,0.28,0.57,0.511,0.489,0.0,0.18,0.18,0.18,0.07,0.0,1.0,1.0,0.4,2025-26
1642434,Riley Minix,1610612739,CLE,25.0,8,7.1,2.13,0.63,1.5,0.88,0.0,0.0,0.0,0.0,0.0,0.0,0.0,0.0,0.0,0.0,0.0,0.0,0.0,0.0,0.0,0.0,0.0,2025-26
1642265,Rob Dillingham,1610612741,CHI,21.0,59,16.0,2.12,1.08,1.03,1.41,0.0,0.05,0.12,0.2,0.15,0.36,0.571,0.429,0.02,0.07,0.08,0.07,0.05,0.2,0.8,0.8,0.6,2025-26
1629057,Robert Williams III,1610612757,POR,28.0,59,17.1,5.29,3.69,1.59,1.17,0.0,1.17,2.75,0.12,0.12,0.24,0.5,0.5,0.32,0.56,0.88,0.85,0.71,0.365,0.635,0.962,0.808,2025-26
1642911,Rocco Zikarsky,1610612750,MIN,19.0,4,8.2,4.5,3.75,0.75,0.25,0.0,1.0,2.25,0.25,0.0,0.25,1.0,0.0,0.0,0.0,0.0,0.0,0.0,0.0,0.0,0.0,0.0,2025-26
1631199,Ron Harper Jr.,1610612738,BOS,26.0,20,14.3,1.95,1.3,0.65,1.0,0.0,0.15,0.3,0.2,0.25,0.45,0.444,0.556,0.1,0.2,0.3,0.3,0.25,0.333,0.667,1.0,0.833,2025-26
1641842,Ronald Holland II,1610612765,DET,20.0,75,20.0,2.08,1.04,1.04,2.19,0.03,0.21,0.53,0.24,0.28,0.52,0.462,0.538,0.05,0.09,0.15,0.13,0.09,0.364,0.636,0.909,0.636,2025-26
1626220,Royce O'Neale,1610612756,PHX,33.0,78,28.4,2.35,1.12,1.23,2.21,0.0,0.53,1.22,0.22,0.27,0.49,0.447,0.553,0.04,0.45,0.49,0.49,0.28,0.079,0.921,1.0,0.579,2025-26
203497,Rudy Gobert,1610612750,MIN,34.0,76,31.3,10.63,8.16,2.47,1.8,0.01,4.04,10.09,0.24,0.07,0.3,0.783,0.217,1.22,1.3,2.53,2.53,1.99,0.484,0.516,1.0,0.786,2025-26
1629060,Rui Hachimura,1610612747,LAL,28.0,67,28.4,3.52,2.27,1.25,1.27,0.01,0.43,0.99,0.13,0.15,0.28,0.474,0.526,0.01,0.58,0.6,0.58,0.24,0.025,0.975,1.0,0.41,2025-26
201566,Russell Westbrook,1610612758,SAC,37.0,60,29.1,1.83,0.82,1.02,2.28,0.0,0.17,0.37,0.42,0.35,0.77,0.543,0.457,0.03,0.12,0.15,0.15,0.12,0.222,0.778,1.0,0.778,2025-26
1642346,Ryan Dunn,1610612756,PHX,23.0,68,19.8,3.68,1.91,1.76,1.84,0.0,0.38,0.93,0.22,0.15,0.37,0.6,0.4,0.07,0.13,0.21,0.21,0.15,0.357,0.643,1.0,0.714,2025-26
1641750,Ryan Kalkbrenner,1610612766,CHA,24.0,69,21.4,9.38,7.32,2.06,1.03,0.03,2.39,5.71,0.13,0.2,0.33,0.391,0.609,0.74,1.8,2.54,2.52,1.39,0.291,0.709,0.994,0.549,2025-26
1642948,Ryan Nembhard,1610612742,DAL,23.0,56,20.3,1.86,0.96,0.89,0.66,0.04,0.21,0.48,0.21,0.27,0.48,0.444,0.556,0.0,0.16,0.16,0.16,0.04,0.0,1.0,1.0,0.222,2025-26
1631157,Ryan Rollins,1610612749,MIL,23.0,74,32.1,3.89,2.08,1.81,4.04,0.05,0.12,0.26,0.3,0.38,0.68,0.44,0.56,0.0,0.24,0.24,0.24,0.11,0.0,1.0,1.0,0.444,2025-26
1630180,Saddiq Bey,1610612740,NOP,27.0,71,31.2,2.56,1.37,1.2,1.37,0.01,0.27,0.63,0.27,0.28,0.55,0.487,0.513,0.11,0.45,0.56,0.56,0.37,0.2,0.8,1.0,0.65,2025-26
1630573,Sam Hauser,1610612738,BOS,28.0,77,25.0,3.97,2.43,1.55,1.23,0.0,0.74,1.77,0.17,0.17,0.34,0.5,0.5,0.01,0.62,0.64,0.62,0.27,0.02,0.98,0.98,0.429,2025-26
1630241,Sam Merrill,1610612739,CLE,30.0,52,26.5,2.9,1.87,1.04,1.52,0.06,0.65,1.5,0.19,0.17,0.37,0.526,0.474,0.04,0.29,0.33,0.33,0.12,0.118,0.882,1.0,0.353,2025-26
1630572,Sandro Mamukelashvili,1610612761,TOR,27.0,80,21.9,5.73,4.0,1.73,1.73,0.0,1.05,2.35,0.18,0.21,0.39,0.452,0.548,0.15,0.79,0.94,0.91,0.43,0.16,0.84,0.973,0.453,2025-26
1630583,Santi Aldama,1610612763,MEM,25.0,43,27.9,6.67,4.28,2.4,1.42,0.05,0.58,1.37,0.21,0.19,0.4,0.529,0.471,0.05,0.65,0.7,0.7,0.44,0.067,0.933,1.0,0.633,2025-26
1630703,Scoot Henderson,1610612757,POR,22.0,30,24.9,2.1,0.83,1.27,2.47,0.0,0.03,0.07,0.1,0.13,0.23,0.429,0.571,0.03,0.37,0.4,0.33,0.07,0.083,0.917,0.909,0.182,2025-26
1630567,Scottie Barnes,1610612761,TOR,24.0,80,33.5,5.9,4.06,1.84,3.18,0.01,1.04,2.38,0.3,0.3,0.6,0.5,0.5,0.43,0.89,1.31,1.3,1.05,0.324,0.676,0.99,0.8,2025-26
1630590,Scotty Pippen Jr.,1610612763,MEM,25.0,10,21.2,2.9,0.9,2.0,3.7,0.0,0.0,0.0,0.3,0.0,0.3,1.0,0.0,0.0,0.1,0.1,0.1,0.0,0.0,1.0,1.0,0.0,2025-26
1642951,Sean Pedulla,1610612746,LAC,23.0,4,4.4,0.5,0.25,0.25,0.5,0.0,0.0,0.0,0.0,0.5,0.5,0.0,1.0,0.0,0.25,0.25,0.25,0.0,0.0,1.0,1.0,0.0,2025-26
203552,Seth Curry,1610612744,GSW,35.0,8,14.2,1.38,0.63,0.75,0.5,0.0,0.0,0.0,0.13,0.0,0.13,1.0,0.0,0.0,0.0,0.0,0.0,0.0,0.0,0.0,0.0,0.0,2025-26
1631101,Shaedon Sharpe,1610612757,POR,23.0,50,29.4,2.5,1.04,1.46,1.92,0.02,0.04,0.08,0.32,0.26,0.58,0.552,0.448,0.0,0.42,0.42,0.42,0.16,0.0,1.0,1.0,0.381,2025-26
1628983,Shai Gilgeous-Alexander,1610612760,OKC,27.0,68,33.2,4.32,2.32,2.0,2.93,0.01,0.25,0.56,0.37,0.43,0.79,0.463,0.537,0.0,0.24,0.24,0.24,0.13,0.0,1.0,1.0,0.563,2025-26
1630536,Sharife Cooper,1610612764,WAS,25.0,34,19.4,1.5,1.0,0.5,1.0,0.15,0.12,0.26,0.26,0.09,0.35,0.75,0.25,0.0,0.06,0.06,0.06,0.0,0.0,1.0,1.0,0.0,2025-26
1631321,Sidy Cissoko,1610612757,POR,22.0,68,20.5,2.44,1.51,0.93,1.68,0.12,0.29,0.69,0.24,0.18,0.41,0.571,0.429,0.07,0.18,0.25,0.25,0.15,0.294,0.706,1.0,0.588,2025-26
1631323,Simone Fontecchio,1610612748,MIA,30.0,66,17.6,2.33,1.27,1.06,1.08,0.0,0.09,0.23,0.18,0.17,0.35,0.522,0.478,0.15,0.3,0.45,0.45,0.3,0.333,0.667,1.0,0.667,2025-26
1642883,Sion James,1610612766,CHA,23.0,82,22.5,3.43,2.11,1.32,1.28,0.01,0.51,1.2,0.1,0.13,0.23,0.421,0.579,0.05,0.35,0.4,0.4,0.13,0.121,0.879,1.0,0.333,2025-26
1627746,Skal Labissiere,1610612764,WAS,30.0,3,12.5,3.33,2.67,0.67,1.0,0.0,2.33,5.33,0.0,0.33,0.33,0.0,1.0,0.33,0.67,1.0,1.0,0.33,0.333,0.667,1.0,0.333,2025-26
1642461,Spencer Jones,1610612743,DEN,25.0,63,22.5,4.46,2.97,1.49,2.02,0.06,0.87,2.17,0.27,0.24,0.51,0.531,0.469,0.05,0.49,0.54,0.51,0.27,0.088,0.912,0.941,0.5,2025-26
1630649,Stanley Umude,1610612759,SAS,27.0,1,4.4,0.0,0.0,0.0,1.0,0.0,0.0,0.0,0.0,0.0,0.0,0.0,0.0,0.0,0.0,0.0,0.0,0.0,0.0,0.0,0.0,0.0,2025-26
201939,Stephen Curry,1610612744,GSW,38.0,43,30.9,2.77,1.37,1.4,2.42,0.07,0.88,1.98,0.47,0.42,0.88,0.526,0.474,0.05,0.26,0.3,0.3,0.16,0.154,0.846,1.0,0.538,2025-26
1642264,Stephon Castle,1610612759,SAS,21.0,68,30.0,4.26,2.53,1.74,2.29,0.01,0.47,1.12,0.37,0.22,0.59,0.625,0.375,0.04,0.25,0.29,0.29,0.12,0.15,0.85,1.0,0.4,2025-26
203500,Steven Adams,1610612745,HOU,32.0,32,22.8,5.56,3.97,1.59,0.97,0.0,2.84,6.25,0.41,0.09,0.5,0.813,0.188,1.66,0.81,2.47,2.41,1.91,0.671,0.329,0.975,0.772,2025-26
1629004,Svi Mykhailiuk,1610612762,UTA,29.0,49,23.4,2.59,1.33,1.27,1.63,0.02,0.35,0.78,0.2,0.29,0.49,0.417,0.583,0.0,0.31,0.31,0.31,0.18,0.0,1.0,1.0,0.6,2025-26
204456,T.J. McConnell,1610612754,IND,34.0,54,17.3,1.43,0.67,0.76,2.15,0.07,0.06,0.17,0.22,0.41,0.63,0.353,0.647,0.0,0.13,0.13,0.13,0.06,0.0,1.0,1.0,0.429,2025-26
1643007,Taelon Peter,1610612754,IND,24.0,31,15.0,2.84,1.74,1.1,1.29,0.19,0.06,0.13,0.1,0.16,0.26,0.375,0.625,0.0,0.19,0.19,0.19,0.06,0.0,1.0,1.0,0.333,2025-26
201959,Taj Gibson,1610612763,MEM,41.0,10,9.7,2.4,1.5,0.9,0.5,0.0,1.3,3.7,0.1,0.0,0.1,1.0,0.0,0.1,0.3,0.4,0.4,0.3,0.25,0.75,1.0,0.75,2025-26
1631106,Tari Eason,1610612745,HOU,25.0,60,25.8,4.63,2.97,1.67,2.37,0.0,0.2,0.47,0.43,0.35,0.78,0.553,0.447,0.1,0.25,0.35,0.35,0.25,0.286,0.714,1.0,0.714,2025-26
1627752,Taurean Prince,1610612749,MIL,32.0,26,23.5,2.15,0.88,1.27,1.38,0.0,0.12,0.23,0.0,0.04,0.04,0.0,1.0,0.0,0.31,0.31,0.31,0.19,0.0,1.0,1.0,0.625,2025-26
1641707,Taylor Hendricks,1610612763,MEM,22.0,58,19.3,3.83,2.26,1.57,1.67,0.02,1.17,2.78,0.14,0.1,0.24,0.571,0.429,0.03,0.24,0.28,0.28,0.14,0.125,0.875,1.0,0.5,2025-26
1629611,Terance Mann,1610612751,BKN,29.0,63,24.3,2.7,1.54,1.16,1.97,0.05,0.43,1.05,0.16,0.13,0.29,0.556,0.444,0.08,0.24,0.32,0.32,0.14,0.25,0.75,1.0,0.45,2025-26
1630545,Terrence Shannon Jr,1610612750,MIN,25.0,37,13.9,1.89,1.11,0.78,0.78,0.05,0.19,0.46,0.08,0.05,0.14,0.6,0.4,0.0,0.27,0.27,0.24,0.05,0.0,1.0,0.9,0.2,2025-26
203648,Thanasis Antetokounmpo,1610612749,MIL,33.0,25,5.2,0.76,0.48,0.28,1.0,0.0,0.24,0.52,0.12,0.04,0.16,0.75,0.25,0.04,0.0,0.04,0.04,0.04,1.0,0.0,1.0,1.0,2025-26
1628418,Thomas Bryant,1610612739,CLE,28.0,57,12.7,3.33,2.79,0.54,0.63,0.02,1.07,2.46,0.12,0.09,0.21,0.583,0.417,0.25,0.58,0.82,0.82,0.56,0.298,0.702,1.0,0.681,2025-26
1642275,Tidjane Salaün,1610612766,CHA,20.0,33,17.1,2.88,1.64,1.24,1.15,0.03,0.58,1.42,0.09,0.18,0.27,0.333,0.667,0.09,0.58,0.67,0.67,0.42,0.136,0.864,1.0,0.636,2025-26
203501,Tim Hardaway Jr.,1610612743,DEN,34.0,79,26.8,2.96,1.56,1.41,0.87,0.09,0.43,1.05,0.06,0.13,0.19,0.333,0.667,0.01,0.24,0.25,0.25,0.13,0.05,0.95,1.0,0.5,2025-26
202699,Tobias Harris,1610612765,DET,33.0,62,28.1,3.94,2.08,1.85,1.44,0.0,0.34,0.73,0.24,0.26,0.5,0.484,0.516,0.1,0.89,0.98,0.97,0.5,0.098,0.902,1.0,0.517,2025-26
1643253,Toby Okani,1610612763,MEM,24.0,6,36.2,5.33,3.33,2.0,1.5,0.0,0.67,1.67,0.0,0.33,0.33,0.0,1.0,0.0,0.5,0.5,0.5,0.17,0.0,1.0,1.0,0.333,2025-26
1642449,Tolu Smith,1610612765,DET,25.0,11,11.6,2.45,1.73,0.73,0.36,0.0,1.45,3.64,0.09,0.0,0.09,1.0,0.0,0.45,1.0,1.45,1.45,1.0,0.313,0.688,1.0,0.688,2025-26
1628396,Tony Bradley,1610612737,ATL,28.0,38,11.7,2.95,2.13,0.82,0.37,0.0,0.97,2.32,0.11,0.08,0.18,0.571,0.429,0.34,0.71,1.05,1.05,0.61,0.325,0.675,1.0,0.575,2025-26
1641787,Tosan Evbuomwan,1610612766,CHA,25.0,2,2.3,1.5,1.0,0.5,0.0,0.0,0.0,0.0,0.5,0.0,0.5,1.0,0.0,0.0,0.0,0.0,0.0,0.0,0.0,0.0,0.0,0.0,2025-26
1641739,Toumani Camara,1610612757,POR,26.0,82,33.3,5.2,3.09,2.11,2.6,0.22,0.79,1.94,0.27,0.22,0.49,0.55,0.45,0.2,0.45,0.65,0.63,0.3,0.302,0.698,0.981,0.472,2025-26
1629027,Trae Young,1610612764,WAS,27.0,15,25.6,1.0,0.47,0.53,1.6,0.07,0.13,0.27,0.33,0.2,0.53,0.625,0.375,0.0,0.27,0.27,0.27,0.13,0.0,1.0,1.0,0.5,2025-26
1631218,Trayce Jackson-Davis,1610612761,TOR,26.0,49,10.0,3.59,2.8,0.8,0.61,0.0,1.2,2.82,0.16,0.08,0.24,0.667,0.333,0.43,0.49,0.92,0.88,0.63,0.467,0.533,0.956,0.689,2025-26
1642848,Tre Johnson,1610612764,WAS,20.0,58,24.1,2.59,1.38,1.21,1.4,0.0,0.16,0.38,0.12,0.12,0.24,0.5,0.5,0.02,0.17,0.19,0.19,0.07,0.091,0.909,1.0,0.364,2025-26
1630200,Tre Jones,1610612741,CHI,26.0,65,27.0,2.46,1.55,0.91,2.23,0.12,0.29,0.69,0.23,0.18,0.42,0.556,0.444,0.0,0.28,0.28,0.28,0.18,0.0,1.0,1.0,0.667,2025-26
1630544,Tre Mann,1610612766,CHA,25.0,43,14.8,1.84,1.0,0.84,1.16,0.0,0.21,0.53,0.14,0.19,0.33,0.429,0.571,0.0,0.14,0.14,0.14,0.05,0.0,1.0,1.0,0.333,2025-26
1630570,Trendon Watford,1610612755,PHI,25.0,51,16.7,3.59,1.92,1.67,0.86,0.0,0.33,0.8,0.25,0.12,0.37,0.684,0.316,0.04,0.18,0.22,0.22,0.08,0.182,0.818,1.0,0.364,2025-26
1642280,Trentyn Flowers,1610612741,CHI,21.0,2,2.8,1.0,1.0,0.0,0.5,0.0,0.0,0.0,0.5,0.0,0.5,1.0,0.0,0.0,0.0,0.0,0.0,0.0,0.0,0.0,0.0,0.0,2025-26
1630286,Trevon Scott,1610612751,BKN,29.0,6,30.4,6.17,3.5,2.67,2.0,0.0,1.67,3.33,0.17,0.17,0.33,0.5,0.5,0.0,0.67,0.67,0.67,0.33,0.0,1.0,1.0,0.5,2025-26
1631211,Trevor Keels,1610612748,MIA,22.0,2,3.0,0.5,0.5,0.0,1.0,0.0,0.0,0.0,0.0,0.0,0.0,0.0,0.0,0.0,0.0,0.0,0.0,0.0,0.0,0.0,0.0,0.0,2025-26
1641725,Trey Alexander,1610612740,NOP,23.0,8,13.6,3.0,2.38,0.63,1.88,0.13,0.0,0.0,0.0,0.13,0.13,0.0,1.0,0.0,0.75,0.75,0.75,0.13,0.0,1.0,1.0,0.167,2025-26
1641998,Trey Jemison III,1610612752,NYK,26.0,11,7.0,1.36,1.09,0.27,0.45,0.0,0.82,1.82,0.09,0.09,0.18,0.5,0.5,0.0,0.55,0.55,0.55,0.18,0.0,1.0,1.0,0.333,2025-26
1630530,Trey Murphy III,1610612740,NOP,26.0,66,35.5,4.8,2.65,2.15,2.8,0.0,0.61,1.3,0.24,0.35,0.59,0.41,0.59,0.03,0.24,0.27,0.26,0.14,0.111,0.889,0.944,0.5,2025-26
1642400,Tristan Enaruna,1610612739,CLE,25.0,7,11.1,2.0,1.14,0.86,1.0,0.0,0.29,0.71,0.14,0.0,0.14,1.0,0.0,0.0,0.14,0.14,0.14,0.0,0.0,1.0,1.0,0.0,2025-26
1641774,Tristan Vukcevic,1610612764,WAS,23.0,47,14.1,4.36,3.04,1.32,1.19,0.02,1.62,3.83,0.17,0.11,0.28,0.615,0.385,0.06,0.51,0.57,0.57,0.28,0.111,0.889,1.0,0.481,2025-26
1641783,Tristan da Silva,1610612753,ORL,25.0,77,24.7,3.91,2.52,1.39,1.65,0.0,0.42,0.87,0.14,0.18,0.32,0.44,0.56,0.03,0.58,0.61,0.61,0.36,0.043,0.957,1.0,0.596,2025-26
1641803,Tristen Newton,1610612745,HOU,25.0,1,12.0,2.0,1.0,1.0,2.0,0.0,0.0,0.0,0.0,0.0,0.0,0.0,0.0,0.0,0.0,0.0,0.0,0.0,0.0,0.0,0.0,0.0,2025-26
1629660,Ty Jerome,1610612763,MEM,28.0,15,22.6,2.2,0.8,1.4,2.67,0.0,0.13,0.4,0.27,0.07,0.33,0.8,0.2,0.07,0.13,0.2,0.2,0.2,0.333,0.667,1.0,1.0,2025-26
1631102,TyTy Washington Jr.,1610612746,LAC,24.0,7,8.5,1.14,0.57,0.57,1.14,0.0,0.0,0.0,0.14,0.0,0.14,1.0,0.0,0.0,0.14,0.14,0.14,0.0,0.0,1.0,1.0,0.0,2025-26
1631174,Tyler Burton,1610612763,MEM,26.0,12,25.6,3.67,2.25,1.42,2.25,0.0,0.17,0.33,0.17,0.42,0.58,0.286,0.714,0.0,0.25,0.25,0.25,0.25,0.0,1.0,1.0,1.0,2025-26
1629639,Tyler Herro,1610612748,MIA,26.0,33,31.3,3.33,2.52,0.82,1.3,0.0,0.06,0.15,0.24,0.21,0.45,0.533,0.467,0.03,0.09,0.12,0.09,0.06,0.25,0.75,1.0,0.667,2025-26
1642278,Tyler Kolek,1610612752,NYK,25.0,48,14.0,1.5,0.88,0.63,0.79,0.04,0.1,0.23,0.13,0.21,0.33,0.375,0.625,0.0,0.17,0.17,0.17,0.06,0.0,1.0,1.0,0.375,2025-26
1641890,Tyler Smith,1610612742,DAL,21.0,12,13.8,2.58,1.33,1.25,0.67,0.0,0.33,0.67,0.08,0.0,0.08,1.0,0.0,0.0,0.58,0.58,0.58,0.25,0.0,1.0,1.0,0.429,2025-26
1631213,Tyrese Martin,1610612755,PHI,27.0,40,18.3,2.43,1.28,1.15,1.33,0.0,0.15,0.35,0.23,0.3,0.53,0.429,0.571,0.05,0.2,0.25,0.25,0.18,0.2,0.8,1.0,0.7,2025-26
1630178,Tyrese Maxey,1610612755,PHI,25.0,70,38.0,3.87,1.66,2.21,3.57,0.04,0.29,0.64,0.21,0.51,0.73,0.294,0.706,0.01,0.21,0.23,0.21,0.06,0.063,0.938,0.938,0.25,2025-26
1642878,Tyrese Proctor,1610612739,CLE,22.0,41,12.3,1.05,0.39,0.66,1.44,0.02,0.17,0.39,0.1,0.17,0.27,0.364,0.636,0.02,0.12,0.15,0.15,0.02,0.167,0.833,1.0,0.167,2025-26
1630623,Tyson Etienne,1610612751,BKN,26.0,18,20.0,1.61,1.06,0.56,0.89,0.0,0.22,0.5,0.22,0.17,0.39,0.571,0.429,0.0,0.33,0.33,0.33,0.0,0.0,1.0,1.0,0.0,2025-26
1626145,Tyus Jones,1610612743,DEN,30.0,52,16.0,0.9,0.27,0.63,1.04,0.0,0.12,0.27,0.04,0.1,0.13,0.286,0.714,0.0,0.12,0.12,0.12,0.08,0.0,1.0,1.0,0.667,2025-26
1642845,VJ Edgecombe,1610612755,PHI,20.0,75,35.0,4.44,2.61,1.83,3.25,0.0,0.27,0.59,0.52,0.51,1.03,0.506,0.494,0.03,0.28,0.31,0.31,0.16,0.087,0.913,1.0,0.522,2025-26
1641705,Victor Wembanyama,1610612759,SAS,22.0,64,29.2,9.41,6.78,2.63,2.61,0.05,1.36,2.95,0.31,0.17,0.48,0.645,0.355,0.31,0.7,1.02,1.02,0.77,0.308,0.692,1.0,0.754,2025-26
1631246,Vince Williams Jr.,1610612762,UTA,25.0,40,20.5,2.8,1.63,1.18,1.8,0.03,0.15,0.38,0.28,0.13,0.4,0.688,0.313,0.05,0.15,0.2,0.2,0.1,0.25,0.75,1.0,0.5,2025-26
1642884,Vladislav Goldin,1610612748,MIA,25.0,6,3.2,1.83,1.67,0.17,0.33,0.0,0.0,0.0,0.17,0.0,0.17,1.0,0.0,0.0,0.17,0.17,0.17,0.17,0.0,1.0,1.0,1.0,2025-26
1630249,Vít Krejčí,1610612757,POR,26.0,64,21.7,4.23,2.42,1.81,1.44,0.0,0.34,0.77,0.14,0.25,0.39,0.36,0.64,0.0,0.31,0.31,0.31,0.11,0.0,1.0,1.0,0.35,2025-26
1631117,Walker Kessler,1610612762,UTA,24.0,5,30.8,8.6,6.8,1.8,3.2,0.0,3.2,7.8,0.8,0.0,0.8,1.0,0.0,0.8,1.6,2.4,2.2,1.4,0.333,0.667,0.917,0.583,2025-26
1642383,Walter Clayton Jr.,1610612763,MEM,23.0,68,20.5,4.35,1.94,2.41,1.29,0.06,0.19,0.44,0.12,0.16,0.28,0.421,0.579,0.0,0.19,0.19,0.19,0.12,0.0,1.0,1.0,0.615,2025-26
1628976,Wendell Carter Jr.,1610612753,ORL,27.0,78,29.3,7.63,5.69,1.94,1.6,0.03,2.79,6.37,0.27,0.28,0.55,0.488,0.512,0.5,1.9,2.4,2.4,1.35,0.209,0.791,1.0,0.561,2025-26
1631111,Wendell Moore Jr.,1610612765,DET,24.0,5,10.9,1.8,1.0,0.8,0.8,0.0,0.2,0.4,0.0,0.0,0.0,0.0,0.0,0.0,0.0,0.0,0.0,0.0,0.0,0.0,0.0,0.0,2025-26
1642954,Will Richard,1610612744,GSW,23.0,67,20.1,2.18,1.13,1.04,2.34,0.07,0.24,0.55,0.13,0.15,0.28,0.474,0.526,0.1,0.21,0.31,0.31,0.24,0.333,0.667,1.0,0.762,2025-26
1642860,Will Riley,1610612764,WAS,20.0,68,23.7,3.47,2.31,1.16,1.22,0.01,0.21,0.51,0.09,0.18,0.26,0.333,0.667,0.03,0.24,0.26,0.25,0.12,0.111,0.889,0.944,0.444,2025-26
1630214,Xavier Tillman,1610612766,CHA,27.0,20,8.1,2.7,1.4,1.3,0.95,0.0,1.0,2.35,0.0,0.2,0.2,0.0,1.0,0.35,0.2,0.6,0.55,0.4,0.583,0.333,1.0,0.727,2025-26
1642905,Yang Hansen,1610612757,POR,21.0,38,7.5,3.03,2.05,0.97,0.45,0.0,0.97,2.26,0.13,0.0,0.13,1.0,0.0,0.11,0.61,0.71,0.68,0.29,0.148,0.852,0.963,0.407,2025-26
1642949,Yanic Konan Niederhäuser,1610612746,LAC,23.0,33,12.1,4.15,3.45,0.7,0.64,0.06,1.39,3.12,0.03,0.0,0.03,1.0,0.0,0.21,0.58,0.79,0.79,0.52,0.269,0.731,1.0,0.654,2025-26
1642530,Yuki Kawamura,1610612741,CHI,25.0,13,14.6,1.62,0.54,1.08,1.08,0.08,0.08,0.15,0.0,0.23,0.23,0.0,1.0,0.08,0.08,0.15,0.15,0.08,0.5,0.5,1.0,0.5,2025-26
1642274,Yves Missi,1610612740,NOP,22.0,66,19.7,6.79,4.35,2.44,0.77,0.0,1.92,4.18,0.33,0.18,0.52,0.647,0.353,0.5,0.64,1.14,1.12,0.67,0.44,0.56,0.987,0.587,2025-26
1642258,Zaccharie Risacher,1610612737,ATL,21.0,67,22.4,4.43,2.85,1.58,2.01,0.0,0.13,0.33,0.15,0.24,0.39,0.385,0.615,0.04,0.19,0.24,0.24,0.15,0.188,0.813,1.0,0.625,2025-26
1628380,Zach Collins,1610612741,CHI,28.0,10,18.4,5.7,4.2,1.5,1.0,0.0,2.3,5.3,0.2,0.1,0.3,0.667,0.333,0.3,1.0,1.3,1.3,0.9,0.231,0.769,1.0,0.692,2025-26
1641744,Zach Edey,1610612763,MEM,24.0,11,25.8,8.0,6.73,1.27,1.09,0.0,3.18,7.09,0.18,0.09,0.27,0.667,0.333,1.73,2.36,4.09,4.09,3.27,0.422,0.578,1.0,0.8,2025-26
203897,Zach LaVine,1610612758,SAC,31.0,39,31.4,4.23,1.92,2.31,1.28,0.0,0.18,0.41,0.08,0.15,0.23,0.333,0.667,0.0,0.21,0.21,0.21,0.08,0.0,1.0,1.0,0.375,2025-26
1630192,Zeke Nnaji,1610612743,DEN,25.0,49,12.6,3.63,2.33,1.31,0.9,0.02,1.2,2.94,0.08,0.12,0.2,0.4,0.6,0.1,0.27,0.37,0.35,0.18,0.278,0.722,0.944,0.5,2025-26
1630533,Ziaire Williams,1610612751,BKN,24.0,55,23.0,3.67,1.67,2.0,3.16,0.02,0.15,0.33,0.18,0.29,0.47,0.385,0.615,0.0,0.18,0.18,0.18,0.09,0.0,1.0,1.0,0.5,2025-26
1629627,Zion Williamson,1610612740,NOP,25.0,62,29.7,4.11,1.9,2.21,1.94,0.02,0.84,2.05,0.42,0.13,0.55,0.765,0.235,0.18,0.65,0.82,0.82,0.61,0.216,0.784,1.0,0.745,2025-26
1642389,Zyon Pullin,1610612750,MIN,25.0,2,17.9,3.5,3.0,0.5,1.0,0.0,0.0,0.0,0.0,0.0,0.0,0.0,0.0,0.0,0.5,0.5,0.5,0.0,0.0,1.0,1.0,0.0,2025-26
