team_id,team_abbreviation,conference,player_id,player_name,position,current_age,target_age,minutes_projection,risk_score,fatigue_score,games_played_last_season,minutes_per_game_last_season,projected_total_minutes,PTS_per36_projected,PTS_projected,AST_per36_projected,AST_projected,REB_per36_projected,REB_projected,STL_per36_projected,STL_projected,BLK_per36_projected,BLK_projected,TOV_per36_projected,TOV_projected,OREB_per36_projected,OREB_projected,DREB_per36_projected,DREB_projected,FGM_per36_projected,FGM_projected,FGA_per36_projected,FGA_projected,FTM_per36_projected,FTM_projected,FTA_per36_projected,FTA_projected,PF_per36_projected,PF_projected,FG3M_per36_projected,FG3M_projected,FG3A_per36_projected,FG3A_projected,game_score_per36,game_score_per36_box,country,PPG,RPG,APG,SPG,BPG,TOPG,3PM,FG%,3P%
1610612737,ATL,East,1642933,Keshon Gilbert,G,23.0,24.0,0.0,0.0,0.1911811764705882,4.0,18.5,0.0,8.683783783783785,0.0,6.129729729729731,0.0,2.5540540540540544,0.0,1.5324324324324328,0.0,2.0432432432432432,0.0,4.0864864864864865,0.0,1.0216216216216216,0.0,1.5324324324324328,0.0,2.5540540540540544,0.0,6.129729729729731,0.0,3.5756756756756762,0.0,3.5756756756756762,0.0,2.5540540540540544,0.0,0.0,0.0,1.5032432432432434,0.0,8.734864864864864,8.734864864864864,USA,0.0,0.0,0.0,0.0,0.0,0.0,0.0,,
1610612737,ATL,East,1630228,Jonathan Kuminga,F,23.0,24.0,20.086202509977916,0.0,0.3185938791732909,36.0,23.083333333333332,1647.068605818189,21.725395953664506,993.9782673402868,3.549809798802173,162.41056322869005,8.110116812055702,371.05329974042337,1.092858527985719,50.00036033460991,0.5992474755130286,27.416714000925374,2.6961221650052103,123.3527270952958,2.024179025310974,92.61004792070463,6.085937786744728,278.44325181971874,7.904798832053069,361.65961087730267,16.714829671299018,764.7353111998603,4.456618788326558,203.8988026208936,6.30933365113496,288.66403834490677,2.8004169067055185,128.1244102843651,1.4313856059702545,65.48861928926809,4.447473177235317,203.48037348452124,17.59641493502512,15.869465117513101,DRC,12.12168618707667,4.52504024073687,1.9806166247401227,0.6097604918854866,0.3343501707429924,1.5043015499426318,0.7986416986496108,47.3,32.2
1610612737,ATL,East,1642484,RayJ Dennis,G,25.0,26.0,0.0,0.0,0.10775633008283526,17.0,12.117647058823529,0.0,14.59176520953751,0.0,6.6368732302745315,0.0,5.431430916618456,0.0,1.9112311734825864,0.0,0.8677130076589513,0.0,2.9573175664739977,0.0,1.3180187489884485,0.0,4.113412167630008,0.0,5.222727283453728,0.0,16.23106402702306,0.0,1.3180187489884485,0.0,1.4305951843208229,0.0,3.825030574132949,0.0,2.774419667096048,0.0,9.268740345722469,0.0,10.107829248359673,10.107829248359673,USA,0.0,0.0,0.0,0.0,0.0,0.0,0.0,,
1610612737,ATL,East,1630552,Jalen Johnson,F,24.0,25.0,30.600640646969964,0.0,0.5089340580810106,72.0,35.166666666666664,2509.2525330515373,21.672506476549906,1510.6053270516306,6.62053691747855,461.4610841762297,10.647545883150203,742.149485502142,1.430466826534229,99.70562522020023,0.7418913256501739,51.71090800379616,3.1628734442955313,220.45689449500009,1.601182697656625,111.60477055481057,9.046363185493579,630.5447149473316,8.305702726237119,578.9196001273208,16.75495618207267,1167.84489558426,3.496426191690653,243.7060077257642,4.5425762005783685,316.62418994113614,2.2463857674909784,156.5763660357683,1.5348715022443529,106.98278346986837,4.498149275028377,313.52756840024693,20.133472090410738,19.205333925478918,USA,18.422016183556472,9.05060348173344,5.627574197271094,1.2159222587829297,0.6306208293145874,2.6884987133536598,1.3046680910959556,49.6,34.1
1610612737,ATL,East,1630811,Keaton Wallace,G,27.0,28.0,0.0,0.0,0.13349991777356102,53.0,10.11320754716981,0.0,12.329949056893449,0.0,6.122865720603602,0.0,3.6961172770739865,0.0,1.7665493990535213,0.0,0.4559745497336178,0.0,2.070231501520069,0.0,0.3180193024367859,0.0,3.378097974637201,0.0,4.607163584473632,0.0,11.545229173023168,0.0,0.799959875908107,0.0,1.0471959705612959,0.0,3.060981464268006,0.0,2.338818632158458,0.0,6.545088309227545,0.0,6.721463452612983,10.305416036864624,USA,0.0,0.0,0.0,0.0,0.0,0.0,0.0,,
1610612737,ATL,East,203468,CJ McCollum,G,34.0,35.0,25.910170784769157,0.0,0.7096747477715208,76.0,29.776315789473685,2124.634004351071,22.150305433115673,1307.2581147211065,4.564883568929194,269.40852379029,4.101320360923509,242.05013059876373,0.961057015816268,56.71928933120578,0.5412736202768158,31.944676091620337,2.0144870639674015,118.89021437306923,0.8487175266454065,50.08928103332129,3.252602834278102,191.9608495654424,8.20232126262298,484.0814074772387,18.144414526761157,1070.8400025721749,2.504918302749747,147.8342945595412,3.2863515409619692,193.95261761609282,2.2414821913815106,132.28692455434756,3.2573638082231375,192.24183087481606,8.452357193110512,498.83793081677675,15.136479644002891,15.61174070082285,USA,15.9421721307452,2.9518308609605333,3.28546980232061,0.6916986503805583,0.3895692206295163,1.44988066308621,2.3444125716440984,45.2,38.5
1610612737,ATL,East,1629216,Gabe Vincent,G,30.0,31.0,0.0,0.0,0.26619642840957647,53.0,16.58490566037736,0.0,8.77235335118162,0.0,2.815534913832077,0.0,1.9740696045069865,0.0,1.1618903235272975,0.0,0.14964480450008774,0.0,0.9673824947107358,0.0,0.5946302461217506,0.0,1.3794393583852356,0.0,3.121707862176887,0.0,8.665602114453632,0.0,0.5245316582861071,0.0,0.6559754250501978,0.0,3.1915139899498137,0.0,2.0879228838976442,0.0,6.665389612445446,0.0,5.278030962408772,5.726138524699143,USA,0.0,0.0,0.0,0.0,0.0,0.0,0.0,,
1610612737,ATL,East,1643412,Kingston Flemings,G,,,0.0,0.0,0.0,,,,,,,,,,,,,,,,,,,,,,,,,,,,,,,,,,0.0,,USA,,,,,,,,,
1610612737,ATL,East,1630700,Dyson Daniels,G,23.0,24.0,28.852686865938253,0.0,0.5505474779128596,76.0,33.1578947368421,2365.9203230069365,13.499344130208272,887.177017359004,5.737832968162339,377.09043414984694,7.185496240029717,472.2308773660065,2.612102856331581,171.6674231549821,0.6169117877602316,40.543448226790936,2.0287336552797317,133.32839402762406,2.2660492428386556,148.92477657129044,4.91944699719106,323.3061007947161,5.811349475982179,381.9219397033874,11.662005412711295,766.4271003597374,1.1195136851576735,73.57444943330358,1.8313009356328187,120.35311392098066,2.578288888588347,169.44516889150384,0.7427099408369751,48.810903975707745,2.6240486512602703,172.4525009048782,15.627855893977019,14.438208775419868,Australia,10.819231919012244,5.758913138609835,4.598663831095695,2.093505160426611,0.49443229544866996,1.6259560247271228,0.5952549265330213,49.8,28.3
1610612737,ATL,East,1629652,Luguentz Dort,G,27.0,28.0,23.317776450132893,0.0,0.6154109461610231,69.0,26.797101449275363,1912.0576689108973,12.113089831529493,643.3590640717382,1.791893685630059,95.1723350967213,4.826330816265801,256.3395236095005,1.2479621395916496,66.28265498657403,0.6173796209572208,32.79070663557103,1.02625545995611,54.5072117352989,1.25057793584775,66.42158702245696,3.5757528804180514,189.9179365870435,4.236899890846618,225.03324801947278,10.296372693048186,546.8682880474314,1.0025086917223964,53.24595644882329,1.291901345441507,68.61638541743721,3.5577721728283787,188.9629324248413,2.663149171695,141.44707769980914,7.115990738470347,377.9495739830874,14.398562333065247,8.91785138558089,Canada,7.8458422447772955,3.1260917513353714,1.1606382328868452,0.8083250608118784,0.39988666628745156,0.6647220943329134,1.7249643621927944,41.1,37.4
1610612737,ATL,East,1629638,Nickeil Alexander-Walker,G,27.0,28.0,29.038814292403504,0.0,0.6138775745679946,78.0,33.37179487179487,2381.182771977087,17.657357677629822,1167.927663905819,3.903775196143679,258.21117340913344,3.8718847447687903,256.1018124812318,1.20072945192705,79.42100790928282,0.6242242534879338,41.288667729325724,1.9186630746816218,126.9079849627907,0.7747277350383963,51.243564879062745,3.0971570097303935,204.85824760216903,6.062672629431357,401.0092115927493,13.453280977974485,889.8533580922195,2.577532182467512,170.48820075300395,2.9702808610868447,196.4661559542573,2.455474398538106,162.4148148563816,2.984025038662593,197.3752503669897,7.593598837606499,502.27074248371747,14.10548922826862,13.448963323390803,Canada,14.243020291534377,3.123192835136973,3.148916748891871,0.9685488769424734,0.5035203381625089,1.5476583532047647,2.407015248377923,45.1,39.3
1610612737,ATL,East,1627741,Buddy Hield,G,33.0,34.0,0.0,0.0,0.411713525751529,51.0,16.058823529411764,0.0,16.81030242318814,0.0,3.0368892927664315,0.0,4.854685604593698,0.0,1.4514400878063252,0.0,0.4586256841938626,0.0,1.875574060754574,0.0,1.0636565528821602,0.0,3.7910290517115377,0.0,6.124920970608598,0.0,14.221689478965958,0.0,1.1101679101034785,0.0,1.3448709995954389,0.0,2.5159682610232594,0.0,3.467986379928328,0.0,9.553638787171337,0.0,9.795026150004244,12.109414449404255,Bahamas,0.0,0.0,0.0,0.0,0.0,0.0,0.0,,
1610612737,ATL,East,1642948,Ryan Nembhard,G,23.0,24.0,16.98263042540371,0.0,0.212616862745098,60.0,19.516666666666666,1392.5756948831042,12.815200683176773,495.72602767892573,10.200512382578992,394.5829338703792,4.2932536293766015,166.07446267329252,0.807002561912895,31.217004261897085,0.06456020495303161,2.4973603409517673,2.7438087105038433,106.1378144904501,0.4196413321947054,16.232842216186484,3.873612297181896,149.84162045710602,5.229376601195559,202.2861876170931,12.589239965841163,486.9852664855946,0.807002561912895,31.217004261897085,1.0006831767719897,38.70908528475238,2.7760888129803587,107.38649466092598,1.519931682322801,58.79499774126446,4.274807856532878,165.36093114730627,10.833788755949936,11.611152860802733,Canada,6.045439361938119,2.025298325284055,4.8119869984192585,0.3806951739255742,0.030455613914045943,1.2943635913469524,0.7170121675763959,41.5,35.6
1610612737,ATL,East,1643539,Henri Veesaar,C,,,0.0,0.0,0.0,,,,,,,,,,,,,,,,,,,,,,,,,,,,,,,,,,0.0,,Estonia,,,,,,,,,
1610612737,ATL,East,1628396,Tony Bradley,C-F,28.0,29.0,0.0,0.0,0.11817843137254902,41.0,11.0,0.0,16.231567737435316,0.0,1.6490436648514235,0.0,10.910772042610375,0.0,0.6382219949711286,0.0,1.35975949093548,0.0,1.3963382473813495,0.0,4.2935825906678025,0.0,6.617189451942571,0.0,6.573619731520004,0.0,11.45256597960952,0.0,2.2780189433024898,0.0,3.0948775712705316,0.0,3.8988192966466855,0.0,0.8267740349276629,0.0,1.5378221746429737,0.0,19.69884267187195,15.296658880161607,USA,0.0,0.0,0.0,0.0,0.0,0.0,0.0,,
1610612737,ATL,East,1642854,Asa Newell,F,20.0,21.0,0.0,0.0,0.11946421994884909,44.0,11.363636363636363,0.0,17.324640000000002,0.0,1.98432,0.0,7.32672,0.0,1.2211200000000002,0.0,1.1448,0.0,1.75536,0.0,3.3580799999999997,0.0,3.96864,0.0,6.94512,0.0,12.898080000000002,0.0,1.2211200000000002,0.0,2.21328,0.0,4.9608,0.0,2.1924,0.0,5.67,0.0,12.714085895147202,13.890239999999999,USA,0.0,0.0,0.0,0.0,0.0,0.0,0.0,,
1610612737,ATL,East,1630168,Onyeka Okongwu,F-C,25.0,26.0,27.01024909674267,0.0,0.5512512328371152,74.0,31.04054054054054,2214.840425932899,17.69710719867694,1088.7852346027169,3.2216651084905026,198.2076144750629,10.300597485816423,633.7272145235833,1.1955074599898377,73.5516181080514,1.3445624492153392,82.72197965870788,1.7805000224286058,109.54231744581415,3.1528198251481023,193.97202234501975,7.1477776606683205,439.75519217856345,6.736565939132952,414.45607149873024,12.798811065486351,787.4256708810137,2.660412570713484,163.6774808687859,3.4806802857285946,214.1430946272046,3.924968209490845,241.4771739133831,1.5337806020842624,94.36331338910905,4.2334102259313156,260.45355855417796,16.714506458434016,16.49714536244678,USA,13.277868714667278,7.7283806649217475,2.417166030183694,0.8969709525372122,1.0088046299842424,1.3358819200709042,1.1507721145013299,52.6,36.2
1610612737,ATL,East,1631243,Mouhamed Gueye,F,23.0,24.0,0.0,0.0,0.258715925397488,77.0,15.311688311688311,0.0,12.185620570687654,0.0,2.0921761423964447,0.0,9.644531863177288,0.0,2.0890580187138235,0.0,1.7498778797480155,0.0,0.9540373629062098,0.0,3.3915937947292756,0.0,6.252938068448012,0.0,4.470391451079903,0.0,10.688562400791232,0.0,1.8450406955719112,0.0,2.514861281138605,0.0,4.539326840532037,0.0,1.3731341734710625,0.0,4.663785330103198,0.0,16.56553750038553,12.48258004827989,Senegal,0.0,0.0,0.0,0.0,0.0,0.0,0.0,,
1610612737,ATL,East,1643544,Zuby Ejiofor,F,,,0.0,0.0,0.0,,,,,,,,,,,,,,,,,,,,,,,,,,,,,,,,,,0.0,,USA,,,,,,,,,
1610612737,ATL,East,1630598,Aaron Wiggins,G,27.0,28.0,18.929335417345474,0.0,0.4650762194789184,65.0,21.753846153846155,1552.205504222329,16.650281971927086,717.9072034355288,2.722572638854613,117.38867321320116,5.4600674499523425,235.42074303447782,1.460084141097948,62.954184456665736,0.5762679401099172,24.846840792929918,1.7816175668918308,76.81768315968593,1.3791102864605824,59.46284937704858,4.080957163491758,175.95789365742914,6.396228639099437,275.78503610762897,13.567707086641724,584.996378321155,1.4619762715800302,63.03576710524892,1.8829831950178986,81.18824665735914,2.2129512338055566,95.41541904690497,2.4198069063696632,104.33437775617215,6.352723013967076,273.90921191887657,16.188749019527915,12.835114533071508,USA,8.754965895555229,2.8709846711521685,1.4315691855268433,0.7677339567886066,0.3030102535723161,0.9368010141425113,1.2723704604411237,47.1,38.1
1610612737,ATL,East,1630592,Jalen Wilson,F,25.0,26.0,0.0,0.0,0.22748009915836284,54.0,15.907407407407407,0.0,14.161477653182937,0.0,2.4251844368076685,0.0,5.494950353612095,0.0,0.8314635265824796,0.0,0.11686495417724257,0.0,1.493485545068234,0.0,1.3260415184626486,0.0,4.168908835149446,0.0,4.657138333405503,0.0,11.614476505579042,0.0,2.701943673202178,0.0,3.550727332380252,0.0,3.3283779448644686,0.0,2.1043952691093764,0.0,6.099345786716083,0.0,3.807046528105067,9.519649059695162,USA,0.0,0.0,0.0,0.0,0.0,0.0,0.0,,
1610612737,ATL,East,1642269,Devin Carter,G,24.0,25.0,0.0,0.0,0.1751240866873065,38.0,18.42105263157895,0.0,16.322050614431063,0.0,4.85866761610385,0.0,6.945000869371083,0.0,1.9011408309574753,0.0,0.44573495562175464,0.0,2.4530573955255144,0.0,1.8936159915895254,0.0,5.051384877781558,0.0,5.742612687979408,0.0,14.359145070262755,0.0,3.1788791233513876,0.0,4.737436328421666,0.0,3.0952720325089524,0.0,1.6263661891185572,0.0,5.912390324714229,0.0,5.3286302336414275,12.708274338494226,USA,0.0,0.0,0.0,0.0,0.0,0.0,0.0,,
1610612737,ATL,East,1630557,Corey Kispert,F,27.0,28.0,0.0,0.0,0.3080907208293153,58.0,18.620689655172413,0.0,17.322382053894508,0.0,2.764447601514722,0.0,4.202394011231616,0.0,0.5845549839421884,0.0,0.30036252208457004,0.0,1.5212881312593667,0.0,0.7977971197703128,0.0,3.4045968914613036,0.0,6.123491748911809,0.0,13.133760058239174,0.0,2.1789594964303927,0.0,2.7453201046711335,0.0,2.1520938649260235,0.0,2.9254034502369057,0.0,7.9179345483428225,0.0,8.272385709512468,12.279235913905042,USA,0.0,0.0,0.0,0.0,0.0,0.0,0.0,,
1610612737,ATL,East,1629111,Jock Landale,C,30.0,31.0,19.271493510316464,0.0,0.3173095311293269,68.0,22.147058823529413,1580.2624678459501,14.852974745369684,651.9888479436519,2.6726690720501574,117.31996176482019,8.848399908101069,388.4109520906576,0.8527089959906257,37.430667287738565,0.9147239019237731,40.152884740326066,1.4050632287015496,61.676907924097485,4.054486830291318,177.97648234125174,4.793913077809749,210.4344697494058,5.871911530005304,257.7544834827575,11.29468858799787,495.7936794894723,1.946410428550291,85.43998186838823,2.86166495445662,125.61615897438575,3.4064660120248766,149.53084407766065,1.2111888091758152,53.16656157265476,3.2271497580550608,141.6595455770153,14.681008564949668,13.80190468421849,Australia,7.9510835115079495,4.736718927934849,1.4307312410343926,0.4564715522894947,0.4896693261015374,0.7521574137085059,0.6483727021055459,52.0,37.5
1610612738,BOS,East,1641759,Dillon Mitchell,F,,,0.0,0.0,0.0,,,,,,,,,,,,,,,,,,,,,,,,,,,,,,,,,,0.0,,USA,,,,,,,,,
1610612738,BOS,East,1642870,Milos Uzan,G,,,0.0,0.0,0.0,,,,,,,,,,,,,,,,,,,,,,,,,,,,,,,,,,0.0,,USA,,,,,,,,,
1610612738,BOS,East,1643620,Tucker DeVries,,,,0.0,0.0,0.0,,,,,,,,,,,,,,,,,,,,,,,,,,,,,,,,,,0.0,,,,,,,,,,,
1610612738,BOS,East,1628369,Jayson Tatum,F-G,28.0,29.0,30.802499725211472,0.0,0.6043609625668449,16.0,32.625,2525.804977467341,24.994366702150476,1753.6359951371012,5.614679779789623,393.9329481854962,9.556965014585387,670.5286056478058,1.2534494754300127,87.94358122347093,0.37303239208760675,26.17241868587294,2.6784814038540645,187.92560171967517,0.6456155725819953,45.297195187723084,8.911349442003392,625.2314104600828,8.499467323440257,596.3332464268449,19.515745539113464,1369.249089491079,4.768986383249751,334.5980428968387,5.800507464493576,406.9708507126205,1.9114833355871406,134.11205898255207,3.308335156081631,232.11692789892155,9.689043091417668,679.795368533286,25.79247084846861,19.447632312713196,USA,21.385804818745136,8.177178117656167,4.804060343725563,1.0724826978472064,0.3191758376325968,2.291775630727746,2.8306942426697748,43.6,34.1
1610612738,BOS,East,1629011,Mitchell Robinson,C-F,28.0,29.0,18.489367651148648,0.0,0.38925701815485286,60.0,19.583333333333332,1516.128147394189,9.93295507852216,418.323132815264,1.43106103879302,60.2686644875907,14.03327281569577,591.0066643316129,1.776404023224161,74.81267057651198,2.042789727264164,86.03141679758049,1.2165419462117026,51.234263531590834,7.012226386607786,295.3176055732308,7.021046429087987,295.6890587583821,4.2847137010535015,180.44930682479844,6.3437104942128375,267.1632788665551,1.3635276764151578,57.42451916566713,2.8524113215424314,120.1283636815649,3.376355442878413,142.19409784876484,0.0,0.0,0.0,0.0,19.358778508922178,15.266577590396636,USA,5.101501619698341,7.207398345507475,0.7349837132633011,0.9123496411769754,1.049163619482689,0.6248080918486687,0.0,67.5,
1610612738,BOS,East,202331,Paul George,F,36.0,37.0,28.962068707147168,0.0,0.6830732902917265,37.0,30.675675675675677,2374.8896339860676,19.09769610676383,1259.858903249153,4.053748963108488,267.4223997574477,5.637439816329498,371.89714950059016,1.802626813371826,118.91777036172465,0.4910395413578951,32.393464351337165,2.1823965744858453,143.97086116647603,0.5814187443210518,38.35570413592393,5.056021072008445,333.5414453646661,6.782793092733846,447.45513903905305,15.313768202321503,1010.2363711377443,2.6606467883386506,175.5206243701051,3.168276129014173,209.00850378892403,2.566943377017169,169.33908936409068,2.9325580932331787,193.45838379670622,7.579235705502789,499.99578640376814,15.423444958436571,14.586728149794958,USA,15.364132966453084,4.535331091470612,3.26124877752985,1.4502167117283493,0.3950422481870386,1.7557422093472685,2.359248582886661,44.3,38.7
1610612738,BOS,East,1628401,Derrick White,G,31.0,32.0,32.18652008904021,0.0,0.7371490723360844,77.0,34.09090909090909,2639.294647301297,16.58437968577604,1215.8629037078074,5.267207318045214,386.1586689095265,4.506145027690491,330.3623458763019,1.0824060459769567,79.35523564870954,1.2176954518570107,89.27380800359285,1.7354253935407713,127.230526443414,0.9831821135629784,72.08075804580957,3.5229629141275125,258.2815878304923,5.707939723648481,418.4704099928856,13.58384430603158,995.8824324078709,2.147957588232526,157.47480459034196,2.4290057588048217,178.0794971521553,1.7808818289759694,130.56310774145612,3.146398594006827,230.67424909551514,8.799745707615639,645.142270658959,20.22459820533083,14.165621506294102,USA,14.827596386680577,4.028809096052462,4.7092520598722745,0.9677467762037748,1.0887049756535714,1.5515917858952928,2.813100598725794,42.0,35.8
1610612738,BOS,East,1630202,Payton Pritchard,G,28.0,29.0,30.547044686023778,0.0,0.6083401841928051,79.0,32.35443037974684,2504.8576642539497,17.750761952719976,1235.0870034338343,5.215184912596271,362.8693305227315,4.633128265338425,322.37019013623785,0.8850123424730595,61.578609694527344,0.1592064703665495,11.077487430457523,1.3808425193038631,96.07816576683372,1.2334785784800564,85.82467419441213,3.399649686858369,236.5455159418257,6.577725472178815,457.674057287376,14.085041258694277,980.0284318937072,1.3477081633904573,93.77269784017226,1.5514951908702665,107.95207277512588,1.7834112335697763,124.08864713677346,3.330029313118385,231.70137353208062,8.548973972771913,594.8323049223684,18.369323941644236,14.877017658322396,USA,15.062036627241882,3.9313437821492423,4.425235738082091,0.7509586548113091,0.13509131012753078,1.171684948376021,2.825626506488788,46.7,39.0
1610612738,BOS,East,1643416,Chris Cenac Jr.,F,,,0.0,0.0,0.0,,,,,,,,,,,,,,,,,,,,,,,,,,,,,,,,,,0.0,,USA,,,,,,,,,
1610612738,BOS,East,1631199,Ron Harper Jr.,G-F,26.0,27.0,0.0,0.0,0.11764941176470589,29.0,10.96551724137931,0.0,9.502941580840506,0.0,4.307400849785039,0.0,7.288396490615603,0.0,0.5585501510227371,0.0,0.5026951359204634,0.0,0.44684012081818975,0.0,3.4705999497949436,0.0,3.817796540820661,0.0,3.2275243755198004,0.0,11.409601107771783,0.0,1.48395240693724,0.0,1.5398074220395137,0.0,4.641506613854671,0.0,1.610858635549574,0.0,8.670090191865349,0.0,7.981822051326458,7.981822051326458,USA,0.0,0.0,0.0,0.0,0.0,0.0,0.0,,
1610612738,BOS,East,1641775,Jordan Walsh,G,22.0,23.0,16.827870032434667,0.0,0.24112541662442788,68.0,17.823529411764707,1379.8853426596427,9.151593010776493,350.78191826546976,1.795839713787858,68.83480274505425,7.82847530483558,300.0666202365443,1.5201807093115072,58.26875219369133,0.8699856655550654,33.34667967287302,1.2768984804468335,48.943708256471,2.3781665558530753,91.1554770229173,5.450308748982504,208.91114321362699,3.435654037739405,131.68912914238956,7.716007035664731,295.7556947881234,0.9518247248515185,36.48358296121271,1.3785184952362037,52.83881850449066,3.888114801793333,149.03201737701727,1.3542555543383237,51.9088163790795,4.329446454823849,165.94832513447727,12.168161375379562,8.80789548023236,USA,4.277828271530119,3.65934902727493,0.8394488139640762,0.7105945389474552,0.4066668252789393,0.5968744909325732,0.6330343460863354,44.5,31.3
1610612738,BOS,East,1642864,Hugo González,G,20.0,21.0,0.0,0.0,0.2444673472428291,74.0,14.64864864864865,0.0,10.173653136531366,0.0,1.4081180811808118,0.0,8.659926199261992,0.0,1.4785239852398526,0.0,0.7392619926199263,0.0,1.337712177121771,0.0,2.1825830258302585,0.0,6.477343173431734,0.0,4.118745387453875,0.0,8.659926199261992,0.0,0.4576383763837639,0.0,0.9152767527675278,0.0,4.365166051660517,0.0,1.4645756457564578,0.0,4.045018450184502,0.0,15.845696005848312,8.94507011070111,Spain,0.0,0.0,0.0,0.0,0.0,0.0,0.0,,
1610612738,BOS,East,1630573,Sam Hauser,F,28.0,29.0,23.409778747837308,0.0,0.504268848163538,78.0,24.794871794871796,1919.6018573226593,13.670752333690888,728.9555991875308,1.8160255007343507,96.83460900430477,5.416641710258493,288.8276524295441,0.7965151225170601,42.47199746025928,0.40074144463988165,21.3684450399134,0.6087338862915878,32.4590749650159,1.0007441496746543,53.361953567229214,4.415897560583839,235.46569886231492,4.803224233825868,256.1188377885929,11.052213317152871,589.3291447536911,0.30025572566452435,16.01031801826066,0.3353704732851753,17.882716205816713,2.039274273078632,108.73874117200161,3.8595823571354058,205.80170725685812,9.502646858835284,506.7027377694873,14.173234345468584,10.790545367869356,USA,8.889702429116229,3.522288444262733,1.1809098659061557,0.5179511885397473,0.2605907931696756,0.39584237762214514,2.5097769177665623,43.5,40.6
1610612738,BOS,East,1642917,Max Shulga,G,24.0,25.0,0.0,0.0,0.03287606334841629,11.0,3.272727272727273,0.0,7.3500000000000005,0.0,2.1,0.0,6.300000000000001,0.0,1.05,0.0,0.0,0.0,3.1500000000000004,0.0,3.1500000000000004,0.0,3.1500000000000004,0.0,2.1,0.0,8.4,0.0,2.1,0.0,2.1,0.0,10.5,0.0,1.03,0.0,4.12,0.0,0.6300000000000008,0.6300000000000008,Ukraine,0.0,0.0,0.0,0.0,0.0,0.0,0.0,,
1610612738,BOS,East,201144,Mike Conley,G,38.0,39.0,17.326679283487763,0.0,0.7625610352042003,54.0,18.35185185185185,1420.7877012459967,10.239304668649831,404.10772618134433,5.9124237697771,233.34163824038322,3.315634717346096,130.85591745082166,1.3287420219573063,52.440564525713306,0.37108877462201245,14.645510195927857,1.3302346650450085,52.49947366297323,0.6067224213912047,23.945104288411518,2.7089122959548906,106.91081316241011,3.2214040339833816,127.13697867299527,8.371232863422607,330.38179712825416,1.551498865187243,61.23195850430988,1.719859122823217,67.87651915508208,2.466810733895281,97.35595422277851,2.2449977354958253,88.60181033104394,5.877205990334357,231.95172190989868,10.670559596983027,10.248280402986847,USA,4.928143002211517,1.5958038713514837,2.8456297346388197,0.6395190795818696,0.178603782877169,0.6402374836947955,1.0805098820859016,38.5,38.2
1610612738,BOS,East,1630568,Luka Garza,C,27.0,28.0,0.0,0.0,0.22362759834879226,69.0,16.202898550724637,0.0,21.61989820589858,0.0,1.8416833794367868,0.0,9.014399888190479,0.0,0.9666190971803984,0.0,0.6558968634121727,0.0,1.6905862518282209,0.0,5.160042291125798,0.0,3.8543575970646806,0.0,8.009559982137851,0.0,15.369747826450064,0.0,3.6960610102652613,0.0,5.091474866176516,0.0,5.426178757346733,0.0,1.9237644036711916,0.0,5.762938437847921,0.0,18.958243468336594,17.128937573189393,USA,0.0,0.0,0.0,0.0,0.0,0.0,0.0,,
1610612738,BOS,East,1631248,Baylor Scheierman,G,25.0,26.0,17.521728459900363,0.0,0.27184848851985266,77.0,18.558441558441558,1436.7817337118297,11.228712436372074,448.1446922689515,3.1380065852106664,125.23973727494777,6.838428412312189,272.9258063918373,1.3283673051071914,53.01594110105616,0.17346178653146158,6.922964621817353,1.2030572529779164,48.014741269116726,1.6478869720488851,65.76816390726485,5.1905414402633046,207.15764248457242,3.9342790522466013,157.01945215536128,9.589084219367132,382.70614026141817,0.7968066927704919,31.801036151999348,0.959627452294196,38.29931096179781,2.5896830937604944,103.35581570048383,2.51452196979203,100.35608986706326,6.928709244078836,276.52896889146587,13.971110682409218,10.143084787262017,USA,5.465179174011603,3.3283634925833816,1.52731386920668,0.6465358670860507,0.08442639782704088,0.5855456252331308,1.2238547544763811,41.0,36.3
1610612738,BOS,East,1642873,Amari Williams,F-C,24.0,25.0,0.0,0.0,0.06772040920716112,22.0,6.636363636363637,0.0,7.767123287671232,0.0,2.589041095890411,0.0,10.356164383561644,0.0,0.7767123287671233,0.0,2.589041095890411,0.0,2.847945205479452,0.0,2.33013698630137,0.0,8.026027397260274,0.0,2.589041095890411,0.0,5.178082191780822,0.0,2.589041095890411,0.0,3.624657534246575,0.0,4.919178082191781,0.0,0.0,0.0,0.0,0.0,8.388493150684933,8.388493150684933,United Kingdom,0.0,0.0,0.0,0.0,0.0,0.0,0.0,,
1610612738,BOS,East,1629674,Neemias Queta,C,26.0,27.0,23.926442617768622,0.0,0.3872125340901297,76.0,25.342105263157894,1961.968294657027,14.435542037464835,786.7243276026308,2.168796172783154,118.1974813492792,11.507622532203268,627.1552931962118,1.0618893054794576,57.87203193850184,1.9112906909040634,104.16365937296933,1.485464503903533,80.95650720825448,4.396917952939395,239.62815605209363,7.110704579263872,387.5271371441181,6.136112311661901,334.41271688709134,9.435304645500514,514.2157934695047,2.1540952465384735,117.39629381610825,2.997472454126861,163.35960886401918,4.4247195916454105,241.14332087655785,0.009498832630632779,0.5176780127098642,0.11605429262469487,6.32485673856945,22.305646480704766,15.82157453757943,Portugal,9.594199117105253,7.6482352828806315,1.4414326993814537,0.7057564870549005,1.2702885289386505,0.9872744781494449,0.006313146496461759,65.0,8.2
1610612739,CLE,East,201935,James Harden,G,36.0,37.0,31.741860225382844,0.0,0.8939339828220179,70.0,34.82857142857143,2602.8325384813934,21.306741578172968,1540.4966741300832,8.052419778036464,582.1972281051229,5.010567826562403,362.26858264568386,1.1925764902530067,86.22435815162402,0.5520748557282821,39.91551106019426,3.4600930562993,250.1678553641486,0.5725560685622909,41.396321259969845,4.438011758000112,320.87226138571395,6.281901035526024,454.18712274408597,14.779435007294317,1068.5665093710177,5.88536263587987,425.517038039743,6.691075554282892,483.77081028124826,1.8898394242519991,136.63709849855684,2.9183763791397914,211.00124997668226,7.917282379584563,572.4266720535581,19.299350182605686,17.88349900319802,USA,18.78654480646443,4.417909544459559,7.099966196403938,1.0515165628246832,0.4867745251243203,3.0508275044408366,2.5731859753253934,42.5,36.9
1610612739,CLE,East,1629622,Max Strus,G-F,30.0,31.0,21.872979974833132,0.0,0.3799536880415664,12.0,24.0,1793.5843579363168,14.485994077555985,721.7181218517372,3.6094759184879845,179.83054299299636,6.7010084726565164,333.8562216376516,0.590435158819382,29.41653514539135,0.18890318325412847,9.411494295805067,1.3270091936431359,66.11397034877815,1.1795467078097164,58.76712568285517,5.5214617648468,275.0890959547964,5.093755641682049,253.7800122797441,11.623498307304446,579.1034652355697,0.8834261496001569,44.01387009207638,1.1129128523207297,55.44730787968753,3.4043644600816068,169.61152345324123,3.557350671449719,177.2335700001797,9.140575553499488,455.3998148692159,12.809996978051164,11.337919615311383,USA,8.801440510387039,4.071417337044531,2.193055402353614,0.3587382334803823,0.1147743206805496,0.8062679310826604,2.1613850000021912,43.8,38.9
1610612739,CLE,East,1628418,Thomas Bryant,C-F,28.0,29.0,0.0,0.0,0.34012009407403,60.0,12.2,0.0,17.16964178875871,0.0,1.7574213099064506,0.0,9.992256763818142,0.0,0.9081134732052665,0.0,1.3425683309732057,0.0,1.3431958190399305,0.0,2.989839521982845,0.0,7.002417241835298,0.0,6.4461234542675605,0.0,12.401208831310557,0.0,2.541720385240356,0.0,3.049900134620377,0.0,3.3866033617616726,0.0,1.7797271471401706,0.0,5.3024830885886365,0.0,13.281636065134755,15.437854984811342,USA,0.0,0.0,0.0,0.0,0.0,0.0,0.0,,
1610612739,CLE,East,1630596,Evan Mobley,C,25.0,26.0,29.07984645372046,0.0,0.6021988211216831,65.0,31.907692307692308,2384.5474092050777,21.53822519056873,1426.6366410290614,4.102467698061291,271.7369089099881,11.103313589875563,735.4549348424806,0.9797510181348603,64.89618755443107,1.976615885382436,130.92595245784133,2.317999718672425,153.53833954717862,2.8282021777748683,187.33283821447836,8.275111412100694,548.1220966280023,8.501276145247996,563.1026668635566,15.303171277468053,1013.6427061752224,3.4110253160008095,225.93754388896284,5.150435389367369,341.1515934442807,2.841596047802117,188.22001371649793,1.1032257253277078,73.07483458607162,3.3464265771642334,221.6586895742219,24.7926991010631,19.77349806191848,USA,17.398007817427576,8.96896262003025,3.3138647428047325,0.7914169213955008,1.596657956802943,1.872418774965593,0.8911565193423368,55.6,33.0
1610612739,CLE,East,1630241,Sam Merrill,G,30.0,31.0,24.133888962616364,0.0,0.47143995657142834,52.0,26.48076923076923,1978.9788949345418,15.182628607220636,834.6139328699738,3.059582217651007,168.19023989023233,3.610299271145593,198.4640572776302,0.9352718769759234,51.413425154476876,0.2193420164957558,12.057589483819024,0.9087097983258983,49.95326423631046,0.7773393100694215,42.731613578621186,2.8329599610761713,155.73244369900902,5.080322023466195,279.27361288640964,11.731989807710557,644.926672917954,1.1098614657980164,61.010900475427476,1.254019019024918,68.93547701380085,2.979140122778624,163.76820633421102,4.075128223427325,224.01646523096582,10.110422036576228,555.7864397018184,14.81311521032471,11.468880028731721,USA,10.178218693536266,2.4202933814345147,2.051100486466248,0.6269929896887424,0.14704377419291492,0.6091861492232983,2.731908112572754,43.3,40.3
1610612739,CLE,East,203471,Dennis Schröder,G,32.0,33.0,22.081294069831543,0.0,0.7234770313032239,70.0,24.228571428571428,1810.6661137261865,15.900336809934993,799.7278071828451,6.924840510924983,348.2937237802833,3.635274864667889,182.84080587596375,1.0778268416729422,54.21068163004767,0.2215100217745225,11.141130285496601,2.42507649429951,121.97232865061162,0.5847116459858016,29.408821213543145,3.050563218682088,153.43198466242063,5.459288046977349,274.5818853258972,13.271507986775605,667.507494158362,3.1762310819215336,159.752610816644,3.8015571616297343,191.20418699877953,2.4992634510084946,125.70365666709579,1.8147887603872674,91.27712533345492,5.295243708598678,266.33106519670577,9.841874104894398,12.523823463754104,Germany,9.75277813637616,2.2297659253166313,4.2474844363449185,0.6611058735371667,0.13586744250605612,1.4874674225684343,1.1131356747982306,41.1,34.3
1610612739,CLE,East,1641854,Craig Porter Jr.,G,26.0,27.0,16.347774095773723,0.0,0.25537019402799815,64.0,17.9375,1340.5174758534451,11.667372604003981,434.4532464711404,6.00198476563654,223.4934852261646,6.049069999042893,225.24677906604947,1.4807829614854482,55.13931771714618,1.0780251278857425,40.141986759443974,2.2304331191600846,83.05373819323341,1.9576228808859484,72.89521341550503,4.091447118156946,152.3515656505445,4.625063171125694,172.2216113283374,9.521709129459062,354.5560413342546,1.318295493074976,49.088837411273325,1.9250669583658624,71.6829416632632,2.062770984477377,76.81057092709277,1.131919291737948,42.148821995288145,2.940779504939441,109.50461997230454,11.548129520000652,12.58851142178382,USA,5.298210322818785,2.7469119398298716,2.725530307636154,0.6724307038676363,0.4895364238956582,1.0128504657711392,0.5140100243327823,48.6,38.5
1610612739,CLE,East,1642434,Riley Minix,F,25.0,26.0,0.0,0.0,0.0688961873638344,9.0,6.444444444444445,0.0,13.994415495627909,0.0,1.9992022136611298,0.0,6.573115319687896,0.0,0.7996808854644519,0.0,0.39984044273222596,0.0,1.199521328196678,0.0,0.7996808854644519,0.0,5.773434434223445,0.0,5.597766198251163,0.0,11.283366514488467,0.0,1.199521328196678,0.0,1.199521328196678,0.0,1.9992022136611298,0.0,1.5688977371969246,0.0,6.753976470254286,0.0,11.106780896157266,11.106780896157266,USA,0.0,0.0,0.0,0.0,0.0,0.0,0.0,,
1610612739,CLE,East,1643509,Meleek Thomas,G,,,0.0,0.0,0.0,,,,,,,,,,,,,,,,,,,,,,,,,,,,,,,,,,0.0,,USA,,,,,,,,,
1610612739,CLE,East,1642281,Jaylon Tyson,G-F,23.0,24.0,24.551867673771028,0.0,0.3100836136570798,66.0,26.939393939393938,2013.2531492492244,16.759390643554944,937.247110906527,3.336345534900366,186.5807820867153,7.504590364259,419.6844495741616,1.1235809826436136,62.83480421510537,0.4619586219811281,25.834434736842724,2.1297734888495325,119.1048106559397,2.7323437107113917,152.80276612280613,4.772246653547609,266.88168345135546,6.368244746596233,356.1357997576304,13.544171334014662,757.4401553382247,1.6431601410982533,91.89159246630163,2.1696187821589876,121.33310682921802,3.751579380965943,209.80219453855946,2.3344126090877664,130.54898713591788,5.647699374281141,315.84023753567726,15.89878429189309,13.111488396745887,USA,11.429842815933256,5.118103043587336,2.275375391301406,0.7662781001842118,0.31505408215661856,1.4524976909260938,1.592060818730706,47.0,41.3
1610612739,CLE,East,1642400,Tristan Enaruna,F,25.0,26.0,0.0,0.0,0.09807222222222223,9.0,9.444444444444445,0.0,16.454117647058826,0.0,3.1129411764705885,0.0,6.225882352941177,0.0,2.223529411764706,0.0,0.0,0.0,1.3341176470588234,0.0,3.1129411764705885,0.0,3.1129411764705885,0.0,6.225882352941177,0.0,12.451764705882354,0.0,2.668235294117647,0.0,3.5576470588235294,0.0,1.3341176470588234,0.0,1.3087058823529412,0.0,4.3623529411764705,0.0,15.520235294117652,15.520235294117652,Netherlands,0.0,0.0,0.0,0.0,0.0,0.0,0.0,,
1610612739,CLE,East,1642878,Tyrese Proctor,G,22.0,23.0,0.0,0.0,0.11195254901960786,50.0,10.9,0.0,18.50598165137615,0.0,5.034715596330275,0.0,4.354348623853212,0.0,1.7009174311926607,0.0,0.0,0.0,2.721467889908257,0.0,0.7484036697247707,0.0,3.6059449541284403,0.0,6.327412844036697,0.0,15.308256880733946,0.0,2.721467889908257,0.0,3.061651376146789,0.0,4.01416513761468,0.0,3.1904587155963307,0.0,9.085871559633027,0.0,12.92565993184445,12.688844036697247,Australia,0.0,0.0,0.0,0.0,0.0,0.0,0.0,,
1610612739,CLE,East,1628386,Jarrett Allen,C,28.0,29.0,24.72102424238953,0.0,0.6749171508855781,56.0,27.125,2027.1239878759413,18.813681060356483,1059.3795604915529,2.5072910200959218,141.18304920617726,11.6189078779602,654.2490797870521,1.153787602054006,64.96862569548712,1.1220538822156123,63.18173167579427,1.6734855573149963,94.23229768325466,3.386314051339428,190.67995677643103,8.232593826620773,463.569123010621,7.526829086961146,423.8282165228141,11.482131624448266,646.5473457741119,3.748505133714981,211.07457431193754,5.22857526722953,294.41584296155116,2.121772197656414,119.47486996326583,0.011810081468432041,0.6650138734285476,0.16020354971902057,9.020901627175073,23.7631927851062,19.207225085839685,USA,12.919262932823816,7.978647314476245,1.7217445025143567,0.792300313359599,0.7705089228755398,1.1491743619909105,0.008109925285713995,65.6,7.4
1610612739,CLE,East,1626209,Mario Hezonja,F-G,25.0,32.0,14.97748864628904,0.0,0.2506296484110886,53.0,16.433962264150942,1228.1540689957012,11.925616056506412,406.8470523633005,2.0927035252433943,71.3933986035923,6.556281290733343,223.6700984637373,1.4709688423240828,50.18267691850606,0.3565260826313757,12.163026641300602,1.8655732338405508,63.6447599486317,0.9571051618848315,32.65201663960125,5.599176128848513,191.01808182413612,4.400918357346877,150.1390496637068,10.408803880469302,355.1004121993505,1.969043162739159,67.1746770096184,2.47748381847807,84.52032868152358,3.4520857788175734,117.76925543824991,1.3793742519807122,47.05789167327815,4.521587276828304,154.25571700988536,4.515063461576717,8.485192895263864,Croatia,4.9615494190646405,2.7276841276065524,0.870651202482833,0.61198386485983,0.14832959318659272,0.7761556091296549,0.5738767277229042,42.3,30.5
1610612739,CLE,East,1641772,Nae'Qwan Tomlin,F,25.0,26.0,0.0,0.0,0.24084478420244498,64.0,15.6875,0.0,16.986929075341518,0.0,1.687998521754923,0.0,9.166044962617123,0.0,0.9470324430450532,0.0,1.0172369028978978,0.0,1.1336380672895257,0.0,4.073494626814943,0.0,5.092550335802182,0.0,6.479360875010344,0.0,14.673456236223684,0.0,2.9407659625700866,0.0,3.9598216715573256,0.0,4.974330365321213,0.0,1.0667281939364428,0.0,4.880473296587485,0.0,14.471776037936515,12.996170142789312,USA,0.0,0.0,0.0,0.0,0.0,0.0,0.0,,
1610612739,CLE,East,1643640,"Ernest Udeh, Jr.",C,,,0.0,0.0,0.0,,,,,,,,,,,,,,,,,,,,,,,,,,,,,,,,,,0.0,,USA,,,,,,,,,
1610612739,CLE,East,1628378,Donovan Mitchell,G,29.0,30.0,30.491975655392377,0.0,0.7721710416455473,70.0,33.457142857142856,2500.3420037421747,27.493344106930806,1909.52119705268,5.761116610404382,400.132273595856,4.825512965883648,335.150909950038,1.5661419211497698,108.77473414645095,0.33190894857503367,23.05238570944606,2.6949912431938516,187.17777236319247,0.7985571440878,55.46294360419773,4.02695582179585,279.6879663458403,9.503482040698936,660.0543146713596,20.360110208564862,1414.0899654248494,5.100316826694952,354.2371220605107,5.980359770580439,415.3595758853386,2.2714763409008705,157.7629918239174,3.5624206571107924,247.4241667770254,9.733600082006351,676.0369203519099,24.015258253472677,20.68539737994216,USA,23.2868438664961,4.087206218902902,4.879661873120195,1.3265211481274506,0.28112665499324463,2.2826557605267377,3.0173678875247,46.7,36.6
1610612740,NOP,West,1642847,Jeremiah Fears,G,19.0,20.0,23.085928461696735,0.0,0.3741242640658435,82.0,25.75609756097561,1893.0461338591322,21.121704545454545,1110.6766980635439,5.041022727272727,265.08023845999037,5.420454545454547,285.03251447310805,1.7526136363636364,92.16051301297158,0.5420454545454546,28.5032514473108,3.2161363636363633,169.1192919207107,1.0840909090909092,57.0065028946216,4.336363636363637,228.0260115784864,7.895795454545455,415.1973627491607,18.176590909090912,955.8090318664889,3.505227272727273,184.32102602594315,4.444772727272728,233.72666186794854,2.728295454545455,143.46636561813105,1.8076704545454547,95.05565459079592,5.476704545454546,287.9903990572629,10.101346349692655,14.593670454545453,USA,13.54483778126273,3.4760062740622932,3.2326858348779313,1.1239086952801411,0.34760062740622927,2.06243038927696,1.1592152998877552,43.4,33.0
1610612740,NOP,West,1629627,Zion Williamson,F,25.0,26.0,26.61517849183363,0.0,0.39060308575042924,62.0,29.693548387096776,2182.4446363303573,28.662394085677494,1737.6135621298279,5.376143607059533,325.92043831580054,7.898732295936883,478.84849814102273,1.373282968599849,83.25316802734919,0.872195900871307,52.87553515794189,3.1574826706234362,191.41753107800474,2.717322923099291,164.73352329709934,5.181409372837591,314.1149748439234,10.943940121166285,663.4595393822211,18.808224626371025,1140.2196931866663,6.7031347661949034,406.3672365856003,9.671172767013791,586.2999758998185,3.085744485035191,187.0685139014176,0.07001947568050212,4.244823031599326,0.2737879910882685,16.597975906729314,24.7318266764253,23.49888671289144,USA,21.190409294266193,5.839615830988082,3.974639491656104,1.0152825369188925,0.6448235994870962,2.3343601350976186,0.0517661345316991,58.2,25.6
1610612740,NOP,West,1630529,Herbert Jones,F,27.0,28.0,25.417319911460886,0.0,0.3994581932773109,56.0,28.357142857142858,2084.2202327397927,11.629564138636665,673.2936909914349,3.4604264287235886,200.3414104625891,4.298079482792127,248.83733944330928,1.9420632415476156,112.43576392482687,0.6456960735735902,37.3825783539644,1.703308636355711,98.61306451369443,1.130317735161007,65.43975258464415,3.1677617476311197,183.3975868586651,4.2317581138349505,244.9976633587663,10.102201658953541,584.8670303557908,1.545143899570406,89.45611605497508,1.864013172310156,107.91705466173092,3.7996897525861404,219.98306279094697,1.6371130515103205,94.78067070111646,5.018974701281994,290.5735727783636,9.183336243651548,9.457893908474782,USA,8.210898670627255,3.034601700528162,2.4431879324705985,1.3711678527417912,0.4558851018776146,1.2025983477279807,1.1558618378184935,41.9,32.6
1610612740,NOP,West,1629673,Jordan Poole,G,27.0,28.0,21.442939526157858,0.0,0.4032231940377961,39.0,23.923076923076923,1758.3210411449443,21.82811154334551,1066.134105975646,4.990362210244539,243.74052436687677,3.2380025729933597,158.15133487154702,1.1581183160045438,56.56510564350386,0.5116561934909267,24.990440301311814,3.0191846031133998,147.46377263208717,0.4408314537934933,21.53120057787818,2.7971711191998665,136.62013429366883,7.168905112996885,350.1454639487222,17.926657947407648,875.5783296204196,3.795777971433676,185.39434096350848,4.3604400353020845,212.97370729784606,3.5514151667865286,173.4591114889454,3.731468579377242,182.25332548583995,10.762056782919426,525.6430802056638,7.367261163169496,13.638662082018316,USA,13.00163543872739,1.928674815506671,2.9724454191082534,0.6898183615061446,0.30476146708916846,1.7983386906352095,2.222601530315121,40.0,34.7
1610612740,NOP,West,1630621,Hunter Dickinson,C,25.0,26.0,0.0,0.0,0.08689058823529412,5.0,8.4,0.0,10.799999999999999,0.0,1.8,0.0,4.5,0.0,0.9,0.0,1.8,0.0,2.6999999999999997,0.0,1.8,0.0,2.6999999999999997,0.0,4.5,0.0,12.600000000000001,0.0,1.8,0.0,1.8,0.0,5.3999999999999995,0.0,0.0,0.0,3.531428571428571,0.0,4.41,4.41,USA,0.0,0.0,0.0,0.0,0.0,0.0,0.0,,
1610612740,NOP,West,1627749,Dejounte Murray,G,29.0,30.0,24.905132104680817,0.0,0.46534055841691513,14.0,27.785714285714285,2042.220832583827,20.272545523865414,1150.0281888428322,7.541908111094009,427.8400517196979,6.421921734811669,364.3050653348683,1.9467818792450455,110.43773639697011,0.3172300925521449,17.99594177034683,3.674049299849412,208.4227783359026,0.5065327581933247,28.73477086579316,5.915388976618344,335.5702944690751,7.5505410060814695,428.329781663834,16.77855517779714,951.8198590209599,3.297940537827063,187.08674641592052,3.925761016112118,222.70197030137834,2.429543459684472,137.8240074176504,1.9711022954314166,111.81739363566223,6.219552314729465,352.8249807357077,11.656975892097336,16.228146672320968,USA,14.024734010278442,4.4427446992057105,5.217561606337779,1.3468016633776843,0.21946270451642474,2.541741199218324,1.3636267516544174,45.0,31.7
1610612740,NOP,West,201599,DeAndre Jordan,C,37.0,38.0,0.0,0.0,0.4466974357462283,12.0,16.583333333333332,0.0,10.003926615338385,0.0,2.1646674451903234,0.0,13.326215754542615,0.0,0.6795349973663525,0.0,1.5176923088332048,0.0,1.7487933255272117,0.0,4.363531448438873,0.0,8.962684306103741,0.0,4.117506799621863,0.0,6.371877217714631,0.0,1.7689130160946602,0.0,3.287269266064807,0.0,3.4057781903102335,0.0,0.0,0.0,0.0,0.0,12.560363703773525,12.472632312068678,USA,0.0,0.0,0.0,0.0,0.0,0.0,0.0,,
1610612740,NOP,West,1631132,Christian Koloko,C,26.0,27.0,0.0,0.0,0.14030847291510576,27.0,13.222222222222221,0.0,8.176140625833527,0.0,1.6914937354250208,0.0,8.542921264280293,0.0,1.1428526388050595,0.0,2.168774891535247,0.0,1.364438928085476,0.0,3.4257320762207013,0.0,5.1171891880595926,0.0,3.483849706902195,0.0,7.15943093711729,0.0,1.1498989621277869,0.0,1.7228928645441348,0.0,4.952709557909817,0.0,0.060298517398390934,0.0,0.7046397865480167,0.0,13.303594322993177,8.761568427845976,Cameroon,0.0,0.0,0.0,0.0,0.0,0.0,0.0,,
1610612740,NOP,West,1643555,Jaron Pierre Jr.,G,,,0.0,0.0,0.0,,,,,,,,,,,,,,,,,,,,,,,,,,,,,,,,,,0.0,,USA,,,,,,,,,
1610612740,NOP,West,1631121,Bryce McGowens,G,23.0,24.0,18.780219581935835,0.0,0.17828316658084353,42.0,20.952380952380953,1539.9780057187386,14.51282635844108,620.8175942448455,2.476237484695674,105.92642398243416,3.8223721891577838,163.5102528048326,1.1155845664105668,47.72154710532079,0.2534597954740861,10.842291954557291,2.080621847197394,89.00310785838558,1.1312699055696886,48.39252147524541,2.691102283588095,115.11773132958717,4.732151826443516,202.4280481234659,12.092894578566176,517.299768790758,3.9578731656460056,169.30660068109017,4.929515825248508,210.87072082569884,3.5874117683705036,153.4593116874206,1.0698752629574126,45.766232606026875,4.213667907099058,180.2487750093183,4.723712234179921,8.662009547140173,USA,7.570946271278604,1.9940274732296657,1.2917856583223677,0.5819700866502535,0.13222307261655233,1.0854037543705557,0.5581247878783765,39.1,25.4
1610612740,NOP,West,1642877,Micah Peavy,G-F,24.0,25.0,0.0,0.0,0.1632042526518804,61.0,14.967213114754099,0.0,10.847316538882804,0.0,2.52552026286966,0.0,4.844030668127053,0.0,1.7802847754654987,0.0,0.37261774370208106,0.0,0.828039430449069,0.0,1.9044906900328589,0.0,2.939539978094195,0.0,4.388608981380066,0.0,11.385542168674702,0.0,0.9108433734939759,0.0,1.20065717415115,0.0,3.9745892661555313,0.0,1.1371741511500546,0.0,4.386243154435926,0.0,6.992002707852568,8.123066812705366,USA,0.0,0.0,0.0,0.0,0.0,0.0,0.0,,
1610612740,NOP,West,1631255,Karlo Matković,F-C,25.0,26.0,0.0,0.0,0.18260294960995146,62.0,14.709677419354838,0.0,14.953352243508753,0.0,2.1210124715554333,0.0,9.68320861497019,0.0,1.0420368877100417,0.0,2.1303795280524493,0.0,1.658749240010845,0.0,3.012886619368232,0.0,6.670321995601959,0.0,6.104201776792493,0.0,10.315982359982828,0.0,1.3908113105663795,0.0,1.855217732540454,0.0,4.627738062102554,0.0,1.328344286417246,0.0,3.4407271650483104,0.0,13.358398474653344,14.606366788270186,Bosnia and Herzegovina,0.0,0.0,0.0,0.0,0.0,0.0,0.0,,
1610612740,NOP,West,1642274,Yves Missi,C,22.0,23.0,17.614216279379697,0.0,0.4093353215474649,66.0,19.651515151515152,1444.3657349091352,11.484715630033428,460.7813814221018,2.1986776571524382,88.21374083614658,11.156125979161056,447.5979471841626,0.6218815035434954,24.950675969222186,2.4895262234029483,99.88295481224898,1.5479325174863854,62.10501911691585,5.078071783072597,203.7386911910832,6.078054196088456,243.85925599307933,4.777231713477101,191.66860540743278,8.761403496837616,351.51863890403695,1.930252203079223,77.44417060723609,3.283693846498647,131.74596877262843,3.0443567480770954,122.14346032672107,0.0,0.0,0.025349241289128417,1.017043764554471,11.594454106082555,13.237264720462566,Cameroon,5.6192851392939245,5.458511551026373,1.0757773272700804,0.30427653621002665,1.2180848147835242,0.7573782819136079,0.0,54.5,0.0
1610612740,NOP,West,1642852,Derik Queen,C,21.0,22.0,22.386084974730082,0.0,0.36519673107613443,81.0,24.97530864197531,1835.6589679278668,17.376094908551657,886.0162346235721,5.462105783489867,278.51565181205115,10.484310430054375,534.6005128741384,1.5396539792387542,78.50776762487347,1.3563618388531882,69.16160481238852,3.4825506673257536,177.57709343721382,2.4927731092436973,127.10781424979513,7.991537320810677,407.49269862434323,6.488541769649037,330.8541635619668,13.710252100840338,699.0929783738734,3.977439446366782,202.81173303092314,5.003875432525953,255.15024478083885,3.9407810182896688,200.94250046842615,0.42975778546712806,21.91357591470983,1.6442906574394465,83.84324697802022,13.136817259457631,15.359881364310429,USA,10.805076031994782,6.519518449684615,3.3965323391713556,0.957411800303335,0.8434342050291282,2.1655743102099247,0.26723873066719306,47.3,26.1
1610612740,NOP,West,1641722,Jordan Hawkins,G,24.0,25.0,0.0,0.0,0.2056360438292964,51.0,13.568627450980392,0.0,15.669711330237249,0.0,2.1656163012525997,0.0,4.721450085963004,0.0,0.7385012919872241,0.0,0.518845979046742,0.0,1.6875580424950898,0.0,0.9464033387538464,0.0,3.775046747209157,0.0,5.485030579459626,0.0,14.782040074299292,0.0,1.7590334599111879,0.0,2.1099208299508168,0.0,1.7214472636704958,0.0,2.884604964522868,0.0,8.33130136875231,0.0,4.686424777084804,9.41242486351966,USA,0.0,0.0,0.0,0.0,0.0,0.0,0.0,,
1610612740,NOP,West,1630530,Trey Murphy III,F,26.0,27.0,31.792506021609764,0.0,0.5275106368108631,66.0,35.46969696969697,2606.9854937720006,21.069459159073737,1525.7715108146347,3.5486395308109078,256.97921609583096,5.64570501216678,408.84086302318536,1.301831585441822,94.27377940502876,0.534253991054458,38.68867790746578,1.6739151039584796,121.21867760626687,0.9368333836288294,67.84197336671383,4.708871628537951,340.99888965647153,7.194545448124834,521.0021004873561,15.620349439388018,1131.1673443370603,3.3982381613719275,246.08771086330694,3.884383573207774,281.292545211081,2.014955875858169,145.9155760820251,3.3805940044957086,244.80998694591418,9.04989317753621,655.3594509450861,13.921807950572305,16.566979019565117,USA,18.60696964408091,4.985864183209578,3.1338928792174507,1.1496802366466923,0.47181314521299733,1.4782765561739861,2.9854876456818804,46.1,37.4
1610612740,NOP,West,1631216,Caleb Houstan,G,23.0,24.0,0.0,0.0,0.10866525134785096,18.0,4.166666666666667,0.0,16.304953200887073,0.0,1.7798592492693013,0.0,4.616379632804013,0.0,0.9615634274167947,0.0,0.37444923873543823,0.0,1.333791460997506,0.0,1.7808910384303605,0.0,2.8354885943736527,0.0,5.400601996954113,0.0,11.16889809770476,0.0,1.1603505761652047,0.0,1.2355762185682255,0.0,4.213685234387558,0.0,4.260667228321954,0.0,9.181931027523282,0.0,9.396223401599899,12.16445919379511,Canada,0.0,0.0,0.0,0.0,0.0,0.0,0.0,,
1610612740,NOP,West,1630180,Saddiq Bey,G-F,27.0,28.0,27.960474646514694,0.0,0.5195378293003415,72.0,31.194444444444443,2292.758921014205,18.25050182924207,1162.3333578328006,2.3292109958804157,148.34220249247787,6.592085243419609,419.8350624982335,1.0462676555307198,66.63443058296319,0.1580894686116537,10.068362207715673,1.0658577927697652,67.88208230292747,2.187573594999749,139.32163542529972,4.40451164841986,280.5134270729338,6.190386309567625,394.2517621051493,14.197358158376657,904.1977659014412,3.562460266209768,226.88507100308573,4.22247763381947,268.9200906589595,1.636043162180665,104.19590431261138,2.3303416333360207,148.4142102456104,6.650639279378,423.564237173372,12.1228690885692,14.444256629220495,USA,14.174797046741471,5.119939786563823,1.8090512499082667,0.8126150071093072,0.12278490497214235,0.8278302719869204,1.8099293932391514,43.6,35.0
1610612740,NOP,West,1641723,Kobe Bufkin,G,22.0,23.0,0.0,0.0,0.10156560553633218,16.0,7.4375,0.0,14.9983372218788,0.0,4.117550682154964,0.0,5.172789555551553,0.0,0.8456003768579776,0.0,0.8323100090981337,0.0,1.882655878790814,0.0,0.8407073731540683,0.0,4.332082182397484,0.0,5.238476650703037,0.0,15.463091478615143,0.0,3.047543540675112,0.0,3.8141664546217626,0.0,2.960971127355066,0.0,1.5024586395995063,0.0,7.385460276250425,0.0,9.094493028480153,9.094493028480153,USA,0.0,0.0,0.0,0.0,0.0,0.0,0.0,,
1610612741,CHI,East,1643591,Tobe Awaka,F,,,0.0,0.0,0.0,,,,,,,,,,,,,,,,,,,,,,,,,,,,,,,,,,0.0,,USA,,,,,,,,,
1610612741,CHI,East,1643637,Jaylin Sellers,,,,0.0,0.0,0.0,,,,,,,,,,,,,,,,,,,,,,,,,,,,,,,,,,0.0,,,,,,,,,,,
1610612741,CHI,East,1630581,Josh Giddey,G,23.0,24.0,31.0588839410622,0.0,0.4144250046685341,54.0,32.05555555555556,2546.8284831671003,19.20027915836788,1358.3282734803045,9.533843299990652,674.4739908463338,9.858721540320111,697.4575785138969,1.2463590116734504,88.17396197727611,0.7024948822701685,49.69816598457733,3.8507668672584052,272.4234094324959,1.834999644231983,129.8174822369864,8.023721896088128,567.6400962769105,6.996215604087265,494.9489215240991,15.269451877280982,1080.2409712057931,3.2137521824004818,227.3576554438327,4.155775888746028,294.0013445310404,2.055055642518542,145.38539569054134,1.9561129912634816,138.38567451230645,5.381293917032671,380.70090622757385,16.66499921281412,18.36396253814691,Australia,16.564978944881762,8.50558022577923,8.225292571296754,1.0752922192350745,0.6060751949338699,3.322236700396291,1.687630176979347,45.8,36.4
1610612741,CHI,East,1643517,Dailyn Swain,F,,,0.0,0.0,0.0,,,,,,,,,,,,,,,,,,,,,,,,,,,,,,,,,,0.0,,USA,,,,,,,,,
1610612741,CHI,East,1642265,Rob Dillingham,G,21.0,22.0,0.0,0.0,0.24040681933935998,65.0,14.923076923076923,0.0,15.674447099367763,0.0,6.075496895924302,0.0,4.460951075377468,0.0,1.6577364169318956,0.0,0.1684887927446847,0.0,3.8172402966234658,0.0,0.7788779757858696,0.0,3.6820730995916002,0.0,6.405682684229507,0.0,15.522619104479487,0.0,1.1837421766734697,0.0,1.7064910647502303,0.0,3.7012050671714953,0.0,1.7119480892689736,0.0,5.274887656080607,0.0,6.769190228935217,9.542427833128933,USA,0.0,0.0,0.0,0.0,0.0,0.0,0.0,,
1610612741,CHI,East,1643410,Caleb Wilson,F,,,0.0,0.0,0.0,,,,,,,,,,,,,,,,,,,,,,,,,,,,,,,,,,0.0,,USA,,,,,,,,,
1610612741,CHI,East,1629651,Nic Claxton,C,27.0,28.0,26.960918016806307,0.0,0.5834101494380826,69.0,27.82608695652174,2210.795277378117,14.599324703905165,896.558836341756,3.763617575071067,231.12744335623324,9.83569135304941,604.0194442519562,0.9381459062032326,57.61245941460335,1.7932233804504087,110.12360502177184,1.7151481520055334,105.3289287349344,3.130518747619552,192.24822397169342,6.705172605429859,411.7712202802627,6.202333155452706,380.89135691112665,10.709084162153838,657.6553525204026,2.133847103242135,131.04164162485245,3.686986258408955,226.42143910690368,2.9364293496679172,180.3290038500091,0.06141940265519377,3.7718257035968716,0.3204514774091,19.679239246802187,10.728112936632634,15.103772978670044,USA,10.933644345631171,7.366090783560441,2.8186273580028445,0.7025909684707725,1.3429707929484371,1.284499130913834,0.04599787443410819,57.9,19.2
1610612741,CHI,East,1631159,Leonard Miller,F,22.0,23.0,15.144453167252918,0.0,0.11278402813299233,46.0,15.630434782608695,1241.8451597147393,20.437650629391772,705.011041945863,2.134754379541831,73.63984426149622,11.359616941710568,391.8579254243561,1.4321123245309277,49.40171551073769,0.8814468238828377,30.406124216245342,1.775941239213887,61.26233421821004,3.1525843493620673,108.75060041243678,8.2070325923485,283.10732501191933,7.665485368834203,264.4262750597474,14.861260451519053,512.6495655271949,4.013207519056033,138.43839812418145,4.509054271045894,155.54297837192823,3.072320883531935,105.98185606401792,1.1147048459230147,38.45252270611278,5.115342425356186,176.4573119781121,16.795612051772906,18.110126156625704,Canada,8.597695633486135,4.778755188101903,0.8980468812377588,0.6024599452528986,0.3708063928810408,0.7471016368074396,0.46893320373308267,51.6,21.8
1610612741,CHI,East,1628380,Zach Collins,F-C,28.0,29.0,17.82790703861317,0.0,0.2623176353367434,10.0,18.4,1461.88837716628,17.345173903308464,704.3530035881811,3.561114410444272,144.60977128855086,10.25705721559407,416.5186868724027,0.6720097329549296,27.288978276372976,0.9440752558890128,38.33701788206748,2.228276424304547,90.48587238345709,3.208881174072624,130.3062803356793,7.048176041521446,286.2124065367234,6.599947084647749,268.0107203599727,12.294927070626532,499.27252729599957,2.6646423167082567,108.20582311392306,3.518669127784222,142.88615280559904,4.13786405154785,168.03042675699928,1.5182170471855414,61.65177375822924,4.117996658723517,167.22365146104127,14.23509821204505,15.33998315207042,USA,8.589670775465622,5.079496181370765,1.7635337962018398,0.3327924180045485,0.46752460831789605,1.103486248578745,0.7518508994906005,53.7,36.9
1610612741,CHI,East,1641824,Matas Buzelis,F,21.0,22.0,28.28708005561999,0.0,0.45275655525846703,77.0,29.194805194805195,2319.5405645608394,19.19511827407777,1236.7737632851788,2.348178236544205,151.29707423564503,7.170285177256304,461.99353689209175,0.8316304705330905,53.58335030906448,1.8852143706402562,121.46753348869743,2.3108757260639643,148.89361072956518,1.3008585372858914,83.81650405527512,5.869426639970413,378.17703283681675,6.903450501867876,444.80092984778946,15.009103779573561,967.0618070673412,2.727008578109772,175.70575046752757,3.4328004462827604,221.18110792209487,3.005189322815266,193.6294038459758,2.7128826474212238,174.79559298852027,7.6783507141636775,494.72905417853724,12.387818696708885,14.121291890317627,USA,15.08260686933145,5.63406752307429,1.8450862711664027,0.6534554915739571,1.4813113840085053,1.8157757406044535,2.131653573030735,46.0,35.3
1610612741,CHI,East,1626181,Norman Powell,G,33.0,34.0,28.683017602416427,0.0,0.4951171344435493,58.0,29.603448275862068,2352.007443398147,23.642300439942932,1544.6351837166962,2.4219791484190774,158.23647180102154,3.779564555949039,246.93233245544312,1.2007546627166281,78.44955290012615,0.2673300084341637,17.46561582446785,1.9492462784985751,127.35115989013296,0.3941589406244946,25.75179895085388,3.385405615324544,221.18053350458922,8.080737794966105,527.9432067196947,16.94474313904453,1107.0600552639562,4.333296825612805,283.10962189708,5.277919079625903,344.82513780370067,2.38925777463637,156.0986686150454,3.1636691937538126,206.69370811551062,7.886434880904709,515.2487094934071,15.647293766586808,16.105281086188253,USA,18.837014435569465,3.011369907993209,1.929713070744165,0.9567018646356847,0.21299531493253476,1.5530629254894264,2.520654977018422,47.7,40.1
1610612741,CHI,East,1642855,Noa Essengue,F,19.0,20.0,0.0,0.0,0.030942352941176473,2.0,3.0,0.0,0.0,0.0,0.0,0.0,0.0,0.0,6.36,0.0,0.0,0.0,0.0,0.0,0.0,0.0,0.0,0.0,0.0,0.0,19.080000000000002,0.0,0.0,0.0,0.0,0.0,6.36,0.0,0.0,0.0,12.600000000000001,0.0,-9.54,-9.54,France,0.0,0.0,0.0,0.0,0.0,0.0,0.0,,
1610612741,CHI,East,1630188,Jalen Smith,F-C,26.0,27.0,20.018004724447728,0.0,0.24452222840634588,53.0,20.660377358490567,1641.4763874047137,18.916469435771184,862.5260531078158,2.2345329218896164,101.88702856000741,12.179605450859192,555.3481876525308,0.7014842201090818,31.9852717623908,1.4488853629852587,66.06419753879472,1.5862907292852377,72.32941043557557,3.3788607762644527,154.06444946016833,8.80074467459474,401.2837381923624,6.948399921979515,316.82317783817024,13.958103947754044,636.4416123105217,2.4414270372280273,111.32068981059044,3.243897111543676,147.91056977136944,3.7403089576414628,170.54524543241106,2.6555898312216475,121.0857778495112,7.3338147647894445,334.3967712778313,17.672034030944626,16.807057264352103,USA,10.51861040375385,6.772538873811351,1.2425247385366758,0.39006428978525365,0.8056609455950575,0.8820659809216532,1.4766558274330635,49.8,36.2
1610612741,CHI,East,1630200,Tre Jones,G,26.0,27.0,26.115796932817954,0.0,0.4270771486860576,65.0,26.953846153846154,2141.495348491072,15.888191990707858,945.1247012231663,7.498111936973571,446.03255098595235,4.45518306428016,265.02093913422675,1.4851156186090584,88.34356081174276,0.264829608047494,15.753649271567284,1.74787990364238,103.97435231586611,0.9597475085119717,57.09152292234119,3.495435555768188,207.92941621188555,6.038621529276048,359.21333100674167,11.175937671923565,664.811626095846,2.949372017143149,175.4462904356051,3.518756390085085,209.3166789400124,1.9363071694412954,115.18313323912356,0.8874242224629922,52.789301237300116,2.617359335060127,155.69619003780412,13.140700629282891,16.369956334288744,USA,11.525910990526418,3.231962672368619,5.439421353487224,1.07736049770418,0.19211767404350347,1.2679799062910502,0.643771966308538,54.0,33.9
1610612741,CHI,East,1630171,Isaac Okoro,F-G,25.0,26.0,26.068238811636753,0.0,0.3606513345523395,63.0,26.904761904761905,2137.5955825542137,12.723452320542357,755.4887632008473,2.3767332640094274,141.12484794600584,4.161953061886403,247.12701333017665,1.0867399337629824,64.52806893880583,0.6309599092662729,37.464919856010894,0.9745565071977329,57.86688013153715,1.56870600847231,93.14608427879618,2.593247053414093,153.98092905138046,4.626865186958675,274.7324051310205,9.912052488683258,588.5544337181899,1.7122243064382756,101.66786427178917,2.2829166386587425,135.55423672601228,3.491960547497364,207.34442891066553,1.7240214946593644,102.36835364478807,4.865229673778028,288.8859294105442,11.230843741967266,10.104337471173498,USA,9.213277600010333,3.0137440650021543,1.7210347310488519,0.786927669985437,0.45688926653671824,0.705693660140697,1.248394556643757,46.7,35.4
1610612741,CHI,East,1630172,Patrick Williams,F,24.0,25.0,19.835699709326548,0.0,0.4130693781470213,72.0,20.47222222222222,1626.5273761647768,13.313543195952457,601.5234022769157,2.669005756943705,120.58919252250912,5.533618307141718,250.01615738368315,1.2299816404165094,55.57218917548647,0.7755640957661949,35.041006492616575,1.9494056383684684,88.07671216823017,1.2305334903538172,55.59712248189108,4.3030848167879,194.41903490179197,4.782787096883994,216.09261520692982,12.157880888884105,549.3090583866818,1.4583540280706808,65.89035418880938,1.9837799915812075,89.6297906831879,2.3811918557027867,107.58538170003304,2.246003260321144,101.47738305188012,6.305134551064083,284.8742766030039,5.396522745851792,9.397568072030868,USA,7.3356512472794595,3.048977529069307,1.4705999088110868,0.6777096240912984,0.4273293474709338,1.0741062459540265,1.2375290616082941,39.3,35.6
1610612742,DAL,West,1641844,Tarik Biberovic,F,,,0.0,0.0,0.0,,,,,,,,,,,,,,,,,,,,,,,,,,,,,,,,,,0.0,,Bosnia and Herzegovina,,,,,,,,,
1610612742,DAL,West,1643585,Vsevolod Ishchenko,G,,,0.0,0.0,0.0,,,,,,,,,,,,,,,,,,,,,,,,,,,,,,,,,,0.0,,Russia,,,,,,,,,
1610612742,DAL,West,1631108,Max Christie,G,23.0,24.0,25.43419006146888,0.0,0.5249724981170828,77.0,29.155844155844157,2085.6035850404483,14.214286786638247,823.4824300279389,2.531277453915188,146.64559257271037,4.606949097603557,266.89637650168993,0.9007636338313363,52.18432955535268,0.5288160707921326,30.63613036308542,1.5579952760242723,90.26001480978626,0.452112706864863,26.192441174436098,4.154836390738695,240.70393532725387,4.857856708502514,281.4323157462677,11.171280641522936,647.1906376514776,2.0387409767211877,118.11126361162707,2.3549667339627285,136.4313073056573,1.8962347620364413,109.85538938282008,2.412978442570851,139.79212473475235,6.243420325644794,361.7027726133107,8.412841728179474,10.50031245039121,USA,10.042468658877304,3.2548338597767064,1.7883608850330532,0.6363942628701547,0.37361134589128564,1.1007318879242227,1.7047820089603944,43.5,38.6
1610612742,DAL,West,1642967,John Poulakidas,G,23.0,24.0,0.0,0.0,0.2028693665158371,13.0,19.46153846153846,0.0,17.181818181818183,0.0,1.643478260869565,0.0,4.482213438735179,0.0,1.0458498023715415,0.0,0.5976284584980237,0.0,0.5976284584980237,0.0,0.5976284584980237,0.0,3.8845849802371544,0.0,5.826877470355732,0.0,13.59604743083004,0.0,0.8964426877470356,0.0,1.0458498023715415,0.0,4.183399209486166,0.0,4.543399209486166,0.0,11.285217391304348,0.0,11.862924901185771,11.862924901185771,USA,0.0,0.0,0.0,0.0,0.0,0.0,0.0,,
1610612742,DAL,West,1641726,Dereck Lively II,C,22.0,23.0,0.0,0.0,0.225712539191115,7.0,16.428571428571427,0.0,11.826870598288886,0.0,3.580763291638659,0.0,11.74257615277041,0.0,1.115035252203055,0.0,2.9567465128918347,0.0,2.438639667593434,0.0,4.423526893649824,0.0,7.319049259120587,0.0,4.84385977123049,0.0,7.166881148009599,0.0,2.139151055827902,0.0,3.055308109377914,0.0,5.532274989871301,0.0,0.0,0.0,0.011439340424728458,0.0,18.611600708690247,14.713060936877856,USA,0.0,0.0,0.0,0.0,0.0,0.0,0.0,,
1610612742,DAL,West,1630230,Naji Marshall,F,28.0,29.0,25.746204022495025,0.0,0.564793961229362,74.0,29.513513513513512,2111.188729844592,16.85949118252802,988.7102159852066,3.832214592119369,224.73689603412228,5.99719970243165,351.70056728891785,1.329567365764037,77.97132328250548,0.1775235055694809,10.41071178446644,1.955561363758375,114.68219754683895,1.249938825584072,73.30157671022995,4.7472608768475775,278.39899057868786,6.374588566788854,373.8322094333561,12.693209875049108,744.3822676043268,2.9486830988865513,172.92295906256984,3.7971802475709993,222.68233732945532,2.2742010882051695,133.3685474116406,1.1911139691009154,69.85184409795312,3.882978091814368,227.7138773797765,13.119647035986736,13.754958513304324,USA,12.057441658356177,4.289031308401437,2.740693854074662,0.9508697961281156,0.12695989981056632,1.3985633847175483,0.8518517572921112,50.2,30.7
1610612742,DAL,West,203939,Dwight Powell,F-C,34.0,35.0,0.0,0.0,0.26972020059060303,63.0,14.34920634920635,0.0,7.990028955419672,0.0,3.082193561552376,0.0,9.018926851394998,0.0,1.2214680470935853,0.0,0.9825020752182444,0.0,1.4048912484071243,0.0,3.5670610014539017,0.0,5.451865849941094,0.0,2.668678834877215,0.0,4.014026702192971,0.0,2.566537529917215,0.0,3.7286068823129126,0.0,4.9617873882082355,0.0,0.08657546731596627,0.0,0.259080452263563,0.0,9.818532533464824,10.592505302019859,Canada,0.0,0.0,0.0,0.0,0.0,0.0,0.0,,
1610612742,DAL,West,1631204,Marcus Sasser,G,25.0,26.0,0.0,0.0,0.16588120361157466,38.0,12.026315789473685,0.0,16.682338968175852,0.0,6.280349638748282,0.0,3.2759545736250386,0.0,1.5932494655469052,0.0,0.28692565642728246,0.0,2.540434115705902,0.0,0.6066906709945388,0.0,2.6692639026305,0.0,6.00030704229368,0.0,14.316295296322027,0.0,1.552818886680154,0.0,1.834968545423755,0.0,3.2805103056389107,0.0,3.0693077874434156,0.0,7.693226093018484,0.0,12.224306081161044,12.511361788864122,USA,0.0,0.0,0.0,0.0,0.0,0.0,0.0,,
1610612742,DAL,West,1642258,Zaccharie Risacher,F,21.0,22.0,19.569353123051922,0.0,0.41761810457516335,67.0,22.432835820895523,1604.6869560902576,17.02690667236053,758.9681955473087,1.865698994055053,83.16285665974607,5.973826245434349,266.2811403888371,1.2973554337040072,57.82914838548998,0.8325949214113314,37.11261694710435,1.5932556744220543,71.01879440171824,1.743364897052349,77.70985861126498,4.230461348381998,188.57128177757207,6.469116682751693,288.35853217326445,14.17018235315841,631.630744098157,1.7021182676662348,75.87130505130423,2.5208256262637705,112.36488891787576,3.3835628051016005,150.82108606829726,2.432895913738303,108.44545384169844,6.707695986579113,298.9931181967354,10.145528882356418,12.096916965330333,France,9.255709701796448,3.247330980351672,1.0141811787773911,0.7052335168962193,0.45259288959883354,0.8660828585575395,1.322505534654859,45.7,36.3
1610612742,DAL,West,1630314,Brandon Williams,G,26.0,27.0,19.33715964510043,0.0,0.2984698435930763,66.0,22.166666666666668,1585.6470908982353,20.11573923025449,886.0128719922374,5.91464187766168,260.51485241719774,4.462411351894154,196.55026607006187,1.3665274641352976,60.18973050385215,0.4200733664592153,18.502447541385642,2.8503063858087256,125.54388968961858,0.8894490521249493,39.17645283344774,3.572962299769205,157.37381323661413,7.032175331399887,309.7374543589046,15.178772913749428,668.5604753914364,4.87576245883878,214.75662663245942,6.267637540069839,276.06281200600864,2.258217844375063,99.46490432077229,1.2108948918744145,53.334776741227735,4.321936207131461,190.36293260793764,10.522586873169592,15.488455928576819,USA,10.805035024295577,2.3969544642690472,3.17701039533168,0.734021103705514,0.22563960416323953,1.5310230449953486,0.6504241066003382,46.3,28.0
1610612742,DAL,West,202681,Kyrie Irving,G,33.0,35.0,31.47449864640106,0.0,0.6547499999999999,50.0,36.08,2580.908889004887,24.194379830179958,1734.541387990889,4.7185129215638595,338.27922061523844,4.674859653903673,335.1496343225083,1.2028320050695187,86.23332816287478,0.49654167216400696,35.59802265137323,1.977077783129816,141.74048957593942,0.968548808500994,69.43711748042521,3.706310845402679,265.7125168420831,8.904671350045032,638.3929289166214,18.368217418256275,1316.8526558320004,3.5686166826311796,255.84095882372065,3.919629750918054,281.00575738201155,2.025552745839875,145.2157524135108,2.8453808786212766,203.9908000621719,7.121660359277117,510.5654590481124,19.981220740734816,18.61403970888859,Australia,21.152943755986453,4.087190662469613,4.1253563489663225,1.05162595320579,0.43412222745577106,1.7285425558041392,2.4876926836850233,48.5,40.0
1610612742,DAL,West,1641724,Jett Howard,G,22.0,23.0,0.0,0.0,0.12777337787574047,55.0,12.636363636363637,0.0,15.455528822508604,0.0,2.558119676362856,0.0,4.19952384131947,0.0,0.6936883771498973,0.0,0.6871302448338276,0.0,1.3118050725618304,0.0,1.0426153273966474,0.0,3.156908513922823,0.0,5.458773000952852,0.0,14.165518192667772,0.0,1.4537420100528708,0.0,1.8381987699486795,0.0,3.2887642384367055,0.0,3.14412898162867,0.0,9.770025932472045,0.0,6.631649013994524,9.584348421469548,USA,0.0,0.0,0.0,0.0,0.0,0.0,0.0,,
1610612742,DAL,West,1643516,Morez Johnson,F,,,0.0,0.0,0.0,,,,,,,,,,,,,,,,,,,,,,,,,,,,,,,,,,0.0,,USA,,,,,,,,,
1610612742,DAL,West,1628997,Caleb Martin,F,30.0,31.0,0.0,0.0,0.30257104241996646,58.0,14.758620689655173,0.0,10.12630740292424,0.0,3.0020755515862234,0.0,5.491767577013505,0.0,1.383490507265485,0.0,0.6133283880059023,0.0,1.5872231275411839,0.0,1.3101729875428738,0.0,4.181594589470632,0.0,3.7590405017145816,0.0,8.598795139955971,0.0,1.5715592157578364,0.0,2.460674995878405,0.0,2.965648467539699,0.0,1.0798616497262938,0.0,3.0597121263913394,0.0,5.914785830246268,8.567510912136777,USA,0.0,0.0,0.0,0.0,0.0,0.0,0.0,,
1610612742,DAL,West,1629655,Daniel Gafford,F-C,27.0,28.0,18.953852994582377,0.0,0.31812335995402946,55.0,21.727272727272727,1554.2159455557548,17.349300670522137,749.0155485101849,2.039082069262472,88.03260739845993,11.34336406449805,489.72325848019466,1.086756727514617,46.918184301200235,2.55102713692249,110.13464038195495,1.8263091419596986,78.84663305411145,4.223525586142426,182.3408559012576,7.119838478355626,307.3824025789371,7.011846040291932,302.7200812112139,10.240092108681917,442.0920677575858,3.325608589938272,143.57538608775698,4.861863945927144,209.8996241634053,4.40967174566708,190.3772817161794,0.0,0.0,0.0,0.0,17.617896436108467,18.173547253589966,USA,9.134335957441278,5.972234859514569,1.073568382908048,0.5721729792829297,1.3431053705116458,0.9615443055379446,0.0,68.5,
1610612742,DAL,West,1629023,P.J. Washington,F,27.0,28.0,27.04294506758406,0.0,0.46795069143446844,56.0,31.0,2217.521495541893,16.19138242809783,997.3538493568394,2.248980525431819,138.53229606111552,8.030795313010213,494.67947869158974,1.1753955990727223,72.4018057419195,1.1670017629284208,71.88476373969604,1.985967302938859,122.33125510306327,1.6292239607826724,100.35664316909661,6.401571352227542,394.32283552249316,5.987429458962432,368.8125980080544,13.36118613332256,823.0199293494179,2.465107807624421,151.8452653398695,3.529668270377891,217.41986838042075,2.552706070317908,157.2411272980621,1.768929859574025,108.9622218808695,5.213889865446819,321.164245889343,10.144025994969814,12.428161381330623,USA,12.162851821424871,6.032676569409631,1.6894182446477501,0.8829488505112134,0.8766434602401956,1.4918445744276008,1.3288075839130427,44.8,33.9
1610612742,DAL,West,1630619,Moussa Cisse,C,23.0,24.0,0.0,0.0,0.14887585139318885,38.0,13.947368421052632,0.0,12.124528301886793,0.0,0.6418867924528302,0.0,15.405283018867925,0.0,1.3550943396226416,0.0,3.209433962264151,0.0,2.139622641509434,0.0,6.347547169811321,0.0,9.057735849056604,0.0,4.707169811320755,0.0,8.20188679245283,0.0,2.710188679245283,0.0,5.7769811320754725,0.0,5.206415094339623,0.0,0.0,0.0,0.0,0.0,15.74220834797739,14.028792452830189,Guinea,0.0,0.0,0.0,0.0,0.0,0.0,0.0,,
1610612742,DAL,West,202691,Klay Thompson,G,36.0,37.0,18.926268707888422,0.0,0.7954461588386695,69.0,21.695652173913043,1551.9540340468507,18.40228261300375,793.3193538033718,2.3574055845561745,101.62736407879248,3.6484954863951393,157.28603578646286,0.7807340201010861,33.6573142225971,0.5074822176806516,21.877474303792482,1.5130940941751976,65.22923564854621,0.5378067849077914,23.18476137153927,3.110688701487348,134.10127441492358,6.543577305882932,282.09253324895667,16.10054920034319,694.0920078289557,1.1285651540551156,48.6522567644595,1.3177276538409473,56.80702078204306,1.582707277959692,68.23024846513484,4.275638652441981,184.32207374399925,11.075930020825227,477.4815076844537,11.21875112166827,11.623313931391804,USA,9.674626265894778,1.918122387639791,1.2393580985218595,0.4104550514950866,0.2667984671194205,0.7954784835188562,2.247830167609747,40.6,38.6
1610612742,DAL,West,1642843,Cooper Flagg,F,19.0,20.0,29.21136554765762,0.0,0.4560138479969769,70.0,33.48571428571429,2395.331974907925,23.980238907849834,1595.573139497328,5.14443686006826,342.2953917726786,7.586416382252559,504.7773815381905,1.3675085324232081,90.9899142686867,1.0419112627986349,69.32564896661845,2.6210580204778156,174.39733568164954,1.4000682593856655,93.15634079889354,6.186348122866895,411.6210407392971,9.100443686006827,605.516215192808,19.438156996587033,1293.3566385334755,4.607201365187714,306.549354024266,5.5677133105802055,370.45893666536733,2.3117406143344708,153.81628364468466,1.1610921501706486,77.2555875866208,3.9348122866894197,261.81060237688155,16.853497772280313,18.61765187713311,USA,19.458209018260096,6.155821726075494,4.174334046008275,1.1096331008376428,0.8454347434953469,2.1267967766054823,0.942141312031961,46.8,29.5
1610612742,DAL,West,1643588,Tobi Lawal,F,,,0.0,0.0,0.0,,,,,,,,,,,,,,,,,,,,,,,,,,,,,,,,,,0.0,,United Kingdom,,,,,,,,,
1610612742,DAL,West,1630583,Santi Aldama,F-C,25.0,26.0,24.30416218377022,0.0,0.3462609184442561,43.0,27.86046511627907,1992.941299069158,18.103209150066988,1002.1842544681992,3.9233566978944885,217.19498872815345,9.022330601697398,499.4715352771731,1.1407305575058808,63.150251087879305,0.9348584921759415,51.75328049563765,1.674353531940242,92.6913417512783,2.037671731262317,112.80444853273394,6.984658870435078,386.66708674443896,6.894548989608516,381.67865055128743,14.594656318986164,807.9525923285606,1.8901929951968073,104.64010231497078,2.837963949725436,157.10821001881246,2.019174253461776,111.78043777058637,2.3777483056407056,131.63091103064104,6.681659814152082,369.89321638762334,15.451978753144315,15.846886771053004,Spain,12.221759200831698,6.091116283867964,2.6487193747335787,0.7701250132668208,0.6311375670199713,1.1303822164790036,1.6052550125687932,47.2,35.6
1610612742,DAL,West,1643547,Sergio De Larrea,G,,,0.0,0.0,0.0,,,,,,,,,,,,,,,,,,,,,,,,,,,,,,,,,,0.0,,Spain,,,,,,,,,
1610612743,DEN,West,1642350,Trevon Brazile,F,,,0.0,0.0,0.0,,,,,,,,,,,,,,,,,,,,,,,,,,,,,,,,,,0.0,,USA,,,,,,,,,
1610612743,DEN,West,1643624,Bryce Hopkins,,,,0.0,0.0,0.0,,,,,,,,,,,,,,,,,,,,,,,,,,,,,,,,,,0.0,,,,,,,,,,,
1610612743,DEN,West,1643813,Alpha Diallo,,,,0.0,0.0,0.0,,,,,,,,,,,,,,,,,,,,,,,,,,,,,,,,,,0.0,,,,,,,,,,,
1610612743,DEN,West,1631128,Christian Braun,G,25.0,26.0,27.98546516267672,0.0,0.39661710888610757,44.0,31.795454545454547,2294.8081433394914,15.043217202097216,958.924926038817,3.090040201385509,196.97359492738522,5.981195994717868,381.2693687663364,0.9609662362147902,61.25647623166672,0.47890494689735236,30.527638111822526,1.1748018885924139,74.88735946534682,1.5966884052365518,101.78037651979402,4.384507589481316,279.48899224654247,5.7756674947864335,368.16802222936406,10.950316020370195,698.0242882135116,2.246189007151917,143.18257847477406,2.885219521072237,183.91736811885104,2.732038889209582,174.15291919106465,1.2219657157462864,77.89380209378467,3.5541085811176316,226.55548095170852,15.767341358279825,13.05729533643105,USA,11.694206415107525,4.649626448369956,2.402117011309576,0.7470301979471551,0.3722882696563723,0.9132604812847173,0.9499244157778618,52.7,34.4
1610612743,DEN,West,1642938,Curtis Jones,G,24.0,25.0,0.0,0.0,0.09146823529411766,10.0,8.8,0.0,12.456818181818182,0.0,4.295454545454546,0.0,4.7250000000000005,0.0,1.7181818181818183,0.0,0.0,0.0,0.8590909090909091,0.0,0.8590909090909091,0.0,3.865909090909091,0.0,4.7250000000000005,0.0,11.597727272727273,0.0,0.42954545454545456,0.0,0.8590909090909091,0.0,2.577272727272727,0.0,2.528181818181818,0.0,7.584545454545455,0.0,10.652727272727276,10.652727272727276,USA,0.0,0.0,0.0,0.0,0.0,0.0,0.0,,
1610612743,DEN,West,1631124,Julian Strawther,G,24.0,25.0,0.0,0.0,0.190828690857565,57.0,15.105263157894736,0.0,17.02017778975567,0.0,2.664170775694453,0.0,4.503169819146621,0.0,1.1034564337317967,0.0,0.36085083501962323,0.0,1.5760091969867607,0.0,0.4721443429556188,0.0,4.031025476191003,0.0,6.123736457008613,0.0,14.050280121015327,0.0,2.16161947861493,0.0,2.701256807278537,0.0,3.5964139883724595,0.0,2.561350437178307,0.0,7.265662426459824,0.0,8.558890895608037,11.164826808205085,USA,0.0,0.0,0.0,0.0,0.0,0.0,0.0,,
1610612743,DEN,West,1626145,Tyus Jones,G,30.0,31.0,0.0,0.0,0.5599040328083423,67.0,14.611940298507463,0.0,10.327658639420095,0.0,6.586859256192816,0.0,2.9187664300029224,0.0,1.2339141931776387,0.0,0.1547921564021803,0.0,1.1161063847305128,0.0,0.47665998848490854,0.0,2.4421064415180136,0.0,3.9768791994504955,0.0,9.50311268682667,0.0,0.485933466696402,0.0,0.5784194190811959,0.0,1.0192489671845215,0.0,1.9666320560653159,0.0,5.482992019276319,0.0,4.4739791921004315,10.724795192252362,USA,0.0,0.0,0.0,0.0,0.0,0.0,0.0,,
1610612743,DEN,West,1631212,Peyton Watson,G,23.0,24.0,26.046568005164076,0.0,0.3187035384451884,54.0,29.59259259259259,2135.818576423454,15.7635911889986,935.2269692391193,2.3901210110099522,141.80180153375176,6.017437277565805,357.0042866635562,1.1329916291078608,67.21846023280115,1.8094326716968336,107.35055313882273,1.7711780547897031,105.08097198815017,1.18386158424701,70.23648787635733,4.833575693318795,286.7677987871989,5.808081579370681,344.5835702945215,12.040628289858152,714.3499325913557,2.6377187274582896,156.49135159681802,3.7049955040466123,219.81106175300368,3.171152705041369,188.13907933619006,1.4809529351265847,87.86241082367216,3.9434969280020264,233.9609443026542,14.679741681695948,12.543289194375744,USA,11.40520694194048,4.353710812970197,1.7292902626067288,0.8197373199122091,1.3091530870588137,1.2814752681481727,1.0714928149228313,48.2,37.6
1610612743,DEN,West,1628971,Bruce Brown,G-F,29.0,30.0,21.4461393450133,0.0,0.4811837593830489,82.0,24.365853658536587,1758.5834262910905,12.134056577852979,592.7430775414066,3.1602386559227846,154.3762034286178,5.655013850755542,276.2448231495904,1.3355984892498705,65.24337131595115,0.3488712746014545,17.042201150643493,1.5430215012574189,75.37588995894706,1.3837311687430551,67.59463054983159,4.271282682012487,208.6501925997588,4.639731208780128,226.64873350572947,10.166562046265367,496.6318754700642,1.8612777507090046,90.92256122558932,2.347819121569496,114.6898831978173,3.0283547384669722,147.9337347777252,1.0450516392495393,51.0502914556271,2.9477305958828586,143.99528253029877,6.716620467996257,9.966347747331591,USA,7.228574116358617,3.3688393067023217,1.8826366271782657,0.7956508697067214,0.20783172134931088,0.9192181702310617,0.6225645299466719,45.6,35.5
1610612743,DEN,West,1641747,DaRon Holmes II,F,23.0,24.0,0.0,0.0,0.08373041394335512,25.0,8.4,0.0,16.740000000000002,0.0,2.8800000000000003,0.0,6.300000000000001,0.0,0.18000000000000002,0.0,1.0799999999999998,0.0,2.1599999999999997,0.0,1.4400000000000002,0.0,4.859999999999999,0.0,5.58,0.0,10.98,0.0,1.98,0.0,2.52,0.0,3.42,0.0,3.531428571428571,0.0,7.945714285714285,0.0,12.960000000000003,12.960000000000003,USA,0.0,0.0,0.0,0.0,0.0,0.0,0.0,,
1610612743,DEN,West,203999,Nikola Jokić,C,31.0,32.0,30.670604916834684,0.0,0.8414339828220179,65.0,34.84615384615385,2514.989603180444,27.35085192493716,1910.753006370689,9.98907431077755,697.8449454722888,12.433424144752047,868.6092348884473,1.4902216685478353,104.10811118977834,0.7551278753961637,52.75385432480804,3.376255204864716,235.86796494218393,2.8323619066438934,197.87113187927034,9.601062238108156,670.7381030091772,10.164390380240551,710.0926702492308,17.7092868878107,1237.185344516213,5.397135833708813,377.0483474647301,6.580733695715107,459.73546738951984,2.450505876948856,171.1943556405264,1.6926409695283795,118.24929000780949,4.348822638572424,303.8123256134831,31.974171790429804,28.06434576007172,Serbia,23.301865931349866,10.592795547420089,8.510304213076694,1.2696111120704676,0.6433396868879029,2.8764385968559014,1.4420645122903597,57.4,38.9
1610612743,DEN,West,1642461,Spencer Jones,F,25.0,26.0,19.487555642005095,0.0,0.279321298977369,64.0,22.140625,1597.9795626444177,8.799587622111401,390.59892166202246,1.4190406242387406,62.98883100265789,5.407370829647781,240.02411315046507,1.4354067115206526,63.71529414146206,1.0589867040366798,47.006641948966305,1.0917188786005034,48.459568226574625,2.162448822721367,95.98747288814516,3.2449220069264135,144.0366402623199,3.4459379015070843,152.9593983541698,8.261632043317311,366.7199766474807,0.857970809456009,38.0838838571164,1.1852925550942464,52.613146633199676,4.8509238620627775,215.3243664311235,1.0297459427909141,45.708693647108014,4.260840391441158,189.13155181146695,8.037895745154739,6.889019850007536,USA,4.763401483683201,2.9271233311032328,0.7681564756421694,0.777015782212952,0.573251731084955,0.5909703442265198,0.5574230932574148,41.7,24.2
1610612743,DEN,West,1630192,Zeke Nnaji,F-C,25.0,26.0,0.0,0.0,0.1518471489798105,52.0,12.038461538461538,0.0,11.606072930107135,0.0,1.7196010055742013,0.0,7.409904309899972,0.0,1.1823006802534508,0.0,1.9375900231281307,0.0,1.4218568600086308,0.0,2.4046389483697372,0.0,5.005265361530235,0.0,4.354515835210473,0.0,9.13782950244082,0.0,2.074351018788876,0.0,2.957763569598099,0.0,4.354119700792239,0.0,0.8070199505945055,0.0,2.853736749267543,0.0,10.734809320412205,10.361690124496507,USA,0.0,0.0,0.0,0.0,0.0,0.0,0.0,,
1610612743,DEN,West,1629661,Cameron Johnson,F,30.0,31.0,26.845242493432565,0.0,0.4308177356677698,54.0,30.5,2201.30988446147,16.502327164893863,1009.0759973527191,3.108323739307155,190.06621587341883,4.668939377357821,285.49395559247654,0.9377693777666463,57.342250017305574,0.4300829127771378,26.29849352873038,1.3186066015498838,80.62949293633073,1.0001876466855306,61.158970915697644,3.6687517306722905,224.33498467677884,5.647007317064735,345.3003617966902,11.995063477029616,733.4681054646684,2.536621960321842,155.10808317773618,2.963533659628145,181.21266494093635,2.3591128031572812,144.2538425597147,2.7830110108776625,170.17415685583626,6.853161043379436,419.0536429054843,13.781193779739759,13.146980161370916,USA,12.305804845764868,3.4816336047862992,2.3178806813831563,0.6992957319183607,0.3207133357162241,0.9832864992235455,2.0752945958028812,47.1,40.6
1610612743,DEN,West,1629618,Jalen Pickett,G,26.0,27.0,14.205974224393495,0.0,0.15223819083908866,50.0,16.14,1164.8898864002665,11.509331886203478,372.41956426284816,5.5421243767631365,179.33235099065993,4.510847899678137,145.9622527062485,0.8364498407536265,27.065887777083695,0.19405261251571465,6.279164604141828,1.6715447429764652,54.087932382189365,0.7059643389080176,22.843631070922218,3.804883560770119,123.11862163532626,4.317272963489001,139.69854477771233,10.152603104350314,328.5184632470453,0.6042826391014792,19.553409300460427,0.7837004025658841,25.359018692133777,2.313941971214377,74.87465555513123,2.338618419727718,75.67313736917201,6.114642322942432,197.8579166930742,13.142593909176812,9.947944100421353,USA,4.541702003205465,1.7800274720274207,2.186979890129999,0.3300718021595573,0.07657517809929058,0.6596089314901142,0.9228431386484391,42.5,38.2
1610612743,DEN,West,1642354,KJ Simpson,G,23.0,24.0,0.0,0.0,0.17978540305010893,20.0,12.9,0.0,13.0725672669031,0.0,5.808398013725207,0.0,5.217026371766734,0.0,2.028108162039463,0.0,0.10410395003466197,0.0,3.218802145911603,0.0,1.4856551756370155,0.0,3.7313711961297185,0.0,4.860613246600611,0.0,14.121322664601049,0.0,1.70012971462895,0.0,2.485491917778942,0.0,2.589595867813604,0.0,1.6197594198524878,0.0,5.739601458351792,0.0,-1.7212232603710333,8.889330844481764,USA,0.0,0.0,0.0,0.0,0.0,0.0,0.0,,
1610612743,DEN,West,1627750,Jamal Murray,G,29.0,30.0,31.12287785468116,0.0,0.7699191443795986,75.0,35.36,2552.075984083855,23.172936483445003,1642.752630002794,6.626425480143705,469.75392578322436,4.161195402495235,294.99130143856223,1.0358749836632968,73.43421300889877,0.4748684133538513,33.663896481121355,2.167038132779615,153.6234993127993,0.5583745630961677,39.58373090558458,3.6028208393990666,255.4075705329776,8.306722041559382,588.8718285756586,17.30948269752112,1227.0865302571854,3.7639745032987073,266.83191484923856,4.269441896053668,302.6650035655557,1.789069354933913,126.82891484964537,2.9411177874977104,208.4987797731875,6.968418248628689,493.9981349826932,21.11260238692877,18.77262373504743,Canada,20.03356865857066,3.5974548955922225,5.728706411990541,0.8955391830353508,0.4105353229405043,1.8734573086926745,2.5426680460144815,48.0,42.2
1610612743,DEN,West,203932,Aaron Gordon,F,30.0,31.0,24.571465123770245,0.0,0.5462620104693461,36.0,27.916666666666668,2014.86014014916,18.41154093736691,1030.4633320395858,3.609239297625389,202.00312214014852,6.767151824632935,378.7462353830711,0.6920109945711496,38.73070470851072,0.40616205573913505,22.732214904161797,1.4959668948408085,83.72677964992931,1.9717675488857394,110.35655110804129,4.795384275747195,268.38968427502977,6.491663133088841,363.3275913926811,12.551456278303517,702.4841376660745,3.718656529082216,208.12702264869952,4.886811754523834,273.5067282389571,2.078976299506978,116.35684661642809,1.7807897313614758,99.667840214088,4.528258284366814,253.43908670752538,22.009962158715407,15.749011799840233,USA,12.566626000482753,4.618856529061842,2.4634527090262015,0.47232566717696,0.2772221329775829,1.021058288413772,1.2154614660254635,51.7,39.3
1610612743,DEN,West,1628963,Marvin Bagley III,F,27.0,28.0,17.61810723202869,0.0,0.25179976827094475,60.0,20.016666666666666,1444.6847930263527,18.91791100012979,759.1782871587076,2.0897194436794972,83.86071949931276,11.0481988929595,443.36569252747705,0.9279934211517425,37.24049954351173,1.1946308730081225,47.94069598651752,1.8037771946122665,72.38581897400215,4.6931143055268585,188.33530192025233,6.355084587432642,255.03039060722472,7.678649630860455,308.145232018931,13.285264545260647,533.139434996395,3.0187521290253665,121.14292485330202,4.450931424773134,178.61647067146845,3.1213220944338294,125.25907122126995,0.5472782054773503,21.962347250218876,1.7425076257235572,69.92706301709107,14.877745443234703,17.48325195303829,USA,9.258271794618386,5.406898689359476,1.0226917012111312,0.45415243345746015,0.584642633981921,0.8827538899268554,0.2678335030514497,57.8,31.4
1610612743,DEN,West,1631223,David Roddy,F,25.0,26.0,0.0,0.0,0.17830415462792987,5.0,14.6,0.0,17.275964787309587,0.0,2.527918768082515,0.0,8.843466330604505,0.0,1.592876670558313,0.0,0.5825494483184536,0.0,1.4998091627454149,0.0,2.749632524974897,0.0,6.093833805629607,0.0,6.503112305754813,0.0,13.818205779888064,0.0,2.6570123404125576,0.0,2.9609983194171385,0.0,2.8142182294269866,0.0,1.582009209951453,0.0,5.483061640155196,0.0,13.376030512212468,14.98047214878213,USA,0.0,0.0,0.0,0.0,0.0,0.0,0.0,,
1610612744,GSW,West,1627780,Gary Payton II,G,33.0,34.0,0.0,0.0,0.36682096329939196,73.0,15.643835616438356,0.0,15.4280661415715,0.0,3.3271563108145767,0.0,7.337857531838189,0.0,2.0221552215097223,0.0,0.7004432965065913,0.0,1.6720589769774001,0.0,2.6202638242953302,0.0,4.717593707542859,0.0,6.723245303000578,0.0,11.649863846409215,0.0,0.8535254664750535,0.0,1.2862445128239361,0.0,4.050949403560104,0.0,1.1338349412445012,0.0,3.6182460641891994,0.0,14.782735339049031,14.587870949248416,USA,0.0,0.0,0.0,0.0,0.0,0.0,0.0,,
1610612744,GSW,West,1642865,Yaxel Lendeborg,F,,,0.0,0.0,0.0,,,,,,,,,,,,,,,,,,,,,,,,,,,,,,,,,,0.0,,USA,,,,,,,,,
1610612744,GSW,West,1641764,Brandin Podziemski,G,23.0,24.0,27.030923042529892,0.0,0.5457318450684674,82.0,28.451219512195124,2216.5356894874512,16.736467697806216,1030.4716102261489,4.963123541295617,305.5816794615856,7.180488523794288,442.1058078040307,1.4052953569565767,86.52464758236833,0.2615668481418014,16.10478483591798,1.8916582822792942,116.47022486073841,1.4643706287961655,90.16193781566336,5.716117894998124,351.9438699883674,6.085857168275887,374.708878183515,13.474504950396094,829.6311422424523,2.2158417933554895,136.43034492306444,2.874082402285114,176.9585060886885,2.1964273379238253,135.23498844094647,2.3041703951770636,141.86877543251018,6.169357404125455,379.8500240957702,14.718013516740994,14.507605077038153,USA,12.566726953977426,5.391534241512569,3.7266058470925074,1.0551786290532723,0.19639981507217047,1.4203685958626635,1.7301070174696362,45.2,37.3
1610612744,GSW,West,1642954,Will Richard,G,23.0,24.0,18.960284043212507,0.0,0.30707274825273134,69.0,19.956521739130434,1554.7432915434256,12.105882352941174,522.8205382347008,2.5529411764705885,110.25467132840635,4.7215686274509805,203.91186525253642,2.196078431372549,94.84272802443556,0.24705882352941178,10.669806902748999,1.4549019607843137,62.833307316188545,1.83921568627451,79.43078472046477,2.8823529411764706,124.48108053207164,4.447058823529412,192.05652424948198,9.498039215686275,410.1947987056838,1.2627450980392156,54.534568614050436,1.4823529411764704,64.01884141649398,3.5960784313725496,155.30496714001325,1.9118954248366014,82.56962738603538,5.70875816993464,246.54592965971125,6.460333150049162,10.56313725490196,USA,6.375860222374401,2.486730064055322,1.3445691625415408,1.156618634444336,0.1301195963749878,0.7662598453193725,1.0069466754394558,46.8,33.5
1610612744,GSW,West,1630541,Moses Moody,G,24.0,25.0,24.38537620953475,0.0,0.30201386394727026,60.0,25.666666666666668,1999.6008491818495,17.38721276775043,965.7634837583128,2.2357367924182654,124.18281079629632,5.023543178750831,279.0300335036625,1.3916677090004819,77.29944257489785,0.7862803386761509,43.67352313643954,1.3567383778211777,75.35931145580088,1.4042783594705877,77.99989444680783,3.619264819280243,201.03013905685464,5.961817755784284,331.1459957537134,13.481393192086953,748.8168131958744,2.27620984238803,126.43086482653304,2.9114981378218756,161.71761524388876,2.880162970286785,159.9771200324326,3.12665565353109,173.66842499722216,8.090069080396917,449.35858341948614,14.518566534556857,13.147899749673908,USA,11.777603460467228,3.4028052866300302,1.5144245219060528,0.9426761289621689,0.5326039406882871,0.9190159933634253,2.1179076219173436,44.2,38.6
1610612744,GSW,West,204001,Kristaps Porziņģis,F-C,30.0,31.0,22.831600209170727,0.0,0.43293107866259706,32.0,24.03125,1872.1912171519996,23.664880013278133,1230.699458772645,3.0288586586512127,157.51673829782183,7.861831484573977,408.8569960041241,0.8424945431042954,43.81419122495413,1.8463231345280613,96.01860990244407,1.7359797688436809,90.28016878840826,1.879000574993805,97.71801037574886,5.982830909580172,311.1389856283752,7.848645034214777,408.17123054446006,16.71002861595836,869.0102448098841,5.415396710752689,281.629393312917,6.479251977293316,336.95551793342423,3.694379754645226,192.12737026308199,2.6585346188498824,138.25792121959137,7.229492350174809,375.9720022906901,23.719993077981997,18.83331569217467,Latvia,15.008529985032254,4.986060926879562,1.9209358329002661,0.5343194051823674,1.1709586573468789,1.1009776681513204,1.6860722099950167,47.0,36.8
1610612744,GSW,West,1629001,De'Anthony Melton,G,28.0,29.0,21.81305187044256,0.0,0.3312663594668636,49.0,22.959183673469386,1788.67025337629,17.866693168321003,887.7117387882545,4.266125046492656,211.9636379956932,5.23583302074512,260.1438548847811,2.2422910002324925,111.40886698692297,0.6017949716986087,29.900354569686886,2.590744951686866,128.72190081019698,1.3430632780606082,66.73048149636274,3.892769742684511,193.41337338841834,6.290868804151253,312.563608274395,15.573183375245746,773.7580514910065,2.4585251901363168,122.15252429925326,3.1465971377772934,156.33957499170057,3.6248501667217226,180.10171294892308,2.89816718130051,143.9962618473231,8.665042383142866,430.52509874923453,12.026701448689735,12.923708760291696,USA,10.825752912051884,3.172486035180257,2.5849224145816243,1.3586447193527191,0.36463847036203517,1.569779278173134,1.7560519737478426,40.4,33.4
1610612744,GSW,West,202710,Jimmy Butler III,F,36.0,37.0,29.552475748123793,0.0,0.6772712449573131,38.0,31.105263157894736,2423.303011346151,20.585452506281484,1385.6885846776415,5.375300500584992,361.83283027661344,5.7954079703061465,390.11193295617693,1.4970837159688084,100.77465214290275,0.27659685651818944,18.618833203594658,1.6242689118609621,109.33599292635014,2.336738433779272,157.29514675848884,3.458669536526874,232.81678619768806,6.4882581229562835,436.7504291041968,12.695384392998912,854.5767563819776,6.769467953814313,455.6797799358192,7.9047583520285345,532.1006866231774,1.1836621770144533,79.67700327710182,0.8573293343536372,57.71024326818223,2.3465361813306536,157.95467206809084,21.439345249264257,19.86886636895692,USA,16.898641276556603,4.757462597026548,4.412595491178212,1.2289591724744238,0.22705894150725192,1.3333657673945138,0.7037834544900272,51.1,36.5
1610612744,GSW,West,1630611,Gui Santos,F,24.0,25.0,19.49060340658956,0.0,0.3443267307192582,68.0,20.514705882352942,1598.229479340344,15.016639847039347,666.6676801159766,3.8988377724163823,173.08992952893058,8.097010675233387,359.4689209914295,1.355169945598,60.16312657141038,0.52540125233913,23.325326943631456,2.281061802231709,101.26833934788696,2.7681256992141385,122.89166930565662,5.32888497601925,236.57725168577298,5.418560059285851,240.5584006201891,11.029846672618014,489.67294735505874,2.2270199115822975,98.86913538246539,2.9071887689426035,129.06541090364533,4.188097142435863,185.93167542727923,1.9153093441827664,85.03066266469217,5.490236630993259,243.74050089465666,13.917189973484435,13.223293742953434,Brazil,8.130093659950935,4.383767329163774,2.1108527991333,0.7336966655050047,0.2844552066296519,1.234979748144963,1.0369593007889288,49.1,34.9
1610612744,GSW,West,1643018,LJ Cryer,G,24.0,25.0,0.0,0.0,0.16991346405228758,18.0,16.22222222222222,0.0,19.15890410958904,0.0,2.33013698630137,0.0,3.624657534246575,0.0,0.38835616438356163,0.0,0.0,0.0,1.8123287671232875,0.0,0.5178082191780822,0.0,3.106849315068493,0.0,6.084246575342466,0.0,15.145890410958906,0.0,2.2006849315068493,0.0,2.4595890410958905,0.0,3.624657534246575,0.0,4.698493150684931,0.0,11.936712328767126,0.0,10.938698630136987,10.938698630136987,USA,0.0,0.0,0.0,0.0,0.0,0.0,0.0,,
1610612744,GSW,West,1631466,Nate Williams,G,27.0,28.0,0.0,0.0,0.134950502873086,14.0,17.071428571428573,0.0,16.713655515720305,0.0,2.1079981579199965,0.0,4.47582086090928,0.0,1.1990966831203396,0.0,0.359112504550067,0.0,2.398978017211423,0.0,2.522642712155619,0.0,1.9531781487536608,0.0,6.72616377517072,0.0,13.991335912455819,0.0,1.7292100602175606,0.0,2.434049822773866,0.0,3.6965581064857944,0.0,1.5474390842129186,0.0,4.526612835204668,0.0,10.728526212225674,10.728526212225674,USA,0.0,0.0,0.0,0.0,0.0,0.0,0.0,,
1610612744,GSW,West,201143,Al Horford,C-F,40.0,41.0,20.45838056020708,0.0,0.6003353947212688,45.0,21.533333333333335,1677.5872059369806,11.706161465145447,545.5029640155695,3.3765645353250693,157.34670734671894,7.522045216518335,350.5246338252951,0.8709171493319051,40.58442964306418,1.4075777289877955,65.59262193088212,1.1726016817272111,54.642821636826575,1.537811781747777,71.66148250553397,5.984233434770559,278.8631513197612,4.334743616093951,201.99751198267265,9.885960412412976,460.68224184065235,0.6788738353131626,31.63527946018695,0.7860566734780373,36.62996162689273,1.7092644188762647,79.65111446305916,2.4090569280279537,112.26119668982057,6.505410805906112,303.1498315931188,15.593700713503605,11.7122610503558,Dominican Republic,6.65247517092158,4.274690656406038,1.9188622847160848,0.4949320688178559,0.7999100235473429,0.6663758736198363,1.369038984022202,43.8,37.0
1610612744,GSW,West,203110,Draymond Green,F,36.0,37.0,26.113217037215687,0.0,0.768593655237496,68.0,27.485294117647058,2141.283797051686,10.455595505021998,621.8999234286124,6.866712634548624,408.43279176025186,7.315700555778595,435.1386406714089,1.3146069383716512,78.19295935074838,0.955483108223181,56.83223605541334,3.1401489349572214,186.7763898542502,1.2217912826678823,72.67227435988147,6.093909273110713,362.46636631152745,3.799661402362674,226.0042609767189,8.740219122607634,519.8691552755843,1.3029017079114904,77.49673100838453,1.859156541632959,110.58282718836955,3.659616691911157,217.6743868280348,1.5864214390316522,94.36051451927489,4.746632329770125,282.3301916194018,13.271910930502544,10.5043797730441,USA,7.584145407666004,5.306568788675718,4.980887704393315,0.9535726750091266,0.6930760494562602,2.2777608518811,1.1507379819423766,43.5,33.4
1610612744,GSW,West,1643650,Lajae Jones,G-F,,,0.0,0.0,0.0,,,,,,,,,,,,,,,,,,,,,,,,,,,,,,,,,,0.0,,,,,,,,,,,
1610612744,GSW,West,1629646,Charles Bassey,C-F,25.0,26.0,0.0,0.0,0.13003659654415073,13.0,11.76923076923077,0.0,16.44430964709992,0.0,2.1426384677919095,0.0,14.441412167769093,0.0,1.2138645468877716,0.0,2.892012227028182,0.0,1.9916012329478965,0.0,5.3837926132435125,0.0,9.057619554525582,0.0,6.950537847880313,0.0,10.82909200993118,0.0,2.543233951339297,0.0,3.6856701009320147,0.0,4.997560414475319,0.0,0.0,0.0,0.035415985377204605,0.0,20.28475714476228,18.420621249615078,Nigeria,0.0,0.0,0.0,0.0,0.0,0.0,0.0,,
1610612744,GSW,West,201939,Stephen Curry,G,38.0,39.0,29.364087872973435,0.0,0.6754505215517527,43.0,30.906976744186046,2407.8552055838218,27.72184604968348,1854.171981086769,5.553389889105641,371.43774314221054,4.285330934324732,286.623788829533,1.1369524193670812,76.04491115205964,0.4302848138252941,28.77954246813611,3.0287146720343943,202.57517748016983,0.5016110448753877,33.55018793282062,3.783719889449345,253.07360089671246,9.110913284048586,609.3822216283106,19.86637862438244,1328.7600885227337,4.683887198112317,313.281171453949,5.059260026633681,338.3879330981126,1.7059963956608333,114.10534172219928,4.816132283473995,322.1263663761988,12.1386163827252,811.8897401591648,21.038770266749175,20.41025237419425,USA,22.611853427887425,3.495412058896744,4.529728574905007,0.92737696526902,0.35097003009922084,2.4704289936606076,3.928370321660961,45.9,39.7
1610612744,GSW,West,203552,Seth Curry,G,35.0,36.0,0.0,0.0,0.28052436300723493,10.0,13.3,0.0,16.33146300050358,0.0,2.410150789672043,0.0,3.483219019685069,0.0,0.913838669618385,0.0,0.13895827033508423,0.0,0.8238176216426012,0.0,0.9685302946057457,0.0,2.514688725079323,0.0,5.70373636828133,0.0,12.183469610990148,0.0,2.0841993178733023,0.0,2.309569471261256,0.0,1.9533752622745555,0.0,2.7961018545896508,0.0,6.234340489911581,0.0,9.73329915266024,12.5198058675866,USA,0.0,0.0,0.0,0.0,0.0,0.0,0.0,,
1610612744,GSW,West,1642502,Malevy Leons,F,26.0,27.0,0.0,0.0,0.09074450980392157,25.0,11.04,0.0,7.967034424900046,0.0,2.5030865877030304,0.0,6.228887330895477,0.0,1.1203258781869132,0.0,0.7202094931201585,0.0,1.7028538175695211,0.0,3.0632495267964868,0.0,3.1656378040989894,0.0,2.5607448644272304,0.0,7.086778377753185,0.0,2.525451587992182,0.0,4.170647128837503,0.0,5.130926452997715,0.0,0.3296959012950059,0.0,2.001211358067861,0.0,6.087884035887354,6.087884035887354,Netherlands,0.0,0.0,0.0,0.0,0.0,0.0,0.0,,
1610612745,HOU,West,1643570,Bruce Thornton,G,,,0.0,0.0,0.0,,,,,,,,,,,,,,,,,,,,,,,,,,,,,,,,,,0.0,,USA,,,,,,,,,
1610612745,HOU,West,1643595,Quadir Copeland,G,,,0.0,0.0,0.0,,,,,,,,,,,,,,,,,,,,,,,,,,,,,,,,,,0.0,,USA,,,,,,,,,
1610612745,HOU,West,1628988,Aaron Holiday,G,29.0,30.0,0.0,0.0,0.223662500897795,57.0,13.701754385964913,0.0,14.16405093334654,0.0,3.1822197280769156,0.0,2.9800888316405505,0.0,1.071140748518603,0.0,0.2903491922928602,0.0,1.614088385343255,0.0,0.582788569078488,0.0,2.3973002625620627,0.0,4.8711223510278,0.0,11.360316481434047,0.0,1.5345638156287897,0.0,1.7871622601605819,0.0,3.1065340371437284,0.0,3.0376196248112217,0.0,7.705014218111541,0.0,13.803190221888645,9.83161802864137,USA,0.0,0.0,0.0,0.0,0.0,0.0,0.0,,
1610612745,HOU,West,1641708,Amen Thompson,G-F,23.0,24.0,29.863453163753743,0.0,0.5486123599320883,79.0,37.379746835443036,2448.803159427807,17.389809850303067,1182.8950362019707,4.920387016977051,334.6960909105823,9.035241777567292,614.598016975025,1.679371460210292,114.2347260448848,0.9755815482600756,66.36131049052068,2.4082152727500064,163.8123657914587,3.286607608161494,223.5626415184815,5.748634169405798,391.0353754565435,6.840071311893922,465.2774510910372,12.650391965643633,860.508883707452,3.377140717559909,229.72091274980545,4.593244851724309,312.4431251368888,2.738363305717633,186.26979763062536,0.326192670689497,22.188378960184284,1.4931793010674825,101.56950527906265,21.182113308184874,17.11232678281834,USA,14.425549221975253,7.495097767988109,4.081659645251004,1.3931064151815218,0.8092842742746424,1.997711777944618,0.27058998731932055,54.1,21.8
1610612745,HOU,West,1641763,Julian Phillips,F,22.0,23.0,0.0,0.0,0.12283086366765476,48.0,8.895833333333334,0.0,11.754923910050337,0.0,1.1209016922838761,0.0,4.6429828576532035,0.0,1.489911421477585,0.0,0.6625107001508589,0.0,0.9731616660102528,0.0,1.9427617097119891,0.0,2.7002211479412135,0.0,4.217992797520341,0.0,9.860389642293168,0.0,1.6791764433336247,0.0,2.1924691475867255,0.0,3.8498018124096327,0.0,1.6716019080192575,0.0,5.310403686289384,0.0,9.107174339287768,8.729748444140567,USA,0.0,0.0,0.0,0.0,0.0,0.0,0.0,,
1610612745,HOU,West,1631120,JD Davison,G,23.0,24.0,0.0,0.0,0.07082284313725488,28.0,7.785714285714286,0.0,13.108303779259906,0.0,6.534321014838786,0.0,6.44877060409269,0.0,1.3347318019990195,0.0,0.8294089115666975,0.0,2.6207037180917947,0.0,0.88886412641852,0.0,5.559906477674169,0.0,4.518057151613468,0.0,12.047779550209365,0.0,2.3131361261857677,0.0,3.2688757603605456,0.0,2.4661213258279484,0.0,1.7255475717548734,0.0,6.219234389391086,0.0,11.272152434943925,11.272152434943925,USA,0.0,0.0,0.0,0.0,0.0,0.0,0.0,,
1610612745,HOU,West,1627832,Fred VanVleet,G,31.0,33.0,28.108692971362725,0.0,0.7317139828220178,60.0,35.18333333333333,2304.9128236517436,15.077064925281839,965.3144524808896,6.209164203674781,397.5439499224825,3.5539971007664772,227.5459303549381,1.4545293418093757,93.12675923094888,0.5260098200090939,33.677966097380725,1.5411978067956964,98.67573857409286,0.45886302340219204,29.378868526092294,3.0951340773642846,198.16706182884576,5.048194214904599,323.2124328393932,12.8439372265569,822.3376561019169,2.3039576138209545,147.5117069234997,2.7090630540167835,173.44872703567887,2.3189564251072285,148.47201115886818,2.802547547028473,179.4341050011018,7.846713414316099,502.3886214493704,14.380980501430576,12.893659497715834,USA,11.772127469279141,2.774950370182172,4.848096950274177,1.135692185743279,0.41070690362659423,1.2033626655377179,2.1882207926963635,39.3,35.7
1610612745,HOU,West,201142,Kevin Durant,F,37.0,38.0,29.088907203538295,0.0,0.7878679656440357,78.0,36.41025641025641,2385.29039069014,24.382871520526308,1615.5619204262136,4.305631141180331,285.28279408093516,5.416302301398636,358.873717572196,0.7604853235724818,50.38828707162008,0.9910035075981851,65.6619762170604,2.907778049325784,192.66375109212535,0.44517578820082687,29.496486937870596,4.971126513197808,329.3772306343254,8.741264831426127,579.1793056910669,16.71800321574998,1107.7025672793136,4.665035784558518,309.096250809252,5.426041593522613,359.51902423651404,1.6334961437099869,108.23229596724534,2.2828657767988476,151.25827223982427,5.452795769434548,361.2917042007799,22.638778296842148,18.582286955093718,USA,19.70197463934407,4.376508750880439,3.4790584644016485,0.6144913057514644,0.8007558075251269,2.34955794014787,1.8446130760954178,52.3,41.9
1610612745,HOU,West,1630256,Jae'Sean Tate,F,30.0,31.0,0.0,0.0,0.17505672078786266,46.0,8.804347826086957,0.0,10.60492012581381,0.0,2.331220941558004,0.0,6.503837674170779,0.0,1.1716593285839982,0.0,0.352635360062215,0.0,1.3183830380712684,0.0,2.703153608538816,0.0,3.8006840656319634,0.0,4.345350013968264,0.0,8.795863216048229,0.0,1.0499475997017171,0.0,1.5777043013596976,0.0,4.418089105406424,0.0,0.900283852266212,0.0,2.805200756585673,0.0,13.661905211709186,8.97200600465524,USA,0.0,0.0,0.0,0.0,0.0,0.0,0.0,,
1610612745,HOU,West,1631095,Jabari Smith Jr.,F,23.0,24.0,28.065980111919448,0.0,0.5171139757059552,77.0,35.12987012987013,2301.410369177395,16.343574229170695,1044.8130889009412,1.7661806083963132,112.90851016675875,8.259900264389108,528.0394476898944,0.7160372359157804,45.774875540380485,0.9564821936730542,61.146056623686334,1.4133247336711388,90.35111658571218,1.8879249404150114,120.6913898361034,6.371975323974096,407.348057853791,5.871961848134426,375.38316346418407,13.133965468466307,839.6290088207278,2.28697521789075,146.201902236264,2.8685144681762047,183.3785816998916,2.7765657106170427,177.50047547545734,2.2686243566299282,145.02876716990315,6.299040077525313,402.6854486189094,14.770647418299669,12.597057675312985,USA,12.741623035377332,6.4395054596328585,1.376933050814131,0.5582301895168352,0.7456836173620285,1.101842885191612,1.7686435020719895,44.7,36.0
1610612745,HOU,West,203500,Steven Adams,C,32.0,33.0,18.22537825890703,0.0,0.4402832212885154,32.0,22.8125,1494.4810172303764,9.717482619933701,403.4053697432506,2.6339339002284645,109.34345040363912,13.9824803324475,580.4597619622186,1.0425578378455445,43.28008050069198,1.1382100435167692,47.25092510157701,2.051468823629646,85.16336706540103,7.018775388743833,291.3729606300393,6.963704943703664,289.0868013321793,3.8632918055970493,160.37822965240156,7.187402886214028,298.3732549064912,1.990899008739601,82.64891043844742,3.9818822607050937,165.30131809639275,2.7236212850955734,113.06667524166492,0.0,0.0,0.03371786669172164,1.3997419920078438,19.90984460911758,12.979619537067617,New Zealand,4.919577679795739,7.078777584905105,1.3334567122395016,0.5278058597645363,0.5762307939216709,1.0385776471390369,0.0,53.8,0.0
1610612745,HOU,West,1641803,Tristen Newton,G,25.0,26.0,0.0,0.0,0.08949568627450981,1.0,12.0,0.0,25.92998086375615,0.0,1.8261567901913616,0.0,9.450000000000001,0.0,2.845640534968106,0.0,0.0,0.0,1.8261567901913616,0.0,5.691281069936212,0.0,3.7587189300637873,0.0,8.643326954585383,0.0,24.697686419617273,0.0,4.778202674840532,0.0,6.710764814712958,0.0,3.652313580382723,0.0,3.791502864892568,0.0,12.16581643922728,0.0,17.27428678964133,17.27428678964133,USA,0.0,0.0,0.0,0.0,0.0,0.0,0.0,,
1610612745,HOU,West,1642263,Reed Sheppard,G,22.0,23.0,20.91808198964164,0.0,0.34173263587576475,82.0,26.182926829268293,1715.2827231506144,16.779287748120638,799.4783994756697,4.578476590672207,218.14949428693237,4.230981848596758,201.5925018572741,2.0596268221572074,98.13450844955169,0.9446869415007589,45.01125526506242,2.1140481806210807,100.7275088924258,0.6472853268572885,30.841037169644594,3.5836965217394696,170.75146468762952,6.153135934902677,293.1768822871046,15.26071736065376,727.1234675448344,1.0159715148473678,48.407732961968,1.2618372583815611,60.122434686934156,2.9202693518380953,139.14132128205912,3.5241714384867113,167.91528838491956,9.393683855920456,447.5784340222001,12.422415444699535,12.631587730854308,USA,9.749736578971582,2.4584451446009035,2.6603596864260046,1.1967622981652646,0.5489177471349075,1.2283842547856805,2.0477474193282874,40.3,37.5
1610612745,HOU,West,1631106,Tari Eason,F,25.0,26.0,20.625469167522912,0.0,0.4021437766957291,60.0,25.816666666666666,1691.2884717368788,16.54004470224585,777.0551924144735,2.186645344331316,102.7291128512409,9.881302355451544,464.22590998671285,2.1474349289805126,100.886998310829,1.0437754425799883,49.03681591993313,1.8214223211820975,85.57084927720857,3.2612920379545067,153.21626740999247,6.620010317497036,311.00964257672035,6.5090071947934565,305.7946897501826,14.522493457802527,682.2701601682128,1.603513863195938,75.33345864148768,2.1759897975934237,102.22851275796728,3.5731388744572543,167.8669051745678,1.8819732789970378,88.41554752457064,5.320433621465517,249.95522357294226,16.723211868867615,14.17587091661316,USA,9.476282834322847,5.6612915852038155,1.2527940591614743,1.2303292476930365,0.598009950243087,1.0435469424049826,1.0782383844459835,44.8,35.4
1610612745,HOU,West,1642384,Isaiah Crawford,F,24.0,25.0,0.0,0.0,0.05700091503267973,14.0,6.571428571428571,0.0,11.186755340836287,0.0,1.577959098210949,0.0,6.57391304347826,0.0,0.8217391304347825,0.0,1.3914049382775096,0.0,1.3258857756188933,0.0,1.073812453026838,0.0,5.500100590451423,0.0,4.108695652173913,0.0,9.54327707996672,0.0,1.8955515834616206,0.0,2.782809876555019,0.0,1.643478260869565,0.0,1.0533588824929936,0.0,4.772250560522457,0.0,9.113752098755988,9.113752098755988,USA,0.0,0.0,0.0,0.0,0.0,0.0,0.0,,
1610612745,HOU,West,1630578,Alperen Sengun,C,23.0,24.0,26.608497451968983,0.0,0.599910446206286,72.0,33.30555555555556,2181.8967910614565,23.334262160131157,1414.2486591382483,6.414398996456868,388.7654607488074,10.963893057182961,664.5023077502357,1.3480606898695993,81.70359148284922,1.0644921209025,64.51699840853802,3.3031462314643463,200.1978934121889,3.619360858064229,219.36310671954945,7.344532199118732,445.1392010306862,9.221993736412488,558.9288483518683,17.893258298213166,1084.478968402919,4.356790989401729,264.05745219725276,6.297171615625163,381.66051502488415,3.6395335385351175,220.58573746362,0.5233221036586507,31.717633851787248,1.8263960680303566,110.6946588900749,21.736294408851265,20.282863680980903,Turkey,17.246934867539615,8.103686679880923,4.741042204253749,0.9963852619859661,0.7867926635187563,2.441437724538889,0.38680041282667377,51.5,28.7
1610612745,HOU,West,203991,Clint Capela,C,32.0,33.0,0.0,0.0,0.46345701992577326,75.0,12.346666666666666,0.0,12.85223933075541,0.0,1.8423855592401464,0.0,13.63520290845513,0.0,1.14561833531461,0.0,2.0567643053649007,0.0,1.4728702224426176,0.0,5.829140647672491,0.0,7.806062260782639,0.0,5.517543332895884,0.0,10.118852870435747,0.0,1.798450885878908,0.0,3.110452821815827,0.0,2.965845216334814,0.0,0.01879768564413886,0.0,0.05058830878250274,0.0,19.165557643178403,15.089290943401108,Switzerland,0.0,0.0,0.0,0.0,0.0,0.0,0.0,,
1610612745,HOU,West,203992,Bogdan Bogdanović,G,33.0,34.0,15.700528358358024,0.0,0.38824218764810436,23.0,19.652173913043477,1287.443325385358,15.085529893963654,539.4934658856887,3.842613870333177,137.42076609426798,4.325895023741956,154.70401873984213,0.9897463836722459,35.39562154119802,0.27838814092330977,9.955804274948711,1.9539533575201882,69.87789467371323,0.5758249604997395,20.592833388491034,3.750070063242216,134.11118535135108,5.308260554903745,189.835683911589,12.954154751891489,463.27055753699216,1.6678993869669374,59.64794258791428,1.9614246975476717,70.14508708621513,3.3026326475487107,118.1097877301767,2.815474060764559,100.68786909241504,7.853591855450055,280.8626226277773,10.296404150020244,10.151055531703417,Serbia,6.579188608362057,1.8866343748761234,1.6758630011496094,0.43165392123412216,0.12141224725547209,0.8521694472404052,1.2279008425904274,41.0,35.8
1610612745,HOU,West,201145,Jeff Green,F,39.0,40.0,0.0,0.0,0.4425304352510235,30.0,5.833333333333333,0.0,13.25293488291244,0.0,1.6142382344610078,0.0,4.725327308859682,0.0,0.4221123741461453,0.0,0.4445468282907451,0.0,0.8357022024879998,0.0,1.1678233100226036,0.0,3.557503998837079,0.0,4.74873487596557,0.0,11.311030717327137,0.0,1.6181101413658199,0.0,1.8820519639886477,0.0,2.448539635218901,0.0,2.183819228520163,0.0,7.107297679854734,0.0,8.628073218893599,9.0620019802843,USA,0.0,0.0,0.0,0.0,0.0,0.0,0.0,,
1610612745,HOU,West,1631131,Oscar Tshiebwe,F-C,26.0,27.0,0.0,0.0,0.16634550264550263,27.0,16.59259259259259,0.0,17.424200870207713,0.0,1.9992807240797428,0.0,15.13539905950499,0.0,1.540445653159404,0.0,0.4099438837758013,0.0,1.271384606078407,0.0,6.413917266277603,0.0,8.721481793227388,0.0,7.168762994566995,0.0,12.176975509141585,0.0,3.0866748810737215,0.0,4.6456051603047035,0.0,3.1028328831752883,0.0,0.0,0.0,0.0,0.0,18.96482284361531,18.96482284361531,DRC,0.0,0.0,0.0,0.0,0.0,0.0,0.0,,
1610612745,HOU,West,203935,Marcus Smart,G,32.0,33.0,22.795011323027154,0.0,0.6080092074741011,62.0,28.532258064516128,1869.1909284882267,13.844392573558027,718.82813913679,4.536749522002791,235.55697364863656,3.441007293836746,178.66387829170742,1.943138707542956,100.8915901370453,0.4263509077646064,22.136979142953415,2.4712916902304345,128.31433358408515,0.7093669341347766,36.83172884039528,2.73164035970197,141.8321494513122,4.619525137932921,239.8548467152095,11.475272396200706,595.8187518030477,2.3925129691785343,124.22398717441524,3.03808889836198,157.74356135441678,3.038285090844703,157.75374805466518,2.2241771712239733,115.48366088340157,6.686799990778051,347.19183009381925,14.183732928986746,10.448033823334075,USA,8.766196818741342,2.1788277840452124,2.8726460201053237,1.2303852455737232,0.2699631602799197,1.5648089461473798,1.4083373278463607,40.3,33.3
1610612746,LAC,West,1641807,Norchad Omier,F,24.0,25.0,0.0,0.0,0.04141647058823529,6.0,4.0,0.0,26.775000000000002,0.0,3.1500000000000004,0.0,11.025,0.0,1.5750000000000002,0.0,0.0,0.0,0.0,0.0,6.300000000000001,0.0,4.7250000000000005,0.0,11.025,0.0,15.75,0.0,4.7250000000000005,0.0,4.7250000000000005,0.0,6.300000000000001,0.0,0.0,0.0,1.545,0.0,27.247500000000006,27.247500000000006,Nicaragua,0.0,0.0,0.0,0.0,0.0,0.0,0.0,,
1610612746,LAC,West,1642394,Baba Miller,F,,,0.0,0.0,0.0,,,,,,,,,,,,,,,,,,,,,,,,,,,,,,,,,,0.0,,Spain,,,,,,,,,
1610612746,LAC,West,1642951,Sean Pedulla,G,23.0,24.0,0.0,0.0,0.04589823529411764,7.0,4.428571428571429,0.0,15.851612903225808,0.0,6.096774193548388,0.0,3.6580645161290324,0.0,0.0,0.0,0.0,0.0,1.2193548387096773,0.0,0.0,0.0,3.6580645161290324,0.0,6.096774193548388,0.0,18.290322580645164,0.0,0.0,0.0,0.0,0.0,4.877419354838709,0.0,3.5883870967741935,0.0,11.961290322580647,0.0,7.681935483870969,7.681935483870969,USA,0.0,0.0,0.0,0.0,0.0,0.0,0.0,,
1610612746,LAC,West,1643568,Nick Martinelli,F,,,0.0,0.0,0.0,,,,,,,,,,,,,,,,,,,,,,,,,,,,,,,,,,0.0,,USA,,,,,,,,,
1610612746,LAC,West,1643712,Narcisse Ngoy,C,,,0.0,0.0,0.0,,,,,,,,,,,,,,,,,,,,,,,,,,,,,,,,,,0.0,,France,,,,,,,,,
1610612746,LAC,West,203078,Bradley Beal,G,33.0,34.0,18.73104202445344,0.0,0.5589094649220164,6.0,20.166666666666668,1535.945446005182,16.544088822736114,705.8560523774102,3.71184167734962,158.36628668381627,2.7525002736906985,117.4358405695346,1.0033887292146584,42.80973192250504,0.28448987087421906,12.137803377884973,2.4321923148679048,103.76985305083778,0.7142085112528254,30.471814176581056,2.0382917624378734,86.96402639295356,6.253914661084232,266.8242150943713,14.177042342351386,604.8656562099236,1.9877654377731593,84.80831310761614,2.5443120478871575,108.55345842134439,3.36941254765054,143.75649606323793,2.0589991605524087,87.84751066608236,5.352853597207413,228.38030849342172,8.595391588018284,10.031403369129803,USA,8.608000638748905,1.4321443971894463,1.9312961790709302,0.5220699014939638,0.14802199241323138,1.2654860128150949,1.0713111056839313,44.1,38.5
1610612746,LAC,West,1643413,Keaton Wagler,G,,,0.0,0.0,0.0,,,,,,,,,,,,,,,,,,,,,,,,,,,,,,,,,,0.0,,USA,,,,,,,,,
1610612746,LAC,West,202695,Kawhi Leonard,F,35.0,36.0,29.793431115818507,0.0,0.7287666575403746,65.0,32.07692307692308,2443.0613514971174,27.17568874828937,1844.21874670169,3.7357559464219605,253.51891587025077,6.682124159391294,453.4677577698343,1.8862072586522682,128.00333484796343,0.5554585411913825,37.69498039843434,2.1213593550984746,143.96141814105368,1.1610763922330447,78.79391277778498,5.521047767158249,374.6738449920493,9.939593768561423,674.5288162653887,19.63617523782212,1332.5661337429983,4.733796737511904,321.24877375717995,5.417544344296731,367.649811321476,1.451715973126046,98.51753298042419,2.5232782509830156,171.23676594582912,6.344692694918819,430.56870861339604,24.165300552449676,21.789784006867855,USA,22.490472520752316,5.5300946069491985,3.091694095978668,1.5610162786337003,0.45969488290773586,1.7556270505006546,2.0882532432418186,50.6,39.8
1610612746,LAC,West,1642920,Kobe Sanders,G,24.0,25.0,18.453309024090856,0.0,0.3058978618378073,68.0,19.86764705882353,1513.1713399754503,13.849740932642487,582.1397512599854,3.0497409326424867,128.1883492673503,4.280829015544042,179.9341049349046,1.3709844559585493,57.625955175230885,0.27979274611398963,11.76039901535324,2.266321243523316,95.25923202436127,0.81139896373057,34.1051571445244,3.4694300518134713,145.82894779038017,5.008290155440415,210.51114237482304,10.744041450777202,451.5993221895644,1.594818652849741,67.03427438751348,1.9305699481865284,81.14675320593736,4.084974093264249,171.7018256241573,2.1957068837897853,92.29113132048639,5.3794818652849745,226.11327173519166,9.142418796701607,9.608082901554406,USA,7.0992652592681145,2.1943183528646903,1.5632725520408575,0.7027555509174498,0.14341950018723462,1.1616979515166008,1.1255016014693462,46.6,40.8
1610612746,LAC,West,1627884,Derrick Jones Jr.,F,29.0,30.0,25.077924032739315,0.0,0.38915615446178464,50.0,27.0,2056.3897706846237,13.338378787711934,761.9140471268776,1.5002598607318518,85.69775086049218,4.642224615402956,265.1728670093056,1.2225945624759973,69.83697088806345,1.0143459276873539,57.94140526755221,1.1304282261760177,64.57225113337574,1.6150370480137266,92.25404624478108,3.027187567389228,172.9188207645244,5.072114846056762,289.72903014357615,10.043592859199613,573.7094893494227,1.7409216596053787,99.44481923266109,2.3675360720382215,135.2382488962848,2.6502716353808013,151.38865223701913,1.5289163649509998,87.33466591993208,4.308830583491204,246.1287537640103,13.907953264421005,10.91702789758925,USA,9.291634721059483,3.2338154513329953,1.045094522688929,0.8516703766837006,0.7066025032628319,0.7874664772362896,1.0650569014625864,50.5,35.5
1610612746,LAC,West,1627739,Kris Dunn,G,32.0,33.0,25.25915564273201,0.0,0.5711628054174928,82.0,27.195121951219512,2071.250762704025,9.493073029937623,546.181520935092,4.973472226625864,286.14744840794737,4.68029569514951,269.2796118960774,2.174682544506341,125.1198021929969,0.42799489597845675,24.624576520244677,1.7494854398966482,100.65619588126442,1.0498318088920706,60.4018037466291,3.6304638862574388,208.8778081494483,3.746493680408798,215.55355258368144,8.100437638739972,466.05660104101554,0.6943170334168063,39.94735236174878,0.9397235368494586,54.06675256751014,3.41595490805177,196.5360891295774,1.312464885117083,75.5123303978058,3.661928730403167,210.6881298837595,12.43669321766657,9.88706511292379,USA,6.660750255306,3.2838977060497245,3.489603029365212,1.5258512462560598,0.3002997136615205,1.2275145839178587,0.9208820780220219,46.3,35.8
1610612746,LAC,West,1631097,Bennedict Mathurin,G-F,24.0,25.0,27.86436003637702,0.0,0.37323219151057463,54.0,30.0,2284.8775229829157,21.364448730181437,1355.9763526253462,2.801273521209251,177.79352512050622,6.593075879979277,418.45474681904045,0.9204124368054919,58.41749135363338,0.3482419715051536,22.102507034760624,2.563301026236308,162.6896916523995,1.3975502073053043,88.70086266422234,5.195525672673974,329.7538841548183,6.912147864201395,438.70586917911487,15.647801048892243,993.1474694645106,5.7559729524504375,365.32481172087824,6.761162749504638,429.12302209923655,3.0258918260296888,192.0497838964713,1.7501956674362433,111.08285392630985,5.242483558645848,332.7342457710385,11.203435849565063,14.662129594789041,Canada,16.53629698323593,5.103106668524884,2.1682137209817833,0.7124084311418705,0.269542768716593,1.9840206299073109,1.3546689503208518,44.2,33.4
1610612746,LAC,West,1629636,Darius Garland,G,26.0,27.0,27.740518436215343,0.0,0.4634746589940323,45.0,29.866666666666667,2274.722511769658,22.48919768691071,1421.019006945942,7.822292123099383,494.2651107236844,3.018622681349504,190.736915772339,1.2853220058757961,81.2153028232946,0.18518562508031686,11.701275284064792,3.290051422959957,207.88761213018918,0.5777309522240407,36.504933410281836,2.440891729125463,154.23198236205712,8.168851676839441,516.1630779059444,17.709896445048074,1119.0305590183414,3.018559837547048,190.73294487755643,3.5015604639601046,221.2521781581294,2.157938820815696,136.35311152030928,3.226922530555317,203.89870344419143,8.202485305156202,518.2882771138507,17.74632202719637,17.04061925915743,USA,17.32950008470661,2.3260599484431586,6.0276233015083465,0.9904305222353,0.14269847907396088,2.535214782075478,2.4865695541974566,46.1,39.3
1610612746,LAC,West,201572,Brook Lopez,C,38.0,39.0,20.248101626433968,0.0,0.8079997267666545,75.0,21.8,1660.3443333675855,13.495483239749426,622.4208089770884,1.9303139482021752,89.02738404216367,5.568407472299175,256.8187164587127,0.7842580835066622,36.1705129124447,2.019240158590805,93.12872097290298,1.1870400575570943,54.74708980681262,1.268310659451234,58.495344899154496,4.300096812847941,198.32337155955815,5.002636223092662,230.7249640253145,10.807159608183255,498.43350597905896,1.3451100806753065,62.03738611680169,1.6940256424130677,78.12960766555335,2.8039392468213333,129.31957332129934,2.1451007128887927,98.93349480965763,5.888310217671778,271.57284730616084,14.441890683320667,11.210136486009473,USA,7.590497670452298,3.131935566569667,1.08569980539224,0.44110381600542314,1.135716109425646,0.6676474366684465,1.2065060342641174,46.3,36.4
1610612746,LAC,West,1631102,TyTy Washington Jr.,G,24.0,25.0,0.0,0.0,0.06848074866310161,16.0,5.5,0.0,9.785679865177418,0.0,5.85671689645987,0.0,3.226770986614699,0.0,1.966783123182273,0.0,0.6357950980448588,0.0,1.1988227884445695,0.0,0.7423598920598257,0.0,2.4844110945548734,0.0,4.094297060357078,0.0,11.150465276684649,0.0,0.2986972170140209,0.0,0.5973944340280418,0.0,2.0139500881495436,0.0,1.273657317402591,0.0,4.492100285774048,0.0,9.270708057274923,9.270708057274923,USA,0.0,0.0,0.0,0.0,0.0,0.0,0.0,,
1610612746,LAC,West,1642949,Yanic Konan Niederhäuser,C,23.0,24.0,0.0,0.0,0.11069624103299856,41.0,10.341463414634147,0.0,15.69056603773585,0.0,1.069811320754717,0.0,10.43066037735849,0.0,0.4457547169811321,0.0,2.6745283018867925,0.0,2.0504716981132076,0.0,3.2985849056603773,0.0,7.132075471698114,0.0,5.70566037735849,0.0,8.915094339622643,0.0,4.190094339622642,0.0,5.527358490566037,0.0,5.883962264150943,0.0,0.08745283018867925,0.0,0.43726415094339627,0.0,14.30872641509434,14.30872641509434,Switzerland,0.0,0.0,0.0,0.0,0.0,0.0,0.0,,
1610612746,LAC,West,1641757,Jordan Miller,G,26.0,27.0,20.511265026777526,0.0,0.18474725490196076,60.0,22.083333333333332,1681.923732195757,15.33843303612615,716.6131816154442,2.728907567964859,127.4948444869084,5.2436516217034495,244.98394738638333,1.0561341006178788,49.342694672512,0.28066310384450927,13.112609308550066,1.7889416290001845,83.57953837023189,2.0382370794691287,95.22664766112491,3.2054145422343203,149.7572997252584,5.645807730439819,263.77272247891665,11.18428317258785,522.5308693214766,3.0725471471681938,143.5497212531265,3.781838298089785,176.68787735788948,2.0272797333620094,94.71471931502917,1.0034985409206678,46.88355586661906,3.08013628830539,143.90428671383856,11.77477770910728,12.435411813960078,USA,8.739185141651758,2.9876091144680896,1.5548151766696148,0.6017401789330732,0.15990986961646422,1.0192626630516084,0.5717506813002324,50.5,32.6
1610612746,LAC,West,1641780,Johni Broome,F,23.0,24.0,0.0,0.0,0.050516877828054293,11.0,5.0,0.0,6.872727272727273,0.0,2.749090909090909,0.0,10.996363636363636,0.0,2.061818181818182,0.0,1.3745454545454545,0.0,2.061818181818182,0.0,4.810909090909091,0.0,6.1854545454545455,0.0,2.749090909090909,0.0,16.494545454545456,0.0,1.3745454545454545,0.0,4.123636363636364,0.0,4.810909090909091,0.0,0.0,0.0,3.370909090909091,0.0,1.512,1.512,USA,0.0,0.0,0.0,0.0,0.0,0.0,0.0,,
1610612746,LAC,West,1630543,Isaiah Jackson,F,24.0,25.0,0.0,0.0,0.19966131907308377,55.0,16.509090909090908,0.0,16.17160859506765,0.0,2.2473693742772576,0.0,12.157439821524038,0.0,1.4854100787177615,0.0,2.7109439905383046,0.0,2.265012137716466,0.0,4.761864328675656,0.0,7.39557549284838,0.0,6.54754153668575,0.0,10.321510573139859,0.0,3.076525521696151,0.0,5.093942113838887,0.0,6.2925910876636975,0.0,0.0,0.0,0.09811202144796553,0.0,15.978311490229029,16.48475971092114,USA,0.0,0.0,0.0,0.0,0.0,0.0,0.0,,
1610612746,LAC,West,1642353,Cam Christie,G,20.0,21.0,0.0,0.0,0.08085422459893046,55.0,8.727272727272727,0.0,12.108282062026365,0.0,3.01183608654307,0.0,6.804059170520337,0.0,2.0302505632794565,0.0,0.3962952751879638,0.0,1.572977547810126,0.0,1.6766276989602653,0.0,5.1274314715600715,0.0,4.334840921184143,0.0,12.77895715626684,0.0,2.3533645452443244,0.0,3.4386002196580767,0.0,1.926600412129317,0.0,1.0749976020136223,0.0,5.586376861681036,0.0,9.247047785917268,9.247047785917268,USA,0.0,0.0,0.0,0.0,0.0,0.0,0.0,,
1610612746,LAC,West,1629060,Rui Hachimura,F,28.0,29.0,26.32089303436202,0.0,0.5219447671533644,68.0,28.33823529411765,2158.3132288176857,15.163359664121359,909.0911043442675,1.3151177736428554,78.8454468974066,4.909991811493413,294.3694522259096,0.7754312977428347,46.48954522104516,0.4390936803366006,26.32504719335359,0.8452787140404533,50.67711751531978,1.0587620854711774,63.47611709008454,3.8512297260222352,230.89333513582505,5.896112170902217,353.4904693625339,11.388688114187422,682.7876726591516,1.3436315380903827,80.55493675880909,1.8298486158899017,109.70517984469187,2.0021332765593582,120.03418712928224,2.078963271135844,124.64038695329391,4.837654606532445,290.032609270272,12.123047358357491,11.608985689931993,Japan,11.086476882247164,3.5898713686086534,0.9615298402122756,0.56694567342738,0.321037160894556,0.618013628235607,1.5200047189426087,51.8,43.0
1610612746,LAC,West,201587,Nicolas Batum,G-F,37.0,38.0,0.0,0.0,0.7380065423271034,74.0,17.5,0.0,7.571673603081966,0.0,2.025772327602612,0.0,5.123605201296788,0.0,1.2139296681098526,0.0,0.7380891686431287,0.0,0.9118613632601232,0.0,0.9613056534890371,0.0,4.162299547807749,0.0,2.540257805114444,0.0,6.008345226689792,0.0,0.31179582886248125,0.0,0.394341988606192,0.0,2.6153737332690152,0.0,2.2257315717350785,0.0,5.415467706005973,0.0,9.214616003020236,7.461142283246198,France,0.0,0.0,0.0,0.0,0.0,0.0,0.0,,
1610612747,LAL,West,1641751,Arthur Kaluma,F,,,0.0,0.0,0.0,,,,,,,,,,,,,,,,,,,,,,,,,,,,,,,,,,0.0,,Uganda,,,,,,,,,
1610612747,LAL,West,1642876,Adou Thiero,G,22.0,23.0,0.0,0.0,0.0625985009487666,25.0,5.96,0.0,11.696375838926174,0.0,2.4885906040268457,0.0,6.968053691275168,0.0,1.742013422818792,0.0,0.4977181208053691,0.0,2.239731543624161,0.0,2.239731543624161,0.0,4.7283221476510064,0.0,3.9817449664429527,0.0,7.714630872483222,0.0,3.484026845637584,0.0,5.474899328859061,0.0,4.7283221476510064,0.0,0.2536912751677852,0.0,0.7610738255033557,0.0,9.780161073825502,9.780161073825502,USA,0.0,0.0,0.0,0.0,0.0,0.0,0.0,,
1610612747,LAL,West,1629020,Jarred Vanderbilt,F,27.0,28.0,16.174517679429172,0.0,0.33981753737180165,65.0,17.353846153846153,1326.3104497131922,9.185808838484238,338.4231736541513,2.5490596121843616,93.91234446061044,9.777261559190316,360.2134493203671,1.9768630788357922,72.8315044197807,0.552428681527606,20.352553695315137,1.7799997037928528,65.5786724340791,3.066719544170026,112.9839493825662,6.710542015020291,247.2294999378009,3.6314010701964876,133.7879218472575,7.492498396291789,276.0383032628093,1.1959764664457533,44.06211347383504,2.0118681186051717,74.12115858752387,3.449637935641614,127.09141227134769,0.7343005339619659,27.053068650659228,2.527764411519659,93.12778759476782,10.53043475773211,10.21518002010459,USA,4.127111873831113,4.392846942931306,1.1452724934220786,0.8881890782900085,0.24820187433311144,0.7997399077326719,0.3299154713495028,48.5,29.0
1610612747,LAL,West,1629680,Matisse Thybulle,G-F,29.0,30.0,14.91267587465101,0.0,0.26937353739685915,30.0,16.0,1222.8394217213827,11.648082227290855,395.65928152731846,2.332704047289024,79.2367352287233,4.505082783276095,153.02757848634158,3.7817976908236965,128.45920281428081,1.101221252181233,37.406021089016555,1.624264983884164,55.17264593375561,1.2224250977664737,41.523044434734985,3.2826576855096214,111.5045340516066,4.079766275324422,138.58052869100322,9.232469288160837,313.6063168165284,1.087114674044306,36.926852204254686,1.5364933278420785,52.19123923603251,2.432736423379609,82.63461114350181,2.5265097423163367,85.8198808963208,6.320381990742118,214.68922940603704,10.89680727466007,12.066189495495216,USA,4.825113189357542,1.866189981540751,0.966301649130772,1.5665756440765952,0.45617098889044577,0.672837145533605,1.0465839133697659,44.2,40.0
1610612747,LAL,West,1642261,Dalton Knecht,F,25.0,26.0,0.0,0.0,0.1513598654037886,54.0,10.24074074074074,0.0,16.46516861375791,0.0,1.526049973424166,0.0,5.257400020177982,0.0,0.6959855550415276,0.0,0.539527677434771,0.0,1.3263425681949004,0.0,0.9489163274964879,0.0,4.308483692681494,0.0,6.161558319143178,0.0,13.45651341678485,0.0,1.2968114938908701,0.0,1.7440013346982575,0.0,2.7965426170813337,0.0,2.791045424788669,0.0,7.8276601337682985,0.0,7.003800775982543,10.985073446010173,USA,0.0,0.0,0.0,0.0,0.0,0.0,0.0,,
1610612747,LAL,West,1629656,Quentin Grimes,G,26.0,27.0,27.414469149566774,0.0,0.5123673764115769,75.0,29.413333333333334,2247.9864702644754,16.63864237433148,1038.984526140732,3.685814008747794,230.15722287711972,4.686743067893904,292.6593057286476,1.1673256334681685,72.89256195637086,0.39587121067873443,24.7198090436948,2.047170407878062,127.83364942321364,0.8014807551534036,50.04771927117238,3.8852623127404997,242.61158645747523,5.711004792227126,356.61837512617114,12.909258968175223,806.1066528221735,2.7365681354211566,170.88244842732342,3.4072186811277936,212.76059712243475,2.530844557461561,158.0362312087798,2.5544665940897553,159.5112872848985,7.261714370860722,453.450990461667,11.945616557123822,12.309915073850602,USA,12.670543001716243,3.5690159235200927,2.8067954009404845,0.8889336823947666,0.30146108589871706,1.5589469441855321,1.9452596010353473,44.2,35.2
1610612747,LAL,West,1630702,Jaden Hardy,G,23.0,24.0,0.0,0.0,0.1936545282002961,57.0,15.75438596491228,0.0,21.253046248673105,0.0,3.0695019243782333,0.0,3.9192820775091377,0.0,0.8596283189380887,0.0,0.21931159434020528,0.0,2.813800890273593,0.0,0.5777777210717927,0.0,3.3415043564373446,0.0,7.57075527077609,0.0,17.856977055852276,0.0,2.3609962673300378,0.0,3.240373321978034,0.0,3.6128783906733193,0.0,3.679100593318679,0.0,9.485275998541983,0.0,7.9935964031119315,11.739454843207284,USA,0.0,0.0,0.0,0.0,0.0,0.0,0.0,,
1610612747,LAL,West,1642355,Bronny James,G,21.0,22.0,0.0,0.0,0.08514508451656524,42.0,8.928571428571429,0.0,12.30996903017065,0.0,4.8357537512008495,0.0,2.8204536652837944,0.0,1.8652071764290055,0.0,0.4801862851870126,0.0,2.5458982539038764,0.0,0.6200270316365898,0.0,2.2004266336472047,0.0,4.513920867236427,0.0,12.281204212359162,0.0,1.2349279817539434,0.0,1.5331221294261128,0.0,2.7278903914187196,0.0,2.08695075693305,0.0,6.107844935884146,0.0,8.44287447301386,8.44287447301386,USA,0.0,0.0,0.0,0.0,0.0,0.0,0.0,,
1610612747,LAL,West,1629012,Collin Sexton,G,27.0,28.0,22.10859024431257,0.0,0.48629508454589504,68.0,23.720588235294116,1812.9044000336307,23.891938388264588,1203.1611174838135,5.4369735048381305,273.79758860520326,3.491582686514666,175.83071154065786,1.3466503033943091,67.81522945361574,0.20945217897692772,10.54768824621955,3.1315253257910345,157.69877894286986,1.0745556829876017,54.11296460470462,2.417027003527064,121.71774693595322,8.330858930317088,419.52918918975877,17.215065527534158,866.9241122703876,4.861963846353334,244.84099027384428,5.66244491049322,285.15198036614436,3.025356703614893,152.3522911015189,2.3919392480898476,120.45436631875607,5.9601674979252435,300.14483005350303,15.471815159124683,17.288321019438854,USA,14.672696554680654,2.144276970008023,3.338994982990284,0.8270149933367773,0.1286303444660921,1.9231558407667058,1.4689556868140985,48.4,40.1
1610612747,LAL,West,1630533,Ziaire Williams,F,24.0,25.0,21.320466289540114,0.0,0.29590172955456695,56.0,22.875,1748.2782357422893,16.15543277001765,784.5608750227674,2.0487338852586383,99.49324617848383,5.422471221596592,263.33301168489515,1.8358645255091828,89.15561093664026,0.5833853966618597,28.331110889828107,1.8403923282750805,89.37549590973339,1.1513993236899662,55.915732729321086,4.271071897906626,207.41727895557406,5.379948471366855,261.2679672751575,12.963809283352688,629.5651561777597,2.944626752558602,143.00074621896388,3.510788681990822,170.49542897263643,3.430904298177058,166.61598092826736,2.4042250923496193,116.75706674389819,7.165269015843189,347.9689964899228,6.249347608678868,11.559175959707215,USA,9.567815549058139,3.211378191279209,1.213332270469315,1.0872635480078081,0.3455013523149769,1.0899450720699193,1.4238666676085145,41.5,33.6
1610612747,LAL,West,1631222,Jake LaRavia,F,24.0,25.0,23.426086111018087,0.0,0.4335782734912146,82.0,25.134146341463413,1920.939061103483,13.56809744672318,723.9857880630275,3.220760461083077,171.8579048931152,6.38105092712441,340.48916602232987,1.7473667540737206,93.23847366593927,0.654366757304059,34.91662956647195,1.9494785166779618,104.02303976302152,2.3018326399798816,122.82445084056404,4.0792182871445295,217.66471518176587,4.64879573564579,248.0570365470361,10.449996122550436,557.6057150051964,2.555446984697289,136.35716476344825,3.377923897464456,180.24405444651086,3.5568290399747857,189.790328793188,1.6823912004346082,89.77141591587828,4.775392902641292,254.81218774444443,10.402616471042291,11.706421698495438,USA,8.829094976378384,4.15230690271134,2.0958281084526242,1.1370545569016983,0.42581255568868226,1.2685736556466038,1.094773364827784,44.5,35.2
1610612747,LAL,West,1631117,Walker Kessler,C,24.0,25.0,28.706901058703195,0.0,0.35461783088235294,5.0,30.8,2353.965886813662,15.61549266010874,1021.0649174356973,2.7689550512396774,181.05627035384936,13.697846059183886,895.6739540595506,1.2395236201226882,81.04989771301624,2.785157088010077,182.11568818313881,2.8455289445096428,186.06327959212737,5.399417406793125,353.0567884516362,8.298428652390761,542.6171656079144,6.161022189807847,402.85655729749107,9.045052415896626,591.4373564295043,2.50648314376081,163.89377267462254,3.909433950639171,255.62983768210484,4.196428915933008,274.3958476262427,0.771975324604004,50.47787721054802,1.2679719824205304,82.91007755703947,17.929417983305758,18.059606909339983,USA,12.452011188240212,10.922853098287202,2.2080032969981627,0.9884133867441004,2.220923026623644,2.269064385269846,0.6155838684213174,68.1,60.9
1610612747,LAL,West,1630559,Austin Reaves,G,28.0,29.0,32.20114569992044,0.0,0.4610999864773495,51.0,34.549019607843135,2640.493947393476,21.594506508117195,1583.893436989791,5.788262048770235,424.55196960292136,4.7346384502787116,347.2717825293712,1.0804385576319635,79.24698533215935,0.35969746624006477,26.382749513879446,2.7238730389141814,199.7880631311436,0.7418527399420733,54.41271304650864,3.992785710336639,292.85906948286265,6.97221551557824,511.3914685779785,14.530702614538736,1065.7842306962245,5.20728007158256,381.9386530943449,5.984022136136345,438.91039532046113,2.14893507936149,157.61805751098703,2.5047952887633897,183.719355539984,6.830138849578092,500.9705636713331,17.29807133653405,17.418899836890702,USA,19.31577362182672,4.235021738163064,5.177463043938065,0.9664266503921872,0.32174084773023715,2.4364397942822387,2.240479945609561,48.0,36.7
1610612747,LAL,West,1643024,Chris Mañon,G,24.0,25.0,0.0,0.0,0.053074379084967316,9.0,5.111111111111111,0.0,5.752173913043479,0.0,2.4652173913043476,0.0,8.217391304347826,0.0,4.108695652173913,0.0,1.643478260869565,0.0,0.8217391304347825,0.0,1.643478260869565,0.0,6.57391304347826,0.0,1.643478260869565,0.0,4.930434782608695,0.0,2.4652173913043476,0.0,3.28695652173913,0.0,4.930434782608695,0.0,0.0,0.0,2.4182608695652172,0.0,9.94304347826087,9.94304347826087,USA,0.0,0.0,0.0,0.0,0.0,0.0,0.0,,
1610612747,LAL,West,1643758,AK Okereke,F,,,0.0,0.0,0.0,,,,,,,,,,,,,,,,,,,,,,,,,,,,,,,,,,0.0,,USA,,,,,,,,,
1610612747,LAL,West,1643418,Cameron Carr,G,,,0.0,0.0,0.0,,,,,,,,,,,,,,,,,,,,,,,,,,,,,,,,,,0.0,,USA,,,,,,,,,
1610612747,LAL,West,1630572,Sandro Mamukelashvili,F-C,27.0,28.0,20.400074575401497,0.0,0.30108380829166076,80.0,21.8875,1672.8061151829227,18.353842718329197,852.8450093424066,3.086230632287892,143.40737429322343,9.376867359304253,435.7133627750916,1.1200869093266708,52.046895318277635,0.8827712677540569,41.01958819463243,1.403792754797649,65.22980846319412,2.817557076391832,130.92296409069925,6.55931028291242,304.79039868439224,6.80513743917357,316.21320896971673,13.440335992836868,624.5298955258514,2.294226821681559,106.60546269237757,3.0871049843904124,143.4480026694434,3.0240132046764905,140.51632725490944,2.4738344284835057,114.95125999770163,6.7146781585136495,312.0098523624122,16.368161157420634,16.575584474965076,Georgia,10.400548894419593,5.31357759481819,1.7488704182100419,0.6347182355887516,0.5002388804223468,0.7954854690633429,1.4018446341183126,50.6,36.8
1610612747,LAL,West,1626172,Kevon Looney,F,30.0,31.0,0.0,0.0,0.2754517940935588,21.0,14.666666666666666,0.0,8.394935267075615,0.0,3.7459770929391976,0.0,13.252921533225642,0.0,1.0896213613928591,0.0,1.0659959556953174,0.0,1.1484614539913884,0.0,5.207921504340781,0.0,8.045000028884859,0.0,3.516877172520837,0.0,7.257090946388954,0.0,1.2316453013517208,0.0,1.9552105945856715,0.0,4.209277778750408,0.0,0.13493293821064523,0.0,0.8045837906357478,0.0,15.833357456815536,12.117171347967574,USA,0.0,0.0,0.0,0.0,0.0,0.0,0.0,,
1610612747,LAL,West,1629029,Luka Dončić,F-G,27.0,28.0,33.33507331745719,0.0,0.55156,64.0,35.765625,2733.4760120314895,31.901371054476844,2422.2675702313377,8.377973752361509,636.1386189308231,8.166075422613817,620.0492022265216,1.643651554169728,124.80228042947856,0.4987371359582475,37.86905548475436,3.868461631195111,293.73186312044567,0.729645796276777,55.40192448339402,7.436429626337039,564.6472777431275,10.45314855931391,793.7064121412803,22.226926959280906,1687.6881017880658,7.141649824073214,542.2646800120289,9.136708553573257,693.7492683365397,2.3844628805087025,181.0520023736124,3.8919583528935693,295.5159665961155,10.530497624280342,799.5795180756918,27.50847663548326,25.50254145279558,Slovenia,29.53984841745534,7.561575636908801,7.757788035741745,1.5219790296277873,0.4618177498140776,3.582095891712752,3.6038532511721404,47.0,37.0
1610612748,MIA,East,1631323,Simone Fontecchio,F,30.0,31.0,16.243927324563558,0.0,0.42584623135779576,70.0,16.757142857142856,1332.0020406142116,15.399605825626635,569.786288455255,2.448360747725867,90.58948644807201,5.946772374247223,220.03091493237557,0.9881562732370945,36.561838122154015,0.3297037305157916,12.199056717920904,1.4611064234672226,54.061020489246474,1.5290307932093739,56.57422601991258,4.417741581037848,163.456688912463,5.15990727165222,190.91686153391296,12.341368770751771,456.6313440726073,2.080273883238502,76.97025159750375,2.483824066925406,91.90163126864807,2.789525980939014,103.21261941547574,3.1244972907121773,115.60657686450544,8.452056145605486,312.7265564814554,12.258092601460476,11.414719143007867,Italy,6.948613273844573,2.6833038406387266,1.1047498347325855,0.4458760746604148,0.14876898436488906,0.6592807376737375,1.4098363032256762,41.8,37.0
1610612748,MIA,East,1630558,Davion Mitchell,G,27.0,28.0,27.69638077504443,0.0,0.5556062851275555,70.0,28.571428571428573,2271.1032235536436,11.480403371524893,724.255030687953,6.884768038783313,434.3338579527744,3.181925199330433,200.73557159183102,1.1101906469646574,70.03770991890384,0.20521898899643312,12.946486317894971,1.941012494736704,122.45110371540079,0.5990363127471507,37.79092502515952,2.5828888865832824,162.94464656667148,4.483634988699276,282.8554965575786,9.429032067320655,594.8418089745171,0.8852327569925227,55.84597133336104,1.309844082570695,82.63308661886028,3.1728607921888377,200.16373258408436,1.644179643505157,103.72504690182896,4.243160010073992,267.6848438036931,10.380228053944625,10.56090722934511,USA,8.832378423023817,2.4479947755101343,5.296754365277737,0.8541184136451688,0.15788397948652402,1.4933061428707413,1.2649395963637677,47.6,38.7
1610612748,MIA,East,1631211,Trevor Keels,G,22.0,23.0,0.0,0.0,0.02224797385620915,8.0,1.875,0.0,17.506927721647937,0.0,0.0,0.0,6.615947994575203,0.0,1.516601145957027,0.0,0.0,0.0,0.0,0.0,0.0,0.0,6.615947994575203,0.0,6.341176289201655,0.0,25.36470515680662,0.0,0.0,0.0,0.0,0.0,0.0,0.0,4.9182562139872426,0.0,21.21907456784691,0.0,5.7894901718935525,5.7894901718935525,USA,0.0,0.0,0.0,0.0,0.0,0.0,0.0,,
1610612748,MIA,East,1643553,Ryan Conwell,G,,,0.0,0.0,0.0,,,,,,,,,,,,,,,,,,,,,,,,,,,,,,,,,,0.0,,USA,,,,,,,,,
1610612748,MIA,East,1631107,Nikola Jović,F,23.0,24.0,16.66497124081397,0.0,0.2358652776755258,47.0,17.19148936170213,1366.5276417467455,15.868392444987201,602.3499140600064,4.429150125279924,168.12655765669658,6.9468696448128,263.6969275902247,1.1928364297470553,45.27899870366252,0.6401556780539239,24.299734141161597,2.4570393976496523,93.26700704858399,1.0477953421934803,39.77336938891336,5.89907430261932,223.92355820131132,5.451538623939831,206.9355061017721,13.400354781437812,508.6654227235539,2.596982550241655,98.5791233344216,3.6036898512409308,136.79282761119305,3.011044754482225,114.29655243156954,2.3232215488303427,88.18740178828749,7.195640897318342,273.14006072969084,13.177793871253332,11.849148850116393,Serbia,7.345730659268371,3.2158161901246913,2.0503238738621534,0.5521829110202747,0.29633822123367803,1.1374025249827315,1.0754561193693597,40.7,32.3
1610612748,MIA,East,203507,Giannis Antetokounmpo,F,31.0,32.0,27.977191302346966,0.0,0.6429212418300654,36.0,28.86111111111111,2294.129686792451,31.708355854429065,2020.6411245840259,6.503375380987943,414.4329590522113,11.738581539295533,748.0507886147697,1.0595070802574609,67.51796239403981,0.9681596941468625,61.69677488606158,3.5130402827358247,223.87138898672228,2.814825016424814,179.37704536961706,8.923756522870718,568.6737432451527,12.049212250243487,767.8459868263016,19.612565334762248,1249.826899128739,7.208434838438921,459.36345439365766,11.238067822491535,716.1551392712453,2.6923359215143714,171.57132678788417,0.4182255369824731,26.65176722683905,1.4177412196490122,90.34672833850378,31.871082656012568,27.53450327644067,Greece,24.641964933951535,9.122570592863045,5.054060476246479,0.8233897852931684,0.7523996937324583,2.730138890081979,0.32502155154681767,61.4,29.5
1610612748,MIA,East,1641796,Pelle Larsson,G,25.0,26.0,25.60530402652858,0.0,0.3444769619883361,70.0,26.414285714285715,2099.6349301753435,14.723013903844087,858.6931741657859,4.174311217569752,243.45915671756163,4.779061354478131,278.7301153698159,1.2123947226633316,70.71073080178276,0.33145046165313646,19.331249080824126,1.7151399629502515,100.03243823194423,1.3885134357917484,80.98253641128149,3.3905479186863823,197.7475789585344,5.136912110369573,299.601113893686,10.803583582345807,630.0994850156146,3.073744828575685,179.27061134787033,4.036871984802156,235.44326188713544,3.5563169313403433,207.4157569948937,1.3492459049191772,78.69232864900957,4.103232149044658,239.31359852090569,12.231260383738896,12.047904321152366,Sweden,10.471867977631534,3.399147748412389,2.969014106311727,0.8623259853875946,0.2357469400100503,1.219907783316393,0.9596625445001167,47.5,32.9
1610612748,MIA,East,203501,Tim Hardaway Jr.,G-F,34.0,35.0,25.77321333497728,0.0,0.7247686540553825,80.0,26.5875,2113.403493468137,16.754190060992862,983.5656612536516,1.9531938413743557,114.66351910502816,3.4279355787032193,201.23919520597514,0.6706669050112163,39.37193833344911,0.13633986129632514,8.003920532294856,0.8170085519719406,47.9630202203012,0.3009404485446862,17.666905424450224,3.1269951301585333,183.57228978152492,5.50269833974312,323.0394970754008,12.952193239615696,760.3669566855056,2.3897074557275753,140.28933570281976,2.878412947390795,168.97911051832287,1.644266633563462,96.52774576572538,3.376312007449706,198.2085997661841,8.77384886464082,515.0745233803711,10.70896058252256,11.500634077006044,USA,11.994703186020141,2.454136526902136,1.3983355988418067,0.4801455894323062,0.09760878697920557,0.5849148807353806,2.4171780459290746,42.5,38.5
1610612748,MIA,East,1630696,Dru Smith,G,28.0,29.0,15.800785232162848,0.0,0.2784380683517855,70.0,16.3,1295.6643890373537,11.701596474688133,421.14838464273475,4.447900567378114,160.08295475363508,4.87518914693988,175.4613602086499,2.873971851605791,103.43619397837136,0.7277532426352322,26.192332235803644,1.8074648470669281,65.0518843550407,1.7621754840519752,63.421889497800144,3.1130136628879037,112.03947071084973,4.139894536666527,148.9976090424754,9.241005836670157,332.5900605961072,1.8101348005665008,65.14797779031242,2.209511375424159,79.5218112863896,3.541098170926415,127.4465221709629,1.6525779967476777,59.47740168035149,4.217155271182931,151.77827521980245,12.100847809770165,12.169551914622964,USA,5.135955910277253,2.1397726854713404,1.952231155532135,1.261416999736236,0.31941868580248345,0.79331566286635,0.7253341668335548,44.8,39.2
1610612748,MIA,East,1628389,Bam Adebayo,C-F,28.0,29.0,31.405039981565796,0.0,0.7587961020806803,73.0,32.397260273972606,2575.213278488395,20.599849695324192,1473.5835130628884,3.9041875750458517,279.2809912490968,10.62023262689354,759.7045578169982,1.2729034983284777,91.05549975360628,0.7706062363955263,55.124317012547955,2.0168688076466874,144.27409262280017,2.3217006246183813,166.07984103311267,8.298532002275161,593.6247167838857,7.4920491254573935,535.9340108601458,15.980430458368447,1143.1393531208562,4.30752661598722,308.1333260814575,5.5932885628602325,400.10863826374845,2.0271644635829014,145.01057900829144,1.3414285042704637,95.95734712055904,4.091947110111599,292.71212591198906,20.66388171098082,17.72833785707304,USA,17.970530647108394,9.264689729475588,3.405865746940205,1.1104329238244668,0.6722477684457068,1.7594401539365874,1.17021155025072,46.9,32.8
1610612748,MIA,East,1642066,Myron Gardner,F,25.0,26.0,0.0,0.0,0.09812960784313725,45.0,9.133333333333333,0.0,14.991240875912409,0.0,4.046715328467153,0.0,11.22043795620438,0.0,1.8394160583941608,0.0,0.7357664233576643,0.0,1.5635036496350365,0.0,3.586861313868613,0.0,7.633576642335767,0.0,5.426277372262773,0.0,11.31240875912409,0.0,1.7474452554744526,0.0,2.391240875912409,0.0,7.173722627737226,0.0,2.345693430656935,0.0,5.7740145985401465,0.0,14.540583941605833,14.540583941605833,USA,0.0,0.0,0.0,0.0,0.0,0.0,0.0,,
1610612748,MIA,East,1642352,Keshad Johnson,F,25.0,26.0,0.0,0.0,0.08411599128540305,32.0,8.75,0.0,17.674259491030178,0.0,1.2588888284269086,0.0,9.309166349241272,0.0,1.9877314940777273,0.0,1.2588888284269086,0.0,1.6730092869710003,0.0,3.047870526563819,0.0,6.261295822677451,0.0,6.907361103553364,0.0,12.489630153633458,0.0,2.3356020206415455,0.0,3.743564872757546,0.0,3.958888828426909,0.0,1.4949079249336825,0.0,4.5984871876590345,0.0,15.636786834993247,15.636786834993247,USA,0.0,0.0,0.0,0.0,0.0,0.0,0.0,,
1610612748,MIA,East,1642443,Jahmir Young,G,25.0,26.0,0.0,0.0,0.046468235294117644,14.0,4.142857142857143,0.0,15.352737652866976,0.0,6.520414848896213,0.0,3.060287203081993,0.0,0.39984044273222596,0.0,0.0,0.0,1.6864964722477076,0.0,1.2866560295154816,0.0,1.7736311735665116,0.0,5.946305003526379,0.0,12.430886788560795,0.0,1.7736311735665116,0.0,1.7736311735665116,0.0,3.772833387227641,0.0,1.6543727299191797,0.0,4.485418762736053,0.0,12.23088848483657,12.23088848483657,USA,0.0,0.0,0.0,0.0,0.0,0.0,0.0,,
1610612748,MIA,East,203952,Andrew Wiggins,F,31.0,32.0,29.409076086207108,0.0,0.690823546081679,68.0,30.33823529411765,2411.5442390689827,18.23312354715478,1221.3884458437255,2.8450836190627524,190.5845836450087,5.419322681497048,363.0260108950022,1.126084925294399,75.43343373044816,1.0063875310010924,67.41522368490394,1.735278257168569,116.24167456268133,1.850159469790334,123.93726140921677,3.5691632117067145,239.08874948578543,6.660266276668108,446.15352139345555,14.427563131938605,966.4640765175166,2.693149681021424,180.40693328382454,3.503808802046455,234.71083142706448,2.39646934250773,160.53310658416524,2.311918034163683,154.86923934686436,5.91348079157337,396.12834821566247,14.118972296889371,13.967781545587664,Canada,14.894981046874701,4.4271464743292945,2.324202239573277,0.9199199235420507,0.8221368742061456,1.4175813971058697,1.8886492603276142,46.2,39.1
1610612748,MIA,East,1643621,Tre Donaldson,G,,,0.0,0.0,0.0,,,,,,,,,,,,,,,,,,,,,,,,,,,,,,,,,,0.0,,USA,,,,,,,,,
1610612748,MIA,East,1642884,Vladislav Goldin,C,25.0,26.0,0.0,0.0,0.02769098039215686,9.0,2.6666666666666665,0.0,11.025,0.0,4.7250000000000005,0.0,14.175,0.0,0.0,0.0,4.7250000000000005,0.0,4.7250000000000005,0.0,4.7250000000000005,0.0,9.450000000000001,0.0,4.7250000000000005,0.0,6.300000000000001,0.0,1.5750000000000002,0.0,1.5750000000000002,0.0,7.875,0.0,0.0,0.0,0.0,0.0,13.387500000000003,13.387500000000003,Russia,0.0,0.0,0.0,0.0,0.0,0.0,0.0,,
1610612748,MIA,East,1626171,Bobby Portis Jr.,F,31.0,32.0,23.424110695789444,0.0,0.5206930011764155,67.0,24.16417910447761,1920.7770770547345,19.31656674976415,1030.6338505651293,2.3543637069534578,125.61688442682812,10.102197756431995,539.001941067454,0.9631902636153407,51.39093831096259,0.46546855172109036,24.83503678432601,1.4939669584648607,79.71048576934686,2.1930211857756285,117.0084673092561,7.909176570656366,421.99347375819787,7.816980122777957,417.0743397673445,16.130385954050233,860.6354329051486,1.3625186714668296,72.69707308923769,1.7643966357427818,94.1392392435341,2.607121583233561,139.10276039360195,2.416758159105633,128.9459353554194,5.7119778176792035,304.7621126900928,13.096553337090354,15.299462499498876,USA,12.568705494696697,6.573194403261635,1.531913224717416,0.6267187598897876,0.3028663022478782,0.9720790947481325,1.5725114067734074,48.5,42.3
1610612749,MIL,East,1641831,Malique Lewis,F,,,0.0,0.0,0.0,,,,,,,,,,,,,,,,,,,,,,,,,,,,,,,,,,0.0,,Trinidad and Tobago,,,,,,,,,
1610612749,MIL,East,1643417,Nate Ament,F,,,0.0,0.0,0.0,,,,,,,,,,,,,,,,,,,,,,,,,,,,,,,,,,0.0,,USA,,,,,,,,,
1610612749,MIL,East,1643415,Brayden Burries,G,,,0.0,0.0,0.0,,,,,,,,,,,,,,,,,,,,,,,,,,,,,,,,,,0.0,,USA,,,,,,,,,
1610612749,MIL,East,1630579,Jericho Sims,C,27.0,28.0,0.0,0.0,0.29638265366438027,67.0,19.671641791044777,0.0,7.3474469280344366,0.0,2.287953826525285,0.0,10.250837043883912,0.0,0.52977196129323,0.0,0.794954651139885,0.0,1.7886949641383938,0.0,3.9148059596544127,0.0,6.336031084229499,0.0,3.209918112571904,0.0,4.414859895846465,0.0,0.9276107028906299,0.0,1.4765306876519302,0.0,3.6623919751840788,0.0,0.0,0.0,0.0,0.0,8.623605313176949,9.396773890539915,USA,0.0,0.0,0.0,0.0,0.0,0.0,0.0,,
1610612749,MIL,East,1626167,Myles Turner,C-F,30.0,31.0,23.5005753087505,0.0,0.7055201996460501,71.0,26.929577464788732,1927.047175317541,17.35844191730548,929.1815684626979,1.7929719190013833,95.9761519982024,7.43560125157407,398.02095523981626,0.8398420774512237,44.95598064069989,2.2064629212044014,118.10994832638421,1.70323782177207,91.17276759277414,1.4818784377723924,79.32360160203497,5.9537228138016784,318.6973536377813,6.011283467830982,321.7785229643535,12.731188669414891,681.488921217518,2.876008598117141,153.950117921961,3.7877439463884173,202.75447979760872,3.3102709728092408,177.19578688021377,2.5623608161733085,137.1608381375312,6.695212446499018,358.38861758824373,13.733092382373135,13.921961101819624,USA,11.331482542228024,4.853914088290442,1.1704408780268585,0.5482436663499987,1.4403652234924904,1.1118630194240748,1.672693148018673,47.2,38.3
1610612749,MIL,East,1629018,Gary Trent Jr.,G,27.0,28.0,18.487131849135903,0.0,0.5726730021421312,65.0,21.184615384615384,1515.944811629144,15.137224916560939,637.4221548534432,1.9539321423276608,82.27925815102877,2.5218413111650766,106.19367365035377,1.13634441316895,47.85098381575649,0.09769056512454184,4.113708481824117,0.943260581212608,39.72030511398733,0.30978468531883463,13.044902400868178,2.212056625846242,93.14877124948558,5.309430900191453,223.57789516246353,12.97881895051496,546.5325902529768,1.2385985259143157,52.15686136253647,1.5539088256379985,65.43444505474055,2.1687232546693593,91.32402127154127,3.312562236166353,139.49059819763937,8.65794364357761,364.582354051639,4.144220160493322,9.691896584169777,USA,7.773440912846868,1.2950448006140705,1.003405587207668,0.5835485831189816,0.05016717660761119,0.4843939648047235,1.701104856068773,40.9,38.3
1610612749,MIL,East,1629645,Kevin Porter Jr.,G-F,26.0,27.0,28.958792225937856,0.0,0.3934680030959752,38.0,33.18421052631579,2374.6209625269043,19.067062128407404,1257.6957062199742,7.053914721152432,465.2881601312691,5.981418664625754,394.54450407416664,2.0662366695202206,136.29246969401365,0.42498183798225214,28.0325216990519,3.2309611971729897,213.11967188661123,1.0606933306500541,69.96512827150276,4.9207253339756996,324.57937580266383,6.940340041997995,457.7965819664804,15.241295647276301,1005.3416705581213,3.632140299233645,239.5821248166377,4.392730113009355,289.75191691875534,2.6812829267681755,176.86196234358889,1.6008689975331016,105.59602999448705,4.832157699094503,318.737304625155,13.881624688962107,16.086748091284896,USA,15.337752514877735,4.811518342367886,5.674245855259379,1.662103288951386,0.34186002072014515,2.5990203888611125,1.287756463347403,45.5,33.1
1610612749,MIL,East,1642880,Kam Jones,G,24.0,25.0,0.0,0.0,0.1775431478537361,37.0,16.64864864864865,0.0,9.940909090909091,0.0,7.302272727272727,0.0,3.681818181818182,0.0,1.1045454545454547,0.0,0.0,0.0,2.2090909090909094,0.0,0.9204545454545455,0.0,2.7613636363636362,0.0,4.172727272727273,0.0,10.370454545454546,0.0,0.24545454545454548,0.0,0.49090909090909096,0.0,2.393181818181818,0.0,1.3242857142857143,0.0,4.5146103896103895,0.0,0.6035358951472016,8.775,USA,0.0,0.0,0.0,0.0,0.0,0.0,0.0,,
1610612749,MIL,East,1627747,Caris LeVert,G,31.0,32.0,0.0,0.0,0.47975162831909357,60.0,19.233333333333334,0.0,15.058644867635614,0.0,4.9921867643594915,0.0,4.062736630494854,0.0,1.3998616025957835,0.0,0.9454204419663533,0.0,2.1274892026908696,0.0,0.7505770109590602,0.0,3.312159619535794,0.0,5.485310564210986,0.0,12.642822806303881,0.0,2.1147969255291,0.0,2.9790472976041444,0.0,2.429095800226058,0.0,2.055444597588067,0.0,5.956765456176898,0.0,14.203892140200292,12.033203897851935,USA,0.0,0.0,0.0,0.0,0.0,0.0,0.0,,
1610612749,MIL,East,1642276,Kel'el Ware,C,22.0,23.0,19.312025234702702,0.0,0.40930139247142705,77.0,22.12987012987013,1583.5860692456215,17.357596187704896,763.5346532900106,1.3523031022327927,59.485787613708,14.032067590257492,617.2496321845762,1.1807152021786815,51.93789294213021,1.836971760661251,80.80563582724331,1.4021711344840213,61.6794076463118,4.066082047565506,178.86085797040133,9.965985542691987,438.3887742141749,7.182582671691071,315.9510516693049,13.340598868390645,586.8329589827035,1.4114658774676223,62.08826946592428,1.9568639191308599,86.079512270695,2.707356317015686,119.09254855861592,1.6116633157261087,70.89465486383537,4.311419891500472,189.65290219023933,18.70057653283627,17.438197872860243,USA,9.311398210853788,7.527434538836295,0.7254364343135121,0.6333889383186612,0.9854345832590647,0.7521878981257537,0.8645689617540899,53.8,37.4
1610612749,MIL,East,1629639,Tyler Herro,G,26.0,27.0,27.317146805973245,0.0,0.4771777377024311,33.0,31.303030303030305,2240.006038089806,23.579589748244008,1467.1784281040852,5.021307352946968,312.4377441584986,5.467265568474699,340.1863301451062,0.829092691057831,51.58812872515743,0.29116793694898635,18.117164912885592,2.3793796773869453,148.0506901181926,0.4796248876814448,29.84340678957171,4.9876406807932545,310.34292335553454,8.543328296290746,531.5863046965213,18.195663039645453,1132.177640995926,3.3566544633260134,208.85906293420467,3.7558083265487294,233.69537026047567,1.730699858433118,107.6882814725377,3.2303670531065976,201.00115845014312,8.483668963586297,527.874158433011,15.802268585107385,17.408490792559196,USA,17.89241985492787,4.148613782257392,3.8102163921768124,0.6291235210385052,0.22094103552299502,1.805496220953568,2.4512336396358916,47.0,38.1
1610612749,MIL,East,1631157,Ryan Rollins,G,23.0,24.0,28.0079194803662,0.0,0.3615061093211126,74.0,32.0945945945946,2296.6493973900283,19.234667038298934,1227.091290625197,6.069504001525078,387.2089640988593,5.4351274846634405,346.7383961775075,2.4144332245675337,154.03073917337468,0.7716668248371245,49.22911522911273,3.0968518526344804,197.566192809977,0.9147003983848638,58.354058853972674,4.520427086278577,288.38433732353485,7.0360702333955185,448.87184615338145,14.532999249551722,927.1445546875748,2.730919702812138,174.22125249400142,3.490704995577824,222.69237568222698,3.5355021792390064,225.550248595011,2.385290547387264,152.17155828491917,5.548386227055483,353.9638301348363,16.864789866950836,16.260700023308633,USA,14.96452793445362,4.22851702655497,4.722060537790967,1.8784236484557888,0.6003550637696674,2.409343814755817,1.8557507107916973,48.4,43.0
1610612749,MIL,East,1628398,Kyle Kuzma,F,30.0,31.0,22.841131295402352,0.0,0.6752085973634866,69.0,26.17391304347826,1872.972766222993,18.415446322154715,958.1008177565877,3.4587208898908566,179.94694535367026,6.384624823057292,332.17301155937787,0.7438184650348117,38.69865911177755,0.5151472445305981,26.801576655572973,2.5032019375112466,130.23414048097763,1.0217122620779462,53.15664560522451,5.362912560979345,279.01636595415334,7.057298104562518,367.17019869340953,15.105443501637861,785.8912305635499,2.5365954662915375,131.97150631357675,3.58889372694722,186.71945031779669,2.379319783125192,123.78892099803006,1.8377652570188983,95.61345214186655,5.550165553345827,288.7585813734917,10.154481590721531,12.638304468687819,USA,11.684156314104728,4.050890384870462,2.194474943337442,0.4719348672167994,0.3268484957996704,1.5882212253777759,1.166017709047153,46.7,33.1
1610612749,MIL,East,1631260,AJ Green,G,26.0,27.0,25.39687079250696,0.0,0.455891363791174,78.0,29.102564102564102,2082.5434049855708,12.87194721586852,744.6219106591491,2.2621641376770674,130.86263905317352,3.5749349322942656,206.80436573616558,0.6580318910351879,38.066110415153176,0.15572979445237137,9.008723788792903,0.994392583113135,57.5240476646896,0.45163824498112504,26.126562459019432,3.123296687313141,180.67780327714615,4.230421143948145,244.7232126011312,9.945437442470645,575.3279209864945,0.7582488128983552,43.86350179554466,0.8853537274910126,51.21632128516112,3.022037266598802,174.82010497710988,3.7624417985260896,217.65134317118216,8.984975142705153,519.7666868722196,8.356369848079636,8.951953429335134,USA,9.080755008038404,2.522004460197141,1.5958858421118722,0.4642208587213802,0.10986248522918174,0.7015127763986536,2.6542846728192946,42.5,41.9
1610612749,MIL,East,1631172,Ousmane Dieng,F,23.0,24.0,0.0,0.0,0.18091244275234988,57.0,19.280701754385966,0.0,14.13026649541607,0.0,3.957466610360999,0.0,6.438492529246756,0.0,1.079626038835086,0.0,0.5929413443721275,0.0,2.1801849431874754,0.0,1.2170699809819836,0.0,5.221422548264771,0.0,5.411047678476103,0.0,12.732384095486204,0.0,1.1460245559501259,0.0,1.5522352749544865,0.0,2.7270662069314997,0.0,2.120962838084905,0.0,6.4924532389388405,0.0,8.245970239866644,10.631808344719442,France,0.0,0.0,0.0,0.0,0.0,0.0,0.0,,
1610612749,MIL,East,1642881,Bogoljub Marković,F,,,0.0,0.0,0.0,,,,,,,,,,,,,,,,,,,,,,,,,,,,,,,,,,0.0,,Serbia,,,,,,,,,
1610612749,MIL,East,1631170,Jaime Jaquez Jr.,G,25.0,26.0,24.6790455810324,0.0,0.5184720652030165,75.0,28.28,2023.681737644657,18.13879190895061,1019.6428313633336,5.20382629487916,292.52467330061154,6.786256570526914,381.47843024295486,1.2420381748322524,69.81916588515364,0.37494363692831006,21.07684974160805,2.5634888609497115,144.1023775710954,1.852767838689171,104.15034553473993,4.933488731837743,277.328084708215,7.103690573848965,399.3224690049068,14.45479058668773,812.5526592154961,2.875972686708133,161.6681501126691,3.7318029485302655,209.77726320636617,2.4852481637814323,139.70420340442783,1.0353344921722667,58.199652893406146,3.275082780299711,184.10347810463927,15.409519729153928,14.886155730348872,USA,12.434668675162605,4.65217597857262,3.567374064641604,0.8514532425018736,0.2570347529464396,1.7573460679401878,0.7097518645537335,49.1,31.6
1610612749,MIL,East,1642857,Kasparas Jakučionis,G,20.0,21.0,0.0,0.0,0.1929960599334073,53.0,17.830188679245282,0.0,13.244952380952384,0.0,5.532190476190476,0.0,5.572571428571429,0.0,1.3325714285714285,0.0,0.2826666666666667,0.0,2.019047619047619,0.0,1.7363809523809524,0.0,3.836190476190476,0.0,4.118857142857143,0.0,9.610666666666667,0.0,2.3420952380952382,0.0,2.665142857142857,0.0,3.9977142857142858,0.0,2.64,0.0,6.24,0.0,12.840277323718635,12.186971428571432,Lithuania,0.0,0.0,0.0,0.0,0.0,0.0,0.0,,
1610612749,MIL,East,1630828,Alex Antetokounmpo,F,24.0,25.0,0.0,0.0,0.03623941176470588,6.0,3.5,0.0,34.2,0.0,1.8,0.0,10.799999999999999,0.0,0.0,0.0,1.8,0.0,1.8,0.0,3.6,0.0,7.2,0.0,5.3999999999999995,0.0,14.4,0.0,19.8,0.0,27.000000000000004,0.0,1.8,0.0,3.531428571428571,0.0,12.36,0.0,28.080000000000002,28.080000000000002,Greece,0.0,0.0,0.0,0.0,0.0,0.0,0.0,,
1610612749,MIL,East,1642504,Cormac Ryan,G,27.0,28.0,21.499361426191914,0.0,0.2563196256684492,11.0,24.636363636363637,1762.947636947737,20.85608856088561,1021.3386678996116,2.523985239852398,123.60149484135424,3.719557195571956,182.14957134515365,1.4612546125461254,71.55876017131035,0.3985239852398524,19.51602550126646,2.2583025830258303,110.59081117384328,1.062730627306273,52.0427346700439,2.6568265682656826,130.10683667510975,7.040590405904059,344.7831171890408,13.549815498154981,663.5448670430598,3.188191881918819,156.12820401013167,3.4538745387453877,169.13888767764269,3.5867158671586714,175.64422951139815,3.622583025830258,177.40067180651212,7.916014760147601,387.65331987348947,15.436162361623616,15.436162361623616,USA,12.455349608531849,2.221336235916508,1.5073353029433443,0.8726678069671995,0.23800031099105437,1.3486684289493083,2.1634228269086844,52.0,45.8
1610612749,MIL,East,1631250,Pete Nance,F,26.0,27.0,0.0,0.0,0.13744525512660052,47.0,15.680851063829786,0.0,9.98577808877376,0.0,1.9676309897277469,0.0,5.498452877553291,0.0,0.7606344951537755,0.0,0.4995673609456869,0.0,1.2120013274630363,0.0,1.0561162878185126,0.0,4.442336589734778,0.0,3.8062391894643235,0.0,8.83647265083313,0.0,0.1774828875182042,0.0,0.949400836407225,0.0,3.394741770316371,0.0,2.2616913269967167,0.0,5.227211389382808,0.0,4.8403693079968795,7.0037334128496775,USA,0.0,0.0,0.0,0.0,0.0,0.0,0.0,,
1610612749,MIL,East,203648,Thanasis Antetokounmpo,F,33.0,34.0,0.0,0.0,0.0640636911838642,34.0,4.352941176470588,0.0,9.453350023989417,0.0,3.4521511340756366,0.0,5.893302193793971,0.0,2.1139383883923286,0.0,1.0836982306136698,0.0,2.5558496458525113,0.0,2.3972710887324906,0.0,3.49603110506148,0.0,3.548577367250149,0.0,7.390583771822195,0.0,2.3561952894891194,0.0,4.385109167848788,0.0,4.52941309028104,0.0,0.0,0.0,0.8094608814635395,0.0,11.374689829758376,8.536123934611174,Greece,0.0,0.0,0.0,0.0,0.0,0.0,0.0,,
1610612750,MIN,West,1628978,Donte DiVincenzo,G,29.0,30.0,29.360036973565055,0.0,0.6361849233702492,82.0,30.414634146341463,2407.5230318323347,15.282705121913223,1022.0406824918908,4.264224417329699,285.17273604508523,4.673792756777064,312.5628807764423,1.5061081359444277,100.72194515878542,0.4493848785379889,30.052901256594016,1.7929305224828385,119.90337575979487,0.8527499708561748,57.02819986751647,3.8210427859208904,255.5346809089259,5.265812961286444,352.15461071162065,12.553934874056235,839.5524263725986,1.1076093164790064,74.07208165820215,1.4661313706294175,98.04847340228422,2.585346680631339,172.896713302534,3.8332339392603556,256.3499720880749,9.841218115645924,658.1377576306437,13.691971957713523,12.179670336620298,USA,12.46391076209623,3.8117424484931988,3.4777162932327466,1.228316404375432,0.36649879581212214,1.4622362897535959,3.1262191718057912,41.9,39.0
1610612750,MIN,West,1630163,LaMelo Ball,G,24.0,25.0,27.04253516888209,0.0,0.4882825105928985,72.0,28.01388888888889,2217.4878838483314,28.079394689367696,1729.6032641518902,9.285789418992842,571.975709127324,6.1958942232977225,381.64778804912686,1.642372480175981,101.16502987656033,0.30031164332570337,18.498261957036913,4.03545559562112,248.57149691938292,1.2698002618862148,78.21574154555887,4.9260939614115085,303.4320465035681,9.753074679780601,600.7590259078174,23.735701951527094,1462.0453192262923,3.932189215762267,242.21060952644166,4.525392761807029,278.750100526723,3.8510274055505587,237.2112947826733,4.55265504520529,280.429372280103,12.766956197695805,786.4047411670225,17.82338457016855,20.271816814494493,USA,21.092722733559636,4.6542413176722786,6.975313525942975,1.2337198765434185,0.22558856045166967,3.03135971852906,3.4198703936597927,41.1,35.7
1610612750,MIN,West,1630183,Jaden McDaniels,F,25.0,26.0,30.625958968503515,0.0,0.6641486516700963,73.0,31.726027397260275,2511.3286354172883,15.885286689089083,1108.1437595589584,2.6902132135506998,187.6669299602177,5.396359404417709,376.4453305365993,1.368177313457024,95.44285737813667,1.0681153542991437,74.51079653278671,1.7877775042721955,124.71380111760051,1.3886981827423643,96.8743753409125,4.007661221675345,279.5709551956869,6.226218555383374,434.3355819027981,12.471137736036603,869.9757031317182,1.8515901825456418,129.16531795789984,2.270339683220901,158.37691829435732,3.7461377662049364,261.32730679135034,1.5511401691904718,108.2061867898347,4.190242133690931,292.30764054639087,14.639445410263065,12.36563969036671,USA,13.513948287304371,4.590796713860967,2.2886210970758256,1.1639372850992276,0.908668250399838,1.5209000136292745,1.319587643778472,49.9,37.0
1610612750,MIN,West,1630545,Terrence Shannon Jr,G-F,25.0,26.0,0.0,0.0,0.14230615494978477,43.0,12.511627906976743,0.0,16.33554961033977,0.0,3.017052714793757,0.0,4.137640124789073,0.0,0.9051426717817533,0.0,0.258581202694998,0.0,1.6809585880995874,0.0,0.8620062073003173,0.0,3.2756339174887543,0.0,5.689354595405129,0.0,12.283882851834658,0.0,3.1465240867233555,0.0,3.9223813220313843,0.0,3.3188426902030304,0.0,1.7758341169431777,0.0,4.524118664026512,0.0,5.932501723441482,11.47791582829428,USA,0.0,0.0,0.0,0.0,0.0,0.0,0.0,,
1610612750,MIN,West,1630162,Anthony Edwards,G,24.0,25.0,33.81805986186979,0.0,0.7177639828220179,61.0,35.032786885245905,2773.080908673323,29.717208032911373,2289.1172848650012,4.523582175762218,348.45164917836496,5.626038196136817,433.3738642548308,1.366613175948885,105.27024743792416,0.7485562293710235,57.661305242702056,3.181427774892479,245.0654618021495,0.7027443570620779,54.132415562409925,4.923293839074739,379.24144869242076,10.122700620100389,779.7518842726665,21.50268796965123,1656.3525970499825,5.865557452917388,451.8240386503259,7.195516761242214,554.2708377399913,2.0203827237332144,155.6301322054996,3.5375588761781014,272.4982495232597,9.05029479670529,697.1444366280264,23.638541497467372,21.218861375688,USA,27.916064449573184,5.285047125058912,4.249410355833719,1.2837835053405384,0.7031866493012446,2.9886031927091405,3.323149384429996,47.1,39.1
1610612750,MIN,West,1641740,Jaylen Clark,G,24.0,25.0,12.606021818641876,0.0,0.23239607316331967,68.0,13.058823529411764,1033.6937891286339,11.743712353862284,337.2056255972403,1.8506393058455497,53.1387321213853,4.617199645093012,132.57696100832166,2.2349728966601528,64.17437783745645,0.2910154958244597,8.356136404831496,0.8245578235905205,23.67611947285958,2.137912056367127,61.38740039916458,2.479287588725886,71.18956060915708,4.152731080375666,119.24034238071577,9.312829916491946,267.4059567746961,1.9607162421713564,56.29945004933793,2.7852740657618775,79.97556952219753,3.9792780114827786,114.25986015794135,1.4493904471121746,41.61738620006191,3.9875980156571837,114.49875839795821,13.216092717955762,10.114187660752265,USA,4.1122637267956135,1.6167922074185568,0.6480333185534793,0.7826143638714201,0.10190410249794507,0.2887331643031656,0.507529100000755,44.6,36.3
1610612750,MIN,West,1630538,Bones Hyland,G,25.0,26.0,16.002657693770164,0.0,0.2778410811124453,71.0,16.577464788732396,1312.2179308891534,20.4038791550369,743.7315579704125,5.826643451835001,212.38405595543776,3.9951416569657336,145.6249032975733,1.9383961476331681,70.65550505807505,0.5208271497736072,18.984409022967167,2.941189827121137,107.20783414714236,0.6787633184401495,24.74126103574968,3.3163783385255847,120.88364226182364,6.9991259056981,255.12162538910647,16.656482599514995,607.1370870174098,2.3914450648794854,87.1693637464232,2.8926656199709613,105.43910262756903,4.026031953597449,146.75086999564613,3.937721663927662,143.53191595157085,10.416763268758503,379.6962095303449,13.250332224932341,14.643574260283911,USA,9.069897048419664,1.7759134548484548,2.590049462871192,0.8616525007082323,0.23151718320691667,1.3074126115505167,1.7503892189215957,42.0,37.8
1610612750,MIN,West,1630182,Josh Green,G,25.0,26.0,15.112344889139173,0.0,0.2876731871215634,58.0,15.655172413793103,1239.2122809094121,10.569572935807129,363.8317940561095,2.276742545484996,78.37131452316564,4.070245402261889,140.10828024438896,1.4105142887078335,48.553517471248654,0.26084068291932433,8.978804934289574,1.4495539451941344,49.89736252014612,1.4694747591861863,50.58308800194231,2.6007706430757023,89.52519224244666,3.705186305375504,127.542010352186,8.1767459515937,281.4645555858675,1.0102042509188789,34.77381983237689,1.303468881401306,44.86874015599312,2.867510449984484,98.70706014602355,2.1080628155822447,72.56492583327753,5.196460739172706,178.87549903462275,10.639890943903811,8.60974738740474,Australia,4.436973098245238,1.708637563955963,0.9557477380873858,0.5921160667225446,0.10949762114987285,0.6085044209773917,0.8849381199180186,45.3,40.6
1610612750,MIN,West,1630245,Ayo Dosunmu,G,26.0,27.0,26.315626040913386,0.0,0.48233219397604277,69.0,27.26086956521739,2157.8813353548976,17.138117545695618,1027.2784437493017,4.791983115188203,287.23697010001223,4.218560010144264,252.8653307768021,1.1095228171969627,66.5060716216586,0.4291702943448954,25.724960218211592,1.7885763774657604,107.20932171639001,0.8245845617473996,49.42654542268088,3.3939754483968643,203.43878535412117,6.566015269938295,393.57449440708604,12.94896134061641,776.1756108096746,1.9677564795736797,117.9495827721029,2.3379140352858925,140.13725167799106,2.599351761546503,155.80812917397427,2.0994804420327076,125.8452683279175,5.25412528077616,314.9383021389774,12.478215163718772,14.08360264248257,USA,12.527785899381728,3.0837235460585624,3.5028898792684418,0.8110496539226659,0.3137190270513609,1.3074307526389026,1.5346983942428962,50.7,40.0
1610612750,MIN,West,1643626,Trey Kaufman-Renn,F,,,0.0,0.0,0.0,,,,,,,,,,,,,,,,,,,,,,,,,,,,,,,,,,0.0,,USA,,,,,,,,,
1610612750,MIN,West,1642389,Zyon Pullin,G,25.0,26.0,0.0,0.0,0.06291098039215685,5.0,8.6,0.0,12.404352339646264,0.0,4.853877002470278,0.0,1.617959000823426,0.0,0.539319666941142,0.0,0.0,0.0,1.617959000823426,0.0,0.539319666941142,0.0,1.078639333882284,0.0,4.853877002470278,0.0,11.880907110745142,0.0,2.157278667764568,0.0,2.157278667764568,0.0,3.235918001646852,0.0,0.5290469113803583,0.0,1.587140734141075,0.0,7.755091097324431,7.755091097324431,USA,0.0,0.0,0.0,0.0,0.0,0.0,0.0,,
1610612750,MIN,West,1642866,Joan Beringer,F,19.0,20.0,0.0,0.0,0.08046150326797384,40.0,7.85,0.0,18.95847133757962,0.0,1.458343949044586,0.0,11.180636942675159,0.0,0.8507006369426752,0.0,3.1597452229299363,0.0,1.3368152866242038,0.0,5.468789808917198,0.0,5.711847133757963,0.0,7.899363057324842,0.0,11.909808917197452,0.0,3.1597452229299363,0.0,4.496560509554141,0.0,5.711847133757963,0.0,0.0,0.0,0.0,0.0,19.25014012738854,19.25014012738854,France,0.0,0.0,0.0,0.0,0.0,0.0,0.0,,
1610612750,MIN,West,1642402,Enrique Freeman,F,25.0,26.0,0.0,0.0,0.09389122994652406,4.0,9.25,0.0,11.860948997563593,0.0,1.9799808309206515,0.0,8.689192470498488,0.0,1.4956961572787435,0.0,2.1224730675076384,0.0,1.7378384940996976,0.0,2.1414090554679546,0.0,6.547783415030534,0.0,3.7985334372940005,0.0,8.000637435956259,0.0,2.929614190244152,0.0,4.040675774114955,0.0,4.828880908891152,0.0,1.3088533054413183,0.0,3.251120215773005,0.0,11.496835925622607,11.496835925622607,USA,0.0,0.0,0.0,0.0,0.0,0.0,0.0,,
1610612750,MIN,West,203497,Rudy Gobert,C,34.0,35.0,30.229945636690985,0.0,0.8315759485236589,76.0,31.31578947368421,2478.8555422086606,12.800572949848327,881.4103111160498,1.7819235210965354,122.69808322394772,12.534025728131754,863.0566428434817,0.8156900678958172,56.16605126466959,1.8067689981448585,124.40887068172698,1.490646909310885,102.64162090615272,4.1416716226548065,285.1834904396168,8.392354105476947,577.8731524038649,5.071530996252898,349.21090882068074,7.530017283630752,518.4951410126415,2.65751095734253,182.98849347468817,4.478345038881665,308.3658449876243,2.9102753856813557,200.39311858749102,0.0,0.0,0.04456070456050057,3.0683208184588766,20.039041321066072,14.919733752475123,France,10.74890623312256,10.525081010286362,1.4963180880969233,0.6849518446910926,1.5171813497771582,1.2517270842213746,0.0,67.4,0.0
1610612750,MIN,West,1642912,Isaiah Evans,F,,,0.0,0.0,0.0,,,,,,,,,,,,,,,,,,,,,,,,,,,,,,,,,,0.0,,USA,,,,,,,,,
1610612750,MIN,West,1626168,Trey Lyles,F,29.0,31.0,18.886812948023962,0.0,0.40753172432025314,69.0,19.565217391304348,1548.718661737965,12.127508588243222,521.7249686388811,1.979274828457677,85.14832954279484,7.683077456034131,330.5257065482864,0.7891846888409833,33.95069597683055,0.6095744376676536,26.223869648175583,1.1446896032139533,49.24450417763544,1.8674872346398605,80.33923141233826,5.815590221394272,250.18647513594814,4.151286247692287,178.58818005603382,9.518897924147756,409.5026348418446,1.6415275987215079,70.6184562749419,2.2393619870179418,96.33726943559158,2.313940381414735,99.54562919016847,2.392841340145956,102.93994550172567,6.670134874479769,286.9489543448899,10.470334181816767,10.468692335113186,Canada,6.362499617547331,4.0308012993693465,1.0383942627170102,0.41403287776622627,0.31980328839238514,0.6005427338736029,1.2553651890454351,43.6,35.9
1610612750,MIN,West,1642911,Rocco Zikarsky,C,19.0,20.0,0.0,0.0,0.07447764705882352,5.0,7.2,0.0,14.84,0.0,2.12,0.0,14.84,0.0,0.0,0.0,5.300000000000001,0.0,1.06,0.0,2.12,0.0,12.72,0.0,5.300000000000001,0.0,8.48,0.0,4.24,0.0,4.24,0.0,3.18,0.0,0.0,0.0,0.0,0.0,19.186000000000003,19.186000000000003,Australia,0.0,0.0,0.0,0.0,0.0,0.0,0.0,,
1610612751,BKN,East,1631169,Josh Minott,F,23.0,24.0,0.0,0.0,0.13513568940453763,49.0,17.020408163265305,0.0,17.272013601408194,0.0,2.44553942017031,0.0,6.916557316372374,0.0,2.02911398193963,0.0,1.4541681438439877,0.0,1.5924826806031016,0.0,1.9095260370456006,0.0,5.007031279326774,0.0,6.073266305001203,0.0,12.394333438458911,0.0,2.773025468235194,0.0,3.3115335677401876,0.0,3.89306834080009,0.0,2.30764684653877,0.0,5.949621185583445,0.0,15.692736241389097,15.257860346241895,USA,0.0,0.0,0.0,0.0,0.0,0.0,0.0,,
1610612751,BKN,East,1643414,Mikel Brown Jr.,G,,,0.0,0.0,0.0,,,,,,,,,,,,,,,,,,,,,,,,,,,,,,,,,,0.0,,USA,,,,,,,,,
1610612751,BKN,East,1642874,Danny Wolf,F,22.0,23.0,20.214312556064137,0.0,0.22624048503611968,57.0,20.82456140350877,1657.5736295972592,15.869115417017692,730.6729788967733,3.967278854254423,182.66824472419333,8.777994945240103,404.17147061022314,0.9371524852569504,43.14997906870709,0.9996293176074137,46.026644339954224,2.280404380791912,104.99828240052057,1.7805897219882056,81.98496023054346,6.997405223251897,322.18651037967965,5.560438079191239,256.0232091409954,13.74490311710194,632.8663596743708,2.624026958719461,120.81994139237985,3.404987363100253,156.7782572829691,3.9360404380791914,181.22991208856976,2.165459140690817,99.70577687720665,6.7192923336141535,309.38116060427365,9.673632222021673,12.064276326874472,USA,8.910646084106991,4.928920373295404,2.227661521026748,0.5262192569354524,0.5613005407311491,1.2804668585429337,1.2159241082586176,40.5,32.2
1610612751,BKN,East,1642962,Drake Powell,G-F,20.0,21.0,20.338386444661957,0.0,0.22888627450980392,63.0,20.952380952380953,1667.7476884622804,11.79490909090909,546.4147881107325,2.630727272727273,121.87192577959969,3.208909090909091,148.65696441247871,1.0407272727272727,48.213069539182285,0.40472727272727277,18.749527043015334,1.7345454545454548,80.35511589863715,0.607090909090909,28.124290564522997,2.6018181818181816,120.5326738479557,4.162909090909091,192.85227815672914,10.349454545454547,479.452191528535,1.9947272727272727,92.40838328343271,2.2260000000000004,103.12239873658436,2.572909090909091,119.19342191631178,1.4604545454545454,67.65749145239023,5.211818181818182,241.44438126147105,0.7608068042381095,7.7302909090909075,USA,6.663594976960153,1.812889809908277,1.4862429973121913,0.5879642626729547,0.22865276881726018,0.9799404377882579,0.8250913591754906,40.2,28.0
1610612751,BKN,East,1642856,Egor Dëmin,G,20.0,21.0,24.4167307194919,0.0,0.2720166515837104,52.0,25.153846153846153,2002.1719189983357,15.637431192660552,869.6896005337114,5.047155963302752,280.70205390360456,4.8137614678899086,267.721612104594,1.2253211009174314,68.14731944480576,0.49596330275229356,27.583438822897563,2.5089908256880737,139.53974933936416,0.6126605504587157,34.07365972240288,4.2011009174311935,233.64795238219114,5.222201834862386,290.4373852528626,13.099266055045872,728.5272959694709,1.5754128440366972,87.61798214332167,1.8963302752293578,105.46608961696126,2.7132110091743122,150.89763591349845,3.5834862385321102,199.29876441405455,9.305504587155964,517.5338882364964,6.833286629092161,11.628880733944959,Russia,10.605970738215992,3.2648977085926094,3.423195779312251,0.831064871278119,0.3363834002792386,1.7017042602361483,2.4304727367567627,39.9,38.5
1610612751,BKN,East,1643538,Joshua Jefferson,F,,,0.0,0.0,0.0,,,,,,,,,,,,,,,,,,,,,,,,,,,,,,,,,,0.0,,USA,,,,,,,,,
1610612751,BKN,East,1642849,Nolan Traore,G,20.0,21.0,21.545978139813762,0.0,0.24092264705882352,56.0,22.196428571428573,1766.7702074647284,15.31925985518906,751.8225531266239,6.539082864038616,320.9182441201821,3.0392920353982302,149.15918388684523,1.3814963797264683,67.7996290394751,0.7060981496379727,34.65314373128727,3.960289621882542,194.3589365798286,0.42979887369267905,21.093217923392256,2.6094931617055512,128.06596596345298,5.587385358004828,274.21183300409933,14.705261464199518,721.689384664635,2.2717940466613036,111.49272330935905,2.8857924376508453,141.625891771348,3.653290426387772,179.29235234883416,1.8550281576830252,91.03912452784864,5.838777152051488,286.5493755630646,2.972861969161685,9.130156074014483,France,9.16856772105639,1.819014437644454,3.913637123416855,0.8268247443838426,0.42259931379618626,2.370230933900349,1.1102332259493737,38.0,31.8
1610612751,BKN,East,1631165,Keon Ellis,G,26.0,27.0,19.939707846741026,0.0,0.4023395665634675,72.0,20.541666666666668,1635.0560434327642,11.822010825056582,536.9347290287867,2.1659563197486458,98.37388806712255,3.7317957730298565,169.49153420970308,2.059003213373261,93.5162679853731,1.123103903161579,51.009384007424046,1.166608952898609,52.985306076656656,1.031396813938859,46.84421093911193,2.7003989590909976,122.64732327059114,4.103874824987421,186.3907037246461,8.947221939832662,406.36692512937816,1.218990738394219,55.364393713889875,1.5866412246328245,72.06242564154061,3.4266025825738424,155.63020169665774,2.4671285497881463,112.05259570157278,6.2498144730852285,283.85547012643224,9.882875304486564,10.409638043640015,USA,6.547984500351057,2.066969929386623,1.1996815617941774,1.14044229250455,0.6220656586271225,0.6461622692275202,1.3664950695313753,45.9,39.5
1610612751,BKN,East,1629611,Terance Mann,G-F,29.0,30.0,23.558630965066765,0.0,0.3557859103951143,63.0,24.26984126984127,1931.8077391354748,11.378904962886029,610.6071297275082,3.4680096079097362,186.0979944432281,4.65980574505177,250.0513555877488,0.9696291334068126,52.03158511129179,0.3354231573430685,17.999251423349882,1.3222535782658518,70.95388043315408,1.6115330639007714,86.47700124211705,3.0482726811509973,163.57435434563166,4.3485216597560274,233.34743878097038,9.02250493603347,484.15957949493003,1.3450357393860797,72.1764014099954,1.7519559020349198,94.01227694930917,3.224800181768683,173.04705411961743,1.4064522531539332,75.47209298242484,3.8850178721339765,208.47521089077918,6.66548561613347,9.702205473691766,USA,7.446428411311076,3.049406775460351,2.2694877371125375,0.6345315257474609,0.2195030661384132,0.865291224794562,0.9203913778344492,48.2,36.2
1610612751,BKN,East,1629008,Michael Porter Jr.,F,28.0,29.0,31.528943566683346,0.0,0.476885019844166,52.0,32.48076923076923,2585.373372468034,22.6539642683416,1626.915444450352,2.668201993474306,191.6193996192944,7.626183842739366,547.6814622378973,0.8959272609633196,64.34184678229961,0.43964108412799957,31.57323200965303,1.954812924700761,140.3867023243808,1.588225415654275,114.05988053082052,6.0379584270850915,433.6215817070769,8.256386224842322,592.9400305144227,17.298601963809702,1242.3151360599124,2.9022525712786478,208.42795883224173,3.4737180632149927,249.46828289159095,2.2695204822473793,162.98771730758853,3.321145827261006,238.51116633010906,8.820258204388322,633.4350194421745,14.551381006792255,16.750852803605937,USA,19.840432249394535,6.679042222413382,2.336821946576761,0.7846566680768245,0.3850394147518662,1.7120329551753755,2.9086727601232814,47.7,37.7
1610612751,BKN,East,1630549,Day'Ron Sharpe,C,24.0,25.0,0.0,0.0,0.22513333872523097,62.0,18.70967741935484,0.0,17.159385549839236,0.0,4.193079416568466,0.0,14.040714972197897,0.0,1.8011546640751432,0.0,1.3156495369469794,0.0,3.0828163996682156,0.0,5.973139145452561,0.0,8.067575826745335,0.0,6.927982516719076,0.0,12.192468505118294,0.0,2.9840902154621323,0.0,4.390786230959907,0.0,4.879870796059795,0.0,0.31324781901630766,0.0,1.3051289459075541,0.0,17.902182539241466,18.057142560029167,USA,0.0,0.0,0.0,0.0,0.0,0.0,0.0,,
1610612751,BKN,East,1629021,Moritz Wagner,F-C,29.0,30.0,0.0,0.0,0.21505860859044162,36.0,11.86111111111111,0.0,21.366048997722967,0.0,2.3372025518982555,0.0,9.070486947081163,0.0,1.2425975877947584,0.0,0.408840283056523,0.0,2.1558394910794965,0.0,2.39953824242392,0.0,6.670948704657243,0.0,7.5685305133999305,0.0,15.169096063800325,0.0,4.654504344097408,0.0,5.945772798063644,0.0,4.128783373557873,0.0,1.6564879823895367,0.0,5.022321528522748,0.0,15.343166433464244,16.297022689690593,Germany,0.0,0.0,0.0,0.0,0.0,0.0,0.0,,
1610612751,BKN,East,1641730,Noah Clowney,F-C,21.0,22.0,26.179369328562807,0.0,0.36871457185964446,66.0,26.96969696969697,2146.70828494215,15.570019017194552,928.4524672477326,1.905638630546727,113.63472878612421,6.397230843244798,381.4719014411407,0.936326876177456,55.83390729178187,1.0087347870983798,60.15164791037355,1.8514664164880263,110.40439709908331,1.5202336718920313,90.65272829162915,4.876997171352768,290.8191731495115,5.021643714712341,299.444560177796,12.424748249868115,740.8975001753433,3.0031498628083173,179.0801858725971,3.7757666423401597,225.15193147555067,3.3786003995754474,201.46859636881865,2.572583311854011,153.40516414613666,7.710127385111491,459.7609537660609,5.082218662890362,10.873050430300147,USA,11.322591063996738,4.652096359038301,1.3857893754405393,0.6809013084363643,0.7335566818338237,1.3463950865741867,1.8707946847089836,40.4,33.4
1610612751,BKN,East,203944,Julius Randle,F-C,31.0,32.0,32.069820513001204,0.0,0.759083777203189,79.0,33.037974683544306,2629.7252820660988,21.680926550842663,1583.746685815808,5.109519053868859,373.2397620877053,7.5817304206116285,553.8296713581121,0.8924355543909506,65.19056499990438,0.2446225030235748,17.86916613231626,3.0235771495837223,220.86603534826847,1.9682461739231984,143.77629791376953,5.613484246688429,410.0533734443425,7.6246609243470616,556.9656555538038,15.887286214391306,1160.5332839279172,4.882823930516773,356.6801538321477,6.110726455223638,446.3758847525487,2.820289595158078,206.01630142042112,1.613313303783089,117.84918841255481,4.98816549624817,364.3751365726,18.778244386037482,16.668988812946296,USA,19.313983973363513,6.754020382416002,4.551704415703723,0.7950068902427364,0.21791666015019828,2.6934882359544936,1.4371852245433514,48.0,32.3
1610612751,BKN,East,1643052,Chaney Johnson,G-F,24.0,25.0,0.0,0.0,0.21420664359861588,17.0,20.470588235294116,0.0,15.098275862068965,0.0,3.910344827586207,0.0,8.581034482758621,0.0,1.6293103448275865,0.0,0.9775862068965517,0.0,2.1724137931034484,0.0,3.5844827586206898,0.0,4.996551724137931,0.0,5.539655172413793,0.0,10.210344827586207,0.0,3.0413793103448277,0.0,3.8017241379310347,0.0,5.539655172413793,0.0,0.9589655172413794,0.0,3.1965517241379318,0.0,14.533448275862067,14.533448275862067,USA,0.0,0.0,0.0,0.0,0.0,0.0,0.0,,
1610612751,BKN,East,1643548,Tyler Bilodeau,F,,,0.0,0.0,0.0,,,,,,,,,,,,,,,,,,,,,,,,,,,,,,,,,,0.0,,USA,,,,,,,,,
1610612751,BKN,East,1642879,Ben Saraf,G,20.0,21.0,20.208119919913088,0.0,0.2234648128342246,44.0,20.818181818181817,1657.0658334328732,13.830917030567687,636.6316682332933,6.040611353711791,278.04696353562514,3.8326637554585155,176.41600445018975,1.583056768558952,72.86748009899141,0.3332751091703057,15.340522126103453,4.124279475982533,189.83896131053027,0.8331877729257642,38.35130531525864,2.999475982532751,138.0646991349311,4.9991266375545855,230.10783189155183,12.622794759825329,581.0222755261684,3.0411353711790396,139.98226440069405,3.666026200873363,168.74574338713802,3.374410480349345,155.32278652679747,0.784061135371179,36.09002552072688,3.7139737991266375,170.952752466601,0.0902687772432742,8.798462882096072,Israel,7.763800832113334,2.1514146884169483,3.3908166284832335,0.888627806085261,0.18707953812321285,2.3151092842747594,0.4401222624478888,39.6,21.1
1610612752,NYK,East,1643583,Jack Kayil,G,,,0.0,0.0,0.0,,,,,,,,,,,,,,,,,,,,,,,,,,,,,,,,,,0.0,,Germany,,,,,,,,,
1610612752,NYK,East,1643589,Tyler Nickel,F,,,0.0,0.0,0.0,,,,,,,,,,,,,,,,,,,,,,,,,,,,,,,,,,0.0,,USA,,,,,,,,,
1610612752,NYK,East,1641794,Dillon Jones,F,24.0,25.0,0.0,0.0,0.07666718137254902,7.0,5.571428571428571,0.0,8.924626000255234,0.0,3.91356836368277,0.0,7.364832424977188,0.0,2.207360160729288,0.0,0.10586416175022385,0.0,0.741049132251567,0.0,1.9832502222789408,0.0,5.381582202698248,0.0,2.539037071467616,0.0,8.871693919380121,0.0,2.8284607057429745,0.0,3.119587150556091,0.0,4.996973211084808,0.0,0.9986989391660355,0.0,4.552141964342934,0.0,12.977924730749777,8.897478835602575,USA,0.0,0.0,0.0,0.0,0.0,0.0,0.0,,
1610612752,NYK,East,203083,Andre Drummond,C,32.0,33.0,17.45547607827603,0.0,0.5375289686425666,63.0,19.53968253968254,1431.3490384186343,13.298484228602424,528.7436836954294,1.807577763653046,71.86874149643592,15.58914177612105,619.819530306184,1.4724840371888124,58.545516964360985,1.1949963203209824,47.512689833479016,2.0691743522128974,82.26974220445643,5.745100044578144,228.42342845627164,9.844041731542903,391.39610184991227,5.2946951736621255,210.5154679316963,10.581984288725762,420.73647322857545,2.215334122521361,88.08101016797053,3.5981004648666457,143.05937890334764,3.836210761220061,152.5265717845431,0.49629186008376974,19.732413241830532,1.579986701492991,62.81979016378395,11.133370632174817,14.40127654895841,USA,6.448093703602797,7.558774759831512,0.8764480670297063,0.713969719077573,0.5794230467497441,1.003289539078737,0.2406391858759821,50.0,31.4
1610612752,NYK,East,203903,Jordan Clarkson,G,34.0,35.0,15.869098022827504,0.0,0.5381616851924611,72.0,17.76388888888889,1301.2660378718554,19.075249259487038,689.499278480854,3.9966551318352312,144.46421078176246,3.8259388486522146,138.29345240904652,0.9007686304170224,32.559434076167115,0.24844159905512098,8.98023931236126,2.424862984858393,87.64977357468894,1.323213827668979,47.829255966335126,2.5027250209832355,90.46419644271143,6.865425117020388,248.1595705647511,16.047130244998144,580.0440442533986,3.0721640613479013,111.04729877229143,3.7157440320345803,134.31031984198975,2.5861071105600675,93.47814870196476,2.283887451093737,82.5540326230555,6.825976627647038,246.73365446844863,9.243536604299292,12.421093845142927,USA,8.408527786351877,1.6865055171834942,1.761758668070274,0.3970662692215502,0.10951511356538121,1.068899677740109,1.0067564954031158,42.8,33.5
1610612752,NYK,East,1630540,Miles McBride,G,25.0,26.0,23.53174282986073,0.0,0.30015648635244524,41.0,26.341463414634145,1929.6029120485798,16.117266307718825,863.8867778232419,3.844980350281476,206.091257796464,3.471587798967425,186.07738684221843,1.3772005279422446,73.81805969978323,0.31980828837683156,17.141750126366837,1.0394426147357996,55.71420823059969,0.9338507076439458,50.0544734691218,2.5377370913234794,136.02291337309663,5.732731013432785,307.27484604197525,13.5409815334843,725.797705527982,1.2620963166116064,67.64846466165395,1.5622969141928638,83.73924097530723,2.607230680782133,139.74777538943346,3.325142098256096,178.22788543806354,8.302114587116193,444.99401342945555,15.562920143834713,12.436825711322639,USA,10.53520460760051,2.269236424905103,2.5133080219080974,0.9002202402412589,0.20904573324837605,0.6794415637878011,2.173510798025165,42.3,40.1
1610612752,NYK,East,1628404,Josh Hart,G,31.0,32.0,26.9895356805897,0.0,0.7272284118877619,66.0,30.21212121212121,2213.1419258083556,12.57197924570167,772.877065529302,5.217872487010372,320.77478790346026,8.576008805755148,527.2201290032879,1.2700719535520586,78.07915247776064,0.30298043458805307,18.626075069068232,1.9753912789697015,121.43947942677877,1.71221482155191,105.26040021019456,6.863793984203237,421.9597287930933,4.809373185834182,295.66181762300357,9.614812356101067,591.0817870574302,1.5866537220032626,97.54138538625823,2.116508135821752,130.1148025472668,2.583717932708413,158.8370689261078,1.4235199500312938,87.51254676774644,3.8007855340393233,233.65771712189797,14.447702746016933,12.936897222202397,USA,9.425330067430512,6.429513768332779,3.9118876573592716,0.9521847863141542,0.2271472569398565,1.48096926130218,1.067226180094469,50.0,37.5
1610612752,NYK,East,1642359,Pacôme Dadiet,F,20.0,21.0,0.0,0.0,0.05619159041394336,29.0,4.689655172413793,0.0,12.248972521458427,0.0,2.7300721826850105,0.0,7.039523969776182,0.0,0.9150377090469696,0.0,0.4378809487541615,0.0,1.0479060881188078,0.0,1.0871818996574547,0.0,5.9523420701187275,0.0,4.082990840486142,0.0,12.381840900530262,0.0,2.0807712317817173,0.0,2.6907963711463645,0.0,2.307232178386747,0.0,1.9833307444713633,0.0,7.957329214146667,0.0,8.67940606391256,8.67940606391256,France,0.0,0.0,0.0,0.0,0.0,0.0,0.0,,
1610612752,NYK,East,1630631,Jose Alvarado,G,28.0,29.0,17.737224835658576,0.0,0.3530217577815804,69.0,19.855072463768117,1454.4524365240034,13.865848214516722,560.2004644465513,5.868210308613735,237.08424392773668,4.145553034116405,167.4863808669467,1.838394091480084,74.27379904568166,0.3164306392699605,12.784258729917834,1.9473641874981922,78.6763496473981,0.7187271524818766,29.03762383675623,3.4268258816345285,138.44875703019045,4.993087354032373,201.72800188471038,12.26767859520914,495.6320839804249,1.1674582199863532,47.16701257219798,1.5357080380936141,62.044841605409836,2.982712249319244,120.50591940201015,2.78105323789876,112.35860161013389,7.748104918969103,313.0347243843952,11.880344157002831,11.686758651240826,USA,6.831712981055504,2.0425168398408133,2.891271267411423,0.9057780371424592,0.15590559426729067,0.959467678626806,1.3702268489040719,40.7,35.9
1610612752,NYK,East,1628384,OG Anunoby,F-G,28.0,29.0,29.65337808454976,0.0,0.6921887114845938,67.0,33.19402985074627,2431.5770029330806,17.21030250394364,1162.4493272808604,2.2451256384291467,151.6443297527712,5.067830801133653,342.30057863312555,1.5435567403106694,104.25769645727146,0.7892001219863141,53.30557964816398,1.7134714094764456,115.73437984628491,1.2554748036920158,84.79954612276194,3.812355997441636,257.5010325103636,6.202196085974877,418.9199269538354,12.86153272031799,868.7168662554603,2.4582707430492072,166.040961271713,3.022087769300634,204.12330890768763,2.4761284403958674,167.24713811042074,2.407224350085409,162.59309362689476,6.320948631541737,426.9409258105059,18.302621965252712,13.44878237239403,United Kingdom,14.176211308303175,4.17439730040397,1.8493210945459901,1.271435322649652,0.6500680444898046,1.4113948761742061,1.9828426052060335,48.2,38.1
1610612752,NYK,East,1641755,Kevin McCullar Jr.,G,25.0,26.0,0.0,0.0,0.07737104575163398,21.0,7.380952380952381,0.0,10.503490045117669,0.0,3.999889061888022,0.0,8.219435116710839,0.0,1.8503268168893716,0.0,0.5037673903976171,0.0,1.7954125686556728,0.0,1.645794854601033,0.0,6.573640262109806,0.0,3.999889061888022,0.0,10.558404293351371,0.0,1.306770208904513,0.0,1.7556233510684311,0.0,6.314194051587768,0.0,1.1741428226764081,0.0,4.016600289085934,0.0,8.338966028713555,8.338966028713555,USA,0.0,0.0,0.0,0.0,0.0,0.0,0.0,,
1610612752,NYK,East,1628973,Jalen Brunson,G,29.0,30.0,31.266713852639025,0.0,0.7430939828220179,74.0,35.0,2563.8705359164,26.06685571341004,1856.4456479887797,6.817299887014797,485.5187309673178,3.189198896055043,227.13036341035095,0.8291237462663175,59.04905399113435,0.12228517167414404,8.708981906522686,2.3794367656584647,169.46021709855427,0.43687464434373713,31.113611903385113,2.752324251711306,196.01675150696585,9.228067425030346,657.2102826245896,19.403587781921647,1381.8968612537878,5.0935738014971905,362.75732756039827,6.096792859883788,434.2052104733758,2.1208852915679155,151.04653636415117,2.648248471323618,188.60461742811867,6.980719288463474,497.1572361998555,20.122937116121815,19.36483554433934,USA,22.6395810730339,2.769882480614036,5.920960133747778,0.7201104145260286,0.10620709642100837,2.0665880133970034,2.3000563100990083,47.6,37.9
1610612752,NYK,East,1642278,Tyler Kolek,G,25.0,26.0,0.0,0.0,0.19871024728396441,62.0,11.725806451612904,0.0,12.738193783869976,0.0,8.87776160342054,0.0,4.458726178103097,0.0,1.294050292572337,0.0,0.32501930578422644,0.0,2.642858664341752,0.0,0.905232511744179,0.0,3.5534936663589183,0.0,4.777718553322755,0.0,11.958169197222958,0.0,1.0882119813207016,0.0,1.4770297621488597,0.0,3.356695750954137,0.0,2.054648606457979,0.0,5.842773837756627,0.0,13.372452372379813,11.573206477232612,USA,0.0,0.0,0.0,0.0,0.0,0.0,0.0,,
1610612752,NYK,East,1628969,Mikal Bridges,G-F,29.0,30.0,29.32752393425235,0.0,0.7749696729792688,82.0,32.829268292682926,2404.856962608693,16.397462200379056,1095.376420602623,3.7171641653586325,248.31244789506215,3.7746292354833972,252.1512055060715,1.1351600253539778,75.8304858513215,0.6159839747105356,41.14870417883357,1.381607815537053,92.29358818857968,0.9128294146132762,60.978449261298735,2.8617998208701216,191.17275624477284,6.421512993121195,428.9672286663804,13.353423443116382,892.0298150511271,1.464442275343841,97.82706117219868,1.7898502100569067,119.56482610227732,1.7378351189650598,116.09013571413972,2.1988477897716177,146.88651158191695,5.999095563420851,400.7490759735431,14.842559397089012,13.077650210330486,USA,13.358249031739305,3.075014701293555,3.028200584086124,0.9247620225770914,0.5018134655955313,1.125531563275362,1.7912989217306945,48.1,36.7
1610612752,NYK,East,1626157,Karl-Anthony Towns,C-F,30.0,31.0,27.657641739362976,0.0,0.7894900445658644,75.0,30.96,2267.926622627764,23.05700400360182,1452.5442560500974,3.238296921226161,204.00610554506486,12.174659388665141,766.9787263605205,0.923947107112173,58.206784503322325,0.6440605789606327,40.57450371138528,2.78379341337381,175.37331094684112,2.9297232290859268,184.5665918937487,9.244936159579213,582.4121344667716,8.123452382885382,511.7609424109641,15.939974761291507,1004.1859201429902,4.920042650771172,309.9526586707782,5.775621515858495,363.85238327881115,3.616583263857504,227.83737408479016,1.9688089448540431,124.03095058061561,4.988629943285421,314.2735183004177,21.771413948472258,19.041628824377014,USA,17.71395434207436,9.353399101957567,2.487879335915425,0.7098388354063698,0.49481102087055223,2.138698913985867,1.5125725680562878,51.0,39.5
1610612752,NYK,East,1629013,Landry Shamet,G,29.0,30.0,20.51166494198336,0.0,0.3858359616549846,51.0,22.96078431372549,1681.9565252426355,13.992033332856783,653.7219934891924,1.9316620118626922,90.24920903932701,2.7766431145633907,129.7275834669425,1.0083271681515462,47.11006833477559,0.2523254751635826,11.788902206564899,1.0262086205268304,47.945507932092944,0.6389035673716156,29.85022289281907,2.137739547191776,99.87736057412346,4.907855326856506,229.29998033203134,11.092978341063382,518.2752029201883,1.3091785420257591,61.16614976299627,1.7885735748271152,83.56397208491704,2.561662068295661,119.68345086767867,3.0164745609262416,140.9327519716196,7.880197800235252,368.170836397454,8.831223090130814,9.57313193427698,USA,7.972219432795029,1.582043700816372,1.1006001102356953,0.574513028472873,0.14376710008005975,0.5847013162450359,1.7186920972148734,44.2,38.3
1610612752,NYK,East,1642885,Mohamed Diawara,F,21.0,22.0,0.0,0.0,0.1875595342714867,69.0,9.18840579710145,0.0,14.38750788643533,0.0,3.099747634069401,0.0,5.497665615141956,0.0,0.9942586750788643,0.0,0.3509148264984227,0.0,1.7545741324921134,0.0,0.8772870662460567,0.0,4.6203785488959,0.0,5.263722397476341,0.0,12.457476340694008,0.0,1.0527444794952683,0.0,1.4036593059936908,0.0,2.924290220820189,0.0,2.8618296529968457,0.0,7.750788643533124,0.0,12.079530059185059,10.118044164037856,France,0.0,0.0,0.0,0.0,0.0,0.0,0.0,,
1610612753,ORL,East,1641710,Anthony Black,G,22.0,23.0,26.55373740163425,0.0,0.5153446312483662,64.0,29.84375,2177.4064669340087,15.651858830637034,946.6794065935347,4.293917436277041,259.7112109508424,4.608861904538606,278.7601587818931,1.615192479130461,97.69251526116221,0.8551755823022021,51.72402342413532,2.4625922603395494,148.94623091902702,0.9736108587645108,58.88740500419499,3.6352510457740954,219.87275377769816,5.622026291342391,340.03990011227626,12.721842730847312,769.4617398184541,2.8405149416569446,171.80432231629194,3.9147893427994327,236.78021199155063,3.3282927873773995,201.30683997459354,1.5977241471942447,96.635969179927,4.741113944619984,286.7592267635156,10.749341401415482,11.763420806836686,USA,11.544870812116278,3.399514131486501,3.16720988964442,1.1913721373312465,0.6307807734650649,1.8164174502320367,1.1784874290235001,44.2,33.7
1610612753,ORL,East,1628371,Jonathan Isaac,F,28.0,29.0,0.0,0.0,0.19295674208144797,52.0,10.01923076923077,0.0,11.324245090839828,0.0,1.370871071917146,0.0,9.580517160977138,0.0,1.6146947549493,0.0,2.381075658547789,0.0,1.1430047004892965,0.0,3.211263450412424,0.0,6.369253710564714,0.0,4.007493870136142,0.0,9.106568485124265,0.0,2.361149156130016,0.0,3.6518157657395838,0.0,2.772467008409859,0.0,0.9721718541948243,0.0,3.7454588280154946,0.0,15.156469527630447,12.184104546343095,USA,0.0,0.0,0.0,0.0,0.0,0.0,0.0,,
1610612753,ORL,East,1628975,Jevon Carter,G,30.0,31.0,14.55510995694835,0.0,0.21319916900093366,53.0,16.358490566037737,1193.5190164697647,14.193193967702433,470.55130291380016,3.683124890340901,122.1077665737495,3.4598392677911742,114.70511000104425,1.4710852809076724,48.771340489224244,0.40489982249057116,13.423767719659134,1.3187501707860965,43.720927966832114,0.4833322246187207,16.024061148752192,2.9765070431724534,98.68104885229205,5.189647484834986,172.05397116458448,13.383521239039586,443.7079751700204,0.5896732905319514,19.549619048727347,0.7554882016867415,25.046931539768636,2.1015100574838463,69.67200602526219,3.3585684453130296,111.34764743323316,9.707521848873625,321.83644248406665,8.809080547010053,10.23889518614171,USA,5.7384305233390265,1.3988428048907835,1.4891191045579208,0.5947724449905396,0.163704484386087,0.5331820483760014,1.3578981394296727,38.8,34.6
1610612753,ORL,East,1630217,Desmond Bane,G,28.0,29.0,29.904574242432997,0.0,0.625116372262311,82.0,33.609756097560975,2452.1750878795056,21.88537247302139,1490.743476869637,5.0967355536391965,347.1691098373277,5.1251365556709505,349.10367177213556,1.1527081853649,78.51784154851664,0.4806903510917684,32.7426917758691,2.424717343953187,165.1619851664269,1.1052338696074127,75.2840822592212,4.019902686063538,273.8195895129143,7.897332474273664,537.934498725436,16.471638164879895,1121.9816879023272,3.551648737164372,241.92401539369942,3.9607981019662253,269.79362316005574,2.996853944852257,204.13362737722574,2.6035019037388762,177.34006971098162,6.697934145616739,456.236312559413,18.38552339826867,16.76358091272093,USA,18.179798498410207,4.257361850879702,4.233769632162533,0.9575346530306907,0.39930111921791583,2.014170550810084,2.1626837769631906,47.9,38.9
1610612753,ORL,East,1630591,Jalen Suggs,G,25.0,26.0,24.569829070368588,0.0,0.36848196044271364,57.0,27.614035087719298,2014.7259837702243,19.408003127073563,1086.1613387002465,5.958648532262556,333.4734451695467,5.096982434296973,285.2506374777367,2.2295368184821305,124.77515999912073,1.0326687413808198,57.7929040524231,3.4794488446984366,194.72599990592298,0.8716754704037459,48.78297832326555,4.225306963893227,236.46765915447114,6.879302917260589,384.99750937864485,15.93936181315898,892.0401780468409,2.7535162689374117,154.09946593784014,3.2462623360875638,181.67580774028454,3.6164167258176576,202.39135404572426,2.840721385069928,158.97986630978127,8.348139302334829,467.20036579298363,15.7109251389529,14.880280891364032,USA,13.245869984149348,3.478666310704106,4.066749331335935,1.5216482926722041,0.704791512834428,2.37470731592589,1.938778857436357,43.2,34.0
1610612753,ORL,East,1631094,Paolo Banchero,F,23.0,24.0,30.919116220541664,0.0,0.5383179656440357,72.0,34.75,2535.3675300844166,25.53421075399432,1798.294690333598,5.5464337569582725,390.6180015321146,8.529299649923502,600.6919274104563,0.8352521271600007,58.82419785098351,0.6303836170956795,44.39594873004315,3.3179317053033013,233.67156424065575,1.2291737997447432,86.56687057509185,7.300125850178758,514.1250568353645,8.695229577461578,612.3778538146036,19.073065236184448,1343.2563971945533,6.556839836588044,461.777745045815,8.735225303985084,615.1946278804322,2.1983234038308153,154.82104940825838,1.5566848717691517,109.63245217936475,4.902804198681022,345.28918254715023,18.69432078343364,18.802025369728106,USA,21.930423052848756,7.3255113098836135,4.763634165025787,0.7173682664754086,0.5414140089029653,2.8496532224470212,1.3369811241385945,45.6,31.8
1610612753,ORL,East,1631288,Jamal Cain,F,27.0,28.0,0.0,0.0,0.14687420710399435,40.0,12.15,0.0,14.866258934244529,0.0,1.8223884819559053,0.0,5.752249038651538,0.0,1.186829953744869,0.0,0.48287074530677127,0.0,1.4024864099736711,0.0,2.033365974274982,0.0,3.7188830643765574,0.0,5.145493859351612,0.0,11.226913977235244,0.0,2.6730566397254227,0.0,3.421594703039452,0.0,3.5610512610624743,0.0,1.9212367215740418,0.0,5.3477211357111205,0.0,8.04860296347763,11.278827068330429,USA,0.0,0.0,0.0,0.0,0.0,0.0,0.0,,
1610612753,ORL,East,202696,Nikola Vučević,C,35.0,36.0,25.27470921265501,0.0,0.8275777459162967,64.0,28.40625,2072.526155437711,19.260309679141965,1108.8193214403288,3.9238242443282867,225.8952326586385,10.744498075441712,618.5625913445305,0.7952986789256938,45.785480929404414,0.7975801252431437,45.916824183991686,1.6955739936589709,97.61448473161647,2.5961473348060857,149.46064596543104,8.148350740635623,469.1019453790993,7.9301973483397985,456.54281728380596,15.770948119704599,907.9361798371937,1.5872924603399405,91.38069834398895,1.9391516114993916,111.63728983865767,2.4906988923667464,143.38996110416164,1.7847360217820816,102.74755793597812,4.866921851369226,280.18952315094583,16.435034534216832,16.922217817795854,Montenegro,13.522186846833279,7.543446235908908,2.754819910471201,0.5583595235293222,0.5599612705364839,1.1904205455075179,1.2530189992192453,50.3,36.7
1610612753,ORL,East,1642859,Jase Richardson,G,20.0,21.0,0.0,0.0,0.116327807486631,54.0,10.87037037037037,0.0,15.537035775127768,0.0,3.7704940374787053,0.0,4.095536626916525,0.0,1.2351618398637139,0.0,0.13001703577512777,0.0,1.625212947189097,0.0,1.3651788756388417,0.0,2.7303577512776833,0.0,5.785758091993186,0.0,12.22160136286201,0.0,2.1452810902896084,0.0,2.9903918228279394,0.0,3.445451448040886,0.0,1.8030664395229983,0.0,5.087223168654174,0.0,9.041438263119943,11.695032367972741,USA,0.0,0.0,0.0,0.0,0.0,0.0,0.0,,
1610612753,ORL,East,1630658,Colin Castleton,C,26.0,27.0,0.0,0.0,0.0902939253393665,4.0,5.25,0.0,10.282176428360396,0.0,1.9294506416902195,0.0,11.360032026556967,0.0,1.2919564369446042,0.0,0.25901140217265184,0.0,2.6457494550097524,0.0,3.7811978627286438,0.0,7.578834163828322,0.0,3.9583040824087226,0.0,8.67887671972627,0.0,2.31376598310842,0.0,2.5468762450638067,0.0,4.326752584295672,0.0,0.05335634884756628,0.0,0.42685079078053023,0.0,9.06495838471248,9.06495838471248,USA,0.0,0.0,0.0,0.0,0.0,0.0,0.0,,
1610612753,ORL,East,1630532,Franz Wagner,F,24.0,25.0,26.666592830073597,0.0,0.4348800333111259,34.0,29.970588235294116,2186.660612066035,25.708761691235807,1561.5649048671532,4.56942986050229,277.5497859877432,6.432316720704518,390.7026004860648,1.2619324096344848,76.65049708992524,0.4119598242468136,25.022675595393157,2.296855407783716,139.51231255032008,1.3402449343519447,81.40724467967851,5.092071786352574,309.2953558063863,9.256594944171558,562.2508768408206,19.4928725810999,1184.0082413642538,5.415377494175189,328.93312961060417,6.440275257278847,391.1860065543084,2.703531843923121,164.21407212702633,1.7462858456943164,106.07040211633854,5.538514794500449,336.41255973553166,20.601963448842582,19.192859790451067,Germany,19.04347444959943,4.764665859586156,3.3847534876554044,0.9347621596332346,0.30515458043162386,1.7013696652478059,1.2935414892236408,47.5,31.5
1610612753,ORL,East,1641783,Tristan da Silva,F,25.0,26.0,21.943530487829065,0.0,0.4240633986928104,77.0,24.662337662337663,1799.3695000019834,14.085676364204902,704.0371232402537,2.5277088167829587,126.34117082792659,5.665449081975584,283.17323005336397,1.1263733912044938,56.298942381865785,0.4667303003565327,23.328340755230826,1.3448548722695275,67.21918997474586,1.3629819487636963,68.12522632385169,4.302467133211887,215.04800372951223,5.191849870748407,259.5015640559423,11.90314883875486,594.9489715122088,1.519067883057993,75.92678936686478,1.7251466739906332,86.2271196724614,2.2718277763119987,113.5516002764761,2.14132952556152,107.02897327080879,5.947991760352888,297.29541555116924,10.364156239760726,10.961502903508773,Germany,8.585818576100655,3.4533320738215116,1.5407459857064219,0.6865724680715339,0.2844919604296442,0.8197462192042178,1.3052313813513268,43.6,36.0
1610612753,ORL,East,1643593,Izaiyah Nelson,F,,,0.0,0.0,0.0,,,,,,,,,,,,,,,,,,,,,,,,,,,,,,,,,,0.0,,USA,,,,,,,,,
1610612753,ORL,East,1631457,Alex Morales,G,28.0,29.0,0.0,0.0,0.06200470588235294,4.0,6.0,0.0,11.82,0.0,5.91,0.0,4.4325,0.0,0.0,0.0,0.0,0.0,5.91,0.0,1.4775,0.0,2.955,0.0,4.4325,0.0,10.3425,0.0,2.955,0.0,2.955,0.0,10.3425,0.0,0.0,0.0,1.5150000000000001,0.0,2.3640000000000008,2.3640000000000008,USA,0.0,0.0,0.0,0.0,0.0,0.0,0.0,,
1610612753,ORL,East,1628976,Wendell Carter Jr.,C-F,27.0,28.0,26.09958971134452,0.0,0.5730246462652541,78.0,29.333333333333332,2140.166356330251,14.114052377754073,839.0672236208957,2.5246645048417995,150.0889453967664,9.52086127550211,566.0063051421428,0.9722210992522479,57.797635764835405,0.7817210741263745,46.47258730221147,1.6073049164590576,95.55277518249665,2.7801978465372073,165.28016375279847,6.7406634289649014,400.72614138934415,5.087184761138889,302.42837983959424,10.200869175557713,606.4321393015256,2.8243887178547205,167.90726975420574,3.7263968594356123,221.53081080274458,3.9459498841564686,234.58303293991457,1.1264470789977907,66.96622612937655,3.653550766338143,217.20017864615275,14.412704494508805,12.716858258360716,USA,10.232527117327995,6.902515916367594,1.8303529926434927,0.7048492166443342,0.5667388695391643,1.165277746128008,0.8166612942606897,49.9,30.8
1610612753,ORL,East,1629048,Goga Bitadze,C-F,26.0,27.0,13.513210866171987,0.0,0.3756928589415218,64.0,15.1875,1108.0832910261029,13.07400102475614,402.41894673306734,3.189586805756557,98.17577346489334,11.579441201709969,356.4162587509454,1.2954961157968354,39.87548887510252,2.412360268844712,74.25266960672397,1.6736173892891868,51.514096240057675,4.613955770521805,142.01798041246334,6.965485431188163,214.39827833848202,5.3264793329219895,163.94952080018666,8.305368384073068,255.63999811688421,2.3462737221356638,72.21851965755974,3.454746632400868,106.337417169225,4.447838507499249,136.90487587062216,0.0770116958797914,2.3704270393883506,0.5390720112920334,16.592685788126026,17.6594424927512,16.030966669418255,Georgia,4.907548130891065,4.346539740865188,1.1972655300596748,0.4862864496963722,0.9055203610576094,0.6282206858543619,0.028907646821809154,64.1,14.3
1610612753,ORL,East,1642869,Noah Penda,G-F,21.0,22.0,0.0,0.0,0.1379921568627451,59.0,12.830508474576272,0.0,11.119101717305153,0.0,3.4287978863936592,0.0,9.159788639365917,0.0,1.4694848084544254,0.0,0.8816908850726553,0.0,2.0572787318361954,0.0,3.2818494055482166,0.0,5.877939233817702,0.0,4.01659180977543,0.0,9.943513870541612,0.0,1.6164332892998678,0.0,2.3511756935270807,0.0,3.4287978863936592,0.0,1.4980184940554822,0.0,4.643857331571994,0.0,8.381213081408761,10.59008718626156,France,0.0,0.0,0.0,0.0,0.0,0.0,0.0,,
1610612754,IND,East,1630169,Tyrese Haliburton,G,25.0,27.0,28.630782286974448,0.0,0.6159334593837535,73.0,33.56164383561644,2347.7241475319047,22.242180558335154,1450.514010849114,11.395019626120707,743.1211871623211,4.201339486084995,273.9885045405841,1.5954319594423543,104.04539269241549,0.724834206688884,47.26974361112846,2.307630109169094,150.49108141299908,0.6343177501579934,41.36675275705641,3.567021735927002,232.62175178352766,7.884176464385215,514.1630963566635,16.499803821327493,1076.0274405797154,3.1514089209877207,205.51774507084266,3.6791371237197827,239.93330742883361,1.3677386921807022,89.1964765318428,3.356908578980322,218.91931477580872,8.774571056999253,572.2297876319915,21.65530109942025,22.373630190323556,USA,17.689195254257488,3.341323226104684,9.062453501979526,1.2688462523465303,0.576460287940591,1.835257090402428,2.6697477411683987,47.8,38.3
1610612754,IND,East,1630167,Obi Toppin,F,28.0,29.0,0.0,0.0,0.2688372503582538,24.0,17.666666666666668,0.0,20.835950191434595,0.0,3.695974210479754,0.0,7.925887162070796,0.0,1.0118196058257727,0.0,0.41347841839794164,0.0,1.9172081719777798,0.0,1.2768376304895313,0.0,6.649049531581265,0.0,7.719308454347296,0.0,14.806740146886238,0.0,2.676783007722202,0.0,3.1124287677451172,0.0,2.499368924071683,0.0,2.789599774383736,0.0,7.684832721882033,0.0,16.489933192614323,17.244679071594742,USA,0.0,0.0,0.0,0.0,0.0,0.0,0.0,,
1610612754,IND,East,1629614,Andrew Nembhard,G-F,26.0,27.0,26.729854156900497,0.0,0.39943788088497423,57.0,31.333333333333332,2191.8480408658406,16.0915751574252,979.730207867996,7.448268287212284,453.4853403658171,3.4617763691656602,210.76910424087265,1.2388194504675802,75.42511070816286,0.16991716097450063,10.345349899762358,2.4482390740161324,149.06022272092943,0.600411567385844,36.55585882466253,2.8613648017798163,174.21324541621013,5.860968820773868,356.84313964969385,12.863152526983344,783.1687684896369,2.748761975400421,167.35745973855362,3.36876087725809,205.10588691565655,2.7333960299187985,166.42190925244404,1.6695018066913532,101.64706289495622,4.8358752438199195,294.43065775106413,10.662414230790358,13.492405672022054,Canada,11.947929364243853,2.5703549297667396,5.530309028851428,0.9198184232702789,0.1261628036556385,1.817807594157676,1.239598327987271,45.6,34.5
1610612754,IND,East,1643552,Braden Smith,G,,,0.0,0.0,0.0,,,,,,,,,,,,,,,,,,,,,,,,,,,,,,,,,,0.0,,USA,,,,,,,,,
1610612754,IND,East,1641716,Jarace Walker,F,22.0,23.0,21.921922663113104,0.0,0.3945150272232305,76.0,25.69736842105263,1797.5976583752745,15.319331461827307,764.9442878793177,3.720738598153393,185.78863865186224,7.231419877269543,361.08842883633736,1.4347632844534275,71.64242001267498,0.7211798154972499,36.010865211260246,2.422425587970158,120.95962679231954,0.9579863557549929,47.83538971835105,6.27343352151455,313.2530391179863,5.487330929656479,274.00036749668624,12.710657491799818,634.6846706574859,1.900808290792021,94.91357034855679,2.57638214033382,128.64718062622092,2.897403078481635,144.6768052568861,2.491314929425671,124.39949676141525,6.427953715560405,320.96873742322305,5.348437242306041,11.861913909742233,USA,9.328588876577045,4.403517424833383,2.265715105510515,0.8736880489350607,0.4391568928202469,1.4751173999063358,1.5170670336757957,43.2,38.8
1610612754,IND,East,204456,T.J. McConnell,G,34.0,35.0,0.0,0.0,0.34986847833250945,56.0,17.196428571428573,0.0,18.862506908056822,0.0,9.943524883858249,0.0,4.734719552097213,0.0,2.0302748621098887,0.0,0.3843286501722633,0.0,2.5662437396881583,0.0,0.9265129115529395,0.0,3.8082066405442734,0.0,8.606703535896248,0.0,16.060266779102765,0.0,1.1498968024170588,0.0,1.445233476160286,0.0,2.144598726283196,0.0,0.5017630494054592,0.0,1.5189303037150637,0.0,15.169862271327887,18.571577043526247,USA,0.0,0.0,0.0,0.0,0.0,0.0,0.0,,
1610612754,IND,East,1626162,Kelly Oubre Jr.,F-G,30.0,31.0,26.85497262316684,0.0,0.5345453889859,50.0,31.48,2202.107755099681,15.7749649122533,964.9492380471764,1.7575145590607917,107.50656778356571,5.75511848610836,352.0386402715765,1.465779274730159,89.66121967076859,0.5698391740473124,34.85686845358843,1.4475100985603304,88.54370037846687,1.3526072949876013,82.73852816379441,4.402511191120759,269.3001121077821,5.82487194628039,356.30543570462834,12.614813998632028,771.6438815424335,2.4939699995937135,152.55529658586846,3.2910707183768637,201.31367643108806,2.9450979670566633,180.15064091066066,1.6992198126029217,103.94069797088669,5.114869279311276,312.87481406367993,9.978661244567105,11.69265967056016,USA,11.767673634721664,4.293154149653372,1.3110557046776306,1.0934295081801046,0.42508376162912725,1.0798012241276447,1.2675694874498378,46.2,33.2
1610612754,IND,East,1642277,Johnny Furphy,G,21.0,22.0,0.0,0.0,0.15993676309868207,35.0,18.37142857142857,0.0,10.263009447075696,0.0,2.1689991879384594,0.0,8.09775917640968,0.0,1.388217111190185,0.0,0.663595300816379,0.0,1.4797568755263255,0.0,2.0018341844960146,0.0,6.095924991913664,0.0,3.8000065416773916,0.0,8.750306195179178,0.0,1.2820786173051675,0.0,2.0701600588278803,0.0,3.849984769187942,0.0,1.4077316832393532,0.0,4.488062232605011,0.0,3.818864942497724,8.923909047350522,Australia,0.0,0.0,0.0,0.0,0.0,0.0,0.0,,
1610612754,IND,East,1641771,Jalen Slawson,F,26.0,27.0,20.408309270366747,0.0,0.17823804424333836,13.0,23.923076923076923,1673.4813601700732,9.754997646301238,453.4668535996683,3.308713075826562,153.80749051518725,6.680292268794075,310.5373497865315,1.796391421872669,83.50632111314795,1.3702867699945045,63.698593546484986,1.9593816782123743,91.08301988742124,0.8731646761366461,40.589578052044885,5.807127592657429,269.9477717344866,3.9187633564247486,182.1660397748425,7.72459852610917,359.0825457844699,0.8522093037563291,39.61545513332591,1.2072965136547995,56.121894772211704,4.92581159168204,228.97927451082148,1.0972194785862737,51.0048984841571,3.7005663290576982,172.02302149308477,9.268587686790438,9.268587686790438,USA,5.53008358048376,3.787040851055262,1.875701103843747,1.018369769672536,0.7768121164205486,1.1107685352124541,0.6220109571238671,50.7,29.7
1610612754,IND,East,1626204,Larry Nance Jr.,F-C,33.0,34.0,0.0,0.0,0.2939500211976682,35.0,12.82857142857143,0.0,11.814018243135644,0.0,2.845412548957031,0.0,7.749061193050525,0.0,1.6259814170315763,0.0,0.6451190982718632,0.0,1.425338905747611,0.0,2.1917377365144266,0.0,5.557323456536099,0.0,4.670600446874101,0.0,9.796970289238901,0.0,0.7091185184914822,0.0,1.152483532192802,0.0,3.5470388788108265,0.0,1.7727434402851687,0.0,4.61156414138335,0.0,11.590395464538133,11.073645779278316,USA,0.0,0.0,0.0,0.0,0.0,0.0,0.0,,
1610612754,IND,East,1630174,Aaron Nesmith,G-F,26.0,27.0,25.308053403873878,0.0,0.38182432785143133,45.0,29.666666666666668,2075.260379117658,16.75611928019196,965.9252902764407,2.0643239086268093,119.00026714551439,5.2347650011023505,301.7639000216531,0.9246272081048744,53.30117251206176,0.6486736397017083,37.39351954030551,1.4333164659767763,82.62513534940408,1.230211374852699,70.91691456032409,4.004553626249651,230.84698546132896,5.8483311717570325,337.13361013072546,12.835286912982177,739.9045106977585,2.3300994089245317,134.32119396518206,2.758696024097845,159.02812657887972,3.638184666193039,209.7272358239949,2.811238253585966,162.05698233130207,7.014497731738988,404.35858950246126,13.16856108850254,11.936961473490555,USA,11.779576710688302,3.680047561239672,1.4512227700672486,0.6500142989275824,0.45601853097933553,1.0076236018220008,1.9763046625768546,45.6,40.1
1610612754,IND,East,1641738,Kobe Brown,F,26.0,27.0,0.0,0.0,0.1415690427989237,61.0,15.770491803278688,0.0,11.277419927904667,0.0,2.9116308543210248,0.0,7.198864845711558,0.0,0.9273050703385407,0.0,0.49345284175011106,0.0,1.6332246768064487,0.0,2.3949312948895534,0.0,4.803933550822006,0.0,4.364334329419006,0.0,9.575617124939578,0.0,1.091360793828691,0.0,1.4130874886289515,0.0,3.0967644569221915,0.0,1.5011121894951023,0.0,4.629572881030309,0.0,4.1040720591239594,9.748096163976758,USA,0.0,0.0,0.0,0.0,0.0,0.0,0.0,,
1610612754,IND,East,1641767,Ben Sheppard,G,24.0,25.0,18.242797354218506,0.0,0.4365060318328904,65.0,21.384615384615383,1495.9093830459176,11.621028064274224,482.88902561077083,2.823373255159078,117.31973733981557,5.11626819211023,212.59648874325183,1.1862936302272515,49.29410479179305,0.23241414115095616,9.657513736118712,0.8966347086829407,37.25789649676261,1.1336095987390569,47.10492320735202,3.9826585933711733,165.4915655358998,4.218640054834777,175.29731227001912,10.016026539433868,416.19633558822375,0.9616434513311964,39.95920727752769,1.1785834068164989,48.97372158219513,3.5236823651790408,146.41970869290998,2.1797787032111207,90.57642819714383,6.309526128904326,262.1799816333713,6.396336274717116,9.218050976428716,USA,5.888890556228913,2.5926401066250224,1.4307285041440925,0.6011476194121104,0.11777455775754528,0.4543645914239343,1.1045905877700466,42.1,34.5
1610612754,IND,East,1631245,Quenton Jackson,G,27.0,28.0,0.0,0.0,0.16733623849539814,49.0,18.306122448979593,0.0,14.910300935262617,0.0,5.610320147421116,0.0,6.1127709143088635,0.0,1.8713785570662138,0.0,0.26564977077959867,0.0,1.697581047484667,0.0,0.965595525170901,0.0,5.147175389137963,0.0,4.752779170845959,0.0,10.71859769078685,0.0,4.132558637686133,0.0,4.812702948596361,0.0,3.5273530581308594,0.0,1.2849057954434084,0.0,3.5464122020110627,0.0,11.302417104264038,14.132441209116836,USA,0.0,0.0,0.0,0.0,0.0,0.0,0.0,,
1610612754,IND,East,1630643,Jay Huff,C,28.0,29.0,17.88347922770315,0.0,0.33754261727750967,82.0,20.963414634146343,1466.445296671658,17.69660926814086,720.8641507861455,2.0748061409102285,84.51638074564661,6.756984162466031,275.2429901314776,0.9364297493630628,38.14508337824675,2.8074101969490606,114.3587077540001,1.416175867409128,57.687345556167266,1.4684000340077359,59.8146756528652,5.288584128458295,215.42831447861238,6.550296789080517,266.82366439307185,12.838049254582025,522.9526929950249,1.7662832175755276,71.94882547232542,2.1161188753541147,86.19923811003223,4.419384801163539,180.0218348846801,2.901553093531309,118.19358019589133,8.221968476645015,334.91852783218667,14.626685496660247,14.974665902787136,USA,8.791026229099336,3.356621830871678,1.0306875700688611,0.46518394363715554,1.3946183872439035,0.7035042140996008,1.441385124340138,51.0,35.3
1610612754,IND,East,1627826,Ivica Zubac,C,29.0,30.0,25.71682112036903,0.0,0.4753587959358953,48.0,30.145833333333332,2108.7793318702606,16.45648866768724,963.9750882660004,2.4639526131419816,144.33145403615362,12.49254476828537,731.7783391617817,0.5201984858722538,30.471772652155906,1.1526837208585796,67.52098907583004,1.8311322593671528,107.26260729095404,3.875986189044267,227.04443239086464,8.616558579241104,504.7339067709172,7.0876588324829575,415.1752349246601,11.492636822572793,673.2065277814614,2.281171002721324,133.6246184166802,3.2652182425694964,191.2673539993414,2.686108816212918,157.3447431884526,0.0,0.0,0.0,0.0,19.532999997167,16.297513568863838,Croatia,11.755793759341469,8.9241260873388,1.760139683367727,0.3716069835628769,0.8234266960467078,1.3080805767189516,0.0,61.7,
1610612754,IND,East,1627783,Pascal Siakam,F,32.0,33.0,28.30300789331383,0.0,0.5894963192930338,62.0,33.17741935483871,2320.846647251734,23.74981235419734,1531.1020104193528,3.9972290912769703,257.6932148552014,7.233153453723632,466.3066650592164,1.0435174009426271,67.27344059240387,0.45494311904250856,29.32925590333479,1.9930890541100397,128.49039024737266,1.6781464599235751,108.18668291974988,5.555006993800055,358.1199821394664,9.091653485944903,586.1203753008269,18.071126270422486,1165.008689354799,3.923250289928781,252.923952269739,5.52502117498769,356.1868574990282,2.545841783695935,164.12523244789125,1.651682041570438,106.48057579179584,4.513095706415924,290.95008441559975,17.298217488630012,18.085793805920357,Cameroon,18.671975736821377,5.686666647063615,3.1426001811609927,0.8204078121024863,0.3576738524796926,1.566955978626496,1.2985436072170224,50.3,36.6
1610612754,IND,East,1630679,Ethan Thompson,G,27.0,28.0,0.0,0.0,0.21659433823529411,32.0,20.40625,0.0,12.294027565084226,0.0,3.1424196018376724,0.0,3.803981623277182,0.0,1.1026033690658499,0.0,0.49617151607963245,0.0,1.3782542113323122,0.0,0.9372128637059725,0.0,2.8667687595712095,0.0,4.079632465543645,0.0,10.80551301684533,0.0,2.0398162327718223,0.0,2.5911179173047474,0.0,3.803981623277182,0.0,2.115895865237366,0.0,6.459050535987749,0.0,7.758656584274308,8.407350689127107,Puerto Rico,0.0,0.0,0.0,0.0,0.0,0.0,0.0,,
1610612755,PHI,East,2544,LeBron James,Forward,41.0,42.0,28.0,0.0,0.8933457475279002,60.0,33.15,2296.0,22.24005174287896,1418.4210778236138,7.49647270615417,478.1083703702771,6.631782556813456,422.9603541789915,1.1168618833781714,71.23096900656338,0.5502294929325753,35.09241432703313,3.200230721947491,204.1036038219844,0.8145168852599178,51.94807690435477,5.817265671553539,371.01227727463686,8.402049987315007,535.8640769687571,16.185921186061986,1032.3020845332867,3.789873751930053,241.70972595642783,5.036609719638511,321.2237754525006,1.2844630414124956,81.92019841897472,1.6818623210214778,107.26544136292536,4.704561734023837,300.0464928144092,19.615014406899338,19.1229115258526,USA,17.29781802223919,5.158053099743799,5.830589882564355,0.8686703537385778,0.42795627228089184,2.4890683392924924,1.3081151385722605,51.9,35.7
1610612755,PHI,East,1627759,Jaylen Brown,Guard-Forward,29.0,30.0,34.0,0.0,0.8007439828220179,71.0,34.40845070422535,2788.0,25.83323198700809,2000.6402994382936,4.683355480060988,362.6998632891677,6.383483449757455,494.3653293867719,1.105619364491785,85.62407745008605,0.389887320913782,30.19460696410067,3.093546835028145,239.5780160016241,1.2161234767454714,94.18200703239928,5.167359973011983,400.1833223543725,9.526323898396738,737.7608619091696,19.962148561221348,1545.957505241253,4.807243590638957,372.2943091861503,6.210353330992349,480.9573635224074,2.633980119933497,203.98712706596083,2.0761187558035608,160.783863643898,6.087269845214246,471.42523134603664,21.1333356056864,18.020258525168497,USA,24.39805243217431,6.028845480326487,4.423169064502045,1.044196066464464,0.3682269141963497,2.9216831219710255,1.9607788249255853,47.7,34.1
1610612755,PHI,East,203954,Joel Embiid,Center-Forward,32.0,33.0,26.0,0.0,0.5055354695562435,38.0,31.605263157894736,2132.0,30.41674060956196,1801.3469716551692,4.928262974037666,291.86268501800845,9.42849415510342,558.376376074458,0.8104088531680139,47.99421319317238,1.351926974849726,80.06411973276711,3.5376518182523853,209.5076021253913,2.2644623786911,134.10649420470628,7.164031776412318,424.2698818697517,9.94054346340013,588.7010739991412,20.505334050990434,1214.3714499086557,9.05076217043628,536.0062485380598,10.415706720599454,616.8412980088344,2.568690702309808,152.1235715923475,1.4925063405937524,88.3895421707189,4.508973107572879,267.0314073707049,25.010466496896708,23.868993255383785,Cameroon,21.967645995794747,6.809468000908025,3.559301036804981,0.5852952828435656,0.9763917040581355,2.554970757626723,1.0779212459843768,48.5,33.1
1610612755,PHI,East,1630178,Tyrese Maxey,Guard,25.0,26.0,35.0,0.0,0.5840479656440357,70.0,38.01428571428571,2870.0,27.201560994306465,2168.568890379432,6.351553866339895,506.3599887887638,3.802667800989662,303.1571274677869,1.6510742832291627,131.6273109129916,0.6043636051791703,48.18120963511719,2.2687064217841093,180.86631751445535,0.3595855534109054,28.666959396924963,3.443082247578757,274.490168070862,9.52143160335389,759.0696861562683,21.059092158103432,1678.8776248265792,5.054208939914848,402.9327682654337,5.720319518037771,456.0365837991223,2.179225319386608,173.73268518443234,3.0453557267755693,242.782525995719,8.502043749145852,677.801821112461,20.758876747012557,20.666779419141463,USA,26.44596207779795,3.6970381398510597,6.175121814497119,1.6052111086950194,0.5875757272575267,2.2056867989567723,2.9607625121429146,45.2,35.8
1610612755,PHI,East,1642845,VJ Edgecombe,Guard,20.0,21.0,24.0,0.0,0.4681679656440357,75.0,34.973333333333336,1968.0,17.443324437666796,953.5684025924515,4.582691574532977,250.52047274113608,6.153900114372855,336.41320625238274,1.5566603126191385,85.09743042317957,0.5673808616088449,31.016820434616854,1.9931071292413267,108.95652306519251,1.7748837209302326,97.02697674418604,4.379016393442623,239.38622950819675,6.561250476553564,358.6816927182615,14.9846740373618,819.1621807091118,2.153137628669463,117.70485703393064,2.6332291269538697,143.94985894014488,3.113320625238277,170.19486084635915,2.1472359893252,117.38223408311094,6.067022493328251,331.6638963019444,14.05444768051357,13.865915364086923,USA,11.628882958444532,4.10260007624857,3.055127716355318,1.0377735417460923,0.3782539077392299,1.3287380861608844,1.4314906595501335,43.8,35.4
1610612755,PHI,East,203484,Kentavious Caldwell-Pope,Guard,33.0,34.0,22.0,0.0,0.5631689570018694,51.0,21.33333333333333,1804.0,12.225858790189028,612.6513682639168,3.3871124174457017,169.7319666964457,3.322243284383542,166.48130236188638,1.4387466197287164,72.09719172196124,0.4102651469384138,20.558842363247184,1.4823288285236065,74.2811446293496,0.565010668956113,28.313312411022995,2.757232615427429,138.1679899508634,4.304185407133355,215.68751317968255,10.109319833991645,506.5892494589146,1.8434654776881925,92.37810338193054,2.051450728885063,102.80047541412928,1.990348738785094,99.73858679911972,1.783120049507122,89.35412692530134,5.257361954451514,263.4522490508481,9.701506989282317,9.828934812426931,USA,7.47135814955996,2.0302597849010535,2.0699020328834843,0.8792340453897712,0.25071758979569736,0.9058676174310927,1.0896844746987968,42.6,33.9
1610612755,PHI,East,1629731,Dean Wade,Forward-Center,29.0,30.0,18.0,0.0,0.4468989132709092,59.0,22.338983050847457,1476.0,8.945085052346746,366.7484871462166,2.052631998833659,84.15791195218003,6.661537423139512,273.12303434872,1.1735917850985311,48.117263189039775,0.6216968066644484,25.489569073242382,0.5177446322583329,21.22752992259165,1.3488612728148195,55.3033121854076,5.312676150324693,217.8197221633124,3.1248081031747588,128.1171322301651,7.336698564203129,300.8046411323283,0.6086186012417486,24.953362650911696,0.9075922565169994,37.21128251719697,2.5981904593212604,106.52580883217168,2.195540361669828,90.01715482846295,5.967996205777166,244.6878444368638,12.141002791425382,8.96633670559251,USA,4.472542526173373,3.3307687115697564,1.0263159994168296,0.5867958925492656,0.3108484033322242,0.25887231612916645,1.097770180834914,42.6,36.8
1610612755,PHI,East,1629014,Anfernee Simons,Guard,27.0,28.0,20.0,0.0,0.4129704889228418,55.0,24.945454545454545,1640.0,21.372791775103995,973.6494030880708,4.516145963649176,205.73553834401804,3.414476414579457,155.5483699975086,0.7449346564319399,33.93591212634393,0.1502555200851709,6.844973692768897,2.139847315915848,97.48193328061086,0.6213968119282816,28.308076987843936,2.793079602651176,127.24029300966468,7.63206003972707,347.68273514312204,17.61049193336245,802.2557436309561,2.473872242546424,112.69862438267042,2.737030564566526,124.68694794136395,2.224756096594375,101.34999995596596,3.671147447634468,167.24116150334797,9.702082094376935,441.9837398549493,13.20757913706767,14.247575698470602,USA,11.873773208391107,1.8969313414330315,2.508969979805098,0.4138525869066333,0.08347528893620607,1.1888040643976934,2.0395263597969264,43.3,37.8
1610612755,PHI,East,1641737,Adem Bona,Forward,23.0,24.0,12.0,0.0,0.2764437897327176,71.0,17.380281690140844,984.0,11.904974370966444,325.4026328064162,1.0372369694146797,28.351143830667905,9.724488197754146,265.80267740527995,0.9835078492638892,26.882547879879635,2.6548929549148546,72.56707410100603,2.0371285052282304,55.6815124762383,3.890662718383034,106.34478096913624,5.833825479371114,159.45789643614378,4.641183530480525,126.85901649980104,7.233914657874827,197.72700064857855,2.585021012309333,70.65724100312177,3.737908065300424,102.1694871182116,4.8932045805898845,133.74759186945684,0.0368703682161351,1.0077900645743616,0.1264464447706647,3.456202823731504,11.100242192068958,12.28375270695968,Nigeria,3.9683247903221486,3.241496065918048,0.3457456564715598,0.3278359497546297,0.8849643183049516,0.6790428350760768,0.012290122738711726,64.2,29.2
1610612755,PHI,East,1642348,Justin Edwards,Forward,22.0,23.0,10.0,0.0,0.3024465796649865,64.0,15.265625,820.0,14.50930188730429,330.48965409970884,2.7189016048867884,61.93053655575462,4.025099883233223,91.68283067364564,1.81571633401134,41.357983163591626,0.4546546205025161,10.3560219114462,1.4462253251869943,32.94179907370376,1.176156372030584,26.79022847402997,2.8489435112026387,64.89260219961565,5.4638300828243045,124.45390744210916,12.141199706720965,276.5495488753108,1.1654394243038135,26.546120220253528,1.4788556795655077,33.685046034547675,3.33485733061734,75.96063919739497,2.4631188468150085,56.10437373300852,6.675858074465526,152.0612116961592,8.057124494443947,11.005657571756782,USA,4.030361635362303,1.1180833008981175,0.7552504458018856,0.5043656483364832,0.1262929501395878,0.40172925699638734,0.6841996796708356,45.0,36.9
1610612755,PHI,East,1631230,Dominick Barlow,Forward,23.0,24.0,10.0,0.0,0.2992271482261595,71.0,23.7887323943662,820.0,13.192322018692684,300.4917793146667,2.1903201560048893,49.89062577566692,8.408631574417036,191.52994141727692,1.1890824741197574,27.08465635495003,1.3332163665188157,30.367706126261908,0.9336020889987404,21.265380916082417,3.358132151111812,76.49078788643573,5.050499423305226,115.03915353084123,5.240671480798044,119.37085039595546,9.937351912690856,226.35079356684727,2.2069201871218382,50.26873759555298,3.220521956987733,73.35633346472059,3.957050963494876,90.13282750182772,0.4944577486419032,11.262648719065574,1.873575203934477,42.6758796451742,13.078513778868087,12.931981462441442,USA,3.664533894081301,2.335730992893621,0.6084222655569137,0.33030068725548817,0.37033787958855985,0.2593339136107612,0.1373493746227509,52.7,26.4
1610612755,PHI,East,1631133,Jabari Walker,Forward,23.0,24.0,10.0,0.0,0.2643968872126632,64.0,11.90625,820.0,14.4408224478317,328.92984464505537,1.7214604007679544,39.21104246193674,10.219308366114662,232.77313500594505,1.2633086850658914,28.77536449316753,0.5080158355021881,11.57147180866095,1.481321670491049,33.74121582785167,3.344692216705675,76.18465604718482,6.874616149408988,156.58847895876028,5.243180908993217,119.4280095937344,11.01998220981747,251.01070589028683,2.55365721748848,58.16663662057093,3.5220454772296037,80.22436920356319,4.638349318003324,105.65129002118682,1.3741214425976072,31.29943285916772,3.982001578603073,90.70114706818111,11.42226180059604,12.32770200993959,USA,4.011339568842138,2.8386967683651836,0.47818344465776513,0.3509190791849699,0.14111550986171892,0.41147824180306913,0.38170040072155753,47.6,34.5
1610612755,PHI,East,1642889,Labaron Philon,Guard,,,10.0,0.0,0.0,0.0,0.0,820.0,0.0,0.0,0.0,0.0,0.0,0.0,0.0,0.0,0.0,0.0,0.0,0.0,0.0,0.0,0.0,0.0,0.0,0.0,0.0,0.0,0.0,0.0,0.0,0.0,0.0,0.0,0.0,0.0,0.0,0.0,0.0,0.0,USA,0.0,0.0,0.0,0.0,0.0,0.0,0.0,,
1610612756,PHX,West,1628970,Miles Bridges,F,28.0,29.0,28.7994289839227,0.0,0.5680453921146239,77.0,31.0,2361.553176681661,20.59040438734269,1350.7037469469205,3.7715857342403276,247.4111186617356,7.269527076114436,476.8715210992054,0.7510172076481488,49.265752012891014,0.5824130616775696,38.205539331821015,1.8942314207178217,124.25911747128856,1.1318075090017143,74.24510050764323,6.137719567112722,402.6264205915622,7.562162393967154,496.0680173348813,16.807714244465128,1102.5641935215065,3.1930683220460794,209.4611288691528,3.8016823903633137,249.38542015825595,1.7827630266574073,116.94693580203925,2.3307019189197193,152.89101445896964,7.092081333747841,465.2313111943591,15.60268878480641,15.431484606321975,USA,16.471996913986835,5.815506354868358,3.017208764167507,0.600801853815744,0.46592121136367093,1.5153550911132752,1.8645245665728005,45.0,32.9
1610612756,PHX,West,1642346,Ryan Dunn,F,23.0,24.0,17.983053582126846,0.0,0.37218713831478534,70.0,19.357142857142858,1474.6103937344014,12.260340719166033,502.2007182002038,2.336310905760574,95.69856512859936,7.849570878798022,321.5294112286234,1.4827881118254735,60.73707670565698,0.9107802334508786,37.30683329595862,1.372883652874248,56.23523621990051,2.647607146099052,108.4496948934205,5.20196373269897,213.07971633520293,4.930890921385171,201.97619452903254,11.137888462019248,456.2235025096681,0.5905059458588187,24.187950147927157,1.2084880064554435,49.50136041729343,3.903452460800625,159.89087694846467,1.7736138270980728,72.64970510860744,5.520579140601022,226.1306494489888,11.001483631698527,10.424383734225998,USA,6.1243990024415105,3.921090380836871,1.167055672299992,0.7406960573860607,0.45496138165803196,0.6857955636573233,0.8859720135196029,44.3,32.1
1610612756,PHX,West,1629599,Amir Coffey,G-F,29.0,30.0,0.0,0.0,0.22619312349501203,46.0,10.673913043478262,0.0,11.595947193294146,0.0,1.7628373100654473,0.0,3.6543478343803737,0.0,0.7482556345575335,0.0,0.2814990360261156,0.0,0.7419280741511249,0.0,0.9907938903142796,0.0,2.6635539440660945,0.0,4.153728682256822,0.0,8.68862893108896,0.0,1.753238326497898,0.0,2.0939546948573144,0.0,2.2516857967096713,0.0,1.6152125180264947,0.0,4.283817178392431,0.0,6.402354499959189,9.068422457517293,USA,0.0,0.0,0.0,0.0,0.0,0.0,0.0,,
1610612756,PHX,West,1628415,Dillon Brooks,G-F,30.0,31.0,28.23538486787813,0.0,0.49236830623306227,56.0,30.392857142857142,2315.3015591660064,18.847768475872602,1212.1741038607706,1.929186123478499,124.07354554475535,4.018238933846238,258.428746350993,1.0354121735869273,66.59142833014657,0.19252301121597842,12.381911890102485,1.5910656647703385,102.32768928828509,0.9292027581100386,59.76068318426461,3.0890361757361986,198.66806316672827,6.904694060275996,444.0680256478132,15.967209009884307,1026.9139976698511,2.525241524033395,162.40821216292395,3.0146795689960655,193.88589740229153,3.654236095667457,235.01829249609898,2.6178529492575113,168.3644170856457,7.219517066986405,464.3155311560893,11.632363011423195,11.281825823312545,Canada,14.782611022692326,3.151570077451134,1.5130920188384798,0.8120905893920314,0.1509989254890547,1.2478986498571352,2.053224598605435,43.2,36.3
1610612756,PHX,West,1630224,Jalen Green,G,24.0,25.0,24.03823306319354,0.0,0.415338499794912,32.0,25.875,1971.1351111818703,24.88082174820092,1362.3183706371199,4.106206845514784,224.8302357491539,5.458763885369624,298.88780994732315,1.2629190196921132,69.14955617484756,0.3774865546478573,20.668805607374036,3.0495516921464465,166.97440038205409,0.6730839015457741,36.853869753004346,4.785679983823849,262.0339401943187,9.115843430343071,499.12664037738364,21.582526982586952,1181.7243534279792,3.4586087368096283,189.37180880460653,4.424924822757171,242.28124117991317,1.8264926669406636,100.00732850341544,3.129754224025049,171.3657900095984,9.528973408163775,521.7470571763886,16.566630711430598,15.561082165260713,USA,16.61363866630634,3.6449732920405262,2.7418321432823647,0.8432872704249702,0.25205860496797605,2.0362731753909036,2.089826707434127,42.2,32.8
1610612756,PHX,West,1629312,Haywood Highsmith,F,29.0,30.0,0.0,0.0,0.21788918913177402,7.0,13.0,0.0,11.950933522041579,0.0,2.320168225202624,0.0,4.965161692588424,0.0,1.4138436717432252,0.0,0.36722920748980925,0.0,0.4874894523033996,0.0,1.8716796133131774,0.0,3.0934820792752467,0.0,4.064094916675655,0.0,8.249730217851388,0.0,1.4213709260209348,0.0,1.744050712908265,0.0,3.234996172618884,0.0,2.5264442607250297,0.0,5.208980016278611,0.0,11.651417607681614,11.424442727839711,USA,0.0,0.0,0.0,0.0,0.0,0.0,0.0,,
1610612756,PHX,West,1628379,Luke Kennard,G,30.0,31.0,20.021439256399525,0.0,0.5210325949838738,78.0,21.55128205128205,1641.758019024761,13.72280879123584,625.8203160154147,4.2551368428252445,194.0529176043347,3.946976525861003,179.99945450652206,1.058239807983787,48.26038030023904,0.13118302156343242,5.982521600323982,1.4998034609821782,68.39762108412727,0.6691081877863962,30.514270358151162,3.2778683380746076,149.48518414837093,4.852232940061973,221.28312054230105,9.772480850798937,445.6680222934743,1.2821587782025623,58.47206821602907,1.4206728331333116,64.7889171168678,1.7192214818556057,78.40404595322427,2.850191805113889,129.98125699456628,6.2520031463708206,285.1187861256203,10.355126052660445,12.160467641933371,USA,7.631955073358716,2.195115298860025,2.3664989951748137,0.5885412231736469,0.07295758049175588,0.834117330294235,1.58513728042154,49.7,45.6
1610612756,PHX,West,1642863,Khaman Maluach,C,19.0,20.0,0.0,0.0,0.09844235294117644,46.0,8.934782608695652,0.0,12.905693430656934,0.0,0.557080291970803,0.0,12.348613138686133,0.0,0.46423357664233583,0.0,3.063941605839416,0.0,2.321167883211679,0.0,4.54948905109489,0.0,7.799124087591241,0.0,5.199416058394161,0.0,9.748905109489051,0.0,2.0426277372262773,0.0,2.878248175182482,0.0,3.9924087591240878,0.0,0.4598540145985402,0.0,1.9313868613138687,0.0,12.432175182481755,12.432175182481755,South Sudan,0.0,0.0,0.0,0.0,0.0,0.0,0.0,,
1610612756,PHX,West,1642345,Oso Ighodaro,F,23.0,24.0,20.483622188407644,0.0,0.3311089304874645,82.0,22.048780487804876,1679.6570194494268,10.372528364274347,483.95250212476907,3.36458842101116,156.98207108082383,8.462202942342762,394.82218255865587,1.3274219156043907,61.93370939766443,1.1361608600759916,53.01001566250937,1.8402052375396227,85.85871234613964,2.691897735619097,125.59624797979538,5.770305206723663,269.22593457886046,4.643837231831997,216.66816121186687,7.306375087593861,340.89456118354025,1.084853900610352,50.616179701035236,2.1990676810779366,102.60220741019249,4.220841088961633,196.93237119597134,0.0,0.0,0.03998391778168655,1.865535226863849,13.685164569317191,11.234739899695997,USA,5.901859782009379,4.814904665349462,1.9144155009856565,0.7552891389959077,0.6464636056403581,1.0470574676358493,0.0,63.6,0.0
1610612756,PHX,West,1631221,Collin Gillespie,G,27.0,28.0,26.500119734399835,0.0,0.3413491892243769,80.0,28.525,2173.0098182207867,15.311145892148065,924.201954218017,5.626726706097005,339.6370104664972,5.096285375904073,307.61883773040455,1.6875364357081415,101.86203453886397,0.24589455564831258,14.842535657522802,1.8241477598001123,110.10808310919715,1.2580367755092234,75.93684069067672,3.838248600394849,231.68199703972778,5.392763077968879,325.51464210458124,12.550265535062145,757.551395249111,1.303332612625154,78.67096010116137,1.5870784384110321,95.79825080426909,2.4918789027079367,150.41325892782186,3.2545099948210052,196.44672700677017,7.952514265327699,480.02476605827655,13.670995134646452,13.57913923949925,USA,11.27075553924411,3.7514492406146895,4.141914761786551,1.2422199334007802,0.18100653240881467,1.3427815013316726,2.39569179276549,43.0,40.9
1610612756,PHX,West,1642886,Koby Brea,G,23.0,24.0,0.0,0.0,0.07289882352941175,12.0,7.0,0.0,20.25,0.0,4.5,0.0,3.6,0.0,0.45,0.0,0.0,0.0,1.8,0.0,0.45,0.0,3.1500000000000004,0.0,6.750000000000001,0.0,16.2,0.0,0.9,0.0,0.9,0.0,2.6999999999999997,0.0,5.738571428571428,0.0,13.242857142857144,0.0,13.589999999999998,13.589999999999998,USA,0.0,0.0,0.0,0.0,0.0,0.0,0.0,,
1610612756,PHX,West,1631109,Mark Williams,C,24.0,25.0,21.924726581308892,0.0,0.2956478159301998,60.0,23.6,1797.8275796673292,19.477629911836477,972.7061178348041,2.1780463470970184,108.77088312790835,13.44808115314193,671.5925330756384,1.2785687708867688,63.8512833000442,1.557574501134816,77.7847332090765,1.8161379362551697,90.6973019522125,4.868258847761743,243.11916726293208,8.579822305380187,428.4733658127063,7.850929989320023,392.07273502324637,12.45362611328636,621.9297914814297,3.7625990366267597,187.9028977577031,4.872743151310246,243.34311183501816,3.520503395933977,175.81272498673874,0.012920022349292891,0.6452214585965844,0.05228798597379953,2.611243979693202,17.101577993281413,20.10729793745821,USA,11.862269729692732,8.190152842385833,1.3264741844866872,0.7786741865859049,0.9485943074277623,1.106064657953811,0.007868554373129078,63.0,24.7
1610612756,PHX,West,1626164,Devin Booker,G,29.0,30.0,31.150995261843804,0.0,0.8160894153479694,64.0,33.53125,2554.3816114711917,25.734889910586475,1826.0202655788219,6.40533364291587,454.49073535561325,3.9944348551303595,283.4253039490162,0.8314108447419585,58.99279370518302,0.28194357835451256,20.00531922280983,2.934818737850432,208.24019491572872,0.8283356951762018,58.77459633009156,3.1660991599541575,224.65070761892466,8.627153523997844,612.1400644733051,18.58505886159051,1318.7036834487922,6.38757017762558,453.2303278807932,7.2517867539864005,514.5508537414784,2.665491594719348,189.13007541894788,2.202023762307145,156.24469462388836,6.5370388690116,463.8358855687686,19.44006065183453,18.871677745030574,USA,22.268539824131974,3.45640614571971,5.542569943361137,0.7194243134778416,0.24396730759524185,2.539514572143033,1.9054231051693702,46.4,33.7
1610612756,PHX,West,1631123,Jamaree Bouyea,G,27.0,28.0,0.0,0.0,0.1377546405228758,46.0,14.0,0.0,11.879883478488711,0.0,4.882510635776881,0.0,4.573732552369734,0.0,1.5959247488451485,0.0,0.8022342336012994,0.0,2.9389793952476753,0.0,0.899517019566711,0.0,3.674215532803023,0.0,4.80351789646398,0.0,10.752231653694155,0.0,1.3838238112706356,0.0,2.0481551349144578,0.0,2.1509873135845554,0.0,0.8979141130330177,0.0,3.75864424771573,0.0,11.151970255444049,9.516794360296846,USA,0.0,0.0,0.0,0.0,0.0,0.0,0.0,,
1610612756,PHX,West,1630587,Isaiah Livers,F,27.0,28.0,0.0,0.0,0.17456214199838238,36.0,9.63888888888889,0.0,8.081044214090566,0.0,1.912406812263372,0.0,5.108264895152637,0.0,1.1401916533602914,0.0,0.6933944362944396,0.0,1.1723357559063754,0.0,1.4950292870561044,0.0,3.613235608096532,0.0,2.785894188486295,0.0,7.736595973293178,0.0,0.9351014582345146,0.0,1.2729614757695988,0.0,3.064648125476692,0.0,1.589895922672296,0.0,5.128726827975115,0.0,3.3709753009349677,6.341189405787765,USA,0.0,0.0,0.0,0.0,0.0,0.0,0.0,,
1610612756,PHX,West,1643520,Koa Peat,F,,,0.0,0.0,0.0,,,,,,,,,,,,,,,,,,,,,,,,,,,,,,,,,,0.0,,USA,,,,,,,,,
1610612756,PHX,West,1642853,Rasheer Fleming,F,21.0,22.0,0.0,0.0,0.12747331006979062,55.0,12.236363636363636,0.0,13.112986627043092,0.0,0.8815453194650817,0.0,6.831976225854384,0.0,1.2121248142644874,0.0,1.1570282317979197,0.0,1.5978008915304607,0.0,3.140505200594354,0.0,3.6914710252600296,0.0,4.793402674591382,0.0,11.845765230312034,0.0,1.0468350668647846,0.0,1.8732838038632986,0.0,3.526181277860327,0.0,2.527488855869242,0.0,7.301634472511145,0.0,14.265246281477069,9.344380386329867,USA,0.0,0.0,0.0,0.0,0.0,0.0,0.0,,
1610612756,PHX,West,1643047,CJ Huntley,F,24.0,25.0,0.0,0.0,0.10334117647058823,4.0,10.0,0.0,11.34,0.0,1.8900000000000001,0.0,4.7250000000000005,0.0,0.9450000000000001,0.0,0.0,0.0,0.0,0.0,1.8900000000000001,0.0,2.835,0.0,5.67,0.0,10.395000000000001,0.0,0.0,0.0,0.0,0.0,1.8900000000000001,0.0,0.0,0.0,2.7809999999999997,0.0,10.017000000000001,10.017000000000001,USA,0.0,0.0,0.0,0.0,0.0,0.0,0.0,,
1610612756,PHX,West,1630692,Jordan Goodwin,G,27.0,28.0,20.862996480519115,0.0,0.3401057082909294,70.0,22.457142857142856,1710.7657114025674,12.655079349192167,601.3854396021298,3.606233202318761,171.3727808291226,7.849628514621048,373.0243141683765,2.1362785521732643,101.51866936285393,0.5050057808948605,23.998515944861254,1.67789413960885,79.73566003905924,2.9296957749100554,139.22286323769714,4.919932739710992,233.80145093067938,4.826833497842251,229.37725674327336,11.788078748103636,560.1844701546946,0.9198161094310481,43.71082946695413,1.2532357123051916,59.55535235880262,2.896133215096225,137.6279277789083,2.1024122065173834,99.90929761511535,5.812233337167948,276.20470833049563,10.628495363024713,11.905355062632658,USA,7.3339687756357295,4.549077002053372,2.0899119613307633,1.2380325532055356,0.29266482859586895,0.9723860980373078,1.2184060684770164,40.9,36.2
1610612756,PHX,West,1630311,Pat Spencer,G,29.0,30.0,0.0,0.0,0.2390440402827887,66.0,18.62121212121212,0.0,11.855939723047575,0.0,6.582549197353056,0.0,5.209659141285799,0.0,1.2674990315047794,0.0,0.19827176115232387,0.0,2.212976635348366,0.0,1.8726162828457151,0.0,3.3370428584400855,0.0,4.862775242359531,0.0,11.42987148788664,0.0,1.0831014924927498,0.0,1.4353339142510477,0.0,2.160168180912653,0.0,1.1018339825980425,0.0,3.994411606481209,0.0,6.136086755183767,10.908220860036565,USA,0.0,0.0,0.0,0.0,0.0,0.0,0.0,,
1610612757,POR,West,1643257,Jayson Kent,F,24.0,25.0,0.0,0.0,0.04551411764705882,5.0,4.4,0.0,17.181818181818183,0.0,0.0,0.0,8.590909090909092,0.0,1.7181818181818183,0.0,1.7181818181818183,0.0,0.0,0.0,0.0,0.0,8.590909090909092,0.0,6.872727272727273,0.0,12.02727272727273,0.0,1.7181818181818183,0.0,1.7181818181818183,0.0,1.7181818181818183,0.0,1.6854545454545455,0.0,6.741818181818182,0.0,16.322727272727274,16.322727272727274,USA,0.0,0.0,0.0,0.0,0.0,0.0,0.0,,
1610612757,POR,West,203081,Damian Lillard,G,34.0,36.0,30.616569390566323,0.0,0.7,58.0,36.08620689655172,2510.5586900264384,24.93139603934036,1738.6592494737965,6.755212350086721,471.0932519023371,4.395558299737491,306.5363079701054,1.0207965083434598,71.18804291028663,0.21218557619717127,14.797342839446538,2.7106502840750175,189.03462850853248,0.5224189993671715,36.43232107489358,3.8731393003703185,270.10398689521173,7.5822713265402255,528.7704769162182,17.09433555182273,1192.1203519404569,6.493891947378182,452.8693572384168,7.065796556564808,492.75269297340736,1.6820604833504873,117.30309898960103,3.2391343818013736,225.88991584430147,8.794405697811168,613.3019902293847,20.570528694059977,19.811643509000977,USA,21.203161578948738,3.7382476581720168,5.745039657345575,0.868146864759593,0.18045540048105535,2.30530034766503,2.754755071271969,44.4,36.8
1610612757,POR,West,1630703,Scoot Henderson,G,22.0,23.0,21.154152674634965,0.0,0.3145051692583191,30.0,24.933333333333334,1734.6405193200671,19.49818046258942,939.509274539514,6.31636812721891,304.35078023377025,4.051967756875247,195.24187372372907,1.3033548076537698,62.80144612241226,0.35877516996701003,17.28738742085332,3.8172106329923907,183.93022874355563,0.9989661169810204,48.134641776197455,3.053001639894227,147.10723194753163,6.640786313401362,319.9826949825592,16.131270653615225,777.276547329991,3.776656849662695,181.97616663868294,4.634682968539646,223.31969087309668,4.066988316510279,195.96563126166765,2.4873286751749544,119.85058624514382,7.146715113593487,344.3606004465661,9.716859431708041,12.666521012810927,USA,11.457430177311146,2.3809984600454763,3.711594880899637,0.7658712941757593,0.2108217978152844,2.2430515700433613,1.4615925151846807,41.2,34.8
1610612757,POR,West,1631104,Blake Wesley,G,23.0,24.0,0.0,0.0,0.14320610485912846,31.0,11.64516129032258,0.0,13.643057110486756,0.0,6.56655903883361,0.0,3.8583205753884817,0.0,1.7080736811431865,0.0,0.4375605433963711,0.0,2.9951046977980282,0.0,0.8578055164733781,0.0,3.000515058915104,0.0,5.148200170380261,0.0,11.422123366179923,0.0,2.436220726909155,0.0,4.136434034688388,0.0,3.299740460311966,0.0,0.8930944039062759,0.0,3.258941168404408,0.0,6.531387285361621,10.823340385188477,USA,0.0,0.0,0.0,0.0,0.0,0.0,0.0,,
1610612757,POR,West,1642959,Chris Youngblood,G,24.0,25.0,0.0,0.0,0.057862110726643594,34.0,5.4411764705882355,0.0,14.507027027027029,0.0,2.451891891891892,0.0,5.721081081081081,0.0,0.8172972972972974,0.0,0.612972972972973,0.0,0.4086486486486487,0.0,1.4302702702702703,0.0,4.290810810810811,0.0,4.495135135135136,0.0,12.872432432432435,0.0,1.838918918918919,0.0,2.0432432432432432,0.0,4.495135135135136,0.0,3.607783783783784,0.0,10.823351351351352,0.0,10.257081081081083,10.257081081081083,USA,0.0,0.0,0.0,0.0,0.0,0.0,0.0,,
1610612757,POR,West,201950,Jrue Holiday,G,36.0,37.0,24.972614901950266,0.0,0.6682935282263376,53.0,29.433962264150942,2047.7544219599217,15.581369698931304,886.300519477192,5.747097263829207,326.90677320666737,5.184340990461227,294.896033004585,1.122678524719521,63.86027537316223,0.369176582645932,20.999527211034994,2.3528058633890025,133.8324614102239,1.4274405981753056,81.19577213884993,3.7569003922859214,213.70026086573503,5.803047573854926,330.08934250570053,12.784217147755157,727.1926998780966,1.505831467498674,85.654806841578,1.7617441143036623,100.21164723408862,1.7113153012459739,97.34315209705885,2.521984425929647,143.45568778643025,6.653285546530277,378.4526360685947,17.401095432715046,13.344288436095885,USA,10.808542920453561,3.596293085421768,3.9866679659349678,0.7787838460141736,0.2560917952565243,1.63210318792956,1.7494596071515884,45.4,37.9
1610612757,POR,West,1630166,Deni Avdija,F,25.0,26.0,28.268097795042713,0.0,0.6435881768752261,66.0,33.31818181818182,2317.9840191935027,23.79392592826583,1532.0538904331702,6.214239112670148,400.12519318379486,8.4591906231488,544.6741299936235,1.015299196033763,65.37353641961872,0.6560641065525863,42.242947626537735,3.736000733546259,240.55527766820646,1.5010990522365246,96.65343373085491,6.958091570912275,448.0206962627686,7.689647935850887,495.1244730146295,16.245741417677042,1046.0380273923718,6.386325917940756,411.2055949763319,8.091179354744963,520.9784566868673,2.9611683098763644,190.66502278987906,1.989669774078097,128.11174277181598,5.8494805725228405,376.6389579914113,17.612813233582802,18.858064935342693,Israel,18.683584029672808,6.6423674389466285,4.879575526631645,0.7972382490197405,0.5151578978846065,2.9336009471732494,1.5623383264855608,47.3,34.0
1610612757,POR,West,1642910,John Tonje,G,25.0,26.0,0.0,0.0,0.07247882352941176,6.0,7.0,0.0,13.500000000000002,0.0,1.8,0.0,5.3999999999999995,0.0,1.8,0.0,0.0,0.0,0.0,0.0,0.0,0.0,5.3999999999999995,0.0,3.6,0.0,12.600000000000001,0.0,3.6,0.0,3.6,0.0,4.5,0.0,2.6485714285714286,0.0,8.82857142857143,0.0,9.0,9.0,USA,0.0,0.0,0.0,0.0,0.0,0.0,0.0,,
1610612757,POR,West,1630695,Micah Potter,C,28.0,29.0,16.390918160685413,0.0,0.2041242042684935,47.0,19.319148936170212,1344.0552891762038,13.335799611802878,497.8903334343785,2.0381029112402387,76.09230549271838,8.65845192578571,323.26216963694924,0.7920782599041212,29.572138185156053,0.7318580953052858,27.323826220041436,1.5768755566427706,58.87244256328851,2.1630661895365817,80.75779313569055,6.495385736249129,242.5043765012587,4.509823965997513,168.3736876320156,9.249190103353756,345.31730219468926,2.1275273307124896,79.43095449197367,2.557374066848166,95.47922613748156,2.884247850495208,107.68301607647724,2.2441731904429596,83.78591240117488,5.693942142166758,212.58258479006986,8.032149707072648,11.956595752595462,USA,6.071833334565591,3.9422215809384054,0.927954945033151,0.3606358315262933,0.3332173929273346,0.7179566166254696,1.021779419526523,48.8,39.4
1610612757,POR,West,1629630,Ja Morant,G,26.0,27.0,24.137793192247248,0.0,0.41799866814650394,20.0,28.45,1979.2990417642743,25.690003544420982,1412.4499832887018,9.3252021830483,512.7045484768227,4.647418513942611,255.51752809233773,1.2288218151922445,67.56127336969571,0.38652096488930726,21.25112709520024,4.177570178151393,229.68501806994618,0.6331759136306916,34.8123466421513,4.01424260031192,220.70518145018642,8.869750109545818,487.66355256979455,20.368352110191402,1119.8627726116438,6.367630950007589,350.0957177127377,7.42072416721491,407.9953398157074,2.502178011514905,137.57107056986356,1.6303585465814183,89.63797524946656,6.0596981624826025,333.16541017729304,18.5699637014145,19.054902379848677,USA,17.22499979620368,3.116067415760216,6.252494493619788,0.8239179679231184,0.2591600865268322,2.801036805731051,1.0931460396276411,43.5,26.9
1610612757,POR,West,1642382,Branden Carlson,C,27.0,28.0,0.0,0.0,0.11345723856209149,42.0,11.619047619047619,0.0,17.852922616804754,0.0,2.104342431240977,0.0,8.66632375666403,0.0,0.6448687829611217,0.0,2.4097390494868747,0.0,1.1200598153818149,0.0,2.2740201817814056,0.0,6.392303574882624,0.0,6.867436275486134,0.0,13.90443363787833,0.0,1.4707155001352639,0.0,2.1948022324388954,0.0,2.873629898234977,0.0,2.673807911354194,0.0,7.701442133854196,0.0,15.621878132069508,15.621878132069508,USA,0.0,0.0,0.0,0.0,0.0,0.0,0.0,,
1610612757,POR,West,1642905,Yang Hansen,C,21.0,22.0,0.0,0.0,0.06985225281602002,43.0,6.976744186046512,0.0,11.741999999999999,0.0,2.7192000000000003,0.0,8.1576,0.0,0.3708,0.0,1.236,0.0,3.9552000000000005,0.0,2.472,0.0,5.6856,0.0,3.8316,0.0,12.36,0.0,3.4608000000000003,0.0,4.2024,0.0,5.3148,0.0,0.63,0.0,5.292000000000002,0.0,4.8203999999999985,4.8203999999999985,China,0.0,0.0,0.0,0.0,0.0,0.0,0.0,,
1610612757,POR,West,1631101,Shaedon Sharpe,G,23.0,24.0,24.960768917958315,0.0,0.37143272207367795,50.0,29.42,2046.7830512725818,23.740018850012788,1349.7407838638273,3.3634842260455557,191.2311807525756,5.559765878602442,316.10096026019704,1.40663643570753,79.9744337752402,0.24341007004472848,13.839100163239506,3.149487340242392,179.06436967238034,1.2948929229729051,73.6212468876043,4.264872955629536,242.47971337259267,8.803296602157276,500.51217446169505,19.79767828704253,1125.5986770129402,3.6413077840774495,207.02686269212904,4.5918551389264355,261.07031311815376,2.48355518495859,141.20274054092735,2.444648949970865,138.99072325310223,7.4552834777838015,423.87077402112203,10.481007357608947,14.997183709521131,Canada,16.460253461753993,3.8548897592706957,2.332087570153361,0.975297972868783,0.16876951418584762,2.183711825272931,1.6950088201597833,44.5,32.8
1610612757,POR,West,1631110,Jeremy Sochan,F,23.0,24.0,0.0,0.0,0.2289684951920246,44.0,10.659090909090908,0.0,14.503269916925852,0.0,3.5335012917097406,0.0,8.893312582659574,0.0,1.272864598356982,0.0,0.6459192079709954,0.0,2.031096888684564,0.0,3.027597742696092,0.0,5.865714839963483,0.0,5.854447085048495,0.0,11.78841015087859,0.0,1.8795330014590412,0.0,2.596575639993669,0.0,4.16081075828456,0.0,0.8974171692675397,0.0,3.275774463235545,0.0,10.48737894884092,12.688415217927801,Poland,0.0,0.0,0.0,0.0,0.0,0.0,0.0,,
1610612757,POR,West,1642270,Donovan Clingan,C,22.0,23.0,23.072850042026676,0.0,0.4372641402028594,77.0,27.194805194805195,1891.9737034461875,14.866153566017086,781.2881005082527,2.593401015321136,136.29573676328425,15.394854021726355,809.0738604860846,0.8460279974036525,44.462853429637505,2.602948223248891,136.79748860607995,1.811399350782262,95.197776058876,6.1185841710247,321.5611209416896,9.276269850701656,487.5127395443951,5.815871126210008,305.65208981725834,11.046128777080273,580.5273658643354,2.1703072167932946,114.0601161825666,3.331069261545852,175.06376242229618,4.022967692588146,211.42636344973218,1.0847663122756934,57.009703811386316,3.265089068816638,171.59618493362996,19.8153727049775,17.124682966156808,USA,9.527903664734788,9.866754396171764,1.662143131259564,0.5422299198736281,1.6682620561717068,1.160948488522878,0.6952402903827599,52.7,33.2
1610612757,POR,West,1630249,Vít Krejčí,G,26.0,27.0,18.16942442806985,0.0,0.34312949189048186,65.0,21.415384615384614,1489.8928031017276,12.775191348584187,528.7129346806398,3.354021634699942,138.80924152741485,4.079899754639764,168.8503689392858,1.118461247043778,46.28853784774189,0.560172137092303,23.183234320887127,1.2689690046855782,52.5174385400057,0.7523800301852694,31.137933115847044,3.3275197244544947,137.71243582343877,4.521560190792377,187.12888852924544,9.662787031096604,399.90324598709833,0.8605695677497381,35.615455709963875,1.1656371068704248,48.24095379318237,3.4052533414215844,140.92951239228134,2.957646441227187,122.40489296955062,7.282501009034933,301.39294005395044,7.5443565207688525,10.450085971995414,Czech Republic,6.447718715617559,2.0591508407229977,1.692795628383108,0.5644943639968524,0.28272236976691617,0.6404565675610451,1.4927425971896418,46.8,40.6
1610612757,POR,West,1641739,Toumani Camara,F,26.0,27.0,28.256810496818225,0.0,0.5941840060037044,82.0,33.30487804878049,2317.0584607390947,13.163530163277796,847.2408038338083,2.428403720203418,156.29870516632286,6.104539712781907,392.90487195608665,1.3882829331243165,89.35368655820513,0.5809645749807619,37.39246899580185,1.7556941123541183,113.00127493055346,2.1621221733254337,139.1600965237582,3.9424175394564736,253.74477543232848,4.788386070763023,308.1936238485192,10.714511869726977,689.6152883455652,1.3344896404281512,85.89140311452,1.8456218735490912,118.78927159533505,3.256711160072138,209.6108374341272,2.319836432763308,149.31101761291728,6.312188038922977,406.26968614896106,9.1769280823639,10.506946336060759,Belgium,10.33220492480254,4.791522828732764,1.9060817703210104,1.0896791043683551,0.45600571946099816,1.3780643284213836,1.8208660684502107,44.7,36.8
1610612757,POR,West,1629057,Robert Williams III,C-F,28.0,29.0,0.0,0.0,0.2522478431372549,59.0,17.084745762711865,0.0,12.925146888621068,0.0,1.9925260590523186,0.0,13.125330592979656,0.0,1.4240999375019077,0.0,2.9546468685811074,0.0,1.7926931322194806,0.0,4.188085154090209,0.0,8.937245438889448,0.0,5.633996794381369,0.0,8.305340744186598,0.0,1.4695436270790656,0.0,2.0482364674677327,0.0,3.2496627277192185,0.0,0.19237133960107153,0.0,0.5059254721740548,0.0,22.26434481115141,16.54092595235565,USA,0.0,0.0,0.0,0.0,0.0,0.0,0.0,,
1610612757,POR,West,1631321,Sidy Cissoko,G,22.0,23.0,0.0,0.0,0.24633431844983006,75.0,19.133333333333333,0.0,10.435039450131676,0.0,3.433742005043662,0.0,5.37215688733769,0.0,1.225577467913867,0.0,0.5742941149768261,0.0,2.158959527501846,0.0,2.011135792214615,0.0,3.361021095123075,0.0,3.833723467325712,0.0,8.990252218483485,0.0,1.6606240742314908,0.0,2.8041441680732815,0.0,4.270865192640289,0.0,1.128462974088544,0.0,4.542973113844995,0.0,5.621798672191404,7.797942777044202,France,0.0,0.0,0.0,0.0,0.0,0.0,0.0,,
1610612758,SAC,West,1628370,Malik Monk,G,28.0,29.0,19.23326961504594,0.0,0.39569823529411763,62.0,22.0,1577.1281084337672,20.01266974902155,876.7373329440009,5.687652929517695,249.17103628216717,3.601632775616698,157.78434129670615,0.9688015068075148,42.44233577441998,0.6563878769546894,28.755771410566823,2.576726044359162,112.88408534144968,0.45722377785653423,20.030568663939356,3.144408997760164,137.7537726327668,7.23242315563622,316.8460514122536,16.456992752533523,720.9662736197614,2.662554775501849,116.64416601912568,3.087892658196265,135.2778418629887,2.6962263646550864,118.11928851104804,2.958498831339828,129.6092129354026,8.0933310598579,354.5616640378318,11.763310787584047,14.233401756369421,USA,10.691918694439035,1.9241992841061726,3.0386711741727703,0.5175894606636583,0.3506801391532539,1.3766351870908498,1.5806001577488122,43.9,36.6
1610612758,SAC,West,1642363,Nique Clifford,G,24.0,25.0,21.937583888191792,0.0,0.36500169113423175,75.0,25.093333333333334,1798.881878831727,12.954835281615303,647.3394008707688,3.5952178533475028,179.64922907886455,5.663974495217853,283.0228078225687,1.3657810839532412,68.24663451040664,0.4820403825717322,24.08704747426117,2.3298618490967056,116.42072945892896,1.3055260361317749,65.23575357612401,4.3584484590860795,217.78705424644477,5.001168969181721,249.9031175454596,11.970669500531349,598.1616789441523,1.405951115834219,70.25388846659509,1.9482465462274174,97.35181687513888,3.1332624867162595,156.5658085826976,1.5170882040382572,75.8072910787164,4.551264612114772,227.42187323614922,5.579719710237533,9.217013815090331,USA,7.8943829374484,3.4514976563727893,2.190844257059324,0.8322760306147151,0.2937444813934289,1.4197649934015726,0.9244791594965415,41.8,33.3
1610612758,SAC,West,1642367,Jonathan Mogbo,F,24.0,25.0,0.0,0.0,0.12581204995693365,40.0,6.225,0.0,10.10039604243097,0.0,3.9869815347477493,0.0,9.866246864583676,0.0,1.6493033605682124,0.0,1.1313319799451949,0.0,2.099113367995906,0.0,3.007839917831151,0.0,6.858406946752526,0.0,4.193719348219751,0.0,8.142204568033504,0.0,1.5198334552713904,0.0,2.235436114386553,0.0,3.9665147709020063,0.0,0.18944534042065164,0.0,0.8714305636076071,0.0,7.792998986600683,11.50151309145348,USA,0.0,0.0,0.0,0.0,0.0,0.0,0.0,,
1610612758,SAC,West,1643411,Darius Acuff Jr.,G,,,0.0,0.0,0.0,,,,,,,,,,,,,,,,,,,,,,,,,,,,,,,,,,0.0,,USA,,,,,,,,,
1610612758,SAC,West,203926,Doug McDermott,F,34.0,35.0,0.0,0.0,0.2745731169187153,29.0,15.137931034482758,0.0,13.827185708005421,0.0,1.6233296429998605,0.0,2.609918446027079,0.0,0.48592639563984313,0.0,0.23679704672128182,0.0,0.9170928924112036,0.0,0.4478609455367821,0.0,2.162057500490297,0.0,4.660276819310989,0.0,11.374634264407291,0.0,0.49491177027464184,0.0,0.6589781688578437,0.0,2.548089367094711,0.0,4.032293223719618,0.0,9.865270718741426,0.0,2.6430403256575445,8.477232242429826,USA,0.0,0.0,0.0,0.0,0.0,0.0,0.0,,
1610612758,SAC,West,1630165,Killian Hayes,G,24.0,25.0,0.0,0.0,0.279012199488491,23.0,17.652173913043477,0.0,11.872102425017754,0.0,7.474244888090145,0.0,4.659717012794872,0.0,1.5190778753353973,0.0,0.6206867727618651,0.0,2.313383079459927,0.0,0.6271273470237854,0.0,4.032589665771089,0.0,4.093800768486332,0.0,11.535587510603595,0.0,2.1618691657072024,0.0,2.523610144135352,0.0,3.1471836441566468,0.0,1.4936292133409752,0.0,4.865815066444413,0.0,3.1846048567694467,10.552054627075707,France,0.0,0.0,0.0,0.0,0.0,0.0,0.0,,
1610612758,SAC,West,203897,Zach LaVine,G,31.0,32.0,27.437671338946654,0.0,0.5630053846153845,39.0,31.384615384615383,2249.8890497936254,21.313888197393556,1332.0523239955933,3.2796132233289246,204.9657188535034,3.805498612226307,237.8319349070224,0.7923753497975778,49.521017300999,0.25091029908443085,15.681120399736237,2.292762068118639,143.29056307895308,0.264315198939679,16.518885327455763,3.5411834132866287,221.3130495795667,7.548291038903312,471.7449264745531,15.584938435677584,974.0106202260775,3.3940237231200068,212.11602248298598,3.9535848755714915,247.0868699716109,2.0700589048136915,129.37230173244748,2.9409191629863827,183.7983839203138,7.356052191759681,459.73059099862513,10.432952697534775,14.590255095686553,USA,16.244540536531627,2.900389450085639,2.4995819372378465,0.6039148451341342,0.19123317560653946,1.747445891206745,2.24144370634529,48.4,40.0
1610612758,SAC,West,1630173,Precious Achiuwa,F,26.0,27.0,20.897917483346927,0.0,0.506450048605016,73.0,23.904109589041095,1713.629233634448,13.568442665549147,645.8688890716093,1.9750637304767804,94.01463741211441,10.153342797420587,483.3073621325467,1.3107607461576185,62.39327591433881,1.2057510533383293,57.394729263502484,1.452228619192726,69.12726154914566,3.596566367117748,171.1994796499838,6.556776430302839,312.10788248256296,5.804888760835992,276.3174188490167,11.249796588482177,535.4994529573372,1.475353836739761,70.22804068311108,2.560850707881203,121.89857322218609,2.6473053602902747,126.0138848819608,0.4978106463515267,23.696191011178776,1.8052215945126762,85.9300138206976,11.960743090099962,13.092151527082077,Nigeria,7.876449866726942,5.893992221128618,1.1465199684404197,0.7608936087114488,0.6999357227256401,0.8430153847456787,0.2889779391607168,51.6,27.6
1610612758,SAC,West,1627734,Domantas Sabonis,F-C,30.0,31.0,25.95111019829165,0.0,0.5343430030959753,19.0,29.68421052631579,2127.9910362599153,18.694286782588524,1105.0354084061275,5.7841608379929665,341.90673376485205,13.417204384494125,793.1025183852981,0.9274840899498206,54.82438415796953,0.3468434922579772,20.50221784750169,3.0637998435516764,181.10385011034717,3.7951211730878676,224.33288438475546,9.622083211406261,568.7696340005429,7.423732239690248,438.82321282373874,13.098832759656323,774.2832971671218,3.331943125943303,196.95403070375534,4.5650819384298025,269.8459290214072,3.5858527262429627,211.96284607758903,0.5363324763174259,31.703075057182375,1.778366336989958,105.12076734169473,13.738320813759312,18.2655971933706,Lithuania,13.476041565928385,9.671981931528027,4.169594314205513,0.6685900507069455,0.25002704692075234,2.208583537931063,0.3866228665510046,56.7,30.2
1610612758,SAC,West,1631099,Keegan Murray,F,25.0,26.0,30.14225850737437,0.0,0.43512614209320083,23.0,34.47826086956522,2471.6651976046983,15.140153439350915,1039.4830650677425,1.7531274726598032,120.36511558716438,6.587308534292256,452.2672569470718,1.0648660445765175,73.11089840252087,1.3259222126605479,91.03432743789143,1.0880384630113713,74.70185563001425,1.736338575237561,119.21243410203353,4.850969959054694,333.0548228450382,5.868243850473693,402.89816934093375,13.533924199622732,929.2035953118758,1.4582299422380565,100.11822773152538,1.830981547026675,125.71037131228452,2.4110749222744925,165.538054838981,1.90837987623851,131.02433677521907,5.9995087641207,411.9104726389308,8.756460438052796,11.703063780651329,USA,12.676622744728567,5.515454353013071,1.4678672632581022,0.8915963219819619,1.1101747248523346,0.9109982393904177,1.597857765551452,43.4,31.8
1610612758,SAC,West,1641745,Adam Flagler,G,25.0,27.0,0.0,0.0,0.06384196608373079,37.0,5.486486486486487,0.0,10.556162719640817,0.0,5.544954181233601,0.0,3.0844834153628855,0.0,0.9139210119593736,0.0,0.3427203794847651,0.0,0.4569605059796868,0.0,0.7996808854644519,0.0,2.284802529898434,0.0,3.899521328196678,0.0,18.27167930427793,0.0,0.1142401264949217,0.0,0.2284802529898434,0.0,1.7136018974238258,0.0,2.6703155475245413,0.0,14.636780711450536,0.0,4.418209005634626,4.418209005634626,USA,0.0,0.0,0.0,0.0,0.0,0.0,0.0,,
1610612758,SAC,West,1629631,De'Andre Hunter,F-G,28.0,29.0,22.82736545220099,0.0,0.39290984520123834,45.0,26.11111111111111,1871.8439670804812,19.728898630450466,1025.817218848641,2.2821602653755297,118.66244235149932,5.305753509995227,275.87618606946256,0.9286142812956298,48.28391778300005,0.23776798130722118,12.362904482634072,1.97895089129934,102.8968690840892,0.8534363233111876,44.374989807705376,4.45231718668404,231.50119626175723,6.620321658473045,344.2280321262504,15.024812560113594,781.2251318656575,3.8938106517955475,202.46127715325588,4.547658460337263,236.45852925902267,3.252476889608334,169.11470121894578,2.6602935109907833,138.32373220031803,7.563369661345702,393.26244087193044,12.48936558166941,12.943842367497412,USA,12.509966083520013,3.3643437325544214,1.4471029555060893,0.588828265646342,0.15076712783700089,1.2548398668791367,1.6868747829307078,44.1,35.2
1610612758,SAC,West,201566,Russell Westbrook,G,37.0,38.0,25.311966332869407,0.0,0.6333445494291081,64.0,28.953125,2075.581239295291,17.01401907761925,980.9438556255192,7.462109134857338,430.22815905233074,6.482230972677168,373.73324987965543,1.6014718654935305,92.33291553548901,0.3938188138454913,22.705637269422954,3.7238857470662197,214.70076094138267,1.6366660692726092,94.36203856592763,4.845564903404557,279.3712113137277,6.405411601088322,369.3042263662038,14.610792377317134,842.3857374888358,2.3952617332937303,138.0988976896219,3.513702974835897,202.58266597292896,2.7940785727587394,161.09269629819454,1.8464008260243863,106.45430318654292,5.663323121146173,326.5190895088403,10.351484274171781,13.759692530243708,USA,11.962729946652672,4.557722559507993,5.246684866491838,1.126011165066939,0.27689801548076776,2.6183019626997885,1.2982232095919868,43.8,32.6
1610612758,SAC,West,1629234,Drew Eubanks,F-C,29.0,30.0,0.0,0.0,0.19978899563671623,42.0,13.142857142857142,0.0,12.99058534395101,0.0,1.7291467095401367,0.0,9.04118178261858,0.0,0.7924347463741748,0.0,1.717814950486777,0.0,1.87017413708724,0.0,2.6648898295344656,0.0,6.376291953084114,0.0,5.408554201838305,0.0,9.076815601173063,0.0,2.082023653609894,0.0,3.3214184621278275,0.0,3.333574695065601,0.0,0.09621647867828219,0.0,0.3366583200321379,0.0,8.784610698353648,12.084492540336907,USA,0.0,0.0,0.0,0.0,0.0,0.0,0.0,,
1610612758,SAC,West,1631116,Patrick Baldwin Jr.,F,23.0,24.0,0.0,0.0,0.10829705882352941,9.0,11.333333333333334,0.0,14.370323411228881,0.0,1.6781061083110504,0.0,8.793248695081566,0.0,1.1476148044287322,0.0,1.358552522595552,0.0,1.7478861062959459,0.0,2.9978227613428188,0.0,5.7954259337387475,0.0,4.981456644767426,0.0,11.102068935053996,0.0,1.418481698747773,0.0,2.138611352919429,0.0,4.350264271387989,0.0,2.931996452985376,0.0,6.413975583918273,0.0,11.925793697203202,11.925793697203202,USA,0.0,0.0,0.0,0.0,0.0,0.0,0.0,,
1610612758,SAC,West,1631342,Daeqwon Plowden,G-F,27.0,28.0,23.05806754985621,0.0,0.23134137254901962,32.0,26.375,1890.7615390882092,17.311546283779087,909.2223859865254,1.4594069331224602,76.64973608407294,4.664053840046155,244.96148936099837,0.6018812351667675,31.611496959784162,0.18318124548553796,9.620890379064745,1.4533639023606166,76.33234913562792,1.6365451478461546,85.95323951469267,3.0275086922000014,159.00824984630572,6.232155599123696,327.3200031232311,12.132183689620309,637.1962862635379,1.4855756824775372,78.02414899536792,1.668756927963075,87.64503937443266,3.9736034975175407,208.69824068590435,3.3952759970846986,178.3238130521422,8.234062532954333,432.46246521548034,5.790095207624379,12.001329312477177,USA,11.088077877884457,2.987335236109736,0.9347528790740602,0.3855060604851727,0.1173279314520091,0.9308823065320478,2.174680646977344,51.4,41.2
1610612758,SAC,West,1642928,Dylan Cardwell,C,24.0,25.0,0.0,0.0,0.22126919786096255,44.0,20.613636363636363,0.0,9.91885336273429,0.0,2.5839029768467476,0.0,13.83638368246968,0.0,1.2502756339581038,0.0,2.7922822491730983,0.0,1.6253583241455347,0.0,6.126350606394708,0.0,7.710033076074972,0.0,4.375964718853362,0.0,7.459977949283352,0.0,1.0835722160970234,0.0,2.1254685777287765,0.0,6.7098125689084895,0.0,0.08176405733186329,0.0,0.16352811466372658,0.0,14.188899324033642,13.33627342888644,USA,0.0,0.0,0.0,0.0,0.0,0.0,0.0,,
1610612758,SAC,West,1642284,Alex Karaban,F,,,0.0,0.0,0.0,,,,,,,,,,,,,,,,,,,,,,,,,,,,,,,,,,0.0,,USA,,,,,,,,,
1610612758,SAC,West,1643567,Emanuel Sharp,G,,,0.0,0.0,0.0,,,,,,,,,,,,,,,,,,,,,,,,,,,,,,,,,,0.0,,Israel,,,,,,,,,
1610612758,SAC,West,1642875,Maxime Raynaud,C,23.0,24.0,23.20278963387606,0.0,0.38071941238489415,74.0,26.54054054054054,1902.6287499778368,17.745213849287172,937.8487234488514,1.9246435845213852,101.71895048252185,10.7010183299389,565.5573646828215,0.7313645621181263,38.65320118335829,0.7506109979633402,39.67039068818352,1.8091649694501017,95.61581345357051,2.7329938900203663,144.440909685181,7.968024439918534,421.1164549976404,7.371384928716904,389.5835803480586,12.914358452138494,682.5341577377214,2.540529531568228,134.2690146369288,3.2334012219959267,170.88783681063666,3.2718940936863543,172.9222158202871,0.4531160896130346,23.94754719931371,1.3971079429735234,73.83827053121728,9.981497341175714,15.166191446028513,France,11.437179554254286,6.897041032717335,1.2404750058844127,0.47138050223607675,0.4837852522949209,1.1660465055313476,0.292043258528216,57.1,32.4
1610612759,SAS,West,1643551,Ja'Kobi Gillespie,G,,,0.0,0.0,0.0,,,,,,,,,,,,,,,,,,,,,,,,,,,,,,,,,,0.0,,USA,,,,,,,,,
1610612759,SAS,West,1643576,Maliq Brown,F,,,0.0,0.0,0.0,,,,,,,,,,,,,,,,,,,,,,,,,,,,,,,,,,0.0,,USA,,,,,,,,,
1610612759,SAS,West,1629162,Jordan McLaughlin,G,30.0,31.0,0.0,0.0,0.11640634613327953,44.0,6.409090909090909,0.0,10.841875558547141,0.0,5.231448230718561,0.0,3.7394888700625,0.0,2.1350081559057426,0.0,0.23080911676123994,0.0,1.659723140395372,0.0,0.8230922394510156,0.0,2.916396630611484,0.0,3.812544835657277,0.0,8.8072894193602,0.0,1.0848801345905936,0.0,1.370441073637218,0.0,1.6159938136391152,0.0,2.2207351590020763,0.0,5.160760911498738,0.0,13.099250095848767,11.191117713729003,USA,0.0,0.0,0.0,0.0,0.0,0.0,0.0,,
1610612759,SAS,West,1641705,Victor Wembanyama,F-C,22.0,23.0,26.04447250347688,0.0,0.470545752090305,64.0,29.15625,2135.646745285104,29.35676425730466,1741.5466121726324,4.163615721398239,247.00034344505664,13.637756935850057,809.039755917709,1.3429225636112263,79.66689450406231,4.1354383788247056,245.32876427955804,3.54056253393915,210.0386347801535,2.448481110889875,145.25251987122272,11.189275824960179,663.7872360464861,10.400651341028903,617.003255147598,21.145421443658517,1254.4208467730875,5.846331981978909,346.82499636581855,7.103592497823299,421.410116605778,2.8494040846799384,169.03668220691085,2.7617340513896598,163.83578717203807,7.983469352193262,473.60750939152547,33.319326113367495,25.754981367884632,France,21.238373319178443,9.86633848680133,3.0121993103055686,0.9715474939519795,2.9918141985311957,2.561446765611628,1.9979974045370497,49.2,34.6
1610612759,SAS,West,1642844,Dylan Harper,G,20.0,21.0,20.16983116848165,0.0,0.3527405487642403,69.0,22.579710144927535,1653.9261558154953,19.912759948652116,914.8398475986376,6.515121951219513,299.32029454026775,5.731347881899872,263.31183805422046,1.3226187419768933,60.76427032020471,0.5878305519897304,27.006342364535435,2.424801026957638,111.40116225370865,1.3226187419768933,60.76427032020471,4.408729139922978,202.54756773401573,8.107163029525033,372.4624717775512,16.06736842105263,738.1733579639684,2.204364569961489,101.27378386700786,2.914659820282413,133.90644755748815,3.404518613607189,156.41173286126772,1.47997432605905,67.99356243901315,4.318613607188705,198.40744449416954,21.07587394392769,16.380878048780488,USA,11.156583507300459,3.211119976270981,3.650247494393509,0.7410276868317648,0.32934563859189553,1.3585507591915689,0.8291897858416237,50.5,34.3
1610612759,SAS,West,1629640,Keldon Johnson,F-G,26.0,27.0,20.817603619750322,0.0,0.5668799158829892,82.0,23.304878048780488,1707.0434968195264,19.75654685569733,936.8134674896775,2.467109695548861,116.98509893686348,7.6520876998199325,362.84573736306396,0.9022427501483651,42.782433866481426,0.30534452636529286,14.478788556147542,1.465245063416417,69.47880713199747,2.2837582031905534,108.29096080735225,5.3683294966293795,254.55477655571178,7.458850943644153,353.6828610303872,15.076723096432916,714.9061698642934,2.9497956012239097,139.87303883378112,3.7485387928913982,177.74774358280496,2.721154667640436,129.03137164543628,1.9457208482006711,92.26194779297579,5.6390418469587775,267.3913809206709,15.878919493330672,15.365267155222837,USA,11.424554481581433,4.424948016622731,1.4266475480105303,0.5217369983717247,0.17657059214814075,0.8473025259999691,1.1251457047923876,49.5,34.5
1610612759,SAS,West,1628368,De'Aaron Fox,G,28.0,29.0,27.679036872815015,0.0,0.6321599643790137,72.0,30.98611111111111,2269.6810235708313,22.78593775787983,1436.578070370165,6.509042358180965,410.37360894394635,4.470723470277847,281.864339503399,1.5371576552006327,96.91271000681975,0.3528961270850406,22.248934526015475,2.6483995667864817,166.97283998801353,0.7698883856667723,48.53891831154041,3.7008350846110747,233.32542119185854,8.522460452413439,537.3129656382129,17.97499328941113,1133.2639213274856,3.5745928915419194,225.36626813677447,4.597604241004008,289.8637527693214,2.5809234762438145,162.7186954810847,2.2214093412448155,140.05251742795386,6.650467928203894,419.2900237364111,19.13759481119779,17.51214012942547,USA,17.51924476061177,3.43736999394389,5.004556206633492,1.1818623171563385,0.271328469829457,2.036254146195287,1.7079575296091933,47.4,33.4
1610612759,SAS,West,1642264,Stephon Castle,G,21.0,22.0,26.771898347940674,0.0,0.5021985512913617,68.0,29.970588235294116,2195.295664531135,20.53503103207155,1252.2351276588608,7.804223590228551,475.9049503516763,6.0094842467379035,366.4609642481076,1.3611836354371178,83.00557037516205,0.3579147160024299,21.825795119778526,3.595503771497747,219.2553844826208,1.6838607371532475,102.6825604429646,4.3256235095846565,263.77840380514306,7.101420629094245,433.04771997396006,15.668733009217839,955.4861567731057,4.7983187601914885,292.6035658690774,6.566600647767487,400.43416479864743,3.565144387316096,217.40405602507045,1.5636549168700478,95.35235721743356,5.026693691416209,306.5299685470003,18.210664822683366,16.22968191448365,USA,15.271160093400741,4.469036149367166,5.8037189067277595,1.0122630533556347,0.2661682331680308,2.673846152227083,1.1628336246028483,45.3,31.1
1610612759,SAS,West,1628436,Luke Kornet,C-F,30.0,31.0,18.784992461999593,0.0,0.4546757748586706,68.0,21.029411764705884,1540.3693818839665,11.074106420009514,473.83929058631446,2.8870780372485805,123.53240588020476,9.795557046632062,419.13267092027115,0.824030348287924,35.25864217349719,1.7553505377252479,75.1080061884869,0.7231036947399414,30.940188647349334,4.470134062446534,191.26826785303422,5.325422984185527,227.86440306723694,4.540125352892454,194.26305787529648,6.850681564839427,293.12722576432196,1.9869718280408093,85.01862684944656,2.496648269089888,106.82668197332404,2.900157525349481,124.09205151913093,0.00717071477478982,0.30682081903636726,0.031834842417387675,1.3621504593568037,20.47177098180788,14.808093274217367,USA,5.778527933979444,5.111374035613063,1.5064927546366436,0.4299834411402097,0.9159512949815475,0.3773193737481626,0.003741717305321552,66.3,22.5
1610612759,SAS,West,203482,Kelly Olynyk,F-C,35.0,36.0,0.0,0.0,0.33059187383550703,42.0,8.571428571428571,0.0,14.076957544185676,0.0,5.280170276446119,0.0,7.784109037163246,0.0,1.4147603071153811,0.0,0.49416778552816476,0.0,2.678959985194029,0.0,2.3356290446888113,0.0,5.448479992474435,0.0,4.980020827623955,0.0,9.841361312200158,0.0,2.9011704042176087,0.0,3.8536442960530457,0.0,4.280767155315414,0.0,1.197041708032154,0.0,3.7748498191162465,0.0,11.3250574908498,13.13403783216266,Canada,0.0,0.0,0.0,0.0,0.0,0.0,0.0,,
1610612759,SAS,West,1643542,Tarris Reed Jr.,C,,,0.0,0.0,0.0,,,,,,,,,,,,,,,,,,,,,,,,,,,,,,,,,,0.0,,USA,,,,,,,,,
1610612759,SAS,West,1642868,Carter Bryant,F,20.0,21.0,0.0,0.0,0.20916084989451011,71.0,11.52112676056338,0.0,13.901809290953546,0.0,2.1925672371638143,0.0,8.303765281173595,0.0,0.7464058679706602,0.0,1.072958435207824,0.0,1.5394621026894866,0.0,1.772713936430318,0.0,6.531051344743277,0.0,5.038239608801956,0.0,12.36234718826406,0.0,1.399511002444988,0.0,1.9593154034229832,0.0,4.385134474327629,0.0,2.4029339853300735,0.0,7.162591687041565,0.0,11.418719342579966,9.978513447432764,USA,0.0,0.0,0.0,0.0,0.0,0.0,0.0,,
1610612759,SAS,West,202699,Tobias Harris,F,33.0,34.0,24.75640565021964,0.0,0.8588593776059383,63.0,27.714285714285715,2030.0252633180105,16.528741749568685,932.048981180099,2.953757477101099,166.56117500638058,6.563089252879747,370.0899163543559,1.128679113116769,63.6457531612891,0.6611688125521739,37.283038688857864,1.2970873844444384,73.14222664314696,1.0853491515951652,61.20239436830429,5.477740101284581,308.8875219860516,6.226067949024694,351.0854229904078,13.106475689445366,739.0687989621509,2.5684719402483585,144.83508130076655,2.9610803602462297,166.9741093892956,2.0482040630654916,115.4973886792651,1.5158679313287382,85.47917212363748,4.231733643790227,238.62572790352607,17.68046400397963,13.63341752127307,USA,11.366450990001207,4.513291662857999,2.0312338415412268,0.7761677214791354,0.4546712035226569,0.8919783736969141,1.0424289283370425,47.5,35.8
1610612759,SAS,West,202687,Bismack Biyombo,C,33.0,34.0,0.0,0.0,0.29121279041028175,25.0,5.64,0.0,7.312028253191608,0.0,1.7151212394036885,0.0,8.273858740204755,0.0,0.9174525314808376,0.0,1.0423442592331007,0.0,1.9053645502485883,0.0,2.04126216341395,0.0,6.232596576790805,0.0,3.1326995483140094,0.0,5.335989079254027,0.0,1.0466291565635897,0.0,1.8454806755706121,0.0,5.16388518081724,0.0,0.0,0.0,0.0,0.0,5.7956956567928986,6.685797354814696,DRC,0.0,0.0,0.0,0.0,0.0,0.0,0.0,,
1610612759,SAS,West,1643519,Jayden Quaintance,F,,,0.0,0.0,0.0,,,,,,,,,,,,,,,,,,,,,,,,,,,,,,,,,,0.0,,USA,,,,,,,,,
1610612759,SAS,West,1630170,Devin Vassell,G-F,25.0,26.0,27.25147346078955,0.0,0.526032109723236,67.0,30.507462686567163,2234.620823784743,19.027273198482096,1181.0761363658173,3.5199659742285356,218.4941462506899,4.824543839533862,299.47294803013244,1.2581041331385865,78.0940470666983,0.499347475034802,30.995896278252797,1.424408907302451,88.41705016229248,0.6461813580955026,40.11028663171434,4.178362481438359,259.3626613984181,6.984954736150758,433.5757029610097,15.632655243744578,970.3626927422054,2.060093826342945,127.87579342489819,2.5588894608480843,158.83743541595675,1.850679029151365,114.87683046342701,2.9401790446026324,182.50514774234927,7.80032915283869,484.1882765919039,14.414374258355199,14.291656892277425,USA,14.403367516656308,3.6521091223186883,2.664562759154755,0.9523664276426621,0.37799873510064386,1.0782567092962498,2.2256725334432836,44.7,37.7
1610612759,SAS,West,1642357,David Jones Garcia,G,24.0,25.0,0.0,0.0,0.06431636363636363,11.0,6.181818181818182,0.0,17.788235294117648,0.0,10.005882352941176,0.0,7.226470588235294,0.0,3.3352941176470594,0.0,0.5558823529411765,0.0,2.7794117647058822,0.0,2.223529411764706,0.0,5.002941176470588,0.0,7.226470588235294,0.0,13.897058823529413,0.0,1.6676470588235297,0.0,3.3352941176470594,0.0,3.3352941176470594,0.0,1.6358823529411766,0.0,2.726470588235294,0.0,19.956176470588233,19.956176470588233,Dominican Republic,0.0,0.0,0.0,0.0,0.0,0.0,0.0,,
1610612759,SAS,West,1630577,Julian Champagnie,F,25.0,26.0,24.684819362822726,0.0,0.5257568378783449,82.0,27.634146341463413,2024.1551877514635,14.995012061991295,843.1175404354292,2.239559350327609,125.9226577011924,6.865356117539216,386.01517225217356,1.1232343544792172,63.155573491104825,0.7373458574484721,41.45840118114933,1.3052771706158182,73.39120989876557,1.2282351112621053,69.05940200665796,5.637121006277109,316.95577024551557,4.98257442687522,280.152885403257,11.741446144503248,660.1808090305741,1.8332868188065679,103.07936180343589,2.1465638926602475,120.69384553245042,2.1596393242471743,121.42903171797175,3.1356892201117286,176.30893339070823,8.366981155684313,470.44634200269826,13.414898833185422,12.232554681422029,USA,10.281921224822307,4.707502100636263,1.5356421670877123,0.7701899206232296,0.5055902583066991,0.8950147548629948,2.150108943789125,42.4,37.5
1610612759,SAS,West,203084,Harrison Barnes,F,34.0,35.0,23.039466551703942,0.0,0.798154759641672,77.0,25.792207792207794,1889.2362572397233,14.503196550942302,761.1101324976194,2.2416476756269885,117.63894624310159,4.0926491876803395,214.77725648689997,0.7826604492774547,41.07306938562497,0.20776724685443512,10.903372661785408,0.943939745879718,49.53681090460039,1.2085700246697404,63.42428638942168,2.8840791630105977,151.3529700974782,4.98380828031324,261.544202841648,10.468205102283852,549.3586840960144,2.1302468440239584,111.79276596112655,2.611839707848437,137.06617428237982,1.3909805977748915,72.99697162314747,2.4176681880677204,126.87628885757233,6.024947010982932,316.181898363807,12.660987618543988,11.684480822135884,USA,9.281830884117308,2.6192348352060972,1.4346212956475803,0.5008910900685972,0.13296795929006594,0.6041074500561022,1.547271815336248,47.6,40.1
1610612759,SAS,West,1630322,Lindy Waters III,F,28.0,29.0,0.0,0.0,0.11648569667266531,40.0,7.125,0.0,12.85556861730418,0.0,2.4981380034313676,0.0,4.3304122217679115,0.0,0.8748017784554155,0.0,0.39079492715019587,0.0,0.8866180655810483,0.0,0.6410676602409051,0.0,3.689344561527007,0.0,4.544138008796698,0.0,11.50839903946651,0.0,0.2856997724950646,0.0,0.3895865506369796,0.0,2.921943216959486,0.0,3.569958127398859,0.0,9.835749458625719,0.0,8.68313161628715,8.972999990063935,USA,0.0,0.0,0.0,0.0,0.0,0.0,0.0,,
1610612759,SAS,West,203486,Mason Plumlee,F-C,36.0,37.0,0.0,0.0,0.31571709918062857,20.0,8.55,0.0,8.119690504163747,0.0,3.5776139524878894,0.0,11.15649806292995,0.0,1.3810082308010974,0.0,0.5473855044378664,0.0,2.002919044320829,0.0,3.188218989062108,0.0,7.96827907386784,0.0,2.9406331281569873,0.0,4.505359391323598,0.0,2.2384242478497725,0.0,3.375789002786421,0.0,3.574311826229489,0.0,0.0,0.0,0.09329055968227837,0.0,10.466610269191186,11.145347369865693,USA,0.0,0.0,0.0,0.0,0.0,0.0,0.0,,
1610612760,OKC,West,1643717,Josh Dix,,,,0.0,0.0,0.0,,,,,,,,,,,,,,,,,,,,,,,,,,,,,,,,,,0.0,,,,,,,,,,,
1610612760,OKC,West,1628983,Shai Gilgeous-Alexander,G,27.0,28.0,33.45685648843939,0.0,0.7405474201005438,68.0,33.220588235294116,2743.4622320520302,33.56697137306463,2558.0477279548472,6.8995090054730746,525.7928437838401,5.074037456607288,386.6786146172065,1.7253098413567702,131.4811774541661,0.9254784462464577,70.528198995982,2.4227124484326,184.62833614992056,0.7668094476668896,58.436465523744154,4.307228008940398,328.2421490934624,11.649324176103447,887.7633585019566,21.624459254305137,1647.9413125759488,8.399792863315422,640.1254021546123,9.500904146858668,724.0381027014798,2.3072707239274863,175.83083583928905,1.887215459117735,143.8195648842844,5.008887590933146,381.7137202866434,36.47157354071535,28.335250387680908,Canada,31.195703999449357,4.715592861185446,6.412107851022441,1.603428993343489,0.860099987755878,2.2515650749990312,1.7538971327351756,53.9,37.7
1610612760,OKC,West,1642272,Jared McCain,G,22.0,23.0,17.436567757547582,0.0,0.31496378624162785,67.0,17.313432835820894,1429.7985561189018,19.464186631385875,773.0518317106767,3.2174744283983565,127.78723033537388,4.042370884064763,160.54933481480242,1.049508878536609,41.682952199044756,0.09805610857480779,3.894457846080512,1.993914841703134,79.1915711580886,0.7657587354886762,30.41335373158737,3.276612148576086,130.135981083215,7.050864625360972,280.03655724252667,16.04630752135151,637.3052034741183,2.18635162793869,86.83451113319305,2.512695590297761,99.7957924159464,2.4841953845771734,98.66386038849119,3.237777709088835,128.5936081524773,8.420096352561146,334.4178224242766,11.820472777854599,12.823381649939298,USA,9.427461362325325,1.957918717253688,1.558380857748462,0.5083286853542044,0.04749338836683551,0.9657508677815684,1.5682147335667962,43.9,38.5
1610612760,OKC,West,1631119,Jaylin Williams,F,24.0,25.0,19.78587932053069,0.0,0.3047271205211764,65.0,19.646153846153847,1622.4421042835165,13.292848397733124,599.0799146205528,5.013418519346094,225.94392478282856,11.085427626064327,499.5962367920676,1.0134563749857572,45.67428593420657,1.2707547451766918,57.270166744242665,1.783539875201375,80.38028300542443,1.4836970084631824,66.86701379250457,9.601730617601147,432.7292229995632,4.413540766121335,198.90873244241615,10.33388166551106,465.72568652246144,1.68308804261646,75.85313626547429,2.131482748557606,96.06131543927268,3.847252505406678,173.38734584950114,2.7296754167240147,123.02056464224154,7.082208998707202,319.1798353010602,21.489569832615743,13.65423352993969,USA,7.305852617323815,6.092637034049605,2.755413716863763,0.5570034870025192,0.6984166676127155,0.9802473537246882,1.5002507883200187,42.7,38.5
1610612760,OKC,West,1631096,Chet Holmgren,C-F,24.0,25.0,29.147867683559586,0.0,0.45529532661213834,69.0,28.942028985507246,2390.125150051886,21.608547396560674,1434.6425719057743,2.531415054792618,168.06663299110582,11.17396770175787,741.8661452733045,0.8722611300270997,57.911479563623594,2.757338937802004,183.06625395716452,2.1512876658095257,142.82907652910455,2.252778014983905,149.56726086380542,8.921189686773966,592.298884409499,7.839304862698467,520.4699919794348,14.766381392894539,980.3749872893177,4.122983915572305,273.73465416302133,5.290903367691818,351.27558904484545,3.0443592458019686,202.12221108845213,1.77253558881827,117.68283028323822,4.8006264930362,318.7249476947557,29.28790317791311,19.39929366300002,USA,17.495641120802127,9.04714811308908,2.049593085257388,0.7062375556539463,2.232515292160543,1.7418180064524946,1.4351564668687589,53.1,36.9
1610612760,OKC,West,1631114,Jalen Williams,G-F,25.0,26.0,28.565361473650054,0.0,0.3951702461823784,33.0,28.363636363636363,2342.3596408393046,23.552697851070374,1532.4691355341627,6.5372592363952355,425.35033880656033,5.905092520716044,384.2180665540916,1.6262886765894797,105.81536001103227,0.5706750792285102,37.131285378267634,2.452421886176634,159.56816801364306,0.970981704084493,63.17745432335803,4.934110816631552,321.04061223073364,9.054987407426218,589.1676958739805,18.325599984080743,1192.3651610243369,3.9904196689250124,259.638832847258,4.876169823935688,317.2706499295959,2.7073392953758026,176.1545083207389,1.4246404460111564,92.69500787343996,4.043436603096727,263.0884085940596,25.031158130237834,19.218878294227828,USA,18.688647994319055,4.685586177488922,5.187199253738541,1.290431219646735,0.45282055339350774,1.9459532684590617,1.1304269252858532,49.4,35.2
1610612760,OKC,West,1627936,Alex Caruso,G,32.0,33.0,18.34382759468599,0.0,0.5308305573493961,56.0,18.214285714285715,1504.1938627642512,12.320534351447144,514.790893261748,4.135477935382984,172.79334805555726,5.217649948437533,218.00991751366524,2.5384564179863514,106.0647379119332,0.8388515856701813,35.0498724148652,1.5463428857288968,64.61109662340468,1.0825004228517088,45.23029145814575,4.135149525585823,172.77962605551943,4.475761887638849,187.01148784945823,10.20675295001744,426.47042072686526,1.3821957218872365,57.752508944494025,1.7237826139873904,72.02508968609864,2.8332455511142003,118.38196026916941,1.9970036484067328,83.44112866253406,6.007147790980435,250.99763444196105,19.71116144197109,12.168618414871348,USA,6.277937722704244,2.658657530654454,2.1072359518970396,1.293472413560161,0.42743746847396585,0.7879402027244473,1.0175747397870007,43.9,33.2
1610612760,OKC,West,1642850,Thomas Sorber,C,,,0.0,0.0,0.0,,,,,,,,,,,,,,,,,,,,,,,,,,,,,,,,,,0.0,,USA,,,,,,,,,
1610612760,OKC,West,1642923,Otega Oweh,G,,,0.0,0.0,0.0,,,,,,,,,,,,,,,,,,,,,,,,,,,,,,,,,,0.0,,USA,,,,,,,,,
1610612760,OKC,West,1642892,Bennett Stirtz,G,,,0.0,0.0,0.0,,,,,,,,,,,,,,,,,,,,,,,,,,,,,,,,,,0.0,,USA,,,,,,,,,
1610612760,OKC,West,1643530,Aday Mara,C,,,0.0,0.0,0.0,,,,,,,,,,,,,,,,,,,,,,,,,,,,,,,,,,0.0,,Spain,,,,,,,,,
1610612760,OKC,West,1641717,Cason Wallace,G,22.0,23.0,26.76040731460074,0.0,0.5232073624347325,77.0,26.571428571428573,2194.353399797261,11.798189246679463,719.1499079139602,3.366060393305069,205.1757241103301,4.337367848329165,264.38105233756755,2.4045741755355587,146.56904214308747,0.6241511025739664,38.04466927556645,1.2082968871361637,73.65084395143577,1.222636829694057,74.5249245543472,3.1147310186351067,189.85612778322033,4.609710317597461,280.9814863194583,10.122669866833627,617.019862147546,0.8005330185098675,48.795898633808086,0.9941065063076454,60.59502755213219,2.8213454382447534,171.9730265115241,1.812764439440202,110.4957169643662,4.951430107975175,301.8107636470512,16.123224677683325,11.129927318408988,USA,8.770120828219026,3.224159174848385,2.5021429769552452,1.7874273432083838,0.46395938140934695,0.8981810237979972,1.3475087434678805,45.5,36.6
1610612760,OKC,West,1642964,Brooks Barnhizer,G,24.0,25.0,0.0,0.0,0.09303882352941174,40.0,8.7,0.0,7.386206896551725,0.0,2.3896551724137933,0.0,8.472413793103449,0.0,1.1948275862068967,0.0,0.5431034482758621,0.0,1.0862068965517242,0.0,2.063793103448276,0.0,6.408620689655172,0.0,2.9327586206896554,0.0,7.712068965517242,0.0,0.7603448275862069,0.0,1.0862068965517242,0.0,2.9327586206896554,0.0,0.7458620689655172,0.0,2.557241379310345,0.0,7.386206896551725,7.386206896551725,USA,0.0,0.0,0.0,0.0,0.0,0.0,0.0,,
1610612760,OKC,West,1642349,Ajay Mitchell,G,24.0,25.0,26.025896983668005,0.0,0.3419122361169307,57.0,25.842105263157894,2134.1235526607766,17.91200899231341,1061.8455629435464,4.809391956875175,285.1065735873504,4.655374214556115,275.9762154926074,1.7295938023037172,102.53241305645749,0.3812744186232009,22.602408800300488,1.9849171242346215,117.66828846968895,1.070235513256384,63.444855992623445,3.5851387012997313,212.53135949998403,6.729622968490492,398.94019104395807,13.791578130071418,817.581436548519,2.9295503494268456,173.66728887270662,3.4069986548424245,201.9710020328556,3.5375582314119827,209.71073168236984,1.494199130554997,88.57793213562984,4.158444400009461,246.51761490251397,22.07047880566194,14.546600484515936,Belgium,12.949336133457884,3.365563603568383,3.476909433992078,1.2503952811763108,0.27563913171098153,1.4349791276791335,1.0802186845808517,48.8,35.9
1610612760,OKC,West,1629026,Kenrich Williams,G-F,31.0,32.0,0.0,0.0,0.4284520350757737,56.0,15.267857142857142,0.0,13.513894278286388,0.0,3.10754115319657,0.0,7.390676197173695,0.0,1.2761659159700152,0.0,0.25379279324332144,0.0,1.438070556355582,0.0,2.194587808801099,0.0,5.196088388372596,0.0,5.276166207138246,0.0,11.103663859835521,0.0,0.9698542822524615,0.0,1.4991884465790222,0.0,2.884645749630786,0.0,2.0746953976639944,0.0,5.335992440526965,0.0,12.77554220852497,11.772271198468792,USA,0.0,0.0,0.0,0.0,0.0,0.0,0.0,,
1610612760,OKC,West,1642260,Nikola Topić,G,20.0,21.0,16.113793651802595,0.0,0.10042681114551084,10.0,16.0,1321.3310794478127,12.402000000000001,455.1985568697715,10.494000000000002,385.16800965903747,4.531499999999999,166.32254962549342,1.1925000000000001,43.769092006708796,0.0,0.0,5.9625,218.84546003354401,1.6695,61.27672880939232,2.8619999999999997,105.0458208161011,5.247000000000001,192.58400482951873,12.1635,446.44473846842976,0.47700000000000004,17.50763680268352,1.1925000000000001,43.769092006708796,3.1005000000000003,113.79963921744287,1.4175,52.027411253257625,3.54375,130.06852813314407,9.063000000000002,9.063000000000002,Serbia,5.551201913045994,2.0283237759206516,4.6971708495004565,0.533769414715961,0.0,2.668847073579805,0.6344806250397271,43.1,40.0
1610612760,OKC,West,1628392,Isaiah Hartenstein,C-F,28.0,29.0,24.36354173151536,0.0,0.35656651371398995,47.0,24.19148936170213,1997.8104219842596,13.194129018675998,732.2046795143295,4.76080543289144,264.1996308574946,13.344291665447757,740.5379156452561,1.3829769863676935,76.74793990916004,1.294980313610962,71.86458796656737,2.267774984615695,125.84956941612303,4.3161126625385045,239.5215238799349,9.028179002909251,501.0163917653212,5.625794635170006,312.2019765023826,9.21851584155174,511.5790839855296,1.9388777860816266,107.5975068885456,3.0016169816317873,166.57393579747,3.770050600685796,209.21795504050283,0.003754905458784059,0.2083774794201217,0.2567558844570896,14.248599496504443,24.665941419247066,16.142354454116806,Germany,8.929325359930848,9.030950190795807,3.2219467177743244,0.9359504866970736,0.8763974142264314,1.5347508465380857,0.0025411887734161183,61.0,1.5
1610612761,TOR,East,1642927,Nate Bittle,C,,,0.0,0.0,0.0,,,,,,,,,,,,,,,,,,,,,,,,,,,,,,,,,,0.0,,USA,,,,,,,,,
1610612761,TOR,East,1643558,Jaden Bradley,G,,,0.0,0.0,0.0,,,,,,,,,,,,,,,,,,,,,,,,,,,,,,,,,,0.0,,USA,,,,,,,,,
1610612761,TOR,East,1630639,A.J. Lawson,G,25.0,26.0,0.0,0.0,0.1293027105532039,24.0,9.416666666666666,0.0,17.276448567230588,0.0,1.8030257065128639,0.0,6.81735962470884,0.0,1.5425145192060497,0.0,0.5465294216365914,0.0,1.1909238164516154,0.0,1.559362036999211,0.0,5.25799758770963,0.0,6.024807508798467,0.0,13.909444865602783,0.0,2.551781810418391,0.0,3.5557440074448143,0.0,3.8153309108828726,0.0,2.6240983727540206,0.0,7.205114605033421,0.0,12.687274916335701,12.687274916335701,Canada,0.0,0.0,0.0,0.0,0.0,0.0,0.0,,
1610612761,TOR,East,1641711,Gradey Dick,G-F,22.0,23.0,13.30466831730244,0.0,0.3243911409563547,76.0,14.039473684210526,1090.9828020188002,16.364220846393707,495.91898644036297,1.9754838953640965,59.86719320853712,4.677847093310621,141.76252025765336,1.314826281204873,39.84591278991253,0.20409445940526472,6.185098477735221,1.6263205775391347,49.2857716851244,1.1942595259915363,36.19212788899696,3.483587567319085,105.57039236865643,5.76713166009451,174.77337383725674,13.83060725542067,419.1376293650108,2.53803457490781,76.9153353375977,2.9264871140851323,88.68741977212527,3.1013385711706913,93.9863067884662,2.336426309574483,70.80558116472261,7.071199343451226,214.29324648199773,7.521792764987265,10.689000477891927,USA,6.047792517565402,1.7288112226543093,0.7300877220553307,0.4859257657306406,0.07542803021628318,0.6010459961600537,0.8634826971307635,41.7,33.0
1610612761,TOR,East,1627742,Brandon Ingram,F,28.0,29.0,32.04818800943807,0.0,0.6256036084080758,77.0,33.81818181818182,2627.9514167739217,22.926425156546607,1673.5980964363314,4.829237595041562,352.52782721742665,5.811071375799238,424.20036819461086,0.8511347953058938,62.13169142193626,0.7053463510693777,51.489331739141306,3.0726594697165934,224.29999463070914,0.88014110514422,64.24911289513106,4.9309302706550175,359.9512552994797,8.647166128332435,631.2314577230748,18.179618678306706,1327.0876295018265,3.644631431233801,266.05317592582315,4.424207390857189,322.9611689140224,2.3066405558215743,168.3816476849859,2.0379046531313842,148.76428945685524,5.435399661488688,396.7768400317137,14.199580960524695,16.173133869551318,USA,20.409732883369895,5.173175221885498,4.299119844114959,0.7577035539260519,0.6279186797456257,2.73536578817938,1.8141986519128688,47.6,37.5
1610612761,TOR,East,1630567,Scottie Barnes,F-G,24.0,25.0,31.758505127229103,0.0,0.6223906329640608,80.0,33.5125,2604.1974204327867,21.175296190773132,1531.7958810253224,6.661420442271584,481.8792758939415,8.683624571729998,628.1631308251673,1.5701247937355145,113.58097048898856,1.4648207847234442,105.96340302703122,3.057041739993381,221.1427837068367,2.134962716761943,154.44067776976738,6.548661854968058,473.72245305540014,8.147701550814226,589.3950933635173,16.993847590397287,1229.3148349483486,3.6314571896920635,262.6953179391158,4.615862221269933,333.90601360289753,2.506985193334245,181.352343709562,1.2246561680344707,88.59017871423528,4.067008726463972,294.202600953753,19.02761750527505,18.802651778718307,USA,18.68043757347954,7.660525985672772,5.87657653529197,1.38513378645108,1.2922366222808686,2.6968632159370327,1.0803680331004302,47.9,30.1
1610612761,TOR,East,1630193,Immanuel Quickley,G,27.0,28.0,30.203324959278785,0.0,0.5078533397508976,70.0,31.87142857142857,2476.67264666086,20.135084416040677,1385.2225780948695,6.807432491417436,468.3272734856654,4.590921677940277,315.8391706310295,1.1903429784018185,81.89138596535008,0.12407250407350322,8.535749362265655,1.8776670392144497,129.176849876642,0.5579214088738204,38.38301923178557,4.0330002690664575,277.456151399244,6.813060645786091,468.71447059611074,15.718382663087617,1081.3691219838163,3.448559719057638,237.248709071292,4.078178237684311,280.56423581889794,2.2886468580339865,157.4508075321971,3.0910074394649643,212.65037710966948,8.150399459735205,560.7186500357121,15.970586660824061,16.455309162492153,USA,16.89295826944963,3.8516972028174328,5.711308213239822,0.9986754386018303,0.10409450441787384,1.5753274375200244,2.5932972818252376,43.3,37.9
1610612761,TOR,East,1629628,RJ Barrett,F-G,26.0,27.0,28.695854440067492,0.0,0.4784371044624746,57.0,30.280701754385966,2353.0600640855346,23.10811688993637,1510.410750275825,4.564971075812013,298.37919811663403,6.48643626914053,423.97150397640416,0.8264912594817962,54.02176600006582,0.3816711696398607,24.947088524788096,2.4958089198695017,163.1330082481494,1.134444158688576,74.15042346514448,5.351992110451954,349.82108051125977,8.552603345079381,559.0219270908512,17.651138423918624,1153.7274697491277,4.029255296826949,263.36332574912774,5.849015784391956,382.3079293460733,2.827655100042469,184.8233969699367,2.032864550039175,132.87367745534425,5.874098424424628,383.9474004172598,15.952045250892247,16.507435551828287,Canada,18.419643296046647,5.170384194834197,3.638770708739439,0.6588020243910465,0.3042327868876597,1.9894269298554805,1.62041070067493,48.5,34.6
1610612761,TOR,East,203937,Kyle Anderson,F-G,32.0,33.0,18.79895899553372,0.0,0.3578257887952845,43.0,19.837209302325583,1541.514637633765,11.2388232510167,481.24473753391504,5.41337539584958,231.79992810301678,6.3410979876243925,271.5248712942504,1.6229379480909825,69.49396119315436,1.0684199117500754,45.7495814750588,1.545594367255801,66.1821205824754,1.6611488906362033,71.13014806124438,4.6799490969881905,200.394723233006,4.485887752328113,192.08504536099488,9.069999592371518,388.3760315270271,1.8712205876414592,80.12538683586013,2.616625531099367,112.04351548321942,3.3245839490780544,142.35818948739134,0.39785704158424084,17.03617925799369,1.1765934008253198,50.38155416432006,11.640900930816056,12.237572328970238,USA,5.86883826260872,3.3112789182225657,2.8268283915002046,0.8474873316238337,0.557921725305595,0.8070990314936025,0.2077582836340694,49.5,33.8
1610612761,TOR,East,1642266,Ja'Kobe Walter,G,21.0,22.0,19.40073627482933,0.0,0.33616824095571834,72.0,20.47222222222222,1590.860374536005,14.18327394630002,626.766902843267,2.3796944771580013,105.16004575591224,4.934039328189886,218.0379903783206,1.6853348445118734,74.47590060996497,0.3459966774142111,15.289788994982922,1.2206770320854865,53.94240890141711,1.6308486075736597,72.06812296267096,3.3031907206162274,145.96986741564967,4.843878967177313,214.05375299807713,11.341287934533339,501.1779325347884,1.9533006164886058,86.31745973134647,2.4674140437312277,109.03642304849055,3.7345406867859596,165.03146654722948,2.591578801193815,114.52333395296567,6.695805678499694,295.89144248662035,10.507049938501725,10.987655195499539,USA,7.643498815161792,2.6589998826624464,1.2824395823891737,0.9082426903654264,0.18646084140223076,0.6578342548953307,1.3966260238166546,42.7,38.7
1610612761,TOR,East,1627751,Jakob Poeltl,C,30.0,31.0,23.670935498555853,0.0,0.4176483579648343,46.0,24.97826086956522,1941.01671088158,15.413354298818787,831.0438406873806,3.0383266630736827,163.8178562817524,10.479296408124556,565.0135957347522,1.1936637801135657,64.35892623262518,1.3171397404639154,71.01639574463019,1.9481207695618685,105.03708245930751,3.644951967317335,196.52535219232325,6.8343444408072225,368.4882435424291,6.805361529509873,366.9255681213692,10.22860447165212,551.4970057909671,1.796260112354854,96.84919153252211,2.9207260905970562,157.47717082657536,4.037565185945096,217.69393047758678,0.006636591087697842,0.3578259501252576,0.019909773263093525,1.0734778503757725,15.923793828647712,15.806802517183648,Austria,10.134680983992446,6.890409704082344,1.9977787351433218,0.7848649540564047,0.8660536066418315,1.280940029991555,0.004363731099088507,66.5,33.3
1610612761,TOR,East,1643512,Allen Graves,F,,,0.0,0.0,0.0,,,,,,,,,,,,,,,,,,,,,,,,,,,,,,,,,,0.0,,USA,,,,,,,,,
1610612761,TOR,East,1642347,Jamal Shead,G,23.0,24.0,21.403281082096523,0.0,0.41262695968274943,82.0,22.585365853658537,1755.0690487319148,12.132419978171137,591.4787441640249,8.70668344370892,424.46751747667014,2.935884198432681,143.12998575917516,1.5292703992461365,74.55486513496645,0.2874159326233527,14.01207798499066,2.5676193541431243,125.17636826060075,0.6243297806503425,30.43727428391671,2.311554417782339,112.69271147525846,4.348122915853995,211.97933193603643,11.330218775829168,552.3698969116383,1.6673074533262284,81.28443627924709,2.139694946429893,104.31423261686662,3.6020216674764107,175.60546504026584,1.7351739942200255,84.59306031722492,5.396739179759783,263.10138606875717,8.89578125930667,10.698770117525832,USA,7.21315541663445,1.7454876312094532,5.176433139959392,0.9092056723776396,0.17087899981695925,1.5265410763487897,1.031622686795426,38.4,32.2
1610612761,TOR,East,1642935,Chucky Hepburn,G,23.0,24.0,0.0,0.0,0.06704176470588234,2.0,6.5,0.0,0.0,0.0,5.815384615384615,0.0,2.9076923076923076,0.0,2.9076923076923076,0.0,0.0,0.0,2.9076923076923076,0.0,0.0,0.0,2.9076923076923076,0.0,0.0,0.0,17.446153846153848,0.0,0.0,0.0,0.0,0.0,5.815384615384615,0.0,0.0,0.0,14.261538461538462,0.0,-9.595384615384615,-9.595384615384615,USA,0.0,0.0,0.0,0.0,0.0,0.0,0.0,,
1610612761,TOR,East,1642867,Collin Murray-Boyles,F,21.0,22.0,20.715547295668653,0.0,0.24550511029411762,57.0,21.859649122807017,1698.6748782448296,14.40346709470305,679.6335475943921,3.1544783306581063,148.84536372935034,8.481380417335473,400.197440215706,1.5474799357945428,73.01848032005866,1.5772391653290532,74.42268186467517,1.7557945425361157,82.84789113237424,3.957977528089888,186.75880543399617,4.523402889245586,213.4386347817099,5.8923274478330665,278.0319058340695,10.17765650080257,480.23692825884734,2.112905296950241,99.69830966777239,3.2139967897271267,151.65376681858336,4.374606741573034,206.41762705862735,0.5157303370786517,24.33494909845121,1.5168539325842696,71.57337970132708,17.21563790156775,14.677252006420549,USA,8.288213995053562,4.880456587996415,1.815187362553053,0.8904692721958373,0.9075936812765265,1.0103401357606616,0.29676767193233183,57.9,34.0
1610612761,TOR,East,1631218,Trayce Jackson-Davis,F,26.0,27.0,0.0,0.0,0.14710072135233546,53.0,9.358490566037736,0.0,14.559572383513476,0.0,3.111505936999399,0.0,10.918233571983722,0.0,1.055809575907286,0.0,1.773229283413666,0.0,1.6141837647648882,0.0,4.617271824358039,0.0,6.300961747625681,0.0,6.009335426877864,0.0,10.005936617316722,0.0,2.5050912579784725,0.0,4.653617532750181,0.0,3.129847290676379,0.0,0.03688457993265873,0.0,0.07906442704798859,0.0,15.317730414307722,15.831120762733558,USA,0.0,0.0,0.0,0.0,0.0,0.0,0.0,,
1610612761,TOR,East,1641748,Andre Jackson Jr.,G,24.0,25.0,0.0,0.0,0.12722687209526165,48.0,8.5,0.0,9.540083858191794,0.0,3.6075731243548463,0.0,6.93522237251693,0.0,1.4831424218096105,0.0,0.42831794699147435,0.0,2.4746672394935914,0.0,2.478411190829101,0.0,4.4568111816878275,0.0,3.556603894957753,0.0,9.09524564573637,0.0,1.1615915382873963,0.0,1.8928007374012983,0.0,4.522666150405907,0.0,1.2411838722748159,0.0,4.168046372619302,0.0,3.4795057769554973,7.4000334446966765,USA,0.0,0.0,0.0,0.0,0.0,0.0,0.0,,
1610612761,TOR,East,1641998,Trey Jemison III,C,26.0,27.0,0.0,0.0,0.11168933555608478,13.0,6.3076923076923075,0.0,7.62750854740497,0.0,1.8713125422087669,0.0,8.541626079988713,0.0,0.6208674329631723,0.0,1.2052231702606313,0.0,3.268668947443174,0.0,3.7747391161722956,0.0,4.766886963816418,0.0,3.390971603659903,0.0,5.9484510921335785,0.0,0.8455653400851633,0.0,1.4655682597223758,0.0,5.199568185323312,0.0,0.0,0.0,0.0,0.0,3.8803958322525274,6.070309937105325,USA,0.0,0.0,0.0,0.0,0.0,0.0,0.0,,
1610612761,TOR,East,1642918,Alijah Martin,G,24.0,25.0,0.0,0.0,0.06680526854219948,23.0,6.3478260869565215,0.0,13.204109589041096,0.0,3.106849315068493,0.0,5.4369863013698625,0.0,2.0712328767123287,0.0,1.0356164383561643,0.0,2.0712328767123287,0.0,2.33013698630137,0.0,3.106849315068493,0.0,4.142465753424657,0.0,12.945205479452055,0.0,3.883561643835616,0.0,4.919178082191781,0.0,3.106849315068493,0.0,1.015890410958904,0.0,5.333424657534246,0.0,9.605342465753424,9.605342465753424,USA,0.0,0.0,0.0,0.0,0.0,0.0,0.0,,
1610612761,TOR,East,1642419,Jamison Battle,F,25.0,26.0,0.0,0.0,0.22499776480377043,61.0,8.475409836065573,0.0,14.48697053039318,0.0,1.8196340648125413,0.0,6.207440165353862,0.0,0.5523413819033637,0.0,0.2747731000738966,0.0,1.2308218535560262,0.0,1.415882204390197,0.0,4.791557960963665,0.0,5.408410967463043,0.0,11.369252294516603,0.0,0.6280337335216586,0.0,0.8803564018638346,0.0,3.173844315205874,0.0,2.9841698169559976,0.0,7.302282925179133,0.0,9.516324185944473,10.537580992927639,USA,0.0,0.0,0.0,0.0,0.0,0.0,0.0,,
1610612762,UTA,West,1643060,Hayden Gray,G,23.0,24.0,21.192581175165234,0.0,0.2576029411764706,1.0,25.0,1737.7916563635492,9.072000000000001,437.9234974036144,1.512,72.98724956726907,0.0,0.0,1.512,72.98724956726907,1.512,72.98724956726907,1.512,72.98724956726907,0.0,0.0,0.0,0.0,3.024,145.97449913453815,4.5360000000000005,218.9617487018072,3.024,145.97449913453815,3.024,145.97449913453815,0.0,0.0,0.0,0.0,1.4832,71.59701624217823,9.223200000000002,9.223200000000002,USA,5.340530456141639,0.0,0.8900884093569399,0.8900884093569399,0.8900884093569399,0.8900884093569399,0.0,66.7,0.0
1610612762,UTA,West,1642271,Kyle Filipowski,C,22.0,23.0,0.0,0.0,0.4162823370964547,77.0,23.38961038961039,0.0,17.599898394720405,0.0,3.8192268822735054,0.0,11.115482753413021,0.0,1.3740494242339911,0.0,0.6997712481418624,0.0,2.5393363464143146,0.0,2.8734904189078,0.0,8.241992334505222,0.0,6.528049227762461,0.0,13.176211258129198,0.0,2.8840584131946425,0.0,4.0243131055049775,0.0,4.540584502553033,0.0,1.6919695167969753,0.0,5.047582176071187,0.0,9.356524120482533,15.197487289887066,USA,0.0,0.0,0.0,0.0,0.0,0.0,0.0,,
1610612762,UTA,West,1642396,Blake Hinson,F,26.0,27.0,0.0,0.0,0.21240882352941173,14.0,20.357142857142858,0.0,21.094736842105263,0.0,2.0210526315789474,0.0,4.168421052631579,0.0,0.631578947368421,0.0,0.25263157894736843,0.0,0.631578947368421,0.0,1.3894736842105264,0.0,2.778947368421053,0.0,7.4526315789473685,0.0,14.526315789473683,0.0,1.5157894736842106,0.0,2.0210526315789474,0.0,3.031578947368421,0.0,4.813894736842105,0.0,10.278315789473684,0.0,15.890526315789472,15.890526315789472,USA,0.0,0.0,0.0,0.0,0.0,0.0,0.0,,
1610612762,UTA,West,1641718,Keyonte George,G,22.0,23.0,28.03699998432971,0.0,0.38592735700582054,54.0,33.074074074074076,2299.0339987150364,22.70657973046366,1450.088855413046,6.653474529039221,424.90455977349126,4.178907064324565,266.8735949542394,0.9748113520556535,62.25345668637001,0.2177352590505993,13.905021202120933,3.3756224315227428,215.57418713599736,0.43158030645718276,27.561605492247715,3.7473267578673815,239.31198946199163,7.2254482309828,461.4319760829132,16.97378737716377,1083.9809518627676,5.404199153792323,345.12326639987725,6.2304981229777905,397.89241704600437,2.1626626814642087,138.1120842344012,2.906852738292253,185.6375909608831,8.205163189863358,523.9985871805828,9.328999931344924,16.354863212658298,USA,17.684010431866415,3.25455603602731,5.181762924066967,0.759188496175244,0.16957342929415772,2.6289535016585046,2.2638730604985744,42.6,35.4
1610612762,UTA,West,1642262,Cody Williams,F,21.0,22.0,20.635880535339997,0.0,0.35458481375641493,67.0,24.34328358208955,1692.1422038978797,11.31091529420459,531.6576981677108,2.7085295634832844,127.31158846875464,4.28942011073895,201.61968887860263,1.0222979462953992,48.05204166346036,0.578961998753639,27.213500904002895,1.6130673394811723,75.82053674626,1.2158560794373614,57.150038496715894,3.0735640313015895,144.46965038188677,4.441742068505242,208.77942258184407,10.574066035499854,497.0228723742344,1.563697260912326,73.49994803636837,2.200591341596049,103.43648562908139,2.986023758154372,140.35491175041022,0.8805054282484146,41.38723321945329,3.723265971622051,175.00820796995882,0.20982069310825313,7.720241926598253,USA,6.483630465459888,2.4587766936414956,1.5525803471799347,0.5860005080909799,0.3318719622439377,0.924640692027561,0.5047223563347962,42.0,23.6
1610612762,UTA,West,1642926,Tamar Bates,G,,,0.0,0.0,0.0,,,,,,,,,,,,,,,,,,,,,,,,,,,,,,,,,,0.0,,USA,,,,,,,,,
1610612762,UTA,West,1642268,Isaiah Collier,G,21.0,22.0,21.796030944220785,0.0,0.298891353357767,59.0,25.71186440677966,1787.2745374261044,15.109866531539577,750.152214325766,9.818926280311102,487.4754701573346,4.080719440599231,202.59349862674173,1.504065353690683,74.6716030354485,0.42460612855086877,21.08021449983453,3.8403213816373625,190.65857280370818,0.5642871901289276,28.014892408698756,3.516432250470303,174.57860621804298,5.647512524189069,280.37931484105974,12.04798004614038,598.1402212190134,3.082649827705234,153.04282069051482,4.334268913883763,215.1813463372763,3.230584862580593,160.3872796079029,0.7464089691543855,37.05660402989166,2.8712820725073454,142.54914827667866,5.033157283636328,13.42655129590133,USA,9.148197735680073,2.4706524222773383,5.944822806796763,0.9106293053103476,0.2570757865833479,2.3251045463866853,0.45190980524258123,46.9,26.0
1610612762,UTA,West,1629004,Svi Mykhailiuk,G-F,29.0,30.0,0.0,0.0,0.2739688715486194,50.0,23.12,0.0,14.292936812376903,0.0,3.0194185183278845,0.0,3.936707947447309,0.0,0.8322835870577729,0.0,0.15957263935337457,0.0,1.5510908629970015,0.0,1.0221887414689728,0.0,2.914519205978336,0.0,5.153531214489555,0.0,11.852748814558261,0.0,0.8628145678639325,0.0,1.0551565056128211,0.0,1.8483364299016172,0.0,3.285719180926249,0.0,8.6047784145664,0.0,6.777105639148915,10.337528196181175,Ukraine,0.0,0.0,0.0,0.0,0.0,0.0,0.0,,
1610612762,UTA,West,1629637,Jaxson Hayes,C-F,26.0,27.0,0.0,0.0,0.3422085619679137,66.0,18.28787878787879,0.0,13.669917174209363,0.0,1.7272225271909052,0.0,8.437674182198329,0.0,1.0173826112184847,0.0,1.520402097112523,0.0,1.241997579239854,0.0,2.809943545022661,0.0,5.627730637175668,0.0,5.5746242654206934,0.0,7.544973033247521,0.0,2.4765214317627007,0.0,3.869677135764503,0.0,4.249763926024017,0.0,0.04547162795343513,0.0,0.14333296565966702,0.0,15.987957628968283,14.065119846753644,USA,0.0,0.0,0.0,0.0,0.0,0.0,0.0,,
1610612762,UTA,West,1628964,Mo Bamba,C,28.0,29.0,0.0,0.0,0.18343728844169246,4.0,11.0,0.0,10.0327384352879,0.0,1.262662313993979,0.0,14.850295440693994,0.0,0.44659285072800636,0.0,2.583101322480318,0.0,1.6948941223094536,0.0,5.552660500411734,0.0,9.29763494028226,0.0,4.285916689860067,0.0,9.220478398750284,0.0,0.8260466175072355,0.0,1.1896578941458762,0.0,4.827816399589968,0.0,0.6509715963869407,0.0,2.093360153079177,0.0,10.941819900859263,11.336085267938738,USA,0.0,0.0,0.0,0.0,0.0,0.0,0.0,,
1610612762,UTA,West,1642846,Ace Bailey,F,19.0,20.0,23.40602854234916,0.0,0.39197999178782655,72.0,27.61111111111111,1919.294340472631,19.060804828973843,1016.2026342528582,2.5145674044265593,134.0609718903569,5.796941649899397,309.0565916861663,1.1517102615694166,61.40197185817873,0.9405633802816901,50.144943684179296,2.053883299798793,109.50018314708542,1.9962977867203222,106.43008455417649,3.800643863179075,202.62650713198985,7.582092555331992,404.2296480663434,17.122092555331992,912.8426482915905,1.2668812877263582,67.54216904399661,1.689175050301811,90.05622539199548,3.70466800804829,197.50967614380826,2.6049295774647887,138.8785165377203,7.567605633802817,403.45729621907066,7.467748369996295,12.511412474849093,USA,12.392715051864124,3.7689828254410527,1.6348899011019136,0.7488045348558382,0.6115237034656011,1.3353680871595783,1.6936404455819547,44.3,34.4
1610612762,UTA,West,1628991,Jaren Jackson Jr.,F-C,26.0,27.0,25.696004674887845,0.0,0.45323115041820916,48.0,30.3125,2107.0723833408033,24.6164082976923,1440.7931694752453,2.4089227191002713,140.99373708384493,6.645896643126573,388.9829244241487,1.3789206264227198,80.70793252095315,1.7669934535553329,103.42175298695645,2.6128815137725665,152.93140218366355,1.2561615997282038,73.52287266112508,5.389735043398368,315.46005176302356,8.888771288838397,520.2579029040007,18.783256559228573,1099.3800323654311,4.684947750785468,274.2090006409631,5.879821482602611,344.144707360165,4.267990085584288,249.8045567140835,2.218535508306939,129.85041391706952,6.237248170340488,365.06481577131655,19.670356647945326,17.02390576114541,USA,17.5706484082347,4.743694200294496,1.71943581809567,0.984243079523819,1.2612408900848346,1.865017099800775,1.583541633134994,47.3,35.6
1610612762,UTA,West,1629006,Josh Okogie,G,27.0,28.0,0.0,0.0,0.35481987215664074,78.0,17.358974358974358,0.0,11.731073835607296,0.0,1.965863747505377,0.0,5.777389261612949,0.0,2.0382180147077262,0.0,0.7262642609734031,0.0,1.3571611035892845,0.0,2.4115403847727186,0.0,3.3658488768402313,0.0,3.9540870709869784,0.0,9.164684414525128,0.0,2.2237534093549427,0.0,3.1758283893353045,0.0,2.7443614002101206,0.0,1.6151377471211812,0.0,4.493765432057219,0.0,12.01283432602968,10.682234471204863,Nigeria,0.0,0.0,0.0,0.0,0.0,0.0,0.0,,
1610612762,UTA,West,1643016,Bez Mbeng,G,23.0,24.0,27.804666501816786,0.0,0.34256705882352934,15.0,32.8,2279.9826531489766,9.373170731707317,593.6296298137885,4.763414634146341,301.6806315447121,4.379268292682927,277.35154835562247,2.6121951219512196,165.43776568580992,0.38414634146341464,24.32908318908969,1.6902439024390246,107.04796603199465,1.3829268292682926,87.58469948072288,2.996341463414634,189.76684887489955,3.841463414634146,243.2908318908969,7.682926829268292,486.5816637817938,1.229268292682927,77.85306620508702,1.920731707317073,121.64541594544845,3.5341463414634147,223.82756533962515,0.4521951219512195,28.638806496871293,2.336341463414634,147.96716690050164,10.233658536585367,10.233658536585367,USA,7.239385729436445,3.3823359555563717,3.6790320920086845,2.0175337278757306,0.2966961364523133,1.3054630003901786,0.3492537377667231,50.0,19.4
1610612762,UTA,West,1643408,Darryn Peterson,G,,,0.0,0.0,0.0,,,,,,,,,,,,,,,,,,,,,,,,,,,,,,,,,,0.0,,USA,,,,,,,,,
1610612762,UTA,West,1628374,Lauri Markkanen,F-C,29.0,30.0,29.124661557869935,0.0,0.49502855842530435,42.0,34.357142857142854,2388.2222477453347,24.513375942461494,1626.205272031439,1.9700986797305535,130.6953749218394,7.1075868088945695,471.5138040217578,0.9223622745049576,61.18905845704803,0.4685379865957012,31.082578986157195,1.5110597347657075,100.24295767332299,1.9701872912311862,130.70125336509545,5.1373995176633835,340.8125506566623,8.279367487787914,549.2491564331805,17.915780403927123,1188.524037399407,4.940759907242787,327.7675758679278,5.543116052190627,367.72758549099854,1.8566166853308566,123.16703537339865,3.1708540314992804,210.35289284387687,8.80023212472882,583.8030596000157,17.551545655896508,18.33918668804467,Finland,19.8317716101395,5.750168341728753,1.5938460356321877,0.7462080299640004,0.37905584129459996,1.2224750935771096,2.5652791810228885,46.2,36.0
1610612762,UTA,West,1641725,Trey Alexander,G,23.0,24.0,0.0,0.0,0.10364846405228759,9.0,12.333333333333334,0.0,13.815198416568828,0.0,3.2538503677536914,0.0,3.796567062791167,0.0,1.5032846635608819,0.0,0.5427166950374759,0.0,1.2511040179866255,0.0,0.33379105829451106,0.0,3.4627760044966562,0.0,5.592837578286432,0.0,12.849730843103092,0.0,1.001373174883533,0.0,1.5440898699210088,0.0,3.9646874931740044,0.0,1.5971377025388578,0.0,4.541632763343446,0.0,9.436824314109874,9.436824314109874,USA,0.0,0.0,0.0,0.0,0.0,0.0,0.0,,
1610612762,UTA,West,1641729,Brice Sensabaugh,F,22.0,23.0,19.915374949675275,0.0,0.41213494338580503,75.0,23.493333333333332,1633.0607458733725,20.796658580063085,943.394632567547,3.053818385392085,138.52974806139488,5.356637223121113,242.992054971201,1.0925104237010546,49.55933020565774,0.26357255923224854,11.956388893654708,2.7329420604228964,123.97389998952575,1.118379602702851,50.73282855998566,4.238257620418262,192.2592264112153,7.36084449760108,333.9085057086202,16.429207449614484,745.2748269937722,2.706683096924735,122.78271991963214,3.1841994621924217,144.444198576043,2.912682775722977,132.12744183929695,3.4336901090611662,155.76179251670695,9.187864242324396,416.7872342375991,7.425186018292158,13.620556540509778,USA,11.50481259228716,2.9633177435512317,1.6893871714804254,0.6043820756787529,0.1458096206543257,1.511876829140558,1.899534055081792,44.8,37.4
1610612762,UTA,West,203994,Jusuf Nurkić,C,31.0,32.0,22.391771134345316,0.0,0.41657383984583785,41.0,26.414634146341463,1836.1252330163159,14.315033323584665,730.1164971362006,5.228216392419155,266.65722338306506,13.438922730702803,685.4318091777764,1.486694784804929,75.82660578261365,0.950469281167911,48.47723973220224,3.140275996181416,160.16499986733737,3.257302916967165,166.13377992836283,10.18161981373564,519.2980292494136,5.573744973766218,284.2803830202783,11.235348728182775,573.0418694876157,2.378923346731402,121.33336623180972,3.9225223955420643,200.06228743128864,4.250574523242744,216.79408713728606,0.8214791972091919,41.898296733160656,2.574981067029221,131.33299199198973,13.244694178985437,14.368214520674012,Bosnia and Herzegovina,8.903859721173177,8.358924502168005,3.251917358330062,0.9247147046660201,0.5911858503927103,1.9532317056992363,0.5109548382092763,49.6,31.9
1610612762,UTA,West,201567,Kevin Love,F-C,37.0,38.0,0.0,0.0,0.4576448390590078,37.0,16.56756756756757,0.0,15.344910609429977,0.0,3.571408849764344,0.0,12.21866163849422,0.0,1.1389532322439728,0.0,0.4844567276741211,0.0,1.7479646010836263,0.0,2.842998085947351,0.0,9.375663552546866,0.0,5.002776651859594,0.0,12.81344711056044,0.0,2.287752897078909,0.0,2.936669631200137,0.0,3.0463501847420567,0.0,3.1165321620070254,0.0,8.604152597282813,0.0,11.782257409191498,13.93139378653067,USA,0.0,0.0,0.0,0.0,0.0,0.0,0.0,,
1610612762,UTA,West,1629723,John Konchar,G,30.0,31.0,0.0,0.0,0.25105457601222303,56.0,19.910714285714285,0.0,7.303171757296297,0.0,3.2470943069914084,0.0,8.05840175273738,0.0,2.140771033886243,0.0,1.1445908392631807,0.0,1.1083936966623258,0.0,2.2589316750546886,0.0,5.799470077682691,0.0,2.7340112737151907,0.0,5.993942318781645,0.0,0.745163492672757,0.0,0.9709826596678867,0.0,2.2621991997638555,0.0,1.1354017887428736,0.0,3.540811750129254,0.0,8.67223220081278,10.633459432376847,USA,0.0,0.0,0.0,0.0,0.0,0.0,0.0,,
1610612762,UTA,West,1631127,Harrison Ingram,F,23.0,24.0,0.0,0.0,0.050119803921568624,7.0,3.7142857142857144,0.0,11.481098390823977,0.0,2.144173555852559,0.0,6.432520667557676,0.0,1.2522217989883624,0.0,0.0,0.0,1.3093590231936503,0.0,3.5106698032514974,0.0,2.921850864306179,0.0,5.29457331697989,0.0,7.021339606502995,0.0,0.0,0.0,0.0,0.0,2.6187180463873005,0.0,0.8749621995905926,0.0,1.284418851323295,0.0,12.414311160968321,12.414311160968321,USA,0.0,0.0,0.0,0.0,0.0,0.0,0.0,,
1610612763,MEM,West,1642942,Jahmai Mashack,G,23.0,24.0,21.411099804164046,0.0,0.2302119734345351,31.0,21.70967741935484,1755.7101839414518,10.783952451708766,525.9304206279296,3.875482912332838,189.00624491316225,4.549479940564636,221.87689620240783,2.0781575037147104,101.35117480850728,0.7863298662704309,38.34909317078654,2.752154531946508,134.2218260977529,1.2918276374442792,63.002081637720735,3.257652303120357,158.8748145646871,4.32481426448737,210.92001243932594,10.952451708766716,534.1480834502412,1.0671619613670134,52.04519787463887,1.9658246656760774,95.87273292696635,3.763150074294205,183.5278030316213,1.0468350668647846,51.053860772264805,4.132243684992571,201.5283977852558,-2.323030300989502,7.453283803863298,USA,6.413785617413776,2.705815807346437,2.3049542062580763,1.2359899366891132,0.4676718679364212,1.6368515377774746,0.6226080581983513,39.5,25.3
1610612763,MEM,West,1643563,Richie Saunders,G,,,0.0,0.0,0.0,,,,,,,,,,,,,,,,,,,,,,,,,,,,,,,,,,0.0,,USA,,,,,,,,,
1610612763,MEM,West,1642377,Jaylen Wells,F,22.0,23.0,26.028339363974084,0.0,0.4585481298628422,69.0,26.391304347826086,2134.323827845875,16.576349321897116,982.7582593450506,2.3331960932103617,138.32766713266054,4.62738450648678,274.3426947999877,1.0705430893644803,63.46904512128739,0.16852331566623047,9.991203560389659,1.4082279373733448,83.48929004928273,1.3720265829347922,81.34302856654669,3.2553579235519883,192.99966623344105,5.7724984135473525,342.2328030621285,13.459432928143144,797.9663446619246,2.4522559427343342,145.38634140429272,3.082751849037558,182.76640907602192,2.87254582703884,170.30397236745088,2.6291760967684286,155.8753664148797,7.450112073570279,441.6931032984246,10.911354528943322,11.413073667603731,USA,11.984856821281106,3.3456426195120454,1.6869227699104943,0.7740127453815535,0.12184394585841048,1.0181620737717405,1.9009191026204841,42.9,35.3
1610612763,MEM,West,1630590,Scotty Pippen Jr.,G,25.0,26.0,0.0,0.0,0.2516504245553643,10.0,21.2,0.0,19.272801489634,0.0,7.933343825644896,0.0,4.684370665381066,0.0,2.8960765177018697,0.0,0.701753095453377,0.0,4.125061656877318,0.0,1.4664986488993126,0.0,3.217872016481754,0.0,7.176733269853231,0.0,15.442855608698771,0.0,3.010961487347324,0.0,3.9894987261951687,0.0,4.986879481815631,0.0,1.8720234918643992,0.0,5.2530726783572925,0.0,14.776473627231809,15.754822547988148,USA,0.0,0.0,0.0,0.0,0.0,0.0,0.0,,
1610612763,MEM,West,1629660,Ty Jerome,G-F,28.0,29.0,22.289177597024267,0.0,0.24960580789277736,15.0,22.6,1827.7125629559898,24.027906425756175,1219.8918454412644,7.65188236063305,388.48448668862113,4.000215872032527,203.0901334402722,1.4433261544064793,73.27737069032442,0.23018931334541565,11.686663884989697,2.584745631131445,131.2270017240153,1.4264570591021388,72.42093020661761,2.573758812930388,130.6692032336546,8.715616373945107,442.49004279345564,17.84057803453024,905.7624612252112,3.5502278933228473,180.24433672174848,4.061927712724161,206.2232308434733,3.3332309477789193,169.2274466247009,3.123766743541678,158.59299224764573,7.820534951026713,397.0469438618869,19.083069117617235,19.63445432460153,USA,14.876729822454443,2.4767089443935637,4.737615691324648,0.8936264718332246,0.14252029128036214,1.6003292893172598,1.9340608810688502,48.9,39.9
1610612763,MEM,West,1642383,Walter Clayton Jr.,G,23.0,24.0,0.0,0.0,0.3124852120208473,69.0,20.44927536231884,0.0,14.412756909992913,0.0,7.474273564847627,0.0,3.7237420269312542,0.0,1.1787384833451453,0.0,0.5090007087172218,0.0,3.107583274273565,0.0,0.6697377746279234,0.0,3.054004252303331,0.0,4.741743444365698,0.0,12.34996456413891,0.0,2.920056697377747,0.0,3.2415308291991494,0.0,3.1879518072289152,0.0,1.9709425939050318,0.0,6.412133238837704,0.0,6.267269530866551,11.305173635719349,USA,0.0,0.0,0.0,0.0,0.0,0.0,0.0,,
1610612763,MEM,West,1626156,D'Angelo Russell,G,30.0,31.0,0.0,0.0,0.4379184502888492,26.0,19.03846153846154,0.0,18.13628798417234,0.0,7.051176629050495,0.0,3.9199751341055222,0.0,1.0077795626284065,0.0,0.33389720743630597,0.0,2.896745443782748,0.0,0.49701388537330565,0.0,3.422961248732216,0.0,6.38556516929255,0.0,15.564441923438594,0.0,2.792587066960743,0.0,3.642279324511695,0.0,2.2930519688231703,0.0,2.6797610194025965,0.0,8.287111782241034,0.0,12.14686498439674,13.193690913700099,USA,0.0,0.0,0.0,0.0,0.0,0.0,0.0,,
1610612763,MEM,West,1642358,AJ Johnson,G,21.0,22.0,0.0,0.0,0.15116735294117645,48.0,9.4375,0.0,12.976691169279828,0.0,4.067412324817771,0.0,4.087300929209586,0.0,0.8219526569424328,0.0,0.2180428094835968,0.0,2.2927398723488572,0.0,0.8827589779079855,0.0,3.204541951301601,0.0,4.704372267752783,0.0,13.622951976633058,0.0,2.4262271298089417,0.0,2.8398503932735575,0.0,2.629675204887523,0.0,1.1638888147219282,0.0,4.97890744404085,0.0,2.004805449074751,7.213379553927549,USA,0.0,0.0,0.0,0.0,0.0,0.0,0.0,,
1610612763,MEM,West,203924,Jerami Grant,F,32.0,33.0,29.327865259242454,0.0,0.5459879380587742,57.0,29.736842105263158,2404.8849512578813,19.927590455061658,1331.2100666724439,2.540323517415966,169.69960551000403,3.907109308241193,261.0041216196899,0.891611643544007,59.56176177570247,0.8247913851286801,55.098010833975174,2.1167677749437845,141.4050824241649,0.8870112112998098,59.254442045887146,3.020098096941384,201.7496795738028,6.352115427665517,424.3363000179395,14.759593009604066,985.9756420968845,4.643864397504098,310.2211001455515,5.649912498815983,377.4274873423991,2.6704889106735035,178.39496093832668,2.592723382750765,173.2000401653262,6.765916010961975,451.9791554510336,11.65865515308242,13.323468291984621,USA,16.23426910576151,3.1829770929230476,2.069507384268342,0.7263629484841765,0.6719269613899411,1.7244522246849379,2.1121956117722704,43.0,38.3
1610612763,MEM,West,1642914,Javon Small,G,23.0,24.0,0.0,0.0,0.2166931133428981,41.0,20.24390243902439,0.0,18.034698795180724,0.0,6.876867469879518,0.0,5.829397590361447,0.0,1.548433734939759,0.0,0.4098795180722892,0.0,2.5503614457831327,0.0,1.6395180722891567,0.0,4.189879518072289,0.0,6.102650602409637,0.0,13.116144578313254,0.0,3.096867469879518,0.0,3.734457831325301,0.0,2.960240963855422,0.0,2.6804819277108436,0.0,6.343807228915662,0.0,13.814292883099009,16.358746987951807,USA,0.0,0.0,0.0,0.0,0.0,0.0,0.0,,
1610612763,MEM,West,1641744,Zach Edey,C,24.0,25.0,25.463099105208734,0.0,0.2699694830659536,11.0,25.818181818181817,2087.974126627116,18.542167981541066,1075.4324165842079,1.6505132125407997,95.72858009559424,15.616085695709474,905.7217469953664,0.943024606480061,54.69474941953015,2.5917766094153167,150.32118062379263,3.031016195447946,175.79676093008527,5.904881514103541,342.478883951304,9.711204181605934,563.2428630440625,7.652403193035747,443.83388537714916,12.469818320644091,723.2405004790461,2.9699931802442308,172.25746990580384,3.923335056725373,227.55061357032523,4.8990726828142215,284.1426946161607,0.2622756835067598,15.211801144598798,0.9267898957792124,53.753147866845474,21.620796106489212,18.46168021134201,Canada,13.11502947053912,11.045387158480079,1.1674217084828566,0.6670091392625628,1.8331851295584467,2.1438629381717718,0.1855097700560829,61.4,28.3
1610612763,MEM,West,1641765,Olivier-Maxence Prosper,F,23.0,24.0,0.0,0.0,0.173172566498365,53.0,18.566037735849058,0.0,16.754214940136333,0.0,2.255930576970494,0.0,7.819266361135698,0.0,1.435383540679676,0.0,0.45520870567719174,0.0,1.3486709507338928,0.0,2.5541100663014698,0.0,5.265156294834229,0.0,5.928365373248817,0.0,12.424984473314328,0.0,3.232518877265817,0.0,4.592746492712639,0.0,2.5769664038065705,0.0,1.6332516912991157,0.0,4.730469704220951,0.0,9.61742407123733,14.205128373074931,Canada,0.0,0.0,0.0,0.0,0.0,0.0,0.0,,
1610612763,MEM,West,1642366,Quinten Post,C,26.0,27.0,0.0,0.0,0.2793617677663219,67.0,17.29850746268657,0.0,16.671899597507313,0.0,2.927108296496442,0.0,8.127947449888708,0.0,0.8199825569511455,0.0,1.0320549586409515,0.0,1.7364730902192886,0.0,2.005714839076527,0.0,6.122232610812181,0.0,6.17260281930323,0.0,13.92309848118955,0.0,1.073845049866402,0.0,1.3670461719312235,0.0,4.065477079757935,0.0,3.3504343763054805,0.0,9.17642102399881,0.0,15.052358555766617,12.746894423592071,Netherlands,0.0,0.0,0.0,0.0,0.0,0.0,0.0,,
1610612763,MEM,West,1641707,Taylor Hendricks,F,22.0,23.0,0.0,0.0,0.23695560319042872,59.0,18.949152542372882,0.0,11.795318040400305,0.0,1.4787549373642523,0.0,7.490500587704627,0.0,1.824008159393858,0.0,1.360028722876553,0.0,1.354527673338821,0.0,2.222134847506345,0.0,5.268365740198283,0.0,4.197984185289503,0.0,10.610741188676096,0.0,1.4579036091785331,0.0,2.038827564171418,0.0,3.50243420088606,0.0,1.9791440424028222,0.0,6.159694436859994,0.0,3.611853123409106,10.006282783628789,USA,0.0,0.0,0.0,0.0,0.0,0.0,0.0,,
1610612763,MEM,West,1642907,Cedric Coward,G,22.0,23.0,25.419715815047656,0.0,0.2813025806451613,62.0,25.774193548387096,2084.4166968339077,19.560976220275347,1132.5895955531375,3.9678848560700875,229.74237347519158,8.446257822277849,489.0422452922208,0.928160200250313,53.740906076068214,0.6265081351689612,36.27511160134604,2.4364205256570712,141.06987844967904,1.9259324155193993,111.51238010784154,6.520325406758447,377.5298651843791,7.0772215269086365,409.77440883002015,15.036195244055069,870.602678432305,3.248560700876095,188.0931712662387,3.8518648310387986,223.02476021568307,2.9237046307884857,169.28385413961487,2.199874843554443,127.37377374582671,6.505006257822278,376.6428793559392,16.355815632318674,15.46778973717147,USA,13.812068238452897,5.963929820636839,2.8017362618925805,0.6553769033666855,0.44237940977251267,1.7203643713375492,1.553338704217399,47.1,33.8
1610612763,MEM,West,1642285,Cam Spencer,G,26.0,27.0,23.47815290148697,0.0,0.3054876606331425,72.0,23.805555555555557,1925.2085379219313,16.135480153020303,862.8934487240156,7.031586545798242,376.03529036410436,4.014496871439331,214.68732367655227,1.1669799652115624,62.40777201692051,0.19695744909826307,10.532893405869451,1.5296638662952329,81.80338709839594,1.1779870263302612,62.99640779589683,2.83650984510907,151.69091588065544,5.266218896773255,281.62693285093565,11.691991070125857,625.2644731531467,2.6726622272533205,142.9286705247094,2.7757493892401817,148.44156731379957,2.5971370420064166,138.88973353955728,3.0182915361870863,161.4122398723578,7.270740363568324,388.82476180431513,11.007460943499183,15.350325048351982,USA,10.523090838097751,2.618138093616491,4.585796223952492,0.7610703904502502,0.1284499195837738,0.9976022816877554,1.9684419496628998,45.0,41.5
1610612763,MEM,West,1631200,Kris Murray,F,25.0,26.0,23.064332973787725,0.0,0.24260671506751363,57.0,23.385964912280702,1891.2753038505934,9.93766729904936,522.0795761271024,2.340701669802863,122.96975727166671,6.168058277260731,324.0415636804016,1.3999301822721846,73.54592724573452,0.6151501937410924,32.31717693281767,1.4453223659737073,75.93062491302727,2.584448354135104,135.7750929514732,3.5836099231256284,188.26647072892845,3.9227017568098783,206.08080436182945,9.022882359323988,474.0209604371843,1.0425176627677961,54.7691085950215,1.7488791559333279,91.8781099176604,2.537895322391691,133.32940963881515,1.0297509584206292,54.098404354928206,3.989823836144788,209.60709133375207,9.010936949377424,8.800928569635138,USA,6.366824099111005,3.9517263863463614,1.499631186239838,0.8969015517772502,0.3941119138148496,0.9259832306466741,0.6597366384747342,43.5,25.8
1610612763,MEM,West,1643409,Cameron Boozer,F,,,0.0,0.0,0.0,,,,,,,,,,,,,,,,,,,,,,,,,,,,,,,,,,0.0,,USA,,,,,,,,,
1610612763,MEM,West,1630191,Isaiah Stewart,F-C,25.0,26.0,22.39460397870076,0.0,0.46554225752957523,58.0,22.70689655172414,1836.3575262534625,14.407657998836717,734.9336444958251,2.32204702231805,118.44745904856092,8.962039567030903,457.15302248607003,0.5443990805350877,27.769759689613142,2.342106459659762,119.47068956897377,1.84918503762026,94.3268017019238,2.8094280796759112,143.30873329390755,6.152611487354991,313.8442891921625,5.538956544133115,282.5417927058254,10.260345271521329,523.3795072588144,2.275547567590512,116.07552505812767,3.009975742230813,153.53865578016405,4.3649534251893165,222.65597428033976,1.0341173935898784,52.750257187455205,2.985771666343065,152.30400753231748,15.785649474949475,13.173750868772114,USA,8.962605420680793,5.57503685958622,1.4444812079092795,0.338655605970892,1.456959628889924,1.150326850023461,0.6432958193592098,54.0,34.6
1610612763,MEM,West,1643510,Karim Lopez,F,,,0.0,0.0,0.0,,,,,,,,,,,,,,,,,,,,,,,,,,,,,,,,,,0.0,,Mexico,,,,,,,,,
1610612763,MEM,West,1641713,GG Jackson,F,21.0,22.0,21.123613201363302,0.0,0.23901676424488286,55.0,21.418181818181818,1732.1362825117908,20.0174970178324,963.1398019349743,2.3335253848519573,112.27733292401015,7.113755457028323,342.2776092231946,0.9476197438064393,45.59462611865726,0.9501989862100134,45.71872610056347,2.4811943378215857,119.38240934732183,1.7510066474130883,84.24950402509836,5.362748809615234,258.02810519809617,7.23737639833209,348.2256180484867,16.294379070589592,784.0023663658052,3.1447111585576804,151.30745265992908,4.2503478530416485,204.50504804304256,2.2948936708062915,110.4185719919513,2.444596811399093,117.62152314269451,7.203973153160095,346.61842435637413,10.586874896808778,13.745731843438387,USA,11.74560734067042,4.174117185648715,1.3692357673659774,0.5560320258372836,0.557545440250774,1.455883040820998,1.4344088188133477,44.4,33.9
1610612763,MEM,West,201959,Taj Gibson,F,41.0,42.0,0.0,0.0,0.352040747217806,10.0,9.7,0.0,9.501661597762649,0.0,1.889006830098366,0.0,8.744982456480162,0.0,0.6588145725651103,0.0,0.8440279114996937,0.0,0.9566338679669519,0.0,3.5181843197577614,0.0,5.2267981367224,0.0,3.68133766486142,0.0,7.947292402575194,0.0,1.544849677101799,0.0,1.9146655602117852,0.0,4.703068016247101,0.0,0.6070526037844886,0.0,1.4089841448101916,0.0,11.657880652364586,9.0280119107257,USA,0.0,0.0,0.0,0.0,0.0,0.0,0.0,,
1610612764,WAS,East,1642882,Julian Reese,F,23.0,24.0,27.286586136980176,0.0,0.3223457918552036,13.0,30.923076923076923,2237.5000632323745,14.480597014925374,900.0093537927238,2.256716417910448,140.26119799367126,12.882089552238806,800.65767188054,1.6925373134328359,105.19589849525343,0.7522388059701492,46.75373266455708,3.008955223880597,187.0149306582283,5.171641791044776,321.4319120688299,7.71044776119403,479.22575981171,5.923880597014926,368.18564473338705,11.18955223880597,695.4617733852865,2.6328358208955227,163.63806432594978,4.137313432835821,257.14552965506397,3.9492537313432834,245.45709648892466,0.0,0.0,0.0,0.0,13.559104477611946,13.559104477611946,USA,10.975723826740534,9.764117949762683,1.7105024145569665,1.2828768109177249,0.5701674715189887,2.280669886075955,0.0,52.9,
1610612764,WAS,East,1643590,Felix Okpara,C,,,0.0,0.0,0.0,,,,,,,,,,,,,,,,,,,,,,,,,,,,,,,,,,0.0,,Nigeria,,,,,,,,,
1610612764,WAS,East,1641731,Bilal Coulibaly,G,21.0,22.0,23.131539171914078,0.0,0.34265303438889677,56.0,26.214285714285715,1896.7862120969544,14.741098459903363,776.6864530530097,3.450062287429011,181.77862715752858,5.8514995297318615,308.3067674468669,1.6374531920949265,86.2749621588834,1.1187394906008346,58.944712241667595,2.1172958686945074,111.55715585193292,1.3736479690854,72.37545911211583,4.477851560646462,235.93130833475107,5.218212143192947,274.9398012501467,12.26274446467265,646.1056839738702,2.850955492485534,150.2125852624623,3.8549309784993624,203.11055357230586,3.0224499675550414,159.24837292253582,1.4819462282364415,78.08153257744357,4.741060294212426,249.7993832439572,6.009696525691972,11.657119625057167,France,9.471786012841582,3.759838627400816,2.2168125263113243,1.0521336848644316,0.718837954166678,1.3604531201455234,0.9522138119200435,42.6,31.3
1610612764,WAS,East,1641774,Tristan Vukcevic,F,23.0,24.0,0.0,0.0,0.15953146458583434,49.0,13.693877551020408,0.0,23.92678309626224,0.0,3.050732695190602,0.0,8.804504481372453,0.0,1.1330630786573381,0.0,1.782579429361099,0.0,3.1688765134044945,0.0,1.7751170863264216,0.0,7.029387395046029,0.0,8.375836049307464,0.0,17.594170234717975,0.0,4.4313745822496236,0.0,5.683840225427715,0.0,4.9390295273151095,0.0,2.6914747693901138,0.0,7.92596164673346,0.0,9.192338966625595,17.183503514866704,Italy,0.0,0.0,0.0,0.0,0.0,0.0,0.0,,
1610612764,WAS,East,1641715,Cam Whitmore,F,21.0,22.0,0.0,0.0,0.1926699860275079,21.0,16.857142857142858,0.0,21.39860345594906,0.0,1.7303197650655608,0.0,6.586819467350373,0.0,1.4547230114053018,0.0,0.7348624842111264,0.0,1.9508064904478815,0.0,1.8466271673308963,0.0,4.740192300019476,0.0,8.222955831006079,0.0,18.202991061646074,0.0,2.568203407065617,0.0,3.5295012634905087,0.0,2.433201025592087,0.0,2.430789132247427,0.0,7.400379596414084,0.0,14.48568395340876,14.532133294981023,USA,0.0,0.0,0.0,0.0,0.0,0.0,0.0,,
1610612764,WAS,East,1629027,Trae Young,G,27.0,28.0,22.589492204942793,0.0,0.4808482352941176,15.0,25.6,1852.338360805309,25.004990315834842,1286.6028548218371,11.261641216916045,579.454723103327,2.892569510594259,148.83381849359958,1.2344010121848126,63.51467631907861,0.1814582941806048,9.336726644361919,4.107151000374375,211.3287042114821,0.41556834733367676,21.382588647295393,2.4770011632605815,127.45122984630416,7.630504030111364,392.61875909041083,17.467027283467246,898.7456857333148,6.969339353897525,358.59929540817984,8.25578577565618,424.79190807885436,2.514396781138563,129.37537811078752,2.802389330731734,144.19370164516408,8.105644249805666,417.0665495265557,18.275527802991153,20.481353409983267,USA,15.690278717339478,1.8150465669951168,7.066521013455207,0.7745692234033977,0.11386252005319414,2.577179319652221,1.7584597761605376,43.7,34.6
1610612764,WAS,East,1643407,AJ Dybantsa,F,,,0.0,0.0,0.0,,,,,,,,,,,,,,,,,,,,,,,,,,,,,,,,,,0.0,,USA,,,,,,,,,
1610612764,WAS,East,1642364,Jamir Watkins,F,24.0,25.0,0.0,0.0,0.2227905882352941,50.0,20.64,0.0,13.479069767441862,0.0,2.454069767441861,0.0,7.105813953488372,0.0,1.9779069767441861,0.0,0.9156976744186047,0.0,1.4651162790697676,0.0,1.794767441860465,0.0,5.311046511627907,0.0,4.834883720930233,0.0,10.84186046511628,0.0,2.0877906976744187,0.0,3.0034883720930234,0.0,4.7250000000000005,0.0,1.6887209302325579,0.0,5.676976744186047,0.0,6.283126825379763,11.28872093023256,USA,0.0,0.0,0.0,0.0,0.0,0.0,0.0,,
1610612764,WAS,East,1629028,Deandre Ayton,C,27.0,28.0,23.996433234200296,0.0,0.5454321067683346,72.0,27.194444444444443,1967.7075252044242,17.118305038156663,935.6616011757131,1.4848096983008054,81.1575338011946,11.390545349538078,622.5906055685648,0.8809352642092413,48.15063746117977,1.1628845954371145,63.56157692738646,1.7844946448775971,97.53787615035124,3.5244809414333207,192.64299085827554,7.866064408104758,429.9476147102894,7.802546818260267,426.4758358347379,12.755108437132497,697.1756349040015,1.4535899352257908,79.45110705847779,2.148069551143702,117.41035056799866,2.671597611133905,146.02563121517633,0.06021768107444404,3.2914106722373218,0.33979439450172066,18.572666307869905,14.481684268753694,15.74109957503024,Bahamas,11.410507331411136,7.592568360592254,0.9897260219657878,0.587202895868046,0.7751411820412983,1.1894862945164786,0.040139154539479534,61.2,17.7
1610612764,WAS,East,1642267,Bub Carrington,G,20.0,21.0,24.438232087188016,0.0,0.4902120468675275,82.0,27.695121951219512,2003.9350311494172,13.893380165453427,773.3730892952392,6.111765110749019,340.21056132185436,4.891322428612176,272.2747878706329,0.8600736141050978,47.8758790186803,0.30125536640474665,16.769338390561806,2.8150305203831794,156.6982853764063,0.5382003613744807,29.958848831544376,4.3531220672376945,242.31593903908848,5.037055762230917,280.3870137718768,12.127045589014347,675.0503188936631,1.2490353462836825,69.52738015449206,1.6543061803221,92.08672519429003,3.03687569439061,169.04726636765432,2.5459858107955733,141.72194875173892,6.6466654830633,369.9857167178392,1.691415986347831,10.259246247527141,USA,9.43137913774682,3.3204242423247914,4.148909284412858,0.5838521831546378,0.20450412671416837,1.9109546997122717,1.728316448191938,41.5,38.3
1610612764,WAS,East,1630551,Justin Champagnie,G-F,25.0,26.0,0.0,0.0,0.3246932864371496,69.0,19.956521739130434,0.0,15.654841075137046,0.0,2.2617606564127057,0.0,9.945265422379618,0.0,1.6835161469016289,0.0,1.2075276288345833,0.0,1.3975280463335211,0.0,3.54352222960527,0.0,6.401743192774347,0.0,5.989871763333861,0.0,12.314730676008029,0.0,1.8995101689755978,0.0,2.4934680742770556,0.0,2.948664590533855,0.0,1.7417666675033687,0.0,5.254435393905737,0.0,10.974362928408592,15.128907727728054,USA,0.0,0.0,0.0,0.0,0.0,0.0,0.0,,
1610612764,WAS,East,1642848,Tre Johnson,G,20.0,21.0,21.221769044096646,0.0,0.2620035294117647,60.0,24.05,1740.185061615925,19.384116424116428,936.9986064964253,3.2262785862785868,155.95338334592617,4.495634095634095,217.31209154760197,0.8726819126819128,42.184111888652154,0.47600831600831606,23.00951557562845,2.4593762993763,118.88249714074699,0.766902286902287,37.07088620517917,3.7287318087318093,180.24120534242286,7.166569646569647,346.42104005529495,17.109854469854472,827.0642543017559,2.00981288981289,97.1512879859868,2.300706860706861,111.2126586155375,3.2262785862785868,155.95338334592617,3.0124740124740126,145.61839652815172,8.408731808731808,406.465263352493,5.019010614481923,11.52733471933472,USA,11.42681227434665,2.6501474578975848,1.9018705286088557,0.5144403888860019,0.28060384848327374,1.4497865504969145,1.7758341040018502,41.9,35.8
1610612764,WAS,East,1630536,Sharife Cooper,G,25.0,26.0,0.0,0.0,0.13485293639406984,41.0,17.073170731707318,0.0,13.654342868197057,0.0,5.9810562720305755,0.0,4.722130078056538,0.0,0.5300741869364367,0.0,0.16564818341763646,0.0,3.8938891609683566,0.0,0.5963334603034912,0.0,4.125796617753047,0.0,5.331252652771883,0.0,13.42736796599618,0.0,1.6564818341763645,0.0,1.9877782010116376,0.0,2.3955041023498036,0.0,1.3099203812678455,0.0,4.674659881097315,0.0,0.3172426129018415,7.891016717754638,USA,0.0,0.0,0.0,0.0,0.0,0.0,0.0,,
1610612764,WAS,East,1630264,Anthony Gill,F,33.0,34.0,0.0,0.0,0.16990982279542827,55.0,17.29090909090909,0.0,12.168851497652227,0.0,2.196509031801972,0.0,6.072642794599333,0.0,1.0029377568765987,0.0,0.5994635194326525,0.0,1.2688799565021476,0.0,2.095263509493337,0.0,3.977379285105996,0.0,4.743144504890119,0.0,8.687033494014035,0.0,1.9513999552497179,0.0,2.739144296795767,0.0,3.1327278838077364,0.0,0.734912084071615,0.0,2.3404377022313407,0.0,4.320547687219963,10.768133792072762,USA,0.0,0.0,0.0,0.0,0.0,0.0,0.0,,
1610612764,WAS,East,1642273,Kyshawn George,F,22.0,23.0,25.571275762593935,0.0,0.32173800653594775,48.0,28.979166666666668,2096.8446125327027,16.30381206570262,949.6266803809503,4.8438754881509025,282.1348394752343,6.273390126262141,365.39789690468393,1.32580461876122,77.22239644778995,1.10088167888173,64.12160603886423,2.8157278076656373,164.0039912183947,1.0929288582320937,63.65838856293011,5.180461268030046,301.7395083417538,5.752094302089623,335.0346652254634,13.778748283370048,802.5526140396864,2.2739129773813107,132.44561599972775,2.8820431268903364,167.86657232519187,4.362416235264934,254.09191612612426,2.5747534061642394,149.96827245321418,7.204683318861565,419.64170561553067,8.226462132080325,11.961902843459754,Switzerland,11.580813175377443,4.456071913471756,3.440668774088223,0.9417365420462188,0.7819708053520028,2.0000486733950575,1.8288813713806609,41.7,35.7
1610612764,WAS,East,203114,Khris Middleton,F,34.0,35.0,20.155183087123437,0.0,0.5254249822297845,63.0,22.841269841269842,1652.7250131441217,17.22320183697552,790.7004578444229,5.408860420758075,248.3155252775586,5.740765626510825,263.55297070923405,1.1820785620490475,54.268077972219345,0.2811693388795828,12.90821109154118,2.6114234275346817,119.88791162769789,0.9668755873685778,44.38831855117953,4.773890039142248,219.16465215805454,6.267585195307053,287.73874511932644,13.831748506381196,635.0021314448625,2.8260779541606063,129.74249233156667,3.278398744469691,150.50810022348173,3.355261150446393,154.03677858259655,1.871501971647993,85.91883668586608,5.127383685458612,235.3932019151261,11.352655958909606,13.187635073490718,USA,9.64268851029784,3.214060618405293,3.028238113140959,0.6618058289295042,0.15741720843342902,1.4620477027768035,1.0477906912910497,45.3,36.5
1610612764,WAS,East,1642259,Alex Sarr,C,21.0,22.0,23.990305442261022,0.0,0.3106740137547557,48.0,27.1875,1967.2050462654038,20.514693699748943,1121.0169157982002,3.538119596422999,193.33907567705106,9.62502176197133,525.9553161267869,1.0274649714926265,56.145396577256506,2.453980036750615,134.09671977028808,2.3300642181170015,127.32539133339495,2.810006861268479,153.55165770910446,6.815014900702851,372.40365841768244,8.08404307344899,441.7491757865483,17.976896018312996,982.3400156503825,2.6454755405739,144.5609120330187,3.848635593827358,210.30709337260632,2.983811503955459,163.0491402134984,1.7341637018358356,94.76265514727079,5.411885048373992,295.7302104713779,10.765179702158028,16.39307486312182,France,13.670937997539028,6.414089221058377,2.3577936058176956,0.6846999582592257,1.6353258508571717,1.5527486747974995,1.1556421359423268,45.0,32.0
1610612764,WAS,East,203076,Anthony Davis,F-C,33.0,34.0,27.619183828699587,0.0,0.6324452133794694,20.0,31.3,2264.7730739533663,24.103141805893372,1516.3374044351951,3.384419023018637,212.91502984189353,12.335098288477,776.0055130086379,1.2177618362968932,76.60983937036697,2.0698462785682814,130.21478108122284,2.2619936433425125,142.30284158043878,3.180946111920313,200.11447511038267,9.154152176556687,575.8910378982553,9.497466432701193,597.4890624321554,18.328325769425486,1153.0416303677905,4.533799360711972,285.2229643013183,5.915308472854881,372.1342042624984,2.2394966824116933,140.8875495981638,0.577355269931728,36.321629706845975,2.1000743590425595,132.11644060165173,22.723622951462495,21.370559857930612,USA,18.491919566282867,9.463481865958999,2.596524754169433,0.934266333784963,1.587985135136864,1.7354005070785217,0.4429467037420241,51.8,27.5
1610612764,WAS,East,1642860,Will Riley,F,20.0,21.0,0.0,0.0,0.33136410236899594,74.0,22.06756756756757,0.0,17.85317819963258,0.0,3.4117330067360685,0.0,4.954023270055114,0.0,1.2618738518064914,0.0,0.2103123086344152,0.0,2.1965952235150032,0.0,1.3086099203919168,0.0,3.6454133496631966,0.0,6.332737293325169,0.0,14.441445192896511,0.0,3.364996938150643,0.0,4.206246172688304,0.0,2.1264911206368646,0.0,1.805511328842621,0.0,5.717452541334966,0.0,5.202322533236613,12.70052663808941,USA,0.0,0.0,0.0,0.0,0.0,0.0,0.0,,
1610612765,DET,East,1642391,Ugonna Onyenso,C,,,0.0,0.0,0.0,,,,,,,,,,,,,,,,,,,,,,,,,,,,,,,,,,0.0,,Nigeria,,,,,,,,,
1610612765,DET,East,1643536,Ebuka Okorie,G,,,0.0,0.0,0.0,,,,,,,,,,,,,,,,,,,,,,,,,,,,,,,,,,0.0,,Nigeria,,,,,,,,,
1610612765,DET,East,1631105,Jalen Duren,C,22.0,23.0,26.98708953163839,0.0,0.5199134242549479,70.0,28.228571428571428,2212.941341594348,21.27542567285111,1307.8130286519438,3.0624944545942054,188.25334963819313,14.292846388469783,878.5897406139516,0.9685337903642294,59.536346261891026,1.242566084621698,76.38127384228824,2.5012544060910837,153.7535911412216,4.807476246544166,295.5184148530669,9.485370141925618,583.0713257608846,8.400641081631356,516.3923873732747,12.832612372632614,788.8282900014958,4.474143509588403,275.02825390539465,6.091866783709689,374.4706625876824,4.012062633339216,246.6238685106177,0.0,0.0,0.016660108620820062,1.0241067534018087,23.771428864884758,21.0926052585595,USA,15.948939373804192,10.714509031877459,2.295772556563331,0.726053003193793,0.931478949296198,1.8750437944051415,0.0,65.5,0.0
1610612765,DET,East,1630595,Cade Cunningham,G,24.0,25.0,32.444941583298814,0.0,0.5992535483870968,64.0,33.9375,2660.4852098305028,26.928321849689155,1990.0667224070435,10.156675573360397,750.6023651103354,6.040994901940395,446.4438219242747,1.3300001766089788,98.29016108167069,0.796132210409712,58.8360547462418,4.26354035338659,315.0857236583483,0.8669342893870535,64.06849596692147,5.174060612553342,382.3753259573533,9.852756472304867,728.1420241841349,21.355167763658912,1578.1974441295465,5.010894462189713,370.31696124103615,6.0307108394494415,445.6838053644371,3.1633005946914703,233.77540128957472,2.169782739215619,160.3520801730186,6.220220932441094,459.6890497954898,24.075146816504983,21.140057673467794,USA,24.269106370817603,5.444436852735057,9.153687379394334,1.198660500995984,0.7175128627590464,3.8425088251018082,1.9555131728416904,46.1,34.9
1610612765,DET,East,1642403,Isaac Jones,F,25.0,26.0,0.0,0.0,0.06477254901960784,7.0,5.142857142857143,0.0,12.23729194292366,0.0,1.2208684715968525,0.0,5.960172085074418,0.0,0.2402837881830739,0.0,1.1247549563236228,0.0,1.4130955021433118,0.0,2.3456234279204757,0.0,3.614548657153943,0.0,4.527627052249623,0.0,8.498022543541351,0.0,3.0378675655145657,0.0,4.3067927947480324,0.0,4.018452248928344,0.0,0.14142417247346634,0.0,1.640965414893433,0.0,9.180201674354448,9.180201674354448,USA,0.0,0.0,0.0,0.0,0.0,0.0,0.0,,
1610612765,DET,East,1641842,Ronald Holland II,F,20.0,21.0,0.0,0.0,0.3578809282932633,78.0,19.884615384615383,0.0,15.741586427414424,0.0,2.3892469477532425,0.0,7.294387903054866,0.0,1.9595266613980022,0.0,0.6055953563814243,0.0,2.287845501643809,0.0,1.718829551880197,0.0,5.575558351174668,0.0,5.842184276489123,0.0,13.057654620385845,0.0,2.8831060714891596,0.0,3.6703352438192867,0.0,4.404891477073009,0.0,1.1630352765041223,0.0,4.70301472376653,0.0,12.847642229899911,11.505172608295727,USA,0.0,0.0,0.0,0.0,0.0,0.0,0.0,,
1610612765,DET,East,1630194,Paul Reed,F,27.0,28.0,0.0,0.0,0.2690109154922797,65.0,13.861538461538462,0.0,17.297749500424654,0.0,3.184645894310549,0.0,11.102748462061479,0.0,2.417190716921469,0.0,2.1940947923254037,0.0,2.1048019606585138,0.0,4.4407617669743855,0.0,6.661986695087091,0.0,7.108389932251201,0.0,12.4397497535027,0.0,2.527166929689579,0.0,3.618495146165569,0.0,5.159927999395553,0.0,0.5593407332949994,0.0,1.7742578505986395,0.0,22.148653073768877,18.11741464184094,USA,0.0,0.0,0.0,0.0,0.0,0.0,0.0,,
1610612765,DET,East,1641709,Ausar Thompson,G-F,23.0,24.0,24.83033749264494,0.0,0.46390612712282076,73.0,25.972602739726028,2036.0876743968852,14.94675848905234,845.3586314374022,3.989267534252934,225.62495712122367,8.67181633628611,490.4605099151584,2.6210608309677577,148.24193477160858,1.3084483456425935,74.00320969855223,2.1825092631838126,123.43833916737745,3.060620287771934,173.10253455393007,5.611196048514176,317.35797536122834,6.241515028835278,353.0075505492897,11.989476556362936,678.100706635583,2.2092083031676686,124.9483832293041,3.6914175021360305,208.7791576986697,4.21673173735171,238.48987546277723,0.24967212577194178,14.120953831242211,1.1750864207965215,66.46052715930415,18.77244071472558,14.743900236309786,USA,10.309251602895149,5.981225730672664,2.751523867331996,1.8078284728244949,0.902478167055515,1.505345599602164,0.17220675403953917,52.1,21.2
1610612765,DET,East,1630198,Isaiah Joe,G,26.0,27.0,20.291869153023136,0.0,0.46765092182728507,71.0,21.225352112676056,1663.933270547897,17.628424130667206,814.7922616207376,2.4209658466408954,111.89793386349844,4.378636126457462,202.38217584543165,1.1485459725428502,53.08621823521777,0.2997492433011337,13.854520520842021,1.02473405842088,47.36358592416874,0.8310554698647028,38.41169016607484,3.547580656592759,163.9704856793568,5.800888008175523,268.1191820979326,12.867614473283103,594.7458842966503,1.8368918042650322,84.90181631981507,2.094018371761226,96.7863010531122,2.638802822877353,121.9664392055927,4.315448999352663,199.46164353820907,10.317750200874617,476.8902176788201,18.49826505063826,13.457402949454336,USA,9.936490995374848,2.468075315188191,1.364608949554859,0.6473929053075338,0.1689575673273417,0.5776047063923017,2.432459067539135,45.1,41.8
1610612765,DET,East,203914,Gary Harris,G,31.0,32.0,0.0,0.0,0.34540332963374026,48.0,13.770833333333334,0.0,7.433427156034465,0.0,2.2227600373004472,0.0,3.015262074073089,0.0,1.3449568203027933,0.0,0.48650488577201123,0.0,0.9087027812769439,0.0,0.8401160855021951,0.0,2.1751459885708946,0.0,2.6406060120669133,0.0,6.241719966222288,0.0,0.4895152994818252,0.0,0.6482417120471718,0.0,2.5218406847767985,0.0,1.73197899210293,0.0,4.530836980557604,0.0,5.271464025770605,6.621603287168146,USA,0.0,0.0,0.0,0.0,0.0,0.0,0.0,,
1610612765,DET,East,1627752,Taurean Prince,F,32.0,33.0,22.46647888640949,0.0,0.40999020552799426,26.0,23.5,1842.2512686855782,12.350569552397,632.0236785248013,2.47246095202211,126.52484237884123,4.491217196418378,229.83196050122896,1.025380870262132,52.47247803128709,0.35972017230711717,18.408192883460597,1.5296566415426778,78.27810801486997,0.35308776858922364,18.06878860113492,4.138129427829154,211.76317190009402,4.446009997950748,227.51854331426472,9.867337752369483,504.94765257921614,0.5295053718847417,27.09672064251373,0.6335203292272263,32.419545284915635,2.667541726365634,136.50783693524463,2.944064924019022,150.65853726018761,6.850988449214358,350.5900600643165,5.51441504019408,9.080065733546533,USA,7.707605835668309,2.802828786600353,1.5429858826687954,0.6399082686742328,0.22449015711537312,0.9546110733520728,1.8372992348803368,45.1,43.0
1610612765,DET,East,1631111,Wendell Moore Jr.,G,24.0,25.0,0.0,0.0,0.1120732679738562,6.0,10.0,0.0,8.416322913442512,0.0,2.8243062482783183,0.0,5.285936818203934,0.0,1.5859752739881467,0.0,0.8380727128806021,0.0,1.3412709634996294,0.0,1.0171712674139821,0.0,4.268765550789952,0.0,3.520614639879861,0.0,6.91875294961419,0.0,1.0454691831102039,0.0,1.1396475975595144,0.0,2.155799072767904,0.0,0.32334588960929955,0.0,1.8326762214852732,0.0,1.1287557406513722,8.88246984550417,USA,0.0,0.0,0.0,0.0,0.0,0.0,0.0,,
1610612765,DET,East,1641989,Elijah Harkless,G,26.0,27.0,20.039657926502734,0.0,0.19803663650075412,26.0,20.96153846153846,1643.251949973224,10.439884161977115,476.53777796287426,3.8460002990234323,175.5540969713294,4.265137356383005,194.68597993833373,2.2645221451660333,103.36612307782313,0.3439763079505227,15.701103855119074,1.3561333195313459,61.90190893732071,1.3126625953159268,59.917649150272496,2.9524747610670787,134.7683307880613,3.2974327939360837,150.51424634836462,10.053418854729657,458.89722602589126,2.288220957110707,104.44787638171574,3.1985732325823584,146.00171393258665,3.9221427733509646,179.02968778839895,1.6035015455040698,73.19325115096225,6.269428341212134,286.17362074761763,4.154370652416673,8.434444757269471,USA,5.8114363166204175,2.374219267540655,2.140903621601578,1.2605624765588186,0.19147687628193993,0.7549013285039111,0.8926006237922226,32.8,25.6
1610612765,DET,East,1642404,Chaz Lanier,G,24.0,25.0,0.0,0.0,0.07781923688394275,34.0,7.705882352941177,0.0,11.541984732824428,0.0,2.452671755725191,0.0,3.3183206106870227,0.0,1.0099236641221374,0.0,0.0,0.0,0.4328244274809161,0.0,1.1541984732824428,0.0,2.1641221374045805,0.0,4.03969465648855,0.0,12.840458015267176,0.0,0.7213740458015268,0.0,0.8656488549618322,0.0,1.7312977099236644,0.0,2.689007633587786,0.0,9.482290076335877,0.0,7.170458015267178,7.170458015267178,USA,0.0,0.0,0.0,0.0,0.0,0.0,0.0,,
1610612765,DET,East,1628381,John Collins,F-C,28.0,29.0,25.92339315231092,0.0,0.542984510451217,69.0,27.115942028985508,2125.7182384894954,19.33614828731314,1141.7556410133045,1.6579162634345712,97.89618997420064,8.483548533528612,500.9342734675718,1.0591816462184565,62.54227064555281,1.060749392388909,62.63484249632651,2.175998124710205,128.4877472393173,2.405376479077366,142.03201811134454,6.078172054451245,358.9022553562271,7.381131876684027,435.8390736378731,13.679971479142052,807.7712465341217,2.8949890438343266,170.94252807516372,3.5960731863942828,212.3399544239267,3.49328987810121,206.2708335058469,1.7215070507734724,101.65108154215089,4.338502281381728,256.1787063128173,14.25592395205845,15.328336026597068,USA,13.923849280650055,6.108954554482583,1.1938559752951297,0.7627106176286929,0.7638395426381283,1.5669237468209425,1.239647335879889,54.0,39.7
1610612765,DET,East,1642450,Daniss Jenkins,G,24.0,25.0,19.319578475015252,0.0,0.2585867435738122,72.0,20.208333333333332,1584.2054349512507,15.141133522205466,666.2962782555687,6.336501508489879,278.84222578684626,3.916186973735244,172.33457466879622,1.020074036716167,44.88907869495592,0.23907985235535162,10.520877819130295,2.4681305052257057,108.61182668187608,0.8128714980081954,35.770984585042996,3.1033154757270487,136.56359008375324,5.603323294600133,246.57820047484665,15.405006780869412,677.9082074365053,2.1357800143744745,93.98650851756396,3.8364936896167934,168.8276153957528,2.9758062211375274,130.95245524688372,1.7644458344663263,77.64568557329581,7.41044081938366,326.1016839292276,10.636031205438169,9.383205310290966,USA,8.12556436897035,2.101641154497515,3.400514948620076,0.547427788962877,0.12830338803817432,1.3245344717301961,0.946898604552388,36.4,23.8
1610612765,DET,East,1628989,Kevin Huerter,G-F,27.0,28.0,21.46196472096719,0.0,0.5448187248277689,69.0,22.44927536231884,1759.8811071193097,15.440581771720787,754.821892860617,3.829800029898538,187.2220199073168,5.129018910387127,250.7350966235548,1.3653130918674417,66.74413099111558,0.6354703150469078,31.065338932950237,1.5112789884668836,73.87975942747916,0.7612770820892191,37.21547650143701,4.367741828297909,213.51962012211783,5.916398710834684,289.22661981619444,13.386460328490797,654.4049617586973,1.0263733953555336,50.17486520378059,1.352779518445107,66.13141990581948,2.7342565765887983,133.66573586542634,2.6072250642428427,127.45572590469187,7.949935764174324,388.637270949514,12.983313353539785,12.03529379705395,USA,9.205145034885573,3.0577450807750584,2.2831953647233756,0.8139528169648241,0.37884559674329554,0.9009726759448677,1.5543381207889253,44.2,32.8
1610612765,DET,East,1629750,Javonte Green,G,32.0,33.0,0.0,0.0,0.400182025516978,82.0,17.634146341463413,0.0,13.110687786855848,0.0,1.3057217385544653,0.0,6.6471116612256,0.0,2.084088779507023,0.0,0.8072927633073204,0.0,1.025611700660639,0.0,1.851809007894469,0.0,4.795302653331132,0.0,4.626942191114428,0.0,9.688190625090117,0.0,2.0332964588557663,0.0,2.5445816701005346,0.0,2.699079044871626,0.0,1.832858263441846,0.0,5.013299479669723,0.0,13.231065132398323,12.168029854967083,USA,0.0,0.0,0.0,0.0,0.0,0.0,0.0,,
1610612765,DET,East,1642449,Tolu Smith,F,25.0,26.0,0.0,0.0,0.1320521568627451,15.0,9.133333333333333,0.0,18.776227095079694,0.0,2.2005817067160462,0.0,13.606956396080808,0.0,0.3385510318024687,0.0,1.0156530954074061,0.0,2.513042640538722,0.0,6.380289408287319,0.0,7.22666698779349,0.0,7.031301373912462,0.0,12.070431703979803,0.0,4.713624347254767,0.0,7.0704365208821525,0.0,5.88550790957351,0.0,0.0,0.0,0.0,0.0,16.55359285346779,16.55359285346779,USA,0.0,0.0,0.0,0.0,0.0,0.0,0.0,,
1610612765,DET,East,1629130,Duncan Robinson,F,32.0,33.0,26.23468907818914,0.0,0.6153165306019306,77.0,27.441558441558442,2151.2445044115098,15.841500264598077,946.6372329402803,3.070522934953889,183.48459970802926,3.3240474269065494,198.63440998710928,0.7708180891430083,46.06161606027439,0.2746514044088933,16.412286787875967,1.3104445747477373,78.30796360449855,0.4017171583293195,24.005328588437692,2.92233026857723,174.6290813986716,5.473865155749361,327.10062039431847,12.204455137091825,729.2990845279336,1.2558112615954595,75.04325208570326,1.5498073514920734,92.61151521649666,2.7892749729455293,166.67812380115643,3.6566148899218636,218.50757463038076,9.09525782780019,543.5034282850256,13.612159184425876,11.214515949149597,USA,11.54435649927171,2.4223708535013326,2.237617069610113,0.5617270251252974,0.20014983887653617,0.9549751659085189,2.6647265198826924,44.9,40.2
1610612766,CHA,East,1642369,Michael Ajayi,G,,,0.0,0.0,0.0,,,,,,,,,,,,,,,,,,,,,,,,,,,,,,,,,,0.0,,USA,,,,,,,,,
1610612766,CHA,East,1643573,Kylan Boswell,G,,,0.0,0.0,0.0,,,,,,,,,,,,,,,,,,,,,,,,,,,,,,,,,,0.0,,USA,,,,,,,,,
1610612766,CHA,East,1626220,Royce O'Neale,F,33.0,34.0,26.225027551163446,0.0,0.6629968860849981,78.0,28.371794871794872,2150.452259195403,12.163343797450638,726.5747263499476,3.3659934879226197,201.0668972372281,6.309708181845271,376.9090615142467,1.2627559472842327,75.43045499027248,0.6011527834411128,35.90973225757071,1.4488036826145998,86.54397645581071,0.9874923757687236,58.98764473361354,5.322215806076547,317.9214167806331,4.242036174729528,253.39711876488164,10.171819490482338,607.6114500954327,0.4085383331575797,24.403949486295595,0.5748795610548589,34.34030696765786,2.893863644753519,172.8643225739902,3.2875061051664836,196.37847030483178,8.214436087488595,490.6875733987804,9.067485827684411,10.39466673442981,USA,8.860667394511555,4.596451969685935,2.452035332161318,0.9198835974423473,0.43792356411671596,1.0554143470220818,2.3948593939613634,41.7,40.0
1610612766,CHA,East,1627827,Dorian Finney-Smith,F,33.0,34.0,0.0,0.0,0.4099890809351,37.0,16.756756756756758,0.0,8.78829932661622,0.0,1.9253675833926212,0.0,5.204971798651718,0.0,0.9936673560820108,0.0,0.4405015715285941,0.0,1.1599194913998077,0.0,1.8445634335759917,0.0,3.3604083650757266,0.0,3.162153947032828,0.0,8.110896497947461,0.0,0.520589873736931,0.0,0.6846577291234839,0.0,3.0522798816896852,0.0,1.9533677206537021,0.0,5.899916786504608,0.0,7.95448862886549,6.8781674481885995,USA,0.0,0.0,0.0,0.0,0.0,0.0,0.0,,
1610612766,CHA,East,1629684,Grant Williams,F,27.0,28.0,18.255605486926022,0.0,0.3511131114551084,36.0,19.75,1496.959649927934,12.7675565623312,530.9032500550669,2.839094912608993,118.05584795809267,6.515235350030242,270.91790079942695,0.990770389744719,41.198424883089366,0.8824069880696152,36.69243488762927,1.7892138736391463,74.39947149802941,1.854226531341452,77.10284164566632,4.661008818688788,193.8150591537606,4.123352948484202,171.45813850811737,9.446996604721571,392.8270202853995,2.17412542836695,90.4049455596558,2.6766155188951206,111.29959528213652,3.2214158310619077,133.9535976316316,2.370192489365802,98.55784775396803,6.249953426390031,259.88689147874203,16.647630495437276,10.81730681391,USA,6.474429878720328,3.3038768390174016,1.439705462903569,0.5024198156474313,0.4474687181418203,0.9073106280247489,1.2019249726093664,43.6,37.9
1610612766,CHA,East,1629632,Coby White,G,26.0,27.0,23.108361375855726,0.0,0.43357561208267087,50.0,25.0,1894.8856328201696,22.917552733782657,1206.2817059623155,5.339927586587551,281.07089067013425,4.538327016339999,238.87807389728587,0.8000376184600009,42.110549692653336,0.18816029760947947,9.90395123909361,3.0333320331564964,159.66159136670666,0.46339103756134004,24.39091720701708,4.074935978778658,214.48715669026873,7.593951240328536,399.7130306009847,16.930206318364405,891.1334642597213,4.597720497810803,242.00429208401357,5.462710444373166,287.53365381387215,2.7356610223990496,143.99346576694708,3.2258876479742233,169.79689325662235,8.802511963046438,463.3264847640101,14.786810856837077,15.846950043642385,USA,14.710752511735555,2.9131472426498277,3.4276937886601737,0.5135432889347968,0.12077989315967817,1.947092577642764,2.0706938202027114,44.9,36.6
1610612766,CHA,East,1642883,Sion James,G,23.0,24.0,20.77498049546444,0.0,0.3376645366626871,82.0,22.475609756097562,1703.5484006280842,9.044926749864352,428.0130694035998,3.3431361909929467,158.19984197910833,5.886380900705372,278.548188024565,1.0665219750406947,50.46866124486892,0.41020075963103636,19.41102355571881,1.3331524688008682,63.08582655608614,1.004991861096039,47.55700771151108,4.881389039609332,230.99118031305386,2.8303852414541506,133.93606253445978,7.629734129137277,361.0450381363699,1.681823114487249,79.58519657844712,2.009983722192078,95.11401542302217,3.035485621269669,143.64157431231922,1.6699077590884428,79.02135256087625,4.748171459576778,224.68721932972042,10.167450745933962,8.019424850786761,USA,5.21967157809268,3.3969291222507922,1.929266365598882,0.6154714785959624,0.23671979945998547,0.7693393482449529,0.9636750312301982,37.1,35.2
1610612766,CHA,East,1643515,Christian Anderson,G,,,0.0,0.0,0.0,,,,,,,,,,,,,,,,,,,,,,,,,,,,,,,,,,0.0,,USA,,,,,,,,,
1610612766,CHA,East,1642851,Kon Knueppel,G-F,20.0,21.0,29.110829565337262,0.0,0.43757912759029566,81.0,31.493827160493826,2387.0880243576553,22.408341826734617,1485.8523450086375,4.098722069776558,271.77806577594566,6.462218737749902,428.4968044350676,0.8526538612308898,56.53777280740476,0.28421795374362996,18.84592426913492,2.4083731869854956,159.69441091214327,1.4510074480595845,96.2134028476888,5.011211289690317,332.2834015873788,7.703802430419444,510.823736768657,16.215382203057626,1075.2095740916975,2.916973735789887,193.41869644638473,3.380697765582125,224.16730972760482,2.528043904351235,167.6295369202001,4.045237161897296,268.2315884680996,9.512975303802431,630.7863728810253,20.910121269510203,16.973795374363,USA,18.120150548885825,5.225570785793507,3.3143666558042155,0.6894850342366434,0.22982834474554778,1.9474928160017473,3.2711169325377996,47.5,42.5
1610612766,CHA,East,1628960,Grayson Allen,G,30.0,31.0,26.58820873598459,0.0,0.41040839831644493,51.0,28.764705882352942,2180.2331163507365,17.23646691844791,1043.8754440134462,3.8309199406837884,232.00829224353316,3.945646515595319,238.95636663096684,1.363490614186403,82.57576085785003,0.40446100546050007,24.494979954930507,1.7423269976818276,105.5188616627187,0.7958551475861453,48.19860412737547,3.149791368009174,190.7577625035914,5.565805869729652,337.076507676775,12.991216984924703,786.7744858953057,2.6681304107704524,161.58739667511762,3.1416581183660113,190.26519638649222,2.4436115293629546,147.990077217044,3.579921633560577,216.80732498414432,9.293603063351107,562.8394769149093,12.34634507386308,13.290047974627706,USA,12.730188341627393,2.9141020320849615,2.829369417604063,1.0070214738762198,0.29871926774305496,1.2868153861307159,2.643991768099321,42.8,38.5
1610612766,CHA,East,1629675,Naz Reid,C-F,26.0,27.0,24.09271754874932,0.0,0.5788226587107436,77.0,26.064935064935064,1975.6028389974442,18.957006344277346,1040.3198764624135,2.8055038380836526,153.96003742600806,8.180887659591347,448.94958016132836,1.1936958836374205,65.50747157260142,1.3184905023804752,72.3559327692787,2.062769018744641,113.20034248966346,1.52641101393125,83.76616479443179,6.654476645660098,365.18341536689667,7.137230443631505,391.67590908381635,15.456989087285358,848.2464311998185,1.752250118142665,96.1597307787849,2.347023887192085,128.79964040920837,3.304316045788704,181.33378225013814,3.0182041990378226,165.6325773414758,8.012220209961672,439.69347204091605,17.191020215925146,14.514923841362519,USA,12.68682776173675,5.474994880016199,1.8775614320244884,0.7988716045439197,0.8823894240155938,1.3804919815812617,2.0199094797740953,46.2,37.7
1610612766,CHA,East,1641750,Ryan Kalkbrenner,C,24.0,25.0,19.812908101385865,0.0,0.3233101395570792,69.0,21.434782608695652,1624.658464313641,13.315618661257606,600.925904599579,1.3801217038539555,62.284066887480364,9.635294117647058,434.835059566298,0.8178498985801217,36.90907667406243,2.5813387423935095,116.49427325250956,1.584584178498986,71.51133605599597,4.26815415821501,192.6192438927633,5.367139959432048,242.21581567353468,5.597160243407709,252.5964934881148,7.4373225152129825,335.6419160047553,2.1212981744421904,95.73291762334941,2.964705882352941,133.7954029434763,2.7346855983772818,123.41472512889624,0.0,0.0,0.12535496957403652,5.657194787839927,17.315583501638073,15.52125760649087,USA,7.328364690238768,5.302866580076805,0.7595617913107362,0.45011069114710284,1.4206618689330435,0.8720894640975119,0.0,75.3,0.0
1610612766,CHA,East,1641810,Antonio Reeves,G,25.0,26.0,0.0,0.0,0.10541725490196076,10.0,6.8,0.0,15.959336511115646,0.0,1.88639525187319,0.0,4.1228427516879504,0.0,0.8058802878550742,0.0,0.08854093528200543,0.0,1.0050973922395865,0.0,1.0805149640181158,0.0,3.042327787669835,0.0,5.91168519796211,0.0,12.310345539975247,0.0,0.6197865469740379,0.0,0.7747331837175474,0.0,1.908530485693691,0.0,3.449204719298962,0.0,7.150132546783506,0.0,3.5922707962278952,11.733674901080693,USA,0.0,0.0,0.0,0.0,0.0,0.0,0.0,,
1610612766,CHA,East,1631217,Moussa Diabaté,F,24.0,25.0,24.045357946712343,0.0,0.39697635708471024,73.0,26.013698630136986,1971.7193516304121,12.816010054985584,701.932639891806,2.377494171620954,130.21531296037642,13.158395246353408,720.6850706565733,1.5636860640581305,85.64305756606134,1.2014399656218866,65.80284527885696,1.5257160576338773,83.56344099805492,6.186149545573216,338.81529919684414,6.972245700780191,381.86977145972907,4.986461320145074,273.1083966968493,8.413060386801044,460.78316586363496,2.8332664618030448,155.1779530850692,4.4457035068123245,243.49110099980683,3.2229875000788124,176.5229673324533,0.009633887123011444,0.5276478242184639,0.07498882832051595,4.107136776545889,17.95571251658796,15.952484788877195,France,8.560154145022025,8.788842325080163,1.5879916214680052,1.044427531293431,0.8024737229128898,1.0190663536348161,0.006434729563639803,59.3,12.8
1610612766,CHA,East,1641790,PJ Hall,C,24.0,25.0,0.0,0.0,0.09164448916408668,19.0,11.210526315789474,0.0,16.66802682437269,0.0,1.9741767555650824,0.0,13.03550696109801,0.0,0.3266302208235085,0.0,1.9741767555650824,0.0,2.1847325208020725,0.0,4.921046458288676,0.0,8.114460502809335,0.0,6.365234943105276,0.0,11.736183793115991,0.0,3.1682220409286064,0.0,4.042834820780636,0.0,4.830164006294211,0.0,0.7546808991909919,0.0,2.2711033135457157,0.0,15.501697261432529,15.501697261432529,USA,0.0,0.0,0.0,0.0,0.0,0.0,0.0,,
1610612766,CHA,East,1626192,Pat Connaughton,G,33.0,34.0,0.0,0.0,0.24924115932847637,42.0,7.071428571428571,0.0,12.076973155719605,0.0,2.976211615573624,0.0,6.508949023010441,0.0,0.9682546971315977,0.0,0.3352340370020558,0.0,1.2765421217624229,0.0,1.427519609689,0.0,5.08142941332144,0.0,4.3365885237082615,0.0,9.581500483133283,0.0,1.3726576626449642,0.0,1.964875684051531,0.0,1.744888158406059,0.0,2.0415545402512363,0.0,5.501554418058473,0.0,9.523016856759313,10.703132838035446,USA,0.0,0.0,0.0,0.0,0.0,0.0,0.0,,
1610612766,CHA,East,1643419,Hannes Steinbach,F,,,0.0,0.0,0.0,,,,,,,,,,,,,,,,,,,,,,,,,,,,,,,,,,0.0,,Germany,,,,,,,,,
1610612766,CHA,East,1630544,Tre Mann,G,25.0,26.0,0.0,0.0,0.22695351198272504,53.0,12.60377358490566,0.0,17.728871621347782,0.0,5.074706570857667,0.0,5.085411697768454,0.0,1.3382239482419602,0.0,0.3094117801409856,0.0,2.915800776435758,0.0,1.150317175702609,0.0,3.935094522065845,0.0,6.708600949050127,0.0,16.758725625173582,0.0,1.6793527537875597,0.0,1.9696715733114043,0.0,3.1702794807102785,0.0,2.5821775986131166,0.0,7.339589761348148,0.0,3.1758056930645786,11.474021140369517,USA,0.0,0.0,0.0,0.0,0.0,0.0,0.0,,
1610612766,CHA,East,1641706,Brandon Miller,F,23.0,24.0,27.986003192420966,0.0,0.4660744288946166,65.0,30.276923076923076,2294.8522617785193,23.6184184621812,1505.5772507657796,3.846031684818636,245.1687364104971,5.667065214400322,361.25215069202636,1.1991814689731877,76.44289739877797,0.801719338784308,51.10631772002078,2.9210100732821074,186.20240481525784,1.1675923990045998,74.42922382475314,4.499472815395724,286.82292686727334,8.298363765843986,528.9866349196661,19.50034998942314,1243.067285519456,3.194611985639677,203.64340390972166,3.6550926996174047,232.99715968686542,3.218186892064986,205.14620744670324,3.754182203046824,239.31370888307413,10.111413215068863,644.561096843833,15.720555068553537,15.51480556964059,USA,18.360698180070482,4.40551403282959,2.989862639152404,0.9322304560826582,0.6232477770734242,2.2707610343324127,2.9184598644277333,42.6,37.1
1610612766,CHA,East,1630214,Xavier Tillman,F,27.0,28.0,0.0,0.0,0.1292459802061242,30.0,6.133333333333334,0.0,7.947511090485487,0.0,2.150661411028781,0.0,7.7591682645865445,0.0,1.7703189104809403,0.0,1.0429529267937505,0.0,1.696199987532626,0.0,2.824562260960498,0.0,4.934606003626047,0.0,3.4351169077537294,0.0,9.024758831205622,0.0,0.4008976559368893,0.0,0.9413597022858232,0.0,2.8620898380495965,0.0,0.6831434152315491,0.0,3.911934223296386,0.0,7.715833078794441,7.410430261167882,USA,0.0,0.0,0.0,0.0,0.0,0.0,0.0,,
1610612766,CHA,East,1642275,Tidjane Salaün,F,20.0,21.0,0.0,0.0,0.19598455926514752,37.0,15.54054054054054,0.0,13.223950741082119,0.0,1.9766435787359729,0.0,9.386233987537006,0.0,0.99526644546547,0.0,0.4509895698718734,0.0,1.7462378308645823,0.0,1.8885052592598306,0.0,7.497728728277175,0.0,4.608808037306294,0.0,10.564007658121863,0.0,1.8529384021610185,0.0,2.7430619228718283,0.0,3.1945275393639565,0.0,2.133081205211262,0.0,5.755007305946799,0.0,8.094797345350575,10.55845228988084,France,0.0,0.0,0.0,0.0,0.0,0.0,0.0,,
1610612766,CHA,East,1642862,Liam McNeeley,F,20.0,21.0,0.0,0.0,0.12588113851992408,31.0,11.870967741935484,0.0,13.687826086956521,0.0,2.488695652173913,0.0,7.569782608695652,0.0,0.5184782608695653,0.0,0.3110869565217391,0.0,1.3480434782608695,0.0,1.3480434782608695,0.0,6.221739130434783,0.0,3.940434782608696,0.0,9.851086956521739,0.0,3.318260869565217,0.0,4.044130434782609,0.0,3.73304347826087,0.0,2.4652173913043476,0.0,6.16304347826087,0.0,10.525108695652175,10.525108695652175,USA,0.0,0.0,0.0,0.0,0.0,0.0,0.0,,
