team_id,team_abbreviation,conference,player_id,player_name,position,current_age,target_age,minutes_projection,risk_score,fatigue_score,games_played_last_season,minutes_per_game_last_season,projected_total_minutes,PTS_per36_projected,PTS_projected,AST_per36_projected,AST_projected,REB_per36_projected,REB_projected,STL_per36_projected,STL_projected,BLK_per36_projected,BLK_projected,TOV_per36_projected,TOV_projected,OREB_per36_projected,OREB_projected,DREB_per36_projected,DREB_projected,FGM_per36_projected,FGM_projected,FGA_per36_projected,FGA_projected,FTM_per36_projected,FTM_projected,FTA_per36_projected,FTA_projected,PF_per36_projected,PF_projected,FG3M_per36_projected,FG3M_projected,FG3A_per36_projected,FG3A_projected,game_score_per36,game_score_per36_box,country,PPG,RPG,ORPG,DRPG,APG,SPG,BPG,TOPG,3PM,FG%,3P%
1610612737,ATL,East,1642933,Keshon Gilbert,G,23.0,24.0,0.0,0.7709756097560976,0.1911811764705882,4.0,18.5,0.0,8.683783783783785,0.0,6.129729729729731,0.0,2.5540540540540544,0.0,1.5324324324324328,0.0,2.0432432432432432,0.0,4.0864864864864865,0.0,1.0216216216216216,0.0,1.5324324324324328,0.0,2.5540540540540544,0.0,6.129729729729731,0.0,3.5756756756756762,0.0,3.5756756756756762,0.0,2.5540540540540544,0.0,0.0,0.0,1.5032432432432434,0.0,8.734864864864864,8.734864864864864,USA,0.0,0.0,0.0,0.0,0.0,0.0,0.0,0.0,0.0,,
1610612737,ATL,East,1630228,Jonathan Kuminga,F,23.0,24.0,20.086202509977916,0.3325609756097561,0.3185938791732909,36.0,23.083333333333332,1647.068605818189,22.148687096255788,1013.3446437870371,3.4660570458194204,158.57871517066954,7.796639790862088,356.71112862227324,1.1016675976662316,50.40339206008872,0.6261554165582803,28.647803582670953,2.6034617852752384,119.11333813817281,1.9636644513182002,89.84139083687242,5.8329753395438875,266.8697377854008,8.136580230714596,372.2640515758592,16.889555979310238,772.7293727702993,4.493489122458782,205.5856906718718,6.335380109286122,289.85571344250496,2.906188948463555,132.96368276639157,1.3557129883227093,62.026452821285986,4.235712939751383,193.7919390645104,17.89556010026141,16.16861028274939,DRC,12.357861509598013,4.350135714905771,1.0956267175228345,3.2545089973829366,1.9338867703740188,0.6146755129279112,0.3493634583252555,1.4526016846118635,0.7564201563571462,48.2,32.0
1610612737,ATL,East,1642484,RayJ Dennis,G,25.0,26.0,0.0,0.6891463414634147,0.10775633008283526,17.0,12.117647058823529,0.0,14.040839798850978,0.0,6.320642044540462,0.0,5.0722275488508375,0.0,1.2710558462648367,0.0,0.7949908534483291,0.0,3.0454656321838436,0.0,1.399555709770055,0.0,3.6726718390807833,0.0,4.977014550287536,0.0,15.686749721264768,0.0,1.399555709770055,0.0,1.5506969238504866,0.0,3.8404564856321723,0.0,2.636069179200977,0.0,8.633192791954489,0.0,8.742305525432034,8.742305525432034,USA,0.0,0.0,0.0,0.0,0.0,0.0,0.0,0.0,0.0,,
1610612737,ATL,East,1630552,Jalen Johnson,F,24.0,25.0,30.600640646969964,0.25634146341463415,0.5089340580810106,72.0,35.166666666666664,2509.2525330515373,22.223863837125144,1549.0357396527422,7.028460566676699,489.89395778850974,10.717746102120138,747.0425432041166,1.394141616945869,97.17370510427743,0.6683978613877711,46.58830629926375,3.24223387577705,225.9884323760852,1.5656312366296203,109.12678184270794,9.15211486549052,637.9157613614087,8.438665894368746,588.1873269727887,17.077400500983018,1190.3197351396452,3.7211108409866496,259.3668556530913,4.802596430039128,334.7479793694431,2.273149688370855,158.4418503763856,1.594460803450507,111.13624471971039,4.615778446856615,321.72649332721255,20.612718864248855,19.684580699317035,USA,18.89067975186271,9.110274917123373,1.3308144127159505,7.779460504407424,5.974316558396461,1.1850451841985052,0.5681500768202896,2.7559564923912827,1.3553200575574438,49.4,34.5
1610612737,ATL,East,1630811,Keaton Wallace,G,27.0,28.0,0.0,0.44459349593495934,0.13349991777356102,53.0,10.11320754716981,0.0,12.336631208921684,0.0,6.130697764950275,0.0,3.698791841429457,0.0,1.7601951792790593,0.0,0.4510364010550062,0.0,2.0624377869173447,0.0,0.3132302138735269,0.0,3.385561627555931,0.0,4.605519664344315,0.0,11.542756904538534,0.0,0.8002068898135486,0.0,1.0538440517060244,0.0,3.06767639287756,0.0,2.348638840323704,0.0,6.560465989556391,0.0,6.72633218186644,10.310284766118082,USA,0.0,0.0,0.0,0.0,0.0,0.0,0.0,0.0,0.0,,
1610612737,ATL,East,203468,CJ McCollum,G,34.0,35.0,25.910170784769157,0.3139024390243902,0.7096747477715208,76.0,29.776315789473685,2124.634004351071,22.123925199794275,1305.7012163667353,4.574785233545527,269.99289638316617,4.098536454270092,241.88583107818627,0.9656688209387189,56.99146705300021,0.5452380331681805,32.17864627040593,2.0156286746189003,118.95758950667766,0.8535873292569899,50.37668515062818,3.2449491250131013,191.50914592755802,8.186202522993257,483.13011796822235,18.089521520469365,1067.6003484674916,2.519258293187449,148.68060654026374,3.2944719239411424,194.4318632218124,2.2348155833490977,131.89347727325466,3.248837562469647,191.73863221766828,8.421505678454237,497.0171481188752,15.161520703205184,15.636781760025142,USA,15.92318556544799,2.9498272082705643,0.6143498189100998,2.335477389360464,3.292596297355685,0.6950178908902465,0.3924225154927552,1.4507023110570447,2.3382760026544913,45.3,38.6
1610612737,ATL,East,1629216,Gabe Vincent,G,30.0,31.0,0.0,0.45743902439024386,0.26619642840957647,53.0,16.58490566037736,0.0,9.579708984469653,0.0,2.6190793508809254,0.0,2.071452593688375,0.0,1.1242236244850357,0.0,0.20063090643669332,0.0,0.9828071995698594,0.0,0.5591854427632895,0.0,1.5122671509250858,0.0,3.3670623587948256,0.0,8.965673744940649,0.0,0.535152497860542,0.0,0.6638313619351669,0.0,3.2685897117210505,0.0,2.40669975939527,0.0,7.0744317199591285,0.0,5.803870874169823,6.2519784364601945,USA,0.0,0.0,0.0,0.0,0.0,0.0,0.0,0.0,0.0,,
1610612737,ATL,East,1643412,Kingston Flemings,G,,,0.0,0.0,0.0,,,,,,,,,,,,,,,,,,,,,,,,,,,,,,,,,,0.0,,USA,,,,,,,,,,,
1610612737,ATL,East,1630700,Dyson Daniels,G,23.0,24.0,28.852686865938253,0.10512195121951218,0.5505474779128596,76.0,33.1578947368421,2365.9203230069365,13.874690083795235,911.8447567964989,5.847878446689389,384.3226239860184,7.242661753059352,475.98779539522684,2.6416929929576076,173.61208719953956,0.6105029206322748,40.12225742163861,2.068626139236851,135.95012843121785,2.31633461397678,152.2295316136692,4.926327139082572,323.7582637815577,6.008919444703257,394.90623982041643,11.97167330278371,786.7784768737654,1.13732191287029,74.74480631835954,1.8680269332032793,122.76674681083222,2.555506870992588,167.94793449070082,0.7058239618704589,46.38675710707199,2.524982758032699,165.94188951310193,15.966515094109297,14.776867975552147,Australia,11.120058009713402,5.8047292121369125,1.8564577026057218,3.948271509531191,4.6868612681221755,2.117220575604141,0.489295822215105,1.6579283955026567,0.5656921598423413,50.2,28.0
1610612737,ATL,East,1629652,Luguentz Dort,G,27.0,28.0,23.317776450132893,0.16634146341463418,0.6154109461610231,69.0,26.797101449275363,1912.0576689108973,12.19118421974507,647.5068689019188,1.799802902425592,95.59241505863734,4.824788034199776,256.25758226836706,1.2486286731840468,66.31805639398875,0.624762510068653,33.18283190624416,1.0275769442423122,54.5773993509594,1.2583559922884455,66.83470070208622,3.566432041911332,189.42288156628092,4.260163273685772,226.2688293962065,10.30555849242024,547.3561707733872,1.0283832473884915,54.620224298573824,1.3211394306968933,70.16929944901588,3.563435004564601,189.26370078175785,2.6688991692348862,141.7524756690413,7.092992876665777,376.72809514886575,14.488619381723383,9.007908434239027,Canada,7.896425230511205,3.1250924666874034,0.8150573256351978,2.3100351410522064,1.165761159251675,0.8087567852925458,0.4046686817834654,0.6655780408653585,1.7286887276712355,41.3,37.6
1610612737,ATL,East,1629638,Nickeil Alexander-Walker,G,27.0,28.0,29.038814292403504,0.08707317073170733,0.6138775745679946,78.0,33.37179487179487,2381.182771977087,18.27179731830145,1208.569138538793,3.9106795834074233,258.6678569647858,3.8627044427817725,255.49459089975863,1.2245678860895763,80.99777648535832,0.6172019559449354,40.82418512018448,1.9615620814120707,129.74549540060943,0.7699585333997264,50.92811096856037,3.0927459093820455,204.56647993119824,6.255886341168975,413.789132751065,13.845565176089977,915.800590710871,2.740446846861995,181.2640227574087,3.137635176798299,207.53563410392755,2.4454459133195927,161.75149107217743,3.0497735669925192,201.7241187820471,7.745087712720764,512.2908174717252,14.501046067500091,13.844520162622274,Canada,14.738648030960888,3.1157876938994957,0.6210745240068337,2.4947131698926617,3.1544860605461684,0.9877777620165649,0.4978559160998107,1.5822621390318223,2.460050229049355,45.2,39.4
1610612737,ATL,East,1627741,Buddy Hield,G,33.0,34.0,0.0,0.30231707317073175,0.411713525751529,51.0,16.058823529411764,0.0,16.83104081704412,0.0,3.0677118434352715,0.0,4.791923744377731,0.0,1.3578653954427817,0.0,0.49459518102196015,0.0,1.800711001612887,0.0,1.0264141566737746,0.0,3.7655095877039573,0.0,6.119606157305645,0.0,14.28074619740433,0.0,1.0348912850156617,0.0,1.2406710547552435,0.0,2.5522759257424914,0.0,3.575177921096226,0.0,9.69656151486803,0.0,9.763662461123293,12.078050760523304,Bahamas,0.0,0.0,0.0,0.0,0.0,0.0,0.0,0.0,0.0,,
1610612737,ATL,East,1642948,Ryan Nembhard,G,23.0,24.0,16.98263042540371,0.22463414634146345,0.212616862745098,60.0,19.516666666666666,1392.5756948831042,12.815200683176773,495.72602767892573,10.200512382578992,394.5829338703792,4.2932536293766015,166.07446267329252,0.807002561912895,31.217004261897085,0.06456020495303161,2.4973603409517673,2.7438087105038433,106.1378144904501,0.4196413321947054,16.232842216186484,3.873612297181896,149.84162045710602,5.229376601195559,202.2861876170931,12.589239965841163,486.9852664855946,0.807002561912895,31.217004261897085,1.0006831767719897,38.70908528475238,2.7760888129803587,107.38649466092598,1.519931682322801,58.79499774126446,4.274807856532878,165.36093114730627,10.833788755949936,11.611152860802733,Canada,6.045439361938119,2.025298325284055,0.19796149044129857,1.8273368348427563,4.8119869984192585,0.3806951739255742,0.030455613914045943,1.2943635913469524,0.7170121675763959,41.5,35.6
1610612737,ATL,East,1643539,Henri Veesaar,C,,,0.0,0.0,0.0,,,,,,,,,,,,,,,,,,,,,,,,,,,,,,,,,,0.0,,Estonia,,,,,,,,,,,
1610612737,ATL,East,1628396,Tony Bradley,C-F,28.0,29.0,0.0,0.6430487804878048,0.11817843137254902,41.0,11.0,0.0,13.77692851176887,0.0,1.7340829856387723,0.0,9.726409878597794,0.0,0.507226685487677,0.0,0.8655965644821758,0.0,1.4273689106009986,0.0,4.752196831918014,0.0,4.974213046679779,0.0,5.607679171872042,0.0,9.944141090366605,0.0,2.3084784650810053,0.0,3.2041072381450784,0.0,4.618853015422666,0.0,0.25951535022661665,0.0,0.5348651493795585,0.0,16.9739276498946,12.571743858184252,USA,0.0,0.0,0.0,0.0,0.0,0.0,0.0,0.0,0.0,,
1610612737,ATL,East,1642854,Asa Newell,F,20.0,21.0,0.0,0.3807317073170732,0.11946421994884909,44.0,11.363636363636363,0.0,17.324640000000002,0.0,1.98432,0.0,7.32672,0.0,1.2211200000000002,0.0,1.1448,0.0,1.75536,0.0,3.3580799999999997,0.0,3.96864,0.0,6.94512,0.0,12.898080000000002,0.0,1.2211200000000002,0.0,2.21328,0.0,4.9608,0.0,2.1924,0.0,5.67,0.0,12.714085895147202,13.890239999999999,USA,0.0,0.0,0.0,0.0,0.0,0.0,0.0,0.0,0.0,,
1610612737,ATL,East,1630168,Onyeka Okongwu,F-C,25.0,26.0,27.01024909674267,0.154390243902439,0.5512512328371152,74.0,31.04054054054054,2214.840425932899,17.90494120807137,1101.5718780996754,3.3316470312520843,204.97407027101235,10.253218888089439,630.8123247022016,1.2353594019720875,76.00344289011304,1.3250913435355514,81.52405210322995,1.8337209739661218,112.81664841725599,3.05811298357505,188.14534064145255,7.195105904514388,442.666984060749,6.786313049358211,417.5166801320703,13.06222363684844,803.6316934296717,2.664075947554044,163.90286406661642,3.4945520358085234,214.99653109541194,3.9018280067517908,240.05351123308475,1.6364631777665994,100.68068893522447,4.494573223727503,276.5211798118674,16.760915490219634,16.543554394232398,USA,13.433803391459456,7.69283322807563,2.2944553736762505,5.398377854399378,2.4996837837928334,0.926871254757476,0.9941957573564628,1.3758127855762925,1.2278132796978594,52.0,36.4
1610612737,ATL,East,1631243,Mouhamed Gueye,F,23.0,24.0,0.0,0.36609756097560975,0.258715925397488,77.0,15.311688311688311,0.0,11.646195545991798,0.0,2.1448842125087006,0.0,9.091536202214396,0.0,1.9741386737453142,0.0,1.5028553887722809,0.0,1.0491336470518933,0.0,2.9551366253091955,0.0,6.136399576905201,0.0,4.396020283714642,0.0,9.962150448323166,0.0,1.521633453946257,0.0,2.224294977686524,0.0,4.084433982797742,0.0,1.3071401622426129,0.0,4.433981766781654,0.0,15.98715585351998,11.904198401414337,Senegal,0.0,0.0,0.0,0.0,0.0,0.0,0.0,0.0,0.0,,
1610612737,ATL,East,1643544,Zuby Ejiofor,F,,,0.0,0.0,0.0,,,,,,,,,,,,,,,,,,,,,,,,,,,,,,,,,,0.0,,USA,,,,,,,,,,,
1610612737,ATL,East,1630598,Aaron Wiggins,G,27.0,28.0,18.929335417345474,0.17060975609756096,0.4650762194789184,65.0,21.753846153846155,1552.205504222329,16.822614914785454,725.3376518372952,2.730541215138987,117.73225287901839,5.503860722983217,237.30896968576766,1.4402629824966038,62.099559137747114,0.5625564689538517,24.25564576516795,1.7603005030307202,75.89855916360051,1.3900615675920298,59.935033789562986,4.113799155391186,177.37393589620467,6.465254941662029,278.7612307402337,13.730762268868595,592.0267991918364,1.4620964723842793,63.04094978163691,1.8749247152543593,80.84079063945276,2.1928848662257376,94.55022109670654,2.4543086446678855,105.82198298094266,6.466780228097339,278.8269962402449,16.300846248322976,12.94721176186657,USA,8.845581119967015,2.894011825436191,0.7309150462141828,2.163096779222008,1.4357591814514439,0.7573116968017941,0.2958005581118043,0.9255921849219574,1.2905119875724715,47.1,38.0
1610612737,ATL,East,1630592,Jalen Wilson,F,25.0,26.0,0.0,0.25378048780487805,0.22748009915836284,54.0,15.907407407407407,0.0,14.157427177697453,0.0,2.5049816974139083,0.0,5.288019015631879,0.0,0.8113332331736794,0.0,0.10600692752136169,0.0,1.4996141710899746,0.0,1.304379218717832,0.0,3.983639796914047,0.0,4.6437546486898205,0.0,11.637464150988079,0.0,2.661106958995017,0.0,3.433258685515183,0.0,3.2627549151921102,0.0,2.1667383323452203,0.0,6.3192237263377775,0.0,3.7897074349218087,9.502309966511904,USA,0.0,0.0,0.0,0.0,0.0,0.0,0.0,0.0,0.0,,
1610612737,ATL,East,1642269,Devin Carter,G,24.0,25.0,0.0,0.4476016260162602,0.1751240866873065,38.0,18.42105263157895,0.0,16.95727257074328,0.0,5.0492814514694535,0.0,6.882565388594461,0.0,1.8802840054872307,0.0,0.4586270386794142,0.0,2.60128260178007,0.0,1.909747969865864,0.0,4.972817418728597,0.0,5.995999493206914,0.0,14.810232981646728,0.0,3.319477076278637,0.0,4.845837822613293,0.0,2.9687136255293116,0.0,1.6144480031355606,0.0,5.952845944912069,0.0,5.7740415786110075,13.153685683463806,USA,0.0,0.0,0.0,0.0,0.0,0.0,0.0,0.0,0.0,,
1610612737,ATL,East,1630557,Corey Kispert,F,27.0,28.0,0.0,0.24134146341463414,0.3080907208293153,58.0,18.620689655172413,0.0,17.33194998753008,0.0,2.7072149562815424,0.0,4.148948939638711,0.0,0.6019598947325813,0.0,0.2990513719355629,0.0,1.536875030872125,0.0,0.7619995182588263,0.0,3.3869494213798848,0.0,6.159736567032333,0.0,13.177915838085777,0.0,2.097128620935335,0.0,2.6570713703564577,0.0,2.1986399340823914,0.0,2.944501714855382,0.0,7.940315435550468,0.0,8.179976032696565,12.18682623708914,USA,0.0,0.0,0.0,0.0,0.0,0.0,0.0,0.0,0.0,,
1610612737,ATL,East,1629111,Jock Landale,C,30.0,31.0,19.271493510316464,0.3751219512195122,0.3173095311293269,68.0,22.147058823529413,1580.2624678459501,15.500763600455494,680.424303909791,2.669945078869045,117.20038887074296,8.811148642057603,386.77576382376225,0.831820594760824,36.51374627449516,0.9012794001216914,39.5627224737506,1.3915855473403285,61.085289201632904,4.11953716226871,180.83194340082926,4.691611479788893,205.94382042293293,6.102707456255195,267.88554292676986,11.80386339987162,518.1445085110448,1.9140694552940547,84.02033669587601,2.879661578493793,126.40614201643794,3.4204926504108837,150.14655991631216,1.438832534011507,63.15925141705739,3.8175346989163548,167.57518901103072,15.035063814573144,14.155959933841967,Australia,8.297857364753549,4.716777607606857,2.2052676024491373,2.5115100051577186,1.4292730350090603,0.4452895887133556,0.4824722252896414,0.7449425512394257,0.7702347733787487,51.7,37.7
1610612738,BOS,East,1641759,Dillon Mitchell,F,,,0.0,0.0,0.0,,,,,,,,,,,,,,,,,,,,,,,,,,,,,,,,,,0.0,,USA,,,,,,,,,,,
1610612738,BOS,East,1642870,Milos Uzan,G,,,0.0,0.0,0.0,,,,,,,,,,,,,,,,,,,,,,,,,,,,,,,,,,0.0,,USA,,,,,,,,,,,
1610612738,BOS,East,1643620,Tucker DeVries,,,,0.0,0.0,0.0,,,,,,,,,,,,,,,,,,,,,,,,,,,,,,,,,,0.0,,,,,,,,,,,,,
1610612738,BOS,East,1628369,Jayson Tatum,F-G,28.0,29.0,33.17735934126238,0.4217073170731708,0.6043609625668449,16.0,32.625,2720.543465983515,25.881455222728,1955.8784415649327,5.5088386775560725,416.30652970506776,8.697866204443528,657.3034186249355,1.0956919181005935,82.8021524588754,0.48387621627455907,36.566841070293826,2.697087934741584,203.82069327900527,0.7128658282281212,53.87173530858172,7.985000376215406,603.4316833163537,8.816020876480096,666.2324442078385,19.52745268109507,1475.702327745985,5.0014131413720815,377.96005117899733,6.085609018174792,459.893440303494,2.006265139850025,151.61476436804134,3.330436884953994,251.6832862842244,9.508566777022839,718.5685893360393,26.33531142731256,19.99047289155715,USA,23.85217611664552,8.015895349084579,0.6569723818119722,7.358922967272606,5.07690889884229,1.009782347059456,0.4459370862230954,2.4856182107195766,3.0693083693198098,45.1,35.0
1610612738,BOS,East,1629011,Mitchell Robinson,C-F,28.0,29.0,18.27947196643275,0.5064634146341463,0.38925701815485286,60.0,19.583333333333332,1498.9167012474857,9.885504647814408,411.5985560241294,1.4361891816921828,59.79799862748257,14.781441245084933,615.4485875212843,1.7226480197655902,71.72516353326533,2.0312083651132804,84.5725595050527,1.2205046132407378,50.817631909337365,7.275793320100106,302.93911450897065,7.505647924984829,312.5094730123138,4.293215141072316,178.75477436116316,6.221403451975814,259.0379316490363,1.2990743656697776,54.08900730180314,3.0109315824101293,125.36487875522398,3.523791132685367,146.718593902497,0.0,0.0,0.0,0.0,19.519821257469715,15.427620338944177,USA,5.019494585660114,7.505470579527857,3.694379445231349,3.8110911342965093,0.729243885701007,0.8746971162593333,1.0313726768908866,0.6197272184065532,0.0,69.0,
1610612738,BOS,East,202331,Paul George,F,36.0,37.0,28.633284437356423,0.5065853658536585,0.6830732902917265,37.0,30.675675675675677,2347.9293238632267,19.643779240796906,1281.1723697489658,3.980008402746848,259.5771788342047,5.562759307099164,362.80460274253363,1.7567182688209289,114.57362047585838,0.49344477452844454,32.18259599506703,2.1831293381451187,142.38426085602896,0.567774338712486,37.03038942222494,4.994984968386676,325.7742133203086,6.957816790324481,453.7906131130768,15.534165531988684,1013.1422992861565,2.799229696807672,182.56648581565284,3.2786698075181104,213.8356940093548,2.5969208738384313,169.37185198438243,2.991233324262407,195.08901212646072,7.651568867776522,499.0373032836512,15.76010618173994,14.923389373098328,USA,15.624053289621534,4.424446374908947,0.45159011490518225,3.9728562600037636,3.1655753516366425,1.397239274095834,0.39247068286667114,1.7363934250735238,2.3791342942251306,44.8,39.1
1610612738,BOS,East,1628401,Derrick White,G,31.0,32.0,31.82113108276495,0.21158536585365856,0.7371490723360844,77.0,34.09090909090909,2609.332748786726,16.59294686482035,1202.6811014792715,5.265985793047983,381.68636623460395,4.505819153328466,326.58837435806794,1.083276894750248,78.51749659655037,1.217742710344187,88.26377593603875,1.7373274171409325,125.92403680308034,0.9882305252776042,71.62839647104336,3.5175886280508624,254.9599778870246,5.7097241931824865,413.8491756614147,13.61444634149576,986.7950193184588,2.153006526323494,156.05306770798452,2.4348147454250464,176.4789403462886,1.7725019731572516,128.47354016245296,3.146345783470716,228.0517525504769,8.818931947991862,639.2091094782411,20.215574111272943,14.156597412236211,USA,14.666842700966725,3.98278505314717,0.8735170301346751,3.109268023012495,4.654711783348828,0.9575304462993948,1.0763875114151067,1.5356589854034188,2.781118933542401,41.9,35.7
1610612738,BOS,East,1630202,Payton Pritchard,G,28.0,29.0,30.200267393182084,0.10890243902439026,0.6083401841928051,79.0,32.35443037974684,2476.421926240931,17.898231096025395,1231.210331309015,5.2330504911221025,359.9789160372402,4.59546663619082,316.1198427547667,0.8849357739605649,60.874287609748094,0.15956810880190775,10.976610093495633,1.3961440790600794,96.04005026599535,1.2120501685741751,83.37632258780845,3.383416467616645,232.7435201669583,6.634838640374679,456.4072190581784,14.214333402998415,977.7968585023373,1.3847617464902058,95.25706532300087,1.589169143249237,109.31814752355349,1.764246735691865,121.36164721017563,3.326121816724557,228.80224989680588,8.550767855073515,588.2030278472274,18.434062573552065,14.941756290230227,USA,15.014760137914816,3.855120033594716,1.016784421802542,2.838335611792174,4.389986780941953,0.7423693610944889,0.13386109870116625,1.1712201251950651,2.7902713402049497,46.7,38.9
1610612738,BOS,East,1643416,Chris Cenac Jr.,F,,,0.0,0.0,0.0,,,,,,,,,,,,,,,,,,,,,,,,,,,,,,,,,,0.0,,USA,,,,,,,,,,,
1610612738,BOS,East,1631199,Ron Harper Jr.,G-F,26.0,27.0,0.0,0.7207317073170731,0.11764941176470589,29.0,10.96551724137931,0.0,13.680772182999657,0.0,2.5784202202837996,0.0,5.71228801575911,0.0,1.0899290466062952,0.0,0.9809361419456657,0.0,0.8719432372850362,0.0,1.9095384796516672,0.0,3.802749536107443,0.0,5.0823348418245144,0.0,12.538509332153696,0.0,0.46430116885300077,0.0,0.5732940735136304,0.0,2.266365818970267,0.0,3.1433553704125554,0.0,9.40534172958761,0.0,11.173643157239804,11.173643157239804,USA,0.0,0.0,0.0,0.0,0.0,0.0,0.0,0.0,0.0,,
1610612738,BOS,East,1641775,Jordan Walsh,G,22.0,23.0,16.63683606256558,0.3392682926829268,0.24112541662442788,68.0,17.823529411764707,1364.2205571303775,10.43044355839172,395.26182006516973,1.6811412722580086,63.706874529297004,8.000887002290975,303.1937367722942,1.4483486342054217,54.88519390763171,0.948179543306242,35.931278467468566,1.160283457865135,43.96895959216487,2.51040818160977,95.13195689278717,5.490478820681205,208.06177987950701,3.8910395387919214,147.45100353964008,8.046288986551259,304.91424566847166,1.207454277523451,45.756498533125,1.6168115668410428,61.26909934696461,3.9648686713194143,150.24875965933754,1.468889042183152,55.66357298582795,4.116389287046282,155.99063573721656,13.498051714781472,10.137785819634269,USA,4.820266098355728,3.6974845947840755,1.1601458157656972,2.5373387790183783,0.7769131040158171,0.6693316330198988,0.4381863227740069,0.5362068242946936,0.6788240608027798,48.4,35.7
1610612738,BOS,East,1642864,Hugo González,G,20.0,21.0,0.0,0.08804878048780487,0.2444673472428291,74.0,14.64864864864865,0.0,10.173653136531366,0.0,1.4081180811808118,0.0,8.659926199261992,0.0,1.4785239852398526,0.0,0.7392619926199263,0.0,1.337712177121771,0.0,2.1825830258302585,0.0,6.477343173431734,0.0,4.118745387453875,0.0,8.659926199261992,0.0,0.4576383763837639,0.0,0.9152767527675278,0.0,4.365166051660517,0.0,1.4645756457564578,0.0,4.045018450184502,0.0,15.845696005848312,8.94507011070111,Spain,0.0,0.0,0.0,0.0,0.0,0.0,0.0,0.0,0.0,,
1610612738,BOS,East,1630573,Sam Hauser,F,28.0,29.0,23.144025389905693,0.1479268292682927,0.504268848163538,78.0,24.794871794871796,1897.8100819722667,13.635774707749725,718.8364087741629,1.8427715947826935,97.14529198196412,5.430330162046532,286.27042583250005,0.7860105785261547,41.43607779066085,0.405426717751952,21.37285867918275,0.6132897745309543,32.33076436875954,1.0017293218017376,52.8081112867383,4.428600840244794,233.46231454576173,4.789168304090176,252.47033032678775,11.055530612958194,582.813818300697,0.3025213648169117,15.948002671154033,0.3399341534267277,17.920290654998645,2.0423308958118427,107.66544902208794,3.8502191899492253,202.97179990246482,9.504275851443166,501.0364036865108,14.139612504249733,10.756923526650505,USA,8.766297667977597,3.4911027540548787,0.6440013571553451,2.847101396899533,1.1846986827068795,0.5053180218373274,0.26064461803881406,0.3942776142531651,2.475265852469083,43.3,40.5
1610612738,BOS,East,1642917,Max Shulga,G,24.0,25.0,0.0,0.7026829268292683,0.03287606334841629,11.0,3.272727272727273,0.0,7.3500000000000005,0.0,2.1,0.0,6.300000000000001,0.0,1.05,0.0,0.0,0.0,3.1500000000000004,0.0,3.1500000000000004,0.0,3.1500000000000004,0.0,2.1,0.0,8.4,0.0,2.1,0.0,2.1,0.0,10.5,0.0,1.03,0.0,4.12,0.0,0.6300000000000008,0.6300000000000008,Ukraine,0.0,0.0,0.0,0.0,0.0,0.0,0.0,0.0,0.0,,
1610612738,BOS,East,201144,Mike Conley,G,38.0,39.0,17.129982712751637,0.33768292682926826,0.7625610352042003,54.0,18.35185185185185,1404.6585824456342,10.907471159382572,425.5909160223601,6.113922437107426,238.55482288027432,3.354531488249197,130.88809569592667,1.364884612756456,53.255469037676164,0.33715551881972045,13.155233142473081,1.3881028931673758,54.161406727921374,0.602587341820475,23.51193003781198,2.751944146428722,107.3761656581147,3.4949137078728163,136.3655704075124,8.728179767015341,340.558683857401,1.5566443008700808,60.73760491756231,1.7235707892239107,67.25079170933226,2.334557725150679,91.09045957910159,2.3609994427668584,92.12217028977298,5.952778574627148,232.26726428468092,11.35732698615637,10.935047792160189,USA,5.190133122223903,1.5961962889747154,0.28673085411965826,1.3094654348550574,2.909205157076516,0.6494569394838556,0.1604296724691839,0.6605049600966021,1.1234411010947924,40.0,39.7
1610612738,BOS,East,1630568,Luka Garza,C,27.0,28.0,0.0,0.39560975609756094,0.22362759834879226,69.0,16.202898550724637,0.0,18.8565242899944,0.0,2.0566221473731363,0.0,9.033835591715384,0.0,0.8933136918987898,0.0,0.8358950467530564,0.0,1.5439266938830136,0.0,5.052589156284954,0.0,3.98124643543043,0.0,6.983873094667793,0.0,12.50002522757697,0.0,3.098371555359209,0.0,4.111476314155104,0.0,5.2105771273927965,0.0,1.8083106107526017,0.0,4.526341657910535,0.0,18.34522438316207,16.51591848801487,USA,0.0,0.0,0.0,0.0,0.0,0.0,0.0,0.0,0.0,,
1610612738,BOS,East,1631248,Baylor Scheierman,G,25.0,26.0,17.322817644674707,0.27044715447154477,0.27184848851985266,77.0,18.558441558441558,1420.471046863326,11.270189012353127,444.69381068679996,3.0944986393903164,122.10127005033057,7.011777522123005,276.66741547841116,1.1924153810263822,47.049764571735466,0.16423736939235956,6.4804007787456595,1.211648948363795,47.80867361425466,1.5602550092274157,61.56380739808375,5.451522512895589,215.1036080803274,3.97179279198378,156.71712958759477,9.100922736182666,359.09992351354543,0.7616906354665818,30.05443039853354,0.8723118503493383,34.4192702015836,2.7567549377564338,108.77473812168122,2.5160573111491003,99.27740452044688,6.538895873569872,258.00867407944656,14.158852547048628,10.330826651901425,USA,5.423095252278048,3.373992871687941,0.7507781390010214,2.6232147326869195,1.4890398786625678,0.5737776167284813,0.07902927778958121,0.583032605051886,1.210700055127401,43.6,38.5
1610612738,BOS,East,1642873,Amari Williams,F-C,24.0,25.0,0.0,0.5953658536585367,0.06772040920716112,22.0,6.636363636363637,0.0,7.767123287671232,0.0,2.589041095890411,0.0,10.356164383561644,0.0,0.7767123287671233,0.0,2.589041095890411,0.0,2.847945205479452,0.0,2.33013698630137,0.0,8.026027397260274,0.0,2.589041095890411,0.0,5.178082191780822,0.0,2.589041095890411,0.0,3.624657534246575,0.0,4.919178082191781,0.0,0.0,0.0,0.0,0.0,8.388493150684933,8.388493150684933,United Kingdom,0.0,0.0,0.0,0.0,0.0,0.0,0.0,0.0,0.0,,
1610612738,BOS,East,1629674,Neemias Queta,C,26.0,27.0,23.654823969103795,0.26829268292682923,0.3872125340901297,76.0,25.342105263157894,1939.6955654665112,14.284878281841559,769.6754182365819,2.2454655865042263,120.98665668194185,11.527031083065369,621.0814187449037,1.0584721574320244,57.0309374983519,1.86505723939489,100.49009046098561,1.4577826011216066,78.54595685582824,4.249194319064344,228.94842715262774,7.277836764001026,392.13299159227597,6.029184648665519,324.85507573320206,9.24494332139537,498.1215434305511,2.21267244743338,119.21974816990166,3.1068477248767863,167.39829873675615,4.1871897265801925,225.6075929004037,0.0142516331894523,0.7678841582843328,0.14094696449177543,7.594283388629518,22.31246034483205,15.828388401706714,Portugal,9.386285588250999,7.574163643230532,2.792053989666192,4.7821096535643415,1.475447032706608,0.6954992377847793,1.2254889080608002,0.9578775226320517,0.009364440954686986,65.2,10.1
1610612739,CLE,East,201935,James Harden,G,36.0,37.0,31.295314972781746,0.2547560975609756,0.8939339828220179,70.0,34.82857142857143,2566.2158277681033,21.31835612600544,1519.6528586820073,8.065402897743748,574.9323492643537,5.032991924675402,358.770653836974,1.2024572478864195,85.71568949279454,0.5575610963075022,39.74505861922355,3.486764301783618,248.54971497038667,0.5763437284671541,41.08395550631369,4.456648196208247,317.6866983306603,6.2851956597760745,448.0324606315763,14.81067918435857,1055.7610928582374,5.891413203490789,419.96216140889015,6.699980129158824,477.59986258830986,1.8927089166522069,134.91943275751981,2.9173292966425555,207.95823932932538,7.9300023291208515,565.2804858674403,19.2925026140726,17.876651434664932,USA,18.53235193514643,4.375251876060659,0.5010238476379718,3.874228028422687,7.011370112979923,1.0453132864974943,0.4846958368197994,3.0310940850047157,2.536076089382017,42.4,36.8
1610612739,CLE,East,1629622,Max Strus,G-F,30.0,31.0,24.941596135469215,0.555609756097561,0.3799536880415664,12.0,24.0,2045.2108831084756,13.436731426840025,763.3597040994138,4.119668666397118,234.04419975878793,5.866360374695083,333.27622451563053,0.782166490859899,44.43598387526198,0.3330809220604127,18.922797965382276,1.5278306280730367,86.79821744670646,1.1979482739551552,68.05713464705825,4.6684121007399275,265.2190898685722,4.744033543668466,269.51525092617817,11.00271358732117,625.0797103476319,0.96416398136196,54.775518549518836,1.2037669706781595,68.38770303215259,2.9167957947434826,165.70729175595574,3.1088545397303493,176.61842051826946,8.309433170234689,472.07064311740413,12.45231117899622,10.98023381625644,USA,9.309264684139192,4.064344201410129,0.829965056671442,3.2343791447386856,2.854197558033999,0.5419022423812437,0.23076582884612531,1.0585148469110544,2.1538831770520668,43.1,37.4
1610612739,CLE,East,1628418,Thomas Bryant,C-F,28.0,29.0,0.0,0.33999999999999997,0.34012009407403,60.0,12.2,0.0,17.016380698995675,0.0,1.7690717383327021,0.0,9.817531832322874,0.0,0.9278672691773259,0.0,1.362913303758672,0.0,1.2939145543153159,0.0,2.978945627467963,0.0,6.838586204854913,0.0,6.367651341019854,0.0,12.377405874149941,0.0,2.4344631884512187,0.0,2.9276109286031997,0.0,3.306247725969821,0.0,1.893483225167309,0.0,5.596095503061572,0.0,13.18646006238337,15.342678982059956,USA,0.0,0.0,0.0,0.0,0.0,0.0,0.0,0.0,0.0,,
1610612739,CLE,East,1630596,Evan Mobley,C,25.0,26.0,28.670750474843526,0.21414634146341463,0.6021988211216831,65.0,31.907692307692308,2351.0015389371692,21.674042780927564,1415.4363314708542,4.108369208335324,268.29950920328963,11.08539274445791,723.938205609541,0.9740323171927582,63.609763241519765,1.9871717844968633,129.77344231901796,2.326233702531203,151.91608373828802,2.833425979545677,185.0385788437901,8.251966764912233,538.8996267657509,8.537922281028633,557.5741228340073,15.399882736277068,1005.6985559010925,3.437444855738968,224.48439294038803,5.202387020303956,339.7449969689265,2.8113691777698,183.5981462071479,1.1386437752621634,74.35981299840483,3.4569138015385055,225.7558240941713,24.871635804955503,19.852434765810884,USA,17.26141867647383,8.828514702555378,2.256568034680367,6.571946667875011,3.2719452341864588,0.7757288200185337,1.5826029551099752,1.8526351675400978,0.9068269877854248,55.4,32.9
1610612739,CLE,East,1630241,Sam Merrill,G,30.0,31.0,23.794372832605795,0.34280487804878046,0.47143995657142834,52.0,26.48076923076923,1951.1385722736752,15.145193626484373,820.8436519218635,3.0376807372469132,164.63711268597743,3.599517613145128,195.08771268294257,0.9519884457118241,51.5961493552001,0.2241519380101688,12.148652563931615,0.9218648844854826,49.963503737340034,0.7812511334224282,42.34247836258409,2.8182664797227,152.7452343203585,5.074342787013611,275.0207205744711,11.680487254035015,633.0624784527428,1.1197650469880465,60.689354862839494,1.2668701233760449,68.66219899389196,3.00925759298967,163.09662676637726,4.038273964030317,218.86755823966854,10.024256775907013,543.2976126068868,14.786041948526035,11.441806766933047,USA,10.010288438071505,2.3791184473529583,0.5163716873485864,1.862746760004372,2.007769666902164,0.6292213336000012,0.14815429956014164,0.6093110211870736,2.6691165638983967,43.4,40.3
1610612739,CLE,East,203471,Dennis Schröder,G,32.0,33.0,21.77065389410904,0.24743902439024393,0.7234770313032239,70.0,24.228571428571428,1785.193619316941,15.92407194700849,789.6542120373183,6.910020381070875,342.659008156604,3.596740335268392,178.35771935725026,1.0645568311276226,52.79000173136929,0.22158155019675058,10.987943599155434,2.4006800902329246,119.04663275291765,0.5734024083847415,28.434286687483542,3.023337926883651,149.92343266976673,5.486545762078698,272.0707357375916,13.290503596790035,659.0589505138453,3.1142117250065597,154.4297472412143,3.7265987438167936,184.79723053378524,2.517169878273341,124.82321126195471,1.8461880245001507,91.5500855943616,5.348861066535672,265.24312907200806,9.84594677311026,12.527896131969966,Germany,9.629929415089247,2.1750941385030518,0.3467595937497993,1.8283345447532529,4.1787683921537075,0.6437805089191376,0.13399931218482236,1.4517882043038737,1.1164644584678245,41.3,34.5
1610612739,CLE,East,1641854,Craig Porter Jr.,G,26.0,27.0,16.117793216857702,0.2969512195121951,0.25537019402799815,64.0,17.9375,1321.6590437823315,10.83992558249765,397.96349111209656,6.175647080340322,226.72499485943712,6.361163049310386,233.53579647486293,1.5835680848532192,58.13714113309233,1.1120780873911078,40.82744615535044,2.0990511664714115,77.06194326468871,2.192893923545174,80.50716905857777,4.168269125765212,153.02862741628513,4.3188488147401385,158.55682207583075,9.093605299398002,333.8512690148974,1.1403535280939312,41.865515375400925,1.7155786357495393,62.983611646059245,2.1162577303717636,77.69364356444756,1.0937306576711439,40.15386153258513,2.932788229852355,107.67072465229833,11.456397381825978,12.496779283609147,USA,4.85321330624508,2.8479975179861334,0.9817947446168022,1.866202773369331,2.7649389617004525,0.7089895260133211,0.4978956848213468,0.9397797959108379,0.48968123820225773,47.5,37.3
1610612739,CLE,East,1642434,Riley Minix,F,25.0,26.0,0.0,0.7755284552845529,0.0688961873638344,9.0,6.444444444444445,0.0,21.198619735882048,0.0,3.02837424798315,0.0,4.397151589978485,0.0,1.21134969919326,0.0,0.60567484959663,0.0,1.8170245487898895,0.0,1.21134969919326,0.0,3.1858018907852252,0.0,8.479447894352818,0.0,14.31207278692184,0.0,1.8170245487898895,0.0,1.8170245487898895,0.0,3.02837424798315,0.0,2.3765527431791575,0.0,7.503941832952075,0.0,17.102443118964693,17.102443118964693,USA,0.0,0.0,0.0,0.0,0.0,0.0,0.0,0.0,0.0,,
1610612739,CLE,East,1643509,Meleek Thomas,G,,,0.0,0.0,0.0,,,,,,,,,,,,,,,,,,,,,,,,,,,,,,,,,,0.0,,USA,,,,,,,,,,,
1610612739,CLE,East,1642281,Jaylon Tyson,G-F,23.0,24.0,24.20647140920536,0.24526422764227643,0.3100836136570798,66.0,26.939393939393938,1984.9306555548394,17.901903631976037,987.0565919971599,3.200755834643358,176.47995492026715,7.299895458983109,402.49406330225383,1.1392819461301222,62.81654611649602,0.5475684748192872,30.191262546783644,2.113688154595179,116.54234484275298,2.5887055195276942,142.73335955318157,4.711189939455415,259.76070374907226,6.784040736612097,374.05140073983847,13.99362888521451,771.5661932422215,1.6665135771445811,91.8864968659065,2.2371632089084414,123.35038430116114,3.58143125439998,197.4692413227984,2.6165027038623623,144.26601186773692,6.011837707970899,331.47447118811056,16.82131490131719,14.03401900616999,USA,12.037275512160486,4.908464186612852,1.7406507262583117,3.1678134603545396,2.15219457219838,0.7660554404450735,0.3681861286193127,1.421248107838451,1.7593416081431332,48.5,43.5
1610612739,CLE,East,1642400,Tristan Enaruna,F,25.0,26.0,0.0,0.7421951219512195,0.09807222222222223,9.0,9.444444444444445,0.0,16.454117647058826,0.0,3.1129411764705885,0.0,6.225882352941177,0.0,2.223529411764706,0.0,0.0,0.0,1.3341176470588234,0.0,3.1129411764705885,0.0,3.1129411764705885,0.0,6.225882352941177,0.0,12.451764705882354,0.0,2.668235294117647,0.0,3.5576470588235294,0.0,1.3341176470588234,0.0,1.3087058823529412,0.0,4.3623529411764705,0.0,15.520235294117652,15.520235294117652,Netherlands,0.0,0.0,0.0,0.0,0.0,0.0,0.0,0.0,0.0,,
1610612739,CLE,East,1642878,Tyrese Proctor,G,22.0,23.0,0.0,0.3221951219512195,0.11195254901960786,50.0,10.9,0.0,18.50598165137615,0.0,5.034715596330275,0.0,4.354348623853212,0.0,1.7009174311926607,0.0,0.0,0.0,2.721467889908257,0.0,0.7484036697247707,0.0,3.6059449541284403,0.0,6.327412844036697,0.0,15.308256880733946,0.0,2.721467889908257,0.0,3.061651376146789,0.0,4.01416513761468,0.0,3.1904587155963307,0.0,9.085871559633027,0.0,12.92565993184445,12.688844036697247,Australia,0.0,0.0,0.0,0.0,0.0,0.0,0.0,0.0,0.0,,
1610612739,CLE,East,1628386,Jarrett Allen,C,28.0,29.0,24.373248279150673,0.21317073170731704,0.6749171508855781,56.0,27.125,1998.606358890355,18.559106470287958,1030.3430057455735,2.549411169607109,141.53526041674624,11.721355678373234,650.7326664892311,1.122427713037969,62.31364346312343,1.1277628510457904,62.60983348390093,1.65944292146201,92.12703264026558,3.3932935912089395,188.38494858255766,8.328062087164296,462.34771790667344,7.4597847395006545,414.1437004533122,11.321566717178483,628.5376453765089,3.6305244050212275,201.55525449950133,5.048040125638735,280.2512526398679,2.103014681988856,116.75273656285292,0.009241332109721523,0.5130495866418627,0.1435262437013233,7.96812398136421,23.67640994831579,19.120442249049276,USA,12.565158606653334,7.935764225478428,2.297377421738508,5.63838680373992,1.7260397611798322,0.7599224812576028,0.7635345546817186,1.1235003980520193,0.006256702276120277,65.9,6.4
1610612739,CLE,East,1626209,Mario Hezonja,F-G,25.0,32.0,14.766784976012683,0.21260501355013547,0.2506296484110886,53.0,16.433962264150942,1210.87636803304,12.443969905308373,418.55858563478495,2.123371986763572,71.42058220320484,6.421472237576941,215.98913834617125,1.4978877664701695,50.382136066236704,0.3792064295845081,12.754780671946277,1.8939510944112905,63.70390617869291,0.9200118148583585,30.94501569231041,5.5014604227185835,185.04412265386088,4.616092830563353,155.26438114377524,10.870868602634854,365.64660808119174,1.971255407752894,66.30407190570317,2.4830017256349644,83.51689198212881,3.303383265273715,111.11079806877115,1.4818566931733146,49.842923627087615,4.809924650555238,161.78400253824768,4.834805709458817,8.804935143145965,Croatia,5.104372995546158,2.634013882270381,0.37737824015012694,2.2566356421202545,0.870982709795181,0.6144162934906915,0.1555461057554424,0.7768769046182062,0.6078405320376539,42.5,30.8
1610612739,CLE,East,1641772,Nae'Qwan Tomlin,F,25.0,26.0,0.0,0.4514430894308943,0.24084478420244498,64.0,15.6875,0.0,14.36680049780239,0.0,1.9651715575763014,0.0,7.215629745860529,0.0,1.4849272225541592,0.0,1.2542188073041554,0.0,1.0959458663250863,0.0,3.3200670959345926,0.0,3.8955626499259366,0.0,5.729265251397569,0.0,12.102473290881283,0.0,1.8847596029531009,0.0,2.460255156944445,0.0,4.7325588442178175,0.0,1.0040149560150249,0.0,4.309517270560241,0.0,13.674429804385447,12.198823909238245,USA,0.0,0.0,0.0,0.0,0.0,0.0,0.0,0.0,0.0,,
1610612739,CLE,East,1643640,"Ernest Udeh, Jr.",C,,,0.0,0.0,0.0,,,,,,,,,,,,,,,,,,,,,,,,,,,,,,,,,,0.0,,USA,,,,,,,,,,,
1610612739,CLE,East,1628378,Donovan Mitchell,G,29.0,30.0,30.06301380896425,0.260609756097561,0.7721710416455473,70.0,33.457142857142856,2465.1671323350683,27.56260262257938,1887.4006129665288,5.759733649132398,394.40850230126426,4.81763020183719,329.89621192538334,1.5595306648901879,106.79177047099853,0.32589494128762475,22.31626382934776,2.699390592977946,184.84580464288064,0.796580541901642,54.54733805982182,4.0210496599355485,275.34887386556164,9.52981628852797,652.5719414352923,20.393597990665224,1396.4896521289556,5.11509083843882,350.2653837174335,5.997469472325099,410.68790612107716,2.279115248229008,156.06666668716198,3.5643312491202828,244.0742290023922,9.741875740353635,667.0931078447817,24.048275227727387,20.71841435419687,USA,23.017080645933277,4.023124535675406,0.6652114397539246,3.3579130959214836,4.809859784161759,1.30233866428047,0.2721495588944849,2.2542171297912272,2.9765149878340513,46.7,36.6
1610612740,NOP,West,1642847,Jeremiah Fears,G,19.0,20.0,22.641070750158427,0.010000000000000002,0.3741242640658435,82.0,25.75609756097561,1856.567801512991,21.121704545454545,1089.2743492267082,5.041022727272727,259.9722356152708,5.420454545454547,279.5400382959902,1.7526136363636364,90.38461238237014,0.5420454545454546,27.954003829599017,3.2161363636363633,165.86042272228747,1.0840909090909092,55.908007659198034,4.336363636363637,223.63203063679214,7.895795454545455,407.19665578449235,18.176590909090912,937.3909284192205,3.505227272727273,180.76922476474027,4.444772727272728,229.22283140271193,2.728295454545455,140.7018192756484,1.8076704545454547,93.22396560154012,5.476704545454546,282.4409254858542,10.101346349692655,14.593670454545453,USA,13.283833527154977,3.4090248572681734,0.6818049714536346,2.7272198858145384,3.1703931172593998,1.102251370516709,0.3409024857268173,2.0226880819791155,1.1368776292870746,43.4,33.0
1610612740,NOP,West,1629627,Zion Williamson,F,25.0,26.0,26.102313375071912,0.3031707317073171,0.39060308575042924,62.0,29.693548387096776,2140.3896967558967,27.875221727382545,1657.328816113214,5.093681883752914,302.8462284038029,7.5466260036924595,448.6866817659296,1.3216146778556868,78.57695665454655,0.8085368372548388,48.0717754418849,3.009498197250224,178.93052593888402,2.5684901361493147,152.71027287869842,4.978135867543144,295.9764088872312,10.597699209521283,630.0890610382629,18.120162958298472,1077.3391694299974,6.61864430749994,393.51328006291493,9.434717867987656,560.9436921233205,2.968496260325974,176.4927447350035,0.06001368653832347,3.568129898082378,0.22011682808506688,13.087105303218504,24.084352816468858,22.851412852935002,USA,20.211327025770903,5.471788802023532,1.8623204009597367,3.6094684010637947,3.693246687851255,0.9582555689578848,0.5862411639254257,2.1820795846205367,0.04351377924490705,58.5,27.3
1610612740,NOP,West,1630529,Herbert Jones,F,27.0,28.0,24.927537107706215,0.3846341463414634,0.3994581932773109,56.0,28.357142857142858,2044.0580428319097,11.813305095885038,670.7522581575278,3.3925649564201845,192.6277690277879,4.283025506011786,243.18757592271112,1.887770914102711,107.18648111099424,0.7067748446822824,40.130244604002584,1.6283545137581619,92.45697612302818,1.1134040090928097,63.21840054742918,3.1696214969189764,179.96917537528196,4.2761640549282545,242.79798691513363,10.115244467340037,574.3374113521495,1.544459811239565,87.69348608319129,1.84979956588129,105.03049111851739,3.794252220950815,215.43532691020417,1.7336823465368574,98.43742622651004,5.143678444313699,292.05492482890395,9.387928652215003,9.662486317038237,USA,8.179905587286925,2.9657021453989163,0.7709561042369412,2.194746041161975,2.3491191344852185,1.3071522086706615,0.4893932268780803,1.1275240990613193,1.200456417396464,42.3,33.7
1610612740,NOP,West,1629673,Jordan Poole,G,27.0,28.0,21.029741632813963,0.3059756097560976,0.4032231940377961,39.0,23.923076923076923,1724.438813890745,22.33354683748671,1069.8009727335827,5.13861394151977,246.1451480654666,3.3299110823237683,159.50633103233463,1.270900224066319,60.87749097117793,0.4831035513573366,23.141180974695892,3.1352597675509664,150.1823231887489,0.4750130028775616,22.753634979579537,2.8548980794462064,136.75269605275506,7.458501776827846,357.2702765954174,18.210290494523303,872.2925483606019,3.763486254096604,180.2750492252353,4.303546949832107,206.144538824767,3.599969547730691,172.44242269254207,3.6895876000317616,176.7352240206881,10.515727938557111,503.71470593231095,7.902152413193725,14.173553332042545,USA,13.046353326019302,1.94519915893091,0.27748335340950653,1.6677158055214032,3.0017700983593487,0.7424084264777796,0.2822095240816572,1.831491746204255,2.1553076100083914,41.0,35.1
1610612740,NOP,West,1630621,Hunter Dickinson,C,25.0,26.0,0.0,0.781219512195122,0.08689058823529412,5.0,8.4,0.0,10.799999999999999,0.0,1.8,0.0,4.5,0.0,0.9,0.0,1.8,0.0,2.6999999999999997,0.0,1.8,0.0,2.6999999999999997,0.0,4.5,0.0,12.600000000000001,0.0,1.8,0.0,1.8,0.0,5.3999999999999995,0.0,0.0,0.0,3.531428571428571,0.0,4.41,4.41,USA,0.0,0.0,0.0,0.0,0.0,0.0,0.0,0.0,0.0,,
1610612740,NOP,West,1627749,Dejounte Murray,G,29.0,30.0,29.049934461419717,0.5654878048780487,0.46534055841691513,14.0,27.785714285714285,2382.094625836417,20.61508631594005,1364.0857312320738,7.003777580634855,463.43502598288535,5.937146239421753,392.85678193698476,1.731084284278326,114.54462695692447,0.3257229403011657,21.552857377862306,3.1388923955317387,207.698297402082,0.6375985547867941,42.18944696663023,5.299547684634958,350.6673349703545,7.734335634214874,511.77553746328744,17.414857721015718,1152.3288607482605,3.0133337558260602,199.39017071124235,3.6829630383187166,243.69906835369937,2.0466077262676783,135.42259072048682,2.2441792756261325,148.49576088562426,6.679534467570176,441.98008773022303,11.61978012833028,16.190950908553912,USA,16.635191844293583,4.79093636508518,0.5145054508125637,4.276430914272615,5.65164665832787,1.39688569459664,0.262839724120272,2.532906065879049,1.8109239132393202,44.4,33.6
1610612740,NOP,West,201599,DeAndre Jordan,C,37.0,38.0,0.0,0.6602439024390244,0.4466974357462283,12.0,16.583333333333332,0.0,10.304977343054968,0.0,2.339047119032617,0.0,13.563026903678958,0.0,0.703794913907914,0.0,1.4263000801869663,0.0,1.8524745847457296,0.0,4.2904865783116914,0.0,9.272540325367265,0.0,4.333120313076792,0.0,6.717139338588247,0.0,1.6387367169013827,0.0,3.350008225519231,0.0,3.627505697747046,0.0,0.0,0.0,0.0,0.0,12.560614511477056,12.472883119772208,USA,0.0,0.0,0.0,0.0,0.0,0.0,0.0,0.0,0.0,,
1610612740,NOP,West,1631132,Christian Koloko,C,26.0,27.0,0.0,0.4804878048780487,0.14030847291510576,27.0,13.222222222222221,0.0,8.161073821433684,0.0,1.6320970517917275,0.0,8.358896226291362,0.0,1.1063487694271785,0.0,2.2512047310251475,0.0,1.2729865879649345,0.0,3.4913598254079137,0.0,4.8675364008834485,0.0,3.4261918799550934,0.0,7.077167597670513,0.0,1.2522339515279766,0.0,1.9090278422006912,0.0,5.113325606937295,0.0,0.05814979329538662,0.0,0.677808918485449,0.0,13.26739757863419,8.725371683486989,Cameroon,0.0,0.0,0.0,0.0,0.0,0.0,0.0,0.0,0.0,,
1610612740,NOP,West,1643555,Jaron Pierre Jr.,G,,,0.0,0.0,0.0,,,,,,,,,,,,,,,,,,,,,,,,,,,,,,,,,,0.0,,USA,,,,,,,,,,,
1610612740,NOP,West,1631121,Bryce McGowens,G,23.0,24.0,18.41833136421618,0.44719512195121947,0.17828316658084353,42.0,20.952380952380953,1510.3031718657267,14.151431794059903,593.6931201391712,2.524653461342889,105.91644807022087,3.9417769932561906,165.36884154728256,1.0873886315626635,45.619069424995075,0.36187521589235183,15.181702399494823,0.9501652515438443,39.862155366757335,0.6049053657472002,25.377513682405386,3.3368716275089905,139.99132786487718,4.734951606080421,198.64478970261047,10.192279895769747,427.5953515312313,3.124608045020056,131.0862622564155,4.006584861874799,168.08771736774204,3.605804498362075,151.27383252788744,1.5272649076051228,64.07313983986758,4.033678540839096,169.22437484766675,6.759695368765495,10.697992681725747,USA,7.24016000169721,2.016693189601007,0.30948187417567546,1.7072113154253314,1.291664000856352,0.5563301149389643,0.18514271218896125,0.48612384593606506,0.7813797541447266,46.5,37.9
1610612740,NOP,West,1642877,Micah Peavy,G-F,24.0,25.0,0.0,0.21487804878048783,0.1632042526518804,61.0,14.967213114754099,0.0,10.847316538882804,0.0,2.52552026286966,0.0,4.844030668127053,0.0,1.7802847754654987,0.0,0.37261774370208106,0.0,0.828039430449069,0.0,1.9044906900328589,0.0,2.939539978094195,0.0,4.388608981380066,0.0,11.385542168674702,0.0,0.9108433734939759,0.0,1.20065717415115,0.0,3.9745892661555313,0.0,1.1371741511500546,0.0,4.386243154435926,0.0,6.992002707852568,8.123066812705366,USA,0.0,0.0,0.0,0.0,0.0,0.0,0.0,0.0,0.0,,
1610612740,NOP,West,1631255,Karlo Matković,F-C,25.0,26.0,0.0,0.30845528455284554,0.18260294960995146,62.0,14.709677419354838,0.0,14.922132400984394,0.0,2.116838937397847,0.0,9.6667559942632,0.0,1.0415347430924136,0.0,2.13962663412517,0.0,1.6373394615388301,0.0,3.010426284494318,0.0,6.656329709768885,0.0,6.085439985854268,0.0,10.266575847172264,0.0,1.3781656063203704,0.0,1.8418440054751157,0.0,4.60407818923667,0.0,1.3469327882325257,0.0,3.4594724743243463,0.0,13.382552847028494,14.630521160645337,Bosnia and Herzegovina,0.0,0.0,0.0,0.0,0.0,0.0,0.0,0.0,0.0,,
1610612740,NOP,West,1642274,Yves Missi,C,22.0,23.0,17.274796534681684,0.13693089430894306,0.4093353215474649,66.0,19.651515151515152,1416.533315843898,11.668836034152879,459.1470833193705,2.1458361182310566,84.4346764393177,11.195037757787404,440.50399877878414,0.6349355022815175,24.983535899829135,2.3858331113166185,93.8781135617637,1.5490069812454061,60.950555428025055,5.038017834751727,198.23666968726553,6.1570199230356755,242.26732909151852,4.8301203521797005,190.05628884439466,8.854219503199062,348.3971364465633,2.0085953297934753,79.0345056305811,3.379477139076788,132.9761654898637,2.9958395578187327,117.8807372937024,0.0,0.0,0.024360445973189475,0.9585384252732839,11.645246804520983,13.288057418900994,Cameroon,5.599354674626469,5.371999985107124,2.4175203620398236,2.954479623067299,1.0296911760892402,0.304677267071087,1.1448550434361426,0.7432994564393299,0.0,54.6,0.0
1610612740,NOP,West,1642852,Derik Queen,C,21.0,22.0,21.954713000729406,0.01975609756097562,0.36519673107613443,81.0,24.97530864197531,1800.2864660598113,17.376094908551657,868.9430138010096,5.462105783489867,273.1487532834397,10.484310430054375,524.2989492554615,1.5396539792387542,76.99495058996285,1.3563618388531882,67.8288850435387,3.4825506673257536,174.15524538205887,2.4927731092436973,124.65849143136843,7.991537320810677,399.64045782409295,6.488541769649037,324.478720343415,13.710252100840338,685.6217028725266,3.977439446366782,198.90362235740406,5.003875432525953,250.23358941737936,3.9407810182896688,197.07040924811923,0.42975778546712806,21.491309023897404,1.6442906574394465,82.22761713491181,13.136817259457631,15.359881364310429,USA,10.596866021963532,6.3938896250666035,1.5202255052605906,4.873664119806012,3.3310823571151182,0.9389628120727177,0.8271815249212037,2.123844455878767,0.2620891344377732,47.3,26.1
1610612740,NOP,West,1641722,Jordan Hawkins,G,24.0,25.0,0.0,0.2581707317073171,0.2056360438292964,51.0,13.568627450980392,0.0,16.12447291656227,0.0,2.121307414654518,0.0,4.691305420452856,0.0,0.7512975959223551,0.0,0.5194269564832852,0.0,1.6461108643289766,0.0,0.9002408975889313,0.0,3.791064522863924,0.0,5.590184304342563,0.0,15.01532902641347,0.0,1.9046921603564777,0.0,2.2951779013904163,0.0,1.727823939311557,0.0,2.981518582805984,0.0,8.64091926686576,0.0,4.997681137798075,9.723681224232932,USA,0.0,0.0,0.0,0.0,0.0,0.0,0.0,0.0,0.0,,
1610612740,NOP,West,1630530,Trey Murphy III,F,26.0,27.0,31.179875626591997,0.26768292682926825,0.5275106368108631,66.0,35.46969696969697,2556.749801380544,21.207661979094617,1506.1857097998852,3.597240631793528,255.47900752378126,5.658430319722262,401.8664054465428,1.3308895306395607,94.52087619783728,0.5140390060611085,36.50747574023865,1.7086797191338003,121.35184812550854,0.9412164907425218,66.8459743267232,4.71721382897974,335.0204311198196,7.262222133706426,515.7690277204248,15.718953662703125,1116.3731015285052,3.4050153517988617,241.8270090113734,3.8829694051421053,275.77170153788353,2.035605114846838,144.57036036316313,3.3765484306793887,239.80526470809207,9.02705212736634,641.1087148248807,14.032809782633848,16.67798085162666,USA,18.368118412193724,4.900809822518815,0.815194808862478,4.085615013656336,3.11559765272904,1.1526936121687474,0.44521311878339814,1.4799005868964457,2.9244544476596595,46.2,37.4
1610612740,NOP,West,1631216,Caleb Houstan,G,23.0,24.0,0.0,0.41243902439024394,0.10866525134785096,18.0,4.166666666666667,0.0,12.375401397030068,0.0,1.5864982400073906,0.0,3.868635572129836,0.0,0.9213798665031291,0.0,0.26896239226133334,0.0,0.7831301528353769,0.0,1.1862028557133877,0.0,2.682432716416449,0.0,4.061360999432352,0.0,9.60769776380626,0.0,0.8779287081705012,0.0,1.0149693643440985,0.0,3.1371273008587583,0.0,3.3104697244711523,0.0,8.220608851445585,0.0,6.268798357310638,9.03703414950585,Canada,0.0,0.0,0.0,0.0,0.0,0.0,0.0,0.0,0.0,,
1610612740,NOP,West,1630180,Saddiq Bey,G-F,27.0,28.0,27.421686146610487,0.18280487804878048,0.5195378293003415,72.0,31.194444444444443,2248.57826402206,18.33765949147272,1145.3795151545385,2.3518333257325876,146.89670269013916,6.581659603699691,411.09379794642143,1.048930204444056,65.51671272747556,0.1565399090893777,9.777562139732332,1.0676829906137162,66.68802126555754,2.173960570558641,135.78668016108765,4.407699033141052,275.30711778533384,6.222494862652032,388.6601860041192,14.251568936338852,890.1602260684315,3.579172797296271,223.55694875498418,4.242483863593931,264.9876944761567,1.6339808040405759,102.05926999430356,2.336631938561116,145.9472163352293,6.654398109408579,415.6370819157117,12.19144547984883,14.512833020500127,USA,13.968042867738275,5.013338999346603,1.655935123915703,3.3574038754309004,1.7914232035382824,0.79898430155458,0.11923856267966258,0.8132685520189944,1.779844101649138,43.7,35.1
1610612740,NOP,West,1641723,Kobe Bufkin,G,22.0,23.0,0.0,0.6697560975609755,0.10156560553633218,16.0,7.4375,0.0,15.044267732443315,0.0,4.2387123854533515,0.0,5.304443132592257,0.0,0.8994008029728016,0.0,0.8422546408485381,0.0,1.8895154838176038,0.0,0.8809308988029618,0.0,4.423512233789295,0.0,5.372826371460284,0.0,15.662801945880393,0.0,2.8025219698746557,0.0,3.576393371855169,0.0,3.0493322014204516,0.0,1.5251433695441738,0.0,7.403753568375398,0.0,9.21042301441615,9.21042301441615,USA,0.0,0.0,0.0,0.0,0.0,0.0,0.0,0.0,0.0,,
1610612741,CHI,East,1643591,Tobe Awaka,F,,,0.0,0.0,0.0,,,,,,,,,,,,,,,,,,,,,,,,,,,,,,,,,,0.0,,USA,,,,,,,,,,,
1610612741,CHI,East,1643637,Jaylin Sellers,,,,0.0,0.0,0.0,,,,,,,,,,,,,,,,,,,,,,,,,,,,,,,,,,0.0,,,,,,,,,,,,,
1610612741,CHI,East,1630581,Josh Giddey,G,23.0,24.0,31.098661506270588,0.17097560975609757,0.4144250046685341,54.0,32.05555555555556,2550.0902435141884,19.120840014163132,1354.4407657753638,9.433190058191641,668.2079425724874,9.868465620501741,699.0410527026856,1.2539960623741344,88.82786455737471,0.7124361090388903,50.46601029964679,3.8153622353003693,270.264389214221,1.8694605611112742,132.42480937567834,7.99900505939047,566.6162433270074,6.98886749559485,495.0623003813852,15.223769099320576,1078.388473602505,3.169609180130624,224.52192905566972,4.093231518289383,289.9474933120701,2.0636930599275343,146.1834316035874,1.9359054458362757,137.1314886053631,5.3229990070804005,377.0591065053178,16.61475521303953,18.31371853837232,Australia,16.517570314333707,8.524890886618117,1.6149366997033943,6.9099541869147245,8.148877348444968,1.083266640943594,0.6154391499956926,3.2959071855392805,1.672335226894672,45.9,36.4
1610612741,CHI,East,1643517,Dailyn Swain,F,,,0.0,0.0,0.0,,,,,,,,,,,,,,,,,,,,,,,,,,,,,,,,,,0.0,,USA,,,,,,,,,,,
1610612741,CHI,East,1642265,Rob Dillingham,G,21.0,22.0,0.0,0.24252032520325204,0.24040681933935998,65.0,14.923076923076923,0.0,15.660535282361039,0.0,5.861981620767688,0.0,4.652624998581244,0.0,1.706437813841443,0.0,0.18982827539713687,0.0,3.819147399964937,0.0,0.7604493350756616,0.0,3.8921756635055837,0.0,6.344434554810287,0.0,15.602135276432794,0.0,1.3182029996331353,0.0,1.8453081132372544,0.0,3.9314024778729713,0.0,1.6855692541385392,0.0,5.242635488380402,0.0,6.543698344794168,9.316935948987885,USA,0.0,0.0,0.0,0.0,0.0,0.0,0.0,0.0,0.0,,
1610612741,CHI,East,1643410,Caleb Wilson,F,,,0.0,0.0,0.0,,,,,,,,,,,,,,,,,,,,,,,,,,,,,,,,,,0.0,,USA,,,,,,,,,,,
1610612741,CHI,East,1629651,Nic Claxton,C,27.0,28.0,26.99544725734588,0.18890243902439025,0.5834101494380826,69.0,27.82608695652174,2213.6266751023622,14.598135782479469,897.6339659684124,3.7433377375872,230.1764519400098,9.878490433563535,607.4247203744372,0.9335757606924605,57.40522797493916,1.8061149186415641,111.0573378390361,1.7128368710229311,105.32170521653403,3.1343084476906857,192.72746632796608,6.74418198587285,414.6972540464712,6.203308971179862,381.4391725695981,10.69222022080026,657.460663800898,2.1317813796248974,131.08244798400523,3.6845359618261444,226.5607525131192,2.9376428153213165,180.634569386613,0.06033382509979601,3.709904573663025,0.3153102317868594,19.388309444891686,10.745712473519797,15.121372515557207,USA,10.946755682541616,7.407618541151674,2.3503349552190986,5.057283585932575,2.8070299017074367,0.7000637557919409,1.3543577785248304,1.2844110392260246,0.04524273870320762,58.0,19.1
1610612741,CHI,East,1631159,Leonard Miller,F,22.0,23.0,15.163848889087255,0.532560975609756,0.11278402813299233,46.0,15.630434782608695,1243.4356089051548,18.794280932236962,649.1521709697391,2.1070443558692036,72.77705504528869,9.558805898118305,330.15998978702555,0.9298670484621202,32.11749443348154,0.7821506890064635,27.015389395564952,1.837749881610728,63.47565675155588,2.824410515252014,97.55479468973638,6.734395382866292,232.60519509728917,7.5126207601178825,259.4850047036302,13.63479474633133,470.9441474361473,2.168620226870992,74.90387811898242,2.871224537966739,99.17174532416927,3.330495826157427,115.03491959872602,1.6314952858123444,56.3516481705545,5.1806967609687415,178.94063420911473,14.439178427898772,15.75369253275157,Canada,7.9164898898748675,4.026341338866165,1.189692618167517,2.8366487206986486,0.8875250615279109,0.3916767613839212,0.32945596823859696,0.7740933750189741,0.687215221592128,55.1,31.5
1610612741,CHI,East,1628380,Zach Collins,F-C,28.0,29.0,17.54336800198757,0.48390243902439023,0.2623176353367434,10.0,18.4,1438.5561761629808,16.690660430906888,666.9570179755606,4.086281343488975,163.2873684504341,9.697753997459492,387.5212196654052,0.8520546831383562,34.04801463492427,1.0828067131484707,43.26884124417971,2.5283165848090836,101.03126217701117,3.20726062592447,128.16179394411094,6.490493371535021,259.35942572129426,6.350840799383492,253.77892377169343,12.58602331822128,502.93615493773655,2.672197834532192,106.78074163321189,3.367324437713765,134.55792686160203,4.616046274844125,184.45671883697602,1.3502018351104421,53.953921915686585,4.130245935523525,165.0441888783171,13.325756524252858,14.430641464278228,USA,8.133622170433666,4.725868532504942,1.5629487066354992,3.162919825869442,1.9913093713467571,0.4152196906698082,0.5276687956607282,1.2320885631342826,0.657974657508373,50.5,32.7
1610612741,CHI,East,1641824,Matas Buzelis,F,21.0,22.0,28.32330773120559,0.04628048780487808,0.45275655525846703,77.0,29.194805194805195,2322.511233958858,19.53051256840572,1259.9954123638042,2.4075962819072863,155.3241503213125,7.2208001360459955,465.844150948291,0.8490372583293302,54.77496029220829,1.8917017103001512,122.04162426309131,2.3826844346989624,153.71698240464588,1.2937716337299279,83.46664315319619,5.927028502316067,382.3775077950948,7.007825150290479,452.1042399213628,15.2106942640649,981.3057862390082,2.809347066935697,181.24278119576456,3.546332777292969,228.7888254060955,2.985465905637782,192.60494734569184,2.758049476634483,177.93335814716488,7.826919319162405,504.9474457234529,12.623312916151058,14.356786109759799,USA,15.36579771175371,5.681026231076719,1.0178858921121485,4.6631403389645705,1.8941969551379572,0.6679873206366865,1.4883124910133085,1.8745973463981205,2.169919001794694,46.1,35.2
1610612741,CHI,East,1626181,Norman Powell,G,33.0,34.0,28.719752360987233,0.3541463414634146,0.4951171344435493,58.0,29.603448275862068,2355.019693600953,23.48764378897695,1536.4962133145784,2.3863640456185427,156.10928676480307,3.754550063604135,245.61220389995688,1.192321329636874,77.9983392332031,0.2665241717489911,17.43526870248769,1.9259686179239484,125.99150067967521,0.3901976007988124,25.525639841029054,3.3643524628053223,220.08656405892782,8.041771258534153,526.0702690356126,16.846125223386835,1102.026573942882,4.2599344533548456,278.673042530552,5.191505690479874,339.6138372367088,2.376014764696578,155.4322656429743,3.1602907509566394,206.73741544466193,7.8481047425262656,513.4011451692331,15.536861438960699,15.994848758562144,USA,18.737758698958274,2.995270779267767,0.31128829074425673,2.68398248852351,1.9037717898146715,0.9511992589415011,0.21262522807911818,1.5364817156057953,2.5211879932275845,47.7,40.3
1610612741,CHI,East,1642855,Noa Essengue,F,19.0,20.0,0.0,0.7904878048780488,0.030942352941176473,2.0,3.0,0.0,0.0,0.0,0.0,0.0,0.0,0.0,6.36,0.0,0.0,0.0,0.0,0.0,0.0,0.0,0.0,0.0,0.0,0.0,19.080000000000002,0.0,0.0,0.0,0.0,0.0,6.36,0.0,0.0,0.0,12.600000000000001,0.0,-9.54,-9.54,France,0.0,0.0,0.0,0.0,0.0,0.0,0.0,0.0,0.0,,
1610612741,CHI,East,1630188,Jalen Smith,F-C,26.0,27.0,20.0436420747717,0.2798780487804878,0.24452222840634588,53.0,20.660377358490567,1643.5786501312793,18.87331440972573,861.6604616955622,2.227313967254904,101.6879356588711,12.138221451027556,554.1700452076225,0.7051221841520054,32.192326877949235,1.442340493279017,65.85000113814473,1.594934825456311,72.81668965196809,3.376523458744507,154.15505190166374,8.76169799228305,400.01499330595874,6.932118355669501,316.48560359893173,13.909630813479778,635.0436732289872,2.431105413265703,110.99202648505806,3.2374780990266814,147.80694121744037,3.742931160840146,170.8833818018875,2.6553114536746567,121.22814485301991,7.305502766868973,333.5324548916898,17.62569671038527,16.760719943792747,USA,10.50805441092149,6.758171283019786,1.8799396573373626,4.878231625682424,1.2400967763276962,0.3925893521701126,0.8030487943676187,0.8880084103898548,1.4783920104026818,49.8,36.3
1610612741,CHI,East,1630200,Tre Jones,G,26.0,27.0,26.149243814471383,0.24451219512195121,0.4270771486860576,65.0,26.953846153846154,2144.237992786653,16.21246103524576,965.6493030096442,7.501241237778306,446.79017930839507,4.448253845467517,264.9476360280772,1.4790551743078166,88.0957305049585,0.23698037634760716,14.115064625261635,1.8176474682949597,108.26302108362573,0.9145516496511731,54.47267759854872,3.5337021958163435,210.47495842952847,6.152722821241324,366.4695008997536,11.411623706369436,679.7010308495053,3.0171984246445254,179.71087483052304,3.5883920956045525,213.73240734473882,1.8752687687581184,111.69507057381684,0.9165114771621431,54.589409171002345,2.7604517918316183,164.41848914725972,13.256032537792288,16.48528824279814,USA,11.776211012312734,3.2310687320497222,0.6643009463237649,2.5667677857259568,5.448660723273111,1.0743381768897378,0.1721349344544102,1.320280744922265,0.6657245020853945,53.9,33.2
1610612741,CHI,East,1630171,Isaac Okoro,F-G,25.0,26.0,26.101624784911436,0.2251219512195122,0.3606513345523395,63.0,26.904761904761905,2140.333232362738,12.81074947891458,761.6464678109584,2.3749237314020584,141.19800518463174,4.095391241599619,243.4861659423044,1.0800233516177447,64.21138531097904,0.6395561801841497,38.02398184475297,0.9965671906931719,59.2496076811936,1.5383845116273283,91.46265262189142,2.55700672997229,152.02351332041295,4.651695791356337,276.5605302522737,9.947393869761504,591.4093798569978,1.7845943184353716,106.10073683424878,2.376445847690919,141.28850063120308,3.4436842190941115,204.73977155250694,1.6899490334281257,100.47372436793069,4.790687972679748,284.82412982797047,11.258107334243704,10.131601063449935,USA,9.288371558670224,2.9693434871012734,1.115398202705993,1.8539452843952797,1.7219268924955091,0.7830656745241347,0.4637070956677191,0.7225561912340683,1.2252893215601304,46.8,35.3
1610612741,CHI,East,1630172,Patrick Williams,F,24.0,25.0,19.86110357896137,0.2057317073170732,0.4130693781470213,72.0,20.47222222222222,1628.6104934748323,13.299013450361619,601.636468281163,2.6977730636572557,122.04504223572093,5.544586735456439,250.83255942627,1.2259056367217567,55.45896622152774,0.7637385335232576,34.55090527686271,1.9565213381540911,88.51142172292148,1.2159978038541774,55.0107439833129,4.328588931602263,195.8218154429572,4.772059240980225,215.88404875955382,12.186977118083696,551.328856062466,1.4491664233931076,65.55910122026131,1.9781977805100093,89.492046208534,2.3582143792550947,106.68368566439125,2.2618099060555266,102.32242631242654,6.373401291770344,288.327450636201,5.363227102139877,9.364272428318953,USA,7.337030100989793,3.058933651539878,0.6708627315038158,2.3880709200360632,1.4883541736063528,0.6763288563600943,0.4213525033763745,1.0794075819868474,1.247834467224714,39.2,35.5
1610612742,DAL,West,1641844,Tarik Biberovic,F,,,0.0,0.0,0.0,,,,,,,,,,,,,,,,,,,,,,,,,,,,,,,,,,0.0,,Bosnia and Herzegovina,,,,,,,,,,,
1610612742,DAL,West,1643585,Vsevolod Ishchenko,G,,,0.0,0.0,0.0,,,,,,,,,,,,,,,,,,,,,,,,,,,,,,,,,,0.0,,Russia,,,,,,,,,,,
1610612742,DAL,West,1631108,Max Christie,G,23.0,24.0,25.370023366701187,0.08012195121951224,0.5249724981170828,77.0,29.155844155844157,2080.341916069497,14.601860341253442,843.8017255695107,2.5468741911650374,147.17692041211734,4.466656186417974,258.11589136879,0.9093500168773523,52.54885990245724,0.5085937433914286,29.39024673966341,1.5782928238510323,91.20524214691649,0.4285558324942035,24.76507393649305,4.03810035392377,233.35081743229696,4.960623169793054,286.6608974985007,11.382499423705482,657.7636294658726,2.1115162552345517,122.01877145073712,2.415359812252316,139.57706277272902,1.8431102095328629,106.50831735630133,2.5201625512626316,145.63332751945262,6.467594332071969,373.7446551428561,8.65341171988376,10.740882442095495,USA,10.290264945969643,3.147754772790122,0.3020130967865006,2.8457416760036214,1.7948404928306994,0.6408397549080151,0.35841764316662694,1.1122590505721524,1.7760161892616173,43.6,39.0
1610612742,DAL,West,1642967,John Poulakidas,G,23.0,24.0,0.0,0.683170731707317,0.2028693665158371,13.0,19.46153846153846,0.0,17.181818181818183,0.0,1.643478260869565,0.0,4.482213438735179,0.0,1.0458498023715415,0.0,0.5976284584980237,0.0,0.5976284584980237,0.0,0.5976284584980237,0.0,3.8845849802371544,0.0,5.826877470355732,0.0,13.59604743083004,0.0,0.8964426877470356,0.0,1.0458498023715415,0.0,4.183399209486166,0.0,4.543399209486166,0.0,11.285217391304348,0.0,11.862924901185771,11.862924901185771,USA,0.0,0.0,0.0,0.0,0.0,0.0,0.0,0.0,0.0,,
1610612742,DAL,West,1641726,Dereck Lively II,C,22.0,23.0,19.484004991319996,0.5362195121951219,0.225712539191115,7.0,16.428571428571427,1597.6884092882397,13.487213010868084,598.5656639184855,2.9051558195885216,128.93149389257937,11.48134515012007,509.54477970512727,0.9930327901546496,44.07102719092345,2.4703871340412853,109.63635806979318,1.7899160173392616,79.43689095839738,4.279096671042181,189.90730982077733,7.2022484790778885,319.63746988434985,5.887581835905469,261.29225716561507,8.224097492512419,364.9873677956547,1.712049339057144,75.98114958725529,2.833596636002818,125.75568060944026,4.53797636483056,201.39645110316013,0.0,0.0,0.02601436300402656,1.1545235068486117,19.842146861382624,15.943607089570232,USA,7.299581267298604,6.213960728111308,2.3159428026924065,3.8980179254189005,1.5723352913729192,0.5374515511088226,1.3370287569486972,0.9687425726633827,0.0,71.6,0.0
1610612742,DAL,West,1630230,Naji Marshall,F,28.0,29.0,25.681250162712363,0.20280487804878047,0.564793961229362,74.0,29.513513513513512,2105.862513342414,17.209258576667093,1006.6759033061015,3.8526525723442706,225.36546191755616,5.921376862256879,346.37793226666355,1.3261311944188268,77.57361028057244,0.16120062690881787,9.429621037071556,1.9621944814732253,114.78088340060613,1.2201372471314818,71.37336916297211,4.701239615125397,275.00456310369145,6.510343959973992,380.8302581742898,12.894541504466108,754.281432805363,3.0695278697653072,179.55565762773765,3.962850145647067,231.81159910310228,2.257668058056481,132.06495919532523,1.1474448881455241,67.12114377977885,3.8292614294386604,223.99716939007948,13.32961140658995,13.964922883907537,USA,12.27653540617197,4.224121125203214,0.870406941011855,3.353714184191359,2.7483592916775144,0.9460196375679566,0.11499537850087263,1.3997668707390991,0.8185505338997421,50.5,30.0
1610612742,DAL,West,203939,Dwight Powell,F-C,34.0,35.0,0.0,0.3797560975609756,0.26972020059060303,63.0,14.34920634920635,0.0,8.079632242732197,0.0,3.01540671274099,0.0,9.230527318814255,0.0,1.2341938083401538,0.0,0.9350281752771485,0.0,1.4422182265728638,0.0,3.638949201255015,0.0,5.59157811755924,0.0,2.661680553782971,0.0,4.024594039531853,0.0,2.675182819614786,0.0,3.8674688080823505,0.0,4.991359352500779,0.0,0.081504153067116,0.0,0.25276010485238243,0.0,9.861675611156983,10.635648379712018,Canada,0.0,0.0,0.0,0.0,0.0,0.0,0.0,0.0,0.0,,
1610612742,DAL,West,1631204,Marcus Sasser,G,25.0,26.0,0.0,0.32085365853658543,0.16588120361157466,38.0,12.026315789473685,0.0,16.732797145074354,0.0,6.344424547321917,0.0,3.3193077321303184,0.0,1.5272865333494525,0.0,0.28354335499073086,0.0,2.5316834694381614,0.0,0.5706190958821458,0.0,2.7486886362481724,0.0,6.08740661164037,0.0,14.241340155471446,0.0,1.6362516626043493,0.0,1.9180971080825595,0.0,3.1976468535755513,0.0,2.8660802161570893,0.0,7.322058235681443,0.0,12.379189607098004,12.666245314801081,USA,0.0,0.0,0.0,0.0,0.0,0.0,0.0,0.0,0.0,,
1610612742,DAL,West,1642258,Zaccharie Risacher,F,21.0,22.0,19.51998254330815,0.12300813008130082,0.41761810457516335,67.0,22.432835820895523,1600.6385685512682,17.18171982745537,763.936761940753,1.8645157575788076,82.90043981256183,5.927046806465282,263.5294365565821,1.277163159887007,56.785461445776484,0.825505406877041,36.70377202208331,1.613976839097019,71.76093270575426,1.7423117373539054,77.46698236800634,4.184735069111376,186.0624541885757,6.526481862338599,290.1816273835964,14.291007832818956,635.4093977966193,1.7367332169021141,77.21894917382332,2.559173184763164,113.78642508705835,3.35254642662216,149.06153092528234,2.438469932203748,108.41969504827543,6.73565560244889,299.48194838217006,10.188464321440573,12.139852404414489,France,9.316301974887232,3.213773616543684,0.944719297170809,2.2690543193728745,1.0109809733239248,0.6925056273875181,0.44760697587906473,0.87513332567993,1.322191403027749,45.7,36.2
1610612742,DAL,West,1630314,Brandon Williams,G,26.0,27.0,19.288374855114096,0.42621951219512194,0.2984698435930763,66.0,22.166666666666668,1581.6467381193559,20.903426381366458,918.3843375446208,6.16236612238038,270.7412854600042,4.616401737458077,202.8199097194193,1.5378148913915508,67.56333074446717,0.4671350279924932,20.523405369045022,3.0223550633769087,132.7860563174613,0.7766242230383787,34.12069914203141,3.8397775144196986,168.6992105773879,7.155286851766793,314.36489192792396,15.015169395378264,659.6859360141559,5.555098048361504,244.06118633678255,6.989647824028779,307.0876022632826,2.4872990442996423,109.27856722622002,1.0688872683555055,46.96116837254983,4.061238144070984,178.42900175821606,11.571994805642825,16.537863861050052,USA,11.199808994446595,2.47341353316365,0.41610608709794406,2.057307446065706,3.301722993414685,0.8239430578593557,0.25028543132981734,1.6193421502129426,0.5726971752749979,47.7,26.3
1610612742,DAL,West,202681,Kyrie Irving,G,33.0,35.0,31.395093147632323,0.4334146341463415,0.6547499999999999,50.0,36.08,2574.3976381058505,24.25149176356094,1734.2495310181878,4.74473827664838,339.30119480094476,4.6811155995813385,334.7514706461847,1.1959226608162796,85.52167981563039,0.5039873221996841,36.040660330726645,1.969287471044976,140.8258059502675,0.9574710708385898,68.46975731448737,3.7236445287427493,266.2817133316974,8.932354838207583,638.7620332834714,18.39338342077845,1315.330078756315,3.5643932590139324,254.89348853571897,3.9169199529301726,280.1030409853643,2.042203101298704,146.0400789032174,2.851410630414531,203.90735533914116,7.146575218840476,511.0590656646867,20.046420635234092,18.679239603387867,Australia,21.149384524612046,4.082335007880301,0.8349970404205777,3.2473379674597243,4.137819448792009,1.0429473148247608,0.4395202479356908,1.7173878774422866,2.4866750651114775,48.6,39.9
1610612742,DAL,West,1641724,Jett Howard,G,22.0,23.0,0.0,0.34841463414634144,0.12777337787574047,55.0,12.636363636363637,0.0,15.323925716141781,0.0,2.39400385189065,0.0,4.26764884809287,0.0,0.6051425845487011,0.0,0.5968568687197677,0.0,1.2390630279286527,0.0,1.1474758606703523,0.0,3.1201729874225177,0.0,5.441691195067378,0.0,13.642276720866223,0.0,1.5260889609868482,0.0,1.7557184040262157,0.0,3.5200989832786194,0.0,2.971045711913772,0.0,8.842182705593915,0.0,6.697384771303501,9.650084178778524,USA,0.0,0.0,0.0,0.0,0.0,0.0,0.0,0.0,0.0,,
1610612742,DAL,West,1643516,Morez Johnson,F,,,0.0,0.0,0.0,,,,,,,,,,,,,,,,,,,,,,,,,,,,,,,,,,0.0,,USA,,,,,,,,,,,
1610612742,DAL,West,1628997,Caleb Martin,F,30.0,31.0,0.0,0.38914634146341465,0.30257104241996646,58.0,14.758620689655173,0.0,10.503269365113931,0.0,2.942789035742257,0.0,5.4510944415472435,0.0,1.3050732122518787,0.0,0.6105782887376215,0.0,1.5762014304593635,0.0,1.351608991767592,0.0,4.099485449779652,0.0,3.900555743308225,0.0,8.97074069352256,0.0,1.5784324365738087,0.0,2.413023278551613,0.0,2.841723270747857,0.0,1.1705473353371594,0.0,3.3191963236523523,0.0,6.052923288090298,8.705648369980807,USA,0.0,0.0,0.0,0.0,0.0,0.0,0.0,0.0,0.0,,
1610612742,DAL,West,1629655,Daniel Gafford,F-C,27.0,28.0,18.906035230508277,0.28097560975609753,0.31812335995402946,55.0,21.727272727272727,1550.2948889016786,17.263573051493605,743.4341407197581,2.0635640430211457,88.86479968936017,11.32634693294338,487.7549377797035,1.102343371987223,47.47103598351205,2.5986229425533782,111.90644072286507,1.7944191139692847,77.27441058150168,4.19358185921036,180.5913478479061,7.132765073733021,307.1635899317974,7.011629893288128,301.9470551787446,10.186386083121898,438.6639522511963,3.2403132649173503,139.54003036226888,4.74139359464328,204.18217377907317,4.418772286867977,190.28889143199464,0.0,0.0,0.0,0.0,17.660954857991733,18.216605675473232,USA,9.066270008777538,5.948230948532969,2.2023335103403183,3.7458974381926513,1.0837170693824412,0.5789150729696592,1.364712691742257,0.9423708607500205,0.0,68.8,
1610612742,DAL,West,1629023,P.J. Washington,F,27.0,28.0,26.974719722189636,0.2791463414634146,0.46795069143446844,56.0,31.0,2211.92701721955,16.145308980442277,992.0068093110473,2.2561473438157305,138.62314623928165,7.971556652639054,489.79170914634904,1.17597061610318,72.25447714485954,1.1564227251592623,71.05340747517863,1.969476407114256,121.00939096312536,1.6160582942909818,99.29452784844348,6.355498358348073,390.49718129790557,5.9733448708686385,367.0167473067824,13.344976808727413,819.9476318720139,2.42684443983725,149.11118841847386,3.475374876897117,213.53543292152227,2.5625104594232853,157.4468365862791,1.789492546856426,109.95074754179862,5.284912998818459,324.7178290483707,10.097794988506005,12.381930374866814,USA,12.097644015988381,5.973069623735964,1.2109088762005302,4.762160747535434,1.6905261736497763,0.8811521603031651,0.8665049692094955,1.475724280038114,1.340862774899983,44.8,33.9
1610612742,DAL,West,1630619,Moussa Cisse,C,23.0,24.0,0.0,0.4392682926829269,0.14887585139318885,38.0,13.947368421052632,0.0,12.124528301886793,0.0,0.6418867924528302,0.0,15.405283018867925,0.0,1.3550943396226416,0.0,3.209433962264151,0.0,2.139622641509434,0.0,6.347547169811321,0.0,9.057735849056604,0.0,4.707169811320755,0.0,8.20188679245283,0.0,2.710188679245283,0.0,5.7769811320754725,0.0,5.206415094339623,0.0,0.0,0.0,0.0,0.0,15.74220834797739,14.028792452830189,Guinea,0.0,0.0,0.0,0.0,0.0,0.0,0.0,0.0,0.0,,
1610612742,DAL,West,202691,Klay Thompson,G,36.0,37.0,0.0,0.2681707317073171,0.7954461588386695,69.0,21.695652173913043,0.0,18.482600953281917,0.0,2.390178926499417,0.0,3.705947158996343,0.0,0.7838136814692045,0.0,0.5091742943965154,0.0,1.5321908114416354,0.0,0.553963535685257,0.0,3.1519836233110863,0.0,6.578568964216571,0.0,16.07864182251645,0.0,1.1952044915813702,0.0,1.3752948610373146,0.0,1.5931444253934075,0.0,4.218136374400756,0.0,10.914739179408247,0.0,11.359662222171487,11.764225031895021,USA,0.0,0.0,0.0,0.0,0.0,0.0,0.0,0.0,0.0,,
1610612742,DAL,West,1642843,Cooper Flagg,F,19.0,20.0,29.13766959853111,0.12707317073170735,0.4560138479969769,70.0,33.48571428571429,2389.2889070795513,23.980238907849834,1591.547744767863,5.14443686006826,341.4318311925625,7.586416382252559,503.50390296118394,1.3675085324232081,90.760360190428,1.0419112627986349,69.15075062127849,2.6210580204778156,173.9573570316537,1.4000682593856655,92.92132114734297,6.186348122866895,410.5825818138411,9.100443686006827,603.9885874577293,19.438156996587033,1290.0936912782267,4.607201365187714,305.7759754034658,5.5677133105802055,369.5243236324569,2.3117406143344708,153.42822794096162,1.1610921501706486,77.06068318055209,3.9348122866894197,261.15009300075985,16.853497772280313,18.61765187713311,USA,19.409118838632473,6.140291499526634,1.13318684326028,5.007104656266355,4.163802819421495,1.106833660858878,0.8433018368448596,2.1214311833128496,0.939764429031123,46.8,29.5
1610612742,DAL,West,1643588,Tobi Lawal,F,,,0.0,0.0,0.0,,,,,,,,,,,,,,,,,,,,,,,,,,,,,,,,,,0.0,,United Kingdom,,,,,,,,,,,
1610612742,DAL,West,1630583,Santi Aldama,F-C,25.0,26.0,24.242846381982883,0.29951219512195126,0.3462609184442561,43.0,27.86046511627907,1987.9134033225964,17.97680779098486,992.6760321292467,3.9190281694844837,216.40801739213958,9.021619489832046,498.1721750975969,1.1372400673020657,62.798188127368554,0.9260441167859355,51.13598643963324,1.6649418937952598,91.93778628969177,2.027502241539029,111.95830225616788,6.994117248293016,386.2138728414289,6.853103247897647,378.42710557914864,14.534369603043269,802.5852261870622,1.8125284266362027,100.08748758925903,2.721101106937356,150.25870450768676,1.993540128805309,110.0829206142647,2.4112524329618665,133.1489175077532,6.75867288736425,373.21267837401183,15.369572743923685,15.764480761832374,Spain,12.105805269868862,6.075270428019475,1.365345149465462,4.709925278554011,2.6391221633187754,0.7658315625288848,0.6236095907272347,1.1211925157279485,1.623767286679917,47.2,35.7
1610612742,DAL,West,1643547,Sergio De Larrea,G,,,0.0,0.0,0.0,,,,,,,,,,,,,,,,,,,,,,,,,,,,,,,,,,0.0,,Spain,,,,,,,,,,,
1610612743,DEN,West,1642350,Trevon Brazile,F,,,0.0,0.0,0.0,,,,,,,,,,,,,,,,,,,,,,,,,,,,,,,,,,0.0,,USA,,,,,,,,,,,
1610612743,DEN,West,1643624,Bryce Hopkins,,,,0.0,0.0,0.0,,,,,,,,,,,,,,,,,,,,,,,,,,,,,,,,,,0.0,,,,,,,,,,,,,
1610612743,DEN,West,1643813,Alpha Diallo,,,,0.0,0.0,0.0,,,,,,,,,,,,,,,,,,,,,,,,,,,,,,,,,,0.0,,,,,,,,,,,,,
1610612743,DEN,West,1631128,Christian Braun,G,25.0,26.0,27.98546516267672,0.20134146341463413,0.39661710888610757,44.0,31.795454545454547,2294.8081433394914,15.472311359365625,986.2773917710098,3.046428124018638,194.193557419345,5.968258653899012,380.4446822367734,1.012502031079688,64.54160850192896,0.4970682788423189,31.68545372453051,1.1705106628751538,74.61381669532248,1.5567999756665432,99.23770171417515,4.411458678232469,281.2069805225983,5.960600027324272,379.95648560814817,11.092242661659085,707.071355218694,2.2976067033857492,146.460182586695,2.9197657480304864,186.1195059784467,2.671953362617079,170.3227870876947,1.2296283232107361,78.38225248291337,3.4608391118758637,220.61004935334847,16.22001900272155,13.509972980872774,USA,12.027773070378167,4.639569295570407,1.2102158745631115,3.4293534210072965,2.368214114870061,0.7870927866088898,0.3864079722503721,0.9099245938453961,0.955881127840407,53.7,35.5
1610612743,DEN,West,1642938,Curtis Jones,G,24.0,25.0,0.0,0.7124390243902439,0.09146823529411766,10.0,8.8,0.0,12.456818181818182,0.0,4.295454545454546,0.0,4.7250000000000005,0.0,1.7181818181818183,0.0,0.0,0.0,0.8590909090909091,0.0,0.8590909090909091,0.0,3.865909090909091,0.0,4.7250000000000005,0.0,11.597727272727273,0.0,0.42954545454545456,0.0,0.8590909090909091,0.0,2.577272727272727,0.0,2.528181818181818,0.0,7.584545454545455,0.0,10.652727272727276,10.652727272727276,USA,0.0,0.0,0.0,0.0,0.0,0.0,0.0,0.0,0.0,,
1610612743,DEN,West,1631124,Julian Strawther,G,24.0,25.0,0.0,0.24658536585365853,0.190828690857565,57.0,15.105263157894736,0.0,16.939891227557265,0.0,2.5586976381245035,0.0,4.415072685751407,0.0,1.0921197133416187,0.0,0.3657015409782602,0.0,1.5715242616578522,0.0,0.47888460453103654,0.0,3.9361880812203704,0.0,6.086197198754414,0.0,13.832339549390658,0.0,2.1787697001621975,0.0,2.6956151076063883,0.0,3.676035194787618,0.0,2.539418041697928,0.0,7.119134676027003,0.0,8.492394793589336,11.098330706186383,USA,0.0,0.0,0.0,0.0,0.0,0.0,0.0,0.0,0.0,,
1610612743,DEN,West,1626145,Tyus Jones,G,30.0,31.0,0.0,0.23609756097560977,0.5599040328083423,67.0,14.611940298507463,0.0,11.477853337453789,0.0,6.896429535768472,0.0,3.0005890135641815,0.0,1.2051191571005908,0.0,0.16841584101504295,0.0,1.2037312781572207,0.0,0.5006603644443948,0.0,2.499928649119787,0.0,4.416341839266103,0.0,10.122542765482784,0.0,0.574888166178304,0.0,0.6742158179815341,0.0,0.995391541667571,0.0,2.1565432216075826,0.0,5.6757037352230695,0.0,5.517126952320874,11.767942952472804,USA,0.0,0.0,0.0,0.0,0.0,0.0,0.0,0.0,0.0,,
1610612743,DEN,West,1631212,Peyton Watson,G,23.0,24.0,26.046568005164076,0.1770731707317073,0.3187035384451884,54.0,29.59259259259259,2135.818576423454,15.75794580992879,934.8920385311122,2.3901321524768298,141.80246253797188,6.002286674115241,356.1054272109523,1.1334617447021211,67.24635138889248,1.807220863993147,107.21933036157243,1.769627664575686,104.98898998204454,1.1793816549075407,69.97070131234891,4.822905019207699,286.1347258986033,5.802143048043031,344.2312473632363,12.024209855248253,713.3758548792553,2.643680240125793,156.84503797178573,3.7121360071265372,220.23469561753458,3.1608085343736407,187.52537733980594,1.4812179599318516,87.87813429318057,3.935444943433803,233.4832337966018,14.681022753095682,12.544570265775477,USA,11.401122421111126,4.342749112328686,0.8533012355164501,3.489447876812235,1.7292983236338033,0.8200774559621034,1.3075528092874686,1.280353536366397,1.0716845645509825,48.3,37.6
1610612743,DEN,West,1628971,Bruce Brown,G-F,29.0,30.0,21.4461393450133,0.27158536585365856,0.4811837593830489,82.0,24.365853658536587,1758.5834262910905,11.988409390193222,585.6282794773966,3.1562845262612123,154.1830460150554,5.560704533704666,271.63785642985425,1.3519406022107405,66.04167601049456,0.34410643411409775,16.80944088647721,1.5587910313248576,76.14622424275252,1.3665047726460136,66.75312903119317,4.194199761058652,204.88472739866103,4.58397384296419,223.92501185524176,9.867552856926771,482.02541422896445,1.8307956642520613,89.43352533553508,2.325209915816236,113.58543390561483,3.1078550288867297,151.8172873643228,1.041211146263447,50.862685141345736,2.8934001502170945,141.3412652722204,6.6823134483328674,9.932040727668202,USA,7.141808286309715,3.31265678572993,0.8140625491608923,2.498594236569037,1.8802810489640902,0.8053862928109092,0.20499318154240498,0.9286124907652746,0.6202766480651919,46.5,36.0
1610612743,DEN,West,1641747,DaRon Holmes II,F,23.0,24.0,0.0,0.5660975609756097,0.08373041394335512,25.0,8.4,0.0,16.740000000000002,0.0,2.8800000000000003,0.0,6.300000000000001,0.0,0.18000000000000002,0.0,1.0799999999999998,0.0,2.1599999999999997,0.0,1.4400000000000002,0.0,4.859999999999999,0.0,5.58,0.0,10.98,0.0,1.98,0.0,2.52,0.0,3.42,0.0,3.531428571428571,0.0,7.945714285714285,0.0,12.960000000000003,12.960000000000003,USA,0.0,0.0,0.0,0.0,0.0,0.0,0.0,0.0,0.0,,
1610612743,DEN,West,203999,Nikola Jokić,C,31.0,32.0,30.670604916834684,0.26646341463414636,0.8414339828220179,65.0,34.84615384615385,2514.989603180444,27.331204442754572,1909.380417109081,9.935405652204281,694.0956088520552,12.412120175957915,867.1209221100106,1.4938674935202545,104.36281152035193,0.7532024403055461,52.619341846071876,3.350763232232385,234.08707477177077,2.8261573187321103,197.43767426565495,9.585962857225805,669.6832478443557,10.188050116260195,711.745558863214,17.73760599056132,1239.163740321469,5.342984874388772,373.2653169177259,6.521063207237475,455.56683799679917,2.4388487038307476,170.3799759406787,1.6792909748389686,117.31664840096553,4.310530156075202,301.13718129791414,31.932384417876996,28.022558387518913,Serbia,23.285127037915622,10.574645391585495,2.4077765154348163,8.16686887615068,8.46458059575677,1.2727172136628284,0.6416992908057546,2.854720424045985,1.4306908341581162,57.4,39.0
1610612743,DEN,West,1642461,Spencer Jones,F,25.0,26.0,19.487555642005095,0.3889430894308943,0.279321298977369,64.0,22.140625,1597.9795626444177,9.309557841102444,413.23564353716097,1.3684568221314983,60.74350094798504,5.552425225549675,246.46283426499173,1.393728508375953,61.8652686738795,0.8124797247534986,36.064610978307016,0.8630230972424078,38.30814643009593,2.0227377861969975,89.78593452587266,3.529687439352678,156.67689973911908,3.510984396329496,155.8467030582773,7.162467396964445,317.92990329044846,0.8311827677766808,36.8948076591488,1.3366164926657713,59.33016217703791,4.693187893238222,208.32273158458025,1.4286652086540712,63.416050146953566,3.8352938935713667,170.24225718505497,9.301835345752153,8.152959450604952,USA,5.039459067526353,3.005644320304777,1.0949504210472276,1.9106938992575497,0.7407744018046957,0.7544544960229207,0.4398123290037441,0.4671725174401943,0.7733664652067508,49.0,37.3
1610612743,DEN,West,1630192,Zeke Nnaji,F-C,25.0,26.0,0.0,0.2928048780487805,0.1518471489798105,52.0,12.038461538461538,0.0,11.597976703413094,0.0,1.7161560715201594,0.0,7.412759503305957,0.0,1.18206587411641,0.0,1.9247799338861287,0.0,1.4212976729274567,0.0,2.382244606291611,0.0,5.030514897014346,0.0,4.351755645232223,0.0,9.130969353542197,0.0,2.067043932299652,0.0,2.9419872907614684,0.0,4.343280557470437,0.0,0.811661071493775,0.0,2.872842141828938,0.0,10.718979142051033,10.345859946135334,USA,0.0,0.0,0.0,0.0,0.0,0.0,0.0,0.0,0.0,,
1610612743,DEN,West,1629661,Cameron Johnson,F,30.0,31.0,26.845242493432565,0.38426829268292684,0.4308177356677698,54.0,30.5,2201.30988446147,16.6148772327394,1015.9581522650856,3.1264213017673566,191.17283651587164,4.666795776495625,285.362879765635,0.9393456988130349,57.43863810343057,0.43208206817107003,26.420736876764757,1.3355190760755096,81.66364841810748,1.000169227290327,61.15784461578855,3.6666265492052976,224.20503514984645,5.678220533474298,347.20897184691813,12.053587329945046,737.046692572988,2.5777251807930646,157.62144221958343,3.0052016833073285,183.76056028512974,2.349388709031662,143.65923854537695,2.7924072760393113,170.7487149496518,6.883936423901977,420.9354803872157,13.867007254477304,13.232793636108461,USA,12.389733564208361,3.4800351190931096,0.745827373363275,2.734207745729835,2.331376055071605,0.7004711963832997,0.32220410825322876,0.9958981514403352,2.082301401825022,47.1,40.6
1610612743,DEN,West,1629618,Jalen Pickett,G,26.0,27.0,14.205974224393495,0.42134146341463413,0.15223819083908866,50.0,16.14,1164.8898864002665,11.369490831040727,367.8945800722196,5.385718681824775,174.27136731818487,4.638692850887279,150.0990663365503,0.7498528244411371,24.263776985559865,0.23011758940616917,7.44615701616821,1.4877732098698468,48.14144348429572,0.7862661332515225,25.442040740103966,3.852426717635756,124.65702559644632,4.304848051771077,139.2964988332783,10.144694539331987,328.2625574857734,0.5638812023864485,18.24609749419988,0.7236056323244665,23.41446896769558,2.007508444904815,64.95906345368736,2.261790930865487,73.18714945880694,5.832526265608647,188.72919052698407,13.217179846034837,10.022530037279378,USA,4.486519269173409,1.8304764187384182,0.310268789513463,1.5202076292249551,2.125260577051035,0.29589971933609593,0.09080679288010013,0.5870907741987283,0.8925262129122797,42.4,38.8
1610612743,DEN,West,1642354,KJ Simpson,G,23.0,24.0,0.0,0.5482113821138211,0.17978540305010893,20.0,12.9,0.0,12.879987972371419,0.0,5.444260754794381,0.0,5.065991601714988,0.0,1.7939843430278504,0.0,0.18121536957295492,0.0,2.8899329005680565,0.0,1.6093921046635788,0.0,3.456599497051409,0.0,4.771148059591067,0.0,13.837385267076332,0.0,1.7656843839522018,0.0,2.3731124846533684,0.0,2.554327854226323,0.0,1.5420644698230415,0.0,5.7327603935693245,0.0,-1.767539925672521,8.843014179180276,USA,0.0,0.0,0.0,0.0,0.0,0.0,0.0,0.0,0.0,,
1610612743,DEN,West,1627750,Jamal Murray,G,29.0,30.0,31.12287785468116,0.24170731707317072,0.7699191443795986,75.0,35.36,2552.075984083855,23.249808889311442,1648.202191693085,6.620175342453077,469.3108472749613,4.152851337197686,294.3997823092427,1.0264848970349927,72.76854038188316,0.4590329058141477,32.54130152312535,2.1630201230254897,153.33865858509606,0.5416744618956837,38.39984403876443,3.611176875302002,255.99993827047828,8.296567445951892,588.1519591429375,17.28414023321507,1225.2899776312695,3.8376157835419913,272.0524188144073,4.346500521593537,308.12776655463375,1.7787678174111416,126.09862855767307,2.9658841625045045,210.25449285284455,7.017925237700968,497.5077349231284,21.175891067852056,18.835912415970714,Canada,20.10002672796445,3.5902412476736916,0.46829078096054183,3.12195046671315,5.723303015548309,0.8874212241693068,0.3968451405259189,1.8699836412816593,2.5640791811322505,48.0,42.3
1610612743,DEN,West,203932,Aaron Gordon,F,30.0,31.0,24.571465123770245,0.4428048780487805,0.5462620104693461,36.0,27.916666666666668,2014.86014014916,17.782991052521776,995.2844401209802,3.6916770391332117,206.6170254570383,6.739612142114698,377.20488514478336,0.7052574163521278,39.47208490979119,0.448206778895238,25.085388148351747,1.5355388796874612,85.9415578425434,2.0829082248250357,116.57690993857804,4.656703917289662,260.6279752062053,6.382041769311951,357.19226593760203,12.161914125941355,680.6821111187847,3.5021307794055745,196.00843647260564,4.674395246854814,261.6181295052905,2.0775400712615166,116.2764633096521,1.5799757650961417,88.42861643038579,4.074889360068463,228.06478186444068,21.706180557327485,15.445230198452311,USA,12.137615123426588,4.600059574936383,1.4216696333972931,3.178389941539089,2.5197198226468083,0.48136688914379505,0.3059193676628262,1.0480677785676025,1.0783977613461682,52.5,38.8
1610612743,DEN,West,1628963,Marvin Bagley III,F,27.0,28.0,17.61810723202869,0.3974390243902439,0.25179976827094475,60.0,20.016666666666666,1444.6847930263527,19.030655669197948,763.7027457391952,2.2931881803488,92.02594699160235,10.940851499272675,439.0578273266335,0.8387390641700242,33.658710314544116,1.232421639049629,49.45724445921144,1.8540768898941251,74.4043524425455,4.5463888851008285,182.4471912635889,6.3944626141718475,256.61063606304464,7.730789970665072,310.23763079723534,12.895380871155737,517.4933512456004,2.9751673161927923,119.39386051146536,4.355338484160777,174.7803132374867,3.3561166121336967,134.68140647701873,0.5998474957917643,24.071959869591698,1.488277430829816,59.72477144789347,15.149583477487637,17.755089987291225,USA,9.313448118770673,5.354363747885775,2.2249657471169377,3.129398000768837,1.122267646239053,0.41047207700663557,0.603137127551359,0.9073701517383598,0.2935604862145329,60.0,40.3
1610612743,DEN,West,1631223,David Roddy,F,25.0,26.0,0.0,0.5495121951219513,0.17830415462792987,5.0,14.6,0.0,14.442699772684064,0.0,2.7364442279917203,0.0,7.416862134375986,0.0,1.11426176108442,0.0,0.5224638636965657,0.0,1.8218579992878912,0.0,1.7623418112469296,0.0,5.654520323129057,0.0,5.510517437964754,0.0,12.833477634582213,0.0,1.8110430338068366,0.0,2.3845753746737115,0.0,2.280775626644349,0.0,1.5799433512725245,0.0,5.318378967565604,0.0,9.42094237087816,11.025384007447823,USA,0.0,0.0,0.0,0.0,0.0,0.0,0.0,0.0,0.0,,
1610612744,GSW,West,1627780,Gary Payton II,G,33.0,34.0,0.0,0.3620731707317073,0.36682096329939196,73.0,15.643835616438356,0.0,15.726483443972157,0.0,3.4177118801550876,0.0,7.498716813520932,0.0,2.0265999920077844,0.0,0.6832878341684363,0.0,1.710889827434822,0.0,2.6844800123500856,0.0,4.814236801170845,0.0,6.869326511543466,0.0,11.877179199791161,0.0,0.8540930112263733,0.0,1.2849874629557803,0.0,4.055362998922762,0.0,1.139551447657103,0.0,3.6886799464212343,0.0,15.070367031871223,14.875502642070607,USA,0.0,0.0,0.0,0.0,0.0,0.0,0.0,0.0,0.0,,
1610612744,GSW,West,1642865,Yaxel Lendeborg,F,,,0.0,0.0,0.0,,,,,,,,,,,,,,,,,,,,,,,,,,,,,,,,,,0.0,,USA,,,,,,,,,,,
1610612744,GSW,West,1641764,Brandin Podziemski,G,23.0,24.0,27.030923042529892,0.08439024390243902,0.5457318450684674,82.0,28.451219512195124,2216.5356894874512,16.888141855776922,1039.8102542348995,4.9642767395843155,305.6526823828066,7.147215579554908,440.05717812622754,1.4027416759518576,86.36741632996481,0.2590160295868808,15.947729825796081,1.9208092304096882,118.26506144166663,1.439691149982057,88.64241154929057,5.707524429572851,351.414766576937,6.108670792428982,376.1135229652341,13.50852089494317,831.7255187730138,2.3175485323484035,142.69247316859722,2.9933305973440545,184.30066942910798,2.2009709254552674,135.5147391054396,2.308427895931112,142.13091160943705,6.183109883958269,380.6967702726699,14.793631307632074,14.583222867929234,USA,12.680612856523165,5.366550952758873,1.0810050188937874,4.285545933865085,3.7274717363756897,1.0532611747556684,0.1944845100706839,1.442256846849593,1.733303800115086,45.2,37.3
1610612744,GSW,West,1642954,Will Richard,G,23.0,24.0,18.960284043212507,0.13682926829268297,0.30707274825273134,69.0,19.956521739130434,1554.7432915434256,12.105882352941174,522.8205382347008,2.5529411764705885,110.25467132840635,4.7215686274509805,203.91186525253642,2.196078431372549,94.84272802443556,0.24705882352941178,10.669806902748999,1.4549019607843137,62.833307316188545,1.83921568627451,79.43078472046477,2.8823529411764706,124.48108053207164,4.447058823529412,192.05652424948198,9.498039215686275,410.1947987056838,1.2627450980392156,54.534568614050436,1.4823529411764704,64.01884141649398,3.5960784313725496,155.30496714001325,1.9118954248366014,82.56962738603538,5.70875816993464,246.54592965971125,6.460333150049162,10.56313725490196,USA,6.375860222374401,2.486730064055322,0.9686681063471314,1.5180619577081909,1.3445691625415408,1.156618634444336,0.1301195963749878,0.7662598453193725,1.0069466754394558,46.8,33.5
1610612744,GSW,West,1630541,Moses Moody,G,24.0,25.0,24.38537620953475,0.1673170731707317,0.30201386394727026,60.0,25.666666666666668,1999.6008491818495,17.367258754936966,964.6551487314686,2.2536001738658498,125.17502281606991,4.938414186755206,274.3015889290945,1.3916999625897968,77.3012340833585,0.7846453444508292,43.58270825195731,1.349936013819553,74.98147776596498,1.3633002509585403,75.72378720851461,3.575113935796667,198.57780172057997,5.935368080379378,329.6768626037069,13.458317846731145,747.5351054134122,2.2741232382010024,126.3149655069695,2.908103832933172,161.52908038450448,2.872017199030691,159.52466750129577,3.16102032062526,175.5771921500931,8.162515958626026,453.3826067313611,14.48423132975662,13.11356454487367,USA,11.764087179652055,3.345141328403592,0.9234608196160318,2.421680508787561,1.5265246684886575,0.9426979766263232,0.5314964420970403,0.9144082654385973,2.1411852701230867,44.1,38.7
1610612744,GSW,West,204001,Kristaps Porziņģis,F-C,30.0,31.0,22.831600209170727,0.5263414634146342,0.43293107866259706,32.0,24.03125,1872.1912171519996,23.585388687404514,1226.5654876020792,2.8478284645931895,148.1022066490787,7.97668801275035,414.83014553980115,0.8506316275120225,44.23736283499222,1.910716110006469,99.36738665624847,1.7218964362296016,89.5477606876219,1.9043422208437704,99.03591056431779,6.072345791906581,315.79423497548345,7.870845327518219,409.32576371504064,16.449154476811188,855.4434039184,5.2925878998676685,275.24268283714434,6.3285275740946405,329.11704838122876,3.5625892297090456,185.2735629494884,2.657406388021256,138.19924722380594,7.091790890885558,368.8107949942916,23.881044194541687,18.99436680873436,Latvia,14.958115702464381,5.058904213900014,1.2077550068819243,3.851149207018091,1.8061244713302282,0.5394800345730758,1.2117973982469326,1.0920458620441695,1.6853566734610481,47.8,37.5
1610612744,GSW,West,1629001,De'Anthony Melton,G,28.0,29.0,21.81305187044256,0.5698780487804878,0.3312663594668636,49.0,22.959183673469386,1788.67025337629,17.829946000345085,885.8859452811893,3.9923370046388054,198.36040115696753,4.998524484761051,248.35311268514275,2.3215034580213554,115.34456051313865,0.6091537532689761,30.265977727909377,2.48821337376265,123.62759015839758,1.1890190845856419,59.07675186930679,3.8095054001754094,189.27636081583597,6.266411693668216,311.3484497742687,15.551977358776194,772.7044245229039,2.8536932553743846,141.7865621707975,3.472541782001136,172.53422747421462,2.9934147359256014,148.72866372689904,2.5054453311782887,124.4837648705309,7.962774581373983,395.6327230012357,12.137712504102858,13.034719815704818,USA,10.803487137575479,3.0286964961602774,0.7204481935281316,2.308248302632146,2.419029282402043,1.4066409818675445,0.3690972893647485,1.5076535385170438,1.51809469354306,40.3,31.5
1610612744,GSW,West,202710,Jimmy Butler III,F,36.0,37.0,29.552475748123793,0.49378048780487815,0.6772712449573131,38.0,31.105263157894736,2423.303011346151,20.37392587740496,1371.4498869905196,5.373087900573682,361.6838913802159,5.73068578146547,385.75522531399565,1.4758043167912576,99.34225125105286,0.2854663129462903,19.215871550017447,1.6097258879700265,108.35704421554506,2.2807581915385486,153.52689426966018,3.4499275899269217,232.2283310443355,6.421258433686886,432.2404138607028,12.615409340302879,849.1933178811202,6.700042834298758,451.0064993473439,7.836544120329506,527.5089157039296,1.1571946292147097,77.89536749137773,0.8490548177692859,57.153252686063,2.325315608941427,156.5262310410547,21.223218616217128,19.65273973590979,USA,16.724998621835606,4.704332016024337,1.8722791984104898,2.8320528176138478,4.410779163173365,1.2114908689152788,0.23433989695143229,1.3214273684822568,0.6969908864154024,50.9,36.5
1610612744,GSW,West,1630611,Gui Santos,F,24.0,25.0,19.49060340658956,0.29292682926829267,0.3443267307192582,68.0,20.514705882352942,1598.229479340344,15.508469659455729,688.5025941443737,4.164159990062016,184.86897924463076,7.628846547866122,338.6846512823181,1.5175677828480625,67.37282131791497,0.563608431736269,25.021544733491243,2.5423677307892794,112.86908485197338,2.462307588238828,109.31479374240888,5.166538959627293,229.3698575399092,5.671642683154282,251.79407034728163,11.518655530078867,511.3737452927422,2.162322334850905,95.99686942763218,2.967951313844597,131.76298008425945,4.038262703592789,179.27973606118422,1.964712206709667,87.22391575508915,5.6554421352327315,251.07484275645697,14.028622366131595,13.334726135600594,Brazil,8.39637309932163,4.130300625394123,1.333107240761084,2.797193384633039,2.254499746885741,0.8216197721696947,0.30514078943282,1.3764522542923583,1.063706289696209,49.2,34.7
1610612744,GSW,West,1643018,LJ Cryer,G,24.0,25.0,0.0,0.634390243902439,0.16991346405228758,18.0,16.22222222222222,0.0,19.15890410958904,0.0,2.33013698630137,0.0,3.624657534246575,0.0,0.38835616438356163,0.0,0.0,0.0,1.8123287671232875,0.0,0.5178082191780822,0.0,3.106849315068493,0.0,6.084246575342466,0.0,15.145890410958906,0.0,2.2006849315068493,0.0,2.4595890410958905,0.0,3.624657534246575,0.0,4.698493150684931,0.0,11.936712328767126,0.0,10.938698630136987,10.938698630136987,USA,0.0,0.0,0.0,0.0,0.0,0.0,0.0,0.0,0.0,,
1610612744,GSW,West,1631466,Nate Williams,G,27.0,28.0,0.0,0.6956097560975609,0.134950502873086,14.0,17.071428571428573,0.0,16.735108372458473,0.0,2.111070923509406,0.0,4.449903271585442,0.0,1.0934623458737331,0.0,0.27429860572965653,0.0,2.389372009667838,0.0,2.624968051634361,0.0,1.8249352199510807,0.0,6.651186465833581,0.0,13.815129670950661,0.0,1.780049458002485,0.0,2.3698003543655,0.0,3.766278310970235,0.0,1.6692128426167137,0.0,4.593773755105778,0.0,10.741387714995758,10.741387714995758,USA,0.0,0.0,0.0,0.0,0.0,0.0,0.0,0.0,0.0,,
1610612744,GSW,West,201143,Al Horford,C-F,40.0,41.0,20.45838056020708,0.4364634146341464,0.6003353947212688,45.0,21.533333333333335,1677.5872059369806,11.436849754688245,532.9531340191248,3.2243623926867055,150.25414159098798,7.5354446071225185,351.14904066543204,0.8297546817002595,38.666273280185194,1.319261815136714,61.47713173207081,1.1024431373069874,51.37345840053411,1.546736618949746,72.07737674734213,5.988707988172773,279.07166391808994,4.234172609474002,197.31093881617736,9.560116822553207,445.4980463549489,0.6580440265016071,30.66461777228754,0.7573228528057829,35.290975795296575,1.7013418719744846,79.28192659303522,2.3606879116133874,110.00721771479746,6.3209518494339925,294.5541097765045,15.38680492611326,11.505365262965455,Dominican Republic,6.499428463647864,4.282305373968684,0.8789923993578308,3.403312974610853,1.8323675803779023,0.47153991805103895,0.7497211186837903,0.626505590250416,1.3415514355463105,44.3,37.3
1610612744,GSW,West,203110,Draymond Green,F,36.0,37.0,26.113217037215687,0.33829268292682935,0.768593655237496,68.0,27.485294117647058,2141.283797051686,10.44222334564905,621.1045459786989,6.833001718853983,406.427662939121,7.240967063800378,430.69348468612975,1.3245185627985698,78.78250381707677,0.9555722096986178,56.837535820570174,3.139846519639107,186.75840215923193,1.2021390897200779,71.50335985055739,6.0388279740802995,359.19012483557236,3.78116448786615,224.90406255152845,8.750993820597898,520.510035448492,1.314146951657935,78.16559929250005,1.8789668725773685,111.7611477624111,3.656640176004446,217.49734334795963,1.5990611931153842,95.11232842533637,4.8088792026453415,286.0326421834251,13.1977601332403,10.430228975781855,USA,7.57444568266706,5.252359569343046,0.8719921932994803,4.380367376043566,4.956434913891719,0.9607622416716679,0.6931406807386606,2.277541489746731,1.159906444211419,43.2,33.3
1610612744,GSW,West,1643650,Lajae Jones,G-F,,,0.0,0.0,0.0,,,,,,,,,,,,,,,,,,,,,,,,,,,,,,,,,,0.0,,,,,,,,,,,,,
1610612744,GSW,West,1629646,Charles Bassey,C-F,25.0,26.0,0.0,0.6184146341463415,0.13003659654415073,13.0,11.76923076923077,0.0,16.03588893993936,0.0,2.08911654325952,0.0,14.67293521511304,0.0,1.2830171055992896,0.0,2.939588298170908,0.0,2.121096138011639,0.0,5.407081555713736,0.0,9.265853659399303,0.0,6.846232077852742,0.0,10.956043710723883,0.0,2.3434247842338753,0.0,3.46296902506172,0.0,5.037683553662999,0.0,0.0,0.0,0.031227928726348785,0.0,19.753123494332957,17.888987599185754,Nigeria,0.0,0.0,0.0,0.0,0.0,0.0,0.0,0.0,0.0,,
1610612744,GSW,West,201939,Stephen Curry,G,38.0,39.0,29.364087872973435,0.3925609756097561,0.6754505215517527,43.0,30.906976744186046,2407.8552055838218,27.37708703774553,1831.112820487693,5.644372508558701,377.5231035274245,4.381853479741004,293.07968642499884,1.102440315760009,73.73657369856137,0.4289315365152462,28.68902869548063,3.0139833991809444,201.58987825725163,0.5189982792307374,34.713130787077134,3.8628552005102663,258.36655563792175,9.00781155347899,602.4862761100688,19.75320762760911,1321.1906614754625,4.547628764377022,304.1675442602204,4.908219063835197,328.28557841670363,1.6540035079702058,110.62780435333228,4.813835166410521,321.9727240073343,12.094321055909719,808.9270531242845,20.837571793139748,20.209053900584824,USA,22.33064415228894,3.574142517378035,0.4233308632570382,3.150811654120997,4.603940286919811,0.8992265085190412,0.3498662036034223,2.4584131494786785,3.926496634235784,45.6,39.8
1610612744,GSW,West,203552,Seth Curry,G,35.0,36.0,0.0,0.6126829268292683,0.28052436300723493,10.0,13.3,0.0,14.776782448284736,0.0,2.18968935988493,0.0,3.696668496613273,0.0,0.9643243429110981,0.0,0.22785804236838722,0.0,1.0231425687755142,0.0,0.8812020788647009,0.0,2.8154664177485724,0.0,5.337120511458481,0.0,11.610755281977202,0.0,1.4394752700911098,0.0,1.6398020338920518,0.0,2.0013111773074956,0.0,2.6220959067339438,0.0,6.029778802602101,0.0,8.211886400357123,10.998393115283484,USA,0.0,0.0,0.0,0.0,0.0,0.0,0.0,0.0,0.0,,
1610612744,GSW,West,1642502,Malevy Leons,F,26.0,27.0,0.0,0.6852642276422765,0.09074450980392157,25.0,11.04,0.0,10.487728976499396,0.0,2.941192189870172,0.0,6.832076203444439,0.0,1.742562820395317,0.0,1.120218955968418,0.0,1.6965044610163742,0.0,3.8124736000678303,0.0,3.019602603376609,0.0,3.983000732332153,0.0,9.118572474760217,0.0,2.023852420293571,0.0,2.678548338847964,0.0,4.172173613472522,0.0,0.5128113442877646,0.0,2.132008103062689,0.0,10.230839186815759,10.230839186815759,Netherlands,0.0,0.0,0.0,0.0,0.0,0.0,0.0,0.0,0.0,,
1610612745,HOU,West,1643570,Bruce Thornton,G,,,0.0,0.0,0.0,,,,,,,,,,,,,,,,,,,,,,,,,,,,,,,,,,0.0,,USA,,,,,,,,,,,
1610612745,HOU,West,1643595,Quadir Copeland,G,,,0.0,0.0,0.0,,,,,,,,,,,,,,,,,,,,,,,,,,,,,,,,,,0.0,,USA,,,,,,,,,,,
1610612745,HOU,West,1628988,Aaron Holiday,G,29.0,30.0,0.0,0.28743902439024394,0.223662500897795,57.0,13.701754385964913,0.0,14.148664950703626,0.0,3.2523949059361295,0.0,3.021877758004298,0.0,1.0780931742463427,0.0,0.27730186028763676,0.0,1.595556603267685,0.0,0.5874619387156221,0.0,2.4344158192886765,0.0,4.893142562589296,0.0,11.361211050821435,0.0,1.5392533815846183,0.0,1.7794149503183239,0.0,3.1376425563146264,0.0,2.9701642795623115,0.0,7.5458524557165925,0.0,13.868397193615118,9.896825000367844,USA,0.0,0.0,0.0,0.0,0.0,0.0,0.0,0.0,0.0,,
1610612745,HOU,West,1641708,Amen Thompson,G-F,23.0,24.0,29.863453163753743,0.111219512195122,0.5486123599320883,79.0,37.379746835443036,2448.803159427807,17.636787357711228,1199.6950167699904,5.020797843176033,341.52626725604966,8.719083268963637,593.0921848986745,1.626227077403963,110.61972236371871,0.9180294506399094,62.446483865966215,2.40898541598249,163.8647527131509,3.195169401874503,217.34280350603717,5.523913867089135,375.7493813926375,6.90580040330138,469.74849572172894,12.790945824002655,870.0696818302115,3.4867523080107845,237.17694633330575,4.677815504236512,318.195816277632,2.590116907849573,176.1857352008171,0.33198787656249085,22.58258225049879,1.4840180741412115,100.9463374612491,21.27097343449786,17.201186909131327,USA,14.630427033780371,7.232831523154568,2.650521993976063,4.582309529178506,4.164954478732313,1.349021004435594,0.7615424861703197,1.9983506428433035,0.2753973445182779,54.0,22.4
1610612745,HOU,West,1641763,Julian Phillips,F,22.0,23.0,0.0,0.26670731707317075,0.12283086366765476,48.0,8.895833333333334,0.0,11.919758261178846,0.0,1.1666903156720247,0.0,4.985099483047317,0.0,1.4306712640211852,0.0,0.6571571195028143,0.0,0.9390913798488623,0.0,2.0548178855249235,0.0,2.930281597522393,0.0,4.238706253509089,0.0,9.760406654435934,0.0,1.7901340154402088,0.0,2.302901093814037,0.0,3.7269982068863348,0.0,1.6842935200548346,0.0,5.282908195680642,0.0,9.550205973439338,9.172780078292137,USA,0.0,0.0,0.0,0.0,0.0,0.0,0.0,0.0,0.0,,
1610612745,HOU,West,1631120,JD Davison,G,23.0,24.0,0.0,0.6221951219512195,0.07082284313725488,28.0,7.785714285714286,0.0,12.442595304753803,0.0,6.103371588844564,0.0,5.973947674477575,0.0,1.235565185832837,0.0,0.909437357691315,0.0,2.06860667093687,0.0,0.6540594860797285,0.0,5.319888188397848,0.0,4.341367001502304,0.0,11.671560032138238,0.0,2.244256415309761,0.0,3.235225730036456,0.0,2.5687181161255754,0.0,1.4867362219358267,0.0,5.854984861128814,0.0,10.7149079847633,10.7149079847633,USA,0.0,0.0,0.0,0.0,0.0,0.0,0.0,0.0,0.0,,
1610612745,HOU,West,1627832,Fred VanVleet,G,31.0,33.0,28.108692971362725,0.3030487804878049,0.7317139828220178,60.0,35.18333333333333,2304.9128236517436,15.235540394614835,975.4609008558856,6.311128831887685,404.0722715648937,3.555075817342578,227.61499556797534,1.446838944521307,92.63437880516427,0.5413977315994944,34.663182618323326,1.5554399836798507,99.58759902234296,0.45341373990815254,29.029976209283255,3.1016620774344257,198.58501935869208,5.094506160169771,326.1775716318919,12.906960052314286,826.372714970555,2.354193359467769,150.72806843313998,2.7583592177689757,176.60493147982513,2.3259676594883665,148.92090793761022,2.8188974578112975,180.48091386301553,7.856448775941236,503.01193144527775,14.569794215110171,13.08247321139543,USA,11.895864644583972,2.775792628877748,0.35402410011321045,2.4217685287645376,4.927710628840167,1.1296875464044425,0.42272173924784545,1.2144829149066214,2.2009867544270185,39.5,35.9
1610612745,HOU,West,201142,Kevin Durant,F,37.0,38.0,29.088907203538295,0.2651219512195122,0.7878679656440357,78.0,36.41025641025641,2385.29039069014,24.366856128719082,1614.5007715322993,4.329989332360626,286.8967207297394,5.402631766353899,357.96793435336815,0.7611174584953746,50.430171109319964,0.9798533501738593,64.9231883459791,2.912252164580793,192.96019731780908,0.45183189270834834,29.937507552348936,4.950799873645551,328.0304268010193,8.732974140406974,578.6299805349512,16.710440603169722,1107.2014831927524,4.675341352764268,309.7790778318014,5.429311614936944,359.73568953254056,1.6389430631559037,108.59319831761223,2.2729189737608824,150.5992163035869,5.439241436989727,360.3936203415341,22.62934083295829,18.572849491209862,USA,19.689033799174382,4.365462614065465,0.36509155551645045,4.000371058549016,3.498740496704139,0.615002086699024,0.7917461993412085,2.3531731380220617,1.836575808580328,52.3,41.8
1610612745,HOU,West,1630256,Jae'Sean Tate,F,30.0,31.0,0.0,0.41658536585365846,0.17505672078786266,46.0,8.804347826086957,0.0,10.287099487088174,0.0,2.334204093632099,0.0,6.56105205822471,0.0,1.2558938384781653,0.0,0.38985239928060916,0.0,1.2995371498433999,0.0,2.5880084460564694,0.0,3.97304361216824,0.0,4.170794999966787,0.0,8.551614309217081,0.0,1.0933928441284755,0.0,1.636297647309959,0.0,4.493711017650756,0.0,0.8876215031522136,0.0,2.781840836869685,0.0,13.511255578907646,8.8213563718537,USA,0.0,0.0,0.0,0.0,0.0,0.0,0.0,0.0,0.0,,
1610612745,HOU,West,1631095,Jabari Smith Jr.,F,23.0,24.0,28.065980111919448,0.12219512195121954,0.5171139757059552,77.0,35.12987012987013,2301.410369177395,16.47209050491709,1053.028885834575,1.8216734537770558,116.45606043826983,8.15883632108538,521.5786252713067,0.7355051116737644,47.019419183027196,0.9636040508463035,61.601343177750685,1.423057906278796,90.97333948471929,1.825586651062566,116.70622357186733,6.333249670022814,404.8724016994394,5.925103570495281,378.78041098855124,13.224760453789433,845.4333566177264,2.2852345588757137,146.09062527219717,2.8803317745879564,184.1340392418847,2.7773356156578406,177.5496940155733,2.292141208764135,146.53215404079413,6.351598248345446,406.0453908219774,14.849443241283213,12.67585349829653,USA,12.841815680909452,6.360714942333009,1.4232466289252113,4.9374683134077975,1.4201958590032906,0.5734075510125268,0.7512358924115937,1.109430969325845,1.7869774883023675,44.8,36.1
1610612745,HOU,West,203500,Steven Adams,C,32.0,33.0,18.22537825890703,0.5541463414634147,0.4402832212885154,32.0,22.8125,1494.4810172303764,9.862570136112826,409.42844026455083,2.676074001806916,111.09282767789344,14.09310420276808,585.0521306912926,1.0478000646941377,43.49770295939303,1.1679106290940262,48.483896250072476,2.0972206922259327,87.06268092984462,6.989397094152993,290.1533688638001,7.103707108615088,294.89876182749254,3.9623767058801787,164.4915769459377,7.283508594397269,302.36292592113944,1.9378167243524684,80.44528637267537,3.9863666513910623,165.48748022844902,2.751653383714474,114.23038188775041,0.0,0.0,0.0347959256065452,1.4444958415539493,20.02426726272603,13.094042190676067,New Zealand,4.9930297593237905,7.13478208160113,3.5384557178512206,3.5963263637499088,1.3547905814377248,0.5304597921877199,0.5912670274399082,1.0617400113395685,0.0,54.4,0.0
1610612745,HOU,West,1641803,Tristen Newton,G,25.0,26.0,0.0,0.7910772357723577,0.08949568627450981,1.0,12.0,0.0,23.779553564994107,0.0,2.1569917592316754,0.0,9.45,0.0,2.790501373461387,0.0,0.0,0.0,2.1569917592316754,0.0,5.581002746922774,0.0,3.868997253077225,0.0,7.926517854998036,0.0,24.03601648153665,0.0,4.502506867306937,0.0,6.214512361152487,0.0,4.313983518463351,0.0,3.358791730782697,0.0,11.570838629826207,0.0,14.925358509455101,14.925358509455101,USA,0.0,0.0,0.0,0.0,0.0,0.0,0.0,0.0,0.0,,
1610612745,HOU,West,1642263,Reed Sheppard,G,22.0,23.0,20.91808198964164,0.135,0.34173263587576475,82.0,26.182926829268293,1715.2827231506144,18.17432673662331,865.9474626728959,4.698361683769371,223.86162842451205,4.160633540354079,198.24063414250907,2.0872742908528883,99.45182026601138,0.9376425832265851,44.675614541635376,2.1200207007808416,101.01208002141766,0.5517726415506522,26.29016886552807,3.608860898803426,171.95046527698096,6.664224075792242,317.5285672336334,15.889237276289725,757.0703940016804,1.1184809211786488,53.291972229758905,1.392196591719023,66.33363225013362,2.889144363926762,137.65831700365405,3.7997743175273686,181.046867742392,9.829712110215208,468.35375989434766,13.624589669291478,13.833761955446251,USA,10.560334910645071,2.4175687090549887,0.32061181543326916,2.096956893621719,2.730019858835513,1.212827076414773,0.5448245675809192,1.2318546344075325,2.2078886310047805,41.9,38.7
1610612745,HOU,West,1631106,Tari Eason,F,25.0,26.0,20.625469167522912,0.3464634146341463,0.4021437766957291,60.0,25.816666666666666,1691.2884717368788,16.423939151338534,771.6005263101899,2.19566936621678,103.1530635230072,9.539774371201265,448.1808449162119,2.086702913787685,98.03379394524627,0.9620396343287781,45.19684841372847,1.8639225624617595,87.56752061393989,3.1986111072222525,150.2715025337369,6.341163263979011,297.90934238247496,6.41863287467547,301.54888292361017,14.453267271380408,679.0178976393782,1.5800141171917705,74.22943504411009,2.0896221777047868,98.17094165105048,3.500317669947703,164.44574784998454,1.9684372031806656,92.477643029929,5.571156410065999,261.73423918299,16.392029277269703,13.844688325015248,USA,9.409762515977926,5.465620059953804,1.8325792991919134,3.6330407607618898,1.257964189304966,1.1955340725030033,0.5511810782162008,1.0678965928529256,1.1277761345113293,44.4,35.3
1610612745,HOU,West,1642384,Isaiah Crawford,F,24.0,25.0,0.0,0.6692479674796749,0.05700091503267973,14.0,6.571428571428571,0.0,11.307514752332402,0.0,1.7590982154551247,0.0,6.573913043478259,0.0,0.8217391304347824,0.0,1.3310252325294512,0.0,1.4466451871150106,0.0,1.1341921587748967,0.0,5.439720884703364,0.0,4.108695652173913,0.0,9.664036491462836,0.0,1.9559312892096794,0.0,2.6620504650589023,0.0,1.6434782608695648,0.0,1.1125884986077557,0.0,4.949939408866745,0.0,9.210359627952881,9.210359627952881,USA,0.0,0.0,0.0,0.0,0.0,0.0,0.0,0.0,0.0,,
1610612745,HOU,West,1630578,Alperen Sengun,C,23.0,24.0,26.608497451968983,0.1173170731707317,0.599910446206286,72.0,33.30555555555556,2181.8967910614565,23.297251669125053,1412.005518261531,6.4338641560964875,389.94520989756256,10.965745464077399,664.6145788796445,1.346410484978252,81.60357546182078,1.0708869675692825,64.90457883691532,3.3124254645445217,200.76029143666517,3.6262124801456883,219.7783715038023,7.339532983931709,444.83620737584204,9.206875864669103,558.0125806895192,17.885820466998997,1084.028174512401,4.35219093779257,263.77865114600996,6.290888256636387,381.27969166892035,3.6320113947472135,220.12983353604415,0.5211888305277205,31.58833991293074,1.821084645932494,110.37274292253882,21.712594368808613,20.25916364093825,Turkey,17.21957949099428,8.105055839995664,2.6802240427292965,5.424831797266366,4.755429388994665,0.9951655544124486,0.7915192541087234,2.448296237032502,0.3852236574747651,51.5,28.6
1610612745,HOU,West,203991,Clint Capela,C,32.0,33.0,0.0,0.30414634146341457,0.46345701992577326,75.0,12.346666666666666,0.0,13.393665586042756,0.0,1.8199307180937747,0.0,13.789428658882311,0.0,1.0829535447180951,0.0,2.0130613370156447,0.0,1.4535938606418695,0.0,5.85301742993752,0.0,7.936411228944792,0.0,5.7492277373320295,0.0,10.438506600906257,0.0,1.8806705472060288,0.0,3.2111692512405523,0.0,2.993103903498445,0.0,0.014614126040218459,0.0,0.0442341943548406,0.0,19.52371740939781,15.447450709620519,Switzerland,0.0,0.0,0.0,0.0,0.0,0.0,0.0,0.0,0.0,,
1610612745,HOU,West,203992,Bogdan Bogdanović,G,33.0,34.0,15.700528358358024,0.5145121951219512,0.38824218764810436,23.0,19.652173913043477,1287.443325385358,16.619661502364078,594.3575630939619,3.7528293493869387,134.2098638105136,4.15942971562254,148.75083402188216,1.1511867344254252,41.169102153005014,0.3152997589422651,11.275849170717544,1.83851490786167,65.74954852077732,0.6563990063284791,23.47434776353283,3.5030307092940607,125.27648625834932,5.8895138993590646,210.62264887483673,13.991199378041465,500.3576737054238,1.8135650851945917,64.85728511349181,2.05024208008245,73.32140226184286,3.0683545178753246,109.73145955429432,3.042592047263928,108.81013397556988,8.318095642626298,297.4743531948961,11.675714230302583,11.530365611985756,Serbia,7.24826296456051,1.8140345612424653,0.28627253370161987,1.5277620275408454,1.6367056562257758,0.50206222137811,0.13751035574045786,0.801823762448504,1.3269528533606083,42.1,36.6
1610612745,HOU,West,201145,Jeff Green,F,39.0,40.0,0.0,0.5541463414634147,0.4425304352510235,30.0,5.833333333333333,0.0,13.251193121812857,0.0,1.698889332674683,0.0,4.6415893445187955,0.0,0.4259403519027184,0.0,0.590735995054338,0.0,0.980618394760568,0.0,1.1302117096946303,0.0,3.511377634824165,0.0,4.5546595737185935,0.0,10.165244460811142,0.0,2.3403325701939224,0.0,2.8272137456458424,0.0,2.522898089710167,0.0,1.840705347750914,0.0,5.642570670041483,0.0,9.212166535062915,9.646095296453616,USA,0.0,0.0,0.0,0.0,0.0,0.0,0.0,0.0,0.0,,
1610612745,HOU,West,1631131,Oscar Tshiebwe,F-C,26.0,27.0,0.0,0.6725609756097561,0.16634550264550263,27.0,16.59259259259259,0.0,16.622313628997127,0.0,2.214398688862592,0.0,15.095565285232503,0.0,1.4383236026871455,0.0,0.34697350997203785,0.0,1.5716836296265517,0.0,6.284118764672131,0.0,8.81144652056037,0.0,7.048316847383669,0.0,11.34358866390286,0.0,2.5256799342297915,0.0,4.128094135113091,0.0,3.184265758102202,0.0,0.0,0.0,0.0,0.0,18.28837392330783,18.28837392330783,DRC,0.0,0.0,0.0,0.0,0.0,0.0,0.0,0.0,0.0,,
1610612745,HOU,West,203935,Marcus Smart,G,32.0,33.0,22.795011323027154,0.5529268292682927,0.6080092074741011,62.0,28.532258064516128,1869.1909284882267,12.7560884154305,662.3212430310125,4.144300550646043,215.18024983878738,3.4328648714563874,178.2411076792273,1.8409107216548513,95.58371169649897,0.44142197662913935,22.919498731959145,2.168994080123565,112.61844606976761,0.7159831578225043,37.17525620978276,2.7168817136338834,141.06585146944454,4.20636422459873,218.4027180704822,10.540268739461297,547.2715197674748,2.2620170859540667,117.44838380974208,2.821729239349645,146.5097415789539,3.116503462254403,161.81500000689113,2.0920164335111764,108.62161499353846,6.29624114841328,326.9132455052333,13.523833982229593,9.788134876576922,USA,8.077088329646493,2.1736720448686255,0.4533567830461312,1.7203152618224944,2.624149388277895,1.1656550206890117,0.27950608209706274,1.3733956837776538,1.3246538413846154,39.9,33.2
1610612746,LAC,West,1641807,Norchad Omier,F,24.0,25.0,0.0,0.7514634146341463,0.04141647058823529,6.0,4.0,0.0,26.775000000000002,0.0,3.1500000000000004,0.0,11.025,0.0,1.5750000000000002,0.0,0.0,0.0,0.0,0.0,6.300000000000001,0.0,4.7250000000000005,0.0,11.025,0.0,15.75,0.0,4.7250000000000005,0.0,4.7250000000000005,0.0,6.300000000000001,0.0,0.0,0.0,1.545,0.0,27.247500000000006,27.247500000000006,Nicaragua,0.0,0.0,0.0,0.0,0.0,0.0,0.0,0.0,0.0,,
1610612746,LAC,West,1642394,Baba Miller,F,,,0.0,0.0,0.0,,,,,,,,,,,,,,,,,,,,,,,,,,,,,,,,,,0.0,,Spain,,,,,,,,,,,
1610612746,LAC,West,1642951,Sean Pedulla,G,23.0,24.0,0.0,0.7417073170731707,0.04589823529411764,7.0,4.428571428571429,0.0,15.851612903225808,0.0,6.096774193548388,0.0,3.6580645161290324,0.0,0.0,0.0,0.0,0.0,1.2193548387096773,0.0,0.0,0.0,3.6580645161290324,0.0,6.096774193548388,0.0,18.290322580645164,0.0,0.0,0.0,0.0,0.0,4.877419354838709,0.0,3.5883870967741935,0.0,11.961290322580647,0.0,7.681935483870969,7.681935483870969,USA,0.0,0.0,0.0,0.0,0.0,0.0,0.0,0.0,0.0,,
1610612746,LAC,West,1643568,Nick Martinelli,F,,,0.0,0.0,0.0,,,,,,,,,,,,,,,,,,,,,,,,,,,,,,,,,,0.0,,USA,,,,,,,,,,,
1610612746,LAC,West,1643712,Narcisse Ngoy,C,,,0.0,0.0,0.0,,,,,,,,,,,,,,,,,,,,,,,,,,,,,,,,,,0.0,,France,,,,,,,,,,,
1610612746,LAC,West,203078,Bradley Beal,G,33.0,34.0,27.913288663789555,0.6535365853658538,0.5589094649220164,6.0,20.166666666666668,2288.8896704307435,18.524100545467054,1177.7672886816677,4.409811794303817,280.3770184590464,3.8644328513053594,245.70167876183507,1.1149041279058023,70.88590394122743,0.5253409491578092,33.401318666155326,2.2854966176725555,145.3124888887532,0.8309555814768019,52.83237908413956,3.033477269828557,192.8692996776955,7.132344410513978,453.47637353277486,14.394008656422319,915.1749369382153,2.196540962952967,139.6566644661401,2.732560336075296,173.73692019643073,2.7805866073431593,176.7904434246062,2.0734495859040085,131.830481648183,5.187809775326991,329.8423390807107,12.31430459551802,13.75031637662954,USA,14.363015715630093,2.99636193611994,0.644297305904141,2.3520646302157986,3.4192319324273948,0.8644622431857003,0.4073331544653089,1.7721035230335755,1.6076888005875976,49.6,40.0
1610612746,LAC,West,1643413,Keaton Wagler,G,,,0.0,0.0,0.0,,,,,,,,,,,,,,,,,,,,,,,,,,,,,,,,,,0.0,,USA,,,,,,,,,,,
1610612746,LAC,West,202695,Kawhi Leonard,F,35.0,36.0,28.557059619154476,0.4139024390243903,0.7287666575403746,65.0,32.07692307692308,2341.678888770667,27.632543849065627,1797.4040159551869,3.777531779872652,245.71573390522423,6.696854526839998,435.60785740748605,1.9005931097628086,123.62718781318223,0.5716563675556366,37.184323542676644,2.1097547142929005,137.23244652622432,1.1820044346303409,76.8854119724216,5.514850092209658,358.7224454350645,10.02928742477227,652.37140644451,19.748751129933815,1284.589822237552,4.986175098327099,324.3339156518492,5.665026397608871,368.49090887803436,1.4194473409378232,92.33027422210444,2.5479816873294654,165.73763683871312,6.42791583509229,418.1143002730635,24.673458348088694,22.297941802506873,USA,21.919561170185204,5.312290943993732,0.9376269752734341,4.374663968720299,2.9965333403076126,1.507648631868076,0.45346736027654444,1.6735664210515162,2.021190693155038,50.8,39.6
1610612746,LAC,West,1642920,Kobe Sanders,G,24.0,25.0,17.687531319340174,0.14658536585365858,0.3058978618378073,68.0,19.86764705882353,1450.3775681858942,13.849740932642487,557.9820437191846,3.0497409326424867,122.86877326341641,4.280829015544042,172.46717714956623,1.3709844559585493,55.2345861459395,0.27979274611398963,11.272364519579488,2.266321243523316,91.30615260859388,0.81139896373057,32.68985710678052,3.4694300518134713,139.77732004278565,5.008290155440415,201.77532490047287,10.744041450777202,432.8587975518523,1.594818652849741,64.25247776160309,1.9305699481865284,77.77931518509847,4.084974093264249,164.57652198586052,2.1957068837897853,88.46122251555713,5.3794818652849745,216.729995163115,9.142418796701607,9.608082901554406,USA,6.804659069746154,2.1032582579215395,0.3986567939851283,1.7046014639364104,1.4983996739441026,0.673592513974872,0.13746785999487182,1.1134896659584619,1.0787953965311845,46.6,40.8
1610612746,LAC,West,1627884,Derrick Jones Jr.,F,29.0,30.0,24.037237233389014,0.27646341463414636,0.38915615446178464,50.0,27.0,1971.0534531378992,13.415468891476955,734.5168412224921,1.4577797394478353,79.81560525980896,4.674456675978148,255.93344368695097,1.2361532082812183,67.68122360528301,0.971715737208727,53.202879424825014,1.146192770847752,62.75575608169884,1.6239522124873578,88.91379489317049,3.05050446349079,167.01964879378045,5.114719486090817,280.0384862469724,10.103663827420784,553.1905965661728,1.7269986404252322,94.55573982707253,2.362430565445271,129.34658121720614,2.651676295447525,145.18321440960432,1.5350224913112358,84.04476061509311,4.332972716592293,237.2366898719873,13.907399244244912,10.916473877413157,USA,8.95752245393283,3.121139557157939,1.0843145718679328,2.0368249852900053,0.9733610397537679,0.825380775674183,0.6488156027417684,0.7653140985573029,1.024936105062111,50.6,35.4
1610612746,LAC,West,1627739,Kris Dunn,G,32.0,33.0,24.210948071570687,0.23341463414634145,0.5711628054174928,82.0,27.195121951219512,1985.2977418687963,9.450350221010854,521.1599709345036,4.815944098404783,265.58563732026033,4.597377538573615,253.53231238468118,2.1761075118087416,120.00614803493387,0.3841210635332826,21.183185556579623,1.723300264185315,95.03511452913907,1.0143683620349846,55.939533849200124,3.58300917653863,197.59277853548105,3.7051655399211074,204.32935499042927,7.993324507389103,440.8091415151137,0.7312043760197405,40.3238443487937,0.9808807355024473,54.092786367655904,3.343919349427455,184.40765370582503,1.3155266357394064,72.54755720282495,3.6588302437169005,201.77409502034502,12.327092570351791,9.777464465609011,USA,6.3556094016402875,3.091857468105868,0.6821894371853674,2.4096680309205007,3.238849235612931,1.4634896101821204,0.2583315311778003,1.1589648113309643,0.8847263073515238,46.4,36.0
1610612746,LAC,West,1631097,Bennedict Mathurin,G-F,24.0,25.0,26.70804137043224,0.21609756097560978,0.37323219151057463,54.0,30.0,2190.0593923754436,21.271558894092756,1294.054926290979,2.762116019305962,168.03328141421372,6.614084460618757,402.36771652618273,0.9122467232137279,55.496514009387404,0.3551515949445676,21.605641284040818,2.5473830570967437,154.9700052825776,1.409192539676301,85.728204366208,5.204891920942457,316.63951215997486,6.905635037517831,420.1041909509132,15.582058394546918,947.934259431114,5.683377366552085,345.7481661675391,6.686892062181162,406.79696573835145,3.0108571697593907,183.16544510368053,1.7430655200763419,106.03936149358277,5.217838463384406,317.42711485091303,11.15678289168619,14.615476636910168,Canada,15.781157637694866,4.906923372270521,1.0454659069049757,3.861457465365547,2.0491863587099233,0.6767867562120415,0.2634834302931807,1.8898781132021658,1.2931629450436923,44.3,33.4
1610612746,LAC,West,1629636,Darius Garland,G,26.0,27.0,26.58933896434143,0.29024390243902437,0.4634746589940323,45.0,29.866666666666667,2180.325795075997,22.585236270916248,1367.865923037909,7.791357383841284,471.8804856290275,3.0659937738689798,185.6907031308039,1.3161065065452047,79.70947125799628,0.17969296991452166,10.883033819401296,3.236227698744021,196.00085361975061,0.6039347361766226,36.57706899523076,2.4620590376923572,149.11363413557314,8.187445714454547,495.8694190836021,17.71126764099412,1072.6759361431746,3.0854624328880482,186.8698147823265,3.572938393781519,216.39360400497907,2.1491605898335475,130.16306310485635,3.218628881392674,194.93498819102913,8.179192137313478,495.36954444075985,17.93436143781191,17.22865866977297,USA,16.681291744364742,2.2645207698878527,0.4460618170150093,1.8184589528728432,5.754640068646676,0.9720667226584913,0.13271992462684506,2.390254312435983,2.377255953549136,46.2,39.4
1610612746,LAC,West,201572,Brook Lopez,C,38.0,39.0,19.40784339584743,0.2132926829268293,0.8079997267666545,75.0,21.8,1591.4431584594893,13.571459450197285,599.950174786857,1.9154128809028856,84.6741868038355,5.548417180816989,245.27751563028568,0.7546223322847408,33.35940410931373,2.0586106785878964,91.00449667695428,1.1716474534634882,51.79473122058197,1.3277067562826015,58.693606492399624,4.220710424534385,186.58390913788594,5.044535320840855,223.00253399887288,10.720659069997419,473.925542531224,1.3829711403598508,61.13666554646119,1.726908896468778,76.34103746022397,2.7222566345247166,120.34213046070317,2.099417668155724,92.80844124265003,5.745026946424954,253.96899525148345,14.650487897816106,11.418733700504912,USA,7.316465546181183,2.991189215003484,0.7157756889317027,2.27541352607178,1.0326120341931158,0.40682200133309426,1.1098109350848082,0.6316430636656338,1.1318102590567076,47.1,36.5
1610612746,LAC,West,1631102,TyTy Washington Jr.,G,24.0,25.0,0.0,0.6660975609756098,0.06848074866310161,16.0,5.5,0.0,9.954818594648211,0.0,5.952595555413839,0.0,3.3125853802551632,0.0,1.8597869729159362,0.0,0.614437803752508,0.0,1.1640692344929482,0.0,0.8021879511206227,0.0,2.51039742913454,0.0,4.137326972477978,0.0,11.323111538167685,0.0,0.38707156139948,0.0,0.77414312279896,0.0,2.0310635586256387,0.0,1.2684627437538647,0.0,4.743573131676862,0.0,9.323609143276201,9.323609143276201,USA,0.0,0.0,0.0,0.0,0.0,0.0,0.0,0.0,0.0,,
1610612746,LAC,West,1642949,Yanic Konan Niederhäuser,C,23.0,24.0,0.0,0.41000000000000003,0.11069624103299856,41.0,10.341463414634147,0.0,15.69056603773585,0.0,1.069811320754717,0.0,10.43066037735849,0.0,0.4457547169811321,0.0,2.6745283018867925,0.0,2.0504716981132076,0.0,3.2985849056603773,0.0,7.132075471698114,0.0,5.70566037735849,0.0,8.915094339622643,0.0,4.190094339622642,0.0,5.527358490566037,0.0,5.883962264150943,0.0,0.08745283018867925,0.0,0.43726415094339627,0.0,14.30872641509434,14.30872641509434,Switzerland,0.0,0.0,0.0,0.0,0.0,0.0,0.0,0.0,0.0,,
1610612746,LAC,West,1641757,Jordan Miller,G,26.0,27.0,19.660086008790397,0.46158536585365856,0.18474725490196076,60.0,22.083333333333332,1612.1270527208126,15.71871364264535,703.9045415911188,3.540381444240866,158.54290842254113,4.95958911187178,222.09688271189123,1.2529154872111399,56.10719310294322,0.31823228159265465,14.250857505682944,1.7941764371290616,80.34556587916674,1.4771501169824506,66.14871290325338,3.4824389948893293,155.94816980863786,5.6342959400143355,252.31113633144864,10.95243413775556,490.4643157394079,3.4732242161917988,155.53551997466218,4.4495187818936595,199.2552666633368,1.7806114622640068,79.73810857501583,1.006204472817629,45.059151422166195,3.1210625899794886,139.7652620705783,12.780837044703102,13.4414711495559,USA,8.584201726720961,2.70849856965721,0.8066916207713827,1.9018069488858276,1.9334501027139162,0.6842340622310149,0.17379094519125543,0.9798239741361798,0.5495018466117829,51.4,32.2
1610612746,LAC,West,1641780,Johni Broome,F,23.0,24.0,0.0,0.7026829268292683,0.050516877828054293,11.0,5.0,0.0,6.872727272727273,0.0,2.749090909090909,0.0,10.996363636363636,0.0,2.061818181818182,0.0,1.3745454545454545,0.0,2.061818181818182,0.0,4.810909090909091,0.0,6.1854545454545455,0.0,2.749090909090909,0.0,16.494545454545456,0.0,1.3745454545454545,0.0,4.123636363636364,0.0,4.810909090909091,0.0,0.0,0.0,3.370909090909091,0.0,1.512,1.512,USA,0.0,0.0,0.0,0.0,0.0,0.0,0.0,0.0,0.0,,
1610612746,LAC,West,1630543,Isaiah Jackson,F,24.0,25.0,0.0,0.4136585365853658,0.19966131907308377,55.0,16.509090909090908,0.0,16.232527206091078,0.0,2.237537182672414,0.0,11.997091363976555,0.0,1.533102467141537,0.0,2.334663242652157,0.0,2.2863099621884126,0.0,4.69135774395999,0.0,7.305733620016565,0.0,6.603834937636198,0.0,10.262552219179728,0.0,3.024857330818684,0.0,4.603777045273456,0.0,6.27135342373173,0.0,0.0,0.0,0.13426664330568613,0.0,15.966720461210318,16.47316868190243,USA,0.0,0.0,0.0,0.0,0.0,0.0,0.0,0.0,0.0,,
1610612746,LAC,West,1642353,Cam Christie,G,20.0,21.0,0.0,0.4484146341463415,0.08085422459893046,55.0,8.727272727272727,0.0,12.347382954884806,0.0,2.5662775078299136,0.0,6.313139252204605,0.0,1.4129971944817832,0.0,0.2678421359395469,0.0,1.7162685084238718,0.0,1.5413915556591267,0.0,4.771747696545478,0.0,4.236063424666384,0.0,11.371907753080382,0.0,2.89685274496865,0.0,3.8752561055520354,0.0,1.5878741472465279,0.0,0.9691731402005235,0.0,4.180003359252194,0.0,9.246072729084693,9.246072729084693,USA,0.0,0.0,0.0,0.0,0.0,0.0,0.0,0.0,0.0,,
1610612746,LAC,West,1629060,Rui Hachimura,F,28.0,29.0,25.228625353344572,0.25402439024390244,0.5219447671533644,68.0,28.33823529411765,2068.747278974255,15.13845183402225,869.9341955421208,1.309904806675199,75.27394457012822,4.8949518311681945,281.28939670664585,0.7744594882823361,44.504471084996574,0.4380831523688891,25.174536928544537,0.8439605643505782,48.498364473939866,1.0538413736110033,60.55920761467373,3.8411104575571904,220.73018909197202,5.8870964891708155,338.30319008419485,11.374621239708196,653.6449094169194,1.334570220661432,76.69134757203913,1.8186704280084236,104.51026386926029,2.002648314336375,115.08259030627094,2.0812035749942956,119.59678424335948,4.840242206892665,278.1454970857095,12.094530415704465,11.580468747278967,Japan,10.608953604172205,3.4303584964225102,0.7385269221301675,2.6918315742923418,0.9179749337820515,0.5427374522560557,0.3070065479090797,0.5914434691943886,1.458497368821457,51.8,43.0
1610612746,LAC,West,201587,Nicolas Batum,G-F,37.0,38.0,0.0,0.27,0.7380065423271034,74.0,17.5,0.0,7.557899765720679,0.0,2.0538304101956415,0.0,5.1402883887954065,0.0,1.2099938691319212,0.0,0.7440572194981232,0.0,0.9097927441258262,0.0,0.9844324372230511,0.0,4.155855951572356,0.0,2.5416769369742003,0.0,5.994745386897811,0.0,0.31425949970925454,0.0,0.3987688950985834,0.0,2.610643973202979,0.0,2.206249932319684,0.0,5.369082243452842,0.0,9.24824309933858,7.494769379564542,France,0.0,0.0,0.0,0.0,0.0,0.0,0.0,0.0,0.0,,
1610612747,LAL,West,1641751,Arthur Kaluma,F,,,0.0,0.0,0.0,,,,,,,,,,,,,,,,,,,,,,,,,,,,,,,,,,0.0,,Uganda,,,,,,,,,,,
1610612747,LAL,West,1642876,Adou Thiero,G,22.0,23.0,0.0,0.5660975609756097,0.0625985009487666,25.0,5.96,0.0,11.696375838926174,0.0,2.4885906040268457,0.0,6.968053691275168,0.0,1.742013422818792,0.0,0.4977181208053691,0.0,2.239731543624161,0.0,2.239731543624161,0.0,4.7283221476510064,0.0,3.9817449664429527,0.0,7.714630872483222,0.0,3.484026845637584,0.0,5.474899328859061,0.0,4.7283221476510064,0.0,0.2536912751677852,0.0,0.7610738255033557,0.0,9.780161073825502,9.780161073825502,USA,0.0,0.0,0.0,0.0,0.0,0.0,0.0,0.0,0.0,,
1610612747,LAL,West,1629020,Jarred Vanderbilt,F,27.0,28.0,16.382679308692403,0.4120731707317073,0.33981753737180165,65.0,17.353846153846153,1343.379703312777,9.187610582377403,342.8458216196524,2.5908611213174453,96.68084012444551,9.6319577571905,359.4271265048827,1.9065939491353794,71.14665593687283,0.5695418631402279,21.253082753597933,1.782294285679512,66.50827690867224,2.9038391190350357,108.35995928325896,6.728118638155464,251.0671672216237,3.6234658515905194,135.21362446315698,7.545491453533302,281.56833528324063,1.1506880395475956,42.939193254805836,1.940618858774939,72.41633296511826,3.4082495372662334,127.18259033857284,0.7978907480452572,29.774173232917985,2.7381829425663184,102.17831636113466,10.37884022791779,10.06358549029027,USA,4.181046605117712,4.383257640303448,1.3214629180885238,3.061794722214923,1.1790346356639696,0.8676421455716199,0.25918393601948697,0.8110765476667346,0.36309967357217054,48.0,29.1
1610612747,LAL,West,1629680,Matisse Thybulle,G-F,29.0,30.0,15.104597944184485,0.5776829268292683,0.26937353739685915,30.0,16.0,1238.577031423128,10.505549935531674,361.44257923939597,2.1924387243210615,75.43067352074138,3.976124917010746,136.79824989663055,3.4277982869642885,117.9331174051531,1.1218010483924976,38.59547256570367,1.4205143849551776,48.872680278100944,1.0292977675846284,35.41290481737283,2.9468271494261162,101.3853450792577,3.6686828481818394,126.22073087038912,8.60103952174142,295.9180554997635,0.9314966076269007,32.04806397375669,1.253932149765214,43.14143221283944,2.4208381492672895,83.28873690209274,2.3531817790171936,80.96102506261418,6.169075782191563,212.2465435814205,9.617412037233706,10.786794258068852,USA,4.407836332187756,1.6682713402028115,0.43186469289479057,1.2364066473080209,0.9198862624480656,1.4382087488433304,0.4706764947037033,0.5960082960744018,0.9873295739343193,42.7,38.1
1610612747,LAL,West,1642261,Dalton Knecht,F,25.0,26.0,0.0,0.20317073170731706,0.1513598654037886,54.0,10.24074074074074,0.0,17.01960506536873,0.0,1.5831128500974048,0.0,5.339787054063348,0.0,0.660772281028885,0.0,0.40577959998637186,0.0,1.1715355719742344,0.0,0.9438492687755037,0.0,4.395937785287845,0.0,6.2967875368330954,0.0,13.708942032232216,0.0,1.424746374301129,0.0,1.8952780944034242,0.0,2.62057647455326,0.0,2.9441163104032895,0.0,8.070026010748458,0.0,7.585281957492065,11.566554627519695,USA,0.0,0.0,0.0,0.0,0.0,0.0,0.0,0.0,0.0,,
1610612747,LAL,West,1629656,Quentin Grimes,G,26.0,27.0,27.76728588739248,0.17682926829268292,0.5123673764115769,75.0,29.413333333333334,2276.9174427661833,17.034761684798347,1077.4096114856227,3.838723258674481,242.7904429341158,4.7938896982513794,303.20252979571336,1.1549555242396135,73.04828829889826,0.41406437472881735,26.18862214578104,2.160772877945741,136.66392932363175,0.8267026027774733,52.28704378456201,3.9671870954739057,250.9154860111513,5.847005995758085,369.8097205472234,13.020359187856858,823.5078596086727,2.917809492575084,184.5447591198043,3.6146713831512094,228.6196756156876,2.5203393084761347,159.405681476627,2.4956284067283088,157.84277360951293,7.074722094049033,447.4599482962095,12.348115595516678,12.712414112243458,USA,13.139141603483203,3.6975918267769923,0.6376468754214879,3.0599449513555035,2.960859060172144,0.8908327841329056,0.3193734408022078,1.6666332844345335,1.9249118732867432,44.9,35.3
1610612747,LAL,West,1630702,Jaden Hardy,G,23.0,24.0,0.0,0.21487804878048783,0.1936545282002961,57.0,15.75438596491228,0.0,21.231951401004128,0.0,3.0917031098720265,0.0,3.9397376019386066,0.0,0.8601998362564351,0.0,0.21798980257000017,0.0,2.8070243886862385,0.0,0.5807804499238961,0.0,3.358957152014711,0.0,7.568260483907332,0.0,17.863880444854985,0.0,2.3593653850686964,0.0,3.234910251737439,0.0,3.6025287191324677,0.0,3.6649019043470368,0.0,9.459833411510393,0.0,8.00164535558349,11.747503795678842,USA,0.0,0.0,0.0,0.0,0.0,0.0,0.0,0.0,0.0,,
1610612747,LAL,West,1642355,Bronny James,G,21.0,22.0,0.0,0.4627439024390244,0.08514508451656524,42.0,8.928571428571429,0.0,12.212136891319817,0.0,4.917922696588408,0.0,2.60376552897634,0.0,1.870567841571517,0.0,0.44659836765346445,0.0,2.516582116405767,0.0,0.570189597889804,0.0,2.0335759310865367,0.0,4.566857435518729,0.0,11.92019691916816,0.0,0.9803801478775022,0.0,1.199504484697628,0.0,2.7440561472391063,0.0,2.1387805495389305,0.0,5.96413893760458,0.0,8.62782579646979,8.62782579646979,USA,0.0,0.0,0.0,0.0,0.0,0.0,0.0,0.0,0.0,,
1610612747,LAL,West,1629012,Collin Sexton,G,27.0,28.0,22.393121768354387,0.1974390243902439,0.48629508454589504,68.0,23.720588235294116,1836.2359850050598,23.960471051878113,1222.1410878647396,5.4986665424128915,280.46803818671947,3.4952086556300848,178.27855301580888,1.322728303250148,67.46781413368353,0.21254071120557474,10.84096950539568,3.121350561587834,159.20933952787036,1.0866633040161975,55.42695173386209,2.408545351613887,122.85160128194677,8.358876237896414,426.3574817285864,17.270020551706484,880.8842555227884,4.885076596250988,249.17092876505828,5.6881318036161925,290.13200847921627,3.0050927921007937,153.27943119818906,2.381218399632635,121.45774759893344,5.937291172163354,302.8407695494228,15.557692838232311,17.374198698546483,USA,14.90415960810658,2.1741286953147423,0.675938435778806,1.4981902595359362,3.420341929106335,0.8227782211424821,0.1322069451877522,1.9415773113154922,1.4811920438894322,48.4,40.1
1610612747,LAL,West,1630533,Ziaire Williams,F,24.0,25.0,21.594854873326256,0.25451219512195117,0.29590172955456695,56.0,22.875,1770.778099612753,16.146451889839312,794.2162053605111,2.0247481611753693,99.59388058445936,5.480932670649228,269.59765385104697,1.8354956631126715,90.2848756159474,0.5990009511801588,29.46382683325092,1.807898985681342,88.92744250435085,1.1681481314812345,57.45919800918136,4.312784539167993,212.13845584186558,5.368930080388507,264.0884390195585,12.92197421289168,635.6096927763703,2.940767476599128,144.65129565597763,3.508657080659643,172.5848088189809,3.4568248885783235,170.03527241363307,2.420818076225777,119.0758786813134,7.1864905476384955,353.49111318978635,6.304687934754118,11.614516285782464,USA,9.685563480006234,3.2877762664761825,0.700721926941236,2.587054339534946,1.214559519322675,1.1010350684871635,0.3593149613811088,1.08448100615062,1.4521448619672366,41.5,33.7
1610612747,LAL,West,1631222,Jake LaRavia,F,24.0,25.0,23.727573447381268,0.17341463414634148,0.4335782734912146,82.0,25.134146341463413,1945.661022685264,13.021627053777094,703.768672513279,3.130435954174398,169.1879783347133,6.317670614015652,341.4457074403981,1.8084756932826052,97.74112963593544,0.6698590572649954,36.20329606703327,1.8607604533689548,100.56691907428156,2.2574126877202776,122.00444107257016,4.060257926295374,219.44126636782795,4.535305559775219,245.11575704506717,10.010127701795966,541.0087583746231,2.35005161924386,127.01121769058804,3.1322034158775582,169.2835028165169,3.5865894637495432,193.84131455530914,1.57046975660217,84.87782757574598,4.526288626338894,244.6284266025336,10.183546162037594,11.48735138949074,USA,8.582544786747304,4.163972041956074,1.4878590374703677,2.676113004485707,2.0632680284721134,1.1919649955601883,0.44150361057357645,1.2264258423692873,1.0350954582408047,45.3,34.7
1610612747,LAL,West,1631117,Walker Kessler,C,24.0,25.0,25.987616527354483,0.4557317073170732,0.35461783088235294,5.0,30.8,2130.9845552430675,13.977804444989776,827.402371902253,2.0497181783502634,121.33104946292684,14.160256140000678,838.2024203507573,0.8530630358478818,50.49622650112776,3.2217400351293413,190.7077293296912,1.9769243797157137,117.02209222382409,5.252649045400268,310.9253886072282,8.90760709460041,527.277031743529,5.990296412445624,354.58969822915503,9.023179363160327,534.1182183911843,1.7640236784633156,104.41964483023301,3.1317152669497905,185.37880181358122,3.205936123813733,189.77223235952476,0.228746266556448,13.540410030591792,0.7437378667792196,44.024830757109534,17.013353310529688,17.143542236563913,USA,10.090272828076255,10.221980735984845,3.7917730317954654,6.430207704189379,1.4796469446698395,0.6158076402576556,2.3257040162157465,1.4270986856563914,0.16512695159258284,66.4,30.8
1610612747,LAL,West,1630559,Austin Reaves,G,28.0,29.0,32.615565658888556,0.24975609756097558,0.4610999864773495,51.0,34.549019607843135,2674.4763840288615,21.155964491264662,1571.697983701125,5.817643417099656,432.1986091592777,4.717704916116028,350.4830662491438,1.0707715612678126,79.54870148056884,0.3518929187154523,26.142480578096247,2.6649339378555434,197.9806356053247,0.7559285492883955,56.158695919028084,3.961776366827634,294.32437033011587,6.871028032339055,510.455616846975,14.37385684084841,1067.8483518961325,4.9615544535017095,368.59889483232075,5.70280761578861,423.6673414190715,2.136754991865147,158.74168789441995,2.5145964597113624,186.81191241279504,6.8338918620480955,507.6967332237404,17.012840106621944,17.133668606978592,USA,19.167048581721037,4.274183734745656,0.684862145354001,3.589321589391657,5.27071474584485,0.9701061156166931,0.3188107387572713,2.4143979951868864,2.2781940538145737,47.8,36.8
1610612747,LAL,West,1643024,Chris Mañon,G,24.0,25.0,0.0,0.7221951219512195,0.053074379084967316,9.0,5.111111111111111,0.0,5.752173913043479,0.0,2.4652173913043476,0.0,8.217391304347826,0.0,4.108695652173913,0.0,1.643478260869565,0.0,0.8217391304347825,0.0,1.643478260869565,0.0,6.57391304347826,0.0,1.643478260869565,0.0,4.930434782608695,0.0,2.4652173913043476,0.0,3.28695652173913,0.0,4.930434782608695,0.0,0.0,0.0,2.4182608695652172,0.0,9.94304347826087,9.94304347826087,USA,0.0,0.0,0.0,0.0,0.0,0.0,0.0,0.0,0.0,,
1610612747,LAL,West,1643758,AK Okereke,F,,,0.0,0.0,0.0,,,,,,,,,,,,,,,,,,,,,,,,,,,,,,,,,,0.0,,USA,,,,,,,,,,,
1610612747,LAL,West,1643418,Cameron Carr,G,,,0.0,0.0,0.0,,,,,,,,,,,,,,,,,,,,,,,,,,,,,,,,,,0.0,,USA,,,,,,,,,,,
1610612747,LAL,West,1630572,Sandro Mamukelashvili,F-C,27.0,28.0,20.66261796895862,0.23036585365853657,0.30108380829166076,80.0,21.8875,1694.334673454607,18.47987727062205,869.752689466684,3.062598127515434,144.1407277307376,8.716056645295009,410.21991638660484,1.2305877199514892,57.917428962257105,0.8618016796141822,40.56056853921464,1.3875001242169107,65.3024880523135,2.516749955135786,118.45046426116357,6.199306690159224,291.7694521254414,6.833709672455533,321.6275346212093,13.269748289933014,624.5387398791245,2.365572413376937,111.33531562645108,3.17471707596549,149.41758945046539,3.032131778931844,142.7068335424395,2.471354367457393,116.31392764379274,6.5171359217365605,306.72803788374455,16.392287878866682,16.599711196411125,Georgia,10.606740115447366,5.002681907153717,1.4445178568434582,3.5581640503102605,1.7578137528138733,0.7063101092958184,0.49464107974652005,0.7963718055160184,1.4184625322413749,51.5,37.9
1610612747,LAL,West,1626172,Kevon Looney,F,30.0,31.0,0.0,0.4281707317073171,0.2754517940935588,21.0,14.666666666666666,0.0,9.398323734917154,0.0,3.7090214042738823,0.0,13.244345951470503,0.0,1.1300885498143283,0.0,1.0317256055963953,0.0,1.2295608099935105,0.0,5.094314939329387,0.0,8.150031012141115,0.0,3.9192035160476286,0.0,7.541486607368268,0.0,1.4848708668304105,0.0,2.4241926131273366,0.0,4.432086776386595,0.0,0.07817274582446408,0.0,0.3967879192901941,0.0,16.48466762385589,12.76848151500793,USA,0.0,0.0,0.0,0.0,0.0,0.0,0.0,0.0,0.0,,
1610612747,LAL,West,1629029,Luka Dončić,F-G,27.0,28.0,33.76408661546708,0.2736585365853658,0.55156,64.0,35.765625,2768.6551024683004,32.15910402008501,2473.262984333811,8.451911672151809,650.0118993531803,8.175734431790666,628.7719125278611,1.622766585496765,124.80224964029665,0.5046737738161208,38.812989415498215,3.8851109205584624,298.7925603849862,0.7258144583950261,55.820275102240416,7.4499199733956365,572.9516374256203,10.549392968241598,811.3230741518142,22.340818166018146,1718.1672280184066,7.18708277222776,552.7375941441779,9.193865290609384,707.0733902292187,2.3610418036159064,181.58084546450385,3.9119676644877877,300.85803430486425,10.5713495850384,813.0116935720198,27.749405535068675,25.743470352380996,Slovenia,30.16174371138794,7.667950152778794,0.6807350622224441,6.9872150905563455,7.926974382355858,1.5219786541499591,0.47332913921339287,3.6438117120120266,3.669000418352003,47.2,37.0
1610612748,MIA,East,1631323,Simone Fontecchio,F,30.0,31.0,16.243927324563558,0.24158536585365853,0.42584623135779576,70.0,16.757142857142856,1332.0020406142116,15.292939953275795,565.8396451320546,2.415239387318869,89.36399423557089,5.892058406468968,218.00649502318848,0.9817320918654625,36.324143047257074,0.3408267207055413,12.610607985434196,1.4595739265090555,54.004318014926646,1.5146733562918355,56.04300004013061,4.377385050177132,161.96349498305787,5.154781566469406,190.72721015160477,12.252702159743817,453.350674439359,2.010524249324472,74.38951118901535,2.403025694139045,88.91208689559973,2.753191981736555,101.86825938543824,3.0967214281380313,114.57886837482259,8.341807796859753,308.64736132857587,12.187948461305961,11.344575002853354,Italy,6.9004834772201775,2.6586157929657133,0.6834512200015928,1.9751645729641203,1.0898048077508644,0.44297735423484236,0.15378790226139263,0.6585892440844713,1.39730327286369,42.1,37.1
1610612748,MIA,East,1630558,Davion Mitchell,G,27.0,28.0,27.69638077504443,0.16999999999999998,0.5556062851275555,70.0,28.571428571428573,2271.1032235536436,11.388045105749748,718.4284986011819,7.123239616359637,449.37812374609416,3.1882041339399243,201.1316857205004,1.16421393624524,73.44583398646223,0.2158715278290479,13.618514520166688,1.9939303236292651,125.78948848710512,0.597005426565906,37.66280413202354,2.591198707374018,163.46888158847685,4.453360821168839,280.9456143501125,9.315795056985717,587.6981162190377,0.8767034832584542,55.30789185913842,1.3045821475889676,82.30113113277332,3.2111851501025668,202.58147071737585,1.6206661799551552,102.24167182223673,4.147426203536232,261.64536167505514,10.514953017509956,10.695632192910441,USA,8.76132315367295,2.4528254356158588,0.4593024894149212,1.9935229462009372,5.480221021293831,0.8956809022739297,0.16607944536788644,1.5340181522817697,1.2468496563687406,47.8,39.1
1610612748,MIA,East,1631211,Trevor Keels,G,22.0,23.0,0.0,0.7527845528455285,0.02224797385620915,8.0,1.875,0.0,18.299530329068155,0.0,0.0,0.0,6.0319250206866215,0.0,1.8503285596076446,0.0,0.0,0.0,0.0,0.0,0.0,0.0,6.0319250206866215,0.0,6.7166196295586005,0.0,26.866478518234402,0.0,0.0,0.0,0.0,0.0,0.0,0.0,4.960782158687867,0.0,21.729385904254407,0.0,5.839549283941148,5.839549283941148,USA,0.0,0.0,0.0,0.0,0.0,0.0,0.0,0.0,0.0,,
1610612748,MIA,East,1643553,Ryan Conwell,G,,,0.0,0.0,0.0,,,,,,,,,,,,,,,,,,,,,,,,,,,,,,,,,,0.0,,USA,,,,,,,,,,,
1610612748,MIA,East,1631107,Nikola Jović,F,23.0,24.0,16.66497124081397,0.3569512195121951,0.2358652776755258,47.0,17.19148936170213,1366.5276417467455,15.882607002071783,602.8894858703195,4.400607582094917,167.04310837258376,6.845199467186325,259.83761903278355,1.1960483147299978,45.40091897064314,0.6143187783708038,23.318988652438783,2.3870180888921686,90.60906110612883,1.025021775366317,38.908905261955425,5.820177691820007,220.92871377082807,5.469819207187752,207.62942061053698,13.247498640409232,502.86314100337904,2.5466225328482994,96.66750233978641,3.4858282185348877,132.318905972465,2.9811112915456075,113.16030508390038,2.3507013680889717,89.23051102737419,7.1340672512323735,270.80278046914617,13.340851095370741,12.012206074233802,Serbia,7.35231080329658,3.1687514516193116,0.47449884465799297,2.6942526069613177,2.037111077714436,0.5536697435444285,0.2843779103955949,1.1049885500747418,1.0881769637484657,41.3,33.0
1610612748,MIA,East,203507,Giannis Antetokounmpo,F,31.0,32.0,27.977191302346966,0.4140243902439025,0.6429212418300654,36.0,28.86111111111111,2294.129686792451,31.179802360731347,1986.9586173354203,6.494624674780497,413.87531308301965,11.736214541044287,747.8999496993039,1.03751945715202,66.11678297992327,1.0318354046741731,65.75456204851452,3.396897308499161,216.47008217814724,2.6503599413780217,168.89637283891167,9.085854599666268,579.0035768603925,11.896812067028234,758.1341594766704,19.475826222659045,1241.1130864503612,7.017713173688769,447.209559032052,10.988265145094829,700.236257658578,2.636491163388408,168.01257352486982,0.3838177635271984,24.459103489611962,1.3773460414630088,87.77251229739875,31.489363500471043,27.152784120899145,Greece,24.231202650431953,9.12073109389395,2.059711863889167,7.061019230004787,5.047259915646581,0.8063022314624789,0.8018849030306648,2.6398790509530152,0.2982817498733166,61.1,27.9
1610612748,MIA,East,1641796,Pelle Larsson,G,25.0,26.0,25.60530402652858,0.2095731707317073,0.3444769619883361,70.0,26.414285714285715,2099.6349301753435,15.466556593752928,902.0589576049287,4.47065373137067,260.7427981973499,4.874363140108642,284.2884197592021,1.116402344383326,65.11214884435762,0.32946615877358343,19.215518201991987,1.8744642911400786,109.3247416956687,1.3985776726704102,81.56951483617031,3.475785467438231,202.71890492303177,5.37656157159783,313.57823555459015,11.088066318379374,646.6914263936126,3.387177208476142,197.5509883780644,4.349263871777373,253.66295404815077,3.314503613143665,193.31243228746732,1.3009942184224368,75.87813624877552,3.9880179245764498,232.59393712794702,12.95201673898005,12.76866067639352,Sweden,11.000718995182057,3.4669319482829524,0.9947501809289062,2.472181767354046,3.179790221918901,0.7940505956628978,0.23433558782917058,1.3332285572642526,0.9253431249850673,48.5,32.6
1610612748,MIA,East,203501,Tim Hardaway Jr.,G-F,34.0,35.0,25.77321333497728,0.2010975609756098,0.7247686540553825,80.0,26.5875,2113.403493468137,16.741497023747353,982.8205082187243,1.9531673398762486,114.661963317287,3.425752632443465,201.1110439212135,0.6704572730139078,39.35963175024204,0.1362794731181121,8.000375404883755,0.8166689706890362,47.9430848794788,0.300871418950815,17.66285299709355,3.1248812134926505,183.44819092411998,5.498264844198995,322.7792258262,12.943064923386997,759.831072924194,2.388316680737913,140.20768934943695,2.8765159477583326,168.86774591692415,1.6438955637147932,96.50596186810046,3.3738642477120213,198.06490243338428,8.768235295732541,514.744975154216,10.700621517012769,11.492295011496253,USA,11.985615953886882,2.4525737063562625,0.21540064630601893,2.2371730600502437,1.3983166258205733,0.4799955091492931,0.09756555371809457,0.5846717668229122,2.4154256394315157,42.5,38.5
1610612748,MIA,East,1630696,Dru Smith,G,28.0,29.0,15.800785232162848,0.5265853658536586,0.2784380683517855,70.0,16.3,1295.6643890373537,12.115404112453433,436.04160186951725,5.208920555785212,187.47257970709887,5.239893299425278,188.58730973391044,3.041346810975303,109.46013215813943,0.6762343721934592,24.338133185947132,1.7626558478504633,63.43917811634137,1.8732436366663536,67.41930755609505,3.366649662758924,121.1680021778154,4.178737580612439,150.39559650921237,9.804203181711445,352.8599145952844,2.4336681777455276,87.58936646217524,2.95157572447499,106.22920993748257,3.4543263914790696,124.32354704309265,1.3578714530130545,48.87071351553952,4.128970948191553,148.60446169282196,12.985924094568222,13.054628199421021,USA,5.317580510603869,2.2998452406574446,0.8221866775133543,1.4776585631440902,2.286250972037791,1.334879660465115,0.29680650226764793,0.7736485136139191,0.5959843111651161,42.6,32.9
1610612748,MIA,East,1628389,Bam Adebayo,C-F,28.0,29.0,31.405039981565796,0.1674390243902439,0.7587961020806803,73.0,32.397260273972606,2575.213278488395,20.52376584572601,1468.1409536250064,3.9268503821172316,280.902145740709,10.594298444390063,757.8493897295066,1.273600702456538,91.10537334606178,0.7687726565319578,54.99315425666378,2.0229194021685784,144.70691404934246,2.3268635053552598,166.44916100613662,8.267434939034803,591.40022872337,7.4803397534650315,535.0963961313266,15.928719227698592,1139.4402573467453,4.269387435276297,305.40508928708425,5.545301483424594,396.6759448149003,2.033110768810181,145.43594023549244,1.3265339010709103,94.89188101118944,4.035721639264627,288.6901098254783,20.624384577648915,17.688840723741134,USA,17.904157971036664,9.242065728408617,2.0298678171480073,7.21219791126061,3.425635923667183,1.111041138366607,0.6706482226422412,1.7647184640163713,1.1572180611120664,47.0,32.9
1610612748,MIA,East,1642066,Myron Gardner,F,25.0,26.0,0.0,0.3909756097560976,0.09812960784313725,45.0,9.133333333333333,0.0,14.991240875912409,0.0,4.046715328467153,0.0,11.22043795620438,0.0,1.8394160583941608,0.0,0.7357664233576643,0.0,1.5635036496350365,0.0,3.586861313868613,0.0,7.633576642335767,0.0,5.426277372262773,0.0,11.31240875912409,0.0,1.7474452554744526,0.0,2.391240875912409,0.0,7.173722627737226,0.0,2.345693430656935,0.0,5.7740145985401465,0.0,14.540583941605833,14.540583941605833,USA,0.0,0.0,0.0,0.0,0.0,0.0,0.0,0.0,0.0,,
1610612748,MIA,East,1642352,Keshad Johnson,F,25.0,26.0,0.0,0.5844715447154472,0.08411599128540305,32.0,8.75,0.0,18.039467501388454,0.0,1.1636171735508374,0.0,8.808990161141896,0.0,2.007579755510242,0.0,1.1636171735508374,0.0,1.716675462122533,0.0,3.2939889683270036,0.0,5.515001192814893,0.0,6.895452146693855,0.0,13.315317829226077,0.0,2.601568723837245,0.0,3.8348668753471142,0.0,3.8636171735508382,0.0,1.6156231606556255,0.0,5.252685884474725,0.0,15.318420721615711,15.318420721615711,USA,0.0,0.0,0.0,0.0,0.0,0.0,0.0,0.0,0.0,,
1610612748,MIA,East,1642443,Jahmir Young,G,25.0,26.0,0.0,0.7267479674796749,0.046468235294117644,14.0,4.142857142857143,0.0,15.695138794096366,0.0,6.281956911254315,0.0,2.8952009385606794,0.0,0.4915550341329558,0.0,0.0,0.0,1.7843253697418195,0.0,1.2927703356088636,0.0,1.6024306029518158,0.0,6.154191410701367,0.0,13.837177190038656,0.0,1.6024306029518158,0.0,1.6024306029518158,0.0,4.060205773616595,0.0,1.7503382198419752,0.0,4.9472526829895065,0.0,11.336976933984124,11.336976933984124,USA,0.0,0.0,0.0,0.0,0.0,0.0,0.0,0.0,0.0,,
1610612748,MIA,East,203952,Andrew Wiggins,F,31.0,32.0,29.409076086207108,0.3036585365853659,0.690823546081679,68.0,30.33823529411765,2411.5442390689827,18.1824719478037,1217.995429937761,2.850926070583756,190.97595393132858,5.427220492513545,363.55506424661576,1.131367078770964,75.78727114117841,1.0125943950783098,67.83100499901776,1.7334205166806447,116.11722946903299,1.8551224830809288,124.26972046781002,3.572098009432615,239.28534377880567,6.6508522333191245,445.5228996711059,14.387181708742167,963.7590323932171,2.6607196780721365,178.2345336508983,3.4592135495171514,231.7235140846515,2.4104347031020654,161.46860894215945,2.312549794888867,154.91155931734457,5.8988556782871635,395.1486507797991,14.112030995534907,13.9608402442332,Canada,14.853602804119037,4.433598344470924,1.5154843959489026,2.9181139485220204,2.3289750479430316,0.9242350139168098,0.827207378036802,1.4160637740125974,1.8891653575285923,46.2,39.2
1610612748,MIA,East,1643621,Tre Donaldson,G,,,0.0,0.0,0.0,,,,,,,,,,,,,,,,,,,,,,,,,,,,,,,,,,0.0,,USA,,,,,,,,,,,
1610612748,MIA,East,1642884,Vladislav Goldin,C,25.0,26.0,0.0,0.7421951219512195,0.02769098039215686,9.0,2.6666666666666665,0.0,11.025,0.0,4.7250000000000005,0.0,14.175,0.0,0.0,0.0,4.7250000000000005,0.0,4.7250000000000005,0.0,4.7250000000000005,0.0,9.450000000000001,0.0,4.7250000000000005,0.0,6.300000000000001,0.0,1.5750000000000002,0.0,1.5750000000000002,0.0,7.875,0.0,0.0,0.0,0.0,0.0,13.387500000000003,13.387500000000003,Russia,0.0,0.0,0.0,0.0,0.0,0.0,0.0,0.0,0.0,,
1610612748,MIA,East,1626171,Bobby Portis Jr.,F,31.0,32.0,23.424110695789444,0.31463414634146347,0.5206930011764155,67.0,24.16417910447761,1920.7770770547345,19.35433526368391,1032.648986558782,2.287638277616571,122.05675456219123,10.021681495763094,534.7060025168154,0.9725098192008585,51.888182442545926,0.45228046801436594,24.131387648932808,1.4908395474687797,79.5436230095746,2.182440676536044,116.44394509784054,7.839240819227048,418.26205741897473,7.835769068297578,418.07682243001454,16.084939520032385,858.2106421080553,1.3536362657939807,72.22315305575133,1.7627727216383413,94.05259543834201,2.637960760143585,140.74818217371336,2.4262092305153837,129.45019650312653,5.690586012704093,303.62075467250895,13.086531291193655,15.289440453602177,USA,12.593280323887587,6.520804908741651,1.4200481109492749,5.100756797792375,1.4884970068559906,0.6327827127139747,0.2942852152308879,0.9700441830435927,1.5786609329649577,48.7,42.6
1610612749,MIL,East,1641831,Malique Lewis,F,,,0.0,0.0,0.0,,,,,,,,,,,,,,,,,,,,,,,,,,,,,,,,,,0.0,,Trinidad and Tobago,,,,,,,,,,,
1610612749,MIL,East,1643417,Nate Ament,F,,,0.0,0.0,0.0,,,,,,,,,,,,,,,,,,,,,,,,,,,,,,,,,,0.0,,USA,,,,,,,,,,,
1610612749,MIL,East,1643415,Brayden Burries,G,,,0.0,0.0,0.0,,,,,,,,,,,,,,,,,,,,,,,,,,,,,,,,,,0.0,,USA,,,,,,,,,,,
1610612749,MIL,East,1630579,Jericho Sims,C,27.0,28.0,0.0,0.3126829268292683,0.29638265366438027,67.0,19.671641791044777,0.0,7.989509908546931,0.0,2.4899377343613494,0.0,10.211118037542676,0.0,0.5263122678112006,0.0,0.6748287150687274,0.0,1.88789323837493,0.0,3.9546016064724183,0.0,6.256516431070255,0.0,3.482855590884557,0.0,4.649646766474955,0.0,1.0237987267778172,0.0,1.639760564752968,0.0,3.7855660685580754,0.0,0.0,0.0,0.0,0.0,9.093051266281119,9.866219843644085,USA,0.0,0.0,0.0,0.0,0.0,0.0,0.0,0.0,0.0,,
1610612749,MIL,East,1626167,Myles Turner,C-F,30.0,31.0,23.5005753087505,0.21963414634146344,0.7055201996460501,71.0,26.929577464788732,1927.047175317541,17.44771156590098,933.960091356241,1.7897969112956011,95.80619673067355,7.460474844902116,399.3524160110053,0.8375681059899899,44.8342570217798,2.2128119013257255,118.44980344329934,1.7151374836732538,91.80974564427163,1.486151789431833,79.55235021993674,5.9743230554702835,319.8000657910686,6.049188207828955,323.8075291350268,12.77573950679588,683.8736869212142,2.897044931226838,155.07617365246327,3.8111853921015943,204.00927901280144,3.302894196718694,176.80091478220714,2.554468978141909,136.73839524346252,6.671275083275621,357.1072723609049,13.805546572186614,13.994415291633103,USA,11.389757211661475,4.870151414768357,0.970150612438253,3.900000802330105,1.168368252813092,0.5467592319729244,1.4445097980890165,1.119631044442337,1.6675414054080795,47.3,38.3
1610612749,MIL,East,1629018,Gary Trent Jr.,G,27.0,28.0,18.487131849135903,0.193780487804878,0.5726730021421312,65.0,21.184615384615384,1515.944811629144,15.367107064892304,647.1023951325848,1.9391441341689084,81.65654136651237,2.650497461170691,111.61132984716465,1.1773642458159137,49.578311662285955,0.10163558786734148,4.279831725121508,0.9223812645193198,38.84108589699977,0.3269237892794338,13.766622837674923,2.323573671891257,97.84470700948971,5.404462128442859,227.57962009053202,13.100490952347856,551.6561469168411,1.2693686651815559,53.4525789451831,1.5858988156988074,66.7815300396503,2.1553152543601075,90.75941603534315,3.3217022842532806,139.875481766401,8.595988179761683,361.97343560931034,4.4315812047835,9.979257628459955,USA,7.891492623568107,1.361113778623959,0.1678856443618893,1.1932281342620696,0.9958114800794191,0.6046135568571458,0.05219306981855498,0.47367177923170456,1.7057985581268416,41.3,38.6
1610612749,MIL,East,1629645,Kevin Porter Jr.,G-F,26.0,27.0,28.958792225937856,0.3152439024390244,0.3934680030959752,38.0,33.18421052631579,2374.6209625269043,19.155562993626603,1263.53337315751,6.9098697605888155,455.78671060624896,5.9772107302870525,394.26694159945504,2.0002715322525075,131.9412975342393,0.40752655800599963,26.881141872985644,3.2457413851017898,214.0945981112172,1.0882159821958473,71.78056897441843,4.888994748091204,322.48637262503655,6.949998074824828,458.43364216668516,15.317696764358681,1010.3812176187961,3.6151337206009853,238.46034209102723,4.409976708382922,290.88953155504123,2.7004438562890467,178.12584970197116,1.6896461170772439,111.45191913510587,5.0377588745142114,332.2991063215942,13.715093530685824,15.920216933008613,USA,15.408943575091584,4.8081334341396955,0.8753727923709564,3.9327606417687386,5.558374519588402,1.6090402138321866,0.32781880332909324,2.6109097330636244,1.3591697455500715,45.4,33.5
1610612749,MIL,East,1642880,Kam Jones,G,24.0,25.0,0.0,0.4490243902439025,0.1775431478537361,37.0,16.64864864864865,0.0,9.940909090909091,0.0,7.302272727272727,0.0,3.681818181818182,0.0,1.1045454545454547,0.0,0.0,0.0,2.2090909090909094,0.0,0.9204545454545455,0.0,2.7613636363636362,0.0,4.172727272727273,0.0,10.370454545454546,0.0,0.24545454545454548,0.0,0.49090909090909096,0.0,2.393181818181818,0.0,1.3242857142857143,0.0,4.5146103896103895,0.0,0.6035358951472016,8.775,USA,0.0,0.0,0.0,0.0,0.0,0.0,0.0,0.0,0.0,,
1610612749,MIL,East,1627747,Caris LeVert,G,31.0,32.0,0.0,0.3329268292682927,0.47975162831909357,60.0,19.233333333333334,0.0,15.413691752562134,0.0,5.081421388696665,0.0,4.189876505685452,0.0,1.3778144092555102,0.0,0.8860128653374364,0.0,2.075029876333488,0.0,0.756832115518432,0.0,3.4330443901670193,0.0,5.6057512006571235,0.0,12.87284693862803,0.0,2.2056941845947313,0.0,3.076625612223145,0.0,2.370162998875529,0.0,2.079682465263704,0.0,6.015383158813106,0.0,14.55893415619104,12.388245913842685,USA,0.0,0.0,0.0,0.0,0.0,0.0,0.0,0.0,0.0,,
1610612749,MIL,East,1642276,Kel'el Ware,C,22.0,23.0,19.312025234702702,0.11294715447154474,0.40930139247142705,77.0,22.12987012987013,1583.5860692456215,17.483490837072324,769.0725703158668,1.3377994473938757,58.84779356492867,14.148104527299425,622.3539232128411,1.1919047256969226,52.43010331893529,1.8359863743452316,80.76229015938571,1.3964204815303742,61.42644503779898,4.137233868079674,181.99071996394858,10.010870659219751,440.36320324889243,7.215454543327045,317.3970360579927,13.425422924039587,590.5642421177753,1.4259502864800548,62.72541691962827,1.9711982106967114,86.71005628281132,2.694573239064507,118.53024010957236,1.658216540907853,72.94246149928718,4.40440470076647,193.743164651492,18.85478602704461,17.592407367068585,USA,9.37893378433984,7.589681990400501,2.2193990239505923,5.370282966449908,0.717656019084496,0.6393915038894548,0.9849059775534843,0.7491029882658412,0.8895422134059412,53.7,37.6
1610612749,MIL,East,1629639,Tyler Herro,G,26.0,27.0,27.317146805973245,0.3719512195121951,0.4771777377024311,33.0,31.303030303030305,2240.006038089806,23.76091687265895,1478.4610351473889,5.1987739248030795,323.4801383950761,5.41364029104438,336.8496372218241,0.8529053986794081,53.06981230447965,0.2600945808709701,16.183706434039177,2.4555583143333193,152.79070697189616,0.47436237656653873,29.51596077087992,4.939277914477842,307.33367645094415,8.55033990619082,532.0225838218795,18.225980574893246,1134.0640704963441,3.455242713894474,214.99345950526194,3.8965136218508603,242.4503900123641,1.5295402537681124,95.17165010949962,3.301144176774323,205.40508023831907,8.700821626551285,541.3859161060346,16.060711836826247,17.666934044278058,USA,18.030012623748647,4.107922405144196,0.3599507411082917,3.747971664035904,3.9448797365253183,0.6471928329814591,0.19736227358584363,1.863301304535319,2.5049400029063302,46.9,37.9
1610612749,MIL,East,1631157,Ryan Rollins,G,23.0,24.0,28.0079194803662,0.2917073170731707,0.3615061093211126,74.0,32.0945945945946,2296.6493973900283,19.637972804811838,1252.8205113370243,6.273935416896114,400.25083317995603,5.318407638005721,339.2921582472323,1.8162856662394762,115.87142724602886,0.5548685280588379,35.39829084991728,3.0726443071632605,196.0218526789001,0.87981017344688,56.128208462899806,4.438597464558842,283.16394978433254,7.433327981417121,474.21522858677963,15.668732612483273,999.5995920090331,1.976807222838724,126.11203103024474,2.4845592107609553,158.50448372705534,3.2543496231247553,207.61389169016488,2.7412808644886066,174.88225126401596,6.726783754793097,429.1406626894055,16.213690849188954,15.609601005546752,USA,15.278298918744198,4.137709246917467,0.6844903471085342,3.4532188998089333,4.881107721706781,1.4130661859271811,0.43168647377947905,2.390510398523172,2.1327103812684873,47.4,40.8
1610612749,MIL,East,1628398,Kyle Kuzma,F,30.0,31.0,22.841131295402352,0.26658536585365855,0.6752085973634866,69.0,26.17391304347826,1872.972766222993,18.635567776270786,969.5530813349435,3.492397153803225,181.69902105300372,6.4201730931407015,334.0224821636158,0.7329241147510402,38.13185851768873,0.52237952823196,27.17785083363545,2.5248116001628116,131.35842685969007,1.01656079788449,52.88863026798795,5.403612295256213,281.13385189562797,7.151201632912224,372.05571956149976,15.335736041190975,797.8726654204198,2.544854060927831,132.4011763924949,3.5915224657368108,186.85621576675274,2.371072794207921,123.35985473010253,1.8628233849151101,96.91715189525925,5.630218361151286,292.92349050902806,10.261246282137808,12.745069160104096,USA,11.823818065060287,4.073444904434339,0.6449832959510725,3.4284616084832678,2.215841720158582,0.46502266484986254,0.33143720528823717,1.6019320348742692,1.1819164865275518,46.6,33.1
1610612749,MIL,East,1631260,AJ Green,G,26.0,27.0,25.39687079250696,0.1579268292682927,0.455891363791174,78.0,29.102564102564102,2082.5434049855708,12.642943919770769,731.374429992251,2.3462835367547403,135.7288140470779,3.5204336664723224,203.65155318891965,0.6664343363004006,38.552178664398205,0.14159285627192145,8.190924139504439,1.0617662455902255,61.42150812195039,0.444196632862701,25.69607689680597,3.076237033609621,177.95547629211367,4.143366268052828,239.68722488814151,9.740412370959424,563.4675429161504,0.7445832887587994,43.072972707419574,0.8755178640428468,50.64733204748567,3.0079434830797074,174.0048017571381,3.719976937753501,215.1948177338048,8.853755344312642,512.1758278237235,8.210857281634919,8.806440862890417,USA,8.919200365759158,2.483555526694142,0.31336679142446305,2.170188735269679,1.6552294395985108,0.47014852029753906,0.09988931877444437,0.7490427819750047,2.624327045534205,42.5,42.0
1610612749,MIL,East,1631172,Ousmane Dieng,F,23.0,24.0,0.0,0.37341463414634146,0.18091244275234988,57.0,19.280701754385966,0.0,14.45532169940193,0.0,4.292254608301069,0.0,6.336197584594786,0.0,0.9805440226453654,0.0,0.5899276063393747,0.0,2.3673649292640757,0.0,1.117312886542826,0.0,5.21888469805196,0.0,5.584662329951534,0.0,13.182974458823296,0.0,1.12179339017503,0.0,1.5490589686479284,0.0,2.7113247808208203,0.0,2.1229807226700412,0.0,6.369879020208924,0.0,8.19832133526112,10.584159440113917,France,0.0,0.0,0.0,0.0,0.0,0.0,0.0,0.0,0.0,,
1610612749,MIL,East,1642881,Bogoljub Marković,F,,,0.0,0.0,0.0,,,,,,,,,,,,,,,,,,,,,,,,,,,,,,,,,,0.0,,Serbia,,,,,,,,,,,
1610612749,MIL,East,1631170,Jaime Jaquez Jr.,G,25.0,26.0,24.6790455810324,0.12573170731707312,0.5184720652030165,75.0,28.28,2023.681737644657,18.437181281183857,1036.416307010436,5.281840720670326,296.910127988012,6.6353576244546275,372.99589020416846,1.186873323481194,66.71816304518087,0.37348087788940093,20.99462310956319,2.5460579496534725,143.12252710274257,1.7949579466136851,100.9006560111741,4.840399677840943,272.0952341929944,7.255740883210966,407.86973106765964,14.666104447032897,824.4313258847102,2.866245542811701,161.12135446092879,3.708483267371759,208.46638507058378,2.5155033945015264,141.40495223433007,1.0392738962940289,58.421100120584256,3.2810103812599616,184.4366885993977,15.561603031527032,15.038239032721975,USA,12.63922325622483,4.548730368343517,1.2304958050143184,3.3182345633291996,3.6208552193659997,0.8136361346973278,0.2560319891410145,1.7453966719846654,0.71245244049493,49.5,31.7
1610612749,MIL,East,1642857,Kasparas Jakučionis,G,20.0,21.0,0.0,0.29292682926829267,0.1929960599334073,53.0,17.830188679245282,0.0,13.244952380952384,0.0,5.532190476190476,0.0,5.572571428571429,0.0,1.3325714285714285,0.0,0.2826666666666667,0.0,2.019047619047619,0.0,1.7363809523809524,0.0,3.836190476190476,0.0,4.118857142857143,0.0,9.610666666666667,0.0,2.3420952380952382,0.0,2.665142857142857,0.0,3.9977142857142858,0.0,2.64,0.0,6.24,0.0,12.840277323718635,12.186971428571432,Lithuania,0.0,0.0,0.0,0.0,0.0,0.0,0.0,0.0,0.0,,
1610612749,MIL,East,1630828,Alex Antetokounmpo,F,24.0,25.0,0.0,0.7514634146341463,0.03623941176470588,6.0,3.5,0.0,34.2,0.0,1.8,0.0,10.799999999999999,0.0,0.0,0.0,1.8,0.0,1.8,0.0,3.6,0.0,7.2,0.0,5.3999999999999995,0.0,14.4,0.0,19.8,0.0,27.000000000000004,0.0,1.8,0.0,3.531428571428571,0.0,12.36,0.0,28.080000000000002,28.080000000000002,Greece,0.0,0.0,0.0,0.0,0.0,0.0,0.0,0.0,0.0,,
1610612749,MIL,East,1642504,Cormac Ryan,G,27.0,28.0,21.499361426191914,0.7626829268292682,0.2563196256684492,11.0,24.636363636363637,1762.947636947737,20.85608856088561,1021.3386678996116,2.523985239852398,123.60149484135424,3.719557195571956,182.14957134515365,1.4612546125461254,71.55876017131035,0.3985239852398524,19.51602550126646,2.2583025830258303,110.59081117384328,1.062730627306273,52.0427346700439,2.6568265682656826,130.10683667510975,7.040590405904059,344.7831171890408,13.549815498154981,663.5448670430598,3.188191881918819,156.12820401013167,3.4538745387453877,169.13888767764269,3.5867158671586714,175.64422951139815,3.622583025830258,177.40067180651212,7.916014760147601,387.65331987348947,15.436162361623616,15.436162361623616,USA,12.455349608531849,2.221336235916508,0.6346674959761451,1.5866687399403627,1.5073353029433443,0.8726678069671995,0.23800031099105437,1.3486684289493083,2.1634228269086844,52.0,45.8
1610612749,MIL,East,1631250,Pete Nance,F,26.0,27.0,0.0,0.5902439024390245,0.13744525512660052,47.0,15.680851063829786,0.0,12.039359888951255,0.0,2.3420438958265795,0.0,6.013434295322771,0.0,0.6753059347895441,0.0,0.6581890380510231,0.0,1.2472312188016093,0.0,1.3004175789717265,0.0,4.713016716351043,0.0,4.710703917134641,0.0,9.339769678663128,0.0,0.19969888796707486,0.0,0.5630272004696283,0.0,3.170323626800441,0.0,2.4908007617163466,0.0,5.975981080778222,0.0,7.661412890054704,9.824776994907502,USA,0.0,0.0,0.0,0.0,0.0,0.0,0.0,0.0,0.0,,
1610612749,MIL,East,203648,Thanasis Antetokounmpo,F,33.0,34.0,0.0,0.6309756097560977,0.0640636911838642,34.0,4.352941176470588,0.0,9.369944514623246,0.0,3.3944897999369843,0.0,5.966329118147554,0.0,1.994134188960454,0.0,1.0410505761951117,0.0,2.5281871832847824,0.0,2.3974797392469696,0.0,3.5688493789005857,0.0,3.5396832255201747,0.0,7.413988008001482,0.0,2.290578063582895,0.0,4.287392445046685,0.0,4.4867098148294575,0.0,0.0,0.0,0.841039098501163,0.0,11.160898315971375,8.322332420824173,Greece,0.0,0.0,0.0,0.0,0.0,0.0,0.0,0.0,0.0,,
1610612750,MIN,West,1628978,Donte DiVincenzo,G,29.0,30.0,29.360036973565055,0.17341463414634145,0.6361849233702492,82.0,30.414634146341463,2407.5230318323347,15.210222380186384,1017.1933527663987,4.204667609091875,281.1898363913357,4.648385616288706,310.8637620014778,1.4972200102367805,100.12754606570259,0.4589756051418052,30.694287234113315,1.752086290212725,117.1718915956891,0.8725828339025263,58.35453527227391,3.775802782386179,252.50922672920387,5.236482531304647,350.19311944176724,12.502144565623345,836.0889163621017,1.1124871108230234,74.39828727564,1.477602093636298,98.81558534202959,2.6038361754160624,174.13321009534414,3.8135603216891765,255.03428632635055,9.819538243632032,656.6879023195153,13.631268143008647,12.118966521915421,USA,12.404796984956082,3.7910214878229005,0.7116406740521208,3.0793808137707788,3.429144346235801,1.2210676349475926,0.3743205760257721,1.4289255072645013,3.1101742234920797,41.9,38.8
1610612750,MIN,West,1630163,LaMelo Ball,G,24.0,25.0,27.04253516888209,0.30573170731707316,0.4882825105928985,72.0,28.01388888888889,2217.4878838483314,27.933011691034935,1720.5865273406598,9.333584609763937,574.9197440284663,6.262591723696742,385.7561463551767,1.5935056510071144,98.154985387559,0.31169944119730153,19.199714840480876,3.959461809977481,243.8905163940347,1.2352648347768027,76.08846679059643,5.027326888919938,309.6676795645802,9.71278443201282,598.2772721227535,23.79013508333335,1465.3982306224116,3.7051949903834234,228.2284721797438,4.24339279928543,261.3797810784638,3.786167901936359,233.21615135442593,4.710776449261574,290.16915832654456,13.140842086342253,809.4349475007828,17.74547850456767,20.193910748893614,USA,20.982762528544633,4.7043432482338625,0.9279081315926394,3.7764351166412222,7.011216390591053,1.197012016921451,0.23414286390830336,2.974274590171155,3.5386482722749335,40.8,35.8
1610612750,MIN,West,1630183,Jaden McDaniels,F,25.0,26.0,30.625958968503515,0.09280487804878049,0.6641486516700963,73.0,31.726027397260275,2511.3286354172883,15.86953831294214,1107.0451665595378,2.692476136193918,187.82478947226346,5.475117757661168,381.93944464156067,1.3810161444742683,96.33848304421691,1.0736707088474575,74.89833322603884,1.7755140125835764,123.85831062182741,1.4140357796153855,98.64190402368688,4.061081978045784,283.2975406178739,6.220243416425483,433.91876141486614,12.475894375651482,870.307522167085,1.8524372534308573,129.22440888485178,2.268795069972461,158.26916741987256,3.7236135031212627,259.75603382263637,1.5465834794858355,107.88831608600236,4.1891981688639435,292.2348144696025,14.692281371151665,12.41847565125531,USA,13.50055081170168,4.657798105384886,1.202950049069352,3.4548480563155355,2.2905462130763836,1.1748595493197185,0.91339430763462,1.5104672027052124,1.3157111717805166,49.9,36.9
1610612750,MIN,West,1630545,Terrence Shannon Jr,G-F,25.0,26.0,0.0,0.4563211382113822,0.14230615494978477,43.0,12.511627906976743,0.0,16.49366898801236,0.0,2.9251292563319167,0.0,3.9536447389661693,0.0,0.9259283176729861,0.0,0.20871686239878545,0.0,1.6823584377208336,0.0,0.819798620235467,0.0,3.133846118730702,0.0,5.615395873749282,0.0,12.212554150679336,0.0,3.355186519660038,0.0,4.186062087051595,0.0,3.370255349019712,0.0,1.8713537547422538,0.0,4.713160578433483,0.0,5.916447993466908,11.461862098319706,USA,0.0,0.0,0.0,0.0,0.0,0.0,0.0,0.0,0.0,,
1610612750,MIN,West,1630162,Anthony Edwards,G,24.0,25.0,33.81805986186979,0.11609756097560978,0.7177639828220179,61.0,35.032786885245905,2773.080908673323,29.533111629833268,2274.936334289131,4.592144186862956,353.7329826240234,5.6654598939748,436.4105186343308,1.3517501046348737,104.12534467944819,0.7327565097549725,56.444252441878106,3.1956563812076055,246.16149170574693,0.7122871866662673,54.867499967690485,4.953172707308532,381.54301866664025,10.048796700007648,774.0590634425193,21.465083754392722,1653.4559433994543,5.824106632590343,448.63108091427654,7.120089041268317,548.4606385665364,2.0114224284910796,154.93992043683178,3.5426228048994823,272.8883240804859,9.08477501267136,699.8004485342053,23.491866922591935,21.072186800812563,USA,27.743126027916233,5.32207949554062,0.6691158532645181,4.6529636422761005,4.313816861268578,1.2698212765786365,0.6883445419741232,3.0019694110456943,3.327906391225438,46.8,39.0
1610612750,MIN,West,1641740,Jaylen Clark,G,24.0,25.0,12.606021818641876,0.26325203252032525,0.23239607316331967,68.0,13.058823529411764,1033.6937891286339,11.732393649105045,336.88062351922537,1.8445533691167824,52.963982260342064,4.764854708157312,136.81668660895954,2.1645011620158283,62.15087243715201,0.31871503962735404,9.151493249018952,0.8710270787998937,25.010424486619645,2.186258282717148,62.77560022988191,2.5785964254401645,74.04108637907761,4.17121640221538,119.77112466893122,9.430908464612704,270.7964307141892,1.9343248903755808,55.54165625939343,2.8053519691754745,80.55208074601308,3.896293135900802,111.87705597792187,1.4279095551692047,41.000589961551036,4.056727431546378,116.48372083825683,13.105942950956404,10.004037893752907,USA,4.108300286819822,1.6684961781580432,0.7655561003644136,0.9029400777936294,0.6459022226870983,0.7579374687457562,0.11160357620754818,0.3050051766660932,0.5000071946530614,44.2,35.2
1610612750,MIN,West,1630538,Bones Hyland,G,25.0,26.0,16.002657693770164,0.36353658536585365,0.2778410811124453,71.0,16.577464788732396,1312.2179308891534,19.59938647268839,714.4073989968896,6.007996460748022,218.9944634586702,4.03471493720448,147.06736907294513,1.609646822992813,58.672428431386905,0.5174619890945946,18.861747240097074,2.530291202605414,92.23037462305288,0.6897302223818815,25.14101014682412,3.344984714822599,121.926358926121,6.866953583102404,250.30387839806932,15.737820849070655,573.6514086464354,2.0993509225449265,76.52238677200386,2.635613864772605,96.06943811818535,3.885963577220195,141.6453079114027,3.69439260519697,134.66245056343772,9.721316243963297,354.34681908812877,13.301043773840506,14.694285809192076,USA,8.712285353620604,1.7935045008895747,0.3065976847173673,1.4869068161722072,2.670664188520368,0.7155174198949622,0.2300213078060619,1.1247606661347913,1.6422250068711917,43.6,38.0
1610612750,MIN,West,1630182,Josh Green,G,25.0,26.0,15.112344889139173,0.2360975609756098,0.2876731871215634,58.0,15.655172413793103,1239.2122809094121,10.57541163042521,364.0327768915319,2.3374208901553923,80.46001868707701,3.9751445315957046,136.8346644984247,1.4065666254791183,48.417628783639806,0.2668260132382496,9.184835346414896,1.443589284859979,49.692043621881155,1.3488102719939412,46.42950704643491,2.6263342596017645,90.40515745198987,3.7514753342811935,129.13539738249992,8.341500715211444,287.1358368751296,1.0008255044802978,34.45097933887064,1.346366928216064,46.34540089043409,2.951566181841822,101.6004739015358,2.0321757343847624,69.95269797265836,5.0700188154583845,174.5230439043839,10.466269419028691,8.43612586252962,Australia,4.439424108433316,1.6687154207124963,0.5662135005662794,1.1025019201462178,0.981219740086305,0.5904588876053635,0.11201018715140118,0.6060005319741604,0.8530816825933946,45.0,40.1
1610612750,MIN,West,1630245,Ayo Dosunmu,G,26.0,27.0,26.315626040913386,0.2298780487804878,0.48233219397604277,69.0,27.26086956521739,2157.8813353548976,17.274935829633847,1035.4794887839014,4.7122668375114785,282.4586848854964,4.198286576576506,251.650117890707,1.1093403432882745,66.4951339260545,0.43182109735584073,25.883852394351077,1.7850829610409125,106.99992232472886,0.8394616025419648,50.318292329789365,3.358824974034541,201.3318255609176,6.612911795618642,396.3855260031586,13.018087263533825,780.3190980000265,1.9775744127108406,118.53808095733739,2.340309866519422,140.28086055303257,2.593575414454138,155.46188829683132,2.1336839604562967,127.89546649485445,5.262094325563568,315.41597583362613,12.539917187982965,14.145304666746764,USA,12.627798643706114,3.068903876715939,0.6136377113388947,2.455266165377044,3.444618108359712,0.8109162673909086,0.3156567365164766,1.3048771015210836,1.5597008109128592,50.8,40.5
1610612750,MIN,West,1643626,Trey Kaufman-Renn,F,,,0.0,0.0,0.0,,,,,,,,,,,,,,,,,,,,,,,,,,,,,,,,,,0.0,,USA,,,,,,,,,,,
1610612750,MIN,West,1642389,Zyon Pullin,G,25.0,26.0,0.0,0.7895528455284553,0.06291098039215685,5.0,8.6,0.0,19.36739348600195,0.0,7.578545277131199,0.0,2.526181759043733,0.0,0.8420605863479109,0.0,0.0,0.0,2.526181759043733,0.0,0.8420605863479109,0.0,1.6841211726958218,0.0,7.578545277131199,0.0,11.477252551536116,0.0,3.3682423453916437,0.0,3.3682423453916437,0.0,5.052363518087466,0.0,0.8260213370841412,0.0,2.4780640112524237,0.0,17.05932868709246,17.05932868709246,USA,0.0,0.0,0.0,0.0,0.0,0.0,0.0,0.0,0.0,,
1610612750,MIN,West,1642866,Joan Beringer,F,19.0,20.0,0.0,0.41975609756097565,0.08046150326797384,40.0,7.85,0.0,18.95847133757962,0.0,1.458343949044586,0.0,11.180636942675159,0.0,0.8507006369426752,0.0,3.1597452229299363,0.0,1.3368152866242038,0.0,5.468789808917198,0.0,5.711847133757963,0.0,7.899363057324842,0.0,11.909808917197452,0.0,3.1597452229299363,0.0,4.496560509554141,0.0,5.711847133757963,0.0,0.0,0.0,0.0,0.0,19.25014012738854,19.25014012738854,France,0.0,0.0,0.0,0.0,0.0,0.0,0.0,0.0,0.0,,
1610612750,MIN,West,1642402,Enrique Freeman,F,25.0,26.0,0.0,0.7159756097560975,0.09389122994652406,4.0,9.25,0.0,10.506855804148937,0.0,1.919660243195575,0.0,7.233178284031115,0.0,0.9736110704168713,0.0,1.2239043124306312,0.0,1.4466356568062233,0.0,2.2350099674551425,0.0,4.998168316575973,0.0,3.523970762131582,0.0,7.836315834912084,0.0,2.8006529337284705,0.0,3.996995348520933,0.0,4.562638314794261,0.0,0.6457230348019263,0.0,2.528818320984252,0.0,8.918858807468805,8.918858807468805,USA,0.0,0.0,0.0,0.0,0.0,0.0,0.0,0.0,0.0,,
1610612750,MIN,West,203497,Rudy Gobert,C,34.0,35.0,30.229945636690985,0.24073170731707316,0.8315759485236589,76.0,31.31578947368421,2478.8555422086606,12.827364890392538,883.2551264022869,1.7751081877450967,122.22879914477514,12.546058072196018,863.8851551426335,0.8137743786509666,56.034142461843274,1.813126737177497,124.84664614386512,1.492294590088823,102.75507542360222,4.1365365137851375,284.8299017429106,8.409521558410884,579.0552533997231,5.078769130465945,349.70930574038243,7.543425033321176,519.4183597523263,2.669826629460648,183.83651492152208,4.491645441768016,309.2816721378587,2.915391446638133,200.74539570018504,0.0,0.0,0.04445060224203214,3.060739492282614,20.054574747447667,14.935267178856714,France,10.771403980515695,10.535184818812603,3.4735353871086656,7.061649431703941,1.490595111521648,0.6833432007541863,1.5225200749251844,1.253110675897588,0.0,67.3,0.0
1610612750,MIN,West,1642912,Isaiah Evans,F,,,0.0,0.0,0.0,,,,,,,,,,,,,,,,,,,,,,,,,,,,,,,,,,0.0,,USA,,,,,,,,,,,
1610612750,MIN,West,1626168,Trey Lyles,F,29.0,31.0,18.886812948023962,0.2581707317073171,0.40753172432025314,69.0,19.565217391304348,1548.718661737965,12.088424160060924,520.0435579914011,1.9788931766507727,85.13191089624931,7.69336126204735,330.9681155006854,0.8045039193334499,34.609728703140235,0.6092211290330921,26.208670323850626,1.1384574866038089,48.97639875273939,1.8740407883202603,80.62116504804763,5.819320473727089,250.3469504526377,4.140750150546656,178.13491754849704,9.512808467810405,409.2406666565809,1.6360896156090283,70.38451444359434,2.233520054822988,96.08594972973233,2.3026548449708053,99.06012583187852,2.379060965486296,102.34711429613799,6.655240643965719,286.3082051018528,10.462717166492634,10.461075319789053,Canada,6.341994609651233,4.036196530496164,0.9831849396103369,3.0530115908858257,1.0381940353201136,0.42206986223341747,0.3196179307786662,0.5972731555212121,1.2481355401968048,43.5,35.7
1610612750,MIN,West,1642911,Rocco Zikarsky,C,19.0,20.0,0.0,0.761219512195122,0.07447764705882352,5.0,7.2,0.0,14.84,0.0,2.12,0.0,14.84,0.0,0.0,0.0,5.300000000000001,0.0,1.06,0.0,2.12,0.0,12.72,0.0,5.300000000000001,0.0,8.48,0.0,4.24,0.0,4.24,0.0,3.18,0.0,0.0,0.0,0.0,0.0,19.186000000000003,19.186000000000003,Australia,0.0,0.0,0.0,0.0,0.0,0.0,0.0,0.0,0.0,,
1610612751,BKN,East,1631169,Josh Minott,F,23.0,24.0,0.0,0.3825609756097561,0.13513568940453763,49.0,17.020408163265305,0.0,16.61228591691797,0.0,2.1910642248453973,0.0,7.037094967283147,0.0,2.0071144486290295,0.0,1.2145364692877965,0.0,1.8365628782645707,0.0,2.069147612828489,0.0,4.967947354454659,0.0,5.8100269373869775,0.0,11.694410386634319,0.0,2.298145765186937,0.0,2.843199831815148,0.0,3.5623535275083977,0.0,2.642770347872178,0.0,6.537299691699079,0.0,15.035381870295328,14.600505975148126,USA,0.0,0.0,0.0,0.0,0.0,0.0,0.0,0.0,0.0,,
1610612751,BKN,East,1643414,Mikel Brown Jr.,G,,,0.0,0.0,0.0,,,,,,,,,,,,,,,,,,,,,,,,,,,,,,,,,,0.0,,USA,,,,,,,,,,,
1610612751,BKN,East,1642874,Danny Wolf,F,22.0,23.0,20.214312556064137,0.2539024390243903,0.22624048503611968,57.0,20.82456140350877,1657.5736295972592,15.869115417017692,730.6729788967733,3.967278854254423,182.66824472419333,8.777994945240103,404.17147061022314,0.9371524852569504,43.14997906870709,0.9996293176074137,46.026644339954224,2.280404380791912,104.99828240052057,1.7805897219882056,81.98496023054346,6.997405223251897,322.18651037967965,5.560438079191239,256.0232091409954,13.74490311710194,632.8663596743708,2.624026958719461,120.81994139237985,3.404987363100253,156.7782572829691,3.9360404380791914,181.22991208856976,2.165459140690817,99.70577687720665,6.7192923336141535,309.38116060427365,9.673632222021673,12.064276326874472,USA,8.910646084106991,4.928920373295404,0.9998165881773593,3.9291037851180444,2.227661521026748,0.5262192569354524,0.5613005407311491,1.2804668585429337,1.2159241082586176,40.5,32.2
1610612751,BKN,East,1642962,Drake Powell,G-F,20.0,21.0,20.338386444661957,0.1953658536585366,0.22888627450980392,63.0,20.952380952380953,1667.7476884622804,11.79490909090909,546.4147881107325,2.630727272727273,121.87192577959969,3.208909090909091,148.65696441247871,1.0407272727272727,48.213069539182285,0.40472727272727277,18.749527043015334,1.7345454545454548,80.35511589863715,0.607090909090909,28.124290564522997,2.6018181818181816,120.5326738479557,4.162909090909091,192.85227815672914,10.349454545454547,479.452191528535,1.9947272727272727,92.40838328343271,2.2260000000000004,103.12239873658436,2.572909090909091,119.19342191631178,1.4604545454545454,67.65749145239023,5.211818181818182,241.44438126147105,0.7608068042381095,7.7302909090909075,USA,6.663594976960153,1.812889809908277,0.34297915322589023,1.4699106566823867,1.4862429973121913,0.5879642626729547,0.22865276881726018,0.9799404377882579,0.8250913591754906,40.2,28.0
1610612751,BKN,East,1642856,Egor Dëmin,G,20.0,21.0,24.4167307194919,0.30268292682926834,0.2720166515837104,52.0,25.153846153846153,2002.1719189983357,15.637431192660552,869.6896005337114,5.047155963302752,280.70205390360456,4.8137614678899086,267.721612104594,1.2253211009174314,68.14731944480576,0.49596330275229356,27.583438822897563,2.5089908256880737,139.53974933936416,0.6126605504587157,34.07365972240288,4.2011009174311935,233.64795238219114,5.222201834862386,290.4373852528626,13.099266055045872,728.5272959694709,1.5754128440366972,87.61798214332167,1.8963302752293578,105.46608961696126,2.7132110091743122,150.89763591349845,3.5834862385321102,199.29876441405455,9.305504587155964,517.5338882364964,6.833286629092161,11.628880733944959,Russia,10.605970738215992,3.2648977085926094,0.4155324356390595,2.8493652729535506,3.423195779312251,0.831064871278119,0.3363834002792386,1.7017042602361483,2.4304727367567627,39.9,38.5
1610612751,BKN,East,1643538,Joshua Jefferson,F,,,0.0,0.0,0.0,,,,,,,,,,,,,,,,,,,,,,,,,,,,,,,,,,0.0,,USA,,,,,,,,,,,
1610612751,BKN,East,1642849,Nolan Traore,G,20.0,21.0,21.545978139813762,0.2636585365853658,0.24092264705882352,56.0,22.196428571428573,1766.7702074647284,15.31925985518906,751.8225531266239,6.539082864038616,320.9182441201821,3.0392920353982302,149.15918388684523,1.3814963797264683,67.7996290394751,0.7060981496379727,34.65314373128727,3.960289621882542,194.3589365798286,0.42979887369267905,21.093217923392256,2.6094931617055512,128.06596596345298,5.587385358004828,274.21183300409933,14.705261464199518,721.689384664635,2.2717940466613036,111.49272330935905,2.8857924376508453,141.625891771348,3.653290426387772,179.29235234883416,1.8550281576830252,91.03912452784864,5.838777152051488,286.5493755630646,2.972861969161685,9.130156074014483,France,9.16856772105639,1.819014437644454,0.25723436491941776,1.5617800727250364,3.913637123416855,0.8268247443838426,0.42259931379618626,2.370230933900349,1.1102332259493737,38.0,31.8
1610612751,BKN,East,1631165,Keon Ellis,G,26.0,27.0,19.939707846741026,0.15975609756097564,0.4023395665634675,72.0,20.541666666666668,1635.0560434327642,11.895507228254507,540.2728050904351,2.109359386422423,95.8033559039336,3.696472692304198,167.88722263711554,2.0876879523414464,94.81907786882374,1.1306702790263832,51.353035356997154,1.168063975708103,53.051390627712095,1.0294721073667856,46.75679418598684,2.667000584937412,121.1304284511287,4.123433325294576,187.27901606152653,8.938358209711444,405.96435025432106,1.2482675809098593,56.694095888551736,1.6061078701167089,72.94656609553472,3.365624812705081,152.8606997205752,2.472384186658163,112.29129739119526,6.2292245063393645,282.9203104163793,9.980256424741587,10.507019163895038,USA,6.588692745005306,2.047405154111165,0.5702048071461809,1.4772003469649841,1.1683336085845561,1.1563302179124846,0.6262565287438677,0.6469681783867328,1.3694060657462837,46.1,39.7
1610612751,BKN,East,1629611,Terance Mann,G-F,29.0,30.0,23.558630965066765,0.25390243902439025,0.3557859103951143,63.0,24.26984126984127,1931.8077391354748,11.383010111773903,610.8274174606164,3.4247942842446975,183.77900286807903,4.656295032329671,249.8629660875701,0.9579218202195217,51.4033551607448,0.33217743039210373,17.825081411044483,1.3073853379140659,70.15603093929556,1.6101078214381748,86.40052084157847,3.046187210891495,163.46244524599157,4.34795755890344,233.3171683811737,9.0011593081338,483.01414479567205,1.354393385707256,72.67854512064376,1.754057187106696,94.12503469274769,3.203298286396712,171.89323390057146,1.4021131503566315,75.23925097229339,3.8812444659245577,208.2727249097165,6.664825247790249,9.701545105348545,USA,7.449114847080688,3.0471093425313427,1.0536648883119326,1.9934444542194094,2.241207352049744,0.6268701848871318,0.21737904159810345,0.8555613529182385,0.9175518411255291,48.3,36.1
1610612751,BKN,East,1629008,Michael Porter Jr.,F,28.0,29.0,31.528943566683346,0.23573170731707319,0.476885019844166,52.0,32.48076923076923,2585.373372468034,21.877036427101633,1571.119651309494,2.535553445811318,182.09312120194866,7.609286303238752,546.4679497744221,0.8428370253591043,60.52912229704427,0.4736124777821826,34.01291913685176,1.8302346546238881,131.43999837313416,1.617613645758032,116.1704235189932,5.99167265748072,430.2975262554288,8.0371837753959,577.1978034039073,16.718551990417385,1200.6583095068768,2.658223069817381,190.9027539662804,3.2096111613438083,230.50120090318015,2.2355477865468565,160.54793667272486,3.224254075692765,231.55279537132245,8.485204154294667,609.3728022352383,14.123527262450331,16.322999059264014,USA,19.159995747676756,6.664243289931977,1.4167124819389416,5.2475308079930345,2.220647819535959,0.738160028012735,0.4147916967908751,1.6029268094284654,2.8238145776990544,48.1,38.0
1610612751,BKN,East,1630549,Day'Ron Sharpe,C,24.0,25.0,0.0,0.24414634146341466,0.22513333872523097,62.0,18.70967741935484,0.0,17.21179619668501,0.0,4.255392139483461,0.0,13.975519354552615,0.0,1.8450973655195186,0.0,1.2604322357043618,0.0,3.1270624822391264,0.0,5.92645014279622,0.0,8.049069211756395,0.0,6.933381137059774,0.0,12.120733031513995,0.0,3.029258358196106,0.0,4.460374999830837,0.0,4.8703641633084525,0.0,0.30976079171470305,0.0,1.2962157815226385,0.0,17.967430996080296,18.122391016867997,USA,0.0,0.0,0.0,0.0,0.0,0.0,0.0,0.0,0.0,,
1610612751,BKN,East,1629021,Moritz Wagner,F-C,29.0,30.0,0.0,0.46975609756097564,0.21505860859044162,36.0,11.86111111111111,0.0,21.464476212077148,0.0,2.354575104930785,0.0,8.896684278304706,0.0,1.172612892861061,0.0,0.460170020877121,0.0,2.272448710245033,0.0,2.5364978183921525,0.0,6.360186459912555,0.0,7.7910335212216255,0.0,14.682577530276118,0.0,4.491378180354929,0.0,5.715756804761946,0.0,4.015603594068817,0.0,1.4634805199705796,0.0,4.407137947213017,0.0,15.807326387285666,16.761182643512015,Germany,0.0,0.0,0.0,0.0,0.0,0.0,0.0,0.0,0.0,,
1610612751,BKN,East,1641730,Noah Clowney,F-C,21.0,22.0,26.179369328562807,0.3319512195121951,0.36871457185964446,66.0,26.96969696969697,2146.70828494215,16.16782729200133,964.1002443681406,2.014464032293079,120.12407299559788,6.016730261528376,358.78235279680865,0.9802894556687046,58.455430447928855,0.9269632340319911,55.27554595370123,1.9655056132247866,117.2046440002764,1.2833389006362828,76.52650695512386,4.733391360892093,282.25584584168485,5.075962963773901,302.6836596775818,12.950923737770841,772.273757931295,3.3091867331934166,197.32940490463767,4.109581688540865,245.05758495658958,3.5033374102406567,208.9067623197609,2.7592721969156493,164.537569042482,8.333559158081739,496.9366802141555,5.012378715010771,10.803210482420555,USA,11.757320053270007,4.3753945463025445,0.9332500848185837,3.4421444614839616,1.4649277194585109,0.7128711030235226,0.6740920238256248,1.4293249268326391,2.0065557200302684,39.2,33.1
1610612751,BKN,East,203944,Julius Randle,F-C,31.0,32.0,32.069820513001204,0.2902439024390244,0.759083777203189,79.0,33.037974683544306,2629.7252820660988,21.627774350363364,1579.8640278880898,5.135653625890454,375.14883833162656,7.46703914138627,545.4517114522391,0.9311330617758824,68.01733759776812,0.2436072567202524,17.7950044970004,2.9935514750430436,218.6727221413043,1.9434425704175544,141.96444615751577,5.5235965709687145,403.4872652947233,7.591132375970417,554.5164646833305,15.801816240680429,1154.289879741111,4.908599710628743,358.5630210717428,6.133546971279055,448.04287608645774,2.8398423553226286,207.44458996872373,1.6009477997851975,116.94591401008968,4.950037367467722,361.5899559000496,18.80684863412047,16.697593061029284,USA,19.266634486440118,6.651850139661453,1.731273733628241,4.92057640603321,4.574985833312519,0.8294797268020502,0.2170122499634195,2.666740513918345,1.4261696830498742,48.0,32.3
1610612751,BKN,East,1643052,Chaney Johnson,G-F,24.0,25.0,0.0,0.6441463414634147,0.21420664359861588,17.0,20.470588235294116,0.0,15.098275862068965,0.0,3.910344827586207,0.0,8.581034482758621,0.0,1.6293103448275865,0.0,0.9775862068965517,0.0,2.1724137931034484,0.0,3.5844827586206898,0.0,4.996551724137931,0.0,5.539655172413793,0.0,10.210344827586207,0.0,3.0413793103448277,0.0,3.8017241379310347,0.0,5.539655172413793,0.0,0.9589655172413794,0.0,3.1965517241379318,0.0,14.533448275862067,14.533448275862067,USA,0.0,0.0,0.0,0.0,0.0,0.0,0.0,0.0,0.0,,
1610612751,BKN,East,1643548,Tyler Bilodeau,F,,,0.0,0.0,0.0,,,,,,,,,,,,,,,,,,,,,,,,,,,,,,,,,,0.0,,USA,,,,,,,,,,,
1610612751,BKN,East,1642879,Ben Saraf,G,20.0,21.0,20.208119919913088,0.3807317073170732,0.2234648128342246,44.0,20.818181818181817,1657.0658334328732,13.830917030567687,636.6316682332933,6.040611353711791,278.04696353562514,3.8326637554585155,176.41600445018975,1.583056768558952,72.86748009899141,0.3332751091703057,15.340522126103453,4.124279475982533,189.83896131053027,0.8331877729257642,38.35130531525864,2.999475982532751,138.0646991349311,4.9991266375545855,230.10783189155183,12.622794759825329,581.0222755261684,3.0411353711790396,139.98226440069405,3.666026200873363,168.74574338713802,3.374410480349345,155.32278652679747,0.784061135371179,36.09002552072688,3.7139737991266375,170.952752466601,0.0902687772432742,8.798462882096072,Israel,7.763800832113334,2.1514146884169483,0.46769884530803224,1.6837158431089156,3.3908166284832335,0.888627806085261,0.18707953812321285,2.3151092842747594,0.4401222624478888,39.6,21.1
1610612752,NYK,East,1643583,Jack Kayil,G,,,0.0,0.0,0.0,,,,,,,,,,,,,,,,,,,,,,,,,,,,,,,,,,0.0,,Germany,,,,,,,,,,,
1610612752,NYK,East,1643589,Tyler Nickel,F,,,0.0,0.0,0.0,,,,,,,,,,,,,,,,,,,,,,,,,,,,,,,,,,0.0,,USA,,,,,,,,,,,
1610612752,NYK,East,1641794,Dillon Jones,F,24.0,25.0,0.0,0.5458739837398374,0.07666718137254902,7.0,5.571428571428571,0.0,9.191976559316107,0.0,3.962177556239292,0.0,8.134477973788789,0.0,1.2783844807601992,0.0,0.24629071802462107,0.0,1.7240350261723474,0.0,2.042661457625801,0.0,6.091816516162988,0.0,3.335687727255062,0.0,9.068831200303796,0.0,1.4376976964869261,0.0,2.114997171054634,0.0,3.9113679106558146,0.0,1.0622766767320262,0.0,4.284585652086057,0.0,12.180733972822816,8.100288077675614,USA,0.0,0.0,0.0,0.0,0.0,0.0,0.0,0.0,0.0,,
1610612752,NYK,East,203083,Andre Drummond,C,32.0,33.0,17.45547607827603,0.38646341463414635,0.5375289686425666,63.0,19.53968253968254,1431.3490384186343,13.328552795935853,529.9392007770773,1.8190797072266964,72.32605527071618,15.797310582984908,628.0962586821101,1.434219161776879,57.024117169192095,1.243847127744909,49.45498306215155,2.002246922508198,79.60872797802163,5.857157741628597,232.87880837073197,9.94015284135631,395.21745031137806,5.306169718743551,210.97169235026823,10.57426771488157,420.42966460213734,2.185229108215702,86.8840439658043,3.559907031919519,141.54081963882606,3.7567827289800833,149.36853740759375,0.5337072463880914,21.220037608740327,1.6345099223178226,64.98761682209256,11.386620400454738,14.65452631723833,USA,6.4626731802082595,7.65971047173305,2.839985467935756,4.819725003797293,0.8820250642770266,0.695416063038928,0.6031095495384335,0.9708381460734345,0.2587809464480528,50.2,32.7
1610612752,NYK,East,203903,Jordan Clarkson,G,34.0,35.0,15.869098022827504,0.4157317073170732,0.5381616851924611,72.0,17.76388888888889,1301.2660378718554,18.89138043736446,682.8531047683092,4.027173953615061,145.5673526233724,3.7945207890849817,137.1578064676389,0.8720742486016254,31.522238950219794,0.23446641676183358,8.475088476491177,2.4080468177160292,87.04193170831299,1.3365331351594836,48.310699368706395,2.4579876539254975,88.84710709893248,6.8392524657349805,247.2135266136743,15.956774445200875,576.7780183200393,3.0260382143328117,109.38002104482452,3.628243474345336,131.1475002859936,2.5838693389096035,93.39726158392972,2.1980518417748223,79.45139475509048,6.672764550141725,241.19560799485265,9.125497412544068,12.303054653387703,USA,8.327476887418404,1.6726561764346206,0.589154870350078,1.0835013060845424,1.7752116173581998,0.3844175481734121,0.10335473751818508,1.0614869720525975,0.9689194482328107,42.9,32.9
1610612752,NYK,East,1630540,Miles McBride,G,25.0,26.0,23.53174282986073,0.2940243902439025,0.30015648635244524,41.0,26.341463414634145,1929.6029120485798,15.91230269030009,852.9007113500418,3.8956803967472915,208.80878438817055,3.491190659855728,187.12810177151152,1.4052567776864184,75.3218769555477,0.32560995963722417,17.452720175222453,1.0242082676540392,54.89764599470737,0.9543668880571794,51.15414239882984,2.5368237717985487,135.9739593726817,5.679033918340717,304.39667740146956,13.448179748346233,720.823522337823,1.2571672768329893,67.38426773080887,1.5516486552432387,83.16849343426712,2.619320595733457,140.39579580878055,3.234266289608794,173.35693474360235,8.14041487729111,436.32689590290306,15.495819789329733,12.36972535681766,USA,10.401228187195631,2.282050021603799,0.6238310048637785,1.6582190167400206,2.546448590099641,0.9185594750676548,0.21283805091734698,0.6694834877403337,2.1141089602878336,42.2,39.7
1610612752,NYK,East,1628404,Josh Hart,G,31.0,32.0,26.9895356805897,0.23597560975609758,0.7272284118877619,66.0,30.21212121212121,2213.1419258083556,12.402858012408336,762.4801407530272,5.182157745072073,318.5791825492081,8.603538549146528,528.9125520395714,1.2693837904195833,78.03684684775297,0.3046627949264632,18.72950013015858,1.9377543685467646,119.12570652636502,1.731934050967005,106.47266280361622,6.871604498179521,422.43988923595515,4.750236785110118,292.0263385178972,9.510228470628483,584.6523708990048,1.59814144743763,98.24760668600749,2.117272803007812,130.16181135306567,2.5389463824448413,156.08468573244815,1.3585864528650735,83.52068440752643,3.701604388507257,227.5604406933781,14.379606210623525,12.868800686808989,USA,9.298538301866184,6.45015307365331,1.2984471073611734,5.151705966292136,3.885111982307416,0.9516688639969875,0.22840853817266563,1.4527525186142076,1.0185449317991029,49.9,36.7
1610612752,NYK,East,1642359,Pacôme Dadiet,F,20.0,21.0,0.0,0.5729065040650406,0.05619159041394336,29.0,4.689655172413793,0.0,12.396994751876782,0.0,2.8074043094740873,0.0,7.104639518253489,0.0,0.9061421423150975,0.0,0.41878513216974245,0.0,1.022879893713141,0.0,1.0914517716887533,0.0,6.013187746564735,0.0,4.132331583958927,0.0,12.513732503274825,0.0,2.1347376699550766,0.0,2.7388324314984747,0.0,2.29964129477555,0.0,1.9787486884000411,0.0,8.071058195609247,0.0,8.838387632544581,8.838387632544581,France,0.0,0.0,0.0,0.0,0.0,0.0,0.0,0.0,0.0,,
1610612752,NYK,East,1630631,Jose Alvarado,G,28.0,29.0,17.737224835658576,0.2881707317073171,0.3530217577815804,69.0,19.855072463768117,1454.4524365240034,13.873566557111754,560.5122967296978,5.9616511747437135,240.85939102256057,4.132267246105751,166.9496156796345,1.828193895731674,73.86169628014564,0.30604733194488154,12.364757989969538,1.9762888973208896,79.84495005510288,0.711356071757589,28.739821438999144,3.420911174348162,138.20979424063538,4.997680858585176,201.91358615940507,12.285366377603474,496.34669615265113,1.1650364536475377,47.06916968463737,1.522069279229078,61.493815881474056,2.9788157457377933,120.34849498178889,2.7820305280779705,112.39808555686567,7.7695930336704135,313.9028755172738,11.89564506908523,11.702059563323225,USA,6.835515813776802,2.0359709229223717,0.3504856273048676,1.6854852956175046,2.937309646616592,0.9007523936603127,0.15078973158499437,0.9737189031110108,1.3707083604495813,40.7,35.8
1610612752,NYK,East,1628384,OG Anunoby,F-G,28.0,29.0,29.65337808454976,0.25646341463414635,0.6921887114845938,67.0,33.19402985074627,2431.5770029330806,17.313659370942766,1169.4304434167016,2.2395054910095484,151.26472360781042,5.076037715640769,342.85490487147393,1.5425299427168924,104.18834264016881,0.795089025808165,53.70333862332224,1.689783698533443,114.13442170236459,1.2689358968165783,85.70875958042933,3.8071018188241905,257.1461452910446,6.230475534144007,420.83002850449355,12.938672176723536,873.9271587058626,2.502100559263189,169.00139385917694,3.07064056216608,207.4027493121263,2.461332165260662,166.24774137853643,2.410267838401502,162.79866241017552,6.339475592928456,428.19230728945524,18.39801786586186,13.544178273003178,United Kingdom,14.261346870935386,4.18115737648139,1.0452287753710894,3.1359286011103,1.8446917513147614,1.2705895443923025,0.6549187636990517,1.3918831914922511,1.9853495415875064,48.2,38.0
1610612752,NYK,East,1641755,Kevin McCullar Jr.,G,25.0,26.0,0.0,0.6959552845528456,0.07737104575163398,21.0,7.380952380952381,0.0,11.732489629692266,0.0,4.638023461570983,0.0,7.207873920176366,0.0,2.100853655283423,0.0,0.13743097576480567,0.0,2.6178969060248236,0.0,2.3997388305227543,0.0,4.808135089653612,0.0,4.638023461570983,0.0,11.215446378950864,0.0,0.7111781025337487,0.0,1.3656523290399543,0.0,5.624063515634344,0.0,1.7120214687019482,0.0,5.2708776489989395,0.0,9.173504015854498,9.173504015854498,USA,0.0,0.0,0.0,0.0,0.0,0.0,0.0,0.0,0.0,,
1610612752,NYK,East,1628973,Jalen Brunson,G,29.0,30.0,31.266713852639025,0.20817073170731704,0.7430939828220179,74.0,35.0,2563.8705359164,26.111995743613015,1859.6604589173294,6.803528751485364,484.53796961648374,3.206259921392172,228.34542619297284,0.8271771762886894,58.910421951919346,0.12280902604423673,8.746290094983564,2.376233874982525,169.23211162539306,0.439130052260019,31.274238956246993,2.7671298691321535,197.0711872367259,9.252065747066114,658.9194101462268,19.468347972268827,1386.5089930296622,5.080728571672023,361.84250794162546,6.076478308363514,432.75843602634285,2.1194866000080577,150.94692347306352,2.6587573276946372,189.35304373966957,7.006237225386321,498.9745886057961,20.133895241852482,19.375793670070006,USA,22.678786084357675,2.784700319426498,0.3813931580030121,2.4033071614234864,5.908999629469314,0.7184197799014554,0.10666207432906785,2.0638062393340615,2.309183460239873,47.5,37.9
1610612752,NYK,East,1642278,Tyler Kolek,G,25.0,26.0,0.0,0.3126219512195122,0.19871024728396441,62.0,11.725806451612904,0.0,13.449851438047288,0.0,8.859503293888151,0.0,4.759155450215849,0.0,1.2231952387378764,0.0,0.26979592747924896,0.0,2.7451692619670998,0.0,0.8706378199986016,0.0,3.8885176302172484,0.0,5.17296290651598,0.0,12.400020287906752,0.0,0.9182175099375721,0.0,1.270774928676847,0.0,3.3675226081856233,0.0,2.144075579552469,0.0,5.829419493566481,0.0,13.794773478288347,11.995527583141145,USA,0.0,0.0,0.0,0.0,0.0,0.0,0.0,0.0,0.0,,
1610612752,NYK,East,1628969,Mikal Bridges,G-F,29.0,30.0,29.32752393425235,0.10999999999999999,0.7749696729792688,82.0,32.829268292682926,2404.856962608693,16.4331583354061,1097.7609789042344,3.707250218645465,247.65018056783737,3.7515975320326134,250.61265127261717,1.1228015780919374,75.00492201951177,0.6083740938924169,40.640352099109265,1.3929502162543086,93.05127850351273,0.9078763699741343,60.64757804222785,2.843721162058479,189.96507323038935,6.4380777650476775,430.07378164142,13.38365003363017,894.0489991248216,1.4690037218113259,98.13177301377917,1.7959392812628723,119.97158569354082,1.723066909937337,115.10359598342917,2.1967490357650163,146.74631149342866,5.999234562990958,400.7583613647646,14.824160805100611,13.059251618342085,USA,13.38732901102725,3.0562518447880143,0.7396046102710714,2.3166472345169433,3.0201241532663095,0.9146941709696557,0.4956140499891374,1.1347716890672284,1.789589164554008,48.1,36.6
1610612752,NYK,East,1626157,Karl-Anthony Towns,C-F,30.0,31.0,27.657641739362976,0.23914634146341462,0.7894900445658644,75.0,30.96,2267.926622627764,23.08669037124315,1454.4144367029555,3.2336969379769065,203.71631597632523,12.271097159806015,773.0541093771112,0.9300229117337968,58.58954781041303,0.6437884984761246,40.55736319543213,2.774075714118941,174.76111570098536,2.962297584062833,186.61870986227797,9.30879957574318,586.4353995148331,8.13922736824307,512.7547343349714,15.952298670722799,1004.9623013178257,4.927339857115397,310.4123677968582,5.791266247209185,364.83796946586926,3.6148381180014098,227.72743345291778,1.959266435043348,123.4297919126611,4.964117421546943,312.7292793937945,21.8504867545905,19.120701630495258,USA,17.736761423206776,9.427489138745258,2.275837925149731,7.1516512135955255,2.484345316784454,0.714506680614793,0.4946019901881967,2.1312331183046993,1.50524136478855,51.0,39.5
1610612752,NYK,East,1629013,Landry Shamet,G,29.0,30.0,20.51166494198336,0.42768292682926823,0.3858359616549846,51.0,22.96078431372549,1681.9565252426355,13.98655465229887,653.4660239749119,1.9678720105804983,91.94097691772816,2.762467598870981,129.0652889914556,0.9873380228637517,46.12943417155138,0.2535314078889773,11.84524460702271,0.9936510090957734,46.424383293404595,0.6464461032112045,30.202617819826656,2.1160214956597767,98.86267117162896,4.8574399145537805,226.94452111827113,11.005299865694134,514.1787755932263,1.365618991464709,63.80310482470373,1.8815504719123768,87.90794705017728,2.4931610241416,116.48301258432154,3.057412906295698,142.84543300291944,7.940719999828895,370.9984949676919,8.916262993795005,9.65817183794117,USA,7.969097853352584,1.57396693892019,0.36832460755886165,1.2056423313613287,1.1212314258259533,0.5625540752628218,0.1444542025246672,0.5661510157732268,1.742017475645359,44.1,38.5
1610612752,NYK,East,1642885,Mohamed Diawara,F,21.0,22.0,0.0,0.13682926829268297,0.1875595342714867,69.0,9.18840579710145,0.0,14.38750788643533,0.0,3.099747634069401,0.0,5.497665615141956,0.0,0.9942586750788643,0.0,0.3509148264984227,0.0,1.7545741324921134,0.0,0.8772870662460567,0.0,4.6203785488959,0.0,5.263722397476341,0.0,12.457476340694008,0.0,1.0527444794952683,0.0,1.4036593059936908,0.0,2.924290220820189,0.0,2.8618296529968457,0.0,7.750788643533124,0.0,12.079530059185059,10.118044164037856,France,0.0,0.0,0.0,0.0,0.0,0.0,0.0,0.0,0.0,,
1610612753,ORL,East,1641710,Anthony Black,G,22.0,23.0,26.55373740163425,0.1307317073170732,0.5153446312483662,64.0,29.84375,2177.4064669340087,16.121099503270298,975.0607309029829,4.408190610745478,266.6228539809717,4.62426814072919,279.69198206835114,1.6564809678036416,100.1897881013543,0.8702994057904477,52.6387653982485,2.517926611349931,152.29304685607147,0.9669605155804404,58.48516888596373,3.657307625148749,221.20681318238744,5.786802687613548,350.00615541335674,13.127576293748671,794.0019310327206,2.9464701664483046,178.21286652924064,4.0285705274399914,243.66209774854408,3.3139434062991167,200.43893899802814,1.6321118055093624,98.71585555765074,4.884904023738024,295.45615587886476,11.081582276833915,12.09566168225512,USA,11.890984523207107,3.410877830101843,0.7132337669019967,2.6976440631998466,3.2514982192801423,1.2218266841628573,0.6419361633932744,1.857232278732579,1.2038518970445213,44.1,33.4
1610612753,ORL,East,1628371,Jonathan Isaac,F,28.0,29.0,0.0,0.31012195121951214,0.19295674208144797,52.0,10.01923076923077,0.0,11.949929483048043,0.0,1.3342619840208363,0.0,9.774651821805687,0.0,1.7042235969143105,0.0,2.4646393223595577,0.0,1.1175372840892033,0.0,3.3312643780006383,0.0,6.443387443805051,0.0,4.252081357521725,0.0,9.63057266677658,0.0,2.3568427129840037,0.0,3.565640147192699,0.0,2.778847373717104,0.0,1.1165617213916694,0.0,4.1103859454851674,0.0,15.797486742463505,12.825121761176153,USA,0.0,0.0,0.0,0.0,0.0,0.0,0.0,0.0,0.0,,
1610612753,ORL,East,1628975,Jevon Carter,G,30.0,31.0,14.55510995694835,0.4184146341463415,0.21319916900093366,53.0,16.358490566037737,1193.5190164697647,13.588463614769028,450.50249246761985,3.520446626948162,116.71444432581863,3.234980103211674,107.25028530790154,1.4805175902839962,49.084052728387256,0.4294991887395074,14.239318036637187,1.34731324896028,44.667888438215456,0.49179973673012,16.30478716895061,2.743180366481554,90.94549813895092,5.001856039298001,165.82806390406395,12.805855375562949,424.55644202488725,0.5092695967965591,16.883970785738413,0.6611638143631323,21.91976626233566,2.2282258800928187,73.8730544689127,3.203627020183818,106.21082695182649,9.174034407318622,304.1495700800751,8.308624927359386,9.738439566491042,USA,5.493932834970973,1.3079303086329455,0.19883886791403185,1.1090914407189136,1.4233468820221784,0.5985860088827715,0.17365021995899008,0.5447303468075055,1.2952539872173963,39.1,34.9
1610612753,ORL,East,1630217,Desmond Bane,G,28.0,29.0,29.904574242432997,0.22719512195121952,0.625116372262311,82.0,33.609756097560975,2452.1750878795056,21.636683863754683,1473.80380986177,4.973799115614292,338.79517453962455,5.071585303112135,345.4559760096502,1.1534690058859518,78.56966557985194,0.47630784353681155,32.44417300229385,2.366976716328609,161.22892603810698,1.1375550877709852,77.48567353673873,3.9340302153411493,267.97030247291144,7.790216351064167,530.6381795908649,16.19213061502293,1102.9427587180635,3.615828816422054,246.2957040463055,4.018427057104933,273.71907560815754,3.028603069640062,206.2962499568544,2.5023619986358754,170.45082649753508,6.42148902652714,437.4059838317075,18.245805722088015,16.623863236540274,USA,17.97321719343622,4.212877756215247,0.9449472382529114,3.2679305179623346,4.1316484699954215,0.9581666534128286,0.3956606463694372,1.9662064150988656,2.0786686158235983,48.1,39.0
1610612753,ORL,East,1630591,Jalen Suggs,G,25.0,26.0,24.569829070368588,0.29707317073170736,0.36848196044271364,57.0,27.614035087719298,2014.7259837702243,19.063272167304095,1066.8686047542021,5.962627760739298,333.6961411419759,5.021459320459768,281.0240158159852,2.2512106050174787,125.98812502410559,0.9980107655867367,55.85328393083369,3.3749193546399634,188.87604769228253,0.8736027341730564,48.89083688975469,4.147856586286712,232.13317892623053,6.777018639181838,379.2732095792993,15.519819200636967,868.560639081648,2.612275279582715,146.19496895933122,3.1181836004890475,174.50793116865214,3.6192720087440637,202.55114884302554,2.8417794263223164,159.0390791765337,8.198175805449427,458.8077170765374,15.695395406872553,14.864751159283685,USA,13.010592740904904,3.4271221440973805,0.5962297181677401,2.8308924259296404,4.0694651358777545,1.5364405490744584,0.681137608912606,2.3033664352717382,1.9395009655674842,43.7,34.7
1610612753,ORL,East,1631094,Paolo Banchero,F,23.0,24.0,30.919116220541664,0.1673170731707317,0.5383179656440357,72.0,34.75,2535.3675300844166,25.13669005025966,1770.2985490895655,5.592885875670232,393.889479128946,8.53846366908541,601.3373206501278,0.8352784578882364,58.82605224191162,0.6256358768552513,44.061580217630464,3.3269829028240157,234.30901180461132,1.2273913654148678,86.44133929385647,7.3110723036705405,514.8959813562712,8.549423677735486,602.1091998184846,18.732473831922043,1319.2696086558653,6.512258376787866,458.6380121118945,8.646570368494423,608.9509377464113,2.179936117244487,153.52609025888802,1.496525569086521,105.39562043897412,4.71118931764111,331.7943451118841,18.524080437857165,18.631785024151633,USA,21.589006696214213,7.3333819591479,1.0541626743153227,6.2792192848325765,4.8035302332798295,0.7173908809989222,0.5373363441174447,2.8574269732269673,1.285312444377733,45.6,31.8
1610612753,ORL,East,1631288,Jamal Cain,F,27.0,28.0,0.0,0.5230487804878048,0.14687420710399435,40.0,12.15,0.0,14.994957658409323,0.0,1.8627064943037586,0.0,5.816731291569087,0.0,1.1717622280831541,0.0,0.4635678956964668,0.0,1.433355398099156,0.0,2.0271506148817857,0.0,3.789580676687301,0.0,5.184266941840344,0.0,11.252577936476023,0.0,2.6874752200614007,0.0,3.4457866075397474,0.0,3.6082121450984173,0.0,1.9583380402139057,0.0,5.45181202680075,0.0,8.137704898136338,11.367929002989136,USA,0.0,0.0,0.0,0.0,0.0,0.0,0.0,0.0,0.0,,
1610612753,ORL,East,202696,Nikola Vučević,C,35.0,36.0,25.27470921265501,0.2889024390243902,0.8275777459162967,64.0,28.40625,2072.526155437711,19.302098870095865,1111.2251323088435,3.887996259132918,223.83260942491526,10.785745620414238,620.9372195612848,0.7960635601831375,45.82951527417819,0.7985094287029388,45.97032434306847,1.698905453879212,97.80627746612342,2.622755528021954,150.992484198454,8.162990092392285,469.9447353628308,7.963348542267346,458.4513371865512,15.823738504842899,910.975331335937,1.5931188680612147,91.71612563272744,1.9482773373125872,112.16265943407993,2.4968323289428564,143.74306409657012,1.7548631803076504,101.02777334450582,4.814188213992479,277.1536386305382,16.44537971587814,16.93256299945716,Montenegro,13.551526003766384,7.572405116601034,1.8413717585177318,5.731033358083303,2.7296659685965277,0.5588965277338804,0.5606137115008349,1.192759481294188,1.2320460163964124,50.3,36.5
1610612753,ORL,East,1642859,Jase Richardson,G,20.0,21.0,0.0,0.28317073170731705,0.116327807486631,54.0,10.87037037037037,0.0,15.537035775127768,0.0,3.7704940374787053,0.0,4.095536626916525,0.0,1.2351618398637139,0.0,0.13001703577512777,0.0,1.625212947189097,0.0,1.3651788756388417,0.0,2.7303577512776833,0.0,5.785758091993186,0.0,12.22160136286201,0.0,2.1452810902896084,0.0,2.9903918228279394,0.0,3.445451448040886,0.0,1.8030664395229983,0.0,5.087223168654174,0.0,9.041438263119943,11.695032367972741,USA,0.0,0.0,0.0,0.0,0.0,0.0,0.0,0.0,0.0,,
1610612753,ORL,East,1630658,Colin Castleton,C,26.0,27.0,0.0,0.7146341463414634,0.0902939253393665,4.0,5.25,0.0,10.46365317048354,0.0,2.2550750238319184,0.0,10.19160781384426,0.0,0.7771167999913839,0.0,0.7164135006721251,0.0,2.0105918279569712,0.0,4.2952259974622,0.0,5.896381816382061,0.0,3.9291302144805647,0.0,8.311569638832953,0.0,2.462110041387984,0.0,3.106882191992897,0.0,4.377599409809196,0.0,0.1475811811384578,0.0,1.1806494491076625,0.0,9.830397567252458,9.830397567252458,USA,0.0,0.0,0.0,0.0,0.0,0.0,0.0,0.0,0.0,,
1610612753,ORL,East,1630532,Franz Wagner,F,24.0,25.0,26.666592830073597,0.3063414634146342,0.4348800333111259,34.0,29.970588235294116,2186.660612066035,25.53452653194179,1550.9817615320069,4.67870555404473,284.18725418011684,6.380253927405354,387.5402766121365,1.2840121528506678,77.99163333479635,0.41476297006530777,25.192940277370347,2.339027495876895,142.07386932704043,1.2540072061477354,76.16911569250625,5.12624672125762,311.37116091963037,9.292894848799888,564.455753831724,19.638284105925244,1192.8406206385885,5.178710110182427,314.55781720122417,6.108758441775405,371.0494853682268,2.7142520504110896,164.86522360703898,1.7363119294136877,105.46458073081368,5.679044184063805,344.9483953187505,20.382360787435466,18.97325712904395,Germany,18.914411726000083,4.726100934294347,0.9288916547866616,3.7972092795076873,3.4656982217087418,0.9511174796926384,0.3072309789923213,1.7326081625248833,1.2861534235465082,47.3,30.6
1610612753,ORL,East,1641783,Tristan da Silva,F,25.0,26.0,21.943530487829065,0.09128048780487806,0.4240633986928104,77.0,24.662337662337663,1799.3695000019834,14.185555138661416,709.0293126973265,2.522220368475301,126.06684453661724,5.664307453342611,283.1161686160723,1.1473424807001555,57.3470296063465,0.46958241037773873,23.470896304753275,1.3474951336784293,67.35115680394614,1.3437390331460688,67.16341756125529,4.320568420196542,215.95275105481699,5.225235642798563,261.1702679437498,11.943584461847804,596.9700444818484,1.5331872007558205,76.6325079675956,1.7404546977908337,86.99225275944433,2.277096529762453,113.81494567263657,2.159955763693067,107.95995895952213,5.977516656829175,298.7711432792289,10.454945139500412,11.052291803248458,Germany,8.64669893533325,3.452636202635028,0.8190660678201864,2.6335701348148413,1.5374005431294786,0.6993540195895915,0.2862304427408936,0.821355570779831,1.3165848653600258,43.7,36.1
1610612753,ORL,East,1643593,Izaiyah Nelson,F,,,0.0,0.0,0.0,,,,,,,,,,,,,,,,,,,,,,,,,,,,,,,,,,0.0,,USA,,,,,,,,,,,
1610612753,ORL,East,1631457,Alex Morales,G,28.0,29.0,0.0,0.8509756097560975,0.06200470588235294,4.0,6.0,0.0,11.82,0.0,5.91,0.0,4.4325,0.0,0.0,0.0,0.0,0.0,5.91,0.0,1.4775,0.0,2.955,0.0,4.4325,0.0,10.3425,0.0,2.955,0.0,2.955,0.0,10.3425,0.0,0.0,0.0,1.5150000000000001,0.0,2.3640000000000008,2.3640000000000008,USA,0.0,0.0,0.0,0.0,0.0,0.0,0.0,0.0,0.0,,
1610612753,ORL,East,1628976,Wendell Carter Jr.,C-F,27.0,28.0,26.09958971134452,0.19560975609756098,0.5730246462652541,78.0,29.333333333333332,2140.166356330251,14.119895079430242,839.4145667752682,2.5143045703413236,149.47305697255243,9.453296226055128,561.9896260951921,0.9711328415956597,57.73293986417849,0.7825704141061595,46.52307977026208,1.5980353076894644,95.00170560402367,2.746104653758412,163.25335530376907,6.707191572296716,398.73627079142307,5.0708401372792915,301.4567072259503,10.152922573645744,603.5817586261824,2.879058589771478,171.15734254812597,3.7646073225407357,223.8023871248941,4.010104778338796,238.3969814433297,1.110147777251183,65.99724787299421,3.6180744978599235,215.09114763934096,14.394110916834144,12.698264680686055,USA,10.23676300945449,6.8535320255511225,1.9908945768752326,4.862637448675891,1.8228421582018588,0.7040602422460791,0.5673546313446595,1.1585573854149227,0.8048444862560269,49.9,30.7
1610612753,ORL,East,1629048,Goga Bitadze,C-F,26.0,27.0,13.513210866171987,0.21219512195121948,0.3756928589415218,64.0,15.1875,1108.0832910261029,13.022997945720615,400.84906729778544,3.22362777080642,99.22355748106438,11.592433635419956,356.8161670482732,1.2879319631637103,39.64266356555982,2.4188003226482433,74.45089505152959,1.6915940031854984,52.067418059161305,4.563306545091753,140.45899262350625,7.029127090328203,216.35717442476692,5.313757721077541,163.55794842463794,8.33656551016384,256.60024850991806,2.320611718196641,71.42864083036314,3.4419131681118076,105.94240196520589,4.363435673979338,134.30694893899238,0.07711690892996086,2.373665506690869,0.563029983421384,17.33011436044276,17.59657648487125,15.968100661538307,Georgia,4.888403259729091,4.351416671320405,1.7129145441891005,2.638502127131304,1.2100433839154192,0.4834471166531686,0.9079377445308486,0.6349685129166013,0.028947140325498406,63.7,13.7
1610612753,ORL,East,1642869,Noah Penda,G-F,21.0,22.0,0.0,0.23439024390243907,0.1379921568627451,59.0,12.830508474576272,0.0,11.119101717305153,0.0,3.4287978863936592,0.0,9.159788639365917,0.0,1.4694848084544254,0.0,0.8816908850726553,0.0,2.0572787318361954,0.0,3.2818494055482166,0.0,5.877939233817702,0.0,4.01659180977543,0.0,9.943513870541612,0.0,1.6164332892998678,0.0,2.3511756935270807,0.0,3.4287978863936592,0.0,1.4980184940554822,0.0,4.643857331571994,0.0,8.381213081408761,10.59008718626156,France,0.0,0.0,0.0,0.0,0.0,0.0,0.0,0.0,0.0,,
1610612754,IND,East,1630169,Tyrese Haliburton,G,25.0,27.0,28.993213926849517,0.17146341463414635,0.6159334593837535,73.0,33.56164383561644,2377.4435420016603,22.148801944170668,1462.7090595900656,11.335045900465303,748.567546509823,4.193022869493995,276.90764284843806,1.5898313929132328,104.99262160980749,0.7329280292402145,48.402639163032006,2.269821115485226,149.89920979192655,0.6341621899720737,41.88013342029824,3.55886067952192,235.0275094281397,7.846254343618131,518.1674088371501,16.4404406226322,1085.7283162760743,3.1291971144337496,206.65248531557634,3.656182421424385,241.45464683876102,1.3697673549481795,90.45957089072904,3.3616345691228093,222.00267769251548,8.792170701480318,580.635818178072,21.581128855155445,22.29945794605875,USA,17.83791536085446,3.37692247376144,0.510733334393881,2.8661891393675574,9.128872518412477,1.2803978245098473,0.5902760873540489,1.8280391438039822,2.7073497279575056,47.7,38.2
1610612754,IND,East,1630167,Obi Toppin,F,28.0,29.0,0.0,0.3467073170731707,0.2688372503582538,24.0,17.666666666666668,0.0,19.36641012576477,0.0,3.1718425168942304,0.0,7.372247938638809,0.0,1.014512832064826,0.0,0.6074379552860306,0.0,1.6710580102311496,0.0,1.3952717690162222,0.0,5.9769761696225885,0.0,7.340470994776754,0.0,13.714904747783958,0.0,2.188333628188826,0.0,2.6796228784588925,0.0,2.5994011608610905,0.0,2.5605135564494064,0.0,6.89123806656154,0.0,15.469877398351809,16.224623277332228,USA,0.0,0.0,0.0,0.0,0.0,0.0,0.0,0.0,0.0,,
1610612754,IND,East,1629614,Andrew Nembhard,G-F,26.0,27.0,27.06822230830495,0.2426829268292683,0.39943788088497423,57.0,31.333333333333332,2219.594229281006,16.059806445810477,990.173714180301,7.443032639161603,458.9031192842575,3.4773756900211517,214.398972628139,1.2423583871411337,76.59809741103662,0.17099720245815553,10.542900105536608,2.4461975513600205,150.82127690777858,0.5996551533337805,36.971975497174334,2.877720536687371,177.42699713096468,5.845698943429419,360.4188789152781,12.838664119480272,791.5729108687644,2.7549540731184745,169.85778229522137,3.37731887638181,208.2299302349688,2.7324290216446494,168.46899134340023,1.6618581204081602,102.46251927615921,4.823768803937632,297.41137223904747,10.648168661605968,13.478160102837663,Canada,12.075289197320744,2.6146216174163293,0.45087774996554064,2.1637438674507887,5.596379503466555,0.9341231391589832,0.128571952506544,1.839283864729007,1.2495429180019417,45.5,34.5
1610612754,IND,East,1643552,Braden Smith,G,,,0.0,0.0,0.0,,,,,,,,,,,,,,,,,,,,,,,,,,,,,,,,,,0.0,,USA,,,,,,,,,,,
1610612754,IND,East,1641716,Jarace Walker,F,22.0,23.0,22.19942812211068,0.17646341463414633,0.3945150272232305,76.0,25.69736842105263,1820.3531060130758,15.979524868243985,808.0104924033645,3.624318316821087,183.26497514459302,7.326089289500333,370.4463720297516,1.3464615908555457,68.08432052892222,0.6029993919227054,30.490883778069243,2.5483285800753546,128.85716238561287,0.9089406354044577,45.960914134444536,6.417148654095874,324.4854578953071,5.648272873250989,285.6069741231066,13.121145334913539,663.4754906905233,2.211873580021932,111.84419281947737,3.008028647891805,152.10206367128222,2.7192438611019654,137.49955579344308,2.519088173598134,127.37861058694915,6.58998372014648,333.22492593178475,5.453054491992702,11.966531159428895,USA,9.853786492723957,4.517638683289654,0.5604989528590797,3.9571397304305744,2.2349387212755247,0.8302965918161246,0.37184004607401516,1.5714288095806448,1.5533976900847457,43.0,38.2
1610612754,IND,East,204456,T.J. McConnell,G,34.0,35.0,0.0,0.3169512195121951,0.34986847833250945,56.0,17.196428571428573,0.0,18.79158546877114,0.0,9.83102475735965,0.0,4.76627066205693,0.0,2.0297154224307734,0.0,0.39158683314976955,0.0,2.603149320848865,0.0,0.9492308310077929,0.0,3.8170398310491374,0.0,8.558263182406243,0.0,15.993730801502835,0.0,1.1916895348349539,0.0,1.5143777007854309,0.0,2.122526961178299,0.0,0.48584838742689496,0.0,1.4657637906465382,0.0,15.031446103590483,18.433160875788843,USA,0.0,0.0,0.0,0.0,0.0,0.0,0.0,0.0,0.0,,
1610612754,IND,East,1626162,Kelly Oubre Jr.,F-G,30.0,31.0,27.194924625492764,0.3678048780487805,0.5345453889859,50.0,31.48,2229.9838192904067,15.81061510000121,979.3726623897576,1.757792305666296,108.88467775858379,5.7854209966257075,358.37208917384186,1.4624830517624727,90.59204281713245,0.5751374488274323,35.62631124314273,1.4382722328438546,89.09232797156889,1.386760759320753,85.9015015142266,4.398660237304954,272.4705876596152,5.8569586091338826,362.8034146839501,12.700848555462958,786.7412991650092,2.5006385307516186,154.8995405963957,3.304190226695654,204.6747428163558,2.9656519468841487,183.7043293110762,1.6625618239393984,102.98572127652236,5.06554881036252,313.7803300815052,9.988716921486606,11.70271534747966,USA,11.94356905353363,4.370391331388316,1.047579286758861,3.322812044629454,1.327861923885168,1.10478100996503,0.4344672102822284,1.0864918045313279,1.255923430201492,46.1,32.8
1610612754,IND,East,1642277,Johnny Furphy,G,21.0,22.0,0.0,0.4060365853658537,0.15993676309868207,35.0,18.37142857142857,0.0,10.298064693864317,0.0,2.227489157718361,0.0,8.31492211658587,0.0,1.3178953353620917,0.0,0.5857730050827352,0.0,1.5374193231570235,0.0,1.9549823453676827,0.0,6.359939771218189,0.0,3.870874129986876,0.0,8.703031791549128,0.0,1.1917378482080347,0.0,2.0546484202438666,0.0,3.8195601250640197,0.0,1.39107525724918,0.0,4.39399291297732,0.0,3.80248880737061,8.907532912223408,Australia,0.0,0.0,0.0,0.0,0.0,0.0,0.0,0.0,0.0,,
1610612754,IND,East,1641771,Jalen Slawson,F,26.0,27.0,0.0,0.7273373983739838,0.17823804424333836,13.0,23.923076923076923,0.0,10.772768884097772,0.0,4.0123329188991415,0.0,6.612903326077266,0.0,2.221536369306664,0.0,1.5754266397353835,0.0,1.9663187752567524,0.0,0.8216319552355559,0.0,5.791271370841709,0.0,3.9326375505135047,0.0,8.698765153912474,0.0,1.2922194591425615,0.0,1.8306442337852955,0.0,3.450191948956591,0.0,1.663732553646048,0.0,4.576364920771728,0.0,11.140414672136195,11.140414672136195,USA,0.0,0.0,0.0,0.0,0.0,0.0,0.0,0.0,0.0,,
1610612754,IND,East,1626204,Larry Nance Jr.,F-C,33.0,34.0,0.0,0.5986585365853658,0.2939500211976682,35.0,12.82857142857143,0.0,11.413986182441358,0.0,2.94926890967986,0.0,8.026325560580927,0.0,1.658730634676287,0.0,0.6235157479976889,0.0,1.4210835678238076,0.0,2.318294922417146,0.0,5.7080306381637795,0.0,4.509650640314466,0.0,9.104248829948768,0.0,0.8700557366654841,0.0,1.3026429364475927,0.0,3.362962087203166,0.0,1.5324477762502582,0.0,3.941819351566715,0.0,11.917214192436612,11.400464507176794,USA,0.0,0.0,0.0,0.0,0.0,0.0,0.0,0.0,0.0,,
1610612754,IND,East,1630174,Aaron Nesmith,G-F,26.0,27.0,25.62842324935256,0.3451219512195122,0.38182432785143133,45.0,29.666666666666668,2101.5307064469102,16.6415865283971,971.4668081505483,2.0693597661236605,120.80064142207414,5.187026203423723,302.7970789344359,0.9381859432556158,54.76740466968153,0.6753337235014992,39.423182139931335,1.4192359388754925,82.84910847888493,1.2236190858933977,71.42980783331873,3.963407117530325,231.3672711011171,5.8183811673338885,339.6529634712385,12.739993274312939,743.7079740526598,2.2926169565292454,133.83347034075197,2.74129667627461,160.02553168533188,3.7029512765724624,216.16293922760596,2.793573454316077,163.0772331933389,6.966934580095234,406.70074860769296,13.107681862298664,11.876082247286678,USA,11.847156196957906,3.6926473040784864,0.8710952174794967,2.821552086598989,1.4731785539277333,0.6678951788985553,0.48077051390160164,1.0103549814498163,1.9887467462602306,45.7,40.1
1610612754,IND,East,1641738,Kobe Brown,F,26.0,27.0,0.0,0.3603658536585366,0.1415690427989237,61.0,15.770491803278688,0.0,12.193268219967962,0.0,2.9320205419705525,0.0,6.9937346687873365,0.0,0.8980243021378026,0.0,0.47176093093897653,0.0,1.7901121456117663,0.0,2.4537527368422767,0.0,4.53998193194506,0.0,4.535132328994614,0.0,9.827534538560572,0.0,1.4109233470536158,0.0,1.7921287561144774,0.0,2.873247598005255,0.0,1.7634426213728727,0.0,5.014918864562977,0.0,4.752422349829981,10.39644645468278,USA,0.0,0.0,0.0,0.0,0.0,0.0,0.0,0.0,0.0,,
1610612754,IND,East,1641767,Ben Sheppard,G,24.0,25.0,18.47372946409683,0.20146341463414635,0.4365060318328904,65.0,21.384615384615383,1514.84581605594,11.671021608319087,491.10550701279544,2.8652070530950877,120.56519212541842,5.193521504731135,218.5384533899586,1.1552396348519174,48.61138687215053,0.23722012169276155,9.981997467515578,0.9239522351579749,38.87903271290534,1.16490973751548,49.01829560994857,4.028611767215656,169.5201577800101,4.243755106390465,178.57318520226738,10.007689013023414,421.11405082687554,0.9609444757653711,40.43563107153448,1.1900707243033586,50.07704604226681,3.4590977238619853,145.5555476200265,2.1802323117771154,91.7421054312648,6.248900061830632,262.9477809337733,6.493143819558265,9.314858521269864,USA,5.98909154893653,2.665103090121446,0.5977840928042508,2.067318997317196,1.470307221041688,0.592821791123787,0.1217316764331168,0.47413454527933346,1.1188061637959121,42.4,34.9
1610612754,IND,East,1631245,Quenton Jackson,G,27.0,28.0,0.0,0.568170731707317,0.16733623849539814,49.0,18.306122448979593,0.0,17.374141446404135,0.0,5.493819921087191,0.0,4.519969243458597,0.0,1.4075385287215,0.0,0.2885917084501245,0.0,2.273437900625393,0.0,1.1613132709536182,0.0,3.358655972504979,0.0,6.009703775838582,0.0,12.781956259606586,0.0,3.731980582319589,0.0,4.573161387029041,0.0,3.453244687635479,0.0,1.6389808455314534,0.0,4.56175258031577,0.0,11.285164123415445,14.115188228268241,USA,0.0,0.0,0.0,0.0,0.0,0.0,0.0,0.0,0.0,,
1610612754,IND,East,1630643,Jay Huff,C,28.0,29.0,18.10986279760361,0.29609756097560974,0.33754261727750967,82.0,20.963414634146343,1485.008749403496,17.149908631521203,707.4378991466535,2.3386733101472497,96.47084243236394,6.573642300082599,271.16434252976615,0.8324458247119895,34.338592586158704,3.040539763139503,125.42300419920542,1.5697184108532027,64.7512659504655,1.4875059400481685,61.35998154892229,5.0861363600344305,209.80436098084385,6.314394082486198,260.4702905464907,12.98408211974728,535.5965430777278,1.7734679016582722,73.15598196524425,2.167592937027149,89.41373546195938,3.9912119663309222,164.63846363125975,2.8173899396339457,116.21801974549437,8.269711256658187,341.12759919938856,14.079965205089342,14.42794561121623,USA,8.62729145300797,3.3068822259727577,0.7482924579136865,2.5585897680590715,1.17647368819956,0.41876332422144763,1.5295488316976271,0.7896495847617744,1.4172929237255412,48.6,34.1
1610612754,IND,East,1627826,Ivica Zubac,C,29.0,30.0,26.042365478801372,0.2953658536585366,0.4753587959358953,48.0,30.145833333333332,2135.4739692617127,16.64602114109819,987.4206899609815,2.508522049538475,148.8023205030126,12.63412625699877,749.4402151718552,0.5564114325803372,33.00561473541468,1.1751731623655244,69.7097693779596,1.7890818492871814,106.12604772309396,3.886912280180147,230.56666653134425,8.747213976818623,518.873548640511,7.203924823304061,427.32760935233625,11.616096619747987,689.0519987750221,2.2381714944900697,132.76547125630913,3.2321932840681242,191.7295728263891,2.6222708241451222,155.5497523698991,0.0,0.0,0.0,0.0,19.87621184020776,16.640725411904597,Croatia,12.04171573123148,9.139514819168966,2.8117886162359054,6.327726202933061,1.8146624451586901,0.4025074967733498,0.850119138755605,1.2942200941840727,0.0,62.0,
1610612754,IND,East,1627783,Pascal Siakam,F,32.0,33.0,28.661290299339374,0.2724390243902439,0.5894963192930338,62.0,33.17741935483871,2350.225804545829,23.576815858769123,1539.1900283417922,3.9989304260568854,261.06637438617605,7.258160753856979,473.84213047934657,1.0276238032284701,67.08744388091877,0.4567391973223409,29.817784652625413,1.9542254153658738,127.57974997478242,1.6962036749647351,110.73504574076628,5.561957078892244,363.10708473858034,9.044215784516007,590.4430366291728,17.88877141101659,1167.851449494247,3.8653995410340527,252.34893739493984,5.425994054680197,354.2308678506014,2.5497691208788904,166.4592550978806,1.6313077474143505,106.498376753576,4.448230468662494,290.3985008893772,17.288937234134597,18.07651355142494,Cameroon,18.770610101729172,5.778562566821299,1.3504273870825156,4.428135179738785,3.183736273002147,0.8181395595233997,0.36363152015396843,1.555850609448566,1.2987606921167805,50.6,36.7
1610612754,IND,East,1630679,Ethan Thompson,G,27.0,28.0,17.628539728048338,0.5578048780487804,0.21659433823529411,32.0,20.40625,1445.5402576999636,12.294027565084226,493.6531048500641,3.1424196018376724,126.18039002894017,3.803981623277182,152.74468266661177,1.1026033690658499,44.27382106278602,0.49617151607963245,19.92321947825371,1.3782542113323122,55.34227632848252,0.9372128637059725,37.63274790336812,2.8667687595712095,115.11193476324365,4.079632465543645,163.81313793230828,10.80551301684533,433.883446415303,2.0398162327718223,81.90656896615414,2.5911179173047474,104.04347949754715,3.803981623277182,152.74468266661177,2.115895865237366,84.96146261948637,6.459050535987749,259.3560437858005,7.758656584274308,8.407350689127107,Puerto Rico,6.020159815244684,1.8627400325196557,0.4589359500410746,1.4038040824785811,1.5387852442553678,0.5399246471071466,0.24296609119821597,0.6749058088839331,1.0361153977986142,37.8,32.8
1610612755,PHI,East,2544,LeBron James,Forward,41.0,42.0,28.0,0.3273170731707318,0.8933457475279002,60.0,33.15,2296.0,22.383218221897053,1427.5519177076565,7.528505577119973,480.1513556963183,6.690349073923056,426.695596492426,1.1089241090027695,70.72471539639886,0.5467012977245811,34.86739387710106,3.222537195938777,205.52626116320647,0.8243865803325905,52.5775441234341,5.865962493590466,374.1180523689919,8.458423001210933,539.459422521675,16.277926483180874,1038.1699779273135,3.781971272331599,241.20572336870416,5.015559422485553,319.88123427852304,1.2766612916553792,81.42262015668751,1.7210183590380153,109.76272645420232,4.762996009563522,303.7733010543846,20.054049121658228,19.243830187196217,USA,17.409169728142153,5.203604835273487,0.6411895624809036,4.562415272792585,5.85550433775998,0.8624965292243764,0.42521212045245194,2.5064178190634934,1.3385698348073454,52.0,36.1
1610612755,PHI,East,1627759,Jaylen Brown,Guard-Forward,29.0,30.0,34.0,0.2441463414634146,0.8007439828220179,71.0,34.40845070422535,2788.0,25.981400342494947,2012.11511541322,4.695741867898808,363.659120213941,6.407736160083332,496.2435670642314,1.1022165606782526,85.36054919919357,0.3918279591977452,30.344898617869823,3.1178929247350022,241.4634853933663,1.212247797044767,93.8818571711336,5.1954883630385655,402.3617098930978,9.575343758780194,741.5571777633107,20.0522513615774,1552.9354665577164,4.85437319432372,375.9442351604037,6.265296494199315,485.21240627299136,2.63954715250521,204.41826281068128,2.079273986371824,161.02821872235126,6.0870608039943495,471.4090422648957,22.76652037957856,18.107616193704263,USA,24.537989212356344,6.0517508178564805,1.1449006972089464,4.906850120647534,4.4348673196822075,1.0409823073072386,0.37005973924231494,2.9446766511386135,1.9637587649067225,47.8,34.2
1610612755,PHI,East,203954,Joel Embiid,Center-Forward,32.0,33.0,26.0,0.6547560975609756,0.5055354695562435,38.0,31.605263157894736,2132.0,31.064254844225484,1839.6942035524648,4.896576139752366,289.98612027644566,9.462323663800047,560.3798347561583,0.8104499478012024,47.99664690867121,1.408188136614951,83.39603075730764,3.499508449119114,207.2486670422764,2.282250561411887,135.15994991472618,7.180073102388159,425.2198848414321,10.24602030726492,606.7920915302446,20.78879454258152,1231.158610132883,9.073200929864958,537.3351217353359,10.46623132421648,619.8334773119316,2.5777108281131604,152.65776348714607,1.506700547522126,89.23015464769924,4.450834125851526,263.5882876754293,27.725330992486747,24.498084114182504,Cameroon,22.43529516527396,6.833900423855589,1.6482920721308072,5.185608351724781,3.5364161009322643,0.5853249623008684,1.01702476533302,2.5274227688082487,1.0881726176548687,49.3,33.9
1610612755,PHI,East,1630178,Tyrese Maxey,Guard,25.0,26.0,35.0,0.2019512195121951,0.5840479656440357,70.0,38.01428571428571,2870.0,27.276039460777262,2174.506479234188,6.373171103602783,508.0833629816663,3.842889803143411,306.3637148617108,1.6436304740916443,131.03387390675056,0.6225569426027929,49.6316229241671,2.2594158993141638,180.1256564175458,0.3654264379834943,29.132607694795244,3.4774633651599167,277.2311071669156,9.551191787009996,761.4422341310747,21.062517074153227,1679.1506667449933,5.069064086028944,404.1170535250853,5.734228849508935,457.14546661362897,2.1740615358474926,173.32101688561954,3.0454567188096924,242.79057730510604,8.454981974639015,674.0499518670548,20.95454130495832,20.79732542720081,USA,26.518371697977905,3.7361428641672045,0.35527570359506394,3.380867160572141,6.1961385729471505,1.5979740720335434,0.6052636941971598,2.1966543465554365,2.9608606988427564,45.3,36.0
1610612755,PHI,East,1642845,VJ Edgecombe,Guard,20.0,21.0,24.0,0.0782926829268292,0.4681679656440357,75.0,34.973333333333336,1968.0,17.443324437666796,953.5684025924515,4.582691574532977,250.52047274113608,6.153900114372855,336.41320625238274,1.5566603126191385,85.09743042317957,0.5673808616088449,31.016820434616854,1.9931071292413267,108.95652306519251,1.7748837209302326,97.02697674418604,4.379016393442623,239.38622950819675,6.561250476553564,358.6816927182615,14.9846740373618,819.1621807091118,2.153137628669463,117.70485703393064,2.6332291269538697,143.94985894014488,3.113320625238277,170.19486084635915,2.1472359893252,117.38223408311094,6.067022493328251,331.6638963019444,13.751281259234128,13.865915364086923,USA,11.628882958444532,4.10260007624857,1.1832558139534883,2.9193442622950823,3.055127716355318,1.0377735417460923,0.3782539077392299,1.3287380861608844,1.4314906595501335,43.8,35.4
1610612755,PHI,East,203484,Kentavious Caldwell-Pope,Guard,33.0,34.0,22.0,0.3321951219512196,0.5631689570018694,51.0,21.33333333333333,1804.0,11.66950534132426,584.7718787708045,3.0012726088454253,150.39710517658742,3.06980558113701,153.83136856586574,1.4563014290173764,72.97688272075963,0.4652491769812415,23.31415320205999,1.3105667639024756,65.67395672444628,0.5359625949738016,26.85768114813161,2.533842986163209,126.97368741773415,4.115898257823175,206.25223491980577,9.506101822573042,476.3613246644936,1.6630626003767983,83.33791475221511,1.8644780636791305,93.4310674132542,2.045269134636971,102.49070885791932,1.7837469751744537,89.38554286707539,5.115237459039156,256.3302326696288,6.662299888944238,9.47054615700087,USA,7.131364375253714,1.8759922995837286,0.3275326969284343,1.5484596026552946,1.8341110387388708,0.8899619843995077,0.2843189414885365,0.8009019112737352,1.0900675959399437,43.3,34.9
1610612755,PHI,East,1629731,Dean Wade,Forward-Center,29.0,30.0,18.0,0.3465853658536585,0.4468989132709092,59.0,22.338983050847457,1476.0,8.94269096879389,366.6503297205495,2.075208201490721,85.08353626111956,6.653699355333839,272.8016735686874,1.171412170052757,48.02789897216304,0.6176505971501355,25.323674483155557,0.5128419801147948,21.026521184706585,1.354305074135823,55.52650803956874,5.299394281198017,217.2751655291187,3.1296491088265874,128.31561346189008,7.33776256068622,300.848264988135,0.6108107376615377,25.043240244123048,0.912041880121922,37.393717084998805,2.585273895958755,105.99622973430895,2.180528993347885,89.4016887272633,5.938753180245543,243.4888803900673,13.029532380245843,8.984917989717559,USA,4.471345484396945,3.3268496776669196,0.6771525370679115,2.6496971405990086,1.0376041007453605,0.5857060850263784,0.30882529857506774,0.2564209900573974,1.0902644966739428,42.7,36.7
1610612755,PHI,East,1629014,Anfernee Simons,Guard,27.0,28.0,20.0,0.3096341463414634,0.4129704889228418,55.0,24.945454545454545,1640.0,21.394081201306467,974.6192547261836,4.678058194783262,213.1115399845708,3.348770199201181,152.55508685249825,0.7728074678236881,35.20567353419024,0.1373022552175147,6.254880515464559,2.1753284663060786,99.09829679838802,0.5799801462734925,26.42131777468132,2.7687900529276885,126.13376907781692,7.62735447567353,347.46837055846083,17.655292061762673,804.2966383691884,2.550019665076785,116.16756252016462,2.821006034872503,128.5124971441918,2.1597439715279063,98.38833648071574,3.625246110731443,165.15010059998795,9.64293861232642,439.289425672648,11.50918815582193,14.31888084660046,USA,11.885600667392483,1.8604278884451007,0.32221119237416246,1.538216696070938,2.5989212193240343,0.4293374821242712,0.07627903067639706,1.208515814614488,2.014025617073024,43.2,37.6
1610612755,PHI,East,1641737,Adem Bona,Forward,23.0,24.0,12.0,0.1714837398373984,0.2764437897327176,71.0,17.380281690140844,984.0,11.655589356828813,318.5861090866542,1.0268405595769954,28.06697529510454,9.666053122266751,264.20545200862455,0.9717373384471996,26.560820584223453,2.628804121049569,71.85397930868822,1.978457256135068,54.077831667691854,3.8961782070348754,106.49553765895324,5.769874915231877,157.7099143496713,4.526591619844189,123.72683760907452,7.143672484552221,195.26038124442735,2.5605018979652034,69.98705187771556,3.687488578857228,100.7913544887642,4.855548011225992,132.7183123068438,0.0411060435718891,1.123565190964969,0.1362657231091971,3.724596431651388,11.764365834130333,12.083159966977426,Nigeria,3.8851964522762703,3.2220177074222507,1.298726069011625,1.9232916384106256,0.3422801865256651,0.3239124461490665,0.8762680403498564,0.6594857520450226,0.013702014523963038,63.4,30.2
1610612755,PHI,East,1642348,Justin Edwards,Forward,22.0,23.0,10.0,0.2689430894308943,0.3024465796649865,64.0,15.265625,820.0,14.494627930342311,330.1554139689082,2.6857648527305336,61.17575497886215,4.072876112199536,92.77106700010054,1.7913083649299824,40.8020238678496,0.4585362899130639,10.444437714686456,1.454570848111688,33.13189154032179,1.1959320653172565,27.240674821115288,2.87694404688228,65.53039217898525,5.467648096569768,124.54087331075584,12.140809815772313,276.5406680259249,1.1563539042724968,26.33917226398465,1.4787190851175107,33.68193471656552,3.3224458020852867,75.67793215860931,2.4496375966764976,55.797300813186894,6.645751030684478,151.37544014336868,4.0982500477421215,10.963179881213057,USA,4.026285536206197,1.1313544756109823,0.3322033514770157,0.7991511241339665,0.7460457924251482,0.4975856569249951,0.12737119164251776,0.4040474578088023,0.6804548879656939,45.0,36.9
1610612755,PHI,East,1631230,Dominick Barlow,Forward,23.0,24.0,10.0,0.3197560975609756,0.2992271482261595,71.0,23.7887323943662,820.0,12.565243017313794,286.20831317214754,2.04648706923948,46.6144276882326,7.921541128697625,180.43510348700147,1.3268834645592962,30.22345669273952,1.240211301207627,28.24925741639595,1.1333510445910924,25.815218237908216,3.1243566228898776,71.16590085471388,4.797184505807748,109.2692026322876,4.969521461748404,113.19465551760256,9.306374617882874,211.97853296288767,2.1455440112413178,48.87072470049668,3.043938416581081,69.33415282212462,3.5824790645661317,81.60091202622856,0.4715007286218464,10.739738818608725,1.8182827911222132,41.41644135333931,13.236572143726406,12.366666248579204,USA,3.4903452825871653,2.200428091304896,0.8678768396916328,1.3325512516132634,0.5684686303443001,0.36857874015536,0.34450313922434084,0.31481973460863677,0.13097242461717956,53.4,25.9
1610612755,PHI,East,1631133,Jabari Walker,Forward,23.0,24.0,10.0,0.1782926829268292,0.2643968872126632,64.0,11.90625,820.0,14.38365709851007,327.6277450216183,1.6927857716559291,38.557898132162826,10.426264707929512,237.48714056950556,1.1971674319170975,27.26881372700056,0.5051623708136076,11.506476224087727,1.4774544594389074,33.65312935388623,3.3483879295466465,76.26883617300696,7.077876778382864,161.21830439649855,5.231696904132665,119.16642948302182,11.074510962830908,252.2527497089262,2.615107809849646,59.56634455768639,3.5760440793910777,81.45433736390788,4.484429899867501,102.1453477192042,1.2802953760066156,29.16228356459513,3.797958445851694,86.50905348884415,11.65283307129012,12.271542974822305,USA,3.9954603051416866,2.8961846410915313,0.930107758207402,1.9660768828841286,0.4702182699044247,0.33254650886586046,0.14032288078155764,0.41040401651080766,0.35563760444628206,47.2,33.7
1610612755,PHI,East,1642889,Labaron Philon,Guard,,,10.0,0.0,0.0,0.0,0.0,820.0,0.0,0.0,0.0,0.0,0.0,0.0,0.0,0.0,0.0,0.0,0.0,0.0,0.0,0.0,0.0,0.0,0.0,0.0,0.0,0.0,0.0,0.0,0.0,0.0,0.0,0.0,0.0,0.0,0.0,0.0,0.0,0.0,USA,0.0,0.0,0.0,0.0,0.0,0.0,0.0,0.0,0.0,,
1610612756,PHX,West,1628970,Miles Bridges,F,28.0,29.0,28.476939696535943,0.1979268292682927,0.5680453921146239,77.0,31.0,2335.1090551159473,20.47679883314144,1328.2099548626734,3.734712593341476,242.2489220824234,7.209419440520746,467.6327949358039,0.7524852443800336,48.809308555359806,0.5704823162739231,37.00384506985438,1.8710513454184736,121.36413720204315,1.1231566878147472,72.85259311195142,6.086262752705999,394.7802018238525,7.533589774494016,488.65982499860786,16.697727687766932,1083.0837534323564,3.1477072153965007,204.17332282017145,3.756208498082483,243.6432354659966,1.7876819639610626,115.9564539364705,2.3193210045121586,150.440763315471,7.032979289865001,456.1881562279636,15.521715084302276,15.35051090581784,USA,16.197682376374065,5.702838962631755,0.8884462574628222,4.814392705168933,2.9542551473466268,0.5952354701873147,0.45126640329090706,1.4800504536834531,1.8346434550667194,45.1,33.0
1610612756,PHX,West,1642346,Ryan Dunn,F,23.0,24.0,0.0,0.11040650406504066,0.37218713831478534,70.0,19.357142857142858,0.0,12.282563702186525,0.0,2.3238275268056707,0.0,7.838887311181514,0.0,1.4781048527386897,0.0,0.9132755968794252,0.0,1.3682416394639694,0.0,2.6448080645071514,0.0,5.194079246674363,0.0,4.939615319367697,0.0,11.163369853483628,0.0,0.5892526397341129,0.0,1.205971082786906,0.0,3.9102411241926363,0.0,1.7795265108843135,0.0,5.542543427524528,0.0,10.995791822081026,10.418691924608497,USA,0.0,0.0,0.0,0.0,0.0,0.0,0.0,0.0,0.0,,
1610612756,PHX,West,1629599,Amir Coffey,G-F,29.0,30.0,0.0,0.3234146341463414,0.22619312349501203,46.0,10.673913043478262,0.0,12.271109121650092,0.0,1.6813643238489362,0.0,3.455372441582947,0.0,0.8030585114961882,0.0,0.2381304826327191,0.0,0.8026607240927297,0.0,0.8062108457438842,0.0,2.6491615958390633,0.0,4.329093858726306,0.0,9.132930158059063,0.0,1.887991275690146,0.0,2.186941896979887,0.0,2.324304144891121,0.0,1.814770239367091,0.0,4.647528350409328,0.0,6.597465913181876,9.26353387073998,USA,0.0,0.0,0.0,0.0,0.0,0.0,0.0,0.0,0.0,,
1610612756,PHX,West,1628415,Dillon Brooks,G-F,30.0,31.0,27.91921161492176,0.2867073170731707,0.49236830623306227,56.0,30.392857142857142,2289.3753524235844,18.22974244210248,1159.2978618883208,1.9168788296650092,121.90153183937885,4.003966973893133,254.62731394302736,1.0156093183241894,64.58641502953104,0.1947454422189076,12.384594872577734,1.5276873706237528,97.15138368096703,0.9402730908142538,59.79550107381376,3.063693883078879,194.8318128692136,6.670698875694598,424.2148219293036,15.442464375739213,982.0443700693502,2.379202399359352,151.3024258755654,2.843818275543689,180.84909630004066,3.6425523865306766,231.64360148986214,2.6136898868270113,166.21436682723746,7.140675221303256,454.10238475870824,11.339325078900337,10.988787890789688,Canada,14.137778803516106,3.1052111456466753,0.7292134277294361,2.375997717917239,1.4866040468216932,0.7876392076772079,0.15103164478753334,1.1847729717191102,2.027004473502896,43.2,36.6
1610612756,PHX,West,1630224,Jalen Green,G,24.0,25.0,23.769058537027984,0.22341463414634144,0.415338499794912,32.0,25.875,1949.0628000362947,24.34552562878173,1318.0821763996857,4.079612152729482,220.87278570725059,5.537045335405443,299.77914125981215,1.1142778596608696,60.327709032474,0.38361423453851473,20.769117613983816,2.9278169842825297,158.513865816098,0.6437947470850537,34.85545534450702,4.893250588320389,264.9236859153051,8.734613751612843,472.8975204431681,20.665654362431308,1118.8516154506287,3.7095525905747517,200.83752664076434,4.655507405839671,252.0521194448771,1.7804216903606351,96.39315791832368,3.1064265724102174,168.18390203691686,9.2043199794302,498.32771309828445,16.517761865566204,15.512213319396317,USA,16.074172882922998,3.6558431860952703,0.42506652859154903,3.230776657503721,2.693570557405495,0.7357037686887072,0.2532819221217539,1.9330959245865609,2.051023195572157,42.3,33.7
1610612756,PHX,West,1629312,Haywood Highsmith,F,29.0,30.0,20.4691475556585,0.49353658536585365,0.21788918913177402,7.0,13.0,1678.4700995639969,9.713783901682126,452.89710646109853,2.047037328965979,95.44141526002069,4.95728314341651,231.12920920270093,1.31896399521484,61.49560078804387,0.6843347684391377,31.906540192142895,0.9233041713590013,43.04829012302213,1.4993473017478915,69.90582263460539,3.457935841668617,161.22338656809546,3.6045590732727897,168.05957296112464,7.771064275024519,362.3194174282951,0.6734963733073119,31.401209021142076,0.9400973973650152,43.831260337641986,3.084982721422657,143.83475709943048,1.9265427871328398,89.82345732592104,4.845150415953285,225.9011139185459,8.996748075887368,8.769773196045465,USA,5.523135444647543,2.8186488927158653,0.852510032129334,1.96613886058653,1.1639196982929352,0.7499463510737058,0.38910414868466947,0.5249791478417333,1.0954080161697688,46.4,39.8
1610612756,PHX,West,1628379,Luke Kennard,G,30.0,31.0,19.797243850238594,0.3037804878048781,0.5210325949838738,78.0,21.55128205128205,1623.3739957195646,13.630815180314347,614.6641917828277,4.179893914784569,188.48697461465886,3.93506390168425,177.44667804136057,1.086169873123385,48.97944241562561,0.13737140862685954,6.19458812556139,1.4582755541835404,65.75907259041935,0.6863552964522773,30.95031500236166,3.2487086052319722,146.4963630389989,4.850615021461315,218.73228580797212,9.65597413382593,435.4238142276045,1.2767192787550097,57.57202436013114,1.4120262500616168,63.67351932287333,1.7671872839781255,79.68905228823263,2.7634019360799043,124.61207896536709,6.036871659003605,272.2250129645244,10.350581338247935,12.15592292752086,USA,7.495904777839363,2.1639838785531778,0.37744286588245923,1.7865410126707184,2.2986216416421814,0.597310273361288,0.07554375762879745,0.8019399096392603,1.5196594995776473,50.2,45.8
1610612756,PHX,West,1642863,Khaman Maluach,C,19.0,20.0,0.0,0.36121951219512194,0.09844235294117644,46.0,8.934782608695652,0.0,12.905693430656934,0.0,0.557080291970803,0.0,12.348613138686133,0.0,0.46423357664233583,0.0,3.063941605839416,0.0,2.321167883211679,0.0,4.54948905109489,0.0,7.799124087591241,0.0,5.199416058394161,0.0,9.748905109489051,0.0,2.0426277372262773,0.0,2.878248175182482,0.0,3.9924087591240878,0.0,0.4598540145985402,0.0,1.9313868613138687,0.0,12.432175182481755,12.432175182481755,South Sudan,0.0,0.0,0.0,0.0,0.0,0.0,0.0,0.0,0.0,,
1610612756,PHX,West,1642345,Oso Ighodaro,F,23.0,24.0,20.254251365592832,0.0975,0.3311089304874645,82.0,22.048780487804876,1660.8486119786123,10.59774586356023,488.9236529887802,3.520025862352895,162.3952796560451,8.54775056364674,394.3477683103358,1.3888266485798626,64.07307809924369,1.153317152533194,53.20792199877447,1.9240396157303523,88.76495903271162,2.751598770011197,126.94413883042093,5.796151793635543,267.4036294799149,4.752859624372966,219.27167527969524,7.413130654288609,342.00243771087054,1.0920266148142947,50.38030242938956,2.2753809697241456,104.97398125802488,4.324905098230548,199.52812859265083,0.0,0.0,0.033968364200196374,1.5671197370300038,13.957910964040694,11.5074862944195,USA,5.9624835730339045,4.809119125735803,1.5480992540295235,3.2610198717062793,1.980430239707867,0.7813790012102889,0.6488770975460301,1.0824995003989222,0.0,64.1,0.0
1610612756,PHX,West,1631221,Collin Gillespie,G,27.0,28.0,26.20337757560283,0.369390243902439,0.3413491892243769,80.0,28.525,2148.676961199432,15.807390070399867,943.4715239155794,5.827346988687815,347.80795054189986,5.200034479716884,310.36650788917615,1.5876962619157848,94.76239942669183,0.2590044290050339,15.458801373659174,1.9106369724205552,114.03726788488558,1.3965552091895614,83.3540556396851,3.803479270527321,227.012452249491,5.512002749836058,328.98648107335146,13.104764153725826,782.1640227517458,1.2327392416649152,73.57662243699616,1.4285470206682256,85.26350198055292,2.1427017800091446,127.88816526185173,3.5861517823534643,214.0411587251991,8.87622770324236,529.7818324532502,14.051446043739542,13.95959014859234,USA,11.505750291653406,3.784957413282636,1.0165128736546964,2.768444539627939,4.241560372462193,1.1556390173986808,0.18852196797145335,1.3906983888400681,2.6102580332341354,42.1,40.4
1610612756,PHX,West,1642886,Koby Brea,G,23.0,24.0,0.0,0.6929268292682926,0.07289882352941175,12.0,7.0,0.0,20.25,0.0,4.5,0.0,3.6,0.0,0.45,0.0,0.0,0.0,1.8,0.0,0.45,0.0,3.1500000000000004,0.0,6.750000000000001,0.0,16.2,0.0,0.9,0.0,0.9,0.0,2.6999999999999997,0.0,5.738571428571428,0.0,13.242857142857144,0.0,13.589999999999998,13.589999999999998,USA,0.0,0.0,0.0,0.0,0.0,0.0,0.0,0.0,0.0,,
1610612756,PHX,West,1631109,Mark Williams,C,24.0,25.0,21.679218607685428,0.37341463414634146,0.2956478159301998,60.0,23.6,1777.6959258302052,19.559605522596218,965.8619735657021,2.1729798476199473,107.30270616736446,13.346572153509,659.0596372525504,1.308129156228185,64.5959964301819,1.5560308974280996,76.83749407844029,1.8692881967095787,92.30627809703081,4.787670560026133,236.41729024376872,8.558901593482865,422.6423470087817,7.879759523803277,389.1060111663012,12.5104813627879,617.77310413341,3.7840374530113037,186.85744342797503,4.864169396749814,240.19483664305864,3.4985001133778004,172.75748327967295,0.015743326321631352,0.7774124183605412,0.055414022777606084,2.7363689590447926,17.085187962258072,20.090907906434868,USA,11.778804555679294,8.037312649421345,2.8831376858996185,5.154174963521728,1.3085695874068837,0.7877560540266085,0.9370426107126865,1.1256863182564734,0.009480639248299283,63.0,28.4
1610612756,PHX,West,1626164,Devin Booker,G,29.0,30.0,30.802173683853898,0.24231707317073167,0.8160894153479694,64.0,33.53125,2525.7782420760195,25.57737256454821,1794.5214198057774,6.423098687014316,450.64785862132806,3.9844405362379156,279.5503670354288,0.8319002844340022,58.36654550000707,0.27767396703251424,19.481746231157178,2.9065312071404286,203.9237023030623,0.8367563752071783,58.70725128935247,3.1476841610307376,220.8431157460763,8.592628832201,602.8631929613433,18.495220473370228,1297.6340403899296,6.28355637568282,440.85749934882546,7.1250143324252715,499.89461598109847,2.65325732280211,186.15387823784553,2.218379280945864,155.64261445792525,6.5819353785239985,461.79192138406404,19.38421120713618,18.815828300332225,USA,21.88440755860704,3.409150817505229,0.7159420888945424,2.6932087286106867,5.495705592943025,0.7117871402439887,0.2375822711116729,2.486874418330028,1.8980806641210397,46.5,33.7
1610612756,PHX,West,1631123,Jamaree Bouyea,G,27.0,28.0,0.0,0.6364634146341462,0.1377546405228758,46.0,14.0,0.0,14.087321994421654,0.0,4.628373153250199,0.0,4.6296218120818695,0.0,1.5941556013596645,0.0,0.8620880731613925,0.0,1.928535631569971,0.0,0.9899828833688692,0.0,3.639638928713001,0.0,5.781324209378137,0.0,12.72016938504139,0.0,1.3245969961427706,0.0,1.9369481004416536,0.0,2.1591470997002813,0.0,1.2120773453178346,0.0,4.273932032182495,0.0,13.316132247441388,11.680956352294185,USA,0.0,0.0,0.0,0.0,0.0,0.0,0.0,0.0,0.0,,
1610612756,PHX,West,1630587,Isaiah Livers,F,27.0,28.0,0.0,0.519390243902439,0.17456214199838238,36.0,9.63888888888889,0.0,8.824775031159042,0.0,1.706839143648191,0.0,4.764085016581656,0.0,1.0398574958534805,0.0,0.7166555581805775,0.0,1.0940561127025348,0.0,1.2735720733276006,0.0,3.4905129432540556,0.0,3.0525017907146226,0.0,8.092158969061,0.0,0.9419100806157461,0.0,1.249596253137589,0.0,3.0893114998894102,0.0,1.7956399828051912,0.0,5.497124487741235,0.0,3.6331533040215125,6.60336740887431,USA,0.0,0.0,0.0,0.0,0.0,0.0,0.0,0.0,0.0,,
1610612756,PHX,West,1643520,Koa Peat,F,,,0.0,0.0,0.0,,,,,,,,,,,,,,,,,,,,,,,,,,,,,,,,,,0.0,,USA,,,,,,,,,,,
1610612756,PHX,West,1642853,Rasheer Fleming,F,21.0,22.0,0.0,0.27341463414634143,0.12747331006979062,55.0,12.236363636363636,0.0,13.112986627043092,0.0,0.8815453194650817,0.0,6.831976225854384,0.0,1.2121248142644874,0.0,1.1570282317979197,0.0,1.5978008915304607,0.0,3.140505200594354,0.0,3.6914710252600296,0.0,4.793402674591382,0.0,11.845765230312034,0.0,1.0468350668647846,0.0,1.8732838038632986,0.0,3.526181277860327,0.0,2.527488855869242,0.0,7.301634472511145,0.0,14.265246281477069,9.344380386329867,USA,0.0,0.0,0.0,0.0,0.0,0.0,0.0,0.0,0.0,,
1610612756,PHX,West,1643047,CJ Huntley,F,24.0,25.0,0.0,0.7709756097560976,0.10334117647058823,4.0,10.0,0.0,11.34,0.0,1.8900000000000001,0.0,4.7250000000000005,0.0,0.9450000000000001,0.0,0.0,0.0,0.0,0.0,1.8900000000000001,0.0,2.835,0.0,5.67,0.0,10.395000000000001,0.0,0.0,0.0,0.0,0.0,1.8900000000000001,0.0,0.0,0.0,2.7809999999999997,0.0,10.017000000000001,10.017000000000001,USA,0.0,0.0,0.0,0.0,0.0,0.0,0.0,0.0,0.0,,
1610612756,PHX,West,1630692,Jordan Goodwin,G,27.0,28.0,20.629377512882257,0.3437804878048781,0.3401057082909294,70.0,22.457142857142856,1691.608956056345,13.215105482441189,620.966410814634,3.687269419786022,173.26161038618662,7.899437554300935,371.187758740647,2.221087974058637,104.36700858629537,0.4331597247444036,20.353801938348177,1.644860215646751,77.29056311802263,3.0375374865174916,142.7312671263852,4.861900067783443,228.45649161426178,5.009193691437326,235.3776919737868,12.302377965386903,578.0781318621866,0.9586718691768472,45.047164439411986,1.3322694189168998,62.602191136661396,2.935509245652862,137.93704807034965,2.260426692693587,106.21550105192487,6.246014210663577,293.49482162260307,11.051990385960636,12.32885008556858,USA,7.572761107495536,4.526679984642036,1.7406252088583563,2.7860547757836804,2.112946468124227,1.272768397393846,0.2482170968091241,0.942567842902715,1.2953109884381082,40.7,36.2
1610612756,PHX,West,1630311,Pat Spencer,G,29.0,30.0,0.0,0.4947560975609756,0.2390440402827887,66.0,18.62121212121212,0.0,13.344008701424793,0.0,6.537421810782445,0.0,4.665512736006764,0.0,1.4058337049166363,0.0,0.17047029129407543,0.0,2.393457381849741,0.0,1.515284466841498,0.0,3.1502282691652654,0.0,5.260721518750668,0.0,12.401083497469159,0.0,1.260105535739221,0.0,1.6440993642035029,0.0,2.1772092811569883,0.0,1.6438382598604977,0.0,4.754594648865318,0.0,6.68459191405443,11.456726018907228,USA,0.0,0.0,0.0,0.0,0.0,0.0,0.0,0.0,0.0,,
1610612757,POR,West,1643257,Jayson Kent,F,24.0,25.0,0.0,0.761219512195122,0.04551411764705882,5.0,4.4,0.0,17.181818181818183,0.0,0.0,0.0,8.590909090909092,0.0,1.7181818181818183,0.0,1.7181818181818183,0.0,0.0,0.0,0.0,0.0,8.590909090909092,0.0,6.872727272727273,0.0,12.02727272727273,0.0,1.7181818181818183,0.0,1.7181818181818183,0.0,1.7181818181818183,0.0,1.6854545454545455,0.0,6.741818181818182,0.0,16.322727272727274,16.322727272727274,USA,0.0,0.0,0.0,0.0,0.0,0.0,0.0,0.0,0.0,,
1610612757,POR,West,203081,Damian Lillard,G,34.0,36.0,30.616569390566323,0.35841463414634145,0.7,58.0,36.08620689655172,2510.5586900264384,24.846121718460154,1732.7124109370766,6.754614192771648,471.0515377621883,4.385779392838955,305.8543490897421,1.0161796041011688,70.86607043621709,0.21407915476483494,14.9293967318992,2.7011561326926556,188.37252783471538,0.5196658220512517,36.24032070723619,3.8661135707877032,269.6140283825059,7.557158132019138,527.0191394512393,17.087745060321794,1191.6607459485342,6.481655465419334,452.0160126240519,7.051959050987683,491.7876965879923,1.6886615295654965,117.7634410434443,3.2165586952306047,224.31553845253603,8.75478927332193,610.5392302635727,20.47957152940425,19.72068634434525,USA,21.130639157769227,3.7299310864602693,0.44195513057605107,3.2879759558842188,5.744530948319369,0.8642203711733791,0.18206581380364878,2.2972259492038463,2.7355553469821468,44.2,36.7
1610612757,POR,West,1630703,Scoot Henderson,G,22.0,23.0,21.154152674634965,0.32951219512195123,0.3145051692583191,30.0,24.933333333333334,1734.6405193200671,18.836930349999474,907.6472956866394,6.6192999119131475,318.947384353786,4.086075110930477,196.8853181223679,1.2892018083308097,62.119491508647926,0.32414257477122393,15.618634562080544,3.896278088565521,187.74005130457482,1.041254729578297,50.17229569056037,3.0448203813521806,146.71302243180753,6.4634291778787505,311.4368373806686,15.80661038972682,761.6329681979361,3.623204407341862,174.58214374317342,4.506809005226514,217.158153147291,4.0090230756346275,193.17260749680509,2.3312727827622464,112.33111751576226,6.734163412373018,324.4820199673591,9.34661998338641,12.296281564489295,USA,11.068869459593163,2.4010404649069255,0.6118572645190289,1.7891832003878967,3.889602248216902,0.7575547744957064,0.1904711531961042,2.2895128207874977,1.369891677021491,40.9,34.6
1610612757,POR,West,1631104,Blake Wesley,G,23.0,24.0,0.0,0.35207317073170735,0.14320610485912846,31.0,11.64516129032258,0.0,12.979116595823141,0.0,6.627760367065129,0.0,3.8079169377123883,0.0,1.6866129801672238,0.0,0.4099411015002128,0.0,2.882356632430914,0.0,0.8580439306063518,0.0,2.949873007106037,0.0,4.895680102099297,0.0,10.836321557006029,0.0,2.3423611489713396,0.0,3.8626932561048792,0.0,3.262486955162865,0.0,0.8292924761264818,0.0,3.072282766970133,0.0,6.363122851301528,10.655075951128383,USA,0.0,0.0,0.0,0.0,0.0,0.0,0.0,0.0,0.0,,
1610612757,POR,West,1642959,Chris Youngblood,G,24.0,25.0,0.0,0.47829268292682936,0.057862110726643594,34.0,5.4411764705882355,0.0,14.507027027027029,0.0,2.451891891891892,0.0,5.721081081081081,0.0,0.8172972972972974,0.0,0.612972972972973,0.0,0.4086486486486487,0.0,1.4302702702702703,0.0,4.290810810810811,0.0,4.495135135135136,0.0,12.872432432432435,0.0,1.838918918918919,0.0,2.0432432432432432,0.0,4.495135135135136,0.0,3.607783783783784,0.0,10.823351351351352,0.0,10.257081081081083,10.257081081081083,USA,0.0,0.0,0.0,0.0,0.0,0.0,0.0,0.0,0.0,,
1610612757,POR,West,201950,Jrue Holiday,G,36.0,37.0,24.972614901950266,0.38646341463414635,0.6682935282263376,53.0,29.433962264150942,2047.7544219599217,15.180094316672166,863.4751461870585,5.602620453877678,318.68863358308664,5.188041829239247,295.1065443649364,1.1098038093806644,63.127934949089486,0.4080466744944052,23.210538390609976,2.2580188901331715,128.44078242053436,1.4102396637523213,80.21734742978026,3.7778021654869267,214.88919693515618,5.664285214021755,322.19625261820147,12.446500803260456,707.9826960501199,1.444481329103012,82.16508414192327,1.6869627823993587,95.95793048166944,1.7092511082757946,97.2257365336571,2.458256231004913,139.83069631530114,6.458371706472436,367.36553390527155,17.189132135369505,13.132325138750346,USA,10.530184709598274,3.5988602971333705,0.9782603345095153,2.6205999626238556,3.886446751013252,0.7698528652327986,0.28305534622695094,1.566351005128468,1.7052523940890383,45.5,38.1
1610612757,POR,West,1630166,Deni Avdija,F,25.0,26.0,28.268097795042713,0.14585365853658533,0.6435881768752261,66.0,33.31818181818182,2317.9840191935027,23.779630394897424,1531.133423269453,6.2138602908883716,400.1008014383426,8.458602865536074,544.6362851949164,1.014027875674917,65.29167807864427,0.65602517220997,42.240440704760445,3.732196711539135,240.31034260650716,1.4983396028156073,96.47575707364773,6.960263262720465,448.16052812126856,7.688585052613213,495.05603561576294,16.239257413347566,1045.6205324363686,6.3778701100433075,410.66113865478593,8.081512725436442,520.3560374575167,2.9617160871847235,190.70029331895833,1.9860265571585942,127.87716169965314,5.839107124413788,375.97102779861353,17.603856732900066,18.849108434659957,Israel,18.672358820359182,6.641905917011175,1.1765336228493626,5.465372294161812,4.879278066321252,0.7962399765688325,0.5151273256678103,2.930613934225697,1.559477581703087,47.3,34.0
1610612757,POR,West,1642910,John Tonje,G,25.0,26.0,0.0,0.7714634146341464,0.07247882352941176,6.0,7.0,0.0,13.500000000000002,0.0,1.8,0.0,5.3999999999999995,0.0,1.8,0.0,0.0,0.0,0.0,0.0,0.0,0.0,5.3999999999999995,0.0,3.6,0.0,12.600000000000001,0.0,3.6,0.0,3.6,0.0,4.5,0.0,2.6485714285714286,0.0,8.82857142857143,0.0,9.0,9.0,USA,0.0,0.0,0.0,0.0,0.0,0.0,0.0,0.0,0.0,,
1610612757,POR,West,1630695,Micah Potter,C,28.0,29.0,16.390918160685413,0.5345121951219513,0.2041242042684935,47.0,19.319148936170212,1344.0552891762038,14.45038814665926,539.5033505324027,2.2607350872853496,84.40424865255835,8.787760583834395,328.08989146435505,0.8058893156673289,30.08777214481291,0.6515518628543925,24.325603540057077,1.7037731109748133,63.61014614894148,2.214653116270367,82.68378429482637,6.573107467564028,245.4061071695287,4.835505356393784,180.53295972502585,9.795918833006501,365.72934777342147,2.439300142120942,91.07095160849772,2.903921045919683,108.41751225329011,2.9606177351867857,110.53427572796313,2.399470116414476,89.58390281075327,6.0705549124300076,226.64337328572608,8.895812096443997,12.820258141966812,USA,6.579309152834179,4.0010962373701835,1.0083388328637362,2.9927574045064476,1.0293201055190042,0.3669240505464989,0.29665370170801314,0.7757334896212376,1.0924866196433325,49.4,39.5
1610612757,POR,West,1629630,Ja Morant,G,26.0,27.0,24.137793192247248,0.5902439024390245,0.41799866814650394,20.0,28.45,1979.2990417642743,26.340430282153235,1448.2107893645716,9.136158994138459,502.310853958453,4.662792737725298,256.3628110479194,1.3336894546481182,73.32695165544827,0.33870415948133625,18.622133841749523,4.320101187634563,237.52144836138316,0.6929274887604329,38.09751984765693,3.9698652489648656,218.2652912002625,9.113853812872696,501.0845032944057,20.689913455370117,1137.542385455551,6.347870278396465,349.00926553539,7.481839277079029,411.35548088213426,2.5870729432616613,142.23863882144687,1.8177979493517225,99.94349275758131,6.3915735168983385,351.4120927045221,18.851678224700542,19.33661690313472,USA,17.661107187372824,3.1263757444868223,0.4646039005811821,2.6617718439056404,6.125742121444548,0.8942311177493691,0.22709919319206737,2.896603028797356,1.218823082409528,44.0,28.4
1610612757,POR,West,1642382,Branden Carlson,C,27.0,28.0,0.0,0.501910569105691,0.11345723856209149,42.0,11.619047619047619,0.0,17.852748127716485,0.0,2.1175163574055307,0.0,8.847443430290607,0.0,0.6242790705449985,0.0,2.2524371364094584,0.0,1.1427433968572052,0.0,2.2233311016383226,0.0,6.624112328652285,0.0,7.003712253426748,0.0,13.835510448010801,0.0,1.3336543212974261,0.0,2.0906322467403733,0.0,2.7916200267470277,0.0,2.5367859925612173,0.0,7.214507649449059,0.0,15.63400512370443,15.63400512370443,USA,0.0,0.0,0.0,0.0,0.0,0.0,0.0,0.0,0.0,,
1610612757,POR,West,1642905,Yang Hansen,C,21.0,22.0,0.0,0.3904878048780488,0.06985225281602002,43.0,6.976744186046512,0.0,11.741999999999999,0.0,2.7192000000000003,0.0,8.1576,0.0,0.3708,0.0,1.236,0.0,3.9552000000000005,0.0,2.472,0.0,5.6856,0.0,3.8316,0.0,12.36,0.0,3.4608000000000003,0.0,4.2024,0.0,5.3148,0.0,0.63,0.0,5.292000000000002,0.0,4.8203999999999985,4.8203999999999985,China,0.0,0.0,0.0,0.0,0.0,0.0,0.0,0.0,0.0,,
1610612757,POR,West,1631101,Shaedon Sharpe,G,23.0,24.0,24.960768917958315,0.2990243902439025,0.37143272207367795,50.0,29.42,2046.7830512725818,23.815502329118047,1354.0324034661533,3.357939997418098,190.9159631640461,5.534247649800109,314.6501191987773,1.3723535587022107,78.02527789736936,0.23801412368207797,13.5323131754437,3.08421229282444,175.35315131887816,1.2619853082093226,71.7502816610513,4.272262341590787,242.899837537726,8.86428347961776,503.97958854881045,19.8220829332716,1126.9862052427727,3.5811780907794546,203.60818388322477,4.5300999406092055,257.55921608360694,2.3813103255019374,135.38960039049334,2.4580285690249233,139.75142262844474,7.5592515565403575,429.78188795090796,10.607866014501829,15.124042366414013,Canada,16.5125902861726,3.837196575594845,0.8750034348908695,2.9621931407039757,2.3282434532200744,0.9515277792362118,0.1650282094566305,2.138453064864368,1.7042856418103018,44.7,32.5
1610612757,POR,West,1631110,Jeremy Sochan,F,23.0,24.0,0.0,0.2770731707317073,0.2289684951920246,44.0,10.659090909090908,0.0,15.27388164082613,0.0,3.7730330952482625,0.0,8.89994405701188,0.0,1.2027065866996824,0.0,0.6857107124995786,0.0,2.226086602242702,0.0,2.9464380569493103,0.0,5.953506000062569,0.0,6.138775617164309,0.0,12.592338121515779,0.0,2.0263240404204845,0.0,2.7834137890028456,0.0,3.6311043853381753,0.0,0.9515300543422258,0.0,3.2451328641653174,0.0,10.904740369739468,13.105776638826347,Poland,0.0,0.0,0.0,0.0,0.0,0.0,0.0,0.0,0.0,,
1610612757,POR,West,1642270,Donovan Clingan,C,22.0,23.0,23.072850042026676,0.10044715447154476,0.4372641402028594,77.0,27.194805194805195,1891.9737034461875,15.306072217996968,804.4079483194034,2.6657846739764257,140.09984728370185,15.500160351041384,814.608216204709,0.8284384285210338,43.53843671350222,2.523808756452441,132.6383277704234,1.7774327242568464,93.41266594274089,6.125421538217866,321.9204575786416,9.374738812823518,492.6877586260674,5.944223324986855,312.3976171746275,11.326447238824763,595.2594535924203,2.242193365231348,117.838080140534,3.400389018480785,178.70685012368992,3.812548057047835,200.36779630720443,1.1982561290597158,62.974141282616756,3.5742386554452317,187.84348738731214,20.24157856168011,17.55088882285942,USA,9.809853028285408,9.934246539081817,3.925859238763922,6.008387300317896,1.7085347229719738,0.5309565452866125,1.6175405825661389,1.1391788529602547,0.7679773327148385,52.5,33.5
1610612757,POR,West,1630249,Vít Krejčí,G,26.0,27.0,18.16942442806985,0.34512195121951217,0.34312949189048186,65.0,21.415384615384614,1489.8928031017276,13.318357346668797,551.1923544427463,3.2781606856052745,135.66966702484234,4.118557775964878,170.45026637690916,1.154782692090002,47.79173394698145,0.5672266387554091,23.475191300257432,1.2411534056661802,51.36626462909002,0.759558806184703,31.43503330186469,3.358998969780176,139.01523307504448,4.684449810570058,193.87022386832166,10.094960910276217,417.7891557726056,0.9280368655918546,38.40765130717749,1.2611250149931374,52.19280787916205,3.4440071297919257,142.5333732363341,3.1120634857349323,128.7955830608931,7.704459125650621,318.8560611971747,7.853888339539267,10.759617790765828,Czech Republic,6.721857981009101,2.078661785084258,0.38335406465688643,1.6953077204273717,1.654508134449297,0.5828260237436762,0.28628282073484673,0.626417861330366,1.5706778422060135,46.4,40.4
1610612757,POR,West,1641739,Toumani Camara,F,26.0,27.0,28.256810496818225,0.09146341463414635,0.5941840060037044,82.0,33.30487804878049,2317.0584607390947,13.356158004681092,859.6388585476252,2.4765295301302386,159.39621391829124,6.020710301532822,387.5093817729348,1.3842556043773375,89.09447666522274,0.5700831041317788,36.69210777091512,1.7619535653518998,113.40415044522314,2.0996185262696105,135.1371908504875,3.9210917752632124,252.37219092244732,4.847545914433082,312.0013131905112,10.85725279889067,698.8024849459123,1.3185238566877147,84.86380160623919,1.831157077138538,117.85827773683668,3.2298242935793033,207.8803251705165,2.4128185887010294,155.2956034771745,6.5439470974083225,421.1863330188609,9.269089535898487,10.599107789595346,Belgium,10.48340071399543,4.725724167962619,1.648014522566921,3.077709645395699,1.9438562672962345,1.0865180081124726,0.44746472891359906,1.3829774444539407,1.893848822892372,44.6,36.9
1610612757,POR,West,1629057,Robert Williams III,C-F,28.0,29.0,0.0,0.562560975609756,0.2522478431372549,59.0,17.084745762711865,0.0,13.511933526703492,0.0,2.0896196830272777,0.0,14.013946473103049,0.0,1.2770920618467239,0.0,3.0718220125524622,0.0,1.7360551849007544,0.0,4.651184837664547,0.0,9.3627616354385,0.0,5.98003773243343,0.0,8.597445734555983,0.0,1.284313328011777,0.0,1.9803664944294876,0.0,2.785900300337832,0.0,0.27433520930264477,0.0,0.7090549181030705,0.0,23.435078018429742,17.71165915963398,USA,0.0,0.0,0.0,0.0,0.0,0.0,0.0,0.0,0.0,,
1610612757,POR,West,1631321,Sidy Cissoko,G,22.0,23.0,0.0,0.3935365853658537,0.24633431844983006,75.0,19.133333333333333,0.0,9.989503544737294,0.0,2.9283465001847038,0.0,4.459738827068114,0.0,1.3296150314600435,0.0,0.6363723880794665,0.0,1.8535621693642959,0.0,1.6659846564351264,0.0,2.7937541706329885,0.0,3.5006716537311617,0.0,8.683989262469597,0.0,1.5340051154454528,0.0,2.3637485134201666,0.0,4.661016424488303,0.0,1.4823911436126154,0.0,5.102457050316166,0.0,4.914203283238189,7.090347388090987,France,0.0,0.0,0.0,0.0,0.0,0.0,0.0,0.0,0.0,,
1610612758,SAC,West,1628370,Malik Monk,G,28.0,29.0,18.93244085485592,0.25158536585365854,0.39569823529411763,62.0,22.0,1552.4601500981853,19.979571324537677,861.596897149699,5.837775507911261,251.7476067014285,3.7064513960399195,159.83661362854892,0.9726755267870076,41.94555539757193,0.6612241636451467,28.514560120585873,2.6139146090944267,112.72217406607147,0.4693180127187162,20.238819790807785,3.2371333833212037,139.59779383774116,7.2330532736218585,311.9174158565323,16.45270226519725,709.5045730041354,2.69511042938411,116.22365393702334,3.1331290727414483,135.11272307069936,2.715588076918419,117.10672981937809,2.889886184151214,124.62314275594626,8.034539488565366,346.48062167744405,11.832090703134195,14.30218167191957,USA,10.507279233532914,1.9492269954701087,0.2468148754976559,1.7024121199724531,3.070092764651567,0.5115311633850236,0.3477385380559253,1.374660659342335,1.5197944238530032,44.0,36.0
1610612758,SAC,West,1642363,Nique Clifford,G,24.0,25.0,21.59445678111445,0.07829268292682925,0.36500169113423175,75.0,25.093333333333334,1770.7454560513847,12.954835281615303,637.2143252448461,3.5952178533475028,176.8393243702751,5.663974495217853,278.59603057216526,1.3657810839532412,67.179184676976,0.4820403825717322,23.71030047422683,2.3298618490967056,114.59978562542966,1.3055260361317749,64.21539711769768,4.3584484590860795,214.38063345446764,5.001168969181721,245.99436742010334,11.970669500531349,588.8057951099662,1.405951115834219,69.15504304982827,1.9482465462274174,95.82913108333344,3.1332624867162595,154.1169530824744,1.5170882040382572,74.62158454805278,4.551264612114772,223.86475364415836,5.579719710237533,9.217013815090331,USA,7.770906405424952,3.397512567953235,0.7831145989963131,2.6143979689569226,2.1565771264667695,0.8192583497192196,0.289150005783254,1.3975583612857276,0.9100193237567412,41.8,33.3
1610612758,SAC,West,1642367,Jonathan Mogbo,F,24.0,25.0,0.0,0.3239227642276423,0.12581204995693365,40.0,6.225,0.0,10.922997088293956,0.0,4.174774898679761,0.0,9.419143206259344,0.0,1.6291571171968195,0.0,1.0499429435312742,0.0,2.0734726946141335,0.0,3.1287620482221965,0.0,6.290381158037147,0.0,4.435295588025724,0.0,9.574329983747175,0.0,1.6701932228725203,0.0,2.3432698871105955,0.0,3.9856336005316217,0.0,0.3749324476677017,0.0,1.5788493822696377,0.0,7.713320817417641,11.421834922270438,USA,0.0,0.0,0.0,0.0,0.0,0.0,0.0,0.0,0.0,,
1610612758,SAC,West,1643411,Darius Acuff Jr.,G,,,0.0,0.0,0.0,,,,,,,,,,,,,,,,,,,,,,,,,,,,,,,,,,0.0,,USA,,,,,,,,,,,
1610612758,SAC,West,203926,Doug McDermott,F,34.0,35.0,0.0,0.5620731707317074,0.2745731169187153,29.0,15.137931034482758,0.0,13.715015868457877,0.0,1.8772641301917696,0.0,2.5730309384208825,0.0,0.5151184463122492,0.0,0.2097140724817805,0.0,0.9662405829260258,0.0,0.44544973340601846,0.0,2.127581205014864,0.0,4.652888250940387,0.0,11.27312551815841,0.0,0.4938404617704313,0.0,0.682114193637375,0.0,2.504574639073774,0.0,3.9354778735492713,0.0,9.662825673531945,0.0,2.7335038211209532,8.567695737893235,USA,0.0,0.0,0.0,0.0,0.0,0.0,0.0,0.0,0.0,,
1610612758,SAC,West,1630165,Killian Hayes,G,24.0,25.0,0.0,0.5910975609756097,0.279012199488491,23.0,17.652173913043477,0.0,11.476700652954158,0.0,7.571128644633829,0.0,4.68564798853929,0.0,1.5737445622803687,0.0,0.6017857793216463,0.0,2.2440352081771744,0.0,0.4793338868991002,0.0,4.206314101640189,0.0,4.153092940407845,0.0,11.547021403986218,0.0,1.8896557676292973,0.0,2.3061846512198088,0.0,3.078404095890107,0.0,1.2564616901375683,0.0,4.31185442843015,0.0,2.937777286421886,10.305227056728146,France,0.0,0.0,0.0,0.0,0.0,0.0,0.0,0.0,0.0,,
1610612758,SAC,West,203897,Zach LaVine,G,31.0,32.0,27.00851702371054,0.4969512195121951,0.5630053846153845,39.0,31.384615384615383,2214.698395944264,21.827909218927946,1342.8398759437982,3.4796335478955323,214.06496769439124,3.8505761574334576,236.88513442580853,0.784600101471942,48.26812739410047,0.22324422362395285,13.733850665660862,2.429742459768105,149.4762980057248,0.2695375984146863,16.581791301546524,3.581038559018771,220.30334312426197,7.786505477572144,479.02114419972924,15.791338445183252,971.473664565565,3.315809487865476,203.98660983423446,3.9020750236134276,240.05331376807874,1.9363786625925954,119.1248532773478,3.0615508082481067,188.34476844802631,7.387954009200472,454.5024970412856,10.932074389203917,15.089376787355695,USA,16.3760960480951,2.8888431027537624,0.20221696709203077,2.686626135661731,2.6105483865169665,0.5886356999280545,0.16748598372757148,1.8228816829966439,2.2968874200978817,49.3,41.4
1610612758,SAC,West,1630173,Precious Achiuwa,F,26.0,27.0,20.57105186284158,0.18414634146341463,0.506450048605016,73.0,23.904109589041095,1686.8262527530094,13.805399741954071,646.8697420688263,2.0051320891982884,93.95304023047672,10.189763177964922,477.4544454979768,1.2995448673081542,60.89184441127279,1.1910902709941966,55.810064958658536,1.4541079314352556,68.13409536337117,3.643415349682354,170.71690726465224,6.546347828282571,306.7375382333247,5.901938943125658,276.54293198360307,11.400567601927907,534.1882424227059,1.499293092428947,70.25130413556644,2.6127686689933904,122.4246328674608,2.6572356838706366,124.50819198069684,0.5172956261720215,24.23855118503535,1.8758945691602702,87.89745018489833,12.14317273796871,13.274581174950825,Nigeria,7.8886553910832475,5.822615188999717,2.0819135032274665,3.7407016857722524,1.1457687832984966,0.742583468430156,0.6806105482763236,0.8309036019923314,0.2955920876223823,51.8,27.6
1610612758,SAC,West,1627734,Domantas Sabonis,F-C,30.0,31.0,29.299062128873686,0.43548780487804883,0.5343430030959753,19.0,29.68421052631579,2402.523094567642,18.84408395166125,1257.5929691621566,6.490880034953924,433.1802552234674,13.509124357400221,901.5550904455636,0.8236808083765564,54.96978235213393,0.4184769093492804,27.92778997930377,3.0376071020509436,202.72003374722448,3.702857595474503,247.1166913617417,9.80626676192572,654.438399083822,7.467756718320416,498.3738327882629,12.814951853527775,855.228271774247,3.2818972797124046,219.0231669029937,4.4975945709996346,300.1548563007964,3.284676541952276,219.20864583958124,0.6527846201125126,43.5647257110799,1.7667461126129975,117.90689827195364,14.68979834136061,19.217074720971898,Lithuania,15.336499623928738,10.994574273726386,3.0136181873383134,7.980956086388073,5.282686039310578,0.6703631994162674,0.34058280462565577,2.4721955335027377,0.5312771428180476,58.3,36.9
1610612758,SAC,West,1631099,Keegan Murray,F,25.0,26.0,29.67080157687894,0.31231707317073176,0.43512614209320083,23.0,34.47826086956522,2433.005729304073,15.05098635551716,1017.1982231847412,1.722280134249159,116.3977065026331,6.743246263815285,455.73213316585765,1.0231466702199832,69.14782529343344,1.1224588744907904,75.85969090400819,0.9840584772136091,66.50610869530423,1.822446656907532,123.16730993352999,4.920799606907754,332.5648232323277,5.7945287001125045,391.6144868330724,13.130409699356985,887.3989451845921,1.272930046268294,86.02905821039052,1.5663426830031342,105.85890893889277,2.6242013913250615,177.35269499837764,2.14730369170912,145.12228290233546,6.396213986580494,432.2784798668108,8.84622013322172,11.792823475820253,USA,12.404856380301721,5.557708941047045,1.5020403650430487,4.055668576003996,1.4194842256418672,0.843266162115042,0.9251181817561974,0.8110501060402956,1.7697839378333593,44.1,33.6
1610612758,SAC,West,1641745,Adam Flagler,G,25.0,27.0,0.0,0.6148577235772358,0.06384196608373079,37.0,5.486486486486487,0.0,11.936758192744968,0.0,2.5911220062200737,0.0,4.818254474609958,0.0,1.4276309554399875,0.0,0.5353616082899952,0.0,0.7138154777199938,0.0,1.249177086009989,0.0,3.5690773885999687,0.0,4.573765629014984,0.0,17.91850371813501,0.0,0.17845386942999844,0.0,0.3569077388599969,0.0,2.6768080414499766,0.0,2.6378753761531977,0.0,13.663575570310211,0.0,4.928708261968489,4.928708261968489,USA,0.0,0.0,0.0,0.0,0.0,0.0,0.0,0.0,0.0,,
1610612758,SAC,West,1629631,De'Andre Hunter,F-G,28.0,29.0,22.470321216621922,0.36378048780487804,0.39290984520123834,45.0,26.11111111111111,1842.5663397629976,19.961124922333113,1021.6582468248686,2.2022813976157414,112.71804372036041,5.257391497599284,269.0859057897949,0.9337615693119279,47.792156582734215,0.24787526186236225,12.68685038798687,1.9260704070064434,98.58090277676915,0.8450412825483297,43.25123952593624,4.412350215050954,225.83466626385865,6.687960247680653,342.30584539026034,15.01487750405672,768.4974412399879,3.9260961961423657,200.9470193800963,4.595581735346663,235.2128949216496,3.2293278638844485,165.28474505700632,2.7265982874494727,139.55383962527313,7.561815147214866,387.0318349380025,12.749927407741446,13.204404193569447,USA,12.459246912498397,3.281535436460913,0.5274541405601981,2.7540812959007153,1.374610289272688,0.5828311778382221,0.15471768765837648,1.202206131424014,1.7018760929911356,44.5,36.1
1610612758,SAC,West,201566,Russell Westbrook,G,37.0,38.0,24.916060301170468,0.3023170731707317,0.6333445494291081,64.0,28.953125,2043.1169446959784,16.98785738479458,964.1160910264588,7.482805034952201,424.67349335464513,6.424667365279659,364.6207432788372,1.6047468000070335,91.07459386225052,0.3980551149404076,22.590920840490334,3.7497585997688803,212.81098149186846,1.6228446070693918,92.10170320311003,4.8018227582102675,272.5190400757271,6.381867937495138,362.1917367196748,14.562079293065066,826.4453042685465,2.3977443641927634,136.07978165365333,3.5229436302913677,199.93849517380715,2.8078740001219042,159.35597078389836,1.8652362338160449,105.85821542140198,5.703491515597158,323.6916710957306,10.313839849661594,13.722048105733519,USA,11.757513305200717,4.446594430229722,1.1231915024769517,3.3234029277527695,5.178945040910307,1.1106657788079333,0.27549903464012604,2.5952558718520544,1.2909538466024633,43.8,32.7
1610612758,SAC,West,1629234,Drew Eubanks,F-C,29.0,30.0,0.0,0.3618292682926829,0.19978899563671623,42.0,13.142857142857142,0.0,12.694718194561807,0.0,1.8146637163822108,0.0,9.23752075826864,0.0,0.7739353376872805,0.0,1.7392318557375999,0.0,1.861573012022536,0.0,2.7369757579039034,0.0,6.500545000364738,0.0,5.2511356936128735,0.0,8.806263920271869,0.0,2.0975395247368285,0.0,3.2245117261692635,0.0,3.310361655179695,0.0,0.09985037023460941,0.0,0.29292000749677427,0.0,8.822108099979303,12.121989941962562,USA,0.0,0.0,0.0,0.0,0.0,0.0,0.0,0.0,0.0,,
1610612758,SAC,West,1631116,Patrick Baldwin Jr.,F,23.0,24.0,0.0,0.6057317073170732,0.10829705882352941,9.0,11.333333333333334,0.0,13.762822532681472,0.0,1.903037763972727,0.0,9.056861581802444,0.0,1.2446427249163408,0.0,1.2632079894770911,0.0,1.6228778568678124,0.0,2.264821336410018,0.0,6.792040245392427,0.0,4.797630416918525,0.0,11.435724949805678,0.0,1.4273995111714268,0.0,2.1340176865115694,0.0,4.306310101656158,0.0,2.6879686221935097,0.0,6.796420861750633,0.0,11.13281982835453,11.13281982835453,USA,0.0,0.0,0.0,0.0,0.0,0.0,0.0,0.0,0.0,,
1610612758,SAC,West,1631342,Daeqwon Plowden,G-F,27.0,28.0,22.697414888492037,0.6661382113821138,0.23134137254901962,32.0,26.375,1861.188020856347,15.021163067627452,776.5891322443887,1.7106256406212166,88.43877640260898,4.206931191907595,217.49694274848136,0.9310095418265305,48.13288351529152,0.283350730121118,14.649138461175683,1.154445440273489,59.68444511581248,1.437796170394607,74.33358357698816,2.769135021512989,143.16335917149328,5.265440572799368,272.2215255173657,11.931049724439342,616.831300649109,1.7511043163528048,90.5315104684912,2.0344550464739224,105.18064892966687,3.4123363851943704,176.41665564600032,2.7665693817326686,143.03071644857758,8.042158470286216,415.7769168534753,4.095640925463462,10.30687503031626,USA,9.470599173712056,2.6524017408351384,0.9065071167925386,1.745894624042601,1.078521663446451,0.5869863843328234,0.1786480300143376,0.727859086778201,1.7442770298607022,44.1,34.4
1610612758,SAC,West,1642928,Dylan Cardwell,C,24.0,25.0,0.0,0.3807317073170732,0.22126919786096255,44.0,20.613636363636363,0.0,9.91885336273429,0.0,2.5839029768467476,0.0,13.83638368246968,0.0,1.2502756339581038,0.0,2.7922822491730983,0.0,1.6253583241455347,0.0,6.126350606394708,0.0,7.710033076074972,0.0,4.375964718853362,0.0,7.459977949283352,0.0,1.0835722160970234,0.0,2.1254685777287765,0.0,6.7098125689084895,0.0,0.08176405733186329,0.0,0.16352811466372658,0.0,14.188899324033642,13.33627342888644,USA,0.0,0.0,0.0,0.0,0.0,0.0,0.0,0.0,0.0,,
1610612758,SAC,West,1642284,Alex Karaban,F,,,0.0,0.0,0.0,,,,,,,,,,,,,,,,,,,,,,,,,,,,,,,,,,0.0,,USA,,,,,,,,,,,
1610612758,SAC,West,1643567,Emanuel Sharp,G,,,0.0,0.0,0.0,,,,,,,,,,,,,,,,,,,,,,,,,,,,,,,,,,0.0,,Israel,,,,,,,,,,,
1610612758,SAC,West,1642875,Maxime Raynaud,C,23.0,24.0,22.839873365440432,0.08804878048780487,0.38071941238489415,74.0,26.54054054054054,1872.8696159661154,17.745213849287172,923.1797735319739,1.9246435845213852,100.12795808372817,10.7010183299389,556.7114469455287,0.7313645621181263,38.048624071816704,0.7506109979633402,39.04990365265399,1.8091649694501017,94.12028059870447,2.7329938900203663,142.181700478894,7.968024439918534,414.52974646663466,7.371384928716904,383.4900794606789,12.914358452138494,671.858598741816,2.540529531568228,132.16890467052116,3.2334012219959267,168.2149695806633,3.2718940936863543,170.2175287423379,0.4531160896130346,23.572982131712003,1.3971079429735234,72.68336157277868,9.981497341175714,15.166191446028513,France,11.258289921121632,6.7891639871405935,1.7339231765718779,5.055240810568716,1.2210726595576606,0.46400761063191104,0.4762183372274877,1.1478082999842008,0.28747539185014637,57.1,32.4
1610612759,SAS,West,1643551,Ja'Kobi Gillespie,G,,,0.0,0.0,0.0,,,,,,,,,,,,,,,,,,,,,,,,,,,,,,,,,,0.0,,USA,,,,,,,,,,,
1610612759,SAS,West,1643576,Maliq Brown,F,,,0.0,0.0,0.0,,,,,,,,,,,,,,,,,,,,,,,,,,,,,,,,,,0.0,,USA,,,,,,,,,,,
1610612759,SAS,West,1629162,Jordan McLaughlin,G,30.0,31.0,0.0,0.46536585365853655,0.11640634613327953,44.0,6.409090909090909,0.0,10.826017126656335,0.0,5.399746630885673,0.0,3.7715163916409584,0.0,2.0866495509254537,0.0,0.25664411655819025,0.0,1.5480296643337268,0.0,0.8505777482630213,0.0,2.920938643377937,0.0,3.811202909122369,0.0,8.632477024165583,0.0,1.0378111343620566,0.0,1.32891586161374,0.0,1.6439939191618016,0.0,2.2560418479682727,0.0,5.15591586375726,0.0,13.411636723543673,11.503504341423907,USA,0.0,0.0,0.0,0.0,0.0,0.0,0.0,0.0,0.0,,
1610612759,SAS,West,1641705,Victor Wembanyama,F-C,22.0,23.0,26.04447250347688,0.22341463414634147,0.470545752090305,64.0,29.15625,2135.646745285104,29.421796892380062,1745.4045770458572,4.185691970928864,248.30998429111722,13.707524943557587,813.1786397673094,1.3529658030145102,80.26269482472183,4.1361268173239,245.3696048751173,3.5630038412352922,211.3699321381243,2.4851763315417488,147.42940955324195,11.222348612015836,665.7492302140672,10.411222255872618,617.630359033172,21.158091082602034,1255.1724543612447,5.9451415888263766,352.6867301232267,7.233452997760155,429.11389866220145,2.8628294384665463,169.83312146020725,2.7057488654357953,160.5145488340783,7.843623264628623,465.31134712074,33.40107357267054,25.836728827187677,France,21.28542167129094,9.916812680089139,1.7979196286980725,8.118893051391064,3.0281705401355756,0.978813351520998,2.992312254574601,2.5776820992454184,1.9574944979765647,49.2,34.5
1610612759,SAS,West,1642844,Dylan Harper,G,20.0,21.0,20.16983116848165,0.13682926829268297,0.3527405487642403,69.0,22.579710144927535,1653.9261558154953,19.912759948652116,914.8398475986376,6.515121951219513,299.32029454026775,5.731347881899872,263.31183805422046,1.3226187419768933,60.76427032020471,0.5878305519897304,27.006342364535435,2.424801026957638,111.40116225370865,1.3226187419768933,60.76427032020471,4.408729139922978,202.54756773401573,8.107163029525033,372.4624717775512,16.06736842105263,738.1733579639684,2.204364569961489,101.27378386700786,2.914659820282413,133.90644755748815,3.404518613607189,156.41173286126772,1.47997432605905,67.99356243901315,4.318613607188705,198.40744449416954,21.07587394392769,16.380878048780488,USA,11.156583507300459,3.211119976270981,0.7410276868317648,2.4700922894392163,3.650247494393509,0.7410276868317648,0.32934563859189553,1.3585507591915689,0.8291897858416237,50.5,34.3
1610612759,SAS,West,1629640,Keldon Johnson,F-G,26.0,27.0,20.817603619750322,0.09695121951219514,0.5668799158829892,82.0,23.304878048780488,1707.0434968195264,19.75553424557337,936.7654516694851,2.4800369997472496,117.59808423028754,7.643757864024912,362.4507542513011,0.9015432023946565,42.74926279860134,0.3044786013597828,14.437728232553395,1.468650870187987,69.64030325146504,2.27695450865603,107.96834407097712,5.366803355368883,254.48241018032402,7.453955330594975,353.4507214632054,15.078614376077219,714.9958503258899,2.951774545450161,139.96687616355862,3.749949439839536,177.81463346333626,2.7255544130233234,129.23999822164515,1.9527245101012611,92.59404655690147,5.653857233491802,268.0938950660617,15.872209345351541,15.358557007243705,USA,11.423968922798599,4.420131149406111,1.3166871228167942,3.1034440265893175,1.4341229784181406,0.5213324731536749,0.1760698564945536,0.8492719908715249,1.1291956897183106,49.4,34.5
1610612759,SAS,West,1628368,De'Aaron Fox,G,28.0,29.0,27.679036872815015,0.21317073170731707,0.6321599643790137,72.0,30.98611111111111,2269.6810235708313,22.910433829630087,1444.4271362468505,6.474839558846036,408.2172354827384,4.473345922323761,282.02967643794995,1.5537746269536563,97.96035515840448,0.35514124378155926,22.390481713842988,2.6463258397008667,166.84209834872786,0.7744709316108948,48.82783268845752,3.6988749907128664,233.20184374949244,8.561491898408333,539.7737693131335,18.072540578942846,1139.413955548344,3.5965732171875615,226.7520550259362,4.635911955927122,292.27892759202564,2.5806854567874176,162.70368914098955,2.246482826174737,141.63331778740474,6.696139816517598,422.1694853535294,19.201924685728546,17.576470003956228,USA,17.614965076181104,3.4393862980237797,0.595461374249482,2.843924923774298,4.978258969301687,1.194638477541518,0.2730546550468657,2.034659735960096,1.7272355827732284,47.4,33.5
1610612759,SAS,West,1642264,Stephon Castle,G,21.0,22.0,26.771898347940674,0.09241869918699189,0.5021985512913617,68.0,29.970588235294116,2195.295664531135,20.53214545410114,1252.0591638586359,7.755742179345895,472.9485328205361,5.988445837723827,365.1780329120733,1.3590693321507317,82.87663924077019,0.3583604942648986,21.852978872193514,3.582641918000422,218.4710630598288,1.6802435039611994,102.46197998896179,4.308202333762627,262.7160529231115,7.1049441515818375,433.26258590842923,15.698054970021355,957.2742227016477,4.786193069519305,291.864135975686,6.551282387601935,399.5000506283809,3.547857490630073,216.34989354318088,1.565890568435988,95.48868822271442,5.044968522579895,307.6443757032136,18.166219259013054,16.185236350813337,USA,15.269014193397998,4.453390645269187,1.2495363413288023,3.2038543039403837,5.7676650343967815,1.010690722448417,0.26649974234382334,2.6642812568271803,1.1644961978379806,45.3,31.0
1610612759,SAS,West,1628436,Luke Kornet,C-F,30.0,31.0,18.784992461999593,0.26353658536585367,0.4546757748586706,68.0,21.029411764705884,1540.3693818839665,11.027795056173433,471.8577181728037,2.920930300295671,124.98087781090531,9.835669779078206,420.84901605593075,0.8235878346164357,35.239707881535374,1.7287881308838007,73.97145290493938,0.721055804356128,30.852563434997087,4.4856803932502665,191.93346485222057,5.349989385827939,228.91555120371015,4.506778281249051,192.83620209376903,6.82750044607989,292.1353511650163,2.0091160857903136,85.96613620005444,2.5368207759931978,108.54558474075128,2.9109710562306486,124.55474129355892,0.005335841546892688,0.2283101929282744,0.03074620300091192,1.3155697142164902,20.441771488543736,14.778093780953226,USA,5.754362416741508,5.132305073852814,2.3406520103929336,2.7916530634598797,1.524157046474455,0.4297525351406753,0.9020908890846266,0.37625077359752546,0.002784270645466761,66.0,17.4
1610612759,SAS,West,203482,Kelly Olynyk,F-C,35.0,36.0,0.0,0.4663414634146341,0.33059187383550703,42.0,8.571428571428571,0.0,14.680786275935663,0.0,5.7947189083132455,0.0,7.995528235305034,0.0,1.4122678100505586,0.0,0.5825185503089455,0.0,2.865437055593577,0.0,2.295791445497595,0.0,5.699736789807438,0.0,5.222564455419615,0.0,10.015377761014474,0.0,3.008841369518853,0.0,3.84668986876064,0.0,4.503276469849912,0.0,1.2079419033379242,0.0,3.3779577689672338,0.0,12.141489320726897,13.950469662039758,Canada,0.0,0.0,0.0,0.0,0.0,0.0,0.0,0.0,0.0,,
1610612759,SAS,West,1643542,Tarris Reed Jr.,C,,,0.0,0.0,0.0,,,,,,,,,,,,,,,,,,,,,,,,,,,,,,,,,,0.0,,USA,,,,,,,,,,,
1610612759,SAS,West,1642868,Carter Bryant,F,20.0,21.0,0.0,0.11731707317073173,0.20916084989451011,71.0,11.52112676056338,0.0,13.901809290953546,0.0,2.1925672371638143,0.0,8.303765281173595,0.0,0.7464058679706602,0.0,1.072958435207824,0.0,1.5394621026894866,0.0,1.772713936430318,0.0,6.531051344743277,0.0,5.038239608801956,0.0,12.36234718826406,0.0,1.399511002444988,0.0,1.9593154034229832,0.0,4.385134474327629,0.0,2.4029339853300735,0.0,7.162591687041565,0.0,11.418719342579966,9.978513447432764,USA,0.0,0.0,0.0,0.0,0.0,0.0,0.0,0.0,0.0,,
1610612759,SAS,West,202699,Tobias Harris,F,33.0,34.0,24.75640565021964,0.3078048780487805,0.8588593776059383,63.0,27.714285714285715,2030.0252633180105,16.49922213937441,930.3843824451635,2.9279978896855567,165.10860241676392,6.573433424466419,370.67321995571814,1.1230895832644316,63.33056186100257,0.6800029393893126,38.3450873914114,1.3017122568333155,73.4030213039537,1.0832108867922914,61.0818184913738,5.490222537674127,309.5914014643443,6.231835739153371,351.41066631470585,13.093345596683974,738.3283984061694,2.5473357416167057,143.64321971207866,2.935907570519688,165.55462608115474,2.0322364536272493,114.5969817194199,1.495846790832766,84.35018820676908,4.1923404843202,236.4043637666908,17.657629975891812,13.610583493185253,USA,11.346151005428823,4.520405121411197,0.7449002255045586,3.775504895906638,2.0135195416678524,0.7723239251341777,0.46762301696843167,0.8951587963896792,1.0286608317898667,47.6,35.7
1610612759,SAS,West,202687,Bismack Biyombo,C,33.0,34.0,0.0,0.6803658536585366,0.29121279041028175,25.0,5.64,0.0,8.145866678319102,0.0,2.030684838863601,0.0,9.291722414732046,0.0,0.8220786454330076,0.0,1.3893562692729071,0.0,1.857522242028011,0.0,2.526799913478268,0.0,6.7649225012537775,0.0,3.591184138706715,0.0,6.186425118457676,0.0,0.963498400905674,0.0,1.9690486051335336,0.0,4.237596242377098,0.0,0.0,0.0,0.0,0.0,7.4213043431291075,8.311406041150905,DRC,0.0,0.0,0.0,0.0,0.0,0.0,0.0,0.0,0.0,,
1610612759,SAS,West,1643519,Jayden Quaintance,F,,,0.0,0.0,0.0,,,,,,,,,,,,,,,,,,,,,,,,,,,,,,,,,,0.0,,USA,,,,,,,,,,,
1610612759,SAS,West,1630170,Devin Vassell,G-F,25.0,26.0,27.25147346078955,0.1830487804878049,0.526032109723236,67.0,30.507462686567163,2234.620823784743,19.082042033494375,1184.4757913439528,3.542264375648124,219.87827047706,4.815780229658308,298.9289662212591,1.2543617538978296,77.86174710609009,0.495978531166923,30.786776497104896,1.4296604123900911,88.74302579076614,0.6424463376981406,39.878443455125286,4.173333891960167,259.0505227661338,7.006995478921909,434.9438335934569,15.661678919388027,972.1642735748617,2.074899056453965,128.79479552231516,2.5772608140702498,159.97779676238332,1.8370399370117538,114.03021381585216,2.936139599783323,182.25440808930043,7.789712555867017,483.5292746843864,14.4618056499731,14.339088283895325,USA,14.444826723706742,3.645475197820233,0.48632248116006443,3.1591527166601683,2.6814423228909754,0.9495335012937817,0.37544849386713286,1.0822320218386114,2.222614732796347,44.7,37.7
1610612759,SAS,West,1642357,David Jones Garcia,G,24.0,25.0,0.0,0.7026829268292683,0.06431636363636363,11.0,6.181818181818182,0.0,17.788235294117648,0.0,10.005882352941176,0.0,7.226470588235294,0.0,3.3352941176470594,0.0,0.5558823529411765,0.0,2.7794117647058822,0.0,2.223529411764706,0.0,5.002941176470588,0.0,7.226470588235294,0.0,13.897058823529413,0.0,1.6676470588235297,0.0,3.3352941176470594,0.0,3.3352941176470594,0.0,1.6358823529411766,0.0,2.726470588235294,0.0,19.956176470588233,19.956176470588233,Dominican Republic,0.0,0.0,0.0,0.0,0.0,0.0,0.0,0.0,0.0,,
1610612759,SAS,West,1630577,Julian Champagnie,F,25.0,26.0,24.684819362822726,0.04951219512195121,0.5257568378783449,82.0,27.634146341463413,2024.1551877514635,15.102952245518926,849.1866427258263,2.210928941619159,124.31286908134093,7.02025542757244,394.72462341836456,1.1108179690778937,62.45744318768231,0.7132611455211194,40.10420133133682,1.28524747753069,72.26500969967302,1.2353904658787942,69.46172278909053,5.784864961693647,325.2629006292741,5.020145982513115,282.265403715933,11.784039125617486,662.5756646884682,1.834470616947677,103.14592266867412,2.145152910685045,120.61451090786905,2.169758032536237,121.99797160343424,3.1667003366203508,178.05258095623302,8.429962817001979,473.98758246073595,13.525087639014531,12.342743487251138,USA,10.355934667388127,4.813714919736153,0.8470941803547626,3.9666207393813915,1.5160105985529382,0.7616761364351501,0.4890756259919124,0.8812806060935734,2.1713729384906464,42.6,37.6
1610612759,SAS,West,203084,Harrison Barnes,F,34.0,35.0,23.039466551703942,0.19134146341463418,0.798154759641672,77.0,25.792207792207794,1889.2362572397233,14.561802054402966,764.1856781090547,2.20978551005942,115.96685850908976,4.105284264998938,215.44032999199226,0.7771601535866363,40.78442055105182,0.20709766704907837,10.868233927191088,0.9351608383666493,49.076104505360284,1.211865276403301,63.59721719641542,2.893418988595636,151.84311279557681,5.005508926174251,262.68302636848523,10.489875974874792,550.4959451578151,2.1512249212118326,112.89366996197393,2.640323241083479,138.56095549687797,1.3854601037885483,72.70726280656766,2.4118647130520827,126.57172954041879,6.001685007160717,314.96113666833537,12.69792479866128,11.721418002253175,USA,9.3193375379153,2.6273210974633203,0.7755758194684808,1.8517452779948391,1.4142299818181678,0.4973709823299002,0.1325394381364767,0.598489079333662,1.5435576773221804,47.7,40.2
1610612759,SAS,West,1630322,Lindy Waters III,F,28.0,29.0,0.0,0.46804878048780485,0.11648569667266531,40.0,7.125,0.0,12.429357793835296,0.0,2.4520482576376157,0.0,4.568191651505044,0.0,1.0000349745202113,0.0,0.42843246654440237,0.0,0.8953618569617515,0.0,0.7353126347481669,0.0,3.832879016756878,0.0,4.417439805360737,0.0,11.448824942487244,0.0,0.3134317831565569,0.0,0.429062607742277,0.0,2.8882926215305593,0.0,3.3643216892962835,0.0,9.432504132229164,0.0,8.476310677851878,8.766179051628662,USA,0.0,0.0,0.0,0.0,0.0,0.0,0.0,0.0,0.0,,
1610612759,SAS,West,203486,Mason Plumlee,F-C,36.0,37.0,0.0,0.546829268292683,0.31571709918062857,20.0,8.55,0.0,9.085757489994844,0.0,3.3974264282174382,0.0,11.639359779671508,0.0,0.9781104677856154,0.0,0.9783795389378831,0.0,1.7076895661885911,0.0,3.064926089937932,0.0,8.574433689733574,0.0,3.344397798753311,0.0,5.43544514032659,0.0,2.396961892488224,0.0,3.604155915502437,0.0,3.794602680677611,0.0,0.0,0.0,0.13470108449563667,0.0,10.990512677598693,11.6692497782732,USA,0.0,0.0,0.0,0.0,0.0,0.0,0.0,0.0,0.0,,
1610612760,OKC,West,1643717,Josh Dix,,,,0.0,0.0,0.0,,,,,,,,,,,,,,,,,,,,,,,,,,,,,,,,,,0.0,,,,,,,,,,,,,
1610612760,OKC,West,1628983,Shai Gilgeous-Alexander,G,27.0,28.0,33.45685648843939,0.16512195121951218,0.7405474201005438,68.0,33.220588235294116,2743.4622320520302,33.56171292872075,2557.646996192159,6.884185370400107,524.6250711704947,5.100257474288517,388.67677095698957,1.7384884131577303,132.48548062106386,0.9320927688743701,71.03225856043434,2.4243440288705798,184.75267446409146,0.7773992386571515,59.24348473560828,4.322858235631366,329.43328622138137,11.650864501921754,887.8807425493894,21.666394642142794,1651.1370945959227,8.387052975952905,639.1545299373995,9.482565024204666,722.6405279689735,2.3125879949452237,176.236050623032,1.891660258413577,144.15829096753978,5.02784017392574,383.1580451655327,36.45524163527384,28.318918482239404,Canada,31.190817026733644,4.739960621426702,0.7224815211659545,4.017479100260748,6.397866721591399,1.6156765929398031,0.866247055615053,2.2530813959035543,1.758027938628534,53.8,37.6
1610612760,OKC,West,1642272,Jared McCain,G,22.0,23.0,17.436567757547582,0.3396747967479675,0.31496378624162785,67.0,17.313432835820894,1429.7985561189018,18.861174679344643,749.1022312009267,3.091279887757804,122.77520889098635,4.1672045031886045,165.5073050475348,1.0751808071473097,42.70255460072163,0.12094433408314344,4.803500951190016,1.9183836975256268,76.19172891122726,0.7544383428723913,29.963745925546725,3.412766160316213,135.54355912198807,6.854520766540817,272.23844152464136,15.785876631108016,626.9617670619266,1.9802957382947277,78.65066631395045,2.280472891491567,90.57269020897054,2.5231053679413438,100.20923366717734,3.233426483851158,128.42079216463898,8.403259002728394,333.74909968872834,11.377938216661272,12.380847088745972,USA,9.135393063425935,2.0183817688723757,0.3654115356773991,1.6529702331949765,1.4972586450120287,0.5207628609844102,0.058579279892561176,0.9291674257466739,1.5661072215199876,43.4,38.5
1610612760,OKC,West,1631119,Jaylin Williams,F,24.0,25.0,19.78587932053069,0.22097560975609756,0.3047271205211764,65.0,19.646153846153847,1622.4421042835165,13.394528338748954,603.6624095501402,4.927445115588422,222.06928950213376,10.946398018361748,493.330473200993,0.994751781052555,44.83131035807453,1.261570291784701,56.85624330290944,1.822434443838409,82.13317705499857,1.360046797259853,61.29436632417592,9.586351221101896,432.0361068768172,4.404185557440385,198.48711342968477,10.338404925793995,465.929540076119,1.7876644523459218,80.56616877269326,2.2601418643820703,101.85970340075879,3.8328173499027023,172.736784625292,2.7451881473027897,123.71968984344738,7.139802563430894,321.7754526439352,21.36510375835762,13.529767455681569,USA,7.361736701830978,6.016225282938939,0.7474922722460478,5.268733010692893,2.708162067099192,0.5467232970496894,0.6933688207671883,1.0016241104268118,1.5087767054078949,42.6,38.4
1610612760,OKC,West,1631096,Chet Holmgren,C-F,24.0,25.0,29.147867683559586,0.21792682926829268,0.45529532661213834,69.0,28.942028985507246,2390.125150051886,21.785751756453752,1446.4075884968656,2.5227221597503537,167.48949112812588,11.145305667337928,739.9632050144501,0.8463284766576804,56.18974936846173,2.706718980855472,179.705475285152,2.093831308266374,139.01441305148623,2.278856734112978,151.29868871023703,8.866448933224948,588.6645163042128,7.971703759414138,529.2602678927473,14.787867375929688,981.8014925233704,4.043331818274058,268.4463630239402,5.147119522768371,341.72943949143735,3.034461919382419,201.46510417751773,1.7647455161256809,117.16562893148017,4.806194278652337,319.0946061511787,29.524476123092974,19.635866608179885,USA,17.639116932888605,9.023941524566464,1.8451059598809394,7.178835564685523,2.042554769855194,0.6852408459568504,2.1915301864042926,1.695297720140076,1.4288491333107338,53.9,36.7
1610612760,OKC,West,1631114,Jalen Williams,G-F,25.0,26.0,28.565361473650054,0.305609756097561,0.3951702461823784,33.0,28.363636363636363,2342.3596408393046,23.882493328383163,1553.927458194963,6.227655544066397,405.20580565195195,5.812808570684396,378.2135609971093,1.6473871022865727,107.18814058986887,0.6538839927706341,42.545318734910914,2.4159958771685286,157.19808986426986,0.923402112568417,60.08166224294478,4.889406458115979,318.13189875416447,9.188678815262437,597.8664002640513,18.4544998809792,1200.7521031410952,3.8423250986534323,250.00297883526943,4.743561699368418,308.6424299564358,2.740100076276886,178.28610640365773,1.6311380163628606,106.13088494908462,4.443735448394547,289.13407135795376,25.15723242015261,19.344952584142604,USA,18.950334856036136,4.612360499964748,0.7327031980846924,3.8796573018800546,4.941534215267707,1.307172446217913,0.5188453504257429,1.9170498763935349,1.2942790847449344,49.8,36.7
1610612760,OKC,West,1627936,Alex Caruso,G,32.0,33.0,18.34382759468599,0.3931707317073171,0.5308305573493961,56.0,18.214285714285715,1504.1938627642512,12.320527777272757,514.7906185719489,4.156681362068592,173.6792942858368,5.133649569368441,214.5001159951764,2.463399781654547,102.92863425276575,0.899308926128935,37.57597131700704,1.578736122640523,65.96458851666958,1.0809955775656057,45.167414262485586,4.052653991802837,169.33270173269085,4.457084713849477,186.23109645535396,10.062462425500074,420.44150624258594,1.3618278824813959,56.90147619360421,1.7120308878425963,71.53406539876849,2.8822400592887294,120.42910578320495,2.05501523871852,85.86503638798362,5.965414603659313,249.25388987968267,19.705553728791333,12.163010701691592,USA,6.277934372828645,2.6158550731119075,0.5508221251522633,2.0650329479596445,2.118040174217522,1.2552272469849481,0.4582435526464273,0.8044462014227998,1.0471345900973612,44.3,34.4
1610612760,OKC,West,1642850,Thomas Sorber,C,,,0.0,0.0,0.0,,,,,,,,,,,,,,,,,,,,,,,,,,,,,,,,,,0.0,,USA,,,,,,,,,,,
1610612760,OKC,West,1642923,Otega Oweh,G,,,0.0,0.0,0.0,,,,,,,,,,,,,,,,,,,,,,,,,,,,,,,,,,0.0,,USA,,,,,,,,,,,
1610612760,OKC,West,1642892,Bennett Stirtz,G,,,0.0,0.0,0.0,,,,,,,,,,,,,,,,,,,,,,,,,,,,,,,,,,0.0,,USA,,,,,,,,,,,
1610612760,OKC,West,1643530,Aday Mara,C,,,0.0,0.0,0.0,,,,,,,,,,,,,,,,,,,,,,,,,,,,,,,,,,0.0,,Spain,,,,,,,,,,,
1610612760,OKC,West,1641717,Cason Wallace,G,22.0,23.0,26.76040731460074,0.07402439024390248,0.5232073624347325,77.0,26.571428571428573,2194.353399797261,11.796010436342671,719.017100139792,3.3911215579595306,206.70330888428555,4.340800111133151,264.5902633807044,2.4320993708897762,148.24682008768775,0.6155668624226412,37.521423259990435,1.2174570023845335,74.20919200804119,1.220666235983302,74.404808470769,3.1201338751498495,190.1854549099354,4.605119150220507,280.70163510438454,10.15094998995045,618.7436561561038,0.8121786284792942,49.505748184617104,1.007926275073303,61.43740134589142,2.819914747062555,171.88581978764307,1.8080322163043487,110.20726779973401,4.962361897655528,302.4771028095777,16.1292562957833,11.135958936508965,USA,8.768501221216976,3.2267105290329807,0.9073757130581586,2.319334815974822,2.520772059564458,1.8078880498498506,0.4575783324389077,0.9049901464395267,1.3439910707284635,45.4,36.4
1610612760,OKC,West,1642964,Brooks Barnhizer,G,24.0,25.0,0.0,0.41975609756097565,0.09303882352941174,40.0,8.7,0.0,7.386206896551725,0.0,2.3896551724137933,0.0,8.472413793103449,0.0,1.1948275862068967,0.0,0.5431034482758621,0.0,1.0862068965517242,0.0,2.063793103448276,0.0,6.408620689655172,0.0,2.9327586206896554,0.0,7.712068965517242,0.0,0.7603448275862069,0.0,1.0862068965517242,0.0,2.9327586206896554,0.0,0.7458620689655172,0.0,2.557241379310345,0.0,7.386206896551725,7.386206896551725,USA,0.0,0.0,0.0,0.0,0.0,0.0,0.0,0.0,0.0,,
1610612760,OKC,West,1642349,Ajay Mitchell,G,24.0,25.0,26.025896983668005,0.34140243902439027,0.3419122361169307,57.0,25.842105263157894,2134.1235526607766,18.835964726290793,1116.6187766517994,5.035351692492152,298.50174007993905,4.759783195841202,282.1657062167692,1.7733690739686994,105.127464119912,0.41947743348508904,24.867129739172853,2.0293062885982494,120.2997318350042,1.0495048290482645,62.215915952864535,3.710278366792937,219.94979026390465,7.018459483203395,416.0627690694374,14.43064042936182,855.4658227855523,3.2558579300147894,193.011197015609,3.762418916100769,223.0407451063078,3.3083637534982957,196.12380575305346,1.5137937759669415,89.73952642117614,4.287315093948064,254.1572255464615,22.949988708257354,15.42611038711135,Belgium,13.617302154290236,3.441045197765478,0.7587306823520065,2.6823145154134713,3.640265122926086,1.2820422453647806,0.3032576797460104,1.4670699004268803,1.0943844685509285,48.6,35.3
1610612760,OKC,West,1629026,Kenrich Williams,G-F,31.0,32.0,0.0,0.3323170731707317,0.4284520350757737,56.0,15.267857142857142,0.0,13.405207955774106,0.0,3.095197322774469,0.0,7.374799570056525,0.0,1.2794030934969791,0.0,0.26003408198208233,0.0,1.40353493502068,0.0,2.170940100302726,0.0,5.203859469753801,0.0,5.24064484924101,0.0,11.018149639175261,0.0,0.9340299933308128,0.0,1.4360005180605082,0.0,2.9441960249200516,0.0,2.072800274959662,0.0,5.330931585492706,0.0,12.718911591188041,11.715640581131863,USA,0.0,0.0,0.0,0.0,0.0,0.0,0.0,0.0,0.0,,
1610612760,OKC,West,1642260,Nikola Topić,G,20.0,21.0,16.113793651802595,0.7124390243902439,0.10042681114551084,10.0,16.0,1321.3310794478127,12.402000000000001,455.1985568697715,10.494000000000002,385.16800965903747,4.531499999999999,166.32254962549342,1.1925000000000001,43.769092006708796,0.0,0.0,5.9625,218.84546003354401,1.6695,61.27672880939232,2.8619999999999997,105.0458208161011,5.247000000000001,192.58400482951873,12.1635,446.44473846842976,0.47700000000000004,17.50763680268352,1.1925000000000001,43.769092006708796,3.1005000000000003,113.79963921744287,1.4175,52.027411253257625,3.54375,130.06852813314407,9.063000000000002,9.063000000000002,Serbia,5.551201913045994,2.0283237759206516,0.7472771806023454,1.2810465953183061,4.6971708495004565,0.533769414715961,0.0,2.668847073579805,0.6344806250397271,43.1,40.0
1610612760,OKC,West,1628392,Isaiah Hartenstein,C-F,28.0,29.0,24.36354173151536,0.33268292682926837,0.35656651371398995,47.0,24.19148936170213,1997.8104219842596,13.053446116076383,724.3975192640931,4.643293194940252,257.6783204772285,13.201641746183858,732.621596328572,1.3753669841441505,76.32562486045121,1.334347981195324,74.04928620515766,2.2002032287647215,122.09969280304387,4.274667477110381,237.22153434134114,8.926974269073478,495.4000619872309,5.556445370291878,308.35345749875836,9.11601168896042,505.89064330931836,1.935687858261656,107.42048269287574,2.9560886942993605,164.04735560503067,3.7907588869990456,210.36715587989292,0.004991058277442551,0.2769774512057093,0.25354333826324554,14.070320100194234,24.523811251210045,16.000224286079785,Germany,8.834116088586502,8.934409711324049,2.892945540748063,6.041464170575987,3.142418542405226,0.9308003031762343,0.9030400756726543,1.4890206439395592,0.0033777737951915772,61.0,2.0
1610612761,TOR,East,1642927,Nate Bittle,C,,,0.0,0.0,0.0,,,,,,,,,,,,,,,,,,,,,,,,,,,,,,,,,,0.0,,USA,,,,,,,,,,,
1610612761,TOR,East,1643558,Jaden Bradley,G,,,0.0,0.0,0.0,,,,,,,,,,,,,,,,,,,,,,,,,,,,,,,,,,0.0,,USA,,,,,,,,,,,
1610612761,TOR,East,1630639,A.J. Lawson,G,25.0,26.0,0.0,0.5458536585365854,0.1293027105532039,24.0,9.416666666666666,0.0,17.507638812049628,0.0,1.9872541322469353,0.0,6.747176940111183,0.0,1.392919650565582,0.0,0.517217154207814,0.0,1.2111401608221388,0.0,1.5657301377456432,0.0,5.181446802365541,0.0,6.101839250412829,0.0,14.16741291297189,0.0,2.712328860432845,0.0,3.852473853759645,0.0,3.658388697179734,0.0,2.5422670422046227,0.0,7.266243463756629,0.0,12.697126524325203,12.697126524325203,Canada,0.0,0.0,0.0,0.0,0.0,0.0,0.0,0.0,0.0,,
1610612761,TOR,East,1641711,Gradey Dick,G-F,22.0,23.0,13.30466831730244,0.1746341463414634,0.3243911409563547,76.0,14.039473684210526,1090.9828020188002,16.5474004310353,501.4702580104998,2.015946945412399,61.09342908964612,4.630995146254708,140.34266835545625,1.280235623516576,38.79764021634443,0.2033421152895566,6.1622986307508425,1.6611164831981424,50.340264314420125,1.160512756573327,35.16942941513695,3.4704823896813823,105.17323894031934,5.813790970701889,176.1873878768874,13.969209715539176,423.337987706866,2.571784936528698,77.93814267343947,2.9705404227468026,90.02245871995606,3.0461156075901705,92.31277057894233,2.393626437629094,72.5390354975241,7.1631273401873905,217.07913157819763,7.575438997326205,10.742646710230867,USA,6.115490951347558,1.7114959555543445,0.42889548067240185,1.282600474881943,0.7450418181664161,0.47314195385785895,0.07514998330183954,0.6139056623709771,0.8846223841161476,41.6,33.4
1610612761,TOR,East,1627742,Brandon Ingram,F,28.0,29.0,32.04818800943807,0.35036585365853656,0.6256036084080758,77.0,33.81818181818182,2627.9514167739217,22.648009179660825,1653.2741058555125,4.525186980894505,330.3325427113505,5.779895487008607,421.92457038581847,0.8175664187976045,59.6812452384985,0.723478502961049,52.812954357276794,2.7445715161541955,200.35001678652134,0.8440866261121728,61.617184582539,4.935808860896435,360.3073858032795,8.462533451269787,617.7535214655873,17.68045854905189,1290.6496136998198,3.8983591950434233,284.5749602696669,4.765447846584603,347.8712616665067,2.1749062040699503,158.76521778711162,1.8708922973589919,136.57261287433278,4.972233969857216,362.9663696004914,14.285014762451087,16.25856767147771,USA,20.161879339701372,5.145421590070957,0.7514290802748658,4.3939925097960915,4.028445642821348,0.727820063884128,0.6440604189911804,2.4432928876405042,1.6655196691991803,47.9,37.6
1610612761,TOR,East,1630567,Scottie Barnes,F-G,24.0,25.0,31.758505127229103,0.12402439024390244,0.6223906329640608,80.0,33.5125,2604.1974204327867,21.088674771698386,1525.5297900223036,6.66420962237168,482.08104188343566,8.657618997399283,626.2819183365862,1.5750201577201999,113.93509532957182,1.4836420835366548,107.32491352199115,3.046462128015215,220.3774670895389,2.1297716875924335,154.06516485941663,6.527847309806848,472.21675347716945,8.13385124506917,588.3931786275873,16.86310631143646,1219.8571654646298,3.607044658277841,260.9293442909171,4.567886995194182,330.43554249203225,2.5609252562836415,185.254304064862,1.190805192362541,86.1414391719027,3.95403180474489,286.0299840618288,19.03554813909486,18.810582412538118,USA,18.604021829540287,7.637584369958367,1.8788434738953248,5.758740896063042,5.879037096139459,1.389452382067949,1.30884040880477,2.6875300864577913,1.050505355754911,48.2,30.1
1610612761,TOR,East,1630193,Immanuel Quickley,G,27.0,28.0,30.203324959278785,0.3047560975609756,0.5078533397508976,70.0,31.87142857142857,2476.67264666086,19.656665570688574,1352.3090539856853,6.672263679541082,459.0281374007817,4.588654187317896,315.6831752976682,1.264351579377958,86.98291590021795,0.11497761607447585,7.910053241942454,1.7876599964316424,122.98468374144721,0.5487076303181068,37.74914386174873,4.03994655699979,277.9340314359194,6.7144056077126955,461.92735297800897,15.369656481105796,1057.3779943146815,3.2313197425080036,222.3033671912441,3.851787300741812,264.98934023619205,2.2683855825948878,156.0569034581283,3.026499958882731,208.2124906468077,7.9812673525019955,549.0829593785843,15.767244317199843,16.251966818867935,USA,16.491573829093724,3.8497948207032704,0.46035541294815524,3.3894394077551144,5.597904114643679,1.0607672670758286,0.09646406392612748,1.4998132163591125,2.539176715204972,43.7,37.9
1610612761,TOR,East,1629628,RJ Barrett,F-G,26.0,27.0,28.695854440067492,0.2884146341463415,0.4784371044624746,57.0,30.280701754385966,2353.0600640855346,23.11689967714848,1510.9848176602745,4.592148545348458,300.15559306688715,6.496530597348814,424.63129732586765,0.8252845579446498,53.94289263350111,0.3809289202099129,24.898573038921423,2.5128659129688082,164.2479007280205,1.1342698936283198,74.1390330164263,5.3622607037204935,350.49226430944134,8.560077092584274,559.5104320014852,17.677399523253772,1155.44396819592,4.023504748582317,262.98745393187664,5.85069379299592,382.41760865255054,2.8192904048224148,184.276657240199,2.0324379656995424,132.84579471718996,5.868816154724472,383.602136587283,15.949008774796777,16.504399075732817,Canada,18.426644117808227,5.178430455193508,0.9041345489808085,4.274295906212699,3.6604340617913067,0.6578401540670867,0.30364113462099296,2.003023179610006,1.6200706672828045,48.4,34.6
1610612761,TOR,East,203937,Kyle Anderson,F-G,32.0,33.0,18.79895899553372,0.4078048780487805,0.3578257887952845,43.0,19.837209302325583,1541.514637633765,11.079063962613079,474.40386860135567,5.585191020771094,239.15704756942534,6.216429456431636,266.1865833585299,1.5756790723671428,67.4703431740873,1.048169742383749,44.88247223914894,1.576433857251706,67.50266295041561,1.58887930987609,68.0355753779841,4.627550146555547,198.15100798054584,4.41155200237082,188.90199962047683,9.045085172882764,387.3091997956365,1.869717689876896,80.0610329774451,2.6158478043963447,112.01021334164197,3.168561423092611,135.67732816497036,0.3882229975740028,16.62365092851064,1.1936951410978085,51.113848135404844,11.49265543954822,12.089326837702401,USA,5.7854130317238495,3.2461778458357307,0.8297021387559037,2.4164757070798273,2.916549360602748,0.8228090630986257,0.5473472224286456,0.8232032067123856,0.2027274503476907,48.8,32.5
1610612761,TOR,East,1642266,Ja'Kobe Walter,G,21.0,22.0,19.40073627482933,0.19089430894308945,0.33616824095571834,72.0,20.47222222222222,1590.860374536005,14.085110661477264,622.4290117305222,2.342698726479673,103.52518259534651,4.886113426033436,215.92011763791544,1.7111742714508413,75.6177595104628,0.34705516359680755,15.336564098451994,1.1710865020863206,51.75097531453066,1.592854683315732,70.38914994669709,3.2932587427177045,145.53096769121834,4.789859984303097,211.666623572318,11.139738293468286,492.2713398272232,1.9246958567022285,85.05339920725568,2.432625734322588,107.49910796695436,3.7928267863222107,167.60716227329846,2.630805415511928,116.25678024035157,6.730456366845037,297.42267601548156,10.52822132075024,11.008826577748055,USA,7.590597704030759,2.633172166316042,0.8584042676426474,1.7747678986733944,1.2625022267725183,0.922167798908083,0.187031269493317,0.631109455055252,1.4177656126872142,43.0,39.1
1610612761,TOR,East,1627751,Jakob Poeltl,C,30.0,31.0,23.670935498555853,0.43792682926829274,0.4176483579648343,46.0,24.97826086956522,1941.01671088158,15.574595201674246,839.7374875462717,3.0702539063166516,165.53928163361303,10.588783496300055,570.9168253951524,1.2065363764838384,65.05297969560111,1.3508734106232376,72.83521845292496,1.9903083659110516,107.31171661224337,3.677760381754123,198.29428776674922,6.911023114545931,372.6225376284032,6.876394897925077,370.7554835414836,10.423467456168414,562.0034588264779,1.813843816330369,97.79725440073516,2.9216730891552363,157.52823027175893,3.9810914812943565,214.6490303539069,0.008293322389296618,0.447152148509808,0.02487996716788985,1.3414564455294238,16.06890528536514,15.951913973901075,Austria,10.24070106763746,6.962400309696981,2.4182230215457223,4.544177288151259,2.018771727239183,0.7933290206780623,0.8882343713771337,1.3086794708810168,0.005453074981826927,66.0,33.3
1610612761,TOR,East,1643512,Allen Graves,F,,,0.0,0.0,0.0,,,,,,,,,,,,,,,,,,,,,,,,,,,,,,,,,,0.0,,USA,,,,,,,,,,,
1610612761,TOR,East,1642347,Jamal Shead,G,23.0,24.0,21.403281082096523,0.039166666666666655,0.41262695968274943,82.0,22.585365853658537,1755.0690487319148,11.992522599564076,584.6584786309143,8.755987312472865,426.87117564473516,2.9334986476405,143.01368558252142,1.532309944425546,74.70304879237212,0.29001475866610094,14.138775739175822,2.5285586631476713,123.27208465537295,0.6113408704602165,29.80403999915425,2.322157777180284,113.20964558336718,4.268768862572226,208.11066963586262,11.18551972121371,545.3155404634061,1.6936618611244396,82.56926420769986,2.1713014437027316,105.85510998082185,3.56103553348458,173.60731239592582,1.7277740035181348,84.23229657717513,5.375787169708028,262.0799353923528,8.912246108650447,10.715234966869609,USA,7.129981446718467,1.7440693363722124,0.36346390242871035,1.380605433943502,5.20574604444799,0.9110127901508794,0.17242409438019296,1.5033181055533287,1.0272231289899407,38.2,32.1
1610612761,TOR,East,1642935,Chucky Hepburn,G,23.0,24.0,0.0,0.7904878048780488,0.06704176470588234,2.0,6.5,0.0,0.0,0.0,5.815384615384615,0.0,2.9076923076923076,0.0,2.9076923076923076,0.0,0.0,0.0,2.9076923076923076,0.0,0.0,0.0,2.9076923076923076,0.0,0.0,0.0,17.446153846153848,0.0,0.0,0.0,0.0,0.0,5.815384615384615,0.0,0.0,0.0,14.261538461538462,0.0,-9.595384615384615,-9.595384615384615,USA,0.0,0.0,0.0,0.0,0.0,0.0,0.0,0.0,0.0,,
1610612761,TOR,East,1642867,Collin Murray-Boyles,F,21.0,22.0,20.715547295668653,0.2539024390243903,0.24550511029411762,57.0,21.859649122807017,1698.6748782448296,14.40346709470305,679.6335475943921,3.1544783306581063,148.84536372935034,8.481380417335473,400.197440215706,1.5474799357945428,73.01848032005866,1.5772391653290532,74.42268186467517,1.7557945425361157,82.84789113237424,3.957977528089888,186.75880543399617,4.523402889245586,213.4386347817099,5.8923274478330665,278.0319058340695,10.17765650080257,480.23692825884734,2.112905296950241,99.69830966777239,3.2139967897271267,151.65376681858336,4.374606741573034,206.41762705862735,0.5157303370786517,24.33494909845121,1.5168539325842696,71.57337970132708,17.21563790156775,14.677252006420549,USA,8.288213995053562,4.880456587996415,2.2775464077316605,2.602910180264755,1.815187362553053,0.8904692721958373,0.9075936812765265,1.0103401357606616,0.29676767193233183,57.9,34.0
1610612761,TOR,East,1631218,Trayce Jackson-Davis,F,26.0,27.0,0.0,0.26890243902439026,0.14710072135233546,53.0,9.358490566037736,0.0,15.100901183161495,0.0,3.1758715801980775,0.0,11.035422596383539,0.0,0.9963352282968712,0.0,1.809697136071415,0.0,1.617249933617065,0.0,4.551635839466237,0.0,6.4837867569173,0.0,6.327737414904685,0.0,10.334677328283707,0.0,2.4222545540083145,0.0,4.417476652653868,0.0,3.1014745922775693,0.0,0.023866953324127096,0.0,0.07844427536251514,0.0,15.845917505299699,16.359307853725536,USA,0.0,0.0,0.0,0.0,0.0,0.0,0.0,0.0,0.0,,
1610612761,TOR,East,1641748,Andre Jackson Jr.,G,24.0,25.0,0.0,0.26182926829268294,0.12722687209526165,48.0,8.5,0.0,9.281195029260822,0.0,3.4749483475597747,0.0,6.987276008774617,0.0,1.4116075080472306,0.0,0.45879851097237584,0.0,2.3738801692647553,0.0,2.505552929608241,0.0,4.481723079166376,0.0,3.5633714973773314,0.0,8.535373933660091,0.0,0.9276549271141903,0.0,1.553954971690162,0.0,4.56746774037394,0.0,1.203429543441644,0.0,3.734533172762729,0.0,3.6235012071592085,7.544028874900388,USA,0.0,0.0,0.0,0.0,0.0,0.0,0.0,0.0,0.0,,
1610612761,TOR,East,1641998,Trey Jemison III,C,26.0,27.0,0.0,0.6176829268292683,0.11168933555608478,13.0,6.3076923076923075,0.0,9.098513419019946,0.0,1.6679265505433845,0.0,8.879704800340097,0.0,0.7392122969676416,0.0,1.458865435657426,0.0,2.496747426950392,0.0,3.951959632949449,0.0,4.92774516739065,0.0,3.982704815080027,0.0,7.150946951256176,0.0,1.1331037888598918,0.0,2.050446096107696,0.0,5.2926251307438985,0.0,0.0,0.0,0.0,0.0,5.687945952762781,7.877860057615578,USA,0.0,0.0,0.0,0.0,0.0,0.0,0.0,0.0,0.0,,
1610612761,TOR,East,1642918,Alijah Martin,G,24.0,25.0,0.0,0.585609756097561,0.06680526854219948,23.0,6.3478260869565215,0.0,13.204109589041096,0.0,3.106849315068493,0.0,5.4369863013698625,0.0,2.0712328767123287,0.0,1.0356164383561643,0.0,2.0712328767123287,0.0,2.33013698630137,0.0,3.106849315068493,0.0,4.142465753424657,0.0,12.945205479452055,0.0,3.883561643835616,0.0,4.919178082191781,0.0,3.106849315068493,0.0,1.015890410958904,0.0,5.333424657534246,0.0,9.605342465753424,9.605342465753424,USA,0.0,0.0,0.0,0.0,0.0,0.0,0.0,0.0,0.0,,
1610612761,TOR,East,1642419,Jamison Battle,F,25.0,26.0,0.0,0.24321138211382112,0.22499776480377043,61.0,8.475409836065573,0.0,14.687884498019214,0.0,1.8486688570420904,0.0,6.073343832833605,0.0,0.5704805437851757,0.0,0.29957339899458113,0.0,1.1599759898584348,0.0,1.3951222672799766,0.0,4.6782215655536294,0.0,5.40750097606429,0.0,11.712731581280625,0.0,0.614614393694713,0.0,0.8162687409543163,0.0,3.219950546076031,0.0,3.1962059016779034,0.0,7.841841265268841,0.0,9.556400207145556,10.577657014128722,USA,0.0,0.0,0.0,0.0,0.0,0.0,0.0,0.0,0.0,,
1610612762,UTA,West,1643060,Hayden Gray,G,23.0,24.0,21.192581175165234,0.8002439024390244,0.2576029411764706,1.0,25.0,1737.7916563635492,9.072000000000001,437.9234974036144,1.512,72.98724956726907,0.0,0.0,1.512,72.98724956726907,1.512,72.98724956726907,1.512,72.98724956726907,0.0,0.0,0.0,0.0,3.024,145.97449913453815,4.5360000000000005,218.9617487018072,3.024,145.97449913453815,3.024,145.97449913453815,0.0,0.0,0.0,0.0,1.4832,71.59701624217823,9.223200000000002,9.223200000000002,USA,5.340530456141639,0.0,0.0,0.0,0.8900884093569399,0.8900884093569399,0.8900884093569399,0.8900884093569399,0.0,66.7,0.0
1610612762,UTA,West,1642271,Kyle Filipowski,C,22.0,23.0,0.0,0.07961382113821142,0.4162823370964547,77.0,23.38961038961039,0.0,17.650187496586664,0.0,3.8452392886031155,0.0,11.140696013969503,0.0,1.387082054177008,0.0,0.7102024260376929,0.0,2.5427971972889543,0.0,2.8827165357171642,0.0,8.257979478252338,0.0,6.540388419045196,0.0,13.211642168213556,0.0,2.9234369554083046,0.0,4.0587318699838155,0.0,4.5644388981738535,0.0,1.677934357516861,0.0,5.0210711400537305,0.0,9.42572612756531,15.266689296969844,USA,0.0,0.0,0.0,0.0,0.0,0.0,0.0,0.0,0.0,,
1610612762,UTA,West,1642396,Blake Hinson,F,26.0,27.0,0.0,0.7134146341463414,0.21240882352941173,14.0,20.357142857142858,0.0,21.094736842105263,0.0,2.0210526315789474,0.0,4.168421052631579,0.0,0.631578947368421,0.0,0.25263157894736843,0.0,0.631578947368421,0.0,1.3894736842105264,0.0,2.778947368421053,0.0,7.4526315789473685,0.0,14.526315789473683,0.0,1.5157894736842106,0.0,2.0210526315789474,0.0,3.031578947368421,0.0,4.813894736842105,0.0,10.278315789473684,0.0,15.890526315789472,15.890526315789472,USA,0.0,0.0,0.0,0.0,0.0,0.0,0.0,0.0,0.0,,
1610612762,UTA,West,1641718,Keyonte George,G,22.0,23.0,28.03699998432971,0.1923170731707317,0.38592735700582054,54.0,33.074074074074076,2299.0339987150364,22.43891829558166,1432.995445998086,6.6386918908443855,423.9605101123626,4.185483824247731,267.2936003615934,0.9586685695546276,61.22254541404444,0.2125102369843688,13.571340552834819,3.369198165452165,215.1639202995238,0.429153123173402,27.406600578622026,3.7563307010743294,239.88699978297143,7.145189314879393,456.3064767267534,16.883040290266717,1078.1856563610822,5.289993479301234,337.8298572748441,6.115992827710716,390.57987352234034,2.139899461411576,136.6583782115891,2.9140519377162373,186.09734663419616,8.251450139476509,526.9545669266229,9.079261303231192,16.105124584544566,USA,17.475554219488856,3.2596780531901635,0.3342268363246588,2.9254512168655054,5.1702501233214955,0.7466164074883468,0.16550415308335145,2.623950247555168,2.2694798370023923,42.3,35.3
1610612762,UTA,West,1642262,Cody Williams,F,21.0,22.0,20.635880535339997,0.22717479674796753,0.35458481375641493,67.0,24.34328358208955,1692.1422038978797,11.82185923507365,555.6740816724451,2.809402642697937,132.0530216514282,4.342083472317061,204.09507489875412,1.0563684253990073,49.65348876341137,0.5819763929887077,27.35518934023473,1.6246307534320916,76.36406287869033,1.2583190933101909,59.14596788224134,3.0837643790068707,144.94910701651284,4.682455037657688,220.09388297430021,10.821915541823575,508.67277820383504,1.6496424998235308,77.53971375819437,2.325985200145014,109.33049230020097,2.9332615639783914,137.87488020775936,0.8229825174092049,38.683429188284364,3.552565343123649,166.98460414456886,0.7768931076170329,8.287314341107033,USA,6.77651319112738,2.4889643280335867,0.7212922912468456,1.767672036786742,1.6104027030661976,0.6055303507733094,0.33359987000286256,0.9312690594962236,0.4717491364424922,43.3,23.2
1610612762,UTA,West,1642926,Tamar Bates,G,,,0.0,0.0,0.0,,,,,,,,,,,,,,,,,,,,,,,,,,,,,,,,,,0.0,,USA,,,,,,,,,,,
1610612762,UTA,West,1642268,Isaiah Collier,G,21.0,22.0,21.796030944220785,0.18439024390243905,0.298891353357767,59.0,25.71186440677966,1787.2745374261044,14.904438226269725,739.9534149014493,9.756288876132015,484.36574133567484,4.130577738580998,205.06878936180325,1.4909264294088491,74.01930123494596,0.41687313095454004,20.696298119226316,3.867130920154088,191.9895729579051,0.5704232631336896,28.319527048732063,3.5601544754473076,176.74926231307117,5.577053095258719,276.8812497508153,11.982971675717133,594.912782186318,3.009447249563588,149.40856780200065,4.241079121216077,210.55479790441595,3.2134292061766496,159.53556105613626,0.7552708985418748,37.49656793952299,2.916958098999025,144.81680380777254,4.7881123890176855,13.181506401282688,USA,9.023822132944503,2.500838894656137,0.3453600859601471,2.1554788086959897,5.9068992845814,0.9026744053042189,0.25239387950275993,2.3413362555842085,0.4572752187746706,46.5,25.9
1610612762,UTA,West,1629004,Svi Mykhailiuk,G-F,29.0,30.0,0.0,0.48073170731707315,0.2739688715486194,50.0,23.12,0.0,14.289538981670903,0.0,2.9737204154487804,0.0,3.860822090092044,0.0,0.8134257870149255,0.0,0.14999712100913368,0.0,1.527916564358964,0.0,1.0418804227637126,0.0,2.8189416673283314,0.0,5.186986527430869,0.0,11.655655729144272,0.0,0.8650234895961546,0.0,1.0302709361376285,0.0,1.8758533104289667,0.0,3.209424855817856,0.0,8.303123634112868,0.0,6.875622016731426,10.436044573763686,Ukraine,0.0,0.0,0.0,0.0,0.0,0.0,0.0,0.0,0.0,,
1610612762,UTA,West,1629637,Jaxson Hayes,C-F,26.0,27.0,0.0,0.2268292682926829,0.3422085619679137,66.0,18.28787878787879,0.0,13.77560680805746,0.0,1.7431104683338754,0.0,8.411099306417656,0.0,0.9951845511046005,0.0,1.534561834225768,0.0,1.2058841814221617,0.0,2.816343717123125,0.0,5.5947555892945315,0.0,5.606815255938847,0.0,7.572471413734254,0.0,2.5138390415572984,0.0,3.91962173632717,0.0,4.1957588627879945,0.0,0.049581372261141426,0.0,0.13328602788195953,0.0,16.133362340259254,14.210524558044613,USA,0.0,0.0,0.0,0.0,0.0,0.0,0.0,0.0,0.0,,
1610612762,UTA,West,1628964,Mo Bamba,C,28.0,29.0,0.0,0.6363414634146342,0.18343728844169246,4.0,11.0,0.0,11.704736884018155,0.0,1.696960759727,0.0,12.324973658495566,0.0,0.8541314723780189,0.0,2.7485632927737393,0.0,1.7839270522501232,0.0,3.601275072189336,0.0,8.723698586306229,0.0,4.522778394743757,0.0,9.497943941534542,0.0,1.5102431894961397,0.0,2.185778807174471,0.0,4.825705542931411,0.0,1.17809774018766,0.0,3.6136184942733736,0.0,11.590599034820922,11.984864401900397,USA,0.0,0.0,0.0,0.0,0.0,0.0,0.0,0.0,0.0,,
1610612762,UTA,West,1642846,Ace Bailey,F,19.0,20.0,23.40602854234916,0.10756097560975611,0.39197999178782655,72.0,27.61111111111111,1919.294340472631,19.060804828973843,1016.2026342528582,2.5145674044265593,134.0609718903569,5.796941649899397,309.0565916861663,1.1517102615694166,61.40197185817873,0.9405633802816901,50.144943684179296,2.053883299798793,109.50018314708542,1.9962977867203222,106.43008455417649,3.800643863179075,202.62650713198985,7.582092555331992,404.2296480663434,17.122092555331992,912.8426482915905,1.2668812877263582,67.54216904399661,1.689175050301811,90.05622539199548,3.70466800804829,197.50967614380826,2.6049295774647887,138.8785165377203,7.567605633802817,403.45729621907066,7.467748369996295,12.511412474849093,USA,12.392715051864124,3.7689828254410527,1.2979278604167865,2.4710549650242664,1.6348899011019136,0.7488045348558382,0.6115237034656011,1.3353680871595783,1.6936404455819547,44.3,34.4
1610612762,UTA,West,1628991,Jaren Jackson Jr.,F-C,26.0,27.0,25.696004674887845,0.25853658536585367,0.45323115041820916,48.0,30.3125,2107.0723833408033,24.93374298781425,1459.3667017483558,2.4240789369053326,141.88082730531556,6.632872960130929,388.2206510138846,1.3929050151852866,81.52643583649498,1.7789169796900468,104.11963444891472,2.604954868754466,152.46745732782506,1.298755446301919,76.01588148933982,5.33411751382901,312.20476952454476,8.977093002232456,525.4273541023886,18.977694602083904,1110.7604498757453,4.808705472514612,281.4525139098702,6.043975945587003,353.752633347847,4.23773354119003,248.03364757218165,2.235977056159768,130.87126402271988,6.286531590596206,367.94936393179995,19.93685460295108,17.290403716151165,USA,17.79715489937019,4.734398183096154,0.927022944991949,3.8073752381042043,1.7302539915282387,0.994224827274329,1.2697516396209112,1.8593592357051836,1.5959910246673157,47.3,35.6
1610612762,UTA,West,1629006,Josh Okogie,G,27.0,28.0,0.0,0.26878048780487807,0.35481987215664074,78.0,17.358974358974358,0.0,10.843900742817906,0.0,1.9480119465460977,0.0,5.619771875370923,0.0,1.8989646451464732,0.0,0.6340821271581093,0.0,1.2652566763091229,0.0,2.34591132764667,0.0,3.2738605477242526,0.0,3.692595947883396,0.0,8.613184884226749,0.0,1.8746323235541429,0.0,2.7570390446600648,0.0,2.7666548969507416,0.0,1.599917288731941,0.0,4.377139726464596,0.0,11.22815482471493,9.897554969890113,Nigeria,0.0,0.0,0.0,0.0,0.0,0.0,0.0,0.0,0.0,,
1610612762,UTA,West,1643016,Bez Mbeng,G,23.0,24.0,27.804666501816786,0.6636585365853659,0.34256705882352934,15.0,32.8,2279.9826531489766,9.373170731707317,593.6296298137885,4.763414634146341,301.6806315447121,4.379268292682927,277.35154835562247,2.6121951219512196,165.43776568580992,0.38414634146341464,24.32908318908969,1.6902439024390246,107.04796603199465,1.3829268292682926,87.58469948072288,2.996341463414634,189.76684887489955,3.841463414634146,243.2908318908969,7.682926829268292,486.5816637817938,1.229268292682927,77.85306620508702,1.920731707317073,121.64541594544845,3.5341463414634147,223.82756533962515,0.4521951219512195,28.638806496871293,2.336341463414634,147.96716690050164,10.233658536585367,10.233658536585367,USA,7.239385729436445,3.3823359555563717,1.0681060912283278,2.3142298643280435,3.6790320920086845,2.0175337278757306,0.2966961364523133,1.3054630003901786,0.3492537377667231,50.0,19.4
1610612762,UTA,West,1643408,Darryn Peterson,G,,,0.0,0.0,0.0,,,,,,,,,,,,,,,,,,,,,,,,,,,,,,,,,,0.0,,USA,,,,,,,,,,,
1610612762,UTA,West,1628374,Lauri Markkanen,F-C,29.0,30.0,29.124661557869935,0.4532926829268292,0.49502855842530435,42.0,34.357142857142854,2388.2222477453347,24.477147791449557,1623.801914358067,1.9736124035336065,130.92847362625284,7.172135518645602,475.7959335964987,0.9226663391529696,61.20922995585734,0.4692815230045698,31.131904824870215,1.5089261112459607,100.10141414115154,1.9850255196398303,131.68561412072464,5.18710999900577,344.1103194757739,8.262040338423462,548.0996818886753,17.856443009220353,1184.5876238949083,4.922780141876452,326.57480709967444,5.521291834690229,366.2797776639406,1.858614578055227,123.29957459153614,3.188114419222331,211.497938454013,8.805697801356864,584.1656498922956,17.581379119802282,18.369020151950444,Finland,19.80246237022033,5.802389434103643,1.605922123423471,4.19646731068017,1.596688702759181,0.7464540238519187,0.37965737591305143,1.2207489529408724,2.5792431518782073,46.3,36.2
1610612762,UTA,West,1641725,Trey Alexander,G,23.0,24.0,0.0,0.6596951219512195,0.10364846405228759,9.0,12.333333333333334,0.0,13.744051372383801,0.0,3.2599894039237403,0.0,3.798211447479573,0.0,1.4857445602178858,0.0,0.5382220435558333,0.0,1.2585585619073991,0.0,0.33357180700272365,0.0,3.46463964047685,0.0,5.564334910354064,0.0,12.857843140899229,0.0,1.0007154210081708,0.0,1.538937464564004,0.0,3.949668779686565,0.0,1.5839105853214521,0.0,4.558946307018263,0.0,9.332964977190157,9.332964977190157,USA,0.0,0.0,0.0,0.0,0.0,0.0,0.0,0.0,0.0,,
1610612762,UTA,West,1641729,Brice Sensabaugh,F,22.0,23.0,19.915374949675275,0.19536585365853656,0.41213494338580503,75.0,23.493333333333332,1633.0607458733725,21.741609175867527,986.260236034155,2.9978132051852864,135.9891963569147,5.170065885508974,234.5286569778823,1.1285504914592204,51.19420853717099,0.2486728417965935,11.280496013966559,2.68967771850167,122.01130836487023,1.1371385598138288,51.583787351415104,4.032927325695144,182.94486962646712,7.6951196385630745,349.0721615704625,16.912906712658128,767.2167791961181,2.837865822500842,128.73353546616045,3.370878528772865,152.9124834568431,2.944902034143898,133.58899756675126,3.581727456361709,162.4771808722553,9.424116868845793,427.504314528754,8.111374109471168,14.306744631688787,USA,12.027563854075062,2.8601055729010034,0.6290705774562818,2.231034995444721,1.658404833620911,0.6243196163069632,0.1375670245605678,1.4879427849374418,1.9814290350275037,45.5,38.0
1610612762,UTA,West,203994,Jusuf Nurkić,C,31.0,32.0,22.391771134345316,0.4341463414634147,0.41657383984583785,41.0,26.414634146341463,1836.1252330163159,14.232178875970257,725.8906320825216,5.201458417121986,265.2924735600774,13.515139440593744,689.3191265168941,1.4662243248936286,74.7825411166529,1.007937576123067,51.40832268957963,3.105005510079446,158.36608238087686,3.3314379111608234,169.9149225252654,10.183701529432918,519.4042039916285,5.535727957656957,282.34138294910593,11.110615490358118,566.6800404496802,2.4380996528190475,124.35156369859367,3.985436366419303,203.27111880453728,4.246677239545323,216.5953121112567,0.752732612330513,38.391981755953985,2.4145573552030295,123.15082462370616,13.322826299563724,14.4463466412523,Bosnia and Herzegovina,8.852324781494167,8.406330811181636,2.072133201527627,6.334197609654006,3.235274067805822,0.9119822087396694,0.6269307645070686,1.931293687571669,0.4681948994628535,49.8,31.2
1610612762,UTA,West,201567,Kevin Love,F-C,37.0,38.0,0.0,0.6078048780487806,0.4576448390590078,37.0,16.56756756756757,0.0,15.386021185658914,0.0,3.7621891993667536,0.0,12.144931062973496,0.0,0.909868638863005,0.0,0.46064431480802304,0.0,1.7210802980906856,0.0,2.744332621950351,0.0,9.400598441023147,0.0,4.982590230730937,0.0,12.310382994512787,0.0,2.4034474653700966,0.0,3.0142539338032117,0.0,3.1443642020246227,0.0,3.08159311539773,0.0,8.536314376354966,0.0,11.996568704636925,14.145705081976097,USA,0.0,0.0,0.0,0.0,0.0,0.0,0.0,0.0,0.0,,
1610612762,UTA,West,1629723,John Konchar,G,30.0,31.0,0.0,0.41658536585365846,0.25105457601222303,56.0,19.910714285714285,0.0,7.365033771649287,0.0,3.364250861493672,0.0,7.817491883086602,0.0,2.1843569591317378,0.0,1.199300505091497,0.0,1.1326934311324561,0.0,2.251308286949253,0.0,5.566183596137349,0.0,2.7676183906498153,0.0,6.060478431202556,0.0,0.8002080043095892,0.0,1.0544756945138638,0.0,2.3127873600679316,0.0,1.0724885271250728,0.0,3.4591157198638185,0.0,8.733617338709056,10.694844570273123,USA,0.0,0.0,0.0,0.0,0.0,0.0,0.0,0.0,0.0,,
1610612762,UTA,West,1631127,Harrison Ingram,F,23.0,24.0,0.0,0.750040650406504,0.050119803921568624,7.0,3.7142857142857144,0.0,10.636102528548925,0.0,2.2734789724996305,0.0,6.820436917498891,0.0,1.4867758105807254,0.0,0.0,0.0,1.2822950987791473,0.0,3.351293359477199,0.0,3.4691435580216927,0.0,4.924699683315009,0.0,6.702586718954398,0.0,0.0,0.0,0.0,0.0,2.5645901975582945,0.0,0.7717183397871167,0.0,1.257870430230973,0.0,12.070900031175398,12.070900031175398,USA,0.0,0.0,0.0,0.0,0.0,0.0,0.0,0.0,0.0,,
1610612763,MEM,West,1642942,Jahmai Mashack,G,23.0,24.0,21.796077397381072,0.5075609756097561,0.2302119734345351,31.0,21.70967741935484,1787.2783465852478,10.783952451708766,535.386797431777,3.875482912332838,192.40463032704488,4.549479940564636,225.86630516653094,2.0781575037147104,103.1734974217487,0.7863298662704309,39.03862064606707,2.752154531946508,136.63517226123477,1.2918276374442792,64.13487677568162,3.257652303120357,161.73142839084935,4.32481426448737,214.71241355336892,10.952451708766716,543.7522161416487,1.0671619613670134,52.9809851625196,1.9658246656760774,97.5965516151677,3.763150074294205,186.8276845204639,1.0468350668647846,51.97182354037638,4.132243684992571,205.1519350278015,-2.323030300989502,7.453283803863298,USA,6.529107285753379,2.7544671361772064,0.7821326436058734,1.9723344925713335,2.3463979308176204,1.2582133831920574,0.4760807395861838,1.6662825885516435,0.6338027261021509,39.5,25.3
1610612763,MEM,West,1643563,Richie Saunders,G,,,0.0,0.0,0.0,,,,,,,,,,,,,,,,,,,,,,,,,,,,,,,,,,0.0,,USA,,,,,,,,,,,
1610612763,MEM,West,1642377,Jaylen Wells,F,22.0,23.0,26.496336222399357,0.09516260162601628,0.4585481298628422,69.0,26.391304347826086,2172.699570236747,16.501948081185994,995.9382084461646,2.338430311100963,141.13073699882347,4.637976126331051,279.91468712354913,1.058235730955679,63.86745327379371,0.16746603182446898,10.107038204841032,1.4011553492500464,84.56360069862487,1.38134631351801,83.36807060357488,3.256629812813041,196.54661651997424,5.746917834244211,346.8423863513416,13.405376667857306,809.0515590309801,2.432434632675814,146.80415780677004,3.054113211558873,184.32417950578707,2.8624242952558756,172.75522322604624,2.6256909407988758,158.4677105180066,7.441037941514475,449.08722049010635,10.876730444127533,11.378449582787942,USA,12.145587907880056,3.413593745409136,1.016683787848474,2.3969099575606614,1.7211065487661399,0.7788713813877282,0.12325656347367113,1.0312634231539617,1.9325330550976416,42.9,35.3
1610612763,MEM,West,1630590,Scotty Pippen Jr.,G,25.0,26.0,21.839105352096375,0.4952439024390244,0.2516504245553643,10.0,21.2,1790.8066388719028,18.175414454026523,904.129246347751,7.769619782128779,386.4968524262968,5.403198935073995,268.78012566878067,2.505071688839536,124.61386142288585,0.6855741554567643,34.10363191752698,3.4743519673910606,172.83034913837687,1.4717747971160386,73.2128910444375,3.931424137957957,195.56723462434326,6.6911718236293005,332.8498589885547,14.053686572850822,699.0954226468381,2.8356065632669787,141.05619607575684,3.8926232122720386,193.63709697676774,4.661782728964304,231.89865166687918,1.9201792102914035,95.5186021559348,4.969517099881982,247.20678373489164,14.907458987665555,15.885807908421894,USA,11.025966418875011,3.277806410594886,0.8928401346882622,2.384966275906625,4.713376249101181,1.5196812368644617,0.4158979502137437,2.107687184614352,1.1648610019016439,47.6,38.6
1610612763,MEM,West,1629660,Ty Jerome,G-F,28.0,29.0,0.0,0.6076829268292684,0.24960580789277736,15.0,22.6,0.0,24.659256187219444,0.0,6.834279529023804,0.0,4.393257158839359,0.0,1.8903633531744706,0.0,0.17093249299988988,0.0,2.477068214075377,0.0,1.2448685233599486,0.0,3.1483886354794106,0.0,8.8152764159118,0.0,17.584141535782518,0.0,3.7804674242999474,0.0,4.330981241461194,0.0,2.7874941171729697,0.0,3.3306784674181276,0.0,7.730430419383915,0.0,20.12274740932989,20.674132616314186,USA,0.0,0.0,0.0,0.0,0.0,0.0,0.0,0.0,0.0,,
1610612763,MEM,West,1642383,Walter Clayton Jr.,G,23.0,24.0,0.0,0.13682926829268297,0.3124852120208473,69.0,20.44927536231884,0.0,14.412756909992913,0.0,7.474273564847627,0.0,3.7237420269312542,0.0,1.1787384833451453,0.0,0.5090007087172218,0.0,3.107583274273565,0.0,0.6697377746279234,0.0,3.054004252303331,0.0,4.741743444365698,0.0,12.34996456413891,0.0,2.920056697377747,0.0,3.2415308291991494,0.0,3.1879518072289152,0.0,1.9709425939050318,0.0,6.412133238837704,0.0,6.267269530866551,11.305173635719349,USA,0.0,0.0,0.0,0.0,0.0,0.0,0.0,0.0,0.0,,
1610612763,MEM,West,1626156,D'Angelo Russell,G,30.0,31.0,0.0,0.4568292682926829,0.4379184502888492,26.0,19.03846153846154,0.0,18.165946011754894,0.0,6.908513758189893,0.0,3.67653309570492,0.0,1.0692663218807552,0.0,0.4407610437078849,0.0,2.562791642089272,0.0,0.4541563840994774,0.0,3.222376711605442,0.0,6.389070590956581,0.0,15.217017289239898,0.0,2.611199601342375,0.0,3.2587578580128764,0.0,2.3538337597650347,0.0,2.8922971130201636,0.0,8.280777660064809,0.0,12.757868933263218,13.804694862566576,USA,0.0,0.0,0.0,0.0,0.0,0.0,0.0,0.0,0.0,,
1610612763,MEM,West,1642358,AJ Johnson,G,21.0,22.0,0.0,0.4208739837398374,0.15116735294117645,48.0,9.4375,0.0,12.950724195127036,0.0,4.115075671589136,0.0,3.9975646462179326,0.0,0.8049775523516405,0.0,0.21208757367582837,0.0,2.2574913144596334,0.0,0.8258033172455803,0.0,3.171761328972353,0.0,4.7127417883474845,0.0,13.453426263971917,0.0,2.349012937245515,0.0,2.7458649690569024,0.0,2.66733804756368,0.0,1.1990670536367758,0.0,5.02708062942051,0.0,2.0902636194239586,7.298837724276757,USA,0.0,0.0,0.0,0.0,0.0,0.0,0.0,0.0,0.0,,
1610612763,MEM,West,203924,Jerami Grant,F,32.0,33.0,29.855188520773403,0.4517073170731708,0.5459879380587742,57.0,29.736842105263158,2448.125458703419,20.093980954809076,1366.4607317269372,2.5530888264012384,173.61893761789185,3.908122121785962,265.7659239462844,0.8894818261407289,60.48786398969797,0.8145798276767401,55.394267063379765,2.1382247666506355,145.4067357685444,0.8933827654445116,60.75314145698816,3.014739356341451,205.01278248929626,6.413210725603973,436.1206791494698,14.833098589250266,1008.7023968833707,4.6922679207788445,319.09057099766795,5.713405633742049,388.5314941073181,2.668832135476627,181.48988599628174,2.588498206323938,176.0268988530491,6.7402692636515145,458.3617995239283,11.773710014355617,13.438523153257819,USA,16.66415526496265,3.241047853003468,0.7408919689876605,2.500155884015808,2.117304117291364,0.7376568779231459,0.6755398422363386,1.7732528752261512,2.1466694982079155,43.2,38.4
1610612763,MEM,West,1642914,Javon Small,G,23.0,24.0,0.0,0.41000000000000003,0.2166931133428981,41.0,20.24390243902439,0.0,18.034698795180724,0.0,6.876867469879518,0.0,5.829397590361447,0.0,1.548433734939759,0.0,0.4098795180722892,0.0,2.5503614457831327,0.0,1.6395180722891567,0.0,4.189879518072289,0.0,6.102650602409637,0.0,13.116144578313254,0.0,3.096867469879518,0.0,3.734457831325301,0.0,2.960240963855422,0.0,2.6804819277108436,0.0,6.343807228915662,0.0,13.814292883099009,16.358746987951807,USA,0.0,0.0,0.0,0.0,0.0,0.0,0.0,0.0,0.0,,
1610612763,MEM,West,1641744,Zach Edey,C,24.0,25.0,22.456503243707402,0.4735162601626016,0.2699694830659536,11.0,25.818181818181817,1841.433265984007,17.172802604239685,878.4047218228817,1.7018469299534256,87.05104306747201,15.017425449044522,768.1551886473721,0.9539347698538616,48.79464496632496,2.396093038133945,122.56237302257033,2.617548978358786,133.89004900256447,6.0797238758631655,310.98349425032376,8.937701573181355,457.1716943970484,7.075143651450172,361.90013559433066,11.917456331373087,609.5889037361701,2.6259034123012897,134.3173860186809,3.6000864983041794,184.14775106658868,4.874454878278466,249.33287128888864,0.3890573768658988,19.900644337148407,1.1905067947362096,60.895522644645844,20.622362296508108,17.463246401360905,Canada,10.712252705157093,9.367746203016733,3.7924816371990704,5.575264565817664,1.0615980861886831,0.5950566459307922,1.4946630856411016,1.6328054756410302,0.24269078459937082,59.4,32.7
1610612763,MEM,West,1641765,Olivier-Maxence Prosper,F,23.0,24.0,0.0,0.3276829268292683,0.173172566498365,53.0,18.566037735849058,0.0,17.933433175532063,0.0,2.1614849741408766,0.0,7.577267368931474,0.0,1.5055707082414092,0.0,0.4674526978306306,0.0,1.5014305289931575,0.0,2.459519808936857,0.0,5.117747559994617,0.0,6.412783052249437,0.0,12.747765694495234,0.0,3.2571460833775996,0.0,4.5339442263770975,0.0,2.7633061259593408,0.0,1.8154691593192858,0.0,4.942862329102582,0.0,10.472749084746532,15.060453386584133,Canada,0.0,0.0,0.0,0.0,0.0,0.0,0.0,0.0,0.0,,
1610612763,MEM,West,1642366,Quinten Post,C,26.0,27.0,0.0,0.30050813008130084,0.2793617677663219,67.0,17.29850746268657,0.0,16.452671829607667,0.0,2.9249234058287503,0.0,8.195585422415668,0.0,0.8162994555398944,0.0,1.048431234407362,0.0,1.7373522486070023,0.0,2.0373593389135913,0.0,6.158226083502077,0.0,6.119754475748286,0.0,13.837721277289187,0.0,1.0685648974194812,0.0,1.3577083653871616,0.0,4.01113052545943,0.0,3.2389359201123606,0.0,9.082979648750033,0.0,14.93343807799656,12.627973945822013,Netherlands,0.0,0.0,0.0,0.0,0.0,0.0,0.0,0.0,0.0,,
1610612763,MEM,West,1641707,Taylor Hendricks,F,22.0,23.0,0.0,0.45146341463414635,0.23695560319042872,59.0,18.949152542372882,0.0,13.864177405060875,0.0,1.6990617972425588,0.0,7.486873986314543,0.0,1.583321126685454,0.0,1.0945819006312418,0.0,1.5269790768900238,0.0,2.1289028854682774,0.0,5.3579711008462665,0.0,5.134199637046333,0.0,11.372803668885416,0.0,1.478750329723306,0.0,2.11962851753107,0.0,3.31629597002732,0.0,2.1581351371914064,0.0,6.206901438620472,0.0,5.089111356694663,11.483541016914346,USA,0.0,0.0,0.0,0.0,0.0,0.0,0.0,0.0,0.0,,
1610612763,MEM,West,1642907,Cedric Coward,G,22.0,23.0,25.876769450976933,0.2051219512195122,0.2813025806451613,62.0,25.774193548387096,2121.8950949801088,19.560976220275347,1152.9538748562445,3.9678848560700875,233.8732059316937,8.446257822277849,497.83536233413173,0.928160200250313,54.70718267408041,0.6265081351689612,36.92734830500427,2.4364205256570712,143.60635451946104,1.9259324155193993,113.51740404871683,6.520325406758447,384.31795828541476,7.0772215269086365,417.14226788986315,15.036195244055069,886.2563593201024,3.248560700876095,191.47513935928137,3.8518648310387986,227.03480809743365,2.9237046307884857,172.32762542335328,2.199874843554443,129.66399000300854,6.505006257822278,383.41502420244456,16.355815632318674,15.46778973717147,USA,14.060413108002981,6.071162955294289,1.3843585859599612,4.686804369334326,2.8521122674596793,0.6671607643180537,0.45033351591468623,1.7512970063348907,1.5812681707683969,47.1,33.8
1610612763,MEM,West,1642285,Cam Spencer,G,26.0,27.0,23.900296690450016,0.3433943089430894,0.3054876606331425,72.0,23.805555555555557,1959.8243286169013,16.623643569084532,904.98391935966,8.100959155767084,441.0126899612268,3.8811144915297575,211.2861834068787,1.1085874527398372,60.35101834108256,0.2235635120591095,12.170700275680021,1.8604038852565297,101.27957764942092,0.9142399674140447,49.770825842554665,2.9668745241157124,161.515357564324,5.467398956968692,297.64281917005314,11.681026756845206,635.9100117025059,2.652192156128435,144.38418643742838,2.805976693284546,152.75614969530716,2.258500705682449,122.951795255414,3.127753103989273,170.27351741958907,7.08352119365015,385.62381021080546,11.931485989478329,16.274350094331126,USA,11.03638926048366,2.5766607732546185,0.6069612907628618,1.9696994824917562,5.3782035361125216,0.7359880285497873,0.1484231740936588,1.235116800602694,2.0765063099949885,46.8,44.2
1610612763,MEM,West,1631200,Kris Murray,F,25.0,26.0,23.47903616412445,0.2251219512195122,0.24260671506751363,57.0,23.385964912280702,1925.280965458205,9.90298182204218,529.6117334237896,2.330900555961545,124.6566242435753,6.135629422010755,328.1336260361843,1.4094840182698578,75.37924309701394,0.6148881601115361,32.88423529300994,1.4369508577919177,76.8481704112672,2.570963025749169,137.49517156588078,3.5646663962615865,190.63845447030354,3.8989134919492314,208.51399811161215,8.944043650893484,478.3276943136815,1.0496398204494437,56.1347657471745,1.7248396764149325,92.24447215190997,2.548166386616353,136.27600669369102,1.0354099697381913,55.37375294951655,3.971171711864299,212.3783696505114,9.026037844537976,8.81602946479569,USA,6.458679675899873,4.001629585807126,1.6767703849497657,2.32485920085736,1.5202027346777476,0.9192590621587066,0.4010272596708529,0.9371728098935025,0.6752896701160555,43.6,26.1
1610612763,MEM,West,1643409,Cameron Boozer,F,,,0.0,0.0,0.0,,,,,,,,,,,,,,,,,,,,,,,,,,,,,,,,,,0.0,,USA,,,,,,,,,,,
1610612763,MEM,West,1630191,Isaiah Stewart,F-C,25.0,26.0,22.797265253442564,0.25073170731707317,0.46554225752957523,58.0,22.70689655172414,1869.3757507822902,14.314021446544182,743.2856830096481,2.3406164267346803,121.54143305612513,8.990214094810536,466.8357839772215,0.5481226667523941,28.46242282447355,2.330452245778148,121.01363657260555,1.8462342690063462,95.86959924288142,2.8130222006004115,146.07209689485123,6.177191894210124,320.7636870823702,5.506114351399034,285.91657359832533,10.20684705125379,530.0120102654877,2.2526759400330643,116.97493824079197,2.9796501906945623,154.72460589717338,4.350889834139332,225.92910972959024,1.0291336264994682,53.43992904702068,2.966802056417869,154.057439489961,15.746336800671527,13.134438194494166,USA,9.064459548898148,5.693119316795385,1.7813670353030637,3.9117522814923196,1.4822125982454284,0.3471027173716286,1.4757760557634823,1.1691414541814806,0.6517064517929351,53.9,34.7
1610612763,MEM,West,1643510,Karim Lopez,F,,,0.0,0.0,0.0,,,,,,,,,,,,,,,,,,,,,,,,,,,,,,,,,,0.0,,Mexico,,,,,,,,,,,
1610612763,MEM,West,1641713,GG Jackson,F,21.0,22.0,21.50342170464844,0.3697560975609756,0.23901676424488286,55.0,21.418181818181818,1763.280579781172,20.754146043273355,1016.5384074457266,2.3251521699378386,113.88599073020673,7.026437980298552,344.15504543603555,0.9413968498161517,46.109632865222025,1.0741189701188163,52.610364455140605,2.4699687895198945,120.9791110896122,1.6496650438296168,80.80062041468388,5.376772936468937,263.3544250213517,7.529039284170468,368.7724653940923,16.352021146072257,800.922259084452,3.3338736908887325,163.29318707187446,4.490164465066111,219.928327813183,2.260982958584036,110.74298172465024,2.408061624510551,117.94689715043765,7.077987098074862,346.6799220549194,11.412295784914116,14.571152731543725,USA,12.396809846899105,4.197012749219946,0.9853734196912668,3.211639329528679,1.388853545490326,0.5623125959173417,0.641589810428544,1.4753550132879536,1.4383767945175323,46.0,34.0
1610612763,MEM,West,201959,Taj Gibson,F,41.0,42.0,0.0,0.7657317073170732,0.352040747217806,10.0,9.7,0.0,8.735871585290353,0.0,1.7939172311152995,0.0,8.916828425116515,0.0,0.6736502698153806,0.0,1.149380243173114,0.0,1.4243104031264642,0.0,3.6411430557588917,0.0,5.275685369357623,0.0,3.616106680428418,0.0,7.643382800500565,0.0,1.1673224792470513,0.0,1.6265262162803653,0.0,4.586212211126121,0.0,0.34364739182095183,0.0,0.8722681207721865,0.0,10.884802508015754,8.254933766376869,USA,0.0,0.0,0.0,0.0,0.0,0.0,0.0,0.0,0.0,,
1610612764,WAS,East,1642882,Julian Reese,F,23.0,24.0,26.453769283677044,0.683170731707317,0.3223457918552036,13.0,30.923076923076923,2169.2090812615174,14.480597014925374,872.5400707462372,2.256716417910448,135.9802707656474,12.882089552238806,776.220712287237,1.6925373134328359,101.98520307423551,0.7522388059701492,45.326756921882456,3.008955223880597,181.30702768752982,5.171641791044776,311.6214538379419,7.71044776119403,464.5992584492951,5.923880597014926,356.94821075982435,11.18955223880597,674.2355092130015,2.6328358208955227,158.6436492265886,4.137313432835821,249.29716307035352,3.9492537313432834,237.96547383988286,0.0,0.0,0.0,0.0,13.559104477611946,13.559104477611946,USA,10.640732570076064,9.46610624740533,3.800261632170023,5.665844615235306,1.6582959849469194,1.2437219887101891,0.5527653283156397,2.211061313262559,0.0,52.9,
1610612764,WAS,East,1643590,Felix Okpara,C,,,0.0,0.0,0.0,,,,,,,,,,,,,,,,,,,,,,,,,,,,,,,,,,0.0,,Nigeria,,,,,,,,,,,
1610612764,WAS,East,1641731,Bilal Coulibaly,G,21.0,22.0,22.425538957431268,0.2374390243902439,0.34265303438889677,56.0,26.214285714285715,1838.894194509364,14.566194930832395,744.0469803999839,3.449207488965537,176.1868785310263,5.819445949941173,297.2595936835515,1.6120108565358304,82.34215015471682,1.086085783082318,55.47769003470087,2.133909793855775,109.00095365355718,1.4010335473462112,71.56534601466134,4.41841240259496,225.69424766889009,5.165726402601459,263.867341449099,12.143401825857076,620.2897533100829,2.805853692189441,143.32411292249517,3.7953677029059385,193.86887874727975,2.9869634419920534,152.57527035252485,1.4566338399146024,74.40543088180124,4.68646157799466,239.38630523793256,5.853143690358804,11.500566789724,France,9.073743663414438,3.625116996140872,0.8727481221300164,2.7523688740108545,2.148620469890565,1.0041725628624003,0.6765571955451326,1.329279922604356,0.9073833034366005,42.5,31.1
1610612764,WAS,East,1641774,Tristan Vukcevic,F,23.0,24.0,0.0,0.4697560975609757,0.15953146458583434,49.0,13.693877551020408,0.0,24.460427465484727,0.0,3.0360573940458786,0.0,8.713968929167054,0.0,1.1435739808219492,0.0,1.8012287077013749,0.0,3.311949003369771,0.0,1.8188955940654647,0.0,6.89507333510159,0.0,8.56785703722824,0.0,17.774676293845147,0.0,4.533056698178959,0.0,5.802757861802254,0.0,4.623182752346949,0.0,2.7384822796521573,0.0,7.822517872354175,0.0,9.656452925106773,17.647617473347882,Italy,0.0,0.0,0.0,0.0,0.0,0.0,0.0,0.0,0.0,,
1610612764,WAS,East,1641715,Cam Whitmore,F,21.0,22.0,0.0,0.45024390243902435,0.1926699860275079,21.0,16.857142857142858,0.0,21.90707035070625,0.0,1.7859661470069585,0.0,6.801616386594975,0.0,1.4064494371465779,0.0,0.6947074194512395,0.0,1.9758532825654336,0.0,1.7912929596766851,0.0,5.01032342691829,0.0,8.296019683761466,0.0,18.42188403713316,0.0,2.640551869361637,0.0,3.6590477384674527,0.0,2.3660784805504735,0.0,2.7264107470997687,0.0,7.984521421543549,0.0,14.853950067733896,14.900399409306159,USA,0.0,0.0,0.0,0.0,0.0,0.0,0.0,0.0,0.0,,
1610612764,WAS,East,1629027,Trae Young,G,27.0,28.0,29.225101880259803,0.4425609756097561,0.4808482352941176,15.0,25.6,2396.458354181304,24.748532490656338,1647.4674289155782,11.321041734844075,753.6223623195079,2.9723674215725926,197.8654094201106,1.2361830574241435,82.29058931281877,0.17405222150544608,11.586358341403919,4.448473371922979,296.1272548749416,0.4475541399662827,29.792912713072965,2.52481328160631,168.07249670703763,7.617039031462639,507.05324502982523,18.04722516017797,1201.3728751360977,6.592349256688937,438.8414013853643,7.648688568741479,509.160100530321,2.0949063976564313,139.45433160810043,2.9513262227525456,196.46473284526917,8.465361090558469,563.5245918508389,17.600973937645232,19.806799544637347,USA,20.09106620628754,2.412992797806227,0.363328203817963,2.049664593988264,9.190516613652536,1.003543772107546,0.14129705294395023,3.611307986279776,2.395911376161819,42.2,34.9
1610612764,WAS,East,1643407,AJ Dybantsa,F,,,0.0,0.0,0.0,,,,,,,,,,,,,,,,,,,,,,,,,,,,,,,,,,0.0,,USA,,,,,,,,,,,
1610612764,WAS,East,1642364,Jamir Watkins,F,24.0,25.0,0.0,0.3221951219512195,0.2227905882352941,50.0,20.64,0.0,13.479069767441862,0.0,2.454069767441861,0.0,7.105813953488372,0.0,1.9779069767441861,0.0,0.9156976744186047,0.0,1.4651162790697676,0.0,1.794767441860465,0.0,5.311046511627907,0.0,4.834883720930233,0.0,10.84186046511628,0.0,2.0877906976744187,0.0,3.0034883720930234,0.0,4.7250000000000005,0.0,1.6887209302325579,0.0,5.676976744186047,0.0,6.283126825379763,11.28872093023256,USA,0.0,0.0,0.0,0.0,0.0,0.0,0.0,0.0,0.0,,
1610612764,WAS,East,1629028,Deandre Ayton,C,27.0,28.0,23.264035494289505,0.30658536585365853,0.5454321067683346,72.0,27.194444444444443,1907.6509105317393,17.07828857814209,904.9836876782377,1.4192043352668526,75.2040678445112,11.271381546883289,597.2739241906264,0.8697258056497656,46.08703402946461,1.1690897111400944,61.95041810971359,1.742086150162819,92.3136730717454,3.4994101589228506,185.43480488869986,7.7719713879604395,411.8391193019266,7.771020965376788,411.78875612117406,12.539059242861583,664.4485494960089,1.492350532469164,79.08010700270353,2.2086592804474283,117.03752464999758,2.687329947902761,142.40242838933094,0.044335076068546315,2.3493291175182307,0.2561125222000027,13.571480171483762,14.50910872526668,15.768524031543226,Bahamas,11.03638643510046,7.283828343788127,2.261400059618291,5.022428284169837,0.9171227785916,0.5620370003593246,0.755492903776995,1.1257765008749439,0.02865035509168574,62.0,17.3
1610612764,WAS,East,1642267,Bub Carrington,G,20.0,21.0,23.692350156594994,0.010000000000000002,0.4902120468675275,82.0,27.695121951219512,1942.7727128407896,13.851284172093772,747.4971368707585,6.09755481702867,329.0600864881726,4.903741009893101,264.634839579407,0.8594032903839876,46.37847949676667,0.3020192146434877,16.29874136008259,2.7957219115682506,150.8736734023858,0.5374021043920469,29.00139289544684,4.366338905501053,235.63344668396013,5.0253474757305066,271.19744301090475,12.111177466500147,653.5906972857981,1.2435507736377247,67.10934750153959,1.643983169145766,88.71904559405328,3.0341874142724876,163.7426809470428,2.5329154427781004,136.69108350450946,6.63470848734205,358.04807241281463,1.6713870964553479,10.239217357634658,USA,9.115818742326322,3.227254141212281,0.3536755231152054,2.8735786180970746,4.012927884002105,0.5655912133752033,0.19876513853759256,1.8399228463705586,1.6669644329818227,41.5,38.2
1610612764,WAS,East,1630551,Justin Champagnie,G-F,25.0,26.0,0.0,0.30987804878048786,0.3246932864371496,69.0,19.956521739130434,0.0,15.920129958748577,0.0,2.1118317296184146,0.0,10.223785339069332,0.0,1.696742911674493,0.0,1.1615781560573817,0.0,1.355004257505441,0.0,3.642714647704467,0.0,6.581070691364864,0.0,6.155520404176819,0.0,12.276527573489687,0.0,1.8983009374334965,0.0,2.5135354138806463,0.0,3.0835746491383995,0.0,1.6782017708097967,0.0,4.892249953589522,0.0,11.312047404367537,15.466592203687,USA,0.0,0.0,0.0,0.0,0.0,0.0,0.0,0.0,0.0,,
1610612764,WAS,East,1642848,Tre Johnson,G,20.0,21.0,20.574057130700567,0.22463414634146345,0.2620035294117647,60.0,24.05,1687.0726847174465,19.384116424116428,908.4003704586015,3.2262785862785868,151.19351322776177,4.495634095634095,210.67948564524173,0.8726819126819128,40.89660603701752,0.47600831600831606,22.307239656555012,2.4593762993763,115.25407155886757,0.766902286902287,35.93944166889419,3.7287318087318093,174.7400439763476,7.166569646569647,335.847885940356,17.109854469854472,801.8213365439497,2.00981288981289,94.18612299434339,2.300706860706861,107.81832500668256,3.2262785862785868,151.19351322776177,3.0124740124740126,141.17396166294643,8.408731808731808,394.0594929896156,5.019010614481923,11.52733471933472,USA,11.078053298275629,2.5692620200639236,0.43828587401090474,2.1309761460530194,1.8438233320458752,0.4987390980124088,0.27203950800676846,1.4055374580349702,1.7216336788164197,41.9,35.8
1610612764,WAS,East,1630536,Sharife Cooper,G,25.0,26.0,0.0,0.5466666666666666,0.13485293639406984,41.0,17.073170731707318,0.0,17.602322279631206,0.0,6.633275944798725,0.0,4.65085457489475,0.0,0.8347037346964107,0.0,0.2608449170926283,0.0,3.346629989431609,0.0,0.9390417015334621,0.0,3.7118128733612887,0.0,6.724054094693686,0.0,13.34584050690016,0.0,2.608449170926283,0.0,3.1301390051115403,0.0,3.215172388710375,0.0,1.5163217779972187,0.0,4.082752395349044,0.0,5.966167970338079,13.539942075190876,USA,0.0,0.0,0.0,0.0,0.0,0.0,0.0,0.0,0.0,,
1610612764,WAS,East,1630264,Anthony Gill,F,33.0,34.0,0.0,0.45780487804878056,0.16990982279542827,55.0,17.29090909090909,0.0,12.080975412326044,0.0,2.343252930885725,0.0,5.996102308649409,0.0,1.0587966757993839,0.0,0.6739571823686961,0.0,1.3017595537333428,0.0,2.1268414144283376,0.0,3.869260894221072,0.0,4.8562911448243495,0.0,8.452730037579693,0.0,1.6781640871226837,0.0,2.3233156062225944,0.0,3.188072690856619,0.0,0.693768671634428,0.0,2.1320717646034715,0.0,4.644356514824882,11.091942619677681,USA,0.0,0.0,0.0,0.0,0.0,0.0,0.0,0.0,0.0,,
1610612764,WAS,East,1642273,Kyshawn George,F,22.0,23.0,24.79081208316397,0.25837398373983744,0.32173800653594775,48.0,28.979166666666668,2032.8465908194455,15.87710758166649,896.5478894295637,4.7038368306243505,265.6160740251571,6.231480570470612,351.8790009288555,1.3333316884641395,75.29052159238502,1.093499718283315,61.74769928817392,2.731710566343737,154.25412533048117,1.0842530081185082,61.225556420539945,5.147227562352102,290.65344450831543,5.590676236499315,315.69408688174786,13.518046754514648,763.3365349848048,2.1884846430367544,123.57926515716603,2.782793150341667,157.1386546841045,4.339210870969489,245.02638960825007,2.555955329041417,144.32958547023998,7.227340767145097,408.1131955328141,7.904798966161131,11.64023967754056,Switzerland,10.933510846701997,4.291207328400676,0.7466531270797554,3.5445542013209197,3.2392204149409403,0.9181770925900612,0.7530207230265112,1.8811478698839168,1.7601168959785363,41.4,35.4
1610612764,WAS,East,203114,Khris Middleton,F,34.0,35.0,19.540024559336114,0.4541463414634146,0.5254249822297845,63.0,22.841269841269842,1602.2820138655613,17.079583717316876,760.1752720713315,5.297196534142566,235.76674251576728,5.748540422104567,255.8550812310358,1.141879118347328,50.822565926016345,0.27409654013148754,12.19944323098507,2.6553243301519336,118.1827337550573,1.0291213489566415,45.80396187550807,4.719419073147926,210.0511193555278,6.218795266501089,276.7851056507496,13.812443855756081,614.7619543779404,2.797420519563983,124.50712732543954,3.2429483137375694,144.3366043054822,3.3891547574903296,150.84393639260148,1.8540320117494369,82.51894848769739,5.068494331819996,225.5877029237424,11.052209596042632,12.887188710623743,USA,9.27043014721136,3.120183917451656,0.5585849009208301,2.5615990165308267,2.875204177021552,0.6197873893416628,0.14877369793884232,1.4412528506714304,1.0063286400938705,45.0,36.6
1610612764,WAS,East,1642259,Alex Sarr,C,21.0,22.0,23.25809472935225,0.2625406504065041,0.3106740137547557,48.0,27.1875,1907.1637678068846,20.154259224694446,1067.7075822312477,3.5057478807161906,185.72320381021365,9.528976650174675,504.81441698585996,1.010689335346061,53.54305780224527,2.402964529108444,127.3013023677988,2.330091913148911,123.44074645603969,2.7739403765319413,146.95440500495292,6.755036273642735,357.8600119809071,7.897990366811928,418.4100296130976,17.839120787754336,945.0590226648799,2.598829553647978,137.6775989839767,3.7862978535945966,200.58583556946087,2.9838870358606657,158.07670116728178,1.7936129944599437,95.0198254583782,5.633775602959452,298.45924183107365,10.314598779444047,15.942493940407841,France,13.020824173551802,6.156273377876341,1.792126890304304,4.364146487572038,2.2649171196367517,0.6529641195395764,1.5524549069243756,1.5053749567809718,1.1587783592485146,44.3,31.8
1610612764,WAS,East,203076,Anthony Davis,F-C,33.0,34.0,26.7762157251945,0.5437804878048781,0.6324452133794694,20.0,31.3,2195.649689465949,24.643027612758114,1502.9848868181434,3.4900814491291876,212.86100694420472,12.335623756507943,752.3530130651513,1.2066642855802945,73.59477955344514,2.1900945139216796,133.57445387203373,2.2198520711083676,135.38937529415085,3.0554046346394905,186.3499510344172,9.280219121868454,566.0030620307342,9.473321219536869,577.7804109413142,17.937954049581563,1094.0406455171728,5.144764341029384,313.78056188212923,6.563003562414427,400.2793537160876,2.2033112364194194,134.38054533447595,0.5544496574378385,33.81603383827477,2.005844311034031,122.33698440663642,23.66601554569158,22.312952452159696,USA,18.329083985587115,9.175036744696968,2.2725603784685022,6.902476366228466,2.59586593834396,0.8974973116273797,1.6289567545369967,1.6510899426115957,0.41239065656432644,52.8,27.6
1610612764,WAS,East,1642860,Will Riley,F,20.0,21.0,0.0,0.08804878048780487,0.33136410236899594,74.0,22.06756756756757,0.0,17.85317819963258,0.0,3.4117330067360685,0.0,4.954023270055114,0.0,1.2618738518064914,0.0,0.2103123086344152,0.0,2.1965952235150032,0.0,1.3086099203919168,0.0,3.6454133496631966,0.0,6.332737293325169,0.0,14.441445192896511,0.0,3.364996938150643,0.0,4.206246172688304,0.0,2.1264911206368646,0.0,1.805511328842621,0.0,5.717452541334966,0.0,5.202322533236613,12.70052663808941,USA,0.0,0.0,0.0,0.0,0.0,0.0,0.0,0.0,0.0,,
1610612765,DET,East,1642391,Ugonna Onyenso,C,,,0.0,0.0,0.0,,,,,,,,,,,,,,,,,,,,,,,,,,,,,,,,,,0.0,,Nigeria,,,,,,,,,,,
1610612765,DET,East,1643536,Ebuka Okorie,G,,,0.0,0.0,0.0,,,,,,,,,,,,,,,,,,,,,,,,,,,,,,,,,,0.0,,Nigeria,,,,,,,,,,,
1610612765,DET,East,1631105,Jalen Duren,C,22.0,23.0,26.98708953163839,0.12463414634146344,0.5199134242549479,70.0,28.228571428571428,2212.941341594348,21.30783216718855,1309.8050750701511,3.0692901931008953,188.67108771286308,14.286711644077553,878.2126342393493,0.9742594034663397,59.888303093547535,1.2512875093227567,76.91738498891532,2.4972544318869967,153.50771035562337,4.825675593424901,296.63713949480007,9.46103605065265,581.5754947445491,8.409006177662498,516.9065947853225,12.827268040221139,788.4997707199242,4.489819811863556,275.99188549950617,6.122512102622156,376.35444850845295,4.01737328706758,246.95031754357296,0.0,0.0,0.015142741780143538,0.9308333141768786,23.82883747916266,21.150013872837405,USA,15.973232622806721,10.709910173650602,3.6175260914000007,7.092384082250599,2.3008669233275985,0.730345159677409,0.9380168901087234,1.8720452482393095,0.0,65.6,0.0
1610612765,DET,East,1630595,Cade Cunningham,G,24.0,25.0,32.444941583298814,0.1721951219512195,0.5992535483870968,64.0,33.9375,2660.4852098305028,26.98948888065361,1994.587110773993,10.15875602882538,750.7561156935104,6.070749532598447,448.6427595573224,1.3235015804500192,97.8098994437381,0.8003302117251645,59.14629697986986,4.286391788417723,316.77449879511863,0.8690672991779794,64.22613043917653,5.2016822334204695,384.416629118146,9.882226794203971,730.3199507269547,21.398873253094948,1581.427383247129,5.009446683304202,370.20996695459155,6.026896205836787,445.40189491145406,3.160403983902918,233.56133489619754,2.1733869211521024,160.61843774900615,6.226120472441359,460.125039765365,24.104438001500135,21.169348858462946,USA,24.324233058219427,5.4712531653331995,0.7832454931606894,4.688007672172512,9.155562386506224,1.1928036517529037,0.7212963046325592,3.8631036438429103,1.9587614359634895,46.2,34.9
1610612765,DET,East,1642403,Isaac Jones,F,25.0,26.0,0.0,0.6242073170731708,0.06477254901960784,7.0,5.142857142857143,0.0,15.520667657489108,0.0,1.422148208888221,0.0,6.796740993191668,0.0,0.5233334187490609,0.0,1.2128148413885966,0.0,1.84081494388747,0.0,2.634963050276818,0.0,4.161777942914851,0.0,6.150444934161284,0.0,9.850370778467735,0.0,2.905777737917105,0.0,4.4325926305551375,0.0,3.8045925280562654,0.0,0.3080190978923044,0.0,1.1473508210598384,0.0,12.57302324607208,12.57302324607208,USA,0.0,0.0,0.0,0.0,0.0,0.0,0.0,0.0,0.0,,
1610612765,DET,East,1641842,Ronald Holland II,F,20.0,21.0,0.0,0.036524390243902465,0.3578809282932633,78.0,19.884615384615383,0.0,15.742149722977581,0.0,2.3829467876682258,0.0,7.3496893082455745,0.0,1.9964170518958189,0.0,0.6127185842553263,0.0,2.2968363550984696,0.0,1.758057892409563,0.0,5.5916314158360105,0.0,5.834858699723602,0.0,13.097293127587415,0.0,2.8915172227137753,0.0,3.6697992927009433,0.0,4.416728887232749,0.0,1.1697743923183337,0.0,4.717882491734459,0.0,12.87712965885338,11.534660037249196,USA,0.0,0.0,0.0,0.0,0.0,0.0,0.0,0.0,0.0,,
1610612765,DET,East,1630194,Paul Reed,F,27.0,28.0,0.0,0.25536585365853653,0.2690109154922797,65.0,13.861538461538462,0.0,17.08908458710228,0.0,3.006940219447596,0.0,11.255950494293021,0.0,2.154151654351184,0.0,2.1726146851368906,0.0,2.010959964149738,0.0,4.616529300890693,0.0,6.639421193402326,0.0,7.113119268070859,0.0,12.327364644175727,0.0,2.3375690984144826,0.0,3.389655246357294,0.0,4.8960193922032405,0.0,0.5305297220715369,0.0,1.614496053152075,0.0,21.949450251331903,17.918211819403968,USA,0.0,0.0,0.0,0.0,0.0,0.0,0.0,0.0,0.0,,
1610612765,DET,East,1641709,Ausar Thompson,G-F,23.0,24.0,24.83033749264494,0.1648780487804878,0.46390612712282076,73.0,25.972602739726028,2036.0876743968852,14.799729059571963,837.0429422946632,4.049447332120309,229.02860558470863,8.642571528626288,488.80648234803976,2.6399921476800516,149.31265201099762,1.3228260320560692,74.81638275668615,2.178968168106514,123.23806194402314,3.0493647097252623,172.46594167256782,5.5932068189010264,316.34054067547197,6.186469128550195,349.8942650188303,11.891450376605274,672.5565428474499,2.187634364745123,123.72820461512792,3.685516031391774,208.44538236969208,4.1700813317212155,235.85142224305878,0.2346010770078472,13.268565591553115,1.100132306278037,62.2212730282925,18.745789403411983,14.717248924996191,USA,10.207840759691015,5.961054662780973,2.103243191128876,3.8578114716520973,2.793031775423276,1.8208860001341174,0.9123949116669043,1.5029031944393065,0.1618117755067453,52.0,21.3
1610612765,DET,East,1630198,Isaiah Joe,G,26.0,27.0,20.291869153023136,0.13109756097560976,0.46765092182728507,71.0,21.225352112676056,1663.933270547897,17.629556316781898,814.8445916803122,2.4255434797620232,112.10951375379308,4.378196612981837,202.36186137057206,1.147157698041782,53.02205167602387,0.29583973821876686,13.673821754788511,1.0201725141267126,47.15274966538699,0.8330870660319345,38.50559128982413,3.545109546949903,163.85627008074795,5.8032768479110475,268.2295951510978,12.880371918498813,595.3355381172506,1.82668554528935,84.43007926766325,2.083824465773044,96.31513496059627,2.640525546799333,122.04606414030803,4.322206587940567,199.77398177376708,10.336768490265095,477.76925002509023,18.49505027407681,13.454188172892884,USA,9.937129166833076,2.4678275776899032,0.46958038158322113,1.9982471961066823,1.367189192119428,0.6466103862929741,0.1667539238388843,0.5750335325047194,2.436268070411794,45.1,41.8
1610612765,DET,East,203914,Gary Harris,G,31.0,32.0,0.0,0.4670731707317074,0.34540332963374026,48.0,13.770833333333334,0.0,7.81130913818048,0.0,2.222766396102336,0.0,2.9253271535096177,0.0,1.3372733885473358,0.0,0.4707448800539786,0.0,0.8942528637526772,0.0,0.8114921318741316,0.0,2.113835021635486,0.0,2.7696113017951625,0.0,6.505993001180658,0.0,0.5513585625242233,0.0,0.7326105601654193,0.0,2.5002654571399026,0.0,1.7924249709020124,0.0,4.722353061936409,0.0,5.47288573166872,6.8230249930662605,USA,0.0,0.0,0.0,0.0,0.0,0.0,0.0,0.0,0.0,,
1610612765,DET,East,1627752,Taurean Prince,F,32.0,33.0,22.46647888640949,0.42487804878048785,0.40999020552799426,26.0,23.5,1842.2512686855782,11.593992085804633,593.306850811226,2.3824229801480965,121.91727104787519,4.407063932990086,225.52553115915111,1.084612720198246,55.50358777271486,0.3662107671723751,18.74034028971186,1.3933233947357038,71.30143865669852,0.4212980478400126,21.559357309111686,3.9857658851500717,203.96617385003935,4.174519844282293,213.62540220228271,9.259105277321087,473.8221790010585,0.6292285419880614,32.199918882518965,0.7891594643033315,40.384167341890105,2.6197622831692624,134.06278860620003,2.62913782374046,134.54256920375283,6.176582848145039,316.0782663371328,5.210869701466426,8.77652039481888,USA,7.235449400136902,2.7503113555994037,0.26291899157453275,2.48739236402487,1.4867959883887218,0.6768730216184738,0.22854073524038854,0.8695297397158357,1.6407630390701564,45.1,42.6
1610612765,DET,East,1631111,Wendell Moore Jr.,G,24.0,25.0,0.0,0.6136585365853658,0.1120732679738562,6.0,10.0,0.0,10.442331488037306,0.0,3.071734087144255,0.0,6.604569628889289,0.0,1.5511829468604235,0.0,0.5188225153558359,0.0,1.8330009357477237,0.0,1.8612943424021904,0.0,4.7432752864870995,0.0,4.184824386851282,0.0,8.747512534080602,0.0,1.2477297290999203,0.0,1.4834305820241542,0.0,2.292898237872501,0.0,0.8092395950398712,0.0,2.680153227263767,0.0,2.185308986240332,9.93902309109313,USA,0.0,0.0,0.0,0.0,0.0,0.0,0.0,0.0,0.0,,
1610612765,DET,East,1641989,Elijah Harkless,G,26.0,27.0,20.039657926502734,0.6630081300813009,0.19803663650075412,26.0,20.96153846153846,1643.251949973224,11.288691996922841,515.2823649052941,4.55969470263445,208.13131142740664,3.772938427949431,172.21912302380036,2.1248811032575006,96.99208378858732,0.37769509196085965,17.240227676666635,1.5888286734966746,72.52349488602171,0.8926671407702114,40.746583881879786,2.8802712871792195,131.47253914192058,3.4710309151483125,158.43828665930027,10.427899908243752,475.9907460651986,2.8990909416371986,132.33157897208434,3.861272443414492,176.2512075560761,3.6083078719968045,164.70441518784676,1.4909654017386873,68.05643899304748,6.087676946537618,277.8774170334718,4.75047824351956,9.030552348372359,USA,6.2839312793328554,2.1002332076073214,0.49690955953511934,1.6033236480722022,2.538186724724471,1.1828302901047234,0.21024667898373944,0.8844328644636794,0.8299565730859448,33.3,24.5
1610612765,DET,East,1642404,Chaz Lanier,G,24.0,25.0,0.0,0.47829268292682936,0.07781923688394275,34.0,7.705882352941177,0.0,11.541984732824428,0.0,2.452671755725191,0.0,3.3183206106870227,0.0,1.0099236641221374,0.0,0.0,0.0,0.4328244274809161,0.0,1.1541984732824428,0.0,2.1641221374045805,0.0,4.03969465648855,0.0,12.840458015267176,0.0,0.7213740458015268,0.0,0.8656488549618322,0.0,1.7312977099236644,0.0,2.689007633587786,0.0,9.482290076335877,0.0,7.170458015267178,7.170458015267178,USA,0.0,0.0,0.0,0.0,0.0,0.0,0.0,0.0,0.0,,
1610612765,DET,East,1628381,John Collins,F-C,28.0,29.0,25.92339315231092,0.30768292682926834,0.542984510451217,69.0,27.115942028985508,2125.7182384894954,19.012543826456923,1122.6475325550093,1.5768718363038265,93.11070061642963,8.369205284778229,494.182564319882,1.049224108409335,61.95430065301675,1.0488461301036336,61.93198189251167,2.0764313260066936,122.60855390731544,2.385578357892775,140.86298401995813,5.98362692688545,353.3195802999237,7.290679874875518,430.4980883614223,13.470763214713479,795.4179736636064,2.7567204890183956,162.77808394233568,3.4548209665403,203.99933164696174,3.508544812026464,207.17160270784314,1.716962663517123,101.38274579566253,4.330553712946402,255.7093613991269,14.01999962322817,15.092411697766787,USA,13.690823567744015,6.026616638047341,1.7178412685360749,4.308775369511265,1.1354963489808492,0.755540251866058,0.7552680718598984,1.4952262671623835,1.236374948727592,54.1,39.6
1610612765,DET,East,1642450,Daniss Jenkins,G,24.0,25.0,19.319578475015252,0.37839430894308945,0.2585867435738122,72.0,20.208333333333332,1584.2054349512507,17.37371695551114,764.5426896173734,7.19967067506328,316.82659481373304,4.302464747637978,189.33300102484014,1.646286463131173,72.44599895497433,0.38584838979636865,16.979531005072108,2.974375605384575,130.88949998990725,1.3118845253076534,57.730405417245166,2.9905802223303253,131.60259560759502,6.01640227968775,264.7560330648452,14.772838529746656,650.0891969022749,3.4469122821808935,151.68381031197754,4.173848617705856,183.67315735648285,2.7847944144389287,122.54684573822324,1.8579239213079866,81.75925482950146,5.031757359573553,221.42603767756603,15.08469192928803,13.831866034140829,USA,9.323691336797237,2.3089390368882943,0.7040293343566484,1.6049097025316466,3.8637389611430857,0.8834877921338333,0.20706745128136717,1.596213414511064,0.9970640832866031,40.7,36.9
1610612765,DET,East,1628989,Kevin Huerter,G-F,27.0,28.0,21.46196472096719,0.20902439024390246,0.5448187248277689,69.0,22.44927536231884,1759.8811071193097,15.418735113832758,753.7539061808714,3.8174850307304506,186.6199939525916,5.110454292376934,249.82755438752633,1.3660527240489475,66.78028834396142,0.6316895634590112,30.880514674887724,1.508919445825187,73.76441180201903,0.7584642625146532,37.07797016735329,4.3519900298622805,212.74958422017298,5.905773696240888,288.70720974823644,13.374629391611286,653.8265994727592,1.0190555625668003,49.8171286573931,1.3446794618251046,65.73544388881564,2.731309887850409,133.52168525878042,2.614013480372025,127.78758160727554,7.963050116092897,389.2783737321143,12.952127546718888,12.004107990233052,USA,9.192120807083796,3.046677492530809,0.45217036789455234,2.5945071246362557,2.2758535847877024,0.8143937602922124,0.3765916423766796,0.8995659975855979,1.5583851415521408,44.2,32.8
1610612765,DET,East,1629750,Javonte Green,G,32.0,33.0,0.0,0.3907317073170732,0.400182025516978,82.0,17.634146341463413,0.0,12.523519663582295,0.0,1.4050757751096339,0.0,5.934761386582149,0.0,2.2134195448768397,0.0,0.7186969302008996,0.0,1.0235267716578496,0.0,1.6136274182427113,0.0,4.321133968339438,0.0,4.223623309564412,0.0,9.409589885955477,0.0,2.1637080505961483,0.0,2.6822718407089683,0.0,2.6557593841456963,0.0,1.9223730194668451,0.0,5.247698798441505,0.0,12.521975125175153,11.458939847743913,USA,0.0,0.0,0.0,0.0,0.0,0.0,0.0,0.0,0.0,,
1610612765,DET,East,1642449,Tolu Smith,F,25.0,26.0,0.0,0.7419918699186993,0.1320521568627451,15.0,9.133333333333333,0.0,16.241476963619473,0.0,3.2573434233306555,0.0,13.540446917412757,0.0,0.5011297574354856,0.0,1.5033892723064568,0.0,2.0696461160850395,0.0,6.143811261912021,0.0,7.396635655500735,0.0,5.4572437121018895,0.0,10.44094947661252,0.0,5.326989539415695,0.0,7.990484309123544,0.0,6.236530158099343,0.0,0.0,0.0,0.0,0.0,15.839354951993649,15.839354951993649,USA,0.0,0.0,0.0,0.0,0.0,0.0,0.0,0.0,0.0,,
1610612765,DET,East,1629130,Duncan Robinson,F,32.0,33.0,26.23468907818914,0.24987804878048786,0.6153165306019306,77.0,27.441558441558442,2151.2445044115098,15.824823175659462,945.6406636089254,3.0409259945460425,181.71598150247996,3.3290557410796624,198.93369077436694,0.7684602140326535,45.920717008239954,0.2823229621763996,16.870714468087723,1.2818345787648713,76.59832203146033,0.4067713712109525,24.30735213526377,2.9222843698687098,174.62633863910315,5.459678541013712,326.2528738113666,12.157241475862687,726.4777476042576,1.2684675629824578,75.7995520525076,1.5738029658310728,94.0454161464064,2.791926481328241,166.83656943550952,3.655649805165731,218.4499042615496,9.079263516212242,542.5476595376529,13.631689216348377,11.234045981072098,USA,11.532203214742992,2.4260206191995968,0.29643112360077767,2.129589495598819,2.2160485549082924,0.5600087440029262,0.2057404203425332,0.934125878432443,2.6640232227018243,44.9,40.3
1610612766,CHA,East,1642369,Michael Ajayi,G,,,0.0,0.0,0.0,,,,,,,,,,,,,,,,,,,,,,,,,,,,,,,,,,0.0,,USA,,,,,,,,,,,
1610612766,CHA,East,1643573,Kylan Boswell,G,,,0.0,0.0,0.0,,,,,,,,,,,,,,,,,,,,,,,,,,,,,,,,,,0.0,,USA,,,,,,,,,,,
1610612766,CHA,East,1626220,Royce O'Neale,F,33.0,34.0,26.225027551163446,0.2157317073170732,0.6629968860849981,78.0,28.371794871794872,2150.452259195403,12.146732188221439,725.5824354445087,3.366282897320605,201.08418504538724,6.277748334503555,374.99994690537073,1.2667913839745109,75.67151093325717,0.5947823031214664,35.529192985472285,1.464030056217164,87.45352060894925,0.9838143240953557,58.76793710776822,5.293934010408199,316.23200979760253,4.231172661462935,252.74818913579983,10.14286227276322,605.88169692143,0.41057827562375043,24.52580501087908,0.5780067076969537,34.527106399916974,2.8886138589200834,172.55072774605122,3.2905973516701352,196.56312525004031,8.214617296058936,490.6983978537658,9.04195703678565,10.36913794353105,USA,8.848566285908642,4.573170084211839,0.716682159850832,3.8564879243610064,2.4522461590900884,0.9228233040641118,0.4332828412862474,1.066506348889625,2.397111283537077,41.7,40.1
1610612766,CHA,East,1627827,Dorian Finney-Smith,F,33.0,34.0,0.0,0.4541463414634147,0.4099890809351,37.0,16.756756756756758,0.0,9.683329595742817,0.0,1.8723219529799777,0.0,5.186472756923035,0.0,1.0356456455696326,0.0,0.492731987838975,0.0,1.11780083544125,0.0,1.7821976556692174,0.0,3.4042751012538175,0.0,3.493165702930304,0.0,8.433842114085232,0.0,0.5540366954292274,0.0,0.7702559095017185,0.0,2.856455257323229,0.0,2.153951040578381,0.0,6.003207171190959,0.0,8.866361247220127,7.790040066543237,USA,0.0,0.0,0.0,0.0,0.0,0.0,0.0,0.0,0.0,,
1610612766,CHA,East,1629684,Grant Williams,F,27.0,28.0,18.255605486926022,0.48219512195121955,0.3511131114551084,36.0,19.75,1496.959649927934,12.93692174786149,537.9458291895503,2.87451899944636,119.52885986451162,6.197268059995489,257.6961173777893,0.8873992634156314,36.90002474191583,0.8073010042350649,33.569361907949784,1.780498164822725,74.03705304195431,1.772221815050432,73.69290410701507,4.425046244945056,184.00321327077415,4.292554647708336,178.49391952027767,9.698845592224027,403.2994584011323,2.0459258936072535,85.0741252631336,2.5743402756132583,107.04676438270566,3.3842011407136767,140.7225709691239,2.328945424425941,96.84270353472,6.143854576085444,255.4750665395834,16.382273410016133,10.551949728488857,USA,6.560314990116467,3.1426355777779182,0.898693952524574,2.2439416252533433,1.4576690227379465,0.45000030173068084,0.40938246229207054,0.9028908907555403,1.1810085796917074,44.3,37.9
1610612766,CHA,East,1629632,Coby White,G,26.0,27.0,23.108361375855726,0.21829268292682924,0.43357561208267087,50.0,25.0,1894.8856328201696,22.10679769720941,1163.6070373362254,5.199750458567581,273.69256772749435,4.426481654874256,232.991013660091,0.818449106523838,43.07965147629236,0.20321852339089425,10.696551674898197,2.7925940376326057,146.99017556136923,0.4591566597024924,24.168037713443127,3.9673249951717637,208.8229759466479,7.432001184623233,391.1886741068068,16.542464454127447,870.724395154568,4.188362384999328,220.45743634387907,4.9159702650078865,258.75559518151687,2.5772184940849545,135.65373047444484,3.146065931252524,165.59542036209487,8.538742492958828,449.4427908960767,14.437343833332212,15.49748302013752,USA,14.190329723612505,2.841353825123061,0.2947321672371113,2.5466216578859497,3.3377142405791993,0.5253616033694191,0.13044575213290485,1.7925631166020637,2.0194563458792056,44.9,36.8
1610612766,CHA,East,1642883,Sion James,G,23.0,24.0,20.77498049546444,0.010000000000000002,0.3376645366626871,82.0,22.475609756097562,1703.5484006280842,9.044926749864352,428.0130694035998,3.3431361909929467,158.19984197910833,5.886380900705372,278.548188024565,1.0665219750406947,50.46866124486892,0.41020075963103636,19.41102355571881,1.3331524688008682,63.08582655608614,1.004991861096039,47.55700771151108,4.881389039609332,230.99118031305386,2.8303852414541506,133.93606253445978,7.629734129137277,361.0450381363699,1.681823114487249,79.58519657844712,2.009983722192078,95.11401542302217,3.035485621269669,143.64157431231922,1.6699077590884428,79.02135256087625,4.748171459576778,224.68721932972042,10.167450745933962,8.019424850786761,USA,5.21967157809268,3.3969291222507922,0.5799635086769644,2.8169656135738275,1.929266365598882,0.6154714785959624,0.23671979945998547,0.7693393482449529,0.9636750312301982,37.1,35.2
1610612766,CHA,East,1643515,Christian Anderson,G,,,0.0,0.0,0.0,,,,,,,,,,,,,,,,,,,,,,,,,,,,,,,,,,0.0,,USA,,,,,,,,,,,
1610612766,CHA,East,1642851,Kon Knueppel,G-F,20.0,21.0,29.110829565337262,0.01975609756097562,0.43757912759029566,81.0,31.493827160493826,2387.0880243576553,22.408341826734617,1485.8523450086375,4.098722069776558,271.77806577594566,6.462218737749902,428.4968044350676,0.8526538612308898,56.53777280740476,0.28421795374362996,18.84592426913492,2.4083731869854956,159.69441091214327,1.4510074480595845,96.2134028476888,5.011211289690317,332.2834015873788,7.703802430419444,510.823736768657,16.215382203057626,1075.2095740916975,2.916973735789887,193.41869644638473,3.380697765582125,224.16730972760482,2.528043904351235,167.6295369202001,4.045237161897296,268.2315884680996,9.512975303802431,630.7863728810253,20.910121269510203,16.973795374363,USA,18.120150548885825,5.225570785793507,1.1733341810693756,4.052236604724132,3.3143666558042155,0.6894850342366434,0.22982834474554778,1.9474928160017473,3.2711169325377996,47.5,42.5
1610612766,CHA,East,1628960,Grayson Allen,G,30.0,31.0,26.58820873598459,0.3342682926829268,0.41040839831644493,51.0,28.764705882352942,2180.2331163507365,16.810485546350943,1018.077146946937,3.7344878249006674,226.1681674571407,3.9646928437428763,240.10985094686097,1.3112354621013969,79.41108271685907,0.43064970242519135,26.081020632610898,1.6887900608896724,102.27655603654557,0.7789699120366212,47.17599996841838,3.185722931706255,192.93385097844256,5.448949723307106,329.9994621134537,12.52609411649755,758.6057003142799,2.5518710369838953,154.54649287468288,2.9980560398933744,181.5683628569689,2.404777252180466,145.63819451807717,3.5007448570342037,212.01221858890264,8.925093326175281,540.5217787846748,12.17674923960223,13.120452140366856,USA,12.415574962767524,2.9281689139861093,0.57531707278559,2.3528518412005193,2.758148383623667,0.9684278380104765,0.3180612272269622,1.2472750736164093,2.5855148608402763,43.5,39.2
1610612766,CHA,East,1629675,Naz Reid,C-F,26.0,27.0,24.09271754874932,0.07987804878048783,0.5788226587107436,77.0,26.064935064935064,1975.6028389974442,18.943056417511436,1039.554334381232,2.8135865629043404,154.40360003996878,8.173125714347739,448.5236212430113,1.1867271879272667,65.12504448846005,1.3143217389153126,72.12715996547637,2.0542733168409897,112.73411657854875,1.526570578185923,83.77492133872443,6.646555136161816,364.7486999042869,7.131137503200768,391.3415415723495,15.446112415712841,847.6495427765544,1.7531134459252957,96.20710835707241,2.3453230813867716,128.7063038320539,3.2987702077652292,181.02943854614378,3.0154980041401473,165.48406716584452,8.006916223360678,439.4024006246125,17.187492793003425,14.511396418440798,USA,12.67749188269795,5.469800259061113,1.0216453821795661,4.4481548768815475,1.8829707321947413,0.7942078596153664,0.879599511774102,1.3748062997383994,2.0180983800712746,46.2,37.7
1610612766,CHA,East,1641750,Ryan Kalkbrenner,C,24.0,25.0,19.812908101385865,0.13682926829268297,0.3233101395570792,69.0,21.434782608695652,1624.658464313641,13.315618661257606,600.925904599579,1.3801217038539555,62.284066887480364,9.635294117647058,434.835059566298,0.8178498985801217,36.90907667406243,2.5813387423935095,116.49427325250956,1.584584178498986,71.51133605599597,4.26815415821501,192.6192438927633,5.367139959432048,242.21581567353468,5.597160243407709,252.5964934881148,7.4373225152129825,335.6419160047553,2.1212981744421904,95.73291762334941,2.964705882352941,133.7954029434763,2.7346855983772818,123.41472512889624,0.0,0.0,0.12535496957403652,5.657194787839927,17.315583501638073,15.52125760649087,USA,7.328364690238768,5.302866580076805,2.349015169423943,2.9538514106528617,0.7595617913107362,0.45011069114710284,1.4206618689330435,0.8720894640975119,0.0,75.3,0.0
1610612766,CHA,East,1641810,Antonio Reeves,G,25.0,26.0,0.0,0.5907723577235773,0.10541725490196076,10.0,6.8,0.0,17.12249068525026,0.0,2.1540800481123887,0.0,3.726095642976282,0.0,1.111805769271301,0.0,0.19688954328358582,0.0,1.5548072416593695,0.0,1.0422742788410875,0.0,2.683821364135194,0.0,6.343486268086054,0.0,13.76986502423183,0.0,1.378226802985101,0.0,1.722783503731376,0.0,2.2033024339332847,0.0,2.9990572252150858,0.0,7.22515712913082,0.0,3.597847562816211,11.73925166766901,USA,0.0,0.0,0.0,0.0,0.0,0.0,0.0,0.0,0.0,,
1610612766,CHA,East,1631217,Moussa Diabaté,F,24.0,25.0,24.045357946712343,0.2551219512195122,0.39697635708471024,73.0,26.013698630136986,1971.7193516304121,11.738492868185094,642.9170429771148,2.484426615872389,136.0720010061457,12.856834484103342,704.1685931393268,1.2146940539562436,66.52877145822005,1.363213841290266,74.66319753562352,1.5675105700528016,85.8525256905091,5.54189160887591,303.5293036071898,7.314942875227427,400.6392895321368,4.7235959580350455,258.7112655483582,7.639523026002204,418.4165385442964,2.277332920429881,124.72948303657218,3.5566984096994583,194.8003078421537,3.4396710792123377,188.3907230590675,0.013701973938739573,0.7504568658485665,0.07919416404906601,4.3374629386593595,16.810217026214232,14.806989298503469,France,7.840451743623351,8.587421867552766,3.701576873258412,4.885844994294351,1.659414646416411,0.8113264811978055,0.9105267992149211,1.0469820206159646,0.009151912998153251,61.8,17.3
1610612766,CHA,East,1641790,PJ Hall,C,24.0,25.0,0.0,0.6246341463414634,0.09164448916408668,19.0,11.210526315789474,0.0,15.856131941424282,0.0,1.8589632910225145,0.0,13.193925474844042,0.0,0.4454441061330318,0.0,1.8589632910225145,0.0,2.562776701332374,0.0,5.461109573331963,0.0,7.732815901512079,0.0,5.7639646750237485,0.0,11.005298377424078,0.0,3.6956836832875504,0.0,4.680109296531716,0.0,4.2955015224013575,0.0,0.6204709288875363,0.0,1.4623116504012057,0.0,14.973875576996896,14.973875576996896,USA,0.0,0.0,0.0,0.0,0.0,0.0,0.0,0.0,0.0,,
1610612766,CHA,East,1626192,Pat Connaughton,G,33.0,34.0,0.0,0.4803658536585367,0.24924115932847637,42.0,7.071428571428571,0.0,10.878576517609073,0.0,3.2953022264416543,0.0,5.872189335689759,0.0,0.851187155367166,0.0,0.4046142794597562,0.0,1.1917561278243307,0.0,1.2347526740873822,0.0,4.637436661602377,0.0,3.9288079123246153,0.0,8.74134460842539,0.0,1.1921680384815438,0.0,1.6359081156256443,0.0,2.0044435246653376,0.0,1.8381710783474194,0.0,5.191550404834847,0.0,8.676699486656942,9.856815467933075,USA,0.0,0.0,0.0,0.0,0.0,0.0,0.0,0.0,0.0,,
1610612766,CHA,East,1643419,Hannes Steinbach,F,,,0.0,0.0,0.0,,,,,,,,,,,,,,,,,,,,,,,,,,,,,,,,,,0.0,,Germany,,,,,,,,,,,
1610612766,CHA,East,1630544,Tre Mann,G,25.0,26.0,0.0,0.4641463414634146,0.22695351198272504,53.0,12.60377358490566,0.0,16.72777624777769,0.0,5.2787452476880405,0.0,5.2493734255955395,0.0,1.488706263222309,0.0,0.26117733898815176,0.0,2.8648536502990347,0.0,1.064348046561766,0.0,4.185025379033772,0.0,6.315964443145154,0.0,15.886671760505282,0.0,1.5840099448719032,0.0,1.9083177411428134,0.0,3.0934435279739816,0.0,2.4639928943942304,0.0,7.141603323076355,0.0,2.970525485579138,11.268740932884077,USA,0.0,0.0,0.0,0.0,0.0,0.0,0.0,0.0,0.0,,
1610612766,CHA,East,1641706,Brandon Miller,F,23.0,24.0,27.986003192420966,0.26975609756097557,0.4660744288946166,65.0,30.276923076923076,2294.8522617785193,23.53339189675703,1500.1571561553653,3.7649391297609704,239.99941881640035,5.693421123102929,362.9322317113987,1.1944194167312165,76.13933611105034,0.7922384861574361,50.501952272955066,2.846655456174969,181.46260311409142,1.1846774726134628,75.51832715291846,4.508743650489467,287.4139045584803,8.300448838682971,529.1195497563472,19.280733804431396,1229.0676549958039,3.2286334852513434,205.8121348911919,3.6918110447655677,235.33780350386616,3.2399939286294064,206.53631653510735,3.6333110058704223,231.60866609907018,9.686658774157006,617.4847443597486,15.801224290459132,15.595474791546184,USA,18.294599465309332,4.426002825748764,0.9209552091819324,3.5050476165668325,2.926822180687809,0.9285284891591505,0.6158774667433544,2.2129585745620903,2.8244959280374413,43.1,37.5
1610612766,CHA,East,1630214,Xavier Tillman,F,27.0,28.0,0.0,0.5096341463414634,0.1292459802061242,30.0,6.133333333333334,0.0,8.95033816270139,0.0,2.4102439137679617,0.0,7.729296333952103,0.0,1.8174075718663039,0.0,1.2869060724615797,0.0,1.5231279189801699,0.0,2.66710691784522,0.0,5.062189416106882,0.0,3.829299604124912,0.0,9.55255746532779,0.0,0.5839084521858635,0.0,1.3246492257137004,0.0,2.8190528953593343,0.0,0.7149088072883577,0.0,3.567924616218048,0.0,8.944669439264123,8.639266621637564,USA,0.0,0.0,0.0,0.0,0.0,0.0,0.0,0.0,0.0,,
1610612766,CHA,East,1642275,Tidjane Salaün,F,20.0,21.0,0.0,0.3531910569105692,0.19598455926514752,37.0,15.54054054054054,0.0,12.480866955366482,0.0,2.0676292862159715,0.0,9.138962408494066,0.0,0.9624843823709696,0.0,0.4443092981109006,0.0,1.7564511338912372,0.0,1.9687700442784501,0.0,7.170192364215614,0.0,4.263931393354547,0.0,10.569885891175971,0.0,1.915690316681647,0.0,2.78661567037118,0.0,3.002891050366807,0.0,2.0180939099759687,0.0,5.9020651350727125,0.0,7.267924880500461,9.731579825030726,France,0.0,0.0,0.0,0.0,0.0,0.0,0.0,0.0,0.0,,
1610612766,CHA,East,1642862,Liam McNeeley,F,20.0,21.0,0.0,0.5075609756097561,0.12588113851992408,31.0,11.870967741935484,0.0,13.687826086956521,0.0,2.488695652173913,0.0,7.569782608695652,0.0,0.5184782608695653,0.0,0.3110869565217391,0.0,1.3480434782608695,0.0,1.3480434782608695,0.0,6.221739130434783,0.0,3.940434782608696,0.0,9.851086956521739,0.0,3.318260869565217,0.0,4.044130434782609,0.0,3.73304347826087,0.0,2.4652173913043476,0.0,6.16304347826087,0.0,10.525108695652175,10.525108695652175,USA,0.0,0.0,0.0,0.0,0.0,0.0,0.0,0.0,0.0,,
