PLAYER_ID,PLAYER_NAME,PLAYER_LAST_TEAM_ID,PLAYER_LAST_TEAM_ABBREVIATION,PLAYER_POSITION,AGE,GP,G,FREQ,D_FGM,D_FGA,D_FG_PCT,NORMAL_FG_PCT,PCT_PLUSMINUS,season
201599,DeAndre Jordan,1610612746,LAC,C,25.0,82,82,1.0,7.63,16.77,0.455,0.479,-0.024,2013-14
201150,Spencer Hawes,1610612739,CLE,C,26.0,80,80,1.0,7.34,16.06,0.457,0.473,-0.016,2013-14
201577,Robin Lopez,1610612757,POR,C,26.0,82,82,1.0,6.96,16.04,0.434,0.478,-0.044,2013-14
201586,Serge Ibaka,1610612760,OKC,F-C,24.0,81,81,1.0,6.96,15.68,0.444,0.471,-0.027,2013-14
201149,Joakim Noah,1610612741,CHI,C,29.0,80,80,1.0,6.61,15.58,0.425,0.47,-0.046,2013-14
201572,Brook Lopez,1610612751,BKN,C,26.0,17,17,1.0,6.24,15.29,0.408,0.471,-0.063,2013-14
101162,Marcin Gortat,1610612764,WAS,C,30.0,80,80,1.0,7.19,15.29,0.47,0.473,-0.003,2013-14
201567,Kevin Love,1610612750,MIN,F-C,25.0,77,77,1.0,7.61,15.18,0.501,0.473,0.028,2013-14
200746,LaMarcus Aldridge,1610612757,POR,F,28.0,69,69,1.0,7.12,15.04,0.473,0.471,0.002,2013-14
200794,Paul Millsap,1610612737,ATL,F,29.0,73,73,1.0,7.03,14.99,0.469,0.463,0.006,2013-14
2200,Pau Gasol,1610612747,LAL,C-F,33.0,60,60,1.0,7.2,14.65,0.491,0.482,0.009,2013-14
201579,Roy Hibbert,1610612754,IND,C,27.0,81,81,1.0,5.85,14.0,0.418,0.477,-0.059,2013-14
203076,Anthony Davis,1610612740,NOP,F-C,21.0,66,66,1.0,5.95,13.95,0.427,0.464,-0.037,2013-14
2744,Al Jefferson,1610612766,CHA,C,29.0,72,72,1.0,6.42,13.85,0.463,0.479,-0.015,2013-14
2746,Josh Smith,1610612765,DET,F,28.0,77,77,1.0,6.18,13.75,0.449,0.46,-0.011,2013-14
202689,Kemba Walker,1610612766,CHA,G,24.0,72,72,1.0,5.67,13.6,0.417,0.434,-0.017,2013-14
2547,Chris Bosh,1610612748,MIA,C-F,30.0,79,79,1.0,6.15,13.32,0.462,0.469,-0.007,2013-14
201152,Thaddeus Young,1610612755,PHI,F,26.0,79,79,1.0,6.61,13.22,0.5,0.457,0.043,2013-14
202324,Derrick Favors,1610612762,UTA,C-F,22.0,73,73,1.0,6.23,13.21,0.472,0.479,-0.007,2013-14
203083,Andre Drummond,1610612765,DET,C,20.0,81,81,1.0,6.42,13.16,0.488,0.472,0.016,2013-14
1495,Tim Duncan,1610612759,SAS,F,38.0,74,74,1.0,5.88,13.09,0.449,0.48,-0.031,2013-14
203093,Terrence Jones,1610612745,HOU,F,22.0,75,75,1.0,6.12,13.05,0.469,0.463,0.006,2013-14
101135,David Lee,1610612744,GSW,F,31.0,68,68,1.0,5.68,12.97,0.438,0.473,-0.035,2013-14
2199,Tyson Chandler,1610612752,NYK,C,31.0,54,54,1.0,6.04,12.96,0.466,0.466,0.0,2013-14
202326,DeMarcus Cousins,1610612758,SAC,C,23.0,70,70,1.0,5.86,12.86,0.456,0.477,-0.022,2013-14
2216,Zach Randolph,1610612763,MEM,F,32.0,78,78,1.0,6.33,12.79,0.495,0.477,0.018,2013-14
201583,Ryan Anderson,1610612740,NOP,F,26.0,22,22,1.0,6.41,12.77,0.502,0.47,0.032,2013-14
2730,Dwight Howard,1610612745,HOU,C-F,28.0,71,71,1.0,5.79,12.73,0.455,0.474,-0.019,2013-14
201143,Al Horford,1610612737,ATL,C-F,28.0,29,29,1.0,5.34,12.69,0.421,0.47,-0.048,2013-14
101112,Channing Frye,1610612756,PHX,F-C,31.0,82,82,1.0,6.13,12.66,0.485,0.468,0.016,2013-14
202696,Nikola Vučević,1610612753,ORL,C,23.0,57,57,1.0,6.23,12.65,0.492,0.479,0.013,2013-14
1717,Dirk Nowitzki,1610612742,DAL,F,36.0,80,80,1.0,5.93,12.64,0.469,0.468,0.0,2013-14
202328,Greg Monroe,1610612765,DET,F-C,24.0,82,82,1.0,6.15,12.63,0.486,0.464,0.023,2013-14
201933,Blake Griffin,1610612746,LAC,F,25.0,80,80,1.0,5.75,12.59,0.457,0.469,-0.012,2013-14
201593,Nikola Pekovic,1610612750,MIN,C,28.0,54,54,1.0,6.17,12.48,0.494,0.479,0.015,2013-14
201160,Jason Smith,1610612740,NOP,C-F,28.0,31,31,1.0,6.39,12.45,0.513,0.472,0.041,2013-14
202331,Paul George,1610612754,IND,F-G,24.0,80,80,1.0,4.96,12.24,0.406,0.45,-0.044,2013-14
201935,James Harden,1610612745,HOU,G,24.0,73,73,1.0,5.05,12.21,0.414,0.447,-0.033,2013-14
202685,Jonas Valanciunas,1610612761,TOR,C,22.0,80,80,1.0,5.66,12.13,0.467,0.476,-0.009,2013-14
203096,Jared Sullinger,1610612738,BOS,C-F,22.0,74,74,1.0,5.68,11.95,0.475,0.468,0.007,2013-14
202699,Tobias Harris,1610612753,ORL,F,21.0,61,61,1.0,5.51,11.9,0.463,0.45,0.013,2013-14
202391,Jeremy Lin,1610612745,HOU,G,25.0,71,71,1.0,5.07,11.86,0.428,0.44,-0.013,2013-14
201959,Taj Gibson,1610612741,CHI,F-C,29.0,82,82,1.0,4.94,11.85,0.417,0.459,-0.043,2013-14
101161,Amir Johnson,1610612761,TOR,F,27.0,76,76,1.0,5.41,11.76,0.46,0.467,-0.008,2013-14
202710,Jimmy Butler III,1610612741,CHI,G-F,24.0,67,67,1.0,4.81,11.63,0.413,0.447,-0.034,2013-14
2403,Nene,1610612764,WAS,F-C,31.0,53,53,1.0,5.43,11.58,0.469,0.461,0.008,2013-14
2736,Luol Deng,1610612739,CLE,F,29.0,63,63,1.0,5.29,11.57,0.457,0.449,0.007,2013-14
200745,Andrea Bargnani,1610612752,NYK,C-F,28.0,42,42,1.0,5.79,11.55,0.501,0.467,0.034,2013-14
201188,Marc Gasol,1610612763,MEM,C,29.0,58,58,1.0,5.36,11.53,0.465,0.48,-0.015,2013-14
201142,Kevin Durant,1610612760,OKC,F,25.0,81,81,1.0,4.56,11.43,0.398,0.451,-0.052,2013-14
201587,Nicolas Batum,1610612757,POR,F,25.0,82,82,1.0,5.18,11.4,0.455,0.451,0.004,2013-14
101106,Andrew Bogut,1610612744,GSW,C,29.0,66,66,1.0,4.98,11.39,0.438,0.479,-0.042,2013-14
203506,Victor Oladipo,1610612753,ORL,G,22.0,80,80,1.0,4.7,11.35,0.414,0.436,-0.022,2013-14
201581,JJ Hickson,1610612743,DEN,C-F,25.0,69,69,1.0,5.39,11.32,0.476,0.471,0.006,2013-14
203101,Miles Plumlee,1610612756,PHX,C-F,25.0,80,80,1.0,5.31,11.24,0.473,0.484,-0.012,2013-14
201950,Jrue Holiday,1610612740,NOP,G,24.0,34,34,1.0,4.94,11.24,0.44,0.436,0.003,2013-14
202691,Klay Thompson,1610612744,GSW,G,24.0,80,80,1.0,4.59,11.21,0.409,0.445,-0.036,2013-14
203078,Bradley Beal,1610612764,WAS,G,21.0,72,72,1.0,4.72,11.15,0.423,0.438,-0.015,2013-14
202713,Kyle Singler,1610612765,DET,F,26.0,82,82,1.0,5.23,11.15,0.469,0.446,0.023,2013-14
202683,Enes Freedom,1610612762,UTA,C,22.0,80,80,1.0,5.61,11.11,0.505,0.478,0.027,2013-14
202684,Tristan Thompson,1610612739,CLE,F,23.0,82,82,1.0,5.33,11.09,0.481,0.468,0.013,2013-14
201163,Wilson Chandler,1610612743,DEN,F,27.0,62,62,1.0,4.74,11.05,0.429,0.459,-0.029,2013-14
202718,Chandler Parsons,1610612745,HOU,F,25.0,74,74,1.0,4.8,11.04,0.435,0.449,-0.014,2013-14
201588,George Hill,1610612754,IND,G,28.0,76,76,1.0,4.74,11.04,0.429,0.441,-0.012,2013-14
203081,Damian Lillard,1610612757,POR,G,23.0,82,82,1.0,4.85,11.04,0.44,0.442,-0.002,2013-14
202738,Isaiah Thomas,1610612758,SAC,G,25.0,71,71,1.0,4.72,11.03,0.428,0.436,-0.008,2013-14
202325,Wesley Johnson,1610612747,LAL,F,26.0,79,79,1.0,5.23,10.9,0.48,0.459,0.021,2013-14
201960,DeMarre Carroll,1610612737,ATL,F,27.0,73,73,1.0,4.88,10.9,0.447,0.45,-0.003,2013-14
201937,Ricky Rubio,1610612750,MIN,G,23.0,82,82,1.0,5.17,10.87,0.476,0.442,0.034,2013-14
202681,Kyrie Irving,1610612739,CLE,G,22.0,71,71,1.0,4.72,10.82,0.436,0.433,0.003,2013-14
101138,Brandon Bass,1610612738,BOS,F,29.0,82,82,1.0,4.85,10.82,0.449,0.462,-0.013,2013-14
2546,Carmelo Anthony,1610612752,NYK,F,30.0,77,77,1.0,4.73,10.79,0.438,0.45,-0.012,2013-14
202702,Kenneth Faried,1610612743,DEN,F,24.0,80,80,1.0,5.21,10.79,0.483,0.468,0.016,2013-14
202389,Timofey Mozgov,1610612743,DEN,C,27.0,82,82,1.0,4.8,10.77,0.446,0.476,-0.03,2013-14
201975,Jodie Meeks,1610612747,LAL,G,26.0,76,76,1.0,4.88,10.75,0.454,0.443,0.011,2013-14
200768,Kyle Lowry,1610612761,TOR,G,28.0,77,77,1.0,4.68,10.7,0.437,0.439,-0.002,2013-14
1890,Shawn Marion,1610612742,DAL,F,36.0,76,76,1.0,4.57,10.59,0.431,0.459,-0.028,2013-14
202339,Eric Bledsoe,1610612756,PHX,G,24.0,43,43,1.0,4.37,10.53,0.415,0.442,-0.027,2013-14
101181,Jose Calderon,1610612742,DAL,G,32.0,80,80,1.0,5.05,10.51,0.48,0.44,0.04,2013-14
201565,Derrick Rose,1610612741,CHI,G,25.0,10,10,1.0,4.1,10.5,0.39,0.433,-0.042,2013-14
203527,Ryan Kelly,1610612747,LAL,F,23.0,57,57,1.0,4.96,10.49,0.473,0.457,0.016,2013-14
201144,Mike Conley,1610612763,MEM,G,26.0,73,73,1.0,4.6,10.47,0.44,0.442,-0.002,2013-14
202323,Evan Turner,1610612754,IND,F-G,25.0,81,81,1.0,5.17,10.47,0.494,0.444,0.05,2013-14
202336,Larry Sanders,1610612749,MIL,C,25.0,22,22,1.0,4.45,10.45,0.426,0.476,-0.05,2013-14
203089,John Henson,1610612749,MIL,C-F,23.0,69,69,1.0,4.88,10.43,0.468,0.464,0.004,2013-14
201177,Josh McRoberts,1610612766,CHA,F,27.0,77,77,1.0,4.96,10.4,0.477,0.464,0.013,2013-14
201145,Jeff Green,1610612738,BOS,F,27.0,82,82,1.0,4.83,10.37,0.466,0.452,0.014,2013-14
101145,Monta Ellis,1610612742,DAL,G,28.0,82,82,1.0,5.07,10.29,0.493,0.445,0.048,2013-14
2440,Matt Barnes,1610612746,LAC,F,34.0,63,63,1.0,4.37,10.29,0.424,0.452,-0.027,2013-14
203110,Draymond Green,1610612744,GSW,F,24.0,79,79,1.0,4.3,10.25,0.42,0.456,-0.036,2013-14
202688,Brandon Knight,1610612749,MIL,G,22.0,71,71,1.0,4.73,10.23,0.463,0.438,0.025,2013-14
201147,Corey Brewer,1610612750,MIN,F,28.0,81,81,1.0,4.59,10.23,0.449,0.445,0.003,2013-14
101141,Ersan Ilyasova,1610612749,MIL,F,27.0,54,54,1.0,5.43,10.17,0.534,0.465,0.069,2013-14
202693,Markieff Morris,1610612756,PHX,F,24.0,81,81,1.0,4.8,10.16,0.473,0.463,0.009,2013-14
201175,Glen Davis,1610612746,LAC,F-C,28.0,68,68,1.0,4.66,10.15,0.459,0.468,-0.008,2013-14
2203,Shane Battier,1610612748,MIA,F,35.0,72,72,1.0,4.86,10.14,0.479,0.459,0.02,2013-14
2738,Andre Iguodala,1610612744,GSW,F-G,30.0,63,63,1.0,4.52,9.98,0.453,0.449,0.004,2013-14
101114,Deron Williams,1610612751,BKN,G,30.0,64,64,1.0,4.23,9.97,0.425,0.43,-0.005,2013-14
200752,Rudy Gay,1610612758,SAC,F,27.0,72,72,1.0,4.47,9.89,0.452,0.456,-0.003,2013-14
202083,Wesley Matthews,1610612757,POR,G,27.0,82,82,1.0,4.33,9.88,0.438,0.445,-0.007,2013-14
201941,Jordan Hill,1610612747,LAL,F-C,26.0,72,72,1.0,4.67,9.85,0.474,0.468,0.006,2013-14
977,Kobe Bryant,1610612747,LAL,G,35.0,6,6,1.0,3.5,9.83,0.356,0.459,-0.103,2013-14
201980,Danny Green,1610612759,SAS,G-F,27.0,68,68,1.0,4.25,9.82,0.433,0.45,-0.017,2013-14
2549,Chris Kaman,1610612747,LAL,C,32.0,39,39,1.0,3.77,9.82,0.384,0.473,-0.089,2013-14
203487,Michael Carter-Williams,1610612755,PHI,G,22.0,70,70,1.0,4.49,9.8,0.458,0.437,0.021,2013-14
2760,Anderson Varejao,1610612739,CLE,C,31.0,65,65,1.0,4.46,9.78,0.456,0.466,-0.01,2013-14
2594,Kyle Korver,1610612737,ATL,G-F,33.0,70,70,1.0,4.44,9.76,0.455,0.44,0.016,2013-14
202692,Alec Burks,1610612762,UTA,G,22.0,78,78,1.0,4.67,9.72,0.48,0.442,0.039,2013-14
201939,Stephen Curry,1610612744,GSW,G,26.0,77,77,1.0,4.08,9.69,0.421,0.442,-0.021,2013-14
2225,Tony Parker,1610612759,SAS,G,32.0,67,67,1.0,4.43,9.69,0.458,0.436,0.022,2013-14
203114,Khris Middleton,1610612749,MIL,F,22.0,81,81,1.0,4.35,9.68,0.449,0.446,0.003,2013-14
101109,Raymond Felton,1610612752,NYK,G,30.0,65,65,1.0,4.18,9.62,0.435,0.437,-0.002,2013-14
1718,Paul Pierce,1610612751,BKN,F,36.0,74,74,1.0,4.49,9.61,0.467,0.458,0.009,2013-14
2564,Boris Diaw,1610612759,SAS,F,32.0,79,79,1.0,4.33,9.61,0.451,0.461,-0.01,2013-14
2585,Zaza Pachulia,1610612749,MIL,C,30.0,52,52,1.0,5.0,9.56,0.523,0.473,0.05,2013-14
2743,Kris Humphries,1610612738,BOS,C-F,29.0,68,68,1.0,4.24,9.51,0.445,0.463,-0.018,2013-14
203077,Michael Kidd-Gilchrist,1610612766,CHA,F,20.0,61,61,1.0,4.23,9.49,0.446,0.456,-0.01,2013-14
201167,Arron Afflalo,1610612753,ORL,G-F,28.0,73,73,1.0,4.63,9.49,0.488,0.442,0.045,2013-14
2544,LeBron James,1610612748,MIA,F,29.0,77,77,1.0,4.12,9.49,0.434,0.449,-0.015,2013-14
202322,John Wall,1610612764,WAS,G,23.0,81,81,1.0,4.42,9.47,0.467,0.435,0.032,2013-14
2561,David West,1610612754,IND,F,33.0,80,80,1.0,3.93,9.46,0.415,0.463,-0.049,2013-14
202695,Kawhi Leonard,1610612759,SAS,F-G,23.0,66,66,1.0,3.73,9.44,0.395,0.452,-0.057,2013-14
2550,Kirk Hinrich,1610612741,CHI,G,33.0,73,73,1.0,3.99,9.4,0.424,0.438,-0.014,2013-14
201943,Brandon Jennings,1610612765,DET,G,24.0,79,79,1.0,4.29,9.39,0.457,0.432,0.025,2013-14
101108,Chris Paul,1610612746,LAC,G,29.0,62,62,1.0,4.21,9.39,0.448,0.449,-0.001,2013-14
101107,Marvin Williams,1610612762,UTA,F,28.0,66,66,1.0,4.38,9.38,0.467,0.464,0.003,2013-14
202704,Reggie Jackson,1610612760,OKC,G,24.0,80,80,1.0,4.2,9.34,0.45,0.439,0.011,2013-14
203156,Henry Sims,1610612755,PHI,C,24.0,40,40,1.0,4.15,9.3,0.446,0.469,-0.023,2013-14
202340,Avery Bradley,1610612738,BOS,G,23.0,60,60,1.0,4.35,9.3,0.468,0.441,0.027,2013-14
202362,Lance Stephenson,1610612754,IND,G,23.0,78,78,1.0,3.79,9.28,0.409,0.442,-0.033,2013-14
201936,Tyreke Evans,1610612740,NOP,F-G,24.0,72,72,1.0,4.17,9.25,0.45,0.444,0.007,2013-14
203079,Dion Waiters,1610612739,CLE,G,22.0,70,70,1.0,3.96,9.21,0.429,0.44,-0.01,2013-14
101127,Jarrett Jack,1610612739,CLE,G,30.0,80,80,1.0,3.88,9.14,0.424,0.433,-0.009,2013-14
201609,Goran Dragic,1610612756,PHX,G,28.0,76,76,1.0,4.12,9.14,0.45,0.439,0.012,2013-14
200751,Randy Foye,1610612743,DEN,G,30.0,81,81,1.0,4.21,9.14,0.461,0.445,0.016,2013-14
201976,Patrick Beverley,1610612745,HOU,G,25.0,56,56,1.0,4.07,9.13,0.446,0.442,0.004,2013-14
201574,Jason Thompson,1610612758,SAC,F-C,27.0,81,81,1.0,4.31,9.12,0.472,0.475,-0.003,2013-14
203082,Terrence Ross,1610612761,TOR,F,23.0,80,80,1.0,3.95,9.11,0.433,0.445,-0.012,2013-14
202335,Patrick Patterson,1610612761,TOR,F,25.0,64,64,1.0,4.11,9.11,0.451,0.465,-0.014,2013-14
201945,Gerald Henderson,1610612766,CHA,G,26.0,76,76,1.0,3.79,9.08,0.417,0.447,-0.03,2013-14
203504,Trey Burke,1610612762,UTA,G,21.0,70,70,1.0,4.14,9.07,0.457,0.439,0.018,2013-14
2749,Jameer Nelson,1610612753,ORL,G,32.0,68,68,1.0,4.21,9.06,0.464,0.437,0.028,2013-14
203482,Kelly Olynyk,1610612738,BOS,C-F,23.0,70,70,1.0,4.34,9.04,0.48,0.464,0.016,2013-14
202327,Ekpe Udoh,1610612749,MIL,F-C,27.0,41,41,1.0,4.27,9.02,0.473,0.457,0.016,2013-14
202341,James Anderson,1610612755,PHI,G-F,25.0,80,80,1.0,4.21,8.99,0.469,0.444,0.025,2013-14
2581,Steve Blake,1610612744,GSW,G,34.0,55,55,1.0,4.02,8.98,0.447,0.436,0.012,2013-14
979,Jermaine O'Neal,1610612744,GSW,C-F,35.0,43,43,1.0,3.77,8.98,0.42,0.479,-0.059,2013-14
2772,Trevor Ariza,1610612764,WAS,F,28.0,76,76,1.0,4.05,8.97,0.452,0.447,0.005,2013-14
201600,Omer Asik,1610612745,HOU,C,27.0,48,48,1.0,4.06,8.96,0.453,0.478,-0.025,2013-14
200755,JJ Redick,1610612746,LAC,G,30.0,35,35,1.0,4.14,8.94,0.463,0.441,0.022,2013-14
201162,Jared Dudley,1610612746,LAC,F,28.0,73,73,1.0,3.88,8.9,0.435,0.449,-0.014,2013-14
201942,DeMar DeRozan,1610612761,TOR,G,24.0,78,78,1.0,3.88,8.86,0.438,0.446,-0.007,2013-14
201951,Ty Lawson,1610612743,DEN,G,26.0,62,62,1.0,4.23,8.84,0.478,0.438,0.04,2013-14
101123,Gerald Green,1610612756,PHX,G-F,28.0,82,82,1.0,3.66,8.82,0.415,0.443,-0.028,2013-14
200761,Shawne Williams,1610612747,LAL,F,28.0,34,34,1.0,4.12,8.79,0.468,0.456,0.013,2013-14
202330,Gordon Hayward,1610612762,UTA,G-F,24.0,77,77,1.0,3.83,8.78,0.436,0.446,-0.01,2013-14
201952,Jeff Teague,1610612737,ATL,G,26.0,78,78,1.0,3.71,8.71,0.426,0.433,-0.008,2013-14
201954,Darren Collison,1610612746,LAC,G,26.0,80,80,1.0,3.81,8.66,0.44,0.437,0.003,2013-14
202329,Al-Farouq Aminu,1610612740,NOP,F,23.0,80,80,1.0,4.26,8.66,0.492,0.46,0.032,2013-14
203463,Ben McLemore,1610612758,SAC,G,21.0,81,81,1.0,4.27,8.65,0.494,0.446,0.048,2013-14
201596,Mario Chalmers,1610612748,MIA,G,28.0,73,73,1.0,3.81,8.64,0.441,0.439,0.001,2013-14
201168,Tiago Splitter,1610612759,SAS,C,29.0,59,59,1.0,3.61,8.61,0.419,0.472,-0.053,2013-14
201967,Dante Cunningham,1610612750,MIN,F,27.0,81,81,1.0,4.12,8.59,0.48,0.454,0.026,2013-14
2399,Mike Dunleavy,1610612741,CHI,F,33.0,82,82,1.0,3.55,8.59,0.413,0.441,-0.028,2013-14
101142,Ronny Turiaf,1610612750,MIN,C,31.0,31,31,1.0,3.55,8.58,0.414,0.467,-0.054,2013-14
2405,Amar'e Stoudemire,1610612752,NYK,F-C,31.0,64,64,1.0,4.03,8.56,0.471,0.465,0.005,2013-14
101154,Andray Blatche,1610612751,BKN,C-F,27.0,72,72,1.0,4.28,8.56,0.5,0.463,0.037,2013-14
203135,Robert Sacre,1610612747,LAL,C,25.0,64,64,1.0,4.2,8.47,0.496,0.468,0.028,2013-14
200782,P.J. Tucker,1610612756,PHX,F-G,29.0,81,81,1.0,3.72,8.46,0.439,0.452,-0.013,2013-14
200757,Thabo Sefolosha,1610612760,OKC,G,30.0,60,60,1.0,3.57,8.45,0.422,0.449,-0.027,2013-14
2430,Carlos Boozer,1610612741,CHI,F,32.0,76,76,1.0,4.08,8.41,0.485,0.47,0.015,2013-14
2210,Richard Jefferson,1610612762,UTA,F,34.0,82,82,1.0,4.15,8.4,0.493,0.451,0.042,2013-14
203084,Harrison Barnes,1610612744,GSW,F,22.0,77,77,1.0,3.9,8.38,0.465,0.445,0.02,2013-14
203141,Mirza Teletovic,1610612751,BKN,F,28.0,68,68,1.0,3.71,8.35,0.444,0.449,-0.005,2013-14
202970,Gustavo Ayon,1610612737,ATL,F-C,29.0,24,24,1.0,3.83,8.21,0.467,0.466,0.001,2013-14
2548,Dwyane Wade,1610612748,MIA,G,32.0,54,54,1.0,3.48,8.2,0.424,0.445,-0.021,2013-14
1882,Elton Brand,1610612737,ATL,F,35.0,71,71,1.0,3.96,8.18,0.484,0.466,0.017,2013-14
203492,Ray McCallum,1610612758,SAC,G,23.0,38,38,1.0,3.39,8.16,0.416,0.441,-0.025,2013-14
203507,Giannis Antetokounmpo,1610612749,MIL,G-F,19.0,75,75,1.0,3.45,8.16,0.423,0.444,-0.021,2013-14
203486,Mason Plumlee,1610612751,BKN,F-C,24.0,68,68,1.0,3.99,8.13,0.49,0.464,0.026,2013-14
2207,Joe Johnson,1610612751,BKN,G,33.0,78,78,1.0,3.69,8.12,0.455,0.441,0.014,2013-14
1713,Vince Carter,1610612742,DAL,G-F,37.0,81,81,1.0,3.44,8.07,0.427,0.451,-0.024,2013-14
2694,Josh Powell,1610612745,HOU,F,31.0,1,1,1.0,5.0,8.0,0.625,0.489,0.136,2013-14
202694,Marcus Morris Sr.,1610612756,PHX,F,24.0,82,82,1.0,3.73,8.0,0.466,0.442,0.025,2013-14
2755,Kevin Martin,1610612750,MIN,G,31.0,68,68,1.0,3.59,8.0,0.449,0.443,0.006,2013-14
2733,Shaun Livingston,1610612751,BKN,G,28.0,75,75,1.0,3.21,7.97,0.403,0.439,-0.036,2013-14
101115,Andrew Bynum,1610612754,IND,C,26.0,26,26,1.0,3.31,7.92,0.417,0.469,-0.051,2013-14
202697,Iman Shumpert,1610612752,NYK,G-F,24.0,74,74,1.0,3.72,7.92,0.469,0.447,0.022,2013-14
203090,Maurice Harkless,1610612753,ORL,F,21.0,80,80,1.0,3.45,7.91,0.436,0.444,-0.008,2013-14
203106,Jeffery Taylor,1610612766,CHA,F,25.0,25,25,1.0,3.08,7.88,0.391,0.441,-0.05,2013-14
201571,D.J. Augustin,1610612741,CHI,G,26.0,68,68,1.0,3.41,7.84,0.435,0.426,0.009,2013-14
201880,Greg Stiemsma,1610612740,NOP,C,28.0,55,55,1.0,3.96,7.84,0.506,0.474,0.032,2013-14
201156,Nick Young,1610612747,LAL,F-G,29.0,64,64,1.0,3.48,7.84,0.444,0.447,-0.003,2013-14
203088,Kendall Marshall,1610612747,LAL,G,22.0,54,54,1.0,3.76,7.81,0.481,0.438,0.043,2013-14
202344,Trevor Booker,1610612764,WAS,F,26.0,71,71,1.0,3.58,7.8,0.458,0.462,-0.004,2013-14
203489,Nate Wolters,1610612749,MIL,G,23.0,54,54,1.0,3.52,7.78,0.452,0.433,0.019,2013-14
2590,Mo Williams,1610612757,POR,G,31.0,74,74,1.0,3.64,7.77,0.468,0.432,0.036,2013-14
2223,Samuel Dalembert,1610612742,DAL,C,34.0,80,80,1.0,3.66,7.76,0.472,0.484,-0.013,2013-14
2747,JR Smith,1610612752,NYK,G-F,28.0,74,74,1.0,3.66,7.73,0.474,0.446,0.028,2013-14
2365,Chris Andersen,1610612748,MIA,F-C,35.0,72,72,1.0,3.39,7.72,0.439,0.468,-0.029,2013-14
203124,Kyle O'Quinn,1610612753,ORL,F,24.0,65,65,1.0,3.37,7.72,0.436,0.461,-0.025,2013-14
101110,Martell Webster,1610612764,WAS,F-G,27.0,77,77,1.0,3.43,7.71,0.444,0.44,0.004,2013-14
201166,Aaron Brooks,1610612743,DEN,G,29.0,69,69,1.0,3.55,7.68,0.462,0.436,0.026,2013-14
202337,Luke Babbitt,1610612740,NOP,F,25.0,26,26,1.0,3.38,7.65,0.442,0.449,-0.007,2013-14
203544,Pero Antic,1610612737,ATL,C,31.0,46,46,1.0,3.85,7.61,0.506,0.469,0.036,2013-14
201580,JaVale McGee,1610612743,DEN,C,26.0,5,5,1.0,4.8,7.6,0.632,0.491,0.141,2013-14
201949,James Johnson,1610612763,MEM,F,27.0,50,50,1.0,3.22,7.56,0.426,0.447,-0.021,2013-14
2030,Kenyon Martin,1610612752,NYK,F,36.0,31,31,1.0,2.84,7.55,0.376,0.458,-0.082,2013-14
200765,Rajon Rondo,1610612738,BOS,G,28.0,29,29,1.0,4.1,7.55,0.543,0.448,0.095,2013-14
951,Ray Allen,1610612748,MIA,G,38.0,73,73,1.0,3.82,7.53,0.507,0.441,0.066,2013-14
202730,Lavoy Allen,1610612754,IND,F-C,25.0,58,58,1.0,3.62,7.52,0.482,0.452,0.03,2013-14
202399,Jeff Adrien,1610612749,MIL,F,28.0,52,52,1.0,3.94,7.52,0.524,0.462,0.063,2013-14
2570,Kendrick Perkins,1610612760,OKC,C,29.0,62,62,1.0,3.16,7.5,0.422,0.475,-0.054,2013-14
2037,Jamal Crawford,1610612746,LAC,G,34.0,69,69,1.0,3.13,7.45,0.42,0.444,-0.024,2013-14
201155,Rodney Stuckey,1610612765,DET,G,28.0,73,73,1.0,3.58,7.44,0.481,0.44,0.041,2013-14
202682,Derrick Williams,1610612758,SAC,F,23.0,75,75,1.0,3.48,7.43,0.469,0.449,0.019,2013-14
101133,Ian Mahinmi,1610612754,IND,C,27.0,77,77,1.0,3.16,7.42,0.426,0.463,-0.037,2013-14
708,Kevin Garnett,1610612751,BKN,C-F,38.0,53,53,1.0,3.32,7.36,0.451,0.472,-0.02,2013-14
203476,Gorgui Dieng,1610612750,MIN,C,24.0,57,57,1.0,3.54,7.32,0.484,0.469,0.016,2013-14
201196,Ramon Sessions,1610612749,MIL,G,28.0,83,83,1.0,3.31,7.29,0.455,0.429,0.025,2013-14
203138,Hollis Thompson,1610612755,PHI,G-F,23.0,75,75,1.0,3.44,7.29,0.472,0.443,0.029,2013-14
2406,Caron Butler,1610612760,OKC,F,34.0,55,55,1.0,3.35,7.29,0.459,0.445,0.014,2013-14
2419,Tayshaun Prince,1610612763,MEM,F,34.0,76,76,1.0,3.26,7.26,0.449,0.457,-0.008,2013-14
201158,Marco Belinelli,1610612759,SAS,G,28.0,80,80,1.0,3.41,7.26,0.47,0.447,0.023,2013-14
201589,Darrell Arthur,1610612743,DEN,F,26.0,68,68,1.0,3.13,7.25,0.432,0.458,-0.026,2013-14
2400,Drew Gooden,1610612764,WAS,F,32.0,21,21,1.0,3.48,7.24,0.48,0.461,0.019,2013-14
200770,Jordan Farmar,1610612747,LAL,G,27.0,40,40,1.0,3.38,7.23,0.467,0.437,0.03,2013-14
1740,Rashard Lewis,1610612748,MIA,F,34.0,58,58,1.0,3.38,7.22,0.468,0.447,0.02,2013-14
201584,Courtney Lee,1610612763,MEM,G,28.0,79,79,1.0,3.04,7.15,0.425,0.444,-0.019,2013-14
202714,Shelvin Mack,1610612737,ATL,G,24.0,71,71,1.0,3.15,7.1,0.444,0.435,0.009,2013-14
203473,Dewayne Dedmon,1610612753,ORL,C,24.0,28,28,1.0,3.29,7.0,0.469,0.456,0.014,2013-14
203148,Brian Roberts,1610612740,NOP,G,28.0,72,72,1.0,3.01,6.97,0.432,0.442,-0.01,2013-14
201585,Kosta Koufos,1610612763,MEM,C,25.0,79,79,1.0,3.14,6.94,0.453,0.481,-0.028,2013-14
201229,Anthony Tolliver,1610612766,CHA,F,29.0,61,61,1.0,3.05,6.92,0.441,0.456,-0.016,2013-14
203501,Tim Hardaway Jr.,1610612752,NYK,G,22.0,81,81,1.0,3.36,6.9,0.487,0.438,0.049,2013-14
201564,O.J. Mayo,1610612749,MIL,G,26.0,51,51,1.0,2.71,6.9,0.392,0.437,-0.045,2013-14
202700,Donatas Motiejunas,1610612745,HOU,F-C,23.0,60,60,1.0,3.15,6.88,0.458,0.458,0.0,2013-14
201566,Russell Westbrook,1610612760,OKC,G,25.0,45,45,1.0,3.2,6.87,0.466,0.449,0.017,2013-14
201573,Jerryd Bayless,1610612738,BOS,G,25.0,72,72,1.0,3.36,6.86,0.49,0.441,0.049,2013-14
203500,Steven Adams,1610612760,OKC,C,20.0,78,78,1.0,3.21,6.86,0.467,0.477,-0.009,2013-14
203087,Jeremy Lamb,1610612760,OKC,G,22.0,75,75,1.0,3.03,6.81,0.444,0.434,0.011,2013-14
201956,Omri Casspi,1610612745,HOU,F,26.0,70,70,1.0,2.91,6.79,0.429,0.45,-0.021,2013-14
2566,Travis Outlaw,1610612758,SAC,F,29.0,59,59,1.0,3.1,6.78,0.458,0.445,0.012,2013-14
101128,Francisco Garcia,1610612745,HOU,G-F,32.0,54,54,1.0,2.96,6.76,0.438,0.448,-0.009,2013-14
201563,Michael Beasley,1610612748,MIA,F,25.0,52,52,1.0,3.0,6.75,0.444,0.452,-0.007,2013-14
203094,Andrew Nicholson,1610612753,ORL,F,24.0,73,73,1.0,3.26,6.75,0.483,0.46,0.023,2013-14
201148,Brandan Wright,1610612742,DAL,F,26.0,58,58,1.0,3.28,6.71,0.488,0.466,0.022,2013-14
203521,Matthew Dellavedova,1610612739,CLE,G,23.0,67,67,1.0,3.04,6.69,0.455,0.434,0.022,2013-14
202333,Xavier Henry,1610612747,LAL,F-G,23.0,42,42,1.0,3.0,6.69,0.448,0.451,-0.002,2013-14
203469,Cody Zeller,1610612766,CHA,C-F,21.0,80,80,1.0,2.95,6.66,0.443,0.459,-0.016,2013-14
201978,Chase Budinger,1610612750,MIN,F,26.0,40,40,1.0,2.95,6.63,0.445,0.442,0.003,2013-14
101150,Lou Williams,1610612737,ATL,G,27.0,59,59,1.0,3.1,6.59,0.47,0.435,0.036,2013-14
202412,Manny Harris,1610612747,LAL,G,24.0,9,9,1.0,3.44,6.56,0.525,0.432,0.093,2013-14
203102,Arnett Moultrie,1610612755,PHI,F,23.0,12,12,1.0,2.75,6.5,0.423,0.451,-0.028,2013-14
202874,Chris Wright,1610612749,MIL,F,25.0,7,7,1.0,2.57,6.43,0.4,0.437,-0.037,2013-14
203092,Tyler Zeller,1610612739,CLE,C-F,24.0,69,69,1.0,2.81,6.42,0.438,0.462,-0.024,2013-14
201582,Alexis Ajinca,1610612740,NOP,C,26.0,56,56,1.0,3.27,6.41,0.51,0.479,0.031,2013-14
202349,Greivis Vasquez,1610612761,TOR,G,27.0,78,78,1.0,2.72,6.4,0.425,0.436,-0.011,2013-14
2757,Beno Udrih,1610612763,MEM,G,31.0,40,40,1.0,3.08,6.4,0.48,0.442,0.039,2013-14
200777,Joel Freeland,1610612757,POR,C-F,27.0,52,52,1.0,2.94,6.4,0.459,0.463,-0.003,2013-14
203100,Tony Wroten,1610612755,PHI,G,21.0,70,70,1.0,2.76,6.39,0.432,0.436,-0.004,2013-14
203113,Quincy Miller,1610612743,DEN,F,21.0,48,48,1.0,2.73,6.38,0.428,0.452,-0.024,2013-14
202379,Jeremy Evans,1610612762,UTA,F,26.0,64,64,1.0,3.02,6.38,0.473,0.462,0.011,2013-14
203095,Evan Fournier,1610612743,DEN,G,21.0,73,73,1.0,3.03,6.33,0.478,0.44,0.038,2013-14
203543,Vitor Faverani,1610612738,BOS,C,26.0,37,37,1.0,3.08,6.3,0.489,0.467,0.022,2013-14
2222,Gerald Wallace,1610612738,BOS,F,31.0,57,57,1.0,2.93,6.28,0.466,0.446,0.02,2013-14
2501,Reggie Evans,1610612758,SAC,F,34.0,53,53,1.0,3.38,6.23,0.542,0.472,0.071,2013-14
201569,Eric Gordon,1610612740,NOP,G,25.0,64,64,1.0,3.08,6.23,0.494,0.446,0.047,2013-14
202706,Jordan Hamilton,1610612745,HOU,F-G,23.0,20,20,1.0,3.0,6.2,0.484,0.446,0.038,2013-14
201171,Carl Landry,1610612758,SAC,F,30.0,17,17,1.0,3.41,6.18,0.552,0.47,0.082,2013-14
201971,DeJuan Blair,1610612742,DAL,C-F,25.0,75,75,1.0,3.09,6.16,0.502,0.473,0.029,2013-14
201604,Chris Douglas-Roberts,1610612766,CHA,G,27.0,44,44,1.0,2.73,6.16,0.443,0.439,0.004,2013-14
2422,John Salmons,1610612761,TOR,F-G,34.0,77,77,1.0,2.62,6.12,0.429,0.445,-0.017,2013-14
202686,Jan Vesely,1610612743,DEN,F,24.0,52,52,1.0,2.77,6.1,0.454,0.456,-0.002,2013-14
202390,Gary Neal,1610612766,CHA,G,29.0,49,49,1.0,2.92,6.08,0.48,0.436,0.044,2013-14
202334,Ed Davis,1610612763,MEM,F,25.0,61,61,1.0,2.59,6.07,0.427,0.463,-0.036,2013-14
959,Steve Nash,1610612747,LAL,G,40.0,15,15,1.0,3.07,6.07,0.505,0.44,0.066,2013-14
101139,CJ Miles,1610612739,CLE,G,27.0,50,50,1.0,2.78,6.06,0.459,0.441,0.018,2013-14
201576,Anthony Randolph,1610612743,DEN,F,24.0,39,39,1.0,2.69,6.05,0.445,0.443,0.001,2013-14
2449,Luis Scola,1610612754,IND,F,34.0,81,81,1.0,2.6,6.04,0.431,0.462,-0.03,2013-14
202709,Cory Joseph,1610612759,SAS,G,22.0,57,57,1.0,2.75,6.02,0.458,0.431,0.027,2013-14
202706,Jordan Hamilton,1610612745,HOU,F,23.0,37,37,1.0,2.76,6.0,0.459,0.451,0.009,2013-14
202363,Jarvis Varnado,1610612755,PHI,F-C,26.0,23,23,1.0,2.96,6.0,0.493,0.466,0.027,2013-14
203118,Mike Scott,1610612737,ATL,F,25.0,79,79,1.0,2.85,5.99,0.476,0.448,0.027,2013-14
101187,Alan Anderson,1610612751,BKN,F-G,31.0,76,76,1.0,2.68,5.97,0.449,0.442,0.007,2013-14
2754,Tony Allen,1610612763,MEM,G,32.0,55,55,1.0,2.25,5.96,0.378,0.443,-0.065,2013-14
202348,Jordan Crawford,1610612744,GSW,G,25.0,79,79,1.0,2.41,5.96,0.403,0.432,-0.029,2013-14
200839,Mike Harris,1610612762,UTA,F,31.0,19,19,1.0,2.58,5.95,0.434,0.45,-0.016,2013-14
2555,Nick Collison,1610612760,OKC,F-C,33.0,80,80,1.0,2.63,5.91,0.444,0.467,-0.023,2013-14
203187,Chris Johnson,1610612738,BOS,F-G,24.0,37,37,1.0,2.92,5.89,0.495,0.436,0.06,2013-14
1938,Manu Ginobili,1610612759,SAS,G,36.0,67,67,1.0,2.57,5.85,0.439,0.441,-0.002,2013-14
201977,Marcus Thornton,1610612751,BKN,G,27.0,71,71,1.0,2.7,5.85,0.463,0.439,0.024,2013-14
2034,Mike Miller,1610612763,MEM,F,34.0,82,82,1.0,2.78,5.8,0.479,0.44,0.039,2013-14
202734,E'Twaun Moore,1610612753,ORL,G,25.0,79,79,1.0,2.53,5.8,0.437,0.436,0.0,2013-14
201947,Earl Clark,1610612752,NYK,F,26.0,52,52,1.0,2.73,5.77,0.473,0.45,0.023,2013-14
101131,Jason Maxiell,1610612753,ORL,F,31.0,31,31,1.0,2.45,5.77,0.425,0.47,-0.046,2013-14
101126,Nate Robinson,1610612743,DEN,G,30.0,43,43,1.0,2.4,5.74,0.417,0.423,-0.006,2013-14
101122,Danny Granger,1610612746,LAC,F,31.0,41,41,1.0,2.07,5.66,0.366,0.443,-0.076,2013-14
201228,C.J. Watson,1610612754,IND,G,30.0,63,63,1.0,2.25,5.65,0.399,0.428,-0.029,2013-14
201988,Patty Mills,1610612759,SAS,G,25.0,81,81,1.0,2.28,5.65,0.404,0.428,-0.024,2013-14
2734,Devin Harris,1610612742,DAL,G,31.0,39,39,1.0,2.36,5.64,0.418,0.435,-0.017,2013-14
203481,Jeff Withey,1610612740,NOP,C,24.0,50,50,1.0,2.5,5.6,0.446,0.464,-0.017,2013-14
2748,Dorell Wright,1610612757,POR,F,28.0,67,67,1.0,2.6,5.6,0.464,0.454,0.01,2013-14
203112,Quincy Acy,1610612758,SAC,F,23.0,61,61,1.0,2.46,5.59,0.44,0.465,-0.025,2013-14
203085,Austin Rivers,1610612740,NOP,G,21.0,66,66,1.0,2.48,5.59,0.444,0.438,0.007,2013-14
203484,Kentavious Caldwell-Pope,1610612765,DET,G,21.0,77,77,1.0,2.53,5.58,0.453,0.432,0.022,2013-14
203145,Kent Bazemore,1610612747,LAL,G,24.0,53,53,1.0,2.51,5.58,0.449,0.444,0.005,2013-14
202350,Daniel Orton,1610612755,PHI,C,23.0,19,19,1.0,2.32,5.58,0.415,0.451,-0.036,2013-14
202347,Quincy Pondexter,1610612763,MEM,F,26.0,14,14,1.0,2.5,5.57,0.449,0.445,0.004,2013-14
201965,Jeff Ayres,1610612759,SAS,C-F,27.0,71,71,1.0,2.7,5.56,0.486,0.461,0.025,2013-14
202687,Bismack Biyombo,1610612766,CHA,C-F,21.0,74,74,1.0,2.27,5.54,0.41,0.463,-0.053,2013-14
202708,Norris Cole,1610612748,MIA,G,25.0,82,82,1.0,2.52,5.54,0.456,0.436,0.02,2013-14
203268,Jorge Gutierrez,1610612751,BKN,G,25.0,15,15,1.0,2.4,5.53,0.434,0.425,0.008,2013-14
203584,Troy Daniels,1610612745,HOU,G,22.0,4,4,1.0,3.5,5.5,0.636,0.438,0.198,2013-14
201601,Luc Mbah a Moute,1610612750,MIN,F,27.0,62,62,1.0,2.71,5.47,0.496,0.451,0.044,2013-14
2557,Luke Ridnour,1610612766,CHA,G,33.0,60,60,1.0,2.77,5.45,0.508,0.431,0.077,2013-14
202332,Cole Aldrich,1610612752,NYK,C,25.0,34,34,1.0,2.26,5.44,0.416,0.456,-0.04,2013-14
203143,Pablo Prigioni,1610612752,NYK,G,37.0,66,66,1.0,2.56,5.42,0.472,0.435,0.037,2013-14
101198,Will Bynum,1610612765,DET,G,31.0,54,54,1.0,2.26,5.33,0.424,0.431,-0.008,2013-14
1712,Antawn Jamison,1610612746,LAC,F,38.0,19,19,1.0,2.63,5.32,0.495,0.457,0.038,2013-14
202397,Ish Smith,1610612756,PHX,G,25.0,66,66,1.0,2.32,5.27,0.44,0.427,0.013,2013-14
200826,J.J. Barea,1610612750,MIN,G,30.0,79,79,1.0,2.46,5.27,0.466,0.425,0.041,2013-14
101236,Chuck Hayes,1610612761,TOR,F,31.0,56,56,1.0,2.59,5.27,0.492,0.464,0.028,2013-14
202345,Damion James,1610612759,SAS,F,26.0,4,4,1.0,2.25,5.25,0.429,0.443,-0.015,2013-14
202087,Alonzo Gee,1610612739,CLE,F,27.0,60,60,1.0,2.42,5.22,0.463,0.438,0.025,2013-14
202720,Jon Leuer,1610612763,MEM,F,25.0,45,45,1.0,2.44,5.2,0.47,0.455,0.015,2013-14
202338,Kevin Seraphin,1610612764,WAS,C,24.0,49,49,1.0,2.37,5.2,0.455,0.466,-0.011,2013-14
1897,Metta World Peace,1610612752,NYK,F,34.0,26,26,1.0,2.27,5.19,0.437,0.439,-0.002,2013-14
203263,James Nunnally,1610612755,PHI,F,23.0,11,11,1.0,2.09,5.18,0.404,0.442,-0.039,2013-14
203120,Justin Hamilton,1610612748,MIA,C,24.0,6,6,1.0,2.5,5.17,0.484,0.462,0.022,2013-14
203121,Darius Miller,1610612740,NOP,F,24.0,41,41,1.0,2.41,5.17,0.467,0.456,0.011,2013-14
202361,Landry Fields,1610612761,TOR,F,26.0,22,22,1.0,2.27,5.14,0.442,0.46,-0.018,2013-14
203318,Glen Rice,1610612764,WAS,G-F,23.0,7,7,1.0,1.86,5.14,0.361,0.441,-0.08,2013-14
201964,Victor Claver,1610612757,POR,F,25.0,17,17,1.0,1.88,5.12,0.368,0.437,-0.07,2013-14
201627,Anthony Morrow,1610612740,NOP,G,28.0,75,75,1.0,2.36,5.11,0.462,0.434,0.028,2013-14
203103,Perry Jones III,1610612760,OKC,F,22.0,58,58,1.0,1.98,5.1,0.389,0.445,-0.057,2013-14
201578,Marreese Speights,1610612744,GSW,F-C,26.0,75,75,1.0,2.44,5.08,0.48,0.467,0.013,2013-14
201946,Tyler Hansbrough,1610612761,TOR,F-C,28.0,61,61,1.0,2.48,5.07,0.489,0.463,0.026,2013-14
965,Derek Fisher,1610612760,OKC,G,39.0,80,80,1.0,2.34,5.06,0.462,0.435,0.027,2013-14
203130,Darius Johnson-Odom,1610612755,PHI,G,24.0,1,1,1.0,2.0,5.0,0.4,0.476,-0.076,2013-14
202197,Shane Edwards,1610612739,CLE,F,27.0,1,1,1.0,1.0,5.0,0.2,0.415,-0.215,2013-14
203460,Andre Roberson,1610612760,OKC,G-F,22.0,32,32,1.0,2.34,5.0,0.469,0.439,0.029,2013-14
203488,Mike Muscala,1610612737,ATL,C,22.0,19,19,1.0,3.05,5.0,0.611,0.468,0.142,2013-14
203477,Isaiah Canaan,1610612745,HOU,G,23.0,16,16,1.0,2.0,5.0,0.4,0.425,-0.025,2013-14
203561,Brandon Davies,1610612755,PHI,F,22.0,49,49,1.0,2.45,4.98,0.492,0.448,0.043,2013-14
201979,Nick Calathes,1610612763,MEM,G,25.0,68,68,1.0,1.74,4.97,0.349,0.43,-0.081,2013-14
201858,Cartier Martin,1610612737,ATL,F,29.0,56,56,1.0,2.43,4.96,0.489,0.444,0.045,2013-14
2617,Udonis Haslem,1610612748,MIA,F,34.0,42,42,1.0,2.62,4.93,0.531,0.473,0.058,2013-14
2592,James Jones,1610612748,MIA,F-G,33.0,13,13,1.0,2.54,4.92,0.516,0.441,0.074,2013-14
203503,Tony Snell,1610612741,CHI,G,22.0,64,64,1.0,2.31,4.91,0.471,0.442,0.029,2013-14
1733,Al Harrington,1610612764,WAS,F,34.0,31,31,1.0,2.23,4.9,0.454,0.457,-0.003,2013-14
203116,Tyshawn Taylor,1610612751,BKN,G,24.0,17,17,1.0,2.29,4.88,0.47,0.424,0.046,2013-14
200756,Hilton Armstrong,1610612744,GSW,F-C,29.0,8,8,1.0,2.63,4.88,0.538,0.472,0.067,2013-14
1889,Andre Miller,1610612764,WAS,G,38.0,57,57,1.0,2.0,4.82,0.415,0.428,-0.013,2013-14
1905,Andrei Kirilenko,1610612751,BKN,F,33.0,44,44,1.0,2.32,4.82,0.481,0.448,0.033,2013-14
201973,Jonas Jerebko,1610612765,DET,F,27.0,58,58,1.0,2.45,4.81,0.509,0.45,0.059,2013-14
203109,Jae Crowder,1610612742,DAL,F,23.0,74,74,1.0,1.97,4.81,0.41,0.443,-0.033,2013-14
203133,Robbie Hummel,1610612750,MIN,F,25.0,45,45,1.0,2.27,4.78,0.474,0.441,0.033,2013-14
203197,Diante Garrett,1610612762,UTA,G,25.0,68,68,1.0,2.04,4.76,0.429,0.436,-0.007,2013-14
2584,Willie Green,1610612746,LAC,G,32.0,53,53,1.0,1.77,4.74,0.375,0.437,-0.062,2013-14
203468,CJ McCollum,1610612757,POR,G,22.0,34,34,1.0,1.91,4.71,0.406,0.437,-0.03,2013-14
202725,Josh Harrellson,1610612765,DET,F-C,25.0,30,30,1.0,1.8,4.7,0.383,0.455,-0.072,2013-14
2588,Matt Bonner,1610612759,SAS,F-C,34.0,55,55,1.0,2.2,4.67,0.471,0.456,0.015,2013-14
201962,Toney Douglas,1610612748,MIA,G,28.0,41,41,1.0,2.17,4.66,0.466,0.437,0.029,2013-14
203461,Anthony Bennett,1610612739,CLE,F,21.0,51,51,1.0,2.29,4.63,0.496,0.452,0.044,2013-14
203098,John Jenkins,1610612737,ATL,G,23.0,12,12,1.0,2.25,4.58,0.491,0.42,0.071,2013-14
203086,Meyers Leonard,1610612757,POR,C,22.0,37,37,1.0,2.43,4.57,0.533,0.465,0.067,2013-14
203515,Phil Pressey,1610612738,BOS,G,23.0,74,74,1.0,2.07,4.57,0.453,0.427,0.026,2013-14
2408,Melvin Ely,1610612740,NOP,C-F,36.0,2,2,1.0,2.0,4.5,0.444,0.498,-0.054,2013-14
203471,Dennis Schröder,1610612737,ATL,G,20.0,43,43,1.0,1.91,4.49,0.425,0.427,-0.002,2013-14
200779,Steve Novak,1610612761,TOR,F,31.0,44,44,1.0,2.0,4.41,0.454,0.45,0.004,2013-14
203104,Marquis Teague,1610612751,BKN,G,21.0,33,33,1.0,1.76,4.36,0.403,0.421,-0.018,2013-14
203080,Thomas Robinson,1610612757,POR,F,23.0,67,67,1.0,2.07,4.34,0.478,0.456,0.022,2013-14
2571,Leandro Barbosa,1610612756,PHX,G,31.0,19,19,1.0,1.84,4.32,0.427,0.427,0.0,2013-14
202698,Chris Singleton,1610612764,WAS,F,24.0,19,19,1.0,2.42,4.32,0.561,0.436,0.125,2013-14
203545,Miroslav Raduljica,1610612749,MIL,C,26.0,43,43,1.0,1.81,4.3,0.422,0.47,-0.049,2013-14
202962,Greg Smith,1610612745,HOU,F-C,23.0,10,10,1.0,1.9,4.3,0.442,0.459,-0.017,2013-14
201957,Byron Mullens,1610612755,PHI,C,25.0,41,41,1.0,2.49,4.29,0.58,0.462,0.118,2013-14
1891,Jason Terry,1610612751,BKN,G,36.0,32,32,1.0,1.97,4.28,0.46,0.433,0.027,2013-14
202719,Jeremy Tyler,1610612752,NYK,F,23.0,36,36,1.0,1.92,4.28,0.448,0.449,-0.001,2013-14
2215,Jason Collins,1610612751,BKN,C,35.0,18,18,1.0,2.72,4.28,0.636,0.46,0.176,2013-14
1497,Chauncey Billups,1610612765,DET,G,37.0,17,17,1.0,2.12,4.24,0.5,0.442,0.058,2013-14
203497,Rudy Gobert,1610612762,UTA,C,22.0,41,41,1.0,1.93,4.22,0.457,0.477,-0.021,2013-14
201189,Aaron Gray,1610612758,SAC,C,29.0,32,32,1.0,2.13,4.16,0.511,0.469,0.043,2013-14
200811,Lou Amundson,1610612741,CHI,F,31.0,14,14,1.0,2.0,4.14,0.483,0.462,0.021,2013-14
201202,Joel Anthony,1610612738,BOS,C,31.0,23,23,1.0,2.04,4.13,0.495,0.463,0.032,2013-14
2045,Hedo Turkoglu,1610612746,LAC,F,35.0,37,37,1.0,1.76,4.11,0.428,0.449,-0.022,2013-14
2248,Earl Watson,1610612757,POR,G,35.0,17,17,1.0,1.76,4.06,0.435,0.418,0.017,2013-14
203491,Peyton Siva,1610612765,DET,G,23.0,18,18,1.0,1.72,4.06,0.425,0.414,0.011,2013-14
202066,Garrett Temple,1610612764,WAS,G,28.0,59,59,1.0,1.73,4.03,0.429,0.435,-0.006,2013-14
203382,Aron Baynes,1610612759,SAS,F-C,27.0,48,48,1.0,1.96,4.02,0.487,0.468,0.019,2013-14
203499,Shane Larkin,1610612742,DAL,G,21.0,44,44,1.0,1.73,4.0,0.432,0.435,-0.003,2013-14
203548,Elias Harris,1610612747,LAL,F,24.0,2,2,1.0,3.0,4.0,0.75,0.403,0.347,2013-14
203493,Reggie Bullock Jr.,1610612746,LAC,G,23.0,30,30,1.0,1.57,4.0,0.392,0.442,-0.05,2013-14
200797,Ryan Hollins,1610612746,LAC,C,29.0,56,56,1.0,1.43,3.98,0.359,0.453,-0.094,2013-14
203458,Alex Len,1610612756,PHX,C,21.0,37,37,1.0,2.27,3.97,0.571,0.474,0.097,2013-14
202343,Elliot Williams,1610612755,PHI,G,25.0,64,64,1.0,1.89,3.94,0.48,0.434,0.046,2013-14
2457,Jannero Pargo,1610612766,CHA,G,34.0,22,22,1.0,1.86,3.91,0.477,0.415,0.062,2013-14
200780,Solomon Jones,1610612753,ORL,F,29.0,9,9,1.0,2.0,3.89,0.514,0.479,0.035,2013-14
202952,Malcolm Thomas,1610612762,UTA,F,25.0,7,7,1.0,1.29,3.86,0.333,0.451,-0.118,2013-14
101249,John Lucas III,1610612762,UTA,G,31.0,37,37,1.0,1.81,3.84,0.472,0.443,0.029,2013-14
101111,Charlie Villanueva,1610612765,DET,F,29.0,19,19,1.0,2.16,3.84,0.562,0.445,0.117,2013-14
2740,Andris Biedrins,1610612762,UTA,C,28.0,5,5,1.0,2.2,3.8,0.579,0.441,0.138,2013-14
101179,Ronnie Price,1610612753,ORL,G,31.0,26,26,1.0,1.62,3.77,0.429,0.438,-0.009,2013-14
202380,Hamady Ndiaye,1610612758,SAC,C,27.0,8,8,1.0,2.13,3.75,0.567,0.456,0.111,2013-14
201141,Greg Oden,1610612748,MIA,C,26.0,20,20,1.0,1.35,3.75,0.36,0.467,-0.107,2013-14
202721,Darius Morris,1610612763,MEM,G,23.0,23,23,1.0,1.96,3.7,0.529,0.425,0.104,2013-14
201961,Wayne Ellington,1610612742,DAL,G,26.0,35,35,1.0,1.94,3.66,0.531,0.444,0.087,2013-14
201575,Brandon Rush,1610612762,UTA,G,28.0,35,35,1.0,2.0,3.66,0.547,0.436,0.111,2013-14
203115,Will Barton,1610612757,POR,G,23.0,31,31,1.0,1.42,3.65,0.389,0.44,-0.051,2013-14
201934,Hasheem Thabeet,1610612760,OKC,C,27.0,17,17,1.0,1.65,3.65,0.452,0.472,-0.02,2013-14
203539,Gal Mekel,1610612742,DAL,G,26.0,24,24,1.0,1.83,3.63,0.506,0.419,0.086,2013-14
202690,Jimmer Fredette,1610612741,CHI,G,25.0,47,47,1.0,1.7,3.6,0.473,0.423,0.051,2013-14
203810,Casper Ware,1610612755,PHI,G,24.0,9,9,1.0,1.44,3.56,0.406,0.43,-0.023,2013-14
203144,Alexey Shved,1610612750,MIN,G,25.0,55,55,1.0,1.55,3.55,0.436,0.43,0.006,2013-14
203111,Orlando Johnson,1610612758,SAC,G,25.0,33,33,1.0,1.48,3.55,0.419,0.444,-0.025,2013-14
203479,Jamaal Franklin,1610612763,MEM,G,22.0,19,19,1.0,1.58,3.53,0.448,0.438,0.01,2013-14
2732,Ben Gordon,1610612766,CHA,G,31.0,19,19,1.0,1.42,3.53,0.403,0.438,-0.035,2013-14
2224,Jamaal Tinsley,1610612762,UTA,G,36.0,8,8,1.0,1.88,3.5,0.536,0.437,0.099,2013-14
203524,Solomon Hill,1610612754,IND,F,23.0,21,21,1.0,1.33,3.48,0.384,0.433,-0.049,2013-14
203462,Archie Goodwin,1610612756,PHX,G,19.0,48,48,1.0,1.35,3.46,0.392,0.429,-0.037,2013-14
200769,Shannon Brown,1610612752,NYK,G,28.0,20,20,1.0,1.5,3.45,0.435,0.44,-0.006,2013-14
2586,Keith Bogans,1610612738,BOS,G-F,34.0,5,5,1.0,1.2,3.4,0.353,0.428,-0.075,2013-14
202933,Julyan Stone,1610612761,TOR,G,25.0,15,15,1.0,1.53,3.4,0.451,0.443,0.008,2013-14
201986,Nando De Colo,1610612761,TOR,G,27.0,39,39,1.0,1.56,3.38,0.462,0.429,0.034,2013-14
2446,Rasual Butler,1610612754,IND,G-F,35.0,33,33,1.0,1.58,3.36,0.468,0.44,0.028,2013-14
201948,Austin Daye,1610612759,SAS,F,26.0,14,14,1.0,1.79,3.36,0.532,0.447,0.085,2013-14
2427,Roger Mason Jr.,1610612748,MIA,G,33.0,18,18,1.0,1.17,3.33,0.35,0.433,-0.083,2013-14
203508,Sergey Karasev,1610612739,CLE,G,20.0,16,16,1.0,1.81,3.31,0.547,0.435,0.113,2013-14
202388,Donald Sloan,1610612754,IND,G,26.0,36,36,1.0,1.69,3.28,0.517,0.422,0.095,2013-14
203569,Chris Babb,1610612738,BOS,G,24.0,11,11,1.0,1.45,3.27,0.444,0.451,-0.007,2013-14
201953,Eric Maynor,1610612755,PHI,G,27.0,28,28,1.0,1.82,3.25,0.56,0.427,0.134,2013-14
203498,Shabazz Muhammad,1610612750,MIN,F,21.0,29,29,1.0,1.14,3.24,0.351,0.43,-0.079,2013-14
203485,Lorenzo Brown,1610612755,PHI,G,23.0,21,21,1.0,1.1,3.24,0.338,0.424,-0.085,2013-14
203136,Ognjen Kuzmic,1610612744,GSW,C,24.0,13,13,1.0,1.77,3.23,0.548,0.432,0.116,2013-14
101183,Shavlik Randolph,1610612756,PHX,F,30.0,13,13,1.0,1.15,3.23,0.357,0.447,-0.09,2013-14
203315,Toure' Murry,1610612752,NYK,G,24.0,37,37,1.0,1.19,3.22,0.37,0.424,-0.055,2013-14
203108,Bernard James,1610612742,DAL,C,29.0,19,19,1.0,1.58,3.21,0.492,0.468,0.024,2013-14
202705,MarShon Brooks,1610612747,LAL,G,25.0,26,26,1.0,1.46,3.19,0.458,0.429,0.029,2013-14
1536,Stephen Jackson,1610612746,LAC,G-F,36.0,9,9,1.0,1.22,3.11,0.393,0.453,-0.061,2013-14
1737,Nazr Mohammed,1610612741,CHI,C,36.0,71,71,1.0,1.31,3.03,0.433,0.465,-0.032,2013-14
203091,Royce White,1610612758,SAC,F,23.0,1,1,1.0,2.0,3.0,0.667,0.453,0.214,2013-14
203480,James Southerland,1610612740,NOP,F,24.0,4,4,1.0,0.5,3.0,0.167,0.442,-0.275,2013-14
203099,Jared Cunningham,1610612758,SAC,G,23.0,11,11,1.0,1.18,3.0,0.394,0.431,-0.037,2013-14
203142,Chris Copeland,1610612754,IND,F,30.0,35,35,1.0,1.43,2.97,0.481,0.444,0.037,2013-14
203117,Doron Lamb,1610612753,ORL,G,22.0,43,43,1.0,1.44,2.95,0.488,0.431,0.057,2013-14
203540,Gigi Datome,1610612765,DET,F,26.0,23,23,1.0,1.52,2.87,0.53,0.436,0.094,2013-14
203129,Tornike Shengelia,1610612741,CHI,F,22.0,17,17,1.0,0.94,2.76,0.34,0.416,-0.076,2013-14
203502,Tony Mitchell,1610612765,DET,F,22.0,14,14,1.0,1.64,2.71,0.605,0.442,0.163,2013-14
2229,Mike James,1610612741,CHI,G,39.0,10,10,1.0,0.8,2.7,0.296,0.429,-0.133,2013-14
203517,Nemanja Nedovic,1610612744,GSW,G,23.0,18,18,1.0,1.06,2.67,0.396,0.426,-0.03,2013-14
203513,Erik Murphy,1610612741,CHI,F,23.0,14,14,1.0,1.21,2.64,0.459,0.438,0.022,2013-14
203490,Otto Porter Jr.,1610612764,WAS,F,21.0,26,26,1.0,1.19,2.62,0.456,0.429,0.027,2013-14
202779,Dwight Buycks,1610612761,TOR,G,25.0,11,11,1.0,0.91,2.55,0.357,0.424,-0.067,2013-14
2756,Sasha Vujacic,1610612746,LAC,G,30.0,2,2,1.0,1.5,2.5,0.6,0.402,0.198,2013-14
202620,Arinze Onuaku,1610612739,CLE,F-C,26.0,2,2,1.0,1.5,2.5,0.6,0.476,0.124,2013-14
203467,Carrick Felix,1610612739,CLE,G-F,23.0,5,5,1.0,1.2,2.4,0.5,0.443,0.057,2013-14
202091,Dionte Christmas,1610612756,PHX,G,27.0,24,24,1.0,1.21,2.33,0.518,0.432,0.086,2013-14
202498,Lance Thomas,1610612740,NOP,F,26.0,4,4,1.0,1.5,2.25,0.667,0.444,0.223,2013-14
2735,Josh Childress,1610612740,NOP,F-G,31.0,4,4,1.0,0.5,2.25,0.222,0.436,-0.213,2013-14
201785,Othyus Jeffers,1610612750,MIN,G-F,28.0,5,5,1.0,0.4,2.2,0.182,0.389,-0.208,2013-14
203546,Ian Clark,1610612762,UTA,G,23.0,22,22,1.0,1.18,2.18,0.542,0.424,0.118,2013-14
200758,Ronnie Brewer,1610612741,CHI,F,29.0,20,20,1.0,0.95,2.15,0.442,0.445,-0.003,2013-14
203459,Allen Crabbe,1610612757,POR,G,22.0,12,12,1.0,0.92,2.08,0.44,0.406,0.034,2013-14
201985,AJ Price,1610612750,MIN,G,27.0,22,22,1.0,0.68,2.05,0.333,0.408,-0.075,2013-14
201591,DJ White,1610612766,CHA,F,27.0,2,2,1.0,1.0,2.0,0.5,0.408,0.092,2013-14
203552,Seth Curry,1610612739,CLE,G,23.0,1,1,1.0,0.0,2.0,0.0,0.456,-0.456,2013-14
203519,Adonis Thomas,1610612755,PHI,G-F,21.0,5,5,1.0,1.0,2.0,0.5,0.448,0.052,2013-14
203496,Robert Covington,1610612745,HOU,F,23.0,4,4,1.0,0.5,2.0,0.25,0.401,-0.151,2013-14
203505,Vander Blue,1610612738,BOS,G,21.0,3,3,1.0,0.67,2.0,0.333,0.439,-0.105,2013-14
201203,Mustafa Shakur,1610612760,OKC,G,29.0,2,2,1.0,0.5,2.0,0.25,0.422,-0.172,2013-14
101155,Ryan Gomes,1610612760,OKC,F,31.0,3,3,1.0,1.0,2.0,0.5,0.453,0.047,2013-14
203495,Ricky Ledo,1610612742,DAL,G,21.0,8,8,1.0,0.5,1.63,0.308,0.45,-0.142,2013-14
202130,Reggie Williams,1610612760,OKC,F,27.0,2,2,1.0,0.5,1.5,0.333,0.386,-0.053,2013-14
203183,Tony Mitchell,1610612749,MIL,F,24.0,2,2,1.0,0.0,1.5,0.0,0.398,-0.398,2013-14
203474,DJ Stephens,1610612749,MIL,G-F,23.0,2,2,1.0,0.5,1.5,0.333,0.431,-0.098,2013-14
203139,Viacheslav Kravtsov,1610612756,PHX,C,26.0,15,15,1.0,0.67,1.2,0.556,0.462,0.094,2013-14
202354,Dexter Pittman,1610612737,ATL,C,26.0,1,1,1.0,0.0,1.0,0.0,0.455,-0.455,2013-14
2767,Royal Ivey,1610612760,OKC,G,32.0,2,2,1.0,0.0,1.0,0.0,0.39,-0.39,2013-14
203816,Scotty Hopson,1610612739,CLE,G,24.0,1,1,1.0,1.0,1.0,1.0,0.396,0.604,2013-14
203146,Maalik Wayns,1610612746,LAC,G,23.0,2,2,1.0,0.5,1.0,0.5,0.425,0.076,2013-14
201586,Serge Ibaka,1610612760,OKC,F,25.0,64,64,1.0,6.27,15.61,0.401,0.462,-0.061,2014-15
201599,DeAndre Jordan,1610612746,LAC,C,26.0,82,82,1.0,6.83,14.77,0.462,0.472,-0.009,2014-15
2199,Tyson Chandler,1610612742,DAL,C,32.0,74,74,1.0,7.0,14.68,0.477,0.47,0.007,2014-15
202326,DeMarcus Cousins,1610612758,SAC,C,24.0,59,59,1.0,6.53,14.64,0.446,0.472,-0.027,2014-15
203076,Anthony Davis,1610612740,NOP,F-C,22.0,68,68,1.0,5.91,14.53,0.407,0.46,-0.053,2014-15
2200,Pau Gasol,1610612741,CHI,F-C,34.0,78,78,1.0,6.58,14.45,0.455,0.48,-0.025,2014-15
201572,Brook Lopez,1610612751,BKN,C,27.0,72,72,1.0,6.65,14.38,0.463,0.474,-0.012,2014-15
200794,Paul Millsap,1610612737,ATL,F,30.0,73,73,1.0,6.7,14.03,0.478,0.454,0.023,2014-15
201149,Joakim Noah,1610612741,CHI,C,30.0,67,67,1.0,5.85,13.94,0.42,0.466,-0.046,2014-15
200746,LaMarcus Aldridge,1610612757,POR,F,29.0,71,71,1.0,6.18,13.92,0.444,0.462,-0.018,2014-15
203110,Draymond Green,1610612744,GSW,F,25.0,79,79,1.0,5.38,13.91,0.387,0.454,-0.068,2014-15
202696,Nikola Vučević,1610612753,ORL,C,24.0,74,74,1.0,6.8,13.86,0.49,0.471,0.02,2014-15
201567,Kevin Love,1610612739,CLE,F,26.0,74,74,1.0,6.22,13.7,0.454,0.461,-0.007,2014-15
101162,Marcin Gortat,1610612764,WAS,C,31.0,82,82,1.0,6.02,13.66,0.441,0.469,-0.028,2014-15
2547,Chris Bosh,1610612748,MIA,C,31.0,44,44,1.0,6.23,13.34,0.467,0.463,0.004,2014-15
203476,Gorgui Dieng,1610612750,MIN,C,25.0,72,72,1.0,6.89,13.31,0.518,0.469,0.049,2014-15
201933,Blake Griffin,1610612746,LAC,F,26.0,67,67,1.0,6.04,13.27,0.456,0.461,-0.005,2014-15
202689,Kemba Walker,1610612766,CHA,G,25.0,62,62,1.0,5.45,13.19,0.413,0.433,-0.02,2014-15
1495,Tim Duncan,1610612759,SAS,F,39.0,77,77,1.0,5.84,13.12,0.446,0.471,-0.026,2014-15
203093,Terrence Jones,1610612745,HOU,F,23.0,33,33,1.0,5.52,13.09,0.421,0.455,-0.034,2014-15
202389,Timofey Mozgov,1610612739,CLE,C,28.0,81,81,1.0,6.23,13.05,0.478,0.474,0.004,2014-15
201577,Robin Lopez,1610612757,POR,C,27.0,59,59,1.0,5.97,13.03,0.458,0.479,-0.022,2014-15
203083,Andre Drummond,1610612765,DET,C,21.0,82,82,1.0,6.05,12.84,0.471,0.476,-0.005,2014-15
202324,Derrick Favors,1610612762,UTA,F,23.0,74,74,1.0,5.36,12.78,0.42,0.466,-0.046,2014-15
202328,Greg Monroe,1610612765,DET,F-C,25.0,69,69,1.0,6.13,12.71,0.482,0.469,0.013,2014-15
203457,Nerlens Noel,1610612755,PHI,C-F,21.0,75,75,1.0,5.95,12.68,0.469,0.468,0.001,2014-15
2744,Al Jefferson,1610612766,CHA,C,30.0,65,65,1.0,6.48,12.65,0.512,0.476,0.036,2014-15
2746,Josh Smith,1610612745,HOU,F,29.0,83,83,1.0,5.14,12.53,0.411,0.459,-0.049,2014-15
201941,Jordan Hill,1610612747,LAL,C,27.0,70,70,1.0,6.59,12.49,0.527,0.472,0.055,2014-15
2736,Luol Deng,1610612748,MIA,F,30.0,71,71,1.0,5.48,12.38,0.443,0.444,-0.002,2014-15
203952,Andrew Wiggins,1610612750,MIN,F-G,20.0,81,81,1.0,5.84,12.36,0.473,0.441,0.032,2014-15
202339,Eric Bledsoe,1610612756,PHX,G,25.0,81,81,1.0,5.27,12.25,0.43,0.437,-0.007,2014-15
201935,James Harden,1610612745,HOU,G,25.0,80,80,1.0,5.15,12.18,0.423,0.444,-0.021,2014-15
201188,Marc Gasol,1610612763,MEM,C,30.0,81,81,1.0,5.3,12.1,0.438,0.471,-0.033,2014-15
201600,Omer Asik,1610612740,NOP,C,28.0,76,76,1.0,6.07,12.05,0.503,0.481,0.023,2014-15
101112,Channing Frye,1610612753,ORL,F,32.0,75,75,1.0,6.11,11.92,0.512,0.463,0.049,2014-15
201954,Darren Collison,1610612758,SAC,G,27.0,45,45,1.0,5.09,11.91,0.427,0.437,-0.01,2014-15
202683,Enes Freedom,1610612760,OKC,C,23.0,75,75,1.0,5.97,11.89,0.502,0.469,0.033,2014-15
2760,Anderson Varejao,1610612739,CLE,C,32.0,26,26,1.0,6.0,11.88,0.505,0.476,0.029,2014-15
202700,Donatas Motiejunas,1610612745,HOU,F-C,24.0,70,70,1.0,5.37,11.74,0.457,0.459,-0.002,2014-15
201143,Al Horford,1610612737,ATL,C-F,29.0,76,76,1.0,5.07,11.68,0.434,0.461,-0.028,2014-15
203500,Steven Adams,1610612760,OKC,C,21.0,70,70,1.0,5.14,11.59,0.444,0.474,-0.03,2014-15
201152,Thaddeus Young,1610612751,BKN,F,27.0,75,75,1.0,5.51,11.52,0.478,0.454,0.024,2014-15
203497,Rudy Gobert,1610612762,UTA,C,23.0,82,82,1.0,4.94,11.51,0.429,0.471,-0.042,2014-15
2594,Kyle Korver,1610612737,ATL,G,34.0,75,75,1.0,4.87,11.44,0.425,0.434,-0.009,2014-15
2730,Dwight Howard,1610612745,HOU,C,29.0,40,40,1.0,5.3,11.43,0.464,0.468,-0.004,2014-15
2216,Zach Randolph,1610612763,MEM,F,33.0,71,71,1.0,5.48,11.42,0.48,0.461,0.018,2014-15
202702,Kenneth Faried,1610612743,DEN,F,25.0,75,75,1.0,5.49,11.37,0.483,0.463,0.02,2014-15
201960,DeMarre Carroll,1610612737,ATL,F,28.0,70,70,1.0,5.11,11.29,0.453,0.442,0.011,2014-15
202685,Jonas Valanciunas,1610612761,TOR,C,23.0,80,80,1.0,5.31,11.29,0.471,0.475,-0.004,2014-15
1717,Dirk Nowitzki,1610612742,DAL,F,37.0,77,77,1.0,5.43,11.26,0.482,0.46,0.023,2014-15
203506,Victor Oladipo,1610612753,ORL,G,23.0,72,72,1.0,5.36,11.26,0.476,0.437,0.039,2014-15
202684,Tristan Thompson,1610612739,CLE,C-F,24.0,81,81,1.0,5.33,11.25,0.474,0.46,0.014,2014-15
200752,Rudy Gay,1610612758,SAC,F,28.0,68,68,1.0,4.9,11.25,0.435,0.445,-0.01,2014-15
202710,Jimmy Butler III,1610612741,CHI,G-F,25.0,65,65,1.0,5.25,11.22,0.468,0.44,0.027,2014-15
203463,Ben McLemore,1610612758,SAC,G,22.0,82,82,1.0,4.84,11.07,0.437,0.436,0.001,2014-15
101161,Amir Johnson,1610612761,TOR,F,28.0,75,75,1.0,5.16,11.07,0.466,0.46,0.007,2014-15
201959,Taj Gibson,1610612741,CHI,F,30.0,62,62,1.0,4.61,11.06,0.417,0.458,-0.041,2014-15
2440,Matt Barnes,1610612746,LAC,F,35.0,76,76,1.0,4.7,11.01,0.427,0.442,-0.016,2014-15
202693,Markieff Morris,1610612756,PHX,F,25.0,82,82,1.0,5.1,11.0,0.463,0.461,0.002,2014-15
201163,Wilson Chandler,1610612743,DEN,F,28.0,78,78,1.0,4.87,10.99,0.443,0.446,-0.002,2014-15
201579,Roy Hibbert,1610612754,IND,C,28.0,76,76,1.0,4.58,10.96,0.418,0.472,-0.055,2014-15
201950,Jrue Holiday,1610612740,NOP,G,25.0,40,40,1.0,4.65,10.9,0.427,0.437,-0.011,2014-15
203458,Alex Len,1610612756,PHX,C,22.0,69,69,1.0,5.01,10.9,0.46,0.47,-0.01,2014-15
101106,Andrew Bogut,1610612744,GSW,C,30.0,67,67,1.0,4.52,10.88,0.416,0.477,-0.062,2014-15
202699,Tobias Harris,1610612753,ORL,F,22.0,68,68,1.0,4.72,10.87,0.434,0.444,-0.01,2014-15
202681,Kyrie Irving,1610612739,CLE,G,23.0,74,74,1.0,5.11,10.86,0.47,0.436,0.034,2014-15
201937,Ricky Rubio,1610612750,MIN,G,24.0,22,22,1.0,4.64,10.82,0.429,0.441,-0.012,2014-15
201601,Luc Mbah a Moute,1610612755,PHI,F,28.0,67,67,1.0,4.58,10.78,0.425,0.453,-0.028,2014-15
200768,Kyle Lowry,1610612761,TOR,G,29.0,70,70,1.0,4.69,10.76,0.436,0.438,-0.003,2014-15
201144,Mike Conley,1610612763,MEM,G,27.0,70,70,1.0,4.81,10.74,0.448,0.432,0.016,2014-15
201593,Nikola Pekovic,1610612750,MIN,C,29.0,30,30,1.0,5.3,10.7,0.495,0.474,0.022,2014-15
203096,Jared Sullinger,1610612738,BOS,F,23.0,58,58,1.0,4.88,10.69,0.456,0.458,-0.001,2014-15
204038,Langston Galloway,1610612752,NYK,G,23.0,44,44,1.0,4.27,10.57,0.404,0.432,-0.028,2014-15
203081,Damian Lillard,1610612757,POR,G,24.0,82,82,1.0,4.8,10.54,0.456,0.437,0.019,2014-15
101145,Monta Ellis,1610612742,DAL,G,29.0,80,80,1.0,4.4,10.51,0.419,0.432,-0.014,2014-15
201936,Tyreke Evans,1610612740,NOP,G-F,25.0,79,79,1.0,4.72,10.47,0.451,0.439,0.012,2014-15
203092,Tyler Zeller,1610612738,BOS,C-F,25.0,82,82,1.0,4.89,10.44,0.468,0.478,-0.009,2014-15
201588,George Hill,1610612754,IND,G,29.0,43,43,1.0,4.07,10.4,0.391,0.43,-0.038,2014-15
203078,Bradley Beal,1610612764,WAS,G,22.0,63,63,1.0,4.59,10.37,0.443,0.434,0.008,2014-15
201565,Derrick Rose,1610612741,CHI,G,26.0,51,51,1.0,4.45,10.27,0.433,0.436,-0.002,2014-15
202692,Alec Burks,1610612762,UTA,G,23.0,27,27,1.0,5.26,10.26,0.513,0.446,0.067,2014-15
201145,Jeff Green,1610612763,MEM,F,28.0,78,78,1.0,4.53,10.24,0.442,0.443,-0.001,2014-15
201587,Nicolas Batum,1610612757,POR,F,26.0,71,71,1.0,4.42,10.21,0.433,0.443,-0.01,2014-15
203482,Kelly Olynyk,1610612738,BOS,C-F,24.0,64,64,1.0,4.67,10.2,0.458,0.457,0.001,2014-15
200745,Andrea Bargnani,1610612752,NYK,C-F,29.0,29,29,1.0,5.31,10.17,0.522,0.46,0.062,2014-15
201980,Danny Green,1610612759,SAS,G-F,28.0,81,81,1.0,4.38,10.16,0.431,0.436,-0.005,2014-15
202334,Ed Davis,1610612747,LAL,F,26.0,79,79,1.0,4.84,10.14,0.477,0.46,0.017,2014-15
202322,John Wall,1610612764,WAS,G,24.0,79,79,1.0,4.34,10.06,0.431,0.433,-0.002,2014-15
202704,Reggie Jackson,1610612765,DET,G,25.0,77,77,1.0,4.58,10.06,0.455,0.437,0.018,2014-15
2564,Boris Diaw,1610612759,SAS,C-F,33.0,81,81,1.0,4.68,10.01,0.467,0.451,0.017,2014-15
2590,Mo Williams,1610612766,CHA,G,32.0,67,67,1.0,4.34,9.99,0.435,0.432,0.003,2014-15
202323,Evan Turner,1610612738,BOS,G-F,26.0,82,82,1.0,4.41,9.95,0.444,0.439,0.005,2014-15
101127,Jarrett Jack,1610612751,BKN,G,31.0,79,79,1.0,4.23,9.95,0.425,0.43,-0.005,2014-15
203507,Giannis Antetokounmpo,1610612749,MIL,F,20.0,80,80,1.0,4.39,9.95,0.441,0.443,-0.002,2014-15
203469,Cody Zeller,1610612766,CHA,F-C,22.0,62,62,1.0,4.32,9.9,0.436,0.46,-0.023,2014-15
201583,Ryan Anderson,1610612740,NOP,F,27.0,61,61,1.0,4.84,9.89,0.489,0.456,0.034,2014-15
200755,JJ Redick,1610612746,LAC,G,31.0,78,78,1.0,4.35,9.88,0.44,0.44,0.0,2014-15
2585,Zaza Pachulia,1610612749,MIL,C,31.0,72,72,1.0,4.54,9.88,0.46,0.473,-0.013,2014-15
201611,Henry Walker,1610612748,MIA,F,27.0,23,23,1.0,4.43,9.87,0.449,0.447,0.002,2014-15
202691,Klay Thompson,1610612744,GSW,G,25.0,77,77,1.0,4.12,9.87,0.417,0.434,-0.017,2014-15
200782,P.J. Tucker,1610612756,PHX,F-G,30.0,78,78,1.0,4.31,9.86,0.437,0.449,-0.012,2014-15
202335,Patrick Patterson,1610612761,TOR,F,26.0,81,81,1.0,4.47,9.81,0.455,0.445,0.01,2014-15
201939,Stephen Curry,1610612744,GSW,G,27.0,80,80,1.0,4.08,9.79,0.416,0.431,-0.015,2014-15
202336,Larry Sanders,1610612749,MIL,C,26.0,27,27,1.0,4.56,9.78,0.466,0.475,-0.009,2014-15
202083,Wesley Matthews,1610612757,POR,G,28.0,60,60,1.0,4.03,9.73,0.414,0.437,-0.023,2014-15
203524,Solomon Hill,1610612754,IND,F,24.0,82,82,1.0,4.27,9.72,0.439,0.438,0.001,2014-15
203901,Elfrid Payton,1610612753,ORL,G,21.0,82,82,1.0,4.63,9.68,0.479,0.43,0.049,2014-15
202355,Hassan Whiteside,1610612748,MIA,C,26.0,45,45,1.0,4.27,9.67,0.441,0.467,-0.026,2014-15
201609,Goran Dragic,1610612748,MIA,G,29.0,78,78,1.0,4.19,9.59,0.437,0.431,0.006,2014-15
2207,Joe Johnson,1610612751,BKN,F-G,34.0,80,80,1.0,4.28,9.44,0.453,0.439,0.014,2014-15
203953,Jabari Parker,1610612749,MIL,F,20.0,25,25,1.0,4.76,9.4,0.506,0.445,0.061,2014-15
201574,Jason Thompson,1610612758,SAC,F,28.0,81,81,1.0,4.51,9.37,0.481,0.469,0.012,2014-15
201167,Arron Afflalo,1610612757,POR,G,29.0,78,78,1.0,3.96,9.36,0.423,0.436,-0.013,2014-15
202688,Brandon Knight,1610612756,PHX,G,23.0,62,62,1.0,4.03,9.34,0.432,0.431,0.001,2014-15
203084,Harrison Barnes,1610612744,GSW,F,23.0,82,82,1.0,4.22,9.3,0.453,0.443,0.01,2014-15
101108,Chris Paul,1610612746,LAC,G,30.0,82,82,1.0,3.94,9.28,0.424,0.438,-0.014,2014-15
201976,Patrick Beverley,1610612745,HOU,G,26.0,56,56,1.0,4.14,9.25,0.448,0.443,0.005,2014-15
2561,David West,1610612754,IND,F,34.0,66,66,1.0,4.3,9.23,0.466,0.454,0.012,2014-15
203114,Khris Middleton,1610612749,MIL,G-F,23.0,78,78,1.0,3.72,9.22,0.403,0.439,-0.035,2014-15
2772,Trevor Ariza,1610612745,HOU,F,29.0,81,81,1.0,4.51,9.2,0.49,0.445,0.045,2014-15
203486,Mason Plumlee,1610612751,BKN,C-F,25.0,78,78,1.0,4.69,9.15,0.513,0.472,0.041,2014-15
202391,Jeremy Lin,1610612747,LAL,G,26.0,74,74,1.0,4.16,9.15,0.455,0.435,0.02,2014-15
203141,Mirza Teletovic,1610612751,BKN,F,29.0,40,40,1.0,4.05,9.13,0.444,0.451,-0.007,2014-15
203077,Michael Kidd-Gilchrist,1610612766,CHA,F,21.0,55,55,1.0,3.93,9.11,0.431,0.439,-0.008,2014-15
203504,Trey Burke,1610612762,UTA,G,22.0,76,76,1.0,4.12,9.11,0.452,0.435,0.017,2014-15
203082,Terrence Ross,1610612761,TOR,F-G,24.0,82,82,1.0,4.23,9.1,0.465,0.436,0.029,2014-15
203487,Michael Carter-Williams,1610612749,MIL,G,23.0,66,66,1.0,4.03,9.06,0.445,0.438,0.007,2014-15
201142,Kevin Durant,1610612760,OKC,F,26.0,27,27,1.0,3.67,9.04,0.406,0.444,-0.039,2014-15
203940,Adreian Payne,1610612750,MIN,F-C,24.0,32,32,1.0,5.06,9.0,0.563,0.468,0.094,2014-15
202695,Kawhi Leonard,1610612759,SAS,F,24.0,64,64,1.0,3.89,8.97,0.434,0.446,-0.012,2014-15
203089,John Henson,1610612749,MIL,C-F,24.0,66,66,1.0,3.94,8.97,0.439,0.459,-0.019,2014-15
201168,Tiago Splitter,1610612759,SAS,C,30.0,52,52,1.0,3.96,8.96,0.442,0.47,-0.027,2014-15
204020,Tyler Johnson,1610612748,MIA,G,23.0,28,28,1.0,3.79,8.93,0.424,0.426,-0.002,2014-15
101114,Deron Williams,1610612751,BKN,G,31.0,68,68,1.0,4.04,8.91,0.454,0.433,0.021,2014-15
201951,Ty Lawson,1610612743,DEN,G,27.0,75,75,1.0,4.15,8.91,0.466,0.433,0.033,2014-15
203484,Kentavious Caldwell-Pope,1610612765,DET,G,22.0,82,82,1.0,4.1,8.9,0.46,0.436,0.024,2014-15
977,Kobe Bryant,1610612747,LAL,G,36.0,35,35,1.0,4.29,8.89,0.482,0.444,0.038,2014-15
201942,DeMar DeRozan,1610612761,TOR,G,25.0,60,60,1.0,4.2,8.87,0.474,0.443,0.031,2014-15
2755,Kevin Martin,1610612750,MIN,G,32.0,38,38,1.0,3.87,8.87,0.436,0.433,0.003,2014-15
1718,Paul Pierce,1610612764,WAS,F,37.0,73,73,1.0,3.6,8.86,0.406,0.44,-0.033,2014-15
101133,Ian Mahinmi,1610612754,IND,C,28.0,60,60,1.0,4.08,8.85,0.461,0.458,0.003,2014-15
201584,Courtney Lee,1610612763,MEM,G,29.0,77,77,1.0,4.03,8.82,0.457,0.434,0.023,2014-15
2403,Nene,1610612764,WAS,F-C,32.0,67,67,1.0,4.04,8.72,0.464,0.459,0.005,2014-15
203496,Robert Covington,1610612755,PHI,F,24.0,69,69,1.0,3.99,8.71,0.458,0.444,0.014,2014-15
202718,Chandler Parsons,1610612742,DAL,F,26.0,66,66,1.0,3.97,8.7,0.456,0.439,0.018,2014-15
2405,Amar'e Stoudemire,1610612742,DAL,C-F,32.0,58,58,1.0,4.07,8.69,0.468,0.478,-0.01,2014-15
202694,Marcus Morris Sr.,1610612756,PHX,F,25.0,81,81,1.0,3.83,8.68,0.441,0.44,0.001,2014-15
2549,Chris Kaman,1610612757,POR,C,33.0,74,74,1.0,4.22,8.68,0.486,0.471,0.015,2014-15
201945,Gerald Henderson,1610612766,CHA,G-F,27.0,80,80,1.0,3.66,8.68,0.422,0.432,-0.01,2014-15
2546,Carmelo Anthony,1610612752,NYK,F,31.0,39,39,1.0,3.97,8.67,0.459,0.443,0.015,2014-15
200811,Lou Amundson,1610612752,NYK,F,32.0,49,49,1.0,4.27,8.67,0.492,0.474,0.017,2014-15
203079,Dion Waiters,1610612760,OKC,G,23.0,79,79,1.0,3.8,8.67,0.438,0.436,0.002,2014-15
202325,Wesley Johnson,1610612747,LAL,F,27.0,76,76,1.0,4.07,8.63,0.471,0.445,0.026,2014-15
202347,Quincy Pondexter,1610612740,NOP,F-G,27.0,45,45,1.0,3.71,8.62,0.43,0.445,-0.015,2014-15
201581,JJ Hickson,1610612743,DEN,F-C,26.0,73,73,1.0,4.15,8.59,0.483,0.464,0.019,2014-15
101138,Brandon Bass,1610612738,BOS,F-C,30.0,81,81,1.0,4.01,8.59,0.467,0.454,0.013,2014-15
203120,Justin Hamilton,1610612750,MIN,C,25.0,39,39,1.0,4.18,8.54,0.489,0.475,0.015,2014-15
101107,Marvin Williams,1610612766,CHA,F,29.0,78,78,1.0,3.63,8.53,0.426,0.449,-0.023,2014-15
203527,Ryan Kelly,1610612747,LAL,F,24.0,52,52,1.0,3.46,8.52,0.406,0.446,-0.04,2014-15
203994,Jusuf Nurkić,1610612743,DEN,C,20.0,62,62,1.0,3.9,8.5,0.459,0.472,-0.013,2014-15
202713,Kyle Singler,1610612760,OKC,F,27.0,78,78,1.0,3.92,8.44,0.465,0.444,0.021,2014-15
201563,Michael Beasley,1610612748,MIA,F,26.0,24,24,1.0,3.58,8.38,0.428,0.454,-0.026,2014-15
202340,Avery Bradley,1610612738,BOS,G,24.0,77,77,1.0,3.75,8.36,0.449,0.431,0.018,2014-15
201160,Jason Smith,1610612752,NYK,F-C,29.0,81,81,1.0,3.81,8.35,0.457,0.459,-0.002,2014-15
201596,Mario Chalmers,1610612748,MIA,G,29.0,79,79,1.0,3.48,8.35,0.417,0.435,-0.019,2014-15
203935,Marcus Smart,1610612738,BOS,G,21.0,66,66,1.0,3.62,8.35,0.434,0.428,0.005,2014-15
202697,Iman Shumpert,1610612739,CLE,G,25.0,60,60,1.0,3.53,8.33,0.424,0.434,-0.01,2014-15
2743,Kris Humphries,1610612764,WAS,F,30.0,62,62,1.0,3.63,8.31,0.437,0.447,-0.01,2014-15
203101,Miles Plumlee,1610612749,MIL,C-F,26.0,71,71,1.0,4.11,8.28,0.497,0.467,0.029,2014-15
201148,Brandan Wright,1610612756,PHX,F,27.0,75,75,1.0,3.81,8.28,0.461,0.459,0.001,2014-15
204028,Tarik Black,1610612747,LAL,C-F,23.0,62,62,1.0,4.16,8.27,0.503,0.463,0.039,2014-15
201568,Danilo Gallinari,1610612743,DEN,F,26.0,59,59,1.0,3.95,8.25,0.478,0.442,0.036,2014-15
101181,Jose Calderon,1610612752,NYK,G,33.0,41,41,1.0,4.41,8.24,0.536,0.431,0.105,2014-15
202332,Cole Aldrich,1610612752,NYK,C,26.0,58,58,1.0,4.09,8.21,0.498,0.473,0.025,2014-15
203903,Jordan Clarkson,1610612747,LAL,G,23.0,59,59,1.0,3.9,8.2,0.475,0.43,0.045,2014-15
201952,Jeff Teague,1610612737,ATL,G,27.0,73,73,1.0,3.29,8.15,0.403,0.427,-0.023,2014-15
101141,Ersan Ilyasova,1610612749,MIL,F,28.0,57,57,1.0,3.86,8.14,0.474,0.457,0.017,2014-15
202703,Nikola Mirotic,1610612741,CHI,F,24.0,80,80,1.0,3.69,8.13,0.454,0.445,0.009,2014-15
201967,Dante Cunningham,1610612740,NOP,F,28.0,66,66,1.0,3.86,8.12,0.476,0.446,0.03,2014-15
2550,Kirk Hinrich,1610612741,CHI,G,34.0,66,66,1.0,3.5,8.12,0.431,0.428,0.003,2014-15
2399,Mike Dunleavy,1610612741,CHI,F,34.0,63,63,1.0,3.29,8.08,0.407,0.438,-0.031,2014-15
203499,Shane Larkin,1610612752,NYK,G,22.0,75,75,1.0,3.55,8.04,0.441,0.427,0.014,2014-15
200765,Rajon Rondo,1610612742,DAL,G,29.0,67,67,1.0,3.54,8.04,0.44,0.44,0.0,2014-15
2446,Rasual Butler,1610612764,WAS,F,36.0,69,69,1.0,3.51,8.03,0.437,0.429,0.008,2014-15
202330,Gordon Hayward,1610612762,UTA,F,25.0,76,76,1.0,3.64,8.01,0.455,0.445,0.01,2014-15
201569,Eric Gordon,1610612740,NOP,G,26.0,61,61,1.0,3.49,8.0,0.436,0.435,0.001,2014-15
203501,Tim Hardaway Jr.,1610612752,NYK,G,23.0,68,68,1.0,3.84,7.93,0.484,0.436,0.048,2014-15
201155,Rodney Stuckey,1610612754,IND,G,29.0,71,71,1.0,3.44,7.93,0.433,0.432,0.001,2014-15
2223,Samuel Dalembert,1610612752,NYK,C,35.0,32,32,1.0,3.44,7.91,0.435,0.479,-0.044,2014-15
2544,LeBron James,1610612739,CLE,F,30.0,68,68,1.0,3.5,7.9,0.443,0.445,-0.002,2014-15
201228,C.J. Watson,1610612754,IND,G,31.0,56,56,1.0,3.21,7.89,0.407,0.424,-0.016,2014-15
203086,Meyers Leonard,1610612757,POR,C,23.0,53,53,1.0,3.25,7.87,0.412,0.456,-0.043,2014-15
2747,JR Smith,1610612739,CLE,G-F,29.0,70,70,1.0,3.37,7.87,0.428,0.434,-0.006,2014-15
101135,David Lee,1610612744,GSW,F-C,32.0,49,49,1.0,3.69,7.86,0.47,0.458,0.012,2014-15
201150,Spencer Hawes,1610612746,LAC,F-C,27.0,73,73,1.0,3.47,7.81,0.444,0.456,-0.012,2014-15
201147,Corey Brewer,1610612745,HOU,G-F,29.0,79,79,1.0,3.37,7.81,0.431,0.434,-0.003,2014-15
2430,Carlos Boozer,1610612747,LAL,F,33.0,71,71,1.0,3.61,7.8,0.462,0.46,0.003,2014-15
2365,Chris Andersen,1610612748,MIA,F-C,36.0,57,57,1.0,4.02,7.77,0.517,0.471,0.046,2014-15
202388,Donald Sloan,1610612754,IND,G,27.0,47,47,1.0,3.36,7.77,0.433,0.428,0.005,2014-15
202711,Bojan Bogdanovic,1610612751,BKN,G-F,26.0,77,77,1.0,3.4,7.74,0.44,0.434,0.006,2014-15
203956,Mitch McGary,1610612760,OKC,F,23.0,31,31,1.0,3.77,7.68,0.492,0.463,0.029,2014-15
203897,Zach LaVine,1610612750,MIN,G,20.0,74,74,1.0,3.82,7.68,0.498,0.433,0.065,2014-15
203909,KJ McDaniels,1610612745,HOU,G-F,22.0,59,59,1.0,3.08,7.63,0.404,0.442,-0.037,2014-15
203485,Lorenzo Brown,1610612750,MIN,G,24.0,24,24,1.0,3.5,7.63,0.459,0.431,0.028,2014-15
201166,Aaron Brooks,1610612741,CHI,G,30.0,82,82,1.0,3.27,7.63,0.428,0.425,0.003,2014-15
101139,CJ Miles,1610612754,IND,G,28.0,69,69,1.0,3.01,7.62,0.395,0.434,-0.038,2014-15
2548,Dwyane Wade,1610612748,MIA,G,33.0,61,61,1.0,3.05,7.62,0.4,0.436,-0.036,2014-15
203138,Hollis Thompson,1610612755,PHI,G-F,24.0,71,71,1.0,2.99,7.61,0.393,0.433,-0.04,2014-15
201961,Wayne Ellington,1610612747,LAL,G,27.0,65,65,1.0,3.14,7.6,0.413,0.43,-0.017,2014-15
203521,Matthew Dellavedova,1610612739,CLE,G,24.0,65,65,1.0,3.25,7.57,0.429,0.427,0.002,2014-15
201949,James Johnson,1610612761,TOR,F,28.0,69,69,1.0,3.23,7.57,0.427,0.434,-0.007,2014-15
2738,Andre Iguodala,1610612744,GSW,G-F,31.0,77,77,1.0,3.18,7.57,0.42,0.436,-0.016,2014-15
201566,Russell Westbrook,1610612760,OKC,G,26.0,67,67,1.0,3.49,7.54,0.463,0.443,0.02,2014-15
201229,Anthony Tolliver,1610612765,DET,F,30.0,72,72,1.0,3.71,7.53,0.493,0.449,0.044,2014-15
203924,Jerami Grant,1610612755,PHI,F,21.0,64,64,1.0,3.27,7.53,0.434,0.435,-0.002,2014-15
203135,Robert Sacre,1610612747,LAL,C,26.0,64,64,1.0,3.67,7.52,0.489,0.467,0.021,2014-15
201578,Marreese Speights,1610612744,GSW,C-F,27.0,76,76,1.0,3.62,7.46,0.485,0.468,0.017,2014-15
2225,Tony Parker,1610612759,SAS,G,33.0,68,68,1.0,3.32,7.44,0.447,0.438,0.009,2014-15
203561,Brandon Davies,1610612755,PHI,F,23.0,25,25,1.0,4.08,7.44,0.548,0.459,0.089,2014-15
204025,Tim Frazier,1610612757,POR,G,24.0,10,10,1.0,3.3,7.4,0.446,0.439,0.007,2014-15
202687,Bismack Biyombo,1610612766,CHA,C-F,22.0,64,64,1.0,3.33,7.39,0.45,0.478,-0.028,2014-15
203498,Shabazz Muhammad,1610612750,MIN,F,22.0,36,36,1.0,3.28,7.39,0.444,0.43,0.013,2014-15
201162,Jared Dudley,1610612749,MIL,F-G,29.0,71,71,1.0,3.39,7.39,0.459,0.44,0.019,2014-15
201589,Darrell Arthur,1610612743,DEN,F,27.0,56,56,1.0,3.04,7.39,0.411,0.45,-0.039,2014-15
2749,Jameer Nelson,1610612743,DEN,G,33.0,63,63,1.0,3.33,7.38,0.452,0.43,0.022,2014-15
201582,Alexis Ajinca,1610612740,NOP,C,27.0,62,62,1.0,3.44,7.37,0.466,0.466,0.0,2014-15
2754,Tony Allen,1610612763,MEM,F-G,33.0,63,63,1.0,2.73,7.37,0.371,0.44,-0.069,2014-15
203133,Robbie Hummel,1610612750,MIN,F,26.0,42,42,1.0,3.29,7.33,0.448,0.45,-0.002,2014-15
2757,Beno Udrih,1610612763,MEM,G,32.0,79,79,1.0,3.34,7.32,0.457,0.43,0.027,2014-15
201943,Brandon Jennings,1610612765,DET,G,25.0,41,41,1.0,3.37,7.32,0.46,0.44,0.02,2014-15
101187,Alan Anderson,1610612751,BKN,G-F,32.0,73,73,1.0,3.21,7.27,0.441,0.435,0.005,2014-15
2419,Tayshaun Prince,1610612765,DET,F,35.0,58,58,1.0,3.29,7.26,0.454,0.44,0.013,2014-15
202329,Al-Farouq Aminu,1610612742,DAL,F,24.0,72,72,1.0,3.24,7.26,0.446,0.444,0.002,2014-15
203913,Jabari Brown,1610612747,LAL,G,22.0,19,19,1.0,3.0,7.26,0.413,0.429,-0.016,2014-15
203123,Kostas Papanikolaou,1610612745,HOU,F,24.0,41,41,1.0,3.2,7.24,0.441,0.44,0.001,2014-15
203492,Ray McCallum,1610612758,SAC,G,24.0,66,66,1.0,3.48,7.18,0.485,0.432,0.053,2014-15
203109,Jae Crowder,1610612738,BOS,F,24.0,80,80,1.0,3.16,7.18,0.441,0.44,0.0,2014-15
203156,Henry Sims,1610612755,PHI,C,25.0,72,72,1.0,3.46,7.15,0.483,0.464,0.019,2014-15
201564,O.J. Mayo,1610612749,MIL,G,27.0,70,70,1.0,2.54,7.13,0.357,0.43,-0.073,2014-15
202730,Lavoy Allen,1610612754,IND,F-C,26.0,61,61,1.0,3.23,7.1,0.455,0.459,-0.004,2014-15
202349,Greivis Vasquez,1610612761,TOR,G,28.0,82,82,1.0,3.21,7.06,0.454,0.431,0.023,2014-15
201571,D.J. Augustin,1610612760,OKC,G,27.0,82,82,1.0,3.1,7.06,0.439,0.424,0.015,2014-15
201627,Anthony Morrow,1610612760,OKC,G,29.0,74,74,1.0,3.2,7.05,0.454,0.433,0.021,2014-15
2202,Jason Richardson,1610612755,PHI,G,34.0,19,19,1.0,3.47,7.0,0.496,0.432,0.064,2014-15
202344,Trevor Booker,1610612762,UTA,F,27.0,78,78,1.0,2.73,7.0,0.39,0.446,-0.056,2014-15
203906,Devyn Marble,1610612753,ORL,F,22.0,9,9,1.0,3.56,7.0,0.508,0.446,0.062,2014-15
203957,Dante Exum,1610612762,UTA,G,19.0,82,82,1.0,3.24,6.98,0.465,0.436,0.029,2014-15
2570,Kendrick Perkins,1610612739,CLE,C,30.0,68,68,1.0,3.03,6.97,0.435,0.464,-0.03,2014-15
101150,Lou Williams,1610612761,TOR,G,28.0,80,80,1.0,3.06,6.95,0.441,0.422,0.018,2014-15
2555,Nick Collison,1610612760,OKC,F,34.0,66,66,1.0,3.21,6.92,0.464,0.449,0.015,2014-15
202709,Cory Joseph,1610612759,SAS,G,23.0,74,74,1.0,2.91,6.92,0.42,0.432,-0.012,2014-15
202682,Derrick Williams,1610612758,SAC,F,24.0,72,72,1.0,3.24,6.92,0.468,0.437,0.031,2014-15
203460,Andre Roberson,1610612760,OKC,G,23.0,67,67,1.0,2.76,6.9,0.4,0.444,-0.043,2014-15
201978,Chase Budinger,1610612750,MIN,F,27.0,63,63,1.0,3.21,6.87,0.467,0.435,0.031,2014-15
203503,Tony Snell,1610612741,CHI,F,23.0,66,66,1.0,2.77,6.8,0.408,0.435,-0.027,2014-15
2581,Steve Blake,1610612757,POR,G,35.0,80,80,1.0,2.99,6.76,0.442,0.426,0.016,2014-15
203382,Aron Baynes,1610612759,SAS,C-F,28.0,69,69,1.0,2.94,6.75,0.436,0.463,-0.027,2014-15
201573,Jerryd Bayless,1610612749,MIL,G,26.0,76,76,1.0,2.72,6.74,0.404,0.428,-0.024,2014-15
201975,Jodie Meeks,1610612765,DET,G,27.0,60,60,1.0,2.77,6.73,0.411,0.422,-0.012,2014-15
203100,Tony Wroten,1610612755,PHI,G,22.0,29,29,1.0,3.1,6.72,0.462,0.435,0.027,2014-15
203095,Evan Fournier,1610612753,ORL,G,22.0,58,58,1.0,3.09,6.71,0.46,0.435,0.025,2014-15
203918,Rodney Hood,1610612762,UTA,G-F,22.0,50,50,1.0,3.06,6.68,0.458,0.434,0.024,2014-15
204065,David Stockton,1610612758,SAC,G,24.0,3,3,1.0,1.67,6.67,0.25,0.371,-0.121,2014-15
202738,Isaiah Thomas,1610612738,BOS,G,26.0,67,67,1.0,2.7,6.67,0.405,0.423,-0.018,2014-15
202362,Lance Stephenson,1610612766,CHA,G,24.0,59,59,1.0,3.1,6.66,0.466,0.437,0.029,2014-15
203124,Kyle O'Quinn,1610612753,ORL,F-C,25.0,50,50,1.0,3.0,6.62,0.453,0.472,-0.019,2014-15
2400,Drew Gooden,1610612764,WAS,F,33.0,48,48,1.0,2.81,6.6,0.426,0.447,-0.021,2014-15
2449,Luis Scola,1610612754,IND,F,35.0,80,80,1.0,2.98,6.6,0.451,0.449,0.001,2014-15
202397,Ish Smith,1610612755,PHI,G,26.0,44,44,1.0,3.07,6.59,0.466,0.434,0.031,2014-15
201973,Jonas Jerebko,1610612738,BOS,F,28.0,74,74,1.0,2.7,6.58,0.411,0.447,-0.037,2014-15
2733,Shaun Livingston,1610612744,GSW,G,29.0,77,77,1.0,2.51,6.56,0.382,0.425,-0.042,2014-15
201956,Omri Casspi,1610612758,SAC,F,27.0,66,66,1.0,3.14,6.52,0.481,0.438,0.043,2014-15
203505,Vander Blue,1610612747,LAL,G,22.0,2,2,1.0,2.0,6.5,0.308,0.405,-0.097,2014-15
203145,Kent Bazemore,1610612737,ATL,G,25.0,72,72,1.0,2.76,6.49,0.426,0.43,-0.003,2014-15
200777,Joel Freeland,1610612757,POR,C-F,28.0,42,42,1.0,2.74,6.48,0.423,0.462,-0.039,2014-15
2734,Devin Harris,1610612742,DAL,G,32.0,76,76,1.0,2.54,6.47,0.392,0.429,-0.036,2014-15
2501,Reggie Evans,1610612758,SAC,C-F,35.0,45,45,1.0,3.56,6.47,0.55,0.471,0.079,2014-15
1891,Jason Terry,1610612745,HOU,G,37.0,76,76,1.0,2.61,6.46,0.403,0.432,-0.028,2014-15
203894,Shabazz Napier,1610612748,MIA,G,23.0,48,48,1.0,3.25,6.44,0.505,0.433,0.072,2014-15
200761,Shawne Williams,1610612765,DET,F,29.0,60,60,1.0,3.27,6.43,0.508,0.455,0.053,2014-15
202338,Kevin Seraphin,1610612764,WAS,C,25.0,77,77,1.0,2.84,6.42,0.443,0.462,-0.019,2014-15
201585,Kosta Koufos,1610612763,MEM,C,26.0,81,81,1.0,2.86,6.4,0.448,0.47,-0.022,2014-15
101123,Gerald Green,1610612756,PHX,G-F,29.0,71,71,1.0,2.92,6.37,0.458,0.431,0.027,2014-15
203103,Perry Jones III,1610612760,OKC,F,23.0,37,37,1.0,2.95,6.32,0.466,0.444,0.022,2014-15
203917,Nik Stauskas,1610612758,SAC,G,21.0,70,70,1.0,2.76,6.31,0.437,0.423,0.014,2014-15
203461,Anthony Bennett,1610612750,MIN,F,22.0,52,52,1.0,3.33,6.31,0.527,0.458,0.07,2014-15
2617,Udonis Haslem,1610612748,MIA,F,35.0,60,60,1.0,3.32,6.3,0.526,0.461,0.066,2014-15
201595,Joey Dorsey,1610612745,HOU,C-F,31.0,62,62,1.0,2.87,6.27,0.458,0.465,-0.007,2014-15
2210,Richard Jefferson,1610612742,DAL,F,35.0,69,69,1.0,2.8,6.23,0.449,0.442,0.007,2014-15
2406,Caron Butler,1610612765,DET,F,35.0,78,78,1.0,2.86,6.23,0.459,0.442,0.017,2014-15
203960,JaKarr Sampson,1610612755,PHI,G-F,22.0,72,72,1.0,2.71,6.21,0.436,0.433,0.003,2014-15
203932,Aaron Gordon,1610612753,ORL,F,19.0,46,46,1.0,2.52,6.2,0.407,0.448,-0.041,2014-15
101179,Ronnie Price,1610612747,LAL,G,32.0,43,43,1.0,2.95,6.19,0.477,0.441,0.037,2014-15
202347,Quincy Pondexter,1610612740,NOP,G-F,27.0,29,29,1.0,2.86,6.17,0.464,0.415,0.048,2014-15
202390,Gary Neal,1610612750,MIN,G,30.0,54,54,1.0,2.81,6.15,0.458,0.429,0.029,2014-15
203148,Brian Roberts,1610612766,CHA,G,29.0,71,71,1.0,2.52,6.15,0.41,0.426,-0.017,2014-15
203112,Quincy Acy,1610612752,NYK,F,24.0,65,65,1.0,2.54,6.15,0.413,0.452,-0.04,2014-15
203142,Chris Copeland,1610612754,IND,F,31.0,42,42,1.0,2.69,6.12,0.44,0.445,-0.006,2014-15
200751,Randy Foye,1610612743,DEN,G,31.0,50,50,1.0,3.0,6.12,0.49,0.438,0.052,2014-15
203085,Austin Rivers,1610612746,LAC,G,22.0,76,76,1.0,2.89,6.11,0.474,0.431,0.043,2014-15
101122,Danny Granger,1610612756,PHX,F-G,32.0,29,29,1.0,2.83,6.1,0.463,0.438,0.025,2014-15
201171,Carl Landry,1610612758,SAC,F,31.0,68,68,1.0,2.65,6.1,0.434,0.458,-0.024,2014-15
203473,Dewayne Dedmon,1610612753,ORL,C,25.0,54,54,1.0,2.5,6.06,0.413,0.468,-0.055,2014-15
708,Kevin Garnett,1610612750,MIN,F-C,39.0,47,47,1.0,2.85,6.06,0.47,0.465,0.006,2014-15
202708,Norris Cole,1610612740,NOP,G,26.0,74,74,1.0,2.51,6.05,0.415,0.433,-0.018,2014-15
203900,Markel Brown,1610612751,BKN,G,23.0,41,41,1.0,2.95,6.02,0.49,0.425,0.065,2014-15
202407,Elijah Millsap,1610612762,UTA,G,27.0,46,46,1.0,2.33,6.02,0.386,0.433,-0.047,2014-15
101142,Ronny Turiaf,1610612750,MIN,C,32.0,1,1,1.0,6.0,6.0,1.0,0.447,0.553,2014-15
1890,Shawn Marion,1610612739,CLE,G-F,37.0,56,56,1.0,2.34,6.0,0.39,0.437,-0.048,2014-15
202066,Garrett Temple,1610612764,WAS,G,29.0,40,40,1.0,2.75,5.98,0.46,0.419,0.041,2014-15
203187,Chris Johnson,1610612762,UTA,F,25.0,28,28,1.0,2.29,5.96,0.383,0.433,-0.05,2014-15
203580,Larry Drew II,1610612755,PHI,G,25.0,12,12,1.0,2.92,5.92,0.493,0.437,0.056,2014-15
200757,Thabo Sefolosha,1610612737,ATL,F-G,31.0,51,51,1.0,2.27,5.92,0.384,0.432,-0.047,2014-15
2037,Jamal Crawford,1610612746,LAC,G,35.0,64,64,1.0,2.58,5.91,0.437,0.427,0.009,2014-15
2584,Willie Green,1610612753,ORL,G,33.0,50,50,1.0,2.32,5.86,0.396,0.427,-0.031,2014-15
203477,Isaiah Canaan,1610612755,PHI,G,24.0,42,42,1.0,2.5,5.81,0.43,0.431,-0.001,2014-15
203468,CJ McCollum,1610612757,POR,G,23.0,60,60,1.0,2.23,5.8,0.385,0.426,-0.04,2014-15
204060,Joe Ingles,1610612762,UTA,G-F,27.0,76,76,1.0,2.45,5.79,0.423,0.434,-0.011,2014-15
200797,Ryan Hollins,1610612758,SAC,C,30.0,38,38,1.0,2.89,5.76,0.502,0.474,0.028,2014-15
201156,Nick Young,1610612747,LAL,F-G,30.0,42,42,1.0,2.19,5.76,0.38,0.435,-0.055,2014-15
202620,Arinze Onuaku,1610612750,MIN,F-C,27.0,4,4,1.0,2.5,5.75,0.435,0.487,-0.052,2014-15
2588,Matt Bonner,1610612759,SAS,C-F,35.0,65,65,1.0,2.26,5.72,0.395,0.445,-0.049,2014-15
203544,Pero Antic,1610612737,ATL,F-C,32.0,62,62,1.0,2.44,5.68,0.429,0.462,-0.033,2014-15
203495,Ricky Ledo,1610612752,NYK,G,22.0,13,13,1.0,2.62,5.62,0.466,0.416,0.049,2014-15
203105,Festus Ezeli,1610612744,GSW,C,25.0,45,45,1.0,2.6,5.6,0.464,0.468,-0.004,2014-15
203490,Otto Porter Jr.,1610612764,WAS,F,22.0,73,73,1.0,2.18,5.6,0.389,0.427,-0.038,2014-15
203144,Alexey Shved,1610612752,NYK,G,26.0,40,40,1.0,2.78,5.58,0.498,0.433,0.065,2014-15
201158,Marco Belinelli,1610612759,SAS,F-G,29.0,61,61,1.0,2.66,5.57,0.476,0.439,0.038,2014-15
201196,Ramon Sessions,1610612764,WAS,G,29.0,63,63,1.0,2.38,5.56,0.429,0.426,0.002,2014-15
203106,Jeffery Taylor,1610612766,CHA,F,26.0,26,26,1.0,2.65,5.54,0.479,0.434,0.045,2014-15
203488,Mike Muscala,1610612737,ATL,F-C,23.0,37,37,1.0,2.57,5.54,0.463,0.44,0.023,2014-15
203080,Thomas Robinson,1610612755,PHI,F,24.0,51,51,1.0,2.47,5.53,0.447,0.448,-0.001,2014-15
203921,Cleanthony Early,1610612752,NYK,F,24.0,34,34,1.0,2.68,5.53,0.484,0.441,0.043,2014-15
202399,Jeff Adrien,1610612745,HOU,F,29.0,16,16,1.0,2.75,5.5,0.5,0.464,0.036,2014-15
203087,Jeremy Lamb,1610612760,OKC,G,23.0,40,40,1.0,2.13,5.5,0.386,0.43,-0.044,2014-15
201177,Josh McRoberts,1610612748,MIA,F,28.0,16,16,1.0,2.44,5.5,0.443,0.458,-0.015,2014-15
203949,James Michael McAdoo,1610612744,GSW,F,22.0,12,12,1.0,2.58,5.5,0.47,0.444,0.025,2014-15
203471,Dennis Schröder,1610612737,ATL,G,21.0,75,75,1.0,2.43,5.49,0.442,0.426,0.015,2014-15
1882,Elton Brand,1610612737,ATL,F-C,36.0,34,34,1.0,2.5,5.47,0.457,0.453,0.004,2014-15
1889,Andre Miller,1610612758,SAC,G,39.0,77,77,1.0,2.17,5.45,0.398,0.423,-0.026,2014-15
203143,Pablo Prigioni,1610612745,HOU,G,38.0,65,65,1.0,2.6,5.43,0.479,0.43,0.049,2014-15
2742,Sebastian Telfair,1610612760,OKC,G,30.0,16,16,1.0,2.31,5.38,0.43,0.42,0.01,2014-15
202498,Lance Thomas,1610612752,NYK,F,27.0,58,58,1.0,2.28,5.33,0.427,0.44,-0.013,2014-15
203516,James Ennis III,1610612748,MIA,F,24.0,58,58,1.0,2.57,5.33,0.482,0.432,0.05,2014-15
203118,Mike Scott,1610612737,ATL,F,26.0,67,67,1.0,2.33,5.33,0.437,0.44,-0.003,2014-15
203991,Clint Capela,1610612745,HOU,C,21.0,10,10,1.0,2.1,5.3,0.396,0.44,-0.044,2014-15
101131,Jason Maxiell,1610612766,CHA,F,32.0,60,60,1.0,2.25,5.3,0.425,0.462,-0.037,2014-15
202962,Greg Smith,1610612742,DAL,C,24.0,33,33,1.0,2.61,5.27,0.494,0.461,0.033,2014-15
201580,JaVale McGee,1610612743,DEN,C,27.0,23,23,1.0,2.91,5.26,0.554,0.466,0.088,2014-15
200770,Jordan Farmar,1610612746,LAC,G,28.0,36,36,1.0,2.17,5.25,0.413,0.424,-0.011,2014-15
200769,Shannon Brown,1610612748,MIA,G,29.0,4,4,1.0,2.5,5.25,0.476,0.444,0.032,2014-15
203128,Furkan Aldemir,1610612755,PHI,F-C,23.0,40,40,1.0,2.6,5.25,0.495,0.45,0.045,2014-15
203113,Quincy Miller,1610612765,DET,F,22.0,8,8,1.0,1.88,5.25,0.357,0.453,-0.096,2014-15
202337,Luke Babbitt,1610612740,NOP,F,26.0,62,62,1.0,2.55,5.23,0.488,0.439,0.049,2014-15
203508,Sergey Karasev,1610612751,BKN,G-F,21.0,32,32,1.0,2.28,5.19,0.44,0.424,0.016,2014-15
203928,Cory Jefferson,1610612751,BKN,F,24.0,42,42,1.0,2.26,5.19,0.436,0.443,-0.007,2014-15
203530,Joffrey Lauvergne,1610612743,DEN,F-C,23.0,21,21,1.0,2.48,5.19,0.477,0.457,0.02,2014-15
202720,Jon Leuer,1610612763,MEM,F,26.0,60,60,1.0,2.2,5.18,0.424,0.446,-0.021,2014-15
201202,Joel Anthony,1610612765,DET,C,32.0,42,42,1.0,2.19,5.17,0.424,0.45,-0.026,2014-15
203798,PJ Hairston,1610612766,CHA,G-F,22.0,44,44,1.0,2.39,5.16,0.463,0.433,0.03,2014-15
200826,J.J. Barea,1610612742,DAL,G,31.0,73,73,1.0,2.19,5.14,0.427,0.427,0.0,2014-15
201946,Tyler Hansbrough,1610612761,TOR,F-C,29.0,71,71,1.0,2.54,5.06,0.501,0.459,0.042,2014-15
202331,Paul George,1610612754,IND,F-G,25.0,6,6,1.0,1.83,5.0,0.367,0.425,-0.059,2014-15
2034,Mike Miller,1610612739,CLE,G-F,35.0,44,44,1.0,2.05,5.0,0.409,0.432,-0.023,2014-15
203479,Jamaal Franklin,1610612743,DEN,G,23.0,1,1,1.0,3.0,5.0,0.6,0.393,0.207,2014-15
2748,Dorell Wright,1610612757,POR,F,29.0,44,44,1.0,2.32,4.98,0.466,0.437,0.029,2014-15
203914,Gary Harris,1610612743,DEN,G,20.0,50,50,1.0,2.26,4.96,0.456,0.434,0.022,2014-15
1713,Vince Carter,1610612763,MEM,G-F,38.0,63,63,1.0,2.11,4.94,0.428,0.435,-0.008,2014-15
203462,Archie Goodwin,1610612756,PHX,G,20.0,36,36,1.0,2.33,4.94,0.472,0.435,0.037,2014-15
101128,Francisco Garcia,1610612745,HOU,G-F,33.0,13,13,1.0,1.92,4.92,0.391,0.444,-0.053,2014-15
201962,Toney Douglas,1610612740,NOP,G,29.0,11,11,1.0,2.09,4.91,0.426,0.42,0.006,2014-15
202714,Shelvin Mack,1610612737,ATL,G,25.0,54,54,1.0,2.19,4.89,0.447,0.415,0.032,2014-15
203088,Kendall Marshall,1610612749,MIL,G,23.0,26,26,1.0,1.92,4.88,0.394,0.416,-0.022,2014-15
202952,Malcolm Thomas,1610612755,PHI,F,26.0,16,16,1.0,2.75,4.88,0.564,0.447,0.117,2014-15
201175,Glen Davis,1610612746,LAC,F-C,29.0,68,68,1.0,2.26,4.88,0.464,0.456,0.008,2014-15
201979,Nick Calathes,1610612763,MEM,G,26.0,54,54,1.0,1.81,4.85,0.374,0.428,-0.054,2014-15
203115,Will Barton,1610612743,DEN,G,24.0,54,54,1.0,1.83,4.85,0.378,0.434,-0.056,2014-15
203515,Phil Pressey,1610612738,BOS,G,24.0,43,43,1.0,2.21,4.84,0.457,0.421,0.035,2014-15
202779,Dwight Buycks,1610612747,LAL,G,26.0,6,6,1.0,2.33,4.83,0.483,0.43,0.053,2014-15
101111,Charlie Villanueva,1610612742,DAL,F,30.0,58,58,1.0,2.31,4.81,0.48,0.447,0.033,2014-15
101198,Will Bynum,1610612764,WAS,G,32.0,5,5,1.0,3.0,4.8,0.625,0.412,0.213,2014-15
203090,Maurice Harkless,1610612753,ORL,F,22.0,44,44,1.0,2.14,4.8,0.445,0.441,0.004,2014-15
204037,Travis Wear,1610612752,NYK,F,24.0,48,48,1.0,2.04,4.79,0.426,0.433,-0.007,2014-15
204014,Damjan Rudez,1610612754,IND,F,29.0,64,64,1.0,2.17,4.77,0.456,0.428,0.027,2014-15
203094,Andrew Nicholson,1610612753,ORL,F,25.0,38,38,1.0,2.18,4.76,0.459,0.451,0.008,2014-15
2030,Kenyon Martin,1610612749,MIL,F,37.0,7,7,1.0,1.57,4.71,0.333,0.45,-0.116,2014-15
2557,Luke Ridnour,1610612753,ORL,G,34.0,43,43,1.0,1.95,4.67,0.418,0.418,-0.001,2014-15
201988,Patty Mills,1610612759,SAS,G,26.0,51,51,1.0,1.98,4.65,0.426,0.421,0.005,2014-15
203933,T.J. Warren,1610612756,PHX,F,21.0,36,36,1.0,1.97,4.64,0.425,0.44,-0.015,2014-15
1938,Manu Ginobili,1610612759,SAS,G,37.0,70,70,1.0,1.96,4.6,0.425,0.445,-0.019,2014-15
201948,Austin Daye,1610612737,ATL,F,27.0,28,28,1.0,2.11,4.57,0.461,0.427,0.034,2014-15
203943,Noah Vonleh,1610612766,CHA,F,19.0,22,22,1.0,2.0,4.55,0.44,0.437,0.003,2014-15
201991,Lester Hudson,1610612746,LAC,G,30.0,4,4,1.0,1.75,4.5,0.389,0.404,-0.015,2014-15
203108,Bernard James,1610612742,DAL,C,30.0,15,15,1.0,1.47,4.47,0.328,0.46,-0.131,2014-15
203459,Allen Crabbe,1610612757,POR,F,23.0,47,47,1.0,1.81,4.47,0.405,0.425,-0.02,2014-15
203925,Joe Harris,1610612739,CLE,G,23.0,39,39,1.0,2.26,4.36,0.518,0.427,0.091,2014-15
2045,Hedo Turkoglu,1610612746,LAC,F,36.0,53,53,1.0,1.89,4.36,0.433,0.441,-0.008,2014-15
203268,Jorge Gutierrez,1610612749,MIL,G,26.0,14,14,1.0,1.64,4.29,0.383,0.411,-0.027,2014-15
203200,Justin Holiday,1610612744,GSW,G,26.0,52,52,1.0,1.75,4.25,0.412,0.423,-0.011,2014-15
201985,AJ Price,1610612739,CLE,G,28.0,22,22,1.0,1.95,4.23,0.462,0.419,0.043,2014-15
201947,Earl Clark,1610612751,BKN,F,27.0,10,10,1.0,1.6,4.2,0.381,0.437,-0.056,2014-15
203489,Nate Wolters,1610612749,MIL,G,24.0,17,17,1.0,1.59,4.18,0.38,0.416,-0.036,2014-15
2222,Gerald Wallace,1610612738,BOS,F,32.0,25,25,1.0,2.12,4.16,0.51,0.444,0.066,2014-15
2592,James Jones,1610612739,CLE,F,34.0,49,49,1.0,2.27,4.16,0.544,0.436,0.108,2014-15
202361,Landry Fields,1610612761,TOR,G-F,27.0,20,20,1.0,1.9,4.1,0.463,0.438,0.025,2014-15
101126,Nate Robinson,1610612743,DEN,G,31.0,41,41,1.0,1.44,4.1,0.351,0.424,-0.072,2014-15
202366,Jerome Jordan,1610612751,BKN,C,28.0,38,38,1.0,1.84,4.05,0.455,0.46,-0.006,2014-15
203898,Tyler Ennis,1610612749,MIL,G,20.0,31,31,1.0,1.52,4.03,0.376,0.426,-0.05,2014-15
203584,Troy Daniels,1610612766,CHA,G,23.0,34,34,1.0,1.68,4.0,0.419,0.419,0.0,2014-15
202343,Elliot Williams,1610612755,PHI,G,26.0,8,8,1.0,2.25,4.0,0.563,0.42,0.143,2014-15
201965,Jeff Ayres,1610612759,SAS,F-C,28.0,41,41,1.0,2.24,3.98,0.564,0.45,0.114,2014-15
203481,Jeff Withey,1610612740,NOP,C,25.0,30,30,1.0,1.73,3.97,0.437,0.47,-0.033,2014-15
202734,E'Twaun Moore,1610612741,CHI,G,26.0,40,40,1.0,1.7,3.93,0.433,0.431,0.003,2014-15
201977,Marcus Thornton,1610612756,PHX,G,28.0,44,44,1.0,1.61,3.93,0.41,0.431,-0.02,2014-15
203922,Glenn Robinson III,1610612755,PHI,G-F,21.0,26,26,1.0,1.96,3.92,0.5,0.406,0.094,2014-15
101249,John Lucas III,1610612765,DET,G,32.0,16,16,1.0,1.75,3.88,0.452,0.42,0.032,2014-15
203910,Nick Johnson,1610612745,HOU,G,22.0,23,23,1.0,1.52,3.87,0.393,0.432,-0.038,2014-15
203939,Dwight Powell,1610612742,DAL,F,23.0,22,22,1.0,1.77,3.86,0.459,0.446,0.013,2014-15
203919,Jordan Adams,1610612763,MEM,G,20.0,26,26,1.0,1.88,3.85,0.49,0.429,0.061,2014-15
203950,Jarnell Stokes,1610612763,MEM,F-C,21.0,12,12,1.0,1.83,3.83,0.478,0.457,0.021,2014-15
203955,Bryce Cotton,1610612762,UTA,G,22.0,12,12,1.0,2.0,3.83,0.522,0.423,0.099,2014-15
203948,Johnny O'Bryant III,1610612749,MIL,F,22.0,31,31,1.0,1.87,3.81,0.492,0.449,0.043,2014-15
202690,Jimmer Fredette,1610612740,NOP,G,26.0,43,43,1.0,1.72,3.81,0.451,0.424,0.027,2014-15
203098,John Jenkins,1610612737,ATL,G,24.0,20,20,1.0,1.7,3.8,0.447,0.411,0.036,2014-15
203915,Spencer Dinwiddie,1610612765,DET,G,22.0,30,30,1.0,1.67,3.77,0.442,0.42,0.022,2014-15
2217,Brendan Haywood,1610612739,CLE,C,35.0,17,17,1.0,1.47,3.76,0.391,0.466,-0.075,2014-15
203930,Sean Kilpatrick,1610612750,MIN,G,25.0,4,4,1.0,2.0,3.75,0.533,0.424,0.109,2014-15
2571,Leandro Barbosa,1610612744,GSW,G,32.0,65,65,1.0,1.71,3.71,0.461,0.424,0.036,2014-15
203937,Kyle Anderson,1610612759,SAS,F,21.0,28,28,1.0,1.79,3.71,0.481,0.428,0.053,2014-15
2853,Earl Barron,1610612756,PHX,F-C,33.0,13,13,1.0,2.0,3.69,0.542,0.463,0.079,2014-15
202087,Alonzo Gee,1610612757,POR,F,28.0,49,49,1.0,1.33,3.63,0.365,0.44,-0.075,2014-15
101109,Raymond Felton,1610612742,DAL,G,31.0,24,24,1.0,1.42,3.63,0.391,0.428,-0.037,2014-15
203493,Reggie Bullock Jr.,1610612756,PHX,G,24.0,30,30,1.0,1.3,3.63,0.358,0.429,-0.071,2014-15
2457,Jannero Pargo,1610612766,CHA,G,35.0,7,7,1.0,1.14,3.57,0.32,0.43,-0.11,2014-15
101236,Chuck Hayes,1610612761,TOR,C-F,32.0,26,26,1.0,1.73,3.54,0.489,0.461,0.028,2014-15
101110,Martell Webster,1610612764,WAS,F-G,28.0,28,28,1.0,1.71,3.54,0.485,0.421,0.064,2014-15
203475,Erick Green,1610612743,DEN,G,24.0,32,32,1.0,1.75,3.5,0.5,0.435,0.065,2014-15
1737,Nazr Mohammed,1610612741,CHI,C,37.0,18,18,1.0,1.44,3.5,0.413,0.471,-0.058,2014-15
202379,Jeremy Evans,1610612762,UTA,F,27.0,33,33,1.0,1.61,3.48,0.461,0.453,0.008,2014-15
203963,Shayne Whittington,1610612754,IND,F-C,24.0,14,14,1.0,2.07,3.43,0.604,0.433,0.171,2014-15
200779,Steve Novak,1610612760,OKC,F,32.0,24,24,1.0,1.88,3.38,0.556,0.435,0.121,2014-15
2732,Ben Gordon,1610612753,ORL,G,32.0,50,50,1.0,1.48,3.36,0.44,0.42,0.021,2014-15
204079,Drew Gordon,1610612755,PHI,C-F,24.0,7,7,1.0,1.71,3.29,0.522,0.448,0.074,2014-15
203539,Gal Mekel,1610612742,DAL,G,27.0,4,4,1.0,0.75,3.25,0.231,0.433,-0.202,2014-15
203805,Will Cherry,1610612761,TOR,G,24.0,8,8,1.0,1.5,3.25,0.462,0.438,0.024,2014-15
201858,Cartier Martin,1610612765,DET,F,30.0,19,19,1.0,1.74,3.21,0.541,0.434,0.107,2014-15
203926,Doug McDermott,1610612741,CHI,F,23.0,27,27,1.0,1.63,3.19,0.512,0.432,0.08,2014-15
202706,Jordan Hamilton,1610612746,LAC,G-F,24.0,12,12,1.0,1.42,3.17,0.447,0.422,0.025,2014-15
203210,JaMychal Green,1610612763,MEM,F,25.0,18,18,1.0,1.17,3.11,0.375,0.476,-0.101,2014-15
202721,Darius Morris,1610612751,BKN,G,24.0,27,27,1.0,1.41,3.11,0.452,0.428,0.025,2014-15
2422,John Salmons,1610612740,NOP,F,35.0,20,20,1.0,1.75,3.1,0.565,0.442,0.123,2014-15
201575,Brandon Rush,1610612744,GSW,G-F,29.0,31,31,1.0,1.61,3.06,0.526,0.419,0.107,2014-15
203923,James Young,1610612738,BOS,G-F,19.0,29,29,1.0,1.45,3.03,0.477,0.429,0.049,2014-15
203564,Kalin Lucas,1610612763,MEM,G,26.0,1,1,1.0,2.0,3.0,0.667,0.411,0.256,2014-15
203565,Patrick Christopher,1610612763,MEM,G,27.0,3,3,1.0,2.33,3.0,0.778,0.426,0.352,2014-15
203136,Ognjen Kuzmic,1610612744,GSW,C,25.0,12,12,1.0,1.67,2.92,0.571,0.46,0.111,2014-15
203540,Gigi Datome,1610612738,BOS,F,27.0,18,18,1.0,1.06,2.89,0.365,0.435,-0.07,2014-15
201964,Victor Claver,1610612757,POR,F,26.0,7,7,1.0,1.43,2.86,0.5,0.44,0.06,2014-15
201971,DeJuan Blair,1610612764,WAS,C-F,26.0,18,18,1.0,1.33,2.83,0.471,0.449,0.021,2014-15
101183,Shavlik Randolph,1610612756,PHX,F,31.0,18,18,1.0,1.39,2.83,0.49,0.452,0.038,2014-15
202333,Xavier Henry,1610612747,LAL,F-G,24.0,9,9,1.0,1.22,2.78,0.44,0.402,0.038,2014-15
203121,Darius Miller,1610612740,NOP,F,25.0,4,4,1.0,1.0,2.75,0.364,0.454,-0.09,2014-15
203546,Ian Clark,1610612743,DEN,G,24.0,20,20,1.0,1.0,2.55,0.392,0.429,-0.036,2014-15
203511,Grant Jerrett,1610612762,UTA,F,21.0,6,6,1.0,1.17,2.5,0.467,0.431,0.035,2014-15
204022,Jack Cooley,1610612762,UTA,F,24.0,15,15,1.0,1.07,2.47,0.432,0.431,0.001,2014-15
202130,Reggie Williams,1610612759,SAS,F,28.0,15,15,1.0,1.27,2.47,0.514,0.432,0.082,2014-15
203545,Miroslav Raduljica,1610612750,MIN,C,27.0,5,5,1.0,1.6,2.4,0.667,0.468,0.199,2014-15
201604,Chris Douglas-Roberts,1610612746,LAC,G,28.0,8,8,1.0,1.5,2.25,0.667,0.433,0.234,2014-15
203318,Glen Rice,1610612764,WAS,G-F,24.0,5,5,1.0,1.4,2.2,0.636,0.411,0.226,2014-15
1905,Andrei Kirilenko,1610612751,BKN,F,34.0,6,6,1.0,0.83,2.17,0.385,0.432,-0.048,2014-15
2563,Dahntay Jones,1610612746,LAC,G-F,34.0,17,17,1.0,0.94,2.12,0.444,0.418,0.026,2014-15
203958,Andre Dawkins,1610612748,MIA,G,23.0,4,4,1.0,0.5,2.0,0.25,0.43,-0.18,2014-15
203552,Seth Curry,1610612756,PHX,G,24.0,1,1,1.0,1.0,2.0,0.5,0.459,0.042,2014-15
200748,Tyrus Thomas,1610612763,MEM,F,28.0,1,1,1.0,0.0,2.0,0.0,0.368,-0.368,2014-15
204021,Sim Bhullar,1610612758,SAC,C,22.0,1,1,1.0,1.0,2.0,0.5,0.533,-0.033,2014-15
204033,David Wear,1610612758,SAC,F,24.0,2,2,1.0,1.0,2.0,0.5,0.428,0.073,2014-15
203893,Russ Smith,1610612763,MEM,G,24.0,8,8,1.0,0.63,2.0,0.313,0.418,-0.106,2014-15
203099,Jared Cunningham,1610612746,LAC,G,24.0,13,13,1.0,0.69,1.92,0.36,0.378,-0.018,2014-15
203946,Cameron Bairstow,1610612741,CHI,F-C,24.0,11,11,1.0,0.82,1.91,0.429,0.482,-0.053,2014-15
201880,Greg Stiemsma,1610612761,TOR,C,29.0,11,11,1.0,0.73,1.91,0.381,0.458,-0.077,2014-15
204054,Zoran Dragic,1610612748,MIA,G-F,26.0,9,9,1.0,0.56,1.89,0.294,0.409,-0.115,2014-15
203512,Lucas Nogueira,1610612761,TOR,C,22.0,5,5,1.0,1.6,1.8,0.889,0.456,0.432,2014-15
203912,C.J. Wilcox,1610612746,LAC,G,24.0,17,17,1.0,1.0,1.76,0.567,0.4,0.166,2014-15
203998,Bruno Caboclo,1610612761,TOR,F,19.0,4,4,1.0,1.25,1.75,0.714,0.432,0.282,2014-15
203315,Toure' Murry,1610612762,UTA,F,25.0,4,4,1.0,0.75,1.75,0.429,0.423,0.006,2014-15
202327,Ekpe Udoh,1610612746,LAC,F,28.0,20,20,1.0,0.7,1.7,0.412,0.436,-0.024,2014-15
203945,Alex Kirk,1610612739,CLE,C,23.0,3,3,1.0,1.0,1.33,0.75,0.498,0.252,2014-15
203944,Julius Randle,1610612747,LAL,F,20.0,1,1,1.0,1.0,1.0,1.0,0.342,0.658,2014-15
203961,Eric Moreland,1610612758,SAC,F,23.0,1,1,1.0,1.0,1.0,1.0,0.444,0.556,2014-15
202077,Jerel McNeal,1610612756,PHX,G,28.0,3,3,1.0,0.33,1.0,0.333,0.434,-0.101,2014-15
2563,Dahntay Jones,1610612739,CLE,G-F,35.0,1,1,1.0,8.0,18.0,0.444,0.397,0.047,2015-16
202326,DeMarcus Cousins,1610612758,SAC,C-F,25.0,64,64,1.0,7.69,16.84,0.456,0.464,-0.008,2015-16
203110,Draymond Green,1610612744,GSW,F,26.0,81,81,1.0,6.52,16.43,0.397,0.455,-0.058,2015-16
201586,Serge Ibaka,1610612760,OKC,F,26.0,78,78,1.0,6.95,15.42,0.451,0.46,-0.009,2015-16
201572,Brook Lopez,1610612751,BKN,C,28.0,73,73,1.0,6.9,15.12,0.457,0.479,-0.023,2015-16
101162,Marcin Gortat,1610612764,WAS,C,32.0,75,75,1.0,7.01,15.09,0.465,0.474,-0.009,2015-16
203076,Anthony Davis,1610612740,NOP,F-C,23.0,61,61,1.0,6.41,14.82,0.433,0.466,-0.034,2015-16
201599,DeAndre Jordan,1610612746,LAC,C,27.0,77,77,1.0,6.31,14.81,0.426,0.47,-0.044,2015-16
202355,Hassan Whiteside,1610612748,MIA,C,27.0,73,73,1.0,6.68,14.47,0.462,0.478,-0.016,2015-16
2200,Pau Gasol,1610612741,CHI,C-F,35.0,72,72,1.0,6.33,14.24,0.445,0.484,-0.039,2015-16
1626143,Jahlil Okafor,1610612755,PHI,C,20.0,53,53,1.0,6.72,13.87,0.484,0.479,0.006,2015-16
201143,Al Horford,1610612737,ATL,C-F,30.0,82,82,1.0,6.21,13.84,0.448,0.469,-0.021,2015-16
202324,Derrick Favors,1610612762,UTA,F-C,24.0,62,62,1.0,6.21,13.79,0.45,0.472,-0.022,2015-16
203083,Andre Drummond,1610612765,DET,C,22.0,81,81,1.0,6.89,13.72,0.502,0.486,0.016,2015-16
200794,Paul Millsap,1610612737,ATL,F,31.0,81,81,1.0,6.26,13.6,0.46,0.463,-0.003,2015-16
204001,Kristaps Porziņģis,1610612752,NYK,F-C,20.0,72,72,1.0,5.68,13.57,0.419,0.465,-0.046,2015-16
1626157,Karl-Anthony Towns,1610612750,MIN,C-F,20.0,82,82,1.0,6.38,13.4,0.476,0.474,0.002,2015-16
1717,Dirk Nowitzki,1610612742,DAL,F,38.0,75,75,1.0,6.2,13.39,0.463,0.46,0.003,2015-16
201567,Kevin Love,1610612739,CLE,F,27.0,77,77,1.0,6.68,13.35,0.5,0.465,0.035,2015-16
201935,James Harden,1610612745,HOU,G,26.0,82,82,1.0,6.24,13.29,0.47,0.446,0.024,2015-16
203500,Steven Adams,1610612760,OKC,C,22.0,80,80,1.0,5.53,13.2,0.419,0.472,-0.053,2015-16
202339,Eric Bledsoe,1610612756,PHX,G,26.0,31,31,1.0,5.32,13.06,0.407,0.431,-0.024,2015-16
201577,Robin Lopez,1610612752,NYK,C,28.0,82,82,1.0,6.17,13.06,0.472,0.478,-0.006,2015-16
201933,Blake Griffin,1610612746,LAC,F,27.0,35,35,1.0,6.23,12.94,0.481,0.462,0.019,2015-16
203952,Andrew Wiggins,1610612750,MIN,G-F,21.0,81,81,1.0,5.78,12.83,0.45,0.444,0.006,2015-16
200746,LaMarcus Aldridge,1610612759,SAS,F,30.0,74,74,1.0,5.65,12.72,0.444,0.462,-0.018,2015-16
202684,Tristan Thompson,1610612739,CLE,C-F,25.0,81,81,1.0,5.7,12.53,0.455,0.462,-0.007,2015-16
202710,Jimmy Butler III,1610612741,CHI,G-F,26.0,67,67,1.0,5.85,12.52,0.467,0.448,0.02,2015-16
202696,Nikola Vučević,1610612753,ORL,C,25.0,64,64,1.0,5.8,12.48,0.464,0.479,-0.015,2015-16
203457,Nerlens Noel,1610612755,PHI,F-C,22.0,67,67,1.0,5.9,12.45,0.474,0.475,-0.001,2015-16
203507,Giannis Antetokounmpo,1610612749,MIL,F,21.0,80,80,1.0,5.55,12.41,0.447,0.455,-0.008,2015-16
201152,Thaddeus Young,1610612751,BKN,F,28.0,73,73,1.0,5.86,12.34,0.475,0.459,0.016,2015-16
202689,Kemba Walker,1610612766,CHA,G,26.0,81,81,1.0,5.44,12.25,0.445,0.439,0.006,2015-16
2547,Chris Bosh,1610612748,MIA,F,32.0,53,53,1.0,5.55,12.19,0.455,0.455,0.001,2015-16
203497,Rudy Gobert,1610612762,UTA,C,24.0,61,61,1.0,5.34,12.16,0.439,0.474,-0.035,2015-16
200752,Rudy Gay,1610612758,SAC,F,29.0,69,69,1.0,5.43,12.14,0.447,0.452,-0.004,2015-16
2730,Dwight Howard,1610612745,HOU,C,30.0,70,70,1.0,5.74,12.09,0.475,0.467,0.008,2015-16
201188,Marc Gasol,1610612763,MEM,C,31.0,52,52,1.0,5.31,12.06,0.44,0.478,-0.037,2015-16
203953,Jabari Parker,1610612749,MIL,F,21.0,76,76,1.0,5.95,11.84,0.502,0.45,0.052,2015-16
202685,Jonas Valanciunas,1610612761,TOR,C,24.0,59,59,1.0,5.61,11.8,0.476,0.474,0.002,2015-16
203081,Damian Lillard,1610612757,POR,G,25.0,75,75,1.0,5.28,11.72,0.451,0.438,0.012,2015-16
203506,Victor Oladipo,1610612753,ORL,G,24.0,71,71,1.0,5.15,11.7,0.44,0.438,0.002,2015-16
2585,Zaza Pachulia,1610612742,DAL,C,32.0,76,76,1.0,5.71,11.62,0.492,0.477,0.015,2015-16
201142,Kevin Durant,1610612760,OKC,F,27.0,72,72,1.0,4.47,11.54,0.387,0.448,-0.061,2015-16
1626167,Myles Turner,1610612754,IND,F-C,20.0,60,60,1.0,5.17,11.5,0.449,0.464,-0.014,2015-16
203468,CJ McCollum,1610612757,POR,G,24.0,80,80,1.0,5.15,11.4,0.452,0.437,0.015,2015-16
202328,Greg Monroe,1610612749,MIL,C-F,26.0,79,79,1.0,5.62,11.34,0.496,0.474,0.021,2015-16
201583,Ryan Anderson,1610612740,NOP,F,28.0,66,66,1.0,5.12,11.32,0.452,0.452,0.001,2015-16
202331,Paul George,1610612754,IND,F,26.0,81,81,1.0,4.65,11.3,0.412,0.445,-0.033,2015-16
203944,Julius Randle,1610612747,LAL,F,21.0,81,81,1.0,5.59,11.27,0.496,0.461,0.035,2015-16
1495,Tim Duncan,1610612759,SAS,C-F,40.0,61,61,1.0,4.87,11.26,0.432,0.474,-0.041,2015-16
202688,Brandon Knight,1610612756,PHX,G,24.0,52,52,1.0,5.12,11.23,0.455,0.435,0.02,2015-16
202397,Ish Smith,1610612755,PHI,G,27.0,73,73,1.0,5.38,11.19,0.481,0.44,0.041,2015-16
201579,Roy Hibbert,1610612747,LAL,C,29.0,81,81,1.0,5.52,11.16,0.494,0.477,0.017,2015-16
2736,Luol Deng,1610612748,MIA,F,31.0,74,74,1.0,5.24,11.14,0.471,0.452,0.018,2015-16
203077,Michael Kidd-Gilchrist,1610612766,CHA,F,22.0,7,7,1.0,4.29,11.14,0.385,0.455,-0.071,2015-16
202704,Reggie Jackson,1610612765,DET,G,26.0,79,79,1.0,5.34,11.14,0.48,0.444,0.036,2015-16
202699,Tobias Harris,1610612765,DET,F,23.0,75,75,1.0,5.24,11.12,0.471,0.45,0.021,2015-16
1626144,Emmanuel Mudiay,1610612743,DEN,G,20.0,68,68,1.0,4.96,11.06,0.448,0.439,0.01,2015-16
203086,Meyers Leonard,1610612757,POR,F-C,24.0,60,60,1.0,4.98,10.98,0.454,0.461,-0.007,2015-16
201588,George Hill,1610612754,IND,G,30.0,74,74,1.0,4.73,10.97,0.431,0.438,-0.006,2015-16
203903,Jordan Clarkson,1610612747,LAL,G,24.0,79,79,1.0,5.33,10.95,0.487,0.445,0.042,2015-16
203486,Mason Plumlee,1610612757,POR,C-F,26.0,82,82,1.0,5.48,10.84,0.505,0.485,0.02,2015-16
203109,Jae Crowder,1610612738,BOS,F,25.0,72,72,1.0,4.78,10.81,0.442,0.447,-0.005,2015-16
101127,Jarrett Jack,1610612751,BKN,G,32.0,32,32,1.0,5.13,10.81,0.474,0.443,0.031,2015-16
203924,Jerami Grant,1610612755,PHI,F,22.0,77,77,1.0,4.53,10.81,0.419,0.453,-0.034,2015-16
201939,Stephen Curry,1610612744,GSW,G,28.0,79,79,1.0,4.28,10.81,0.396,0.432,-0.036,2015-16
201959,Taj Gibson,1610612741,CHI,F,31.0,73,73,1.0,4.7,10.75,0.437,0.46,-0.024,2015-16
101133,Ian Mahinmi,1610612754,IND,C,29.0,71,71,1.0,5.17,10.7,0.483,0.467,0.016,2015-16
203476,Gorgui Dieng,1610612750,MIN,C-F,26.0,82,82,1.0,5.3,10.65,0.498,0.471,0.027,2015-16
101161,Amir Johnson,1610612738,BOS,F,29.0,78,78,1.0,4.87,10.6,0.459,0.465,-0.006,2015-16
201950,Jrue Holiday,1610612740,NOP,G,26.0,65,65,1.0,4.91,10.58,0.464,0.439,0.025,2015-16
203458,Alex Len,1610612756,PHX,C,23.0,77,77,1.0,4.92,10.58,0.465,0.472,-0.007,2015-16
101107,Marvin Williams,1610612766,CHA,F,30.0,81,81,1.0,4.77,10.57,0.451,0.452,-0.002,2015-16
202703,Nikola Mirotic,1610612741,CHI,F,25.0,66,66,1.0,4.82,10.56,0.456,0.451,0.005,2015-16
2594,Kyle Korver,1610612737,ATL,G,35.0,80,80,1.0,4.55,10.56,0.431,0.44,-0.009,2015-16
201144,Mike Conley,1610612763,MEM,G,28.0,56,56,1.0,4.77,10.55,0.452,0.436,0.016,2015-16
200768,Kyle Lowry,1610612761,TOR,G,30.0,76,76,1.0,4.7,10.49,0.448,0.44,0.008,2015-16
201960,DeMarre Carroll,1610612761,TOR,F,29.0,26,26,1.0,4.73,10.46,0.452,0.451,0.002,2015-16
201149,Joakim Noah,1610612741,CHI,C,31.0,29,29,1.0,4.59,10.41,0.44,0.458,-0.018,2015-16
202694,Marcus Morris Sr.,1610612765,DET,F,26.0,80,80,1.0,4.41,10.35,0.426,0.446,-0.019,2015-16
202322,John Wall,1610612764,WAS,G,25.0,77,77,1.0,4.34,10.34,0.42,0.441,-0.021,2015-16
202706,Jordan Hamilton,1610612740,NOP,G-F,25.0,11,11,1.0,4.82,10.27,0.469,0.427,0.042,2015-16
201941,Jordan Hill,1610612754,IND,C,28.0,73,73,1.0,5.03,10.21,0.493,0.47,0.023,2015-16
203484,Kentavious Caldwell-Pope,1610612765,DET,G,23.0,76,76,1.0,4.16,10.2,0.408,0.437,-0.029,2015-16
202691,Klay Thompson,1610612744,GSW,G,26.0,80,80,1.0,4.36,10.2,0.428,0.443,-0.015,2015-16
203901,Elfrid Payton,1610612753,ORL,G,22.0,72,72,1.0,4.74,10.18,0.465,0.438,0.027,2015-16
1627362,Briante Weber,1610612748,MIA,G,23.0,6,6,1.0,5.33,10.17,0.525,0.428,0.096,2015-16
101114,Deron Williams,1610612742,DAL,G,32.0,65,65,1.0,4.37,10.15,0.43,0.436,-0.006,2015-16
203096,Jared Sullinger,1610612738,BOS,C-F,24.0,80,80,1.0,4.78,10.14,0.471,0.476,-0.005,2015-16
2216,Zach Randolph,1610612763,MEM,F,34.0,68,68,1.0,4.97,10.12,0.491,0.473,0.018,2015-16
1626156,D'Angelo Russell,1610612747,LAL,G,20.0,79,79,1.0,4.84,10.11,0.478,0.438,0.04,2015-16
201145,Jeff Green,1610612746,LAC,F,29.0,80,80,1.0,4.68,10.1,0.463,0.447,0.016,2015-16
203991,Clint Capela,1610612745,HOU,F-C,22.0,77,77,1.0,4.45,10.08,0.442,0.466,-0.024,2015-16
203482,Kelly Olynyk,1610612738,BOS,C-F,25.0,68,68,1.0,4.38,10.03,0.437,0.454,-0.017,2015-16
203114,Khris Middleton,1610612749,MIL,G-F,24.0,79,79,1.0,4.22,10.03,0.42,0.445,-0.024,2015-16
203998,Bruno Caboclo,1610612761,TOR,F,20.0,1,1,1.0,5.0,10.0,0.5,0.433,0.067,2015-16
202083,Wesley Matthews,1610612742,DAL,G-F,29.0,78,78,1.0,4.35,9.99,0.435,0.445,-0.01,2015-16
101106,Andrew Bogut,1610612744,GSW,C,31.0,70,70,1.0,4.39,9.99,0.439,0.472,-0.033,2015-16
201609,Goran Dragic,1610612748,MIA,G,30.0,72,72,1.0,4.08,9.99,0.409,0.44,-0.031,2015-16
200765,Rajon Rondo,1610612758,SAC,G,30.0,71,71,1.0,4.61,9.99,0.461,0.439,0.023,2015-16
203487,Michael Carter-Williams,1610612749,MIL,G,24.0,54,54,1.0,4.35,9.96,0.437,0.443,-0.006,2015-16
202702,Kenneth Faried,1610612743,DEN,F,26.0,67,67,1.0,5.15,9.96,0.517,0.465,0.052,2015-16
1626159,Justise Winslow,1610612748,MIA,F,20.0,78,78,1.0,4.15,9.95,0.418,0.441,-0.024,2015-16
202323,Evan Turner,1610612738,BOS,G-F,27.0,80,80,1.0,4.08,9.94,0.41,0.443,-0.032,2015-16
2440,Matt Barnes,1610612763,MEM,F,36.0,76,76,1.0,4.75,9.93,0.478,0.444,0.034,2015-16
201587,Nicolas Batum,1610612766,CHA,G-F,27.0,70,70,1.0,4.3,9.91,0.434,0.441,-0.007,2015-16
203084,Harrison Barnes,1610612744,GSW,F,24.0,66,66,1.0,4.56,9.88,0.462,0.45,0.011,2015-16
201936,Tyreke Evans,1610612740,NOP,G-F,26.0,25,25,1.0,5.08,9.88,0.514,0.438,0.076,2015-16
101145,Monta Ellis,1610612754,IND,G,30.0,81,81,1.0,4.0,9.85,0.406,0.433,-0.027,2015-16
202687,Bismack Biyombo,1610612761,TOR,C-F,23.0,81,81,1.0,4.25,9.84,0.432,0.464,-0.032,2015-16
101181,Jose Calderon,1610612752,NYK,G,34.0,72,72,1.0,4.53,9.78,0.463,0.44,0.023,2015-16
202693,Markieff Morris,1610612764,WAS,F,26.0,64,64,1.0,4.31,9.77,0.442,0.457,-0.015,2015-16
201565,Derrick Rose,1610612741,CHI,G,27.0,66,66,1.0,4.45,9.76,0.457,0.444,0.013,2015-16
201937,Ricky Rubio,1610612750,MIN,G,25.0,76,76,1.0,4.53,9.76,0.464,0.438,0.025,2015-16
203078,Bradley Beal,1610612764,WAS,G,23.0,54,54,1.0,4.31,9.7,0.445,0.436,0.009,2015-16
203999,Nikola Jokić,1610612743,DEN,C,21.0,79,79,1.0,4.53,9.68,0.468,0.476,-0.008,2015-16
201568,Danilo Gallinari,1610612743,DEN,F,27.0,53,53,1.0,4.58,9.66,0.475,0.447,0.027,2015-16
101108,Chris Paul,1610612746,LAC,G,31.0,74,74,1.0,4.5,9.65,0.466,0.444,0.023,2015-16
201162,Jared Dudley,1610612764,WAS,F,30.0,81,81,1.0,4.33,9.58,0.452,0.45,0.002,2015-16
200782,P.J. Tucker,1610612756,PHX,F,31.0,82,82,1.0,4.06,9.54,0.426,0.445,-0.019,2015-16
101236,Chuck Hayes,1610612746,LAC,F-C,33.0,2,2,1.0,4.0,9.5,0.421,0.476,-0.054,2015-16
1626161,Willie Cauley-Stein,1610612758,SAC,C,22.0,65,65,1.0,4.35,9.49,0.459,0.456,0.003,2015-16
2207,Joe Johnson,1610612748,MIA,F-G,35.0,81,81,1.0,4.33,9.47,0.458,0.446,0.012,2015-16
201980,Danny Green,1610612759,SAS,G-F,29.0,79,79,1.0,4.23,9.46,0.447,0.443,0.004,2015-16
202695,Kawhi Leonard,1610612759,SAS,F,25.0,72,72,1.0,3.64,9.46,0.385,0.449,-0.064,2015-16
202683,Enes Freedom,1610612760,OKC,C,24.0,82,82,1.0,4.4,9.45,0.466,0.467,-0.001,2015-16
201585,Kosta Koufos,1610612758,SAC,C,27.0,77,77,1.0,4.44,9.42,0.472,0.466,0.006,2015-16
2199,Tyson Chandler,1610612756,PHX,C,33.0,66,66,1.0,4.83,9.42,0.513,0.475,0.038,2015-16
1626164,Devin Booker,1610612756,PHX,G,19.0,73,73,1.0,4.51,9.41,0.479,0.437,0.041,2015-16
203095,Evan Fournier,1610612753,ORL,G-F,23.0,78,78,1.0,4.44,9.4,0.472,0.441,0.031,2015-16
203496,Robert Covington,1610612755,PHI,F,25.0,67,67,1.0,4.09,9.37,0.436,0.445,-0.009,2015-16
202389,Timofey Mozgov,1610612739,CLE,C,29.0,76,76,1.0,4.12,9.28,0.444,0.476,-0.032,2015-16
203469,Cody Zeller,1610612766,CHA,C-F,23.0,73,73,1.0,4.3,9.26,0.464,0.477,-0.012,2015-16
1626163,Frank Kaminsky,1610612766,CHA,C,23.0,80,80,1.0,4.25,9.24,0.46,0.454,0.006,2015-16
101141,Ersan Ilyasova,1610612753,ORL,F,29.0,74,74,1.0,4.69,9.23,0.508,0.457,0.051,2015-16
201976,Patrick Beverley,1610612745,HOU,G,27.0,71,71,1.0,3.9,9.21,0.424,0.44,-0.017,2015-16
202329,Al-Farouq Aminu,1610612757,POR,F,25.0,82,82,1.0,4.13,9.17,0.451,0.455,-0.005,2015-16
204038,Langston Galloway,1610612752,NYK,G,24.0,82,82,1.0,3.9,9.15,0.427,0.435,-0.009,2015-16
203914,Gary Harris,1610612743,DEN,G,21.0,76,76,1.0,4.32,9.14,0.472,0.442,0.03,2015-16
203105,Festus Ezeli,1610612744,GSW,C,26.0,46,46,1.0,3.96,9.13,0.433,0.471,-0.037,2015-16
203490,Otto Porter Jr.,1610612764,WAS,F,23.0,75,75,1.0,4.4,9.12,0.482,0.44,0.043,2015-16
2772,Trevor Ariza,1610612745,HOU,F,31.0,80,80,1.0,4.09,9.11,0.449,0.449,-0.001,2015-16
202391,Jeremy Lin,1610612766,CHA,G,27.0,78,78,1.0,3.76,9.1,0.413,0.434,-0.021,2015-16
201589,Darrell Arthur,1610612743,DEN,F,28.0,70,70,1.0,3.96,9.03,0.438,0.459,-0.021,2015-16
1626251,Duje Dukan,1610612758,SAC,F,24.0,1,1,1.0,3.0,9.0,0.333,0.437,-0.104,2015-16
202711,Bojan Bogdanovic,1610612751,BKN,G-F,27.0,79,79,1.0,4.56,8.99,0.507,0.44,0.067,2015-16
203115,Will Barton,1610612743,DEN,F-G,25.0,82,82,1.0,4.0,8.96,0.446,0.436,0.01,2015-16
203156,Henry Sims,1610612751,BKN,C-F,26.0,14,14,1.0,5.93,8.93,0.664,0.48,0.184,2015-16
201167,Arron Afflalo,1610612752,NYK,G,30.0,71,71,1.0,3.93,8.93,0.44,0.439,0.002,2015-16
202709,Cory Joseph,1610612761,TOR,G,24.0,79,79,1.0,3.73,8.92,0.418,0.435,-0.016,2015-16
201956,Omri Casspi,1610612758,SAC,F,28.0,68,68,1.0,4.22,8.91,0.474,0.446,0.028,2015-16
1626178,Rondae Hollis-Jefferson,1610612751,BKN,G-F,21.0,29,29,1.0,4.03,8.9,0.453,0.448,0.006,2015-16
203141,Mirza Teletovic,1610612756,PHX,F,30.0,78,78,1.0,4.32,8.87,0.487,0.449,0.038,2015-16
201584,Courtney Lee,1610612766,CHA,G,30.0,79,79,1.0,3.65,8.84,0.413,0.435,-0.023,2015-16
203093,Terrence Jones,1610612745,HOU,F,24.0,49,49,1.0,4.51,8.82,0.512,0.454,0.058,2015-16
203918,Rodney Hood,1610612762,UTA,G,23.0,79,79,1.0,3.91,8.8,0.445,0.444,0.001,2015-16
203521,Matthew Dellavedova,1610612739,CLE,G,25.0,76,76,1.0,3.64,8.74,0.417,0.434,-0.017,2015-16
2744,Al Jefferson,1610612766,CHA,C,31.0,47,47,1.0,4.3,8.74,0.491,0.477,0.015,2015-16
202335,Patrick Patterson,1610612761,TOR,F,27.0,78,78,1.0,3.67,8.72,0.421,0.448,-0.027,2015-16
200755,JJ Redick,1610612746,LAC,G,32.0,74,74,1.0,3.35,8.69,0.386,0.439,-0.054,2015-16
202334,Ed Davis,1610612757,POR,F-C,27.0,81,81,1.0,3.74,8.62,0.434,0.471,-0.037,2015-16
1626148,Anthony Brown,1610612747,LAL,F,23.0,27,27,1.0,3.78,8.59,0.44,0.45,-0.01,2015-16
202681,Kyrie Irving,1610612739,CLE,G,24.0,53,53,1.0,3.85,8.58,0.448,0.438,0.01,2015-16
202714,Shelvin Mack,1610612762,UTA,G,26.0,48,48,1.0,3.73,8.58,0.434,0.433,0.002,2015-16
202340,Avery Bradley,1610612738,BOS,G,25.0,75,75,1.0,3.67,8.56,0.428,0.439,-0.011,2015-16
101109,Raymond Felton,1610612742,DAL,G,32.0,80,80,1.0,3.6,8.56,0.42,0.438,-0.018,2015-16
203138,Hollis Thompson,1610612755,PHI,G-F,25.0,77,77,1.0,3.88,8.55,0.454,0.441,0.013,2015-16
203897,Zach LaVine,1610612750,MIN,G,21.0,82,82,1.0,3.98,8.54,0.466,0.436,0.03,2015-16
203145,Kent Bazemore,1610612737,ATL,F-G,26.0,75,75,1.0,3.44,8.53,0.403,0.444,-0.041,2015-16
201954,Darren Collison,1610612758,SAC,G,28.0,73,73,1.0,4.04,8.53,0.474,0.435,0.038,2015-16
101150,Lou Williams,1610612747,LAL,G,29.0,67,67,1.0,3.49,8.49,0.411,0.435,-0.024,2015-16
2546,Carmelo Anthony,1610612752,NYK,F,32.0,71,71,1.0,3.72,8.49,0.438,0.449,-0.011,2015-16
204020,Tyler Johnson,1610612748,MIA,G,24.0,36,36,1.0,3.69,8.39,0.44,0.434,0.006,2015-16
201952,Jeff Teague,1610612737,ATL,G,28.0,79,79,1.0,3.3,8.39,0.394,0.437,-0.043,2015-16
202066,Garrett Temple,1610612764,WAS,G,30.0,79,79,1.0,3.73,8.38,0.446,0.438,0.008,2015-16
203079,Dion Waiters,1610612760,OKC,G,24.0,78,78,1.0,3.59,8.38,0.428,0.436,-0.008,2015-16
2544,LeBron James,1610612739,CLE,F,31.0,76,76,1.0,3.21,8.36,0.384,0.447,-0.063,2015-16
1626196,Josh Richardson,1610612748,MIA,G,22.0,47,47,1.0,3.66,8.34,0.439,0.436,0.002,2015-16
201942,DeMar DeRozan,1610612761,TOR,G,26.0,77,77,1.0,3.87,8.34,0.464,0.442,0.022,2015-16
201573,Jerryd Bayless,1610612749,MIL,G,27.0,52,52,1.0,3.52,8.33,0.423,0.436,-0.014,2015-16
202337,Luke Babbitt,1610612740,NOP,F,27.0,42,42,1.0,4.1,8.31,0.493,0.443,0.05,2015-16
203089,John Henson,1610612749,MIL,F,25.0,57,57,1.0,3.46,8.23,0.42,0.459,-0.038,2015-16
202718,Chandler Parsons,1610612742,DAL,F,27.0,61,61,1.0,3.57,8.23,0.434,0.446,-0.011,2015-16
202738,Isaiah Thomas,1610612738,BOS,G,27.0,81,81,1.0,3.51,8.16,0.43,0.438,-0.008,2015-16
202357,Nemanja Bjelica,1610612750,MIN,F,28.0,60,60,1.0,3.8,8.13,0.467,0.45,0.017,2015-16
202720,Jon Leuer,1610612756,PHX,F,27.0,66,66,1.0,3.94,8.11,0.486,0.453,0.033,2015-16
2561,David West,1610612759,SAS,F,35.0,78,78,1.0,3.72,8.09,0.46,0.463,-0.003,2015-16
2749,Jameer Nelson,1610612743,DEN,G,34.0,39,39,1.0,3.67,8.03,0.457,0.437,0.02,2015-16
201967,Dante Cunningham,1610612740,NOP,F,29.0,78,78,1.0,3.73,7.99,0.467,0.445,0.022,2015-16
2225,Tony Parker,1610612759,SAS,G,34.0,72,72,1.0,3.58,7.99,0.449,0.439,0.009,2015-16
203932,Aaron Gordon,1610612753,ORL,F,20.0,77,77,1.0,3.52,7.96,0.442,0.453,-0.011,2015-16
203994,Jusuf Nurkić,1610612743,DEN,C,21.0,31,31,1.0,3.9,7.94,0.492,0.466,0.025,2015-16
200770,Jordan Farmar,1610612763,MEM,G,29.0,12,12,1.0,3.33,7.92,0.421,0.448,-0.027,2015-16
201600,Omer Asik,1610612740,NOP,C,29.0,67,67,1.0,3.93,7.91,0.496,0.486,0.01,2015-16
203917,Nik Stauskas,1610612755,PHI,G,22.0,72,72,1.0,3.5,7.89,0.444,0.434,0.01,2015-16
202730,Lavoy Allen,1610612754,IND,F-C,27.0,79,79,1.0,3.53,7.8,0.453,0.46,-0.007,2015-16
201569,Eric Gordon,1610612740,NOP,G,27.0,45,45,1.0,3.51,7.78,0.451,0.439,0.012,2015-16
203463,Ben McLemore,1610612758,SAC,G,23.0,67,67,1.0,3.58,7.78,0.461,0.442,0.019,2015-16
201601,Luc Mbah a Moute,1610612746,LAC,F,29.0,66,66,1.0,2.76,7.77,0.355,0.451,-0.097,2015-16
2403,Nene,1610612764,WAS,F-C,33.0,56,56,1.0,3.88,7.77,0.499,0.467,0.032,2015-16
203082,Terrence Ross,1610612761,TOR,F-G,25.0,72,72,1.0,3.11,7.76,0.401,0.433,-0.032,2015-16
202330,Gordon Hayward,1610612762,UTA,F,26.0,80,80,1.0,3.48,7.73,0.45,0.447,0.003,2015-16
200757,Thabo Sefolosha,1610612737,ATL,F,32.0,75,75,1.0,3.13,7.73,0.405,0.444,-0.039,2015-16
101138,Brandon Bass,1610612747,LAL,F,31.0,64,64,1.0,3.72,7.72,0.482,0.461,0.02,2015-16
203460,Andre Roberson,1610612760,OKC,G,24.0,70,70,1.0,3.16,7.71,0.409,0.445,-0.035,2015-16
101135,David Lee,1610612742,DAL,F-C,33.0,52,52,1.0,3.6,7.69,0.468,0.466,0.002,2015-16
202325,Wesley Johnson,1610612746,LAC,F-G,28.0,80,80,1.0,3.44,7.69,0.447,0.452,-0.004,2015-16
201563,Michael Beasley,1610612745,HOU,F,27.0,19,19,1.0,3.53,7.68,0.459,0.449,0.01,2015-16
1626171,Bobby Portis Jr.,1610612741,CHI,F,21.0,61,61,1.0,3.15,7.66,0.411,0.453,-0.042,2015-16
202388,Donald Sloan,1610612751,BKN,G,28.0,59,59,1.0,3.73,7.64,0.488,0.433,0.054,2015-16
2449,Luis Scola,1610612761,TOR,F,36.0,75,75,1.0,3.72,7.59,0.49,0.46,0.03,2015-16
2399,Mike Dunleavy,1610612741,CHI,G-F,35.0,31,31,1.0,3.32,7.55,0.44,0.449,-0.009,2015-16
977,Kobe Bryant,1610612747,LAL,F-G,37.0,66,66,1.0,3.42,7.53,0.455,0.446,0.008,2015-16
2746,Josh Smith,1610612745,HOU,F,30.0,55,55,1.0,3.24,7.51,0.431,0.466,-0.035,2015-16
101126,Nate Robinson,1610612740,NOP,G,32.0,2,2,1.0,3.0,7.5,0.4,0.485,-0.085,2015-16
203935,Marcus Smart,1610612738,BOS,G,22.0,61,61,1.0,3.23,7.48,0.432,0.434,-0.002,2015-16
202734,E'Twaun Moore,1610612741,CHI,G,27.0,58,58,1.0,3.29,7.47,0.441,0.444,-0.002,2015-16
2747,JR Smith,1610612739,CLE,G-F,30.0,77,77,1.0,3.27,7.47,0.438,0.441,-0.003,2015-16
203382,Aron Baynes,1610612765,DET,C-F,29.0,80,80,1.0,3.71,7.46,0.497,0.473,0.024,2015-16
201150,Spencer Hawes,1610612766,CHA,F-C,28.0,57,57,1.0,3.51,7.46,0.471,0.467,0.004,2015-16
2738,Andre Iguodala,1610612744,GSW,G-F,32.0,65,65,1.0,3.37,7.45,0.452,0.446,0.007,2015-16
201566,Russell Westbrook,1610612760,OKC,G,27.0,80,80,1.0,3.44,7.44,0.462,0.447,0.015,2015-16
203499,Shane Larkin,1610612751,BKN,G,23.0,77,77,1.0,3.26,7.4,0.44,0.431,0.009,2015-16
2548,Dwyane Wade,1610612748,MIA,G,34.0,74,74,1.0,3.19,7.39,0.431,0.442,-0.011,2015-16
201168,Tiago Splitter,1610612737,ATL,C-F,31.0,36,36,1.0,3.47,7.39,0.47,0.471,-0.001,2015-16
202332,Cole Aldrich,1610612746,LAC,C,27.0,58,58,1.0,3.59,7.36,0.487,0.46,0.027,2015-16
101123,Gerald Green,1610612748,MIA,F,30.0,69,69,1.0,3.04,7.35,0.414,0.436,-0.022,2015-16
201147,Corey Brewer,1610612745,HOU,G-F,30.0,82,82,1.0,3.43,7.34,0.467,0.44,0.027,2015-16
203459,Allen Crabbe,1610612757,POR,G,24.0,81,81,1.0,3.1,7.26,0.427,0.436,-0.009,2015-16
203530,Joffrey Lauvergne,1610612743,DEN,C-F,24.0,58,58,1.0,3.45,7.19,0.48,0.46,0.019,2015-16
202697,Iman Shumpert,1610612739,CLE,G,26.0,54,54,1.0,3.3,7.17,0.46,0.445,0.015,2015-16
202344,Trevor Booker,1610612762,UTA,F,28.0,77,77,1.0,3.08,7.17,0.429,0.455,-0.025,2015-16
201564,O.J. Mayo,1610612749,MIL,G,28.0,41,41,1.0,2.88,7.1,0.405,0.44,-0.034,2015-16
101112,Channing Frye,1610612739,CLE,F,33.0,68,68,1.0,3.38,7.1,0.476,0.461,0.016,2015-16
101139,CJ Miles,1610612754,IND,F-G,29.0,64,64,1.0,3.06,7.06,0.434,0.443,-0.01,2015-16
203101,Miles Plumlee,1610612749,MIL,C,27.0,56,56,1.0,3.27,7.04,0.464,0.478,-0.013,2015-16
201171,Carl Landry,1610612755,PHI,F,32.0,34,34,1.0,3.68,7.03,0.523,0.464,0.059,2015-16
201158,Marco Belinelli,1610612758,SAC,G-F,30.0,67,67,1.0,3.25,7.01,0.464,0.437,0.027,2015-16
203481,Jeff Withey,1610612762,UTA,C,26.0,48,48,1.0,2.96,6.94,0.426,0.47,-0.044,2015-16
202087,Alonzo Gee,1610612740,NOP,F,29.0,72,72,1.0,3.15,6.92,0.456,0.446,0.01,2015-16
1626168,Trey Lyles,1610612762,UTA,F,20.0,76,76,1.0,3.22,6.91,0.467,0.453,0.014,2015-16
203503,Tony Snell,1610612741,CHI,F,24.0,64,64,1.0,2.75,6.89,0.399,0.438,-0.039,2015-16
2754,Tony Allen,1610612763,MEM,G-F,34.0,64,64,1.0,2.97,6.88,0.432,0.445,-0.013,2015-16
201229,Anthony Tolliver,1610612765,DET,F,31.0,69,69,1.0,2.9,6.87,0.422,0.456,-0.034,2015-16
202692,Alec Burks,1610612762,UTA,G,24.0,31,31,1.0,3.35,6.84,0.491,0.448,0.042,2015-16
2733,Shaun Livingston,1610612744,GSW,G,30.0,77,77,1.0,3.04,6.84,0.444,0.435,0.009,2015-16
201148,Brandan Wright,1610612763,MEM,F,28.0,12,12,1.0,3.17,6.83,0.463,0.461,0.003,2015-16
203087,Jeremy Lamb,1610612766,CHA,G,24.0,66,66,1.0,2.76,6.83,0.404,0.437,-0.033,2015-16
2564,Boris Diaw,1610612759,SAS,C-F,34.0,76,76,1.0,2.96,6.82,0.434,0.45,-0.016,2015-16
203526,Raul Neto,1610612762,UTA,G,24.0,81,81,1.0,3.19,6.81,0.467,0.436,0.032,2015-16
201582,Alexis Ajinca,1610612740,NOP,C,28.0,56,56,1.0,3.3,6.8,0.486,0.472,0.013,2015-16
2743,Kris Humphries,1610612737,ATL,F,31.0,53,53,1.0,3.28,6.72,0.489,0.467,0.022,2015-16
1718,Paul Pierce,1610612746,LAC,F,38.0,68,68,1.0,3.03,6.72,0.451,0.451,0.0,2015-16
202700,Donatas Motiejunas,1610612745,HOU,F-C,25.0,36,36,1.0,2.86,6.72,0.426,0.462,-0.036,2015-16
203477,Isaiah Canaan,1610612755,PHI,G,25.0,76,76,1.0,3.09,6.71,0.461,0.431,0.03,2015-16
203085,Austin Rivers,1610612746,LAC,G,23.0,66,66,1.0,2.62,6.71,0.391,0.441,-0.051,2015-16
1626204,Larry Nance Jr.,1610612747,LAL,F,23.0,63,63,1.0,3.19,6.71,0.475,0.462,0.013,2015-16
1626191,Chris McCullough,1610612751,BKN,F,21.0,23,23,1.0,3.04,6.7,0.455,0.443,0.011,2015-16
203939,Dwight Powell,1610612742,DAL,F-C,24.0,65,65,1.0,2.8,6.63,0.422,0.453,-0.03,2015-16
1626169,Stanley Johnson,1610612765,DET,F,20.0,72,72,1.0,2.89,6.63,0.436,0.44,-0.004,2015-16
203516,James Ennis III,1610612740,NOP,F,25.0,15,15,1.0,3.0,6.6,0.455,0.43,0.024,2015-16
200826,J.J. Barea,1610612742,DAL,G,32.0,74,74,1.0,2.96,6.59,0.449,0.433,0.016,2015-16
2570,Kendrick Perkins,1610612740,NOP,C,31.0,37,37,1.0,3.46,6.59,0.525,0.478,0.047,2015-16
2581,Steve Blake,1610612765,DET,G,36.0,58,58,1.0,2.88,6.55,0.439,0.436,0.004,2015-16
203462,Archie Goodwin,1610612756,PHX,G,21.0,55,55,1.0,3.27,6.53,0.501,0.433,0.069,2015-16
203111,Orlando Johnson,1610612740,NOP,G,27.0,6,6,1.0,3.67,6.5,0.564,0.46,0.104,2015-16
2405,Amar'e Stoudemire,1610612748,MIA,F-C,33.0,50,50,1.0,2.92,6.48,0.451,0.477,-0.026,2015-16
201160,Jason Smith,1610612753,ORL,F-C,30.0,75,75,1.0,3.15,6.48,0.486,0.465,0.021,2015-16
203124,Kyle O'Quinn,1610612752,NYK,F-C,26.0,61,61,1.0,2.92,6.41,0.455,0.465,-0.01,2015-16
201951,Ty Lawson,1610612754,IND,G,28.0,63,63,1.0,2.78,6.37,0.436,0.437,-0.001,2015-16
202708,Norris Cole,1610612740,NOP,G,27.0,45,45,1.0,3.13,6.36,0.493,0.441,0.052,2015-16
203933,T.J. Warren,1610612756,PHX,F,22.0,46,46,1.0,2.87,6.35,0.452,0.443,0.009,2015-16
203926,Doug McDermott,1610612741,CHI,F,24.0,81,81,1.0,2.95,6.35,0.465,0.436,0.029,2015-16
203798,PJ Hairston,1610612763,MEM,F-G,23.0,64,64,1.0,2.92,6.34,0.461,0.448,0.013,2015-16
201578,Marreese Speights,1610612744,GSW,F-C,28.0,71,71,1.0,2.9,6.34,0.458,0.458,-0.001,2015-16
1626214,Bryce Dejean-Jones,1610612740,NOP,G,23.0,12,12,1.0,3.17,6.33,0.5,0.431,0.069,2015-16
201975,Jodie Meeks,1610612765,DET,G,28.0,3,3,1.0,2.0,6.33,0.316,0.46,-0.144,2015-16
204456,T.J. McConnell,1610612755,PHI,G,24.0,79,79,1.0,3.05,6.32,0.483,0.433,0.05,2015-16
203090,Maurice Harkless,1610612757,POR,F,23.0,74,74,1.0,2.76,6.32,0.436,0.438,-0.002,2015-16
201596,Mario Chalmers,1610612748,MIA,G,30.0,61,61,1.0,2.54,6.31,0.403,0.432,-0.029,2015-16
1627293,Alex Stepheson,1610612763,MEM,F,28.0,7,7,1.0,2.29,6.29,0.364,0.491,-0.127,2015-16
203135,Robert Sacre,1610612747,LAL,C,27.0,22,22,1.0,3.23,6.27,0.514,0.483,0.031,2015-16
201961,Wayne Ellington,1610612751,BKN,G,28.0,76,76,1.0,2.93,6.26,0.468,0.434,0.035,2015-16
1626181,Norman Powell,1610612761,TOR,G,23.0,38,38,1.0,2.63,6.26,0.42,0.433,-0.013,2015-16
203112,Quincy Acy,1610612758,SAC,F,25.0,56,56,1.0,3.0,6.25,0.48,0.464,0.016,2015-16
1626257,Salah Mejri,1610612742,DAL,C,30.0,31,31,1.0,2.61,6.23,0.42,0.466,-0.046,2015-16
201228,C.J. Watson,1610612753,ORL,G,32.0,32,32,1.0,3.03,6.22,0.487,0.438,0.049,2015-16
202498,Lance Thomas,1610612752,NYK,F,28.0,56,56,1.0,2.55,6.21,0.411,0.444,-0.033,2015-16
203092,Tyler Zeller,1610612738,BOS,C-F,26.0,58,58,1.0,2.9,6.19,0.468,0.471,-0.003,2015-16
1626209,Mario Hezonja,1610612753,ORL,G-F,21.0,74,74,1.0,2.85,6.18,0.462,0.433,0.029,2015-16
202390,Gary Neal,1610612764,WAS,G,31.0,40,40,1.0,3.03,6.15,0.492,0.427,0.065,2015-16
203504,Trey Burke,1610612762,UTA,G,23.0,63,63,1.0,2.81,6.11,0.46,0.436,0.024,2015-16
202341,James Anderson,1610612758,SAC,G-F,27.0,44,44,1.0,2.59,6.11,0.424,0.449,-0.025,2015-16
203200,Justin Holiday,1610612741,CHI,G,27.0,47,47,1.0,2.6,6.06,0.428,0.443,-0.015,2015-16
2037,Jamal Crawford,1610612746,LAC,G,36.0,79,79,1.0,2.62,6.05,0.433,0.441,-0.008,2015-16
204028,Tarik Black,1610612747,LAL,C-F,24.0,38,38,1.0,2.66,6.03,0.441,0.469,-0.028,2015-16
204025,Tim Frazier,1610612740,NOP,G,25.0,39,39,1.0,2.59,6.0,0.432,0.429,0.003,2015-16
200751,Randy Foye,1610612760,OKC,G,32.0,80,80,1.0,2.51,5.98,0.421,0.435,-0.014,2015-16
203094,Andrew Nicholson,1610612753,ORL,F,26.0,52,52,1.0,2.71,5.96,0.455,0.453,0.001,2015-16
1882,Elton Brand,1610612755,PHI,F,37.0,16,16,1.0,2.75,5.94,0.463,0.464,-0.001,2015-16
203210,JaMychal Green,1610612763,MEM,F,26.0,78,78,1.0,2.63,5.92,0.444,0.455,-0.011,2015-16
1626158,Richaun Holmes,1610612755,PHI,F,22.0,50,50,1.0,2.94,5.92,0.497,0.459,0.037,2015-16
201962,Toney Douglas,1610612740,NOP,G,30.0,60,60,1.0,2.75,5.92,0.465,0.435,0.029,2015-16
202682,Derrick Williams,1610612752,NYK,F,25.0,77,77,1.0,2.51,5.9,0.425,0.437,-0.012,2015-16
203473,Dewayne Dedmon,1610612753,ORL,C,26.0,50,50,1.0,2.68,5.9,0.454,0.471,-0.017,2015-16
2590,Mo Williams,1610612739,CLE,G,33.0,36,36,1.0,2.53,5.89,0.429,0.436,-0.007,2015-16
1626170,Jerian Grant,1610612752,NYK,G,23.0,72,72,1.0,2.65,5.89,0.45,0.436,0.014,2015-16
2365,Chris Andersen,1610612763,MEM,F-C,37.0,26,26,1.0,3.04,5.88,0.516,0.469,0.048,2015-16
203524,Solomon Hill,1610612754,IND,F,25.0,50,50,1.0,2.44,5.88,0.415,0.442,-0.027,2015-16
2734,Devin Harris,1610612742,DAL,G,33.0,64,64,1.0,2.72,5.88,0.463,0.434,0.029,2015-16
2757,Beno Udrih,1610612763,MEM,G,33.0,44,44,1.0,2.57,5.86,0.438,0.428,0.01,2015-16
201949,James Johnson,1610612761,TOR,F,29.0,56,56,1.0,2.5,5.84,0.428,0.449,-0.021,2015-16
201177,Josh McRoberts,1610612748,MIA,F,29.0,41,41,1.0,2.46,5.83,0.423,0.451,-0.028,2015-16
203498,Shabazz Muhammad,1610612750,MIN,F,23.0,82,82,1.0,2.78,5.78,0.481,0.436,0.045,2015-16
1626273,Marcelo Huertas,1610612747,LAL,G,33.0,51,51,1.0,2.61,5.76,0.452,0.431,0.022,2015-16
200797,Ryan Hollins,1610612763,MEM,C,31.0,34,34,1.0,2.88,5.74,0.503,0.473,0.03,2015-16
203512,Lucas Nogueira,1610612761,TOR,C,23.0,25,25,1.0,2.56,5.72,0.448,0.454,-0.006,2015-16
1891,Jason Terry,1610612745,HOU,G,38.0,71,71,1.0,2.87,5.69,0.505,0.437,0.068,2015-16
1713,Vince Carter,1610612763,MEM,G-F,39.0,59,59,1.0,2.58,5.69,0.452,0.432,0.021,2015-16
2210,Richard Jefferson,1610612739,CLE,F,36.0,73,73,1.0,2.42,5.68,0.427,0.434,-0.007,2015-16
201988,Patty Mills,1610612759,SAS,G,27.0,81,81,1.0,2.63,5.67,0.464,0.429,0.036,2015-16
201945,Gerald Henderson,1610612757,POR,G,28.0,70,70,1.0,2.54,5.66,0.449,0.433,0.017,2015-16
203960,JaKarr Sampson,1610612743,DEN,G-F,23.0,72,72,1.0,2.46,5.65,0.435,0.44,-0.005,2015-16
201581,JJ Hickson,1610612764,WAS,C-F,27.0,32,32,1.0,2.22,5.63,0.394,0.464,-0.07,2015-16
1626149,Montrezl Harrell,1610612745,HOU,F,22.0,32,32,1.0,2.34,5.63,0.417,0.443,-0.027,2015-16
1626253,Axel Toupane,1610612743,DEN,G-F,23.0,21,21,1.0,2.38,5.62,0.424,0.438,-0.014,2015-16
201973,Jonas Jerebko,1610612738,BOS,F,29.0,74,74,1.0,2.41,5.61,0.429,0.449,-0.02,2015-16
202349,Greivis Vasquez,1610612749,MIL,G,29.0,23,23,1.0,2.7,5.61,0.481,0.427,0.054,2015-16
201155,Rodney Stuckey,1610612754,IND,G,30.0,57,57,1.0,2.46,5.58,0.44,0.43,0.01,2015-16
203552,Seth Curry,1610612758,SAC,G,25.0,40,40,1.0,2.75,5.58,0.493,0.439,0.054,2015-16
203471,Dennis Schröder,1610612737,ATL,G,22.0,79,79,1.0,2.34,5.58,0.42,0.433,-0.014,2015-16
1897,Metta World Peace,1610612747,LAL,F,36.0,34,34,1.0,2.47,5.56,0.444,0.447,-0.003,2015-16
201943,Brandon Jennings,1610612753,ORL,G,26.0,48,48,1.0,2.23,5.54,0.402,0.43,-0.027,2015-16
2419,Tayshaun Prince,1610612750,MIN,F,36.0,74,74,1.0,2.42,5.53,0.438,0.446,-0.009,2015-16
203900,Markel Brown,1610612751,BKN,G,24.0,55,55,1.0,2.84,5.53,0.513,0.436,0.077,2015-16
101179,Ronnie Price,1610612756,PHX,G,33.0,61,61,1.0,2.39,5.52,0.433,0.43,0.003,2015-16
201196,Ramon Sessions,1610612764,WAS,G,30.0,82,82,1.0,2.55,5.49,0.464,0.429,0.036,2015-16
201166,Aaron Brooks,1610612741,CHI,G,31.0,69,69,1.0,2.13,5.48,0.389,0.432,-0.043,2015-16
2756,Sasha Vujacic,1610612752,NYK,G,32.0,53,53,1.0,2.6,5.45,0.478,0.443,0.035,2015-16
202713,Kyle Singler,1610612760,OKC,F,28.0,64,64,1.0,2.69,5.44,0.494,0.449,0.046,2015-16
203943,Noah Vonleh,1610612757,POR,F,20.0,77,77,1.0,2.49,5.44,0.458,0.465,-0.007,2015-16
2550,Kirk Hinrich,1610612737,ATL,G,35.0,42,42,1.0,2.4,5.4,0.445,0.433,0.012,2015-16
203501,Tim Hardaway Jr.,1610612737,ATL,G,24.0,51,51,1.0,2.0,5.39,0.371,0.433,-0.062,2015-16
201571,D.J. Augustin,1610612743,DEN,G,28.0,62,62,1.0,2.58,5.39,0.479,0.429,0.05,2015-16
203123,Kostas Papanikolaou,1610612743,DEN,F,25.0,23,23,1.0,2.52,5.39,0.468,0.455,0.013,2015-16
1626185,Jarell Martin,1610612763,MEM,F,22.0,26,26,1.0,2.54,5.38,0.471,0.462,0.009,2015-16
203080,Thomas Robinson,1610612751,BKN,F,25.0,67,67,1.0,2.57,5.37,0.478,0.466,0.012,2015-16
203898,Tyler Ennis,1610612749,MIL,G,21.0,39,39,1.0,2.28,5.36,0.426,0.426,0.0,2015-16
202338,Kevin Seraphin,1610612752,NYK,F-C,26.0,46,46,1.0,2.3,5.35,0.431,0.468,-0.037,2015-16
201156,Nick Young,1610612747,LAL,F-G,31.0,54,54,1.0,2.74,5.35,0.512,0.443,0.069,2015-16
101187,Alan Anderson,1610612764,WAS,F-G,33.0,12,12,1.0,2.67,5.33,0.5,0.439,0.061,2015-16
202353,Tibor Pleiss,1610612762,UTA,C,26.0,6,6,1.0,2.67,5.33,0.5,0.483,0.017,2015-16
203955,Bryce Cotton,1610612763,MEM,G,23.0,3,3,1.0,3.33,5.33,0.625,0.432,0.193,2015-16
203186,Willie Reed,1610612751,BKN,F-C,26.0,37,37,1.0,2.84,5.32,0.533,0.464,0.069,2015-16
1626210,Alan Williams,1610612756,PHX,C-F,23.0,7,7,1.0,2.29,5.29,0.432,0.463,-0.031,2015-16
2755,Kevin Martin,1610612759,SAS,G,33.0,54,54,1.0,2.67,5.28,0.505,0.433,0.072,2015-16
201575,Brandon Rush,1610612744,GSW,F-G,30.0,68,68,1.0,2.46,5.28,0.465,0.441,0.024,2015-16
203488,Mike Muscala,1610612737,ATL,F-C,24.0,52,52,1.0,2.69,5.25,0.513,0.463,0.05,2015-16
1626145,Tyus Jones,1610612750,MIN,G,20.0,36,36,1.0,2.75,5.25,0.524,0.439,0.084,2015-16
202362,Lance Stephenson,1610612763,MEM,F-G,25.0,67,67,1.0,2.33,5.24,0.444,0.435,0.01,2015-16
2760,Anderson Varejao,1610612744,GSW,F,33.0,49,49,1.0,2.61,5.22,0.5,0.453,0.047,2015-16
708,Kevin Garnett,1610612750,MIN,F,40.0,38,38,1.0,2.24,5.18,0.431,0.471,-0.039,2015-16
203527,Ryan Kelly,1610612747,LAL,F,25.0,36,36,1.0,2.25,5.14,0.438,0.452,-0.015,2015-16
204098,Xavier Munford,1610612763,MEM,G,24.0,14,14,1.0,2.43,5.14,0.472,0.446,0.026,2015-16
201593,Nikola Pekovic,1610612750,MIN,C,30.0,12,12,1.0,2.42,5.08,0.475,0.491,-0.016,2015-16
203937,Kyle Anderson,1610612759,SAS,F,22.0,72,72,1.0,2.15,4.97,0.433,0.431,0.002,2015-16
1626162,Kelly Oubre Jr.,1610612764,WAS,F,20.0,49,49,1.0,2.43,4.94,0.492,0.444,0.048,2015-16
203930,Sean Kilpatrick,1610612751,BKN,G,26.0,30,30,1.0,2.5,4.93,0.507,0.43,0.077,2015-16
203118,Mike Scott,1610612737,ATL,F,27.0,73,73,1.0,2.1,4.93,0.425,0.447,-0.022,2015-16
201977,Marcus Thornton,1610612764,WAS,F-G,29.0,60,60,1.0,2.23,4.92,0.454,0.437,0.017,2015-16
1626166,Cameron Payne,1610612760,OKC,G,21.0,48,48,1.0,2.21,4.9,0.451,0.433,0.019,2015-16
203492,Ray McCallum,1610612759,SAS,G,25.0,28,28,1.0,2.21,4.89,0.453,0.437,0.015,2015-16
101111,Charlie Villanueva,1610612742,DAL,F,31.0,52,52,1.0,2.19,4.88,0.449,0.46,-0.011,2015-16
203187,Chris Johnson,1610612762,UTA,F,26.0,61,61,1.0,1.98,4.87,0.407,0.441,-0.034,2015-16
1626246,Boban Marjanovic,1610612759,SAS,C,27.0,49,49,1.0,2.08,4.84,0.43,0.47,-0.04,2015-16
2555,Nick Collison,1610612760,OKC,F,35.0,59,59,1.0,2.1,4.81,0.437,0.455,-0.019,2015-16
1626174,Christian Wood,1610612755,PHI,F,20.0,15,15,1.0,2.13,4.8,0.444,0.441,0.003,2015-16
203948,Johnny O'Bryant III,1610612749,MIL,F-C,23.0,62,62,1.0,2.13,4.79,0.444,0.451,-0.007,2015-16
202962,Greg Smith,1610612750,MIN,C,25.0,18,18,1.0,2.44,4.78,0.512,0.481,0.031,2015-16
204002,Edy Tavares,1610612737,ATL,C,24.0,8,8,1.0,2.38,4.75,0.5,0.484,0.016,2015-16
202379,Jeremy Evans,1610612742,DAL,F,28.0,23,23,1.0,2.04,4.74,0.431,0.451,-0.019,2015-16
203921,Cleanthony Early,1610612752,NYK,F,25.0,11,11,1.0,2.09,4.73,0.442,0.425,0.017,2015-16
1626173,Rashad Vaughn,1610612749,MIL,G,19.0,67,67,1.0,2.31,4.72,0.491,0.436,0.054,2015-16
203493,Reggie Bullock Jr.,1610612765,DET,F,25.0,28,28,1.0,2.0,4.71,0.424,0.434,-0.01,2015-16
1889,Andre Miller,1610612759,SAS,G,40.0,35,35,1.0,2.0,4.69,0.427,0.43,-0.003,2015-16
200745,Andrea Bargnani,1610612751,BKN,C-F,30.0,45,45,1.0,2.58,4.64,0.555,0.458,0.097,2015-16
1626245,Cristiano Felicio,1610612741,CHI,F-C,23.0,27,27,1.0,1.7,4.63,0.368,0.464,-0.096,2015-16
203928,Cory Jefferson,1610612756,PHX,F,25.0,5,5,1.0,2.4,4.6,0.522,0.489,0.033,2015-16
201978,Chase Budinger,1610612756,PHX,F,28.0,61,61,1.0,1.89,4.59,0.411,0.435,-0.024,2015-16
203143,Pablo Prigioni,1610612746,LAC,G,39.0,57,57,1.0,2.26,4.58,0.494,0.427,0.067,2015-16
201580,JaVale McGee,1610612742,DAL,C,28.0,33,33,1.0,2.45,4.58,0.536,0.474,0.062,2015-16
202712,Justin Harper,1610612751,BKN,F-C,26.0,2,2,1.0,2.0,4.5,0.444,0.438,0.006,2015-16
201574,Jason Thompson,1610612761,TOR,F-C,29.0,44,44,1.0,2.2,4.43,0.497,0.453,0.044,2015-16
201627,Anthony Morrow,1610612760,OKC,G,30.0,60,60,1.0,2.02,4.4,0.458,0.432,0.027,2015-16
203962,Josh Huestis,1610612760,OKC,F,24.0,5,5,1.0,2.0,4.4,0.455,0.443,0.011,2015-16
2400,Drew Gooden,1610612764,WAS,F,34.0,25,25,1.0,2.32,4.36,0.532,0.44,0.092,2015-16
203088,Kendall Marshall,1610612755,PHI,G,24.0,24,24,1.0,2.29,4.33,0.529,0.435,0.094,2015-16
203508,Sergey Karasev,1610612751,BKN,G-F,22.0,35,35,1.0,1.97,4.26,0.463,0.442,0.021,2015-16
1938,Manu Ginobili,1610612759,SAS,G,38.0,56,56,1.0,1.61,4.25,0.378,0.438,-0.06,2015-16
204060,Joe Ingles,1610612762,UTA,F,28.0,76,76,1.0,1.84,4.22,0.436,0.442,-0.006,2015-16
203613,Jonathon Simmons,1610612759,SAS,G-F,26.0,50,50,1.0,2.04,4.18,0.488,0.433,0.055,2015-16
1626147,Justin Anderson,1610612742,DAL,G-F,22.0,46,46,1.0,1.91,4.17,0.458,0.44,0.019,2015-16
203515,Phil Pressey,1610612757,POR,G,25.0,20,20,1.0,1.75,4.1,0.427,0.43,-0.003,2015-16
203894,Shabazz Napier,1610612753,ORL,G,24.0,46,46,1.0,1.8,4.07,0.444,0.425,0.019,2015-16
203996,Damien Inglis,1610612749,MIL,F,21.0,14,14,1.0,1.79,4.07,0.439,0.437,0.002,2015-16
202407,Elijah Millsap,1610612762,UTA,G-F,28.0,16,16,1.0,1.63,4.06,0.4,0.445,-0.045,2015-16
203934,Lamar Patterson,1610612737,ATL,G-F,24.0,32,32,1.0,1.94,4.03,0.481,0.44,0.04,2015-16
203961,Eric Moreland,1610612758,SAC,F-C,24.0,5,5,1.0,1.6,4.0,0.4,0.459,-0.059,2015-16
2406,Caron Butler,1610612758,SAC,F,36.0,13,13,1.0,1.92,4.0,0.481,0.461,0.02,2015-16
2034,Mike Miller,1610612743,DEN,G-F,36.0,36,36,1.0,1.75,3.97,0.441,0.433,0.007,2015-16
203922,Glenn Robinson III,1610612754,IND,G-F,22.0,39,39,1.0,1.67,3.95,0.422,0.434,-0.012,2015-16
203099,Jared Cunningham,1610612739,CLE,G,25.0,30,30,1.0,1.73,3.93,0.441,0.433,0.007,2015-16
203098,John Jenkins,1610612756,PHX,G,25.0,36,36,1.0,1.69,3.92,0.433,0.435,-0.002,2015-16
203915,Spencer Dinwiddie,1610612741,CHI,G,23.0,11,11,1.0,1.73,3.91,0.442,0.437,0.005,2015-16
203148,Brian Roberts,1610612757,POR,G,30.0,44,44,1.0,1.66,3.91,0.424,0.43,-0.006,2015-16
2446,Rasual Butler,1610612759,SAS,F,37.0,36,36,1.0,1.47,3.86,0.381,0.422,-0.04,2015-16
203940,Adreian Payne,1610612750,MIN,F,25.0,46,46,1.0,1.91,3.85,0.497,0.467,0.03,2015-16
203584,Troy Daniels,1610612766,CHA,G,24.0,36,36,1.0,1.47,3.78,0.39,0.431,-0.041,2015-16
2588,Matt Bonner,1610612759,SAS,C-F,36.0,23,23,1.0,1.61,3.78,0.425,0.437,-0.012,2015-16
203100,Tony Wroten,1610612752,NYK,G,23.0,8,8,1.0,2.13,3.75,0.567,0.424,0.143,2015-16
204014,Damjan Rudez,1610612750,MIN,F,30.0,27,27,1.0,1.59,3.67,0.434,0.444,-0.009,2015-16
2571,Leandro Barbosa,1610612744,GSW,G,33.0,68,68,1.0,1.63,3.63,0.449,0.431,0.018,2015-16
203906,Devyn Marble,1610612753,ORL,F,23.0,22,22,1.0,1.73,3.59,0.481,0.427,0.054,2015-16
1626202,Joe Young,1610612754,IND,G,24.0,33,33,1.0,1.58,3.55,0.444,0.427,0.017,2015-16
203923,James Young,1610612738,BOS,G-F,20.0,21,21,1.0,1.86,3.52,0.527,0.433,0.094,2015-16
201971,DeJuan Blair,1610612764,WAS,C-F,27.0,23,23,1.0,1.65,3.52,0.469,0.468,0.001,2015-16
203895,Jordan McRae,1610612739,CLE,G,25.0,16,16,1.0,1.5,3.5,0.429,0.412,0.017,2015-16
1626153,Delon Wright,1610612761,TOR,G,24.0,18,18,1.0,1.44,3.5,0.413,0.423,-0.01,2015-16
203546,Ian Clark,1610612744,GSW,G,25.0,51,51,1.0,1.76,3.39,0.52,0.427,0.094,2015-16
203142,Chris Copeland,1610612749,MIL,F,32.0,20,20,1.0,1.75,3.35,0.522,0.44,0.082,2015-16
203909,KJ McDaniels,1610612745,HOU,G-F,23.0,25,25,1.0,1.44,3.2,0.45,0.429,0.021,2015-16
1626199,Darrun Hilliard,1610612765,DET,F,23.0,27,27,1.0,1.41,3.19,0.442,0.426,0.016,2015-16
203949,James Michael McAdoo,1610612744,GSW,F,23.0,34,34,1.0,1.56,3.15,0.495,0.44,0.055,2015-16
201603,Sonny Weems,1610612756,PHX,G-F,29.0,35,35,1.0,1.63,3.14,0.518,0.438,0.08,2015-16
2549,Chris Kaman,1610612757,POR,C,34.0,15,15,1.0,1.47,3.13,0.468,0.483,-0.015,2015-16
203912,C.J. Wilcox,1610612746,LAC,G,25.0,18,18,1.0,1.0,3.11,0.321,0.424,-0.102,2015-16
200811,Lou Amundson,1610612752,NYK,F,33.0,28,28,1.0,1.25,3.11,0.402,0.452,-0.05,2015-16
2592,James Jones,1610612739,CLE,G-F,35.0,39,39,1.0,1.49,3.08,0.483,0.451,0.033,2015-16
201202,Joel Anthony,1610612765,DET,C,33.0,17,17,1.0,1.76,3.06,0.577,0.465,0.112,2015-16
204067,Jarell Eddie,1610612764,WAS,G-F,24.0,15,15,1.0,1.13,3.0,0.378,0.421,-0.044,2015-16
1626155,Sam Dekker,1610612745,HOU,F,22.0,1,1,1.0,1.0,3.0,0.333,0.455,-0.122,2015-16
203893,Russ Smith,1610612763,MEM,G,25.0,8,8,1.0,1.75,3.0,0.583,0.438,0.145,2015-16
203946,Cameron Bairstow,1610612765,DET,F-C,25.0,15,15,1.0,1.07,2.93,0.364,0.45,-0.086,2015-16
1626154,RJ Hunter,1610612738,BOS,G,22.0,26,26,1.0,1.35,2.88,0.467,0.419,0.048,2015-16
201965,Jeff Ayres,1610612746,LAC,F-C,29.0,15,15,1.0,1.53,2.87,0.535,0.432,0.103,2015-16
1626172,Kevon Looney,1610612744,GSW,F,20.0,5,5,1.0,1.4,2.8,0.5,0.425,0.075,2015-16
1626179,Terry Rozier,1610612738,BOS,G,22.0,29,29,1.0,1.45,2.79,0.519,0.431,0.088,2015-16
201946,Tyler Hansbrough,1610612766,CHA,F,30.0,35,35,1.0,1.46,2.77,0.526,0.464,0.062,2015-16
2617,Udonis Haslem,1610612748,MIA,F,36.0,29,29,1.0,1.48,2.76,0.538,0.448,0.089,2015-16
202726,Andrew Goudelock,1610612745,HOU,G,27.0,4,4,1.0,1.0,2.75,0.364,0.429,-0.066,2015-16
1626146,Cliff Alexander,1610612757,POR,F,20.0,6,6,1.0,1.0,2.67,0.375,0.511,-0.136,2015-16
200779,Steve Novak,1610612749,MIL,F,33.0,8,8,1.0,1.0,2.5,0.4,0.428,-0.028,2015-16
203919,Jordan Adams,1610612763,MEM,G,21.0,2,2,1.0,1.5,2.5,0.6,0.46,0.14,2015-16
203461,Anthony Bennett,1610612761,TOR,F,23.0,12,12,1.0,1.67,2.5,0.667,0.436,0.231,2015-16
202343,Elliot Williams,1610612766,CHA,G,27.0,5,5,1.0,0.8,2.4,0.333,0.414,-0.08,2015-16
203475,Erick Green,1610612743,DEN,G,25.0,6,6,1.0,1.17,2.33,0.5,0.417,0.083,2015-16
203963,Shayne Whittington,1610612754,IND,F-C,25.0,6,6,1.0,1.0,2.33,0.429,0.433,-0.005,2015-16
203956,Mitch McGary,1610612760,OKC,F,24.0,13,13,1.0,1.0,2.31,0.433,0.467,-0.034,2015-16
1626192,Pat Connaughton,1610612757,POR,G,23.0,19,19,1.0,0.68,2.26,0.302,0.416,-0.114,2015-16
203485,Lorenzo Brown,1610612765,DET,G,25.0,8,8,1.0,1.38,2.25,0.611,0.437,0.174,2015-16
203268,Jorge Gutierrez,1610612766,CHA,G,27.0,10,10,1.0,0.8,2.2,0.364,0.404,-0.04,2015-16
1626175,Jordan Mickey,1610612738,BOS,F,21.0,12,12,1.0,0.67,2.08,0.32,0.457,-0.137,2015-16
201619,Sasha Kaun,1610612739,CLE,C,31.0,15,15,1.0,0.73,2.07,0.355,0.433,-0.078,2015-16
1626183,Branden Dawson,1610612746,LAC,F,23.0,5,5,1.0,1.4,2.0,0.7,0.463,0.237,2015-16
1626266,JJ O'Brien,1610612762,UTA,F,24.0,1,1,1.0,1.0,2.0,0.5,0.339,0.161,2015-16
203925,Joe Harris,1610612739,CLE,G,24.0,3,3,1.0,1.67,2.0,0.833,0.427,0.406,2015-16
1737,Nazr Mohammed,1610612760,OKC,C,38.0,4,4,1.0,0.75,1.75,0.429,0.41,0.019,2015-16
203950,Jarnell Stokes,1610612763,MEM,F-C,22.0,5,5,1.0,0.6,1.6,0.375,0.448,-0.073,2015-16
1626151,Aaron Harrison,1610612766,CHA,G,21.0,16,16,1.0,0.56,1.56,0.36,0.443,-0.083,2015-16
1626242,Luis Montero,1610612757,POR,G,23.0,6,6,1.0,1.0,1.5,0.667,0.442,0.224,2015-16
202690,Jimmer Fredette,1610612759,SAS,G,27.0,5,5,1.0,1.0,1.4,0.714,0.441,0.274,2015-16
203951,Keith Appling,1610612753,ORL,G,24.0,3,3,1.0,0.0,1.33,0.0,0.421,-0.421,2015-16
204001,Kristaps Porziņģis,1610612752,NYK,F,21.0,66,66,1.0,7.2,16.77,0.429,0.464,-0.035,2016-17
200794,Paul Millsap,1610612737,ATL,F,32.0,69,69,1.0,7.54,15.94,0.473,0.46,0.013,2016-17
203110,Draymond Green,1610612744,GSW,F,27.0,76,76,1.0,6.39,15.89,0.402,0.461,-0.058,2016-17
203497,Rudy Gobert,1610612762,UTA,C,25.0,81,81,1.0,6.62,15.81,0.418,0.482,-0.063,2016-17
201577,Robin Lopez,1610612741,CHI,C,29.0,81,81,1.0,7.52,15.31,0.491,0.485,0.006,2016-17
1626157,Karl-Anthony Towns,1610612750,MIN,C,21.0,82,82,1.0,7.15,14.95,0.478,0.471,0.007,2016-17
202684,Tristan Thompson,1610612739,CLE,C,26.0,78,78,1.0,6.82,14.78,0.461,0.468,-0.007,2016-17
201143,Al Horford,1610612738,BOS,C,31.0,68,68,1.0,6.82,14.62,0.467,0.466,0.0,2016-17
203999,Nikola Jokić,1610612743,DEN,F-C,22.0,72,72,1.0,7.71,14.4,0.535,0.487,0.048,2016-17
1626167,Myles Turner,1610612754,IND,C,21.0,80,80,1.0,6.5,14.38,0.452,0.477,-0.025,2016-17
203076,Anthony Davis,1610612740,NOP,F-C,24.0,75,75,1.0,5.91,14.31,0.413,0.477,-0.064,2016-17
101162,Marcin Gortat,1610612764,WAS,C,33.0,82,82,1.0,7.3,14.3,0.511,0.481,0.03,2016-17
203476,Gorgui Dieng,1610612750,MIN,F-C,27.0,82,82,1.0,7.04,14.1,0.499,0.473,0.026,2016-17
201599,DeAndre Jordan,1610612746,LAC,C,28.0,81,81,1.0,6.36,13.99,0.455,0.478,-0.024,2016-17
202326,DeMarcus Cousins,1610612740,NOP,F-C,26.0,72,72,1.0,6.38,13.99,0.456,0.479,-0.023,2016-17
203500,Steven Adams,1610612760,OKC,C,23.0,80,80,1.0,6.5,13.73,0.474,0.475,-0.001,2016-17
201567,Kevin Love,1610612739,CLE,F,28.0,60,60,1.0,6.38,13.53,0.472,0.463,0.009,2016-17
201572,Brook Lopez,1610612751,BKN,C,29.0,75,75,1.0,6.19,13.48,0.459,0.478,-0.019,2016-17
203952,Andrew Wiggins,1610612750,MIN,F,22.0,82,82,1.0,6.61,13.38,0.494,0.457,0.037,2016-17
203954,Joel Embiid,1610612755,PHI,C,23.0,31,31,1.0,5.45,13.26,0.411,0.478,-0.067,2016-17
201935,James Harden,1610612745,HOU,G,27.0,81,81,1.0,5.99,13.16,0.455,0.45,0.005,2016-17
1626159,Justise Winslow,1610612748,MIA,F,21.0,18,18,1.0,6.33,13.11,0.483,0.456,0.027,2016-17
202355,Hassan Whiteside,1610612748,MIA,C,28.0,77,77,1.0,5.96,12.97,0.459,0.484,-0.025,2016-17
203077,Michael Kidd-Gilchrist,1610612766,CHA,F,23.0,81,81,1.0,5.88,12.95,0.454,0.456,-0.003,2016-17
201142,Kevin Durant,1610612744,GSW,F,28.0,61,61,1.0,5.13,12.93,0.397,0.456,-0.06,2016-17
201586,Serge Ibaka,1610612761,TOR,F,27.0,79,79,1.0,6.05,12.87,0.47,0.467,0.003,2016-17
201933,Blake Griffin,1610612746,LAC,F,28.0,61,61,1.0,5.62,12.79,0.44,0.465,-0.026,2016-17
202696,Nikola Vučević,1610612753,ORL,C,26.0,75,75,1.0,5.89,12.65,0.466,0.48,-0.014,2016-17
200746,LaMarcus Aldridge,1610612759,SAS,F,31.0,71,71,1.0,5.14,12.58,0.409,0.467,-0.059,2016-17
203991,Clint Capela,1610612745,HOU,C,23.0,65,65,1.0,6.11,12.48,0.49,0.478,0.012,2016-17
203460,Andre Roberson,1610612760,OKC,F,25.0,79,79,1.0,5.13,12.25,0.418,0.457,-0.039,2016-17
203944,Julius Randle,1610612747,LAL,F,22.0,74,74,1.0,6.14,12.15,0.505,0.47,0.035,2016-17
201950,Jrue Holiday,1610612740,NOP,G,27.0,67,67,1.0,4.79,12.01,0.399,0.446,-0.047,2016-17
202693,Markieff Morris,1610612764,WAS,F,27.0,76,76,1.0,5.57,11.97,0.465,0.463,0.002,2016-17
202699,Tobias Harris,1610612765,DET,F,24.0,82,82,1.0,5.54,11.89,0.466,0.457,0.009,2016-17
203486,Mason Plumlee,1610612743,DEN,C,27.0,81,81,1.0,5.79,11.88,0.488,0.481,0.007,2016-17
203468,CJ McCollum,1610612757,POR,G,25.0,80,80,1.0,5.44,11.86,0.458,0.439,0.019,2016-17
201163,Wilson Chandler,1610612743,DEN,F,30.0,70,70,1.0,5.11,11.81,0.433,0.46,-0.027,2016-17
202331,Paul George,1610612754,IND,F,27.0,74,74,1.0,5.3,11.78,0.45,0.457,-0.008,2016-17
202689,Kemba Walker,1610612766,CHA,G,27.0,79,79,1.0,5.19,11.75,0.442,0.447,-0.006,2016-17
203507,Giannis Antetokounmpo,1610612749,MIL,F-G,22.0,80,80,1.0,4.88,11.71,0.416,0.464,-0.047,2016-17
201144,Mike Conley,1610612763,MEM,G,29.0,69,69,1.0,5.13,11.64,0.441,0.45,-0.009,2016-17
201588,George Hill,1610612762,UTA,G,31.0,49,49,1.0,5.43,11.53,0.471,0.451,0.019,2016-17
2544,LeBron James,1610612739,CLE,F,32.0,74,74,1.0,4.85,11.5,0.422,0.456,-0.034,2016-17
2199,Tyson Chandler,1610612756,PHX,C,34.0,45,45,1.0,5.73,11.49,0.499,0.487,0.012,2016-17
201152,Thaddeus Young,1610612754,IND,F,29.0,73,73,1.0,5.01,11.48,0.437,0.461,-0.025,2016-17
201188,Marc Gasol,1610612763,MEM,C,32.0,74,74,1.0,5.28,11.46,0.461,0.481,-0.02,2016-17
2200,Pau Gasol,1610612759,SAS,C,36.0,63,63,1.0,5.51,11.46,0.481,0.481,0.0,2016-17
203953,Jabari Parker,1610612749,MIL,F,22.0,51,51,1.0,5.29,11.45,0.462,0.459,0.004,2016-17
203081,Damian Lillard,1610612757,POR,G,26.0,75,75,1.0,5.19,11.44,0.453,0.441,0.012,2016-17
202329,Al-Farouq Aminu,1610612757,POR,F,26.0,61,61,1.0,5.1,11.41,0.447,0.463,-0.016,2016-17
202339,Eric Bledsoe,1610612756,PHX,G,27.0,64,64,1.0,5.66,11.31,0.5,0.448,0.052,2016-17
203078,Bradley Beal,1610612764,WAS,G,24.0,77,77,1.0,5.08,11.26,0.451,0.445,0.006,2016-17
203458,Alex Len,1610612756,PHX,C,24.0,75,75,1.0,5.23,11.24,0.465,0.476,-0.011,2016-17
201976,Patrick Beverley,1610612745,HOU,G,28.0,67,67,1.0,5.18,11.22,0.461,0.447,0.015,2016-17
203496,Robert Covington,1610612755,PHI,F,26.0,67,67,1.0,4.79,11.21,0.427,0.454,-0.026,2016-17
101107,Marvin Williams,1610612766,CHA,F,31.0,76,76,1.0,5.0,11.21,0.446,0.463,-0.017,2016-17
203083,Andre Drummond,1610612765,DET,C,23.0,81,81,1.0,5.75,11.15,0.516,0.484,0.032,2016-17
201568,Danilo Gallinari,1610612743,DEN,F,28.0,62,62,1.0,4.82,11.15,0.433,0.448,-0.015,2016-17
1626163,Frank Kaminsky,1610612766,CHA,C,24.0,75,75,1.0,5.19,11.15,0.465,0.461,0.004,2016-17
203506,Victor Oladipo,1610612760,OKC,G,25.0,67,67,1.0,5.16,11.0,0.469,0.448,0.022,2016-17
1626143,Jahlil Okafor,1610612755,PHI,C,21.0,50,50,1.0,5.42,10.96,0.495,0.477,0.017,2016-17
200752,Rudy Gay,1610612758,SAC,F,30.0,30,30,1.0,4.83,10.9,0.443,0.459,-0.016,2016-17
203901,Elfrid Payton,1610612753,ORL,G,23.0,82,82,1.0,4.87,10.87,0.448,0.445,0.002,2016-17
1626164,Devin Booker,1610612756,PHX,G,20.0,76,76,1.0,4.87,10.82,0.45,0.445,0.005,2016-17
201949,James Johnson,1610612748,MIA,F,30.0,76,76,1.0,4.36,10.76,0.405,0.453,-0.048,2016-17
1717,Dirk Nowitzki,1610612742,DAL,F,39.0,53,53,1.0,5.23,10.7,0.489,0.476,0.012,2016-17
202720,Jon Leuer,1610612765,DET,F,28.0,75,75,1.0,5.16,10.65,0.484,0.455,0.029,2016-17
202685,Jonas Valanciunas,1610612761,TOR,C,25.0,79,79,1.0,5.14,10.58,0.486,0.485,0.0,2016-17
203490,Otto Porter Jr.,1610612764,WAS,F,24.0,80,80,1.0,5.04,10.55,0.477,0.453,0.024,2016-17
202691,Klay Thompson,1610612744,GSW,G,27.0,78,78,1.0,4.47,10.55,0.424,0.449,-0.025,2016-17
201565,Derrick Rose,1610612752,NYK,G,28.0,64,64,1.0,4.48,10.53,0.426,0.447,-0.021,2016-17
203079,Dion Waiters,1610612748,MIA,G,25.0,46,46,1.0,4.33,10.5,0.412,0.448,-0.036,2016-17
201960,DeMarre Carroll,1610612761,TOR,F,30.0,71,71,1.0,4.41,10.49,0.42,0.458,-0.037,2016-17
200768,Kyle Lowry,1610612761,TOR,G,31.0,59,59,1.0,4.92,10.47,0.469,0.445,0.025,2016-17
203994,Jusuf Nurkić,1610612757,POR,C,22.0,63,63,1.0,5.05,10.44,0.483,0.485,-0.001,2016-17
201583,Ryan Anderson,1610612745,HOU,F,29.0,72,72,1.0,5.14,10.4,0.494,0.462,0.032,2016-17
202391,Jeremy Lin,1610612751,BKN,G,28.0,35,35,1.0,4.37,10.4,0.42,0.449,-0.028,2016-17
203482,Kelly Olynyk,1610612738,BOS,C-F,26.0,75,75,1.0,4.91,10.36,0.474,0.459,0.015,2016-17
203967,Dario Saric,1610612755,PHI,F,23.0,81,81,1.0,4.84,10.36,0.467,0.457,0.01,2016-17
202710,Jimmy Butler III,1610612741,CHI,F,27.0,76,76,1.0,4.39,10.36,0.424,0.457,-0.032,2016-17
202083,Wesley Matthews,1610612742,DAL,G-F,30.0,72,72,1.0,4.56,10.28,0.443,0.452,-0.009,2016-17
201952,Jeff Teague,1610612754,IND,G,29.0,81,81,1.0,4.7,10.23,0.46,0.446,0.013,2016-17
201149,Joakim Noah,1610612752,NYK,C,32.0,46,46,1.0,5.11,10.17,0.502,0.483,0.019,2016-17
101108,Chris Paul,1610612746,LAC,G,32.0,61,61,1.0,4.8,10.16,0.473,0.45,0.022,2016-17
202687,Bismack Biyombo,1610612753,ORL,C-F,24.0,81,81,1.0,5.02,10.15,0.495,0.472,0.023,2016-17
201980,Danny Green,1610612759,SAS,G-F,30.0,67,67,1.0,4.31,10.15,0.425,0.455,-0.03,2016-17
1627826,Ivica Zubac,1610612747,LAL,C,20.0,36,36,1.0,5.11,10.14,0.504,0.489,0.016,2016-17
203109,Jae Crowder,1610612738,BOS,F,26.0,72,72,1.0,4.08,10.13,0.403,0.453,-0.05,2016-17
201937,Ricky Rubio,1610612750,MIN,G,26.0,75,75,1.0,4.64,10.12,0.458,0.453,0.006,2016-17
203469,Cody Zeller,1610612766,CHA,C,24.0,62,62,1.0,4.94,10.11,0.488,0.482,0.006,2016-17
203084,Harrison Barnes,1610612742,DAL,F,25.0,78,78,1.0,4.72,10.09,0.468,0.461,0.006,2016-17
1626149,Montrezl Harrell,1610612745,HOU,F,23.0,57,57,1.0,4.6,10.05,0.457,0.466,-0.008,2016-17
2736,Luol Deng,1610612747,LAL,F,32.0,56,56,1.0,4.73,10.05,0.471,0.457,0.014,2016-17
2546,Carmelo Anthony,1610612752,NYK,F,33.0,74,74,1.0,4.38,10.01,0.437,0.455,-0.018,2016-17
101112,Channing Frye,1610612739,CLE,F,34.0,74,74,1.0,4.85,10.0,0.485,0.468,0.017,2016-17
204020,Tyler Johnson,1610612748,MIA,G,25.0,73,73,1.0,4.37,10.0,0.437,0.438,-0.001,2016-17
1626196,Josh Richardson,1610612748,MIA,G,23.0,53,53,1.0,4.04,9.96,0.405,0.44,-0.035,2016-17
202340,Avery Bradley,1610612738,BOS,G,26.0,55,55,1.0,4.55,9.96,0.456,0.444,0.012,2016-17
202681,Kyrie Irving,1610612739,CLE,G,25.0,72,72,1.0,4.94,9.94,0.497,0.447,0.05,2016-17
2730,Dwight Howard,1610612737,ATL,C,31.0,74,74,1.0,4.31,9.89,0.436,0.482,-0.046,2016-17
202066,Garrett Temple,1610612758,SAC,G,31.0,65,65,1.0,4.4,9.88,0.445,0.443,0.003,2016-17
202324,Derrick Favors,1610612762,UTA,F-C,25.0,50,50,1.0,4.6,9.88,0.466,0.471,-0.005,2016-17
203120,Justin Hamilton,1610612751,BKN,C,27.0,62,62,1.0,4.71,9.82,0.479,0.469,0.01,2016-17
203093,Terrence Jones,1610612749,MIL,F,25.0,51,51,1.0,4.71,9.82,0.479,0.468,0.011,2016-17
201959,Taj Gibson,1610612760,OKC,F,32.0,78,78,1.0,4.45,9.81,0.454,0.466,-0.013,2016-17
202389,Timofey Mozgov,1610612747,LAL,C,30.0,54,54,1.0,4.5,9.8,0.459,0.479,-0.02,2016-17
200757,Thabo Sefolosha,1610612737,ATL,F,33.0,62,62,1.0,4.48,9.79,0.458,0.459,-0.001,2016-17
202344,Trevor Booker,1610612751,BKN,F,29.0,70,70,1.0,4.31,9.79,0.441,0.462,-0.021,2016-17
203090,Maurice Harkless,1610612757,POR,F,24.0,77,77,1.0,3.88,9.78,0.397,0.458,-0.061,2016-17
203471,Dennis Schröder,1610612737,ATL,G,23.0,79,79,1.0,4.2,9.76,0.431,0.445,-0.014,2016-17
203524,Solomon Hill,1610612740,NOP,F,26.0,80,80,1.0,4.21,9.76,0.431,0.454,-0.022,2016-17
202683,Enes Freedom,1610612760,OKC,C,25.0,72,72,1.0,4.53,9.69,0.467,0.472,-0.005,2016-17
202704,Reggie Jackson,1610612765,DET,G,27.0,52,52,1.0,4.6,9.67,0.475,0.446,0.029,2016-17
201609,Goran Dragic,1610612748,MIA,G,31.0,73,73,1.0,4.29,9.66,0.444,0.445,-0.001,2016-17
101161,Amir Johnson,1610612738,BOS,F,30.0,80,80,1.0,4.4,9.63,0.457,0.48,-0.022,2016-17
201967,Dante Cunningham,1610612740,NOP,F,30.0,66,66,1.0,4.5,9.61,0.468,0.456,0.013,2016-17
202694,Marcus Morris Sr.,1610612765,DET,F,27.0,79,79,1.0,4.04,9.53,0.424,0.461,-0.038,2016-17
202323,Evan Turner,1610612757,POR,G-F,28.0,65,65,1.0,4.18,9.52,0.439,0.452,-0.013,2016-17
1627746,Skal Labissiere,1610612758,SAC,F-C,21.0,30,30,1.0,4.33,9.5,0.456,0.468,-0.011,2016-17
204002,Edy Tavares,1610612739,CLE,C,25.0,2,2,1.0,4.0,9.5,0.421,0.455,-0.034,2016-17
201584,Courtney Lee,1610612752,NYK,G,31.0,77,77,1.0,4.38,9.47,0.462,0.45,0.012,2016-17
202322,John Wall,1610612764,WAS,G,26.0,78,78,1.0,3.99,9.46,0.421,0.445,-0.024,2016-17
203210,JaMychal Green,1610612763,MEM,F,27.0,77,77,1.0,3.99,9.44,0.422,0.46,-0.038,2016-17
203145,Kent Bazemore,1610612737,ATL,F-G,27.0,73,73,1.0,3.97,9.41,0.422,0.447,-0.025,2016-17
203512,Lucas Nogueira,1610612761,TOR,C,24.0,54,54,1.0,4.3,9.39,0.458,0.466,-0.009,2016-17
202397,Ish Smith,1610612765,DET,G,28.0,81,81,1.0,4.25,9.36,0.454,0.442,0.011,2016-17
203457,Nerlens Noel,1610612742,DAL,F-C,23.0,51,51,1.0,4.61,9.35,0.493,0.486,0.007,2016-17
1626210,Alan Williams,1610612756,PHX,F-C,24.0,40,40,1.0,4.13,9.33,0.442,0.472,-0.03,2016-17
101141,Ersan Ilyasova,1610612737,ATL,F,30.0,82,82,1.0,4.11,9.29,0.442,0.459,-0.017,2016-17
1626178,Rondae Hollis-Jefferson,1610612751,BKN,F,22.0,77,77,1.0,4.22,9.27,0.455,0.456,-0.001,2016-17
203095,Evan Fournier,1610612753,ORL,G,24.0,68,68,1.0,4.06,9.26,0.438,0.447,-0.009,2016-17
202703,Nikola Mirotic,1610612741,CHI,F,26.0,70,70,1.0,3.87,9.26,0.418,0.452,-0.034,2016-17
1626158,Richaun Holmes,1610612755,PHI,F,23.0,57,57,1.0,4.6,9.19,0.5,0.471,0.029,2016-17
2772,Trevor Ariza,1610612745,HOU,F,32.0,80,80,1.0,4.24,9.18,0.462,0.456,0.006,2016-17
201939,Stephen Curry,1610612744,GSW,G,29.0,79,79,1.0,4.03,9.13,0.441,0.443,-0.002,2016-17
203935,Marcus Smart,1610612738,BOS,G,23.0,79,79,1.0,3.92,9.11,0.431,0.445,-0.015,2016-17
201587,Nicolas Batum,1610612766,CHA,G,28.0,77,77,1.0,4.06,9.08,0.448,0.45,-0.002,2016-17
203114,Khris Middleton,1610612749,MIL,G-F,25.0,29,29,1.0,3.9,9.03,0.431,0.45,-0.018,2016-17
101133,Ian Mahinmi,1610612764,WAS,C,30.0,31,31,1.0,4.29,9.0,0.477,0.465,0.012,2016-17
202695,Kawhi Leonard,1610612759,SAS,F,26.0,73,73,1.0,3.97,9.0,0.441,0.457,-0.015,2016-17
203932,Aaron Gordon,1610612753,ORL,F,21.0,80,80,1.0,3.93,8.99,0.437,0.455,-0.019,2016-17
1626195,Willy Hernangomez,1610612752,NYK,C,23.0,72,72,1.0,4.56,8.97,0.508,0.475,0.033,2016-17
201569,Eric Gordon,1610612745,HOU,G,28.0,75,75,1.0,3.68,8.93,0.412,0.447,-0.035,2016-17
1627742,Brandon Ingram,1610612747,LAL,F,19.0,78,78,1.0,4.18,8.88,0.47,0.45,0.02,2016-17
202328,Greg Monroe,1610612749,MIL,C,27.0,80,80,1.0,4.54,8.86,0.512,0.472,0.04,2016-17
203503,Tony Snell,1610612749,MIL,G-F,25.0,80,80,1.0,4.04,8.85,0.456,0.447,0.009,2016-17
202709,Cory Joseph,1610612761,TOR,G,25.0,79,79,1.0,4.04,8.84,0.457,0.44,0.017,2016-17
202335,Patrick Patterson,1610612761,TOR,F,28.0,65,65,1.0,3.34,8.83,0.378,0.454,-0.076,2016-17
2403,Nene,1610612745,HOU,C-F,34.0,67,67,1.0,4.34,8.81,0.493,0.467,0.026,2016-17
201601,Luc Mbah a Moute,1610612746,LAC,F,30.0,80,80,1.0,3.69,8.8,0.419,0.46,-0.041,2016-17
202738,Isaiah Thomas,1610612738,BOS,G,28.0,76,76,1.0,4.05,8.8,0.46,0.444,0.016,2016-17
2216,Zach Randolph,1610612763,MEM,F,35.0,73,73,1.0,4.29,8.79,0.488,0.47,0.018,2016-17
203501,Tim Hardaway Jr.,1610612737,ATL,G,25.0,78,78,1.0,3.53,8.77,0.402,0.442,-0.04,2016-17
2749,Jameer Nelson,1610612743,DEN,G,35.0,74,74,1.0,4.12,8.76,0.471,0.445,0.026,2016-17
203552,Seth Curry,1610612742,DAL,G,26.0,69,69,1.0,3.7,8.74,0.423,0.448,-0.025,2016-17
1626156,D'Angelo Russell,1610612747,LAL,G,21.0,62,62,1.0,4.26,8.73,0.488,0.453,0.035,2016-17
2440,Matt Barnes,1610612744,GSW,F,37.0,74,74,1.0,4.09,8.72,0.47,0.452,0.018,2016-17
1626204,Larry Nance Jr.,1610612747,LAL,F,24.0,62,62,1.0,4.34,8.68,0.5,0.465,0.035,2016-17
2594,Kyle Korver,1610612739,CLE,G,36.0,67,67,1.0,4.24,8.66,0.49,0.446,0.043,2016-17
201162,Jared Dudley,1610612756,PHX,F,31.0,64,64,1.0,3.8,8.63,0.44,0.461,-0.021,2016-17
203917,Nik Stauskas,1610612755,PHI,G,23.0,80,80,1.0,4.09,8.6,0.475,0.444,0.031,2016-17
203484,Kentavious Caldwell-Pope,1610612765,DET,G,24.0,76,76,1.0,3.91,8.58,0.456,0.448,0.008,2016-17
203897,Zach LaVine,1610612750,MIN,G,22.0,47,47,1.0,3.91,8.57,0.457,0.446,0.011,2016-17
203903,Jordan Clarkson,1610612747,LAL,G,25.0,82,82,1.0,4.04,8.57,0.471,0.444,0.027,2016-17
202711,Bojan Bogdanovic,1610612764,WAS,G,28.0,80,80,1.0,4.0,8.54,0.469,0.451,0.018,2016-17
203089,John Henson,1610612749,MIL,C-F,26.0,58,58,1.0,4.16,8.53,0.487,0.48,0.007,2016-17
202702,Kenneth Faried,1610612743,DEN,F,27.0,60,60,1.0,4.18,8.52,0.491,0.463,0.028,2016-17
201145,Jeff Green,1610612753,ORL,F,30.0,69,69,1.0,3.84,8.49,0.452,0.453,-0.001,2016-17
204028,Tarik Black,1610612747,LAL,C-F,25.0,67,67,1.0,3.91,8.48,0.461,0.481,-0.02,2016-17
202734,E'Twaun Moore,1610612740,NOP,G,28.0,73,73,1.0,4.07,8.47,0.481,0.448,0.033,2016-17
1628021,David Nwaba,1610612747,LAL,G,24.0,19,19,1.0,3.68,8.47,0.435,0.449,-0.014,2016-17
200782,P.J. Tucker,1610612761,TOR,F,32.0,79,79,1.0,3.81,8.46,0.451,0.455,-0.005,2016-17
203085,Austin Rivers,1610612746,LAC,G,24.0,74,74,1.0,3.74,8.36,0.447,0.443,0.005,2016-17
1627785,Isaiah Whitehead,1610612751,BKN,G,22.0,73,73,1.0,3.63,8.34,0.435,0.441,-0.006,2016-17
101135,David Lee,1610612759,SAS,F-C,34.0,78,78,1.0,3.67,8.33,0.44,0.46,-0.02,2016-17
2747,JR Smith,1610612739,CLE,G,31.0,41,41,1.0,3.68,8.32,0.443,0.444,-0.002,2016-17
204025,Tim Frazier,1610612740,NOP,G,26.0,65,65,1.0,3.49,8.32,0.42,0.443,-0.024,2016-17
203521,Matthew Dellavedova,1610612749,MIL,G,26.0,76,76,1.0,3.74,8.28,0.452,0.447,0.005,2016-17
202697,Iman Shumpert,1610612739,CLE,G,27.0,76,76,1.0,3.51,8.26,0.425,0.448,-0.023,2016-17
1627734,Domantas Sabonis,1610612760,OKC,F,21.0,81,81,1.0,3.79,8.23,0.46,0.466,-0.006,2016-17
203585,Rodney McGruder,1610612748,MIA,G,25.0,77,77,1.0,4.01,8.22,0.488,0.453,0.035,2016-17
1626144,Emmanuel Mudiay,1610612743,DEN,G,21.0,53,53,1.0,4.21,8.21,0.513,0.443,0.07,2016-17
1627737,Marquese Chriss,1610612756,PHX,F,19.0,80,80,1.0,4.16,8.21,0.507,0.466,0.041,2016-17
1627763,Malcolm Brogdon,1610612749,MIL,G,24.0,75,75,1.0,3.77,8.2,0.46,0.449,0.011,2016-17
201954,Darren Collison,1610612758,SAC,G,29.0,68,68,1.0,3.54,8.19,0.433,0.443,-0.01,2016-17
101114,Deron Williams,1610612739,CLE,G,33.0,62,62,1.0,3.65,8.19,0.445,0.441,0.004,2016-17
200755,JJ Redick,1610612746,LAC,G,33.0,78,78,1.0,3.95,8.17,0.484,0.453,0.031,2016-17
203933,T.J. Warren,1610612756,PHX,F,23.0,63,63,1.0,3.54,8.14,0.435,0.453,-0.019,2016-17
203473,Dewayne Dedmon,1610612759,SAS,C,27.0,75,75,1.0,3.27,8.09,0.404,0.467,-0.063,2016-17
203925,Joe Harris,1610612751,BKN,F-G,25.0,51,51,1.0,3.78,8.08,0.468,0.45,0.018,2016-17
2585,Zaza Pachulia,1610612744,GSW,C,33.0,70,70,1.0,4.4,8.07,0.545,0.482,0.063,2016-17
203115,Will Barton,1610612743,DEN,G-F,26.0,59,59,1.0,4.02,8.07,0.498,0.445,0.053,2016-17
203082,Terrence Ross,1610612753,ORL,F,26.0,77,77,1.0,3.83,8.06,0.475,0.441,0.034,2016-17
201585,Kosta Koufos,1610612758,SAC,C,28.0,71,71,1.0,3.75,8.04,0.466,0.485,-0.019,2016-17
201229,Anthony Tolliver,1610612758,SAC,F,32.0,64,64,1.0,3.94,8.03,0.49,0.457,0.033,2016-17
203962,Josh Huestis,1610612760,OKC,F,25.0,2,2,1.0,2.0,8.0,0.25,0.444,-0.194,2016-17
204456,T.J. McConnell,1610612755,PHI,G,25.0,81,81,1.0,3.7,8.0,0.463,0.443,0.02,2016-17
203488,Mike Muscala,1610612737,ATL,F-C,25.0,68,68,1.0,3.6,7.99,0.451,0.463,-0.011,2016-17
203914,Gary Harris,1610612743,DEN,G,22.0,55,55,1.0,4.11,7.98,0.515,0.446,0.069,2016-17
202330,Gordon Hayward,1610612762,UTA,F,27.0,73,73,1.0,3.34,7.93,0.421,0.451,-0.03,2016-17
101106,Andrew Bogut,1610612739,CLE,C,32.0,27,27,1.0,3.74,7.93,0.472,0.483,-0.011,2016-17
201942,DeMar DeRozan,1610612761,TOR,G,27.0,73,73,1.0,3.52,7.93,0.444,0.448,-0.004,2016-17
2210,Richard Jefferson,1610612739,CLE,F,37.0,79,79,1.0,3.42,7.89,0.433,0.444,-0.01,2016-17
1626161,Willie Cauley-Stein,1610612758,SAC,C,23.0,75,75,1.0,3.69,7.88,0.469,0.469,0.0,2016-17
1627741,Buddy Hield,1610612758,SAC,G,24.0,81,81,1.0,3.85,7.86,0.49,0.446,0.044,2016-17
200765,Rajon Rondo,1610612741,CHI,G,31.0,69,69,1.0,3.77,7.86,0.48,0.45,0.03,2016-17
1627835,Paul Zipser,1610612741,CHI,F,23.0,41,41,1.0,3.63,7.8,0.466,0.447,0.019,2016-17
201578,Marreese Speights,1610612746,LAC,F-C,29.0,82,82,1.0,3.7,7.76,0.476,0.471,0.005,2016-17
203915,Spencer Dinwiddie,1610612751,BKN,G,24.0,57,57,1.0,3.56,7.72,0.461,0.44,0.021,2016-17
203086,Meyers Leonard,1610612757,POR,F-C,25.0,73,73,1.0,3.73,7.68,0.485,0.475,0.01,2016-17
203124,Kyle O'Quinn,1610612752,NYK,C-F,27.0,79,79,1.0,3.47,7.68,0.451,0.476,-0.025,2016-17
202357,Nemanja Bjelica,1610612750,MIN,F,29.0,63,63,1.0,3.4,7.63,0.445,0.456,-0.011,2016-17
2754,Tony Allen,1610612763,MEM,G-F,35.0,70,70,1.0,3.39,7.63,0.444,0.452,-0.008,2016-17
202714,Shelvin Mack,1610612762,UTA,G,27.0,54,54,1.0,3.41,7.59,0.449,0.448,0.001,2016-17
1627848,Shawn Long,1610612755,PHI,F,24.0,17,17,1.0,3.65,7.59,0.481,0.458,0.023,2016-17
2738,Andre Iguodala,1610612744,GSW,G-F,33.0,76,76,1.0,3.17,7.58,0.418,0.446,-0.027,2016-17
1626245,Cristiano Felicio,1610612741,CHI,F-C,24.0,66,66,1.0,3.68,7.58,0.486,0.464,0.022,2016-17
1627783,Pascal Siakam,1610612761,TOR,F,23.0,53,53,1.0,3.7,7.58,0.488,0.459,0.029,2016-17
2548,Dwyane Wade,1610612741,CHI,G,35.0,60,60,1.0,3.42,7.55,0.453,0.452,0.001,2016-17
101145,Monta Ellis,1610612754,IND,G,31.0,73,73,1.0,3.37,7.55,0.446,0.441,0.005,2016-17
1627750,Jamal Murray,1610612743,DEN,G,20.0,81,81,1.0,3.25,7.54,0.43,0.439,-0.009,2016-17
203922,Glenn Robinson III,1610612754,IND,G-F,23.0,66,66,1.0,3.26,7.52,0.433,0.445,-0.011,2016-17
1627827,Dorian Finney-Smith,1610612742,DAL,F,24.0,78,78,1.0,3.44,7.51,0.457,0.45,0.007,2016-17
203930,Sean Kilpatrick,1610612751,BKN,G,27.0,69,69,1.0,3.75,7.49,0.501,0.448,0.053,2016-17
1627786,Troy Williams,1610612745,HOU,F,22.0,25,25,1.0,3.04,7.48,0.406,0.438,-0.032,2016-17
201156,Nick Young,1610612747,LAL,G-F,32.0,60,60,1.0,3.82,7.47,0.511,0.448,0.064,2016-17
203926,Doug McDermott,1610612760,OKC,F,25.0,65,65,1.0,3.62,7.45,0.486,0.446,0.04,2016-17
1627812,Yogi Ferrell,1610612742,DAL,G,24.0,46,46,1.0,3.67,7.43,0.494,0.441,0.053,2016-17
201945,Gerald Henderson,1610612755,PHI,G,29.0,71,71,1.0,3.39,7.41,0.458,0.446,0.012,2016-17
203943,Noah Vonleh,1610612757,POR,F,21.0,72,72,1.0,3.22,7.4,0.435,0.465,-0.03,2016-17
1626155,Sam Dekker,1610612745,HOU,F,23.0,77,77,1.0,3.32,7.4,0.449,0.45,-0.001,2016-17
201566,Russell Westbrook,1610612760,OKC,G,28.0,80,80,1.0,3.58,7.36,0.486,0.452,0.033,2016-17
1627834,Georgios Papagiannis,1610612758,SAC,C,19.0,21,21,1.0,3.57,7.29,0.49,0.488,0.002,2016-17
201150,Spencer Hawes,1610612749,MIL,F-C,29.0,50,50,1.0,3.48,7.26,0.479,0.463,0.016,2016-17
201167,Arron Afflalo,1610612758,SAC,G,31.0,61,61,1.0,3.66,7.25,0.505,0.453,0.051,2016-17
101109,Raymond Felton,1610612746,LAC,G,33.0,80,80,1.0,2.98,7.25,0.41,0.438,-0.027,2016-17
203516,James Ennis III,1610612763,MEM,F,26.0,63,63,1.0,3.16,7.21,0.438,0.455,-0.017,2016-17
201582,Alexis Ajinca,1610612740,NOP,C,29.0,39,39,1.0,3.41,7.18,0.475,0.476,-0.001,2016-17
201160,Jason Smith,1610612764,WAS,F-C,31.0,73,73,1.0,3.27,7.16,0.457,0.458,-0.001,2016-17
203939,Dwight Powell,1610612742,DAL,F-C,25.0,74,74,1.0,3.51,7.11,0.494,0.464,0.031,2016-17
202688,Brandon Knight,1610612756,PHX,G,25.0,53,53,1.0,3.19,7.06,0.452,0.442,0.01,2016-17
203918,Rodney Hood,1610612762,UTA,G,24.0,59,59,1.0,3.32,7.03,0.472,0.447,0.025,2016-17
1713,Vince Carter,1610612763,MEM,G-F,40.0,73,73,1.0,2.9,7.01,0.414,0.451,-0.036,2016-17
1626150,Andrew Harrison,1610612763,MEM,G,22.0,68,68,1.0,2.94,7.0,0.42,0.435,-0.015,2016-17
201575,Brandon Rush,1610612750,MIN,G-F,31.0,43,43,1.0,2.84,6.98,0.407,0.447,-0.04,2016-17
201600,Omer Asik,1610612740,NOP,C,30.0,31,31,1.0,3.68,6.97,0.528,0.487,0.041,2016-17
203957,Dante Exum,1610612762,UTA,G,21.0,65,65,1.0,2.88,6.91,0.416,0.445,-0.029,2016-17
203924,Jerami Grant,1610612760,OKC,F,23.0,78,78,1.0,2.83,6.9,0.411,0.456,-0.046,2016-17
2225,Tony Parker,1610612759,SAS,G,35.0,62,62,1.0,3.42,6.89,0.496,0.444,0.052,2016-17
201589,Darrell Arthur,1610612743,DEN,F,29.0,40,40,1.0,3.05,6.88,0.444,0.453,-0.009,2016-17
1626162,Kelly Oubre Jr.,1610612764,WAS,F,21.0,76,76,1.0,3.12,6.86,0.455,0.443,0.012,2016-17
202700,Donatas Motiejunas,1610612740,NOP,F-C,26.0,34,34,1.0,3.21,6.85,0.468,0.468,0.0,2016-17
203087,Jeremy Lamb,1610612766,CHA,G,25.0,61,61,1.0,3.31,6.85,0.483,0.442,0.041,2016-17
201961,Wayne Ellington,1610612748,MIA,G,29.0,62,62,1.0,3.15,6.85,0.459,0.441,0.017,2016-17
203459,Allen Crabbe,1610612757,POR,G,25.0,79,79,1.0,3.06,6.85,0.447,0.44,0.007,2016-17
1626171,Bobby Portis Jr.,1610612741,CHI,F,22.0,63,63,1.0,3.06,6.79,0.451,0.457,-0.006,2016-17
201158,Marco Belinelli,1610612766,CHA,G-F,31.0,74,74,1.0,3.05,6.78,0.45,0.439,0.011,2016-17
2561,David West,1610612744,GSW,F,36.0,68,68,1.0,2.9,6.74,0.43,0.466,-0.036,2016-17
202334,Ed Davis,1610612757,POR,F,28.0,44,44,1.0,3.41,6.73,0.507,0.469,0.038,2016-17
203200,Justin Holiday,1610612752,NYK,G,28.0,82,82,1.0,3.09,6.73,0.458,0.445,0.013,2016-17
201951,Ty Lawson,1610612758,SAC,G,29.0,69,69,1.0,3.22,6.72,0.478,0.439,0.04,2016-17
202337,Luke Babbitt,1610612748,MIA,F,28.0,65,65,1.0,3.11,6.71,0.463,0.46,0.003,2016-17
1627747,Caris LeVert,1610612751,BKN,G-F,22.0,56,56,1.0,3.11,6.71,0.463,0.448,0.015,2016-17
201148,Brandan Wright,1610612763,MEM,F,29.0,26,26,1.0,2.81,6.69,0.42,0.463,-0.044,2016-17
203382,Aron Baynes,1610612765,DET,C-F,30.0,74,74,1.0,2.81,6.69,0.42,0.475,-0.055,2016-17
201975,Jodie Meeks,1610612753,ORL,G,29.0,36,36,1.0,3.06,6.64,0.46,0.443,0.017,2016-17
202348,Jordan Crawford,1610612740,NOP,G,28.0,19,19,1.0,3.32,6.63,0.5,0.451,0.049,2016-17
1627780,Gary Payton II,1610612749,MIL,G,24.0,5,5,1.0,3.4,6.6,0.515,0.45,0.065,2016-17
201177,Josh McRoberts,1610612748,MIA,F,30.0,22,22,1.0,3.59,6.59,0.545,0.472,0.073,2016-17
203463,Ben McLemore,1610612758,SAC,G,24.0,59,59,1.0,3.07,6.59,0.465,0.442,0.023,2016-17
1627752,Taurean Prince,1610612737,ATL,F,23.0,57,57,1.0,3.07,6.58,0.467,0.448,0.018,2016-17
101150,Lou Williams,1610612745,HOU,G,30.0,81,81,1.0,3.01,6.57,0.459,0.441,0.017,2016-17
2207,Joe Johnson,1610612762,UTA,F-G,36.0,78,78,1.0,2.76,6.54,0.422,0.45,-0.029,2016-17
101127,Jarrett Jack,1610612740,NOP,G,33.0,2,2,1.0,4.0,6.5,0.615,0.44,0.176,2016-17
1627733,Dragan Bender,1610612756,PHX,F,19.0,39,39,1.0,3.0,6.49,0.462,0.458,0.005,2016-17
1627767,Cheick Diallo,1610612740,NOP,F,20.0,15,15,1.0,3.27,6.47,0.505,0.455,0.051,2016-17
1627884,Derrick Jones Jr.,1610612756,PHX,F,20.0,29,29,1.0,2.76,6.45,0.428,0.447,-0.019,2016-17
204060,Joe Ingles,1610612762,UTA,F,29.0,80,80,1.0,2.75,6.41,0.429,0.449,-0.02,2016-17
201563,Michael Beasley,1610612749,MIL,F,28.0,55,55,1.0,3.02,6.4,0.472,0.452,0.02,2016-17
201579,Roy Hibbert,1610612743,DEN,C,30.0,46,46,1.0,2.83,6.37,0.444,0.464,-0.02,2016-17
2564,Boris Diaw,1610612762,UTA,C-F,35.0,72,72,1.0,3.06,6.32,0.484,0.462,0.022,2016-17
1627823,Juancho Hernangomez,1610612743,DEN,F,21.0,54,54,1.0,2.96,6.26,0.473,0.454,0.019,2016-17
203487,Michael Carter-Williams,1610612741,CHI,G,25.0,44,44,1.0,2.55,6.23,0.409,0.445,-0.036,2016-17
203112,Quincy Acy,1610612751,BKN,F,26.0,36,36,1.0,2.72,6.22,0.438,0.457,-0.02,2016-17
204038,Langston Galloway,1610612758,SAC,G,25.0,72,72,1.0,2.6,6.22,0.417,0.438,-0.02,2016-17
201956,Omri Casspi,1610612750,MIN,F,29.0,35,35,1.0,3.17,6.2,0.512,0.449,0.063,2016-17
1627850,Marshall Plumlee,1610612752,NYK,C,24.0,15,15,1.0,3.13,6.2,0.505,0.47,0.035,2016-17
201936,Tyreke Evans,1610612758,SAC,G-F,27.0,40,40,1.0,2.88,6.18,0.466,0.441,0.025,2016-17
202730,Lavoy Allen,1610612754,IND,F-C,28.0,57,57,1.0,2.74,6.16,0.444,0.46,-0.015,2016-17
1626168,Trey Lyles,1610612762,UTA,F,21.0,70,70,1.0,2.8,6.14,0.456,0.457,-0.001,2016-17
1627758,Ron Baker,1610612752,NYK,G,24.0,48,48,1.0,2.6,6.13,0.425,0.447,-0.021,2016-17
101139,CJ Miles,1610612754,IND,F-G,30.0,75,75,1.0,2.6,6.09,0.427,0.44,-0.014,2016-17
2037,Jamal Crawford,1610612746,LAC,G,37.0,82,82,1.0,2.74,6.07,0.452,0.444,0.008,2016-17
201988,Patty Mills,1610612759,SAS,G,28.0,80,80,1.0,2.86,6.05,0.473,0.444,0.029,2016-17
201973,Jonas Jerebko,1610612738,BOS,F,30.0,78,78,1.0,2.79,6.03,0.464,0.454,0.01,2016-17
1627816,Alex Poythress,1610612755,PHI,F,23.0,6,6,1.0,2.67,6.0,0.444,0.456,-0.011,2016-17
202712,Justin Harper,1610612755,PHI,F,27.0,3,3,1.0,2.0,6.0,0.333,0.475,-0.142,2016-17
200826,J.J. Barea,1610612742,DAL,G,33.0,34,34,1.0,2.53,6.0,0.422,0.445,-0.024,2016-17
202498,Lance Thomas,1610612752,NYK,F,29.0,45,45,1.0,2.4,5.98,0.401,0.452,-0.051,2016-17
1627782,Wayne Selden,1610612763,MEM,G,22.0,12,12,1.0,2.5,5.92,0.423,0.436,-0.014,2016-17
203186,Willie Reed,1610612748,MIA,F-C,27.0,70,70,1.0,2.86,5.9,0.484,0.473,0.012,2016-17
203584,Troy Daniels,1610612763,MEM,G,25.0,65,65,1.0,2.58,5.89,0.439,0.438,0.001,2016-17
202722,Davis Bertans,1610612759,SAS,F,24.0,57,57,1.0,2.7,5.86,0.461,0.449,0.012,2016-17
201943,Brandon Jennings,1610612764,WAS,G,27.0,81,81,1.0,2.73,5.86,0.465,0.442,0.023,2016-17
1626170,Jerian Grant,1610612741,CHI,G,24.0,60,60,1.0,2.58,5.85,0.442,0.447,-0.005,2016-17
201571,D.J. Augustin,1610612753,ORL,G,29.0,78,78,1.0,2.71,5.81,0.466,0.436,0.03,2016-17
1626147,Justin Anderson,1610612755,PHI,G-F,23.0,66,66,1.0,2.59,5.79,0.448,0.448,-0.001,2016-17
203141,Mirza Teletovic,1610612749,MIL,F,31.0,70,70,1.0,2.71,5.76,0.471,0.453,0.019,2016-17
202682,Derrick Williams,1610612739,CLE,F,26.0,46,46,1.0,2.76,5.74,0.481,0.453,0.028,2016-17
1626257,Salah Mejri,1610612742,DAL,C,31.0,69,69,1.0,2.93,5.72,0.511,0.481,0.03,2016-17
1627855,Okaro White,1610612748,MIA,F,24.0,32,32,1.0,2.63,5.72,0.459,0.448,0.011,2016-17
203481,Jeff Withey,1610612762,UTA,C,27.0,46,46,1.0,2.96,5.72,0.517,0.482,0.035,2016-17
1626181,Norman Powell,1610612761,TOR,G,24.0,69,69,1.0,2.71,5.7,0.476,0.443,0.032,2016-17
1627789,Timothe Luwawu-Cabarrot,1610612755,PHI,G-F,22.0,68,68,1.0,2.43,5.68,0.427,0.444,-0.016,2016-17
201573,Jerryd Bayless,1610612755,PHI,G,28.0,3,3,1.0,2.67,5.67,0.471,0.443,0.027,2016-17
203138,Hollis Thompson,1610612740,NOP,F,26.0,40,40,1.0,2.48,5.63,0.44,0.45,-0.01,2016-17
1627748,Thon Maker,1610612749,MIL,F-C,20.0,51,51,1.0,2.76,5.63,0.491,0.486,0.005,2016-17
203462,Archie Goodwin,1610612751,BKN,G,22.0,15,15,1.0,2.6,5.6,0.464,0.416,0.049,2016-17
1626148,Anthony Brown,1610612753,ORL,F,24.0,11,11,1.0,2.18,5.55,0.393,0.429,-0.035,2016-17
200751,Randy Foye,1610612751,BKN,G,33.0,67,67,1.0,2.46,5.55,0.444,0.446,-0.002,2016-17
1627739,Kris Dunn,1610612750,MIN,G,23.0,78,78,1.0,2.6,5.53,0.471,0.444,0.027,2016-17
1627756,Denzel Valentine,1610612741,CHI,G,23.0,55,55,1.0,2.31,5.53,0.418,0.437,-0.019,2016-17
1627755,Tyler Ulis,1610612756,PHX,G,21.0,54,54,1.0,2.65,5.52,0.48,0.441,0.039,2016-17
1891,Jason Terry,1610612749,MIL,G,39.0,74,74,1.0,2.12,5.51,0.385,0.436,-0.052,2016-17
202338,Kevin Seraphin,1610612754,IND,F-C,27.0,43,43,1.0,2.47,5.51,0.447,0.476,-0.029,2016-17
2744,Al Jefferson,1610612754,IND,C,32.0,63,63,1.0,2.75,5.46,0.503,0.473,0.03,2016-17
1626209,Mario Hezonja,1610612753,ORL,G-F,22.0,59,59,1.0,2.47,5.44,0.455,0.442,0.013,2016-17
1626176,Rakeem Christmas,1610612754,IND,F,25.0,20,20,1.0,2.65,5.4,0.491,0.475,0.015,2016-17
203477,Isaiah Canaan,1610612741,CHI,G,26.0,33,33,1.0,2.42,5.39,0.449,0.439,0.01,2016-17
1627759,Jaylen Brown,1610612738,BOS,F,20.0,77,77,1.0,2.17,5.36,0.404,0.447,-0.043,2016-17
1626153,Delon Wright,1610612761,TOR,G,25.0,26,26,1.0,2.15,5.35,0.403,0.434,-0.031,2016-17
203530,Joffrey Lauvergne,1610612741,CHI,C-F,25.0,66,66,1.0,2.53,5.33,0.474,0.462,0.013,2016-17
203101,Miles Plumlee,1610612766,CHA,C,28.0,41,41,1.0,2.32,5.32,0.436,0.475,-0.04,2016-17
203092,Tyler Zeller,1610612738,BOS,C,27.0,47,47,1.0,2.36,5.32,0.444,0.471,-0.027,2016-17
201580,JaVale McGee,1610612744,GSW,C,29.0,76,76,1.0,2.37,5.3,0.447,0.466,-0.02,2016-17
2743,Kris Humphries,1610612737,ATL,F,32.0,51,51,1.0,2.37,5.25,0.451,0.466,-0.015,2016-17
1627775,Patrick McCaw,1610612744,GSW,G,21.0,65,65,1.0,2.62,5.25,0.499,0.449,0.05,2016-17
1627778,Chinanu Onuaku,1610612745,HOU,F-C,20.0,5,5,1.0,3.0,5.2,0.577,0.484,0.093,2016-17
2449,Luis Scola,1610612751,BKN,F,37.0,34,34,1.0,2.59,5.18,0.5,0.477,0.023,2016-17
2399,Mike Dunleavy,1610612737,ATL,G-F,36.0,53,53,1.0,2.08,5.17,0.401,0.434,-0.032,2016-17
203937,Kyle Anderson,1610612759,SAS,G-F,23.0,61,61,1.0,2.07,5.15,0.401,0.447,-0.045,2016-17
203493,Reggie Bullock Jr.,1610612765,DET,F,26.0,27,27,1.0,2.07,5.15,0.403,0.423,-0.02,2016-17
1626179,Terry Rozier,1610612738,BOS,G,23.0,72,72,1.0,2.38,5.14,0.462,0.435,0.027,2016-17
1627098,Malcolm Delaney,1610612737,ATL,G,28.0,70,70,1.0,2.49,5.13,0.485,0.442,0.043,2016-17
1626184,Chasson Randle,1610612752,NYK,G,24.0,24,24,1.0,2.46,5.13,0.48,0.446,0.034,2016-17
202718,Chandler Parsons,1610612763,MEM,F,28.0,34,34,1.0,2.41,5.12,0.471,0.454,0.018,2016-17
202325,Wesley Johnson,1610612746,LAC,F,29.0,65,65,1.0,2.31,5.11,0.452,0.443,0.009,2016-17
1626169,Stanley Johnson,1610612765,DET,F,21.0,71,71,1.0,2.15,5.1,0.423,0.438,-0.015,2016-17
203613,Jonathon Simmons,1610612759,SAS,G-F,27.0,74,74,1.0,2.26,5.07,0.445,0.446,-0.001,2016-17
203949,James Michael McAdoo,1610612744,GSW,F,24.0,47,47,1.0,2.19,5.06,0.433,0.443,-0.011,2016-17
202362,Lance Stephenson,1610612754,IND,G,26.0,17,17,1.0,1.88,5.06,0.372,0.45,-0.078,2016-17
200771,Sergio Rodriguez,1610612755,PHI,G,31.0,68,68,1.0,2.51,5.01,0.501,0.434,0.068,2016-17
1626780,Jonathan Gibson,1610612742,DAL,G,29.0,15,15,1.0,2.6,5.0,0.52,0.43,0.09,2016-17
1627784,Jarrod Uthoff,1610612742,DAL,F,24.0,7,7,1.0,2.86,5.0,0.571,0.424,0.148,2016-17
200770,Jordan Farmar,1610612758,SAC,G,30.0,2,2,1.0,3.0,5.0,0.6,0.44,0.16,2016-17
202732,DeAndre Liggins,1610612742,DAL,G,29.0,49,49,1.0,2.37,5.0,0.473,0.438,0.036,2016-17
204067,Jarell Eddie,1610612756,PHX,G-F,25.0,5,5,1.0,2.4,5.0,0.48,0.437,0.043,2016-17
203461,Anthony Bennett,1610612751,BKN,F,24.0,19,19,1.0,2.53,5.0,0.505,0.444,0.061,2016-17
2757,Beno Udrih,1610612765,DET,G,34.0,35,35,1.0,2.34,4.97,0.471,0.427,0.044,2016-17
2733,Shaun Livingston,1610612744,GSW,G,31.0,76,76,1.0,2.14,4.97,0.431,0.437,-0.006,2016-17
1627735,Wade Baldwin IV,1610612763,MEM,G,21.0,29,29,1.0,2.41,4.97,0.486,0.429,0.057,2016-17
1718,Paul Pierce,1610612746,LAC,F,39.0,25,25,1.0,2.08,4.96,0.419,0.45,-0.031,2016-17
1626185,Jarell Martin,1610612763,MEM,F,23.0,41,41,1.0,2.2,4.95,0.443,0.448,-0.004,2016-17
201155,Rodney Stuckey,1610612754,IND,G,31.0,38,38,1.0,1.97,4.92,0.401,0.441,-0.04,2016-17
101181,Jose Calderon,1610612737,ATL,G,35.0,37,37,1.0,2.49,4.92,0.505,0.451,0.054,2016-17
203080,Thomas Robinson,1610612747,LAL,F,26.0,45,45,1.0,2.67,4.91,0.543,0.468,0.075,2016-17
203518,Alex Abrines,1610612760,OKC,G-F,23.0,65,65,1.0,2.46,4.88,0.505,0.441,0.064,2016-17
201168,Tiago Splitter,1610612755,PHI,C-F,32.0,8,8,1.0,2.5,4.88,0.513,0.466,0.047,2016-17
1626166,Cameron Payne,1610612741,CHI,G,22.0,30,30,1.0,2.23,4.87,0.459,0.447,0.012,2016-17
1627751,Jakob Poeltl,1610612761,TOR,C,21.0,48,48,1.0,2.38,4.85,0.489,0.473,0.017,2016-17
2734,Devin Harris,1610612742,DAL,G,34.0,63,63,1.0,2.13,4.83,0.441,0.447,-0.006,2016-17
203902,Semaj Christon,1610612760,OKC,G,24.0,61,61,1.0,2.33,4.82,0.483,0.433,0.05,2016-17
201228,C.J. Watson,1610612753,ORL,G,33.0,56,56,1.0,2.23,4.82,0.463,0.437,0.026,2016-17
203526,Raul Neto,1610612762,UTA,G,25.0,32,32,1.0,1.94,4.81,0.403,0.443,-0.04,2016-17
201166,Aaron Brooks,1610612754,IND,G,32.0,61,61,1.0,2.21,4.8,0.461,0.434,0.027,2016-17
2365,Chris Andersen,1610612739,CLE,F-C,38.0,12,12,1.0,2.25,4.75,0.474,0.476,-0.003,2016-17
203096,Jared Sullinger,1610612761,TOR,C-F,25.0,11,11,1.0,2.0,4.73,0.423,0.466,-0.043,2016-17
202130,Reggie Williams,1610612740,NOP,F,30.0,6,6,1.0,2.5,4.67,0.536,0.444,0.092,2016-17
201196,Ramon Sessions,1610612766,CHA,G,31.0,50,50,1.0,1.96,4.66,0.421,0.431,-0.011,2016-17
201962,Toney Douglas,1610612763,MEM,G,31.0,22,22,1.0,2.23,4.64,0.48,0.444,0.037,2016-17
201147,Corey Brewer,1610612747,LAL,F,31.0,82,82,1.0,2.09,4.61,0.452,0.445,0.007,2016-17
202332,Cole Aldrich,1610612750,MIN,C,28.0,58,58,1.0,2.31,4.59,0.504,0.474,0.03,2016-17
1627815,Sheldon Mac,1610612764,WAS,G-F,24.0,22,22,1.0,2.32,4.59,0.505,0.432,0.073,2016-17
1938,Manu Ginobili,1610612759,SAS,G,39.0,67,67,1.0,2.04,4.57,0.448,0.448,0.0,2016-17
1626172,Kevon Looney,1610612744,GSW,F,21.0,50,50,1.0,1.78,4.56,0.39,0.446,-0.056,2016-17
203107,Tomas Satoransky,1610612764,WAS,G-F,25.0,54,54,1.0,1.91,4.56,0.419,0.433,-0.014,2016-17
202713,Kyle Singler,1610612760,OKC,F,29.0,28,28,1.0,2.04,4.54,0.449,0.448,0.001,2016-17
1627861,Mike Tobey,1610612766,CHA,C,22.0,2,2,1.0,1.0,4.5,0.222,0.444,-0.222,2016-17
202692,Alec Burks,1610612762,UTA,G,25.0,40,40,1.0,1.85,4.5,0.411,0.443,-0.032,2016-17
202407,Elijah Millsap,1610612756,PHX,G-F,29.0,2,2,1.0,2.0,4.5,0.444,0.441,0.003,2016-17
1626254,Maurice Ndour,1610612752,NYK,F,25.0,25,25,1.0,1.6,4.48,0.357,0.461,-0.104,2016-17
201977,Marcus Thornton,1610612764,WAS,G-F,30.0,33,33,1.0,1.94,4.48,0.432,0.434,-0.001,2016-17
1626188,Quinn Cook,1610612740,NOP,G,24.0,10,10,1.0,2.4,4.4,0.545,0.444,0.102,2016-17
203895,Jordan McRae,1610612739,CLE,G,26.0,31,31,1.0,2.1,4.39,0.478,0.431,0.047,2016-17
1627851,Mindaugas Kuzminskas,1610612752,NYK,F,27.0,64,64,1.0,2.3,4.38,0.525,0.443,0.082,2016-17
101138,Brandon Bass,1610612746,LAC,F,32.0,48,48,1.0,2.1,4.38,0.481,0.456,0.025,2016-17
1627879,Nicolas Laprovittola,1610612759,SAS,G,27.0,16,16,1.0,2.06,4.38,0.471,0.444,0.027,2016-17
1626246,Boban Marjanovic,1610612765,DET,C,28.0,29,29,1.0,1.86,4.34,0.429,0.479,-0.05,2016-17
203546,Ian Clark,1610612744,GSW,G,26.0,72,72,1.0,1.93,4.33,0.446,0.438,0.007,2016-17
203498,Shabazz Muhammad,1610612750,MIN,F,24.0,77,77,1.0,2.06,4.31,0.479,0.445,0.034,2016-17
1626173,Rashad Vaughn,1610612749,MIL,G,20.0,34,34,1.0,2.03,4.21,0.483,0.446,0.037,2016-17
101123,Gerald Green,1610612738,BOS,F,31.0,43,43,1.0,1.95,4.21,0.464,0.442,0.022,2016-17
203898,Tyler Ennis,1610612747,LAL,G,22.0,44,44,1.0,1.84,4.2,0.438,0.452,-0.014,2016-17
203094,Andrew Nicholson,1610612751,BKN,F,27.0,37,37,1.0,1.97,4.14,0.477,0.461,0.017,2016-17
203118,Mike Scott,1610612737,ATL,F,28.0,17,17,1.0,1.71,4.12,0.414,0.438,-0.024,2016-17
1626199,Darrun Hilliard,1610612765,DET,G-F,24.0,28,28,1.0,1.79,4.11,0.435,0.425,0.01,2016-17
2756,Sasha Vujacic,1610612752,NYK,G,33.0,32,32,1.0,1.97,4.0,0.492,0.437,0.055,2016-17
203510,Pierre Jackson,1610612742,DAL,G,25.0,6,6,1.0,1.33,4.0,0.333,0.419,-0.085,2016-17
1627761,DeAndre' Bembry,1610612737,ATL,F-G,22.0,30,30,1.0,1.6,4.0,0.4,0.442,-0.042,2016-17
1627745,Damian Jones,1610612744,GSW,C,22.0,9,9,1.0,1.56,4.0,0.389,0.474,-0.085,2016-17
203934,Lamar Patterson,1610612737,ATL,G-F,25.0,5,5,1.0,1.4,4.0,0.35,0.462,-0.112,2016-17
1627875,Marcus Georges-Hunt,1610612753,ORL,G,23.0,4,4,1.0,2.75,4.0,0.688,0.424,0.264,2016-17
1626273,Marcelo Huertas,1610612747,LAL,G,34.0,22,22,1.0,2.18,4.0,0.545,0.441,0.104,2016-17
2760,Anderson Varejao,1610612744,GSW,C,34.0,13,13,1.0,2.0,4.0,0.5,0.43,0.07,2016-17
201202,Joel Anthony,1610612759,SAS,C,34.0,13,13,1.0,2.15,4.0,0.538,0.443,0.096,2016-17
203909,KJ McDaniels,1610612751,BKN,G-F,24.0,40,40,1.0,1.4,3.98,0.352,0.436,-0.084,2016-17
1626145,Tyus Jones,1610612750,MIN,G,21.0,49,49,1.0,1.76,3.96,0.443,0.432,0.012,2016-17
201627,Anthony Morrow,1610612741,CHI,G,31.0,40,40,1.0,1.8,3.95,0.456,0.444,0.012,2016-17
1626175,Jordan Mickey,1610612738,BOS,F,22.0,17,17,1.0,2.18,3.88,0.561,0.453,0.107,2016-17
1627852,Nicolas Brussino,1610612742,DAL,F,24.0,40,40,1.0,2.0,3.8,0.526,0.446,0.08,2016-17
1627832,Fred VanVleet,1610612761,TOR,G,23.0,20,20,1.0,1.65,3.75,0.44,0.431,0.009,2016-17
1627819,Isaiah Taylor,1610612745,HOU,G,22.0,4,4,1.0,1.5,3.75,0.4,0.418,-0.018,2016-17
1627773,AJ Hammons,1610612742,DAL,C,24.0,17,17,1.0,1.76,3.71,0.476,0.481,-0.004,2016-17
203527,Ryan Kelly,1610612737,ATL,F,26.0,14,14,1.0,1.86,3.71,0.5,0.451,0.049,2016-17
1627736,Malik Beasley,1610612743,DEN,G,20.0,14,14,1.0,1.64,3.71,0.442,0.439,0.004,2016-17
203504,Trey Burke,1610612764,WAS,G,24.0,53,53,1.0,1.74,3.68,0.472,0.43,0.041,2016-17
201941,Jordan Hill,1610612750,MIN,F-C,29.0,6,6,1.0,2.0,3.67,0.545,0.443,0.102,2016-17
202708,Norris Cole,1610612760,OKC,G,28.0,9,9,1.0,1.56,3.67,0.424,0.453,-0.029,2016-17
1626192,Pat Connaughton,1610612757,POR,G-F,24.0,32,32,1.0,1.66,3.66,0.453,0.45,0.003,2016-17
1627362,Briante Weber,1610612766,CHA,G,24.0,17,17,1.0,2.06,3.65,0.565,0.427,0.138,2016-17
1627740,Henry Ellenson,1610612765,DET,F,20.0,17,17,1.0,1.65,3.65,0.452,0.428,0.024,2016-17
101187,Alan Anderson,1610612746,LAC,F-G,34.0,29,29,1.0,1.76,3.59,0.49,0.434,0.056,2016-17
1627749,Dejounte Murray,1610612759,SAS,G,20.0,30,30,1.0,1.6,3.57,0.449,0.441,0.007,2016-17
1627781,Malachi Richardson,1610612758,SAC,G,21.0,20,20,1.0,1.6,3.55,0.451,0.442,0.009,2016-17
2571,Leandro Barbosa,1610612756,PHX,G,34.0,58,58,1.0,1.71,3.53,0.483,0.44,0.043,2016-17
1627738,Deyonta Davis,1610612763,MEM,F,20.0,27,27,1.0,1.33,3.52,0.379,0.468,-0.089,2016-17
1627770,Kay Felder,1610612739,CLE,G,22.0,35,35,1.0,1.57,3.51,0.447,0.407,0.041,2016-17
1897,Metta World Peace,1610612747,LAL,F,37.0,18,18,1.0,1.94,3.44,0.565,0.467,0.098,2016-17
2592,James Jones,1610612739,CLE,G-F,36.0,36,36,1.0,1.67,3.39,0.492,0.448,0.043,2016-17
1627757,Stephen Zimmerman,1610612753,ORL,C,20.0,17,17,1.0,1.76,3.35,0.526,0.486,0.04,2016-17
203940,Adreian Payne,1610612750,MIN,F,26.0,17,17,1.0,1.47,3.35,0.439,0.449,-0.01,2016-17
202349,Greivis Vasquez,1610612751,BKN,G,30.0,3,3,1.0,1.0,3.33,0.3,0.422,-0.122,2016-17
1627854,Bryn Forbes,1610612759,SAS,G,23.0,22,22,1.0,1.64,3.32,0.493,0.446,0.048,2016-17
203894,Shabazz Napier,1610612757,POR,G,25.0,40,40,1.0,1.63,3.3,0.492,0.432,0.061,2016-17
203148,Brian Roberts,1610612766,CHA,G,31.0,39,39,1.0,1.49,3.26,0.457,0.429,0.028,2016-17
1627849,Daniel Ochefu,1610612764,WAS,F,23.0,10,10,1.0,1.7,3.2,0.531,0.481,0.05,2016-17
2617,Udonis Haslem,1610612748,MIA,F,37.0,14,14,1.0,1.71,3.14,0.545,0.475,0.071,2016-17
203948,Johnny O'Bryant III,1610612766,CHA,F-C,24.0,8,8,1.0,2.25,3.13,0.72,0.477,0.243,2016-17
203923,James Young,1610612738,BOS,G-F,21.0,23,23,1.0,1.3,3.09,0.423,0.441,-0.018,2016-17
2034,Mike Miller,1610612743,DEN,G-F,37.0,13,13,1.0,1.38,3.08,0.45,0.442,0.008,2016-17
1627762,Joel Bolomboy,1610612762,UTA,F,23.0,7,7,1.0,1.57,3.0,0.524,0.464,0.06,2016-17
101179,Ronnie Price,1610612756,PHX,G,34.0,10,10,1.0,1.4,3.0,0.467,0.429,0.038,2016-17
2563,Dahntay Jones,1610612739,CLE,G-F,36.0,1,1,1.0,1.0,3.0,0.333,0.402,-0.068,2016-17
202087,Alonzo Gee,1610612743,DEN,F,30.0,10,10,1.0,1.1,3.0,0.367,0.431,-0.065,2016-17
1627771,Michael Gbinije,1610612765,DET,G-F,25.0,4,4,1.0,1.75,3.0,0.583,0.396,0.188,2016-17
204014,Damjan Rudez,1610612753,ORL,F,31.0,34,34,1.0,1.62,2.97,0.545,0.447,0.097,2016-17
1626191,Chris McCullough,1610612764,WAS,F,22.0,12,12,1.0,1.08,2.83,0.382,0.408,-0.026,2016-17
1626174,Christian Wood,1610612766,CHA,F,21.0,12,12,1.0,1.08,2.83,0.382,0.454,-0.071,2016-17
1626203,Treveon Graham,1610612766,CHA,G-F,23.0,23,23,1.0,1.22,2.83,0.431,0.437,-0.007,2016-17
1627754,Diamond Stone,1610612746,LAC,C,20.0,5,5,1.0,1.6,2.8,0.571,0.446,0.125,2016-17
203998,Bruno Caboclo,1610612761,TOR,F,21.0,5,5,1.0,0.4,2.8,0.143,0.449,-0.306,2016-17
1626253,Axel Toupane,1610612740,NOP,G-F,24.0,4,4,1.0,1.0,2.75,0.364,0.445,-0.082,2016-17
2555,Nick Collison,1610612760,OKC,F,36.0,19,19,1.0,1.16,2.74,0.423,0.461,-0.038,2016-17
1627744,Brice Johnson,1610612746,LAC,F,23.0,3,3,1.0,1.33,2.67,0.5,0.507,-0.007,2016-17
201628,Bobby Brown,1610612745,HOU,G,32.0,13,13,1.0,0.92,2.54,0.364,0.437,-0.074,2016-17
1627774,Jake Layman,1610612757,POR,F,23.0,28,28,1.0,1.07,2.39,0.448,0.451,-0.003,2016-17
1627777,Georges Niang,1610612754,IND,F,24.0,12,12,1.0,1.0,2.33,0.429,0.435,-0.006,2016-17
1627817,Tim Quarterman,1610612757,POR,G,22.0,12,12,1.0,0.67,2.17,0.308,0.418,-0.111,2016-17
203912,C.J. Wilcox,1610612753,ORL,G,26.0,19,19,1.0,1.11,2.11,0.525,0.431,0.094,2016-17
1626202,Joe Young,1610612754,IND,G,25.0,21,21,1.0,1.05,2.1,0.5,0.44,0.06,2016-17
203950,Jarnell Stokes,1610612743,DEN,F-C,23.0,2,2,1.0,1.0,2.0,0.5,0.512,-0.012,2016-17
202620,Arinze Onuaku,1610612753,ORL,F-C,29.0,4,4,1.0,1.25,2.0,0.625,0.422,0.203,2016-17
1627791,Ben Bentil,1610612742,DAL,F,22.0,2,2,1.0,1.5,2.0,0.75,0.47,0.28,2016-17
1627868,Patricio Garino,1610612753,ORL,G-F,24.0,4,4,1.0,1.25,2.0,0.625,0.436,0.189,2016-17
1627787,Kyle Wiltjer,1610612745,HOU,F,24.0,11,11,1.0,1.0,1.82,0.55,0.433,0.117,2016-17
202336,Larry Sanders,1610612739,CLE,F-C,28.0,5,5,1.0,0.6,1.8,0.333,0.429,-0.095,2016-17
202412,Manny Harris,1610612742,DAL,G,27.0,3,3,1.0,1.33,1.67,0.8,0.446,0.354,2016-17
1627743,Demetrius Jackson,1610612738,BOS,G,22.0,3,3,1.0,1.0,1.67,0.6,0.441,0.159,2016-17
202390,Gary Neal,1610612737,ATL,G,32.0,2,2,1.0,1.0,1.5,0.667,0.459,0.208,2016-17
203098,John Jenkins,1610612756,PHX,G,26.0,3,3,1.0,1.0,1.33,0.75,0.412,0.338,2016-17
1626151,Aaron Harrison,1610612766,CHA,G,22.0,4,4,1.0,0.75,1.25,0.6,0.304,0.296,2016-17
1626154,RJ Hunter,1610612741,CHI,G,23.0,2,2,1.0,0.5,1.0,0.5,0.353,0.147,2016-17
200779,Steve Novak,1610612749,MIL,F,34.0,4,4,1.0,0.5,1.0,0.5,0.487,0.013,2016-17
203497,Rudy Gobert,1610612762,UTA,C,26.0,55,55,1.0,8.75,19.84,0.441,0.476,-0.035,2017-18
202326,DeMarcus Cousins,1610612740,NOP,C,27.0,48,48,1.0,9.13,19.5,0.468,0.479,-0.011,2017-18
203999,Nikola Jokić,1610612743,DEN,C,23.0,75,75,1.0,9.69,18.88,0.513,0.481,0.032,2017-18
203076,Anthony Davis,1610612740,NOP,F-C,25.0,75,75,1.0,7.45,18.32,0.407,0.468,-0.061,2017-18
203954,Joel Embiid,1610612755,PHI,C,24.0,62,62,1.0,7.63,18.18,0.42,0.481,-0.061,2017-18
1626157,Karl-Anthony Towns,1610612750,MIN,C,22.0,82,82,1.0,8.59,17.96,0.478,0.48,-0.003,2017-18
203500,Steven Adams,1610612760,OKC,C,24.0,75,75,1.0,8.05,17.35,0.464,0.482,-0.018,2017-18
201143,Al Horford,1610612738,BOS,F-C,32.0,69,69,1.0,7.0,17.29,0.405,0.468,-0.063,2017-18
202696,Nikola Vučević,1610612753,ORL,C,27.0,56,56,1.0,8.09,17.11,0.473,0.48,-0.007,2017-18
203994,Jusuf Nurkić,1610612757,POR,C,23.0,79,79,1.0,7.68,16.41,0.468,0.482,-0.013,2017-18
203991,Clint Capela,1610612745,HOU,C,24.0,73,73,1.0,7.59,16.3,0.466,0.474,-0.008,2017-18
200746,LaMarcus Aldridge,1610612759,SAS,F,32.0,75,75,1.0,7.16,16.29,0.439,0.471,-0.032,2017-18
204001,Kristaps Porziņģis,1610612752,NYK,F-C,22.0,47,47,1.0,6.91,16.15,0.428,0.467,-0.038,2017-18
1626167,Myles Turner,1610612754,IND,C,22.0,65,65,1.0,7.29,15.83,0.461,0.484,-0.023,2017-18
201599,DeAndre Jordan,1610612746,LAC,C,29.0,77,77,1.0,7.12,15.82,0.45,0.479,-0.029,2017-18
203083,Andre Drummond,1610612765,DET,C,24.0,78,78,1.0,7.87,15.76,0.5,0.489,0.011,2017-18
201950,Jrue Holiday,1610612740,NOP,G,28.0,81,81,1.0,6.95,15.62,0.445,0.452,-0.007,2017-18
2730,Dwight Howard,1610612766,CHA,C,32.0,80,80,1.0,7.35,15.6,0.471,0.481,-0.01,2017-18
201188,Marc Gasol,1610612763,MEM,C,33.0,73,73,1.0,6.67,15.18,0.44,0.48,-0.041,2017-18
201577,Robin Lopez,1610612741,CHI,C,30.0,64,64,1.0,7.27,15.11,0.481,0.483,-0.002,2017-18
201933,Blake Griffin,1610612765,DET,F,29.0,58,58,1.0,6.45,15.1,0.427,0.466,-0.039,2017-18
200794,Paul Millsap,1610612743,DEN,F,33.0,38,38,1.0,6.74,14.84,0.454,0.472,-0.018,2017-18
203110,Draymond Green,1610612744,GSW,F,28.0,70,70,1.0,6.44,14.8,0.435,0.466,-0.031,2017-18
202689,Kemba Walker,1610612766,CHA,G,28.0,79,79,1.0,6.65,14.76,0.45,0.45,0.0,2017-18
202685,Jonas Valanciunas,1610612761,TOR,C,26.0,77,77,1.0,6.73,14.69,0.458,0.481,-0.023,2017-18
202683,Enes Freedom,1610612752,NYK,C,26.0,70,70,1.0,6.86,14.06,0.488,0.48,0.008,2017-18
201572,Brook Lopez,1610612747,LAL,C,30.0,74,74,1.0,6.28,13.89,0.452,0.475,-0.022,2017-18
201959,Taj Gibson,1610612750,MIN,F,33.0,82,82,1.0,6.4,13.8,0.464,0.468,-0.004,2017-18
202699,Tobias Harris,1610612746,LAC,F,25.0,80,80,1.0,6.44,13.79,0.467,0.463,0.003,2017-18
201935,James Harden,1610612745,HOU,G,28.0,71,71,1.0,6.46,13.79,0.469,0.458,0.011,2017-18
202355,Hassan Whiteside,1610612748,MIA,C,29.0,54,54,1.0,6.44,13.78,0.468,0.49,-0.022,2017-18
201152,Thaddeus Young,1610612754,IND,F,30.0,81,81,1.0,6.4,13.74,0.465,0.467,-0.002,2017-18
203089,John Henson,1610612749,MIL,C,27.0,75,75,1.0,6.67,13.68,0.487,0.478,0.009,2017-18
101162,Marcin Gortat,1610612764,WAS,C,34.0,82,82,1.0,6.49,13.56,0.478,0.481,-0.003,2017-18
203952,Andrew Wiggins,1610612750,MIN,F,23.0,82,82,1.0,6.2,13.39,0.463,0.456,0.006,2017-18
202324,Derrick Favors,1610612762,UTA,F-C,26.0,76,76,1.0,5.91,13.25,0.446,0.473,-0.027,2017-18
201567,Kevin Love,1610612739,CLE,C-F,29.0,59,59,1.0,6.75,13.14,0.514,0.478,0.036,2017-18
202331,Paul George,1610612760,OKC,F,28.0,78,78,1.0,6.42,13.0,0.494,0.464,0.03,2017-18
202391,Jeremy Lin,1610612751,BKN,G,29.0,1,1,1.0,10.0,13.0,0.769,0.467,0.303,2017-18
1628366,Lonzo Ball,1610612747,LAL,G,20.0,52,52,1.0,5.67,12.87,0.441,0.456,-0.015,2017-18
2200,Pau Gasol,1610612759,SAS,C,37.0,77,77,1.0,5.81,12.71,0.457,0.474,-0.018,2017-18
1628386,Jarrett Allen,1610612751,BKN,C,20.0,70,70,1.0,5.8,12.71,0.456,0.479,-0.022,2017-18
201142,Kevin Durant,1610612744,GSW,F,29.0,68,68,1.0,5.51,12.66,0.436,0.46,-0.024,2017-18
1628381,John Collins,1610612737,ATL,F-C,20.0,73,73,1.0,5.71,12.66,0.451,0.478,-0.027,2017-18
1627733,Dragan Bender,1610612756,PHX,F,20.0,82,82,1.0,5.63,12.63,0.446,0.465,-0.019,2017-18
202329,Al-Farouq Aminu,1610612757,POR,F,27.0,69,69,1.0,5.49,12.52,0.439,0.472,-0.033,2017-18
201568,Danilo Gallinari,1610612746,LAC,F,29.0,21,21,1.0,5.52,12.43,0.444,0.458,-0.014,2017-18
1717,Dirk Nowitzki,1610612742,DAL,C-F,40.0,77,77,1.0,5.83,12.43,0.469,0.477,-0.007,2017-18
203967,Dario Saric,1610612755,PHI,F,24.0,76,76,1.0,5.71,12.37,0.462,0.461,0.001,2017-18
202322,John Wall,1610612764,WAS,G,27.0,41,41,1.0,5.34,12.34,0.433,0.452,-0.019,2017-18
203506,Victor Oladipo,1610612754,IND,G,26.0,75,75,1.0,5.51,12.27,0.449,0.447,0.002,2017-18
203507,Giannis Antetokounmpo,1610612749,MIL,F,23.0,74,74,1.0,5.09,12.26,0.416,0.468,-0.053,2017-18
203078,Bradley Beal,1610612764,WAS,G,25.0,82,82,1.0,5.71,12.24,0.466,0.449,0.017,2017-18
202703,Nikola Mirotic,1610612740,NOP,F,27.0,55,55,1.0,5.36,12.22,0.439,0.462,-0.023,2017-18
203944,Julius Randle,1610612747,LAL,F-C,23.0,82,82,1.0,5.4,12.18,0.443,0.47,-0.027,2017-18
203114,Khris Middleton,1610612749,MIL,F,26.0,81,81,1.0,5.75,12.12,0.475,0.455,0.019,2017-18
1626161,Willie Cauley-Stein,1610612758,SAC,C,24.0,73,73,1.0,5.49,12.12,0.453,0.478,-0.025,2017-18
2199,Tyson Chandler,1610612756,PHX,C,35.0,46,46,1.0,5.5,12.09,0.455,0.482,-0.027,2017-18
203473,Dewayne Dedmon,1610612737,ATL,C,28.0,61,61,1.0,5.49,12.07,0.455,0.477,-0.022,2017-18
2546,Carmelo Anthony,1610612760,OKC,F,34.0,76,76,1.0,5.43,12.04,0.451,0.468,-0.016,2017-18
203932,Aaron Gordon,1610612753,ORL,F,22.0,57,57,1.0,5.23,12.02,0.435,0.465,-0.03,2017-18
1627732,Ben Simmons,1610612755,PHI,G-F,21.0,80,80,1.0,4.94,11.98,0.412,0.463,-0.051,2017-18
203458,Alex Len,1610612756,PHX,C,25.0,69,69,1.0,5.32,11.88,0.448,0.481,-0.034,2017-18
2544,LeBron James,1610612739,CLE,F-G,33.0,82,82,1.0,5.37,11.88,0.452,0.459,-0.008,2017-18
1627734,Domantas Sabonis,1610612754,IND,C-F,22.0,74,74,1.0,5.55,11.86,0.468,0.474,-0.006,2017-18
200768,Kyle Lowry,1610612761,TOR,G,32.0,78,78,1.0,5.27,11.85,0.445,0.449,-0.004,2017-18
1626178,Rondae Hollis-Jefferson,1610612751,BKN,F,23.0,66,66,1.0,5.83,11.8,0.494,0.467,0.027,2017-18
2216,Zach Randolph,1610612758,SAC,F,36.0,59,59,1.0,6.1,11.69,0.522,0.48,0.042,2017-18
1626164,Devin Booker,1610612756,PHX,G,21.0,54,54,1.0,5.63,11.65,0.483,0.449,0.034,2017-18
203468,CJ McCollum,1610612757,POR,G,26.0,80,80,1.0,5.1,11.64,0.438,0.449,-0.011,2017-18
203496,Robert Covington,1610612755,PHI,F,27.0,79,79,1.0,5.34,11.61,0.46,0.457,0.003,2017-18
203482,Kelly Olynyk,1610612748,MIA,F-C,27.0,75,75,1.0,5.63,11.59,0.486,0.467,0.019,2017-18
1626196,Josh Richardson,1610612748,MIA,F,24.0,80,80,1.0,5.04,11.54,0.437,0.45,-0.013,2017-18
203200,Justin Holiday,1610612741,CHI,G-F,29.0,72,72,1.0,5.17,11.5,0.449,0.455,-0.006,2017-18
203484,Kentavious Caldwell-Pope,1610612747,LAL,G,25.0,73,73,1.0,5.86,11.48,0.511,0.458,0.053,2017-18
202710,Jimmy Butler III,1610612750,MIN,G,28.0,59,59,1.0,5.29,11.47,0.461,0.461,0.0,2017-18
101108,Chris Paul,1610612745,HOU,G,33.0,57,57,1.0,5.21,11.42,0.456,0.457,-0.001,2017-18
203471,Dennis Schröder,1610612737,ATL,G,24.0,66,66,1.0,5.59,11.42,0.489,0.451,0.039,2017-18
203501,Tim Hardaway Jr.,1610612752,NYK,F-G,26.0,57,57,1.0,5.16,11.4,0.452,0.458,-0.006,2017-18
1627742,Brandon Ingram,1610612747,LAL,F-G,20.0,59,59,1.0,4.86,11.39,0.427,0.457,-0.03,2017-18
1628415,Dillon Brooks,1610612763,MEM,F-G,22.0,82,82,1.0,5.44,11.37,0.479,0.454,0.024,2017-18
201586,Serge Ibaka,1610612761,TOR,F-C,28.0,76,76,1.0,5.28,11.34,0.465,0.461,0.004,2017-18
202691,Klay Thompson,1610612744,GSW,G,28.0,73,73,1.0,5.0,11.34,0.441,0.452,-0.011,2017-18
202339,Eric Bledsoe,1610612749,MIL,G,28.0,74,74,1.0,5.19,11.32,0.458,0.449,0.01,2017-18
1627750,Jamal Murray,1610612743,DEN,G,21.0,81,81,1.0,5.79,11.32,0.511,0.449,0.063,2017-18
1628374,Lauri Markkanen,1610612741,CHI,F,21.0,68,68,1.0,5.69,11.31,0.503,0.463,0.04,2017-18
1627751,Jakob Poeltl,1610612761,TOR,C,22.0,82,82,1.0,5.15,11.29,0.456,0.474,-0.018,2017-18
203901,Elfrid Payton,1610612756,PHX,G,24.0,63,63,1.0,5.51,11.25,0.489,0.455,0.034,2017-18
1627739,Kris Dunn,1610612741,CHI,G,24.0,52,52,1.0,5.31,11.23,0.473,0.45,0.022,2017-18
201952,Jeff Teague,1610612750,MIN,G,30.0,70,70,1.0,5.53,11.2,0.494,0.45,0.044,2017-18
201960,DeMarre Carroll,1610612751,BKN,F,31.0,71,71,1.0,5.06,11.18,0.452,0.466,-0.014,2017-18
201976,Patrick Beverley,1610612746,LAC,G,29.0,11,11,1.0,5.09,11.18,0.455,0.451,0.005,2017-18
1627820,Tyrone Wallace,1610612746,LAC,G,24.0,29,29,1.0,5.0,11.07,0.452,0.458,-0.007,2017-18
1628398,Kyle Kuzma,1610612747,LAL,F,22.0,77,77,1.0,4.79,11.06,0.433,0.457,-0.024,2017-18
201980,Danny Green,1610612759,SAS,G-F,31.0,70,70,1.0,5.04,11.03,0.457,0.458,-0.001,2017-18
203486,Mason Plumlee,1610612743,DEN,C-F,28.0,74,74,1.0,5.07,11.0,0.461,0.477,-0.016,2017-18
202693,Markieff Morris,1610612764,WAS,F,28.0,73,73,1.0,5.05,10.99,0.46,0.468,-0.008,2017-18
203092,Tyler Zeller,1610612749,MIL,C,28.0,64,64,1.0,5.25,10.84,0.484,0.476,0.008,2017-18
203084,Harrison Barnes,1610612742,DAL,F,26.0,77,77,1.0,4.73,10.81,0.438,0.461,-0.024,2017-18
201147,Corey Brewer,1610612760,OKC,G-F,32.0,18,18,1.0,4.83,10.78,0.448,0.449,-0.001,2017-18
1627752,Taurean Prince,1610612737,ATL,F,24.0,81,81,1.0,5.01,10.77,0.466,0.465,0.001,2017-18
202684,Tristan Thompson,1610612739,CLE,C-F,27.0,53,53,1.0,5.36,10.77,0.497,0.466,0.031,2017-18
203085,Austin Rivers,1610612746,LAC,G,25.0,61,61,1.0,5.03,10.75,0.468,0.456,0.012,2017-18
203081,Damian Lillard,1610612757,POR,G,27.0,73,73,1.0,4.67,10.75,0.434,0.441,-0.007,2017-18
203382,Aron Baynes,1610612738,BOS,C,31.0,78,78,1.0,4.68,10.72,0.437,0.477,-0.041,2017-18
203079,Dion Waiters,1610612748,MIA,G,26.0,29,29,1.0,4.9,10.66,0.46,0.455,0.005,2017-18
1628372,Dennis Smith Jr.,1610612742,DAL,G,20.0,69,69,1.0,5.06,10.61,0.477,0.452,0.025,2017-18
202711,Bojan Bogdanovic,1610612754,IND,F-G,29.0,80,80,1.0,5.2,10.61,0.49,0.456,0.034,2017-18
203095,Evan Fournier,1610612753,ORL,G-F,25.0,56,56,1.0,5.21,10.55,0.494,0.458,0.036,2017-18
1628368,De'Aaron Fox,1610612758,SAC,G,20.0,72,72,1.0,4.88,10.46,0.466,0.441,0.025,2017-18
201937,Ricky Rubio,1610612762,UTA,G,27.0,76,76,1.0,4.92,10.41,0.473,0.45,0.023,2017-18
101141,Ersan Ilyasova,1610612755,PHI,F,31.0,69,69,1.0,4.8,10.39,0.462,0.463,-0.002,2017-18
202681,Kyrie Irving,1610612738,BOS,G,26.0,56,56,1.0,5.05,10.34,0.489,0.456,0.033,2017-18
201939,Stephen Curry,1610612744,GSW,G,30.0,51,51,1.0,4.94,10.31,0.479,0.445,0.034,2017-18
204060,Joe Ingles,1610612762,UTA,F,30.0,81,81,1.0,4.8,10.31,0.466,0.459,0.007,2017-18
1626163,Frank Kaminsky,1610612766,CHA,F-C,25.0,79,79,1.0,5.1,10.3,0.495,0.456,0.039,2017-18
202328,Greg Monroe,1610612738,BOS,C-F,28.0,50,50,1.0,4.8,10.28,0.467,0.477,-0.01,2017-18
201163,Wilson Chandler,1610612743,DEN,F,31.0,74,74,1.0,4.66,10.27,0.454,0.46,-0.006,2017-18
1627759,Jaylen Brown,1610612738,BOS,G-F,21.0,67,67,1.0,4.34,10.25,0.424,0.454,-0.03,2017-18
1626204,Larry Nance Jr.,1610612739,CLE,F,25.0,66,66,1.0,4.92,10.24,0.481,0.473,0.007,2017-18
200782,P.J. Tucker,1610612745,HOU,F,33.0,81,81,1.0,4.99,10.23,0.487,0.461,0.027,2017-18
203488,Mike Muscala,1610612737,ATL,F-C,26.0,53,53,1.0,4.6,10.23,0.45,0.465,-0.015,2017-18
203077,Michael Kidd-Gilchrist,1610612766,CHA,F,24.0,73,73,1.0,4.84,10.19,0.474,0.461,0.014,2017-18
202738,Isaiah Thomas,1610612747,LAL,G,29.0,32,32,1.0,4.72,10.19,0.463,0.456,0.007,2017-18
201566,Russell Westbrook,1610612760,OKC,G,29.0,78,78,1.0,4.92,10.18,0.484,0.459,0.025,2017-18
202709,Cory Joseph,1610612754,IND,G,26.0,82,82,1.0,4.76,10.18,0.467,0.445,0.022,2017-18
201144,Mike Conley,1610612763,MEM,G,30.0,12,12,1.0,4.17,10.17,0.41,0.449,-0.039,2017-18
201949,James Johnson,1610612748,MIA,F,31.0,71,71,1.0,4.34,10.15,0.427,0.467,-0.039,2017-18
203460,Andre Roberson,1610612760,OKC,G,26.0,37,37,1.0,4.43,10.14,0.437,0.457,-0.019,2017-18
204020,Tyler Johnson,1610612748,MIA,G,26.0,71,71,1.0,4.8,10.08,0.476,0.45,0.027,2017-18
201145,Jeff Green,1610612739,CLE,F,31.0,78,78,1.0,4.56,10.05,0.454,0.459,-0.005,2017-18
1628378,Donovan Mitchell,1610612762,UTA,G,21.0,78,78,1.0,4.28,10.05,0.426,0.453,-0.027,2017-18
1627747,Caris LeVert,1610612751,BKN,G-F,23.0,69,69,1.0,4.8,10.04,0.478,0.454,0.024,2017-18
203490,Otto Porter Jr.,1610612764,WAS,F,25.0,76,76,1.0,4.71,10.01,0.47,0.458,0.013,2017-18
203104,Marquis Teague,1610612763,MEM,G,25.0,3,3,1.0,5.33,10.0,0.533,0.448,0.085,2017-18
1628404,Josh Hart,1610612747,LAL,G,23.0,63,63,1.0,4.54,9.94,0.457,0.453,0.004,2017-18
1628462,Milos Teodosic,1610612746,LAC,G,31.0,45,45,1.0,4.98,9.93,0.501,0.451,0.05,2017-18
203915,Spencer Dinwiddie,1610612751,BKN,G,25.0,78,78,1.0,4.73,9.92,0.477,0.453,0.024,2017-18
1626159,Justise Winslow,1610612748,MIA,F-G,22.0,67,67,1.0,4.25,9.9,0.43,0.455,-0.025,2017-18
203124,Kyle O'Quinn,1610612752,NYK,C-F,28.0,76,76,1.0,4.64,9.88,0.47,0.479,-0.009,2017-18
203210,JaMychal Green,1610612763,MEM,F,28.0,55,55,1.0,4.47,9.84,0.455,0.468,-0.013,2017-18
2747,JR Smith,1610612739,CLE,G-F,32.0,80,80,1.0,5.03,9.81,0.512,0.457,0.055,2017-18
203115,Will Barton,1610612743,DEN,F-G,27.0,81,81,1.0,4.8,9.75,0.492,0.454,0.039,2017-18
201583,Ryan Anderson,1610612745,HOU,F,30.0,64,64,1.0,4.22,9.69,0.435,0.451,-0.016,2017-18
1627763,Malcolm Brogdon,1610612749,MIL,G,25.0,47,47,1.0,4.49,9.68,0.464,0.45,0.014,2017-18
1627737,Marquese Chriss,1610612756,PHX,F,20.0,72,72,1.0,4.29,9.68,0.443,0.467,-0.024,2017-18
202397,Ish Smith,1610612765,DET,G,29.0,82,82,1.0,4.28,9.67,0.443,0.448,-0.006,2017-18
202083,Wesley Matthews,1610612742,DAL,G-F,31.0,63,63,1.0,4.63,9.65,0.48,0.46,0.021,2017-18
1627748,Thon Maker,1610612749,MIL,C-F,21.0,71,71,1.0,4.83,9.65,0.501,0.484,0.017,2017-18
203109,Jae Crowder,1610612762,UTA,F,27.0,80,80,1.0,4.41,9.64,0.458,0.455,0.003,2017-18
202734,E'Twaun Moore,1610612740,NOP,F-G,29.0,82,82,1.0,4.49,9.62,0.466,0.453,0.013,2017-18
2772,Trevor Ariza,1610612745,HOU,F-G,33.0,65,65,1.0,4.8,9.62,0.499,0.461,0.039,2017-18
203101,Miles Plumlee,1610612737,ATL,C-F,29.0,55,55,1.0,4.36,9.6,0.455,0.481,-0.027,2017-18
1627741,Buddy Hield,1610612758,SAC,G,25.0,80,80,1.0,4.48,9.53,0.47,0.444,0.026,2017-18
101150,Lou Williams,1610612746,LAC,G,31.0,79,79,1.0,4.23,9.53,0.444,0.447,-0.003,2017-18
101107,Marvin Williams,1610612766,CHA,F,32.0,77,77,1.0,4.32,9.53,0.454,0.467,-0.013,2017-18
203939,Dwight Powell,1610612742,DAL,C-F,26.0,78,78,1.0,4.24,9.5,0.447,0.461,-0.014,2017-18
202323,Evan Turner,1610612757,POR,F-G,29.0,79,79,1.0,4.23,9.49,0.445,0.454,-0.009,2017-18
201601,Luc Mbah a Moute,1610612745,HOU,F,31.0,60,60,1.0,4.08,9.47,0.431,0.46,-0.029,2017-18
1627746,Skal Labissiere,1610612758,SAC,F-C,22.0,59,59,1.0,4.44,9.47,0.469,0.467,0.002,2017-18
203145,Kent Bazemore,1610612737,ATL,G,28.0,64,64,1.0,4.61,9.44,0.488,0.453,0.035,2017-18
1628021,David Nwaba,1610612741,CHI,F,25.0,70,70,1.0,4.59,9.41,0.487,0.452,0.035,2017-18
202687,Bismack Biyombo,1610612753,ORL,C,25.0,81,81,1.0,4.43,9.4,0.472,0.475,-0.003,2017-18
1628367,Josh Jackson,1610612756,PHX,G-F,21.0,77,77,1.0,4.68,9.39,0.498,0.455,0.043,2017-18
203953,Jabari Parker,1610612749,MIL,F,23.0,31,31,1.0,4.48,9.39,0.478,0.464,0.014,2017-18
202334,Ed Davis,1610612757,POR,F-C,29.0,78,78,1.0,4.35,9.33,0.466,0.479,-0.013,2017-18
201229,Anthony Tolliver,1610612765,DET,F,33.0,79,79,1.0,3.89,9.33,0.417,0.461,-0.044,2017-18
203613,Jonathon Simmons,1610612753,ORL,F,28.0,68,68,1.0,4.51,9.32,0.484,0.453,0.032,2017-18
201584,Courtney Lee,1610612752,NYK,G,32.0,75,75,1.0,4.43,9.32,0.475,0.455,0.02,2017-18
1626156,D'Angelo Russell,1610612751,BKN,G,22.0,48,48,1.0,4.6,9.27,0.497,0.455,0.041,2017-18
203935,Marcus Smart,1610612738,BOS,G,24.0,51,51,1.0,4.1,9.27,0.442,0.452,-0.01,2017-18
101127,Jarrett Jack,1610612752,NYK,G,34.0,61,61,1.0,4.31,9.26,0.465,0.452,0.013,2017-18
202694,Marcus Morris Sr.,1610612738,BOS,F,28.0,52,52,1.0,4.19,9.21,0.455,0.46,-0.005,2017-18
202340,Avery Bradley,1610612746,LAC,G,27.0,46,46,1.0,4.46,9.2,0.485,0.457,0.028,2017-18
1628436,Luke Kornet,1610612752,NYK,F-C,22.0,20,20,1.0,4.2,9.2,0.457,0.482,-0.026,2017-18
202704,Reggie Jackson,1610612765,DET,G,28.0,45,45,1.0,4.36,9.18,0.475,0.455,0.019,2017-18
203503,Tony Snell,1610612749,MIL,G,26.0,74,74,1.0,4.3,9.18,0.468,0.45,0.019,2017-18
201954,Darren Collison,1610612754,IND,G,30.0,69,69,1.0,4.36,9.17,0.476,0.449,0.026,2017-18
201609,Goran Dragic,1610612748,MIA,G,32.0,74,74,1.0,3.84,9.16,0.419,0.45,-0.032,2017-18
201967,Dante Cunningham,1610612751,BKN,F,31.0,73,73,1.0,4.51,9.14,0.493,0.463,0.03,2017-18
203933,T.J. Warren,1610612756,PHX,F,24.0,65,65,1.0,3.86,9.14,0.423,0.453,-0.03,2017-18
1627812,Yogi Ferrell,1610612742,DAL,G,25.0,82,82,1.0,4.51,9.13,0.494,0.447,0.047,2017-18
203493,Reggie Bullock Jr.,1610612765,DET,G-F,27.0,61,61,1.0,4.08,9.1,0.449,0.45,-0.001,2017-18
201585,Kosta Koufos,1610612758,SAC,C,29.0,71,71,1.0,4.0,9.1,0.44,0.483,-0.044,2017-18
1627756,Denzel Valentine,1610612741,CHI,F,24.0,77,77,1.0,4.22,9.08,0.465,0.453,0.012,2017-18
1626209,Mario Hezonja,1610612753,ORL,F-G,23.0,73,73,1.0,4.15,9.04,0.459,0.454,0.005,2017-18
1628504,Xavier Rathan-Mayes,1610612763,MEM,G,24.0,5,5,1.0,5.2,9.0,0.578,0.446,0.132,2017-18
1626162,Kelly Oubre Jr.,1610612764,WAS,F,22.0,81,81,1.0,4.4,9.0,0.488,0.451,0.038,2017-18
2736,Luol Deng,1610612747,LAL,F,33.0,1,1,1.0,3.0,9.0,0.333,0.442,-0.109,2017-18
1626185,Jarell Martin,1610612763,MEM,F,24.0,72,72,1.0,4.0,8.99,0.445,0.459,-0.014,2017-18
203087,Jeremy Lamb,1610612766,CHA,G,26.0,79,79,1.0,4.05,8.95,0.453,0.434,0.018,2017-18
203469,Cody Zeller,1610612766,CHA,C-F,25.0,32,32,1.0,3.88,8.94,0.434,0.471,-0.037,2017-18
203914,Gary Harris,1610612743,DEN,G,23.0,67,67,1.0,4.13,8.91,0.464,0.454,0.01,2017-18
203459,Allen Crabbe,1610612751,BKN,G-F,26.0,73,73,1.0,3.74,8.9,0.42,0.452,-0.032,2017-18
203112,Quincy Acy,1610612751,BKN,F,27.0,67,67,1.0,4.16,8.9,0.468,0.47,-0.002,2017-18
1628371,Jonathan Isaac,1610612753,ORL,F,20.0,27,27,1.0,4.26,8.89,0.479,0.46,0.019,2017-18
201569,Eric Gordon,1610612745,HOU,G,29.0,68,68,1.0,3.85,8.88,0.434,0.451,-0.017,2017-18
1626149,Montrezl Harrell,1610612746,LAC,F-C,24.0,74,74,1.0,3.88,8.86,0.438,0.468,-0.031,2017-18
2738,Andre Iguodala,1610612744,GSW,F-G,34.0,64,64,1.0,3.75,8.86,0.423,0.453,-0.03,2017-18
1626169,Stanley Johnson,1610612765,DET,F,22.0,69,69,1.0,3.96,8.86,0.447,0.463,-0.016,2017-18
2585,Zaza Pachulia,1610612744,GSW,C,34.0,69,69,1.0,4.29,8.84,0.485,0.478,0.007,2017-18
203476,Gorgui Dieng,1610612750,MIN,C,28.0,79,79,1.0,4.37,8.82,0.495,0.47,0.025,2017-18
203082,Terrence Ross,1610612753,ORL,G-F,27.0,23,23,1.0,3.74,8.78,0.426,0.445,-0.019,2017-18
1626179,Terry Rozier,1610612738,BOS,G,24.0,77,77,1.0,3.94,8.71,0.452,0.448,0.003,2017-18
1628395,Jordan Bell,1610612744,GSW,C-F,23.0,56,56,1.0,3.96,8.7,0.456,0.463,-0.007,2017-18
201588,George Hill,1610612739,CLE,G,32.0,67,67,1.0,3.88,8.63,0.45,0.453,-0.003,2017-18
1627749,Dejounte Murray,1610612759,SAS,G,21.0,79,79,1.0,4.09,8.63,0.474,0.455,0.019,2017-18
201936,Tyreke Evans,1610612763,MEM,G-F,28.0,52,52,1.0,3.65,8.63,0.423,0.45,-0.027,2017-18
202357,Nemanja Bjelica,1610612750,MIN,F,30.0,66,66,1.0,3.77,8.62,0.438,0.457,-0.019,2017-18
201563,Michael Beasley,1610612752,NYK,F,29.0,71,71,1.0,4.08,8.59,0.475,0.463,0.012,2017-18
1626150,Andrew Harrison,1610612763,MEM,G,23.0,56,56,1.0,3.66,8.57,0.427,0.446,-0.019,2017-18
1628389,Bam Adebayo,1610612748,MIA,C-F,20.0,67,67,1.0,3.76,8.54,0.441,0.474,-0.033,2017-18
203992,Bogdan Bogdanović,1610612758,SAC,G,25.0,78,78,1.0,4.05,8.53,0.475,0.452,0.023,2017-18
1626245,Cristiano Felicio,1610612741,CHI,C-F,25.0,54,54,1.0,4.15,8.52,0.487,0.476,0.011,2017-18
1628467,Maxi Kleber,1610612742,DAL,F,26.0,67,67,1.0,4.01,8.51,0.472,0.463,0.009,2017-18
200765,Rajon Rondo,1610612740,NOP,G,32.0,64,64,1.0,4.06,8.48,0.479,0.449,0.03,2017-18
1627814,Damion Lee,1610612737,ATL,G,25.0,15,15,1.0,3.4,8.47,0.402,0.456,-0.055,2017-18
1626168,Trey Lyles,1610612743,DEN,F,22.0,66,66,1.0,3.77,8.44,0.447,0.456,-0.009,2017-18
202066,Garrett Temple,1610612758,SAC,F-G,32.0,65,65,1.0,3.82,8.42,0.453,0.451,0.002,2017-18
201587,Nicolas Batum,1610612766,CHA,G-F,29.0,64,64,1.0,4.2,8.41,0.5,0.454,0.046,2017-18
2594,Kyle Korver,1610612739,CLE,G,37.0,73,73,1.0,3.96,8.36,0.474,0.446,0.028,2017-18
200755,JJ Redick,1610612755,PHI,G-F,34.0,69,69,1.0,3.68,8.35,0.441,0.452,-0.011,2017-18
203457,Nerlens Noel,1610612742,DAL,C,24.0,27,27,1.0,4.22,8.3,0.509,0.476,0.032,2017-18
201573,Jerryd Bayless,1610612755,PHI,G,29.0,38,38,1.0,3.61,8.29,0.435,0.451,-0.016,2017-18
201578,Marreese Speights,1610612753,ORL,F-C,30.0,50,50,1.0,3.68,8.28,0.444,0.467,-0.022,2017-18
1628369,Jayson Tatum,1610612738,BOS,F,20.0,77,77,1.0,3.57,8.26,0.432,0.455,-0.022,2017-18
101161,Amir Johnson,1610612755,PHI,C-F,31.0,74,74,1.0,3.51,8.24,0.426,0.476,-0.049,2017-18
204456,T.J. McConnell,1610612755,PHI,G,26.0,75,75,1.0,3.27,8.24,0.396,0.444,-0.047,2017-18
203107,Tomas Satoransky,1610612764,WAS,G-F,26.0,70,70,1.0,3.5,8.23,0.425,0.445,-0.019,2017-18
200757,Thabo Sefolosha,1610612762,UTA,F,34.0,37,37,1.0,3.76,8.22,0.457,0.463,-0.006,2017-18
1626166,Cameron Payne,1610612741,CHI,G,23.0,25,25,1.0,3.44,8.2,0.42,0.438,-0.018,2017-18
1627783,Pascal Siakam,1610612761,TOR,F,24.0,81,81,1.0,3.65,8.17,0.447,0.459,-0.012,2017-18
202705,MarShon Brooks,1610612763,MEM,G-F,29.0,7,7,1.0,4.29,8.14,0.526,0.443,0.084,2017-18
203894,Shabazz Napier,1610612757,POR,G,26.0,73,73,1.0,3.64,8.11,0.449,0.442,0.008,2017-18
1626158,Richaun Holmes,1610612755,PHI,F-C,24.0,45,45,1.0,3.51,8.11,0.433,0.469,-0.037,2017-18
1626170,Jerian Grant,1610612741,CHI,G,25.0,73,73,1.0,3.7,8.1,0.457,0.45,0.007,2017-18
1628397,Ivan Rabb,1610612763,MEM,F,21.0,31,31,1.0,4.13,8.1,0.51,0.466,0.044,2017-18
200752,Rudy Gay,1610612759,SAS,F,31.0,57,57,1.0,3.65,8.09,0.451,0.454,-0.003,2017-18
201942,DeMar DeRozan,1610612761,TOR,G,28.0,80,80,1.0,3.61,8.08,0.447,0.455,-0.007,2017-18
203966,Jamil Wilson,1610612746,LAC,F,27.0,14,14,1.0,3.43,8.07,0.425,0.455,-0.03,2017-18
1626171,Bobby Portis Jr.,1610612741,CHI,F,23.0,73,73,1.0,3.97,8.07,0.492,0.471,0.021,2017-18
2207,Joe Johnson,1610612745,HOU,G-F,37.0,55,55,1.0,3.45,8.05,0.429,0.458,-0.029,2017-18
1626143,Jahlil Okafor,1610612751,BKN,C,22.0,28,28,1.0,3.93,8.04,0.489,0.482,0.007,2017-18
201281,Andre Ingram,1610612747,LAL,G,32.0,2,2,1.0,4.0,8.0,0.5,0.466,0.034,2017-18
203924,Jerami Grant,1610612760,OKC,F,24.0,80,80,1.0,3.56,7.99,0.446,0.467,-0.021,2017-18
1627755,Tyler Ulis,1610612756,PHX,G,22.0,70,70,1.0,4.1,7.99,0.513,0.446,0.067,2017-18
203925,Joe Harris,1610612751,BKN,F-G,26.0,77,77,1.0,3.56,7.96,0.447,0.449,-0.002,2017-18
203903,Jordan Clarkson,1610612739,CLE,G,26.0,81,81,1.0,3.7,7.93,0.467,0.448,0.02,2017-18
200826,J.J. Barea,1610612742,DAL,G,34.0,69,69,1.0,4.03,7.93,0.508,0.444,0.064,2017-18
203937,Kyle Anderson,1610612759,SAS,F,24.0,74,74,1.0,3.69,7.93,0.465,0.464,0.001,2017-18
2731,Emeka Okafor,1610612740,NOP,C,35.0,25,25,1.0,4.12,7.92,0.52,0.488,0.032,2017-18
202714,Shelvin Mack,1610612753,ORL,G,28.0,64,64,1.0,3.77,7.91,0.476,0.438,0.038,2017-18
1626151,Aaron Harrison,1610612742,DAL,G,23.0,9,9,1.0,3.56,7.89,0.451,0.437,0.014,2017-18
1628464,Daniel Theis,1610612738,BOS,F-C,26.0,59,59,1.0,3.36,7.88,0.426,0.472,-0.046,2017-18
201988,Patty Mills,1610612759,SAS,G,29.0,82,82,1.0,3.72,7.87,0.473,0.452,0.021,2017-18
202325,Wesley Johnson,1610612746,LAC,F-G,30.0,71,71,1.0,3.59,7.85,0.458,0.461,-0.003,2017-18
203920,Khem Birch,1610612753,ORL,C,25.0,37,37,1.0,3.57,7.84,0.455,0.466,-0.011,2017-18
2561,David West,1610612744,GSW,F,37.0,73,73,1.0,3.29,7.84,0.42,0.467,-0.047,2017-18
1626172,Kevon Looney,1610612744,GSW,F,22.0,62,62,1.0,3.23,7.82,0.412,0.463,-0.051,2017-18
203121,Darius Miller,1610612740,NOP,F,28.0,80,80,1.0,3.45,7.81,0.442,0.448,-0.006,2017-18
1627982,Josh Gray,1610612756,PHX,G,24.0,5,5,1.0,4.6,7.8,0.59,0.462,0.128,2017-18
2744,Al Jefferson,1610612754,IND,C,33.0,36,36,1.0,4.11,7.75,0.53,0.476,0.055,2017-18
1627827,Dorian Finney-Smith,1610612742,DAL,F,25.0,20,20,1.0,3.55,7.75,0.458,0.456,0.002,2017-18
2548,Dwyane Wade,1610612748,MIA,G,36.0,67,67,1.0,3.28,7.73,0.425,0.449,-0.024,2017-18
201571,D.J. Augustin,1610612753,ORL,G,30.0,74,74,1.0,3.73,7.69,0.485,0.445,0.04,2017-18
202695,Kawhi Leonard,1610612759,SAS,F,27.0,9,9,1.0,3.11,7.67,0.406,0.455,-0.049,2017-18
201961,Wayne Ellington,1610612748,MIA,G,30.0,76,76,1.0,3.59,7.61,0.472,0.445,0.027,2017-18
203477,Isaiah Canaan,1610612756,PHX,G,27.0,19,19,1.0,3.53,7.47,0.472,0.454,0.018,2017-18
202344,Trevor Booker,1610612754,IND,F,30.0,67,67,1.0,3.39,7.46,0.454,0.459,-0.005,2017-18
2403,Nene,1610612745,HOU,C-F,35.0,52,52,1.0,3.19,7.46,0.428,0.461,-0.033,2017-18
203918,Rodney Hood,1610612739,CLE,G,25.0,60,60,1.0,3.67,7.45,0.492,0.456,0.036,2017-18
101133,Ian Mahinmi,1610612764,WAS,C,31.0,77,77,1.0,3.56,7.44,0.478,0.474,0.004,2017-18
1628365,Markelle Fultz,1610612755,PHI,G,20.0,14,14,1.0,3.14,7.43,0.423,0.44,-0.017,2017-18
101123,Gerald Green,1610612745,HOU,G-F,32.0,40,40,1.0,3.55,7.38,0.481,0.445,0.036,2017-18
1627832,Fred VanVleet,1610612761,TOR,G,24.0,76,76,1.0,3.16,7.37,0.429,0.444,-0.015,2017-18
1628380,Zach Collins,1610612757,POR,C-F,20.0,64,64,1.0,3.19,7.36,0.433,0.455,-0.022,2017-18
1628414,Sindarius Thornwell,1610612746,LAC,G,23.0,65,65,1.0,3.31,7.34,0.451,0.455,-0.005,2017-18
1626188,Quinn Cook,1610612744,GSW,G,25.0,29,29,1.0,3.34,7.31,0.458,0.439,0.018,2017-18
1628373,Frank Ntilikina,1610612752,NYK,G,19.0,77,77,1.0,3.25,7.29,0.446,0.446,0.0,2017-18
203524,Solomon Hill,1610612740,NOP,F,27.0,11,11,1.0,3.64,7.27,0.5,0.465,0.035,2017-18
203710,C.J. Williams,1610612746,LAC,F-G,28.0,34,34,1.0,3.35,7.26,0.462,0.452,0.01,2017-18
202720,Jon Leuer,1610612765,DET,F-C,29.0,8,8,1.0,4.0,7.25,0.552,0.475,0.076,2017-18
203504,Trey Burke,1610612752,NYK,G,25.0,34,34,1.0,3.56,7.24,0.492,0.438,0.053,2017-18
203090,Maurice Harkless,1610612757,POR,F,25.0,58,58,1.0,3.14,7.22,0.434,0.457,-0.023,2017-18
203943,Noah Vonleh,1610612741,CHI,F,22.0,53,53,1.0,3.3,7.21,0.458,0.464,-0.006,2017-18
1628405,Johnathan Motley,1610612742,DAL,F,23.0,10,10,1.0,3.9,7.2,0.542,0.465,0.077,2017-18
201158,Marco Belinelli,1610612755,PHI,G-F,32.0,79,79,1.0,3.41,7.19,0.474,0.447,0.026,2017-18
101112,Channing Frye,1610612747,LAL,F,35.0,51,51,1.0,3.43,7.16,0.479,0.461,0.019,2017-18
1628455,Mike James,1610612740,NOP,G,27.0,36,36,1.0,3.39,7.14,0.475,0.447,0.027,2017-18
203516,James Ennis III,1610612765,DET,F,27.0,72,72,1.0,3.18,7.11,0.447,0.458,-0.01,2017-18
1626257,Salah Mejri,1610612742,DAL,C,32.0,59,59,1.0,3.25,7.1,0.458,0.483,-0.024,2017-18
1627835,Paul Zipser,1610612741,CHI,F,24.0,51,51,1.0,3.57,7.08,0.504,0.461,0.043,2017-18
203584,Troy Daniels,1610612756,PHX,G,26.0,77,77,1.0,3.55,7.08,0.501,0.448,0.053,2017-18
202337,Luke Babbitt,1610612748,MIA,F,29.0,46,46,1.0,3.3,7.07,0.468,0.449,0.019,2017-18
1628384,OG Anunoby,1610612761,TOR,F,20.0,74,74,1.0,3.12,7.05,0.443,0.461,-0.019,2017-18
1626153,Delon Wright,1610612761,TOR,G,26.0,69,69,1.0,2.86,7.04,0.405,0.444,-0.038,2017-18
2749,Jameer Nelson,1610612765,DET,G,36.0,50,50,1.0,2.96,7.04,0.42,0.44,-0.02,2017-18
202722,Davis Bertans,1610612759,SAS,C-F,25.0,68,68,1.0,2.87,7.03,0.408,0.457,-0.049,2017-18
201600,Omer Asik,1610612741,CHI,C,31.0,17,17,1.0,3.18,7.0,0.454,0.468,-0.014,2017-18
202389,Timofey Mozgov,1610612751,BKN,C,31.0,29,29,1.0,3.14,7.0,0.448,0.477,-0.029,2017-18
1627362,Briante Weber,1610612763,MEM,G,25.0,16,16,1.0,4.13,6.94,0.595,0.443,0.152,2017-18
1627885,Shaquille Harrison,1610612756,PHX,G,24.0,22,22,1.0,3.0,6.91,0.434,0.444,-0.01,2017-18
202327,Ekpe Udoh,1610612762,UTA,C-F,31.0,59,59,1.0,2.88,6.9,0.418,0.473,-0.055,2017-18
101181,Jose Calderon,1610612739,CLE,G,36.0,52,52,1.0,3.31,6.88,0.48,0.438,0.042,2017-18
1628469,Antonio Blakeney,1610612741,CHI,G,21.0,16,16,1.0,3.06,6.88,0.445,0.44,0.005,2017-18
202697,Iman Shumpert,1610612758,SAC,G,28.0,14,14,1.0,3.57,6.86,0.521,0.45,0.071,2017-18
1627738,Deyonta Davis,1610612763,MEM,C-F,21.0,62,62,1.0,3.29,6.84,0.481,0.474,0.007,2017-18
1627826,Ivica Zubac,1610612747,LAL,C,21.0,38,38,1.0,2.92,6.84,0.427,0.481,-0.054,2017-18
1628379,Luke Kennard,1610612765,DET,G,22.0,72,72,1.0,3.19,6.81,0.469,0.44,0.029,2017-18
1626144,Emmanuel Mudiay,1610612752,NYK,G,22.0,61,61,1.0,3.31,6.77,0.489,0.449,0.04,2017-18
203926,Doug McDermott,1610612742,DAL,F,26.0,78,78,1.0,2.78,6.69,0.416,0.447,-0.031,2017-18
1626145,Tyus Jones,1610612750,MIN,G,22.0,82,82,1.0,3.27,6.68,0.489,0.44,0.049,2017-18
203897,Zach LaVine,1610612741,CHI,G,23.0,24,24,1.0,3.17,6.67,0.475,0.459,0.016,2017-18
1628382,Justin Jackson,1610612758,SAC,F,23.0,67,67,1.0,3.22,6.66,0.484,0.45,0.034,2017-18
203521,Matthew Dellavedova,1610612749,MIL,G,27.0,37,37,1.0,3.22,6.65,0.484,0.444,0.04,2017-18
201596,Mario Chalmers,1610612763,MEM,G,32.0,66,66,1.0,3.0,6.62,0.453,0.446,0.007,2017-18
1627855,Okaro White,1610612739,CLE,F,25.0,5,5,1.0,3.2,6.6,0.485,0.458,0.027,2017-18
203463,Ben McLemore,1610612763,MEM,G,25.0,56,56,1.0,3.16,6.59,0.48,0.453,0.027,2017-18
203960,JaKarr Sampson,1610612758,SAC,F,25.0,22,22,1.0,2.41,6.55,0.368,0.472,-0.104,2017-18
201565,Derrick Rose,1610612750,MIN,G,29.0,25,25,1.0,3.36,6.52,0.515,0.457,0.059,2017-18
204022,Jack Cooley,1610612758,SAC,C-F,27.0,6,6,1.0,2.83,6.5,0.436,0.467,-0.031,2017-18
1628503,Jamel Artis,1610612753,ORL,G,25.0,12,12,1.0,3.0,6.5,0.462,0.435,0.027,2017-18
204037,Travis Wear,1610612747,LAL,F,27.0,16,16,1.0,2.63,6.5,0.404,0.459,-0.055,2017-18
1628463,Tyler Cavanaugh,1610612737,ATL,F,24.0,34,34,1.0,3.53,6.44,0.548,0.466,0.082,2017-18
203118,Mike Scott,1610612764,WAS,F,29.0,76,76,1.0,2.8,6.43,0.436,0.458,-0.022,2017-18
202702,Kenneth Faried,1610612743,DEN,F,28.0,32,32,1.0,3.41,6.41,0.532,0.465,0.066,2017-18
1628470,Torrey Craig,1610612743,DEN,G-F,27.0,39,39,1.0,2.85,6.41,0.444,0.45,-0.006,2017-18
1626220,Royce O'Neale,1610612762,UTA,F,25.0,62,62,1.0,2.6,6.34,0.41,0.45,-0.04,2017-18
1626192,Pat Connaughton,1610612757,POR,G-F,25.0,82,82,1.0,2.55,6.32,0.403,0.443,-0.04,2017-18
203962,Josh Huestis,1610612760,OKC,G,26.0,59,59,1.0,2.59,6.32,0.41,0.456,-0.045,2017-18
1628400,Semi Ojeleye,1610612738,BOS,F,23.0,67,67,1.0,2.76,6.3,0.438,0.453,-0.014,2017-18
1628439,Isaiah Hicks,1610612752,NYK,F,23.0,17,17,1.0,2.82,6.29,0.449,0.455,-0.007,2017-18
202335,Patrick Patterson,1610612760,OKC,F,29.0,79,79,1.0,2.89,6.27,0.461,0.471,-0.011,2017-18
1627863,Danuel House Jr.,1610612756,PHX,F-G,25.0,22,22,1.0,2.77,6.23,0.445,0.454,-0.008,2017-18
1628416,Tyler Dorsey,1610612737,ATL,G,22.0,52,52,1.0,2.79,6.19,0.45,0.446,0.004,2017-18
1628424,Kobi Simmons,1610612763,MEM,G,20.0,31,31,1.0,3.55,6.19,0.573,0.443,0.13,2017-18
1627767,Cheick Diallo,1610612740,NOP,F,21.0,50,50,1.0,3.12,6.18,0.505,0.471,0.033,2017-18
201148,Brandan Wright,1610612745,HOU,F-C,30.0,27,27,1.0,2.81,6.15,0.458,0.47,-0.013,2017-18
1627854,Bryn Forbes,1610612759,SAS,G,24.0,78,78,1.0,2.81,6.13,0.458,0.446,0.012,2017-18
203961,Eric Moreland,1610612765,DET,F-C,26.0,65,65,1.0,3.0,6.11,0.491,0.482,0.009,2017-18
1627098,Malcolm Delaney,1610612737,ATL,G,29.0,51,51,1.0,2.82,6.06,0.466,0.445,0.021,2017-18
1626195,Willy Hernangomez,1610612766,CHA,C,24.0,46,46,1.0,2.96,6.02,0.491,0.473,0.018,2017-18
203546,Ian Clark,1610612740,NOP,G,27.0,72,72,1.0,2.6,6.01,0.432,0.439,-0.007,2017-18
1628935,Aaron Jackson,1610612745,HOU,G,32.0,1,1,1.0,4.0,6.0,0.667,0.486,0.181,2017-18
1628537,Jaylen Morris,1610612737,ATL,G,22.0,6,6,1.0,3.33,6.0,0.556,0.46,0.096,2017-18
2734,Devin Harris,1610612743,DEN,G,35.0,71,71,1.0,2.82,6.0,0.469,0.448,0.022,2017-18
203957,Dante Exum,1610612762,UTA,G,22.0,14,14,1.0,2.29,6.0,0.381,0.435,-0.054,2017-18
1627778,Chinanu Onuaku,1610612745,HOU,C,21.0,1,1,1.0,3.0,6.0,0.5,0.448,0.052,2017-18
1627761,DeAndre' Bembry,1610612737,ATL,F-G,23.0,25,25,1.0,2.92,5.96,0.49,0.439,0.051,2017-18
1628425,Sterling Brown,1610612749,MIL,G,23.0,51,51,1.0,2.82,5.96,0.474,0.452,0.022,2017-18
1627988,Myke Henry,1610612763,MEM,F,25.0,20,20,1.0,2.7,5.95,0.454,0.454,0.0,2017-18
1627823,Juancho Hernangomez,1610612743,DEN,F,22.0,22,22,1.0,2.59,5.95,0.435,0.452,-0.017,2017-18
201580,JaVale McGee,1610612744,GSW,C,30.0,64,64,1.0,2.64,5.94,0.445,0.471,-0.026,2017-18
1626246,Boban Marjanovic,1610612746,LAC,C,29.0,36,36,1.0,2.61,5.92,0.441,0.491,-0.049,2017-18
203487,Michael Carter-Williams,1610612766,CHA,G,26.0,52,52,1.0,2.75,5.92,0.464,0.451,0.014,2017-18
203141,Mirza Teletovic,1610612749,MIL,F,32.0,9,9,1.0,3.0,5.89,0.509,0.442,0.067,2017-18
201973,Jonas Jerebko,1610612762,UTA,F,31.0,71,71,1.0,2.8,5.87,0.477,0.463,0.015,2017-18
1626175,Jordan Mickey,1610612748,MIA,C-F,23.0,22,22,1.0,2.86,5.86,0.488,0.484,0.004,2017-18
1627936,Alex Caruso,1610612747,LAL,G,24.0,37,37,1.0,2.57,5.86,0.438,0.451,-0.013,2017-18
1628411,Wes Iwundu,1610612753,ORL,F,23.0,59,59,1.0,2.64,5.85,0.452,0.44,0.013,2017-18
201162,Jared Dudley,1610612756,PHX,F,32.0,45,45,1.0,2.96,5.84,0.506,0.46,0.045,2017-18
1627819,Isaiah Taylor,1610612737,ATL,G,23.0,64,64,1.0,2.55,5.83,0.437,0.436,0.001,2017-18
1628502,Nigel Hayes-Davis,1610612758,SAC,F,23.0,6,6,1.0,2.33,5.83,0.4,0.451,-0.051,2017-18
1627858,Kyle Collinsworth,1610612742,DAL,G,26.0,29,29,1.0,2.86,5.83,0.491,0.443,0.048,2017-18
203518,Alex Abrines,1610612760,OKC,G,24.0,65,65,1.0,2.83,5.83,0.485,0.448,0.038,2017-18
1713,Vince Carter,1610612758,SAC,G-F,41.0,57,57,1.0,2.77,5.81,0.477,0.455,0.023,2017-18
202498,Lance Thomas,1610612752,NYK,F,30.0,68,68,1.0,2.24,5.81,0.385,0.465,-0.08,2017-18
203512,Lucas Nogueira,1610612761,TOR,C,25.0,45,45,1.0,2.8,5.8,0.483,0.47,0.012,2017-18
1627782,Wayne Selden,1610612763,MEM,G-F,23.0,34,34,1.0,2.88,5.76,0.5,0.444,0.056,2017-18
1627821,James Webb III,1610612751,BKN,F,24.0,8,8,1.0,2.5,5.75,0.435,0.449,-0.014,2017-18
2733,Shaun Livingston,1610612744,GSW,G,32.0,70,70,1.0,2.47,5.74,0.43,0.445,-0.015,2017-18
1628407,Dwayne Bacon,1610612766,CHA,F,22.0,42,42,1.0,2.5,5.74,0.436,0.445,-0.01,2017-18
201943,Brandon Jennings,1610612749,MIL,G,28.0,12,12,1.0,3.17,5.67,0.559,0.449,0.109,2017-18
204025,Tim Frazier,1610612764,WAS,G,27.0,56,56,1.0,2.77,5.66,0.489,0.443,0.046,2017-18
203526,Raul Neto,1610612762,UTA,G,26.0,37,37,1.0,2.35,5.65,0.416,0.437,-0.02,2017-18
201156,Nick Young,1610612744,GSW,G-F,33.0,80,80,1.0,2.59,5.63,0.46,0.442,0.018,2017-18
202362,Lance Stephenson,1610612754,IND,G,27.0,81,81,1.0,2.59,5.63,0.461,0.444,0.016,2017-18
1628412,Frank Mason III,1610612758,SAC,G,24.0,50,50,1.0,2.78,5.62,0.495,0.445,0.05,2017-18
101109,Raymond Felton,1610612760,OKC,G,34.0,80,80,1.0,2.49,5.61,0.443,0.445,-0.002,2017-18
204028,Tarik Black,1610612745,HOU,F-C,26.0,49,49,1.0,2.41,5.57,0.432,0.466,-0.034,2017-18
1628393,Jawun Evans,1610612746,LAC,G,21.0,45,45,1.0,2.51,5.56,0.452,0.439,0.013,2017-18
203917,Nik Stauskas,1610612751,BKN,G,24.0,37,37,1.0,2.68,5.51,0.485,0.452,0.033,2017-18
1627775,Patrick McCaw,1610612744,GSW,G,22.0,52,52,1.0,2.77,5.46,0.507,0.446,0.061,2017-18
203922,Glenn Robinson III,1610612754,IND,G-F,24.0,23,23,1.0,2.43,5.43,0.448,0.457,-0.009,2017-18
203499,Shane Larkin,1610612738,BOS,G,25.0,50,50,1.0,2.62,5.38,0.487,0.442,0.045,2017-18
1627789,Timothe Luwawu-Cabarrot,1610612755,PHI,G-F,23.0,49,49,1.0,2.2,5.35,0.412,0.445,-0.033,2017-18
202718,Chandler Parsons,1610612763,MEM,F,29.0,35,35,1.0,2.69,5.34,0.503,0.456,0.046,2017-18
203898,Tyler Ennis,1610612747,LAL,G,23.0,47,47,1.0,2.36,5.32,0.444,0.447,-0.003,2017-18
1627790,Ante Zizic,1610612739,CLE,F-C,21.0,23,23,1.0,2.7,5.3,0.508,0.465,0.044,2017-18
203186,Willie Reed,1610612765,DET,C,28.0,39,39,1.0,2.49,5.26,0.473,0.48,-0.007,2017-18
1626203,Treveon Graham,1610612766,CHA,G-F,24.0,60,60,1.0,2.5,5.25,0.476,0.444,0.032,2017-18
203900,Markel Brown,1610612745,HOU,G,26.0,4,4,1.0,2.5,5.25,0.476,0.474,0.002,2017-18
202779,Dwight Buycks,1610612765,DET,G,29.0,26,26,1.0,2.19,5.23,0.419,0.439,-0.02,2017-18
203585,Rodney McGruder,1610612748,MIA,G-F,26.0,16,16,1.0,2.44,5.19,0.47,0.429,0.041,2017-18
203948,Johnny O'Bryant III,1610612766,CHA,F,25.0,33,33,1.0,2.91,5.18,0.561,0.483,0.078,2017-18
203530,Joffrey Lauvergne,1610612759,SAS,C,26.0,49,49,1.0,2.88,5.16,0.557,0.479,0.078,2017-18
1938,Manu Ginobili,1610612759,SAS,G,40.0,63,63,1.0,2.11,5.13,0.412,0.452,-0.041,2017-18
204038,Langston Galloway,1610612765,DET,G,26.0,53,53,1.0,2.21,5.13,0.43,0.444,-0.014,2017-18
1628409,Alec Peters,1610612756,PHX,F,23.0,16,16,1.0,2.31,5.13,0.451,0.439,0.013,2017-18
201956,Omri Casspi,1610612744,GSW,F,30.0,52,52,1.0,2.06,5.13,0.401,0.447,-0.046,2017-18
203705,Josh Magette,1610612737,ATL,G,28.0,16,16,1.0,2.06,5.13,0.402,0.424,-0.022,2017-18
1626224,Cedi Osman,1610612739,CLE,F-G,23.0,49,49,1.0,2.29,5.12,0.446,0.45,-0.003,2017-18
1627884,Derrick Jones Jr.,1610612748,MIA,F-G,21.0,18,18,1.0,2.33,5.11,0.457,0.457,0.0,2017-18
2225,Tony Parker,1610612759,SAS,G,36.0,55,55,1.0,2.4,5.11,0.47,0.451,0.018,2017-18
1891,Jason Terry,1610612749,MIL,G,40.0,47,47,1.0,2.49,5.09,0.49,0.445,0.045,2017-18
1627786,Troy Williams,1610612752,NYK,F,23.0,20,20,1.0,2.1,5.05,0.416,0.446,-0.03,2017-18
201147,Corey Brewer,1610612760,OKC,F,32.0,52,52,1.0,2.44,5.04,0.485,0.448,0.037,2017-18
1628390,Terrance Ferguson,1610612760,OKC,G,20.0,53,53,1.0,2.26,5.02,0.451,0.446,0.005,2017-18
1627850,Marshall Plumlee,1610612749,MIL,C,25.0,6,6,1.0,2.17,5.0,0.433,0.502,-0.068,2017-18
1626210,Alan Williams,1610612756,PHX,F-C,25.0,5,5,1.0,2.0,5.0,0.4,0.507,-0.107,2017-18
204179,Omari Johnson,1610612763,MEM,F,29.0,4,4,1.0,2.5,5.0,0.5,0.447,0.054,2017-18
1627785,Isaiah Whitehead,1610612751,BKN,G,23.0,13,13,1.0,2.31,5.0,0.462,0.45,0.011,2017-18
101139,CJ Miles,1610612761,TOR,F-G,31.0,70,70,1.0,2.2,4.99,0.441,0.445,-0.004,2017-18
101106,Andrew Bogut,1610612747,LAL,C,33.0,23,23,1.0,2.26,4.96,0.456,0.482,-0.026,2017-18
201196,Ramon Sessions,1610612764,WAS,G,32.0,23,23,1.0,2.09,4.83,0.432,0.447,-0.014,2017-18
1627740,Henry Ellenson,1610612765,DET,F,21.0,34,34,1.0,2.47,4.82,0.512,0.467,0.046,2017-18
1627883,Jalen Jones,1610612742,DAL,F,25.0,13,13,1.0,3.08,4.77,0.645,0.431,0.214,2017-18
1626181,Norman Powell,1610612761,TOR,F-G,25.0,66,66,1.0,2.14,4.77,0.448,0.446,0.002,2017-18
1627780,Gary Payton II,1610612747,LAL,G,25.0,19,19,1.0,2.58,4.74,0.544,0.451,0.094,2017-18
201975,Jodie Meeks,1610612764,WAS,G,30.0,74,74,1.0,2.24,4.73,0.474,0.442,0.032,2017-18
1626155,Sam Dekker,1610612746,LAC,F,24.0,71,71,1.0,2.15,4.69,0.459,0.46,0.0,2017-18
1628681,Rodney Purvis,1610612753,ORL,G,24.0,16,16,1.0,1.69,4.69,0.36,0.435,-0.075,2017-18
1627758,Ron Baker,1610612752,NYK,G,25.0,26,26,1.0,2.12,4.69,0.451,0.448,0.003,2017-18
1628401,Derrick White,1610612759,SAS,G,23.0,12,12,1.0,1.67,4.67,0.357,0.422,-0.065,2017-18
203086,Meyers Leonard,1610612757,POR,C,26.0,26,26,1.0,2.58,4.65,0.554,0.473,0.081,2017-18
1626147,Justin Anderson,1610612755,PHI,G-F,24.0,33,33,1.0,1.76,4.64,0.379,0.446,-0.067,2017-18
203998,Bruno Caboclo,1610612758,SAC,F,22.0,8,8,1.0,1.88,4.63,0.405,0.463,-0.058,2017-18
1628370,Malik Monk,1610612766,CHA,G,20.0,56,56,1.0,2.46,4.61,0.535,0.44,0.094,2017-18
1627762,Joel Bolomboy,1610612749,MIL,F-C,24.0,5,5,1.0,2.2,4.6,0.478,0.444,0.034,2017-18
1627834,Georgios Papagiannis,1610612757,POR,C,20.0,15,15,1.0,2.8,4.53,0.618,0.479,0.138,2017-18
1628420,Monte Morris,1610612743,DEN,G,23.0,2,2,1.0,1.5,4.5,0.333,0.429,-0.096,2017-18
202732,DeAndre Liggins,1610612740,NOP,G,30.0,51,51,1.0,2.29,4.49,0.511,0.443,0.068,2017-18
2037,Jamal Crawford,1610612750,MIN,G,38.0,75,75,1.0,2.33,4.45,0.524,0.442,0.082,2017-18
1628510,Andrew White III,1610612737,ATL,F,25.0,12,12,1.0,2.42,4.42,0.547,0.444,0.104,2017-18
202692,Alec Burks,1610612762,UTA,G,26.0,60,60,1.0,2.25,4.4,0.511,0.44,0.072,2017-18
1627735,Wade Baldwin IV,1610612757,POR,G,22.0,6,6,1.0,2.0,4.33,0.462,0.447,0.014,2017-18
1628422,Damyean Dotson,1610612752,NYK,G,24.0,36,36,1.0,1.53,4.33,0.353,0.448,-0.096,2017-18
2754,Tony Allen,1610612740,NOP,G-F,36.0,20,20,1.0,2.05,4.3,0.477,0.447,0.029,2017-18
203464,Brandon Paul,1610612759,SAS,G,27.0,45,45,1.0,1.98,4.29,0.461,0.444,0.017,2017-18
201160,Jason Smith,1610612764,WAS,F-C,32.0,33,33,1.0,1.82,4.18,0.435,0.453,-0.019,2017-18
203580,Larry Drew II,1610612740,NOP,G,28.0,6,6,1.0,1.17,4.17,0.28,0.431,-0.151,2017-18
201167,Arron Afflalo,1610612753,ORL,G,32.0,49,49,1.0,1.82,4.14,0.438,0.447,-0.009,2017-18
1627846,Abdel Nader,1610612738,BOS,F,24.0,39,39,1.0,1.95,4.1,0.475,0.429,0.046,2017-18
203485,Lorenzo Brown,1610612761,TOR,G,27.0,12,12,1.0,1.67,4.08,0.408,0.441,-0.033,2017-18
1628421,Devin Robinson,1610612764,WAS,F,23.0,1,1,1.0,1.0,4.0,0.25,0.408,-0.158,2017-18
1626154,RJ Hunter,1610612745,HOU,G,24.0,4,4,1.0,1.0,4.0,0.25,0.429,-0.179,2017-18
1628495,Milton Doyle,1610612751,BKN,G,24.0,8,8,1.0,1.75,4.0,0.438,0.427,0.011,2017-18
1627744,Brice Johnson,1610612763,MEM,F,24.0,12,12,1.0,1.58,4.0,0.396,0.445,-0.049,2017-18
1628451,Jacob Wiley,1610612751,BKN,F,23.0,3,3,1.0,1.0,4.0,0.25,0.446,-0.196,2017-18
203949,James Michael McAdoo,1610612755,PHI,F,25.0,2,2,1.0,2.0,4.0,0.5,0.429,0.071,2017-18
202918,Xavier Silas,1610612738,BOS,G,30.0,1,1,1.0,2.0,4.0,0.5,0.426,0.074,2017-18
1626780,Jonathan Gibson,1610612738,BOS,G,30.0,3,3,1.0,1.33,4.0,0.333,0.369,-0.036,2017-18
203930,Sean Kilpatrick,1610612741,CHI,G,28.0,43,43,1.0,2.07,4.0,0.517,0.437,0.08,2017-18
2210,Richard Jefferson,1610612743,DEN,F,38.0,16,16,1.0,1.81,3.94,0.46,0.452,0.008,2017-18
201589,Darrell Arthur,1610612743,DEN,F,30.0,15,15,1.0,2.0,3.93,0.508,0.483,0.025,2017-18
1627753,Zhou Qi,1610612745,HOU,F-C,22.0,15,15,1.0,1.53,3.93,0.39,0.447,-0.058,2017-18
1626259,Malcolm Miller,1610612761,TOR,F,25.0,13,13,1.0,1.77,3.85,0.46,0.441,0.019,2017-18
1628492,Gian Clavell,1610612742,DAL,G,24.0,6,6,1.0,1.5,3.83,0.391,0.436,-0.044,2017-18
202348,Jordan Crawford,1610612740,NOP,G,29.0,5,5,1.0,2.6,3.8,0.684,0.442,0.242,2017-18
203923,James Young,1610612755,PHI,G-F,22.0,5,5,1.0,0.8,3.8,0.211,0.459,-0.248,2017-18
1627853,Ryan Arcidiacono,1610612741,CHI,G,24.0,23,23,1.0,1.83,3.74,0.488,0.425,0.063,2017-18
1626173,Rashad Vaughn,1610612753,ORL,G,21.0,20,20,1.0,1.5,3.7,0.405,0.444,-0.039,2017-18
1627781,Malachi Richardson,1610612761,TOR,G,22.0,25,25,1.0,1.72,3.68,0.467,0.437,0.03,2017-18
1628388,T.J. Leaf,1610612754,IND,F,21.0,48,48,1.0,1.73,3.67,0.472,0.442,0.03,2017-18
203505,Vander Blue,1610612747,LAL,G,25.0,3,3,1.0,1.33,3.67,0.364,0.42,-0.057,2017-18
1626199,Darrun Hilliard,1610612759,SAS,G,25.0,11,11,1.0,2.0,3.64,0.55,0.436,0.114,2017-18
1626202,Joe Young,1610612754,IND,G,26.0,45,45,1.0,1.4,3.62,0.387,0.432,-0.045,2017-18
1628506,London Perrantes,1610612739,CLE,G,23.0,5,5,1.0,1.8,3.6,0.5,0.417,0.083,2017-18
1628432,Davon Reed,1610612756,PHX,G,23.0,21,21,1.0,1.81,3.57,0.507,0.45,0.056,2017-18
1627770,Kay Felder,1610612765,DET,G,23.0,13,13,1.0,1.54,3.54,0.435,0.459,-0.024,2017-18
1626177,Dakari Johnson,1610612760,OKC,C,22.0,23,23,1.0,1.35,3.52,0.383,0.475,-0.092,2017-18
1628499,Antonius Cleveland,1610612737,ATL,G,24.0,12,12,1.0,1.67,3.5,0.476,0.461,0.016,2017-18
202933,Julyan Stone,1610612766,CHA,G,29.0,15,15,1.0,1.6,3.47,0.462,0.438,0.023,2017-18
1627824,Guerschon Yabusele,1610612738,BOS,F,22.0,28,28,1.0,1.64,3.46,0.474,0.44,0.034,2017-18
1627745,Damian Jones,1610612744,GSW,C,23.0,14,14,1.0,1.36,3.43,0.396,0.465,-0.069,2017-18
204066,John Holland,1610612739,CLE,G-F,29.0,19,19,1.0,2.0,3.42,0.585,0.45,0.135,2017-18
1628403,Caleb Swanigan,1610612757,POR,F-C,21.0,22,22,1.0,1.59,3.41,0.467,0.46,0.007,2017-18
2863,Damien Wilkins,1610612754,IND,G-F,38.0,15,15,1.0,1.27,3.4,0.373,0.442,-0.069,2017-18
201166,Aaron Brooks,1610612750,MIN,G,33.0,18,18,1.0,1.83,3.39,0.541,0.446,0.095,2017-18
1627856,Matt Costello,1610612759,SAS,F-C,24.0,3,3,1.0,1.67,3.33,0.5,0.486,0.014,2017-18
1628493,Mangok Mathiang,1610612766,CHA,F-C,25.0,3,3,1.0,1.67,3.33,0.5,0.461,0.039,2017-18
1627736,Malik Beasley,1610612743,DEN,G,21.0,43,43,1.0,1.49,3.33,0.448,0.449,-0.001,2017-18
201149,Joakim Noah,1610612752,NYK,C,33.0,7,7,1.0,1.29,3.29,0.391,0.464,-0.073,2017-18
1627875,Marcus Georges-Hunt,1610612750,MIN,G,24.0,21,21,1.0,1.57,3.24,0.485,0.461,0.024,2017-18
1628443,Kadeem Allen,1610612738,BOS,G,25.0,7,7,1.0,1.29,3.14,0.409,0.436,-0.027,2017-18
1628444,Jabari Bird,1610612738,BOS,G,23.0,8,8,1.0,1.38,3.13,0.44,0.431,0.009,2017-18
203498,Shabazz Muhammad,1610612749,MIL,G-F,25.0,34,34,1.0,1.41,3.09,0.457,0.444,0.013,2017-18
1627866,Jameel Warney,1610612742,DAL,F,24.0,3,3,1.0,1.33,3.0,0.444,0.437,0.007,2017-18
202379,Jeremy Evans,1610612737,ATL,F,30.0,1,1,1.0,1.0,3.0,0.333,0.341,-0.007,2017-18
203940,Adreian Payne,1610612753,ORL,F,27.0,4,4,1.0,2.0,3.0,0.667,0.477,0.19,2017-18
1627215,Walt Lemon Jr.,1610612740,NOP,PG,25.0,4,4,1.0,1.25,3.0,0.417,0.426,-0.009,2017-18
204067,Jarell Eddie,1610612741,CHI,G-F,26.0,1,1,1.0,2.0,3.0,0.667,0.445,0.222,2017-18
1628476,Derrick Walton Jr.,1610612748,MIA,G,23.0,15,15,1.0,1.4,3.0,0.467,0.445,0.022,2017-18
2746,Josh Smith,1610612740,NOP,F,32.0,2,2,1.0,1.5,3.0,0.5,0.491,0.009,2017-18
1628391,D.J. Wilson,1610612749,MIL,F,22.0,11,11,1.0,1.73,2.91,0.594,0.453,0.141,2017-18
1627743,Demetrius Jackson,1610612755,PHI,G,23.0,11,11,1.0,1.45,2.91,0.5,0.453,0.047,2017-18
2555,Nick Collison,1610612760,OKC,F-C,37.0,11,11,1.0,1.45,2.82,0.516,0.465,0.051,2017-18
1627788,Furkan Korkmaz,1610612755,PHI,G-F,20.0,9,9,1.0,1.67,2.78,0.6,0.421,0.179,2017-18
1628418,Thomas Bryant,1610612747,LAL,C,20.0,13,13,1.0,1.62,2.69,0.6,0.487,0.113,2017-18
202347,Quincy Pondexter,1610612741,CHI,G,30.0,21,21,1.0,1.1,2.67,0.411,0.433,-0.022,2017-18
2617,Udonis Haslem,1610612748,MIA,F,38.0,11,11,1.0,0.82,2.64,0.31,0.462,-0.152,2017-18
1627777,Georges Niang,1610612762,UTA,F,25.0,4,4,1.0,1.5,2.5,0.6,0.447,0.153,2017-18
201628,Bobby Brown,1610612745,HOU,G,33.0,14,14,1.0,1.21,2.5,0.486,0.405,0.081,2017-18
1628387,Ike Anigbogu,1610612754,IND,C-F,19.0,9,9,1.0,1.56,2.44,0.636,0.431,0.205,2017-18
1628035,Alfonzo McKinnie,1610612761,TOR,F,25.0,9,9,1.0,0.78,2.33,0.333,0.422,-0.089,2017-18
203481,Jeff Withey,1610612742,DAL,C,28.0,9,9,1.0,0.78,2.33,0.333,0.519,-0.186,2017-18
1627779,Marcus Paige,1610612766,CHA,G,24.0,3,3,1.0,1.0,2.33,0.429,0.504,-0.075,2017-18
1628396,Tony Bradley,1610612762,UTA,C,20.0,9,9,1.0,1.0,2.22,0.45,0.444,0.006,2017-18
1626191,Chris McCullough,1610612764,WAS,F,23.0,17,17,1.0,1.0,2.06,0.486,0.435,0.05,2017-18
1626242,Luis Montero,1610612765,DET,G,25.0,1,1,1.0,0.0,2.0,0.0,0.357,-0.357,2017-18
204065,David Stockton,1610612762,UTA,G,27.0,2,2,1.0,1.0,2.0,0.5,0.436,0.064,2017-18
203816,Scotty Hopson,1610612742,DAL,G,28.0,1,1,1.0,1.0,2.0,0.5,0.55,-0.05,2017-18
2570,Kendrick Perkins,1610612739,CLE,C,33.0,1,1,1.0,1.0,2.0,0.5,0.458,0.042,2017-18
1628399,Tyler Lydon,1610612743,DEN,F,22.0,1,1,1.0,1.0,2.0,0.5,0.43,0.07,2017-18
1626643,Jacob Pullen,1610612755,PHI,G,28.0,1,1,1.0,1.0,2.0,0.5,0.395,0.105,2017-18
1627817,Tim Quarterman,1610612745,HOU,G,23.0,3,3,1.0,1.0,2.0,0.5,0.432,0.069,2017-18
1627816,Alex Poythress,1610612754,IND,F,24.0,19,19,1.0,0.63,1.95,0.324,0.434,-0.11,2017-18
1627774,Jake Layman,1610612757,POR,F,24.0,17,17,1.0,0.94,1.94,0.485,0.451,0.034,2017-18
1628429,Charles Cooke,1610612740,NOP,G,23.0,7,7,1.0,0.86,1.71,0.5,0.429,0.071,2017-18
1626205,Vincent Hunter,1610612763,MEM,F,23.0,3,3,1.0,0.67,1.67,0.4,0.441,-0.041,2017-18
202332,Cole Aldrich,1610612750,MIN,C,29.0,13,13,1.0,1.08,1.62,0.667,0.456,0.211,2017-18
202713,Kyle Singler,1610612760,OKC,F,30.0,7,7,1.0,0.71,1.57,0.455,0.45,0.005,2017-18
1627852,Nicolas Brussino,1610612737,ATL,F,25.0,2,2,1.0,0.5,1.5,0.333,0.504,-0.17,2017-18
1627772,Daniel Hamilton,1610612760,OKC,G-F,22.0,6,6,1.0,0.67,1.5,0.444,0.416,0.028,2017-18
201177,Josh McRoberts,1610612742,DAL,F-C,31.0,2,2,1.0,1.0,1.5,0.667,0.394,0.272,2017-18
1628500,Ben Moore,1610612754,IND,F,23.0,2,2,1.0,1.0,1.5,0.667,0.397,0.27,2017-18
1628408,PJ Dozier,1610612760,OKC,G,21.0,2,2,1.0,0.5,1.5,0.333,0.504,-0.171,2017-18
204098,Xavier Munford,1610612749,MIL,G,26.0,5,5,1.0,1.2,1.4,0.857,0.425,0.433,2017-18
1626148,Anthony Brown,1610612750,MIN,F-G,25.0,1,1,1.0,1.0,1.0,1.0,0.419,0.581,2017-18
1628475,Matt Williams Jr.,1610612748,MIA,G,24.0,2,2,1.0,0.0,1.0,0.0,0.447,-0.447,2017-18
1628571,Erik McCree,1610612762,UTA,F,24.0,1,1,1.0,0.0,1.0,0.0,0.504,-0.504,2017-18
203489,Nate Wolters,1610612762,UTA,G,27.0,2,2,1.0,0.5,1.0,0.5,0.427,0.073,2017-18
1628410,Edmond Sumner,1610612754,IND,G,22.0,1,1,1.0,1.0,1.0,1.0,0.365,0.635,2017-18
203687,Reggie Hearn,1610612765,DET,G,26.0,2,2,1.0,0.0,1.0,0.0,0.401,-0.401,2017-18
202682,Derrick Williams,1610612747,LAL,F,27.0,1,1,1.0,0.0,1.0,0.0,0.508,-0.508,2017-18
202330,Gordon Hayward,1610612738,BOS,F,28.0,1,1,1.0,1.0,1.0,1.0,0.453,0.547,2017-18
203954,Joel Embiid,1610612755,PHI,F-C,25.0,61,61,1.0,9.51,22.34,0.426,0.477,-0.051,2018-19
203497,Rudy Gobert,1610612762,UTA,C,27.0,79,79,1.0,9.46,21.08,0.449,0.486,-0.037,2018-19
201572,Brook Lopez,1610612749,MIL,C,31.0,81,81,1.0,9.09,20.69,0.439,0.481,-0.042,2018-19
203500,Steven Adams,1610612760,OKC,C,25.0,79,79,1.0,8.62,18.32,0.471,0.486,-0.016,2018-19
1629028,Deandre Ayton,1610612756,PHX,C,20.0,71,71,1.0,8.79,18.07,0.486,0.486,0.0,2018-19
202696,Nikola Vučević,1610612753,ORL,C,28.0,78,78,1.0,8.67,18.05,0.48,0.485,-0.005,2018-19
203083,Andre Drummond,1610612765,DET,C,25.0,79,79,1.0,8.62,18.03,0.478,0.485,-0.007,2018-19
203999,Nikola Jokić,1610612743,DEN,C,24.0,80,80,1.0,8.34,17.78,0.469,0.493,-0.024,2018-19
203991,Clint Capela,1610612745,HOU,C,25.0,66,66,1.0,8.14,17.76,0.458,0.474,-0.016,2018-19
1628386,Jarrett Allen,1610612751,BKN,C,21.0,80,80,1.0,8.6,17.58,0.489,0.485,0.004,2018-19
1626157,Karl-Anthony Towns,1610612750,MIN,C,23.0,77,77,1.0,8.36,17.53,0.477,0.479,-0.002,2018-19
200746,LaMarcus Aldridge,1610612759,SAS,C-F,33.0,81,81,1.0,7.94,17.44,0.455,0.478,-0.023,2018-19
202326,DeMarcus Cousins,1610612744,GSW,C,28.0,30,30,1.0,7.7,17.1,0.45,0.484,-0.034,2018-19
203076,Anthony Davis,1610612740,NOP,F-C,26.0,56,56,1.0,7.5,16.79,0.447,0.481,-0.034,2018-19
1626167,Myles Turner,1610612754,IND,C-F,23.0,74,74,1.0,7.77,16.72,0.465,0.486,-0.021,2018-19
203994,Jusuf Nurkić,1610612757,POR,C,24.0,72,72,1.0,7.22,16.58,0.436,0.49,-0.055,2018-19
201143,Al Horford,1610612738,BOS,C-F,33.0,68,68,1.0,7.6,16.49,0.461,0.479,-0.018,2018-19
201950,Jrue Holiday,1610612740,NOP,G,29.0,67,67,1.0,7.51,16.46,0.456,0.453,0.003,2018-19
1626149,Montrezl Harrell,1610612746,LAC,F-C,25.0,82,82,1.0,6.93,15.45,0.448,0.473,-0.024,2018-19
203469,Cody Zeller,1610612766,CHA,C,26.0,48,48,1.0,6.94,15.25,0.455,0.472,-0.017,2018-19
201586,Serge Ibaka,1610612761,TOR,C-F,29.0,74,74,1.0,6.92,15.2,0.455,0.475,-0.02,2018-19
203110,Draymond Green,1610612744,GSW,F,29.0,66,66,1.0,6.29,14.8,0.425,0.466,-0.041,2018-19
201935,James Harden,1610612745,HOU,G,29.0,77,77,1.0,6.62,14.65,0.452,0.468,-0.015,2018-19
201580,JaVale McGee,1610612747,LAL,C,31.0,75,75,1.0,6.67,14.63,0.456,0.485,-0.029,2018-19
201188,Marc Gasol,1610612761,TOR,C,34.0,79,79,1.0,6.37,14.46,0.44,0.481,-0.04,2018-19
1628976,Wendell Carter Jr.,1610612741,CHI,C,20.0,42,42,1.0,6.62,14.38,0.46,0.487,-0.027,2018-19
202331,Paul George,1610612760,OKC,F,29.0,76,76,1.0,6.22,14.3,0.435,0.458,-0.023,2018-19
201577,Robin Lopez,1610612741,CHI,C,31.0,72,72,1.0,6.36,14.18,0.449,0.478,-0.03,2018-19
1626161,Willie Cauley-Stein,1610612758,SAC,C,25.0,81,81,1.0,6.75,14.05,0.481,0.482,-0.001,2018-19
202689,Kemba Walker,1610612766,CHA,G,29.0,81,81,1.0,6.54,14.0,0.467,0.452,0.016,2018-19
202683,Enes Freedom,1610612757,POR,C,27.0,67,67,1.0,6.82,13.97,0.488,0.48,0.008,2018-19
201599,DeAndre Jordan,1610612752,NYK,C,30.0,69,69,1.0,6.29,13.93,0.452,0.489,-0.037,2018-19
202685,Jonas Valanciunas,1610612763,MEM,C,27.0,49,49,1.0,6.27,13.88,0.451,0.483,-0.031,2018-19
1627783,Pascal Siakam,1610612761,TOR,F,25.0,80,80,1.0,5.68,13.75,0.413,0.462,-0.049,2018-19
203473,Dewayne Dedmon,1610612737,ATL,C,29.0,64,64,1.0,6.28,13.64,0.46,0.473,-0.013,2018-19
202355,Hassan Whiteside,1610612748,MIA,C,30.0,72,72,1.0,5.67,13.54,0.418,0.477,-0.059,2018-19
203952,Andrew Wiggins,1610612750,MIN,F-G,24.0,73,73,1.0,6.21,13.53,0.459,0.457,0.002,2018-19
203960,JaKarr Sampson,1610612741,CHI,F,26.0,4,4,1.0,5.25,13.5,0.389,0.436,-0.047,2018-19
202324,Derrick Favors,1610612762,UTA,F-C,27.0,74,74,1.0,5.69,13.47,0.422,0.474,-0.052,2018-19
203078,Bradley Beal,1610612764,WAS,G,26.0,81,81,1.0,6.33,13.46,0.471,0.451,0.02,2018-19
202684,Tristan Thompson,1610612739,CLE,C-F,28.0,43,43,1.0,6.67,13.42,0.497,0.477,0.021,2018-19
1628401,Derrick White,1610612759,SAS,G,24.0,67,67,1.0,5.84,13.18,0.443,0.448,-0.005,2018-19
203944,Julius Randle,1610612740,NOP,C-F,24.0,73,73,1.0,5.97,13.15,0.454,0.47,-0.016,2018-19
203496,Robert Covington,1610612750,MIN,F,28.0,34,34,1.0,5.82,13.15,0.443,0.453,-0.01,2018-19
1628381,John Collins,1610612737,ATL,F-C,21.0,61,61,1.0,5.9,13.03,0.453,0.465,-0.013,2018-19
202703,Nikola Mirotic,1610612749,MIL,F,28.0,46,46,1.0,5.93,13.02,0.456,0.462,-0.007,2018-19
1628372,Dennis Smith Jr.,1610612752,NYK,G,21.0,53,53,1.0,5.62,12.87,0.437,0.448,-0.012,2018-19
202699,Tobias Harris,1610612755,PHI,F,26.0,82,82,1.0,6.01,12.85,0.468,0.463,0.005,2018-19
1626196,Josh Richardson,1610612748,MIA,G-F,25.0,73,73,1.0,5.67,12.74,0.445,0.449,-0.004,2018-19
201145,Jeff Green,1610612764,WAS,F,32.0,76,76,1.0,5.89,12.62,0.467,0.465,0.002,2018-19
1626204,Larry Nance Jr.,1610612739,CLE,F,26.0,67,67,1.0,5.81,12.57,0.462,0.47,-0.008,2018-19
1627741,Buddy Hield,1610612758,SAC,G,26.0,82,82,1.0,6.06,12.55,0.483,0.45,0.033,2018-19
200794,Paul Millsap,1610612743,DEN,F,34.0,70,70,1.0,5.83,12.53,0.465,0.469,-0.003,2018-19
1628418,Thomas Bryant,1610612764,WAS,C,21.0,70,70,1.0,6.1,12.51,0.487,0.48,0.007,2018-19
1628366,Lonzo Ball,1610612747,LAL,G,21.0,47,47,1.0,5.57,12.49,0.446,0.451,-0.005,2018-19
200782,P.J. Tucker,1610612745,HOU,F,34.0,81,81,1.0,5.49,12.48,0.44,0.465,-0.025,2018-19
201152,Thaddeus Young,1610612754,IND,F,31.0,81,81,1.0,5.63,12.42,0.453,0.468,-0.014,2018-19
201980,Danny Green,1610612761,TOR,G-F,32.0,79,79,1.0,5.9,12.41,0.476,0.454,0.021,2018-19
203924,Jerami Grant,1610612760,OKC,F,25.0,79,79,1.0,5.8,12.39,0.468,0.467,0.001,2018-19
200768,Kyle Lowry,1610612761,TOR,G,33.0,65,65,1.0,5.2,12.38,0.42,0.452,-0.032,2018-19
1627732,Ben Simmons,1610612755,PHI,G-F,22.0,76,76,1.0,5.66,12.38,0.457,0.458,-0.001,2018-19
201933,Blake Griffin,1610612765,DET,F,30.0,75,75,1.0,5.53,12.37,0.447,0.465,-0.018,2018-19
1627826,Ivica Zubac,1610612746,LAC,C,22.0,57,57,1.0,5.86,12.33,0.475,0.485,-0.01,2018-19
203506,Victor Oladipo,1610612754,IND,G,27.0,36,36,1.0,5.75,12.28,0.468,0.446,0.023,2018-19
1628374,Lauri Markkanen,1610612741,CHI,F,22.0,51,51,1.0,5.92,12.25,0.483,0.464,0.019,2018-19
202710,Jimmy Butler III,1610612755,PHI,G-F,29.0,63,63,1.0,5.92,12.24,0.484,0.458,0.025,2018-19
203468,CJ McCollum,1610612757,POR,G,27.0,70,70,1.0,5.66,12.24,0.462,0.449,0.013,2018-19
1629203,Jemerrio Jones,1610612747,LAL,F,24.0,5,5,1.0,5.0,12.2,0.41,0.462,-0.052,2018-19
201142,Kevin Durant,1610612744,GSW,F,30.0,78,78,1.0,5.14,12.17,0.423,0.457,-0.034,2018-19
1626224,Cedi Osman,1610612739,CLE,F,24.0,76,76,1.0,6.04,12.12,0.498,0.452,0.046,2018-19
203901,Elfrid Payton,1610612740,NOP,G,25.0,42,42,1.0,5.67,12.12,0.468,0.446,0.022,2018-19
201568,Danilo Gallinari,1610612746,LAC,F,30.0,68,68,1.0,5.81,12.1,0.48,0.464,0.016,2018-19
203458,Alex Len,1610612737,ATL,C,26.0,77,77,1.0,5.91,12.01,0.492,0.472,0.02,2018-19
1626154,RJ Hunter,1610612738,BOS,G,25.0,1,1,1.0,3.0,12.0,0.25,0.483,-0.233,2018-19
1629029,Luka Dončić,1610612742,DAL,F-G,20.0,72,72,1.0,5.67,11.97,0.473,0.456,0.017,2018-19
2546,Carmelo Anthony,1610612745,HOU,F,35.0,10,10,1.0,5.8,11.9,0.487,0.459,0.028,2018-19
203932,Aaron Gordon,1610612753,ORL,F,23.0,76,76,1.0,5.39,11.87,0.455,0.46,-0.005,2018-19
1627739,Kris Dunn,1610612741,CHI,G,25.0,45,45,1.0,5.62,11.82,0.476,0.452,0.023,2018-19
1627742,Brandon Ingram,1610612747,LAL,F,21.0,52,52,1.0,4.77,11.79,0.405,0.45,-0.045,2018-19
202322,John Wall,1610612764,WAS,G,28.0,32,32,1.0,5.56,11.78,0.472,0.45,0.022,2018-19
1628436,Luke Kornet,1610612752,NYK,F-C,23.0,44,44,1.0,5.11,11.75,0.435,0.474,-0.039,2018-19
203507,Giannis Antetokounmpo,1610612749,MIL,F,24.0,72,72,1.0,4.76,11.74,0.406,0.465,-0.059,2018-19
1626172,Kevon Looney,1610612744,GSW,C-F,23.0,80,80,1.0,5.03,11.71,0.429,0.467,-0.038,2018-19
203382,Aron Baynes,1610612738,BOS,C-F,32.0,50,50,1.0,5.06,11.7,0.432,0.477,-0.044,2018-19
1629011,Mitchell Robinson,1610612752,NYK,C,21.0,65,65,1.0,4.94,11.69,0.422,0.472,-0.049,2018-19
1629027,Trae Young,1610612737,ATL,G,20.0,81,81,1.0,5.73,11.68,0.49,0.447,0.044,2018-19
1628368,De'Aaron Fox,1610612758,SAC,G,21.0,81,81,1.0,5.46,11.68,0.467,0.45,0.017,2018-19
203471,Dennis Schröder,1610612760,OKC,G,25.0,78,78,1.0,5.4,11.64,0.464,0.449,0.015,2018-19
1629012,Collin Sexton,1610612739,CLE,G,20.0,82,82,1.0,6.21,11.63,0.534,0.449,0.085,2018-19
202357,Nemanja Bjelica,1610612758,SAC,F,31.0,77,77,1.0,5.12,11.61,0.441,0.464,-0.023,2018-19
1626159,Justise Winslow,1610612748,MIA,F-G,23.0,66,66,1.0,5.14,11.59,0.443,0.457,-0.014,2018-19
203087,Jeremy Lamb,1610612766,CHA,G,27.0,77,77,1.0,5.52,11.55,0.478,0.448,0.03,2018-19
1627734,Domantas Sabonis,1610612754,IND,F,23.0,74,74,1.0,5.24,11.55,0.454,0.473,-0.019,2018-19
203943,Noah Vonleh,1610612752,NYK,F,23.0,66,66,1.0,5.2,11.48,0.453,0.472,-0.02,2018-19
203095,Evan Fournier,1610612753,ORL,G-F,26.0,79,79,1.0,5.41,11.43,0.473,0.45,0.022,2018-19
1628398,Kyle Kuzma,1610612747,LAL,F,23.0,70,70,1.0,5.1,11.43,0.446,0.463,-0.016,2018-19
201144,Mike Conley,1610612763,MEM,G,31.0,70,70,1.0,5.26,11.39,0.462,0.448,0.013,2018-19
203953,Jabari Parker,1610612764,WAS,F,24.0,62,62,1.0,5.42,11.39,0.476,0.46,0.016,2018-19
101107,Marvin Williams,1610612766,CHA,F,33.0,74,74,1.0,5.34,11.38,0.469,0.464,0.005,2018-19
1627733,Dragan Bender,1610612756,PHX,F,21.0,44,44,1.0,5.07,11.36,0.446,0.48,-0.034,2018-19
203081,Damian Lillard,1610612757,POR,G,28.0,80,80,1.0,5.26,11.36,0.463,0.445,0.018,2018-19
201567,Kevin Love,1610612739,CLE,F-C,30.0,22,22,1.0,4.95,11.32,0.438,0.464,-0.026,2018-19
203200,Justin Holiday,1610612763,MEM,F-G,30.0,80,80,1.0,5.14,11.31,0.454,0.454,0.0,2018-19
203486,Mason Plumlee,1610612743,DEN,F-C,29.0,82,82,1.0,5.33,11.3,0.471,0.481,-0.009,2018-19
1627745,Damian Jones,1610612744,GSW,C,24.0,24,24,1.0,5.29,11.21,0.472,0.469,0.003,2018-19
1628404,Josh Hart,1610612747,LAL,G,24.0,67,67,1.0,4.82,11.19,0.431,0.45,-0.019,2018-19
203501,Tim Hardaway Jr.,1610612742,DAL,G,27.0,64,64,1.0,5.25,11.14,0.471,0.45,0.021,2018-19
1626171,Bobby Portis Jr.,1610612764,WAS,F,24.0,48,48,1.0,5.73,11.1,0.516,0.471,0.045,2018-19
202691,Klay Thompson,1610612744,GSW,G,29.0,78,78,1.0,4.71,11.08,0.425,0.451,-0.026,2018-19
202329,Al-Farouq Aminu,1610612757,POR,F,28.0,81,81,1.0,5.1,11.04,0.462,0.466,-0.004,2018-19
201976,Patrick Beverley,1610612746,LAC,G,30.0,78,78,1.0,4.94,11.01,0.448,0.45,-0.002,2018-19
1626164,Devin Booker,1610612756,PHX,G,22.0,64,64,1.0,5.31,11.0,0.483,0.452,0.031,2018-19
1628999,Yante Maten,1610612748,MIA,F,22.0,1,1,1.0,3.0,11.0,0.273,0.399,-0.126,2018-19
1626156,D'Angelo Russell,1610612751,BKN,G,23.0,81,81,1.0,5.1,10.98,0.465,0.449,0.016,2018-19
200765,Rajon Rondo,1610612747,LAL,G,33.0,46,46,1.0,5.46,10.98,0.497,0.454,0.043,2018-19
1627790,Ante Zizic,1610612739,CLE,C,22.0,57,57,1.0,5.33,10.98,0.486,0.473,0.012,2018-19
101108,Chris Paul,1610612745,HOU,G,34.0,57,57,1.0,5.25,10.96,0.478,0.454,0.025,2018-19
201565,Derrick Rose,1610612750,MIN,G,30.0,51,51,1.0,4.8,10.96,0.438,0.445,-0.007,2018-19
1628969,Mikal Bridges,1610612756,PHX,F,22.0,81,81,1.0,5.43,10.89,0.499,0.455,0.044,2018-19
203897,Zach LaVine,1610612741,CHI,G,24.0,61,61,1.0,5.02,10.89,0.461,0.447,0.014,2018-19
2730,Dwight Howard,1610612764,WAS,C,33.0,9,9,1.0,5.0,10.89,0.459,0.493,-0.034,2018-19
1628991,Jaren Jackson Jr.,1610612763,MEM,F-C,19.0,58,58,1.0,4.91,10.86,0.452,0.476,-0.023,2018-19
203939,Dwight Powell,1610612742,DAL,F-C,27.0,76,76,1.0,5.09,10.83,0.47,0.468,0.002,2018-19
1628369,Jayson Tatum,1610612738,BOS,F,21.0,79,79,1.0,4.57,10.81,0.423,0.451,-0.028,2018-19
201937,Ricky Rubio,1610612762,UTA,G,28.0,66,66,1.0,5.26,10.74,0.489,0.448,0.042,2018-19
2544,LeBron James,1610612747,LAL,F,34.0,55,55,1.0,4.58,10.73,0.427,0.461,-0.034,2018-19
201566,Russell Westbrook,1610612760,OKC,G,30.0,72,72,1.0,4.9,10.72,0.457,0.452,0.006,2018-19
202340,Avery Bradley,1610612763,MEM,G,28.0,63,63,1.0,5.06,10.67,0.475,0.457,0.018,2018-19
1628963,Marvin Bagley III,1610612758,SAC,F,20.0,62,62,1.0,5.02,10.65,0.471,0.466,0.005,2018-19
202681,Kyrie Irving,1610612738,BOS,G,27.0,67,67,1.0,5.06,10.63,0.476,0.456,0.02,2018-19
1627763,Malcolm Brogdon,1610612749,MIL,G,26.0,64,64,1.0,4.66,10.59,0.44,0.448,-0.008,2018-19
202695,Kawhi Leonard,1610612761,TOR,F,28.0,60,60,1.0,4.63,10.57,0.438,0.457,-0.018,2018-19
202339,Eric Bledsoe,1610612749,MIL,G,29.0,78,78,1.0,4.59,10.55,0.435,0.447,-0.012,2018-19
203488,Mike Muscala,1610612747,LAL,F-C,27.0,61,61,1.0,4.89,10.52,0.464,0.469,-0.005,2018-19
203092,Tyler Zeller,1610612763,MEM,C,29.0,6,6,1.0,3.83,10.5,0.365,0.468,-0.103,2018-19
1627215,Walt Lemon Jr.,1610612741,CHI,G,26.0,6,6,1.0,5.67,10.5,0.54,0.45,0.09,2018-19
201939,Stephen Curry,1610612744,GSW,G,31.0,69,69,1.0,4.74,10.49,0.452,0.445,0.007,2018-19
203490,Otto Porter Jr.,1610612741,CHI,F,26.0,55,55,1.0,5.13,10.47,0.49,0.453,0.037,2018-19
2199,Tyson Chandler,1610612747,LAL,C,36.0,55,55,1.0,4.91,10.47,0.469,0.489,-0.021,2018-19
1628391,D.J. Wilson,1610612749,MIL,F,23.0,47,47,1.0,4.3,10.45,0.411,0.452,-0.041,2018-19
203084,Harrison Barnes,1610612758,SAC,F,27.0,77,77,1.0,4.92,10.43,0.472,0.469,0.003,2018-19
203925,Joe Harris,1610612751,BKN,F-G,27.0,76,76,1.0,4.79,10.41,0.46,0.455,0.005,2018-19
1627747,Caris LeVert,1610612751,BKN,G,24.0,40,40,1.0,4.88,10.33,0.472,0.451,0.022,2018-19
1627832,Fred VanVleet,1610612761,TOR,G,25.0,64,64,1.0,4.97,10.33,0.481,0.447,0.034,2018-19
201587,Nicolas Batum,1610612766,CHA,F-G,30.0,74,74,1.0,4.61,10.3,0.448,0.459,-0.011,2018-19
1628389,Bam Adebayo,1610612748,MIA,C-F,21.0,82,82,1.0,4.66,10.29,0.453,0.469,-0.016,2018-19
1628983,Shai Gilgeous-Alexander,1610612746,LAC,G,20.0,82,82,1.0,4.51,10.28,0.439,0.447,-0.008,2018-19
203967,Dario Saric,1610612750,MIN,F,25.0,80,80,1.0,4.63,10.28,0.45,0.459,-0.009,2018-19
203992,Bogdan Bogdanović,1610612758,SAC,G,26.0,70,70,1.0,4.8,10.23,0.469,0.447,0.022,2018-19
202711,Bojan Bogdanovic,1610612754,IND,F,30.0,81,81,1.0,4.62,10.21,0.452,0.452,0.0,2018-19
1628467,Maxi Kleber,1610612742,DAL,F,27.0,71,71,1.0,4.35,10.17,0.428,0.463,-0.035,2018-19
1626162,Kelly Oubre Jr.,1610612756,PHX,F,23.0,69,69,1.0,4.74,10.17,0.466,0.457,0.009,2018-19
203482,Kelly Olynyk,1610612748,MIA,F,28.0,79,79,1.0,4.63,10.15,0.456,0.456,0.001,2018-19
201959,Taj Gibson,1610612750,MIN,F,34.0,70,70,1.0,4.94,10.14,0.487,0.477,0.011,2018-19
201952,Jeff Teague,1610612750,MIN,G,31.0,42,42,1.0,4.93,10.1,0.488,0.452,0.036,2018-19
202334,Ed Davis,1610612751,BKN,C,30.0,81,81,1.0,4.64,10.09,0.46,0.476,-0.016,2018-19
1627751,Jakob Poeltl,1610612759,SAS,C,23.0,77,77,1.0,4.78,10.08,0.474,0.473,0.001,2018-19
203107,Tomas Satoransky,1610612764,WAS,G-F,27.0,78,78,1.0,4.94,10.08,0.49,0.448,0.042,2018-19
201942,DeMar DeRozan,1610612759,SAS,G,29.0,77,77,1.0,4.66,10.06,0.463,0.449,0.014,2018-19
2772,Trevor Ariza,1610612764,WAS,F,33.0,68,68,1.0,5.32,10.04,0.53,0.461,0.069,2018-19
1627827,Dorian Finney-Smith,1610612742,DAL,F,26.0,80,80,1.0,4.34,10.04,0.432,0.459,-0.027,2018-19
1629006,Josh Okogie,1610612750,MIN,G,20.0,71,71,1.0,4.86,10.04,0.484,0.451,0.033,2018-19
202702,Kenneth Faried,1610612745,HOU,F-C,29.0,36,36,1.0,4.97,10.03,0.496,0.467,0.029,2018-19
1628367,Josh Jackson,1610612756,PHX,F,22.0,79,79,1.0,4.68,10.01,0.468,0.452,0.015,2018-19
1628396,Tony Bradley,1610612762,UTA,C,21.0,2,2,1.0,6.0,10.0,0.6,0.472,0.128,2018-19
203935,Marcus Smart,1610612738,BOS,G,25.0,80,80,1.0,4.3,9.99,0.431,0.449,-0.019,2018-19
203145,Kent Bazemore,1610612737,ATL,G,29.0,67,67,1.0,4.94,9.99,0.495,0.447,0.048,2018-19
204060,Joe Ingles,1610612762,UTA,F,31.0,80,80,1.0,4.75,9.98,0.476,0.452,0.024,2018-19
202704,Reggie Jackson,1610612765,DET,G,29.0,82,82,1.0,5.07,9.98,0.509,0.455,0.054,2018-19
1627750,Jamal Murray,1610612743,DEN,G,22.0,75,75,1.0,4.55,9.97,0.456,0.453,0.003,2018-19
1626158,Richaun Holmes,1610612756,PHX,F-C,25.0,69,69,1.0,4.43,9.97,0.445,0.478,-0.033,2018-19
202083,Wesley Matthews,1610612754,IND,G-F,32.0,69,69,1.0,4.62,9.96,0.464,0.457,0.008,2018-19
1627759,Jaylen Brown,1610612738,BOS,G,22.0,74,74,1.0,4.35,9.93,0.438,0.452,-0.014,2018-19
202066,Garrett Temple,1610612746,LAC,G-F,33.0,75,75,1.0,4.61,9.92,0.465,0.451,0.014,2018-19
1627863,Danuel House Jr.,1610612745,HOU,F-G,26.0,39,39,1.0,4.9,9.92,0.494,0.454,0.039,2018-19
1628964,Mo Bamba,1610612753,ORL,C,21.0,45,45,1.0,4.69,9.91,0.473,0.475,-0.001,2018-19
1628989,Kevin Huerter,1610612737,ATL,G,20.0,74,74,1.0,4.89,9.89,0.495,0.448,0.047,2018-19
1626144,Emmanuel Mudiay,1610612752,NYK,G,23.0,58,58,1.0,4.57,9.88,0.462,0.455,0.007,2018-19
202694,Marcus Morris Sr.,1610612738,BOS,F,29.0,75,75,1.0,4.76,9.85,0.483,0.465,0.018,2018-19
202693,Markieff Morris,1610612760,OKC,F,29.0,57,57,1.0,4.6,9.84,0.467,0.468,-0.001,2018-19
203998,Bruno Caboclo,1610612763,MEM,F,23.0,33,33,1.0,4.36,9.79,0.446,0.454,-0.008,2018-19
202709,Cory Joseph,1610612754,IND,G,27.0,82,82,1.0,4.4,9.78,0.45,0.445,0.005,2018-19
1626143,Jahlil Okafor,1610612740,NOP,C,23.0,54,54,1.0,4.52,9.72,0.465,0.482,-0.018,2018-19
1629026,Kenrich Williams,1610612740,NOP,G-F,24.0,43,43,1.0,5.02,9.67,0.519,0.455,0.064,2018-19
1627854,Bryn Forbes,1610612759,SAS,G,25.0,82,82,1.0,4.73,9.61,0.492,0.445,0.048,2018-19
1627936,Alex Caruso,1610612747,LAL,G,25.0,24,24,1.0,3.96,9.58,0.413,0.446,-0.033,2018-19
204020,Tyler Johnson,1610612756,PHX,G,27.0,56,56,1.0,4.43,9.57,0.463,0.447,0.016,2018-19
101162,Marcin Gortat,1610612746,LAC,C,35.0,47,47,1.0,4.47,9.57,0.467,0.49,-0.023,2018-19
203114,Khris Middleton,1610612749,MIL,F,27.0,77,77,1.0,4.29,9.55,0.449,0.452,-0.003,2018-19
203085,Austin Rivers,1610612745,HOU,G,26.0,75,75,1.0,4.47,9.51,0.47,0.447,0.023,2018-19
1628378,Donovan Mitchell,1610612762,UTA,G,22.0,75,75,1.0,4.17,9.49,0.44,0.444,-0.005,2018-19
203493,Reggie Bullock Jr.,1610612747,LAL,G-F,28.0,62,62,1.0,4.73,9.47,0.499,0.454,0.045,2018-19
1628380,Zach Collins,1610612757,POR,F-C,21.0,77,77,1.0,4.32,9.44,0.458,0.459,-0.001,2018-19
203915,Spencer Dinwiddie,1610612751,BKN,G,26.0,68,68,1.0,4.22,9.41,0.448,0.448,0.001,2018-19
203082,Terrence Ross,1610612753,ORL,G-F,28.0,79,79,1.0,4.24,9.39,0.451,0.44,0.011,2018-19
202722,Davis Bertans,1610612759,SAS,F,26.0,76,76,1.0,4.26,9.37,0.455,0.453,0.002,2018-19
1628390,Terrance Ferguson,1610612760,OKC,G,21.0,73,73,1.0,4.27,9.34,0.457,0.448,0.01,2018-19
202323,Evan Turner,1610612757,POR,G-F,30.0,73,73,1.0,3.88,9.27,0.418,0.447,-0.029,2018-19
1626178,Rondae Hollis-Jefferson,1610612751,BKN,F,24.0,59,59,1.0,4.54,9.27,0.49,0.471,0.019,2018-19
1628371,Jonathan Isaac,1610612753,ORL,F,21.0,73,73,1.0,4.03,9.25,0.436,0.463,-0.027,2018-19
201569,Eric Gordon,1610612745,HOU,G,30.0,67,67,1.0,4.24,9.19,0.461,0.454,0.007,2018-19
201149,Joakim Noah,1610612763,MEM,C,34.0,42,42,1.0,3.71,9.14,0.406,0.467,-0.061,2018-19
1626192,Pat Connaughton,1610612749,MIL,G,26.0,60,60,1.0,3.92,9.1,0.43,0.439,-0.009,2018-19
1628970,Miles Bridges,1610612766,CHA,F,21.0,79,79,1.0,4.3,9.08,0.474,0.456,0.018,2018-19
203090,Maurice Harkless,1610612757,POR,F,26.0,60,60,1.0,4.2,9.05,0.464,0.456,0.008,2018-19
1629016,Omari Spellman,1610612737,ATL,F,21.0,44,44,1.0,3.55,9.05,0.392,0.459,-0.067,2018-19
1628995,Kevin Knox II,1610612752,NYK,F,19.0,74,74,1.0,4.27,9.04,0.472,0.455,0.017,2018-19
201609,Goran Dragic,1610612748,MIA,G,33.0,36,36,1.0,3.92,9.0,0.435,0.442,-0.007,2018-19
203937,Kyle Anderson,1610612763,MEM,F,25.0,43,43,1.0,3.86,9.0,0.429,0.462,-0.033,2018-19
1626163,Frank Kaminsky,1610612766,CHA,F-C,26.0,45,45,1.0,4.56,9.0,0.506,0.464,0.042,2018-19
203079,Dion Waiters,1610612748,MIA,G,27.0,44,44,1.0,3.98,9.0,0.442,0.449,-0.007,2018-19
203121,Darius Miller,1610612740,NOP,F,29.0,69,69,1.0,4.03,8.97,0.449,0.448,0.001,2018-19
203077,Michael Kidd-Gilchrist,1610612766,CHA,F,25.0,62,62,1.0,3.77,8.97,0.421,0.467,-0.046,2018-19
101141,Ersan Ilyasova,1610612749,MIL,F,32.0,67,67,1.0,4.21,8.97,0.469,0.472,-0.003,2018-19
1626246,Boban Marjanovic,1610612755,PHI,C,30.0,56,56,1.0,3.68,8.91,0.413,0.476,-0.064,2018-19
203109,Jae Crowder,1610612762,UTA,F,28.0,78,78,1.0,3.82,8.88,0.43,0.457,-0.027,2018-19
200752,Rudy Gay,1610612759,SAS,F,32.0,69,69,1.0,3.84,8.86,0.434,0.46,-0.027,2018-19
203933,T.J. Warren,1610612756,PHX,F,25.0,43,43,1.0,4.65,8.84,0.526,0.465,0.061,2018-19
203484,Kentavious Caldwell-Pope,1610612747,LAL,G,26.0,82,82,1.0,4.5,8.84,0.509,0.451,0.058,2018-19
203903,Jordan Clarkson,1610612739,CLE,G,27.0,81,81,1.0,3.99,8.83,0.452,0.441,0.011,2018-19
201571,D.J. Augustin,1610612753,ORL,G,31.0,79,79,1.0,4.3,8.8,0.489,0.446,0.043,2018-19
201954,Darren Collison,1610612754,IND,G,31.0,76,76,1.0,4.13,8.78,0.471,0.451,0.02,2018-19
1627761,DeAndre' Bembry,1610612737,ATL,F,24.0,82,82,1.0,4.22,8.77,0.481,0.449,0.032,2018-19
201988,Patty Mills,1610612759,SAS,G,30.0,82,82,1.0,4.12,8.77,0.47,0.442,0.028,2018-19
1626209,Mario Hezonja,1610612752,NYK,F,24.0,56,56,1.0,4.29,8.7,0.493,0.463,0.03,2018-19
1627752,Taurean Prince,1610612737,ATL,F,25.0,55,55,1.0,4.16,8.65,0.481,0.451,0.03,2018-19
1628422,Damyean Dotson,1610612752,NYK,G,25.0,72,72,1.0,4.18,8.63,0.485,0.453,0.032,2018-19
1628973,Jalen Brunson,1610612742,DAL,G,22.0,68,68,1.0,4.12,8.62,0.478,0.448,0.03,2018-19
201588,George Hill,1610612749,MIL,G,33.0,57,57,1.0,3.89,8.61,0.452,0.443,0.009,2018-19
2548,Dwyane Wade,1610612748,MIA,G,37.0,72,72,1.0,3.78,8.56,0.442,0.445,-0.003,2018-19
1627885,Shaquille Harrison,1610612741,CHI,G,25.0,71,71,1.0,3.82,8.55,0.446,0.444,0.002,2018-19
201960,DeMarre Carroll,1610612751,BKN,F,32.0,67,67,1.0,3.79,8.54,0.444,0.463,-0.019,2018-19
1627884,Derrick Jones Jr.,1610612748,MIA,F-G,22.0,56,56,1.0,3.36,8.52,0.394,0.453,-0.059,2018-19
1628971,Bruce Brown,1610612765,DET,G,22.0,73,73,1.0,3.62,8.51,0.425,0.453,-0.028,2018-19
1626153,Delon Wright,1610612763,MEM,G,27.0,75,75,1.0,4.05,8.49,0.477,0.448,0.029,2018-19
1629066,Rodions Kurucs,1610612751,BKN,F,21.0,62,62,1.0,3.58,8.48,0.422,0.458,-0.036,2018-19
1628021,David Nwaba,1610612739,CLE,G,26.0,50,50,1.0,3.94,8.48,0.465,0.457,0.008,2018-19
1629001,De'Anthony Melton,1610612756,PHX,G,21.0,48,48,1.0,4.0,8.48,0.472,0.452,0.019,2018-19
203115,Will Barton,1610612743,DEN,G,28.0,43,43,1.0,4.37,8.44,0.518,0.456,0.061,2018-19
203089,John Henson,1610612739,CLE,F,28.0,14,14,1.0,2.64,8.43,0.314,0.457,-0.143,2018-19
201949,James Johnson,1610612748,MIA,F,32.0,54,54,1.0,3.5,8.41,0.416,0.462,-0.046,2018-19
200755,JJ Redick,1610612755,PHI,G,35.0,73,73,1.0,4.0,8.4,0.476,0.445,0.031,2018-19
1626203,Treveon Graham,1610612751,BKN,F,25.0,34,34,1.0,3.59,8.38,0.428,0.456,-0.028,2018-19
1627853,Ryan Arcidiacono,1610612741,CHI,G,25.0,79,79,1.0,3.94,8.38,0.47,0.447,0.023,2018-19
101106,Andrew Bogut,1610612744,GSW,C,34.0,11,11,1.0,3.73,8.36,0.446,0.47,-0.024,2018-19
1629013,Landry Shamet,1610612746,LAC,G,22.0,76,76,1.0,3.89,8.33,0.468,0.446,0.021,2018-19
201162,Jared Dudley,1610612751,BKN,F,33.0,59,59,1.0,3.68,8.32,0.442,0.462,-0.02,2018-19
201961,Wayne Ellington,1610612765,DET,G,31.0,52,52,1.0,3.71,8.31,0.447,0.447,-0.001,2018-19
1628464,Daniel Theis,1610612738,BOS,F,27.0,66,66,1.0,3.86,8.3,0.465,0.473,-0.007,2018-19
203585,Rodney McGruder,1610612746,LAC,F-G,27.0,64,64,1.0,3.75,8.3,0.452,0.449,0.003,2018-19
201163,Wilson Chandler,1610612746,LAC,F,32.0,49,49,1.0,3.55,8.27,0.43,0.454,-0.024,2018-19
101133,Ian Mahinmi,1610612764,WAS,C,32.0,32,32,1.0,4.19,8.25,0.508,0.466,0.042,2018-19
1717,Dirk Nowitzki,1610612742,DAL,F,41.0,51,51,1.0,4.06,8.25,0.492,0.472,0.02,2018-19
1627738,Deyonta Davis,1610612737,ATL,C-F,22.0,8,8,1.0,2.75,8.25,0.333,0.472,-0.139,2018-19
202391,Jeremy Lin,1610612761,TOR,G,30.0,74,74,1.0,3.95,8.19,0.482,0.446,0.036,2018-19
202714,Shelvin Mack,1610612766,CHA,G,29.0,57,57,1.0,3.91,8.18,0.479,0.445,0.034,2018-19
203086,Meyers Leonard,1610612757,POR,F-C,27.0,60,60,1.0,4.17,8.17,0.51,0.475,0.035,2018-19
1626179,Terry Rozier,1610612738,BOS,G,25.0,79,79,1.0,3.65,8.08,0.451,0.444,0.008,2018-19
1626195,Willy Hernangomez,1610612766,CHA,C,25.0,58,58,1.0,4.24,8.05,0.527,0.472,0.055,2018-19
204456,T.J. McConnell,1610612755,PHI,G,27.0,73,73,1.0,3.64,8.03,0.454,0.442,0.012,2018-19
203894,Shabazz Napier,1610612751,BKN,G,27.0,54,54,1.0,3.59,8.0,0.449,0.446,0.004,2018-19
1628470,Torrey Craig,1610612743,DEN,F,28.0,72,72,1.0,3.51,7.99,0.44,0.457,-0.017,2018-19
1627748,Thon Maker,1610612765,DET,F,22.0,64,64,1.0,3.67,7.98,0.46,0.472,-0.012,2018-19
204025,Tim Frazier,1610612749,MIL,G,28.0,55,55,1.0,3.85,7.98,0.483,0.437,0.046,2018-19
203918,Rodney Hood,1610612757,POR,G,26.0,72,72,1.0,3.63,7.96,0.455,0.448,0.008,2018-19
2738,Andre Iguodala,1610612744,GSW,F-G,35.0,67,67,1.0,3.48,7.94,0.438,0.458,-0.02,2018-19
201158,Marco Belinelli,1610612759,SAS,G-F,33.0,79,79,1.0,3.59,7.92,0.454,0.442,0.011,2018-19
202734,E'Twaun Moore,1610612740,NOP,G,30.0,53,53,1.0,3.87,7.92,0.488,0.452,0.036,2018-19
202397,Ish Smith,1610612765,DET,G,30.0,56,56,1.0,3.7,7.91,0.467,0.448,0.019,2018-19
1628382,Justin Jackson,1610612742,DAL,F,24.0,80,80,1.0,3.61,7.88,0.459,0.453,0.006,2018-19
1627823,Juancho Hernangomez,1610612743,DEN,F,23.0,68,68,1.0,3.38,7.87,0.43,0.456,-0.026,2018-19
202328,Greg Monroe,1610612755,PHI,C,29.0,39,39,1.0,3.79,7.87,0.482,0.475,0.007,2018-19
202687,Bismack Biyombo,1610612766,CHA,C,26.0,53,53,1.0,3.77,7.83,0.482,0.47,0.012,2018-19
1629140,Johnathan Williams,1610612747,LAL,F,24.0,23,23,1.0,3.52,7.83,0.45,0.469,-0.019,2018-19
1626257,Salah Mejri,1610612742,DAL,C,33.0,34,34,1.0,3.85,7.82,0.492,0.481,0.012,2018-19
202697,Iman Shumpert,1610612745,HOU,G,29.0,61,61,1.0,4.03,7.82,0.516,0.457,0.058,2018-19
1629015,Zhaire Smith,1610612755,PHI,G,20.0,5,5,1.0,3.2,7.8,0.41,0.444,-0.033,2018-19
1629019,Allonzo Trier,1610612752,NYK,G,23.0,63,63,1.0,4.02,7.78,0.516,0.453,0.064,2018-19
1628373,Frank Ntilikina,1610612752,NYK,G,20.0,42,42,1.0,3.57,7.76,0.46,0.454,0.006,2018-19
203524,Solomon Hill,1610612740,NOP,F,28.0,44,44,1.0,3.14,7.75,0.405,0.45,-0.045,2018-19
1626220,Royce O'Neale,1610612762,UTA,F,26.0,80,80,1.0,3.63,7.73,0.469,0.449,0.02,2018-19
101150,Lou Williams,1610612746,LAC,G,32.0,75,75,1.0,3.65,7.71,0.474,0.441,0.033,2018-19
1628439,Isaiah Hicks,1610612752,NYK,F,24.0,3,3,1.0,3.67,7.67,0.478,0.442,0.036,2018-19
202692,Alec Burks,1610612758,SAC,G,27.0,63,63,1.0,3.76,7.67,0.491,0.456,0.035,2018-19
1629045,Bonzie Colson,1610612749,MIL,F,23.0,5,5,1.0,4.0,7.6,0.526,0.443,0.084,2018-19
1626145,Tyus Jones,1610612750,MIN,G,23.0,67,67,1.0,3.67,7.58,0.484,0.446,0.039,2018-19
1628990,Chandler Hutchison,1610612741,CHI,F,23.0,43,43,1.0,3.33,7.56,0.44,0.454,-0.014,2018-19
1628420,Monte Morris,1610612743,DEN,G,24.0,82,82,1.0,3.38,7.55,0.447,0.444,0.003,2018-19
1626245,Cristiano Felicio,1610612741,CHI,F-C,26.0,57,57,1.0,3.84,7.51,0.512,0.475,0.037,2018-19
1628966,Keita Bates-Diop,1610612750,MIN,F,23.0,28,28,1.0,3.25,7.5,0.433,0.453,-0.019,2018-19
203476,Gorgui Dieng,1610612750,MIN,C,29.0,75,75,1.0,3.64,7.49,0.486,0.481,0.004,2018-19
203914,Gary Harris,1610612743,DEN,G,24.0,57,57,1.0,3.25,7.47,0.434,0.455,-0.021,2018-19
1626168,Trey Lyles,1610612743,DEN,F,23.0,63,63,1.0,3.29,7.43,0.442,0.46,-0.017,2018-19
202330,Gordon Hayward,1610612738,BOS,F,29.0,71,71,1.0,3.15,7.42,0.425,0.456,-0.031,2018-19
203477,Isaiah Canaan,1610612749,MIL,G,28.0,29,29,1.0,3.69,7.41,0.498,0.453,0.045,2018-19
203504,Trey Burke,1610612742,DAL,G,26.0,56,56,1.0,3.21,7.41,0.434,0.44,-0.007,2018-19
1628413,Jonah Bolden,1610612755,PHI,F,23.0,40,40,1.0,3.15,7.4,0.426,0.471,-0.045,2018-19
203457,Nerlens Noel,1610612760,OKC,F-C,25.0,76,76,1.0,3.26,7.38,0.442,0.479,-0.037,2018-19
1628443,Kadeem Allen,1610612752,NYK,G,26.0,19,19,1.0,3.42,7.32,0.468,0.442,0.025,2018-19
1627736,Malik Beasley,1610612743,DEN,G,22.0,81,81,1.0,3.67,7.32,0.501,0.45,0.051,2018-19
1627767,Cheick Diallo,1610612740,NOP,F,22.0,64,64,1.0,3.5,7.3,0.48,0.477,0.002,2018-19
1628365,Markelle Fultz,1610612753,ORL,G,21.0,17,17,1.0,3.18,7.29,0.435,0.442,-0.006,2018-19
1628397,Ivan Rabb,1610612763,MEM,F,22.0,48,48,1.0,3.79,7.27,0.521,0.459,0.062,2018-19
2585,Zaza Pachulia,1610612765,DET,C,35.0,67,67,1.0,3.6,7.25,0.496,0.48,0.016,2018-19
2736,Luol Deng,1610612750,MIN,F,34.0,22,22,1.0,2.55,7.23,0.352,0.453,-0.101,2018-19
204038,Langston Galloway,1610612765,DET,G,27.0,79,79,1.0,3.14,7.22,0.435,0.446,-0.01,2018-19
203516,James Ennis III,1610612755,PHI,F,28.0,58,58,1.0,3.78,7.22,0.523,0.46,0.063,2018-19
203521,Matthew Dellavedova,1610612739,CLE,G,28.0,48,48,1.0,3.4,7.21,0.471,0.445,0.026,2018-19
1628384,OG Anunoby,1610612761,TOR,F,21.0,67,67,1.0,3.24,7.1,0.456,0.454,0.002,2018-19
203210,JaMychal Green,1610612746,LAC,F,29.0,65,65,1.0,3.09,7.09,0.436,0.458,-0.022,2018-19
1629116,Angel Delgado,1610612746,LAC,C,24.0,1,1,1.0,2.0,7.0,0.286,0.482,-0.197,2018-19
2747,JR Smith,1610612739,CLE,G-F,33.0,9,9,1.0,3.89,7.0,0.556,0.451,0.104,2018-19
1629059,Elie Okobo,1610612756,PHX,G,21.0,52,52,1.0,3.35,6.94,0.482,0.448,0.034,2018-19
201585,Kosta Koufos,1610612758,SAC,C,30.0,41,41,1.0,3.0,6.93,0.433,0.482,-0.049,2018-19
203920,Khem Birch,1610612753,ORL,C,26.0,50,50,1.0,3.08,6.92,0.445,0.458,-0.013,2018-19
201936,Tyreke Evans,1610612754,IND,G,29.0,69,69,1.0,2.87,6.91,0.415,0.448,-0.033,2018-19
101123,Gerald Green,1610612745,HOU,G-F,33.0,72,72,1.0,3.25,6.88,0.473,0.444,0.029,2018-19
2200,Pau Gasol,1610612749,MIL,C-F,38.0,29,29,1.0,3.45,6.86,0.503,0.487,0.015,2018-19
203518,Alex Abrines,1610612760,OKC,G,25.0,31,31,1.0,3.26,6.84,0.476,0.446,0.03,2018-19
1628411,Wes Iwundu,1610612753,ORL,F,24.0,68,68,1.0,2.68,6.82,0.392,0.441,-0.049,2018-19
1628395,Jordan Bell,1610612744,GSW,F,24.0,65,65,1.0,3.25,6.77,0.48,0.462,0.017,2018-19
203487,Michael Carter-Williams,1610612753,ORL,G,27.0,22,22,1.0,3.36,6.77,0.497,0.439,0.058,2018-19
1628385,Harry Giles III,1610612758,SAC,F-C,21.0,58,58,1.0,3.16,6.76,0.467,0.48,-0.013,2018-19
1628972,Troy Brown Jr.,1610612764,WAS,F,19.0,45,45,1.0,2.98,6.76,0.441,0.44,0.0,2018-19
203459,Allen Crabbe,1610612751,BKN,G-F,27.0,43,43,1.0,2.88,6.72,0.429,0.442,-0.013,2018-19
1628407,Dwayne Bacon,1610612766,CHA,G-F,23.0,40,40,1.0,3.13,6.68,0.468,0.456,0.012,2018-19
2594,Kyle Korver,1610612762,UTA,G-F,38.0,69,69,1.0,3.06,6.68,0.458,0.442,0.016,2018-19
203552,Seth Curry,1610612757,POR,G,28.0,73,73,1.0,2.81,6.64,0.423,0.437,-0.014,2018-19
1626174,Christian Wood,1610612740,NOP,F,23.0,20,20,1.0,2.95,6.6,0.447,0.441,0.006,2018-19
1626155,Sam Dekker,1610612764,WAS,F,25.0,44,44,1.0,3.25,6.59,0.493,0.457,0.036,2018-19
201573,Jerryd Bayless,1610612750,MIN,G,30.0,33,33,1.0,3.3,6.58,0.502,0.445,0.057,2018-19
1628959,Rawle Alkins,1610612741,CHI,G,21.0,7,7,1.0,2.71,6.57,0.413,0.451,-0.038,2018-19
1626166,Cameron Payne,1610612739,CLE,G,24.0,35,35,1.0,3.71,6.57,0.565,0.447,0.118,2018-19
203613,Jonathon Simmons,1610612755,PHI,F,29.0,51,51,1.0,2.98,6.55,0.455,0.447,0.008,2018-19
201973,Jonas Jerebko,1610612744,GSW,F,32.0,70,70,1.0,2.91,6.54,0.445,0.448,-0.003,2018-19
101161,Amir Johnson,1610612755,PHI,C-F,32.0,49,49,1.0,3.12,6.53,0.478,0.466,0.012,2018-19
1629034,Ray Spalding,1610612756,PHX,F,22.0,14,14,1.0,3.36,6.5,0.516,0.494,0.022,2018-19
201160,Jason Smith,1610612740,NOP,F-C,33.0,18,18,1.0,2.72,6.5,0.419,0.458,-0.039,2018-19
203112,Quincy Acy,1610612756,PHX,F,28.0,10,10,1.0,2.5,6.5,0.385,0.456,-0.071,2018-19
201229,Anthony Tolliver,1610612750,MIN,F,34.0,59,59,1.0,2.92,6.49,0.449,0.454,-0.005,2018-19
2403,Nene,1610612745,HOU,C-F,36.0,42,42,1.0,2.93,6.48,0.452,0.47,-0.018,2018-19
1627782,Wayne Selden,1610612741,CHI,G-F,24.0,72,72,1.0,2.9,6.43,0.451,0.452,0.0,2018-19
202498,Lance Thomas,1610612752,NYK,F,31.0,46,46,1.0,3.04,6.39,0.476,0.473,0.003,2018-19
202688,Brandon Knight,1610612739,CLE,G,27.0,39,39,1.0,3.33,6.38,0.522,0.452,0.07,2018-19
1628402,Frank Jackson,1610612740,NOP,G,21.0,57,57,1.0,3.09,6.35,0.486,0.449,0.037,2018-19
1628417,Jaron Blossomgame,1610612739,CLE,F,25.0,26,26,1.0,2.85,6.35,0.448,0.453,-0.004,2018-19
1628379,Luke Kennard,1610612765,DET,G,23.0,62,62,1.0,2.98,6.34,0.471,0.443,0.028,2018-19
1626170,Jerian Grant,1610612753,ORL,G,26.0,53,53,1.0,3.15,6.34,0.497,0.445,0.052,2018-19
200826,J.J. Barea,1610612742,DAL,G,35.0,38,38,1.0,3.11,6.34,0.49,0.441,0.049,2018-19
1628425,Sterling Brown,1610612749,MIL,G,24.0,57,57,1.0,2.98,6.28,0.475,0.445,0.03,2018-19
203503,Tony Snell,1610612749,MIL,G,27.0,73,73,1.0,2.84,6.27,0.452,0.442,0.01,2018-19
203895,Jordan McRae,1610612764,WAS,G,28.0,21,21,1.0,3.05,6.24,0.489,0.45,0.039,2018-19
1628415,Dillon Brooks,1610612763,MEM,G-F,23.0,18,18,1.0,2.72,6.22,0.438,0.448,-0.01,2018-19
1626184,Chasson Randle,1610612764,WAS,G,26.0,48,48,1.0,3.19,6.21,0.513,0.446,0.067,2018-19
1626169,Stanley Johnson,1610612740,NOP,F,23.0,63,63,1.0,2.78,6.21,0.448,0.456,-0.009,2018-19
1629057,Robert Williams III,1610612738,BOS,C-F,21.0,28,28,1.0,2.71,6.18,0.439,0.475,-0.035,2018-19
1713,Vince Carter,1610612737,ATL,F-G,42.0,76,76,1.0,2.78,6.17,0.45,0.454,-0.004,2018-19
1627774,Jake Layman,1610612757,POR,F,25.0,69,69,1.0,2.88,6.17,0.467,0.441,0.026,2018-19
1626181,Norman Powell,1610612761,TOR,F-G,26.0,59,59,1.0,2.59,6.14,0.423,0.445,-0.022,2018-19
1629021,Moritz Wagner,1610612747,LAL,C,22.0,38,38,1.0,2.76,6.13,0.451,0.468,-0.017,2018-19
202335,Patrick Patterson,1610612760,OKC,F,30.0,60,60,1.0,2.83,6.1,0.464,0.467,-0.002,2018-19
101112,Channing Frye,1610612739,CLE,F-C,36.0,34,34,1.0,3.44,6.09,0.565,0.481,0.085,2018-19
1627395,Julian Washburn,1610612763,MEM,F-G,27.0,16,16,1.0,2.69,6.06,0.443,0.448,-0.004,2018-19
203546,Ian Clark,1610612740,NOP,G,28.0,54,54,1.0,3.19,6.04,0.528,0.438,0.09,2018-19
203957,Dante Exum,1610612762,UTA,G,23.0,40,40,1.0,2.55,6.03,0.423,0.443,-0.02,2018-19
1627737,Marquese Chriss,1610612739,CLE,F,21.0,41,41,1.0,3.12,6.02,0.518,0.462,0.056,2018-19
1629150,Emanuel Terry,1610612748,MIA,F,22.0,3,3,1.0,4.0,6.0,0.667,0.464,0.202,2018-19
1629353,Isaac Humphries,1610612737,ATL,C,21.0,5,5,1.0,3.0,6.0,0.5,0.46,0.04,2018-19
1628383,Justin Patton,1610612755,PHI,C,22.0,2,2,1.0,4.0,6.0,0.667,0.427,0.239,2018-19
201967,Dante Cunningham,1610612759,SAS,F,32.0,59,59,1.0,3.05,5.98,0.51,0.467,0.043,2018-19
203124,Kyle O'Quinn,1610612754,IND,C,29.0,36,36,1.0,2.78,5.94,0.467,0.474,-0.007,2018-19
1626188,Quinn Cook,1610612744,GSW,G,26.0,68,68,1.0,3.06,5.87,0.521,0.44,0.081,2018-19
1628515,Isaiah Briscoe,1610612753,ORL,G,23.0,34,34,1.0,2.47,5.79,0.426,0.443,-0.016,2018-19
203101,Miles Plumlee,1610612737,ATL,C,30.0,17,17,1.0,3.18,5.76,0.551,0.471,0.08,2018-19
201601,Luc Mbah a Moute,1610612746,LAC,F,32.0,4,4,1.0,2.0,5.75,0.348,0.445,-0.098,2018-19
1627740,Henry Ellenson,1610612752,NYK,F,22.0,19,19,1.0,3.05,5.74,0.532,0.459,0.073,2018-19
1628984,Devonte' Graham,1610612766,CHA,G,24.0,44,44,1.0,2.86,5.73,0.5,0.443,0.057,2018-19
201147,Corey Brewer,1610612758,SAC,G-F,33.0,31,31,1.0,2.58,5.71,0.452,0.449,0.003,2018-19
203926,Doug McDermott,1610612754,IND,F,27.0,77,77,1.0,2.49,5.69,0.438,0.438,0.0,2018-19
203118,Mike Scott,1610612755,PHI,F,30.0,78,78,1.0,2.47,5.67,0.437,0.452,-0.015,2018-19
1627816,Alex Poythress,1610612737,ATL,F,25.0,21,21,1.0,2.33,5.62,0.415,0.458,-0.043,2018-19
203526,Raul Neto,1610612762,UTA,G,27.0,35,35,1.0,2.46,5.57,0.441,0.435,0.006,2018-19
1628978,Donte DiVincenzo,1610612749,MIL,G,22.0,27,27,1.0,2.19,5.56,0.393,0.438,-0.045,2018-19
202718,Chandler Parsons,1610612763,MEM,F,30.0,25,25,1.0,2.44,5.56,0.439,0.448,-0.009,2018-19
1627772,Daniel Hamilton,1610612737,ATL,G-F,23.0,17,17,1.0,2.29,5.53,0.415,0.446,-0.031,2018-19
1627814,Damion Lee,1610612744,GSW,G,26.0,29,29,1.0,2.69,5.52,0.488,0.438,0.049,2018-19
1628416,Tyler Dorsey,1610612763,MEM,G,23.0,42,42,1.0,2.79,5.52,0.504,0.449,0.055,2018-19
1628656,Billy Garrett,1610612752,NYK,G-F,24.0,4,4,1.0,3.5,5.5,0.636,0.442,0.194,2018-19
1627812,Yogi Ferrell,1610612758,SAC,G,26.0,66,66,1.0,2.5,5.48,0.456,0.432,0.023,2018-19
1629244,Cam Reynolds,1610612750,MIN,G,24.0,17,17,1.0,2.88,5.47,0.527,0.454,0.073,2018-19
1629109,Gary Clark,1610612745,HOU,F,24.0,45,45,1.0,2.82,5.44,0.518,0.456,0.062,2018-19
1627846,Abdel Nader,1610612760,OKC,F,25.0,51,51,1.0,2.45,5.43,0.451,0.444,0.007,2018-19
1629541,Dairis Bertans,1610612740,NOP,G,29.0,12,12,1.0,3.0,5.42,0.554,0.423,0.131,2018-19
1629033,Theo Pinson,1610612751,BKN,G-F,23.0,15,15,1.0,2.0,5.4,0.37,0.441,-0.071,2018-19
1629130,Duncan Robinson,1610612748,MIA,F,25.0,11,11,1.0,2.55,5.36,0.475,0.43,0.045,2018-19
1628975,Jevon Carter,1610612763,MEM,G,23.0,36,36,1.0,2.42,5.25,0.46,0.44,0.021,2018-19
202720,Jon Leuer,1610612765,DET,F,30.0,39,39,1.0,2.92,5.23,0.559,0.48,0.079,2018-19
203917,Nik Stauskas,1610612739,CLE,G,25.0,68,68,1.0,2.44,5.21,0.469,0.433,0.036,2018-19
2733,Shaun Livingston,1610612744,GSW,G,33.0,64,64,1.0,2.16,5.19,0.416,0.443,-0.028,2018-19
1627786,Troy Williams,1610612758,SAC,F,24.0,21,21,1.0,2.62,5.19,0.505,0.439,0.066,2018-19
1628960,Grayson Allen,1610612762,UTA,G,23.0,32,32,1.0,2.41,5.13,0.47,0.439,0.03,2018-19
202362,Lance Stephenson,1610612747,LAL,G,28.0,65,65,1.0,2.4,5.12,0.468,0.448,0.021,2018-19
1628370,Malik Monk,1610612766,CHA,G,21.0,68,68,1.0,2.54,5.12,0.497,0.44,0.057,2018-19
1628035,Alfonzo McKinnie,1610612744,GSW,F,26.0,69,69,1.0,2.36,5.1,0.463,0.452,0.011,2018-19
1629139,Yuta Watanabe,1610612763,MEM,G,24.0,11,11,1.0,2.09,5.09,0.411,0.434,-0.024,2018-19
1629061,Deng Adel,1610612739,CLE,F,22.0,14,14,1.0,2.5,5.07,0.493,0.453,0.04,2018-19
1627883,Jalen Jones,1610612739,CLE,F,26.0,16,16,1.0,2.75,5.06,0.543,0.451,0.092,2018-19
1627788,Furkan Korkmaz,1610612755,PHI,G-F,21.0,44,44,1.0,2.27,5.05,0.45,0.45,0.0,2018-19
1627746,Skal Labissiere,1610612757,POR,F,23.0,20,20,1.0,2.6,5.05,0.515,0.456,0.058,2018-19
1627789,Timothe Luwawu-Cabarrot,1610612741,CHI,G-F,24.0,40,40,1.0,2.38,5.05,0.47,0.44,0.031,2018-19
1628605,Dusty Hannahs,1610612763,MEM,G,25.0,2,2,1.0,1.5,5.0,0.3,0.468,-0.168,2018-19
203961,Eric Moreland,1610612761,TOR,F-C,27.0,5,5,1.0,2.2,5.0,0.44,0.441,-0.001,2018-19
1627758,Ron Baker,1610612764,WAS,G,26.0,11,11,1.0,2.27,5.0,0.455,0.431,0.024,2018-19
1628392,Isaiah Hartenstein,1610612745,HOU,F-C,21.0,28,28,1.0,2.04,5.0,0.407,0.456,-0.049,2018-19
202738,Isaiah Thomas,1610612743,DEN,G,30.0,12,12,1.0,1.75,5.0,0.35,0.456,-0.106,2018-19
101181,Jose Calderon,1610612765,DET,G,37.0,43,43,1.0,2.35,4.98,0.472,0.442,0.03,2018-19
201956,Omri Casspi,1610612763,MEM,F,31.0,35,35,1.0,1.97,4.97,0.397,0.455,-0.058,2018-19
203584,Troy Daniels,1610612756,PHX,G,27.0,49,49,1.0,2.37,4.92,0.481,0.452,0.029,2018-19
202325,Wesley Johnson,1610612764,WAS,F-G,31.0,37,37,1.0,2.3,4.92,0.467,0.456,0.011,2018-19
1628988,Aaron Holiday,1610612754,IND,G,22.0,43,43,1.0,2.0,4.91,0.408,0.44,-0.032,2018-19
1628421,Devin Robinson,1610612764,WAS,F,24.0,7,7,1.0,2.14,4.86,0.441,0.444,-0.003,2018-19
1628403,Caleb Swanigan,1610612758,SAC,F,22.0,18,18,1.0,2.28,4.83,0.471,0.481,-0.01,2018-19
203922,Glenn Robinson III,1610612765,DET,G-F,25.0,42,42,1.0,2.36,4.83,0.488,0.453,0.035,2018-19
201583,Ryan Anderson,1610612748,MIA,F,31.0,21,21,1.0,2.19,4.81,0.455,0.46,-0.004,2018-19
201563,Michael Beasley,1610612747,LAL,F,30.0,25,25,1.0,2.24,4.8,0.467,0.445,0.022,2018-19
1629102,Brandon Sampson,1610612741,CHI,G,22.0,13,13,1.0,2.23,4.77,0.468,0.437,0.031,2018-19
101109,Raymond Felton,1610612760,OKC,G,35.0,29,29,1.0,2.31,4.76,0.486,0.448,0.037,2018-19
1626150,Andrew Harrison,1610612740,NOP,G,24.0,15,15,1.0,2.07,4.73,0.437,0.443,-0.006,2018-19
1628408,PJ Dozier,1610612738,BOS,G-F,22.0,3,3,1.0,3.67,4.67,0.786,0.492,0.294,2018-19
2037,Jamal Crawford,1610612756,PHX,G,39.0,59,59,1.0,2.42,4.64,0.522,0.447,0.075,2018-19
2734,Devin Harris,1610612742,DAL,G,36.0,62,62,1.0,2.19,4.63,0.474,0.448,0.026,2018-19
1628462,Milos Teodosic,1610612746,LAC,G,32.0,13,13,1.0,2.54,4.62,0.55,0.433,0.117,2018-19
2225,Tony Parker,1610612766,CHA,G,37.0,54,54,1.0,1.89,4.59,0.411,0.428,-0.017,2018-19
2617,Udonis Haslem,1610612748,MIA,F,39.0,7,7,1.0,1.71,4.57,0.375,0.45,-0.075,2018-19
1628412,Frank Mason III,1610612758,SAC,G,25.0,34,34,1.0,1.97,4.56,0.432,0.436,-0.004,2018-19
203710,C.J. Williams,1610612750,MIN,G,29.0,12,12,1.0,2.08,4.5,0.463,0.452,0.011,2018-19
202705,MarShon Brooks,1610612763,MEM,G,30.0,29,29,1.0,1.97,4.48,0.438,0.444,-0.005,2018-19
1629121,Jaylen Adams,1610612737,ATL,G,23.0,31,31,1.0,2.03,4.48,0.453,0.444,0.009,2018-19
1628410,Edmond Sumner,1610612754,IND,G,23.0,19,19,1.0,2.26,4.47,0.506,0.451,0.055,2018-19
1628469,Antonio Blakeney,1610612741,CHI,G,22.0,51,51,1.0,2.43,4.41,0.551,0.44,0.111,2018-19
1629126,Deonte Burton,1610612760,OKC,G,25.0,21,21,1.0,1.71,4.38,0.391,0.448,-0.056,2018-19
101139,CJ Miles,1610612763,MEM,F-G,32.0,51,51,1.0,1.71,4.37,0.39,0.448,-0.058,2018-19
1629003,Shake Milton,1610612755,PHI,G,22.0,17,17,1.0,2.12,4.35,0.486,0.446,0.04,2018-19
1628249,Mitchell Creek,1610612750,MIN,F-G,27.0,3,3,1.0,1.67,4.33,0.385,0.469,-0.084,2018-19
1628400,Semi Ojeleye,1610612738,BOS,F,24.0,48,48,1.0,1.94,4.27,0.454,0.455,-0.002,2018-19
200757,Thabo Sefolosha,1610612762,UTA,F,35.0,47,47,1.0,1.79,4.26,0.42,0.453,-0.033,2018-19
1629018,Gary Trent Jr.,1610612757,POR,G,20.0,12,12,1.0,2.17,4.25,0.51,0.434,0.076,2018-19
1628388,T.J. Leaf,1610612754,IND,F,22.0,56,56,1.0,1.57,4.23,0.371,0.451,-0.079,2018-19
202954,Brad Wanamaker,1610612738,BOS,G,29.0,33,33,1.0,1.7,4.21,0.403,0.444,-0.041,2018-19
1626185,Jarell Martin,1610612753,ORL,F,25.0,36,36,1.0,1.92,4.19,0.457,0.468,-0.011,2018-19
202327,Ekpe Udoh,1610612762,UTA,C-F,32.0,43,43,1.0,2.0,4.16,0.48,0.459,0.022,2018-19
1627775,Patrick McCaw,1610612761,TOR,G,23.0,26,26,1.0,1.96,4.12,0.477,0.435,0.042,2018-19
1629004,Svi Mykhailiuk,1610612765,DET,G,22.0,40,40,1.0,1.7,4.1,0.415,0.444,-0.029,2018-19
201584,Courtney Lee,1610612742,DAL,G,33.0,32,32,1.0,1.81,4.06,0.446,0.448,-0.002,2018-19
1629151,Ryan Broekhoff,1610612742,DAL,G-F,28.0,34,34,1.0,1.59,4.06,0.391,0.437,-0.046,2018-19
1627820,Tyrone Wallace,1610612746,LAC,G,25.0,54,54,1.0,1.8,4.02,0.447,0.442,0.005,2018-19
1629122,J.P. Macura,1610612766,CHA,G,24.0,2,2,1.0,2.0,4.0,0.5,0.484,0.016,2018-19
1629010,Jerome Robinson,1610612746,LAC,G,22.0,27,27,1.0,1.93,4.0,0.481,0.444,0.037,2018-19
1627780,Gary Payton II,1610612764,WAS,G,26.0,2,2,1.0,1.5,4.0,0.375,0.421,-0.046,2018-19
1628980,Jacob Evans,1610612744,GSW,G,22.0,21,21,1.0,1.95,3.95,0.494,0.434,0.06,2018-19
1628977,Hamidou Diallo,1610612760,OKC,G,20.0,41,41,1.0,1.9,3.93,0.484,0.447,0.037,2018-19
1628449,Chris Boucher,1610612761,TOR,F,26.0,28,28,1.0,1.71,3.89,0.44,0.463,-0.022,2018-19
1629094,Marcus Derrickson,1610612744,GSW,F,23.0,11,11,1.0,1.73,3.73,0.463,0.431,0.032,2018-19
1629014,Anfernee Simons,1610612757,POR,G,20.0,15,15,1.0,1.87,3.73,0.5,0.436,0.064,2018-19
1626147,Justin Anderson,1610612737,ATL,G-F,25.0,42,42,1.0,1.95,3.71,0.526,0.447,0.079,2018-19
203485,Lorenzo Brown,1610612761,TOR,G,28.0,21,21,1.0,1.62,3.67,0.442,0.444,-0.002,2018-19
202690,Jimmer Fredette,1610612756,PHX,G,30.0,6,6,1.0,2.0,3.67,0.545,0.435,0.11,2018-19
1629234,Drew Eubanks,1610612759,SAS,F,22.0,19,19,1.0,1.74,3.63,0.478,0.454,0.024,2018-19
1627824,Guerschon Yabusele,1610612738,BOS,F,23.0,37,37,1.0,1.57,3.59,0.436,0.453,-0.017,2018-19
201975,Jodie Meeks,1610612761,TOR,G,31.0,7,7,1.0,2.14,3.57,0.6,0.422,0.178,2018-19
203463,Ben McLemore,1610612758,SAC,G,26.0,15,15,1.0,1.87,3.53,0.528,0.454,0.074,2018-19
1629020,Jarred Vanderbilt,1610612743,DEN,F,20.0,10,10,1.0,1.5,3.5,0.429,0.457,-0.028,2018-19
1628405,Johnathan Motley,1610612746,LAC,F,24.0,18,18,1.0,1.89,3.5,0.54,0.459,0.081,2018-19
1627777,Georges Niang,1610612762,UTA,F,26.0,50,50,1.0,1.64,3.46,0.474,0.452,0.022,2018-19
203098,John Jenkins,1610612752,NYK,G,28.0,26,26,1.0,1.62,3.46,0.467,0.445,0.022,2018-19
1629123,Jared Terrell,1610612750,MIN,G,24.0,11,11,1.0,0.91,3.45,0.263,0.425,-0.162,2018-19
1628993,Alize Johnson,1610612754,IND,F,23.0,11,11,1.0,1.45,3.45,0.421,0.46,-0.039,2018-19
1627735,Wade Baldwin IV,1610612757,POR,G,23.0,13,13,1.0,1.69,3.38,0.5,0.429,0.071,2018-19
201156,Nick Young,1610612743,DEN,G-F,34.0,3,3,1.0,1.67,3.33,0.5,0.425,0.076,2018-19
1628518,Amile Jefferson,1610612753,ORL,F,26.0,11,11,1.0,1.64,3.27,0.5,0.45,0.05,2018-19
1626259,Malcolm Miller,1610612761,TOR,F,26.0,10,10,1.0,0.9,3.2,0.281,0.409,-0.128,2018-19
1629133,Daryl Macon,1610612742,DAL,G,23.0,7,7,1.0,1.29,3.14,0.409,0.427,-0.018,2018-19
1629067,Isaac Bonga,1610612747,LAL,G,19.0,15,15,1.0,1.67,3.07,0.543,0.461,0.083,2018-19
1628994,George King,1610612756,PHX,F,25.0,1,1,1.0,3.0,3.0,1.0,0.45,0.55,2018-19
1629053,Vincent Edwards,1610612745,HOU,F,23.0,1,1,1.0,0.0,3.0,0.0,0.418,-0.418,2018-19
1628513,Naz Mitrou-Long,1610612762,UTA,G,25.0,12,12,1.0,1.33,3.0,0.444,0.438,0.007,2018-19
1628961,Kostas Antetokounmpo,1610612742,DAL,F,21.0,2,2,1.0,0.5,3.0,0.167,0.454,-0.287,2018-19
203474,DJ Stephens,1610612763,MEM,G-F,28.0,1,1,1.0,2.0,3.0,0.667,0.427,0.239,2018-19
1629022,Lonnie Walker IV,1610612759,SAS,G,20.0,13,13,1.0,1.15,3.0,0.385,0.455,-0.071,2018-19
202347,Quincy Pondexter,1610612759,SAS,F,31.0,37,37,1.0,1.32,2.95,0.45,0.448,0.001,2018-19
1629118,Thomas Welsh,1610612743,DEN,C,23.0,7,7,1.0,1.14,2.86,0.4,0.467,-0.067,2018-19
1629168,BJ Johnson,1610612758,SAC,F,23.0,7,7,1.0,1.57,2.86,0.55,0.436,0.114,2018-19
1628414,Sindarius Thornwell,1610612746,LAC,G,24.0,43,43,1.0,1.28,2.86,0.447,0.441,0.006,2018-19
1629312,Haywood Highsmith,1610612755,PHI,F,22.0,4,4,1.0,1.25,2.75,0.455,0.408,0.047,2018-19
1627743,Demetrius Jackson,1610612755,PHI,G,24.0,4,4,1.0,0.75,2.75,0.273,0.416,-0.143,2018-19
1629002,Chimezie Metu,1610612759,SAS,F,22.0,22,22,1.0,1.27,2.73,0.467,0.44,0.027,2018-19
1628537,Jaylen Morris,1610612749,MIL,G,23.0,3,3,1.0,0.0,2.67,0.0,0.422,-0.422,2018-19
1629017,Khyri Thomas,1610612765,DET,G,23.0,18,18,1.0,1.11,2.67,0.417,0.448,-0.032,2018-19
1626210,Alan Williams,1610612751,BKN,F-C,26.0,5,5,1.0,0.6,2.6,0.231,0.442,-0.211,2018-19
1628432,Davon Reed,1610612754,IND,G,24.0,8,8,1.0,0.88,2.5,0.35,0.43,-0.08,2018-19
1629185,Chris Chiozza,1610612745,HOU,G,23.0,6,6,1.0,0.67,2.33,0.286,0.414,-0.129,2018-19
1628393,Jawun Evans,1610612760,OKC,G,22.0,7,7,1.0,1.14,2.29,0.5,0.465,0.036,2018-19
1628387,Ike Anigbogu,1610612754,IND,C,20.0,2,2,1.0,2.0,2.0,1.0,0.607,0.394,2018-19
1628979,Trevon Duval,1610612745,HOU,G,20.0,2,2,1.0,1.0,2.0,0.5,0.406,0.094,2018-19
202700,Donatas Motiejunas,1610612759,SAS,F-C,28.0,3,3,1.0,0.33,2.0,0.167,0.402,-0.236,2018-19
203159,Scott Machado,1610612747,LAL,G,29.0,2,2,1.0,0.5,2.0,0.25,0.411,-0.161,2018-19
1629058,Dzanan Musa,1610612751,BKN,G-F,20.0,4,4,1.0,1.0,2.0,0.5,0.402,0.098,2018-19
1628399,Tyler Lydon,1610612743,DEN,F,23.0,16,16,1.0,1.06,2.0,0.531,0.455,0.076,2018-19
203263,James Nunnally,1610612745,HOU,F,28.0,13,13,1.0,1.23,2.0,0.615,0.456,0.159,2018-19
1628070,Jordan Loyd,1610612761,TOR,G,25.0,9,9,1.0,1.11,2.0,0.556,0.441,0.115,2018-19
203093,Terrence Jones,1610612745,HOU,F,27.0,1,1,1.0,1.0,2.0,0.5,0.286,0.214,2018-19
1628463,Tyler Cavanaugh,1610612762,UTA,F,25.0,6,6,1.0,0.83,1.83,0.455,0.456,-0.001,2018-19
1627781,Malachi Richardson,1610612761,TOR,G,23.0,12,12,1.0,1.17,1.83,0.636,0.43,0.206,2018-19
1629152,DeVaughn Akoon-Purcell,1610612743,DEN,G-F,26.0,5,5,1.0,1.2,1.8,0.667,0.448,0.219,2018-19
1629164,Brandon Goodwin,1610612743,DEN,G,23.0,11,11,1.0,0.91,1.64,0.556,0.447,0.108,2018-19
1628982,Melvin Frazier Jr.,1610612753,ORL,G-F,22.0,9,9,1.0,1.0,1.56,0.643,0.434,0.209,2018-19
201281,Andre Ingram,1610612747,LAL,G,33.0,3,3,1.0,0.33,1.33,0.25,0.458,-0.208,2018-19
1627855,Okaro White,1610612764,WAS,F,26.0,3,3,1.0,0.33,1.33,0.25,0.426,-0.176,2018-19
1628505,Troy Caupain,1610612753,ORL,G,23.0,3,3,1.0,0.0,1.33,0.0,0.365,-0.365,2018-19
1628769,Tahjere McCall,1610612751,BKN,G,24.0,1,1,1.0,0.0,1.0,0.0,0.477,-0.477,2018-19
1629055,Donte Grantham,1610612760,OKC,F,24.0,2,2,1.0,0.5,1.0,0.5,0.485,0.016,2018-19
1628424,Kobi Simmons,1610612739,CLE,G,21.0,1,1,1.0,0.0,1.0,0.0,0.42,-0.42,2018-19
1629093,Tyler Davis,1610612760,OKC,C,22.0,1,1,1.0,0.0,1.0,0.0,0.553,-0.553,2018-19
203497,Rudy Gobert,1610612762,UTA,C,28.0,68,68,1.0,9.46,22.87,0.414,0.477,-0.063,2019-20
1629028,Deandre Ayton,1610612756,PHX,C,21.0,38,38,1.0,8.5,20.55,0.414,0.476,-0.063,2019-20
1626157,Karl-Anthony Towns,1610612750,MIN,C-F,24.0,35,35,1.0,9.71,19.69,0.493,0.484,0.009,2019-20
201572,Brook Lopez,1610612749,MIL,C,32.0,67,67,1.0,8.34,19.55,0.427,0.48,-0.053,2019-20
202355,Hassan Whiteside,1610612757,POR,C,31.0,66,66,1.0,8.42,18.14,0.464,0.49,-0.025,2019-20
203083,Andre Drummond,1610612739,CLE,C,26.0,56,56,1.0,9.34,18.14,0.515,0.492,0.022,2019-20
202696,Nikola Vučević,1610612753,ORL,C,29.0,62,62,1.0,9.0,18.1,0.497,0.483,0.014,2019-20
203954,Joel Embiid,1610612755,PHI,C-F,26.0,51,51,1.0,8.08,17.86,0.452,0.491,-0.039,2019-20
1627734,Domantas Sabonis,1610612754,IND,F-C,24.0,62,62,1.0,7.97,17.55,0.454,0.474,-0.02,2019-20
200746,LaMarcus Aldridge,1610612759,SAS,C-F,34.0,52,52,1.0,7.75,17.42,0.445,0.483,-0.038,2019-20
203999,Nikola Jokić,1610612743,DEN,C,25.0,73,73,1.0,8.45,17.27,0.489,0.498,-0.009,2019-20
204001,Kristaps Porziņģis,1610612742,DAL,F-C,24.0,56,56,1.0,7.43,17.02,0.437,0.476,-0.039,2019-20
1628381,John Collins,1610612737,ATL,F,22.0,41,41,1.0,7.78,16.98,0.458,0.465,-0.006,2019-20
203991,Clint Capela,1610612737,ATL,C,26.0,39,39,1.0,7.92,16.9,0.469,0.49,-0.021,2019-20
201935,James Harden,1610612745,HOU,G,30.0,68,68,1.0,7.6,16.68,0.456,0.46,-0.004,2019-20
1627783,Pascal Siakam,1610612761,TOR,F,26.0,60,60,1.0,7.17,16.57,0.433,0.464,-0.031,2019-20
203994,Jusuf Nurkić,1610612757,POR,C,25.0,8,8,1.0,8.38,16.5,0.508,0.464,0.043,2019-20
1628386,Jarrett Allen,1610612751,BKN,C,22.0,70,70,1.0,7.49,16.4,0.456,0.481,-0.025,2019-20
1626149,Montrezl Harrell,1610612746,LAC,F-C,26.0,63,63,1.0,6.98,16.21,0.431,0.477,-0.046,2019-20
203500,Steven Adams,1610612760,OKC,C,26.0,62,62,1.0,7.53,15.9,0.474,0.488,-0.015,2019-20
202685,Jonas Valanciunas,1610612763,MEM,C,28.0,70,70,1.0,7.2,15.77,0.457,0.485,-0.029,2019-20
201143,Al Horford,1610612755,PHI,C-F,34.0,67,67,1.0,7.34,15.52,0.473,0.475,-0.002,2019-20
1626167,Myles Turner,1610612754,IND,C-F,24.0,62,62,1.0,7.16,15.15,0.473,0.491,-0.018,2019-20
1628380,Zach Collins,1610612757,POR,F-C,22.0,11,11,1.0,6.18,15.09,0.41,0.46,-0.05,2019-20
201586,Serge Ibaka,1610612761,TOR,F,30.0,55,55,1.0,6.4,15.07,0.425,0.476,-0.051,2019-20
201950,Jrue Holiday,1610612740,NOP,G,30.0,61,61,1.0,6.72,14.98,0.449,0.461,-0.012,2019-20
200782,P.J. Tucker,1610612745,HOU,F,35.0,71,71,1.0,6.73,14.82,0.454,0.464,-0.01,2019-20
202684,Tristan Thompson,1610612739,CLE,C-F,29.0,57,57,1.0,6.46,14.77,0.437,0.477,-0.04,2019-20
1628389,Bam Adebayo,1610612748,MIA,C-F,22.0,71,71,1.0,6.39,14.75,0.434,0.473,-0.04,2019-20
1628464,Daniel Theis,1610612738,BOS,F-C,28.0,65,65,1.0,6.6,14.62,0.452,0.481,-0.029,2019-20
203939,Dwight Powell,1610612742,DAL,F-C,28.0,39,39,1.0,6.77,14.54,0.466,0.481,-0.015,2019-20
203468,CJ McCollum,1610612757,POR,G,28.0,69,69,1.0,6.39,14.42,0.443,0.45,-0.007,2019-20
1627832,Fred VanVleet,1610612761,TOR,G,26.0,54,54,1.0,6.07,14.26,0.426,0.453,-0.027,2019-20
203076,Anthony Davis,1610612747,LAL,F-C,27.0,62,62,1.0,5.76,14.24,0.404,0.471,-0.067,2019-20
1628991,Jaren Jackson Jr.,1610612763,MEM,F-C,20.0,57,57,1.0,6.35,14.14,0.449,0.474,-0.025,2019-20
1626158,Richaun Holmes,1610612758,SAC,F,26.0,44,44,1.0,6.66,14.02,0.475,0.489,-0.014,2019-20
201567,Kevin Love,1610612739,CLE,F-C,31.0,56,56,1.0,7.2,13.98,0.515,0.473,0.042,2019-20
202357,Nemanja Bjelica,1610612758,SAC,F,32.0,72,72,1.0,6.78,13.82,0.49,0.469,0.021,2019-20
202324,Derrick Favors,1610612740,NOP,F,28.0,51,51,1.0,6.1,13.76,0.443,0.485,-0.042,2019-20
201188,Marc Gasol,1610612761,TOR,C,35.0,44,44,1.0,6.32,13.75,0.46,0.478,-0.018,2019-20
1629023,P.J. Washington,1610612766,CHA,F,21.0,57,57,1.0,6.25,13.42,0.465,0.462,0.003,2019-20
1628366,Lonzo Ball,1610612740,NOP,G,22.0,63,63,1.0,6.37,13.4,0.475,0.457,0.018,2019-20
201599,DeAndre Jordan,1610612751,BKN,C,31.0,56,56,1.0,5.61,13.39,0.419,0.473,-0.054,2019-20
200768,Kyle Lowry,1610612761,TOR,G,34.0,58,58,1.0,5.71,13.16,0.434,0.453,-0.02,2019-20
1627759,Jaylen Brown,1610612738,BOS,G-F,23.0,57,57,1.0,5.86,13.11,0.447,0.457,-0.01,2019-20
1628467,Maxi Kleber,1610612742,DAL,F,28.0,73,73,1.0,5.85,13.07,0.448,0.467,-0.019,2019-20
1628970,Miles Bridges,1610612766,CHA,F,22.0,64,64,1.0,6.09,13.06,0.467,0.466,0.001,2019-20
203110,Draymond Green,1610612744,GSW,F,30.0,43,43,1.0,5.79,13.02,0.445,0.468,-0.023,2019-20
1627732,Ben Simmons,1610612755,PHI,G-F,23.0,57,57,1.0,5.72,12.96,0.441,0.464,-0.023,2019-20
1628418,Thomas Bryant,1610612764,WAS,C-F,22.0,46,46,1.0,6.67,12.96,0.515,0.477,0.038,2019-20
202689,Kemba Walker,1610612738,BOS,G,30.0,56,56,1.0,5.96,12.95,0.461,0.45,0.01,2019-20
202722,Davis Bertans,1610612764,WAS,F,27.0,54,54,1.0,6.24,12.87,0.485,0.463,0.022,2019-20
1628374,Lauri Markkanen,1610612741,CHI,F-C,23.0,50,50,1.0,6.08,12.86,0.473,0.47,0.002,2019-20
1629011,Mitchell Robinson,1610612752,NYK,C-F,22.0,61,61,1.0,5.72,12.82,0.446,0.474,-0.028,2019-20
1627733,Dragan Bender,1610612744,GSW,F,22.0,15,15,1.0,6.07,12.8,0.474,0.476,-0.002,2019-20
1629631,De'Andre Hunter,1610612737,ATL,F-G,22.0,63,63,1.0,5.94,12.78,0.465,0.459,0.006,2019-20
203382,Aron Baynes,1610612756,PHX,C-F,33.0,41,41,1.0,6.41,12.76,0.503,0.486,0.017,2019-20
1627826,Ivica Zubac,1610612746,LAC,C,23.0,72,72,1.0,5.46,12.75,0.428,0.492,-0.063,2019-20
1629027,Trae Young,1610612737,ATL,G,21.0,60,60,1.0,6.47,12.68,0.51,0.446,0.064,2019-20
203952,Andrew Wiggins,1610612744,GSW,F,25.0,54,54,1.0,5.96,12.67,0.471,0.458,0.012,2019-20
1628983,Shai Gilgeous-Alexander,1610612760,OKC,G-F,21.0,70,70,1.0,6.01,12.54,0.479,0.456,0.023,2019-20
1627827,Dorian Finney-Smith,1610612742,DAL,F,27.0,70,70,1.0,5.46,12.5,0.437,0.466,-0.03,2019-20
203078,Bradley Beal,1610612764,WAS,G,27.0,57,57,1.0,5.86,12.44,0.471,0.454,0.017,2019-20
203944,Julius Randle,1610612752,NYK,F-C,25.0,64,64,1.0,5.45,12.31,0.443,0.469,-0.027,2019-20
203496,Robert Covington,1610612745,HOU,F,29.0,70,70,1.0,5.93,12.31,0.481,0.464,0.018,2019-20
1627863,Danuel House Jr.,1610612745,HOU,F-G,27.0,63,63,1.0,5.94,12.29,0.483,0.455,0.028,2019-20
203469,Cody Zeller,1610612766,CHA,F-C,27.0,57,57,1.0,6.3,12.28,0.513,0.488,0.025,2019-20
1627741,Buddy Hield,1610612758,SAC,G,27.0,72,72,1.0,5.9,12.28,0.481,0.454,0.027,2019-20
1626179,Terry Rozier,1610612766,CHA,G,26.0,62,62,1.0,6.06,12.26,0.495,0.454,0.041,2019-20
1628368,De'Aaron Fox,1610612758,SAC,G,22.0,51,51,1.0,6.06,12.16,0.498,0.449,0.05,2019-20
203115,Will Barton,1610612743,DEN,G,29.0,58,58,1.0,5.88,12.14,0.484,0.459,0.025,2019-20
1628401,Derrick White,1610612759,SAS,G,25.0,67,67,1.0,5.73,12.12,0.473,0.46,0.013,2019-20
1629012,Collin Sexton,1610612739,CLE,G,21.0,65,65,1.0,6.37,12.11,0.526,0.452,0.074,2019-20
203081,Damian Lillard,1610612757,POR,G,29.0,65,65,1.0,5.58,12.11,0.461,0.457,0.005,2019-20
1626156,D'Angelo Russell,1610612750,MIN,G,24.0,45,45,1.0,6.13,12.07,0.508,0.454,0.054,2019-20
1626220,Royce O'Neale,1610612762,UTA,F,27.0,71,71,1.0,5.79,12.06,0.48,0.46,0.02,2019-20
1628963,Marvin Bagley III,1610612758,SAC,F,21.0,13,13,1.0,5.38,12.0,0.449,0.482,-0.033,2019-20
203932,Aaron Gordon,1610612753,ORL,F,24.0,62,62,1.0,5.31,11.98,0.443,0.468,-0.025,2019-20
1629627,Zion Williamson,1610612740,NOP,F,19.0,24,24,1.0,5.5,11.96,0.46,0.459,0.001,2019-20
1629060,Rui Hachimura,1610612764,WAS,F,22.0,48,48,1.0,6.29,11.94,0.527,0.468,0.059,2019-20
1627763,Malcolm Brogdon,1610612754,IND,G,27.0,54,54,1.0,5.15,11.93,0.432,0.464,-0.032,2019-20
1629029,Luka Dončić,1610612742,DAL,F-G,21.0,59,59,1.0,5.66,11.93,0.474,0.457,0.018,2019-20
1626174,Christian Wood,1610612765,DET,F,24.0,60,60,1.0,5.42,11.88,0.456,0.471,-0.015,2019-20
1629636,Darius Garland,1610612739,CLE,G,20.0,59,59,1.0,6.24,11.86,0.526,0.449,0.077,2019-20
1627742,Brandon Ingram,1610612740,NOP,F,22.0,62,62,1.0,5.4,11.85,0.456,0.455,0.001,2019-20
1626164,Devin Booker,1610612756,PHX,G,23.0,70,70,1.0,5.64,11.83,0.477,0.454,0.023,2019-20
203901,Elfrid Payton,1610612752,NYK,G,26.0,45,45,1.0,5.33,11.8,0.452,0.456,-0.004,2019-20
1628415,Dillon Brooks,1610612763,MEM,G-F,24.0,73,73,1.0,5.18,11.73,0.442,0.455,-0.014,2019-20
1629630,Ja Morant,1610612763,MEM,G,20.0,67,67,1.0,5.3,11.69,0.453,0.453,0.0,2019-20
1628404,Josh Hart,1610612740,NOP,G,25.0,65,65,1.0,5.38,11.69,0.461,0.462,-0.001,2019-20
203897,Zach LaVine,1610612741,CHI,G-F,25.0,60,60,1.0,5.02,11.68,0.429,0.454,-0.024,2019-20
202710,Jimmy Butler III,1610612748,MIA,F,30.0,58,58,1.0,4.74,11.66,0.407,0.459,-0.053,2019-20
203087,Jeremy Lamb,1610612754,IND,G-F,28.0,46,46,1.0,5.3,11.65,0.455,0.456,0.0,2019-20
1629675,Naz Reid,1610612750,MIN,C-F,20.0,28,28,1.0,5.5,11.64,0.472,0.474,-0.002,2019-20
1628984,Devonte' Graham,1610612766,CHA,G,25.0,62,62,1.0,5.68,11.63,0.488,0.449,0.039,2019-20
1628976,Wendell Carter Jr.,1610612741,CHI,C-F,21.0,43,43,1.0,5.67,11.63,0.488,0.511,-0.023,2019-20
203507,Giannis Antetokounmpo,1610612749,MIL,F,25.0,62,62,1.0,4.26,11.53,0.369,0.461,-0.092,2019-20
201980,Danny Green,1610612747,LAL,G,33.0,68,68,1.0,5.53,11.5,0.481,0.46,0.02,2019-20
203084,Harrison Barnes,1610612758,SAC,F,28.0,72,72,1.0,5.49,11.44,0.479,0.461,0.018,2019-20
202695,Kawhi Leonard,1610612746,LAC,F,29.0,57,57,1.0,4.88,11.42,0.427,0.463,-0.036,2019-20
1627750,Jamal Murray,1610612743,DEN,G,23.0,59,59,1.0,5.51,11.41,0.483,0.457,0.026,2019-20
1629628,RJ Barrett,1610612752,NYK,F-G,20.0,56,56,1.0,5.59,11.41,0.49,0.451,0.039,2019-20
203095,Evan Fournier,1610612753,ORL,G-F,27.0,66,66,1.0,5.73,11.39,0.503,0.455,0.048,2019-20
203915,Spencer Dinwiddie,1610612751,BKN,G,27.0,64,64,1.0,5.19,11.36,0.457,0.453,0.004,2019-20
203935,Marcus Smart,1610612738,BOS,G,26.0,60,60,1.0,4.85,11.35,0.427,0.455,-0.027,2019-20
1628971,Bruce Brown,1610612765,DET,G-F,23.0,57,57,1.0,5.44,11.33,0.48,0.459,0.021,2019-20
1628539,Mychal Mulder,1610612744,GSW,G,26.0,7,7,1.0,5.0,11.29,0.443,0.457,-0.014,2019-20
201152,Thaddeus Young,1610612741,CHI,F,32.0,64,64,1.0,5.2,11.28,0.461,0.464,-0.003,2019-20
201144,Mike Conley,1610612762,UTA,G,32.0,47,47,1.0,5.45,11.23,0.485,0.452,0.033,2019-20
1628989,Kevin Huerter,1610612737,ATL,G-F,21.0,56,56,1.0,5.82,11.23,0.518,0.452,0.066,2019-20
200794,Paul Millsap,1610612743,DEN,F,35.0,51,51,1.0,5.04,11.22,0.449,0.471,-0.021,2019-20
1627752,Taurean Prince,1610612751,BKN,F,26.0,64,64,1.0,5.22,11.16,0.468,0.462,0.005,2019-20
203967,Dario Saric,1610612756,PHX,F,26.0,65,65,1.0,5.03,11.14,0.452,0.465,-0.013,2019-20
1628371,Jonathan Isaac,1610612753,ORL,F,22.0,33,33,1.0,4.73,11.12,0.425,0.464,-0.039,2019-20
1629134,Kendrick Nunn,1610612748,MIA,G,24.0,66,66,1.0,5.3,11.12,0.477,0.45,0.027,2019-20
1626159,Justise Winslow,1610612763,MEM,F-G,24.0,11,11,1.0,4.55,11.0,0.413,0.449,-0.036,2019-20
1626161,Willie Cauley-Stein,1610612742,DAL,C,26.0,54,54,1.0,5.07,10.98,0.462,0.49,-0.028,2019-20
203471,Dennis Schröder,1610612760,OKC,G,26.0,65,65,1.0,4.82,10.97,0.439,0.452,-0.013,2019-20
202339,Eric Bledsoe,1610612749,MIL,G,30.0,60,60,1.0,4.58,10.97,0.418,0.451,-0.033,2019-20
1627751,Jakob Poeltl,1610612759,SAS,C,24.0,65,65,1.0,5.22,10.97,0.475,0.484,-0.009,2019-20
1627746,Skal Labissiere,1610612737,ATL,F-C,24.0,33,33,1.0,4.97,10.94,0.454,0.479,-0.025,2019-20
203922,Glenn Robinson III,1610612755,PHI,F,26.0,62,62,1.0,5.6,10.92,0.513,0.466,0.046,2019-20
1626196,Josh Richardson,1610612755,PHI,G,26.0,54,54,1.0,4.89,10.91,0.448,0.45,-0.002,2019-20
202699,Tobias Harris,1610612755,PHI,F,27.0,72,72,1.0,5.31,10.9,0.487,0.464,0.023,2019-20
203476,Gorgui Dieng,1610612763,MEM,C,30.0,62,62,1.0,4.95,10.89,0.455,0.476,-0.022,2019-20
1628988,Aaron Holiday,1610612754,IND,G,23.0,65,65,1.0,4.82,10.89,0.442,0.448,-0.006,2019-20
203506,Victor Oladipo,1610612754,IND,G,28.0,19,19,1.0,5.0,10.84,0.461,0.457,0.004,2019-20
203501,Tim Hardaway Jr.,1610612742,DAL,G-F,28.0,70,70,1.0,5.03,10.84,0.464,0.454,0.009,2019-20
203992,Bogdan Bogdanović,1610612758,SAC,G,27.0,61,61,1.0,4.82,10.8,0.446,0.449,-0.003,2019-20
101133,Ian Mahinmi,1610612764,WAS,C,33.0,38,38,1.0,5.42,10.76,0.504,0.48,0.024,2019-20
202066,Garrett Temple,1610612751,BKN,G-F,34.0,62,62,1.0,4.74,10.73,0.442,0.449,-0.007,2019-20
203953,Jabari Parker,1610612758,SAC,F,25.0,37,37,1.0,5.51,10.73,0.514,0.47,0.044,2019-20
201566,Russell Westbrook,1610612745,HOU,G,31.0,57,57,1.0,4.91,10.72,0.458,0.454,0.005,2019-20
203086,Meyers Leonard,1610612748,MIA,F-C,28.0,51,51,1.0,5.2,10.69,0.486,0.487,-0.001,2019-20
203458,Alex Len,1610612758,SAC,C,27.0,55,55,1.0,4.65,10.69,0.435,0.484,-0.049,2019-20
201577,Robin Lopez,1610612749,MIL,C,32.0,65,65,1.0,4.72,10.65,0.444,0.473,-0.029,2019-20
1626162,Kelly Oubre Jr.,1610612756,PHX,F-G,24.0,55,55,1.0,4.95,10.62,0.466,0.457,0.009,2019-20
203145,Kent Bazemore,1610612758,SAC,G-F,30.0,68,68,1.0,4.71,10.6,0.444,0.455,-0.012,2019-20
203457,Nerlens Noel,1610612760,OKC,C-F,26.0,61,61,1.0,5.05,10.59,0.477,0.493,-0.016,2019-20
201937,Ricky Rubio,1610612756,PHX,G,29.0,64,64,1.0,5.41,10.58,0.511,0.45,0.061,2019-20
203109,Jae Crowder,1610612748,MIA,F,29.0,64,64,1.0,5.02,10.55,0.476,0.46,0.015,2019-20
202331,Paul George,1610612746,LAC,F,30.0,48,48,1.0,4.69,10.52,0.446,0.467,-0.022,2019-20
202694,Marcus Morris Sr.,1610612746,LAC,F,30.0,62,62,1.0,4.69,10.52,0.446,0.464,-0.018,2019-20
202681,Kyrie Irving,1610612751,BKN,G,28.0,20,20,1.0,5.0,10.5,0.476,0.452,0.024,2019-20
201933,Blake Griffin,1610612765,DET,F,31.0,17,17,1.0,5.12,10.47,0.489,0.46,0.029,2019-20
1628969,Mikal Bridges,1610612756,PHX,F,23.0,72,72,1.0,5.08,10.47,0.485,0.46,0.026,2019-20
1628972,Troy Brown Jr.,1610612764,WAS,G-F,20.0,69,69,1.0,5.32,10.41,0.511,0.455,0.056,2019-20
1629130,Duncan Robinson,1610612748,MIA,F,26.0,71,71,1.0,4.68,10.37,0.451,0.449,0.003,2019-20
1629677,Luka Samanic,1610612759,SAS,F,20.0,3,3,1.0,4.0,10.33,0.387,0.427,-0.04,2019-20
1628365,Markelle Fultz,1610612753,ORL,G,22.0,72,72,1.0,5.06,10.32,0.49,0.45,0.04,2019-20
1627749,Dejounte Murray,1610612759,SAS,G,23.0,65,65,1.0,5.03,10.31,0.488,0.465,0.023,2019-20
203925,Joe Harris,1610612751,BKN,G-F,28.0,69,69,1.0,4.91,10.3,0.477,0.453,0.024,2019-20
1628394,Anžejs Pasečņiks,1610612764,WAS,C-F,24.0,25,25,1.0,5.08,10.28,0.494,0.466,0.028,2019-20
1629634,Brandon Clarke,1610612763,MEM,F-G,23.0,58,58,1.0,4.71,10.26,0.459,0.47,-0.011,2019-20
1629013,Landry Shamet,1610612746,LAC,G,23.0,53,53,1.0,4.83,10.25,0.471,0.447,0.024,2019-20
1627814,Damion Lee,1610612744,GSW,G-F,27.0,48,48,1.0,5.46,10.25,0.533,0.459,0.073,2019-20
203486,Mason Plumlee,1610612743,DEN,F-C,30.0,61,61,1.0,4.9,10.25,0.478,0.476,0.003,2019-20
1627747,Caris LeVert,1610612751,BKN,G,25.0,45,45,1.0,4.87,10.22,0.476,0.451,0.025,2019-20
1628369,Jayson Tatum,1610612738,BOS,F-G,22.0,66,66,1.0,4.62,10.2,0.453,0.453,0.0,2019-20
1627737,Marquese Chriss,1610612744,GSW,F,22.0,59,59,1.0,5.05,10.19,0.496,0.477,0.019,2019-20
2546,Carmelo Anthony,1610612757,POR,F,36.0,57,57,1.0,4.67,10.16,0.459,0.465,-0.005,2019-20
203200,Justin Holiday,1610612754,IND,F-G,31.0,73,73,1.0,4.45,10.15,0.439,0.453,-0.015,2019-20
1629639,Tyler Herro,1610612748,MIA,G,20.0,55,55,1.0,4.8,10.11,0.475,0.444,0.031,2019-20
201568,Danilo Gallinari,1610612760,OKC,F,31.0,62,62,1.0,4.89,10.11,0.483,0.472,0.012,2019-20
1629629,Cam Reddish,1610612737,ATL,F-G,20.0,58,58,1.0,4.6,10.02,0.46,0.457,0.003,2019-20
202683,Enes Freedom,1610612738,BOS,C,28.0,57,57,1.0,4.4,10.02,0.44,0.482,-0.042,2019-20
203503,Tony Snell,1610612765,DET,G,28.0,58,58,1.0,4.93,10.0,0.493,0.463,0.03,2019-20
1626163,Frank Kaminsky,1610612756,PHX,F-C,27.0,38,38,1.0,5.11,10.0,0.511,0.477,0.034,2019-20
202397,Ish Smith,1610612764,WAS,G,31.0,68,68,1.0,4.81,9.97,0.482,0.445,0.038,2019-20
1628384,OG Anunoby,1610612761,TOR,F,22.0,68,68,1.0,4.35,9.91,0.439,0.461,-0.022,2019-20
1628379,Luke Kennard,1610612765,DET,G,24.0,27,27,1.0,4.48,9.89,0.453,0.453,0.001,2019-20
101108,Chris Paul,1610612760,OKC,G,35.0,70,70,1.0,4.86,9.89,0.491,0.458,0.033,2019-20
1626224,Cedi Osman,1610612739,CLE,F,25.0,65,65,1.0,4.88,9.89,0.493,0.456,0.037,2019-20
1627739,Kris Dunn,1610612741,CHI,G,26.0,50,50,1.0,4.6,9.86,0.467,0.46,0.006,2019-20
202711,Bojan Bogdanovic,1610612762,UTA,F,31.0,63,63,1.0,4.62,9.81,0.471,0.452,0.019,2019-20
202687,Bismack Biyombo,1610612766,CHA,C,27.0,51,51,1.0,4.71,9.8,0.48,0.483,-0.003,2019-20
1629645,Kevin Porter Jr.,1610612739,CLE,G-F,20.0,50,50,1.0,4.88,9.78,0.499,0.445,0.054,2019-20
202704,Reggie Jackson,1610612746,LAC,G,30.0,31,31,1.0,4.55,9.77,0.465,0.451,0.015,2019-20
1627884,Derrick Jones Jr.,1610612748,MIA,F,23.0,56,56,1.0,4.02,9.7,0.414,0.456,-0.042,2019-20
1629021,Moritz Wagner,1610612764,WAS,F-C,23.0,45,45,1.0,5.07,9.69,0.523,0.475,0.048,2019-20
202709,Cory Joseph,1610612758,SAC,G,28.0,72,72,1.0,4.6,9.68,0.475,0.458,0.017,2019-20
1628378,Donovan Mitchell,1610612762,UTA,G,23.0,69,69,1.0,4.68,9.62,0.486,0.451,0.035,2019-20
2730,Dwight Howard,1610612747,LAL,C-F,34.0,69,69,1.0,4.57,9.59,0.476,0.474,0.001,2019-20
1629065,Ky Bowman,1610612744,GSW,G,23.0,45,45,1.0,4.42,9.56,0.463,0.455,0.008,2019-20
200752,Rudy Gay,1610612759,SAS,F-G,33.0,66,66,1.0,4.35,9.5,0.458,0.457,0.001,2019-20
203914,Gary Harris,1610612743,DEN,G,25.0,56,56,1.0,4.25,9.43,0.451,0.459,-0.008,2019-20
101150,Lou Williams,1610612746,LAC,G,33.0,65,65,1.0,4.26,9.43,0.452,0.44,0.012,2019-20
201942,DeMar DeRozan,1610612759,SAS,G-F,30.0,67,67,1.0,4.72,9.42,0.501,0.466,0.035,2019-20
201949,James Johnson,1610612750,MIN,F,33.0,32,32,1.0,4.34,9.41,0.462,0.449,0.012,2019-20
1629006,Josh Okogie,1610612750,MIN,G,21.0,62,62,1.0,4.53,9.4,0.482,0.454,0.028,2019-20
201976,Patrick Beverley,1610612746,LAC,G,31.0,51,51,1.0,4.02,9.39,0.428,0.46,-0.032,2019-20
1626143,Jahlil Okafor,1610612740,NOP,C-F,24.0,30,30,1.0,4.47,9.37,0.477,0.486,-0.009,2019-20
1628398,Kyle Kuzma,1610612747,LAL,F,24.0,61,61,1.0,4.31,9.36,0.461,0.457,0.003,2019-20
203107,Tomas Satoransky,1610612741,CHI,G,28.0,65,65,1.0,4.71,9.35,0.503,0.46,0.043,2019-20
201565,Derrick Rose,1610612765,DET,G,31.0,49,49,1.0,4.14,9.35,0.443,0.449,-0.006,2019-20
1629026,Kenrich Williams,1610612740,NOP,G-F,25.0,38,38,1.0,4.0,9.34,0.428,0.457,-0.029,2019-20
2544,LeBron James,1610612747,LAL,F,35.0,67,67,1.0,3.91,9.31,0.42,0.463,-0.043,2019-20
1629672,Eric Paschall,1610612744,GSW,F,23.0,60,60,1.0,4.22,9.3,0.453,0.458,-0.005,2019-20
1626192,Pat Connaughton,1610612749,MIL,G,27.0,65,65,1.0,3.86,9.29,0.416,0.444,-0.029,2019-20
1629647,Darius Bazley,1610612760,OKC,F-G,20.0,60,60,1.0,4.15,9.27,0.448,0.449,-0.001,2019-20
204060,Joe Ingles,1610612762,UTA,F-G,32.0,71,71,1.0,4.37,9.24,0.473,0.453,0.019,2019-20
201609,Goran Dragic,1610612748,MIA,G,34.0,58,58,1.0,4.16,9.19,0.452,0.444,0.008,2019-20
1626181,Norman Powell,1610612761,TOR,G,27.0,52,52,1.0,4.0,9.19,0.435,0.453,-0.018,2019-20
1628390,Terrance Ferguson,1610612760,OKC,G,22.0,55,55,1.0,3.98,9.18,0.434,0.457,-0.023,2019-20
1629652,Luguentz Dort,1610612760,OKC,G,21.0,36,36,1.0,3.61,9.17,0.394,0.453,-0.059,2019-20
1626171,Bobby Portis Jr.,1610612752,NYK,F,25.0,66,66,1.0,4.29,9.14,0.469,0.466,0.004,2019-20
203473,Dewayne Dedmon,1610612737,ATL,C,30.0,43,43,1.0,4.07,9.12,0.446,0.484,-0.038,2019-20
202329,Al-Farouq Aminu,1610612753,ORL,F,29.0,17,17,1.0,4.18,9.12,0.458,0.467,-0.009,2019-20
203894,Shabazz Napier,1610612764,WAS,G,28.0,56,56,1.0,4.55,9.11,0.5,0.453,0.047,2019-20
2772,Trevor Ariza,1610612757,POR,F,35.0,52,52,1.0,4.15,9.08,0.458,0.468,-0.01,2019-20
203933,T.J. Warren,1610612754,IND,F,26.0,67,67,1.0,4.16,9.07,0.459,0.457,0.002,2019-20
203114,Khris Middleton,1610612749,MIL,F,28.0,61,61,1.0,3.67,9.02,0.407,0.452,-0.045,2019-20
1626166,Cameron Payne,1610612756,PHX,G,25.0,8,8,1.0,3.63,9.0,0.403,0.424,-0.021,2019-20
1627823,Juancho Hernangomez,1610612750,MIN,F,24.0,45,45,1.0,4.67,8.98,0.52,0.456,0.063,2019-20
1627745,Damian Jones,1610612737,ATL,C,25.0,54,54,1.0,4.83,8.98,0.538,0.474,0.064,2019-20
203490,Otto Porter Jr.,1610612741,CHI,F,27.0,14,14,1.0,3.79,8.93,0.424,0.458,-0.034,2019-20
201580,JaVale McGee,1610612747,LAL,C-F,32.0,68,68,1.0,4.26,8.91,0.479,0.491,-0.012,2019-20
1629637,Jaxson Hayes,1610612740,NOP,C-F,20.0,63,63,1.0,4.37,8.9,0.49,0.483,0.007,2019-20
203918,Rodney Hood,1610612757,POR,G-F,27.0,21,21,1.0,4.24,8.9,0.476,0.468,0.007,2019-20
1629743,Donta Hall,1610612751,BKN,F,22.0,9,9,1.0,4.0,8.89,0.45,0.464,-0.014,2019-20
202692,Alec Burks,1610612755,PHI,G,28.0,66,66,1.0,4.17,8.88,0.469,0.456,0.013,2019-20
201145,Jeff Green,1610612745,HOU,F,33.0,48,48,1.0,4.15,8.88,0.467,0.465,0.002,2019-20
1627854,Bryn Forbes,1610612759,SAS,G,26.0,62,62,1.0,4.6,8.85,0.519,0.451,0.068,2019-20
203090,Maurice Harkless,1610612752,NYK,F-G,27.0,62,62,1.0,4.02,8.82,0.455,0.458,-0.003,2019-20
201587,Nicolas Batum,1610612766,CHA,G-F,31.0,21,21,1.0,3.95,8.81,0.449,0.459,-0.01,2019-20
1628392,Isaiah Hartenstein,1610612745,HOU,C-F,22.0,21,21,1.0,4.1,8.81,0.465,0.464,0.001,2019-20
1626204,Larry Nance Jr.,1610612739,CLE,F-C,27.0,56,56,1.0,4.25,8.79,0.484,0.47,0.014,2019-20
203924,Jerami Grant,1610612743,DEN,F,26.0,71,71,1.0,3.69,8.79,0.42,0.47,-0.051,2019-20
1628436,Luke Kornet,1610612741,CHI,F-C,24.0,35,35,1.0,4.97,8.69,0.572,0.485,0.088,2019-20
203482,Kelly Olynyk,1610612748,MIA,F-C,29.0,65,65,1.0,4.23,8.65,0.489,0.467,0.023,2019-20
203089,John Henson,1610612765,DET,F-C,29.0,40,40,1.0,4.08,8.65,0.471,0.474,-0.003,2019-20
203082,Terrence Ross,1610612753,ORL,G-F,29.0,69,69,1.0,3.99,8.64,0.461,0.45,0.012,2019-20
203920,Khem Birch,1610612753,ORL,C,27.0,47,47,1.0,4.11,8.64,0.475,0.475,0.001,2019-20
202738,Isaiah Thomas,1610612764,WAS,G,31.0,40,40,1.0,4.28,8.63,0.496,0.447,0.049,2019-20
202330,Gordon Hayward,1610612738,BOS,F,30.0,52,52,1.0,3.94,8.63,0.457,0.461,-0.004,2019-20
1629014,Anfernee Simons,1610612757,POR,G,21.0,69,69,1.0,3.93,8.58,0.458,0.446,0.012,2019-20
203484,Kentavious Caldwell-Pope,1610612747,LAL,G,27.0,69,69,1.0,4.03,8.57,0.47,0.453,0.018,2019-20
1627775,Patrick McCaw,1610612761,TOR,G,24.0,36,36,1.0,3.92,8.56,0.458,0.449,0.009,2019-20
201163,Wilson Chandler,1610612751,BKN,F,33.0,35,35,1.0,3.63,8.51,0.426,0.456,-0.03,2019-20
1629016,Omari Spellman,1610612750,MIN,F,22.0,48,48,1.0,3.96,8.5,0.466,0.47,-0.004,2019-20
201588,George Hill,1610612749,MIL,G,34.0,58,58,1.0,3.52,8.48,0.415,0.444,-0.029,2019-20
204038,Langston Galloway,1610612765,DET,G,28.0,65,65,1.0,4.02,8.48,0.474,0.446,0.028,2019-20
1627936,Alex Caruso,1610612747,LAL,G,26.0,64,64,1.0,3.75,8.42,0.445,0.451,-0.005,2019-20
1628998,Cody Martin,1610612766,CHA,F,24.0,45,45,1.0,3.91,8.42,0.464,0.458,0.007,2019-20
202083,Wesley Matthews,1610612749,MIL,G,33.0,65,65,1.0,3.34,8.4,0.397,0.453,-0.056,2019-20
201939,Stephen Curry,1610612744,GSW,G,32.0,5,5,1.0,4.4,8.4,0.524,0.483,0.041,2019-20
1626178,Rondae Hollis-Jefferson,1610612761,TOR,F,25.0,60,60,1.0,3.63,8.38,0.433,0.458,-0.025,2019-20
1629740,Nicolo Melli,1610612740,NOP,F,29.0,57,57,1.0,4.04,8.35,0.483,0.468,0.015,2019-20
203085,Austin Rivers,1610612745,HOU,G,27.0,66,66,1.0,3.88,8.33,0.465,0.453,0.013,2019-20
1629308,Juan Toscano-Anderson,1610612744,GSW,F,27.0,12,12,1.0,3.25,8.33,0.39,0.471,-0.081,2019-20
201569,Eric Gordon,1610612745,HOU,G,31.0,36,36,1.0,3.22,8.33,0.387,0.462,-0.075,2019-20
201952,Jeff Teague,1610612737,ATL,G,32.0,59,59,1.0,4.05,8.2,0.494,0.452,0.042,2019-20
1626168,Trey Lyles,1610612759,SAS,F,24.0,61,61,1.0,3.98,8.1,0.492,0.467,0.025,2019-20
1629632,Coby White,1610612741,CHI,G,20.0,65,65,1.0,4.35,8.09,0.538,0.451,0.087,2019-20
1628964,Mo Bamba,1610612753,ORL,C,22.0,62,62,1.0,3.85,8.08,0.477,0.479,-0.002,2019-20
1628396,Tony Bradley,1610612762,UTA,C-F,22.0,57,57,1.0,3.68,8.07,0.457,0.471,-0.014,2019-20
202340,Avery Bradley,1610612747,LAL,G,29.0,49,49,1.0,3.39,8.06,0.42,0.457,-0.036,2019-20
203463,Ben McLemore,1610612745,HOU,G,27.0,71,71,1.0,4.01,8.04,0.499,0.451,0.048,2019-20
1629067,Isaac Bonga,1610612764,WAS,G,20.0,64,64,1.0,3.81,8.03,0.475,0.456,0.018,2019-20
1629719,Devontae Cacok,1610612747,LAL,F,23.0,1,1,1.0,5.0,8.0,0.625,0.451,0.174,2019-20
1629651,Nic Claxton,1610612751,BKN,F-C,21.0,14,14,1.0,3.57,8.0,0.446,0.472,-0.025,2019-20
1628450,Eric Mika,1610612758,SAC,C-F,25.0,1,1,1.0,5.0,8.0,0.625,0.448,0.177,2019-20
1629626,Bol Bol,1610612743,DEN,C-F,20.0,6,6,1.0,4.17,8.0,0.521,0.458,0.063,2019-20
203210,JaMychal Green,1610612746,LAC,F-C,30.0,63,63,1.0,3.54,7.97,0.444,0.463,-0.019,2019-20
1628978,Donte DiVincenzo,1610612749,MIL,G,23.0,65,65,1.0,3.48,7.94,0.438,0.446,-0.008,2019-20
1629640,Keldon Johnson,1610612759,SAS,F-G,20.0,15,15,1.0,4.0,7.93,0.504,0.436,0.068,2019-20
2738,Andre Iguodala,1610612748,MIA,G-F,36.0,20,20,1.0,2.95,7.9,0.373,0.46,-0.087,2019-20
1628990,Chandler Hutchison,1610612741,CHI,F-G,24.0,27,27,1.0,4.19,7.89,0.531,0.462,0.068,2019-20
1628449,Chris Boucher,1610612761,TOR,F-C,27.0,58,58,1.0,3.41,7.88,0.433,0.462,-0.029,2019-20
1629684,Grant Williams,1610612738,BOS,F,21.0,68,68,1.0,3.41,7.87,0.434,0.458,-0.025,2019-20
1629659,Talen Horton-Tucker,1610612747,LAL,G,19.0,6,6,1.0,3.67,7.83,0.468,0.445,0.023,2019-20
203552,Seth Curry,1610612742,DAL,G,29.0,63,63,1.0,3.75,7.83,0.479,0.443,0.036,2019-20
1629001,De'Anthony Melton,1610612763,MEM,G,22.0,60,60,1.0,3.98,7.82,0.51,0.46,0.05,2019-20
201571,D.J. Augustin,1610612753,ORL,G,32.0,57,57,1.0,3.37,7.82,0.43,0.444,-0.014,2019-20
1629633,Jarrett Culver,1610612750,MIN,G-F,21.0,63,63,1.0,3.51,7.78,0.451,0.456,-0.005,2019-20
203937,Kyle Anderson,1610612763,MEM,F-G,26.0,67,67,1.0,2.9,7.78,0.372,0.455,-0.083,2019-20
1626153,Delon Wright,1610612742,DAL,G,28.0,72,72,1.0,3.72,7.75,0.48,0.451,0.029,2019-20
202693,Markieff Morris,1610612747,LAL,F,30.0,57,57,1.0,3.58,7.74,0.463,0.459,0.004,2019-20
1627774,Jake Layman,1610612750,MIN,F,26.0,23,23,1.0,3.65,7.7,0.475,0.443,0.031,2019-20
203903,Jordan Clarkson,1610612762,UTA,G,28.0,71,71,1.0,3.39,7.66,0.443,0.449,-0.006,2019-20
1627748,Thon Maker,1610612765,DET,F-C,23.0,59,59,1.0,3.75,7.61,0.492,0.486,0.007,2019-20
101107,Marvin Williams,1610612749,MIL,F,34.0,57,57,1.0,3.33,7.53,0.443,0.459,-0.016,2019-20
1628997,Caleb Martin,1610612766,CHA,F,24.0,16,16,1.0,3.38,7.5,0.45,0.453,-0.003,2019-20
201959,Taj Gibson,1610612752,NYK,F,35.0,61,61,1.0,3.38,7.48,0.452,0.478,-0.026,2019-20
1629234,Drew Eubanks,1610612759,SAS,F-C,23.0,20,20,1.0,3.75,7.45,0.503,0.47,0.033,2019-20
1629680,Matisse Thybulle,1610612755,PHI,G-F,23.0,64,64,1.0,3.11,7.45,0.417,0.448,-0.031,2019-20
1626245,Cristiano Felicio,1610612741,CHI,F-C,27.0,22,22,1.0,4.36,7.45,0.585,0.491,0.094,2019-20
1627789,Timothe Luwawu-Cabarrot,1610612751,BKN,G-F,25.0,45,45,1.0,3.33,7.44,0.448,0.451,-0.003,2019-20
203926,Doug McDermott,1610612754,IND,F,28.0,69,69,1.0,3.45,7.42,0.465,0.451,0.014,2019-20
1628470,Torrey Craig,1610612743,DEN,F,29.0,56,56,1.0,3.52,7.41,0.475,0.469,0.006,2019-20
203079,Dion Waiters,1610612747,LAL,G,28.0,10,10,1.0,3.4,7.4,0.459,0.44,0.019,2019-20
1629162,Jordan McLaughlin,1610612750,MIN,G,24.0,30,30,1.0,3.53,7.37,0.48,0.448,0.031,2019-20
1628981,Bruno Fernando,1610612737,ATL,F-C,21.0,55,55,1.0,3.38,7.33,0.462,0.475,-0.013,2019-20
203895,Jordan McRae,1610612765,DET,G,29.0,37,37,1.0,3.16,7.32,0.432,0.45,-0.019,2019-20
1629667,Jalen McDaniels,1610612766,CHA,F-C,22.0,16,16,1.0,3.69,7.31,0.504,0.455,0.05,2019-20
203488,Mike Muscala,1610612760,OKC,F-C,28.0,43,43,1.0,3.42,7.3,0.468,0.48,-0.011,2019-20
1628412,Frank Mason III,1610612749,MIL,G,26.0,7,7,1.0,2.57,7.29,0.353,0.438,-0.085,2019-20
1629661,Cameron Johnson,1610612756,PHX,F,24.0,56,56,1.0,3.64,7.29,0.5,0.452,0.048,2019-20
1629635,Sekou Doumbouya,1610612765,DET,F,19.0,35,35,1.0,3.83,7.29,0.525,0.475,0.05,2019-20
1628385,Harry Giles III,1610612758,SAC,F-C,22.0,44,44,1.0,4.11,7.25,0.567,0.485,0.082,2019-20
203487,Michael Carter-Williams,1610612753,ORL,G,28.0,45,45,1.0,3.44,7.24,0.475,0.454,0.022,2019-20
1628373,Frank Ntilikina,1610612752,NYK,G,21.0,56,56,1.0,3.68,7.21,0.51,0.453,0.057,2019-20
1627788,Furkan Korkmaz,1610612755,PHI,G-F,22.0,71,71,1.0,3.37,7.2,0.468,0.449,0.019,2019-20
203124,Kyle O'Quinn,1610612755,PHI,C-F,30.0,26,26,1.0,3.42,7.19,0.476,0.468,0.008,2019-20
201988,Patty Mills,1610612759,SAS,G,31.0,65,65,1.0,2.97,7.17,0.414,0.447,-0.033,2019-20
1627780,Gary Payton II,1610612764,WAS,G,27.0,25,25,1.0,3.56,7.16,0.497,0.452,0.045,2019-20
1629655,Daniel Gafford,1610612741,CHI,F-C,21.0,40,40,1.0,3.55,7.15,0.497,0.503,-0.006,2019-20
1627761,DeAndre' Bembry,1610612737,ATL,G-F,25.0,42,42,1.0,3.52,7.14,0.493,0.453,0.04,2019-20
1628411,Wes Iwundu,1610612753,ORL,F,25.0,51,51,1.0,3.14,7.12,0.441,0.455,-0.014,2019-20
1628960,Grayson Allen,1610612763,MEM,G,24.0,37,37,1.0,3.27,7.08,0.462,0.45,0.012,2019-20
1626209,Mario Hezonja,1610612757,POR,F-G,25.0,52,52,1.0,3.13,7.06,0.444,0.461,-0.017,2019-20
1628367,Josh Jackson,1610612763,MEM,G-F,23.0,20,20,1.0,3.4,7.05,0.482,0.449,0.033,2019-20
200755,JJ Redick,1610612740,NOP,G,36.0,60,60,1.0,3.65,7.05,0.518,0.453,0.064,2019-20
1628370,Malik Monk,1610612766,CHA,G,22.0,54,54,1.0,3.39,7.04,0.482,0.45,0.031,2019-20
201229,Anthony Tolliver,1610612763,MEM,F,35.0,51,51,1.0,3.12,7.04,0.443,0.472,-0.029,2019-20
203658,Norvel Pelle,1610612755,PHI,F,27.0,20,20,1.0,3.8,7.0,0.543,0.49,0.052,2019-20
201149,Joakim Noah,1610612746,LAC,F-C,35.0,5,5,1.0,2.6,7.0,0.371,0.416,-0.044,2019-20
1628414,Sindarius Thornwell,1610612740,NOP,G,25.0,2,2,1.0,3.0,7.0,0.429,0.443,-0.015,2019-20
1626195,Willy Hernangomez,1610612766,CHA,C-F,26.0,29,29,1.0,3.41,6.93,0.493,0.47,0.022,2019-20
1629057,Robert Williams III,1610612738,BOS,C-F,22.0,28,28,1.0,2.86,6.93,0.412,0.475,-0.063,2019-20
1629018,Gary Trent Jr.,1610612757,POR,G-F,21.0,59,59,1.0,3.17,6.9,0.459,0.449,0.011,2019-20
1628973,Jalen Brunson,1610612742,DAL,G,23.0,55,55,1.0,3.35,6.87,0.487,0.445,0.042,2019-20
202954,Brad Wanamaker,1610612738,BOS,G,30.0,69,69,1.0,3.22,6.86,0.469,0.451,0.018,2019-20
1629010,Jerome Robinson,1610612764,WAS,G,23.0,56,56,1.0,3.13,6.84,0.457,0.449,0.008,2019-20
1628977,Hamidou Diallo,1610612760,OKC,G,21.0,46,46,1.0,2.76,6.83,0.404,0.453,-0.049,2019-20
203493,Reggie Bullock Jr.,1610612752,NYK,G-F,29.0,29,29,1.0,3.52,6.79,0.518,0.455,0.062,2019-20
1627736,Malik Beasley,1610612750,MIN,G,23.0,54,54,1.0,3.5,6.76,0.518,0.445,0.073,2019-20
203524,Solomon Hill,1610612748,MIA,F,29.0,58,58,1.0,3.31,6.71,0.494,0.458,0.035,2019-20
203943,Noah Vonleh,1610612743,DEN,F,24.0,32,32,1.0,2.97,6.66,0.446,0.474,-0.028,2019-20
1629673,Jordan Poole,1610612744,GSW,G,21.0,56,56,1.0,3.2,6.64,0.481,0.453,0.028,2019-20
204020,Tyler Johnson,1610612751,BKN,G,28.0,37,37,1.0,2.92,6.62,0.441,0.448,-0.007,2019-20
1629008,Michael Porter Jr.,1610612743,DEN,F,22.0,54,54,1.0,3.26,6.57,0.496,0.466,0.03,2019-20
1628372,Dennis Smith Jr.,1610612752,NYK,G,22.0,34,34,1.0,3.24,6.56,0.493,0.453,0.041,2019-20
1629056,Terence Davis,1610612761,TOR,G,23.0,69,69,1.0,2.68,6.55,0.409,0.448,-0.039,2019-20
1626203,Treveon Graham,1610612737,ATL,G-F,26.0,51,51,1.0,3.0,6.49,0.462,0.454,0.008,2019-20
101141,Ersan Ilyasova,1610612749,MIL,F,33.0,62,62,1.0,2.58,6.47,0.399,0.453,-0.054,2019-20
202334,Ed Davis,1610612762,UTA,C-F,31.0,28,28,1.0,3.11,6.46,0.481,0.469,0.012,2019-20
204456,T.J. McConnell,1610612754,IND,G,28.0,71,71,1.0,3.08,6.45,0.478,0.447,0.031,2019-20
1629109,Gary Clark,1610612753,ORL,F,25.0,38,38,1.0,2.79,6.37,0.438,0.457,-0.019,2019-20
1628966,Keita Bates-Diop,1610612743,DEN,F,24.0,43,43,1.0,3.12,6.37,0.489,0.458,0.031,2019-20
1628980,Jacob Evans,1610612750,MIN,G-F,23.0,29,29,1.0,3.1,6.34,0.489,0.454,0.035,2019-20
1629066,Rodions Kurucs,1610612751,BKN,F,22.0,45,45,1.0,2.67,6.31,0.423,0.458,-0.035,2019-20
203960,JaKarr Sampson,1610612754,IND,F,27.0,33,33,1.0,2.79,6.3,0.442,0.455,-0.012,2019-20
1629003,Shake Milton,1610612755,PHI,G-F,23.0,36,36,1.0,2.92,6.25,0.467,0.449,0.017,2019-20
1626145,Tyus Jones,1610612763,MEM,G,24.0,65,65,1.0,2.77,6.23,0.444,0.444,0.001,2019-20
1627885,Shaquille Harrison,1610612741,CHI,G,26.0,32,32,1.0,2.66,6.19,0.429,0.446,-0.017,2019-20
1629004,Svi Mykhailiuk,1610612765,DET,G-F,23.0,54,54,1.0,3.15,6.19,0.509,0.444,0.065,2019-20
200765,Rajon Rondo,1610612747,LAL,G,34.0,48,48,1.0,2.92,6.19,0.471,0.461,0.01,2019-20
1626172,Kevon Looney,1610612744,GSW,F,24.0,20,20,1.0,2.6,6.15,0.423,0.458,-0.036,2019-20
1627756,Denzel Valentine,1610612741,CHI,G,26.0,32,32,1.0,2.91,6.13,0.474,0.452,0.022,2019-20
1628995,Kevin Knox II,1610612752,NYK,F,20.0,65,65,1.0,2.82,6.12,0.46,0.449,0.01,2019-20
1629185,Chris Chiozza,1610612751,BKN,G,24.0,27,27,1.0,2.56,6.11,0.418,0.434,-0.016,2019-20
1628407,Dwayne Bacon,1610612766,CHA,G-F,24.0,36,36,1.0,2.64,6.06,0.436,0.455,-0.019,2019-20
1629022,Lonnie Walker IV,1610612759,SAS,G-F,21.0,56,56,1.0,2.71,6.05,0.448,0.456,-0.007,2019-20
1628403,Caleb Swanigan,1610612757,POR,F,23.0,24,24,1.0,3.0,6.0,0.5,0.484,0.016,2019-20
1629147,Joe Chealey,1610612766,CHA,G,24.0,1,1,1.0,3.0,6.0,0.5,0.402,0.098,2019-20
1629671,Miye Oni,1610612762,UTA,G-F,22.0,8,8,1.0,3.13,6.0,0.521,0.462,0.059,2019-20
1628420,Monte Morris,1610612743,DEN,G,25.0,73,73,1.0,2.74,5.97,0.459,0.45,0.008,2019-20
202323,Evan Turner,1610612750,MIN,G-F,31.0,19,19,1.0,2.21,5.95,0.372,0.451,-0.079,2019-20
1626246,Boban Marjanovic,1610612742,DAL,C,31.0,40,40,1.0,2.9,5.93,0.489,0.486,0.003,2019-20
203516,James Ennis III,1610612753,ORL,F,29.0,68,68,1.0,2.84,5.87,0.484,0.449,0.034,2019-20
1629103,Kelan Martin,1610612750,MIN,F,24.0,30,30,1.0,2.6,5.87,0.443,0.46,-0.017,2019-20
203526,Raul Neto,1610612755,PHI,G,28.0,49,49,1.0,2.67,5.86,0.456,0.44,0.017,2019-20
1628422,Damyean Dotson,1610612752,NYK,G,26.0,46,46,1.0,2.7,5.85,0.461,0.446,0.015,2019-20
1628425,Sterling Brown,1610612749,MIL,G-F,25.0,50,50,1.0,2.5,5.84,0.428,0.454,-0.026,2019-20
2747,JR Smith,1610612747,LAL,G,34.0,6,6,1.0,2.17,5.83,0.371,0.431,-0.059,2019-20
1629151,Ryan Broekhoff,1610612755,PHI,G-F,29.0,11,11,1.0,2.36,5.82,0.406,0.46,-0.053,2019-20
101139,CJ Miles,1610612764,WAS,G,33.0,10,10,1.0,2.8,5.8,0.483,0.462,0.021,2019-20
1628021,David Nwaba,1610612745,HOU,G-F,27.0,20,20,1.0,2.45,5.8,0.422,0.453,-0.031,2019-20
1629346,Alen Smailagic,1610612744,GSW,F,19.0,14,14,1.0,3.0,5.79,0.519,0.472,0.047,2019-20
2594,Kyle Korver,1610612749,MIL,G-F,39.0,56,56,1.0,2.41,5.79,0.417,0.445,-0.028,2019-20
1627790,Ante Zizic,1610612739,CLE,C,23.0,21,21,1.0,2.86,5.76,0.496,0.475,0.021,2019-20
203585,Rodney McGruder,1610612746,LAC,G,28.0,51,51,1.0,2.49,5.73,0.435,0.445,-0.01,2019-20
1627846,Abdel Nader,1610612760,OKC,F,26.0,52,52,1.0,2.35,5.73,0.409,0.443,-0.034,2019-20
202688,Brandon Knight,1610612765,DET,G,28.0,24,24,1.0,3.29,5.71,0.577,0.463,0.114,2019-20
203460,Andre Roberson,1610612760,OKC,G-F,28.0,7,7,1.0,2.86,5.71,0.5,0.446,0.054,2019-20
1628975,Jevon Carter,1610612756,PHX,G,24.0,56,56,1.0,2.55,5.7,0.448,0.444,0.005,2019-20
203521,Matthew Dellavedova,1610612739,CLE,G,29.0,54,54,1.0,2.69,5.69,0.472,0.456,0.016,2019-20
1629216,Gabe Vincent,1610612748,MIA,G,24.0,5,5,1.0,2.4,5.6,0.429,0.413,0.016,2019-20
1629642,Nassir Little,1610612757,POR,F-G,20.0,44,44,1.0,2.59,5.59,0.463,0.459,0.005,2019-20
202335,Patrick Patterson,1610612746,LAC,F,31.0,54,54,1.0,2.39,5.57,0.429,0.454,-0.026,2019-20
1627767,Cheick Diallo,1610612756,PHX,F-C,23.0,44,44,1.0,2.55,5.55,0.459,0.468,-0.009,2019-20
204025,Tim Frazier,1610612765,DET,G,29.0,24,24,1.0,2.79,5.54,0.504,0.447,0.056,2019-20
1629610,DaQuan Jeffries,1610612758,SAC,G-F,22.0,10,10,1.0,2.3,5.5,0.418,0.44,-0.022,2019-20
202951,Jeremy Pargo,1610612744,GSW,G,34.0,2,2,1.0,3.5,5.5,0.636,0.428,0.208,2019-20
1629638,Nickeil Alexander-Walker,1610612740,NOP,G,21.0,44,44,1.0,2.8,5.5,0.508,0.448,0.06,2019-20
202734,E'Twaun Moore,1610612740,NOP,G,31.0,54,54,1.0,2.63,5.46,0.481,0.451,0.03,2019-20
1629678,Admiral Schofield,1610612764,WAS,G-F,23.0,24,24,1.0,2.58,5.46,0.473,0.453,0.02,2019-20
1628382,Justin Jackson,1610612742,DAL,F,25.0,64,64,1.0,2.31,5.45,0.424,0.445,-0.021,2019-20
1629660,Ty Jerome,1610612756,PHX,G-F,22.0,27,27,1.0,2.93,5.44,0.537,0.442,0.095,2019-20
1629735,Chris Silva,1610612748,MIA,F,23.0,32,32,1.0,3.03,5.44,0.557,0.481,0.077,2019-20
1629714,Jarrell Brantley,1610612762,UTA,F,24.0,7,7,1.0,2.86,5.43,0.526,0.475,0.051,2019-20
1629048,Goga Bitadze,1610612754,IND,C-F,20.0,53,53,1.0,2.21,5.38,0.411,0.465,-0.055,2019-20
1629725,Jeremiah Martin,1610612751,BKN,G,24.0,8,8,1.0,2.5,5.38,0.465,0.443,0.022,2019-20
201960,DeMarre Carroll,1610612745,HOU,F,33.0,23,23,1.0,2.17,5.35,0.407,0.439,-0.032,2019-20
1629059,Elie Okobo,1610612756,PHX,F-G,22.0,48,48,1.0,2.81,5.35,0.525,0.448,0.077,2019-20
1626144,Emmanuel Mudiay,1610612762,UTA,G,24.0,51,51,1.0,2.45,5.35,0.458,0.446,0.012,2019-20
1628400,Semi Ojeleye,1610612738,BOS,F,25.0,67,67,1.0,2.3,5.34,0.43,0.457,-0.027,2019-20
1628513,Naz Mitrou-Long,1610612754,IND,G,26.0,3,3,1.0,2.0,5.33,0.375,0.411,-0.036,2019-20
1628408,PJ Dozier,1610612743,DEN,G-F,23.0,26,26,1.0,2.5,5.27,0.474,0.454,0.02,2019-20
1629597,Zylan Cheatham,1610612740,NOP,F,24.0,4,4,1.0,2.5,5.25,0.476,0.451,0.025,2019-20
201584,Courtney Lee,1610612742,DAL,G,34.0,21,21,1.0,2.57,5.24,0.491,0.451,0.04,2019-20
1626188,Quinn Cook,1610612747,LAL,G,27.0,38,38,1.0,2.55,5.24,0.487,0.451,0.036,2019-20
1629164,Brandon Goodwin,1610612737,ATL,G,24.0,32,32,1.0,2.44,5.22,0.467,0.452,0.015,2019-20
1628391,D.J. Wilson,1610612749,MIL,F,24.0,35,35,1.0,1.94,5.2,0.374,0.447,-0.074,2019-20
203077,Michael Kidd-Gilchrist,1610612742,DAL,F,26.0,23,23,1.0,2.26,5.17,0.437,0.452,-0.016,2019-20
1626170,Jerian Grant,1610612764,WAS,G,27.0,6,6,1.0,3.0,5.17,0.581,0.42,0.16,2019-20
203957,Dante Exum,1610612739,CLE,G,24.0,33,33,1.0,2.27,5.15,0.441,0.442,-0.001,2019-20
1627853,Ryan Arcidiacono,1610612741,CHI,G,26.0,56,56,1.0,2.45,5.13,0.477,0.446,0.031,2019-20
201961,Wayne Ellington,1610612752,NYK,G,32.0,34,34,1.0,2.21,5.06,0.436,0.444,-0.007,2019-20
1629019,Allonzo Trier,1610612752,NYK,G,24.0,19,19,1.0,2.63,5.05,0.521,0.441,0.08,2019-20
2617,Udonis Haslem,1610612748,MIA,F,40.0,4,4,1.0,3.25,5.0,0.65,0.499,0.151,2019-20
1629611,Terance Mann,1610612746,LAC,G-F,23.0,27,27,1.0,2.3,5.0,0.459,0.444,0.016,2019-20
1629742,Stanton Kidd,1610612762,UTA,F,28.0,2,2,1.0,1.0,5.0,0.2,0.402,-0.202,2019-20
1626187,Michael Frazier II,1610612745,HOU,G,26.0,11,11,1.0,3.09,5.0,0.618,0.443,0.175,2019-20
1629668,Zach Norvell Jr.,1610612744,GSW,G-F,22.0,3,3,1.0,3.67,5.0,0.733,0.446,0.287,2019-20
1628402,Frank Jackson,1610612740,NOP,G,22.0,54,54,1.0,2.31,4.96,0.466,0.448,0.019,2019-20
200757,Thabo Sefolosha,1610612745,HOU,F-G,36.0,40,40,1.0,2.38,4.93,0.482,0.456,0.026,2019-20
1628443,Kadeem Allen,1610612752,NYK,G,27.0,8,8,1.0,2.25,4.88,0.462,0.459,0.003,2019-20
201158,Marco Belinelli,1610612759,SAS,G,34.0,52,52,1.0,2.37,4.87,0.486,0.449,0.038,2019-20
200826,J.J. Barea,1610612742,DAL,G,36.0,28,28,1.0,2.5,4.86,0.515,0.444,0.071,2019-20
202697,Iman Shumpert,1610612751,BKN,G,30.0,13,13,1.0,1.85,4.85,0.381,0.43,-0.049,2019-20
203459,Allen Crabbe,1610612750,MIN,G-F,28.0,33,33,1.0,2.45,4.82,0.509,0.451,0.058,2019-20
203504,Trey Burke,1610612742,DAL,G,27.0,31,31,1.0,2.39,4.81,0.497,0.447,0.05,2019-20
1629033,Theo Pinson,1610612752,NYK,G-F,24.0,30,30,1.0,2.17,4.8,0.451,0.447,0.004,2019-20
2199,Tyson Chandler,1610612745,HOU,C,37.0,24,24,1.0,2.25,4.79,0.47,0.478,-0.008,2019-20
1628388,T.J. Leaf,1610612754,IND,F,23.0,24,24,1.0,2.46,4.79,0.513,0.452,0.061,2019-20
1713,Vince Carter,1610612737,ATL,G-F,43.0,58,58,1.0,1.86,4.78,0.39,0.461,-0.071,2019-20
1627777,Georges Niang,1610612762,UTA,F,27.0,65,65,1.0,2.43,4.75,0.511,0.445,0.067,2019-20
1629663,Louis King,1610612765,DET,F,21.0,4,4,1.0,2.5,4.75,0.526,0.478,0.048,2019-20
1629738,Vincent Poirier,1610612738,BOS,C-F,26.0,19,19,1.0,1.79,4.68,0.382,0.475,-0.093,2019-20
203998,Bruno Caboclo,1610612745,HOU,F,24.0,27,27,1.0,2.04,4.63,0.44,0.465,-0.025,2019-20
203118,Mike Scott,1610612755,PHI,F,31.0,64,64,1.0,2.02,4.59,0.439,0.46,-0.022,2019-20
1628395,Jordan Bell,1610612739,CLE,F,25.0,26,26,1.0,2.15,4.58,0.471,0.473,-0.002,2019-20
1629168,BJ Johnson,1610612753,ORL,F,24.0,7,7,1.0,2.29,4.57,0.5,0.475,0.025,2019-20
1629641,Romeo Langford,1610612738,BOS,G-F,20.0,25,25,1.0,1.68,4.52,0.372,0.439,-0.067,2019-20
1629713,Justin James,1610612758,SAC,G-F,23.0,20,20,1.0,1.65,4.5,0.367,0.426,-0.059,2019-20
1627982,Josh Gray,1610612740,NOP,G,26.0,2,2,1.0,2.0,4.5,0.444,0.433,0.011,2019-20
201162,Jared Dudley,1610612747,LAL,F,34.0,37,37,1.0,1.97,4.46,0.442,0.455,-0.012,2019-20
1629058,Dzanan Musa,1610612751,BKN,G-F,21.0,37,37,1.0,1.81,4.46,0.406,0.444,-0.038,2019-20
1628410,Edmond Sumner,1610612754,IND,G,24.0,29,29,1.0,1.83,4.45,0.411,0.447,-0.037,2019-20
1629598,Chris Clemons,1610612745,HOU,G,22.0,29,29,1.0,1.79,4.41,0.406,0.444,-0.037,2019-20
1629726,Garrison Mathews,1610612764,WAS,G,23.0,17,17,1.0,1.88,4.41,0.427,0.449,-0.022,2019-20
1629723,John Konchar,1610612763,MEM,G,24.0,18,18,1.0,1.61,4.39,0.367,0.422,-0.055,2019-20
1628035,Alfonzo McKinnie,1610612739,CLE,F,27.0,38,38,1.0,2.29,4.39,0.521,0.461,0.06,2019-20
202498,Lance Thomas,1610612751,BKN,F,32.0,6,6,1.0,2.5,4.33,0.577,0.475,0.102,2019-20
1629662,Mfiondu Kabengele,1610612746,LAC,F-C,22.0,10,10,1.0,2.1,4.3,0.488,0.434,0.054,2019-20
1629002,Chimezie Metu,1610612759,SAS,F-C,23.0,15,15,1.0,2.0,4.27,0.469,0.448,0.021,2019-20
1626147,Justin Anderson,1610612751,BKN,F-G,26.0,9,9,1.0,1.67,4.22,0.395,0.458,-0.063,2019-20
203584,Troy Daniels,1610612743,DEN,G,28.0,41,41,1.0,1.73,4.22,0.41,0.436,-0.025,2019-20
1629744,Matt Thomas,1610612761,TOR,G,25.0,36,36,1.0,1.67,4.11,0.405,0.44,-0.034,2019-20
1629741,Marko Guduric,1610612763,MEM,G,25.0,39,39,1.0,2.05,4.05,0.506,0.451,0.056,2019-20
1629126,Deonte Burton,1610612760,OKC,G-F,26.0,32,32,1.0,2.0,4.0,0.5,0.448,0.052,2019-20
201601,Luc Mbah a Moute,1610612745,HOU,F,33.0,3,3,1.0,2.33,4.0,0.583,0.457,0.126,2019-20
1629665,Jalen Lecque,1610612756,PHX,G,20.0,3,3,1.0,1.33,4.0,0.333,0.418,-0.085,2019-20
1629605,Tacko Fall,1610612738,BOS,C,24.0,4,4,1.0,2.0,4.0,0.5,0.474,0.026,2019-20
1629625,Justin Wright-Foreman,1610612762,UTA,G,22.0,3,3,1.0,2.67,4.0,0.667,0.433,0.233,2019-20
1629734,Kyle Alexander,1610612748,MIA,F-C,23.0,2,2,1.0,2.0,4.0,0.5,0.429,0.071,2019-20
1628476,Derrick Walton Jr.,1610612765,DET,G,25.0,22,22,1.0,1.86,3.95,0.471,0.439,0.033,2019-20
1629140,Johnathan Williams,1610612764,WAS,F,25.0,13,13,1.0,1.85,3.92,0.471,0.467,0.004,2019-20
1629750,Javonte Green,1610612738,BOS,G-F,26.0,41,41,1.0,1.56,3.9,0.4,0.449,-0.049,2019-20
1629682,Tremont Waters,1610612738,BOS,G,22.0,10,10,1.0,1.5,3.9,0.385,0.434,-0.05,2019-20
1629117,Wenyen Gabriel,1610612757,POR,F,23.0,22,22,1.0,1.82,3.86,0.471,0.461,0.01,2019-20
1628413,Jonah Bolden,1610612756,PHX,F,24.0,6,6,1.0,2.0,3.83,0.522,0.43,0.092,2019-20
1628778,Paul Watson,1610612761,TOR,G,25.0,5,5,1.0,1.8,3.8,0.474,0.428,0.046,2019-20
1629690,Adam Mokoka,1610612741,CHI,G,21.0,10,10,1.0,1.5,3.8,0.395,0.44,-0.045,2019-20
1629669,Jaylen Nowell,1610612750,MIN,G,20.0,12,12,1.0,1.67,3.75,0.444,0.448,-0.004,2019-20
1629599,Amir Coffey,1610612746,LAC,G-F,23.0,13,13,1.0,1.46,3.69,0.396,0.417,-0.022,2019-20
1626184,Chasson Randle,1610612744,GSW,G,27.0,3,3,1.0,2.67,3.67,0.727,0.478,0.249,2019-20
1627820,Tyrone Wallace,1610612737,ATL,G,26.0,12,12,1.0,1.75,3.67,0.477,0.44,0.038,2019-20
1629683,Quinndary Weatherspoon,1610612759,SAS,G,23.0,9,9,1.0,2.11,3.56,0.594,0.461,0.133,2019-20
1629752,Juwan Morgan,1610612762,UTA,F,23.0,17,17,1.0,1.35,3.53,0.383,0.463,-0.079,2019-20
1627812,Yogi Ferrell,1610612758,SAC,G,27.0,42,42,1.0,1.76,3.5,0.503,0.429,0.074,2019-20
1628987,Kevin Hervey,1610612760,OKC,F,23.0,7,7,1.0,1.29,3.43,0.375,0.471,-0.096,2019-20
1629730,Rayjon Tucker,1610612762,UTA,G,22.0,16,16,1.0,1.88,3.38,0.556,0.437,0.119,2019-20
1629745,Tariq Owens,1610612756,PHX,F,25.0,3,3,1.0,2.0,3.33,0.6,0.501,0.099,2019-20
1629052,Oshae Brissett,1610612761,TOR,F-G,22.0,13,13,1.0,0.92,3.31,0.279,0.427,-0.148,2019-20
1629035,Carsen Edwards,1610612738,BOS,G,22.0,34,34,1.0,1.35,3.26,0.414,0.43,-0.016,2019-20
1628383,Justin Patton,1610612765,DET,C,23.0,5,5,1.0,1.8,3.2,0.563,0.439,0.124,2019-20
1627784,Jarrod Uthoff,1610612764,WAS,F,27.0,6,6,1.0,1.83,3.17,0.579,0.48,0.099,2019-20
203648,Thanasis Antetokounmpo,1610612749,MIL,F,27.0,15,15,1.0,1.47,3.13,0.468,0.441,0.027,2019-20
1628982,Melvin Frazier Jr.,1610612753,ORL,G-F,23.0,12,12,1.0,1.33,3.08,0.432,0.444,-0.011,2019-20
1626169,Stanley Johnson,1610612761,TOR,F-G,24.0,23,23,1.0,1.13,3.04,0.371,0.459,-0.088,2019-20
1629729,Josh Reaves,1610612742,DAL,G-F,23.0,2,2,1.0,2.0,3.0,0.667,0.43,0.237,2019-20
1629015,Zhaire Smith,1610612755,PHI,G,21.0,4,4,1.0,2.0,3.0,0.667,0.462,0.205,2019-20
203092,Tyler Zeller,1610612759,SAS,F-C,30.0,1,1,1.0,1.0,3.0,0.333,0.472,-0.139,2019-20
1628405,Johnathan Motley,1610612746,LAC,F,25.0,7,7,1.0,1.29,3.0,0.429,0.44,-0.011,2019-20
1629650,Moses Brown,1610612757,POR,C,20.0,7,7,1.0,1.71,3.0,0.571,0.45,0.122,2019-20
1629044,Shamorie Ponds,1610612761,TOR,G,22.0,1,1,1.0,3.0,3.0,1.0,0.481,0.519,2019-20
1629739,William Howard,1610612745,HOU,F-G,26.0,1,1,1.0,2.0,3.0,0.667,0.512,0.154,2019-20
1626259,Malcolm Miller,1610612761,TOR,G-F,27.0,20,20,1.0,1.1,2.9,0.379,0.42,-0.04,2019-20
1628985,Devon Hall,1610612760,OKC,G,24.0,7,7,1.0,1.86,2.86,0.65,0.418,0.232,2019-20
1629724,Vic Law,1610612753,ORL,F,24.0,6,6,1.0,1.5,2.83,0.529,0.44,0.09,2019-20
1628430,Nigel Williams-Goss,1610612762,UTA,G,25.0,6,6,1.0,1.17,2.83,0.412,0.46,-0.048,2019-20
1629658,Jaylen Hoard,1610612757,POR,F,21.0,10,10,1.0,1.5,2.8,0.536,0.448,0.088,2019-20
1629076,Tyler Cook,1610612743,DEN,F,22.0,8,8,1.0,1.38,2.75,0.5,0.462,0.038,2019-20
1629731,Dean Wade,1610612739,CLE,F-C,23.0,11,11,1.0,1.09,2.73,0.4,0.479,-0.079,2019-20
1629621,Marial Shayok,1610612755,PHI,G-F,24.0,3,3,1.0,0.67,2.67,0.25,0.476,-0.226,2019-20
1628993,Alize Johnson,1610612754,IND,F,24.0,13,13,1.0,0.85,2.62,0.324,0.425,-0.102,2019-20
1629133,Daryl Macon,1610612748,MIA,G,24.0,2,2,1.0,0.5,2.5,0.2,0.407,-0.207,2019-20
201147,Corey Brewer,1610612758,SAC,G-F,34.0,4,4,1.0,1.25,2.5,0.5,0.431,0.069,2019-20
1628605,Dusty Hannahs,1610612763,MEM,G,26.0,2,2,1.0,1.0,2.5,0.4,0.421,-0.021,2019-20
1629139,Yuta Watanabe,1610612763,MEM,G-F,25.0,14,14,1.0,1.21,2.43,0.5,0.427,0.073,2019-20
1629718,Charlie Brown Jr.,1610612737,ATL,G,23.0,7,7,1.0,1.14,2.43,0.471,0.437,0.033,2019-20
1628518,Amile Jefferson,1610612753,ORL,F,27.0,12,12,1.0,0.67,2.42,0.276,0.471,-0.195,2019-20
202718,Chandler Parsons,1610612737,ATL,F,31.0,5,5,1.0,1.4,2.4,0.583,0.436,0.147,2019-20
1629760,Matt Mooney,1610612739,CLE,G,25.0,3,3,1.0,0.67,2.33,0.286,0.44,-0.154,2019-20
1629017,Khyri Thomas,1610612765,DET,G,24.0,6,6,1.0,1.33,2.33,0.571,0.47,0.102,2019-20
1629608,Dewan Hernandez,1610612761,TOR,C-F,23.0,6,6,1.0,0.83,2.33,0.357,0.464,-0.107,2019-20
1629644,KZ Okpala,1610612748,MIA,F-G,21.0,4,4,1.0,0.75,2.25,0.333,0.434,-0.101,2019-20
1628961,Kostas Antetokounmpo,1610612747,LAL,F,22.0,4,4,1.0,1.0,2.25,0.444,0.472,-0.028,2019-20
1628427,Vlatko Cancar,1610612743,DEN,F,23.0,9,9,1.0,0.89,2.22,0.4,0.442,-0.042,2019-20
203705,Josh Magette,1610612753,ORL,G,30.0,5,5,1.0,0.8,2.2,0.364,0.454,-0.09,2019-20
1628499,Antonius Cleveland,1610612742,DAL,G,26.0,6,6,1.0,1.0,2.17,0.462,0.484,-0.022,2019-20
1629620,Justin Robinson,1610612764,WAS,G,22.0,6,6,1.0,1.0,2.17,0.462,0.415,0.047,2019-20
1629649,Ignas Brazdeikis,1610612752,NYK,F,21.0,7,7,1.0,0.86,2.14,0.4,0.419,-0.019,2019-20
1629020,Jarred Vanderbilt,1610612750,MIN,F,21.0,9,9,1.0,0.89,2.11,0.421,0.488,-0.067,2019-20
1629657,Kyle Guy,1610612758,SAC,G,22.0,2,2,1.0,1.0,2.0,0.5,0.456,0.044,2019-20
1629676,Isaiah Roby,1610612760,OKC,F,22.0,3,3,1.0,0.67,2.0,0.333,0.451,-0.117,2019-20
1628968,Brian Bowen II,1610612754,IND,F-G,21.0,5,5,1.0,0.8,2.0,0.4,0.464,-0.064,2019-20
201583,Ryan Anderson,1610612745,HOU,F,32.0,2,2,1.0,1.0,2.0,0.5,0.456,0.044,2019-20
1629005,Malik Newman,1610612739,CLE,G,23.0,1,1,1.0,1.0,2.0,0.5,0.599,-0.099,2019-20
1629648,Jordan Bone,1610612765,DET,G,22.0,7,7,1.0,0.86,1.86,0.462,0.396,0.066,2019-20
1629622,Max Strus,1610612741,CHI,G-F,24.0,2,2,1.0,0.0,1.5,0.0,0.428,-0.428,2019-20
1627740,Henry Ellenson,1610612751,BKN,F-C,23.0,5,5,1.0,0.2,1.4,0.143,0.478,-0.335,2019-20
1629716,Marques Bolden,1610612739,CLE,C,22.0,1,1,1.0,0.0,1.0,0.0,0.367,-0.367,2019-20
2037,Jamal Crawford,1610612751,BKN,G,40.0,1,1,1.0,1.0,1.0,1.0,0.431,0.569,2019-20
203497,Rudy Gobert,1610612762,UTA,C,29.0,71,71,1.0,9.21,22.3,0.413,0.493,-0.079,2020-21
201572,Brook Lopez,1610612749,MIL,C,33.0,69,69,1.0,8.96,19.8,0.452,0.489,-0.036,2020-21
1627734,Domantas Sabonis,1610612754,IND,F-C,25.0,61,61,1.0,8.54,18.13,0.471,0.488,-0.017,2020-21
203999,Nikola Jokić,1610612743,DEN,C,26.0,71,71,1.0,8.82,18.0,0.49,0.492,-0.002,2020-21
1626167,Myles Turner,1610612754,IND,C-F,25.0,46,46,1.0,8.07,17.85,0.452,0.493,-0.041,2020-21
1626174,Christian Wood,1610612745,HOU,F,25.0,41,41,1.0,8.0,17.46,0.458,0.476,-0.018,2020-21
203954,Joel Embiid,1610612755,PHI,C-F,27.0,51,51,1.0,8.24,17.45,0.472,0.495,-0.023,2020-21
1627751,Jakob Poeltl,1610612759,SAS,C,25.0,69,69,1.0,7.77,17.29,0.449,0.486,-0.037,2020-21
1629028,Deandre Ayton,1610612756,PHX,C,22.0,67,67,1.0,7.97,17.1,0.466,0.483,-0.018,2020-21
202696,Nikola Vučević,1610612741,CHI,C,30.0,69,69,1.0,8.62,17.1,0.504,0.492,0.012,2020-21
202685,Jonas Valanciunas,1610612763,MEM,C,29.0,62,62,1.0,8.29,16.76,0.495,0.489,0.006,2020-21
204001,Kristaps Porziņģis,1610612742,DAL,F-C,25.0,43,43,1.0,7.98,16.56,0.482,0.484,-0.002,2020-21
1626157,Karl-Anthony Towns,1610612750,MIN,C-F,25.0,50,50,1.0,8.08,16.48,0.49,0.495,-0.005,2020-21
1628418,Thomas Bryant,1610612764,WAS,C-F,23.0,10,10,1.0,7.1,15.9,0.447,0.489,-0.043,2020-21
1627783,Pascal Siakam,1610612761,TOR,F,27.0,56,56,1.0,7.75,15.63,0.496,0.47,0.026,2020-21
203991,Clint Capela,1610612737,ATL,C,27.0,63,63,1.0,7.17,15.25,0.47,0.498,-0.027,2020-21
201143,Al Horford,1610612738,BOS,C-F,35.0,27,27,1.0,7.67,15.07,0.509,0.489,0.02,2020-21
202683,Enes Freedom,1610612757,POR,C,29.0,69,69,1.0,7.62,15.01,0.508,0.494,0.014,2020-21
1629647,Darius Bazley,1610612760,OKC,F-G,21.0,54,54,1.0,6.83,15.0,0.456,0.471,-0.016,2020-21
203482,Kelly Olynyk,1610612745,HOU,F-C,30.0,70,70,1.0,7.53,14.99,0.502,0.478,0.025,2020-21
1628386,Jarrett Allen,1610612739,CLE,C,23.0,63,63,1.0,6.95,14.97,0.464,0.493,-0.029,2020-21
203952,Andrew Wiggins,1610612744,GSW,F,26.0,70,70,1.0,6.61,14.94,0.443,0.466,-0.024,2020-21
1626158,Richaun Holmes,1610612758,SAC,F,27.0,60,60,1.0,6.88,14.93,0.461,0.491,-0.03,2020-21
203110,Draymond Green,1610612744,GSW,F,31.0,62,62,1.0,6.61,14.81,0.447,0.481,-0.034,2020-21
203944,Julius Randle,1610612752,NYK,F-C,26.0,70,70,1.0,6.5,14.71,0.442,0.478,-0.036,2020-21
203486,Mason Plumlee,1610612765,DET,F-C,31.0,56,56,1.0,8.0,14.7,0.544,0.506,0.039,2020-21
203496,Robert Covington,1610612757,POR,F,30.0,67,67,1.0,7.22,14.69,0.492,0.476,0.016,2020-21
200746,LaMarcus Aldridge,1610612751,BKN,C-F,35.0,26,26,1.0,6.88,14.69,0.469,0.477,-0.008,2020-21
1628368,De'Aaron Fox,1610612758,SAC,G,23.0,56,56,1.0,7.07,14.68,0.482,0.459,0.022,2020-21
1628983,Shai Gilgeous-Alexander,1610612760,OKC,G-F,22.0,34,34,1.0,7.03,14.68,0.479,0.459,0.02,2020-21
1629023,P.J. Washington,1610612766,CHA,F,22.0,63,63,1.0,7.38,14.62,0.505,0.479,0.026,2020-21
1627826,Ivica Zubac,1610612746,LAC,C,24.0,71,71,1.0,6.46,14.49,0.446,0.496,-0.05,2020-21
1627832,Fred VanVleet,1610612761,TOR,G,27.0,52,52,1.0,6.56,14.33,0.458,0.462,-0.004,2020-21
203500,Steven Adams,1610612740,NOP,C,27.0,56,56,1.0,6.77,14.32,0.473,0.494,-0.021,2020-21
1628976,Wendell Carter Jr.,1610612753,ORL,C-F,22.0,54,54,1.0,6.69,14.24,0.469,0.497,-0.028,2020-21
203076,Anthony Davis,1610612747,LAL,F-C,28.0,36,36,1.0,6.42,14.14,0.454,0.479,-0.025,2020-21
1628401,Derrick White,1610612759,SAS,G,26.0,36,36,1.0,6.56,14.03,0.467,0.464,0.003,2020-21
201586,Serge Ibaka,1610612746,LAC,F,31.0,41,41,1.0,6.68,14.0,0.477,0.492,-0.015,2020-21
1627741,Buddy Hield,1610612758,SAC,G,28.0,69,69,1.0,6.81,13.97,0.488,0.461,0.027,2020-21
1626220,Royce O'Neale,1610612762,UTA,F,28.0,71,71,1.0,6.89,13.93,0.494,0.471,0.024,2020-21
1629628,RJ Barrett,1610612752,NYK,F-G,21.0,71,71,1.0,5.96,13.86,0.43,0.457,-0.027,2020-21
1629627,Zion Williamson,1610612740,NOP,F,20.0,59,59,1.0,6.25,13.85,0.452,0.467,-0.015,2020-21
1628389,Bam Adebayo,1610612748,MIA,C-F,23.0,62,62,1.0,6.19,13.81,0.449,0.481,-0.033,2020-21
1629052,Oshae Brissett,1610612754,IND,F-G,23.0,20,20,1.0,6.85,13.8,0.496,0.472,0.024,2020-21
1626179,Terry Rozier,1610612766,CHA,G,27.0,68,68,1.0,6.51,13.62,0.478,0.458,0.02,2020-21
1628464,Daniel Theis,1610612741,CHI,F-C,29.0,65,65,1.0,6.45,13.55,0.476,0.483,-0.007,2020-21
203083,Andre Drummond,1610612747,LAL,C,27.0,46,46,1.0,7.02,13.54,0.518,0.496,0.022,2020-21
202689,Kemba Walker,1610612760,OKC,G,31.0,43,43,1.0,6.88,13.51,0.509,0.463,0.046,2020-21
201599,DeAndre Jordan,1610612751,BKN,C,32.0,57,57,1.0,6.07,13.44,0.452,0.494,-0.042,2020-21
1628467,Maxi Kleber,1610612742,DAL,F,29.0,50,50,1.0,6.0,13.38,0.448,0.477,-0.029,2020-21
1628449,Chris Boucher,1610612761,TOR,F-C,28.0,60,60,1.0,5.95,13.32,0.447,0.474,-0.027,2020-21
203506,Victor Oladipo,1610612748,MIA,G,29.0,31,31,1.0,6.06,13.32,0.455,0.461,-0.006,2020-21
1629650,Moses Brown,1610612738,BOS,C,21.0,41,41,1.0,6.63,13.27,0.5,0.483,0.017,2020-21
1628381,John Collins,1610612737,ATL,F-C,23.0,63,63,1.0,6.48,13.25,0.489,0.479,0.01,2020-21
201950,Jrue Holiday,1610612749,MIL,G,31.0,58,58,1.0,6.09,13.24,0.46,0.467,-0.007,2020-21
203468,CJ McCollum,1610612757,POR,G,29.0,46,46,1.0,6.22,13.24,0.47,0.451,0.019,2020-21
1628404,Josh Hart,1610612740,NOP,G,26.0,46,46,1.0,6.41,13.22,0.485,0.463,0.022,2020-21
200768,Kyle Lowry,1610612761,TOR,G,35.0,46,46,1.0,6.07,13.17,0.46,0.458,0.002,2020-21
203994,Jusuf Nurkić,1610612757,POR,C,26.0,36,36,1.0,6.31,13.17,0.479,0.495,-0.016,2020-21
201980,Danny Green,1610612755,PHI,G,34.0,69,69,1.0,5.87,13.13,0.447,0.46,-0.013,2020-21
1629029,Luka Dončić,1610612742,DAL,F-G,22.0,66,66,1.0,5.94,13.11,0.453,0.458,-0.005,2020-21
1630191,Isaiah Stewart,1610612765,DET,F-C,20.0,68,68,1.0,5.85,13.1,0.447,0.484,-0.037,2020-21
1630171,Isaac Okoro,1610612739,CLE,F-G,20.0,67,67,1.0,6.9,13.03,0.529,0.459,0.07,2020-21
1628415,Dillon Brooks,1610612763,MEM,G-F,25.0,67,67,1.0,6.16,13.0,0.474,0.46,0.014,2020-21
1627747,Caris LeVert,1610612754,IND,G,26.0,47,47,1.0,6.11,12.94,0.472,0.463,0.009,2020-21
202331,Paul George,1610612746,LAC,F,31.0,54,54,1.0,5.93,12.83,0.462,0.467,-0.006,2020-21
203992,Bogdan Bogdanović,1610612737,ATL,G,28.0,44,44,1.0,5.84,12.8,0.456,0.455,0.001,2020-21
1628366,Lonzo Ball,1610612740,NOP,G,23.0,53,53,1.0,6.02,12.72,0.473,0.458,0.016,2020-21
203078,Bradley Beal,1610612764,WAS,G,28.0,59,59,1.0,6.07,12.68,0.479,0.465,0.014,2020-21
1627763,Malcolm Brogdon,1610612754,IND,G,28.0,55,55,1.0,6.09,12.64,0.482,0.468,0.014,2020-21
1628970,Miles Bridges,1610612766,CHA,F,23.0,65,65,1.0,5.71,12.62,0.452,0.47,-0.018,2020-21
203200,Justin Holiday,1610612754,IND,F-G,32.0,71,71,1.0,5.49,12.61,0.436,0.465,-0.03,2020-21
1629652,Luguentz Dort,1610612760,OKC,G,22.0,51,51,1.0,5.76,12.61,0.457,0.464,-0.007,2020-21
1626164,Devin Booker,1610612756,PHX,G,24.0,65,65,1.0,5.85,12.57,0.465,0.462,0.003,2020-21
203471,Dennis Schröder,1610612747,LAL,G,27.0,61,61,1.0,6.23,12.56,0.496,0.465,0.031,2020-21
203897,Zach LaVine,1610612741,CHI,G-F,26.0,58,58,1.0,5.6,12.53,0.447,0.457,-0.01,2020-21
201935,James Harden,1610612751,BKN,G,31.0,44,44,1.0,5.8,12.52,0.463,0.468,-0.005,2020-21
1628969,Mikal Bridges,1610612756,PHX,F,24.0,69,69,1.0,6.2,12.51,0.496,0.468,0.028,2020-21
203095,Evan Fournier,1610612738,BOS,G-F,28.0,41,41,1.0,5.93,12.46,0.476,0.464,0.011,2020-21
201577,Robin Lopez,1610612764,WAS,C,33.0,70,70,1.0,5.97,12.44,0.48,0.491,-0.011,2020-21
203114,Khris Middleton,1610612749,MIL,F,29.0,67,67,1.0,5.9,12.4,0.475,0.461,0.014,2020-21
1629017,Khyri Thomas,1610612745,HOU,G,25.0,5,5,1.0,5.8,12.4,0.468,0.445,0.023,2020-21
1627750,Jamal Murray,1610612743,DEN,G,24.0,47,47,1.0,5.6,12.4,0.451,0.467,-0.015,2020-21
202339,Eric Bledsoe,1610612740,NOP,G,31.0,69,69,1.0,6.09,12.38,0.492,0.458,0.034,2020-21
1629631,De'Andre Hunter,1610612737,ATL,F-G,23.0,23,23,1.0,4.87,12.35,0.394,0.465,-0.071,2020-21
1629645,Kevin Porter Jr.,1610612745,HOU,G-F,21.0,26,26,1.0,6.42,12.35,0.52,0.475,0.046,2020-21
1629060,Rui Hachimura,1610612764,WAS,F,23.0,56,56,1.0,5.63,12.3,0.457,0.474,-0.017,2020-21
1627759,Jaylen Brown,1610612738,BOS,G-F,24.0,58,58,1.0,5.52,12.28,0.449,0.464,-0.014,2020-21
201933,Blake Griffin,1610612751,BKN,F,32.0,46,46,1.0,5.83,12.28,0.474,0.486,-0.012,2020-21
202699,Tobias Harris,1610612755,PHI,F,28.0,62,62,1.0,5.85,12.11,0.483,0.464,0.02,2020-21
1629011,Mitchell Robinson,1610612752,NYK,C-F,23.0,30,30,1.0,5.6,12.07,0.464,0.497,-0.033,2020-21
1629636,Darius Garland,1610612739,CLE,G,21.0,54,54,1.0,5.91,12.07,0.489,0.448,0.041,2020-21
1630164,James Wiseman,1610612744,GSW,C,20.0,38,38,1.0,5.63,12.0,0.469,0.493,-0.024,2020-21
2772,Trevor Ariza,1610612748,MIA,F,36.0,28,28,1.0,5.29,12.0,0.44,0.464,-0.023,2020-21
203081,Damian Lillard,1610612757,POR,G,30.0,64,64,1.0,5.63,11.95,0.471,0.454,0.016,2020-21
202710,Jimmy Butler III,1610612748,MIA,F,31.0,50,50,1.0,5.26,11.94,0.441,0.463,-0.022,2020-21
1626162,Kelly Oubre Jr.,1610612744,GSW,F-G,25.0,54,54,1.0,5.31,11.94,0.445,0.471,-0.026,2020-21
1628963,Marvin Bagley III,1610612758,SAC,F,22.0,42,42,1.0,6.17,11.9,0.518,0.476,0.042,2020-21
201142,Kevin Durant,1610612751,BKN,F,32.0,35,35,1.0,5.11,11.89,0.43,0.47,-0.039,2020-21
1626204,Larry Nance Jr.,1610612739,CLE,F-C,28.0,35,35,1.0,5.69,11.86,0.48,0.477,0.002,2020-21
1629134,Kendrick Nunn,1610612748,MIA,G,25.0,54,54,1.0,5.59,11.85,0.472,0.455,0.017,2020-21
201145,Jeff Green,1610612751,BKN,F,34.0,68,68,1.0,5.72,11.85,0.483,0.471,0.012,2020-21
1627732,Ben Simmons,1610612755,PHI,G-F,24.0,58,58,1.0,4.91,11.79,0.417,0.462,-0.045,2020-21
1629629,Cam Reddish,1610612737,ATL,F-G,21.0,26,26,1.0,6.0,11.77,0.51,0.464,0.046,2020-21
202684,Tristan Thompson,1610612738,BOS,C-F,30.0,54,54,1.0,5.74,11.74,0.489,0.485,0.004,2020-21
1628384,OG Anunoby,1610612761,TOR,F,23.0,43,43,1.0,5.07,11.7,0.433,0.473,-0.039,2020-21
1629008,Michael Porter Jr.,1610612743,DEN,F,23.0,60,60,1.0,5.45,11.62,0.469,0.47,-0.001,2020-21
1629130,Duncan Robinson,1610612748,MIA,F,27.0,70,70,1.0,5.61,11.6,0.484,0.459,0.025,2020-21
1627827,Dorian Finney-Smith,1610612742,DAL,F,28.0,60,60,1.0,5.03,11.58,0.435,0.461,-0.027,2020-21
1628374,Lauri Markkanen,1610612741,CHI,F-C,24.0,50,50,1.0,5.56,11.56,0.481,0.467,0.014,2020-21
1629632,Coby White,1610612741,CHI,G,21.0,69,69,1.0,5.78,11.55,0.501,0.458,0.043,2020-21
1629640,Keldon Johnson,1610612759,SAS,F-G,21.0,69,69,1.0,5.68,11.55,0.492,0.47,0.021,2020-21
1628989,Kevin Huerter,1610612737,ATL,G-F,22.0,69,69,1.0,5.12,11.55,0.443,0.456,-0.013,2020-21
1628991,Jaren Jackson Jr.,1610612763,MEM,F-C,21.0,11,11,1.0,6.45,11.55,0.559,0.485,0.074,2020-21
203084,Harrison Barnes,1610612758,SAC,F,29.0,56,56,1.0,5.61,11.52,0.487,0.481,0.006,2020-21
1627749,Dejounte Murray,1610612759,SAS,G,24.0,67,67,1.0,5.91,11.52,0.513,0.465,0.048,2020-21
203507,Giannis Antetokounmpo,1610612749,MIL,F,26.0,59,59,1.0,5.12,11.51,0.445,0.473,-0.028,2020-21
1628419,Cameron Oliver,1610612745,HOU,F,24.0,4,4,1.0,6.5,11.5,0.565,0.467,0.098,2020-21
1629012,Collin Sexton,1610612739,CLE,G,22.0,60,60,1.0,5.57,11.45,0.486,0.455,0.032,2020-21
1629675,Naz Reid,1610612750,MIN,C-F,21.0,69,69,1.0,5.61,11.41,0.492,0.485,0.006,2020-21
1630197,Aleksej Pokusevski,1610612760,OKC,C,19.0,44,44,1.0,5.66,11.39,0.497,0.457,0.04,2020-21
202322,John Wall,1610612745,HOU,G,30.0,40,40,1.0,5.38,11.38,0.473,0.463,0.009,2020-21
203457,Nerlens Noel,1610612752,NYK,C-F,27.0,63,63,1.0,5.33,11.38,0.469,0.493,-0.025,2020-21
202681,Kyrie Irving,1610612751,BKN,G,29.0,54,54,1.0,5.28,11.35,0.465,0.46,0.005,2020-21
203469,Cody Zeller,1610612766,CHA,F-C,28.0,47,47,1.0,5.43,11.32,0.479,0.488,-0.008,2020-21
1630162,Anthony Edwards,1610612750,MIN,G,19.0,71,71,1.0,5.49,11.32,0.485,0.456,0.029,2020-21
1629639,Tyler Herro,1610612748,MIA,G,21.0,52,52,1.0,5.15,11.29,0.457,0.451,0.005,2020-21
1626149,Montrezl Harrell,1610612747,LAL,F-C,27.0,68,68,1.0,5.34,11.29,0.473,0.483,-0.01,2020-21
201566,Russell Westbrook,1610612764,WAS,G,32.0,64,64,1.0,5.22,11.28,0.463,0.465,-0.003,2020-21
203920,Khem Birch,1610612761,TOR,C,28.0,66,66,1.0,5.21,11.26,0.463,0.476,-0.013,2020-21
201188,Marc Gasol,1610612747,LAL,C,36.0,52,52,1.0,5.38,11.23,0.479,0.488,-0.008,2020-21
202066,Garrett Temple,1610612741,CHI,G-F,35.0,56,56,1.0,5.0,11.23,0.445,0.457,-0.011,2020-21
1626171,Bobby Portis Jr.,1610612749,MIL,F,26.0,65,65,1.0,5.23,11.14,0.47,0.478,-0.009,2020-21
1628984,Devonte' Graham,1610612766,CHA,G,26.0,54,54,1.0,5.13,11.09,0.462,0.457,0.006,2020-21
1629630,Ja Morant,1610612763,MEM,G,21.0,63,63,1.0,5.44,11.08,0.491,0.462,0.029,2020-21
1626172,Kevon Looney,1610612744,GSW,F,25.0,60,60,1.0,5.38,11.08,0.486,0.485,0.001,2020-21
1626156,D'Angelo Russell,1610612750,MIN,G,25.0,41,41,1.0,5.29,11.07,0.478,0.458,0.02,2020-21
1626195,Willy Hernangomez,1610612740,NOP,C-F,27.0,44,44,1.0,5.8,10.98,0.528,0.495,0.033,2020-21
1628425,Sterling Brown,1610612745,HOU,G-F,26.0,51,51,1.0,5.59,10.98,0.509,0.461,0.048,2020-21
201152,Thaddeus Young,1610612741,CHI,F,33.0,68,68,1.0,5.35,10.96,0.489,0.476,0.013,2020-21
203493,Reggie Bullock Jr.,1610612752,NYK,G-F,30.0,64,64,1.0,5.13,10.95,0.468,0.462,0.006,2020-21
1630175,Cole Anthony,1610612753,ORL,G,21.0,45,45,1.0,5.64,10.91,0.517,0.453,0.065,2020-21
203937,Kyle Anderson,1610612763,MEM,F-G,27.0,69,69,1.0,4.9,10.88,0.45,0.462,-0.012,2020-21
1628978,Donte DiVincenzo,1610612749,MIL,G,24.0,65,65,1.0,5.14,10.88,0.472,0.461,0.011,2020-21
1630256,Jae'Sean Tate,1610612745,HOU,F,25.0,70,70,1.0,5.04,10.84,0.465,0.469,-0.003,2020-21
1629676,Isaiah Roby,1610612760,OKC,F,23.0,60,60,1.0,5.58,10.8,0.517,0.483,0.034,2020-21
1628383,Justin Patton,1610612745,HOU,C,24.0,13,13,1.0,5.85,10.77,0.543,0.486,0.057,2020-21
201144,Mike Conley,1610612762,UTA,G,33.0,51,51,1.0,4.69,10.75,0.436,0.449,-0.013,2020-21
1629651,Nic Claxton,1610612751,BKN,F-C,22.0,32,32,1.0,4.34,10.75,0.404,0.462,-0.058,2020-21
1629027,Trae Young,1610612737,ATL,G,22.0,63,63,1.0,5.22,10.73,0.487,0.453,0.033,2020-21
203901,Elfrid Payton,1610612752,NYK,G,27.0,61,61,1.0,4.89,10.72,0.456,0.456,-0.001,2020-21
1630166,Deni Avdija,1610612764,WAS,F,20.0,53,53,1.0,5.17,10.72,0.482,0.47,0.013,2020-21
202695,Kawhi Leonard,1610612746,LAC,F,30.0,52,52,1.0,5.25,10.71,0.49,0.47,0.02,2020-21
202687,Bismack Biyombo,1610612766,CHA,C,28.0,64,64,1.0,4.84,10.7,0.453,0.477,-0.025,2020-21
1630169,Tyrese Haliburton,1610612758,SAC,G,21.0,56,56,1.0,5.45,10.68,0.51,0.453,0.057,2020-21
203488,Mike Muscala,1610612760,OKC,F-C,29.0,34,34,1.0,4.62,10.68,0.433,0.479,-0.046,2020-21
201567,Kevin Love,1610612739,CLE,F-C,32.0,24,24,1.0,5.58,10.67,0.523,0.478,0.046,2020-21
1630183,Jaden McDaniels,1610612750,MIN,F,20.0,61,61,1.0,4.85,10.56,0.46,0.468,-0.009,2020-21
203501,Tim Hardaway Jr.,1610612742,DAL,G-F,29.0,70,70,1.0,4.74,10.44,0.454,0.454,0.0,2020-21
201587,Nicolas Batum,1610612746,LAC,G-F,32.0,67,67,1.0,4.93,10.43,0.472,0.471,0.001,2020-21
203487,Michael Carter-Williams,1610612753,ORL,G,29.0,31,31,1.0,4.45,10.42,0.427,0.468,-0.04,2020-21
202324,Derrick Favors,1610612762,UTA,F,29.0,68,68,1.0,5.18,10.41,0.497,0.492,0.005,2020-21
203925,Joe Harris,1610612751,BKN,G-F,29.0,69,69,1.0,4.83,10.39,0.464,0.456,0.008,2020-21
201568,Danilo Gallinari,1610612737,ATL,F,32.0,51,51,1.0,5.02,10.35,0.485,0.468,0.017,2020-21
1626192,Pat Connaughton,1610612749,MIL,G,28.0,68,68,1.0,4.78,10.34,0.462,0.455,0.007,2020-21
203935,Marcus Smart,1610612738,BOS,G,27.0,48,48,1.0,4.42,10.33,0.427,0.462,-0.034,2020-21
203115,Will Barton,1610612743,DEN,G,30.0,54,54,1.0,5.19,10.33,0.502,0.463,0.039,2020-21
1629308,Juan Toscano-Anderson,1610612744,GSW,F,28.0,51,51,1.0,4.94,10.29,0.48,0.468,0.012,2020-21
203924,Jerami Grant,1610612765,DET,F,27.0,54,54,1.0,4.8,10.19,0.471,0.476,-0.006,2020-21
202330,Gordon Hayward,1610612766,CHA,F,31.0,43,43,1.0,4.63,10.19,0.454,0.47,-0.015,2020-21
203932,Aaron Gordon,1610612743,DEN,F,25.0,49,49,1.0,4.65,10.14,0.459,0.471,-0.012,2020-21
1630172,Patrick Williams,1610612741,CHI,F,19.0,71,71,1.0,5.03,10.11,0.497,0.474,0.024,2020-21
203109,Jae Crowder,1610612756,PHX,F,30.0,58,58,1.0,4.28,10.09,0.424,0.466,-0.042,2020-21
203087,Jeremy Lamb,1610612754,IND,G-F,29.0,36,36,1.0,4.94,10.08,0.49,0.464,0.027,2020-21
1630165,Killian Hayes,1610612765,DET,G,19.0,26,26,1.0,4.69,10.08,0.466,0.447,0.019,2020-21
200782,P.J. Tucker,1610612749,MIL,F,36.0,52,52,1.0,4.96,10.06,0.493,0.475,0.019,2020-21
1630214,Xavier Tillman,1610612763,MEM,F,22.0,59,59,1.0,4.61,10.05,0.459,0.484,-0.026,2020-21
1628407,Dwayne Bacon,1610612753,ORL,G-F,25.0,70,70,1.0,4.64,10.04,0.462,0.46,0.003,2020-21
203382,Aron Baynes,1610612761,TOR,C-F,34.0,52,52,1.0,4.6,10.02,0.459,0.491,-0.032,2020-21
203915,Spencer Dinwiddie,1610612751,BKN,G,28.0,3,3,1.0,3.33,10.0,0.333,0.466,-0.133,2020-21
1629751,Dakota Mathias,1610612755,PHI,G,25.0,7,7,1.0,4.71,10.0,0.471,0.451,0.021,2020-21
1629643,Chuma Okeke,1610612753,ORL,F,22.0,44,44,1.0,4.73,9.98,0.474,0.458,0.016,2020-21
1630163,LaMelo Ball,1610612766,CHA,G,19.0,50,50,1.0,4.7,9.98,0.471,0.455,0.016,2020-21
1628021,David Nwaba,1610612745,HOU,G-F,28.0,30,30,1.0,4.77,9.97,0.478,0.459,0.019,2020-21
101108,Chris Paul,1610612756,PHX,G,36.0,68,68,1.0,5.0,9.93,0.504,0.455,0.049,2020-21
2544,LeBron James,1610612747,LAL,F,36.0,44,44,1.0,3.95,9.93,0.398,0.461,-0.063,2020-21
1629057,Robert Williams III,1610612738,BOS,C-F,23.0,52,52,1.0,4.6,9.92,0.463,0.483,-0.02,2020-21
1628367,Josh Jackson,1610612765,DET,G-F,24.0,62,62,1.0,4.87,9.9,0.492,0.458,0.034,2020-21
1628369,Jayson Tatum,1610612738,BOS,F-G,23.0,64,64,1.0,4.7,9.88,0.476,0.463,0.013,2020-21
1626153,Delon Wright,1610612758,SAC,G,29.0,61,61,1.0,4.82,9.87,0.488,0.467,0.022,2020-21
202326,DeMarcus Cousins,1610612746,LAC,C,30.0,41,41,1.0,4.73,9.85,0.48,0.485,-0.005,2020-21
202722,Davis Bertans,1610612764,WAS,F,28.0,56,56,1.0,4.38,9.82,0.445,0.457,-0.011,2020-21
1627742,Brandon Ingram,1610612740,NOP,F,23.0,59,59,1.0,4.68,9.81,0.477,0.46,0.016,2020-21
1628971,Bruce Brown,1610612751,BKN,G-F,24.0,65,65,1.0,4.57,9.77,0.468,0.464,0.004,2020-21
203082,Terrence Ross,1610612753,ORL,G-F,30.0,45,45,1.0,4.47,9.73,0.459,0.456,0.003,2020-21
202709,Cory Joseph,1610612765,DET,G,29.0,61,61,1.0,4.61,9.7,0.475,0.459,0.016,2020-21
202711,Bojan Bogdanovic,1610612762,UTA,F,32.0,72,72,1.0,4.33,9.68,0.448,0.468,-0.02,2020-21
1628378,Donovan Mitchell,1610612762,UTA,G,24.0,53,53,1.0,4.72,9.66,0.488,0.455,0.033,2020-21
201959,Taj Gibson,1610612752,NYK,F,36.0,44,44,1.0,4.3,9.64,0.446,0.487,-0.041,2020-21
202355,Hassan Whiteside,1610612758,SAC,C,32.0,33,33,1.0,4.45,9.61,0.464,0.492,-0.028,2020-21
1627736,Malik Beasley,1610612750,MIN,G,24.0,36,36,1.0,4.97,9.61,0.517,0.458,0.059,2020-21
1630230,Naji Marshall,1610612740,NOP,F,23.0,27,27,1.0,4.56,9.59,0.475,0.461,0.014,2020-21
1627740,Henry Ellenson,1610612761,TOR,F-C,24.0,2,2,1.0,4.0,9.5,0.421,0.469,-0.048,2020-21
203967,Dario Saric,1610612756,PHX,F-C,27.0,47,47,1.0,4.32,9.49,0.455,0.47,-0.015,2020-21
1626161,Willie Cauley-Stein,1610612742,DAL,C,27.0,53,53,1.0,4.4,9.49,0.463,0.484,-0.021,2020-21
1629020,Jarred Vanderbilt,1610612750,MIN,F,22.0,63,63,1.0,4.33,9.49,0.457,0.481,-0.025,2020-21
200794,Paul Millsap,1610612743,DEN,F,36.0,55,55,1.0,4.65,9.47,0.491,0.474,0.018,2020-21
1630273,Freddie Gillespie,1610612761,TOR,F,24.0,20,20,1.0,4.75,9.45,0.503,0.483,0.019,2020-21
1629667,Jalen McDaniels,1610612766,CHA,F-C,23.0,44,44,1.0,4.52,9.45,0.478,0.456,0.022,2020-21
1629634,Brandon Clarke,1610612763,MEM,F,24.0,59,59,1.0,4.51,9.41,0.479,0.477,0.003,2020-21
201565,Derrick Rose,1610612752,NYK,G,32.0,50,50,1.0,4.04,9.4,0.43,0.453,-0.023,2020-21
203957,Dante Exum,1610612745,HOU,G,25.0,5,5,1.0,4.4,9.4,0.468,0.47,-0.002,2020-21
1626181,Norman Powell,1610612757,POR,G,28.0,69,69,1.0,4.26,9.33,0.457,0.461,-0.004,2020-21
1629712,Didi Louzada,1610612740,NOP,G,21.0,3,3,1.0,4.0,9.33,0.429,0.413,0.015,2020-21
1628398,Kyle Kuzma,1610612747,LAL,F,25.0,68,68,1.0,4.28,9.31,0.46,0.464,-0.004,2020-21
1629021,Moritz Wagner,1610612753,ORL,F-C,24.0,43,43,1.0,4.16,9.3,0.448,0.475,-0.027,2020-21
203914,Gary Harris,1610612753,ORL,G,26.0,38,38,1.0,4.32,9.29,0.465,0.461,0.004,2020-21
1628964,Mo Bamba,1610612753,ORL,C,23.0,43,43,1.0,4.35,9.26,0.47,0.486,-0.017,2020-21
204456,T.J. McConnell,1610612754,IND,G,29.0,68,68,1.0,4.41,9.26,0.476,0.45,0.026,2020-21
203552,Seth Curry,1610612755,PHI,G,30.0,57,57,1.0,4.4,9.25,0.476,0.449,0.028,2020-21
202704,Reggie Jackson,1610612746,LAC,G,31.0,66,66,1.0,4.32,9.24,0.467,0.454,0.013,2020-21
1626196,Josh Richardson,1610612742,DAL,G,27.0,59,59,1.0,4.27,9.22,0.463,0.459,0.004,2020-21
203090,Maurice Harkless,1610612758,SAC,F-G,28.0,35,35,1.0,4.23,9.17,0.461,0.459,0.002,2020-21
1628396,Tony Bradley,1610612760,OKC,C-F,23.0,40,40,1.0,4.08,9.15,0.445,0.491,-0.046,2020-21
1629743,Donta Hall,1610612753,ORL,C,23.0,11,11,1.0,3.91,9.09,0.43,0.475,-0.045,2020-21
201937,Ricky Rubio,1610612750,MIN,G,30.0,67,67,1.0,4.34,9.07,0.479,0.456,0.022,2020-21
203458,Alex Len,1610612764,WAS,C,28.0,63,63,1.0,4.3,9.06,0.475,0.499,-0.024,2020-21
203145,Kent Bazemore,1610612744,GSW,G-F,31.0,66,66,1.0,3.85,9.05,0.425,0.459,-0.034,2020-21
1626163,Frank Kaminsky,1610612756,PHX,F-C,28.0,46,46,1.0,4.46,9.04,0.493,0.481,0.012,2020-21
203484,Kentavious Caldwell-Pope,1610612747,LAL,G,28.0,67,67,1.0,4.31,9.03,0.478,0.464,0.013,2020-21
1629091,Elijah Bryant,1610612749,MIL,G,26.0,1,1,1.0,6.0,9.0,0.667,0.486,0.18,2020-21
1629649,Ignas Brazdeikis,1610612753,ORL,F,22.0,10,10,1.0,4.2,9.0,0.467,0.454,0.013,2020-21
1627737,Marquese Chriss,1610612744,GSW,F,23.0,2,2,1.0,4.0,9.0,0.444,0.5,-0.055,2020-21
1627884,Derrick Jones Jr.,1610612757,POR,F,24.0,56,56,1.0,4.21,8.98,0.469,0.469,0.0,2020-21
1628960,Grayson Allen,1610612763,MEM,G,25.0,50,50,1.0,4.12,8.98,0.459,0.457,0.002,2020-21
203526,Raul Neto,1610612764,WAS,G,29.0,63,63,1.0,4.37,8.97,0.487,0.456,0.031,2020-21
1629655,Daniel Gafford,1610612764,WAS,F-C,22.0,52,52,1.0,4.4,8.96,0.491,0.488,0.003,2020-21
1629018,Gary Trent Jr.,1610612761,TOR,G-F,22.0,54,54,1.0,4.24,8.89,0.477,0.458,0.019,2020-21
202692,Alec Burks,1610612752,NYK,G,29.0,49,49,1.0,3.39,8.88,0.382,0.455,-0.074,2020-21
200752,Rudy Gay,1610612759,SAS,F-G,34.0,63,63,1.0,3.84,8.87,0.433,0.463,-0.03,2020-21
1629013,Landry Shamet,1610612751,BKN,G,24.0,61,61,1.0,4.61,8.8,0.523,0.458,0.065,2020-21
1630177,Theo Maledon,1610612760,OKC,G,20.0,64,64,1.0,4.27,8.77,0.487,0.453,0.033,2020-21
1630267,Facundo Campazzo,1610612743,DEN,G,30.0,63,63,1.0,3.94,8.76,0.449,0.452,-0.003,2020-21
1629006,Josh Okogie,1610612750,MIN,G,22.0,58,58,1.0,4.31,8.76,0.492,0.472,0.02,2020-21
1628420,Monte Morris,1610612743,DEN,G,26.0,47,47,1.0,3.72,8.74,0.426,0.457,-0.031,2020-21
1627752,Taurean Prince,1610612739,CLE,F,27.0,41,41,1.0,4.24,8.73,0.486,0.468,0.018,2020-21
1628436,Luke Kornet,1610612738,BOS,F-C,25.0,29,29,1.0,4.0,8.72,0.458,0.478,-0.02,2020-21
1628977,Hamidou Diallo,1610612765,DET,G,22.0,51,51,1.0,3.94,8.69,0.454,0.452,0.001,2020-21
203939,Dwight Powell,1610612742,DAL,F-C,29.0,57,57,1.0,3.95,8.68,0.455,0.481,-0.027,2020-21
1629611,Terance Mann,1610612746,LAC,G-F,24.0,62,62,1.0,4.16,8.65,0.481,0.458,0.023,2020-21
202334,Ed Davis,1610612750,MIN,C-F,32.0,20,20,1.0,4.4,8.6,0.512,0.492,0.019,2020-21
1630237,Anthony Lamb,1610612745,HOU,F,23.0,22,22,1.0,4.77,8.55,0.559,0.465,0.093,2020-21
1629026,Kenrich Williams,1610612760,OKC,G-F,26.0,63,63,1.0,3.92,8.49,0.462,0.46,0.002,2020-21
2730,Dwight Howard,1610612755,PHI,C-F,35.0,69,69,1.0,3.91,8.48,0.462,0.494,-0.033,2020-21
1626184,Chasson Randle,1610612753,ORL,G,28.0,38,38,1.0,4.0,8.45,0.474,0.449,0.025,2020-21
203516,James Ennis III,1610612753,ORL,F,30.0,40,40,1.0,3.75,8.43,0.445,0.461,-0.016,2020-21
1629022,Lonnie Walker IV,1610612759,SAS,G-F,22.0,60,60,1.0,4.2,8.43,0.498,0.457,0.041,2020-21
1630180,Saddiq Bey,1610612765,DET,F,22.0,70,70,1.0,4.13,8.41,0.491,0.469,0.022,2020-21
1628395,Jordan Bell,1610612744,GSW,F,26.0,5,5,1.0,3.8,8.4,0.452,0.482,-0.03,2020-21
1630466,Gabriel Deck,1610612760,OKC,F,26.0,10,10,1.0,4.5,8.4,0.536,0.499,0.036,2020-21
1627863,Danuel House Jr.,1610612745,HOU,F-G,28.0,36,36,1.0,3.61,8.39,0.43,0.464,-0.033,2020-21
203926,Doug McDermott,1610612754,IND,F,29.0,65,65,1.0,3.97,8.37,0.474,0.467,0.008,2020-21
201942,DeMar DeRozan,1610612759,SAS,G-F,31.0,61,61,1.0,4.15,8.33,0.498,0.463,0.035,2020-21
203524,Solomon Hill,1610612737,ATL,F,30.0,71,71,1.0,3.82,8.31,0.459,0.466,-0.007,2020-21
1628372,Dennis Smith Jr.,1610612765,DET,G,23.0,23,23,1.0,3.57,8.3,0.429,0.463,-0.034,2020-21
1629638,Nickeil Alexander-Walker,1610612740,NOP,G,22.0,44,44,1.0,4.0,8.3,0.482,0.458,0.024,2020-21
1629680,Matisse Thybulle,1610612755,PHI,G-F,24.0,64,64,1.0,3.44,8.25,0.417,0.449,-0.033,2020-21
202694,Marcus Morris Sr.,1610612746,LAC,F,31.0,57,57,1.0,4.04,8.25,0.489,0.467,0.022,2020-21
1628365,Markelle Fultz,1610612753,ORL,G,23.0,8,8,1.0,4.38,8.25,0.53,0.457,0.073,2020-21
1629001,De'Anthony Melton,1610612763,MEM,G,23.0,51,51,1.0,3.67,8.25,0.444,0.454,-0.01,2020-21
203903,Jordan Clarkson,1610612762,UTA,G,29.0,68,68,1.0,3.75,8.24,0.455,0.452,0.003,2020-21
1630201,Malachi Flynn,1610612761,TOR,G,23.0,45,45,1.0,3.62,8.24,0.439,0.458,-0.019,2020-21
1629717,Armoni Brooks,1610612745,HOU,G,23.0,19,19,1.0,4.26,8.21,0.519,0.458,0.061,2020-21
201609,Goran Dragic,1610612748,MIA,G,35.0,49,49,1.0,3.98,8.18,0.486,0.452,0.034,2020-21
1629660,Ty Jerome,1610612760,OKC,G-F,23.0,33,33,1.0,4.12,8.18,0.504,0.448,0.056,2020-21
201588,George Hill,1610612755,PHI,G,35.0,29,29,1.0,3.52,8.17,0.43,0.451,-0.021,2020-21
202340,Avery Bradley,1610612745,HOU,G,30.0,27,27,1.0,4.11,8.15,0.505,0.468,0.037,2020-21
201939,Stephen Curry,1610612744,GSW,G,33.0,62,62,1.0,3.71,8.15,0.455,0.453,0.003,2020-21
203476,Gorgui Dieng,1610612759,SAS,C,31.0,38,38,1.0,4.37,8.13,0.537,0.482,0.055,2020-21
203503,Tony Snell,1610612737,ATL,G,29.0,46,46,1.0,3.87,8.13,0.476,0.463,0.013,2020-21
1626159,Justise Winslow,1610612763,MEM,F-G,25.0,26,26,1.0,3.81,8.12,0.469,0.461,0.008,2020-21
1629659,Talen Horton-Tucker,1610612747,LAL,G,20.0,65,65,1.0,3.58,8.11,0.442,0.458,-0.016,2020-21
1629672,Eric Paschall,1610612744,GSW,F,24.0,40,40,1.0,3.7,8.08,0.458,0.47,-0.012,2020-21
2738,Andre Iguodala,1610612748,MIA,G-F,37.0,61,61,1.0,3.54,8.07,0.439,0.461,-0.022,2020-21
1629234,Drew Eubanks,1610612759,SAS,F-C,24.0,53,53,1.0,3.64,8.06,0.452,0.483,-0.031,2020-21
201949,James Johnson,1610612740,NOP,F,34.0,51,51,1.0,3.59,8.06,0.445,0.463,-0.018,2020-21
1629002,Chimezie Metu,1610612758,SAC,F-C,24.0,33,33,1.0,4.21,8.03,0.525,0.465,0.059,2020-21
201988,Patty Mills,1610612759,SAS,G,32.0,67,67,1.0,3.82,8.03,0.476,0.452,0.024,2020-21
202397,Ish Smith,1610612764,WAS,G,32.0,42,42,1.0,3.74,7.98,0.469,0.458,0.011,2020-21
2546,Carmelo Anthony,1610612757,POR,F,37.0,66,66,1.0,3.67,7.95,0.461,0.462,-0.001,2020-21
201569,Eric Gordon,1610612745,HOU,G,32.0,27,27,1.0,3.37,7.93,0.425,0.453,-0.028,2020-21
204060,Joe Ingles,1610612762,UTA,F-G,33.0,67,67,1.0,3.42,7.93,0.431,0.457,-0.026,2020-21
1629661,Cameron Johnson,1610612756,PHX,F,25.0,59,59,1.0,3.78,7.9,0.479,0.456,0.022,2020-21
1629731,Dean Wade,1610612739,CLE,F-C,24.0,60,60,1.0,3.8,7.9,0.481,0.473,0.008,2020-21
201976,Patrick Beverley,1610612746,LAC,G,32.0,37,37,1.0,3.35,7.89,0.425,0.468,-0.044,2020-21
1630173,Precious Achiuwa,1610612748,MIA,F,21.0,55,55,1.0,3.73,7.85,0.475,0.485,-0.011,2020-21
1628973,Jalen Brunson,1610612742,DAL,G,24.0,68,68,1.0,3.62,7.81,0.463,0.45,0.013,2020-21
1628988,Aaron Holiday,1610612754,IND,G,24.0,64,64,1.0,3.64,7.8,0.467,0.452,0.015,2020-21
1629003,Shake Milton,1610612755,PHI,G-F,24.0,63,63,1.0,3.51,7.76,0.452,0.449,0.003,2020-21
203933,T.J. Warren,1610612754,IND,F,27.0,4,4,1.0,4.75,7.75,0.613,0.479,0.134,2020-21
1628412,Frank Mason III,1610612753,ORL,G,27.0,4,4,1.0,3.25,7.75,0.419,0.447,-0.027,2020-21
1629004,Svi Mykhailiuk,1610612760,OKC,G-F,24.0,63,63,1.0,3.75,7.71,0.486,0.454,0.032,2020-21
1628408,PJ Dozier,1610612743,DEN,G-F,24.0,49,49,1.0,3.45,7.65,0.451,0.459,-0.008,2020-21
1629637,Jaxson Hayes,1610612740,NOP,C-F,21.0,56,56,1.0,3.48,7.64,0.456,0.479,-0.023,2020-21
1627936,Alex Caruso,1610612747,LAL,G,27.0,58,58,1.0,3.36,7.64,0.44,0.456,-0.016,2020-21
201961,Wayne Ellington,1610612765,DET,G,33.0,45,45,1.0,3.6,7.6,0.474,0.454,0.019,2020-21
1629684,Grant Williams,1610612738,BOS,F,22.0,63,63,1.0,3.37,7.6,0.443,0.466,-0.023,2020-21
203085,Austin Rivers,1610612743,DEN,G,28.0,34,34,1.0,3.24,7.59,0.426,0.447,-0.02,2020-21
202693,Markieff Morris,1610612747,LAL,F,31.0,60,60,1.0,3.5,7.55,0.464,0.474,-0.011,2020-21
1630206,Jay Scrubb,1610612746,LAC,G,20.0,4,4,1.0,4.0,7.5,0.533,0.43,0.103,2020-21
1627814,Damion Lee,1610612744,GSW,G-F,28.0,56,56,1.0,3.55,7.5,0.474,0.461,0.013,2020-21
1626143,Jahlil Okafor,1610612765,DET,C-F,25.0,26,26,1.0,3.69,7.5,0.492,0.484,0.008,2020-21
1628998,Cody Martin,1610612766,CHA,F,25.0,49,49,1.0,3.43,7.49,0.458,0.457,0.0,2020-21
1630231,KJ Martin,1610612745,HOU,F,20.0,45,45,1.0,3.33,7.47,0.446,0.467,-0.02,2020-21
201580,JaVale McGee,1610612743,DEN,C-F,33.0,46,46,1.0,3.39,7.46,0.455,0.475,-0.02,2020-21
1629010,Jerome Robinson,1610612764,WAS,G,24.0,16,16,1.0,3.69,7.44,0.496,0.457,0.039,2020-21
1629048,Goga Bitadze,1610612754,IND,C-F,21.0,44,44,1.0,3.45,7.43,0.465,0.483,-0.018,2020-21
1628997,Caleb Martin,1610612766,CHA,F,25.0,50,50,1.0,3.46,7.42,0.466,0.451,0.016,2020-21
1626224,Cedi Osman,1610612739,CLE,F,26.0,59,59,1.0,3.59,7.42,0.484,0.454,0.03,2020-21
203107,Tomas Satoransky,1610612741,CHI,G,29.0,58,58,1.0,3.45,7.41,0.465,0.453,0.012,2020-21
202335,Patrick Patterson,1610612746,LAC,F,32.0,37,37,1.0,3.32,7.32,0.454,0.463,-0.009,2020-21
202357,Nemanja Bjelica,1610612748,MIA,F,33.0,35,35,1.0,3.46,7.31,0.473,0.472,0.001,2020-21
1629109,Gary Clark,1610612755,PHI,F,26.0,36,36,1.0,3.44,7.31,0.471,0.457,0.015,2020-21
1627789,Timothe Luwawu-Cabarrot,1610612751,BKN,G-F,26.0,57,57,1.0,3.47,7.18,0.484,0.453,0.031,2020-21
203960,JaKarr Sampson,1610612754,IND,F,28.0,25,25,1.0,3.44,7.16,0.48,0.478,0.003,2020-21
1628391,D.J. Wilson,1610612745,HOU,F,25.0,33,33,1.0,3.42,7.15,0.479,0.464,0.015,2020-21
201952,Jeff Teague,1610612749,MIL,G,33.0,55,55,1.0,3.31,7.13,0.464,0.461,0.003,2020-21
1627745,Damian Jones,1610612758,SAC,C,26.0,35,35,1.0,3.43,7.09,0.484,0.478,0.006,2020-21
1630181,R.J. Hampton,1610612753,ORL,G,20.0,45,45,1.0,3.51,7.02,0.5,0.453,0.047,2020-21
1628392,Isaiah Hartenstein,1610612739,CLE,C-F,23.0,44,44,1.0,3.11,6.98,0.446,0.495,-0.048,2020-21
1626169,Stanley Johnson,1610612761,TOR,F-G,25.0,57,57,1.0,3.12,6.96,0.448,0.467,-0.018,2020-21
1628379,Luke Kennard,1610612746,LAC,G,25.0,59,59,1.0,3.53,6.95,0.507,0.449,0.059,2020-21
1629162,Jordan McLaughlin,1610612750,MIN,G,25.0,51,51,1.0,3.1,6.92,0.448,0.447,0.001,2020-21
1629658,Jaylen Hoard,1610612760,OKC,F,22.0,18,18,1.0,3.44,6.89,0.5,0.46,0.04,2020-21
1626168,Trey Lyles,1610612759,SAS,F,25.0,22,22,1.0,3.05,6.82,0.447,0.464,-0.017,2020-21
1628470,Torrey Craig,1610612756,PHX,F,30.0,47,47,1.0,3.13,6.79,0.461,0.459,0.002,2020-21
1630271,Brodric Thomas,1610612739,CLE,G,24.0,26,26,1.0,2.96,6.77,0.438,0.465,-0.027,2020-21
1628455,Mike James,1610612751,BKN,G,30.0,12,12,1.0,2.83,6.75,0.42,0.454,-0.035,2020-21
203521,Matthew Dellavedova,1610612739,CLE,G,30.0,12,12,1.0,3.67,6.75,0.543,0.468,0.076,2020-21
203490,Otto Porter Jr.,1610612753,ORL,F,28.0,27,27,1.0,3.41,6.74,0.505,0.461,0.045,2020-21
1629669,Jaylen Nowell,1610612750,MIN,G,21.0,41,41,1.0,3.22,6.73,0.478,0.449,0.029,2020-21
1630217,Desmond Bane,1610612763,MEM,G,23.0,68,68,1.0,2.84,6.72,0.422,0.457,-0.035,2020-21
1630240,Saben Lee,1610612765,DET,G,22.0,46,46,1.0,3.2,6.7,0.477,0.444,0.034,2020-21
1628422,Damyean Dotson,1610612739,CLE,G,27.0,45,45,1.0,3.0,6.69,0.449,0.456,-0.007,2020-21
202083,Wesley Matthews,1610612747,LAL,G,34.0,58,58,1.0,2.9,6.67,0.434,0.461,-0.027,2020-21
202954,Brad Wanamaker,1610612766,CHA,G,31.0,61,61,1.0,3.23,6.64,0.486,0.457,0.029,2020-21
1630193,Immanuel Quickley,1610612752,NYK,G,22.0,63,63,1.0,3.03,6.59,0.46,0.453,0.007,2020-21
1630202,Payton Pritchard,1610612738,BOS,G,23.0,66,66,1.0,3.47,6.56,0.529,0.454,0.074,2020-21
203210,JaMychal Green,1610612743,DEN,F-C,31.0,57,57,1.0,2.88,6.53,0.441,0.464,-0.023,2020-21
1629034,Ray Spalding,1610612745,HOU,F,24.0,2,2,1.0,3.0,6.5,0.462,0.479,-0.017,2020-21
1628370,Malik Monk,1610612766,CHA,G,23.0,39,39,1.0,3.28,6.49,0.506,0.455,0.051,2020-21
1629644,KZ Okpala,1610612748,MIA,F-G,22.0,33,33,1.0,2.79,6.48,0.43,0.467,-0.037,2020-21
1629610,DaQuan Jeffries,1610612759,SAS,G-F,23.0,28,28,1.0,2.86,6.46,0.442,0.457,-0.015,2020-21
1629622,Max Strus,1610612748,MIA,G-F,25.0,32,32,1.0,3.06,6.44,0.476,0.451,0.024,2020-21
1630168,Onyeka Okongwu,1610612737,ATL,F-C,20.0,48,48,1.0,3.19,6.44,0.495,0.485,0.01,2020-21
202329,Al-Farouq Aminu,1610612741,CHI,F,30.0,23,23,1.0,2.65,6.43,0.412,0.462,-0.05,2020-21
1630221,Josh Hall,1610612760,OKC,F,20.0,19,19,1.0,2.95,6.42,0.459,0.446,0.013,2020-21
1627823,Juancho Hernangomez,1610612750,MIN,F,25.0,49,49,1.0,3.14,6.35,0.495,0.468,0.027,2020-21
1627761,DeAndre' Bembry,1610612761,TOR,G-F,26.0,47,47,1.0,2.77,6.34,0.436,0.459,-0.023,2020-21
204020,Tyler Johnson,1610612751,BKN,G,29.0,37,37,1.0,2.92,6.3,0.464,0.458,0.006,2020-21
1628972,Troy Brown Jr.,1610612741,CHI,G-F,21.0,33,33,1.0,3.18,6.3,0.505,0.447,0.058,2020-21
1628382,Justin Jackson,1610612749,MIL,F,26.0,34,34,1.0,2.91,6.26,0.465,0.444,0.021,2020-21
1629685,Dylan Windler,1610612739,CLE,G-F,24.0,31,31,1.0,2.9,6.23,0.466,0.457,0.009,2020-21
200765,Rajon Rondo,1610612746,LAC,G,35.0,44,44,1.0,2.93,6.23,0.471,0.453,0.018,2020-21
1629718,Charlie Brown Jr.,1610612760,OKC,G,24.0,9,9,1.0,3.33,6.22,0.536,0.449,0.087,2020-21
1626166,Cameron Payne,1610612756,PHX,G,26.0,58,58,1.0,2.97,6.21,0.478,0.455,0.023,2020-21
1629606,Robert Franks,1610612753,ORL,F,24.0,5,5,1.0,2.8,6.2,0.452,0.471,-0.02,2020-21
201571,D.J. Augustin,1610612745,HOU,G,33.0,54,54,1.0,3.02,6.19,0.488,0.448,0.04,2020-21
203922,Glenn Robinson III,1610612758,SAC,F,27.0,21,21,1.0,3.05,6.19,0.492,0.46,0.032,2020-21
1629635,Sekou Doumbouya,1610612765,DET,F,20.0,53,53,1.0,3.0,6.17,0.486,0.46,0.026,2020-21
1629216,Gabe Vincent,1610612748,MIA,G,25.0,42,42,1.0,2.67,6.17,0.432,0.456,-0.023,2020-21
1628990,Chandler Hutchison,1610612764,WAS,F-G,25.0,25,25,1.0,2.88,6.16,0.468,0.455,0.012,2020-21
1629139,Yuta Watanabe,1610612761,TOR,G-F,26.0,50,50,1.0,2.82,6.14,0.459,0.453,0.006,2020-21
1629014,Anfernee Simons,1610612757,POR,G,22.0,59,59,1.0,3.14,6.14,0.511,0.45,0.061,2020-21
1629726,Garrison Mathews,1610612764,WAS,G,24.0,61,61,1.0,3.2,6.11,0.523,0.455,0.067,2020-21
1628402,Frank Jackson,1610612765,DET,G,23.0,35,35,1.0,2.51,6.09,0.413,0.443,-0.03,2020-21
1627854,Bryn Forbes,1610612749,MIL,G,27.0,68,68,1.0,3.12,6.07,0.513,0.45,0.063,2020-21
1627788,Furkan Korkmaz,1610612755,PHI,G-F,23.0,54,54,1.0,2.85,6.06,0.471,0.453,0.018,2020-21
203118,Mike Scott,1610612755,PHI,F,32.0,49,49,1.0,2.9,6.06,0.478,0.468,0.01,2020-21
1627846,Abdel Nader,1610612756,PHX,F,27.0,20,20,1.0,2.9,6.05,0.479,0.456,0.023,2020-21
1629056,Terence Davis,1610612758,SAC,G,24.0,59,59,1.0,3.17,6.03,0.525,0.458,0.068,2020-21
1630174,Aaron Nesmith,1610612738,BOS,G-F,21.0,38,38,1.0,2.74,6.03,0.454,0.458,-0.004,2020-21
1629641,Romeo Langford,1610612738,BOS,G-F,21.0,17,17,1.0,2.18,6.0,0.363,0.456,-0.093,2020-21
1628400,Semi Ojeleye,1610612738,BOS,F,26.0,55,55,1.0,2.75,6.0,0.458,0.468,-0.01,2020-21
1628394,Anžejs Pasečņiks,1610612764,WAS,C-F,25.0,1,1,1.0,4.0,6.0,0.667,0.469,0.197,2020-21
1630184,Kira Lewis Jr.,1610612740,NOP,G,20.0,49,49,1.0,2.65,6.0,0.442,0.438,0.004,2020-21
1630170,Devin Vassell,1610612759,SAS,G-F,20.0,61,61,1.0,3.03,5.93,0.511,0.459,0.052,2020-21
203473,Dewayne Dedmon,1610612748,MIA,C,31.0,16,16,1.0,2.94,5.88,0.5,0.468,0.032,2020-21
1626246,Boban Marjanovic,1610612742,DAL,C,32.0,30,30,1.0,2.8,5.87,0.477,0.499,-0.021,2020-21
203463,Ben McLemore,1610612747,LAL,G,28.0,47,47,1.0,2.7,5.85,0.462,0.455,0.007,2020-21
1629677,Luka Samanic,1610612759,SAS,F,21.0,27,27,1.0,2.22,5.85,0.38,0.458,-0.078,2020-21
1629633,Jarrett Culver,1610612750,MIN,G-F,22.0,33,33,1.0,2.45,5.85,0.42,0.449,-0.03,2020-21
203918,Rodney Hood,1610612761,TOR,G-F,28.0,48,48,1.0,2.75,5.81,0.473,0.46,0.013,2020-21
2760,Anderson Varejao,1610612739,CLE,F,38.0,5,5,1.0,2.8,5.8,0.483,0.51,-0.027,2020-21
202734,E'Twaun Moore,1610612756,PHX,G,32.0,26,26,1.0,2.62,5.77,0.453,0.451,0.003,2020-21
1627748,Thon Maker,1610612739,CLE,F-C,24.0,8,8,1.0,2.63,5.75,0.457,0.431,0.026,2020-21
1628385,Harry Giles III,1610612757,POR,F-C,23.0,35,35,1.0,2.51,5.74,0.438,0.466,-0.028,2020-21
1629673,Jordan Poole,1610612744,GSW,G,22.0,46,46,1.0,2.41,5.74,0.42,0.444,-0.024,2020-21
202738,Isaiah Thomas,1610612740,NOP,G,32.0,3,3,1.0,1.33,5.67,0.235,0.419,-0.184,2020-21
1629735,Chris Silva,1610612758,SAC,F,24.0,9,9,1.0,2.44,5.67,0.431,0.475,-0.043,2020-21
1629244,Cam Reynolds,1610612745,HOU,F,26.0,3,3,1.0,2.0,5.67,0.353,0.493,-0.14,2020-21
1629663,Louis King,1610612758,SAC,F,22.0,6,6,1.0,2.83,5.67,0.5,0.435,0.065,2020-21
1629642,Nassir Little,1610612757,POR,F-G,21.0,44,44,1.0,2.68,5.64,0.476,0.453,0.022,2020-21
1628410,Edmond Sumner,1610612754,IND,G,25.0,48,48,1.0,2.79,5.63,0.496,0.461,0.036,2020-21
101150,Lou Williams,1610612737,ATL,G,34.0,66,66,1.0,2.58,5.61,0.459,0.442,0.018,2020-21
1629117,Wenyen Gabriel,1610612740,NOP,F,24.0,18,18,1.0,2.44,5.61,0.436,0.447,-0.012,2020-21
1629605,Tacko Fall,1610612738,BOS,C,25.0,17,17,1.0,2.18,5.59,0.389,0.476,-0.086,2020-21
203953,Jabari Parker,1610612738,BOS,F,26.0,12,12,1.0,2.08,5.58,0.373,0.471,-0.098,2020-21
1627777,Georges Niang,1610612762,UTA,F,28.0,70,70,1.0,2.29,5.57,0.41,0.451,-0.041,2020-21
1628539,Mychal Mulder,1610612744,GSW,G,27.0,54,54,1.0,2.59,5.56,0.467,0.442,0.024,2020-21
1629346,Alen Smailagic,1610612744,GSW,F,20.0,9,9,1.0,3.0,5.56,0.54,0.459,0.081,2020-21
1627756,Denzel Valentine,1610612741,CHI,G,27.0,60,60,1.0,2.62,5.55,0.471,0.45,0.022,2020-21
1626145,Tyus Jones,1610612763,MEM,G,25.0,70,70,1.0,2.54,5.54,0.459,0.442,0.016,2020-21
1629723,John Konchar,1610612763,MEM,G,25.0,43,43,1.0,2.51,5.51,0.456,0.456,-0.001,2020-21
1629164,Brandon Goodwin,1610612737,ATL,G,25.0,42,42,1.0,2.45,5.5,0.446,0.444,0.002,2020-21
1629617,Reggie Perry,1610612751,BKN,F-C,21.0,22,22,1.0,2.59,5.5,0.471,0.459,0.012,2020-21
1627739,Kris Dunn,1610612737,ATL,G,27.0,4,4,1.0,2.75,5.5,0.5,0.456,0.044,2020-21
1630253,Sean McDermott,1610612763,MEM,F,24.0,13,13,1.0,2.31,5.46,0.423,0.444,-0.022,2020-21
1628411,Wes Iwundu,1610612740,NOP,F,26.0,34,34,1.0,2.68,5.44,0.492,0.456,0.036,2020-21
1629007,Jontay Porter,1610612763,MEM,C-F,21.0,5,5,1.0,2.6,5.4,0.481,0.475,0.007,2020-21
101141,Ersan Ilyasova,1610612762,UTA,F,34.0,16,16,1.0,2.31,5.31,0.435,0.46,-0.025,2020-21
1629076,Tyler Cook,1610612765,DET,F,23.0,29,29,1.0,2.48,5.21,0.477,0.469,0.007,2020-21
203998,Bruno Caboclo,1610612745,HOU,F,25.0,5,5,1.0,2.2,5.2,0.423,0.454,-0.031,2020-21
1629103,Kelan Martin,1610612754,IND,F,25.0,26,26,1.0,2.23,5.19,0.43,0.456,-0.027,2020-21
1630185,Nico Mannion,1610612744,GSW,G,20.0,24,24,1.0,2.83,5.17,0.548,0.451,0.097,2020-21
1630205,Lamar Stevens,1610612739,CLE,F,23.0,37,37,1.0,2.3,5.14,0.447,0.458,-0.01,2020-21
1626253,Axel Toupane,1610612749,MIL,G-F,28.0,5,5,1.0,1.6,5.0,0.32,0.41,-0.09,2020-21
204025,Tim Frazier,1610612763,MEM,G,30.0,4,4,1.0,1.5,5.0,0.3,0.424,-0.124,2020-21
203460,Andre Roberson,1610612751,BKN,G-F,29.0,5,5,1.0,2.0,5.0,0.4,0.448,-0.048,2020-21
1630192,Zeke Nnaji,1610612743,DEN,F-C,20.0,36,36,1.0,2.47,4.97,0.497,0.46,0.037,2020-21
1630178,Tyrese Maxey,1610612755,PHI,G,20.0,58,58,1.0,2.43,4.93,0.493,0.44,0.053,2020-21
1629603,Mamadi Diakite,1610612749,MIL,F,24.0,12,12,1.0,1.58,4.92,0.322,0.461,-0.139,2020-21
1629740,Nicolo Melli,1610612742,DAL,F,30.0,41,41,1.0,2.41,4.9,0.493,0.457,0.035,2020-21
1629067,Isaac Bonga,1610612764,WAS,G,21.0,38,38,1.0,2.08,4.79,0.434,0.46,-0.026,2020-21
1628993,Alize Johnson,1610612751,BKN,F,25.0,14,14,1.0,2.43,4.79,0.507,0.456,0.051,2020-21
1627812,Yogi Ferrell,1610612746,LAC,G,28.0,9,9,1.0,1.78,4.78,0.372,0.43,-0.058,2020-21
1629670,Jordan Nwora,1610612749,MIL,F,22.0,22,22,1.0,2.09,4.77,0.438,0.45,-0.012,2020-21
1630223,Jalen Harris,1610612761,TOR,G,22.0,13,13,1.0,2.08,4.77,0.435,0.463,-0.027,2020-21
1627774,Jake Layman,1610612750,MIN,F,27.0,43,43,1.0,2.47,4.7,0.525,0.461,0.064,2020-21
1628414,Sindarius Thornwell,1610612753,ORL,G,26.0,16,16,1.0,2.13,4.69,0.453,0.454,-0.001,2020-21
1629750,Javonte Green,1610612741,CHI,G-F,27.0,34,34,1.0,2.32,4.68,0.497,0.452,0.045,2020-21
203648,Thanasis Antetokounmpo,1610612749,MIL,F,28.0,46,46,1.0,1.96,4.61,0.425,0.458,-0.033,2020-21
200755,JJ Redick,1610612742,DAL,G,37.0,43,43,1.0,2.28,4.6,0.495,0.452,0.043,2020-21
1629185,Chris Chiozza,1610612751,BKN,G,25.0,20,20,1.0,2.0,4.6,0.435,0.442,-0.007,2020-21
1629671,Miye Oni,1610612762,UTA,G-F,23.0,47,47,1.0,1.83,4.6,0.398,0.445,-0.047,2020-21
203504,Trey Burke,1610612742,DAL,G,28.0,56,56,1.0,2.07,4.59,0.451,0.437,0.015,2020-21
1630233,Nathan Knight,1610612737,ATL,F-C,23.0,28,28,1.0,1.86,4.57,0.406,0.463,-0.057,2020-21
1627885,Shaquille Harrison,1610612743,DEN,G,27.0,29,29,1.0,2.24,4.55,0.492,0.454,0.038,2020-21
1630167,Obi Toppin,1610612752,NYK,F,23.0,60,60,1.0,1.93,4.52,0.428,0.468,-0.04,2020-21
203658,Norvel Pelle,1610612752,NYK,C,28.0,8,8,1.0,1.88,4.5,0.417,0.498,-0.082,2020-21
203585,Rodney McGruder,1610612765,DET,G,29.0,14,14,1.0,2.43,4.5,0.54,0.461,0.079,2020-21
1628981,Bruno Fernando,1610612737,ATL,F-C,22.0,28,28,1.0,2.04,4.43,0.46,0.485,-0.025,2020-21
1629713,Justin James,1610612758,SAC,G-F,24.0,26,26,1.0,2.42,4.42,0.548,0.439,0.109,2020-21
1628778,Paul Watson,1610612761,TOR,G,26.0,22,22,1.0,1.91,4.41,0.433,0.457,-0.024,2020-21
1628373,Frank Ntilikina,1610612752,NYK,G,22.0,24,24,1.0,2.17,4.38,0.495,0.464,0.031,2020-21
201229,Anthony Tolliver,1610612755,PHI,F,36.0,8,8,1.0,1.63,4.38,0.371,0.463,-0.092,2020-21
203121,Darius Miller,1610612760,OKC,F,31.0,15,15,1.0,1.6,4.33,0.369,0.468,-0.099,2020-21
1630264,Anthony Gill,1610612764,WAS,F,28.0,19,19,1.0,1.63,4.32,0.378,0.435,-0.057,2020-21
1630198,Isaiah Joe,1610612755,PHI,G,21.0,34,34,1.0,2.18,4.32,0.503,0.435,0.068,2020-21
1630235,Trent Forrest,1610612762,UTA,G,23.0,25,25,1.0,2.16,4.24,0.509,0.445,0.064,2020-21
1629681,Killian Tillie,1610612763,MEM,F-C,23.0,14,14,1.0,1.36,4.21,0.322,0.457,-0.135,2020-21
1628966,Keita Bates-Diop,1610612759,SAS,F,25.0,23,23,1.0,2.04,4.17,0.49,0.467,0.022,2020-21
1629662,Mfiondu Kabengele,1610612739,CLE,F-C,23.0,33,33,1.0,1.7,4.15,0.409,0.476,-0.068,2020-21
1629620,Justin Robinson,1610612760,OKC,G,23.0,7,7,1.0,2.29,4.14,0.552,0.438,0.114,2020-21
1629648,Jordan Bone,1610612753,ORL,G,23.0,11,11,1.0,2.0,4.09,0.489,0.45,0.039,2020-21
1630194,Paul Reed,1610612755,PHI,F,22.0,21,21,1.0,1.52,4.05,0.376,0.476,-0.099,2020-21
1630187,Daniel Oturu,1610612746,LAC,C,21.0,19,19,1.0,1.53,4.05,0.377,0.454,-0.077,2020-21
1630182,Josh Green,1610612742,DAL,G,20.0,32,32,1.0,2.16,4.03,0.535,0.442,0.093,2020-21
1630238,Malik Fitts,1610612746,LAC,F,23.0,1,1,1.0,2.0,4.0,0.5,0.436,0.065,2020-21
203086,Meyers Leonard,1610612748,MIA,F-C,29.0,3,3,1.0,2.0,4.0,0.5,0.485,0.015,2020-21
1630222,Mason Jones,1610612755,PHI,G,22.0,28,28,1.0,1.93,3.93,0.491,0.445,0.046,2020-21
1628975,Jevon Carter,1610612756,PHX,G,25.0,57,57,1.0,1.88,3.91,0.48,0.457,0.022,2020-21
1628995,Kevin Knox II,1610612752,NYK,F,21.0,37,37,1.0,1.7,3.86,0.441,0.446,-0.005,2020-21
1629599,Amir Coffey,1610612746,LAC,G-F,24.0,28,28,1.0,1.61,3.82,0.421,0.442,-0.021,2020-21
1630211,Karim Mane,1610612753,ORL,G,21.0,9,9,1.0,1.78,3.78,0.471,0.433,0.038,2020-21
1629725,Jeremiah Martin,1610612739,CLE,G,25.0,8,8,1.0,1.75,3.75,0.467,0.448,0.018,2020-21
1629962,Devin Cannady,1610612753,ORL,G,25.0,4,4,1.0,1.75,3.75,0.467,0.475,-0.008,2020-21
1630188,Jalen Smith,1610612756,PHX,F-C,21.0,19,19,1.0,2.0,3.74,0.535,0.465,0.07,2020-21
1627853,Ryan Arcidiacono,1610612741,CHI,G,27.0,41,41,1.0,1.63,3.68,0.444,0.438,0.005,2020-21
1629683,Quinndary Weatherspoon,1610612759,SAS,G,24.0,14,14,1.0,2.21,3.57,0.62,0.436,0.184,2020-21
1626188,Quinn Cook,1610612739,CLE,G,28.0,20,20,1.0,1.65,3.55,0.465,0.428,0.036,2020-21
1629682,Tremont Waters,1610612738,BOS,G,23.0,21,21,1.0,1.62,3.52,0.459,0.43,0.029,2020-21
1630241,Sam Merrill,1610612749,MIL,G,25.0,22,22,1.0,1.55,3.5,0.442,0.444,-0.002,2020-21
1626178,Rondae Hollis-Jefferson,1610612757,POR,F,26.0,10,10,1.0,1.4,3.5,0.4,0.45,-0.05,2020-21
1628427,Vlatko Cancar,1610612743,DEN,F,24.0,31,31,1.0,1.84,3.42,0.538,0.464,0.074,2020-21
1628035,Alfonzo McKinnie,1610612747,LAL,F,28.0,27,27,1.0,1.74,3.41,0.511,0.448,0.063,2020-21
1629066,Rodions Kurucs,1610612749,MIL,F,23.0,15,15,1.0,1.67,3.4,0.49,0.452,0.039,2020-21
1628578,Amida Brimah,1610612754,IND,C,27.0,5,5,1.0,1.8,3.4,0.529,0.518,0.011,2020-21
1629035,Carsen Edwards,1610612738,BOS,G,23.0,25,25,1.0,1.72,3.36,0.512,0.46,0.052,2020-21
1629752,Juwan Morgan,1610612762,UTA,F,24.0,18,18,1.0,1.39,3.28,0.424,0.458,-0.034,2020-21
204038,Langston Galloway,1610612756,PHX,G,29.0,37,37,1.0,1.46,3.22,0.454,0.449,0.005,2020-21
1629686,Deividas Sirvydis,1610612765,DET,F-G,21.0,16,16,1.0,1.63,3.19,0.51,0.454,0.056,2020-21
1629744,Matt Thomas,1610612762,UTA,G,26.0,36,36,1.0,1.89,3.19,0.591,0.455,0.137,2020-21
201162,Jared Dudley,1610612747,LAL,F,35.0,11,11,1.0,1.45,3.18,0.457,0.442,0.015,2020-21
1630219,Skylar Mays,1610612737,ATL,G,23.0,27,27,1.0,1.37,3.15,0.435,0.436,-0.001,2020-21
1630186,Jahmi'us Ramsey,1610612758,SAC,G,20.0,11,11,1.0,1.27,3.09,0.412,0.41,0.002,2020-21
1629657,Kyle Guy,1610612758,SAC,G,23.0,25,25,1.0,1.64,3.08,0.532,0.452,0.081,2020-21
1626245,Cristiano Felicio,1610612741,CHI,F-C,28.0,13,13,1.0,1.62,3.0,0.538,0.457,0.082,2020-21
1630216,Cassius Winston,1610612764,WAS,G,23.0,11,11,1.0,1.45,3.0,0.485,0.434,0.05,2020-21
1629738,Vincent Poirier,1610612755,PHI,C-F,27.0,8,8,1.0,1.0,3.0,0.333,0.425,-0.091,2020-21
1630189,Tyler Bey,1610612742,DAL,F,23.0,15,15,1.0,1.73,3.0,0.578,0.424,0.154,2020-21
1630200,Tre Jones,1610612759,SAS,G,21.0,29,29,1.0,1.48,3.0,0.494,0.449,0.046,2020-21
1630210,Markus Howard,1610612743,DEN,G,22.0,27,27,1.0,1.37,2.93,0.468,0.459,0.009,2020-21
1630208,Nick Richards,1610612766,CHA,C,23.0,11,11,1.0,1.18,2.91,0.406,0.45,-0.044,2020-21
1630176,Vernon Carey Jr.,1610612766,CHA,F-C,20.0,17,17,1.0,1.06,2.88,0.367,0.462,-0.095,2020-21
1629604,CJ Elleby,1610612757,POR,F-G,21.0,22,22,1.0,1.05,2.73,0.383,0.442,-0.058,2020-21
1629626,Bol Bol,1610612743,DEN,C-F,21.0,24,24,1.0,1.46,2.71,0.538,0.451,0.087,2020-21
1628962,Udoka Azubuike,1610612762,UTA,C-F,21.0,12,12,1.0,1.0,2.67,0.375,0.474,-0.099,2020-21
1630234,Ty-Shon Alexander,1610612756,PHX,G,22.0,8,8,1.0,0.88,2.63,0.333,0.442,-0.109,2020-21
1627780,Gary Payton II,1610612744,GSW,G,28.0,7,7,1.0,0.86,2.57,0.333,0.441,-0.108,2020-21
1629719,Devontae Cacok,1610612747,LAL,F,24.0,18,18,1.0,0.83,2.5,0.333,0.449,-0.115,2020-21
1628961,Kostas Antetokounmpo,1610612747,LAL,F,23.0,11,11,1.0,1.09,2.45,0.444,0.462,-0.018,2020-21
1629653,Devon Dotson,1610612741,CHI,G,21.0,7,7,1.0,0.71,2.43,0.294,0.426,-0.132,2020-21
1628388,T.J. Leaf,1610612757,POR,F,24.0,7,7,1.0,0.57,2.43,0.235,0.442,-0.207,2020-21
1629714,Jarrell Brantley,1610612762,UTA,F,25.0,20,20,1.0,1.05,2.4,0.438,0.464,-0.027,2020-21
1629730,Rayjon Tucker,1610612755,PHI,G,23.0,10,10,1.0,1.1,2.4,0.458,0.442,0.017,2020-21
1629716,Marques Bolden,1610612739,CLE,C,23.0,4,4,1.0,0.5,2.25,0.222,0.434,-0.212,2020-21
1627775,Patrick McCaw,1610612761,TOR,G,25.0,5,5,1.0,1.0,2.2,0.455,0.464,-0.01,2020-21
1628968,Brian Bowen II,1610612754,IND,F-G,22.0,1,1,1.0,1.0,2.0,0.5,0.435,0.065,2020-21
1630199,Cassius Stanley,1610612754,IND,G,21.0,16,16,1.0,0.75,2.0,0.375,0.449,-0.074,2020-21
1630268,Nate Darling,1610612766,CHA,G,22.0,4,4,1.0,1.25,2.0,0.625,0.406,0.219,2020-21
203943,Noah Vonleh,1610612751,BKN,F,25.0,4,4,1.0,1.5,2.0,0.75,0.462,0.288,2020-21
202697,Iman Shumpert,1610612751,BKN,G,31.0,2,2,1.0,0.5,2.0,0.25,0.47,-0.22,2020-21
1629121,Jaylen Adams,1610612749,MIL,G,25.0,2,2,1.0,1.5,2.0,0.75,0.457,0.294,2020-21
1629690,Adam Mokoka,1610612741,CHI,G,22.0,6,6,1.0,0.67,1.83,0.364,0.465,-0.101,2020-21
203263,James Nunnally,1610612740,NOP,F,30.0,4,4,1.0,1.25,1.75,0.714,0.454,0.261,2020-21
1630179,Tyrell Terry,1610612742,DAL,G,20.0,8,8,1.0,0.63,1.75,0.357,0.439,-0.082,2020-21
1630207,Nate Hinton,1610612742,DAL,G-F,22.0,15,15,1.0,0.87,1.67,0.52,0.418,0.102,2020-21
1628390,Terrance Ferguson,1610612755,PHI,G,23.0,6,6,1.0,0.83,1.67,0.5,0.46,0.04,2020-21
1630190,Elijah Hughes,1610612762,UTA,G,23.0,12,12,1.0,0.5,1.67,0.3,0.427,-0.127,2020-21
1629665,Jalen Lecque,1610612754,IND,G,21.0,4,4,1.0,0.5,1.5,0.333,0.464,-0.13,2020-21
1629607,Jared Harper,1610612752,NYK,G,23.0,4,4,1.0,0.75,1.5,0.5,0.428,0.072,2020-21
1629033,Theo Pinson,1610612752,NYK,G-F,25.0,12,12,1.0,0.67,1.33,0.5,0.438,0.062,2020-21
1629833,Keljin Blevins,1610612757,POR,G,25.0,14,14,1.0,0.43,1.29,0.333,0.417,-0.084,2020-21
1630203,Grant Riller,1610612766,CHA,G,24.0,5,5,1.0,0.8,1.2,0.667,0.429,0.238,2020-21
1630218,Robert Woodard II,1610612758,SAC,F,21.0,7,7,1.0,0.57,1.14,0.5,0.505,-0.005,2020-21
204222,Greg Whittington,1610612743,DEN,F,28.0,1,1,1.0,0.0,1.0,0.0,0.407,-0.407,2020-21
203999,Nikola Jokić,1610612743,DEN,C,27.0,74,74,1.0,10.24,21.32,0.48,0.49,-0.01,2021-22
203497,Rudy Gobert,1610612762,UTA,C,30.0,66,66,1.0,8.64,20.77,0.416,0.485,-0.069,2021-22
202696,Nikola Vučević,1610612741,CHI,C,31.0,73,73,1.0,9.77,20.0,0.488,0.49,-0.001,2021-22
1627751,Jakob Poeltl,1610612759,SAS,C,26.0,68,68,1.0,9.1,19.34,0.471,0.489,-0.018,2021-22
203954,Joel Embiid,1610612755,PHI,C-F,28.0,68,68,1.0,8.96,19.12,0.468,0.496,-0.027,2021-22
1630285,Zavier Simpson,1610612760,OKC,G,25.0,4,4,1.0,8.25,18.5,0.446,0.448,-0.002,2021-22
1630596,Evan Mobley,1610612739,CLE,C,21.0,69,69,1.0,7.93,17.39,0.456,0.478,-0.023,2021-22
203076,Anthony Davis,1610612747,LAL,F-C,29.0,40,40,1.0,7.45,17.0,0.438,0.475,-0.036,2021-22
202685,Jonas Valanciunas,1610612740,NOP,C,30.0,74,74,1.0,8.0,16.45,0.486,0.496,-0.01,2021-22
1627783,Pascal Siakam,1610612761,TOR,F,28.0,68,68,1.0,7.68,16.35,0.469,0.462,0.007,2021-22
1626174,Christian Wood,1610612745,HOU,F,26.0,68,68,1.0,7.71,16.35,0.471,0.471,0.0,2021-22
1629028,Deandre Ayton,1610612756,PHX,C,23.0,58,58,1.0,7.21,16.28,0.443,0.484,-0.041,2021-22
1630567,Scottie Barnes,1610612761,TOR,F,20.0,74,74,1.0,7.59,16.16,0.47,0.466,0.004,2021-22
1627826,Ivica Zubac,1610612746,LAC,C,25.0,76,76,1.0,7.49,16.0,0.468,0.49,-0.022,2021-22
1628386,Jarrett Allen,1610612739,CLE,C,24.0,56,56,1.0,6.55,15.77,0.416,0.482,-0.067,2021-22
1628970,Miles Bridges,1610612766,CHA,F,24.0,80,80,1.0,7.14,15.75,0.453,0.466,-0.013,2021-22
1627734,Domantas Sabonis,1610612758,SAC,F-C,26.0,62,62,1.0,7.61,15.71,0.485,0.478,0.006,2021-22
201143,Al Horford,1610612738,BOS,C-F,36.0,69,69,1.0,6.39,15.04,0.425,0.472,-0.047,2021-22
1626157,Karl-Anthony Towns,1610612750,MIN,C-F,26.0,74,74,1.0,7.07,14.91,0.474,0.489,-0.015,2021-22
1629658,Jaylen Hoard,1610612760,OKC,F,23.0,6,6,1.0,7.83,14.83,0.528,0.467,0.061,2021-22
1628976,Wendell Carter Jr.,1610612753,ORL,C-F,23.0,62,62,1.0,6.68,14.68,0.455,0.485,-0.03,2021-22
1626163,Frank Kaminsky,1610612756,PHX,F-C,29.0,9,9,1.0,6.44,14.67,0.439,0.468,-0.028,2021-22
204001,Kristaps Porziņģis,1610612764,WAS,F-C,26.0,51,51,1.0,6.94,14.55,0.477,0.479,-0.002,2021-22
1630595,Cade Cunningham,1610612765,DET,G,20.0,64,64,1.0,6.83,14.53,0.47,0.467,0.003,2021-22
1628366,Lonzo Ball,1610612741,CHI,G,24.0,35,35,1.0,6.66,14.46,0.46,0.452,0.009,2021-22
1630191,Isaiah Stewart,1610612765,DET,F-C,21.0,71,71,1.0,6.35,14.38,0.442,0.481,-0.039,2021-22
201950,Jrue Holiday,1610612749,MIL,G,32.0,66,66,1.0,6.32,14.35,0.44,0.456,-0.016,2021-22
1628964,Mo Bamba,1610612753,ORL,C,24.0,71,71,1.0,6.34,14.34,0.442,0.483,-0.041,2021-22
201572,Brook Lopez,1610612749,MIL,C,34.0,13,13,1.0,6.0,14.31,0.419,0.483,-0.064,2021-22
1629647,Darius Bazley,1610612760,OKC,F,22.0,69,69,1.0,6.94,14.3,0.485,0.465,0.02,2021-22
1628381,John Collins,1610612737,ATL,F-C,24.0,54,54,1.0,6.87,14.3,0.481,0.471,0.009,2021-22
1629628,RJ Barrett,1610612752,NYK,F-G,22.0,70,70,1.0,6.4,14.26,0.449,0.462,-0.013,2021-22
201142,Kevin Durant,1610612751,BKN,F,33.0,55,55,1.0,6.07,14.24,0.427,0.461,-0.035,2021-22
1627832,Fred VanVleet,1610612761,TOR,G,28.0,65,65,1.0,6.8,14.23,0.478,0.456,0.021,2021-22
203486,Mason Plumlee,1610612766,CHA,F-C,32.0,73,73,1.0,6.74,14.18,0.475,0.489,-0.014,2021-22
203991,Clint Capela,1610612737,ATL,C,28.0,74,74,1.0,6.96,14.14,0.492,0.491,0.001,2021-22
203952,Andrew Wiggins,1610612744,GSW,F,27.0,73,73,1.0,6.14,14.12,0.435,0.468,-0.034,2021-22
1628983,Shai Gilgeous-Alexander,1610612760,OKC,G,23.0,56,56,1.0,6.7,14.07,0.476,0.455,0.021,2021-22
1626167,Myles Turner,1610612754,IND,C-F,26.0,42,42,1.0,6.76,14.02,0.482,0.498,-0.016,2021-22
203500,Steven Adams,1610612763,MEM,C,28.0,76,76,1.0,7.01,14.01,0.5,0.498,0.002,2021-22
1628368,De'Aaron Fox,1610612758,SAC,G,24.0,59,59,1.0,6.93,14.0,0.495,0.455,0.04,2021-22
1629029,Luka Dončić,1610612742,DAL,F-G,23.0,65,65,1.0,6.66,13.94,0.478,0.462,0.016,2021-22
1628404,Josh Hart,1610612757,POR,G,27.0,54,54,1.0,6.63,13.91,0.477,0.458,0.018,2021-22
203507,Giannis Antetokounmpo,1610612749,MIL,F,27.0,67,67,1.0,6.16,13.82,0.446,0.478,-0.032,2021-22
203994,Jusuf Nurkić,1610612757,POR,C,27.0,56,56,1.0,7.0,13.8,0.507,0.496,0.011,2021-22
1626164,Devin Booker,1610612756,PHX,G,25.0,68,68,1.0,5.96,13.76,0.433,0.455,-0.022,2021-22
1627827,Dorian Finney-Smith,1610612742,DAL,F,29.0,80,80,1.0,6.28,13.74,0.457,0.463,-0.006,2021-22
1628476,Derrick Walton Jr.,1610612765,DET,G,27.0,3,3,1.0,4.33,13.67,0.317,0.439,-0.122,2021-22
201935,James Harden,1610612755,PHI,G,32.0,65,65,1.0,6.37,13.54,0.47,0.466,0.004,2021-22
1628374,Lauri Markkanen,1610612739,CLE,F-C,25.0,61,61,1.0,6.64,13.54,0.49,0.473,0.017,2021-22
1626156,D'Angelo Russell,1610612750,MIN,G,26.0,65,65,1.0,6.28,13.51,0.465,0.457,0.007,2021-22
1626171,Bobby Portis Jr.,1610612749,MIL,F,27.0,72,72,1.0,5.92,13.5,0.438,0.479,-0.04,2021-22
1629057,Robert Williams III,1610612738,BOS,C-F,24.0,61,61,1.0,5.41,13.46,0.402,0.473,-0.071,2021-22
202331,Paul George,1610612746,LAC,F,32.0,31,31,1.0,5.81,13.45,0.432,0.462,-0.03,2021-22
203468,CJ McCollum,1610612740,NOP,G,30.0,62,62,1.0,6.31,13.34,0.473,0.454,0.019,2021-22
202704,Reggie Jackson,1610612746,LAC,G,32.0,75,75,1.0,5.79,13.28,0.436,0.457,-0.021,2021-22
203110,Draymond Green,1610612744,GSW,F,32.0,45,45,1.0,5.38,13.22,0.407,0.474,-0.067,2021-22
203944,Julius Randle,1610612752,NYK,F-C,27.0,72,72,1.0,5.65,13.11,0.431,0.473,-0.041,2021-22
1627741,Buddy Hield,1610612754,IND,G,29.0,81,81,1.0,6.58,13.01,0.506,0.456,0.05,2021-22
1627749,Dejounte Murray,1610612759,SAS,G,25.0,68,68,1.0,6.29,12.88,0.489,0.465,0.024,2021-22
2544,LeBron James,1610612747,LAL,F,37.0,56,56,1.0,5.43,12.86,0.422,0.469,-0.047,2021-22
1630162,Anthony Edwards,1610612750,MIN,G,20.0,72,72,1.0,6.08,12.86,0.473,0.462,0.011,2021-22
1629962,Devin Cannady,1610612753,ORL,G,26.0,5,5,1.0,6.4,12.8,0.5,0.441,0.059,2021-22
202681,Kyrie Irving,1610612751,BKN,G,30.0,29,29,1.0,5.69,12.76,0.446,0.455,-0.009,2021-22
1629652,Luguentz Dort,1610612760,OKC,G,23.0,51,51,1.0,5.71,12.69,0.45,0.453,-0.003,2021-22
1626220,Royce O'Neale,1610612762,UTA,F,29.0,77,77,1.0,5.99,12.65,0.473,0.464,0.009,2021-22
203114,Khris Middleton,1610612749,MIL,F,30.0,66,66,1.0,5.94,12.61,0.471,0.456,0.015,2021-22
1628969,Mikal Bridges,1610612756,PHX,F,25.0,82,82,1.0,5.79,12.57,0.461,0.455,0.005,2021-22
1628401,Derrick White,1610612738,BOS,G,27.0,75,75,1.0,5.67,12.56,0.451,0.458,-0.006,2021-22
1629631,De'Andre Hunter,1610612737,ATL,F-G,24.0,53,53,1.0,5.72,12.51,0.457,0.462,-0.005,2021-22
1628392,Isaiah Hartenstein,1610612746,LAC,C-F,24.0,68,68,1.0,5.62,12.49,0.45,0.472,-0.022,2021-22
1628389,Bam Adebayo,1610612748,MIA,C-F,24.0,56,56,1.0,5.34,12.48,0.428,0.476,-0.049,2021-22
1629630,Ja Morant,1610612763,MEM,G,22.0,57,57,1.0,5.44,12.35,0.44,0.46,-0.02,2021-22
1628398,Kyle Kuzma,1610612764,WAS,F,26.0,66,66,1.0,5.41,12.33,0.439,0.465,-0.027,2021-22
1630166,Deni Avdija,1610612764,WAS,F,21.0,81,81,1.0,5.37,12.33,0.435,0.458,-0.023,2021-22
1627759,Jaylen Brown,1610612738,BOS,G-F,25.0,66,66,1.0,5.62,12.32,0.456,0.458,-0.002,2021-22
1626179,Terry Rozier,1610612766,CHA,G,28.0,73,73,1.0,6.03,12.32,0.489,0.458,0.031,2021-22
202699,Tobias Harris,1610612755,PHI,F,29.0,73,73,1.0,5.71,12.32,0.464,0.47,-0.007,2021-22
1628991,Jaren Jackson Jr.,1610612763,MEM,F-C,22.0,78,78,1.0,5.13,12.26,0.418,0.477,-0.058,2021-22
1629023,P.J. Washington,1610612766,CHA,F,23.0,65,65,1.0,5.71,12.22,0.467,0.474,-0.007,2021-22
1628415,Dillon Brooks,1610612763,MEM,G-F,26.0,32,32,1.0,5.53,12.22,0.453,0.452,0.001,2021-22
1629645,Kevin Porter Jr.,1610612745,HOU,G-F,22.0,61,61,1.0,6.25,12.21,0.511,0.468,0.043,2021-22
1630581,Josh Giddey,1610612760,OKC,G,19.0,54,54,1.0,5.48,12.19,0.45,0.461,-0.011,2021-22
1630578,Alperen Sengun,1610612745,HOU,C,19.0,72,72,1.0,6.21,12.18,0.51,0.477,0.033,2021-22
1626172,Kevon Looney,1610612744,GSW,F,26.0,82,82,1.0,5.5,12.16,0.452,0.487,-0.034,2021-22
1628464,Daniel Theis,1610612738,BOS,F-C,30.0,47,47,1.0,5.79,12.13,0.477,0.477,0.0,2021-22
203078,Bradley Beal,1610612764,WAS,G,29.0,40,40,1.0,5.5,12.13,0.454,0.46,-0.006,2021-22
1629640,Keldon Johnson,1610612759,SAS,F-G,22.0,75,75,1.0,5.53,12.11,0.457,0.461,-0.004,2021-22
1628380,Zach Collins,1610612759,SAS,F-C,24.0,28,28,1.0,5.71,12.11,0.472,0.485,-0.014,2021-22
203081,Damian Lillard,1610612757,POR,G,31.0,29,29,1.0,5.72,12.1,0.473,0.459,0.014,2021-22
1630178,Tyrese Maxey,1610612755,PHI,G,21.0,75,75,1.0,5.49,12.08,0.455,0.449,0.005,2021-22
1630169,Tyrese Haliburton,1610612754,IND,G,22.0,77,77,1.0,6.09,12.04,0.506,0.448,0.057,2021-22
200768,Kyle Lowry,1610612748,MIA,G,36.0,63,63,1.0,6.02,12.02,0.501,0.461,0.04,2021-22
1629655,Daniel Gafford,1610612764,WAS,F-C,23.0,72,72,1.0,5.92,12.01,0.492,0.482,0.01,2021-22
1630217,Desmond Bane,1610612763,MEM,G,24.0,76,76,1.0,5.13,12.0,0.428,0.456,-0.028,2021-22
200746,LaMarcus Aldridge,1610612751,BKN,C-F,36.0,47,47,1.0,5.4,12.0,0.45,0.479,-0.028,2021-22
203992,Bogdan Bogdanović,1610612737,ATL,G,29.0,63,63,1.0,5.75,11.98,0.479,0.455,0.024,2021-22
1628369,Jayson Tatum,1610612738,BOS,F-G,24.0,76,76,1.0,5.09,11.91,0.428,0.458,-0.03,2021-22
1630532,Franz Wagner,1610612753,ORL,F,20.0,77,77,1.0,5.12,11.87,0.431,0.458,-0.027,2021-22
1630529,Herbert Jones,1610612740,NOP,F,23.0,78,78,1.0,5.59,11.85,0.472,0.458,0.014,2021-22
200782,P.J. Tucker,1610612748,MIA,F,37.0,71,71,1.0,5.15,11.85,0.435,0.46,-0.025,2021-22
203496,Robert Covington,1610612746,LAC,F,31.0,71,71,1.0,5.49,11.76,0.467,0.469,-0.002,2021-22
1629639,Tyler Herro,1610612748,MIA,G,22.0,66,66,1.0,5.36,11.74,0.457,0.448,0.008,2021-22
203932,Aaron Gordon,1610612743,DEN,F,26.0,75,75,1.0,5.27,11.73,0.449,0.463,-0.014,2021-22
202689,Kemba Walker,1610612752,NYK,G,32.0,37,37,1.0,5.68,11.68,0.486,0.449,0.037,2021-22
203084,Harrison Barnes,1610612758,SAC,F,30.0,77,77,1.0,5.78,11.66,0.496,0.471,0.024,2021-22
1630175,Cole Anthony,1610612753,ORL,G,22.0,64,64,1.0,5.61,11.66,0.481,0.454,0.027,2021-22
1628384,OG Anunoby,1610612761,TOR,F,24.0,48,48,1.0,5.17,11.65,0.444,0.458,-0.014,2021-22
1629011,Mitchell Robinson,1610612752,NYK,C-F,24.0,72,72,1.0,5.06,11.65,0.434,0.486,-0.052,2021-22
203109,Jae Crowder,1610612756,PHX,F,31.0,67,67,1.0,5.39,11.64,0.463,0.466,-0.003,2021-22
1627763,Malcolm Brogdon,1610612754,IND,G,29.0,36,36,1.0,5.33,11.64,0.458,0.456,0.002,2021-22
203897,Zach LaVine,1610612741,CHI,G-F,27.0,67,67,1.0,5.52,11.63,0.475,0.45,0.025,2021-22
1628467,Maxi Kleber,1610612742,DAL,F,30.0,59,59,1.0,4.88,11.59,0.421,0.463,-0.042,2021-22
203939,Dwight Powell,1610612742,DAL,F-C,30.0,82,82,1.0,5.65,11.57,0.488,0.488,-0.001,2021-22
1627936,Alex Caruso,1610612741,CHI,G,28.0,41,41,1.0,5.29,11.56,0.458,0.452,0.006,2021-22
1630526,Jeremiah Robinson-Earl,1610612760,OKC,F,21.0,49,49,1.0,5.45,11.55,0.472,0.48,-0.008,2021-22
1626192,Pat Connaughton,1610612749,MIL,G,29.0,65,65,1.0,5.48,11.55,0.474,0.457,0.017,2021-22
202355,Hassan Whiteside,1610612762,UTA,C,33.0,65,65,1.0,5.48,11.52,0.475,0.483,-0.008,2021-22
1630256,Jae'Sean Tate,1610612745,HOU,F,26.0,78,78,1.0,5.24,11.5,0.456,0.469,-0.013,2021-22
1629642,Nassir Little,1610612757,POR,F-G,22.0,42,42,1.0,4.74,11.48,0.413,0.457,-0.044,2021-22
1630173,Precious Achiuwa,1610612761,TOR,F,22.0,73,73,1.0,5.07,11.45,0.443,0.477,-0.034,2021-22
1626149,Montrezl Harrell,1610612766,CHA,F-C,28.0,71,71,1.0,5.2,11.41,0.456,0.48,-0.025,2021-22
1630168,Onyeka Okongwu,1610612737,ATL,F-C,21.0,48,48,1.0,5.02,11.4,0.441,0.478,-0.037,2021-22
1630537,Chris Duarte,1610612754,IND,G,25.0,55,55,1.0,5.02,11.38,0.441,0.451,-0.01,2021-22
1630559,Austin Reaves,1610612747,LAL,G,24.0,61,61,1.0,5.2,11.36,0.457,0.447,0.01,2021-22
1629636,Darius Garland,1610612739,CLE,G,22.0,68,68,1.0,5.46,11.31,0.482,0.444,0.039,2021-22
1628989,Kevin Huerter,1610612737,ATL,G-F,23.0,74,74,1.0,5.32,11.3,0.471,0.452,0.02,2021-22
1628963,Marvin Bagley III,1610612765,DET,F,23.0,48,48,1.0,4.9,11.27,0.434,0.47,-0.036,2021-22
1629684,Grant Williams,1610612738,BOS,F,23.0,77,77,1.0,5.05,11.23,0.45,0.461,-0.012,2021-22
1630183,Jaden McDaniels,1610612750,MIN,F,21.0,70,70,1.0,4.56,11.19,0.407,0.457,-0.049,2021-22
1630314,Brandon Williams,1610612757,POR,G,22.0,24,24,1.0,5.42,11.13,0.487,0.45,0.037,2021-22
1629027,Trae Young,1610612737,ATL,G,23.0,76,76,1.0,5.28,11.03,0.479,0.443,0.035,2021-22
1628419,Cameron Oliver,1610612737,ATL,F,25.0,2,2,1.0,6.0,11.0,0.545,0.521,0.024,2021-22
1629651,Nic Claxton,1610612751,BKN,F-C,23.0,47,47,1.0,4.77,10.98,0.434,0.463,-0.029,2021-22
1627745,Damian Jones,1610612758,SAC,C,27.0,53,53,1.0,5.45,10.96,0.497,0.478,0.019,2021-22
1629659,Talen Horton-Tucker,1610612747,LAL,G,21.0,60,60,1.0,5.07,10.93,0.463,0.452,0.012,2021-22
203457,Nerlens Noel,1610612752,NYK,C-F,28.0,25,25,1.0,5.56,10.92,0.509,0.498,0.011,2021-22
1629617,Reggie Perry,1610612757,POR,F-C,22.0,10,10,1.0,5.3,10.9,0.486,0.471,0.015,2021-22
1626158,Richaun Holmes,1610612758,SAC,F,28.0,45,45,1.0,5.24,10.89,0.482,0.482,0.0,2021-22
1629014,Anfernee Simons,1610612757,POR,G,23.0,57,57,1.0,5.68,10.86,0.523,0.457,0.066,2021-22
1628370,Malik Monk,1610612747,LAL,G,24.0,76,76,1.0,5.22,10.83,0.482,0.456,0.026,2021-22
1628971,Bruce Brown,1610612751,BKN,G-F,25.0,72,72,1.0,4.47,10.83,0.413,0.461,-0.048,2021-22
203552,Seth Curry,1610612751,BKN,G,31.0,64,64,1.0,4.77,10.8,0.441,0.448,-0.006,2021-22
1629676,Isaiah Roby,1610612760,OKC,F,24.0,45,45,1.0,5.33,10.78,0.495,0.486,0.008,2021-22
203083,Andre Drummond,1610612751,BKN,C,28.0,73,73,1.0,5.34,10.74,0.497,0.486,0.011,2021-22
203915,Spencer Dinwiddie,1610612742,DAL,G,29.0,67,67,1.0,4.94,10.73,0.46,0.452,0.008,2021-22
1628997,Caleb Martin,1610612748,MIA,F,26.0,59,59,1.0,4.47,10.73,0.417,0.458,-0.041,2021-22
1629632,Coby White,1610612741,CHI,G,22.0,61,61,1.0,5.15,10.72,0.48,0.45,0.031,2021-22
202692,Alec Burks,1610612752,NYK,G,30.0,81,81,1.0,4.8,10.72,0.448,0.458,-0.01,2021-22
1626169,Stanley Johnson,1610612747,LAL,F-G,26.0,48,48,1.0,5.4,10.71,0.504,0.462,0.042,2021-22
1630163,LaMelo Ball,1610612766,CHA,G,20.0,75,75,1.0,5.0,10.71,0.467,0.456,0.011,2021-22
201566,Russell Westbrook,1610612747,LAL,G,33.0,78,78,1.0,5.28,10.68,0.495,0.462,0.033,2021-22
201939,Stephen Curry,1610612744,GSW,G,34.0,64,64,1.0,4.7,10.67,0.441,0.454,-0.014,2021-22
201145,Jeff Green,1610612743,DEN,F,35.0,75,75,1.0,5.01,10.63,0.472,0.472,0.0,2021-22
203935,Marcus Smart,1610612738,BOS,G,28.0,71,71,1.0,4.77,10.62,0.45,0.454,-0.005,2021-22
203482,Kelly Olynyk,1610612765,DET,F-C,31.0,40,40,1.0,5.2,10.6,0.491,0.474,0.017,2021-22
1628960,Grayson Allen,1610612749,MIL,G,26.0,66,66,1.0,4.71,10.58,0.446,0.45,-0.004,2021-22
1626181,Norman Powell,1610612746,LAC,G,29.0,44,44,1.0,5.0,10.55,0.474,0.465,0.009,2021-22
203115,Will Barton,1610612743,DEN,G,31.0,71,71,1.0,5.17,10.52,0.491,0.458,0.033,2021-22
1630556,Kessler Edwards,1610612751,BKN,F,21.0,44,44,1.0,5.16,10.45,0.493,0.465,0.028,2021-22
201586,Serge Ibaka,1610612749,MIL,F,32.0,54,54,1.0,5.17,10.44,0.495,0.482,0.013,2021-22
202357,Nemanja Bjelica,1610612744,GSW,F,34.0,71,71,1.0,4.93,10.44,0.472,0.464,0.008,2021-22
1626195,Willy Hernangomez,1610612740,NOP,C-F,28.0,49,49,1.0,5.61,10.43,0.538,0.49,0.048,2021-22
1628998,Cody Martin,1610612766,CHA,F,26.0,71,71,1.0,4.92,10.38,0.474,0.454,0.019,2021-22
1630224,Jalen Green,1610612745,HOU,G,20.0,67,67,1.0,5.46,10.36,0.527,0.46,0.068,2021-22
1627747,Caris LeVert,1610612739,CLE,G,27.0,58,58,1.0,5.09,10.34,0.492,0.457,0.035,2021-22
1630598,Aaron Wiggins,1610612760,OKC,G,23.0,50,50,1.0,4.98,10.32,0.483,0.454,0.028,2021-22
201580,JaVale McGee,1610612756,PHX,C-F,34.0,74,74,1.0,4.57,10.3,0.444,0.477,-0.034,2021-22
1630558,Davion Mitchell,1610612758,SAC,G,23.0,75,75,1.0,4.4,10.24,0.43,0.449,-0.019,2021-22
1630678,Terry Taylor,1610612754,IND,F,22.0,31,31,1.0,5.35,10.23,0.524,0.467,0.056,2021-22
2546,Carmelo Anthony,1610612747,LAL,F,38.0,69,69,1.0,4.65,10.22,0.455,0.467,-0.011,2021-22
203925,Joe Harris,1610612751,BKN,G-F,30.0,14,14,1.0,4.64,10.21,0.455,0.445,0.009,2021-22
1629726,Garrison Mathews,1610612745,HOU,G,25.0,65,65,1.0,5.05,10.2,0.495,0.452,0.043,2021-22
203458,Alex Len,1610612758,SAC,C,29.0,38,38,1.0,5.0,10.18,0.491,0.498,-0.007,2021-22
1629611,Terance Mann,1610612746,LAC,G-F,25.0,81,81,1.0,4.56,10.12,0.45,0.459,-0.009,2021-22
1630165,Killian Hayes,1610612765,DET,G,20.0,66,66,1.0,4.79,10.12,0.473,0.453,0.02,2021-22
1630591,Jalen Suggs,1610612753,ORL,G,21.0,48,48,1.0,4.4,10.06,0.437,0.458,-0.021,2021-22
201144,Mike Conley,1610612762,UTA,G,34.0,72,72,1.0,4.43,10.04,0.441,0.452,-0.011,2021-22
201567,Kevin Love,1610612739,CLE,F-C,33.0,74,74,1.0,4.57,10.04,0.455,0.468,-0.013,2021-22
201942,DeMar DeRozan,1610612741,CHI,G-F,32.0,76,76,1.0,4.84,10.03,0.483,0.456,0.027,2021-22
202694,Marcus Morris Sr.,1610612746,LAC,F,32.0,54,54,1.0,4.78,10.0,0.478,0.464,0.013,2021-22
1630644,Mac McClung,1610612747,LAL,G,23.0,1,1,1.0,8.0,10.0,0.8,0.453,0.347,2021-22
1629008,Michael Porter Jr.,1610612743,DEN,F,24.0,9,9,1.0,5.0,10.0,0.5,0.485,0.015,2021-22
1630171,Isaac Okoro,1610612739,CLE,F-G,21.0,67,67,1.0,4.37,9.99,0.438,0.454,-0.016,2021-22
1628973,Jalen Brunson,1610612742,DAL,G,25.0,79,79,1.0,4.61,9.99,0.461,0.445,0.016,2021-22
1629020,Jarred Vanderbilt,1610612750,MIN,F,23.0,74,74,1.0,4.46,9.95,0.448,0.477,-0.028,2021-22
203095,Evan Fournier,1610612752,NYK,G-F,29.0,80,80,1.0,4.69,9.93,0.472,0.454,0.018,2021-22
1627739,Kris Dunn,1610612757,POR,G,28.0,14,14,1.0,5.14,9.93,0.518,0.456,0.062,2021-22
203471,Dennis Schröder,1610612745,HOU,G,28.0,64,64,1.0,4.52,9.88,0.457,0.446,0.011,2021-22
1627742,Brandon Ingram,1610612740,NOP,F,24.0,55,55,1.0,4.55,9.87,0.46,0.462,-0.002,2021-22
201577,Robin Lopez,1610612753,ORL,C,34.0,36,36,1.0,4.56,9.83,0.463,0.474,-0.01,2021-22
202710,Jimmy Butler III,1610612748,MIA,F,32.0,57,57,1.0,4.35,9.79,0.444,0.463,-0.019,2021-22
1626162,Kelly Oubre Jr.,1610612766,CHA,F-G,26.0,76,76,1.0,4.79,9.78,0.49,0.459,0.031,2021-22
1629216,Gabe Vincent,1610612748,MIA,G,26.0,64,64,1.0,4.3,9.77,0.44,0.447,-0.007,2021-22
203200,Justin Holiday,1610612758,SAC,F-G,33.0,74,74,1.0,4.95,9.76,0.507,0.458,0.049,2021-22
1629680,Matisse Thybulle,1610612755,PHI,G-F,25.0,66,66,1.0,3.95,9.76,0.405,0.456,-0.05,2021-22
101108,Chris Paul,1610612756,PHX,G,37.0,65,65,1.0,4.63,9.75,0.475,0.457,0.018,2021-22
201933,Blake Griffin,1610612751,BKN,F,33.0,55,55,1.0,4.44,9.75,0.455,0.479,-0.024,2021-22
202711,Bojan Bogdanovic,1610612762,UTA,F,33.0,69,69,1.0,4.81,9.74,0.494,0.462,0.032,2021-22
1629234,Drew Eubanks,1610612757,POR,F-C,25.0,70,70,1.0,4.77,9.74,0.49,0.481,0.009,2021-22
1629661,Cameron Johnson,1610612756,PHX,F,26.0,66,66,1.0,4.32,9.68,0.446,0.456,-0.01,2021-22
201976,Patrick Beverley,1610612750,MIN,G,33.0,58,58,1.0,4.31,9.64,0.447,0.462,-0.015,2021-22
1629643,Chuma Okeke,1610612753,ORL,F,23.0,70,70,1.0,4.69,9.64,0.486,0.464,0.022,2021-22
1630197,Aleksej Pokusevski,1610612760,OKC,F,20.0,61,61,1.0,4.43,9.64,0.459,0.457,0.002,2021-22
201565,Derrick Rose,1610612752,NYK,G,33.0,26,26,1.0,3.58,9.58,0.373,0.448,-0.074,2021-22
1629018,Gary Trent Jr.,1610612761,TOR,G-F,23.0,70,70,1.0,4.76,9.57,0.497,0.452,0.045,2021-22
1628378,Donovan Mitchell,1610612762,UTA,G,25.0,67,67,1.0,4.75,9.57,0.496,0.456,0.04,2021-22
1626168,Trey Lyles,1610612758,SAC,F,26.0,73,73,1.0,4.79,9.56,0.501,0.474,0.027,2021-22
1630249,Vít Krejčí,1610612760,OKC,G,22.0,29,29,1.0,4.45,9.55,0.466,0.448,0.017,2021-22
203501,Tim Hardaway Jr.,1610612742,DAL,G-F,30.0,42,42,1.0,4.57,9.55,0.479,0.455,0.023,2021-22
1629002,Chimezie Metu,1610612758,SAC,F-C,25.0,59,59,1.0,4.64,9.54,0.487,0.462,0.024,2021-22
202330,Gordon Hayward,1610612766,CHA,F,32.0,49,49,1.0,4.49,9.53,0.471,0.464,0.007,2021-22
203924,Jerami Grant,1610612765,DET,F,28.0,47,47,1.0,4.66,9.53,0.489,0.476,0.013,2021-22
1630245,Ayo Dosunmu,1610612741,CHI,G,22.0,77,77,1.0,4.47,9.53,0.469,0.451,0.017,2021-22
202709,Cory Joseph,1610612765,DET,G,30.0,65,65,1.0,4.48,9.52,0.47,0.454,0.016,2021-22
201980,Danny Green,1610612755,PHI,G,35.0,62,62,1.0,4.56,9.5,0.48,0.455,0.025,2021-22
202691,Klay Thompson,1610612744,GSW,G,32.0,32,32,1.0,3.91,9.5,0.411,0.463,-0.052,2021-22
203484,Kentavious Caldwell-Pope,1610612764,WAS,G,29.0,77,77,1.0,4.44,9.45,0.47,0.461,0.008,2021-22
1628978,Donte DiVincenzo,1610612758,SAC,G,25.0,42,42,1.0,4.6,9.43,0.487,0.446,0.041,2021-22
1628984,Devonte' Graham,1610612740,NOP,G,27.0,76,76,1.0,4.5,9.41,0.478,0.451,0.028,2021-22
1627777,Georges Niang,1610612755,PHI,F,29.0,76,76,1.0,4.54,9.38,0.484,0.464,0.02,2021-22
1629001,De'Anthony Melton,1610612763,MEM,G,24.0,73,73,1.0,4.7,9.37,0.501,0.454,0.048,2021-22
1628982,Melvin Frazier Jr.,1610612760,OKC,G-F,25.0,3,3,1.0,5.33,9.33,0.571,0.438,0.134,2021-22
201937,Ricky Rubio,1610612754,IND,G,31.0,34,34,1.0,3.71,9.32,0.397,0.444,-0.047,2021-22
1629622,Max Strus,1610612748,MIA,G-F,26.0,68,68,1.0,4.19,9.25,0.453,0.45,0.003,2021-22
1629052,Oshae Brissett,1610612754,IND,F-G,24.0,67,67,1.0,5.01,9.24,0.543,0.458,0.085,2021-22
1628420,Monte Morris,1610612743,DEN,G,27.0,75,75,1.0,4.47,9.23,0.484,0.453,0.031,2021-22
202339,Eric Bledsoe,1610612757,POR,G,32.0,54,54,1.0,4.2,9.19,0.458,0.455,0.002,2021-22
1629012,Collin Sexton,1610612739,CLE,G,23.0,11,11,1.0,4.0,9.18,0.436,0.451,-0.016,2021-22
203493,Reggie Bullock Jr.,1610612742,DAL,G-F,31.0,68,68,1.0,4.34,9.15,0.474,0.456,0.018,2021-22
1630170,Devin Vassell,1610612759,SAS,G-F,21.0,71,71,1.0,4.38,9.14,0.479,0.459,0.021,2021-22
201588,George Hill,1610612749,MIL,G,36.0,54,54,1.0,4.24,9.13,0.465,0.444,0.02,2021-22
1628418,Thomas Bryant,1610612764,WAS,C-F,24.0,27,27,1.0,4.44,9.11,0.488,0.49,-0.002,2021-22
203903,Jordan Clarkson,1610612762,UTA,G,30.0,79,79,1.0,4.05,9.11,0.444,0.446,-0.001,2021-22
1629130,Duncan Robinson,1610612748,MIA,F,28.0,79,79,1.0,4.32,9.08,0.476,0.455,0.021,2021-22
201568,Danilo Gallinari,1610612737,ATL,F,33.0,66,66,1.0,4.42,9.08,0.487,0.465,0.022,2021-22
1628962,Udoka Azubuike,1610612762,UTA,C-F,22.0,15,15,1.0,3.87,9.07,0.426,0.493,-0.066,2021-22
1630563,Joshua Primo,1610612759,SAS,G,19.0,48,48,1.0,4.19,9.06,0.462,0.449,0.013,2021-22
203914,Gary Harris,1610612753,ORL,G,27.0,61,61,1.0,4.21,9.05,0.466,0.455,0.01,2021-22
1629168,BJ Johnson,1610612753,ORL,F,26.0,3,3,1.0,4.33,9.0,0.481,0.432,0.049,2021-22
1628411,Wes Iwundu,1610612737,ATL,F,27.0,3,3,1.0,5.67,9.0,0.63,0.49,0.14,2021-22
1629667,Jalen McDaniels,1610612766,CHA,F-C,24.0,51,51,1.0,4.1,8.96,0.457,0.455,0.003,2021-22
1630846,Olivier Sarr,1610612760,OKC,C,23.0,21,21,1.0,4.67,8.95,0.521,0.462,0.059,2021-22
201988,Patty Mills,1610612751,BKN,G,33.0,81,81,1.0,4.19,8.95,0.468,0.447,0.02,2021-22
1630273,Freddie Gillespie,1610612753,ORL,C,25.0,9,9,1.0,4.11,8.89,0.463,0.472,-0.009,2021-22
1629755,Hassani Gravett,1610612753,ORL,G,25.0,8,8,1.0,4.25,8.88,0.479,0.43,0.049,2021-22
203526,Raul Neto,1610612764,WAS,G,30.0,68,68,1.0,4.38,8.88,0.493,0.447,0.046,2021-22
1630188,Jalen Smith,1610612754,IND,F-C,22.0,49,49,1.0,4.18,8.88,0.471,0.465,0.006,2021-22
1628449,Chris Boucher,1610612761,TOR,F-C,29.0,80,80,1.0,3.9,8.86,0.44,0.466,-0.026,2021-22
1629629,Cam Reddish,1610612752,NYK,F-G,22.0,48,48,1.0,4.02,8.81,0.456,0.453,0.003,2021-22
1630570,Trendon Watford,1610612757,POR,F,21.0,48,48,1.0,4.38,8.79,0.498,0.475,0.023,2021-22
2730,Dwight Howard,1610612747,LAL,C-F,36.0,58,58,1.0,4.45,8.79,0.506,0.49,0.016,2021-22
1628470,Torrey Craig,1610612756,PHX,F,31.0,78,78,1.0,4.03,8.76,0.46,0.456,0.004,2021-22
1628391,D.J. Wilson,1610612761,TOR,F,26.0,4,4,1.0,4.25,8.75,0.486,0.466,0.02,2021-22
1626204,Larry Nance Jr.,1610612740,NOP,F-C,29.0,46,46,1.0,4.37,8.74,0.5,0.468,0.032,2021-22
1630193,Immanuel Quickley,1610612752,NYK,G,23.0,78,78,1.0,3.65,8.74,0.418,0.44,-0.022,2021-22
1629637,Jaxson Hayes,1610612740,NOP,C-F,22.0,70,70,1.0,3.91,8.74,0.448,0.467,-0.02,2021-22
203920,Khem Birch,1610612761,TOR,C,29.0,55,55,1.0,4.27,8.73,0.49,0.479,0.01,2021-22
1629048,Goga Bitadze,1610612754,IND,C-F,22.0,44,44,1.0,4.25,8.73,0.487,0.487,0.0,2021-22
1629673,Jordan Poole,1610612744,GSW,G,23.0,76,76,1.0,4.07,8.71,0.467,0.451,0.016,2021-22
201587,Nicolas Batum,1610612746,LAC,G-F,33.0,59,59,1.0,4.05,8.68,0.467,0.469,-0.002,2021-22
1630172,Patrick Williams,1610612741,CHI,F,20.0,17,17,1.0,3.88,8.65,0.449,0.453,-0.004,2021-22
1630613,Duane Washington Jr.,1610612754,IND,G,22.0,46,46,1.0,4.28,8.65,0.495,0.448,0.047,2021-22
1629021,Moritz Wagner,1610612753,ORL,F-C,25.0,60,60,1.0,4.4,8.62,0.511,0.461,0.05,2021-22
1630587,Isaiah Livers,1610612765,DET,F,23.0,18,18,1.0,3.61,8.61,0.419,0.458,-0.039,2021-22
1629750,Javonte Green,1610612741,CHI,G-F,28.0,65,65,1.0,3.98,8.55,0.466,0.459,0.007,2021-22
1630533,Ziaire Williams,1610612763,MEM,F,20.0,62,62,1.0,3.92,8.55,0.458,0.451,0.008,2021-22
1630543,Isaiah Jackson,1610612754,IND,F,20.0,36,36,1.0,4.22,8.5,0.497,0.475,0.022,2021-22
1628379,Luke Kennard,1610612746,LAC,G,26.0,70,70,1.0,3.89,8.5,0.457,0.457,0.0,2021-22
1629638,Nickeil Alexander-Walker,1610612762,UTA,G,23.0,64,64,1.0,4.13,8.44,0.489,0.453,0.036,2021-22
1629117,Wenyen Gabriel,1610612747,LAL,F,25.0,24,24,1.0,3.83,8.42,0.455,0.455,0.0,2021-22
203506,Victor Oladipo,1610612748,MIA,G,30.0,8,8,1.0,3.25,8.38,0.388,0.461,-0.073,2021-22
1630180,Saddiq Bey,1610612765,DET,F,23.0,82,82,1.0,3.82,8.34,0.458,0.469,-0.012,2021-22
1629060,Rui Hachimura,1610612764,WAS,F,24.0,42,42,1.0,4.19,8.31,0.504,0.464,0.04,2021-22
1629634,Brandon Clarke,1610612763,MEM,F,25.0,64,64,1.0,3.53,8.23,0.429,0.459,-0.03,2021-22
1630177,Theo Maledon,1610612760,OKC,G,21.0,47,47,1.0,4.17,8.21,0.508,0.449,0.059,2021-22
201949,James Johnson,1610612751,BKN,F,35.0,61,61,1.0,3.69,8.2,0.45,0.459,-0.009,2021-22
204456,T.J. McConnell,1610612754,IND,G,30.0,27,27,1.0,3.81,8.19,0.466,0.447,0.019,2021-22
1629675,Naz Reid,1610612750,MIN,C-F,22.0,77,77,1.0,3.84,8.18,0.47,0.482,-0.012,2021-22
203937,Kyle Anderson,1610612763,MEM,F-G,28.0,69,69,1.0,3.88,8.16,0.476,0.47,0.006,2021-22
201152,Thaddeus Young,1610612761,TOR,F,34.0,51,51,1.0,4.02,8.14,0.494,0.47,0.024,2021-22
1630228,Jonathan Kuminga,1610612744,GSW,F,19.0,65,65,1.0,3.62,8.11,0.446,0.454,-0.008,2021-22
203926,Doug McDermott,1610612759,SAS,F,30.0,51,51,1.0,4.18,8.1,0.516,0.453,0.063,2021-22
1626196,Josh Richardson,1610612759,SAS,G,28.0,65,65,1.0,3.77,8.08,0.467,0.444,0.022,2021-22
1629604,CJ Elleby,1610612757,POR,F-G,22.0,52,52,1.0,3.83,8.06,0.475,0.459,0.016,2021-22
1630557,Corey Kispert,1610612764,WAS,F,23.0,75,75,1.0,3.83,8.05,0.475,0.449,0.026,2021-22
1630544,Tre Mann,1610612760,OKC,G,21.0,60,60,1.0,3.68,8.05,0.458,0.443,0.014,2021-22
202324,Derrick Favors,1610612760,OKC,F,30.0,39,39,1.0,3.74,8.0,0.468,0.492,-0.024,2021-22
202340,Avery Bradley,1610612747,LAL,G,31.0,62,62,1.0,4.27,8.0,0.534,0.457,0.077,2021-22
1629752,Juwan Morgan,1610612738,BOS,F,25.0,2,2,1.0,3.5,8.0,0.438,0.441,-0.003,2021-22
1630553,Keon Johnson,1610612757,POR,G,20.0,34,34,1.0,3.91,7.94,0.493,0.457,0.036,2021-22
202328,Greg Monroe,1610612750,MIN,F-C,32.0,14,14,1.0,4.07,7.93,0.514,0.488,0.025,2021-22
1630181,R.J. Hampton,1610612753,ORL,G,21.0,64,64,1.0,3.97,7.91,0.502,0.446,0.056,2021-22
1630296,Braxton Key,1610612765,DET,F,25.0,11,11,1.0,3.18,7.91,0.402,0.459,-0.057,2021-22
203490,Otto Porter Jr.,1610612744,GSW,F,29.0,63,63,1.0,3.84,7.9,0.486,0.466,0.02,2021-22
202083,Wesley Matthews,1610612749,MIL,G,35.0,49,49,1.0,3.43,7.88,0.435,0.465,-0.029,2021-22
201569,Eric Gordon,1610612745,HOU,G,33.0,57,57,1.0,3.14,7.72,0.407,0.455,-0.048,2021-22
1628977,Hamidou Diallo,1610612765,DET,G,23.0,58,58,1.0,3.59,7.71,0.465,0.465,0.0,2021-22
1629603,Mamadi Diakite,1610612760,OKC,F,25.0,13,13,1.0,3.85,7.69,0.5,0.495,0.005,2021-22
1629731,Dean Wade,1610612739,CLE,F-C,25.0,49,49,1.0,3.47,7.65,0.453,0.462,-0.008,2021-22
1628972,Troy Brown Jr.,1610612741,CHI,G-F,22.0,61,61,1.0,3.75,7.64,0.491,0.443,0.049,2021-22
202683,Enes Freedom,1610612738,BOS,C,30.0,35,35,1.0,3.37,7.63,0.442,0.465,-0.023,2021-22
202066,Garrett Temple,1610612740,NOP,G-F,36.0,59,59,1.0,3.47,7.63,0.456,0.453,0.002,2021-22
1626147,Justin Anderson,1610612754,IND,F-G,28.0,16,16,1.0,3.88,7.63,0.508,0.459,0.049,2021-22
1630322,Lindy Waters III,1610612760,OKC,F,24.0,24,24,1.0,3.29,7.58,0.434,0.436,-0.002,2021-22
1629026,Kenrich Williams,1610612760,OKC,G-F,27.0,49,49,1.0,3.35,7.57,0.442,0.454,-0.012,2021-22
202687,Bismack Biyombo,1610612756,PHX,C,29.0,35,35,1.0,3.69,7.57,0.487,0.488,-0.001,2021-22
203090,Maurice Harkless,1610612758,SAC,F-G,29.0,46,46,1.0,3.35,7.57,0.443,0.458,-0.015,2021-22
1627736,Malik Beasley,1610612750,MIN,G,25.0,79,79,1.0,3.44,7.57,0.455,0.448,0.007,2021-22
1629670,Jordan Nwora,1610612749,MIL,F,23.0,60,60,1.0,3.62,7.55,0.479,0.451,0.028,2021-22
201959,Taj Gibson,1610612752,NYK,F,37.0,51,51,1.0,3.27,7.53,0.435,0.474,-0.039,2021-22
202326,DeMarcus Cousins,1610612743,DEN,C,31.0,48,48,1.0,3.46,7.48,0.462,0.477,-0.015,2021-22
1630209,Omer Yurtseven,1610612748,MIA,C,24.0,48,48,1.0,3.33,7.48,0.446,0.481,-0.036,2021-22
1627814,Damion Lee,1610612744,GSW,G-F,29.0,63,63,1.0,3.44,7.44,0.463,0.446,0.016,2021-22
1627884,Derrick Jones Jr.,1610612741,CHI,F,25.0,49,49,1.0,3.43,7.43,0.462,0.47,-0.009,2021-22
1627788,Furkan Korkmaz,1610612755,PHI,G-F,24.0,63,63,1.0,3.32,7.43,0.447,0.447,-0.001,2021-22
1629599,Amir Coffey,1610612746,LAC,G-F,25.0,63,63,1.0,3.27,7.4,0.442,0.457,-0.015,2021-22
200752,Rudy Gay,1610612762,UTA,F-G,35.0,55,55,1.0,3.36,7.4,0.455,0.463,-0.009,2021-22
1630691,Jamorko Pickett,1610612765,DET,F,24.0,10,10,1.0,3.8,7.4,0.514,0.445,0.068,2021-22
202684,Tristan Thompson,1610612741,CHI,C-F,31.0,57,57,1.0,3.58,7.39,0.485,0.484,0.001,2021-22
203473,Dewayne Dedmon,1610612748,MIA,C,32.0,67,67,1.0,3.42,7.39,0.463,0.48,-0.017,2021-22
1629723,John Konchar,1610612763,MEM,G,26.0,72,72,1.0,3.36,7.38,0.456,0.455,0.001,2021-22
1630200,Tre Jones,1610612759,SAS,G,22.0,64,64,1.0,3.3,7.34,0.449,0.444,0.005,2021-22
1630192,Zeke Nnaji,1610612743,DEN,F-C,21.0,38,38,1.0,3.61,7.29,0.495,0.458,0.037,2021-22
1630538,Bones Hyland,1610612743,DEN,G,21.0,68,68,1.0,3.31,7.29,0.454,0.449,0.004,2021-22
1626159,Justise Winslow,1610612757,POR,F-G,26.0,42,42,1.0,3.1,7.26,0.426,0.46,-0.034,2021-22
2738,Andre Iguodala,1610612744,GSW,G-F,38.0,31,31,1.0,2.77,7.26,0.382,0.454,-0.072,2021-22
1630176,Vernon Carey Jr.,1610612764,WAS,F-C,21.0,4,4,1.0,3.75,7.25,0.517,0.493,0.025,2021-22
1628408,PJ Dozier,1610612743,DEN,G-F,25.0,18,18,1.0,3.06,7.22,0.423,0.467,-0.044,2021-22
203145,Kent Bazemore,1610612747,LAL,G-F,32.0,37,37,1.0,3.19,7.22,0.442,0.457,-0.015,2021-22
1630240,Saben Lee,1610612765,DET,G,23.0,34,34,1.0,3.5,7.21,0.486,0.454,0.032,2021-22
1626166,Cameron Payne,1610612756,PHX,G,27.0,58,58,1.0,3.41,7.21,0.474,0.455,0.018,2021-22
1627752,Taurean Prince,1610612750,MIN,F,28.0,67,67,1.0,3.72,7.18,0.518,0.46,0.058,2021-22
1626153,Delon Wright,1610612737,ATL,G,30.0,76,76,1.0,3.49,7.18,0.485,0.447,0.038,2021-22
1630549,Day'Ron Sharpe,1610612751,BKN,F,20.0,28,28,1.0,3.39,7.18,0.473,0.474,-0.001,2021-22
1628365,Markelle Fultz,1610612753,ORL,G,24.0,18,18,1.0,3.22,7.17,0.45,0.451,-0.001,2021-22
1629022,Lonnie Walker IV,1610612759,SAS,G-F,23.0,70,70,1.0,3.13,7.16,0.437,0.454,-0.016,2021-22
1627761,DeAndre' Bembry,1610612749,MIL,G-F,27.0,55,55,1.0,3.02,7.15,0.422,0.458,-0.036,2021-22
200794,Paul Millsap,1610612755,PHI,F,37.0,33,33,1.0,3.24,7.12,0.455,0.467,-0.012,2021-22
1630231,KJ Martin,1610612745,HOU,F,21.0,78,78,1.0,3.14,7.1,0.442,0.455,-0.012,2021-22
203085,Austin Rivers,1610612743,DEN,G,29.0,67,67,1.0,3.52,7.1,0.496,0.452,0.044,2021-22
1630560,Cam Thomas,1610612751,BKN,G,20.0,63,63,1.0,3.54,7.05,0.502,0.448,0.054,2021-22
1628966,Keita Bates-Diop,1610612759,SAS,F,26.0,57,57,1.0,3.16,7.04,0.449,0.453,-0.004,2021-22
1630205,Lamar Stevens,1610612739,CLE,F,24.0,62,62,1.0,2.98,7.02,0.425,0.456,-0.03,2021-22
1630686,Georgios Kalaitzakis,1610612760,OKC,F,23.0,9,9,1.0,3.78,7.0,0.54,0.444,0.096,2021-22
1629035,Carsen Edwards,1610612765,DET,G,24.0,4,4,1.0,3.25,7.0,0.464,0.459,0.005,2021-22
203816,Scotty Hopson,1610612760,OKC,G-F,32.0,1,1,1.0,2.0,7.0,0.286,0.43,-0.144,2021-22
1630187,Daniel Oturu,1610612761,TOR,C,22.0,2,2,1.0,4.0,7.0,0.571,0.461,0.111,2021-22
1629111,Jock Landale,1610612759,SAS,C,26.0,48,48,1.0,3.04,7.0,0.435,0.472,-0.038,2021-22
1628432,Davon Reed,1610612743,DEN,G,27.0,37,37,1.0,3.35,6.97,0.481,0.455,0.025,2021-22
204060,Joe Ingles,1610612757,POR,F-G,34.0,45,45,1.0,3.11,6.96,0.447,0.449,-0.001,2021-22
1629003,Shake Milton,1610612755,PHI,G-F,25.0,55,55,1.0,3.04,6.93,0.438,0.453,-0.014,2021-22
1630267,Facundo Campazzo,1610612743,DEN,G,31.0,58,58,1.0,2.95,6.9,0.428,0.438,-0.011,2021-22
1628402,Frank Jackson,1610612765,DET,G,24.0,52,52,1.0,3.37,6.88,0.489,0.446,0.043,2021-22
203503,Tony Snell,1610612740,NOP,G,30.0,51,51,1.0,3.22,6.88,0.467,0.457,0.01,2021-22
1630568,Luka Garza,1610612765,DET,C,23.0,31,31,1.0,3.77,6.87,0.549,0.494,0.056,2021-22
203488,Mike Muscala,1610612760,OKC,F-C,30.0,42,42,1.0,2.81,6.86,0.41,0.48,-0.07,2021-22
201609,Goran Dragic,1610612751,BKN,G,36.0,21,21,1.0,2.95,6.86,0.431,0.443,-0.013,2021-22
1629730,Rayjon Tucker,1610612749,MIL,G,24.0,5,5,1.0,4.6,6.8,0.676,0.444,0.232,2021-22
2772,Trevor Ariza,1610612747,LAL,F,37.0,24,24,1.0,3.38,6.79,0.497,0.468,0.029,2021-22
1629013,Landry Shamet,1610612756,PHX,G,25.0,68,68,1.0,2.88,6.78,0.425,0.443,-0.018,2021-22
200765,Rajon Rondo,1610612739,CLE,G,36.0,38,38,1.0,3.05,6.76,0.451,0.451,0.001,2021-22
1630606,Javonte Smart,1610612748,MIA,G,23.0,12,12,1.0,2.58,6.75,0.383,0.421,-0.038,2021-22
1628021,David Nwaba,1610612745,HOU,G-F,29.0,44,44,1.0,3.41,6.73,0.507,0.467,0.039,2021-22
1627863,Danuel House Jr.,1610612762,UTA,F-G,29.0,40,40,1.0,3.23,6.73,0.48,0.446,0.033,2021-22
1629056,Terence Davis,1610612758,SAC,G,25.0,30,30,1.0,2.93,6.73,0.436,0.447,-0.011,2021-22
203082,Terrence Ross,1610612753,ORL,G-F,31.0,63,63,1.0,3.22,6.71,0.48,0.453,0.027,2021-22
1629656,Quentin Grimes,1610612752,NYK,G,22.0,42,42,1.0,3.21,6.69,0.48,0.448,0.033,2021-22
1630288,Jeff Dowtin Jr.,1610612753,ORL,G,25.0,6,6,1.0,2.5,6.67,0.375,0.425,-0.05,2021-22
1630528,Josh Christopher,1610612745,HOU,G,20.0,72,72,1.0,3.61,6.67,0.542,0.457,0.084,2021-22
1630695,Micah Potter,1610612765,DET,C,24.0,3,3,1.0,4.0,6.67,0.6,0.484,0.116,2021-22
1628778,Paul Watson,1610612760,OKC,G,27.0,8,8,1.0,3.63,6.63,0.547,0.457,0.09,2021-22
1627780,Gary Payton II,1610612744,GSW,G,29.0,69,69,1.0,2.9,6.62,0.438,0.458,-0.02,2021-22
1630535,Greg Brown III,1610612757,POR,F,20.0,42,42,1.0,3.43,6.62,0.518,0.456,0.062,2021-22
203469,Cody Zeller,1610612757,POR,F-C,29.0,27,27,1.0,3.63,6.59,0.551,0.494,0.057,2021-22
202693,Markieff Morris,1610612748,MIA,F,32.0,17,17,1.0,2.88,6.59,0.438,0.453,-0.015,2021-22
201599,DeAndre Jordan,1610612755,PHI,C,33.0,48,48,1.0,3.15,6.58,0.478,0.478,0.0,2021-22
203087,Jeremy Lamb,1610612758,SAC,G-F,30.0,54,54,1.0,3.2,6.56,0.489,0.456,0.033,2021-22
203463,Ben McLemore,1610612757,POR,G,29.0,62,62,1.0,3.37,6.55,0.515,0.455,0.06,2021-22
203210,JaMychal Green,1610612743,DEN,F-C,32.0,67,67,1.0,3.28,6.52,0.503,0.465,0.039,2021-22
1628372,Dennis Smith Jr.,1610612757,POR,G,24.0,35,35,1.0,2.91,6.46,0.451,0.449,0.002,2021-22
1630579,Jericho Sims,1610612752,NYK,C,23.0,36,36,1.0,3.11,6.44,0.483,0.488,-0.005,2021-22
1626145,Tyus Jones,1610612763,MEM,G,26.0,72,72,1.0,2.96,6.42,0.461,0.444,0.017,2021-22
1629308,Juan Toscano-Anderson,1610612744,GSW,F,29.0,64,64,1.0,2.88,6.42,0.448,0.455,-0.007,2021-22
1630602,Chaundee Brown Jr.,1610612737,ATL,F,23.0,5,5,1.0,2.8,6.4,0.438,0.471,-0.034,2021-22
1628367,Josh Jackson,1610612758,SAC,G-F,25.0,49,49,1.0,3.12,6.39,0.489,0.461,0.027,2021-22
1626224,Cedi Osman,1610612739,CLE,F,27.0,66,66,1.0,2.95,6.36,0.464,0.445,0.019,2021-22
1629644,KZ Okpala,1610612748,MIA,F-G,23.0,15,15,1.0,2.87,6.33,0.453,0.451,0.002,2021-22
1627789,Timothe Luwawu-Cabarrot,1610612737,ATL,G-F,27.0,42,42,1.0,2.86,6.33,0.451,0.454,-0.003,2021-22
1628988,Aaron Holiday,1610612756,PHX,G,25.0,60,60,1.0,2.8,6.3,0.444,0.437,0.008,2021-22
1630214,Xavier Tillman,1610612763,MEM,F,23.0,52,52,1.0,2.85,6.27,0.454,0.468,-0.014,2021-22
1628396,Tony Bradley,1610612741,CHI,C-F,24.0,53,53,1.0,2.45,6.25,0.393,0.488,-0.095,2021-22
201961,Wayne Ellington,1610612747,LAL,G,34.0,43,43,1.0,2.84,6.21,0.457,0.447,0.009,2021-22
203107,Tomas Satoransky,1610612764,WAS,G,30.0,54,54,1.0,3.02,6.15,0.491,0.449,0.042,2021-22
1630792,Malcolm Hill,1610612741,CHI,F,26.0,14,14,1.0,3.0,6.14,0.488,0.461,0.027,2021-22
1630199,Cassius Stanley,1610612765,DET,G,22.0,8,8,1.0,2.25,6.13,0.367,0.435,-0.067,2021-22
202397,Ish Smith,1610612764,WAS,G,33.0,64,64,1.0,2.98,6.11,0.488,0.442,0.047,2021-22
1630561,David Duke Jr.,1610612751,BKN,G,22.0,19,19,1.0,2.79,6.11,0.457,0.444,0.013,2021-22
1630631,Jose Alvarado,1610612740,NOP,G,24.0,49,49,1.0,2.69,6.0,0.449,0.441,0.008,2021-22
1630787,Cameron McGriff,1610612757,POR,F,24.0,3,3,1.0,3.0,6.0,0.5,0.435,0.065,2021-22
204020,Tyler Johnson,1610612759,SAS,G,30.0,6,6,1.0,3.67,6.0,0.611,0.438,0.173,2021-22
1628221,Gabe York,1610612754,IND,G,28.0,1,1,1.0,2.0,6.0,0.333,0.464,-0.131,2021-22
203658,Norvel Pelle,1610612762,UTA,C,29.0,2,2,1.0,4.0,6.0,0.667,0.503,0.164,2021-22
1629875,Xavier Moon,1610612746,LAC,G,27.0,10,10,1.0,2.5,6.0,0.417,0.45,-0.033,2021-22
1630572,Sandro Mamukelashvili,1610612749,MIL,F-C,23.0,34,34,1.0,3.41,5.97,0.571,0.476,0.095,2021-22
1626208,Keifer Sykes,1610612754,IND,G,28.0,29,29,1.0,2.66,5.97,0.445,0.443,0.002,2021-22
1630167,Obi Toppin,1610612752,NYK,F,24.0,71,71,1.0,2.44,5.96,0.409,0.453,-0.044,2021-22
1629718,Charlie Brown Jr.,1610612755,PHI,G,25.0,10,10,1.0,2.3,5.9,0.39,0.471,-0.082,2021-22
1629103,Kelan Martin,1610612738,BOS,F,26.0,29,29,1.0,2.66,5.86,0.453,0.446,0.007,2021-22
1630235,Trent Forrest,1610612762,UTA,G,24.0,54,54,1.0,2.57,5.81,0.443,0.457,-0.014,2021-22
1630758,Aleem Ford,1610612753,ORL,F,24.0,5,5,1.0,3.0,5.8,0.517,0.406,0.111,2021-22
1626161,Willie Cauley-Stein,1610612755,PHI,C,28.0,19,19,1.0,3.16,5.79,0.545,0.492,0.053,2021-22
1629650,Moses Brown,1610612739,CLE,C,22.0,38,38,1.0,2.74,5.76,0.475,0.486,-0.011,2021-22
202954,Brad Wanamaker,1610612764,WAS,G,32.0,22,22,1.0,3.05,5.73,0.532,0.442,0.09,2021-22
1629164,Brandon Goodwin,1610612739,CLE,G,26.0,32,32,1.0,2.56,5.72,0.448,0.445,0.003,2021-22
1629139,Yuta Watanabe,1610612761,TOR,G-F,27.0,34,34,1.0,2.62,5.71,0.459,0.457,0.001,2021-22
203524,Solomon Hill,1610612737,ATL,F,31.0,12,12,1.0,2.83,5.67,0.5,0.445,0.056,2021-22
1629681,Killian Tillie,1610612763,MEM,F-C,24.0,32,32,1.0,2.38,5.59,0.425,0.46,-0.036,2021-22
1628436,Luke Kornet,1610612738,BOS,C-F,26.0,12,12,1.0,2.58,5.58,0.463,0.475,-0.012,2021-22
1629663,Louis King,1610612758,SAC,F,23.0,9,9,1.0,2.67,5.56,0.48,0.472,0.008,2021-22
1629620,Justin Robinson,1610612765,DET,G,24.0,20,20,1.0,2.6,5.55,0.468,0.446,0.022,2021-22
1629660,Ty Jerome,1610612760,OKC,G-F,24.0,45,45,1.0,2.6,5.51,0.472,0.449,0.023,2021-22
1630540,Miles McBride,1610612752,NYK,G,21.0,29,29,1.0,2.45,5.48,0.447,0.438,0.008,2021-22
1627737,Marquese Chriss,1610612742,DAL,F,24.0,32,32,1.0,2.56,5.47,0.469,0.472,-0.004,2021-22
204025,Tim Frazier,1610612739,CLE,G,31.0,11,11,1.0,2.73,5.45,0.5,0.459,0.041,2021-22
1628425,Sterling Brown,1610612742,DAL,G-F,27.0,46,46,1.0,2.67,5.41,0.494,0.461,0.033,2021-22
1628539,Mychal Mulder,1610612748,MIA,G,28.0,13,13,1.0,2.23,5.38,0.414,0.427,-0.013,2021-22
1629185,Chris Chiozza,1610612744,GSW,G,26.0,30,30,1.0,2.47,5.37,0.46,0.445,0.014,2021-22
1628975,Jevon Carter,1610612749,MIL,G,26.0,59,59,1.0,2.44,5.37,0.454,0.449,0.005,2021-22
203648,Thanasis Antetokounmpo,1610612749,MIL,F,29.0,39,39,1.0,2.44,5.36,0.455,0.461,-0.007,2021-22
1630198,Isaiah Joe,1610612755,PHI,G,22.0,48,48,1.0,2.48,5.35,0.463,0.439,0.024,2021-22
1629162,Jordan McLaughlin,1610612750,MIN,G,26.0,60,60,1.0,2.58,5.35,0.483,0.445,0.038,2021-22
1629669,Jaylen Nowell,1610612750,MIN,G,22.0,61,61,1.0,2.56,5.34,0.479,0.446,0.033,2021-22
1627767,Cheick Diallo,1610612765,DET,F-C,25.0,3,3,1.0,3.33,5.33,0.625,0.449,0.177,2021-22
201954,Darren Collison,1610612747,LAL,G,34.0,3,3,1.0,2.67,5.33,0.5,0.395,0.105,2021-22
203901,Elfrid Payton,1610612756,PHX,G,28.0,46,46,1.0,2.33,5.33,0.437,0.436,0.0,2021-22
202362,Lance Stephenson,1610612754,IND,F,31.0,45,45,1.0,2.87,5.31,0.54,0.451,0.089,2021-22
203585,Rodney McGruder,1610612765,DET,G,30.0,48,48,1.0,2.29,5.31,0.431,0.455,-0.023,2021-22
1630182,Josh Green,1610612742,DAL,G,21.0,61,61,1.0,2.43,5.26,0.461,0.441,0.02,2021-22
1629657,Kyle Guy,1610612748,MIA,G,24.0,14,14,1.0,2.71,5.21,0.521,0.463,0.058,2021-22
1628427,Vlatko Cancar,1610612743,DEN,F,25.0,14,14,1.0,2.43,5.21,0.466,0.461,0.005,2021-22
1627820,Tyrone Wallace,1610612740,NOP,G,28.0,5,5,1.0,3.0,5.2,0.577,0.446,0.131,2021-22
203953,Jabari Parker,1610612738,BOS,F,27.0,12,12,1.0,2.75,5.17,0.532,0.473,0.059,2021-22
1630530,Trey Murphy III,1610612740,NOP,F,22.0,56,56,1.0,2.41,5.16,0.467,0.454,0.013,2021-22
1627854,Bryn Forbes,1610612743,DEN,G,28.0,73,73,1.0,2.42,5.16,0.469,0.44,0.029,2021-22
1629712,Didi Louzada,1610612757,POR,G,22.0,8,8,1.0,1.88,5.13,0.366,0.48,-0.115,2021-22
202722,Davis Bertans,1610612742,DAL,F,29.0,56,56,1.0,2.48,5.13,0.484,0.457,0.027,2021-22
1629717,Armoni Brooks,1610612761,TOR,G,24.0,49,49,1.0,2.33,5.1,0.456,0.449,0.007,2021-22
1629641,Romeo Langford,1610612759,SAS,G-F,22.0,46,46,1.0,1.96,5.07,0.386,0.446,-0.06,2021-22
201571,D.J. Augustin,1610612747,LAL,G,34.0,54,54,1.0,2.87,5.07,0.566,0.448,0.118,2021-22
1629006,Josh Okogie,1610612750,MIN,G,23.0,43,43,1.0,2.14,5.02,0.426,0.449,-0.023,2021-22
1629744,Matt Thomas,1610612741,CHI,G,27.0,33,33,1.0,2.03,5.0,0.406,0.447,-0.041,2021-22
202738,Isaiah Thomas,1610612766,CHA,G,33.0,20,20,1.0,2.0,5.0,0.4,0.447,-0.047,2021-22
204038,Langston Galloway,1610612749,MIL,G,30.0,7,7,1.0,2.0,5.0,0.4,0.445,-0.045,2021-22
1629309,Trayvon Palmer,1610612765,DET,G,27.0,1,1,1.0,4.0,5.0,0.8,0.423,0.377,2021-22
1629672,Eric Paschall,1610612762,UTA,F,25.0,56,56,1.0,2.45,4.98,0.491,0.463,0.028,2021-22
203476,Gorgui Dieng,1610612737,ATL,C,32.0,41,41,1.0,2.56,4.95,0.517,0.475,0.043,2021-22
1629674,Neemias Queta,1610612758,SAC,C,22.0,12,12,1.0,2.58,4.92,0.525,0.479,0.046,2021-22
1630586,Usman Garuba,1610612745,HOU,F,20.0,23,23,1.0,2.52,4.91,0.513,0.448,0.066,2021-22
1630202,Payton Pritchard,1610612738,BOS,G,24.0,66,66,1.0,2.08,4.88,0.425,0.44,-0.015,2021-22
1628373,Frank Ntilikina,1610612742,DAL,G,23.0,51,51,1.0,1.92,4.88,0.394,0.456,-0.063,2021-22
1627846,Abdel Nader,1610612756,PHX,F,28.0,14,14,1.0,2.36,4.86,0.485,0.448,0.037,2021-22
1628400,Semi Ojeleye,1610612746,LAC,F,27.0,27,27,1.0,2.3,4.85,0.473,0.46,0.014,2021-22
1630527,Brandon Boston Jr.,1610612746,LAC,G,20.0,49,49,1.0,2.29,4.84,0.473,0.444,0.029,2021-22
1630230,Naji Marshall,1610612740,NOP,F,24.0,49,49,1.0,2.14,4.84,0.443,0.455,-0.012,2021-22
1629004,Svi Mykhailiuk,1610612761,TOR,G-F,25.0,47,47,1.0,2.21,4.81,0.46,0.447,0.013,2021-22
1627823,Juancho Hernangomez,1610612762,UTA,F,26.0,35,35,1.0,2.14,4.77,0.449,0.449,0.0,2021-22
1630583,Santi Aldama,1610612763,MEM,F-C,21.0,29,29,1.0,1.97,4.76,0.413,0.439,-0.026,2021-22
1630184,Kira Lewis Jr.,1610612740,NOP,G,21.0,24,24,1.0,2.54,4.75,0.535,0.449,0.086,2021-22
1629678,Admiral Schofield,1610612753,ORL,F,25.0,35,35,1.0,1.97,4.74,0.416,0.453,-0.038,2021-22
203918,Rodney Hood,1610612746,LAC,G-F,29.0,50,50,1.0,2.28,4.74,0.481,0.449,0.032,2021-22
1630264,Anthony Gill,1610612764,WAS,F,29.0,37,37,1.0,1.73,4.73,0.366,0.448,-0.082,2021-22
1630550,JT Thor,1610612766,CHA,F,19.0,29,29,1.0,2.24,4.72,0.474,0.439,0.036,2021-22
1630233,Nathan Knight,1610612750,MIN,F-C,24.0,32,32,1.0,1.94,4.72,0.411,0.468,-0.057,2021-22
1628035,Alfonzo McKinnie,1610612741,CHI,F,29.0,13,13,1.0,2.54,4.69,0.541,0.46,0.081,2021-22
1630994,Gabriel Lundberg,1610612756,PHX,G,27.0,3,3,1.0,2.67,4.67,0.571,0.478,0.094,2021-22
1630201,Malachi Flynn,1610612761,TOR,G,24.0,38,38,1.0,2.03,4.66,0.435,0.459,-0.024,2021-22
1629076,Tyler Cook,1610612741,CHI,F,24.0,20,20,1.0,2.2,4.65,0.473,0.464,0.009,2021-22
101150,Lou Williams,1610612737,ATL,G,35.0,55,55,1.0,2.0,4.64,0.431,0.448,-0.016,2021-22
1629685,Dylan Windler,1610612739,CLE,G-F,25.0,36,36,1.0,1.97,4.61,0.428,0.45,-0.022,2021-22
1629649,Ignas Brazdeikis,1610612753,ORL,F,23.0,37,37,1.0,2.14,4.57,0.467,0.452,0.015,2021-22
1630206,Jay Scrubb,1610612746,LAC,G,21.0,11,11,1.0,1.91,4.55,0.42,0.428,-0.008,2021-22
1630190,Elijah Hughes,1610612757,POR,G,24.0,29,29,1.0,2.52,4.55,0.553,0.46,0.093,2021-22
1629607,Jared Harper,1610612740,NOP,G,24.0,4,4,1.0,2.0,4.5,0.444,0.42,0.024,2021-22
1630547,James Bouknight,1610612766,CHA,G,21.0,25,25,1.0,2.6,4.48,0.58,0.431,0.15,2021-22
1630194,Paul Reed,1610612755,PHI,F,23.0,33,33,1.0,2.24,4.45,0.503,0.471,0.032,2021-22
1629033,Theo Pinson,1610612742,DAL,G-F,26.0,14,14,1.0,1.86,4.43,0.419,0.458,-0.039,2021-22
1630541,Moses Moody,1610612744,GSW,G,20.0,45,45,1.0,1.71,4.4,0.389,0.444,-0.055,2021-22
1629735,Chris Silva,1610612748,MIA,F,25.0,8,8,1.0,2.5,4.38,0.571,0.503,0.069,2021-22
202334,Ed Davis,1610612739,CLE,C-F,33.0,24,24,1.0,1.96,4.38,0.448,0.48,-0.033,2021-22
1630208,Nick Richards,1610612766,CHA,C,24.0,46,46,1.0,2.07,4.35,0.475,0.483,-0.008,2021-22
1629682,Tremont Waters,1610612764,WAS,G,24.0,3,3,1.0,2.67,4.33,0.615,0.434,0.181,2021-22
1629633,Jarrett Culver,1610612763,MEM,G-F,23.0,33,33,1.0,2.09,4.33,0.483,0.455,0.027,2021-22
1627756,Denzel Valentine,1610612762,UTA,G,28.0,18,18,1.0,1.94,4.33,0.449,0.459,-0.01,2021-22
1626246,Boban Marjanovic,1610612742,DAL,C,33.0,20,20,1.0,2.15,4.25,0.506,0.481,0.025,2021-22
202688,Brandon Knight,1610612742,DAL,G,30.0,4,4,1.0,2.0,4.25,0.471,0.452,0.019,2021-22
1630174,Aaron Nesmith,1610612738,BOS,G-F,22.0,51,51,1.0,2.14,4.25,0.502,0.437,0.065,2021-22
1629623,Lindell Wigginton,1610612749,MIL,G,24.0,16,16,1.0,2.5,4.13,0.606,0.453,0.153,2021-22
1630625,Dalano Banton,1610612761,TOR,F,22.0,62,62,1.0,1.9,4.11,0.463,0.443,0.02,2021-22
203504,Trey Burke,1610612742,DAL,G,29.0,33,33,1.0,1.88,4.09,0.459,0.438,0.021,2021-22
1630219,Skylar Mays,1610612737,ATL,G,24.0,20,20,1.0,1.75,4.05,0.432,0.445,-0.013,2021-22
1630692,Jordan Goodwin,1610612764,WAS,G,23.0,1,1,1.0,3.0,4.0,0.75,0.443,0.307,2021-22
1629203,Jemerrio Jones,1610612747,LAL,F,27.0,1,1,1.0,2.0,4.0,0.5,0.452,0.048,2021-22
1626144,Emmanuel Mudiay,1610612758,SAC,G,26.0,1,1,1.0,2.0,4.0,0.5,0.397,0.103,2021-22
1629150,Emanuel Terry,1610612756,PHX,F,25.0,2,2,1.0,1.5,4.0,0.375,0.504,-0.129,2021-22
1628981,Bruno Fernando,1610612745,HOU,F-C,23.0,27,27,1.0,1.7,4.0,0.426,0.459,-0.033,2021-22
1629719,Devontae Cacok,1610612759,SAS,F,25.0,12,12,1.0,1.92,3.92,0.489,0.442,0.047,2021-22
1629109,Gary Clark,1610612740,NOP,F,27.0,31,31,1.0,2.16,3.9,0.554,0.45,0.104,2021-22
1630215,Jared Butler,1610612762,UTA,G,21.0,35,35,1.0,1.57,3.89,0.404,0.447,-0.043,2021-22
1627853,Ryan Arcidiacono,1610612752,NYK,G,28.0,8,8,1.0,1.5,3.88,0.387,0.416,-0.029,2021-22
1629605,Tacko Fall,1610612739,CLE,C,26.0,8,8,1.0,1.5,3.88,0.387,0.476,-0.088,2021-22
1629833,Keljin Blevins,1610612757,POR,G,26.0,30,30,1.0,1.93,3.87,0.5,0.459,0.041,2021-22
1629312,Haywood Highsmith,1610612748,MIA,F,25.0,14,14,1.0,1.5,3.86,0.389,0.453,-0.064,2021-22
1628993,Alize Johnson,1610612740,NOP,F,26.0,21,21,1.0,2.0,3.81,0.525,0.453,0.072,2021-22
1629646,Charles Bassey,1610612755,PHI,C-F,21.0,20,20,1.0,1.6,3.8,0.421,0.473,-0.052,2021-22
1630648,Jordan Schakel,1610612764,WAS,G,24.0,4,4,1.0,0.75,3.75,0.2,0.4,-0.2,2021-22
1630466,Gabriel Deck,1610612760,OKC,F,27.0,7,7,1.0,1.43,3.71,0.385,0.438,-0.054,2021-22
1630241,Sam Merrill,1610612763,MEM,G,26.0,6,6,1.0,1.83,3.67,0.5,0.439,0.061,2021-22
1630585,Marcus Garrett,1610612748,MIA,G,23.0,9,9,1.0,1.56,3.67,0.424,0.439,-0.015,2021-22
1629067,Isaac Bonga,1610612761,TOR,G,22.0,11,11,1.0,1.45,3.64,0.4,0.451,-0.051,2021-22
1630551,Justin Champagnie,1610612761,TOR,G-F,21.0,30,30,1.0,1.53,3.53,0.434,0.438,-0.004,2021-22
1630195,Leandro Bolmaro,1610612750,MIN,F,21.0,23,23,1.0,1.74,3.52,0.494,0.453,0.041,2021-22
1627885,Shaquille Harrison,1610612751,BKN,G,28.0,2,2,1.0,1.5,3.5,0.429,0.442,-0.013,2021-22
1628995,Kevin Knox II,1610612737,ATL,F,22.0,20,20,1.0,1.75,3.45,0.507,0.435,0.072,2021-22
1630227,Daishen Nix,1610612745,HOU,G,20.0,22,22,1.0,2.05,3.41,0.6,0.443,0.157,2021-22
203917,Nik Stauskas,1610612738,BOS,G,28.0,5,5,1.0,1.2,3.4,0.353,0.427,-0.074,2021-22
1629626,Bol Bol,1610612753,ORL,C-F,22.0,11,11,1.0,1.55,3.36,0.459,0.442,0.018,2021-22
1629686,Deividas Sirvydis,1610612765,DET,F-G,22.0,3,3,1.0,1.0,3.33,0.3,0.439,-0.139,2021-22
1630698,Kevin Pangos,1610612739,CLE,G,29.0,17,17,1.0,1.35,3.29,0.411,0.434,-0.024,2021-22
2617,Udonis Haslem,1610612748,MIA,F,42.0,11,11,1.0,1.82,3.27,0.556,0.451,0.105,2021-22
1630250,Marko Simonovic,1610612741,CHI,C,22.0,8,8,1.0,1.0,3.25,0.308,0.446,-0.138,2021-22
1630688,Ish Wainright,1610612756,PHX,F,27.0,35,35,1.0,1.46,3.17,0.459,0.445,0.014,2021-22
1630186,Jahmi'us Ramsey,1610612758,SAC,G,21.0,16,16,1.0,1.75,3.13,0.56,0.443,0.117,2021-22
1627774,Jake Layman,1610612750,MIN,F,28.0,28,28,1.0,1.32,3.07,0.43,0.429,0.001,2021-22
1628591,Craig Sword,1610612764,WAS,G,28.0,1,1,1.0,1.0,3.0,0.333,0.431,-0.097,2021-22
1630580,Joe Wieskamp,1610612759,SAS,G-F,22.0,19,19,1.0,1.68,3.0,0.561,0.428,0.133,2021-22
1630225,Isaiah Todd,1610612764,WAS,F,20.0,8,8,1.0,1.75,3.0,0.583,0.465,0.119,2021-22
203516,James Ennis III,1610612743,DEN,F,31.0,7,7,1.0,1.29,3.0,0.429,0.45,-0.021,2021-22
1629635,Sekou Doumbouya,1610612747,LAL,F,21.0,2,2,1.0,0.0,3.0,0.0,0.442,-0.442,2021-22
1629683,Quinndary Weatherspoon,1610612744,GSW,G,25.0,8,8,1.0,1.63,3.0,0.542,0.464,0.078,2021-22
1630218,Robert Woodard II,1610612759,SAS,F,22.0,6,6,1.0,1.5,3.0,0.5,0.453,0.047,2021-22
1629653,Devon Dotson,1610612741,CHI,G,22.0,8,8,1.0,1.63,2.88,0.565,0.436,0.129,2021-22
1630210,Markus Howard,1610612743,DEN,G,23.0,18,18,1.0,1.11,2.78,0.4,0.431,-0.031,2021-22
1630582,Yves Pons,1610612763,MEM,F,23.0,9,9,1.0,0.78,2.78,0.28,0.433,-0.153,2021-22
1628994,George King,1610612742,DAL,F-G,28.0,4,4,1.0,1.5,2.75,0.545,0.428,0.117,2021-22
1630643,Jay Huff,1610612747,LAL,F,24.0,4,4,1.0,0.5,2.75,0.182,0.462,-0.281,2021-22
1630552,Jalen Johnson,1610612737,ATL,F,20.0,15,15,1.0,1.33,2.73,0.488,0.437,0.051,2021-22
1630573,Sam Hauser,1610612738,BOS,F,24.0,16,16,1.0,0.56,2.69,0.209,0.444,-0.234,2021-22
1627782,Wayne Selden,1610612752,NYK,G,27.0,3,3,1.0,1.67,2.67,0.625,0.438,0.187,2021-22
1630243,Trevelin Queen,1610612745,HOU,G,25.0,9,9,1.0,1.67,2.67,0.625,0.432,0.193,2021-22
1630612,RJ Nembhard Jr.,1610612739,CLE,G,23.0,6,6,1.0,1.0,2.5,0.4,0.369,0.031,2021-22
1630647,Eugene Omoruyi,1610612742,DAL,F,25.0,2,2,1.0,1.0,2.5,0.4,0.469,-0.069,2021-22
1630306,Rob Edwards,1610612760,OKC,G,25.0,2,2,1.0,1.0,2.5,0.4,0.238,0.162,2021-22
1629619,Myles Powell,1610612755,PHI,G,24.0,8,8,1.0,0.88,2.5,0.35,0.309,0.041,2021-22
1630286,Trevon Scott,1610612739,CLE,F,25.0,2,2,1.0,1.0,2.5,0.4,0.424,-0.024,2021-22
1630222,Mason Jones,1610612747,LAL,G,23.0,4,4,1.0,0.75,2.5,0.3,0.448,-0.148,2021-22
1628382,Justin Jackson,1610612756,PHX,F,27.0,4,4,1.0,0.5,2.25,0.222,0.477,-0.255,2021-22
1630238,Malik Fitts,1610612738,BOS,F,24.0,11,11,1.0,1.27,2.18,0.583,0.435,0.149,2021-22
1630605,JaQuori McLaughlin,1610612742,DAL,G,24.0,2,2,1.0,1.0,2.0,0.5,0.428,0.072,2021-22
1630589,Moses Wright,1610612742,DAL,F,23.0,3,3,1.0,1.0,2.0,0.5,0.445,0.056,2021-22
1629783,Shaq Buchanan,1610612763,MEM,G,25.0,1,1,1.0,0.0,2.0,0.0,0.432,-0.432,2021-22
1629600,Jarron Cumberland,1610612757,POR,G,24.0,1,1,1.0,0.0,2.0,0.0,0.593,-0.593,2021-22
1626155,Sam Dekker,1610612761,TOR,F,28.0,1,1,1.0,1.0,2.0,0.5,0.43,0.07,2021-22
1629671,Miye Oni,1610612762,UTA,G-F,24.0,7,7,1.0,0.86,2.0,0.429,0.421,0.008,2021-22
1629602,Javin DeLaurier,1610612749,MIL,C,24.0,1,1,1.0,1.0,2.0,0.5,0.611,-0.111,2021-22
1629751,Dakota Mathias,1610612763,MEM,G,26.0,3,3,1.0,1.0,2.0,0.5,0.429,0.072,2021-22
1628537,Jaylen Morris,1610612759,SAS,G,26.0,3,3,1.0,0.67,2.0,0.333,0.443,-0.109,2021-22
1630539,Kai Jones,1610612766,CHA,C-F,21.0,12,12,1.0,1.08,2.0,0.542,0.435,0.106,2021-22
1629597,Zylan Cheatham,1610612762,UTA,F,26.0,1,1,1.0,0.0,2.0,0.0,0.42,-0.42,2021-22
1628395,Jordan Bell,1610612741,CHI,F,27.0,1,1,1.0,2.0,2.0,1.0,0.442,0.558,2021-22
1630536,Sharife Cooper,1610612737,ATL,G,21.0,9,9,1.0,1.11,2.0,0.556,0.396,0.16,2021-22
1629610,DaQuan Jeffries,1610612763,MEM,G-F,24.0,2,2,1.0,1.0,2.0,0.5,0.38,0.121,2021-22
1628422,Damyean Dotson,1610612752,NYK,G,28.0,1,1,1.0,0.0,2.0,0.0,0.392,-0.392,2021-22
1630216,Cassius Winston,1610612764,WAS,G,24.0,7,7,1.0,1.14,1.86,0.615,0.461,0.155,2021-22
1630271,Brodric Thomas,1610612738,BOS,G,25.0,6,6,1.0,1.0,1.83,0.545,0.429,0.117,2021-22
1627822,Petr Cornelie,1610612743,DEN,F,26.0,10,10,1.0,0.9,1.8,0.5,0.452,0.048,2021-22
1630637,Carlik Jones,1610612743,DEN,G,24.0,5,5,1.0,0.6,1.8,0.333,0.413,-0.079,2021-22
1630593,McKinley Wright IV,1610612750,MIN,G,23.0,3,3,1.0,1.0,1.67,0.6,0.456,0.144,2021-22
1630565,Aaron Henry,1610612755,PHI,F,22.0,5,5,1.0,0.4,1.6,0.25,0.345,-0.095,2021-22
1630531,Jaden Springer,1610612755,PHI,G,19.0,2,2,1.0,0.5,1.5,0.333,0.2,0.133,2021-22
1630237,Anthony Lamb,1610612745,HOU,F,24.0,2,2,1.0,0.5,1.5,0.333,0.438,-0.105,2021-22
1627760,Cat Barber,1610612737,ATL,G,27.0,2,2,1.0,1.0,1.5,0.667,0.481,0.186,2021-22
1630270,Xavier Sneed,1610612762,UTA,F,24.0,7,7,1.0,0.57,1.43,0.4,0.441,-0.041,2021-22
1628990,Chandler Hutchison,1610612756,PHX,F-G,26.0,3,3,1.0,1.0,1.33,0.75,0.433,0.317,2021-22
1630640,MJ Walker,1610612756,PHX,G,24.0,1,1,1.0,1.0,1.0,1.0,0.431,0.569,2021-22
1630555,Joel Ayayi,1610612764,WAS,G,22.0,4,4,1.0,0.0,1.0,0.0,0.476,-0.476,2021-22
1630525,David Johnson,1610612761,TOR,G,21.0,1,1,1.0,0.0,1.0,0.0,0.364,-0.364,2021-22
1629873,Jaysean Paige,1610612765,DET,G,27.0,1,1,1.0,0.0,1.0,0.0,0.491,-0.491,2021-22
1629005,Malik Newman,1610612739,CLE,G,25.0,1,1,1.0,0.0,1.0,0.0,0.167,-0.167,2021-22
1630575,Scottie Lewis,1610612766,CHA,G,22.0,1,1,1.0,1.0,1.0,1.0,0.495,0.505,2021-22
101139,CJ Miles,1610612738,BOS,G,35.0,1,1,1.0,1.0,1.0,1.0,0.326,0.674,2021-22
2207,Joe Johnson,1610612738,BOS,G-F,41.0,1,1,1.0,1.0,1.0,1.0,0.379,0.621,2021-22
1629083,Arnoldas Kulboka,1610612766,CHA,F,24.0,1,1,1.0,1.0,1.0,1.0,0.538,0.462,2021-22
1630624,Feron Hunt,1610612752,NYK,F,22.0,1,1,1.0,0.0,1.0,0.0,0.475,-0.475,2021-22
1630257,Jon Teske,1610612763,MEM,C,25.0,2,2,1.0,1.0,1.0,1.0,0.439,0.562,2021-22
201572,Brook Lopez,1610612749,MIL,C,35.0,78,78,1.0,10.37,22.56,0.46,0.505,-0.045,2022-23
203999,Nikola Jokić,1610612743,DEN,C,28.0,69,69,1.0,10.32,20.28,0.509,0.501,0.008,2022-23
203954,Joel Embiid,1610612755,PHI,C-F,29.0,66,66,1.0,9.17,19.18,0.478,0.496,-0.018,2022-23
1627734,Domantas Sabonis,1610612758,SAC,F-C,27.0,79,79,1.0,9.9,18.41,0.538,0.511,0.027,2022-23
203497,Rudy Gobert,1610612750,MIN,C,31.0,70,70,1.0,8.61,18.21,0.473,0.5,-0.027,2022-23
1630596,Evan Mobley,1610612739,CLE,C,22.0,79,79,1.0,8.44,17.94,0.471,0.487,-0.016,2022-23
1627826,Ivica Zubac,1610612746,LAC,C,26.0,76,76,1.0,8.33,17.72,0.47,0.506,-0.036,2022-23
204001,Kristaps Porziņģis,1610612764,WAS,F-C,27.0,65,65,1.0,7.72,17.55,0.44,0.49,-0.05,2022-23
203076,Anthony Davis,1610612747,LAL,F-C,30.0,56,56,1.0,7.88,17.29,0.456,0.504,-0.049,2022-23
1626167,Myles Turner,1610612754,IND,C-F,27.0,62,62,1.0,8.48,17.08,0.497,0.505,-0.008,2022-23
1630564,RaiQuan Gray,1610612751,BKN,F,23.0,1,1,1.0,8.0,17.0,0.471,0.518,-0.047,2022-23
202696,Nikola Vučević,1610612741,CHI,C,32.0,82,82,1.0,8.95,16.98,0.527,0.508,0.019,2022-23
201143,Al Horford,1610612738,BOS,C-F,37.0,63,63,1.0,7.44,16.44,0.453,0.486,-0.033,2022-23
203994,Jusuf Nurkić,1610612757,POR,C,28.0,52,52,1.0,8.25,16.21,0.509,0.51,-0.001,2022-23
1628386,Jarrett Allen,1610612739,CLE,C,25.0,68,68,1.0,7.56,15.97,0.473,0.495,-0.022,2022-23
1629651,Nic Claxton,1610612751,BKN,C,24.0,76,76,1.0,7.16,15.95,0.449,0.494,-0.045,2022-23
1627751,Jakob Poeltl,1610612761,TOR,C,27.0,72,72,1.0,8.24,15.79,0.522,0.499,0.023,2022-23
1630595,Cade Cunningham,1610612765,DET,G,21.0,12,12,1.0,6.67,15.5,0.43,0.479,-0.049,2022-23
1630578,Alperen Sengun,1610612745,HOU,C,20.0,75,75,1.0,7.79,15.44,0.504,0.5,0.005,2022-23
203482,Kelly Olynyk,1610612762,UTA,F-C,32.0,68,68,1.0,7.66,15.35,0.499,0.489,0.01,2022-23
1628976,Wendell Carter Jr.,1610612753,ORL,C-F,24.0,57,57,1.0,7.82,15.3,0.511,0.494,0.017,2022-23
203110,Draymond Green,1610612744,GSW,F,33.0,73,73,1.0,6.56,15.19,0.432,0.488,-0.056,2022-23
1627832,Fred VanVleet,1610612761,TOR,G,29.0,69,69,1.0,7.49,15.09,0.497,0.472,0.024,2022-23
1630567,Scottie Barnes,1610612761,TOR,F,21.0,77,77,1.0,7.6,14.92,0.509,0.483,0.026,2022-23
1629028,Deandre Ayton,1610612756,PHX,C,24.0,67,67,1.0,7.12,14.91,0.477,0.503,-0.025,2022-23
1629645,Kevin Porter Jr.,1610612745,HOU,G-F,23.0,59,59,1.0,7.41,14.85,0.499,0.467,0.032,2022-23
201142,Kevin Durant,1610612756,PHX,F,34.0,47,47,1.0,6.26,14.81,0.422,0.478,-0.055,2022-23
1628969,Mikal Bridges,1610612751,BKN,G-F,26.0,26,26,1.0,6.77,14.69,0.461,0.476,-0.015,2022-23
1630191,Isaiah Stewart,1610612765,DET,F-C,22.0,50,50,1.0,7.16,14.68,0.488,0.488,-0.001,2022-23
203991,Clint Capela,1610612737,ATL,C,29.0,65,65,1.0,7.48,14.68,0.509,0.503,0.007,2022-23
1631095,Jabari Smith Jr.,1610612745,HOU,F,20.0,79,79,1.0,7.2,14.66,0.491,0.481,0.011,2022-23
1631117,Walker Kessler,1610612762,UTA,C,21.0,74,74,1.0,6.95,14.64,0.475,0.499,-0.025,2022-23
1628983,Shai Gilgeous-Alexander,1610612760,OKC,G,24.0,68,68,1.0,6.74,14.63,0.46,0.469,-0.009,2022-23
1629029,Luka Dončić,1610612742,DAL,F-G,24.0,65,65,1.0,6.97,14.52,0.48,0.474,0.006,2022-23
1628380,Zach Collins,1610612759,SAS,F-C,25.0,63,63,1.0,7.25,14.46,0.502,0.506,-0.004,2022-23
1626172,Kevon Looney,1610612744,GSW,F,27.0,82,82,1.0,6.91,14.4,0.48,0.497,-0.017,2022-23
1627741,Buddy Hield,1610612754,IND,G,30.0,80,80,1.0,6.84,14.39,0.475,0.471,0.004,2022-23
1628389,Bam Adebayo,1610612748,MIA,C-F,25.0,75,75,1.0,7.0,14.37,0.487,0.494,-0.007,2022-23
203944,Julius Randle,1610612752,NYK,F-C,28.0,77,77,1.0,6.94,14.26,0.486,0.476,0.01,2022-23
203500,Steven Adams,1610612763,MEM,C,29.0,42,42,1.0,6.29,14.19,0.443,0.506,-0.063,2022-23
1627783,Pascal Siakam,1610612761,TOR,F,29.0,71,71,1.0,7.14,14.18,0.503,0.482,0.021,2022-23
1628991,Jaren Jackson Jr.,1610612763,MEM,F-C,23.0,63,63,1.0,6.27,14.13,0.444,0.492,-0.048,2022-23
203486,Mason Plumlee,1610612746,LAC,F-C,33.0,79,79,1.0,7.19,14.05,0.512,0.5,0.012,2022-23
1629014,Anfernee Simons,1610612757,POR,G,24.0,62,62,1.0,6.87,14.02,0.49,0.472,0.018,2022-23
1628381,John Collins,1610612737,ATL,F-C,25.0,71,71,1.0,6.94,13.94,0.498,0.484,0.014,2022-23
201950,Jrue Holiday,1610612749,MIL,G,33.0,67,67,1.0,6.31,13.88,0.455,0.479,-0.024,2022-23
1626157,Karl-Anthony Towns,1610612750,MIN,C-F,27.0,29,29,1.0,6.14,13.86,0.443,0.475,-0.033,2022-23
202331,Paul George,1610612746,LAC,F,33.0,56,56,1.0,6.66,13.8,0.483,0.481,0.001,2022-23
203468,CJ McCollum,1610612740,NOP,G,31.0,75,75,1.0,6.53,13.69,0.477,0.465,0.012,2022-23
1628467,Maxi Kleber,1610612742,DAL,F,31.0,37,37,1.0,6.38,13.68,0.466,0.477,-0.011,2022-23
1626220,Royce O'Neale,1610612751,BKN,F,30.0,76,76,1.0,6.37,13.68,0.465,0.481,-0.016,2022-23
1630559,Austin Reaves,1610612747,LAL,G,25.0,64,64,1.0,6.17,13.58,0.455,0.462,-0.007,2022-23
203084,Harrison Barnes,1610612758,SAC,F,31.0,82,82,1.0,6.38,13.49,0.473,0.48,-0.007,2022-23
1629023,P.J. Washington,1610612766,CHA,F,24.0,73,73,1.0,6.19,13.47,0.46,0.481,-0.021,2022-23
203952,Andrew Wiggins,1610612744,GSW,F,28.0,37,37,1.0,6.46,13.41,0.482,0.47,0.012,2022-23
1629628,RJ Barrett,1610612752,NYK,F-G,23.0,72,72,1.0,6.01,13.38,0.45,0.468,-0.018,2022-23
202681,Kyrie Irving,1610612742,DAL,G,31.0,60,60,1.0,6.13,13.38,0.458,0.47,-0.012,2022-23
203992,Bogdan Bogdanović,1610612737,ATL,G,30.0,54,54,1.0,6.33,13.33,0.475,0.469,0.006,2022-23
1628374,Lauri Markkanen,1610612762,UTA,F-C,26.0,66,66,1.0,6.08,13.32,0.456,0.484,-0.028,2022-23
1631094,Paolo Banchero,1610612753,ORL,F,20.0,72,72,1.0,6.29,13.31,0.473,0.484,-0.011,2022-23
1628368,De'Aaron Fox,1610612758,SAC,G,25.0,73,73,1.0,6.48,13.29,0.488,0.466,0.022,2022-23
1627827,Dorian Finney-Smith,1610612751,BKN,F,30.0,66,66,1.0,6.27,13.24,0.474,0.485,-0.011,2022-23
1630163,LaMelo Ball,1610612766,CHA,G,21.0,36,36,1.0,6.42,13.14,0.488,0.462,0.026,2022-23
1628404,Josh Hart,1610612752,NYK,G,28.0,76,76,1.0,6.39,13.14,0.486,0.48,0.007,2022-23
1630183,Jaden McDaniels,1610612750,MIN,F,22.0,79,79,1.0,6.03,13.09,0.46,0.473,-0.013,2022-23
1628997,Caleb Martin,1610612748,MIA,F,27.0,71,71,1.0,6.63,13.07,0.508,0.468,0.04,2022-23
1628969,Mikal Bridges,1610612751,BKN,F,26.0,56,56,1.0,6.23,13.04,0.478,0.474,0.004,2022-23
1629663,Louis King,1610612755,PHI,F,24.0,1,1,1.0,4.0,13.0,0.308,0.462,-0.154,2022-23
202685,Jonas Valanciunas,1610612740,NOP,C,31.0,79,79,1.0,6.71,12.97,0.517,0.512,0.005,2022-23
1630166,Deni Avdija,1610612764,WAS,F,22.0,76,76,1.0,6.25,12.91,0.484,0.476,0.008,2022-23
1627759,Jaylen Brown,1610612738,BOS,G-F,26.0,67,67,1.0,5.96,12.88,0.462,0.476,-0.014,2022-23
1626164,Devin Booker,1610612756,PHX,G,26.0,53,53,1.0,6.13,12.87,0.477,0.466,0.011,2022-23
203897,Zach LaVine,1610612741,CHI,G,28.0,77,77,1.0,5.66,12.86,0.44,0.463,-0.022,2022-23
201935,James Harden,1610612755,PHI,G,33.0,58,58,1.0,5.95,12.84,0.463,0.469,-0.006,2022-23
1631105,Jalen Duren,1610612765,DET,C,19.0,67,67,1.0,6.21,12.76,0.487,0.491,-0.005,2022-23
1628415,Dillon Brooks,1610612763,MEM,G-F,27.0,73,73,1.0,5.64,12.74,0.443,0.47,-0.027,2022-23
203507,Giannis Antetokounmpo,1610612749,MIL,F,28.0,62,62,1.0,5.34,12.73,0.42,0.485,-0.066,2022-23
1628401,Derrick White,1610612738,BOS,G,28.0,80,80,1.0,5.65,12.71,0.444,0.469,-0.025,2022-23
1630168,Onyeka Okongwu,1610612737,ATL,F-C,22.0,80,80,1.0,5.91,12.63,0.468,0.489,-0.021,2022-23
1626179,Terry Rozier,1610612766,CHA,G,29.0,63,63,1.0,6.6,12.6,0.524,0.469,0.055,2022-23
1628973,Jalen Brunson,1610612752,NYK,G,26.0,68,68,1.0,6.19,12.59,0.492,0.456,0.036,2022-23
1629631,De'Andre Hunter,1610612737,ATL,F-G,25.0,67,67,1.0,5.85,12.58,0.465,0.47,-0.005,2022-23
1630581,Josh Giddey,1610612760,OKC,G,20.0,76,76,1.0,6.16,12.57,0.49,0.475,0.015,2022-23
1627750,Jamal Murray,1610612743,DEN,G,26.0,65,65,1.0,6.18,12.43,0.498,0.465,0.032,2022-23
1630162,Anthony Edwards,1610612750,MIN,G,21.0,79,79,1.0,5.77,12.39,0.466,0.468,-0.002,2022-23
1629652,Luguentz Dort,1610612760,OKC,G,24.0,74,74,1.0,5.62,12.38,0.454,0.467,-0.013,2022-23
1629639,Tyler Herro,1610612748,MIA,G,23.0,67,67,1.0,5.97,12.33,0.484,0.466,0.018,2022-23
1629627,Zion Williamson,1610612740,NOP,F,22.0,29,29,1.0,5.21,12.28,0.424,0.468,-0.044,2022-23
1629234,Drew Eubanks,1610612757,POR,F-C,26.0,78,78,1.0,6.09,12.27,0.496,0.494,0.002,2022-23
1628398,Kyle Kuzma,1610612764,WAS,F,27.0,64,64,1.0,5.42,12.23,0.443,0.476,-0.033,2022-23
1627749,Dejounte Murray,1610612737,ATL,G,26.0,74,74,1.0,6.19,12.22,0.507,0.475,0.032,2022-23
202695,Kawhi Leonard,1610612746,LAC,F,32.0,52,52,1.0,5.42,12.19,0.445,0.478,-0.033,2022-23
1626174,Christian Wood,1610612742,DAL,F,27.0,67,67,1.0,5.9,12.16,0.485,0.48,0.005,2022-23
1629001,De'Anthony Melton,1610612755,PHI,G,25.0,77,77,1.0,6.03,12.14,0.496,0.468,0.029,2022-23
203471,Dennis Schröder,1610612747,LAL,G,29.0,66,66,1.0,5.62,12.12,0.464,0.463,0.001,2022-23
1628971,Bruce Brown,1610612743,DEN,G-F,26.0,80,80,1.0,5.39,12.0,0.449,0.465,-0.016,2022-23
201942,DeMar DeRozan,1610612741,CHI,G-F,33.0,74,74,1.0,5.74,11.93,0.481,0.475,0.006,2022-23
1629655,Daniel Gafford,1610612764,WAS,F-C,24.0,78,78,1.0,5.77,11.9,0.485,0.506,-0.021,2022-23
1630193,Immanuel Quickley,1610612752,NYK,G,24.0,81,81,1.0,5.23,11.88,0.441,0.458,-0.018,2022-23
1628369,Jayson Tatum,1610612738,BOS,F-G,25.0,74,74,1.0,5.59,11.84,0.473,0.469,0.004,2022-23
1628989,Kevin Huerter,1610612758,SAC,G-F,24.0,75,75,1.0,6.09,11.83,0.515,0.469,0.046,2022-23
1630529,Herbert Jones,1610612740,NOP,F,24.0,66,66,1.0,5.42,11.74,0.462,0.479,-0.017,2022-23
1631109,Mark Williams,1610612766,CHA,C,21.0,42,42,1.0,5.57,11.71,0.476,0.5,-0.024,2022-23
1630200,Tre Jones,1610612759,SAS,G,23.0,68,68,1.0,5.99,11.69,0.512,0.473,0.039,2022-23
203903,Jordan Clarkson,1610612762,UTA,G,31.0,61,61,1.0,5.51,11.67,0.472,0.469,0.003,2022-23
1631093,Jaden Ivey,1610612765,DET,G,21.0,74,74,1.0,5.89,11.66,0.505,0.468,0.037,2022-23
203501,Tim Hardaway Jr.,1610612742,DAL,G-F,31.0,71,71,1.0,5.51,11.65,0.473,0.469,0.004,2022-23
1629630,Ja Morant,1610612763,MEM,G,23.0,61,61,1.0,5.07,11.64,0.435,0.468,-0.033,2022-23
1629011,Mitchell Robinson,1610612752,NYK,C-F,25.0,59,59,1.0,5.27,11.63,0.453,0.495,-0.042,2022-23
1629656,Quentin Grimes,1610612752,NYK,G,23.0,70,70,1.0,5.54,11.61,0.477,0.468,0.009,2022-23
201144,Mike Conley,1610612750,MIN,G,35.0,67,67,1.0,5.64,11.58,0.487,0.469,0.018,2022-23
1630197,Aleksej Pokusevski,1610612760,OKC,F,21.0,34,34,1.0,5.5,11.56,0.476,0.492,-0.016,2022-23
1630165,Killian Hayes,1610612765,DET,G,21.0,76,76,1.0,5.76,11.51,0.501,0.469,0.032,2022-23
1630219,Skylar Mays,1610612757,POR,G,25.0,6,6,1.0,6.33,11.5,0.551,0.481,0.07,2022-23
1630217,Desmond Bane,1610612763,MEM,G,25.0,58,58,1.0,4.98,11.5,0.433,0.458,-0.025,2022-23
1630224,Jalen Green,1610612745,HOU,G,21.0,76,76,1.0,5.5,11.49,0.479,0.465,0.014,2022-23
201939,Stephen Curry,1610612744,GSW,G,35.0,56,56,1.0,5.5,11.48,0.479,0.465,0.014,2022-23
1628384,OG Anunoby,1610612761,TOR,F,25.0,67,67,1.0,5.27,11.46,0.46,0.485,-0.026,2022-23
1631110,Jeremy Sochan,1610612759,SAS,F,20.0,56,56,1.0,5.79,11.45,0.505,0.479,0.027,2022-23
1630530,Trey Murphy III,1610612740,NOP,F,23.0,79,79,1.0,5.73,11.43,0.502,0.471,0.031,2022-23
203078,Bradley Beal,1610612764,WAS,G,30.0,50,50,1.0,5.06,11.4,0.444,0.467,-0.023,2022-23
1629614,Andrew Nembhard,1610612754,IND,G-F,23.0,75,75,1.0,5.4,11.4,0.474,0.467,0.007,2022-23
1630532,Franz Wagner,1610612753,ORL,F,21.0,80,80,1.0,5.6,11.39,0.492,0.474,0.018,2022-23
1629622,Max Strus,1610612748,MIA,G-F,27.0,80,80,1.0,5.66,11.38,0.498,0.465,0.033,2022-23
1629640,Keldon Johnson,1610612759,SAS,F-G,23.0,63,63,1.0,5.97,11.38,0.524,0.482,0.043,2022-23
2544,LeBron James,1610612747,LAL,F,38.0,55,55,1.0,5.24,11.38,0.46,0.483,-0.023,2022-23
1630583,Santi Aldama,1610612763,MEM,F-C,22.0,77,77,1.0,5.48,11.38,0.482,0.477,0.004,2022-23
1628972,Troy Brown Jr.,1610612747,LAL,G-F,23.0,76,76,1.0,5.57,11.32,0.492,0.47,0.021,2022-23
1628963,Marvin Bagley III,1610612765,DET,F,24.0,42,42,1.0,5.57,11.31,0.493,0.495,-0.003,2022-23
203924,Jerami Grant,1610612757,POR,F,29.0,63,63,1.0,5.27,11.3,0.466,0.48,-0.014,2022-23
1627742,Brandon Ingram,1610612740,NOP,F,25.0,45,45,1.0,5.18,11.24,0.46,0.476,-0.016,2022-23
1628978,Donte DiVincenzo,1610612744,GSW,G,26.0,72,72,1.0,5.53,11.21,0.493,0.464,0.029,2022-23
1626156,D'Angelo Russell,1610612747,LAL,G,27.0,71,71,1.0,5.17,11.2,0.462,0.46,0.002,2022-23
202711,Bojan Bogdanovic,1610612765,DET,F,34.0,59,59,1.0,5.63,11.19,0.503,0.475,0.028,2022-23
1630172,Patrick Williams,1610612741,CHI,F,21.0,82,82,1.0,5.23,11.11,0.471,0.474,-0.003,2022-23
101108,Chris Paul,1610612756,PHX,G,38.0,59,59,1.0,5.22,11.1,0.47,0.471,-0.001,2022-23
203081,Damian Lillard,1610612757,POR,G,32.0,58,58,1.0,5.66,11.1,0.509,0.473,0.037,2022-23
1626162,Kelly Oubre Jr.,1610612766,CHA,F-G,27.0,48,48,1.0,5.73,11.08,0.517,0.471,0.046,2022-23
1627936,Alex Caruso,1610612741,CHI,G,29.0,67,67,1.0,4.91,11.06,0.444,0.469,-0.025,2022-23
203506,Victor Oladipo,1610612748,MIA,G,31.0,42,42,1.0,5.26,11.05,0.476,0.461,0.015,2022-23
203939,Dwight Powell,1610612742,DAL,F-C,31.0,76,76,1.0,5.37,11.04,0.486,0.49,-0.004,2022-23
203932,Aaron Gordon,1610612743,DEN,F,27.0,68,68,1.0,5.07,11.03,0.46,0.481,-0.021,2022-23
203915,Spencer Dinwiddie,1610612751,BKN,G,30.0,79,79,1.0,5.51,11.01,0.5,0.473,0.027,2022-23
1629661,Cameron Johnson,1610612751,BKN,F,27.0,42,42,1.0,5.1,11.0,0.463,0.474,-0.011,2022-23
1631303,Justin Minaya,1610612757,POR,F,24.0,4,4,1.0,5.5,11.0,0.5,0.463,0.037,2022-23
203086,Meyers Leonard,1610612749,MIL,F-C,31.0,8,8,1.0,6.0,11.0,0.545,0.484,0.061,2022-23
1631367,Jacob Gilyard,1610612763,MEM,G,24.0,1,1,1.0,8.0,11.0,0.727,0.462,0.266,2022-23
1629057,Robert Williams III,1610612738,BOS,C-F,25.0,35,35,1.0,4.51,10.89,0.415,0.478,-0.063,2022-23
203937,Kyle Anderson,1610612750,MIN,F-G,29.0,68,68,1.0,5.19,10.88,0.477,0.476,0.001,2022-23
1629636,Darius Garland,1610612739,CLE,G,23.0,69,69,1.0,5.17,10.86,0.477,0.458,0.019,2022-23
1626171,Bobby Portis Jr.,1610612749,MIL,F,28.0,70,70,1.0,5.17,10.86,0.476,0.483,-0.007,2022-23
202710,Jimmy Butler III,1610612748,MIA,F,33.0,64,64,1.0,5.16,10.84,0.476,0.471,0.004,2022-23
1627747,Caris LeVert,1610612739,CLE,G,28.0,74,74,1.0,5.2,10.82,0.481,0.467,0.014,2022-23
1629020,Jarred Vanderbilt,1610612747,LAL,F,24.0,78,78,1.0,5.53,10.79,0.512,0.488,0.024,2022-23
1630208,Nick Richards,1610612766,CHA,C,25.0,65,65,1.0,5.6,10.78,0.519,0.506,0.013,2022-23
200768,Kyle Lowry,1610612748,MIA,G,37.0,55,55,1.0,5.22,10.75,0.486,0.469,0.017,2022-23
1629027,Trae Young,1610612737,ATL,G,24.0,73,73,1.0,5.19,10.73,0.484,0.457,0.027,2022-23
203935,Marcus Smart,1610612738,BOS,G,29.0,61,61,1.0,5.16,10.7,0.482,0.468,0.014,2022-23
1630175,Cole Anthony,1610612753,ORL,G,23.0,60,60,1.0,4.88,10.67,0.458,0.465,-0.007,2022-23
201976,Patrick Beverley,1610612741,CHI,G,34.0,67,67,1.0,5.43,10.64,0.511,0.474,0.037,2022-23
1627739,Kris Dunn,1610612762,UTA,G,29.0,22,22,1.0,4.73,10.59,0.446,0.462,-0.016,2022-23
1626153,Delon Wright,1610612764,WAS,G,31.0,50,50,1.0,5.2,10.54,0.493,0.468,0.025,2022-23
1630214,Xavier Tillman,1610612763,MEM,F,24.0,59,59,1.0,5.03,10.54,0.477,0.491,-0.014,2022-23
1629667,Jalen McDaniels,1610612755,PHI,F-C,25.0,80,80,1.0,4.91,10.53,0.467,0.472,-0.005,2022-23
1628418,Thomas Bryant,1610612743,DEN,C-F,25.0,58,58,1.0,5.78,10.5,0.55,0.501,0.049,2022-23
202699,Tobias Harris,1610612755,PHI,F,30.0,74,74,1.0,4.82,10.49,0.46,0.476,-0.016,2022-23
1627732,Ben Simmons,1610612751,BKN,G-F,26.0,42,42,1.0,4.93,10.48,0.47,0.488,-0.017,2022-23
1629021,Moritz Wagner,1610612753,ORL,F-C,26.0,57,57,1.0,5.23,10.44,0.501,0.491,0.01,2022-23
202704,Reggie Jackson,1610612743,DEN,G,33.0,67,67,1.0,4.91,10.43,0.471,0.459,0.012,2022-23
1630557,Corey Kispert,1610612764,WAS,F,24.0,74,74,1.0,5.27,10.38,0.508,0.463,0.044,2022-23
1631097,Bennedict Mathurin,1610612754,IND,G-F,21.0,78,78,1.0,5.01,10.33,0.485,0.471,0.014,2022-23
1630174,Aaron Nesmith,1610612754,IND,G-F,23.0,73,73,1.0,5.4,10.32,0.523,0.48,0.043,2022-23
1628372,Dennis Smith Jr.,1610612766,CHA,G,25.0,54,54,1.0,4.46,10.31,0.433,0.465,-0.033,2022-23
1629684,Grant Williams,1610612738,BOS,F,24.0,79,79,1.0,5.08,10.3,0.493,0.474,0.019,2022-23
1629675,Naz Reid,1610612750,MIN,C-F,23.0,68,68,1.0,4.93,10.28,0.479,0.492,-0.013,2022-23
1628365,Markelle Fultz,1610612753,ORL,G,25.0,60,60,1.0,5.02,10.25,0.489,0.467,0.022,2022-23
1630563,Joshua Primo,1610612759,SAS,G,20.0,4,4,1.0,5.5,10.25,0.537,0.452,0.084,2022-23
202694,Marcus Morris Sr.,1610612746,LAC,F,33.0,65,65,1.0,4.95,10.23,0.484,0.475,0.009,2022-23
1628960,Grayson Allen,1610612749,MIL,G,27.0,72,72,1.0,4.99,10.18,0.49,0.466,0.024,2022-23
1628378,Donovan Mitchell,1610612739,CLE,G,26.0,68,68,1.0,4.94,10.13,0.488,0.464,0.023,2022-23
1630169,Tyrese Haliburton,1610612754,IND,G,23.0,56,56,1.0,5.0,10.11,0.495,0.466,0.029,2022-23
203493,Reggie Bullock Jr.,1610612742,DAL,G-F,32.0,78,78,1.0,5.03,10.09,0.498,0.473,0.025,2022-23
1630164,James Wiseman,1610612765,DET,C,22.0,44,44,1.0,5.64,10.0,0.564,0.499,0.064,2022-23
1629629,Cam Reddish,1610612757,POR,F-G,23.0,40,40,1.0,4.9,9.98,0.491,0.469,0.022,2022-23
1628470,Torrey Craig,1610612756,PHX,F,32.0,79,79,1.0,4.39,9.95,0.441,0.475,-0.033,2022-23
1628392,Isaiah Hartenstein,1610612752,NYK,C-F,25.0,82,82,1.0,4.73,9.94,0.476,0.496,-0.02,2022-23
1629216,Gabe Vincent,1610612748,MIA,G,27.0,68,68,1.0,4.46,9.91,0.45,0.455,-0.005,2022-23
1631119,Jaylin Williams,1610612760,OKC,F,21.0,49,49,1.0,5.53,9.9,0.559,0.5,0.059,2022-23
1629632,Coby White,1610612741,CHI,G,23.0,74,74,1.0,4.77,9.88,0.483,0.46,0.022,2022-23
202330,Gordon Hayward,1610612766,CHA,F,33.0,50,50,1.0,4.38,9.86,0.444,0.476,-0.032,2022-23
1630173,Precious Achiuwa,1610612761,TOR,F,23.0,55,55,1.0,4.96,9.85,0.504,0.488,0.015,2022-23
200782,P.J. Tucker,1610612755,PHI,F,38.0,74,74,1.0,4.59,9.81,0.468,0.486,-0.017,2022-23
201566,Russell Westbrook,1610612746,LAC,G,34.0,73,73,1.0,4.4,9.81,0.448,0.474,-0.025,2022-23
1630526,Jeremiah Robinson-Earl,1610612760,OKC,F,22.0,42,42,1.0,5.02,9.81,0.512,0.484,0.028,2022-23
1629673,Jordan Poole,1610612744,GSW,G,24.0,82,82,1.0,4.61,9.79,0.471,0.465,0.006,2022-23
1630228,Jonathan Kuminga,1610612744,GSW,F,20.0,66,66,1.0,4.39,9.79,0.449,0.473,-0.024,2022-23
202691,Klay Thompson,1610612744,GSW,G,33.0,69,69,1.0,4.65,9.77,0.476,0.478,-0.001,2022-23
1630245,Ayo Dosunmu,1610612741,CHI,G,23.0,80,80,1.0,4.43,9.76,0.453,0.464,-0.011,2022-23
1631099,Keegan Murray,1610612758,SAC,F,22.0,80,80,1.0,4.9,9.74,0.503,0.472,0.031,2022-23
1630591,Jalen Suggs,1610612753,ORL,G,22.0,53,53,1.0,4.45,9.72,0.458,0.469,-0.011,2022-23
1631114,Jalen Williams,1610612760,OKC,G-F,22.0,75,75,1.0,5.17,9.71,0.533,0.474,0.059,2022-23
1628420,Monte Morris,1610612764,WAS,G,28.0,62,62,1.0,4.79,9.69,0.494,0.469,0.025,2022-23
1630570,Trendon Watford,1610612757,POR,F,22.0,60,60,1.0,4.9,9.67,0.507,0.479,0.028,2022-23
1630170,Devin Vassell,1610612759,SAS,G-F,22.0,38,38,1.0,4.97,9.58,0.519,0.469,0.051,2022-23
1629626,Bol Bol,1610612753,ORL,C-F,23.0,70,70,1.0,4.49,9.53,0.471,0.477,-0.006,2022-23
1630543,Isaiah Jackson,1610612754,IND,F,21.0,63,63,1.0,4.51,9.44,0.477,0.491,-0.014,2022-23
1629723,John Konchar,1610612763,MEM,G,27.0,71,71,1.0,4.18,9.44,0.443,0.461,-0.017,2022-23
1630178,Tyrese Maxey,1610612755,PHI,G,22.0,60,60,1.0,4.45,9.43,0.472,0.461,0.011,2022-23
203114,Khris Middleton,1610612749,MIL,F,31.0,33,33,1.0,4.15,9.42,0.441,0.462,-0.021,2022-23
203484,Kentavious Caldwell-Pope,1610612743,DEN,G,30.0,76,76,1.0,4.76,9.42,0.506,0.464,0.041,2022-23
1630587,Isaiah Livers,1610612765,DET,F,24.0,52,52,1.0,4.31,9.33,0.462,0.468,-0.007,2022-23
1630188,Jalen Smith,1610612754,IND,F-C,23.0,67,67,1.0,4.48,9.3,0.482,0.491,-0.009,2022-23
1629677,Luka Samanic,1610612762,UTA,F,23.0,7,7,1.0,4.57,9.29,0.492,0.491,0.002,2022-23
1628966,Keita Bates-Diop,1610612759,SAS,F,27.0,66,66,1.0,4.26,9.21,0.462,0.478,-0.016,2022-23
1630537,Chris Duarte,1610612754,IND,G,26.0,46,46,1.0,4.28,9.17,0.467,0.464,0.003,2022-23
1630598,Aaron Wiggins,1610612760,OKC,G,24.0,68,68,1.0,4.66,9.12,0.511,0.461,0.051,2022-23
1630700,Dyson Daniels,1610612740,NOP,G,20.0,57,57,1.0,4.05,9.12,0.444,0.467,-0.022,2022-23
1629022,Lonnie Walker IV,1610612747,LAL,G-F,24.0,54,54,1.0,4.46,9.04,0.494,0.465,0.028,2022-23
1626192,Pat Connaughton,1610612749,MIL,G,30.0,61,61,1.0,3.72,9.03,0.412,0.472,-0.06,2022-23
1630237,Anthony Lamb,1610612744,GSW,F,25.0,62,62,1.0,3.98,9.03,0.441,0.467,-0.026,2022-23
1631466,Nate Williams,1610612757,POR,G,24.0,5,5,1.0,5.2,9.0,0.578,0.489,0.089,2022-23
1627763,Malcolm Brogdon,1610612738,BOS,G,30.0,67,67,1.0,4.33,8.94,0.484,0.469,0.015,2022-23
1627736,Malik Beasley,1610612747,LAL,G,26.0,81,81,1.0,4.36,8.84,0.493,0.47,0.023,2022-23
1629008,Michael Porter Jr.,1610612743,DEN,F,25.0,62,62,1.0,4.24,8.79,0.483,0.472,0.01,2022-23
1629611,Terance Mann,1610612746,LAC,G-F,26.0,81,81,1.0,4.25,8.73,0.487,0.477,0.01,2022-23
1631106,Tari Eason,1610612745,HOU,F,22.0,82,82,1.0,4.23,8.7,0.487,0.468,0.019,2022-23
1626159,Justise Winslow,1610612757,POR,F-G,27.0,29,29,1.0,3.97,8.69,0.456,0.477,-0.021,2022-23
1628964,Mo Bamba,1610612747,LAL,C,25.0,47,47,1.0,4.04,8.64,0.468,0.489,-0.021,2022-23
201587,Nicolas Batum,1610612746,LAC,G-F,34.0,78,78,1.0,4.22,8.64,0.488,0.474,0.014,2022-23
1630231,KJ Martin,1610612745,HOU,F,22.0,82,82,1.0,4.11,8.63,0.476,0.47,0.006,2022-23
1630692,Jordan Goodwin,1610612764,WAS,G,24.0,60,60,1.0,4.17,8.62,0.484,0.464,0.019,2022-23
1629647,Darius Bazley,1610612756,PHX,F,23.0,42,42,1.0,4.07,8.55,0.476,0.482,-0.006,2022-23
1630534,Ochai Agbaji,1610612762,UTA,G,23.0,56,56,1.0,3.71,8.54,0.435,0.466,-0.03,2022-23
1631101,Shaedon Sharpe,1610612757,POR,G,20.0,80,80,1.0,4.29,8.5,0.504,0.468,0.037,2022-23
1628998,Cody Martin,1610612766,CHA,F,27.0,6,6,1.0,4.67,8.5,0.549,0.467,0.082,2022-23
1630230,Naji Marshall,1610612740,NOP,F,25.0,77,77,1.0,4.09,8.43,0.485,0.473,0.013,2022-23
1630631,Jose Alvarado,1610612740,NOP,G,25.0,61,61,1.0,3.67,8.41,0.437,0.462,-0.026,2022-23
1629117,Wenyen Gabriel,1610612747,LAL,F,26.0,66,66,1.0,3.88,8.39,0.462,0.488,-0.026,2022-23
1630256,Jae'Sean Tate,1610612745,HOU,F,27.0,31,31,1.0,3.52,8.39,0.419,0.468,-0.049,2022-23
201567,Kevin Love,1610612748,MIA,F-C,34.0,62,62,1.0,4.16,8.37,0.497,0.487,0.01,2022-23
1629643,Chuma Okeke,1610612753,ORL,F,24.0,25,25,1.0,4.0,8.36,0.478,0.47,0.009,2022-23
1629018,Gary Trent Jr.,1610612761,TOR,G-F,24.0,66,66,1.0,4.11,8.3,0.495,0.465,0.03,2022-23
1629659,Talen Horton-Tucker,1610612762,UTA,G,22.0,63,63,1.0,3.81,8.27,0.461,0.465,-0.004,2022-23
1626196,Josh Richardson,1610612740,NOP,G,29.0,65,65,1.0,4.15,8.22,0.506,0.467,0.039,2022-23
203109,Jae Crowder,1610612749,MIL,F,32.0,18,18,1.0,3.94,8.22,0.48,0.465,0.015,2022-23
1626204,Larry Nance Jr.,1610612740,NOP,F-C,30.0,65,65,1.0,4.15,8.18,0.508,0.492,0.015,2022-23
1629060,Rui Hachimura,1610612747,LAL,F,25.0,63,63,1.0,3.33,8.17,0.408,0.472,-0.064,2022-23
1629633,Jarrett Culver,1610612737,ATL,G-F,24.0,8,8,1.0,4.63,8.13,0.569,0.474,0.096,2022-23
1629006,Josh Okogie,1610612756,PHX,G,24.0,65,65,1.0,3.74,8.12,0.46,0.472,-0.012,2022-23
1628436,Luke Kornet,1610612738,BOS,C-F,27.0,65,65,1.0,3.88,8.12,0.477,0.484,-0.006,2022-23
202687,Bismack Biyombo,1610612756,PHX,C,30.0,60,60,1.0,3.78,8.12,0.466,0.504,-0.038,2022-23
1630572,Sandro Mamukelashvili,1610612759,SAS,F-C,24.0,38,38,1.0,4.16,8.11,0.513,0.48,0.033,2022-23
1629634,Brandon Clarke,1610612763,MEM,F,26.0,56,56,1.0,3.64,8.11,0.449,0.485,-0.036,2022-23
1630205,Lamar Stevens,1610612739,CLE,F,25.0,60,60,1.0,3.42,8.1,0.422,0.471,-0.05,2022-23
1629111,Jock Landale,1610612756,PHX,C,27.0,68,68,1.0,3.78,8.09,0.467,0.492,-0.024,2022-23
1629139,Yuta Watanabe,1610612751,BKN,G-F,28.0,55,55,1.0,3.95,8.07,0.489,0.473,0.015,2022-23
1630182,Josh Green,1610612742,DAL,G,22.0,60,60,1.0,4.05,8.05,0.503,0.465,0.038,2022-23
1629312,Haywood Highsmith,1610612748,MIA,F,26.0,50,50,1.0,3.42,8.04,0.425,0.47,-0.044,2022-23
1630643,Jay Huff,1610612764,WAS,C,25.0,6,6,1.0,4.17,8.0,0.521,0.501,0.02,2022-23
1630180,Saddiq Bey,1610612737,ATL,F,24.0,76,76,1.0,4.17,7.99,0.522,0.475,0.047,2022-23
201145,Jeff Green,1610612743,DEN,F,36.0,56,56,1.0,3.79,7.98,0.474,0.471,0.003,2022-23
203914,Gary Harris,1610612753,ORL,G,28.0,48,48,1.0,3.79,7.96,0.476,0.481,-0.004,2022-23
1630538,Bones Hyland,1610612746,LAC,G,22.0,56,56,1.0,3.84,7.96,0.482,0.461,0.021,2022-23
1630577,Julian Champagnie,1610612759,SAS,F,22.0,16,16,1.0,4.0,7.94,0.504,0.475,0.029,2022-23
1631100,AJ Griffin,1610612737,ATL,F,19.0,70,70,1.0,3.83,7.93,0.483,0.466,0.016,2022-23
1631107,Nikola Jović,1610612748,MIA,F,20.0,12,12,1.0,4.67,7.92,0.589,0.491,0.098,2022-23
201933,Blake Griffin,1610612738,BOS,F,34.0,40,40,1.0,3.88,7.9,0.491,0.478,0.012,2022-23
202709,Cory Joseph,1610612765,DET,G,31.0,61,61,1.0,3.97,7.87,0.504,0.459,0.045,2022-23
1631103,Malaki Branham,1610612759,SAS,F,20.0,66,66,1.0,4.06,7.85,0.517,0.47,0.048,2022-23
1629013,Landry Shamet,1610612756,PHX,G,26.0,39,39,1.0,3.67,7.85,0.467,0.466,0.001,2022-23
202322,John Wall,1610612746,LAC,G,32.0,34,34,1.0,3.79,7.82,0.485,0.46,0.025,2022-23
1626181,Norman Powell,1610612746,LAC,G,30.0,60,60,1.0,3.82,7.8,0.489,0.464,0.026,2022-23
1629646,Charles Bassey,1610612759,SAS,C-F,22.0,33,33,1.0,3.48,7.79,0.447,0.499,-0.052,2022-23
1628379,Luke Kennard,1610612763,MEM,G,27.0,59,59,1.0,3.63,7.78,0.466,0.464,0.003,2022-23
1631223,David Roddy,1610612763,MEM,F,22.0,69,69,1.0,3.43,7.78,0.441,0.466,-0.024,2022-23
1631230,Dominick Barlow,1610612759,SAS,F,20.0,28,28,1.0,3.57,7.75,0.461,0.487,-0.026,2022-23
1630533,Ziaire Williams,1610612763,MEM,F,21.0,35,35,1.0,3.4,7.74,0.439,0.456,-0.017,2022-23
1629026,Kenrich Williams,1610612760,OKC,G-F,28.0,53,53,1.0,3.83,7.72,0.496,0.471,0.025,2022-23
1629731,Dean Wade,1610612739,CLE,F-C,26.0,42,42,1.0,3.6,7.69,0.467,0.474,-0.006,2022-23
203476,Gorgui Dieng,1610612759,SAS,C,33.0,29,29,1.0,3.97,7.69,0.516,0.492,0.024,2022-23
1629660,Ty Jerome,1610612744,GSW,G-F,25.0,43,43,1.0,3.86,7.67,0.503,0.457,0.046,2022-23
1627814,Damion Lee,1610612756,PHX,G-F,30.0,72,72,1.0,3.76,7.67,0.491,0.467,0.024,2022-23
203488,Mike Muscala,1610612738,BOS,F-C,31.0,63,63,1.0,3.67,7.65,0.479,0.49,-0.01,2022-23
1629012,Collin Sexton,1610612762,UTA,G,24.0,48,48,1.0,3.46,7.63,0.454,0.465,-0.012,2022-23
1628370,Malik Monk,1610612758,SAC,G,25.0,76,76,1.0,3.67,7.63,0.481,0.462,0.019,2022-23
203082,Terrence Ross,1610612756,PHX,G-F,32.0,62,62,1.0,3.79,7.63,0.497,0.465,0.032,2022-23
1628449,Chris Boucher,1610612761,TOR,F-C,30.0,76,76,1.0,3.51,7.61,0.462,0.474,-0.012,2022-23
1627885,Shaquille Harrison,1610612747,LAL,G,29.0,5,5,1.0,3.8,7.6,0.5,0.484,0.016,2022-23
203496,Robert Covington,1610612746,LAC,F,32.0,47,47,1.0,3.49,7.6,0.459,0.468,-0.008,2022-23
1630177,Theo Maledon,1610612766,CHA,G,22.0,44,44,1.0,3.93,7.59,0.518,0.464,0.054,2022-23
203457,Nerlens Noel,1610612751,BKN,C-F,29.0,14,14,1.0,3.86,7.57,0.509,0.507,0.003,2022-23
203469,Cody Zeller,1610612748,MIA,F-C,30.0,15,15,1.0,4.53,7.53,0.602,0.513,0.089,2022-23
1627752,Taurean Prince,1610612750,MIN,F,29.0,53,53,1.0,3.47,7.47,0.465,0.467,-0.002,2022-23
1630198,Isaiah Joe,1610612760,OKC,G,23.0,70,70,1.0,3.54,7.47,0.474,0.463,0.012,2022-23
1627777,Georges Niang,1610612755,PHI,F,30.0,78,78,1.0,3.51,7.44,0.472,0.467,0.006,2022-23
201569,Eric Gordon,1610612746,LAC,G,34.0,68,68,1.0,3.63,7.41,0.49,0.468,0.022,2022-23
202692,Alec Burks,1610612765,DET,G,31.0,51,51,1.0,3.59,7.41,0.484,0.468,0.016,2022-23
1629670,Jordan Nwora,1610612754,IND,F,24.0,59,59,1.0,3.92,7.36,0.532,0.463,0.07,2022-23
1630579,Jericho Sims,1610612752,NYK,C,24.0,50,50,1.0,3.7,7.32,0.505,0.504,0.002,2022-23
1630558,Davion Mitchell,1610612758,SAC,G,24.0,80,80,1.0,3.48,7.28,0.478,0.461,0.016,2022-23
203925,Joe Harris,1610612751,BKN,G-F,31.0,74,74,1.0,3.34,7.28,0.458,0.469,-0.01,2022-23
203490,Otto Porter Jr.,1610612761,TOR,F,30.0,8,8,1.0,3.5,7.25,0.483,0.466,0.017,2022-23
1631245,Quenton Jackson,1610612764,WAS,G,24.0,8,8,1.0,3.88,7.25,0.534,0.46,0.075,2022-23
1630171,Isaac Okoro,1610612739,CLE,F-G,22.0,76,76,1.0,3.47,7.25,0.479,0.466,0.013,2022-23
1628975,Jevon Carter,1610612749,MIL,G,27.0,81,81,1.0,3.22,7.22,0.446,0.461,-0.015,2022-23
1628464,Daniel Theis,1610612754,IND,F-C,31.0,7,7,1.0,4.0,7.14,0.56,0.507,0.053,2022-23
1626195,Willy Hernangomez,1610612740,NOP,C-F,29.0,35,35,1.0,3.91,7.09,0.552,0.499,0.053,2022-23
203926,Doug McDermott,1610612759,SAS,F,31.0,64,64,1.0,3.5,7.09,0.493,0.464,0.029,2022-23
1630586,Usman Garuba,1610612745,HOU,F,21.0,75,75,1.0,3.41,7.07,0.483,0.48,0.003,2022-23
1629638,Nickeil Alexander-Walker,1610612750,MIN,G,24.0,54,54,1.0,3.11,7.04,0.442,0.463,-0.021,2022-23
1631108,Max Christie,1610612747,LAL,G,20.0,34,34,1.0,3.12,7.03,0.444,0.463,-0.02,2022-23
1631132,Christian Koloko,1610612761,TOR,C,23.0,55,55,1.0,3.36,7.02,0.479,0.494,-0.015,2022-23
1631128,Christian Braun,1610612743,DEN,G,22.0,66,66,1.0,3.29,7.02,0.469,0.47,-0.002,2022-23
1630206,Jay Scrubb,1610612753,ORL,G,22.0,1,1,1.0,3.0,7.0,0.429,0.423,0.006,2022-23
203085,Austin Rivers,1610612750,MIN,G,30.0,48,48,1.0,3.65,7.0,0.521,0.461,0.06,2022-23
1629623,Lindell Wigginton,1610612749,MIL,G,25.0,4,4,1.0,3.5,7.0,0.5,0.416,0.084,2022-23
1630544,Tre Mann,1610612760,OKC,G,22.0,65,65,1.0,3.28,6.98,0.469,0.455,0.014,2022-23
203552,Seth Curry,1610612751,BKN,G,32.0,60,60,1.0,3.38,6.97,0.486,0.463,0.023,2022-23
1629642,Nassir Little,1610612757,POR,F-G,23.0,54,54,1.0,3.44,6.96,0.495,0.47,0.025,2022-23
201588,George Hill,1610612754,IND,G,37.0,46,46,1.0,2.89,6.93,0.417,0.456,-0.039,2022-23
1641645,Xavier Cooks,1610612764,WAS,F,27.0,9,9,1.0,3.44,6.89,0.5,0.499,0.001,2022-23
1630550,JT Thor,1610612766,CHA,F,20.0,65,65,1.0,3.35,6.88,0.488,0.476,0.012,2022-23
1626145,Tyus Jones,1610612763,MEM,G,27.0,79,79,1.0,3.37,6.87,0.49,0.455,0.035,2022-23
1630549,Day'Ron Sharpe,1610612751,BKN,C,21.0,46,46,1.0,3.35,6.85,0.489,0.489,0.0,2022-23
1630846,Olivier Sarr,1610612760,OKC,C,24.0,6,6,1.0,3.0,6.83,0.439,0.472,-0.033,2022-23
1626168,Trey Lyles,1610612758,SAC,F,27.0,74,74,1.0,3.35,6.82,0.491,0.474,0.017,2022-23
201586,Serge Ibaka,1610612749,MIL,F,33.0,16,16,1.0,3.63,6.81,0.532,0.483,0.049,2022-23
1629750,Javonte Green,1610612741,CHI,G,29.0,32,32,1.0,2.81,6.81,0.413,0.468,-0.055,2022-23
1628984,Devonte' Graham,1610612759,SAS,G,28.0,73,73,1.0,3.34,6.78,0.493,0.467,0.026,2022-23
1630560,Cam Thomas,1610612751,BKN,G,21.0,53,53,1.0,3.15,6.75,0.466,0.467,-0.001,2022-23
1627745,Damian Jones,1610612762,UTA,C,28.0,34,34,1.0,2.85,6.74,0.424,0.482,-0.058,2022-23
1630194,Paul Reed,1610612755,PHI,F,24.0,63,63,1.0,3.32,6.73,0.493,0.481,0.011,2022-23
1629308,Juan Toscano-Anderson,1610612762,UTA,F,30.0,48,48,1.0,3.29,6.73,0.489,0.476,0.013,2022-23
203083,Andre Drummond,1610612741,CHI,C,29.0,67,67,1.0,3.39,6.73,0.503,0.507,-0.004,2022-23
1630240,Saben Lee,1610612756,PHX,G,24.0,22,22,1.0,3.14,6.73,0.466,0.466,0.0,2022-23
1629004,Svi Mykhailiuk,1610612766,CHA,G-F,26.0,25,25,1.0,3.28,6.72,0.488,0.46,0.029,2022-23
1626149,Montrezl Harrell,1610612755,PHI,F-C,29.0,54,54,1.0,3.24,6.72,0.482,0.491,-0.008,2022-23
1629641,Romeo Langford,1610612759,SAS,G-F,23.0,41,41,1.0,3.27,6.71,0.487,0.464,0.024,2022-23
1628221,Gabe York,1610612754,IND,G,29.0,3,3,1.0,3.67,6.67,0.55,0.446,0.104,2022-23
1630215,Jared Butler,1610612760,OKC,G,22.0,3,3,1.0,3.0,6.67,0.45,0.425,0.025,2022-23
1630547,James Bouknight,1610612766,CHA,G,22.0,31,31,1.0,2.84,6.65,0.427,0.455,-0.028,2022-23
204060,Joe Ingles,1610612749,MIL,F-G,35.0,46,46,1.0,3.17,6.63,0.479,0.461,0.018,2022-23
204456,T.J. McConnell,1610612754,IND,G,31.0,75,75,1.0,2.99,6.61,0.452,0.468,-0.016,2022-23
1630573,Sam Hauser,1610612738,BOS,F,25.0,77,77,1.0,3.05,6.6,0.463,0.461,0.001,2022-23
1630192,Zeke Nnaji,1610612743,DEN,F-C,22.0,50,50,1.0,3.06,6.54,0.468,0.486,-0.018,2022-23
1627823,Juancho Hernangomez,1610612761,TOR,F,27.0,40,40,1.0,3.45,6.53,0.529,0.479,0.05,2022-23
1630552,Jalen Johnson,1610612737,ATL,F,21.0,68,68,1.0,3.06,6.53,0.468,0.479,-0.01,2022-23
201152,Thaddeus Young,1610612761,TOR,F,35.0,53,53,1.0,3.7,6.53,0.566,0.491,0.076,2022-23
1628977,Hamidou Diallo,1610612765,DET,G,24.0,56,56,1.0,2.88,6.5,0.442,0.474,-0.032,2022-23
2738,Andre Iguodala,1610612744,GSW,G-F,39.0,8,8,1.0,3.0,6.38,0.471,0.456,0.015,2022-23
1630181,R.J. Hampton,1610612765,DET,G,22.0,43,43,1.0,3.19,6.37,0.5,0.473,0.027,2022-23
1631115,Orlando Robinson,1610612748,MIA,C,22.0,30,30,1.0,3.47,6.33,0.547,0.497,0.051,2022-23
201599,DeAndre Jordan,1610612743,DEN,C,34.0,39,39,1.0,3.18,6.33,0.502,0.512,-0.01,2022-23
1629002,Chimezie Metu,1610612758,SAC,F-C,26.0,62,62,1.0,3.18,6.31,0.504,0.48,0.024,2022-23
1630593,McKinley Wright IV,1610612742,DAL,G,24.0,23,23,1.0,2.91,6.3,0.462,0.462,0.0,2022-23
1629003,Shake Milton,1610612755,PHI,G-F,26.0,75,75,1.0,3.08,6.28,0.49,0.462,0.028,2022-23
203200,Justin Holiday,1610612742,DAL,F-G,34.0,44,44,1.0,3.09,6.27,0.493,0.469,0.024,2022-23
203095,Evan Fournier,1610612752,NYK,G-F,30.0,24,24,1.0,3.13,6.25,0.5,0.458,0.042,2022-23
1629680,Matisse Thybulle,1610612757,POR,G-F,26.0,67,67,1.0,2.91,6.24,0.467,0.467,-0.001,2022-23
1631104,Blake Wesley,1610612759,SAS,G,20.0,37,37,1.0,2.97,6.22,0.478,0.458,0.02,2022-23
1627780,Gary Payton II,1610612744,GSW,G,30.0,22,22,1.0,3.41,6.14,0.556,0.472,0.084,2022-23
203967,Dario Saric,1610612760,OKC,F-C,29.0,56,56,1.0,3.13,6.14,0.509,0.484,0.025,2022-23
1626166,Cameron Payne,1610612756,PHX,G,28.0,47,47,1.0,2.94,6.11,0.481,0.462,0.019,2022-23
1629134,Kendrick Nunn,1610612764,WAS,G,27.0,63,63,1.0,3.17,6.1,0.521,0.463,0.058,2022-23
1630225,Isaiah Todd,1610612764,WAS,F,21.0,3,3,1.0,2.33,6.0,0.389,0.471,-0.083,2022-23
1629669,Jaylen Nowell,1610612750,MIN,G,23.0,65,65,1.0,3.28,6.0,0.546,0.469,0.077,2022-23
203585,Rodney McGruder,1610612765,DET,G,31.0,30,30,1.0,2.97,6.0,0.494,0.467,0.028,2022-23
1629637,Jaxson Hayes,1610612740,NOP,C-F,23.0,42,42,1.0,2.71,6.0,0.452,0.471,-0.018,2022-23
1628373,Frank Ntilikina,1610612742,DAL,G,24.0,41,41,1.0,2.63,5.98,0.441,0.464,-0.023,2022-23
1630540,Miles McBride,1610612752,NYK,G,22.0,58,58,1.0,2.69,5.98,0.45,0.456,-0.006,2022-23
1631121,Bryce McGowens,1610612766,CHA,G,20.0,41,41,1.0,2.85,5.98,0.478,0.456,0.021,2022-23
203933,T.J. Warren,1610612756,PHX,F,29.0,40,40,1.0,2.95,5.98,0.494,0.478,0.015,2022-23
1630647,Eugene Omoruyi,1610612765,DET,F,26.0,39,39,1.0,2.59,5.97,0.433,0.466,-0.033,2022-23
1626169,Stanley Johnson,1610612762,UTA,F-G,27.0,29,29,1.0,2.69,5.97,0.451,0.472,-0.022,2022-23
1630227,Daishen Nix,1610612745,HOU,G,21.0,55,55,1.0,3.0,5.96,0.503,0.468,0.035,2022-23
1630556,Kessler Edwards,1610612758,SAC,F,22.0,32,32,1.0,2.56,5.94,0.432,0.478,-0.046,2022-23
1631288,Jamal Cain,1610612748,MIA,F,24.0,17,17,1.0,3.12,5.94,0.525,0.458,0.067,2022-23
1628427,Vlatko Cancar,1610612743,DEN,F,26.0,51,51,1.0,2.88,5.92,0.487,0.467,0.02,2022-23
1631222,Jake LaRavia,1610612763,MEM,F,21.0,33,33,1.0,2.58,5.91,0.436,0.451,-0.016,2022-23
1630235,Trent Forrest,1610612737,ATL,G,25.0,22,22,1.0,2.64,5.91,0.446,0.464,-0.018,2022-23
1630322,Lindy Waters III,1610612760,OKC,F,25.0,40,40,1.0,2.7,5.9,0.458,0.46,-0.003,2022-23
1631172,Ousmane Dieng,1610612760,OKC,F,20.0,38,38,1.0,2.63,5.89,0.446,0.449,-0.003,2022-23
202689,Kemba Walker,1610612742,DAL,G,33.0,9,9,1.0,3.33,5.89,0.566,0.454,0.112,2022-23
202083,Wesley Matthews,1610612749,MIL,G,36.0,50,50,1.0,2.78,5.86,0.474,0.479,-0.005,2022-23
1631212,Peyton Watson,1610612743,DEN,G,20.0,13,13,1.0,2.85,5.85,0.487,0.486,0.001,2022-23
201937,Ricky Rubio,1610612739,CLE,G,32.0,33,33,1.0,2.58,5.85,0.44,0.451,-0.01,2022-23
203210,JaMychal Green,1610612744,GSW,F-C,33.0,57,57,1.0,3.18,5.84,0.544,0.483,0.06,2022-23
1631219,John Butler Jr.,1610612757,POR,F,20.0,18,18,1.0,2.61,5.83,0.448,0.467,-0.019,2022-23
1628962,Udoka Azubuike,1610612762,UTA,C-F,23.0,34,34,1.0,2.62,5.82,0.449,0.49,-0.041,2022-23
1627884,Derrick Jones Jr.,1610612741,CHI,F,26.0,61,61,1.0,2.43,5.8,0.418,0.475,-0.057,2022-23
1627863,Danuel House Jr.,1610612755,PHI,F-G,30.0,51,51,1.0,2.86,5.78,0.495,0.468,0.027,2022-23
1630702,Jaden Hardy,1610612742,DAL,G,20.0,45,45,1.0,2.78,5.78,0.481,0.46,0.02,2022-23
1629056,Terence Davis,1610612758,SAC,G,26.0,60,60,1.0,2.98,5.73,0.52,0.47,0.05,2022-23
200752,Rudy Gay,1610612762,UTA,F-G,36.0,56,56,1.0,2.59,5.7,0.455,0.478,-0.023,2022-23
1629048,Goga Bitadze,1610612753,ORL,C-F,23.0,36,36,1.0,2.53,5.64,0.448,0.493,-0.045,2022-23
1629052,Oshae Brissett,1610612754,IND,F-G,25.0,64,64,1.0,2.8,5.64,0.496,0.47,0.026,2022-23
1631098,Johnny Davis,1610612764,WAS,G,21.0,24,24,1.0,2.54,5.63,0.452,0.462,-0.011,2022-23
1630696,Dru Smith,1610612751,BKN,G,25.0,13,13,1.0,2.62,5.62,0.466,0.483,-0.017,2022-23
203473,Dewayne Dedmon,1610612755,PHI,C,33.0,38,38,1.0,2.63,5.61,0.469,0.502,-0.032,2022-23
1630613,Duane Washington Jr.,1610612752,NYK,G,23.0,28,28,1.0,2.61,5.61,0.465,0.456,0.009,2022-23
1626224,Cedi Osman,1610612739,CLE,F,28.0,76,76,1.0,2.38,5.59,0.426,0.458,-0.032,2022-23
1630568,Luka Garza,1610612750,MIN,C,24.0,24,24,1.0,3.08,5.58,0.552,0.496,0.056,2022-23
1628995,Kevin Knox II,1610612757,POR,F,23.0,59,59,1.0,2.56,5.58,0.459,0.464,-0.005,2022-23
1628988,Aaron Holiday,1610612737,ATL,G,26.0,60,60,1.0,2.57,5.55,0.462,0.46,0.003,2022-23
1630699,MarJon Beauchamp,1610612749,MIL,F,22.0,48,48,1.0,2.52,5.54,0.455,0.455,0.0,2022-23
1630202,Payton Pritchard,1610612738,BOS,G,25.0,42,42,1.0,2.43,5.52,0.44,0.455,-0.015,2022-23
203115,Will Barton,1610612761,TOR,G,32.0,53,53,1.0,3.04,5.51,0.551,0.469,0.083,2022-23
1631216,Caleb Houstan,1610612753,ORL,G,20.0,48,48,1.0,2.56,5.48,0.468,0.47,-0.002,2022-23
1630264,Anthony Gill,1610612764,WAS,F,30.0,48,48,1.0,2.71,5.46,0.496,0.477,0.019,2022-23
1628981,Bruno Fernando,1610612737,ATL,F-C,24.0,37,37,1.0,2.65,5.43,0.488,0.504,-0.016,2022-23
1629650,Moses Brown,1610612746,LAC,C,23.0,35,35,1.0,2.31,5.43,0.426,0.482,-0.055,2022-23
1629162,Jordan McLaughlin,1610612750,MIN,G,27.0,43,43,1.0,2.7,5.37,0.502,0.458,0.044,2022-23
201577,Robin Lopez,1610612739,CLE,C,35.0,34,34,1.0,2.65,5.35,0.495,0.501,-0.006,2022-23
1629130,Duncan Robinson,1610612748,MIA,F,29.0,41,41,1.0,2.8,5.34,0.525,0.462,0.063,2022-23
1630695,Micah Potter,1610612762,UTA,C,25.0,6,6,1.0,2.33,5.33,0.438,0.455,-0.018,2022-23
1630637,Carlik Jones,1610612741,CHI,G,25.0,3,3,1.0,3.0,5.33,0.563,0.443,0.12,2022-23
1630201,Malachi Flynn,1610612761,TOR,G,25.0,48,48,1.0,2.58,5.29,0.488,0.459,0.029,2022-23
1630539,Kai Jones,1610612766,CHA,C-F,22.0,41,41,1.0,2.24,5.27,0.426,0.472,-0.046,2022-23
1631102,TyTy Washington Jr.,1610612745,HOU,G,21.0,30,30,1.0,2.47,5.27,0.468,0.455,0.013,2022-23
201580,JaVale McGee,1610612742,DAL,C-F,35.0,41,41,1.0,2.93,5.24,0.558,0.495,0.063,2022-23
1630284,Kevon Harris,1610612753,ORL,G,26.0,32,32,1.0,2.41,5.22,0.461,0.47,-0.009,2022-23
1631260,AJ Green,1610612749,MIL,G,23.0,27,27,1.0,2.44,5.22,0.468,0.459,0.009,2022-23
1631133,Jabari Walker,1610612757,POR,F,20.0,51,51,1.0,2.53,5.22,0.485,0.478,0.007,2022-23
1630541,Moses Moody,1610612744,GSW,G,21.0,60,60,1.0,2.4,5.22,0.46,0.467,-0.007,2022-23
1629676,Isaiah Roby,1610612752,NYK,F,25.0,41,41,1.0,2.83,5.2,0.545,0.481,0.064,2022-23
201980,Danny Green,1610612739,CLE,G,36.0,10,10,1.0,2.5,5.2,0.481,0.459,0.022,2022-23
1630209,Omer Yurtseven,1610612748,MIA,C,25.0,7,7,1.0,2.86,5.14,0.556,0.501,0.055,2022-23
1630167,Obi Toppin,1610612752,NYK,F,25.0,66,66,1.0,2.33,5.12,0.456,0.465,-0.01,2022-23
1630561,David Duke Jr.,1610612751,BKN,G,23.0,17,17,1.0,2.41,5.12,0.471,0.478,-0.006,2022-23
1629726,Garrison Mathews,1610612737,ATL,G,26.0,52,52,1.0,2.27,5.1,0.445,0.454,-0.009,2022-23
1631197,Jared Rhoden,1610612765,DET,G,23.0,11,11,1.0,2.0,5.09,0.393,0.451,-0.058,2022-23
1630528,Josh Christopher,1610612745,HOU,G,21.0,58,58,1.0,2.57,5.09,0.505,0.462,0.043,2022-23
201565,Derrick Rose,1610612752,NYK,G,34.0,27,27,1.0,2.15,5.07,0.423,0.457,-0.034,2022-23
1628435,Chance Comanche,1610612757,POR,C,27.0,1,1,1.0,3.0,5.0,0.6,0.424,0.176,2022-23
1630270,Xavier Sneed,1610612766,CHA,F,25.0,4,4,1.0,1.75,5.0,0.35,0.455,-0.105,2022-23
1631112,Kendall Brown,1610612754,IND,G,20.0,4,4,1.0,2.25,5.0,0.45,0.453,-0.003,2022-23
1629603,Mamadi Diakite,1610612739,CLE,F,26.0,19,19,1.0,2.74,5.0,0.547,0.476,0.072,2022-23
1631323,Simone Fontecchio,1610612762,UTA,F,27.0,45,45,1.0,2.53,4.98,0.509,0.465,0.044,2022-23
1629599,Amir Coffey,1610612746,LAC,G-F,26.0,39,39,1.0,2.36,4.95,0.477,0.466,0.011,2022-23
1629678,Admiral Schofield,1610612753,ORL,F,26.0,35,35,1.0,2.4,4.94,0.486,0.468,0.018,2022-23
1630639,A.J. Lawson,1610612742,DAL,G,22.0,8,8,1.0,2.75,4.88,0.564,0.466,0.098,2022-23
202722,Davis Bertans,1610612742,DAL,F,30.0,45,45,1.0,2.29,4.87,0.47,0.469,0.002,2022-23
1630346,Matt Ryan,1610612750,MIN,F,26.0,29,29,1.0,2.38,4.86,0.489,0.449,0.04,2022-23
1630527,Brandon Boston Jr.,1610612746,LAC,G,21.0,19,19,1.0,2.32,4.84,0.478,0.456,0.022,2022-23
1630553,Keon Johnson,1610612757,POR,G,21.0,32,32,1.0,2.47,4.78,0.516,0.457,0.059,2022-23
203526,Raul Neto,1610612739,CLE,G,31.0,43,43,1.0,2.19,4.74,0.461,0.443,0.018,2022-23
2617,Udonis Haslem,1610612748,MIA,F,43.0,7,7,1.0,2.29,4.71,0.485,0.472,0.013,2022-23
1631217,Moussa Diabaté,1610612746,LAC,F,21.0,21,21,1.0,2.19,4.67,0.469,0.465,0.005,2022-23
203458,Alex Len,1610612758,SAC,C,30.0,21,21,1.0,1.95,4.67,0.418,0.505,-0.087,2022-23
1630688,Ish Wainright,1610612756,PHX,F,28.0,54,54,1.0,2.0,4.63,0.432,0.468,-0.036,2022-23
1630548,Johnny Juzang,1610612762,UTA,G,22.0,18,18,1.0,2.56,4.61,0.554,0.452,0.102,2022-23
1629033,Theo Pinson,1610612742,DAL,G-F,27.0,28,28,1.0,2.54,4.61,0.55,0.464,0.086,2022-23
1631123,Jamaree Bouyea,1610612748,MIA,G,24.0,5,5,1.0,2.6,4.6,0.565,0.46,0.105,2022-23
203920,Khem Birch,1610612759,SAS,C,30.0,19,19,1.0,2.26,4.58,0.494,0.486,0.009,2022-23
203943,Noah Vonleh,1610612738,BOS,F,27.0,19,19,1.0,2.05,4.53,0.453,0.481,-0.028,2022-23
201959,Taj Gibson,1610612764,WAS,F,38.0,45,45,1.0,2.4,4.51,0.532,0.505,0.027,2022-23
1630644,Mac McClung,1610612755,PHI,G,24.0,2,2,1.0,2.0,4.5,0.444,0.447,-0.003,2022-23
201609,Goran Dragic,1610612749,MIL,G,37.0,58,58,1.0,2.02,4.5,0.448,0.459,-0.011,2022-23
1631205,Buddy Boeheim,1610612765,DET,F,23.0,9,9,1.0,1.89,4.44,0.425,0.471,-0.046,2022-23
202693,Markieff Morris,1610612742,DAL,F,33.0,35,35,1.0,2.14,4.4,0.487,0.466,0.021,2022-23
1628410,Edmond Sumner,1610612751,BKN,G,27.0,50,50,1.0,2.28,4.4,0.518,0.47,0.048,2022-23
202397,Ish Smith,1610612743,DEN,G,34.0,33,33,1.0,2.21,4.39,0.503,0.447,0.057,2022-23
1627853,Ryan Arcidiacono,1610612752,NYK,G,29.0,14,14,1.0,1.86,4.36,0.426,0.469,-0.042,2022-23
201988,Patty Mills,1610612751,BKN,G,34.0,39,39,1.0,2.33,4.31,0.542,0.464,0.078,2022-23
1630233,Nathan Knight,1610612750,MIN,F-C,25.0,32,32,1.0,1.75,4.28,0.409,0.463,-0.054,2022-23
1630678,Terry Taylor,1610612741,CHI,F,23.0,21,21,1.0,1.76,4.24,0.416,0.47,-0.054,2022-23
1631306,Cole Swider,1610612747,LAL,F,24.0,5,5,1.0,2.4,4.2,0.571,0.468,0.103,2022-23
1629644,KZ Okpala,1610612758,SAC,F-G,24.0,30,30,1.0,2.0,4.2,0.476,0.481,-0.004,2022-23
1627788,Furkan Korkmaz,1610612755,PHI,G-F,25.0,26,26,1.0,1.92,4.19,0.459,0.442,0.017,2022-23
203648,Thanasis Antetokounmpo,1610612749,MIL,F,30.0,22,22,1.0,2.09,4.18,0.5,0.463,0.037,2022-23
1630625,Dalano Banton,1610612761,TOR,F,23.0,28,28,1.0,1.75,4.14,0.422,0.463,-0.041,2022-23
1631320,Chima Moneke,1610612758,SAC,F,27.0,1,1,1.0,2.0,4.0,0.5,0.496,0.005,2022-23
1629714,Jarrell Brantley,1610612762,UTA,F,27.0,4,4,1.0,0.5,4.0,0.125,0.469,-0.344,2022-23
1630288,Jeff Dowtin Jr.,1610612761,TOR,G,26.0,21,21,1.0,1.86,4.0,0.464,0.461,0.003,2022-23
1629735,Chris Silva,1610612737,ATL,F,26.0,1,1,1.0,0.0,4.0,0.0,0.452,-0.452,2022-23
1626158,Richaun Holmes,1610612758,SAC,F,29.0,38,38,1.0,1.97,3.97,0.497,0.504,-0.007,2022-23
1630600,Isaiah Mobley,1610612739,CLE,F,23.0,9,9,1.0,1.78,3.89,0.457,0.473,-0.016,2022-23
1626163,Frank Kaminsky,1610612745,HOU,F-C,30.0,32,32,1.0,1.94,3.81,0.508,0.49,0.018,2022-23
1629674,Neemias Queta,1610612758,SAC,C,23.0,5,5,1.0,2.0,3.8,0.526,0.492,0.034,2022-23
203521,Matthew Dellavedova,1610612758,SAC,G,32.0,22,22,1.0,1.64,3.77,0.434,0.45,-0.016,2022-23
1629653,Devon Dotson,1610612764,WAS,G,23.0,4,4,1.0,1.5,3.75,0.4,0.465,-0.065,2022-23
1631160,Jordan Hall,1610612759,SAS,G,21.0,8,8,1.0,2.13,3.75,0.567,0.446,0.121,2022-23
203487,Michael Carter-Williams,1610612753,ORL,G,31.0,3,3,1.0,3.0,3.67,0.818,0.451,0.367,2022-23
1631169,Josh Minott,1610612750,MIN,F,20.0,12,12,1.0,1.33,3.67,0.364,0.44,-0.076,2022-23
201949,James Johnson,1610612754,IND,F,36.0,16,16,1.0,2.13,3.63,0.586,0.463,0.124,2022-23
1627854,Bryn Forbes,1610612750,MIN,G,29.0,24,24,1.0,1.83,3.63,0.506,0.449,0.057,2022-23
1628432,Davon Reed,1610612743,DEN,G,28.0,35,35,1.0,1.8,3.63,0.496,0.441,0.055,2022-23
1631113,Kennedy Chandler,1610612763,MEM,G,20.0,26,26,1.0,1.92,3.58,0.538,0.435,0.102,2022-23
1630184,Kira Lewis Jr.,1610612740,NOP,G,22.0,22,22,1.0,1.68,3.55,0.474,0.471,0.003,2022-23
1631254,Kenneth Lofton Jr.,1610612763,MEM,F,20.0,18,18,1.0,1.83,3.44,0.532,0.48,0.052,2022-23
1628371,Jonathan Isaac,1610612753,ORL,F,25.0,11,11,1.0,1.73,3.36,0.514,0.489,0.025,2022-23
1631246,Vince Williams Jr.,1610612763,MEM,G,22.0,11,11,1.0,1.36,3.36,0.405,0.447,-0.042,2022-23
1631116,Patrick Baldwin Jr.,1610612744,GSW,F,20.0,25,25,1.0,1.8,3.36,0.536,0.478,0.058,2022-23
1631120,JD Davison,1610612738,BOS,G,20.0,7,7,1.0,1.29,3.29,0.391,0.436,-0.045,2022-23
1630241,Sam Merrill,1610612739,CLE,G,27.0,4,4,1.0,1.0,3.25,0.308,0.465,-0.157,2022-23
1628408,PJ Dozier,1610612758,SAC,G-F,26.0,9,9,1.0,1.22,3.11,0.393,0.478,-0.086,2022-23
1628382,Justin Jackson,1610612738,BOS,F,28.0,13,13,1.0,1.23,3.08,0.4,0.438,-0.038,2022-23
1631207,Dalen Terry,1610612741,CHI,F,20.0,26,26,1.0,1.42,3.04,0.468,0.438,0.03,2022-23
1631157,Ryan Rollins,1610612744,GSW,G,20.0,7,7,1.0,1.29,3.0,0.429,0.431,-0.002,2022-23
1630243,Trevelin Queen,1610612755,PHI,G,26.0,6,6,1.0,1.17,3.0,0.389,0.472,-0.083,2022-23
1630554,Jason Preston,1610612746,LAC,G,23.0,11,11,1.0,1.64,3.0,0.545,0.462,0.083,2022-23
1630249,Vít Krejčí,1610612737,ATL,G,23.0,20,20,1.0,1.3,3.0,0.433,0.424,0.009,2022-23
1626246,Boban Marjanovic,1610612745,HOU,C,34.0,27,27,1.0,1.63,3.0,0.543,0.483,0.06,2022-23
202066,Garrett Temple,1610612740,NOP,G-F,37.0,21,21,1.0,1.33,2.86,0.467,0.442,0.025,2022-23
1630267,Facundo Campazzo,1610612742,DAL,G,32.0,5,5,1.0,0.8,2.8,0.286,0.411,-0.126,2022-23
1628993,Alize Johnson,1610612759,SAS,F,27.0,4,4,1.0,0.25,2.75,0.091,0.461,-0.37,2022-23
1629662,Mfiondu Kabengele,1610612738,BOS,C,25.0,4,4,1.0,1.5,2.75,0.545,0.528,0.017,2022-23
1630531,Jaden Springer,1610612755,PHI,G,20.0,11,11,1.0,1.64,2.73,0.6,0.461,0.139,2022-23
1630195,Leandro Bolmaro,1610612762,UTA,F,22.0,10,10,1.0,1.4,2.7,0.519,0.447,0.072,2022-23
1631111,Wendell Moore Jr.,1610612750,MIN,G,21.0,22,22,1.0,1.55,2.59,0.596,0.472,0.125,2022-23
1629685,Dylan Windler,1610612739,CLE,G-F,26.0,2,2,1.0,1.5,2.5,0.6,0.411,0.189,2022-23
1629875,Xavier Moon,1610612746,LAC,G,28.0,4,4,1.0,1.5,2.5,0.6,0.416,0.184,2022-23
1630590,Scotty Pippen Jr.,1610612747,LAL,G,22.0,5,5,1.0,0.8,2.4,0.333,0.402,-0.069,2022-23
1628424,Kobi Simmons,1610612766,CHA,G,25.0,5,5,1.0,1.0,2.4,0.417,0.438,-0.021,2022-23
1630580,Joe Wieskamp,1610612761,TOR,G-F,23.0,8,8,1.0,0.63,2.38,0.263,0.422,-0.159,2022-23
1631165,Keon Ellis,1610612758,SAC,G,23.0,8,8,1.0,1.25,2.38,0.526,0.489,0.037,2022-23
1630551,Justin Champagnie,1610612738,BOS,G-F,22.0,3,3,1.0,1.33,2.33,0.571,0.427,0.144,2022-23
1631309,Trevor Hudgins,1610612745,HOU,G,24.0,3,3,1.0,1.33,2.33,0.571,0.462,0.11,2022-23
1631311,Lester Quiñones,1610612744,GSW,G,22.0,3,3,1.0,0.67,2.33,0.286,0.437,-0.151,2022-23
1630535,Greg Brown III,1610612757,POR,F,21.0,10,10,1.0,0.6,2.2,0.273,0.466,-0.193,2022-23
1631298,Jack White,1610612743,DEN,F,25.0,11,11,1.0,0.91,2.18,0.417,0.505,-0.088,2022-23
1630620,Darius Days,1610612745,HOU,F,23.0,3,3,1.0,0.67,2.0,0.333,0.456,-0.123,2022-23
1631213,Tyrese Martin,1610612737,ATL,G,24.0,10,10,1.0,1.1,2.0,0.55,0.458,0.092,2022-23
1628425,Sterling Brown,1610612747,LAL,G-F,28.0,4,4,1.0,1.0,2.0,0.5,0.47,0.03,2022-23
1631199,Ron Harper Jr.,1610612761,TOR,F,23.0,6,6,1.0,1.0,1.83,0.545,0.432,0.113,2022-23
1628396,Tony Bradley,1610612741,CHI,C-F,25.0,11,11,1.0,1.09,1.82,0.6,0.493,0.107,2022-23
1630250,Marko Simonovic,1610612741,CHI,C,23.0,3,3,1.0,1.0,1.67,0.6,0.517,0.083,2022-23
1630792,Malcolm Hill,1610612741,CHI,F,27.0,2,2,1.0,0.5,1.5,0.333,0.42,-0.087,2022-23
1630296,Braxton Key,1610612765,DET,F,26.0,2,2,1.0,0.5,1.5,0.333,0.453,-0.119,2022-23
1628416,Tyler Dorsey,1610612742,DAL,G,27.0,2,2,1.0,1.0,1.5,0.667,0.44,0.227,2022-23
1631220,Dereon Seabron,1610612740,NOP,G,23.0,5,5,1.0,0.6,1.4,0.429,0.484,-0.055,2022-23
1630176,Vernon Carey Jr.,1610612762,UTA,C,22.0,6,6,1.0,0.17,1.33,0.125,0.441,-0.316,2022-23
1631495,Donovan Williams,1610612737,ATL,G,21.0,1,1,1.0,0.0,1.0,0.0,0.674,-0.674,2022-23
1629126,Deonte Burton,1610612758,SAC,G-F,29.0,1,1,1.0,1.0,1.0,1.0,0.527,0.473,2022-23
1630649,Stanley Umude,1610612765,DET,G,24.0,1,1,1.0,0.0,1.0,0.0,0.421,-0.421,2022-23
201572,Brook Lopez,1610612749,MIL,C,36.0,79,79,1.0,10.57,22.16,0.477,0.498,-0.021,2023-24
203954,Joel Embiid,1610612755,PHI,C-F,30.0,39,39,1.0,9.41,21.36,0.441,0.5,-0.059,2023-24
203999,Nikola Jokić,1610612743,DEN,C,29.0,78,78,1.0,10.21,19.99,0.511,0.505,0.005,2023-24
203497,Rudy Gobert,1610612750,MIN,C,32.0,76,76,1.0,8.24,18.95,0.435,0.495,-0.06,2023-24
203076,Anthony Davis,1610612747,LAL,F-C,31.0,76,76,1.0,8.93,18.92,0.472,0.495,-0.023,2023-24
204001,Kristaps Porziņģis,1610612738,BOS,F-C,28.0,57,57,1.0,8.19,18.91,0.433,0.489,-0.055,2023-24
1630578,Alperen Sengun,1610612745,HOU,C,21.0,63,63,1.0,9.29,18.87,0.492,0.499,-0.007,2023-24
1629028,Deandre Ayton,1610612757,POR,C,25.0,55,55,1.0,8.71,18.53,0.47,0.491,-0.021,2023-24
1630596,Evan Mobley,1610612739,CLE,C,23.0,50,50,1.0,8.1,17.8,0.455,0.494,-0.039,2023-24
1627734,Domantas Sabonis,1610612758,SAC,F-C,28.0,82,82,1.0,8.33,17.16,0.485,0.505,-0.019,2023-24
1629651,Nic Claxton,1610612751,BKN,C,25.0,70,70,1.0,7.97,17.09,0.467,0.487,-0.02,2023-24
1630567,Scottie Barnes,1610612761,TOR,F-G,22.0,60,60,1.0,8.35,16.88,0.495,0.482,0.012,2023-24
1628386,Jarrett Allen,1610612739,CLE,C,26.0,76,76,1.0,8.21,16.82,0.488,0.5,-0.012,2023-24
1627826,Ivica Zubac,1610612746,LAC,C,27.0,68,68,1.0,7.69,16.78,0.458,0.497,-0.039,2023-24
1630166,Deni Avdija,1610612764,WAS,F,23.0,75,75,1.0,7.95,16.73,0.475,0.479,-0.004,2023-24
1641705,Victor Wembanyama,1610612759,SAS,F-C,20.0,71,71,1.0,7.72,16.72,0.462,0.504,-0.042,2023-24
202696,Nikola Vučević,1610612741,CHI,C,33.0,75,75,1.0,8.09,16.37,0.494,0.5,-0.006,2023-24
1631096,Chet Holmgren,1610612760,OKC,C-F,22.0,82,82,1.0,7.38,16.21,0.455,0.499,-0.044,2023-24
203994,Jusuf Nurkić,1610612756,PHX,C,29.0,76,76,1.0,7.41,15.67,0.473,0.498,-0.026,2023-24
1629029,Luka Dončić,1610612742,DAL,F-G,25.0,70,70,1.0,7.49,15.53,0.482,0.474,0.008,2023-24
1641726,Dereck Lively II,1610612742,DAL,C,20.0,55,55,1.0,7.45,15.47,0.482,0.495,-0.013,2023-24
1629655,Daniel Gafford,1610612742,DAL,F-C,25.0,73,73,1.0,7.53,15.42,0.488,0.503,-0.015,2023-24
1630552,Jalen Johnson,1610612737,ATL,F,22.0,56,56,1.0,7.32,15.38,0.476,0.479,-0.003,2023-24
1628960,Grayson Allen,1610612756,PHX,G,28.0,75,75,1.0,7.03,15.36,0.457,0.47,-0.013,2023-24
1627751,Jakob Poeltl,1610612761,TOR,C,28.0,50,50,1.0,7.62,15.36,0.496,0.499,-0.003,2023-24
1629632,Coby White,1610612741,CHI,G,24.0,78,78,1.0,7.76,15.33,0.506,0.468,0.038,2023-24
1628374,Lauri Markkanen,1610612762,UTA,F-C,27.0,55,55,1.0,7.53,15.2,0.495,0.485,0.01,2023-24
1626167,Myles Turner,1610612754,IND,C-F,28.0,77,77,1.0,7.38,15.0,0.492,0.499,-0.007,2023-24
1631110,Jeremy Sochan,1610612759,SAS,F,21.0,74,74,1.0,7.19,14.95,0.481,0.482,-0.001,2023-24
1631105,Jalen Duren,1610612765,DET,C,20.0,61,61,1.0,7.31,14.87,0.492,0.499,-0.008,2023-24
201950,Jrue Holiday,1610612738,BOS,G,34.0,69,69,1.0,6.57,14.57,0.451,0.472,-0.021,2023-24
1629630,Ja Morant,1610612763,MEM,G,24.0,9,9,1.0,8.11,14.56,0.557,0.472,0.086,2023-24
1630559,Austin Reaves,1610612747,LAL,G,26.0,82,82,1.0,7.18,14.54,0.494,0.468,0.027,2023-24
1641706,Brandon Miller,1610612766,CHA,F,21.0,74,74,1.0,7.24,14.54,0.498,0.475,0.023,2023-24
203110,Draymond Green,1610612744,GSW,F,34.0,55,55,1.0,6.16,14.35,0.43,0.495,-0.065,2023-24
1629639,Tyler Herro,1610612748,MIA,G,24.0,42,42,1.0,6.29,14.26,0.441,0.46,-0.019,2023-24
1629622,Max Strus,1610612739,CLE,G-F,28.0,69,69,1.0,6.14,14.23,0.432,0.468,-0.036,2023-24
202331,Paul George,1610612746,LAC,F,34.0,74,74,1.0,6.32,14.19,0.446,0.472,-0.026,2023-24
1627750,Jamal Murray,1610612743,DEN,G,27.0,58,58,1.0,6.36,14.19,0.448,0.47,-0.022,2023-24
1631095,Jabari Smith Jr.,1610612745,HOU,F,21.0,76,76,1.0,6.47,14.17,0.457,0.478,-0.022,2023-24
1631109,Mark Williams,1610612766,CHA,C,22.0,19,19,1.0,7.58,14.16,0.535,0.509,0.027,2023-24
1631094,Paolo Banchero,1610612753,ORL,F,21.0,80,80,1.0,6.83,14.14,0.483,0.482,0.0,2023-24
1628415,Dillon Brooks,1610612745,HOU,G-F,28.0,72,72,1.0,6.86,14.06,0.488,0.474,0.014,2023-24
1628970,Miles Bridges,1610612766,CHA,F,26.0,69,69,1.0,6.74,14.04,0.48,0.486,-0.006,2023-24
1628380,Zach Collins,1610612759,SAS,F-C,26.0,69,69,1.0,7.06,14.03,0.503,0.497,0.006,2023-24
1631117,Walker Kessler,1610612762,UTA,C,22.0,64,64,1.0,6.48,14.02,0.463,0.493,-0.03,2023-24
203944,Julius Randle,1610612752,NYK,F-C,29.0,46,46,1.0,6.74,14.0,0.481,0.489,-0.008,2023-24
1628389,Bam Adebayo,1610612748,MIA,C-F,26.0,71,71,1.0,6.15,13.97,0.441,0.491,-0.05,2023-24
1628983,Shai Gilgeous-Alexander,1610612760,OKC,G,25.0,75,75,1.0,6.27,13.91,0.451,0.465,-0.014,2023-24
1627783,Pascal Siakam,1610612754,IND,F,30.0,80,80,1.0,6.93,13.84,0.5,0.476,0.024,2023-24
1628401,Derrick White,1610612738,BOS,G,29.0,73,73,1.0,6.27,13.84,0.453,0.47,-0.016,2023-24
1628991,Jaren Jackson Jr.,1610612763,MEM,F-C,24.0,66,66,1.0,6.45,13.82,0.467,0.493,-0.026,2023-24
1630595,Cade Cunningham,1610612765,DET,G,22.0,62,62,1.0,6.84,13.79,0.496,0.469,0.027,2023-24
203078,Bradley Beal,1610612756,PHX,G,31.0,53,53,1.0,6.49,13.79,0.471,0.467,0.003,2023-24
203992,Bogdan Bogdanović,1610612737,ATL,G,31.0,79,79,1.0,6.56,13.7,0.479,0.461,0.018,2023-24
1626157,Karl-Anthony Towns,1610612750,MIN,C-F,28.0,62,62,1.0,6.35,13.53,0.47,0.479,-0.009,2023-24
1628404,Josh Hart,1610612752,NYK,G,29.0,81,81,1.0,6.15,13.48,0.456,0.473,-0.017,2023-24
201935,James Harden,1610612746,LAC,G,34.0,72,72,1.0,6.49,13.46,0.482,0.472,0.01,2023-24
1630191,Isaiah Stewart,1610612765,DET,F-C,23.0,46,46,1.0,5.78,13.46,0.43,0.484,-0.055,2023-24
1629014,Anfernee Simons,1610612757,POR,G,25.0,46,46,1.0,7.28,13.43,0.542,0.475,0.067,2023-24
201143,Al Horford,1610612738,BOS,C-F,38.0,65,65,1.0,6.25,13.43,0.465,0.48,-0.015,2023-24
1641998,Trey Jemison III,1610612763,MEM,C,24.0,23,23,1.0,6.43,13.3,0.484,0.501,-0.017,2023-24
1627936,Alex Caruso,1610612741,CHI,G,30.0,70,70,1.0,6.0,13.27,0.452,0.472,-0.02,2023-24
1628368,De'Aaron Fox,1610612758,SAC,G,26.0,74,74,1.0,6.57,13.26,0.495,0.468,0.028,2023-24
1626156,D'Angelo Russell,1610612747,LAL,G,28.0,76,76,1.0,6.46,13.25,0.488,0.465,0.023,2023-24
1629628,RJ Barrett,1610612761,TOR,F-G,24.0,58,58,1.0,6.48,13.24,0.49,0.473,0.017,2023-24
203991,Clint Capela,1610612737,ATL,C,30.0,73,73,1.0,6.52,13.21,0.494,0.499,-0.006,2023-24
1627832,Fred VanVleet,1610612745,HOU,G,30.0,73,73,1.0,6.22,13.21,0.471,0.466,0.004,2023-24
1629023,P.J. Washington,1610612742,DAL,F,25.0,72,72,1.0,6.61,13.19,0.501,0.484,0.017,2023-24
1630208,Nick Richards,1610612766,CHA,C,26.0,67,67,1.0,7.03,13.12,0.536,0.506,0.03,2023-24
1629027,Trae Young,1610612737,ATL,G,25.0,54,54,1.0,6.65,13.11,0.507,0.461,0.046,2023-24
1628384,OG Anunoby,1610612752,NYK,F-G,26.0,50,50,1.0,5.68,13.0,0.437,0.475,-0.038,2023-24
1628392,Isaiah Hartenstein,1610612752,NYK,C-F,26.0,75,75,1.0,6.05,13.0,0.466,0.498,-0.032,2023-24
1630168,Onyeka Okongwu,1610612737,ATL,F-C,23.0,55,55,1.0,6.6,12.95,0.51,0.489,0.021,2023-24
1626164,Devin Booker,1610612756,PHX,G,27.0,68,68,1.0,6.09,12.87,0.473,0.466,0.007,2023-24
203468,CJ McCollum,1610612740,NOP,G,32.0,66,66,1.0,6.02,12.76,0.471,0.465,0.006,2023-24
1626179,Terry Rozier,1610612748,MIA,G,30.0,61,61,1.0,6.36,12.72,0.5,0.467,0.033,2023-24
1627749,Dejounte Murray,1610612737,ATL,G,27.0,78,78,1.0,6.42,12.68,0.507,0.471,0.036,2023-24
1631099,Keegan Murray,1610612758,SAC,F,23.0,77,77,1.0,6.18,12.66,0.488,0.475,0.013,2023-24
201142,Kevin Durant,1610612756,PHX,F,35.0,75,75,1.0,5.56,12.57,0.442,0.479,-0.037,2023-24
1630174,Aaron Nesmith,1610612754,IND,G-F,24.0,72,72,1.0,5.69,12.54,0.454,0.476,-0.022,2023-24
1630560,Cam Thomas,1610612751,BKN,G,22.0,65,65,1.0,6.17,12.52,0.493,0.468,0.024,2023-24
1628963,Marvin Bagley III,1610612764,WAS,F,25.0,50,50,1.0,6.12,12.52,0.489,0.496,-0.007,2023-24
1628997,Caleb Martin,1610612748,MIA,F,28.0,64,64,1.0,5.45,12.52,0.436,0.464,-0.028,2023-24
203507,Giannis Antetokounmpo,1610612749,MIL,F,29.0,73,73,1.0,5.77,12.48,0.462,0.484,-0.021,2023-24
202699,Tobias Harris,1610612755,PHI,F,31.0,70,70,1.0,5.77,12.47,0.463,0.48,-0.017,2023-24
1628398,Kyle Kuzma,1610612764,WAS,F,28.0,70,70,1.0,6.09,12.36,0.492,0.483,0.009,2023-24
1628971,Bruce Brown,1610612761,TOR,G-F,27.0,67,67,1.0,6.33,12.34,0.513,0.475,0.038,2023-24
1629057,Robert Williams III,1610612757,POR,C-F,26.0,6,6,1.0,5.5,12.33,0.446,0.488,-0.042,2023-24
1630583,Santi Aldama,1610612763,MEM,F-C,23.0,61,61,1.0,5.84,12.33,0.473,0.48,-0.006,2023-24
1630703,Scoot Henderson,1610612757,POR,G,20.0,62,62,1.0,6.56,12.29,0.534,0.471,0.063,2023-24
1628381,John Collins,1610612762,UTA,F-C,26.0,68,68,1.0,6.44,12.24,0.526,0.488,0.038,2023-24
203081,Damian Lillard,1610612749,MIL,G,33.0,73,73,1.0,5.53,12.22,0.453,0.462,-0.009,2023-24
1630183,Jaden McDaniels,1610612750,MIN,F,23.0,72,72,1.0,5.51,12.21,0.452,0.468,-0.017,2023-24
201942,DeMar DeRozan,1610612741,CHI,G-F,34.0,78,78,1.0,5.77,12.18,0.474,0.473,0.001,2023-24
202695,Kawhi Leonard,1610612746,LAC,F,33.0,68,68,1.0,5.79,12.18,0.476,0.473,0.002,2023-24
1630217,Desmond Bane,1610612763,MEM,G,26.0,42,42,1.0,5.62,12.12,0.464,0.471,-0.008,2023-24
1628976,Wendell Carter Jr.,1610612753,ORL,C-F,25.0,55,55,1.0,6.0,12.11,0.495,0.497,-0.002,2023-24
1631246,Vince Williams Jr.,1610612763,MEM,G,23.0,50,50,1.0,5.86,12.02,0.488,0.474,0.014,2023-24
203932,Aaron Gordon,1610612743,DEN,F,28.0,72,72,1.0,5.19,12.01,0.432,0.486,-0.054,2023-24
1627827,Dorian Finney-Smith,1610612751,BKN,F,31.0,67,67,1.0,5.54,12.01,0.461,0.48,-0.019,2023-24
1629631,De'Andre Hunter,1610612737,ATL,F-G,26.0,57,57,1.0,5.81,11.96,0.485,0.473,0.012,2023-24
203471,Dennis Schröder,1610612751,BKN,G,30.0,80,80,1.0,5.7,11.86,0.481,0.464,0.017,2023-24
1629684,Grant Williams,1610612766,CHA,F,25.0,76,76,1.0,5.72,11.86,0.483,0.481,0.001,2023-24
202685,Jonas Valanciunas,1610612740,NOP,C,32.0,82,82,1.0,6.12,11.84,0.517,0.51,0.007,2023-24
1630529,Herbert Jones,1610612740,NOP,F,25.0,76,76,1.0,5.21,11.83,0.44,0.472,-0.031,2023-24
1630173,Precious Achiuwa,1610612752,NYK,F,24.0,74,74,1.0,5.61,11.81,0.475,0.486,-0.011,2023-24
1631170,Jaime Jaquez Jr.,1610612748,MIA,G,23.0,75,75,1.0,5.63,11.81,0.476,0.464,0.012,2023-24
1630532,Franz Wagner,1610612753,ORL,F,22.0,72,72,1.0,5.6,11.76,0.476,0.472,0.004,2023-24
203897,Zach LaVine,1610612741,CHI,G,29.0,25,25,1.0,5.44,11.72,0.464,0.463,0.001,2023-24
203084,Harrison Barnes,1610612758,SAC,F,32.0,82,82,1.0,5.68,11.63,0.488,0.483,0.005,2023-24
1629011,Mitchell Robinson,1610612752,NYK,C-F,26.0,31,31,1.0,6.03,11.58,0.521,0.499,0.022,2023-24
203482,Kelly Olynyk,1610612761,TOR,F-C,33.0,78,78,1.0,6.04,11.54,0.523,0.489,0.034,2023-24
1631101,Shaedon Sharpe,1610612757,POR,G,21.0,32,32,1.0,6.09,11.53,0.528,0.467,0.061,2023-24
1628973,Jalen Brunson,1610612752,NYK,G,27.0,77,77,1.0,5.74,11.53,0.498,0.466,0.032,2023-24
1630178,Tyrese Maxey,1610612755,PHI,G,23.0,70,70,1.0,5.27,11.5,0.458,0.464,-0.006,2023-24
1628969,Mikal Bridges,1610612751,BKN,G-F,27.0,81,81,1.0,5.36,11.49,0.466,0.47,-0.003,2023-24
1628467,Maxi Kleber,1610612742,DAL,F,32.0,43,43,1.0,4.95,11.49,0.431,0.483,-0.052,2023-24
1629652,Luguentz Dort,1610612760,OKC,G,25.0,79,79,1.0,5.13,11.49,0.446,0.47,-0.024,2023-24
1627741,Buddy Hield,1610612755,PHI,G,31.0,84,84,1.0,5.83,11.46,0.509,0.466,0.042,2023-24
200768,Kyle Lowry,1610612755,PHI,G,38.0,60,60,1.0,5.62,11.42,0.492,0.464,0.028,2023-24
1630193,Immanuel Quickley,1610612761,TOR,G,25.0,68,68,1.0,5.49,11.41,0.481,0.465,0.016,2023-24
1630700,Dyson Daniels,1610612740,NOP,G,21.0,61,61,1.0,5.28,11.2,0.471,0.468,0.003,2023-24
202681,Kyrie Irving,1610612742,DAL,G,32.0,58,58,1.0,5.47,11.14,0.491,0.465,0.025,2023-24
1628998,Cody Martin,1610612766,CHA,F,28.0,28,28,1.0,4.82,11.11,0.434,0.466,-0.032,2023-24
201939,Stephen Curry,1610612744,GSW,G,36.0,74,74,1.0,5.28,11.09,0.476,0.466,0.01,2023-24
1629001,De'Anthony Melton,1610612755,PHI,G,26.0,38,38,1.0,5.55,11.0,0.505,0.465,0.04,2023-24
203952,Andrew Wiggins,1610612744,GSW,F,29.0,71,71,1.0,5.17,10.99,0.471,0.474,-0.003,2023-24
1627736,Malik Beasley,1610612749,MIL,G,27.0,79,79,1.0,5.27,10.95,0.481,0.469,0.012,2023-24
1630162,Anthony Edwards,1610612750,MIN,G,22.0,79,79,1.0,4.86,10.94,0.444,0.469,-0.024,2023-24
1641764,Brandin Podziemski,1610612744,GSW,G,21.0,72,72,1.0,5.29,10.9,0.485,0.466,0.019,2023-24
1631093,Jaden Ivey,1610612765,DET,G,22.0,77,77,1.0,5.25,10.87,0.483,0.466,0.017,2023-24
1626162,Kelly Oubre Jr.,1610612755,PHI,F-G,28.0,68,68,1.0,5.06,10.87,0.465,0.466,0.0,2023-24
202687,Bismack Biyombo,1610612760,OKC,C,31.0,38,38,1.0,5.26,10.84,0.485,0.496,-0.011,2023-24
203924,Jerami Grant,1610612757,POR,F,30.0,54,54,1.0,5.54,10.81,0.512,0.483,0.029,2023-24
1630590,Scotty Pippen Jr.,1610612763,MEM,G,23.0,21,21,1.0,4.95,10.81,0.458,0.469,-0.011,2023-24
1627759,Jaylen Brown,1610612738,BOS,G-F,27.0,70,70,1.0,4.83,10.79,0.448,0.471,-0.024,2023-24
1629627,Zion Williamson,1610612740,NOP,F,23.0,70,70,1.0,5.1,10.79,0.473,0.477,-0.004,2023-24
1630544,Tre Mann,1610612766,CHA,G,23.0,36,36,1.0,5.56,10.78,0.515,0.462,0.054,2023-24
1627742,Brandon Ingram,1610612740,NOP,F,26.0,64,64,1.0,5.19,10.78,0.481,0.474,0.008,2023-24
1641774,Tristan Vukcevic,1610612764,WAS,F,21.0,8,8,1.0,4.38,10.75,0.407,0.494,-0.087,2023-24
1629673,Jordan Poole,1610612764,WAS,G,25.0,78,78,1.0,5.38,10.72,0.502,0.463,0.039,2023-24
1629640,Keldon Johnson,1610612759,SAS,F-G,24.0,69,69,1.0,5.25,10.65,0.493,0.476,0.017,2023-24
202710,Jimmy Butler III,1610612748,MIA,F,34.0,60,60,1.0,5.03,10.65,0.473,0.472,0.0,2023-24
1629636,Darius Garland,1610612739,CLE,G,24.0,57,57,1.0,5.37,10.61,0.506,0.46,0.046,2023-24
1628369,Jayson Tatum,1610612738,BOS,F-G,26.0,74,74,1.0,4.95,10.59,0.467,0.475,-0.008,2023-24
1630169,Tyrese Haliburton,1610612754,IND,G,24.0,69,69,1.0,5.59,10.58,0.529,0.465,0.064,2023-24
1641709,Ausar Thompson,1610612765,DET,G-F,21.0,63,63,1.0,5.1,10.56,0.483,0.471,0.012,2023-24
1627752,Taurean Prince,1610612747,LAL,F,30.0,77,77,1.0,5.29,10.53,0.502,0.477,0.025,2023-24
1628978,Donte DiVincenzo,1610612752,NYK,G,27.0,81,81,1.0,5.2,10.51,0.495,0.465,0.029,2023-24
1628989,Kevin Huerter,1610612758,SAC,G-F,25.0,63,63,1.0,5.22,10.46,0.499,0.468,0.031,2023-24
1629614,Andrew Nembhard,1610612754,IND,G-F,24.0,67,67,1.0,4.85,10.45,0.464,0.467,-0.003,2023-24
1630228,Jonathan Kuminga,1610612744,GSW,F,21.0,74,74,1.0,4.8,10.45,0.459,0.477,-0.017,2023-24
1627747,Caris LeVert,1610612739,CLE,G,29.0,68,68,1.0,4.65,10.44,0.445,0.468,-0.023,2023-24
202691,Klay Thompson,1610612744,GSW,G,34.0,76,76,1.0,4.76,10.43,0.456,0.477,-0.02,2023-24
1630245,Ayo Dosunmu,1610612741,CHI,G,24.0,75,75,1.0,4.96,10.43,0.476,0.47,0.006,2023-24
203114,Khris Middleton,1610612749,MIL,F,32.0,55,55,1.0,4.71,10.42,0.452,0.466,-0.014,2023-24
1629060,Rui Hachimura,1610612747,LAL,F,26.0,68,68,1.0,5.01,10.4,0.482,0.488,-0.006,2023-24
1641731,Bilal Coulibaly,1610612764,WAS,G,19.0,62,62,1.0,5.26,10.4,0.505,0.469,0.036,2023-24
1641718,Keyonte George,1610612762,UTA,G,20.0,75,75,1.0,5.13,10.37,0.495,0.464,0.031,2023-24
1630530,Trey Murphy III,1610612740,NOP,F,24.0,57,57,1.0,4.3,10.37,0.415,0.469,-0.055,2023-24
1626196,Josh Richardson,1610612748,MIA,G,30.0,42,42,1.0,5.1,10.33,0.493,0.46,0.033,2023-24
1630194,Paul Reed,1610612755,PHI,F,25.0,82,82,1.0,5.21,10.26,0.508,0.487,0.021,2023-24
1630581,Josh Giddey,1610612760,OKC,G,21.0,80,80,1.0,4.83,10.25,0.471,0.463,0.007,2023-24
1641787,Tosan Evbuomwan,1610612765,DET,F,23.0,17,17,1.0,5.53,10.24,0.54,0.48,0.061,2023-24
1626172,Kevon Looney,1610612744,GSW,F,28.0,74,74,1.0,4.73,10.2,0.464,0.499,-0.035,2023-24
1630172,Patrick Williams,1610612741,CHI,F,22.0,42,42,1.0,4.95,10.19,0.486,0.486,0.0,2023-24
1630591,Jalen Suggs,1610612753,ORL,G,23.0,75,75,1.0,4.72,10.17,0.464,0.465,-0.002,2023-24
1630557,Corey Kispert,1610612764,WAS,F,25.0,80,80,1.0,5.01,10.16,0.493,0.463,0.031,2023-24
203915,Spencer Dinwiddie,1610612747,LAL,G,31.0,75,75,1.0,4.79,10.15,0.472,0.466,0.005,2023-24
2544,LeBron James,1610612747,LAL,F,39.0,70,70,1.0,4.69,10.14,0.462,0.48,-0.018,2023-24
1627777,Georges Niang,1610612739,CLE,F,31.0,81,81,1.0,4.88,10.14,0.481,0.476,0.005,2023-24
1628436,Luke Kornet,1610612738,BOS,C-F,28.0,63,63,1.0,4.51,10.13,0.445,0.479,-0.034,2023-24
1630224,Jalen Green,1610612745,HOU,G,22.0,82,82,1.0,4.85,10.1,0.481,0.468,0.013,2023-24
1630200,Tre Jones,1610612759,SAS,G,24.0,77,77,1.0,4.95,10.09,0.49,0.46,0.031,2023-24
203967,Dario Saric,1610612744,GSW,F-C,30.0,63,63,1.0,5.06,10.06,0.503,0.488,0.016,2023-24
1626145,Tyus Jones,1610612764,WAS,G,28.0,66,66,1.0,5.32,10.06,0.529,0.459,0.07,2023-24
1626220,Royce O'Neale,1610612756,PHX,F,31.0,78,78,1.0,4.79,10.03,0.478,0.469,0.009,2023-24
1626171,Bobby Portis Jr.,1610612749,MIL,F,29.0,82,82,1.0,5.09,10.0,0.509,0.484,0.025,2023-24
1641739,Toumani Camara,1610612757,POR,F,24.0,70,70,1.0,4.97,9.99,0.498,0.475,0.023,2023-24
1630180,Saddiq Bey,1610612737,ATL,G-F,25.0,63,63,1.0,5.02,9.98,0.502,0.473,0.03,2023-24
1631114,Jalen Williams,1610612760,OKC,G-F,23.0,71,71,1.0,4.46,9.96,0.448,0.473,-0.025,2023-24
203486,Mason Plumlee,1610612746,LAC,F-C,34.0,44,44,1.0,4.77,9.95,0.479,0.498,-0.018,2023-24
1641707,Taylor Hendricks,1610612762,UTA,F,20.0,40,40,1.0,5.15,9.93,0.519,0.474,0.045,2023-24
1629312,Haywood Highsmith,1610612748,MIA,F,27.0,64,64,1.0,4.45,9.91,0.45,0.466,-0.017,2023-24
203501,Tim Hardaway Jr.,1610612742,DAL,G-F,32.0,79,79,1.0,4.85,9.89,0.49,0.467,0.024,2023-24
201144,Mike Conley,1610612750,MIN,G,36.0,76,76,1.0,4.43,9.89,0.448,0.461,-0.013,2023-24
1631222,Jake LaRavia,1610612763,MEM,F,22.0,34,34,1.0,4.88,9.85,0.496,0.466,0.03,2023-24
1641871,Duop Reath,1610612757,POR,C,28.0,68,68,1.0,4.78,9.85,0.485,0.487,-0.002,2023-24
1627732,Ben Simmons,1610612751,BKN,G-F,27.0,15,15,1.0,5.13,9.8,0.524,0.484,0.04,2023-24
1629008,Michael Porter Jr.,1610612743,DEN,F,26.0,80,80,1.0,4.93,9.78,0.504,0.474,0.029,2023-24
1629675,Naz Reid,1610612750,MIN,C-F,24.0,81,81,1.0,4.62,9.72,0.475,0.481,-0.006,2023-24
1630182,Josh Green,1610612742,DAL,G,23.0,57,57,1.0,4.81,9.68,0.496,0.461,0.035,2023-24
1626192,Pat Connaughton,1610612749,MIL,G,31.0,76,76,1.0,4.54,9.67,0.469,0.459,0.01,2023-24
1630163,LaMelo Ball,1610612766,CHA,G,22.0,22,22,1.0,5.64,9.64,0.585,0.47,0.114,2023-24
1629647,Darius Bazley,1610612762,UTA,F,24.0,8,8,1.0,4.88,9.63,0.506,0.461,0.046,2023-24
1629661,Cameron Johnson,1610612751,BKN,F,28.0,57,57,1.0,4.58,9.63,0.475,0.468,0.007,2023-24
1630165,Killian Hayes,1610612765,DET,G,22.0,42,42,1.0,5.12,9.6,0.533,0.466,0.068,2023-24
1628464,Daniel Theis,1610612746,LAC,F-C,32.0,60,60,1.0,4.52,9.5,0.475,0.483,-0.007,2023-24
1627763,Malcolm Brogdon,1610612757,POR,G,31.0,39,39,1.0,4.56,9.49,0.481,0.474,0.007,2023-24
203903,Jordan Clarkson,1610612762,UTA,G,32.0,55,55,1.0,4.73,9.47,0.499,0.469,0.03,2023-24
203484,Kentavious Caldwell-Pope,1610612743,DEN,G,31.0,74,74,1.0,4.18,9.41,0.444,0.465,-0.022,2023-24
1630214,Xavier Tillman,1610612738,BOS,F,25.0,54,54,1.0,4.39,9.39,0.467,0.49,-0.022,2023-24
101108,Chris Paul,1610612744,GSW,G,39.0,58,58,1.0,4.53,9.36,0.484,0.46,0.024,2023-24
201587,Nicolas Batum,1610612755,PHI,G-F,35.0,59,59,1.0,4.15,9.31,0.446,0.467,-0.021,2023-24
1630534,Ochai Agbaji,1610612761,TOR,G,24.0,78,78,1.0,4.05,9.29,0.436,0.465,-0.029,2023-24
1629723,John Konchar,1610612763,MEM,G,28.0,53,53,1.0,4.6,9.26,0.497,0.465,0.032,2023-24
1631218,Trayce Jackson-Davis,1610612744,GSW,F,24.0,67,67,1.0,4.42,9.25,0.477,0.486,-0.009,2023-24
1641730,Noah Clowney,1610612751,BKN,F,19.0,21,21,1.0,4.62,9.24,0.5,0.469,0.031,2023-24
1631107,Nikola Jović,1610612748,MIA,F,21.0,44,44,1.0,4.45,9.14,0.488,0.481,0.006,2023-24
1629638,Nickeil Alexander-Walker,1610612750,MIN,G,25.0,82,82,1.0,3.95,9.1,0.434,0.462,-0.028,2023-24
1630175,Cole Anthony,1610612753,ORL,G,24.0,81,81,1.0,4.31,9.1,0.474,0.459,0.014,2023-24
1630249,Vít Krejčí,1610612737,ATL,G,24.0,22,22,1.0,4.64,9.09,0.51,0.461,0.049,2023-24
1628378,Donovan Mitchell,1610612739,CLE,G,27.0,55,55,1.0,4.33,9.09,0.476,0.47,0.006,2023-24
202704,Reggie Jackson,1610612743,DEN,G,34.0,81,81,1.0,4.42,9.04,0.489,0.464,0.025,2023-24
1630562,Matt Hurt,1610612763,MEM,F,24.0,7,7,1.0,4.29,9.0,0.476,0.455,0.021,2023-24
203935,Marcus Smart,1610612763,MEM,G,30.0,20,20,1.0,3.7,9.0,0.411,0.48,-0.069,2023-24
1629012,Collin Sexton,1610612762,UTA,G,25.0,78,78,1.0,4.46,9.0,0.496,0.468,0.028,2023-24
1641717,Cason Wallace,1610612760,OKC,G,20.0,82,82,1.0,4.01,8.98,0.447,0.459,-0.012,2023-24
1630171,Isaac Okoro,1610612739,CLE,F-G,23.0,68,68,1.0,4.06,8.97,0.452,0.466,-0.013,2023-24
1631212,Peyton Watson,1610612743,DEN,G,21.0,79,79,1.0,3.78,8.94,0.424,0.47,-0.046,2023-24
1629234,Drew Eubanks,1610612756,PHX,F-C,27.0,74,74,1.0,4.16,8.89,0.468,0.486,-0.018,2023-24
1630164,James Wiseman,1610612765,DET,C,23.0,63,63,1.0,4.29,8.87,0.483,0.493,-0.01,2023-24
203939,Dwight Powell,1610612742,DAL,F-C,32.0,58,58,1.0,4.12,8.86,0.465,0.477,-0.012,2023-24
1630170,Devin Vassell,1610612759,SAS,G-F,23.0,68,68,1.0,4.6,8.85,0.52,0.471,0.049,2023-24
203937,Kyle Anderson,1610612750,MIN,F-G,30.0,79,79,1.0,4.01,8.84,0.454,0.473,-0.019,2023-24
1641970,Maozinha Pereira,1610612763,MEM,F,23.0,6,6,1.0,3.17,8.83,0.358,0.481,-0.123,2023-24
1628379,Luke Kennard,1610612763,MEM,G,28.0,39,39,1.0,4.56,8.82,0.517,0.468,0.049,2023-24
1631323,Simone Fontecchio,1610612765,DET,F,28.0,66,66,1.0,4.06,8.8,0.461,0.476,-0.014,2023-24
1628370,Malik Monk,1610612758,SAC,G,26.0,71,71,1.0,4.07,8.77,0.464,0.461,0.003,2023-24
1631230,Dominick Barlow,1610612759,SAS,F,21.0,30,30,1.0,4.37,8.77,0.498,0.496,0.002,2023-24
1627884,Derrick Jones Jr.,1610612742,DAL,F,27.0,76,76,1.0,4.03,8.75,0.46,0.471,-0.011,2023-24
1641713,GG Jackson,1610612763,MEM,F,19.0,46,46,1.0,4.26,8.72,0.489,0.474,0.014,2023-24
1630285,Zavier Simpson,1610612765,DET,G,27.0,7,7,1.0,3.86,8.71,0.443,0.454,-0.012,2023-24
1630540,Miles McBride,1610612752,NYK,G,23.0,64,64,1.0,3.95,8.67,0.456,0.459,-0.004,2023-24
1626204,Larry Nance Jr.,1610612740,NOP,F-C,31.0,61,61,1.0,4.36,8.64,0.505,0.499,0.006,2023-24
1630577,Julian Champagnie,1610612759,SAS,F,23.0,74,74,1.0,3.93,8.64,0.455,0.473,-0.018,2023-24
1631338,Mouhamadou Gueye,1610612761,TOR,F,25.0,11,11,1.0,3.91,8.64,0.453,0.485,-0.033,2023-24
1629048,Goga Bitadze,1610612753,ORL,C-F,24.0,58,58,1.0,4.33,8.62,0.502,0.5,0.002,2023-24
1631097,Bennedict Mathurin,1610612754,IND,G-F,22.0,59,59,1.0,4.69,8.61,0.545,0.471,0.074,2023-24
1629007,Jontay Porter,1610612765,DET,C-F,24.0,24,24,1.0,4.46,8.58,0.519,0.488,0.031,2023-24
1630573,Sam Hauser,1610612738,BOS,F,26.0,79,79,1.0,4.09,8.56,0.478,0.464,0.014,2023-24
1631133,Jabari Walker,1610612757,POR,F,21.0,72,72,1.0,4.07,8.53,0.477,0.481,-0.004,2023-24
203083,Andre Drummond,1610612741,CHI,C,30.0,78,78,1.0,4.21,8.5,0.495,0.502,-0.007,2023-24
1629130,Duncan Robinson,1610612748,MIA,F,30.0,68,68,1.0,3.96,8.46,0.468,0.461,0.007,2023-24
1626174,Christian Wood,1610612747,LAL,F,28.0,49,49,1.0,3.69,8.45,0.437,0.475,-0.038,2023-24
1629611,Terance Mann,1610612746,LAC,G-F,27.0,75,75,1.0,4.23,8.43,0.502,0.469,0.033,2023-24
1630549,Day'Ron Sharpe,1610612751,BKN,C,22.0,60,60,1.0,4.13,8.43,0.49,0.49,0.0,2023-24
1626168,Trey Lyles,1610612758,SAC,F,28.0,58,58,1.0,4.12,8.41,0.49,0.478,0.012,2023-24
1629731,Dean Wade,1610612739,CLE,F-C,27.0,52,52,1.0,3.96,8.37,0.474,0.479,-0.005,2023-24
1629680,Matisse Thybulle,1610612757,POR,G-F,27.0,65,65,1.0,4.02,8.35,0.481,0.468,0.013,2023-24
1641711,Gradey Dick,1610612761,TOR,G-F,20.0,58,58,1.0,4.34,8.33,0.522,0.466,0.056,2023-24
1631106,Tari Eason,1610612745,HOU,F,23.0,22,22,1.0,3.59,8.32,0.432,0.468,-0.037,2023-24
1629021,Moritz Wagner,1610612753,ORL,F-C,27.0,80,80,1.0,4.06,8.3,0.489,0.485,0.005,2023-24
1626181,Norman Powell,1610612746,LAC,G,31.0,76,76,1.0,3.78,8.28,0.456,0.465,-0.009,2023-24
203109,Jae Crowder,1610612749,MIL,F,33.0,50,50,1.0,3.62,8.28,0.437,0.471,-0.033,2023-24
1630188,Jalen Smith,1610612754,IND,F-C,24.0,61,61,1.0,4.2,8.26,0.508,0.487,0.021,2023-24
1631243,Mouhamed Gueye,1610612737,ATL,F,21.0,4,4,1.0,3.75,8.25,0.455,0.476,-0.022,2023-24
202711,Bojan Bogdanovic,1610612752,NYK,F,35.0,57,57,1.0,4.4,8.23,0.535,0.472,0.063,2023-24
1627739,Kris Dunn,1610612762,UTA,G,30.0,63,63,1.0,3.48,8.16,0.426,0.472,-0.046,2023-24
1628470,Torrey Craig,1610612741,CHI,F,33.0,53,53,1.0,4.02,8.15,0.493,0.476,0.017,2023-24
201976,Patrick Beverley,1610612749,MIL,G,35.0,72,72,1.0,3.61,8.15,0.443,0.469,-0.026,2023-24
1629634,Brandon Clarke,1610612763,MEM,F,27.0,6,6,1.0,4.33,8.0,0.542,0.488,0.053,2023-24
1629659,Talen Horton-Tucker,1610612762,UTA,G,23.0,51,51,1.0,3.96,7.96,0.498,0.463,0.034,2023-24
1630533,Ziaire Williams,1610612763,MEM,F,22.0,48,48,1.0,3.88,7.94,0.488,0.466,0.022,2023-24
1630548,Johnny Juzang,1610612762,UTA,G,23.0,18,18,1.0,3.72,7.89,0.472,0.456,0.016,2023-24
1629599,Amir Coffey,1610612746,LAC,G-F,27.0,66,66,1.0,3.77,7.88,0.479,0.459,0.019,2023-24
1641710,Anthony Black,1610612753,ORL,G,20.0,60,60,1.0,3.65,7.75,0.471,0.466,0.005,2023-24
1629629,Cam Reddish,1610612747,LAL,F-G,24.0,47,47,1.0,3.94,7.72,0.51,0.469,0.041,2023-24
1630692,Jordan Goodwin,1610612763,MEM,G,25.0,55,55,1.0,3.58,7.69,0.466,0.464,0.002,2023-24
1631241,Javon Freeman-Liberty,1610612761,TOR,G,24.0,19,19,1.0,4.0,7.68,0.521,0.471,0.05,2023-24
202330,Gordon Hayward,1610612760,OKC,F,34.0,51,51,1.0,3.47,7.65,0.454,0.469,-0.015,2023-24
1641708,Amen Thompson,1610612745,HOU,G-F,21.0,61,61,1.0,3.46,7.64,0.453,0.463,-0.01,2023-24
201569,Eric Gordon,1610612756,PHX,G,35.0,68,68,1.0,3.44,7.63,0.451,0.466,-0.016,2023-24
1628372,Dennis Smith Jr.,1610612751,BKN,G,26.0,55,55,1.0,3.38,7.62,0.444,0.46,-0.016,2023-24
1631223,David Roddy,1610612756,PHX,F,23.0,61,61,1.0,3.44,7.59,0.454,0.473,-0.019,2023-24
1629750,Javonte Green,1610612741,CHI,G,30.0,9,9,1.0,3.78,7.56,0.5,0.487,0.013,2023-24
1630230,Naji Marshall,1610612740,NOP,F,26.0,66,66,1.0,3.23,7.55,0.428,0.47,-0.042,2023-24
1629637,Jaxson Hayes,1610612747,LAL,C-F,24.0,67,67,1.0,3.45,7.52,0.458,0.483,-0.025,2023-24
1629674,Neemias Queta,1610612738,BOS,C,24.0,27,27,1.0,3.37,7.48,0.45,0.472,-0.022,2023-24
1629111,Jock Landale,1610612745,HOU,C,28.0,55,55,1.0,3.31,7.47,0.443,0.48,-0.037,2023-24
1629216,Gabe Vincent,1610612747,LAL,G,28.0,11,11,1.0,3.18,7.45,0.427,0.444,-0.017,2023-24
1629669,Jaylen Nowell,1610612758,SAC,G,24.0,11,11,1.0,2.91,7.45,0.39,0.462,-0.071,2023-24
1641877,Nate Mensah,1610612766,CHA,C,26.0,25,25,1.0,4.08,7.44,0.548,0.487,0.061,2023-24
1628365,Markelle Fultz,1610612753,ORL,G,26.0,43,43,1.0,3.74,7.44,0.503,0.458,0.045,2023-24
1628981,Bruno Fernando,1610612737,ATL,F-C,25.0,42,42,1.0,3.93,7.43,0.529,0.489,0.04,2023-24
1631128,Christian Braun,1610612743,DEN,G,23.0,81,81,1.0,3.33,7.42,0.449,0.462,-0.012,2023-24
1630598,Aaron Wiggins,1610612760,OKC,G,25.0,78,78,1.0,3.28,7.41,0.443,0.465,-0.023,2023-24
1630543,Isaiah Jackson,1610612754,IND,F,22.0,55,55,1.0,3.47,7.4,0.469,0.486,-0.016,2023-24
1630587,Isaiah Livers,1610612765,DET,F,25.0,23,23,1.0,3.87,7.39,0.524,0.471,0.053,2023-24
203496,Robert Covington,1610612755,PHI,F,33.0,27,27,1.0,3.11,7.33,0.424,0.467,-0.043,2023-24
1629002,Chimezie Metu,1610612765,DET,F-C,27.0,47,47,1.0,3.38,7.32,0.462,0.466,-0.004,2023-24
1631119,Jaylin Williams,1610612760,OKC,F,22.0,69,69,1.0,3.62,7.29,0.497,0.486,0.011,2023-24
201145,Jeff Green,1610612745,HOU,F,37.0,77,77,1.0,3.13,7.29,0.43,0.472,-0.043,2023-24
1642013,Malik Williams,1610612761,TOR,C,25.0,7,7,1.0,3.71,7.29,0.51,0.486,0.024,2023-24
1641722,Jordan Hawkins,1610612740,NOP,G,22.0,62,62,1.0,3.24,7.26,0.447,0.459,-0.012,2023-24
1631298,Jack White,1610612760,OKC,F,26.0,4,4,1.0,3.0,7.25,0.414,0.473,-0.059,2023-24
1641729,Brice Sensabaugh,1610612762,UTA,F,20.0,29,29,1.0,3.38,7.24,0.467,0.459,0.008,2023-24
1629020,Jarred Vanderbilt,1610612747,LAL,F,25.0,29,29,1.0,3.72,7.24,0.514,0.477,0.037,2023-24
201566,Russell Westbrook,1610612746,LAC,G,35.0,68,68,1.0,3.15,7.22,0.436,0.465,-0.03,2023-24
1631165,Keon Ellis,1610612758,SAC,G,24.0,55,55,1.0,3.27,7.2,0.455,0.469,-0.014,2023-24
203914,Gary Harris,1610612753,ORL,G,29.0,54,54,1.0,3.43,7.17,0.478,0.459,0.019,2023-24
1630197,Aleksej Pokusevski,1610612766,CHA,F,22.0,28,28,1.0,3.57,7.14,0.5,0.462,0.038,2023-24
1630186,Jahmi'us Ramsey,1610612761,TOR,G,23.0,7,7,1.0,3.71,7.14,0.52,0.469,0.051,2023-24
202397,Ish Smith,1610612766,CHA,G,35.0,43,43,1.0,3.6,7.14,0.505,0.462,0.042,2023-24
1630551,Justin Champagnie,1610612764,WAS,G-F,23.0,15,15,1.0,3.47,7.13,0.486,0.454,0.032,2023-24
202722,Davis Bertans,1610612766,CHA,F,31.0,38,38,1.0,3.5,7.13,0.491,0.462,0.029,2023-24
1630198,Isaiah Joe,1610612760,OKC,G,24.0,77,77,1.0,3.43,7.06,0.485,0.465,0.021,2023-24
1628964,Mo Bamba,1610612755,PHI,C,26.0,55,55,1.0,3.51,7.04,0.499,0.501,-0.003,2023-24
1631108,Max Christie,1610612747,LAL,G,21.0,61,61,1.0,3.13,7.03,0.445,0.461,-0.016,2023-24
203957,Dante Exum,1610612742,DAL,G,28.0,54,54,1.0,3.61,7.02,0.515,0.467,0.048,2023-24
1630564,RaiQuan Gray,1610612759,SAS,F,24.0,3,3,1.0,3.33,7.0,0.476,0.45,0.026,2023-24
1631204,Marcus Sasser,1610612765,DET,G,23.0,69,69,1.0,3.41,6.99,0.488,0.456,0.031,2023-24
201567,Kevin Love,1610612748,MIA,F-C,35.0,55,55,1.0,3.25,6.98,0.466,0.497,-0.031,2023-24
1631200,Kris Murray,1610612757,POR,F,23.0,54,54,1.0,3.41,6.98,0.488,0.471,0.017,2023-24
1630167,Obi Toppin,1610612754,IND,F,26.0,82,82,1.0,3.39,6.98,0.486,0.478,0.008,2023-24
1630625,Dalano Banton,1610612757,POR,F,24.0,49,49,1.0,3.2,6.96,0.46,0.459,0.002,2023-24
1629018,Gary Trent Jr.,1610612761,TOR,G,25.0,71,71,1.0,3.56,6.93,0.514,0.464,0.05,2023-24
1630695,Micah Potter,1610612762,UTA,C,26.0,14,14,1.0,3.36,6.93,0.485,0.486,-0.002,2023-24
1630696,Dru Smith,1610612748,MIA,G,26.0,8,8,1.0,3.88,6.88,0.564,0.468,0.096,2023-24
1630541,Moses Moody,1610612744,GSW,G,22.0,64,64,1.0,2.89,6.86,0.421,0.462,-0.041,2023-24
1629656,Quentin Grimes,1610612765,DET,G,24.0,51,51,1.0,3.29,6.76,0.487,0.457,0.03,2023-24
1630618,D.J. Carton,1610612761,TOR,G,23.0,4,4,1.0,3.5,6.75,0.519,0.454,0.064,2023-24
1626158,Richaun Holmes,1610612764,WAS,F,30.0,38,38,1.0,3.66,6.71,0.545,0.495,0.05,2023-24
1630205,Lamar Stevens,1610612763,MEM,F,26.0,36,36,1.0,3.06,6.69,0.456,0.476,-0.02,2023-24
203995,Vasilije Micic,1610612766,CHA,G,30.0,60,60,1.0,3.37,6.68,0.504,0.468,0.036,2023-24
1630641,Ibou Badji,1610612757,POR,C,21.0,19,19,1.0,3.11,6.68,0.465,0.492,-0.027,2023-24
1629013,Landry Shamet,1610612764,WAS,G,27.0,46,46,1.0,3.33,6.67,0.498,0.466,0.032,2023-24
1630202,Payton Pritchard,1610612738,BOS,G,26.0,82,82,1.0,3.26,6.66,0.489,0.455,0.034,2023-24
200782,P.J. Tucker,1610612746,LAC,F,39.0,31,31,1.0,3.03,6.65,0.456,0.48,-0.024,2023-24
1628972,Troy Brown Jr.,1610612765,DET,G-F,24.0,56,56,1.0,3.7,6.64,0.556,0.464,0.092,2023-24
1631321,Sidy Cissoko,1610612759,SAS,G,20.0,8,8,1.0,3.13,6.63,0.472,0.477,-0.005,2023-24
1630631,Jose Alvarado,1610612740,NOP,G,26.0,55,55,1.0,2.91,6.62,0.44,0.465,-0.026,2023-24
1630570,Trendon Watford,1610612751,BKN,F,23.0,55,55,1.0,3.24,6.6,0.49,0.472,0.019,2023-24
1629716,Marques Bolden,1610612766,CHA,C,26.0,10,10,1.0,3.4,6.6,0.515,0.514,0.001,2023-24
1629650,Moses Brown,1610612757,POR,C,24.0,22,22,1.0,3.14,6.59,0.476,0.492,-0.016,2023-24
203095,Evan Fournier,1610612765,DET,G-F,31.0,32,32,1.0,3.16,6.56,0.481,0.459,0.022,2023-24
1630579,Jericho Sims,1610612752,NYK,C,25.0,39,39,1.0,3.36,6.56,0.512,0.497,0.015,2023-24
1630346,Matt Ryan,1610612740,NOP,F,27.0,25,25,1.0,3.12,6.56,0.476,0.463,0.013,2023-24
203488,Mike Muscala,1610612760,OKC,F-C,33.0,47,47,1.0,3.26,6.51,0.5,0.49,0.01,2023-24
1630209,Omer Yurtseven,1610612762,UTA,C,26.0,42,42,1.0,3.64,6.5,0.56,0.49,0.07,2023-24
1629006,Josh Okogie,1610612756,PHX,G,25.0,58,58,1.0,3.07,6.48,0.473,0.467,0.006,2023-24
1631303,Justin Minaya,1610612757,POR,F,25.0,27,27,1.0,2.78,6.48,0.429,0.462,-0.033,2023-24
1630537,Chris Duarte,1610612758,SAC,G,27.0,55,55,1.0,3.18,6.4,0.497,0.461,0.036,2023-24
201152,Thaddeus Young,1610612756,PHX,F,36.0,32,32,1.0,3.19,6.38,0.5,0.485,0.015,2023-24
1626153,Delon Wright,1610612748,MIA,G,32.0,45,45,1.0,3.11,6.38,0.488,0.456,0.032,2023-24
1630649,Stanley Umude,1610612765,DET,G,25.0,19,19,1.0,3.26,6.37,0.512,0.461,0.051,2023-24
1630215,Jared Butler,1610612764,WAS,G,23.0,36,36,1.0,3.03,6.36,0.476,0.458,0.018,2023-24
1626224,Cedi Osman,1610612759,SAS,F,29.0,72,72,1.0,3.32,6.26,0.53,0.469,0.061,2023-24
1628424,Kobi Simmons,1610612761,TOR,G,26.0,4,4,1.0,2.75,6.25,0.44,0.445,-0.005,2023-24
1630256,Jae'Sean Tate,1610612745,HOU,F,28.0,65,65,1.0,2.68,6.25,0.429,0.47,-0.041,2023-24
1630538,Bones Hyland,1610612746,LAC,G,23.0,34,34,1.0,3.12,6.24,0.5,0.464,0.036,2023-24
1641851,Timmy Allen,1610612763,MEM,F,24.0,5,5,1.0,3.2,6.2,0.516,0.457,0.059,2023-24
202684,Tristan Thompson,1610612739,CLE,C-F,33.0,42,42,1.0,2.71,6.19,0.438,0.482,-0.044,2023-24
1628995,Kevin Knox II,1610612757,POR,F,24.0,31,31,1.0,3.06,6.16,0.497,0.466,0.032,2023-24
1629670,Jordan Nwora,1610612761,TOR,F,25.0,46,46,1.0,2.87,6.15,0.466,0.466,0.001,2023-24
204456,T.J. McConnell,1610612754,IND,G,32.0,71,71,1.0,3.21,6.13,0.524,0.461,0.063,2023-24
1627863,Danuel House Jr.,1610612755,PHI,F-G,31.0,34,34,1.0,2.76,6.12,0.452,0.464,-0.012,2023-24
1631103,Malaki Branham,1610612759,SAS,F,21.0,74,74,1.0,3.27,6.11,0.535,0.464,0.071,2023-24
1628371,Jonathan Isaac,1610612753,ORL,F,26.0,58,58,1.0,2.57,6.1,0.421,0.481,-0.06,2023-24
1629139,Yuta Watanabe,1610612763,MEM,G-F,29.0,32,32,1.0,3.0,6.09,0.492,0.467,0.025,2023-24
202692,Alec Burks,1610612752,NYK,G,32.0,64,64,1.0,2.91,6.09,0.477,0.466,0.011,2023-24
1628449,Chris Boucher,1610612761,TOR,F,31.0,49,49,1.0,2.92,6.06,0.481,0.466,0.015,2023-24
203926,Doug McDermott,1610612754,IND,F,32.0,63,63,1.0,3.02,6.05,0.499,0.457,0.042,2023-24
1630929,Henri Drell,1610612741,CHI,F,24.0,1,1,1.0,1.0,6.0,0.167,0.444,-0.278,2023-24
1641715,Cam Whitmore,1610612745,HOU,F,19.0,44,44,1.0,2.89,6.0,0.481,0.457,0.024,2023-24
1641793,D'Moi Hodge,1610612747,LAL,G,25.0,3,3,1.0,3.0,6.0,0.5,0.433,0.067,2023-24
1631367,Jacob Gilyard,1610612751,BKN,G,25.0,39,39,1.0,3.13,5.97,0.524,0.458,0.065,2023-24
1631288,Jamal Cain,1610612748,MIA,F,25.0,19,19,1.0,2.53,5.95,0.425,0.452,-0.027,2023-24
1630201,Malachi Flynn,1610612765,DET,G,26.0,63,63,1.0,3.1,5.95,0.52,0.451,0.069,2023-24
1630243,Trevelin Queen,1610612753,ORL,G,27.0,13,13,1.0,2.0,5.92,0.338,0.466,-0.129,2023-24
1631121,Bryce McGowens,1610612766,CHA,G,21.0,54,54,1.0,2.74,5.91,0.464,0.468,-0.004,2023-24
1627780,Gary Payton II,1610612744,GSW,G,31.0,44,44,1.0,2.61,5.89,0.444,0.47,-0.026,2023-24
201577,Robin Lopez,1610612749,MIL,C,36.0,8,8,1.0,3.0,5.88,0.511,0.497,0.014,2023-24
1630558,Davion Mitchell,1610612758,SAC,G,25.0,68,68,1.0,2.85,5.88,0.485,0.458,0.027,2023-24
1628966,Keita Bates-Diop,1610612751,BKN,F,28.0,48,48,1.0,2.65,5.85,0.452,0.466,-0.014,2023-24
1630192,Zeke Nnaji,1610612743,DEN,F-C,23.0,52,52,1.0,2.46,5.85,0.421,0.459,-0.038,2023-24
1630181,R.J. Hampton,1610612748,MIA,G,23.0,6,6,1.0,2.17,5.83,0.371,0.478,-0.106,2023-24
1630526,Jeremiah Robinson-Earl,1610612740,NOP,F,23.0,30,30,1.0,2.87,5.83,0.491,0.467,0.025,2023-24
1630241,Sam Merrill,1610612739,CLE,G,28.0,57,57,1.0,2.42,5.81,0.417,0.455,-0.039,2023-24
1630592,Jalen Wilson,1610612751,BKN,F,23.0,38,38,1.0,2.63,5.79,0.455,0.458,-0.003,2023-24
1629022,Lonnie Walker IV,1610612751,BKN,G-F,25.0,56,56,1.0,2.45,5.79,0.423,0.457,-0.034,2023-24
1630527,Brandon Boston Jr.,1610612746,LAC,G,22.0,28,28,1.0,2.82,5.75,0.491,0.459,0.031,2023-24
202694,Marcus Morris Sr.,1610612739,CLE,F,34.0,47,47,1.0,2.91,5.72,0.509,0.47,0.04,2023-24
1628988,Aaron Holiday,1610612745,HOU,G,27.0,77,77,1.0,2.73,5.71,0.477,0.46,0.017,2023-24
201568,Danilo Gallinari,1610612749,MIL,F,35.0,47,47,1.0,2.96,5.7,0.519,0.484,0.035,2023-24
1630699,MarJon Beauchamp,1610612749,MIL,F,23.0,45,45,1.0,2.6,5.69,0.457,0.459,-0.002,2023-24
1631104,Blake Wesley,1610612759,SAS,G,21.0,59,59,1.0,2.88,5.69,0.506,0.459,0.047,2023-24
1631221,Collin Gillespie,1610612743,DEN,G,25.0,18,18,1.0,2.39,5.67,0.422,0.439,-0.018,2023-24
1631116,Patrick Baldwin Jr.,1610612764,WAS,F,21.0,36,36,1.0,2.69,5.64,0.478,0.466,0.012,2023-24
1628418,Thomas Bryant,1610612748,MIA,C-F,26.0,37,37,1.0,3.14,5.62,0.558,0.5,0.058,2023-24
1641767,Ben Sheppard,1610612754,IND,G,22.0,52,52,1.0,2.81,5.62,0.5,0.463,0.037,2023-24
1630610,DeJon Jarreau,1610612763,MEM,G,26.0,9,9,1.0,2.56,5.56,0.46,0.471,-0.011,2023-24
1641723,Kobe Bufkin,1610612737,ATL,G,20.0,16,16,1.0,3.06,5.56,0.551,0.453,0.098,2023-24
1641931,Onuralp Bitim,1610612741,CHI,F,25.0,20,20,1.0,2.5,5.55,0.45,0.44,0.01,2023-24
201599,DeAndre Jordan,1610612743,DEN,C,35.0,33,33,1.0,2.64,5.52,0.478,0.498,-0.02,2023-24
1629667,Jalen McDaniels,1610612761,TOR,F,26.0,46,46,1.0,2.65,5.52,0.48,0.469,0.011,2023-24
1629026,Kenrich Williams,1610612760,OKC,G-F,29.0,69,69,1.0,2.93,5.51,0.532,0.47,0.062,2023-24
1628391,D.J. Wilson,1610612753,ORL,F,28.0,2,2,1.0,2.0,5.5,0.364,0.465,-0.101,2023-24
201980,Danny Green,1610612755,PHI,G,37.0,2,2,1.0,4.0,5.5,0.727,0.478,0.25,2023-24
1641727,Dariq Whitehead,1610612751,BKN,F,19.0,2,2,1.0,4.5,5.5,0.818,0.518,0.301,2023-24
1630550,JT Thor,1610612766,CHA,F,21.0,57,57,1.0,2.68,5.49,0.489,0.476,0.013,2023-24
1626166,Cameron Payne,1610612755,PHI,G,29.0,77,77,1.0,2.64,5.45,0.483,0.462,0.022,2023-24
1629726,Garrison Mathews,1610612737,ATL,G,27.0,66,66,1.0,2.71,5.45,0.497,0.456,0.042,2023-24
1629117,Wenyen Gabriel,1610612738,BOS,F,27.0,5,5,1.0,2.2,5.4,0.407,0.466,-0.058,2023-24
1641854,Craig Porter Jr.,1610612739,CLE,G,24.0,47,47,1.0,2.68,5.4,0.496,0.452,0.044,2023-24
1630264,Anthony Gill,1610612764,WAS,F,31.0,40,40,1.0,2.75,5.38,0.512,0.478,0.034,2023-24
203200,Justin Holiday,1610612743,DEN,F-G,35.0,52,52,1.0,2.31,5.38,0.429,0.462,-0.033,2023-24
1630177,Theo Maledon,1610612756,PHX,G,23.0,16,16,1.0,2.38,5.38,0.442,0.459,-0.018,2023-24
1629717,Armoni Brooks,1610612751,BKN,G,26.0,8,8,1.0,2.38,5.38,0.442,0.457,-0.015,2023-24
1631197,Jared Rhoden,1610612765,DET,G,24.0,16,16,1.0,2.38,5.38,0.442,0.45,-0.009,2023-24
202066,Garrett Temple,1610612761,TOR,G-F,38.0,25,25,1.0,2.4,5.36,0.448,0.468,-0.021,2023-24
203458,Alex Len,1610612758,SAC,C,31.0,43,43,1.0,2.51,5.35,0.47,0.476,-0.006,2023-24
1629646,Charles Bassey,1610612759,SAS,C-F,23.0,18,18,1.0,2.67,5.33,0.5,0.511,-0.011,2023-24
1629626,Bol Bol,1610612756,PHX,C-F,24.0,39,39,1.0,1.97,5.33,0.37,0.466,-0.096,2023-24
1628420,Monte Morris,1610612750,MIN,G,29.0,32,32,1.0,2.41,5.31,0.453,0.456,-0.004,2023-24
1629875,Xavier Moon,1610612746,LAC,G,29.0,11,11,1.0,2.73,5.27,0.517,0.443,0.074,2023-24
1641712,Rayan Rupert,1610612757,POR,G-F,20.0,36,36,1.0,2.69,5.25,0.513,0.463,0.05,2023-24
1628426,Sasha Vezenkov,1610612758,SAC,F,28.0,41,41,1.0,2.49,5.22,0.477,0.468,0.009,2023-24
1630647,Eugene Omoruyi,1610612764,WAS,F,27.0,37,37,1.0,2.57,5.22,0.492,0.463,0.029,2023-24
201959,Taj Gibson,1610612765,DET,F,39.0,17,17,1.0,2.29,5.18,0.443,0.493,-0.05,2023-24
1630204,Ashton Hagans,1610612757,POR,G-F,24.0,18,18,1.0,2.06,5.17,0.398,0.451,-0.053,2023-24
201565,Derrick Rose,1610612763,MEM,G,35.0,24,24,1.0,2.92,5.17,0.565,0.461,0.104,2023-24
1628975,Jevon Carter,1610612741,CHI,G,28.0,70,70,1.0,2.44,5.17,0.472,0.458,0.015,2023-24
1641733,Nick Smith Jr.,1610612766,CHA,G,20.0,48,48,1.0,2.5,5.17,0.484,0.452,0.032,2023-24
1630554,Jason Preston,1610612762,UTA,G,24.0,7,7,1.0,2.43,5.14,0.472,0.453,0.019,2023-24
1630611,Gui Santos,1610612744,GSW,F,22.0,21,21,1.0,2.67,5.1,0.523,0.446,0.077,2023-24
203552,Seth Curry,1610612766,CHA,G,33.0,39,39,1.0,2.38,5.08,0.47,0.456,0.014,2023-24
1630572,Sandro Mamukelashvili,1610612759,SAS,F-C,25.0,44,44,1.0,2.41,5.07,0.475,0.476,0.0,2023-24
1629232,Kaiser Gates,1610612740,NOP,F,27.0,1,1,1.0,1.0,5.0,0.2,0.443,-0.243,2023-24
1631123,Jamaree Bouyea,1610612759,SAS,G,25.0,7,7,1.0,2.57,5.0,0.514,0.433,0.081,2023-24
1630531,Jaden Springer,1610612738,BOS,G,21.0,39,39,1.0,2.41,5.0,0.482,0.459,0.023,2023-24
1630702,Jaden Hardy,1610612742,DAL,G,21.0,66,66,1.0,2.64,4.98,0.529,0.462,0.067,2023-24
202083,Wesley Matthews,1610612737,ATL,G,37.0,36,36,1.0,2.36,4.97,0.475,0.468,0.006,2023-24
1629642,Nassir Little,1610612756,PHX,F-G,24.0,38,38,1.0,2.32,4.95,0.468,0.466,0.002,2023-24
1630288,Jeff Dowtin Jr.,1610612755,PHI,G,27.0,10,10,1.0,2.3,4.9,0.469,0.434,0.035,2023-24
1631115,Orlando Robinson,1610612748,MIA,C,23.0,29,29,1.0,2.48,4.86,0.511,0.505,0.006,2023-24
1631254,Kenneth Lofton Jr.,1610612762,UTA,F,21.0,18,18,1.0,2.22,4.83,0.46,0.461,-0.001,2023-24
202709,Cory Joseph,1610612744,GSW,G,32.0,24,24,1.0,2.33,4.83,0.483,0.466,0.017,2023-24
1631260,AJ Green,1610612749,MIL,G,24.0,48,48,1.0,2.25,4.79,0.47,0.459,0.011,2023-24
1630219,Skylar Mays,1610612747,LAL,G,26.0,31,31,1.0,2.1,4.77,0.439,0.46,-0.021,2023-24
1631098,Johnny Davis,1610612764,WAS,G,22.0,44,44,1.0,2.57,4.77,0.538,0.465,0.073,2023-24
1628962,Udoka Azubuike,1610612756,PHX,C-F,24.0,15,15,1.0,1.93,4.73,0.408,0.488,-0.08,2023-24
1631311,Lester Quiñones,1610612744,GSW,G,23.0,31,31,1.0,2.39,4.71,0.507,0.45,0.057,2023-24
1631172,Ousmane Dieng,1610612760,OKC,F,21.0,31,31,1.0,2.03,4.71,0.432,0.449,-0.017,2023-24
1630231,KJ Martin,1610612755,PHI,F,23.0,50,50,1.0,2.3,4.68,0.491,0.473,0.019,2023-24
1630235,Trent Forrest,1610612737,ATL,G,26.0,37,37,1.0,2.19,4.68,0.468,0.455,0.014,2023-24
1628984,Devonte' Graham,1610612759,SAS,G,29.0,21,21,1.0,2.0,4.57,0.438,0.457,-0.019,2023-24
1631216,Caleb Houstan,1610612753,ORL,G,21.0,52,52,1.0,2.13,4.52,0.472,0.458,0.014,2023-24
201988,Patty Mills,1610612748,MIA,G,35.0,30,30,1.0,2.23,4.5,0.496,0.452,0.044,2023-24
1631210,Jacob Toppin,1610612752,NYK,F,24.0,2,2,1.0,3.5,4.5,0.778,0.463,0.315,2023-24
1630535,Greg Brown III,1610612742,DAL,F,22.0,4,4,1.0,1.5,4.5,0.333,0.413,-0.08,2023-24
1630322,Lindy Waters III,1610612760,OKC,F,26.0,29,29,1.0,1.76,4.45,0.395,0.442,-0.047,2023-24
1641778,Leaky Black,1610612766,CHA,F,25.0,25,25,1.0,1.96,4.4,0.445,0.478,-0.033,2023-24
1629643,Chuma Okeke,1610612753,ORL,F,25.0,40,40,1.0,2.03,4.38,0.463,0.462,0.0,2023-24
203490,Otto Porter Jr.,1610612761,TOR,F,31.0,14,14,1.0,1.64,4.36,0.377,0.464,-0.087,2023-24
1630561,David Duke Jr.,1610612759,SAS,G,24.0,3,3,1.0,1.67,4.33,0.385,0.437,-0.052,2023-24
1631207,Dalen Terry,1610612741,CHI,F,21.0,52,52,1.0,1.77,4.33,0.409,0.461,-0.052,2023-24
1641748,Andre Jackson Jr.,1610612749,MIL,G,22.0,48,48,1.0,2.35,4.33,0.543,0.475,0.069,2023-24
1641926,Dexter Dennis,1610612742,DAL,G,25.0,3,3,1.0,2.0,4.33,0.462,0.485,-0.024,2023-24
1629677,Luka Samanic,1610612762,UTA,F,24.0,35,35,1.0,1.97,4.31,0.457,0.463,-0.006,2023-24
1641765,Olivier-Maxence Prosper,1610612742,DAL,F,21.0,29,29,1.0,2.03,4.31,0.472,0.447,0.025,2023-24
1629003,Shake Milton,1610612752,NYK,G-F,27.0,45,45,1.0,2.2,4.31,0.51,0.459,0.051,2023-24
1630600,Isaiah Mobley,1610612739,CLE,F,24.0,8,8,1.0,2.13,4.25,0.5,0.456,0.044,2023-24
1630553,Keon Johnson,1610612751,BKN,G,22.0,4,4,1.0,2.75,4.25,0.647,0.485,0.162,2023-24
1629052,Oshae Brissett,1610612738,BOS,F-G,26.0,53,53,1.0,1.89,4.21,0.448,0.458,-0.01,2023-24
1627745,Damian Jones,1610612739,CLE,C,29.0,33,33,1.0,1.82,4.21,0.432,0.468,-0.036,2023-24
1630314,Brandon Williams,1610612742,DAL,G,24.0,15,15,1.0,2.27,4.2,0.54,0.435,0.104,2023-24
1630678,Terry Taylor,1610612741,CHI,F,24.0,21,21,1.0,1.67,4.19,0.398,0.464,-0.066,2023-24
1631220,Dereon Seabron,1610612740,NOP,G,24.0,6,6,1.0,1.33,4.17,0.32,0.442,-0.122,2023-24
1631205,Buddy Boeheim,1610612765,DET,F,24.0,7,7,1.0,2.14,4.14,0.517,0.483,0.034,2023-24
203469,Cody Zeller,1610612740,NOP,F-C,31.0,38,38,1.0,2.05,4.11,0.5,0.485,0.015,2023-24
1641716,Jarace Walker,1610612754,IND,F,20.0,28,28,1.0,2.14,4.11,0.522,0.461,0.061,2023-24
204060,Joe Ingles,1610612753,ORL,F-G,36.0,68,68,1.0,1.94,4.09,0.475,0.456,0.019,2023-24
1629685,Dylan Windler,1610612737,ATL,G-F,27.0,12,12,1.0,1.83,4.08,0.449,0.422,0.027,2023-24
202693,Markieff Morris,1610612742,DAL,F,34.0,24,24,1.0,2.08,4.08,0.51,0.456,0.055,2023-24
1641763,Julian Phillips,1610612741,CHI,F,20.0,30,30,1.0,2.03,4.03,0.504,0.47,0.034,2023-24
1641766,Adama Sanogo,1610612741,CHI,F,22.0,5,5,1.0,1.4,4.0,0.35,0.453,-0.103,2023-24
1631124,Julian Strawther,1610612743,DEN,G,22.0,44,44,1.0,1.73,3.95,0.437,0.453,-0.016,2023-24
203925,Joe Harris,1610612765,DET,G-F,32.0,14,14,1.0,2.0,3.93,0.509,0.467,0.042,2023-24
1631262,Jules Bernard,1610612764,WAS,G,24.0,15,15,1.0,2.13,3.93,0.542,0.463,0.079,2023-24
1630184,Kira Lewis Jr.,1610612762,UTA,G,23.0,22,22,1.0,1.73,3.91,0.442,0.462,-0.02,2023-24
1631217,Moussa Diabaté,1610612746,LAC,F,22.0,10,10,1.0,2.1,3.9,0.538,0.455,0.084,2023-24
1629162,Jordan McLaughlin,1610612750,MIN,G,28.0,52,52,1.0,1.79,3.87,0.463,0.461,0.001,2023-24
1641775,Jordan Walsh,1610612738,BOS,G,20.0,7,7,1.0,1.71,3.86,0.444,0.45,-0.006,2023-24
1641738,Kobe Brown,1610612746,LAC,F,24.0,34,34,1.0,1.68,3.85,0.435,0.459,-0.023,2023-24
203493,Reggie Bullock Jr.,1610612745,HOU,G-F,33.0,39,39,1.0,1.79,3.79,0.473,0.453,0.02,2023-24
1630240,Saben Lee,1610612756,PHX,G,25.0,18,18,1.0,1.78,3.78,0.471,0.468,0.002,2023-24
201580,JaVale McGee,1610612758,SAC,C-F,36.0,44,44,1.0,1.64,3.77,0.434,0.49,-0.056,2023-24
1641788,Alex Fudge,1610612742,DAL,F,21.0,4,4,1.0,2.25,3.75,0.6,0.464,0.136,2023-24
1630639,A.J. Lawson,1610612742,DAL,G,23.0,29,29,1.0,1.93,3.69,0.523,0.46,0.063,2023-24
1626246,Boban Marjanovic,1610612745,HOU,C,35.0,13,13,1.0,1.46,3.69,0.396,0.462,-0.066,2023-24
1630222,Mason Jones,1610612758,SAC,G,25.0,3,3,1.0,1.33,3.67,0.364,0.449,-0.085,2023-24
1631173,Terquavion Smith,1610612755,PHI,G,21.0,9,9,1.0,2.11,3.67,0.576,0.445,0.131,2023-24
1641741,Ricky Council IV,1610612755,PHI,G,22.0,28,28,1.0,1.96,3.61,0.545,0.459,0.086,2023-24
1631100,AJ Griffin,1610612737,ATL,F,20.0,19,19,1.0,1.68,3.53,0.478,0.462,0.016,2023-24
1641754,Seth Lundy,1610612737,ATL,G-F,24.0,8,8,1.0,2.13,3.5,0.607,0.416,0.191,2023-24
1629660,Ty Jerome,1610612739,CLE,G-F,26.0,2,2,1.0,2.0,3.5,0.571,0.509,0.062,2023-24
1629004,Svi Mykhailiuk,1610612738,BOS,G-F,27.0,36,36,1.0,1.17,3.28,0.356,0.448,-0.092,2023-24
1630568,Luka Garza,1610612750,MIN,C,25.0,19,19,1.0,1.63,3.21,0.508,0.481,0.027,2023-24
1630658,Colin Castleton,1610612747,LAL,C,24.0,11,11,1.0,1.73,3.18,0.543,0.447,0.096,2023-24
1631306,Cole Swider,1610612748,MIA,F,25.0,12,12,1.0,1.17,3.17,0.368,0.46,-0.091,2023-24
1630556,Kessler Edwards,1610612758,SAC,F,23.0,41,41,1.0,1.51,3.15,0.481,0.455,0.026,2023-24
1631157,Ryan Rollins,1610612749,MIL,G,21.0,9,9,1.0,0.89,3.11,0.286,0.447,-0.161,2023-24
1630846,Olivier Sarr,1610612760,OKC,C,25.0,11,11,1.0,1.18,3.09,0.382,0.464,-0.082,2023-24
1631102,TyTy Washington Jr.,1610612749,MIL,G,22.0,5,5,1.0,1.0,3.0,0.333,0.436,-0.102,2023-24
1630311,Pat Spencer,1610612744,GSW,G,27.0,4,4,1.0,1.0,3.0,0.333,0.445,-0.112,2023-24
1630196,Filip Petrusev,1610612755,PHI,C,24.0,2,2,1.0,0.0,3.0,0.0,0.433,-0.433,2023-24
1631167,Izaiah Brockington,1610612740,NOP,G,24.0,1,1,1.0,1.0,3.0,0.333,0.454,-0.121,2023-24
1641734,Emoni Bates,1610612739,CLE,F,20.0,12,12,1.0,1.58,3.0,0.528,0.427,0.101,2023-24
1629718,Charlie Brown Jr.,1610612752,NYK,G,27.0,3,3,1.0,1.0,3.0,0.333,0.417,-0.084,2023-24
1641732,Colby Jones,1610612758,SAC,G,22.0,20,20,1.0,1.35,2.9,0.466,0.45,0.016,2023-24
1631466,Nate Williams,1610612745,HOU,G,25.0,19,19,1.0,1.37,2.89,0.473,0.438,0.035,2023-24
1641735,Amari Bailey,1610612766,CHA,G,20.0,7,7,1.0,1.14,2.86,0.4,0.435,-0.035,2023-24
1631120,JD Davison,1610612738,BOS,G,21.0,6,6,1.0,1.17,2.83,0.412,0.428,-0.016,2023-24
1627788,Furkan Korkmaz,1610612755,PHI,G-F,26.0,26,26,1.0,1.42,2.81,0.507,0.46,0.046,2023-24
1629308,Juan Toscano-Anderson,1610612758,SAC,F,31.0,8,8,1.0,1.38,2.75,0.5,0.427,0.073,2023-24
1628385,Harry Giles III,1610612747,LAL,F-C,26.0,18,18,1.0,1.56,2.72,0.571,0.456,0.116,2023-24
1630227,Daishen Nix,1610612750,MIN,G,22.0,3,3,1.0,1.33,2.67,0.5,0.435,0.065,2023-24
203933,T.J. Warren,1610612750,MIN,F,30.0,9,9,1.0,1.44,2.67,0.542,0.465,0.077,2023-24
203648,Thanasis Antetokounmpo,1610612749,MIL,F,31.0,24,24,1.0,0.83,2.67,0.313,0.448,-0.136,2023-24
201949,James Johnson,1610612754,IND,F,37.0,8,8,1.0,1.25,2.63,0.476,0.404,0.072,2023-24
1641753,Chris Livingston,1610612749,MIL,F,20.0,12,12,1.0,1.25,2.58,0.484,0.454,0.03,2023-24
1630207,Nate Hinton,1610612745,HOU,G-F,25.0,9,9,1.0,1.33,2.56,0.522,0.454,0.068,2023-24
1629618,Jalen Pickett,1610612743,DEN,G,24.0,18,18,1.0,1.39,2.5,0.556,0.448,0.107,2023-24
1630563,Joshua Primo,1610612746,LAC,G,21.0,2,2,1.0,1.0,2.5,0.4,0.49,-0.09,2023-24
1641809,Drew Peterson,1610612738,BOS,F,24.0,2,2,1.0,1.0,2.5,0.4,0.4,0.0,2023-24
1631131,Oscar Tshiebwe,1610612754,IND,F-C,24.0,8,8,1.0,1.5,2.5,0.6,0.471,0.129,2023-24
1631257,Jermaine Samuels Jr.,1610612745,HOU,F,25.0,10,10,1.0,0.9,2.5,0.36,0.44,-0.08,2023-24
1631386,Taze Moore,1610612757,POR,G,26.0,4,4,1.0,1.75,2.5,0.7,0.516,0.184,2023-24
1641720,Jalen Hood-Schifino,1610612747,LAL,G,21.0,15,15,1.0,1.27,2.47,0.514,0.447,0.067,2023-24
1641749,Keyontae Johnson,1610612760,OKC,F,24.0,7,7,1.0,1.0,2.43,0.412,0.408,0.003,2023-24
1628373,Frank Ntilikina,1610612766,CHA,G,25.0,5,5,1.0,0.8,2.2,0.364,0.466,-0.103,2023-24
1630643,Jay Huff,1610612743,DEN,C,26.0,11,11,1.0,1.0,2.18,0.458,0.461,-0.003,2023-24
1630547,James Bouknight,1610612766,CHA,G,23.0,12,12,1.0,0.83,2.17,0.385,0.481,-0.096,2023-24
1641724,Jett Howard,1610612753,ORL,G,20.0,10,10,1.0,0.9,2.1,0.429,0.458,-0.03,2023-24
1641816,Hunter Tyson,1610612743,DEN,F,24.0,11,11,1.0,0.73,2.09,0.348,0.424,-0.076,2023-24
1641806,Markquis Nowell,1610612761,TOR,G,24.0,1,1,1.0,1.0,2.0,0.5,0.366,0.134,2023-24
1641757,Jordan Miller,1610612746,LAC,G,24.0,6,6,1.0,1.0,2.0,0.5,0.44,0.06,2023-24
1629603,Mamadi Diakite,1610612752,NYK,F,27.0,5,5,1.0,1.0,2.0,0.5,0.393,0.107,2023-24
1641745,Adam Flagler,1610612760,OKC,G,24.0,2,2,1.0,1.0,2.0,0.5,0.534,-0.034,2023-24
1627885,Shaquille Harrison,1610612763,MEM,G,30.0,2,2,1.0,1.0,2.0,0.5,0.486,0.015,2023-24
1631245,Quenton Jackson,1610612754,IND,G,25.0,3,3,1.0,0.67,2.0,0.333,0.374,-0.041,2023-24
1641847,Andrew Funk,1610612741,CHI,G,24.0,2,2,1.0,1.5,2.0,0.75,0.478,0.272,2023-24
1641721,Maxwell Lewis,1610612747,LAL,F,21.0,19,19,1.0,0.95,1.84,0.514,0.464,0.051,2023-24
1630688,Ish Wainright,1610612756,PHX,F,29.0,6,6,1.0,0.33,1.83,0.182,0.45,-0.268,2023-24
1631112,Kendall Brown,1610612754,IND,G,21.0,6,6,1.0,0.83,1.83,0.455,0.427,0.028,2023-24
1627853,Ryan Arcidiacono,1610612752,NYK,G,30.0,11,11,1.0,0.55,1.82,0.3,0.447,-0.147,2023-24
1631169,Josh Minott,1610612750,MIN,F,21.0,22,22,1.0,1.09,1.82,0.6,0.421,0.179,2023-24
1629010,Jerome Robinson,1610612744,GSW,G,27.0,12,12,1.0,0.67,1.75,0.381,0.396,-0.015,2023-24
1629623,Lindell Wigginton,1610612749,MIL,G,26.0,3,3,1.0,0.67,1.67,0.4,0.409,-0.009,2023-24
1630586,Usman Garuba,1610612744,GSW,F,22.0,6,6,1.0,0.83,1.67,0.5,0.408,0.092,2023-24
1631159,Leonard Miller,1610612750,MIN,F,20.0,11,11,1.0,0.82,1.64,0.5,0.444,0.056,2023-24
1641771,Jalen Slawson,1610612758,SAC,F,24.0,8,8,1.0,0.63,1.63,0.385,0.452,-0.068,2023-24
1630604,E.J. Liddell,1610612740,NOP,F,23.0,5,5,1.0,1.0,1.6,0.625,0.427,0.198,2023-24
1629610,DaQuan Jeffries,1610612752,NYK,G-F,26.0,9,9,1.0,0.89,1.56,0.571,0.434,0.138,2023-24
1631376,Dmytro Skapintsev,1610612752,NYK,C,26.0,2,2,1.0,0.5,1.5,0.333,0.488,-0.154,2023-24
1630284,Kevon Harris,1610612753,ORL,G,27.0,2,2,1.0,0.5,1.5,0.333,0.445,-0.111,2023-24
202738,Isaiah Thomas,1610612756,PHX,G,35.0,4,4,1.0,0.5,1.5,0.333,0.474,-0.141,2023-24
1631111,Wendell Moore Jr.,1610612750,MIN,G,22.0,15,15,1.0,0.67,1.47,0.455,0.439,0.016,2023-24
1629678,Admiral Schofield,1610612753,ORL,F,27.0,15,15,1.0,0.4,1.4,0.286,0.473,-0.187,2023-24
1630296,Braxton Key,1610612743,DEN,F,27.0,13,13,1.0,0.77,1.38,0.556,0.461,0.095,2023-24
1631250,Pete Nance,1610612739,CLE,F,24.0,3,3,1.0,0.67,1.33,0.5,0.445,0.055,2023-24
1630259,Jordan Ford,1610612758,SAC,G,26.0,4,4,1.0,0.75,1.25,0.6,0.424,0.176,2023-24
1630622,Jalen Crutcher,1610612740,NOP,G,24.0,1,1,1.0,0.0,1.0,0.0,0.448,-0.448,2023-24
1631199,Ron Harper Jr.,1610612761,TOR,G-F,24.0,1,1,1.0,0.0,1.0,0.0,0.462,-0.462,2023-24
1631214,Alondes Williams,1610612748,MIA,G,25.0,1,1,1.0,1.0,1.0,1.0,0.464,0.536,2023-24
1628977,Hamidou Diallo,1610612764,WAS,G,25.0,1,1,1.0,1.0,1.0,1.0,0.584,0.416,2023-24
1630606,Javonte Smart,1610612755,PHI,G,25.0,1,1,1.0,0.0,1.0,0.0,0.418,-0.418,2023-24
203999,Nikola Jokić,1610612743,DEN,C,30.0,70,70,1.0,10.03,20.47,0.49,0.494,-0.004,2024-25
1631117,Walker Kessler,1610612762,UTA,C,23.0,58,58,1.0,8.66,19.72,0.439,0.488,-0.049,2024-25
201572,Brook Lopez,1610612749,MIL,C,37.0,80,80,1.0,8.91,19.05,0.468,0.488,-0.02,2024-25
1641705,Victor Wembanyama,1610612759,SAS,F-C,21.0,46,46,1.0,7.87,18.43,0.427,0.493,-0.066,2024-25
1627826,Ivica Zubac,1610612746,LAC,C,28.0,80,80,1.0,8.36,18.25,0.458,0.49,-0.032,2024-25
202696,Nikola Vučević,1610612741,CHI,C,34.0,73,73,1.0,8.49,17.89,0.475,0.493,-0.018,2024-25
1630578,Alperen Sengun,1610612745,HOU,C,22.0,76,76,1.0,8.39,17.82,0.471,0.483,-0.012,2024-25
203497,Rudy Gobert,1610612750,MIN,C,33.0,72,72,1.0,8.15,17.79,0.458,0.49,-0.032,2024-25
1631109,Mark Williams,1610612766,CHA,C,23.0,44,44,1.0,8.77,17.75,0.494,0.493,0.001,2024-25
1642259,Alex Sarr,1610612764,WAS,C,20.0,67,67,1.0,8.97,17.69,0.507,0.498,0.01,2024-25
1630596,Evan Mobley,1610612739,CLE,C,24.0,71,71,1.0,7.63,17.15,0.445,0.476,-0.031,2024-25
1627734,Domantas Sabonis,1610612758,SAC,F-C,29.0,70,70,1.0,8.49,17.01,0.499,0.494,0.005,2024-25
1642449,Tolu Smith,1610612765,DET,F,24.0,1,1,1.0,8.0,17.0,0.471,0.447,0.024,2024-25
1630600,Isaiah Mobley,1610612755,PHI,F,25.0,1,1,1.0,9.0,17.0,0.529,0.458,0.071,2024-25
1626157,Karl-Anthony Towns,1610612752,NYK,C-F,29.0,71,71,1.0,8.58,16.83,0.51,0.484,0.026,2024-25
203076,Anthony Davis,1610612742,DAL,F-C,32.0,51,51,1.0,7.29,16.61,0.439,0.488,-0.048,2024-25
1627750,Jamal Murray,1610612743,DEN,G,28.0,67,67,1.0,7.85,16.46,0.477,0.462,0.015,2024-25
204001,Kristaps Porziņģis,1610612738,BOS,F-C,29.0,42,42,1.0,6.83,16.24,0.421,0.482,-0.061,2024-25
1627751,Jakob Poeltl,1610612761,TOR,C,29.0,57,57,1.0,7.7,15.96,0.482,0.495,-0.012,2024-25
203954,Joel Embiid,1610612755,PHI,C-F,31.0,19,19,1.0,7.47,15.84,0.472,0.481,-0.01,2024-25
1629684,Grant Williams,1610612766,CHA,F,26.0,16,16,1.0,7.5,15.81,0.474,0.49,-0.016,2024-25
1630559,Austin Reaves,1610612747,LAL,G,27.0,73,73,1.0,7.66,15.56,0.492,0.459,0.033,2024-25
1628404,Josh Hart,1610612752,NYK,G,30.0,76,76,1.0,7.49,15.46,0.484,0.464,0.021,2024-25
1630700,Dyson Daniels,1610612737,ATL,G,22.0,76,76,1.0,7.32,15.04,0.486,0.469,0.018,2024-25
1629029,Luka Dončić,1610612747,LAL,F-G,26.0,50,50,1.0,6.96,15.04,0.463,0.464,-0.001,2024-25
1641726,Dereck Lively II,1610612742,DAL,C,21.0,36,36,1.0,6.86,14.94,0.459,0.485,-0.026,2024-25
1628392,Isaiah Hartenstein,1610612760,OKC,C-F,27.0,57,57,1.0,6.93,14.93,0.464,0.488,-0.024,2024-25
1628386,Jarrett Allen,1610612739,CLE,C,27.0,81,81,1.0,6.98,14.91,0.468,0.488,-0.02,2024-25
1642274,Yves Missi,1610612740,NOP,C,21.0,73,73,1.0,7.82,14.9,0.525,0.492,0.033,2024-25
1626167,Myles Turner,1610612754,IND,C-F,29.0,72,72,1.0,7.25,14.9,0.486,0.492,-0.006,2024-25
1628368,De'Aaron Fox,1610612759,SAS,G,27.0,62,62,1.0,7.08,14.89,0.476,0.459,0.017,2024-25
1630595,Cade Cunningham,1610612765,DET,G,23.0,70,70,1.0,6.54,14.84,0.441,0.464,-0.023,2024-25
1631096,Chet Holmgren,1610612760,OKC,C-F,23.0,32,32,1.0,6.19,14.81,0.418,0.488,-0.071,2024-25
1629028,Deandre Ayton,1610612757,POR,C,26.0,40,40,1.0,7.08,14.78,0.479,0.49,-0.011,2024-25
1627783,Pascal Siakam,1610612754,IND,F,31.0,78,78,1.0,6.81,14.67,0.464,0.469,-0.005,2024-25
1629655,Daniel Gafford,1610612742,DAL,F-C,26.0,57,57,1.0,6.67,14.63,0.456,0.482,-0.026,2024-25
203110,Draymond Green,1610612744,GSW,F,35.0,68,68,1.0,6.25,14.46,0.432,0.48,-0.047,2024-25
1630552,Jalen Johnson,1610612737,ATL,F,23.0,36,36,1.0,6.22,14.39,0.432,0.469,-0.036,2024-25
1630208,Nick Richards,1610612756,PHX,C,27.0,57,57,1.0,7.09,14.33,0.494,0.493,0.001,2024-25
1630530,Trey Murphy III,1610612740,NOP,F,25.0,52,52,1.0,7.38,14.33,0.515,0.473,0.042,2024-25
1628415,Dillon Brooks,1610612745,HOU,G-F,29.0,75,75,1.0,6.67,14.24,0.468,0.469,-0.001,2024-25
1630581,Josh Giddey,1610612741,CHI,G,22.0,70,70,1.0,6.71,14.07,0.477,0.466,0.011,2024-25
1629023,P.J. Washington,1610612742,DAL,F,26.0,57,57,1.0,7.04,13.96,0.504,0.475,0.029,2024-25
1628401,Derrick White,1610612738,BOS,G,30.0,76,76,1.0,6.07,13.84,0.438,0.46,-0.021,2024-25
1642273,Kyshawn George,1610612764,WAS,F,21.0,67,67,1.0,5.85,13.84,0.423,0.465,-0.042,2024-25
1631099,Keegan Murray,1610612758,SAC,F,24.0,76,76,1.0,6.2,13.79,0.449,0.466,-0.017,2024-25
1628384,OG Anunoby,1610612752,NYK,F-G,27.0,73,73,1.0,6.16,13.74,0.449,0.465,-0.016,2024-25
1630183,Jaden McDaniels,1610612750,MIN,F,24.0,82,82,1.0,6.24,13.59,0.46,0.463,-0.003,2024-25
1642270,Donovan Clingan,1610612757,POR,C,21.0,67,67,1.0,5.82,13.58,0.429,0.486,-0.057,2024-25
1631105,Jalen Duren,1610612765,DET,C,21.0,78,78,1.0,6.77,13.55,0.5,0.49,0.01,2024-25
1630168,Onyeka Okongwu,1610612737,ATL,F-C,24.0,74,74,1.0,6.78,13.49,0.503,0.491,0.012,2024-25
1626162,Kelly Oubre Jr.,1610612755,PHI,F-G,29.0,60,60,1.0,6.47,13.45,0.481,0.466,0.015,2024-25
1630567,Scottie Barnes,1610612761,TOR,F-G,23.0,65,65,1.0,6.14,13.45,0.457,0.473,-0.016,2024-25
1641744,Zach Edey,1610612763,MEM,C,23.0,65,65,1.0,6.34,13.45,0.471,0.489,-0.018,2024-25
203078,Bradley Beal,1610612756,PHX,G,32.0,53,53,1.0,6.3,13.42,0.47,0.457,0.012,2024-25
201143,Al Horford,1610612738,BOS,C-F,39.0,60,60,1.0,5.95,13.17,0.452,0.481,-0.029,2024-25
1631094,Paolo Banchero,1610612753,ORL,F,22.0,46,46,1.0,5.87,13.17,0.446,0.471,-0.025,2024-25
1628389,Bam Adebayo,1610612748,MIA,C-F,27.0,78,78,1.0,6.22,13.13,0.474,0.49,-0.016,2024-25
201935,James Harden,1610612746,LAC,G,35.0,79,79,1.0,6.2,13.09,0.474,0.468,0.006,2024-25
203897,Zach LaVine,1610612758,SAC,G,30.0,74,74,1.0,5.92,13.07,0.453,0.461,-0.008,2024-25
1627749,Dejounte Murray,1610612740,NOP,G,28.0,31,31,1.0,6.71,13.06,0.514,0.473,0.041,2024-25
1628991,Jaren Jackson Jr.,1610612763,MEM,F-C,25.0,73,73,1.0,5.45,13.03,0.419,0.48,-0.061,2024-25
1628969,Mikal Bridges,1610612752,NYK,G-F,28.0,80,80,1.0,6.04,13.0,0.464,0.456,0.009,2024-25
1641739,Toumani Camara,1610612757,POR,F,25.0,78,78,1.0,6.37,12.99,0.491,0.47,0.02,2024-25
203952,Andrew Wiggins,1610612748,MIA,F,30.0,60,60,1.0,5.82,12.97,0.449,0.465,-0.017,2024-25
203944,Julius Randle,1610612750,MIN,F-C,30.0,69,69,1.0,5.96,12.96,0.46,0.478,-0.018,2024-25
203468,CJ McCollum,1610612740,NOP,G,33.0,56,56,1.0,5.86,12.8,0.457,0.461,-0.003,2024-25
1631166,Drew Timme,1610612751,BKN,F,24.0,9,9,1.0,6.22,12.78,0.487,0.471,0.016,2024-25
1628970,Miles Bridges,1610612766,CHA,F,27.0,64,64,1.0,5.41,12.75,0.424,0.476,-0.051,2024-25
1626171,Bobby Portis Jr.,1610612749,MIL,F,30.0,49,49,1.0,5.71,12.73,0.449,0.471,-0.022,2024-25
1630166,Deni Avdija,1610612757,POR,F,24.0,72,72,1.0,6.15,12.68,0.485,0.473,0.012,2024-25
1631128,Christian Braun,1610612743,DEN,G,24.0,79,79,1.0,6.03,12.53,0.481,0.461,0.02,2024-25
1641706,Brandon Miller,1610612766,CHA,F,22.0,27,27,1.0,5.78,12.52,0.462,0.465,-0.004,2024-25
1628983,Shai Gilgeous-Alexander,1610612760,OKC,G,26.0,76,76,1.0,5.5,12.47,0.441,0.467,-0.026,2024-25
201142,Kevin Durant,1610612756,PHX,F,36.0,62,62,1.0,5.1,12.39,0.411,0.468,-0.057,2024-25
1631110,Jeremy Sochan,1610612759,SAS,F,22.0,54,54,1.0,5.69,12.31,0.462,0.47,-0.008,2024-25
1641718,Keyonte George,1610612762,UTA,G,21.0,67,67,1.0,6.24,12.31,0.507,0.461,0.045,2024-25
1629628,RJ Barrett,1610612761,TOR,F-G,25.0,58,58,1.0,5.91,12.26,0.482,0.464,0.018,2024-25
1626164,Devin Booker,1610612756,PHX,G,28.0,75,75,1.0,6.04,12.25,0.493,0.462,0.031,2024-25
201950,Jrue Holiday,1610612738,BOS,G,35.0,62,62,1.0,5.44,12.23,0.445,0.465,-0.02,2024-25
1628973,Jalen Brunson,1610612752,NYK,G,28.0,64,64,1.0,5.95,12.22,0.487,0.455,0.032,2024-25
203081,Damian Lillard,1610612749,MIL,G,34.0,58,58,1.0,5.62,12.19,0.461,0.457,0.004,2024-25
1630178,Tyrese Maxey,1610612755,PHI,G,24.0,52,52,1.0,5.46,12.04,0.454,0.458,-0.004,2024-25
1627832,Fred VanVleet,1610612745,HOU,G,31.0,60,60,1.0,5.55,12.03,0.461,0.46,0.001,2024-25
1629639,Tyler Herro,1610612748,MIA,G,25.0,77,77,1.0,5.83,12.01,0.485,0.455,0.031,2024-25
1629651,Nic Claxton,1610612751,BKN,C,26.0,70,70,1.0,5.99,12.01,0.498,0.488,0.01,2024-25
1641707,Taylor Hendricks,1610612762,UTA,F,21.0,3,3,1.0,5.0,12.0,0.417,0.501,-0.084,2024-25
1629614,Andrew Nembhard,1610612754,IND,G-F,25.0,65,65,1.0,5.6,11.92,0.47,0.456,0.014,2024-25
202699,Tobias Harris,1610612765,DET,F,32.0,73,73,1.0,5.64,11.9,0.474,0.468,0.006,2024-25
1630169,Tyrese Haliburton,1610612754,IND,G,25.0,73,73,1.0,5.6,11.89,0.471,0.449,0.022,2024-25
202331,Paul George,1610612755,PHI,F,35.0,41,41,1.0,5.49,11.88,0.462,0.464,-0.002,2024-25
1641717,Cason Wallace,1610612760,OKC,G,21.0,68,68,1.0,5.56,11.87,0.468,0.456,0.012,2024-25
1629027,Trae Young,1610612737,ATL,G,26.0,76,76,1.0,5.71,11.86,0.482,0.449,0.032,2024-25
1628436,Luke Kornet,1610612738,BOS,C-F,29.0,71,71,1.0,5.24,11.86,0.442,0.472,-0.03,2024-25
1628997,Caleb Martin,1610612742,DAL,F,29.0,45,45,1.0,5.73,11.84,0.484,0.456,0.028,2024-25
1630529,Herbert Jones,1610612740,NOP,F,26.0,20,20,1.0,5.9,11.8,0.5,0.462,0.038,2024-25
1629675,Naz Reid,1610612750,MIN,C-F,25.0,80,80,1.0,5.31,11.76,0.452,0.475,-0.023,2024-25
203507,Giannis Antetokounmpo,1610612749,MIL,F,30.0,67,67,1.0,5.33,11.76,0.453,0.48,-0.027,2024-25
1629632,Coby White,1610612741,CHI,G,25.0,74,74,1.0,5.81,11.73,0.495,0.455,0.04,2024-25
1627759,Jaylen Brown,1610612738,BOS,G-F,28.0,63,63,1.0,5.49,11.7,0.469,0.47,0.0,2024-25
1629014,Anfernee Simons,1610612757,POR,G,26.0,70,70,1.0,5.87,11.63,0.505,0.461,0.044,2024-25
1628381,John Collins,1610612762,UTA,F-C,27.0,40,40,1.0,5.63,11.6,0.485,0.479,0.006,2024-25
1629312,Haywood Highsmith,1610612748,MIA,F,28.0,74,74,1.0,5.47,11.57,0.473,0.456,0.017,2024-25
1642276,Kel'el Ware,1610612748,MIA,C,21.0,63,63,1.0,5.56,11.56,0.481,0.491,-0.01,2024-25
1629060,Rui Hachimura,1610612747,LAL,F,27.0,59,59,1.0,5.25,11.53,0.456,0.472,-0.016,2024-25
1631107,Nikola Jović,1610612748,MIA,F,22.0,46,46,1.0,5.02,11.52,0.436,0.46,-0.024,2024-25
1630560,Cam Thomas,1610612751,BKN,G,23.0,25,25,1.0,5.76,11.52,0.5,0.474,0.026,2024-25
1630162,Anthony Edwards,1610612750,MIN,G,23.0,79,79,1.0,5.28,11.47,0.46,0.467,-0.007,2024-25
1641878,Damion Baugh,1610612766,CHA,G,24.0,15,15,1.0,6.2,11.4,0.544,0.46,0.084,2024-25
1631108,Max Christie,1610612742,DAL,G,22.0,77,77,1.0,5.36,11.35,0.473,0.463,0.01,2024-25
203932,Aaron Gordon,1610612743,DEN,F,29.0,51,51,1.0,5.43,11.35,0.478,0.477,0.001,2024-25
1627824,Guerschon Yabusele,1610612755,PHI,F,29.0,70,70,1.0,5.9,11.33,0.521,0.48,0.041,2024-25
1627827,Dorian Finney-Smith,1610612747,LAL,F,32.0,63,63,1.0,5.08,11.33,0.448,0.474,-0.026,2024-25
1630583,Santi Aldama,1610612763,MEM,F-C,24.0,64,64,1.0,5.09,11.3,0.451,0.47,-0.02,2024-25
203994,Jusuf Nurkić,1610612766,CHA,C,30.0,51,51,1.0,5.33,11.29,0.472,0.496,-0.024,2024-25
1630224,Jalen Green,1610612745,HOU,G,23.0,82,82,1.0,5.3,11.28,0.47,0.459,0.011,2024-25
1629622,Max Strus,1610612739,CLE,G-F,29.0,50,50,1.0,5.54,11.26,0.492,0.465,0.027,2024-25
1641731,Bilal Coulibaly,1610612764,WAS,G,20.0,59,59,1.0,4.98,11.22,0.444,0.462,-0.018,2024-25
1631165,Keon Ellis,1610612758,SAC,G,25.0,79,79,1.0,5.38,11.22,0.48,0.459,0.02,2024-25
1631097,Bennedict Mathurin,1610612754,IND,G-F,23.0,72,72,1.0,5.6,11.19,0.5,0.458,0.042,2024-25
1629661,Cameron Johnson,1610612751,BKN,F,29.0,57,57,1.0,5.19,11.18,0.465,0.469,-0.004,2024-25
1628976,Wendell Carter Jr.,1610612753,ORL,C-F,26.0,68,68,1.0,5.15,11.13,0.462,0.488,-0.026,2024-25
1642264,Stephon Castle,1610612759,SAS,G,20.0,81,81,1.0,5.32,11.12,0.478,0.462,0.016,2024-25
1642348,Justin Edwards,1610612755,PHI,F,21.0,44,44,1.0,5.48,11.11,0.493,0.457,0.036,2024-25
1628374,Lauri Markkanen,1610612762,UTA,F-C,28.0,47,47,1.0,5.23,11.11,0.471,0.474,-0.003,2024-25
1642271,Kyle Filipowski,1610612762,UTA,C,21.0,72,72,1.0,5.83,11.11,0.525,0.477,0.048,2024-25
2544,LeBron James,1610612747,LAL,F,40.0,70,70,1.0,4.91,11.09,0.443,0.469,-0.025,2024-25
1629008,Michael Porter Jr.,1610612743,DEN,F,27.0,77,77,1.0,5.34,11.08,0.482,0.468,0.014,2024-25
1630191,Isaiah Stewart,1610612765,DET,F-C,24.0,72,72,1.0,4.79,11.08,0.432,0.486,-0.054,2024-25
1626156,D'Angelo Russell,1610612751,BKN,G,29.0,58,58,1.0,5.36,11.05,0.485,0.461,0.024,2024-25
1642258,Zaccharie Risacher,1610612737,ATL,F,20.0,75,75,1.0,5.47,11.03,0.496,0.461,0.035,2024-25
202681,Kyrie Irving,1610612742,DAL,G,33.0,50,50,1.0,5.1,11.02,0.463,0.461,0.002,2024-25
1631212,Peyton Watson,1610612743,DEN,G,22.0,68,68,1.0,4.84,11.0,0.44,0.465,-0.026,2024-25
1629048,Goga Bitadze,1610612753,ORL,C-F,25.0,69,69,1.0,4.94,10.99,0.45,0.484,-0.034,2024-25
201942,DeMar DeRozan,1610612758,SAC,G-F,35.0,77,77,1.0,5.49,10.99,0.5,0.471,0.029,2024-25
1641730,Noah Clowney,1610612751,BKN,F-C,20.0,46,46,1.0,5.04,10.93,0.461,0.471,-0.01,2024-25
1642272,Jared McCain,1610612755,PHI,G,21.0,23,23,1.0,5.57,10.91,0.51,0.459,0.051,2024-25
1628370,Malik Monk,1610612758,SAC,G,27.0,65,65,1.0,5.05,10.91,0.463,0.455,0.008,2024-25
1631095,Jabari Smith Jr.,1610612745,HOU,F,22.0,57,57,1.0,5.16,10.91,0.473,0.462,0.01,2024-25
202685,Jonas Valanciunas,1610612758,SAC,C,33.0,81,81,1.0,5.74,10.88,0.528,0.502,0.026,2024-25
202710,Jimmy Butler III,1610612744,GSW,F,35.0,55,55,1.0,5.18,10.87,0.477,0.466,0.011,2024-25
1629636,Darius Garland,1610612739,CLE,G,25.0,75,75,1.0,5.03,10.79,0.466,0.454,0.012,2024-25
1628398,Kyle Kuzma,1610612749,MIL,F,29.0,65,65,1.0,4.72,10.77,0.439,0.47,-0.032,2024-25
1629643,Chuma Okeke,1610612739,CLE,F,26.0,8,8,1.0,6.13,10.75,0.57,0.458,0.112,2024-25
1630577,Julian Champagnie,1610612759,SAS,F,24.0,82,82,1.0,5.12,10.68,0.479,0.459,0.021,2024-25
1631093,Jaden Ivey,1610612765,DET,G,23.0,30,30,1.0,5.13,10.67,0.481,0.456,0.026,2024-25
1630551,Justin Champagnie,1610612764,WAS,G-F,24.0,58,58,1.0,4.59,10.64,0.431,0.463,-0.032,2024-25
1630591,Jalen Suggs,1610612753,ORL,G,24.0,35,35,1.0,4.83,10.63,0.454,0.467,-0.013,2024-25
1631131,Oscar Tshiebwe,1610612762,UTA,F-C,25.0,14,14,1.0,5.43,10.57,0.514,0.483,0.031,2024-25
1641708,Amen Thompson,1610612745,HOU,G-F,22.0,69,69,1.0,4.3,10.57,0.407,0.462,-0.054,2024-25
1629652,Luguentz Dort,1610612760,OKC,G,26.0,71,71,1.0,4.42,10.56,0.419,0.461,-0.043,2024-25
1630534,Ochai Agbaji,1610612761,TOR,G,25.0,64,64,1.0,4.61,10.55,0.437,0.463,-0.026,2024-25
1641711,Gradey Dick,1610612761,TOR,G-F,21.0,54,54,1.0,5.26,10.54,0.499,0.464,0.036,2024-25
1630245,Ayo Dosunmu,1610612741,CHI,G,25.0,46,46,1.0,5.22,10.5,0.497,0.459,0.038,2024-25
1642024,Alex Reese,1610612755,PHI,F-C,26.0,15,15,1.0,5.47,10.47,0.522,0.464,0.059,2024-25
203482,Kelly Olynyk,1610612740,NOP,F-C,34.0,44,44,1.0,4.8,10.45,0.459,0.475,-0.017,2024-25
1630598,Aaron Wiggins,1610612760,OKC,G,26.0,76,76,1.0,4.91,10.45,0.47,0.456,0.014,2024-25
1630217,Desmond Bane,1610612753,ORL,G,27.0,68,68,1.0,4.53,10.43,0.434,0.462,-0.028,2024-25
203924,Jerami Grant,1610612757,POR,F,31.0,47,47,1.0,4.68,10.43,0.449,0.47,-0.021,2024-25
1631260,AJ Green,1610612749,MIL,G,25.0,72,72,1.0,4.78,10.4,0.459,0.456,0.003,2024-25
1641722,Jordan Hawkins,1610612740,NOP,G,23.0,55,55,1.0,4.96,10.4,0.477,0.46,0.017,2024-25
203084,Harrison Barnes,1610612759,SAS,F,33.0,82,82,1.0,5.23,10.38,0.504,0.475,0.03,2024-25
1628467,Maxi Kleber,1610612747,LAL,F,33.0,34,34,1.0,5.15,10.35,0.497,0.47,0.027,2024-25
1628989,Kevin Huerter,1610612741,CHI,G-F,26.0,69,69,1.0,4.58,10.33,0.443,0.459,-0.016,2024-25
1629630,Ja Morant,1610612763,MEM,G,25.0,49,49,1.0,4.73,10.33,0.458,0.461,-0.002,2024-25
203471,Dennis Schröder,1610612765,DET,G,31.0,75,75,1.0,4.97,10.32,0.482,0.461,0.021,2024-25
1631115,Orlando Robinson,1610612761,TOR,C,24.0,43,43,1.0,4.56,10.28,0.443,0.469,-0.025,2024-25
1630558,Davion Mitchell,1610612748,MIA,G,26.0,73,73,1.0,4.7,10.26,0.458,0.461,-0.003,2024-25
1630532,Franz Wagner,1610612753,ORL,F,23.0,60,60,1.0,4.88,10.25,0.476,0.465,0.011,2024-25
1630230,Naji Marshall,1610612742,DAL,F,27.0,69,69,1.0,4.75,10.19,0.467,0.465,0.001,2024-25
101108,Chris Paul,1610612759,SAS,G,40.0,82,82,1.0,4.94,10.17,0.486,0.462,0.024,2024-25
1642267,Bub Carrington,1610612764,WAS,G,19.0,82,82,1.0,4.93,10.17,0.484,0.457,0.027,2024-25
203992,Bogdan Bogdanović,1610612746,LAC,G,32.0,54,54,1.0,4.81,10.17,0.474,0.463,0.01,2024-25
1627747,Caris LeVert,1610612737,ATL,G,30.0,64,64,1.0,4.44,10.16,0.437,0.459,-0.022,2024-25
1630703,Scoot Henderson,1610612757,POR,G,21.0,66,66,1.0,5.06,10.15,0.499,0.463,0.035,2024-25
1630170,Devin Vassell,1610612759,SAS,G-F,24.0,64,64,1.0,5.05,10.14,0.498,0.467,0.031,2024-25
203486,Mason Plumlee,1610612756,PHX,F-C,35.0,74,74,1.0,5.12,10.14,0.505,0.492,0.013,2024-25
1629627,Zion Williamson,1610612740,NOP,F,24.0,30,30,1.0,4.37,10.13,0.431,0.465,-0.034,2024-25
202695,Kawhi Leonard,1610612746,LAC,F,34.0,37,37,1.0,4.86,10.11,0.481,0.468,0.013,2024-25
1642268,Isaiah Collier,1610612762,UTA,G,20.0,71,71,1.0,5.14,10.11,0.508,0.456,0.052,2024-25
1630542,Marcus Bagley,1610612755,PHI,F,23.0,10,10,1.0,4.0,10.1,0.396,0.46,-0.064,2024-25
1629638,Nickeil Alexander-Walker,1610612750,MIN,G,26.0,82,82,1.0,4.87,10.07,0.483,0.458,0.025,2024-25
1642358,AJ Johnson,1610612764,WAS,G,20.0,26,26,1.0,4.5,10.0,0.45,0.445,0.005,2024-25
1631232,Keion Brooks Jr.,1610612740,NOP,F,24.0,13,13,1.0,5.69,10.0,0.569,0.452,0.117,2024-25
1631255,Karlo Matković,1610612740,NOP,F-C,24.0,42,42,1.0,5.14,9.98,0.516,0.482,0.033,2024-25
1630533,Ziaire Williams,1610612751,BKN,F,23.0,63,63,1.0,4.75,9.98,0.475,0.457,0.018,2024-25
1631101,Shaedon Sharpe,1610612757,POR,G,22.0,72,72,1.0,4.88,9.96,0.49,0.464,0.026,2024-25
203083,Andre Drummond,1610612755,PHI,C,31.0,39,39,1.0,5.23,9.95,0.526,0.484,0.042,2024-25
1627742,Brandon Ingram,1610612761,TOR,F,27.0,18,18,1.0,5.22,9.94,0.525,0.463,0.062,2024-25
1630540,Miles McBride,1610612752,NYK,G,24.0,63,63,1.0,4.4,9.94,0.442,0.454,-0.011,2024-25
1629631,De'Andre Hunter,1610612739,CLE,F-G,27.0,64,64,1.0,4.48,9.94,0.451,0.467,-0.016,2024-25
1631170,Jaime Jaquez Jr.,1610612748,MIA,G,24.0,65,65,1.0,4.09,9.89,0.414,0.459,-0.046,2024-25
1642377,Jaylen Wells,1610612763,MEM,F,21.0,78,78,1.0,4.46,9.88,0.451,0.462,-0.011,2024-25
1628369,Jayson Tatum,1610612738,BOS,F-G,27.0,72,72,1.0,4.69,9.86,0.476,0.473,0.003,2024-25
1629052,Oshae Brissett,1610612755,PHI,F-G,27.0,6,6,1.0,5.33,9.83,0.542,0.462,0.08,2024-25
203501,Tim Hardaway Jr.,1610612765,DET,G-F,33.0,76,76,1.0,4.64,9.82,0.473,0.46,0.014,2024-25
1631114,Jalen Williams,1610612760,OKC,G-F,24.0,69,69,1.0,4.09,9.81,0.417,0.469,-0.052,2024-25
1630172,Patrick Williams,1610612741,CHI,F,23.0,63,63,1.0,5.05,9.81,0.515,0.472,0.043,2024-25
1641764,Brandin Podziemski,1610612744,GSW,G,22.0,63,63,1.0,4.84,9.78,0.495,0.462,0.033,2024-25
1630174,Aaron Nesmith,1610612754,IND,G-F,25.0,45,45,1.0,4.24,9.78,0.434,0.458,-0.024,2024-25
203915,Spencer Dinwiddie,1610612742,DAL,G,32.0,78,78,1.0,4.59,9.77,0.47,0.46,0.01,2024-25
1641774,Tristan Vukcevic,1610612764,WAS,F,22.0,31,31,1.0,5.03,9.74,0.517,0.468,0.048,2024-25
1630173,Precious Achiuwa,1610612752,NYK,F,25.0,56,56,1.0,4.66,9.73,0.479,0.481,-0.002,2024-25
1630163,LaMelo Ball,1610612766,CHA,G,23.0,47,47,1.0,4.83,9.72,0.497,0.456,0.041,2024-25
1626220,Royce O'Neale,1610612756,PHX,F,32.0,75,75,1.0,4.55,9.68,0.47,0.468,0.001,2024-25
1630553,Keon Johnson,1610612751,BKN,G,23.0,78,78,1.0,4.94,9.67,0.511,0.46,0.05,2024-25
1630182,Josh Green,1610612766,CHA,G,24.0,68,68,1.0,4.72,9.65,0.489,0.461,0.029,2024-25
1629656,Quentin Grimes,1610612755,PHI,G,25.0,75,75,1.0,4.37,9.64,0.454,0.461,-0.007,2024-25
1630695,Micah Potter,1610612762,UTA,C,27.0,38,38,1.0,4.21,9.63,0.437,0.467,-0.03,2024-25
1631119,Jaylin Williams,1610612760,OKC,F,23.0,47,47,1.0,4.04,9.62,0.42,0.478,-0.058,2024-25
203991,Clint Capela,1610612737,ATL,C,31.0,55,55,1.0,4.56,9.62,0.474,0.492,-0.017,2024-25
1641737,Adem Bona,1610612755,PHI,F,22.0,51,51,1.0,4.41,9.61,0.459,0.478,-0.019,2024-25
1627741,Buddy Hield,1610612744,GSW,G,32.0,82,82,1.0,4.63,9.6,0.483,0.463,0.02,2024-25
1642367,Jonathan Mogbo,1610612761,TOR,F,23.0,62,62,1.0,4.48,9.58,0.468,0.465,0.003,2024-25
1631106,Tari Eason,1610612745,HOU,F,24.0,57,57,1.0,4.23,9.56,0.442,0.475,-0.033,2024-25
1629637,Jaxson Hayes,1610612747,LAL,C-F,25.0,56,56,1.0,4.21,9.55,0.441,0.481,-0.04,2024-25
1642366,Quinten Post,1610612744,GSW,C,25.0,40,40,1.0,4.35,9.53,0.457,0.479,-0.023,2024-25
1631217,Moussa Diabaté,1610612766,CHA,F,23.0,68,68,1.0,4.54,9.5,0.478,0.478,0.001,2024-25
1626179,Terry Rozier,1610612748,MIA,G,31.0,63,63,1.0,4.62,9.46,0.488,0.454,0.034,2024-25
201939,Stephen Curry,1610612744,GSW,G,37.0,70,70,1.0,4.24,9.41,0.451,0.46,-0.009,2024-25
1626204,Larry Nance Jr.,1610612737,ATL,F-C,32.0,23,23,1.0,4.87,9.39,0.519,0.468,0.05,2024-25
1630658,Colin Castleton,1610612761,TOR,C,25.0,23,23,1.0,4.17,9.39,0.444,0.458,-0.014,2024-25
1628380,Zach Collins,1610612741,CHI,F-C,27.0,63,63,1.0,4.14,9.38,0.442,0.486,-0.044,2024-25
1641824,Matas Buzelis,1610612741,CHI,F,20.0,77,77,1.0,4.3,9.36,0.459,0.466,-0.007,2024-25
1627752,Taurean Prince,1610612749,MIL,F,31.0,80,80,1.0,4.43,9.35,0.473,0.465,0.008,2024-25
1642354,KJ Simpson,1610612766,CHA,G,22.0,36,36,1.0,4.92,9.31,0.528,0.457,0.071,2024-25
1630193,Immanuel Quickley,1610612761,TOR,G,26.0,33,33,1.0,4.55,9.27,0.49,0.451,0.039,2024-25
1629673,Jordan Poole,1610612764,WAS,G,26.0,68,68,1.0,4.84,9.26,0.522,0.459,0.063,2024-25
1630202,Payton Pritchard,1610612738,BOS,G,27.0,80,80,1.0,4.1,9.25,0.443,0.456,-0.013,2024-25
1641709,Ausar Thompson,1610612765,DET,G-F,22.0,59,59,1.0,3.83,9.2,0.416,0.468,-0.052,2024-25
1630543,Isaiah Jackson,1610612754,IND,F,23.0,5,5,1.0,3.8,9.2,0.413,0.485,-0.072,2024-25
1628366,Lonzo Ball,1610612741,CHI,G,27.0,35,35,1.0,4.23,9.17,0.461,0.458,0.003,2024-25
1629022,Lonnie Walker IV,1610612755,PHI,G-F,26.0,18,18,1.0,4.78,9.17,0.521,0.454,0.068,2024-25
1627777,Georges Niang,1610612737,ATL,F,32.0,79,79,1.0,4.51,9.16,0.492,0.47,0.021,2024-25
1628998,Cody Martin,1610612756,PHX,F,29.0,53,53,1.0,4.38,9.15,0.478,0.468,0.01,2024-25
1630544,Tre Mann,1610612766,CHA,G,24.0,13,13,1.0,4.0,9.15,0.437,0.452,-0.015,2024-25
1641710,Anthony Black,1610612753,ORL,G,21.0,78,78,1.0,4.14,9.15,0.452,0.456,-0.003,2024-25
1630590,Scotty Pippen Jr.,1610612763,MEM,G,24.0,77,77,1.0,4.18,9.14,0.457,0.45,0.007,2024-25
1627739,Kris Dunn,1610612746,LAC,G,31.0,74,74,1.0,3.95,9.11,0.433,0.462,-0.028,2024-25
1630283,Kylor Kelley,1610612747,LAL,C,27.0,11,11,1.0,4.45,9.09,0.49,0.493,-0.003,2024-25
1626168,Trey Lyles,1610612758,SAC,F,29.0,68,68,1.0,4.44,9.07,0.489,0.475,0.015,2024-25
1630165,Killian Hayes,1610612751,BKN,G,23.0,6,6,1.0,4.5,9.0,0.5,0.467,0.033,2024-25
1642346,Ryan Dunn,1610612756,PHX,F,22.0,72,72,1.0,4.0,8.97,0.446,0.461,-0.015,2024-25
1627763,Malcolm Brogdon,1610612764,WAS,G,32.0,24,24,1.0,4.58,8.96,0.512,0.459,0.053,2024-25
1627936,Alex Caruso,1610612760,OKC,G,31.0,54,54,1.0,3.54,8.96,0.395,0.467,-0.072,2024-25
1630527,Brandon Boston Jr.,1610612740,NOP,G,23.0,42,42,1.0,4.64,8.95,0.519,0.463,0.056,2024-25
202687,Bismack Biyombo,1610612759,SAS,C,32.0,27,27,1.0,4.3,8.89,0.483,0.509,-0.026,2024-25
203903,Jordan Clarkson,1610612762,UTA,G,33.0,37,37,1.0,4.43,8.89,0.498,0.469,0.03,2024-25
1630556,Kessler Edwards,1610612742,DAL,F,24.0,34,34,1.0,4.53,8.88,0.51,0.473,0.037,2024-25
1629640,Keldon Johnson,1610612759,SAS,F-G,25.0,77,77,1.0,4.34,8.86,0.49,0.473,0.017,2024-25
1628378,Donovan Mitchell,1610612739,CLE,G,28.0,71,71,1.0,3.92,8.86,0.442,0.461,-0.019,2024-25
1642262,Cody Williams,1610612762,UTA,F,20.0,50,50,1.0,4.28,8.86,0.483,0.456,0.027,2024-25
1642345,Oso Ighodaro,1610612756,PHX,F,22.0,57,57,1.0,4.09,8.82,0.463,0.474,-0.011,2024-25
202691,Klay Thompson,1610612742,DAL,G,35.0,72,72,1.0,4.01,8.72,0.46,0.461,-0.001,2024-25
1628960,Grayson Allen,1610612756,PHX,G,29.0,64,64,1.0,4.13,8.72,0.473,0.456,0.017,2024-25
1641787,Tosan Evbuomwan,1610612751,BKN,F,24.0,28,28,1.0,4.0,8.71,0.459,0.461,-0.002,2024-25
1628978,Donte DiVincenzo,1610612750,MIN,G,28.0,62,62,1.0,4.05,8.68,0.467,0.455,0.012,2024-25
1626181,Norman Powell,1610612746,LAC,G,32.0,60,60,1.0,4.28,8.67,0.494,0.458,0.036,2024-25
1630557,Corey Kispert,1610612764,WAS,F,26.0,61,61,1.0,4.0,8.66,0.462,0.458,0.004,2024-25
1631222,Jake LaRavia,1610612758,SAC,F,23.0,66,66,1.0,4.24,8.65,0.49,0.458,0.032,2024-25
1629645,Kevin Porter Jr.,1610612749,MIL,G-F,25.0,75,75,1.0,4.11,8.64,0.475,0.461,0.014,2024-25
1626158,Richaun Holmes,1610612764,WAS,F,31.0,30,30,1.0,3.93,8.63,0.456,0.485,-0.029,2024-25
1630570,Trendon Watford,1610612751,BKN,G-F,24.0,43,43,1.0,3.93,8.63,0.456,0.467,-0.012,2024-25
1626145,Tyus Jones,1610612756,PHX,G,29.0,81,81,1.0,4.12,8.63,0.478,0.453,0.025,2024-25
1630548,Johnny Juzang,1610612762,UTA,G,24.0,64,64,1.0,4.33,8.63,0.502,0.465,0.037,2024-25
203484,Kentavious Caldwell-Pope,1610612763,MEM,G,32.0,77,77,1.0,4.29,8.62,0.497,0.463,0.034,2024-25
1629634,Brandon Clarke,1610612763,MEM,F,28.0,63,63,1.0,3.68,8.6,0.428,0.47,-0.042,2024-25
201144,Mike Conley,1610612750,MIN,G,37.0,71,71,1.0,4.15,8.59,0.484,0.46,0.024,2024-25
203114,Khris Middleton,1610612764,WAS,F,33.0,37,37,1.0,4.08,8.59,0.475,0.454,0.02,2024-25
1629674,Neemias Queta,1610612738,BOS,C,25.0,58,58,1.0,3.93,8.57,0.459,0.471,-0.012,2024-25
1627884,Derrick Jones Jr.,1610612746,LAC,F,28.0,77,77,1.0,3.97,8.56,0.464,0.462,0.002,2024-25
1631197,Jared Rhoden,1610612761,TOR,G,25.0,11,11,1.0,4.55,8.55,0.532,0.448,0.084,2024-25
1631213,Tyrese Martin,1610612751,BKN,F,26.0,57,57,1.0,4.26,8.53,0.5,0.462,0.038,2024-25
1630696,Dru Smith,1610612748,MIA,G,27.0,14,14,1.0,3.71,8.5,0.437,0.456,-0.019,2024-25
1629610,DaQuan Jeffries,1610612766,CHA,G-F,27.0,46,46,1.0,3.7,8.48,0.436,0.46,-0.025,2024-25
1630592,Jalen Wilson,1610612751,BKN,F,24.0,79,79,1.0,4.11,8.47,0.486,0.464,0.022,2024-25
1626172,Kevon Looney,1610612744,GSW,F,29.0,76,76,1.0,3.71,8.47,0.438,0.484,-0.046,2024-25
1629731,Dean Wade,1610612739,CLE,F-C,28.0,59,59,1.0,3.93,8.46,0.465,0.469,-0.004,2024-25
1630526,Jeremiah Robinson-Earl,1610612740,NOP,F,24.0,65,65,1.0,3.89,8.46,0.46,0.466,-0.006,2024-25
1629057,Robert Williams III,1610612757,POR,C-F,27.0,20,20,1.0,3.0,8.45,0.355,0.467,-0.112,2024-25
1642266,Ja'Kobe Walter,1610612761,TOR,G,20.0,52,52,1.0,3.94,8.44,0.467,0.455,0.012,2024-25
1627736,Malik Beasley,1610612765,DET,G,28.0,82,82,1.0,4.15,8.41,0.493,0.458,0.035,2024-25
1630631,Jose Alvarado,1610612740,NOP,G,27.0,56,56,1.0,3.64,8.32,0.438,0.458,-0.02,2024-25
1629216,Gabe Vincent,1610612747,LAL,G,29.0,72,72,1.0,3.72,8.28,0.45,0.459,-0.009,2024-25
1630549,Day'Ron Sharpe,1610612751,BKN,C,23.0,50,50,1.0,3.82,8.26,0.462,0.479,-0.017,2024-25
1629018,Gary Trent Jr.,1610612749,MIL,G,26.0,73,73,1.0,4.07,8.26,0.493,0.457,0.035,2024-25
1630585,Marcus Garrett,1610612766,CHA,G,26.0,4,4,1.0,2.25,8.25,0.273,0.471,-0.198,2024-25
1642275,Tidjane Salaün,1610612766,CHA,F,19.0,59,59,1.0,3.81,8.24,0.463,0.463,0.0,2024-25
1630541,Moses Moody,1610612744,GSW,G,23.0,74,74,1.0,3.91,8.2,0.476,0.461,0.015,2024-25
1628971,Bruce Brown,1610612740,NOP,G-F,28.0,41,41,1.0,4.1,8.15,0.503,0.464,0.039,2024-25
1629021,Moritz Wagner,1610612753,ORL,F-C,28.0,29,29,1.0,4.17,8.14,0.513,0.484,0.028,2024-25
1627732,Ben Simmons,1610612746,LAC,G-F,28.0,51,51,1.0,3.76,8.14,0.463,0.474,-0.011,2024-25
1629669,Jaylen Nowell,1610612764,WAS,G,25.0,7,7,1.0,4.14,8.14,0.509,0.457,0.052,2024-25
1631124,Julian Strawther,1610612743,DEN,G,23.0,64,64,1.0,3.78,8.13,0.465,0.45,0.015,2024-25
1630249,Vít Krejčí,1610612737,ATL,G,25.0,55,55,1.0,3.82,8.13,0.47,0.452,0.017,2024-25
1631218,Trayce Jackson-Davis,1610612744,GSW,F,25.0,59,59,1.0,3.88,8.07,0.481,0.484,-0.003,2024-25
1629011,Mitchell Robinson,1610612752,NYK,C-F,27.0,16,16,1.0,3.69,8.0,0.461,0.497,-0.036,2024-25
201566,Russell Westbrook,1610612743,DEN,G,36.0,75,75,1.0,3.71,8.0,0.463,0.462,0.001,2024-25
1642368,N'Faly Dante,1610612745,HOU,C,23.0,4,4,1.0,4.0,8.0,0.5,0.482,0.018,2024-25
1630643,Jay Huff,1610612763,MEM,C,27.0,60,60,1.0,3.8,7.97,0.477,0.484,-0.007,2024-25
1641733,Nick Smith Jr.,1610612766,CHA,G,21.0,57,57,1.0,4.07,7.95,0.512,0.456,0.056,2024-25
1630228,Jonathan Kuminga,1610612744,GSW,F,22.0,47,47,1.0,3.49,7.94,0.44,0.468,-0.028,2024-25
203967,Dario Saric,1610612743,DEN,F-C,31.0,14,14,1.0,4.07,7.93,0.514,0.479,0.034,2024-25
1641720,Jalen Hood-Schifino,1610612755,PHI,G,22.0,15,15,1.0,3.67,7.93,0.462,0.456,0.006,2024-25
1628379,Luke Kennard,1610612763,MEM,G,29.0,64,64,1.0,3.61,7.92,0.456,0.458,-0.002,2024-25
1630231,KJ Martin,1610612762,UTA,F,24.0,41,41,1.0,3.41,7.88,0.433,0.467,-0.034,2024-25
1629646,Charles Bassey,1610612759,SAS,C-F,24.0,31,31,1.0,3.52,7.84,0.449,0.489,-0.041,2024-25
203500,Steven Adams,1610612745,HOU,C,31.0,56,56,1.0,3.77,7.82,0.482,0.488,-0.007,2024-25
1629130,Duncan Robinson,1610612748,MIA,F,31.0,74,74,1.0,3.66,7.82,0.468,0.458,0.01,2024-25
1629750,Javonte Green,1610612739,CLE,G,31.0,67,67,1.0,3.52,7.79,0.452,0.469,-0.017,2024-25
1630573,Sam Hauser,1610612738,BOS,F,27.0,70,70,1.0,3.9,7.77,0.502,0.455,0.047,2024-25
1630198,Isaiah Joe,1610612760,OKC,G,25.0,74,74,1.0,3.58,7.74,0.462,0.461,0.002,2024-25
1630188,Jalen Smith,1610612741,CHI,F-C,25.0,63,63,1.0,3.67,7.73,0.474,0.474,0.0,2024-25
1629599,Amir Coffey,1610612746,LAC,G-F,28.0,72,72,1.0,3.71,7.69,0.482,0.459,0.023,2024-25
1629012,Collin Sexton,1610612762,UTA,G,26.0,63,63,1.0,3.6,7.62,0.473,0.463,0.01,2024-25
1629660,Ty Jerome,1610612739,CLE,G-F,27.0,70,70,1.0,3.77,7.61,0.495,0.452,0.043,2024-25
1631250,Pete Nance,1610612749,MIL,F,25.0,10,10,1.0,4.2,7.6,0.553,0.466,0.087,2024-25
1630241,Sam Merrill,1610612739,CLE,G,29.0,71,71,1.0,3.3,7.58,0.435,0.451,-0.016,2024-25
1630692,Jordan Goodwin,1610612747,LAL,G,26.0,28,28,1.0,3.89,7.5,0.519,0.465,0.054,2024-25
1629004,Svi Mykhailiuk,1610612762,UTA,G-F,28.0,37,37,1.0,3.81,7.49,0.509,0.464,0.045,2024-25
1629611,Terance Mann,1610612737,ATL,G-F,28.0,67,67,1.0,3.45,7.49,0.46,0.46,0.0,2024-25
1641796,Pelle Larsson,1610612748,MIA,G,24.0,49,49,1.0,3.59,7.47,0.481,0.451,0.03,2024-25
1641798,Jaylen Martin,1610612764,WAS,G,21.0,13,13,1.0,3.69,7.46,0.495,0.438,0.056,2024-25
1628464,Daniel Theis,1610612740,NOP,F-C,33.0,38,38,1.0,3.66,7.45,0.491,0.485,0.006,2024-25
1642261,Dalton Knecht,1610612747,LAL,F,24.0,75,75,1.0,3.65,7.44,0.491,0.46,0.031,2024-25
203901,Elfrid Payton,1610612740,NOP,G,31.0,24,24,1.0,3.04,7.42,0.41,0.453,-0.043,2024-25
1628964,Mo Bamba,1610612740,NOP,C,27.0,32,32,1.0,3.28,7.41,0.443,0.473,-0.03,2024-25
1641783,Tristan da Silva,1610612753,ORL,F,24.0,74,74,1.0,3.34,7.34,0.455,0.465,-0.01,2024-25
200782,P.J. Tucker,1610612752,NYK,F,40.0,3,3,1.0,4.67,7.33,0.636,0.437,0.199,2024-25
1630167,Obi Toppin,1610612754,IND,F,27.0,79,79,1.0,3.66,7.33,0.499,0.473,0.027,2024-25
1641767,Ben Sheppard,1610612754,IND,G,23.0,62,62,1.0,3.34,7.32,0.456,0.456,0.0,2024-25
1631245,Quenton Jackson,1610612754,IND,G,26.0,23,23,1.0,3.78,7.3,0.518,0.447,0.07,2024-25
203939,Dwight Powell,1610612742,DAL,F-C,33.0,46,46,1.0,3.57,7.28,0.49,0.482,0.008,2024-25
1630171,Isaac Okoro,1610612739,CLE,F-G,24.0,54,54,1.0,3.04,7.19,0.423,0.456,-0.033,2024-25
1629234,Drew Eubanks,1610612746,LAC,F-C,28.0,60,60,1.0,3.2,7.13,0.449,0.483,-0.034,2024-25
203957,Dante Exum,1610612742,DAL,G,29.0,20,20,1.0,3.75,7.1,0.528,0.466,0.062,2024-25
1641729,Brice Sensabaugh,1610612762,UTA,F,21.0,70,70,1.0,3.5,7.09,0.494,0.46,0.034,2024-25
1629650,Moses Brown,1610612742,DAL,C,25.0,11,11,1.0,3.18,7.09,0.449,0.488,-0.039,2024-25
1630175,Cole Anthony,1610612763,MEM,G,25.0,67,67,1.0,3.34,7.04,0.475,0.458,0.017,2024-25
1630200,Tre Jones,1610612741,CHI,G,25.0,46,46,1.0,3.5,7.04,0.497,0.458,0.039,2024-25
1631246,Vince Williams Jr.,1610612763,MEM,G,24.0,26,26,1.0,3.77,7.04,0.536,0.471,0.065,2024-25
1629001,De'Anthony Melton,1610612751,BKN,G,27.0,6,6,1.0,3.0,7.0,0.429,0.465,-0.036,2024-25
1630201,Malachi Flynn,1610612759,SAS,G,27.0,3,3,1.0,3.0,7.0,0.429,0.438,-0.01,2024-25
1630314,Brandon Williams,1610612742,DAL,G,25.0,28,28,1.0,3.39,7.0,0.485,0.456,0.028,2024-25
1629111,Jock Landale,1610612745,HOU,C,29.0,40,40,1.0,3.55,6.98,0.509,0.478,0.031,2024-25
1630192,Zeke Nnaji,1610612743,DEN,F-C,24.0,49,49,1.0,2.96,6.94,0.426,0.464,-0.037,2024-25
200768,Kyle Lowry,1610612755,PHI,G,39.0,35,35,1.0,3.49,6.94,0.502,0.461,0.041,2024-25
1642347,Jamal Shead,1610612761,TOR,G,22.0,75,75,1.0,3.45,6.92,0.499,0.446,0.053,2024-25
1628418,Thomas Bryant,1610612754,IND,C-F,27.0,65,65,1.0,3.4,6.91,0.492,0.493,-0.001,2024-25
1631306,Cole Swider,1610612754,IND,F,26.0,10,10,1.0,2.7,6.9,0.391,0.422,-0.03,2024-25
1630215,Jared Butler,1610612755,PHI,G,24.0,58,58,1.0,3.07,6.86,0.447,0.448,-0.001,2024-25
1630539,Kai Jones,1610612742,DAL,C-F,24.0,36,36,1.0,3.28,6.86,0.478,0.48,-0.002,2024-25
1630639,A.J. Lawson,1610612761,TOR,G,24.0,24,24,1.0,3.13,6.83,0.457,0.446,0.011,2024-25
203937,Kyle Anderson,1610612748,MIA,F-G,31.0,58,58,1.0,3.1,6.76,0.459,0.471,-0.012,2024-25
1628449,Chris Boucher,1610612761,TOR,F,32.0,50,50,1.0,3.2,6.7,0.478,0.467,0.011,2024-25
204456,T.J. McConnell,1610612754,IND,G,33.0,79,79,1.0,2.97,6.65,0.448,0.444,0.003,2024-25
1629020,Jarred Vanderbilt,1610612747,LAL,F,26.0,35,35,1.0,3.11,6.63,0.47,0.475,-0.005,2024-25
1641732,Colby Jones,1610612764,WAS,G,23.0,29,29,1.0,3.1,6.62,0.469,0.449,0.02,2024-25
1626153,Delon Wright,1610612752,NYK,G,33.0,37,37,1.0,2.95,6.62,0.445,0.449,-0.004,2024-25
1626192,Pat Connaughton,1610612749,MIL,G,32.0,41,41,1.0,3.27,6.61,0.494,0.453,0.041,2024-25
203935,Marcus Smart,1610612764,WAS,G,31.0,33,33,1.0,2.82,6.61,0.427,0.457,-0.03,2024-25
1641713,GG Jackson,1610612763,MEM,F,20.0,27,27,1.0,3.19,6.59,0.483,0.471,0.012,2024-25
1641741,Ricky Council IV,1610612755,PHI,G,23.0,64,64,1.0,3.03,6.56,0.462,0.454,0.008,2024-25
1630811,Keaton Wallace,1610612737,ATL,G,26.0,29,29,1.0,2.97,6.55,0.453,0.458,-0.006,2024-25
1629726,Garrison Mathews,1610612737,ATL,G,28.0,43,43,1.0,3.3,6.51,0.507,0.453,0.055,2024-25
1629629,Cam Reddish,1610612747,LAL,F-G,25.0,32,32,1.0,2.94,6.5,0.452,0.467,-0.015,2024-25
1630611,Gui Santos,1610612744,GSW,F,23.0,55,55,1.0,2.98,6.4,0.466,0.458,0.008,2024-25
1631230,Dominick Barlow,1610612737,ATL,F,22.0,33,33,1.0,3.09,6.39,0.483,0.46,0.024,2024-25
1631221,Collin Gillespie,1610612756,PHX,G,26.0,31,31,1.0,3.29,6.39,0.515,0.457,0.058,2024-25
1642419,Jamison Battle,1610612761,TOR,F,24.0,55,55,1.0,2.91,6.38,0.456,0.453,0.003,2024-25
1626196,Josh Richardson,1610612748,MIA,G,31.0,8,8,1.0,4.25,6.38,0.667,0.47,0.196,2024-25
201587,Nicolas Batum,1610612746,LAC,G-F,36.0,78,78,1.0,2.53,6.38,0.396,0.47,-0.075,2024-25
1629680,Matisse Thybulle,1610612757,POR,G-F,28.0,15,15,1.0,2.93,6.33,0.463,0.461,0.003,2024-25
1630625,Dalano Banton,1610612757,POR,F,25.0,65,65,1.0,2.8,6.31,0.444,0.458,-0.014,2024-25
1631311,Lester Quiñones,1610612740,NOP,G,24.0,11,11,1.0,2.64,6.27,0.42,0.458,-0.038,2024-25
1642263,Reed Sheppard,1610612745,HOU,G,21.0,49,49,1.0,2.94,6.27,0.469,0.454,0.015,2024-25
1631243,Mouhamed Gueye,1610612737,ATL,F,22.0,33,33,1.0,2.79,6.24,0.447,0.466,-0.02,2024-25
1629013,Landry Shamet,1610612752,NYK,G,28.0,47,47,1.0,3.26,6.23,0.522,0.451,0.071,2024-25
1631288,Jamal Cain,1610612740,NOP,F,26.0,34,34,1.0,2.56,6.18,0.414,0.454,-0.04,2024-25
1629626,Bol Bol,1610612756,PHX,C-F,25.0,34,34,1.0,2.97,6.18,0.481,0.469,0.012,2024-25
1629723,John Konchar,1610612763,MEM,G,29.0,41,41,1.0,2.88,6.17,0.466,0.458,0.008,2024-25
203995,Vasilije Micic,1610612756,PHX,G,31.0,41,41,1.0,2.85,6.17,0.462,0.465,-0.002,2024-25
1631301,Jaylen Sims,1610612766,CHA,G,26.0,6,6,1.0,1.83,6.17,0.297,0.442,-0.144,2024-25
1630572,Sandro Mamukelashvili,1610612759,SAS,F-C,26.0,57,57,1.0,2.96,6.16,0.481,0.467,0.015,2024-25
1641727,Dariq Whitehead,1610612751,BKN,G-F,20.0,14,14,1.0,2.79,6.14,0.453,0.447,0.007,2024-25
1641871,Duop Reath,1610612757,POR,C,29.0,42,42,1.0,3.1,6.12,0.506,0.481,0.025,2024-25
1641748,Andre Jackson Jr.,1610612749,MIL,G,23.0,61,61,1.0,2.9,6.08,0.477,0.456,0.021,2024-25
1630579,Jericho Sims,1610612749,MIL,C,26.0,47,47,1.0,2.62,6.04,0.433,0.476,-0.043,2024-25
1630164,James Wiseman,1610612754,IND,C,24.0,1,1,1.0,4.0,6.0,0.667,0.452,0.215,2024-25
1631342,Daeqwon Plowden,1610612737,ATL,G-F,26.0,5,5,1.0,3.0,6.0,0.5,0.443,0.057,2024-25
1630243,Trevelin Queen,1610612753,ORL,G,28.0,28,28,1.0,2.96,6.0,0.494,0.455,0.039,2024-25
1631323,Simone Fontecchio,1610612765,DET,F,29.0,75,75,1.0,2.92,6.0,0.487,0.462,0.025,2024-25
202692,Alec Burks,1610612748,MIA,G,33.0,49,49,1.0,2.63,6.0,0.439,0.453,-0.015,2024-25
1631123,Jamaree Bouyea,1610612749,MIL,G,26.0,4,4,1.0,2.75,6.0,0.458,0.429,0.029,2024-25
1630322,Lindy Waters III,1610612765,DET,F,27.0,48,48,1.0,3.0,6.0,0.5,0.453,0.047,2024-25
1641716,Jarace Walker,1610612754,IND,F,21.0,70,70,1.0,3.21,5.97,0.538,0.453,0.085,2024-25
1642382,Branden Carlson,1610612760,OKC,C,26.0,24,24,1.0,2.25,5.96,0.378,0.456,-0.079,2024-25
201599,DeAndre Jordan,1610612743,DEN,C,36.0,53,53,1.0,2.51,5.96,0.421,0.491,-0.07,2024-25
1630574,Ariel Hukporti,1610612752,NYK,C,23.0,22,22,1.0,2.55,5.95,0.427,0.483,-0.056,2024-25
1628371,Jonathan Isaac,1610612753,ORL,F,27.0,71,71,1.0,2.76,5.77,0.478,0.475,0.003,2024-25
1641721,Maxwell Lewis,1610612751,BKN,F,22.0,20,20,1.0,2.9,5.75,0.504,0.468,0.036,2024-25
1628963,Marvin Bagley III,1610612763,MEM,F,26.0,27,27,1.0,2.22,5.74,0.387,0.501,-0.114,2024-25
1631111,Wendell Moore Jr.,1610612766,CHA,G,23.0,30,30,1.0,2.87,5.73,0.5,0.457,0.043,2024-25
1631200,Kris Murray,1610612757,POR,F,24.0,61,61,1.0,2.62,5.67,0.462,0.461,0.001,2024-25
1628988,Aaron Holiday,1610612745,HOU,G,28.0,58,58,1.0,2.38,5.67,0.419,0.45,-0.031,2024-25
1631223,David Roddy,1610612745,HOU,F,24.0,32,32,1.0,2.56,5.66,0.453,0.454,-0.001,2024-25
1629003,Shake Milton,1610612747,LAL,G,28.0,47,47,1.0,2.89,5.64,0.513,0.454,0.059,2024-25
1628470,Torrey Craig,1610612738,BOS,F,34.0,26,26,1.0,2.27,5.62,0.404,0.456,-0.052,2024-25
1642349,Ajay Mitchell,1610612760,OKC,G,23.0,36,36,1.0,2.42,5.61,0.431,0.444,-0.014,2024-25
1629006,Josh Okogie,1610612766,CHA,G,26.0,39,39,1.0,2.44,5.59,0.436,0.465,-0.029,2024-25
1629659,Talen Horton-Tucker,1610612741,CHI,G,24.0,55,55,1.0,2.36,5.56,0.425,0.445,-0.02,2024-25
1631157,Ryan Rollins,1610612749,MIL,G,22.0,52,52,1.0,2.42,5.56,0.436,0.451,-0.015,2024-25
1641998,Trey Jemison III,1610612747,LAL,C,25.0,34,34,1.0,2.53,5.56,0.455,0.476,-0.021,2024-25
1641765,Olivier-Maxence Prosper,1610612742,DAL,F,22.0,48,48,1.0,2.48,5.56,0.446,0.463,-0.017,2024-25
1631133,Jabari Walker,1610612757,POR,F,22.0,51,51,1.0,2.49,5.53,0.45,0.463,-0.013,2024-25
201959,Taj Gibson,1610612766,CHA,F,40.0,36,36,1.0,2.0,5.5,0.364,0.479,-0.115,2024-25
1629618,Jalen Pickett,1610612743,DEN,G,25.0,43,43,1.0,2.12,5.49,0.386,0.454,-0.069,2024-25
201569,Eric Gordon,1610612755,PHI,G,36.0,37,37,1.0,2.62,5.46,0.48,0.459,0.021,2024-25
1627780,Gary Payton II,1610612744,GSW,G,32.0,61,61,1.0,2.61,5.46,0.477,0.455,0.022,2024-25
1628396,Tony Bradley,1610612754,IND,C-F,27.0,11,11,1.0,2.27,5.45,0.417,0.46,-0.043,2024-25
1641723,Kobe Bufkin,1610612737,ATL,G,21.0,9,9,1.0,1.78,5.44,0.327,0.45,-0.124,2024-25
1631204,Marcus Sasser,1610612765,DET,G,24.0,54,54,1.0,2.26,5.43,0.416,0.449,-0.033,2024-25
1630194,Paul Reed,1610612765,DET,F,26.0,44,44,1.0,2.61,5.41,0.483,0.48,0.003,2024-25
1630623,Tyson Etienne,1610612751,BKN,G,25.0,7,7,1.0,2.86,5.29,0.541,0.432,0.108,2024-25
1630288,Jeff Dowtin Jr.,1610612755,PHI,G,28.0,39,39,1.0,2.51,5.28,0.476,0.457,0.019,2024-25
1631207,Dalen Terry,1610612741,CHI,F,22.0,72,72,1.0,2.19,5.25,0.418,0.453,-0.035,2024-25
201567,Kevin Love,1610612748,MIA,F-C,36.0,21,21,1.0,2.71,5.24,0.518,0.506,0.012,2024-25
1641763,Julian Phillips,1610612741,CHI,F,21.0,76,76,1.0,2.43,5.2,0.468,0.463,0.005,2024-25
1641740,Jaylen Clark,1610612750,MIN,G,23.0,37,37,1.0,2.38,5.19,0.458,0.464,-0.005,2024-25
1641842,Ronald Holland II,1610612765,DET,F,19.0,81,81,1.0,2.43,5.19,0.469,0.459,0.01,2024-25
1631172,Ousmane Dieng,1610612760,OKC,F,22.0,34,34,1.0,2.21,5.18,0.426,0.45,-0.024,2024-25
202709,Cory Joseph,1610612753,ORL,G,33.0,48,48,1.0,2.54,5.17,0.492,0.456,0.036,2024-25
203914,Gary Harris,1610612753,ORL,G,30.0,47,47,1.0,2.19,5.15,0.426,0.457,-0.031,2024-25
1630702,Jaden Hardy,1610612742,DAL,G,22.0,54,54,1.0,2.44,5.15,0.475,0.456,0.019,2024-25
1629026,Kenrich Williams,1610612760,OKC,G-F,30.0,69,69,1.0,2.3,5.14,0.448,0.459,-0.011,2024-25
1630550,JT Thor,1610612764,WAS,F,22.0,18,18,1.0,2.06,5.11,0.402,0.452,-0.05,2024-25
1631248,Baylor Scheierman,1610612738,BOS,G,24.0,28,28,1.0,2.11,5.11,0.413,0.45,-0.037,2024-25
202704,Reggie Jackson,1610612755,PHI,G,35.0,30,30,1.0,2.63,5.1,0.516,0.456,0.06,2024-25
203458,Alex Len,1610612747,LAL,C,32.0,40,40,1.0,2.58,5.08,0.507,0.484,0.023,2024-25
1642281,Jaylon Tyson,1610612739,CLE,G-F,22.0,41,41,1.0,2.07,5.07,0.409,0.443,-0.034,2024-25
1629056,Terence Davis,1610612758,SAC,G,28.0,1,1,1.0,2.0,5.0,0.4,0.427,-0.027,2024-25
1641772,Nae'Qwan Tomlin,1610612739,CLE,F,24.0,5,5,1.0,2.0,5.0,0.4,0.443,-0.043,2024-25
1641989,Elijah Harkless,1610612762,UTA,G,25.0,10,10,1.0,2.5,5.0,0.5,0.447,0.053,2024-25
1641810,Antonio Reeves,1610612740,NOP,G,24.0,37,37,1.0,2.59,5.0,0.519,0.452,0.066,2024-25
1641757,Jordan Miller,1610612746,LAC,G,25.0,31,31,1.0,2.61,4.87,0.536,0.454,0.083,2024-25
202684,Tristan Thompson,1610612739,CLE,C-F,34.0,38,38,1.0,2.08,4.87,0.427,0.461,-0.034,2024-25
201145,Jeff Green,1610612745,HOU,F,38.0,32,32,1.0,2.44,4.81,0.506,0.461,0.046,2024-25
1641715,Cam Whitmore,1610612745,HOU,F,20.0,48,48,1.0,2.08,4.75,0.439,0.451,-0.013,2024-25
1642402,Enrique Freeman,1610612754,IND,F,24.0,17,17,1.0,2.18,4.71,0.463,0.473,-0.011,2024-25
1628427,Vlatko Cancar,1610612743,DEN,F,28.0,10,10,1.0,1.8,4.7,0.383,0.449,-0.066,2024-25
1641854,Craig Porter Jr.,1610612739,CLE,G,25.0,48,48,1.0,2.21,4.69,0.471,0.442,0.029,2024-25
1626166,Cameron Payne,1610612752,NYK,G,30.0,71,71,1.0,2.15,4.66,0.462,0.453,0.009,2024-25
203552,Seth Curry,1610612766,CHA,G,34.0,67,67,1.0,2.25,4.64,0.486,0.462,0.023,2024-25
1628420,Monte Morris,1610612756,PHX,G,30.0,43,43,1.0,1.95,4.6,0.424,0.446,-0.022,2024-25
1641734,Emoni Bates,1610612739,CLE,F,21.0,5,5,1.0,1.8,4.6,0.391,0.459,-0.068,2024-25
1642484,RayJ Dennis,1610612754,IND,G,24.0,7,7,1.0,2.43,4.57,0.531,0.436,0.095,2024-25
202693,Markieff Morris,1610612747,LAL,F,35.0,15,15,1.0,2.2,4.53,0.485,0.47,0.015,2024-25
1642403,Isaac Jones,1610612758,SAC,F,24.0,33,33,1.0,2.06,4.52,0.456,0.459,-0.003,2024-25
201988,Patty Mills,1610612746,LAC,G,36.0,26,26,1.0,2.12,4.5,0.47,0.457,0.013,2024-25
1631132,Christian Koloko,1610612747,LAL,C,25.0,36,36,1.0,1.97,4.5,0.438,0.473,-0.035,2024-25
1628975,Jevon Carter,1610612741,CHI,G,29.0,30,30,1.0,2.13,4.47,0.478,0.452,0.026,2024-25
1630256,Jae'Sean Tate,1610612745,HOU,F,29.0,47,47,1.0,1.74,4.45,0.392,0.468,-0.076,2024-25
1631104,Blake Wesley,1610612759,SAS,G,22.0,53,53,1.0,2.15,4.43,0.485,0.445,0.04,2024-25
1642265,Rob Dillingham,1610612750,MIN,G,20.0,42,42,1.0,1.9,4.4,0.432,0.451,-0.018,2024-25
1628981,Bruno Fernando,1610612761,TOR,F-C,26.0,16,16,1.0,2.06,4.38,0.471,0.489,-0.018,2024-25
1641794,Dillon Jones,1610612760,OKC,F,23.0,47,47,1.0,1.83,4.34,0.422,0.45,-0.029,2024-25
1630205,Lamar Stevens,1610612763,MEM,F,27.0,16,16,1.0,2.13,4.25,0.5,0.489,0.011,2024-25
203109,Jae Crowder,1610612758,SAC,F,34.0,8,8,1.0,2.5,4.25,0.588,0.468,0.12,2024-25
1642277,Johnny Furphy,1610612754,IND,G,20.0,36,36,1.0,1.97,4.25,0.464,0.441,0.024,2024-25
1631216,Caleb Houstan,1610612753,ORL,G,22.0,54,54,1.0,2.06,4.24,0.485,0.452,0.033,2024-25
1641736,Reece Beekman,1610612751,BKN,G,23.0,33,33,1.0,2.06,4.24,0.486,0.45,0.036,2024-25
1631466,Nate Williams,1610612745,HOU,G,26.0,13,13,1.0,2.23,4.23,0.527,0.461,0.067,2024-25
1631247,Luke Travers,1610612739,CLE,F,23.0,9,9,1.0,2.22,4.22,0.526,0.448,0.078,2024-25
1631209,Isaiah Wong,1610612766,CHA,G,24.0,17,17,1.0,1.88,4.18,0.451,0.462,-0.011,2024-25
202066,Garrett Temple,1610612761,TOR,G-F,39.0,22,22,1.0,1.95,4.14,0.473,0.462,0.01,2024-25
1642269,Devin Carter,1610612758,SAC,G,23.0,33,33,1.0,2.15,4.09,0.526,0.453,0.073,2024-25
1641712,Rayan Rupert,1610612757,POR,G-F,21.0,39,39,1.0,1.56,4.03,0.389,0.45,-0.061,2024-25
1641766,Adama Sanogo,1610612741,CHI,F,23.0,3,3,1.0,1.67,4.0,0.417,0.507,-0.09,2024-25
1642278,Tyler Kolek,1610612752,NYK,G,24.0,25,25,1.0,2.04,3.96,0.515,0.456,0.059,2024-25
1642285,Cam Spencer,1610612763,MEM,G,25.0,19,19,1.0,2.05,3.95,0.52,0.452,0.068,2024-25
1641724,Jett Howard,1610612753,ORL,G,21.0,55,55,1.0,1.69,3.93,0.431,0.451,-0.021,2024-25
1630214,Xavier Tillman,1610612738,BOS,F,26.0,28,28,1.0,2.07,3.93,0.527,0.462,0.065,2024-25
1641816,Hunter Tyson,1610612743,DEN,F,25.0,45,45,1.0,1.89,3.91,0.483,0.453,0.03,2024-25
1642352,Keshad Johnson,1610612748,MIA,F,24.0,12,12,1.0,1.42,3.83,0.37,0.445,-0.076,2024-25
1628365,Markelle Fultz,1610612758,SAC,G,27.0,16,16,1.0,1.63,3.81,0.426,0.451,-0.025,2024-25
1642355,Bronny James,1610612747,LAL,G,20.0,19,19,1.0,1.74,3.79,0.458,0.454,0.004,2024-25
1631102,TyTy Washington Jr.,1610612756,PHX,G,23.0,9,9,1.0,1.33,3.78,0.353,0.44,-0.087,2024-25
1630762,Phillip Wheeler,1610612755,PHI,F,23.0,4,4,1.0,1.75,3.75,0.467,0.444,0.022,2024-25
1630264,Anthony Gill,1610612764,WAS,F,32.0,38,38,1.0,1.92,3.74,0.514,0.465,0.049,2024-25
1628995,Kevin Knox II,1610612744,GSW,F,25.0,10,10,1.0,1.6,3.7,0.432,0.452,-0.019,2024-25
1630545,Terrence Shannon Jr.,1610612750,MIN,G-F,24.0,28,28,1.0,1.79,3.68,0.485,0.457,0.028,2024-25
203926,Doug McDermott,1610612758,SAC,F,33.0,39,39,1.0,1.62,3.64,0.444,0.446,-0.003,2024-25
1641738,Kobe Brown,1610612746,LAC,F,25.0,26,26,1.0,1.92,3.62,0.532,0.471,0.061,2024-25
1630538,Bones Hyland,1610612750,MIN,G,24.0,23,23,1.0,1.78,3.61,0.494,0.443,0.051,2024-25
1630568,Luka Garza,1610612750,MIN,C,26.0,35,35,1.0,1.91,3.6,0.532,0.471,0.06,2024-25
1641775,Jordan Walsh,1610612738,BOS,G,21.0,40,40,1.0,1.7,3.53,0.482,0.453,0.029,2024-25
1631386,Taze Moore,1610612757,POR,G,27.0,2,2,1.0,0.5,3.5,0.143,0.425,-0.283,2024-25
1631098,Johnny Davis,1610612764,WAS,G,23.0,25,25,1.0,1.48,3.48,0.425,0.452,-0.027,2024-25
1631103,Malaki Branham,1610612759,SAS,F,22.0,36,36,1.0,1.39,3.47,0.4,0.447,-0.047,2024-25
1630537,Chris Duarte,1610612741,CHI,G,28.0,13,13,1.0,1.38,3.46,0.4,0.454,-0.054,2024-25
1631303,Justin Minaya,1610612757,POR,F,26.0,14,14,1.0,1.79,3.43,0.521,0.466,0.055,2024-25
1641753,Chris Livingston,1610612749,MIL,F,21.0,14,14,1.0,1.64,3.43,0.479,0.468,0.011,2024-25
1641755,Kevin McCullar Jr.,1610612752,NYK,G,24.0,3,3,1.0,2.33,3.33,0.7,0.469,0.231,2024-25
1641745,Adam Flagler,1610612760,OKC,G,25.0,22,22,1.0,1.36,3.32,0.411,0.433,-0.022,2024-25
1631210,Jacob Toppin,1610612737,ATL,F,25.0,10,10,1.0,1.3,3.3,0.394,0.414,-0.02,2024-25
1641809,Drew Peterson,1610612738,BOS,F,25.0,19,19,1.0,1.11,3.26,0.339,0.449,-0.11,2024-25
1630561,David Duke Jr.,1610612759,SAS,G,25.0,4,4,1.0,1.25,3.25,0.385,0.449,-0.065,2024-25
1630311,Pat Spencer,1610612744,GSW,G,28.0,26,26,1.0,1.69,3.19,0.53,0.476,0.054,2024-25
1642279,Ulrich Chomche,1610612761,TOR,C,19.0,6,6,1.0,2.5,3.17,0.789,0.47,0.32,2024-25
1627814,Damion Lee,1610612756,PHX,G-F,32.0,18,18,1.0,1.39,3.11,0.446,0.448,-0.001,2024-25
1641725,Trey Alexander,1610612743,DEN,G,22.0,12,12,1.0,1.42,3.08,0.459,0.458,0.002,2024-25
1642505,Alex Ducas,1610612760,OKC,G,24.0,13,13,1.0,1.62,3.08,0.525,0.437,0.088,2024-25
1630531,Jaden Springer,1610612762,UTA,G,22.0,31,31,1.0,1.48,3.06,0.484,0.45,0.034,2024-25
1629667,Jalen McDaniels,1610612758,SAC,F,27.0,1,1,1.0,0.0,3.0,0.0,0.394,-0.394,2024-25
1641801,Emanuel Miller,1610612741,CHI,F,25.0,2,2,1.0,1.5,3.0,0.5,0.438,0.063,2024-25
1630296,Braxton Key,1610612744,GSW,F,28.0,1,1,1.0,3.0,3.0,1.0,0.385,0.615,2024-25
1631214,Alondes Williams,1610612746,LAC,G,26.0,1,1,1.0,0.0,3.0,0.0,0.392,-0.392,2024-25
1626143,Jahlil Okafor,1610612754,IND,C-F,29.0,1,1,1.0,0.0,3.0,0.0,0.513,-0.513,2024-25
1631169,Josh Minott,1610612750,MIN,F,22.0,38,38,1.0,1.39,2.97,0.469,0.445,0.024,2024-25
1630604,E.J. Liddell,1610612741,CHI,F,24.0,9,9,1.0,1.56,2.89,0.538,0.445,0.093,2024-25
1642422,Armel Traore,1610612747,LAL,F,22.0,8,8,1.0,1.5,2.88,0.522,0.472,0.05,2024-25
204060,Joe Ingles,1610612750,MIN,F-G,37.0,11,11,1.0,0.91,2.82,0.323,0.456,-0.134,2024-25
1642359,Pacôme Dadiet,1610612752,NYK,F,19.0,16,16,1.0,1.44,2.81,0.511,0.43,0.081,2024-25
1642050,Jackson Rowe,1610612744,GSW,F,28.0,5,5,1.0,1.0,2.8,0.357,0.45,-0.093,2024-25
1641890,Tyler Smith,1610612749,MIL,F,20.0,16,16,1.0,1.0,2.75,0.364,0.452,-0.088,2024-25
1629098,Jack McVeigh,1610612745,HOU,G-F,29.0,8,8,1.0,1.25,2.75,0.455,0.433,0.021,2024-25
1629162,Jordan McLaughlin,1610612759,SAS,G,29.0,39,39,1.0,1.33,2.74,0.486,0.433,0.053,2024-25
1630618,D.J. Carton,1610612761,TOR,G,24.0,3,3,1.0,1.67,2.67,0.625,0.441,0.184,2024-25
1641790,PJ Hall,1610612743,DEN,C,23.0,12,12,1.0,0.67,2.67,0.25,0.452,-0.202,2024-25
1641803,Tristen Newton,1610612750,MIN,G,24.0,3,3,1.0,1.0,2.67,0.375,0.489,-0.114,2024-25
1630528,Josh Christopher,1610612748,MIA,G,23.0,9,9,1.0,0.89,2.56,0.348,0.441,-0.094,2024-25
1642461,Spencer Jones,1610612743,DEN,F,24.0,13,13,1.0,0.77,2.54,0.303,0.438,-0.135,2024-25
1642280,Trentyn Flowers,1610612746,LAC,F,20.0,4,4,1.0,1.25,2.5,0.5,0.402,0.098,2024-25
1642353,Cam Christie,1610612746,LAC,G,19.0,7,7,1.0,0.86,2.43,0.353,0.481,-0.128,2024-25
1630649,Stanley Umude,1610612749,MIL,G,26.0,16,16,1.0,1.13,2.31,0.486,0.462,0.025,2024-25
1641789,Jazian Gortman,1610612742,DAL,G,22.0,10,10,1.0,1.3,2.3,0.565,0.459,0.107,2024-25
1642530,Yuki Kawamura,1610612763,MEM,G,24.0,14,14,1.0,1.43,2.29,0.625,0.435,0.19,2024-25
1642443,Jahmir Young,1610612741,CHI,G,24.0,4,4,1.0,2.0,2.25,0.889,0.444,0.445,2024-25
1630699,MarJon Beauchamp,1610612752,NYK,F,24.0,28,28,1.0,0.71,2.18,0.328,0.434,-0.106,2024-25
1631321,Sidy Cissoko,1610612757,POR,G,21.0,13,13,1.0,1.31,2.15,0.607,0.412,0.195,2024-25
1641879,Yuri Collins,1610612744,GSW,G,24.0,2,2,1.0,1.5,2.0,0.75,0.52,0.231,2024-25
1642399,Jesse Edwards,1610612750,MIN,C,25.0,1,1,1.0,2.0,2.0,1.0,0.43,0.57,2024-25
1631127,Harrison Ingram,1610612759,SAS,F,22.0,4,4,1.0,1.25,2.0,0.625,0.482,0.143,2024-25
1631199,Ron Harper Jr.,1610612765,DET,G-F,25.0,1,1,1.0,0.0,2.0,0.0,0.326,-0.326,2024-25
1642384,Isaiah Crawford,1610612758,SAC,F,23.0,7,7,1.0,0.71,2.0,0.357,0.477,-0.12,2024-25
1642385,Cui Cui,1610612751,BKN,F,22.0,2,2,1.0,1.0,2.0,0.5,0.434,0.066,2024-25
1641752,Bobi Klintman,1610612765,DET,F,22.0,5,5,1.0,1.2,2.0,0.6,0.421,0.179,2024-25
1631120,JD Davison,1610612738,BOS,G,22.0,11,11,1.0,0.64,2.0,0.318,0.464,-0.146,2024-25
1642434,Riley Minix,1610612759,SAS,F,24.0,1,1,1.0,0.0,2.0,0.0,0.368,-0.368,2024-25
1641936,Miles Norris,1610612738,BOS,F,25.0,3,3,1.0,0.33,2.0,0.167,0.42,-0.254,2024-25
1630346,Matt Ryan,1610612740,NOP,F,28.0,12,12,1.0,1.0,2.0,0.5,0.439,0.061,2024-25
1641857,Liam Robbins,1610612749,MIL,C,25.0,10,10,1.0,0.9,1.9,0.474,0.45,0.024,2024-25
1628408,PJ Dozier,1610612750,MIN,G-F,28.0,5,5,1.0,0.8,1.8,0.444,0.441,0.004,2024-25
1642502,Malevy Leons,1610612760,OKC,F,25.0,4,4,1.0,1.0,1.75,0.571,0.442,0.129,2024-25
1630222,Mason Jones,1610612758,SAC,G,26.0,7,7,1.0,0.86,1.71,0.5,0.417,0.083,2024-25
1631116,Patrick Baldwin Jr.,1610612746,LAC,F,22.0,17,17,1.0,0.82,1.71,0.483,0.454,0.029,2024-25
201949,James Johnson,1610612754,IND,F,38.0,8,8,1.0,0.63,1.63,0.385,0.452,-0.067,2024-25
1642450,Daniss Jenkins,1610612765,DET,G,23.0,5,5,1.0,0.8,1.6,0.5,0.448,0.052,2024-25
1630227,Daishen Nix,1610612750,MIN,G,23.0,2,2,1.0,0.5,1.5,0.333,0.408,-0.075,2024-25
1642439,Quincy Olivari,1610612747,LAL,G,24.0,2,2,1.0,1.0,1.5,0.667,0.415,0.251,2024-25
1631159,Leonard Miller,1610612750,MIN,F,21.0,7,7,1.0,0.57,1.29,0.444,0.438,0.006,2024-25
1631121,Bryce McGowens,1610612757,POR,G,22.0,11,11,1.0,0.73,1.27,0.571,0.4,0.172,2024-25
1641779,Jalen Bridges,1610612756,PHX,F,24.0,4,4,1.0,0.25,1.25,0.2,0.427,-0.227,2024-25
1641817,Anton Watson,1610612752,NYK,F,24.0,6,6,1.0,0.67,1.17,0.571,0.433,0.138,2024-25
1627746,Skal Labissiere,1610612758,SAC,F-C,29.0,1,1,1.0,1.0,1.0,1.0,0.415,0.585,2024-25
1642389,Zyon Pullin,1610612763,MEM,G,24.0,2,2,1.0,0.5,1.0,0.5,0.455,0.045,2024-25
1630678,Terry Taylor,1610612758,SAC,F,25.0,1,1,1.0,0.0,1.0,0.0,0.357,-0.357,2024-25
1630644,Mac McClung,1610612753,ORL,G,26.0,2,2,1.0,0.5,1.0,0.5,0.425,0.075,2024-25
1642270,Donovan Clingan,1610612757,POR,C,22.0,77,77,1.0,9.25,20.39,0.454,0.496,-0.042,2025-26
203999,Nikola Jokić,1610612743,DEN,C,31.0,65,65,1.0,9.48,18.65,0.508,0.487,0.021,2025-26
1641705,Victor Wembanyama,1610612759,SAS,F-C,22.0,64,64,1.0,7.34,18.05,0.407,0.493,-0.086,2025-26
1630578,Alperen Sengun,1610612745,HOU,C,23.0,71,71,1.0,9.1,18.0,0.505,0.487,0.018,2025-26
1642259,Alex Sarr,1610612764,WAS,C,21.0,48,48,1.0,8.81,17.85,0.494,0.496,-0.003,2025-26
203497,Rudy Gobert,1610612750,MIN,C,34.0,76,76,1.0,7.43,16.88,0.44,0.491,-0.05,2025-26
1630596,Evan Mobley,1610612739,CLE,C,25.0,65,65,1.0,7.26,16.51,0.44,0.486,-0.046,2025-26
1629029,Luka Dončić,1610612747,LAL,F-G,27.0,64,64,1.0,7.94,16.47,0.482,0.472,0.01,2025-26
203954,Joel Embiid,1610612755,PHI,C-F,32.0,38,38,1.0,7.29,16.37,0.445,0.486,-0.041,2025-26
202696,Nikola Vučević,1610612738,BOS,C,35.0,63,63,1.0,7.71,15.78,0.489,0.494,-0.005,2025-26
1642273,Kyshawn George,1610612764,WAS,F,22.0,48,48,1.0,7.42,15.75,0.471,0.472,-0.001,2025-26
203076,Anthony Davis,1610612764,WAS,F-C,33.0,20,20,1.0,7.2,15.65,0.46,0.496,-0.036,2025-26
1643253,Toby Okani,1610612763,MEM,F,24.0,5,5,1.0,9.2,15.6,0.59,0.468,0.121,2025-26
1631117,Walker Kessler,1610612762,UTA,C,24.0,5,5,1.0,7.0,15.4,0.455,0.504,-0.05,2025-26
1627826,Ivica Zubac,1610612754,IND,C,29.0,48,48,1.0,6.98,15.35,0.455,0.498,-0.043,2025-26
1642852,Derik Queen,1610612740,NOP,C,21.0,81,81,1.0,7.33,15.32,0.479,0.491,-0.012,2025-26
1627734,Domantas Sabonis,1610612758,SAC,F-C,30.0,19,19,1.0,8.63,15.0,0.575,0.501,0.074,2025-26
1642875,Maxime Raynaud,1610612758,SAC,C,23.0,74,74,1.0,7.43,14.99,0.496,0.487,0.009,2025-26
1628389,Bam Adebayo,1610612748,MIA,C-F,28.0,73,73,1.0,6.82,14.97,0.456,0.486,-0.03,2025-26
1628991,Jaren Jackson Jr.,1610612762,UTA,F-C,26.0,48,48,1.0,6.4,14.94,0.428,0.483,-0.055,2025-26
1642843,Cooper Flagg,1610612742,DAL,F,19.0,70,70,1.0,6.79,14.71,0.461,0.47,-0.009,2025-26
1628436,Luke Kornet,1610612759,SAS,C-F,30.0,68,68,1.0,6.65,14.65,0.454,0.493,-0.039,2025-26
1642882,Julian Reese,1610612764,WAS,F,23.0,13,13,1.0,7.38,14.62,0.505,0.463,0.043,2025-26
1630168,Onyeka Okongwu,1610612737,ATL,F-C,25.0,74,74,1.0,7.0,14.54,0.481,0.49,-0.009,2025-26
1630286,Trevon Scott,1610612751,BKN,F,29.0,6,6,1.0,7.33,14.5,0.506,0.488,0.018,2025-26
1629023,P.J. Washington,1610612742,DAL,F,27.0,56,56,1.0,6.89,14.48,0.476,0.48,-0.004,2025-26
1630567,Scottie Barnes,1610612761,TOR,F-G,24.0,79,79,1.0,6.96,14.43,0.482,0.477,0.006,2025-26
1626167,Myles Turner,1610612749,MIL,C-F,30.0,71,71,1.0,7.0,14.42,0.485,0.484,0.001,2025-26
1630183,Jaden McDaniels,1610612750,MIN,F,25.0,73,73,1.0,6.47,14.4,0.449,0.472,-0.023,2025-26
1628401,Derrick White,1610612738,BOS,G,31.0,77,77,1.0,6.13,14.21,0.431,0.464,-0.032,2025-26
1641824,Matas Buzelis,1610612741,CHI,F,21.0,76,76,1.0,6.66,14.16,0.47,0.473,-0.003,2025-26
1628404,Josh Hart,1610612752,NYK,G,31.0,66,66,1.0,6.89,14.14,0.488,0.475,0.013,2025-26
1627750,Jamal Murray,1610612743,DEN,G,29.0,75,75,1.0,6.76,14.12,0.479,0.462,0.017,2025-26
1630583,Santi Aldama,1610612763,MEM,F-C,25.0,43,43,1.0,6.79,14.07,0.483,0.482,0.0,2025-26
1629028,Deandre Ayton,1610612747,LAL,C,27.0,72,72,1.0,6.79,14.06,0.483,0.483,0.0,2025-26
1629645,Kevin Porter Jr.,1610612749,MIL,G-F,26.0,38,38,1.0,6.61,14.03,0.471,0.463,0.008,2025-26
1631109,Mark Williams,1610612756,PHX,C,24.0,60,60,1.0,7.15,14.03,0.51,0.495,0.015,2025-26
1643060,Hayden Gray,1610612762,UTA,G,23.0,1,1,1.0,8.0,14.0,0.571,0.459,0.112,2025-26
1641727,Dariq Whitehead,1610612763,MEM,G-F,21.0,5,5,1.0,8.2,14.0,0.586,0.46,0.126,2025-26
1631096,Chet Holmgren,1610612760,OKC,C-F,24.0,69,69,1.0,5.74,13.99,0.41,0.484,-0.073,2025-26
1631094,Paolo Banchero,1610612753,ORL,F,23.0,72,72,1.0,6.82,13.96,0.489,0.476,0.012,2025-26
1630530,Trey Murphy III,1610612740,NOP,F,26.0,66,66,1.0,7.05,13.91,0.507,0.471,0.035,2025-26
1631099,Keegan Murray,1610612758,SAC,F,25.0,23,23,1.0,7.3,13.91,0.525,0.482,0.043,2025-26
1627783,Pascal Siakam,1610612754,IND,F,32.0,62,62,1.0,6.79,13.89,0.489,0.48,0.009,2025-26
1643016,Bez Mbeng,1610612762,UTA,G,23.0,15,15,1.0,6.4,13.87,0.462,0.451,0.01,2025-26
1630700,Dyson Daniels,1610612737,ATL,G,23.0,76,76,1.0,6.45,13.86,0.465,0.472,-0.007,2025-26
203952,Andrew Wiggins,1610612748,MIA,F,31.0,68,68,1.0,6.35,13.85,0.459,0.471,-0.012,2025-26
1630581,Josh Giddey,1610612741,CHI,G,23.0,53,53,1.0,6.83,13.81,0.495,0.467,0.028,2025-26
1630595,Cade Cunningham,1610612765,DET,G,24.0,64,64,1.0,5.98,13.8,0.434,0.464,-0.03,2025-26
1630559,Austin Reaves,1610612747,LAL,G,28.0,51,51,1.0,6.75,13.76,0.49,0.47,0.021,2025-26
1631217,Moussa Diabaté,1610612766,CHA,F,24.0,73,73,1.0,6.68,13.75,0.486,0.485,0.001,2025-26
1626157,Karl-Anthony Towns,1610612752,NYK,C-F,30.0,74,74,1.0,6.54,13.73,0.476,0.486,-0.009,2025-26
204001,Kristaps Porziņģis,1610612744,GSW,F-C,30.0,32,32,1.0,6.22,13.69,0.454,0.489,-0.035,2025-26
203994,Jusuf Nurkić,1610612762,UTA,C,31.0,41,41,1.0,6.61,13.59,0.487,0.498,-0.011,2025-26
1641739,Toumani Camara,1610612757,POR,F,26.0,82,82,1.0,6.5,13.51,0.481,0.471,0.01,2025-26
1643133,Lawson Lovering,1610612763,MEM,C,23.0,2,2,1.0,6.5,13.5,0.481,0.495,-0.013,2025-26
1641730,Noah Clowney,1610612751,BKN,F-C,21.0,65,65,1.0,7.08,13.42,0.528,0.48,0.048,2025-26
1629622,Max Strus,1610612739,CLE,G-F,30.0,12,12,1.0,7.08,13.33,0.531,0.464,0.068,2025-26
1629674,Neemias Queta,1610612738,BOS,C,26.0,75,75,1.0,5.95,13.33,0.446,0.487,-0.041,2025-26
1631095,Jabari Smith Jr.,1610612745,HOU,F,23.0,77,77,1.0,6.05,13.29,0.456,0.468,-0.013,2025-26
1631157,Ryan Rollins,1610612749,MIL,G,23.0,74,74,1.0,5.97,13.26,0.451,0.46,-0.009,2025-26
1643158,Andersson Garcia,1610612762,UTA,F,25.0,4,4,1.0,6.75,13.25,0.509,0.47,0.039,2025-26
1642851,Kon Knueppel,1610612766,CHA,G-F,20.0,81,81,1.0,5.79,13.1,0.442,0.467,-0.025,2025-26
1631212,Peyton Watson,1610612743,DEN,G,23.0,54,54,1.0,6.09,13.04,0.467,0.468,-0.001,2025-26
1628386,Jarrett Allen,1610612739,CLE,C,28.0,56,56,1.0,6.02,13.02,0.462,0.5,-0.038,2025-26
1627751,Jakob Poeltl,1610612761,TOR,C,30.0,45,45,1.0,6.53,13.0,0.503,0.491,0.011,2025-26
1641710,Anthony Black,1610612753,ORL,G,22.0,63,63,1.0,6.35,12.97,0.49,0.463,0.027,2025-26
1628973,Jalen Brunson,1610612752,NYK,G,29.0,72,72,1.0,6.24,12.96,0.481,0.463,0.019,2025-26
1642845,VJ Edgecombe,1610612755,PHI,G,20.0,74,74,1.0,6.12,12.96,0.472,0.465,0.007,2025-26
1628384,OG Anunoby,1610612752,NYK,F-G,28.0,66,66,1.0,5.74,12.83,0.447,0.474,-0.026,2025-26
1629655,Daniel Gafford,1610612742,DAL,F-C,27.0,55,55,1.0,6.16,12.82,0.481,0.494,-0.013,2025-26
1628976,Wendell Carter Jr.,1610612753,ORL,C-F,27.0,78,78,1.0,5.94,12.82,0.463,0.49,-0.027,2025-26
1631105,Jalen Duren,1610612765,DET,C,22.0,70,70,1.0,5.9,12.79,0.461,0.492,-0.03,2025-26
1641718,Keyonte George,1610612762,UTA,G,22.0,53,53,1.0,6.72,12.77,0.526,0.466,0.06,2025-26
1630552,Jalen Johnson,1610612737,ATL,F,24.0,72,72,1.0,6.26,12.75,0.491,0.479,0.013,2025-26
1631128,Christian Braun,1610612743,DEN,G,25.0,44,44,1.0,6.05,12.66,0.478,0.471,0.007,2025-26
1631170,Jaime Jaquez Jr.,1610612748,MIA,G,25.0,75,75,1.0,5.92,12.63,0.469,0.465,0.004,2025-26
1629638,Nickeil Alexander-Walker,1610612737,ATL,G,27.0,78,78,1.0,6.47,12.6,0.514,0.462,0.051,2025-26
203110,Draymond Green,1610612744,GSW,F,36.0,68,68,1.0,5.75,12.57,0.457,0.49,-0.033,2025-26
1630178,Tyrese Maxey,1610612755,PHI,G,25.0,70,70,1.0,5.83,12.54,0.465,0.458,0.006,2025-26
1629651,Nic Claxton,1610612751,BKN,C,27.0,69,69,1.0,5.9,12.54,0.471,0.486,-0.016,2025-26
203500,Steven Adams,1610612745,HOU,C,32.0,32,32,1.0,5.31,12.31,0.431,0.494,-0.063,2025-26
201935,James Harden,1610612739,CLE,G,36.0,70,70,1.0,5.71,12.3,0.465,0.468,-0.003,2025-26
1629628,RJ Barrett,1610612761,TOR,F-G,26.0,56,56,1.0,5.84,12.29,0.475,0.467,0.009,2025-26
1630174,Aaron Nesmith,1610612754,IND,G-F,26.0,45,45,1.0,5.51,12.27,0.449,0.474,-0.025,2025-26
203468,CJ McCollum,1610612737,ATL,G,34.0,76,76,1.0,5.64,12.25,0.461,0.458,0.002,2025-26
1641750,Ryan Kalkbrenner,1610612766,CHA,C,24.0,69,69,1.0,5.72,12.23,0.468,0.493,-0.025,2025-26
1631351,Lucas Williamson,1610612763,MEM,G,27.0,6,6,1.0,6.83,12.17,0.562,0.461,0.101,2025-26
1626162,Kelly Oubre Jr.,1610612755,PHI,F-G,30.0,50,50,1.0,5.78,12.14,0.476,0.468,0.008,2025-26
1628374,Lauri Markkanen,1610612762,UTA,F-C,29.0,42,42,1.0,5.57,12.12,0.46,0.475,-0.015,2025-26
1642271,Kyle Filipowski,1610612762,UTA,C,22.0,76,76,1.0,6.18,12.11,0.511,0.478,0.033,2025-26
1641744,Zach Edey,1610612763,MEM,C,24.0,11,11,1.0,5.18,12.09,0.429,0.496,-0.067,2025-26
201142,Kevin Durant,1610612745,HOU,F,37.0,78,78,1.0,5.1,12.09,0.422,0.469,-0.047,2025-26
1641706,Brandon Miller,1610612766,CHA,F,23.0,65,65,1.0,5.42,12.05,0.45,0.465,-0.016,2025-26
1630532,Franz Wagner,1610612753,ORL,F,24.0,34,34,1.0,5.76,12.03,0.479,0.474,0.005,2025-26
1643047,CJ Huntley,1610612756,PHX,F,24.0,1,1,1.0,5.0,12.0,0.417,0.465,-0.048,2025-26
1642263,Reed Sheppard,1610612745,HOU,G,22.0,82,82,1.0,5.66,11.99,0.472,0.459,0.013,2025-26
1628983,Shai Gilgeous-Alexander,1610612760,OKC,G,27.0,68,68,1.0,5.06,11.97,0.423,0.463,-0.04,2025-26
1642276,Kel'el Ware,1610612748,MIA,C,22.0,77,77,1.0,5.62,11.95,0.471,0.501,-0.031,2025-26
1631260,AJ Green,1610612749,MIL,G,26.0,78,78,1.0,5.78,11.92,0.485,0.46,0.025,2025-26
1628392,Isaiah Hartenstein,1610612760,OKC,C-F,28.0,47,47,1.0,4.94,11.85,0.417,0.491,-0.074,2025-26
1628415,Dillon Brooks,1610612756,PHX,G-F,30.0,56,56,1.0,5.52,11.82,0.467,0.473,-0.007,2025-26
1630643,Jay Huff,1610612754,IND,C,28.0,81,81,1.0,5.42,11.8,0.459,0.49,-0.031,2025-26
1641717,Cason Wallace,1610612760,OKC,G,22.0,77,77,1.0,5.06,11.74,0.431,0.465,-0.034,2025-26
1630166,Deni Avdija,1610612757,POR,F,25.0,66,66,1.0,5.7,11.71,0.486,0.472,0.014,2025-26
1631108,Max Christie,1610612742,DAL,G,23.0,77,77,1.0,5.56,11.69,0.476,0.466,0.009,2025-26
1628969,Mikal Bridges,1610612752,NYK,G-F,29.0,80,80,1.0,5.35,11.65,0.459,0.469,-0.01,2025-26
1629636,Darius Garland,1610612746,LAC,G,26.0,45,45,1.0,5.53,11.64,0.475,0.459,0.017,2025-26
1642847,Jeremiah Fears,1610612740,NOP,G,19.0,82,82,1.0,5.72,11.6,0.493,0.464,0.03,2025-26
1628970,Miles Bridges,1610612766,CHA,F,28.0,77,77,1.0,5.36,11.56,0.464,0.474,-0.01,2025-26
203944,Julius Randle,1610612750,MIN,F-C,31.0,79,79,1.0,5.53,11.52,0.48,0.481,-0.001,2025-26
1628368,De'Aaron Fox,1610612759,SAS,G,28.0,72,72,1.0,5.24,11.44,0.458,0.46,-0.003,2025-26
1642907,Cedric Coward,1610612763,MEM,G,22.0,60,60,1.0,5.17,11.42,0.453,0.467,-0.015,2025-26
1630162,Anthony Edwards,1610612750,MIN,G,24.0,61,61,1.0,5.28,11.41,0.463,0.468,-0.006,2025-26
1630590,Scotty Pippen Jr.,1610612763,MEM,G,25.0,10,10,1.0,6.2,11.4,0.544,0.451,0.093,2025-26
201143,Al Horford,1610612744,GSW,C-F,40.0,45,45,1.0,5.09,11.4,0.446,0.484,-0.037,2025-26
1641778,Leaky Black,1610612764,WAS,F,27.0,15,15,1.0,6.27,11.4,0.55,0.469,0.08,2025-26
1630173,Precious Achiuwa,1610612758,SAC,F,26.0,72,72,1.0,5.26,11.35,0.464,0.482,-0.019,2025-26
1627759,Jaylen Brown,1610612738,BOS,G-F,29.0,71,71,1.0,4.79,11.34,0.422,0.464,-0.042,2025-26
1629639,Tyler Herro,1610612748,MIA,G,26.0,33,33,1.0,5.61,11.33,0.495,0.459,0.036,2025-26
1631222,Jake LaRavia,1610612747,LAL,F,24.0,82,82,1.0,5.43,11.32,0.48,0.471,0.009,2025-26
1629614,Andrew Nembhard,1610612754,IND,G-F,26.0,57,57,1.0,5.81,11.28,0.515,0.468,0.047,2025-26
202331,Paul George,1610612755,PHI,F,36.0,37,37,1.0,5.49,11.27,0.487,0.473,0.014,2025-26
1631230,Dominick Barlow,1610612755,PHI,F,23.0,70,70,1.0,5.23,11.27,0.464,0.475,-0.011,2025-26
201572,Brook Lopez,1610612746,LAC,C,38.0,75,75,1.0,4.88,11.23,0.435,0.498,-0.063,2025-26
203932,Aaron Gordon,1610612743,DEN,F,30.0,36,36,1.0,4.86,11.22,0.433,0.475,-0.042,2025-26
1630591,Jalen Suggs,1610612753,ORL,G,25.0,57,57,1.0,5.47,11.19,0.489,0.468,0.022,2025-26
1642264,Stephon Castle,1610612759,SAS,G,21.0,68,68,1.0,5.04,11.19,0.451,0.47,-0.019,2025-26
1626164,Devin Booker,1610612756,PHX,G,29.0,64,64,1.0,5.06,11.19,0.453,0.468,-0.015,2025-26
1631221,Collin Gillespie,1610612756,PHX,G,27.0,80,80,1.0,5.46,11.18,0.489,0.465,0.024,2025-26
1630558,Davion Mitchell,1610612748,MIA,G,27.0,70,70,1.0,5.34,11.17,0.478,0.46,0.019,2025-26
1630191,Isaiah Stewart,1610612765,DET,F-C,25.0,58,58,1.0,4.88,11.1,0.439,0.476,-0.037,2025-26
203897,Zach LaVine,1610612758,SAC,G,31.0,39,39,1.0,5.64,11.1,0.508,0.474,0.034,2025-26
1630695,Micah Potter,1610612754,IND,C,28.0,45,45,1.0,5.87,11.07,0.53,0.484,0.046,2025-26
1630171,Isaac Okoro,1610612741,CHI,F-G,25.0,61,61,1.0,5.07,11.05,0.458,0.474,-0.015,2025-26
1628381,John Collins,1610612746,LAC,F-C,28.0,69,69,1.0,4.99,11.03,0.452,0.471,-0.019,2025-26
1642380,Adama Bal,1610612763,MEM,G,22.0,6,6,1.0,6.67,11.0,0.606,0.487,0.119,2025-26
1642281,Jaylon Tyson,1610612739,CLE,G-F,23.0,66,66,1.0,4.79,10.97,0.436,0.461,-0.024,2025-26
1628960,Grayson Allen,1610612756,PHX,G,30.0,51,51,1.0,5.35,10.9,0.491,0.466,0.025,2025-26
1629630,Ja Morant,1610612763,MEM,G,26.0,20,20,1.0,5.4,10.85,0.498,0.463,0.035,2025-26
1642942,Jahmai Mashack,1610612763,MEM,G,23.0,27,27,1.0,5.81,10.85,0.536,0.473,0.063,2025-26
1630230,Naji Marshall,1610612742,DAL,F,28.0,74,74,1.0,5.26,10.81,0.486,0.474,0.012,2025-26
1628978,Donte DiVincenzo,1610612750,MIN,G,29.0,82,82,1.0,5.02,10.8,0.465,0.461,0.004,2025-26
1642274,Yves Missi,1610612740,NOP,C,22.0,66,66,1.0,4.7,10.79,0.435,0.481,-0.045,2025-26
1626220,Royce O'Neale,1610612756,PHX,F,33.0,78,78,1.0,5.19,10.78,0.482,0.479,0.003,2025-26
1641771,Jalen Slawson,1610612754,IND,F,26.0,13,13,1.0,5.0,10.77,0.464,0.47,-0.005,2025-26
1630572,Sandro Mamukelashvili,1610612761,TOR,F-C,27.0,79,79,1.0,5.06,10.75,0.471,0.471,0.0,2025-26
1630193,Immanuel Quickley,1610612761,TOR,G,27.0,70,70,1.0,4.86,10.73,0.453,0.459,-0.006,2025-26
1631119,Jaylin Williams,1610612760,OKC,F,24.0,65,65,1.0,4.52,10.62,0.426,0.488,-0.062,2025-26
1629661,Cameron Johnson,1610612743,DEN,F,30.0,54,54,1.0,4.98,10.57,0.471,0.464,0.007,2025-26
1627742,Brandon Ingram,1610612761,TOR,F,28.0,76,76,1.0,4.84,10.55,0.459,0.465,-0.006,2025-26
1642377,Jaylen Wells,1610612763,MEM,F,22.0,69,69,1.0,5.01,10.55,0.475,0.467,0.008,2025-26
201950,Jrue Holiday,1610612757,POR,G,36.0,53,53,1.0,4.81,10.53,0.457,0.469,-0.012,2025-26
1630217,Desmond Bane,1610612753,ORL,G,28.0,82,82,1.0,4.52,10.52,0.43,0.462,-0.032,2025-26
1627739,Kris Dunn,1610612746,LAC,G,32.0,82,82,1.0,4.71,10.49,0.449,0.466,-0.017,2025-26
1629008,Michael Porter Jr.,1610612751,BKN,F,28.0,52,52,1.0,5.54,10.48,0.528,0.478,0.05,2025-26
1641709,Ausar Thompson,1610612765,DET,G-F,23.0,72,72,1.0,4.56,10.47,0.435,0.465,-0.03,2025-26
1626171,Bobby Portis Jr.,1610612749,MIL,F,31.0,67,67,1.0,5.39,10.43,0.516,0.482,0.034,2025-26
1629627,Zion Williamson,1610612740,NOP,F,25.0,62,62,1.0,4.53,10.42,0.435,0.473,-0.038,2025-26
1630541,Moses Moody,1610612744,GSW,G,24.0,60,60,1.0,4.85,10.4,0.466,0.466,0.0,2025-26
202695,Kawhi Leonard,1610612746,LAC,F,35.0,65,65,1.0,5.31,10.37,0.512,0.472,0.04,2025-26
1642846,Ace Bailey,1610612762,UTA,F,19.0,71,71,1.0,4.94,10.37,0.477,0.469,0.008,2025-26
1629675,Naz Reid,1610612750,MIN,C-F,26.0,77,77,1.0,4.82,10.32,0.467,0.474,-0.007,2025-26
1629652,Luguentz Dort,1610612760,OKC,G,27.0,69,69,1.0,4.61,10.28,0.449,0.467,-0.019,2025-26
1631174,Tyler Burton,1610612763,MEM,F,26.0,11,11,1.0,5.91,10.27,0.575,0.472,0.103,2025-26
1631101,Shaedon Sharpe,1610612757,POR,G,23.0,50,50,1.0,5.4,10.26,0.526,0.463,0.063,2025-26
1630540,Miles McBride,1610612752,NYK,G,25.0,41,41,1.0,4.63,10.24,0.452,0.455,-0.003,2025-26
1641796,Pelle Larsson,1610612748,MIA,G,25.0,69,69,1.0,4.74,10.22,0.464,0.462,0.002,2025-26
1627749,Dejounte Murray,1610612740,NOP,G,29.0,14,14,1.0,5.57,10.21,0.545,0.467,0.078,2025-26
1628963,Marvin Bagley III,1610612742,DAL,F,27.0,60,60,1.0,4.7,10.18,0.462,0.49,-0.028,2025-26
1630577,Julian Champagnie,1610612759,SAS,F,25.0,82,82,1.0,4.88,10.15,0.481,0.464,0.017,2025-26
1642345,Oso Ighodaro,1610612756,PHX,F,23.0,82,82,1.0,4.51,10.1,0.447,0.478,-0.031,2025-26
1642366,Quinten Post,1610612744,GSW,C,26.0,67,67,1.0,4.6,10.07,0.456,0.483,-0.026,2025-26
1642867,Collin Murray-Boyles,1610612761,TOR,F,21.0,56,56,1.0,4.55,10.07,0.452,0.479,-0.027,2025-26
1630202,Payton Pritchard,1610612738,BOS,G,28.0,79,79,1.0,4.7,10.06,0.467,0.457,0.01,2025-26
1641765,Olivier-Maxence Prosper,1610612763,MEM,F,23.0,47,47,1.0,5.21,10.04,0.519,0.487,0.032,2025-26
1642363,Nique Clifford,1610612758,SAC,G,24.0,75,75,1.0,4.95,10.03,0.493,0.464,0.029,2025-26
202699,Tobias Harris,1610612765,DET,F,33.0,63,63,1.0,4.35,10.0,0.435,0.474,-0.039,2025-26
1642490,Josh Oduro,1610612740,NOP,C,25.0,3,3,1.0,5.67,10.0,0.567,0.506,0.06,2025-26
1641708,Amen Thompson,1610612745,HOU,G-F,23.0,79,79,1.0,4.41,9.97,0.442,0.467,-0.026,2025-26
1642364,Jamir Watkins,1610612764,WAS,F,24.0,47,47,1.0,5.11,9.96,0.513,0.474,0.039,2025-26
1628971,Bruce Brown,1610612743,DEN,G-F,29.0,82,82,1.0,4.54,9.94,0.456,0.464,-0.007,2025-26
1641713,GG Jackson,1610612763,MEM,F,21.0,49,49,1.0,4.92,9.94,0.495,0.472,0.023,2025-26
203083,Andre Drummond,1610612755,PHI,C,32.0,62,62,1.0,4.89,9.92,0.493,0.496,-0.004,2025-26
1629656,Quentin Grimes,1610612755,PHI,G,26.0,74,74,1.0,4.27,9.92,0.431,0.46,-0.03,2025-26
202710,Jimmy Butler III,1610612744,GSW,F,36.0,38,38,1.0,4.95,9.87,0.501,0.468,0.033,2025-26
1627884,Derrick Jones Jr.,1610612746,LAC,F,29.0,50,50,1.0,4.26,9.84,0.433,0.473,-0.041,2025-26
1631113,Kennedy Chandler,1610612762,UTA,G,23.0,11,11,1.0,4.73,9.82,0.481,0.448,0.033,2025-26
1630611,Gui Santos,1610612744,GSW,F,24.0,65,65,1.0,4.89,9.8,0.499,0.47,0.029,2025-26
1631342,Daeqwon Plowden,1610612758,SAC,G-F,27.0,32,32,1.0,4.81,9.78,0.492,0.465,0.027,2025-26
1629130,Duncan Robinson,1610612765,DET,F,32.0,77,77,1.0,4.36,9.78,0.446,0.458,-0.012,2025-26
1641783,Tristan da Silva,1610612753,ORL,F,25.0,77,77,1.0,4.65,9.74,0.477,0.465,0.013,2025-26
1630573,Sam Hauser,1610612738,BOS,F,28.0,78,78,1.0,4.46,9.74,0.458,0.463,-0.006,2025-26
1629731,Dean Wade,1610612739,CLE,F-C,29.0,58,58,1.0,4.33,9.72,0.445,0.468,-0.023,2025-26
1641726,Dereck Lively II,1610612742,DAL,C,22.0,7,7,1.0,5.14,9.71,0.529,0.49,0.039,2025-26
1628378,Donovan Mitchell,1610612739,CLE,G,29.0,70,70,1.0,4.63,9.71,0.476,0.466,0.011,2025-26
1642389,Zyon Pullin,1610612750,MIN,G,25.0,3,3,1.0,4.33,9.67,0.448,0.442,0.006,2025-26
1642856,Egor Dëmin,1610612751,BKN,G,20.0,52,52,1.0,4.9,9.65,0.508,0.469,0.039,2025-26
203935,Marcus Smart,1610612747,LAL,G,32.0,62,62,1.0,4.18,9.65,0.433,0.463,-0.03,2025-26
201939,Stephen Curry,1610612744,GSW,G,38.0,43,43,1.0,4.72,9.63,0.49,0.46,0.031,2025-26
1642928,Dylan Cardwell,1610612758,SAC,C,24.0,44,44,1.0,4.39,9.59,0.457,0.493,-0.035,2025-26
1629631,De'Andre Hunter,1610612758,SAC,F-G,28.0,45,45,1.0,4.73,9.56,0.495,0.478,0.017,2025-26
1641764,Brandin Podziemski,1610612744,GSW,G,23.0,82,82,1.0,4.6,9.56,0.481,0.473,0.008,2025-26
1630551,Justin Champagnie,1610612764,WAS,G-F,25.0,67,67,1.0,4.72,9.55,0.494,0.472,0.022,2025-26
1629723,John Konchar,1610612762,UTA,G,30.0,54,54,1.0,4.52,9.52,0.475,0.462,0.013,2025-26
1642268,Isaiah Collier,1610612762,UTA,G,21.0,58,58,1.0,5.02,9.52,0.527,0.468,0.059,2025-26
1641757,Jordan Miller,1610612746,LAC,G,26.0,59,59,1.0,4.47,9.51,0.471,0.463,0.007,2025-26
1631338,Mouhamadou Gueye,1610612741,CHI,F,27.0,2,2,1.0,5.0,9.5,0.526,0.488,0.038,2025-26
1631097,Bennedict Mathurin,1610612746,LAC,G-F,24.0,54,54,1.0,4.78,9.5,0.503,0.469,0.034,2025-26
1631214,Alondes Williams,1610612764,WAS,G,27.0,4,4,1.0,4.75,9.5,0.5,0.434,0.066,2025-26
203507,Giannis Antetokounmpo,1610612749,MIL,F,31.0,36,36,1.0,4.11,9.47,0.434,0.481,-0.047,2025-26
1629027,Trae Young,1610612764,WAS,G,27.0,15,15,1.0,5.33,9.47,0.563,0.456,0.108,2025-26
2544,LeBron James,1610612747,LAL,F,41.0,60,60,1.0,4.62,9.47,0.488,0.472,0.015,2025-26
1629057,Robert Williams III,1610612757,POR,C-F,28.0,59,59,1.0,4.02,9.46,0.425,0.483,-0.059,2025-26
1630170,Devin Vassell,1610612759,SAS,G-F,25.0,67,67,1.0,4.34,9.45,0.46,0.469,-0.009,2025-26
1629111,Jock Landale,1610612737,ATL,C,30.0,68,68,1.0,4.85,9.44,0.514,0.495,0.019,2025-26
1641869,Malachi Smith,1610612751,BKN,G,26.0,14,14,1.0,5.36,9.43,0.568,0.456,0.113,2025-26
1630264,Anthony Gill,1610612764,WAS,F,33.0,47,47,1.0,4.74,9.43,0.503,0.477,0.027,2025-26
1629011,Mitchell Robinson,1610612752,NYK,C-F,28.0,58,58,1.0,4.16,9.4,0.442,0.487,-0.045,2025-26
1629060,Rui Hachimura,1610612747,LAL,F,28.0,68,68,1.0,4.71,9.4,0.501,0.47,0.031,2025-26
1631131,Oscar Tshiebwe,1610612762,UTA,F-C,26.0,26,26,1.0,4.92,9.38,0.525,0.482,0.043,2025-26
1630533,Ziaire Williams,1610612751,BKN,F,24.0,55,55,1.0,4.49,9.38,0.479,0.462,0.017,2025-26
203501,Tim Hardaway Jr.,1610612743,DEN,G-F,34.0,80,80,1.0,4.66,9.36,0.498,0.461,0.037,2025-26
1628398,Kyle Kuzma,1610612749,MIL,F,30.0,69,69,1.0,4.14,9.36,0.443,0.469,-0.027,2025-26
1630188,Jalen Smith,1610612741,CHI,F-C,26.0,52,52,1.0,4.37,9.35,0.467,0.487,-0.02,2025-26
1630200,Tre Jones,1610612741,CHI,G,26.0,64,64,1.0,4.63,9.34,0.495,0.458,0.037,2025-26
1642258,Zaccharie Risacher,1610612737,ATL,F,21.0,67,67,1.0,4.52,9.34,0.484,0.464,0.02,2025-26
201942,DeMar DeRozan,1610612758,SAC,G-F,36.0,77,77,1.0,4.83,9.3,0.52,0.475,0.044,2025-26
1628989,Kevin Huerter,1610612765,DET,G-F,27.0,69,69,1.0,4.23,9.25,0.458,0.46,-0.002,2025-26
1631121,Bryce McGowens,1610612740,NOP,G,23.0,40,40,1.0,4.6,9.25,0.497,0.472,0.025,2025-26
1630598,Aaron Wiggins,1610612760,OKC,G,27.0,65,65,1.0,4.32,9.2,0.47,0.464,0.006,2025-26
1630241,Sam Merrill,1610612739,CLE,G,30.0,52,52,1.0,4.37,9.19,0.475,0.468,0.007,2025-26
1641729,Brice Sensabaugh,1610612762,UTA,F,22.0,73,73,1.0,4.59,9.19,0.499,0.462,0.037,2025-26
1642383,Walter Clayton Jr.,1610612763,MEM,G,23.0,68,68,1.0,4.35,9.18,0.474,0.458,0.016,2025-26
1631107,Nikola Jović,1610612748,MIA,F,23.0,45,45,1.0,4.07,9.18,0.443,0.469,-0.026,2025-26
1642883,Sion James,1610612766,CHA,G,23.0,82,82,1.0,4.16,9.15,0.455,0.47,-0.015,2025-26
201566,Russell Westbrook,1610612758,SAC,G,37.0,64,64,1.0,4.77,9.13,0.522,0.474,0.048,2025-26
1630529,Herbert Jones,1610612740,NOP,F,27.0,56,56,1.0,4.36,9.13,0.477,0.477,0.001,2025-26
1631106,Tari Eason,1610612745,HOU,F,25.0,60,60,1.0,4.22,9.08,0.464,0.47,-0.006,2025-26
1642277,Johnny Furphy,1610612754,IND,G,21.0,34,34,1.0,4.71,9.06,0.519,0.465,0.054,2025-26
1642874,Danny Wolf,1610612751,BKN,F,22.0,55,55,1.0,4.02,9.04,0.445,0.471,-0.026,2025-26
1631165,Keon Ellis,1610612739,CLE,G,26.0,72,72,1.0,4.21,9.01,0.467,0.464,0.003,2025-26
1629004,Svi Mykhailiuk,1610612762,UTA,G-F,29.0,50,50,1.0,4.36,9.0,0.484,0.47,0.015,2025-26
1642267,Bub Carrington,1610612764,WAS,G,20.0,82,82,1.0,4.56,9.0,0.507,0.464,0.042,2025-26
1629611,Terance Mann,1610612751,BKN,G-F,29.0,62,62,1.0,4.45,9.0,0.495,0.469,0.026,2025-26
1630543,Isaiah Jackson,1610612746,LAC,F,24.0,55,55,1.0,4.4,9.0,0.489,0.491,-0.002,2025-26
1630224,Jalen Green,1610612756,PHX,G,24.0,32,32,1.0,3.81,8.97,0.425,0.458,-0.033,2025-26
1641989,Elijah Harkless,1610612762,UTA,G,26.0,24,24,1.0,4.75,8.96,0.53,0.475,0.055,2025-26
203924,Jerami Grant,1610612757,POR,F,32.0,57,57,1.0,4.21,8.96,0.47,0.47,-0.001,2025-26
1630180,Saddiq Bey,1610612740,NOP,G-F,27.0,72,72,1.0,4.32,8.94,0.483,0.475,0.007,2025-26
1631246,Vince Williams Jr.,1610612762,UTA,G,25.0,40,40,1.0,3.9,8.93,0.437,0.469,-0.032,2025-26
1629014,Anfernee Simons,1610612741,CHI,G,27.0,55,55,1.0,4.16,8.89,0.468,0.456,0.012,2025-26
1629660,Ty Jerome,1610612763,MEM,G-F,28.0,15,15,1.0,4.33,8.87,0.489,0.481,0.008,2025-26
203992,Bogdan Bogdanović,1610612746,LAC,G,33.0,22,22,1.0,4.41,8.86,0.497,0.463,0.034,2025-26
1642262,Cody Williams,1610612762,UTA,F,21.0,64,64,1.0,4.5,8.84,0.509,0.464,0.045,2025-26
201599,DeAndre Jordan,1610612740,NOP,C,37.0,12,12,1.0,3.5,8.83,0.396,0.489,-0.093,2025-26
1630314,Brandon Williams,1610612742,DAL,G,26.0,66,66,1.0,4.33,8.82,0.491,0.455,0.037,2025-26
1629001,De'Anthony Melton,1610612744,GSW,G,28.0,49,49,1.0,4.69,8.82,0.532,0.469,0.063,2025-26
1630610,DeJon Jarreau,1610612763,MEM,G,28.0,10,10,1.0,4.3,8.8,0.489,0.468,0.021,2025-26
203114,Khris Middleton,1610612742,DAL,F,34.0,63,63,1.0,4.08,8.79,0.464,0.474,-0.01,2025-26
1629673,Jordan Poole,1610612740,NOP,G,27.0,39,39,1.0,4.13,8.79,0.469,0.457,0.013,2025-26
1630703,Scoot Henderson,1610612757,POR,G,22.0,30,30,1.0,4.43,8.77,0.506,0.472,0.034,2025-26
1628369,Jayson Tatum,1610612738,BOS,F-G,28.0,16,16,1.0,3.5,8.75,0.4,0.472,-0.072,2025-26
1626156,D'Angelo Russell,1610612764,WAS,G,30.0,26,26,1.0,4.0,8.73,0.458,0.458,0.0,2025-26
1641716,Jarace Walker,1610612754,IND,F,22.0,76,76,1.0,4.3,8.71,0.494,0.468,0.025,2025-26
1629012,Collin Sexton,1610612741,CHI,G,27.0,67,67,1.0,3.78,8.7,0.434,0.457,-0.023,2025-26
1629632,Coby White,1610612766,CHA,G,26.0,50,50,1.0,4.0,8.7,0.46,0.456,0.004,2025-26
1630568,Luka Garza,1610612738,BOS,C,27.0,67,67,1.0,4.27,8.69,0.491,0.482,0.009,2025-26
203939,Dwight Powell,1610612742,DAL,F-C,34.0,57,57,1.0,4.42,8.68,0.509,0.493,0.016,2025-26
1642857,Kasparas Jakučionis,1610612748,MIA,G,20.0,50,50,1.0,4.1,8.68,0.472,0.463,0.009,2025-26
1631159,Leonard Miller,1610612741,CHI,F,22.0,36,36,1.0,4.06,8.67,0.468,0.465,0.003,2025-26
1630245,Ayo Dosunmu,1610612750,MIN,G,26.0,69,69,1.0,3.74,8.67,0.431,0.461,-0.029,2025-26
203471,Dennis Schröder,1610612739,CLE,G,32.0,70,70,1.0,4.11,8.63,0.477,0.463,0.014,2025-26
203084,Harrison Barnes,1610612759,SAS,F,34.0,77,77,1.0,3.96,8.62,0.459,0.472,-0.012,2025-26
1626181,Norman Powell,1610612748,MIA,G,33.0,57,57,1.0,4.46,8.6,0.518,0.464,0.054,2025-26
1631245,Quenton Jackson,1610612754,IND,G,27.0,46,46,1.0,4.11,8.59,0.478,0.459,0.02,2025-26
1641774,Tristan Vukcevic,1610612764,WAS,F,23.0,48,48,1.0,4.44,8.58,0.517,0.487,0.03,2025-26
1641854,Craig Porter Jr.,1610612739,CLE,G,26.0,63,63,1.0,3.97,8.52,0.466,0.462,0.003,2025-26
1629013,Landry Shamet,1610612752,NYK,G,29.0,49,49,1.0,4.06,8.51,0.477,0.457,0.02,2025-26
1629684,Grant Williams,1610612766,CHA,F,27.0,36,36,1.0,3.22,8.5,0.379,0.466,-0.087,2025-26
1642266,Ja'Kobe Walter,1610612761,TOR,G,21.0,71,71,1.0,3.92,8.49,0.461,0.462,-0.001,2025-26
1642285,Cam Spencer,1610612763,MEM,G,26.0,72,72,1.0,4.35,8.49,0.512,0.464,0.048,2025-26
1630249,Vít Krejčí,1610612757,POR,G,26.0,65,65,1.0,4.29,8.45,0.508,0.457,0.052,2025-26
1629637,Jaxson Hayes,1610612747,LAL,C-F,26.0,66,66,1.0,3.88,8.42,0.46,0.482,-0.021,2025-26
1642848,Tre Johnson,1610612764,WAS,G,20.0,59,59,1.0,4.12,8.42,0.489,0.459,0.03,2025-26
1628380,Zach Collins,1610612741,CHI,F-C,28.0,10,10,1.0,3.7,8.4,0.44,0.486,-0.046,2025-26
1641707,Taylor Hendricks,1610612763,MEM,F,22.0,56,56,1.0,4.29,8.39,0.511,0.477,0.034,2025-26
1630208,Nick Richards,1610612741,CHI,C,28.0,47,47,1.0,4.68,8.38,0.558,0.496,0.062,2025-26
1641790,PJ Hall,1610612766,CHA,C,24.0,16,16,1.0,3.94,8.38,0.47,0.478,-0.008,2025-26
1642849,Nolan Traore,1610612751,BKN,G,20.0,54,54,1.0,4.13,8.35,0.494,0.466,0.029,2025-26
1630172,Patrick Williams,1610612741,CHI,F,24.0,71,71,1.0,3.97,8.32,0.477,0.472,0.005,2025-26
1630679,Ethan Thompson,1610612754,IND,G,27.0,29,29,1.0,3.76,8.28,0.454,0.445,0.009,2025-26
1642349,Ajay Mitchell,1610612760,OKC,G,24.0,57,57,1.0,3.39,8.26,0.41,0.459,-0.049,2025-26
1631250,Pete Nance,1610612749,MIL,F,26.0,39,39,1.0,3.82,8.26,0.463,0.465,-0.002,2025-26
1630228,Jonathan Kuminga,1610612737,ATL,F,23.0,36,36,1.0,3.86,8.22,0.47,0.467,0.003,2025-26
1641737,Adem Bona,1610612755,PHI,F,23.0,70,70,1.0,3.93,8.21,0.478,0.488,-0.01,2025-26
1641731,Bilal Coulibaly,1610612764,WAS,G,21.0,56,56,1.0,3.95,8.2,0.481,0.477,0.004,2025-26
1631114,Jalen Williams,1610612760,OKC,G-F,25.0,33,33,1.0,3.76,8.15,0.461,0.469,-0.008,2025-26
1642461,Spencer Jones,1610612743,DEN,F,25.0,62,62,1.0,3.74,8.15,0.459,0.47,-0.01,2025-26
1642879,Ben Saraf,1610612751,BKN,G,20.0,43,43,1.0,4.26,8.14,0.523,0.464,0.059,2025-26
1628366,Lonzo Ball,1610612739,CLE,G,28.0,35,35,1.0,3.43,8.14,0.421,0.462,-0.041,2025-26
1642954,Will Richard,1610612744,GSW,G,23.0,67,67,1.0,4.1,8.13,0.505,0.458,0.046,2025-26
1631172,Ousmane Dieng,1610612749,MIL,F,23.0,57,57,1.0,3.6,8.0,0.45,0.457,-0.007,2025-26
1626172,Kevon Looney,1610612740,NOP,F,30.0,21,21,1.0,4.05,8.0,0.506,0.488,0.018,2025-26
1631223,David Roddy,1610612743,DEN,F,25.0,4,4,1.0,2.5,8.0,0.313,0.452,-0.139,2025-26
1642504,Cormac Ryan,1610612749,MIL,G,27.0,11,11,1.0,3.64,8.0,0.455,0.433,0.021,2025-26
1630163,LaMelo Ball,1610612766,CHA,G,24.0,72,72,1.0,3.94,7.99,0.494,0.457,0.037,2025-26
1630549,Day'Ron Sharpe,1610612751,BKN,C,24.0,62,62,1.0,3.89,7.97,0.488,0.483,0.005,2025-26
1628379,Luke Kennard,1610612747,LAL,G,30.0,77,77,1.0,3.92,7.91,0.496,0.461,0.035,2025-26
1631132,Christian Koloko,1610612737,ATL,C,26.0,27,27,1.0,3.7,7.89,0.469,0.486,-0.017,2025-26
1642914,Javon Small,1610612763,MEM,G,23.0,37,37,1.0,3.59,7.89,0.455,0.455,0.001,2025-26
201567,Kevin Love,1610612762,UTA,F-C,37.0,35,35,1.0,4.2,7.86,0.535,0.489,0.046,2025-26
1627747,Caris LeVert,1610612765,DET,G,31.0,60,60,1.0,3.53,7.85,0.45,0.46,-0.01,2025-26
1630619,Moussa Cisse,1610612742,DAL,C,23.0,36,36,1.0,3.56,7.72,0.46,0.488,-0.028,2025-26
1627752,Taurean Prince,1610612749,MIL,F,32.0,26,26,1.0,4.08,7.69,0.53,0.459,0.071,2025-26
1642967,John Poulakidas,1610612742,DAL,G,23.0,13,13,1.0,3.92,7.69,0.51,0.457,0.053,2025-26
1631169,Josh Minott,1610612751,BKN,F,23.0,47,47,1.0,3.53,7.66,0.461,0.472,-0.01,2025-26
1629048,Goga Bitadze,1610612753,ORL,C-F,26.0,63,63,1.0,3.6,7.63,0.472,0.483,-0.011,2025-26
203937,Kyle Anderson,1610612750,MIN,F-G,32.0,43,43,1.0,3.63,7.63,0.476,0.465,0.01,2025-26
1642860,Will Riley,1610612764,WAS,F,20.0,71,71,1.0,3.73,7.62,0.49,0.463,0.026,2025-26
1642346,Ryan Dunn,1610612756,PHX,F,23.0,69,69,1.0,3.41,7.62,0.447,0.466,-0.019,2025-26
1629646,Charles Bassey,1610612744,GSW,C-F,25.0,10,10,1.0,3.6,7.6,0.474,0.48,-0.006,2025-26
1642382,Branden Carlson,1610612760,OKC,C,27.0,38,38,1.0,3.63,7.58,0.479,0.472,0.007,2025-26
1642269,Devin Carter,1610612758,SAC,G,24.0,37,37,1.0,4.03,7.57,0.532,0.458,0.074,2025-26
1630311,Pat Spencer,1610612744,GSW,G,29.0,60,60,1.0,3.95,7.55,0.523,0.466,0.057,2025-26
1631248,Baylor Scheierman,1610612738,BOS,G,25.0,74,74,1.0,3.38,7.53,0.449,0.464,-0.015,2025-26
1630696,Dru Smith,1610612748,MIA,G,28.0,70,70,1.0,3.27,7.53,0.435,0.459,-0.024,2025-26
1630557,Corey Kispert,1610612737,ATL,F,27.0,58,58,1.0,3.47,7.52,0.461,0.459,0.002,2025-26
1630194,Paul Reed,1610612765,DET,F,27.0,63,63,1.0,3.22,7.51,0.429,0.488,-0.059,2025-26
1629640,Keldon Johnson,1610612759,SAS,F-G,26.0,82,82,1.0,3.32,7.5,0.442,0.474,-0.031,2025-26
1630692,Jordan Goodwin,1610612756,PHX,G,27.0,70,70,1.0,3.6,7.5,0.48,0.466,0.014,2025-26
1642948,Ryan Nembhard,1610612742,DAL,G,23.0,60,60,1.0,3.43,7.48,0.459,0.461,-0.002,2025-26
1642347,Jamal Shead,1610612761,TOR,G,23.0,81,81,1.0,3.59,7.47,0.481,0.459,0.022,2025-26
1630198,Isaiah Joe,1610612760,OKC,G,26.0,71,71,1.0,3.38,7.46,0.453,0.459,-0.006,2025-26
1631255,Karlo Matković,1610612740,NOP,F-C,25.0,61,61,1.0,3.26,7.44,0.438,0.48,-0.042,2025-26
1627741,Buddy Hield,1610612737,ATL,G,33.0,51,51,1.0,3.63,7.43,0.488,0.461,0.027,2025-26
1641775,Jordan Walsh,1610612738,BOS,G,22.0,65,65,1.0,3.26,7.37,0.443,0.466,-0.023,2025-26
1630570,Trendon Watford,1610612755,PHI,G-F,25.0,50,50,1.0,3.64,7.36,0.495,0.462,0.032,2025-26
1630579,Jericho Sims,1610612749,MIL,C,27.0,64,64,1.0,3.33,7.36,0.452,0.472,-0.02,2025-26
1631200,Kris Murray,1610612757,POR,F,25.0,57,57,1.0,3.18,7.33,0.433,0.466,-0.033,2025-26
1642450,Daniss Jenkins,1610612765,DET,G,24.0,69,69,1.0,3.54,7.28,0.486,0.461,0.025,2025-26
1642933,Keshon Gilbert,1610612737,ATL,G,23.0,4,4,1.0,3.5,7.25,0.483,0.451,0.031,2025-26
201144,Mike Conley,1610612750,MIN,G,38.0,53,53,1.0,3.45,7.19,0.48,0.46,0.02,2025-26
1628370,Malik Monk,1610612758,SAC,G,28.0,62,62,1.0,3.47,7.16,0.484,0.456,0.029,2025-26
1642272,Jared McCain,1610612760,OKC,G,22.0,66,66,1.0,3.41,7.15,0.477,0.459,0.018,2025-26
1629234,Drew Eubanks,1610612758,SAC,F-C,29.0,41,41,1.0,3.61,7.15,0.505,0.496,0.009,2025-26
1642275,Tidjane Salaün,1610612766,CHA,F,20.0,34,34,1.0,3.44,7.09,0.485,0.457,0.028,2025-26
1627936,Alex Caruso,1610612760,OKC,G,32.0,56,56,1.0,3.21,7.09,0.453,0.471,-0.018,2025-26
1643052,Chaney Johnson,1610612751,BKN,G-F,24.0,16,16,1.0,3.0,7.06,0.425,0.48,-0.055,2025-26
1630538,Bones Hyland,1610612750,MIN,G,25.0,69,69,1.0,3.42,7.04,0.486,0.457,0.029,2025-26
1641767,Ben Sheppard,1610612754,IND,G,24.0,65,65,1.0,3.38,7.03,0.481,0.46,0.021,2025-26
1642844,Dylan Harper,1610612759,SAS,G,20.0,69,69,1.0,3.07,6.97,0.441,0.455,-0.014,2025-26
1631466,Nate Williams,1610612744,GSW,G,27.0,14,14,1.0,3.57,6.93,0.515,0.479,0.037,2025-26
1642396,Blake Hinson,1610612762,UTA,F,26.0,14,14,1.0,2.93,6.93,0.423,0.446,-0.023,2025-26
1641842,Ronald Holland II,1610612765,DET,F,20.0,78,78,1.0,3.09,6.9,0.448,0.458,-0.01,2025-26
1630526,Jeremiah Robinson-Earl,1610612742,DAL,F,25.0,21,21,1.0,4.14,6.86,0.604,0.462,0.142,2025-26
202685,Jonas Valanciunas,1610612743,DEN,C,34.0,63,63,1.0,3.4,6.86,0.495,0.487,0.008,2025-26
1630560,Cam Thomas,1610612749,MIL,G,24.0,42,42,1.0,3.81,6.86,0.556,0.465,0.091,2025-26
1642920,Kobe Sanders,1610612746,LAC,G,24.0,67,67,1.0,3.21,6.85,0.468,0.46,0.008,2025-26
1628418,Thomas Bryant,1610612739,CLE,C-F,28.0,56,56,1.0,3.75,6.84,0.548,0.491,0.058,2025-26
1630631,Jose Alvarado,1610612752,NYK,G,28.0,68,68,1.0,3.26,6.84,0.477,0.461,0.017,2025-26
1630192,Zeke Nnaji,1610612743,DEN,F-C,25.0,46,46,1.0,2.78,6.83,0.408,0.477,-0.069,2025-26
1631323,Simone Fontecchio,1610612748,MIA,F,30.0,68,68,1.0,3.01,6.78,0.445,0.463,-0.018,2025-26
1631093,Jaden Ivey,1610612741,CHI,G,24.0,37,37,1.0,3.41,6.76,0.504,0.454,0.05,2025-26
1630699,MarJon Beauchamp,1610612755,PHI,F,25.0,12,12,1.0,2.5,6.75,0.37,0.455,-0.084,2025-26
1628964,Mo Bamba,1610612762,UTA,C,28.0,4,4,1.0,3.25,6.75,0.481,0.467,0.015,2025-26
1642354,KJ Simpson,1610612743,DEN,G,23.0,16,16,1.0,2.81,6.69,0.421,0.45,-0.03,2025-26
1628467,Maxi Kleber,1610612747,LAL,F,34.0,40,40,1.0,3.23,6.68,0.483,0.472,0.011,2025-26
1642955,Kadary Richmond,1610612764,WAS,G,24.0,3,3,1.0,2.33,6.67,0.35,0.439,-0.089,2025-26
1627746,Skal Labissiere,1610612764,WAS,F-C,30.0,3,3,1.0,3.33,6.67,0.5,0.448,0.052,2025-26
1630165,Killian Hayes,1610612758,SAC,G,24.0,22,22,1.0,3.23,6.64,0.486,0.448,0.038,2025-26
1641725,Trey Alexander,1610612740,NOP,G,23.0,8,8,1.0,3.0,6.63,0.453,0.492,-0.04,2025-26
1641712,Rayan Rupert,1610612763,MEM,G-F,22.0,58,58,1.0,3.29,6.62,0.497,0.458,0.04,2025-26
1630175,Cole Anthony,1610612749,MIL,G,26.0,33,33,1.0,3.3,6.55,0.505,0.455,0.05,2025-26
1631243,Mouhamed Gueye,1610612737,ATL,F,23.0,75,75,1.0,2.84,6.52,0.436,0.484,-0.049,2025-26
202691,Klay Thompson,1610612742,DAL,G,36.0,69,69,1.0,2.86,6.52,0.438,0.464,-0.027,2025-26
1628975,Jevon Carter,1610612753,ORL,G,30.0,49,49,1.0,2.96,6.51,0.455,0.453,0.002,2025-26
1643007,Taelon Peter,1610612754,IND,G,24.0,34,34,1.0,3.5,6.5,0.538,0.452,0.086,2025-26
1628997,Caleb Martin,1610612742,DAL,F,30.0,57,57,1.0,3.0,6.49,0.462,0.469,-0.007,2025-26
1627824,Guerschon Yabusele,1610612741,CHI,F,30.0,66,66,1.0,3.23,6.47,0.499,0.481,0.017,2025-26
1630536,Sharife Cooper,1610612764,WAS,G,25.0,39,39,1.0,3.21,6.46,0.496,0.451,0.045,2025-26
1631288,Jamal Cain,1610612753,ORL,F,27.0,35,35,1.0,2.86,6.37,0.448,0.451,-0.003,2025-26
1630592,Jalen Wilson,1610612751,BKN,F,25.0,51,51,1.0,3.35,6.33,0.529,0.459,0.071,2025-26
1629610,DaQuan Jeffries,1610612758,SAC,G-F,28.0,3,3,1.0,3.0,6.33,0.474,0.447,0.026,2025-26
1630534,Ochai Agbaji,1610612751,BKN,G,26.0,60,60,1.0,2.9,6.3,0.46,0.459,0.001,2025-26
1642949,Yanic Konan Niederhäuser,1610612746,LAC,C,23.0,34,34,1.0,3.12,6.29,0.495,0.486,0.01,2025-26
1629618,Jalen Pickett,1610612743,DEN,G,26.0,42,42,1.0,2.64,6.29,0.42,0.46,-0.04,2025-26
1629018,Gary Trent Jr.,1610612749,MIL,G,27.0,58,58,1.0,3.22,6.28,0.514,0.457,0.056,2025-26
1642864,Hugo González,1610612738,BOS,G,20.0,70,70,1.0,2.69,6.27,0.428,0.464,-0.035,2025-26
1631126,Caleb Love,1610612757,POR,G,24.0,45,45,1.0,3.04,6.27,0.486,0.458,0.027,2025-26
1641772,Nae'Qwan Tomlin,1610612739,CLE,F,25.0,61,61,1.0,2.9,6.26,0.463,0.465,-0.001,2025-26
1630209,Omer Yurtseven,1610612744,GSW,C,28.0,8,8,1.0,3.38,6.25,0.54,0.505,0.035,2025-26
1630164,James Wiseman,1610612754,IND,C,25.0,4,4,1.0,3.25,6.25,0.52,0.499,0.021,2025-26
1642869,Noah Penda,1610612753,ORL,G-F,21.0,56,56,1.0,3.02,6.23,0.484,0.47,0.015,2025-26
1627827,Dorian Finney-Smith,1610612745,HOU,F,33.0,37,37,1.0,3.08,6.19,0.498,0.467,0.03,2025-26
1629216,Gabe Vincent,1610612737,ATL,G,30.0,53,53,1.0,3.0,6.19,0.485,0.453,0.032,2025-26
1642962,Drake Powell,1610612751,BKN,G-F,20.0,61,61,1.0,2.92,6.18,0.472,0.47,0.002,2025-26
203078,Bradley Beal,1610612746,LAC,G,33.0,6,6,1.0,3.17,6.17,0.514,0.462,0.052,2025-26
1629750,Javonte Green,1610612765,DET,G,32.0,81,81,1.0,2.88,6.17,0.466,0.471,-0.005,2025-26
203991,Clint Capela,1610612745,HOU,C,32.0,74,74,1.0,2.45,6.15,0.398,0.486,-0.089,2025-26
1628449,Chris Boucher,1610612738,BOS,F,33.0,8,8,1.0,2.5,6.13,0.408,0.484,-0.076,2025-26
201587,Nicolas Batum,1610612746,LAC,G-F,37.0,71,71,1.0,3.04,6.1,0.499,0.469,0.03,2025-26
1631321,Sidy Cissoko,1610612757,POR,G,22.0,70,70,1.0,3.0,6.1,0.492,0.468,0.024,2025-26
1641738,Kobe Brown,1610612754,IND,F,26.0,57,57,1.0,2.96,6.09,0.487,0.467,0.02,2025-26
203903,Jordan Clarkson,1610612752,NYK,G,34.0,69,69,1.0,3.03,6.07,0.499,0.455,0.043,2025-26
1642265,Rob Dillingham,1610612741,CHI,G,21.0,61,61,1.0,3.0,6.07,0.495,0.456,0.039,2025-26
1631213,Tyrese Martin,1610612755,PHI,F,27.0,44,44,1.0,2.68,6.07,0.442,0.461,-0.019,2025-26
1642348,Justin Edwards,1610612755,PHI,F,22.0,55,55,1.0,3.35,6.05,0.553,0.461,0.092,2025-26
1630167,Obi Toppin,1610612754,IND,F,28.0,23,23,1.0,2.61,6.04,0.432,0.474,-0.043,2025-26
203914,Gary Harris,1610612749,MIL,G,31.0,47,47,1.0,2.98,6.04,0.493,0.464,0.029,2025-26
1629006,Josh Okogie,1610612745,HOU,G,27.0,75,75,1.0,2.83,6.03,0.469,0.461,0.008,2025-26
1630621,Hunter Dickinson,1610612740,NOP,C,25.0,5,5,1.0,3.6,6.0,0.6,0.531,0.069,2025-26
1629312,Haywood Highsmith,1610612756,PHX,F,29.0,6,6,1.0,2.17,6.0,0.361,0.448,-0.087,2025-26
1642362,Payton Sandfort,1610612760,OKC,F,23.0,4,4,1.0,4.0,6.0,0.667,0.466,0.201,2025-26
1642260,Nikola Topić,1610612760,OKC,G,20.0,8,8,1.0,3.13,6.0,0.521,0.45,0.071,2025-26
1631205,Buddy Boeheim,1610612760,OKC,F,26.0,2,2,1.0,2.0,6.0,0.333,0.44,-0.106,2025-26
1630623,Tyson Etienne,1610612751,BKN,G,26.0,19,19,1.0,3.0,5.89,0.509,0.44,0.069,2025-26
1629020,Jarred Vanderbilt,1610612747,LAL,F,27.0,63,63,1.0,2.81,5.87,0.478,0.476,0.003,2025-26
1642880,Kam Jones,1610612754,IND,G,24.0,32,32,1.0,3.06,5.84,0.524,0.456,0.068,2025-26
1631218,Trayce Jackson-Davis,1610612761,TOR,F,26.0,47,47,1.0,2.45,5.83,0.42,0.471,-0.051,2025-26
1641722,Jordan Hawkins,1610612740,NOP,G,24.0,50,50,1.0,2.82,5.82,0.485,0.454,0.031,2025-26
203486,Mason Plumlee,1610612759,SAS,F-C,36.0,19,19,1.0,3.26,5.79,0.564,0.504,0.06,2025-26
1642868,Carter Bryant,1610612759,SAS,F,20.0,67,67,1.0,2.51,5.78,0.434,0.455,-0.021,2025-26
203484,Kentavious Caldwell-Pope,1610612763,MEM,G,33.0,50,50,1.0,3.14,5.72,0.549,0.463,0.086,2025-26
1627780,Gary Payton II,1610612744,GSW,G,33.0,71,71,1.0,2.7,5.68,0.476,0.475,0.002,2025-26
1642910,John Tonje,1610612738,BOS,G,25.0,3,3,1.0,3.0,5.67,0.529,0.458,0.072,2025-26
1630846,Olivier Sarr,1610612739,CLE,C,27.0,3,3,1.0,3.33,5.67,0.588,0.479,0.109,2025-26
1626204,Larry Nance Jr.,1610612739,CLE,F-C,33.0,32,32,1.0,2.81,5.63,0.5,0.475,0.025,2025-26
1630702,Jaden Hardy,1610612764,WAS,G,23.0,51,51,1.0,2.73,5.63,0.484,0.46,0.025,2025-26
1641711,Gradey Dick,1610612761,TOR,G-F,22.0,69,69,1.0,2.7,5.61,0.481,0.453,0.027,2025-26
1630604,E.J. Liddell,1610612751,BKN,F,25.0,23,23,1.0,2.91,5.61,0.519,0.476,0.043,2025-26
1642911,Rocco Zikarsky,1610612750,MIN,C,19.0,5,5,1.0,2.6,5.6,0.464,0.476,-0.012,2025-26
1626166,Cameron Payne,1610612755,PHI,G,31.0,20,20,1.0,2.7,5.6,0.482,0.462,0.02,2025-26
1628420,Monte Morris,1610612754,IND,G,31.0,5,5,1.0,2.2,5.6,0.393,0.451,-0.058,2025-26
1642854,Asa Newell,1610612737,ATL,F,20.0,39,39,1.0,2.62,5.59,0.468,0.477,-0.009,2025-26
1631124,Julian Strawther,1610612743,DEN,G,24.0,51,51,1.0,2.88,5.59,0.516,0.459,0.057,2025-26
1642530,Yuki Kawamura,1610612741,CHI,G,25.0,16,16,1.0,2.63,5.56,0.472,0.46,0.012,2025-26
204456,T.J. McConnell,1610612754,IND,G,34.0,56,56,1.0,2.75,5.54,0.497,0.464,0.033,2025-26
1642866,Joan Beringer,1610612750,MIN,F,19.0,37,37,1.0,2.62,5.51,0.475,0.485,-0.009,2025-26
203926,Doug McDermott,1610612758,SAC,F,34.0,28,28,1.0,2.21,5.5,0.403,0.446,-0.043,2025-26
1631207,Dalen Terry,1610612755,PHI,F,23.0,41,41,1.0,2.56,5.49,0.467,0.457,0.009,2025-26
203482,Kelly Olynyk,1610612759,SAS,F-C,35.0,40,40,1.0,2.43,5.45,0.445,0.471,-0.026,2025-26
1628396,Tony Bradley,1610612737,ATL,C-F,28.0,34,34,1.0,2.53,5.44,0.465,0.485,-0.02,2025-26
1630644,Mac McClung,1610612741,CHI,G,27.0,9,9,1.0,2.89,5.44,0.531,0.464,0.066,2025-26
1631123,Jamaree Bouyea,1610612756,PHX,G,27.0,41,41,1.0,2.41,5.44,0.444,0.464,-0.02,2025-26
1630544,Tre Mann,1610612766,CHA,G,25.0,47,47,1.0,3.15,5.4,0.583,0.464,0.119,2025-26
1628988,Aaron Holiday,1610612745,HOU,G,29.0,52,52,1.0,2.29,5.4,0.423,0.454,-0.031,2025-26
1631110,Jeremy Sochan,1610612752,NYK,F,23.0,37,37,1.0,2.73,5.38,0.508,0.468,0.04,2025-26
1641715,Cam Whitmore,1610612764,WAS,F,21.0,21,21,1.0,2.62,5.38,0.487,0.469,0.018,2025-26
1643018,LJ Cryer,1610612744,GSW,G,24.0,16,16,1.0,2.81,5.38,0.523,0.467,0.056,2025-26
1629021,Moritz Wagner,1610612753,ORL,F-C,29.0,35,35,1.0,2.89,5.37,0.537,0.491,0.046,2025-26
1641740,Jaylen Clark,1610612750,MIN,G,24.0,64,64,1.0,2.31,5.34,0.433,0.464,-0.032,2025-26
1642863,Khaman Maluach,1610612756,PHX,C,19.0,43,43,1.0,2.33,5.28,0.441,0.498,-0.057,2025-26
1641747,DaRon Holmes II,1610612743,DEN,F,23.0,22,22,1.0,2.41,5.27,0.457,0.485,-0.028,2025-26
1629026,Kenrich Williams,1610612760,OKC,G-F,31.0,54,54,1.0,2.76,5.26,0.525,0.467,0.058,2025-26
1628998,Cody Martin,1610612754,IND,F,30.0,4,4,1.0,1.75,5.25,0.333,0.456,-0.123,2025-26
1641761,Grant Nelson,1610612751,BKN,F,24.0,4,4,1.0,1.75,5.25,0.333,0.462,-0.128,2025-26
1629726,Garrison Mathews,1610612754,IND,G,29.0,14,14,1.0,2.5,5.21,0.479,0.452,0.027,2025-26
201959,Taj Gibson,1610612763,MEM,F,41.0,10,10,1.0,2.4,5.1,0.471,0.49,-0.019,2025-26
1629680,Matisse Thybulle,1610612757,POR,G-F,29.0,29,29,1.0,2.0,5.1,0.392,0.463,-0.071,2025-26
1631166,Drew Timme,1610612747,LAL,F,25.0,23,23,1.0,2.48,5.09,0.487,0.474,0.013,2025-26
1642877,Micah Peavy,1610612740,NOP,G-F,24.0,57,57,1.0,2.32,5.07,0.457,0.469,-0.012,2025-26
101108,Chris Paul,1610612746,LAC,G,41.0,16,16,1.0,2.63,5.06,0.519,0.448,0.071,2025-26
1641803,Tristen Newton,1610612745,HOU,G,25.0,1,1,1.0,5.0,5.0,1.0,0.386,0.614,2025-26
1642278,Tyler Kolek,1610612752,NYK,G,25.0,52,52,1.0,2.29,5.0,0.458,0.446,0.011,2025-26
1641815,Isaiah Stevens,1610612758,SAC,G,25.0,2,2,1.0,4.5,5.0,0.9,0.444,0.457,2025-26
1642502,Malevy Leons,1610612744,GSW,F,26.0,24,24,1.0,2.58,4.96,0.521,0.472,0.049,2025-26
1641733,Nick Smith Jr.,1610612747,LAL,G,22.0,27,27,1.0,2.48,4.96,0.5,0.457,0.043,2025-26
1642905,Yang Hansen,1610612757,POR,C,21.0,42,42,1.0,2.31,4.93,0.469,0.49,-0.021,2025-26
1630182,Josh Green,1610612766,CHA,G,25.0,56,56,1.0,1.93,4.89,0.394,0.457,-0.063,2025-26
1626145,Tyus Jones,1610612743,DEN,G,30.0,65,65,1.0,2.63,4.89,0.538,0.453,0.084,2025-26
1630811,Keaton Wallace,1610612737,ATL,G,27.0,44,44,1.0,2.34,4.86,0.481,0.451,0.03,2025-26
1630574,Ariel Hukporti,1610612752,NYK,C,24.0,50,50,1.0,1.86,4.86,0.383,0.476,-0.094,2025-26
1642853,Rasheer Fleming,1610612756,PHX,F,21.0,48,48,1.0,2.0,4.85,0.412,0.455,-0.043,2025-26
1641871,Duop Reath,1610612757,POR,C,30.0,28,28,1.0,1.96,4.82,0.407,0.477,-0.069,2025-26
203967,Dario Saric,1610612758,SAC,F-C,32.0,5,5,1.0,2.6,4.8,0.542,0.458,0.084,2025-26
1631111,Wendell Moore Jr.,1610612765,DET,G,24.0,5,5,1.0,1.6,4.8,0.333,0.459,-0.126,2025-26
1642484,RayJ Dennis,1610612737,ATL,G,25.0,14,14,1.0,2.64,4.79,0.552,0.458,0.094,2025-26
1642950,Lachlan Olbrich,1610612741,CHI,C,22.0,29,29,1.0,2.28,4.59,0.496,0.478,0.018,2025-26
203552,Seth Curry,1610612744,GSW,G,35.0,9,9,1.0,2.67,4.56,0.585,0.46,0.126,2025-26
1631133,Jabari Walker,1610612755,PHI,F,23.0,61,61,1.0,2.18,4.54,0.48,0.477,0.003,2025-26
1642352,Keshad Johnson,1610612748,MIA,F,25.0,23,23,1.0,1.96,4.52,0.433,0.47,-0.038,2025-26
1641890,Tyler Smith,1610612742,DAL,F,21.0,12,12,1.0,2.25,4.5,0.5,0.468,0.032,2025-26
1631204,Marcus Sasser,1610612765,DET,G,25.0,33,33,1.0,1.82,4.45,0.408,0.454,-0.046,2025-26
1641780,Johni Broome,1610612755,PHI,F,23.0,7,7,1.0,2.43,4.43,0.548,0.482,0.066,2025-26
1642261,Dalton Knecht,1610612747,LAL,F,25.0,45,45,1.0,2.11,4.4,0.48,0.464,0.016,2025-26
1642918,Alijah Martin,1610612761,TOR,G,24.0,14,14,1.0,1.86,4.36,0.426,0.445,-0.018,2025-26
1642449,Tolu Smith,1610612765,DET,F,25.0,12,12,1.0,2.08,4.33,0.481,0.487,-0.006,2025-26
1642873,Amari Williams,1610612738,BOS,F-C,24.0,15,15,1.0,1.6,4.27,0.375,0.483,-0.108,2025-26
1641755,Kevin McCullar Jr.,1610612752,NYK,G,25.0,15,15,1.0,2.07,4.27,0.484,0.452,0.032,2025-26
1631115,Orlando Robinson,1610612753,ORL,C,25.0,4,4,1.0,3.25,4.25,0.765,0.471,0.293,2025-26
1630625,Dalano Banton,1610612738,BOS,F,26.0,4,4,1.0,0.75,4.25,0.176,0.451,-0.274,2025-26
1642939,Miles Kelly,1610612742,DAL,G,23.0,9,9,1.0,2.44,4.22,0.579,0.456,0.123,2025-26
1642862,Liam McNeeley,1610612766,CHA,F,20.0,29,29,1.0,2.1,4.21,0.5,0.46,0.04,2025-26
1641724,Jett Howard,1610612753,ORL,G,22.0,51,51,1.0,2.04,4.18,0.488,0.46,0.028,2025-26
1630545,Terrence Shannon Jr,1610612750,MIN,G-F,25.0,41,41,1.0,2.07,4.15,0.5,0.467,0.033,2025-26
1642878,Tyrese Proctor,1610612739,CLE,G,22.0,44,44,1.0,1.84,4.14,0.445,0.453,-0.008,2025-26
1642066,Myron Gardner,1610612748,MIA,F,25.0,38,38,1.0,1.84,4.13,0.446,0.466,-0.02,2025-26
1630256,Jae'Sean Tate,1610612745,HOU,F,30.0,39,39,1.0,1.92,4.1,0.469,0.462,0.007,2025-26
1642353,Cam Christie,1610612746,LAC,G,20.0,48,48,1.0,1.81,4.1,0.442,0.454,-0.012,2025-26
1642964,Brooks Barnhizer,1610612760,OKC,G,24.0,35,35,1.0,2.03,4.06,0.5,0.459,0.041,2025-26
1642402,Enrique Freeman,1610612750,MIN,F,25.0,4,4,1.0,1.75,4.0,0.438,0.385,0.052,2025-26
1631116,Patrick Baldwin Jr.,1610612758,SAC,F,23.0,8,8,1.0,1.75,4.0,0.438,0.451,-0.013,2025-26
1628365,Markelle Fultz,1610612761,TOR,G,28.0,4,4,1.0,2.0,4.0,0.5,0.44,0.06,2025-26
1630587,Isaiah Livers,1610612756,PHX,F,27.0,33,33,1.0,1.88,4.0,0.47,0.46,0.01,2025-26
1642358,AJ Johnson,1610612742,DAL,G,21.0,40,40,1.0,1.9,3.95,0.481,0.449,0.032,2025-26
1626192,Pat Connaughton,1610612766,CHA,G,33.0,32,32,1.0,1.63,3.94,0.413,0.465,-0.053,2025-26
1630214,Xavier Tillman,1610612766,CHA,F,27.0,26,26,1.0,1.85,3.92,0.471,0.473,-0.002,2025-26
1641748,Andre Jackson Jr.,1610612749,MIL,G,24.0,40,40,1.0,1.78,3.88,0.458,0.46,-0.002,2025-26
1642357,David Jones Garcia,1610612759,SAS,G,24.0,8,8,1.0,1.75,3.88,0.452,0.435,0.017,2025-26
1628371,Jonathan Isaac,1610612753,ORL,F,28.0,45,45,1.0,1.58,3.87,0.408,0.476,-0.068,2025-26
201569,Eric Gordon,1610612755,PHI,G,37.0,6,6,1.0,1.33,3.83,0.348,0.43,-0.082,2025-26
1631120,JD Davison,1610612745,HOU,G,23.0,23,23,1.0,1.57,3.83,0.409,0.45,-0.041,2025-26
1642355,Bronny James,1610612747,LAL,G,21.0,36,36,1.0,2.08,3.83,0.543,0.469,0.074,2025-26
1631103,Malaki Branham,1610612764,WAS,F,23.0,25,25,1.0,1.72,3.8,0.453,0.462,-0.009,2025-26
1642859,Jase Richardson,1610612753,ORL,G,20.0,45,45,1.0,1.89,3.8,0.497,0.458,0.039,2025-26
1642938,Curtis Jones,1610612743,DEN,G,24.0,9,9,1.0,1.44,3.78,0.382,0.453,-0.071,2025-26
1641763,Julian Phillips,1610612750,MIN,F,22.0,37,37,1.0,1.65,3.73,0.442,0.446,-0.004,2025-26
201145,Jeff Green,1610612745,HOU,F,39.0,23,23,1.0,1.35,3.65,0.369,0.439,-0.07,2025-26
1631199,Ron Harper Jr.,1610612738,BOS,G-F,26.0,23,23,1.0,1.57,3.65,0.429,0.457,-0.028,2025-26
1631104,Blake Wesley,1610612757,POR,G,23.0,26,26,1.0,1.92,3.62,0.532,0.458,0.074,2025-26
1642367,Jonathan Mogbo,1610612761,TOR,F,24.0,31,31,1.0,1.74,3.61,0.482,0.472,0.01,2025-26
1642886,Koby Brea,1610612756,PHX,G,23.0,7,7,1.0,2.0,3.57,0.56,0.453,0.107,2025-26
1642434,Riley Minix,1610612739,CLE,F,25.0,9,9,1.0,1.22,3.56,0.344,0.448,-0.105,2025-26
1629599,Amir Coffey,1610612756,PHX,G-F,29.0,40,40,1.0,1.43,3.55,0.401,0.464,-0.063,2025-26
200768,Kyle Lowry,1610612755,PHI,G,40.0,11,11,1.0,1.64,3.55,0.462,0.454,0.007,2025-26
1642885,Mohamed Diawara,1610612752,NYK,F,21.0,58,58,1.0,1.64,3.53,0.463,0.46,0.003,2025-26
1642400,Tristan Enaruna,1610612739,CLE,F,25.0,8,8,1.0,1.88,3.5,0.536,0.453,0.082,2025-26
1629634,Brandon Clarke,1610612763,MEM,F,29.0,2,2,1.0,1.5,3.5,0.429,0.477,-0.049,2025-26
1642419,Jamison Battle,1610612761,TOR,F,25.0,49,49,1.0,1.67,3.41,0.491,0.456,0.035,2025-26
202687,Bismack Biyombo,1610612759,SAS,C,33.0,22,22,1.0,1.86,3.36,0.554,0.481,0.073,2025-26
1641809,Drew Peterson,1610612766,CHA,F,26.0,6,6,1.0,1.33,3.33,0.4,0.477,-0.077,2025-26
1642384,Isaiah Crawford,1610612745,HOU,F,24.0,7,7,1.0,1.43,3.29,0.435,0.428,0.006,2025-26
1641998,Trey Jemison III,1610612752,NYK,C,26.0,9,9,1.0,1.89,3.22,0.586,0.469,0.117,2025-26
1641723,Kobe Bufkin,1610612747,LAL,G,22.0,12,12,1.0,2.0,3.17,0.632,0.46,0.171,2025-26
1643024,Chris Mañon,1610612747,LAL,G,24.0,7,7,1.0,1.71,3.14,0.545,0.473,0.073,2025-26
1641816,Hunter Tyson,1610612743,DEN,F,26.0,20,20,1.0,1.3,3.1,0.419,0.472,-0.053,2025-26
1642935,Chucky Hepburn,1610612761,TOR,G,23.0,2,2,1.0,2.0,3.0,0.667,0.439,0.228,2025-26
1642282,Hunter Sallis,1610612755,PHI,G,23.0,4,4,1.0,1.25,3.0,0.417,0.457,-0.04,2025-26
1631247,Luke Travers,1610612739,CLE,F,24.0,11,11,1.0,1.45,3.0,0.485,0.471,0.014,2025-26
1641753,Chris Livingston,1610612739,CLE,F,22.0,1,1,1.0,2.0,3.0,0.667,0.451,0.216,2025-26
1631457,Alex Morales,1610612753,ORL,G,28.0,2,2,1.0,2.0,3.0,0.667,0.441,0.226,2025-26
1641752,Bobi Klintman,1610612765,DET,F,23.0,10,10,1.0,1.4,3.0,0.467,0.45,0.017,2025-26
1642959,Chris Youngblood,1610612757,POR,G,24.0,22,22,1.0,1.36,2.95,0.462,0.451,0.01,2025-26
1629162,Jordan McLaughlin,1610612759,SAS,G,30.0,33,33,1.0,1.76,2.91,0.604,0.446,0.158,2025-26
1642876,Adou Thiero,1610612747,LAL,G,22.0,21,21,1.0,1.67,2.9,0.574,0.477,0.097,2025-26
1628502,Nigel Hayes-Davis,1610612756,PHX,F,31.0,18,18,1.0,1.39,2.89,0.481,0.47,0.01,2025-26
204060,Joe Ingles,1610612750,MIN,F-G,38.0,16,16,1.0,1.56,2.81,0.556,0.456,0.1,2025-26
1642884,Vladislav Goldin,1610612748,MIA,C,25.0,5,5,1.0,1.0,2.8,0.357,0.468,-0.111,2025-26
1630639,A.J. Lawson,1610612761,TOR,G,25.0,19,19,1.0,1.26,2.79,0.453,0.453,0.0,2025-26
1630322,Lindy Waters III,1610612759,SAS,F,28.0,34,34,1.0,1.18,2.68,0.44,0.447,-0.007,2025-26
1642368,N'Faly Dante,1610612737,ATL,C,24.0,3,3,1.0,0.33,2.67,0.125,0.455,-0.33,2025-26
1642404,Chaz Lanier,1610612765,DET,G,24.0,21,21,1.0,0.95,2.62,0.364,0.449,-0.086,2025-26
1642359,Pacôme Dadiet,1610612752,NYK,F,20.0,19,19,1.0,1.26,2.58,0.49,0.48,0.009,2025-26
203648,Thanasis Antetokounmpo,1610612749,MIL,F,33.0,21,21,1.0,1.24,2.57,0.481,0.471,0.01,2025-26
1641810,Antonio Reeves,1610612766,CHA,G,25.0,7,7,1.0,1.14,2.43,0.471,0.446,0.025,2025-26
1643141,Jahmyl Telfort,1610612746,LAC,G,25.0,3,3,1.0,0.67,2.33,0.286,0.472,-0.186,2025-26
1642917,Max Shulga,1610612738,BOS,G,24.0,6,6,1.0,0.67,2.33,0.286,0.429,-0.143,2025-26
1641794,Dillon Jones,1610612752,NYK,F,24.0,6,6,1.0,0.83,2.33,0.357,0.38,-0.022,2025-26
1642403,Isaac Jones,1610612765,DET,F,25.0,6,6,1.0,1.0,2.33,0.429,0.439,-0.01,2025-26
1631102,TyTy Washington Jr.,1610612746,LAC,G,24.0,13,13,1.0,1.31,2.31,0.567,0.466,0.101,2025-26
1631451,Javonte Cooke,1610612757,POR,G,26.0,17,17,1.0,1.24,2.24,0.553,0.454,0.099,2025-26
1641801,Emanuel Miller,1610612759,SAS,F,26.0,5,5,1.0,1.4,2.2,0.636,0.45,0.187,2025-26
202066,Garrett Temple,1610612761,TOR,G-F,40.0,13,13,1.0,0.69,2.08,0.333,0.428,-0.095,2025-26
1641813,Mark Sears,1610612749,MIL,G,24.0,5,5,1.0,0.8,2.0,0.4,0.417,-0.017,2025-26
1630548,Johnny Juzang,1610612750,MIN,G,25.0,16,16,1.0,0.81,2.0,0.406,0.442,-0.036,2025-26
1641787,Tosan Evbuomwan,1610612766,CHA,F,25.0,2,2,1.0,0.5,2.0,0.25,0.479,-0.229,2025-26
1642443,Jahmir Young,1610612748,MIA,G,25.0,10,10,1.0,1.0,2.0,0.5,0.427,0.073,2025-26
1643257,Jayson Kent,1610612757,POR,F,24.0,5,5,1.0,1.0,1.8,0.556,0.458,0.098,2025-26
1642951,Sean Pedulla,1610612746,LAC,G,23.0,4,4,1.0,0.75,1.75,0.429,0.445,-0.017,2025-26
1630658,Colin Castleton,1610612753,ORL,C,26.0,4,4,1.0,0.75,1.75,0.429,0.454,-0.025,2025-26
1631216,Caleb Houstan,1610612737,ATL,G,23.0,7,7,1.0,1.0,1.57,0.636,0.459,0.178,2025-26
1630828,Alex Antetokounmpo,1610612749,MIL,F,24.0,4,4,1.0,0.25,1.5,0.167,0.387,-0.22,2025-26
1641807,Norchad Omier,1610612746,LAC,F,24.0,5,5,1.0,0.8,1.4,0.571,0.48,0.091,2025-26
1631127,Harrison Ingram,1610612759,SAS,F,23.0,4,4,1.0,0.75,1.25,0.6,0.397,0.203,2025-26
1642280,Trentyn Flowers,1610612741,CHI,F,21.0,2,2,1.0,0.5,1.0,0.5,0.46,0.041,2025-26
1642468,Darius Brown II,1610612739,CLE,G,26.0,1,1,1.0,1.0,1.0,1.0,0.438,0.562,2025-26
1631210,Jacob Toppin,1610612737,ATL,F,26.0,2,2,1.0,0.0,1.0,0.0,0.437,-0.437,2025-26
1630649,Stanley Umude,1610612759,SAS,G,27.0,1,1,1.0,1.0,1.0,1.0,0.388,0.612,2025-26
1641732,Colby Jones,1610612765,DET,G,24.0,1,1,1.0,1.0,1.0,1.0,0.49,0.51,2025-26
1631211,Trevor Keels,1610612748,MIA,G,22.0,4,4,1.0,0.25,1.0,0.25,0.429,-0.179,2025-26
