SEASON_YEAR,TEAM_ID,TEAM_ABBREVIATION,TEAM_NAME,GAME_ID,GAME_DATE,MATCHUP,WL,MIN,FGM,FGA,FG_PCT,FG3M,FG3A,FG3_PCT,FTM,FTA,FT_PCT,OREB,DREB,REB,AST,TOV,STL,BLK,BLKA,PF,PFD,PTS,PLUS_MINUS,GP_RANK,W_RANK,L_RANK,W_PCT_RANK,MIN_RANK,FGM_RANK,FGA_RANK,FG_PCT_RANK,FG3M_RANK,FG3A_RANK,FG3_PCT_RANK,FTM_RANK,FTA_RANK,FT_PCT_RANK,OREB_RANK,DREB_RANK,REB_RANK,AST_RANK,TOV_RANK,STL_RANK,BLK_RANK,BLKA_RANK,PF_RANK,PFD_RANK,PTS_RANK,PLUS_MINUS_RANK,AVAILABLE_FLAG,game_phase,comparable_name,season,possessions_estimate,net_rating_estimate,game_number,rolling_net_rating
2020-21,1610612751,BKN,Brooklyn Nets,22000001,2020-12-22,BKN vs. GSW,W,48.0,42,92,0.457,15,35,0.429,26,32,0.813,13,44,57,24,20.0,11,7,6,22,24,125,26.0,1,1,1,1,5,39,15,54,28,40,23,7,6,37,5,2,1,46,70,4,14,50,54,9,21,6,1.0,regular,Brooklyn Nets 2020-21,2020-21,113.08,22.992571630703925,1,22.992571630703925
2020-21,1610612751,BKN,Brooklyn Nets,22000007,2020-12-25,BKN @ BOS,W,48.0,41,76,0.539,15,29,0.517,26,31,0.839,9,34,43,21,16.0,5,10,5,22,27,123,28.0,1,1,1,1,5,46,69,18,28,63,4,7,7,29,32,39,42,58,47,50,2,41,54,3,27,4,1.0,regular,Brooklyn Nets 2020-21,2020-21,96.64,28.97350993377483,2,25.983040782239378
2020-21,1610612751,BKN,Brooklyn Nets,22000032,2020-12-27,BKN @ CHA,L,48.0,35,82,0.427,17,47,0.362,17,25,0.68,6,40,46,23,19.0,4,5,3,17,25,104,-2.0,1,49,49,49,5,66,56,64,15,1,47,40,25,65,57,15,29,51,64,58,31,14,17,4,64,50,1.0,regular,Brooklyn Nets 2020-21,2020-21,106.0,-1.8867924528301887,3,16.693096370549522
2020-21,1610612751,BKN,Brooklyn Nets,22000042,2020-12-28,BKN vs. MEM,L,53.0,41,100,0.41,14,42,0.333,15,17,0.882,13,37,50,28,17.0,13,6,4,20,17,111,-5.0,1,49,49,49,2,46,2,67,35,11,53,49,53,12,5,28,14,32,52,1,19,29,45,47,52,55,1.0,regular,Brooklyn Nets 2020-21,2020-21,111.48,-4.485109436670254,4,11.398544918744578
2020-21,1610612751,BKN,Brooklyn Nets,22000057,2020-12-30,BKN vs. ATL,W,48.0,54,100,0.54,19,41,0.463,18,23,0.783,9,31,40,30,9.0,6,3,2,24,19,145,4.0,1,1,1,1,5,2,2,17,7,15,14,33,33,42,32,57,54,19,10,33,57,6,60,34,3,39,1.0,regular,Brooklyn Nets 2020-21,2020-21,110.12,3.632401017072285,5,9.84531613841012
2020-21,1610612751,BKN,Brooklyn Nets,22000072,2021-01-01,BKN vs. ATL,L,48.0,35,86,0.407,7,37,0.189,19,23,0.826,10,35,45,19,15.0,6,6,3,16,20,96,-18.0,1,49,49,49,5,66,40,68,68,30,71,28,33,32,23,35,32,66,40,33,19,14,10,27,71,69,1.0,regular,Brooklyn Nets 2020-21,2020-21,101.12,-17.800632911392405,6,5.2376579634430325
2020-21,1610612751,BKN,Brooklyn Nets,22000086,2021-01-03,BKN vs. WAS,L,48.0,40,81,0.494,14,32,0.438,28,31,0.903,7,44,51,25,20.0,5,9,3,24,22,122,-1.0,1,49,49,49,5,53,59,32,35,49,22,3,7,7,50,2,8,42,70,50,5,14,60,15,29,49,1.0,regular,Brooklyn Nets 2020-21,2020-21,107.64,-0.929022668153103,7,4.356703587500728
2020-21,1610612751,BKN,Brooklyn Nets,22000102,2021-01-05,BKN vs. UTA,W,48.0,52,93,0.559,14,36,0.389,12,16,0.75,8,43,51,31,13.0,11,5,3,22,18,130,34.0,1,1,1,1,5,3,12,12,35,36,41,63,60,53,40,6,8,14,29,4,31,14,54,38,11,2,1.0,regular,Brooklyn Nets 2020-21,2020-21,105.04,32.368621477532365,8,7.858193323754682
2020-21,1610612751,BKN,Brooklyn Nets,22000118,2021-01-07,BKN vs. PHI,W,48.0,44,97,0.454,15,37,0.405,19,29,0.655,11,37,48,30,13.0,11,7,6,17,25,122,13.0,1,1,1,1,5,25,7,56,28,30,33,28,12,68,15,28,23,19,29,4,14,50,17,4,29,15,1.0,regular,Brooklyn Nets 2020-21,2020-21,111.76,11.632068718682891,9,8.27751281208004
2020-21,1610612751,BKN,Brooklyn Nets,22000128,2021-01-08,BKN @ MEM,L,48.0,38,81,0.469,14,31,0.452,20,21,0.952,4,38,42,26,21.0,6,4,6,13,18,110,-5.0,1,49,49,49,5,61,59,53,35,54,19,23,43,3,65,20,46,37,72,33,46,50,5,38,55,55,1.0,regular,Brooklyn Nets 2020-21,2020-21,107.24,-4.662439388287953,10,6.98351759204324
2020-21,1610612751,BKN,Brooklyn Nets,22000143,2021-01-10,BKN vs. OKC,L,48.0,43,85,0.506,10,34,0.294,20,24,0.833,6,37,43,23,17.0,3,2,4,18,22,116,-13.0,1,49,49,49,5,34,44,27,60,45,63,23,29,30,57,28,42,51,52,61,65,29,26,15,39,66,1.0,regular,Brooklyn Nets 2020-21,2020-21,106.56,-12.1996996996997,11,3.4642904590028776
2020-21,1610612751,BKN,Brooklyn Nets,22000158,2021-01-12,BKN vs. DEN,W,48.0,48,79,0.608,16,32,0.5,10,15,0.667,8,33,41,31,19.0,6,6,5,18,18,122,6.0,1,1,1,1,5,12,64,2,22,49,8,68,64,66,40,45,49,14,64,33,19,41,26,38,29,32,1.0,regular,Brooklyn Nets 2020-21,2020-21,96.6,6.211180124223603,12,1.1880574780477544
2020-21,1610612751,BKN,Brooklyn Nets,22000168,2021-01-13,BKN @ NYK,W,48.0,44,91,0.484,16,40,0.4,12,17,0.706,12,34,46,29,6.0,3,5,3,12,16,116,7.0,1,1,1,1,5,25,20,40,22,23,36,63,53,63,12,39,29,28,3,61,31,14,4,51,39,29,1.0,regular,Brooklyn Nets 2020-21,2020-21,92.48,7.569204152249134,13,2.133657138555687
2020-21,1610612751,BKN,Brooklyn Nets,22000190,2021-01-16,BKN vs. ORL,W,48.0,42,78,0.538,16,35,0.457,22,25,0.88,4,37,41,24,19.0,9,5,4,14,19,122,7.0,1,1,1,1,5,39,67,19,22,40,17,15,25,16,65,28,49,46,64,15,31,29,7,34,29,29,1.0,regular,Brooklyn Nets 2020-21,2020-21,104.0,6.730769230769231,14,3.255245005299635
2020-21,1610612751,BKN,Brooklyn Nets,22000209,2021-01-18,BKN vs. MIL,W,48.0,46,84,0.548,15,31,0.484,18,21,0.857,7,42,49,26,17.0,2,5,2,19,15,125,2.0,1,1,1,1,5,20,49,16,28,54,11,33,43,22,50,11,20,37,52,70,31,6,37,56,21,46,1.0,regular,Brooklyn Nets 2020-21,2020-21,103.24,1.9372336303758235,15,3.085728266629989
2020-21,1610612751,BKN,Brooklyn Nets,22000216,2021-01-20,BKN @ CLE,L,58.0,48,106,0.453,15,41,0.366,24,27,0.889,13,39,52,30,16.0,8,11,6,24,21,135,-12.0,1,49,49,49,1,12,1,57,28,15,44,11,17,10,5,18,6,19,47,22,1,50,60,20,6,64,1.0,regular,Brooklyn Nets 2020-21,2020-21,120.88,-9.927200529450696,16,3.8730715048241597
2020-21,1610612751,BKN,Brooklyn Nets,22000232,2021-01-22,BKN @ CLE,L,48.0,42,87,0.483,14,43,0.326,15,17,0.882,6,23,29,23,11.0,5,8,3,25,18,113,-12.0,1,49,49,49,5,39,35,42,35,8,56,49,53,12,57,72,72,51,17,50,8,14,66,38,46,64,1.0,regular,Brooklyn Nets 2020-21,2020-21,99.48,-12.0627261761158,17,2.7597011540278897
2020-21,1610612751,BKN,Brooklyn Nets,22000244,2021-01-23,BKN vs. MIA,W,48.0,44,83,0.53,19,37,0.514,21,26,0.808,9,38,47,34,17.0,0,6,1,26,23,128,4.0,1,1,1,1,5,25,52,23,7,30,6,20,21,38,32,20,25,7,52,72,19,1,70,12,15,39,1.0,regular,Brooklyn Nets 2020-21,2020-21,102.44,3.904724716907458,18,-0.08668852203460058
2020-21,1610612751,BKN,Brooklyn Nets,22000260,2021-01-25,BKN vs. MIA,W,48.0,34,85,0.4,11,38,0.289,19,22,0.864,6,43,49,24,9.0,6,5,7,18,21,98,13.0,1,1,1,1,5,71,44,70,54,28,65,28,37,21,57,6,20,46,10,33,31,61,26,20,69,15,1.0,regular,Brooklyn Nets 2020-21,2020-21,97.68,13.308763308763307,19,0.08098093697344097
2020-21,1610612751,BKN,Brooklyn Nets,22000274,2021-01-27,BKN @ ATL,W,53.0,52,98,0.531,11,32,0.344,17,20,0.85,11,25,36,29,11.0,7,10,7,25,18,132,4.0,1,1,1,1,2,3,6,22,54,49,50,40,45,27,15,70,64,28,17,29,2,61,66,38,9,39,1.0,regular,Brooklyn Nets 2020-21,2020-21,106.8,3.7453183520599254,20,0.9217567110082289
2020-21,1610612751,BKN,Brooklyn Nets,22000295,2021-01-29,BKN @ OKC,W,48.0,57,100,0.57,19,45,0.422,14,16,0.875,10,40,50,33,11.0,7,4,4,25,12,147,22.0,1,1,1,1,5,1,2,8,7,3,26,55,60,18,23,15,14,9,17,29,46,29,66,69,1,7,1.0,regular,Brooklyn Nets 2020-21,2020-21,108.04,20.36282858200666,21,4.1780095391788645
2020-21,1610612751,BKN,Brooklyn Nets,22000310,2021-01-31,BKN @ WAS,L,48.0,50,88,0.568,19,36,0.528,27,33,0.818,7,38,45,33,17.0,6,5,2,24,22,146,-3.0,1,49,49,49,5,7,32,10,7,36,3,4,4,33,50,20,32,9,52,33,31,6,60,15,2,52,1.0,regular,Brooklyn Nets 2020-21,2020-21,112.52,-2.6661926768574475,22,3.29027225907076
2020-21,1610612751,BKN,Brooklyn Nets,22000324,2021-02-02,BKN vs. LAC,W,48.0,45,79,0.57,13,31,0.419,21,26,0.808,6,38,44,25,17.0,6,4,5,17,18,124,4.0,1,1,1,1,5,23,64,9,43,54,27,20,21,38,57,20,39,42,52,33,46,41,17,38,24,39,1.0,regular,Brooklyn Nets 2020-21,2020-21,101.44,3.943217665615142,23,2.9276736104073606
2020-21,1610612751,BKN,Brooklyn Nets,22000345,2021-02-05,BKN vs. TOR,L,48.0,39,80,0.488,17,42,0.405,22,29,0.759,8,32,40,29,18.0,5,6,6,19,25,117,-6.0,1,49,49,49,5,57,61,37,15,11,34,15,12,52,40,55,54,28,61,50,19,50,37,4,36,57,1.0,regular,Brooklyn Nets 2020-21,2020-21,102.76,-5.838847800700661,24,1.6707119072603713
2020-21,1610612751,BKN,Brooklyn Nets,22000354,2021-02-06,BKN @ PHI,L,48.0,39,88,0.443,15,41,0.366,15,17,0.882,8,26,34,21,17.0,6,3,4,18,15,108,-16.0,1,49,49,49,5,57,32,58,28,15,44,49,53,12,40,67,70,58,52,33,57,29,26,56,60,67,1.0,regular,Brooklyn Nets 2020-21,2020-21,104.48,-15.313935681470136,25,-0.054405023924224416
2020-21,1610612751,BKN,Brooklyn Nets,22000375,2021-02-09,BKN @ DET,L,48.0,43,86,0.5,11,30,0.367,14,16,0.875,8,26,34,30,15.0,8,6,6,22,16,111,-11.0,1,49,49,49,5,34,40,29,54,59,43,55,60,18,40,67,70,19,40,22,19,50,54,51,52,62,1.0,regular,Brooklyn Nets 2020-21,2020-21,100.04,-10.995601759296282,26,-0.161245146908783
2020-21,1610612751,BKN,Brooklyn Nets,22000383,2021-02-10,BKN vs. IND,W,48.0,32,76,0.421,9,31,0.29,31,35,0.886,9,37,46,20,13.0,2,5,5,20,21,104,10.0,1,1,1,1,5,72,69,65,64,54,64,1,2,11,32,28,29,64,29,70,31,41,45,20,64,24,1.0,regular,Brooklyn Nets 2020-21,2020-21,95.4,10.482180293501047,27,2.0932455000529018
2020-21,1610612751,BKN,Brooklyn Nets,22000409,2021-02-13,BKN @ GSW,W,48.0,50,93,0.538,16,39,0.41,18,20,0.9,8,37,45,35,13.0,9,5,6,15,15,134,17.0,1,1,1,1,5,7,12,20,22,26,32,33,45,8,40,28,32,2,29,15,31,50,9,56,7,10,1.0,regular,Brooklyn Nets 2020-21,2020-21,106.8,15.917602996254681,28,3.2945333279876237
2020-21,1610612751,BKN,Brooklyn Nets,22000426,2021-02-15,BKN @ SAC,W,48.0,51,89,0.573,27,47,0.574,7,12,0.583,9,26,35,31,15.0,7,4,6,16,13,136,11.0,1,1,1,1,5,5,27,7,1,1,1,70,70,72,32,67,65,14,40,29,46,50,10,65,5,21,1.0,regular,Brooklyn Nets 2020-21,2020-21,100.28,10.969285999202235,29,3.060585597031517
2020-21,1610612751,BKN,Brooklyn Nets,22000433,2021-02-16,BKN @ PHX,W,48.0,47,82,0.573,20,40,0.5,14,15,0.933,4,33,37,28,10.0,4,4,3,11,15,128,4.0,1,1,1,1,5,15,56,6,3,23,8,55,64,5,65,45,61,32,13,58,46,14,2,56,15,39,1.0,regular,Brooklyn Nets 2020-21,2020-21,94.6,4.2283298097251585,30,3.1088867427980404
2020-21,1610612751,BKN,Brooklyn Nets,22000446,2021-02-18,BKN @ LAL,W,48.0,38,77,0.494,18,39,0.462,15,24,0.625,8,31,39,23,14.0,9,3,4,18,16,109,11.0,1,1,1,1,5,61,68,33,13,26,16,49,29,69,40,57,57,51,38,15,57,29,26,51,56,21,1.0,regular,Brooklyn Nets 2020-21,2020-21,93.56,11.75716117999145,31,2.248320002596519
2020-21,1610612751,BKN,Brooklyn Nets,22000472,2021-02-21,BKN @ LAC,W,48.0,44,92,0.478,11,38,0.289,13,19,0.684,9,31,40,21,6.0,10,4,4,19,17,112,4.0,1,1,1,1,5,25,15,45,54,28,65,60,47,64,32,57,54,58,3,9,46,29,37,47,50,39,1.0,regular,Brooklyn Nets 2020-21,2020-21,97.36,4.108463434675431,32,2.925785613749807
2020-21,1610612751,BKN,Brooklyn Nets,22000482,2021-02-23,BKN vs. SAC,W,48.0,44,89,0.494,17,40,0.425,22,31,0.71,10,31,41,30,8.0,8,5,7,16,17,127,9.0,1,1,1,1,5,25,27,30,15,23,25,15,7,61,23,57,49,19,6,22,31,61,10,47,19,25,1.0,regular,Brooklyn Nets 2020-21,2020-21,100.64,8.942766295707472,33,3.42574047675904
2020-21,1610612751,BKN,Brooklyn Nets,22000499,2021-02-25,BKN vs. ORL,W,48.0,49,92,0.533,20,45,0.444,11,14,0.786,7,44,51,30,13.0,11,2,1,18,10,129,37.0,1,1,1,1,5,9,15,21,3,3,20,66,69,40,50,2,8,19,29,4,65,1,26,71,14,1,1.0,regular,Brooklyn Nets 2020-21,2020-21,104.16,35.522273425499236,34,7.56185259937903
2020-21,1610612751,BKN,Brooklyn Nets,22000519,2021-02-27,BKN vs. DAL,L,48.0,35,86,0.407,14,44,0.318,14,19,0.737,14,33,47,21,19.0,5,4,8,16,15,98,-17.0,1,49,49,49,5,66,40,68,35,7,57,55,47,57,3,45,25,58,64,50,46,64,10,56,69,68,1.0,regular,Brooklyn Nets 2020-21,2020-21,99.36,-17.10950080515298,35,7.382296087010746
2020-21,1610612751,BKN,Brooklyn Nets,22000534,2021-03-01,BKN @ SAS,W,53.0,47,100,0.47,17,41,0.415,13,17,0.765,13,38,51,35,5.0,6,8,3,13,16,124,11.0,1,1,1,1,2,15,2,52,15,15,29,60,53,48,5,20,8,2,1,33,8,14,5,51,24,21,1.0,regular,Brooklyn Nets 2020-21,2020-21,99.48,11.057498994772818,36,9.587606162417655
2020-21,1610612751,BKN,Brooklyn Nets,22000546,2021-03-03,BKN @ HOU,W,48.0,49,85,0.576,17,35,0.486,17,24,0.708,10,43,53,33,15.0,5,1,5,24,18,132,18.0,1,1,1,1,5,9,44,5,15,40,10,40,29,62,23,6,4,9,40,50,70,41,60,38,9,9,1.0,regular,Brooklyn Nets 2020-21,2020-21,100.56,17.899761336515514,37,10.329364266719102
2020-21,1610612751,BKN,Brooklyn Nets,22000569,2021-03-11,BKN vs. BOS,W,48.0,42,88,0.477,19,42,0.452,18,22,0.818,11,34,45,21,15.0,3,5,10,22,13,121,12.0,1,1,1,1,5,39,32,46,7,11,18,33,37,33,15,39,32,58,40,61,31,69,54,65,33,18,1.0,regular,Brooklyn Nets 2020-21,2020-21,101.68,11.801730920535011,38,9.917777059147136
2020-21,1610612751,BKN,Brooklyn Nets,22000587,2021-03-13,BKN vs. DET,W,48.0,39,80,0.488,6,27,0.222,16,22,0.727,5,30,35,22,12.0,8,7,8,16,16,100,5.0,1,1,1,1,5,57,61,37,70,69,68,45,37,59,64,63,65,56,26,22,14,64,10,51,68,34,1.0,regular,Brooklyn Nets 2020-21,2020-21,96.68,5.171700455109639,39,9.338018504737875
2020-21,1610612751,BKN,Brooklyn Nets,22000604,2021-03-15,BKN vs. NYK,W,48.0,44,76,0.579,12,29,0.414,17,22,0.773,3,38,41,29,15.0,3,6,2,19,22,117,5.0,1,1,1,1,5,25,69,4,50,63,30,40,37,46,70,20,49,28,40,61,19,6,37,15,36,34,1.0,regular,Brooklyn Nets 2020-21,2020-21,97.68,5.118755118755118,40,9.427061035640872
2020-21,1610612751,BKN,Brooklyn Nets,22000617,2021-03-17,BKN @ IND,W,48.0,42,87,0.483,9,27,0.333,31,40,0.775,15,35,50,22,18.0,10,2,3,20,28,124,9.0,1,1,1,1,5,39,35,42,64,69,53,1,1,45,2,35,14,56,61,9,65,14,45,2,24,25,1.0,regular,Brooklyn Nets 2020-21,2020-21,107.6,8.364312267657994,41,9.087776144407526
2020-21,1610612751,BKN,Brooklyn Nets,22000633,2021-03-19,BKN @ ORL,L,48.0,43,91,0.473,10,37,0.27,17,23,0.739,9,30,39,24,8.0,9,3,1,16,20,113,-8.0,1,49,49,49,5,34,20,48,60,30,67,40,33,56,32,63,57,46,6,15,57,1,10,27,46,60,1.0,regular,Brooklyn Nets 2020-21,2020-21,100.12,-7.990411506192569,42,7.877888650320725
2020-21,1610612751,BKN,Brooklyn Nets,22000647,2021-03-21,BKN vs. WAS,W,48.0,44,90,0.489,9,29,0.31,16,22,0.727,10,25,35,24,7.0,11,8,4,18,22,113,7.0,1,1,1,1,5,25,25,34,64,63,61,45,37,59,23,70,65,46,5,4,8,29,26,15,46,29,1.0,regular,Brooklyn Nets 2020-21,2020-21,96.68,7.240380637153495,43,7.70765008446533
2020-21,1610612751,BKN,Brooklyn Nets,22000666,2021-03-23,BKN @ POR,W,48.0,43,87,0.494,9,30,0.3,21,27,0.778,10,37,47,25,11.0,5,2,5,17,20,116,4.0,1,1,1,1,5,34,35,31,64,59,62,20,17,44,23,28,25,42,17,50,65,41,17,27,39,39,1.0,regular,Brooklyn Nets 2020-21,2020-21,99.88,4.004805766920304,44,4.555903318607435
2020-21,1610612751,BKN,Brooklyn Nets,22000676,2021-03-24,BKN @ UTA,L,48.0,35,97,0.361,7,35,0.2,11,15,0.733,13,35,48,19,9.0,9,1,6,10,15,88,-30.0,1,49,49,49,5,66,7,72,68,40,69,66,64,58,5,35,23,66,10,15,70,50,1,56,72,72,1.0,regular,Brooklyn Nets 2020-21,2020-21,99.6,-30.120481927710845,45,3.2548052063516493
2020-21,1610612751,BKN,Brooklyn Nets,22000683,2021-03-26,BKN @ DET,W,48.0,37,84,0.44,13,33,0.394,26,34,0.765,16,33,49,19,10.0,3,4,4,27,30,113,2.0,1,1,1,1,5,63,49,59,43,47,39,7,3,48,1,45,20,66,13,61,46,29,71,1,46,46,1.0,regular,Brooklyn Nets 2020-21,2020-21,92.96000000000001,2.1514629948364887,46,2.364201606358016
2020-21,1610612751,BKN,Brooklyn Nets,22000709,2021-03-29,BKN vs. MIN,W,48.0,40,85,0.471,10,30,0.333,22,25,0.88,7,43,50,31,16.0,10,7,10,18,25,112,5.0,1,1,1,1,5,53,44,51,60,59,53,15,25,16,50,6,14,14,47,9,14,69,26,4,50,34,1.0,regular,Brooklyn Nets 2020-21,2020-21,105.0,4.761904761904762,47,1.0504159488969405
2020-21,1610612751,BKN,Brooklyn Nets,22000724,2021-03-31,BKN vs. HOU,W,48.0,44,90,0.489,13,36,0.361,19,19,1.0,12,33,45,25,12.0,6,3,8,21,21,120,12.0,1,1,1,1,5,25,25,34,43,36,48,28,47,1,12,45,32,42,26,33,57,64,51,20,34,18,1.0,regular,Brooklyn Nets 2020-21,2020-21,98.36,12.20008133387556,48,1.0902509902309954
2020-21,1610612751,BKN,Brooklyn Nets,22000732,2021-04-01,BKN vs. CHA,W,48.0,44,91,0.484,20,45,0.444,3,4,0.75,13,43,56,34,15.0,8,5,5,18,9,111,22.0,1,1,1,1,5,25,20,40,3,3,20,72,72,53,5,6,3,7,40,22,31,41,26,72,52,7,1.0,regular,Brooklyn Nets 2020-21,2020-21,94.76,23.21654706627269,49,2.8947356513473004
2020-21,1610612751,BKN,Brooklyn Nets,22000755,2021-04-04,BKN @ CHI,L,48.0,45,93,0.484,11,28,0.393,6,7,0.857,4,31,35,28,5.0,3,3,3,17,11,107,-8.0,1,49,49,49,5,23,12,39,54,66,40,71,71,22,65,57,65,32,1,61,57,14,17,70,61,60,1.0,regular,Brooklyn Nets 2020-21,2020-21,97.08,-8.240626287597857,50,1.558797510712003
2020-21,1610612751,BKN,Brooklyn Nets,22000762,2021-04-05,BKN vs. NYK,W,48.0,42,92,0.457,10,32,0.313,20,26,0.769,11,34,45,27,10.0,6,6,4,14,25,114,2.0,1,1,1,1,5,39,15,54,60,49,60,23,21,47,15,39,32,35,13,33,19,29,7,4,44,46,1.0,regular,Brooklyn Nets 2020-21,2020-21,102.44,1.952362358453729,51,0.9176025197915765
2020-21,1610612751,BKN,Brooklyn Nets,22000779,2021-04-07,BKN vs. NOP,W,48.0,51,92,0.554,19,41,0.463,18,22,0.818,10,35,45,37,17.0,10,8,2,31,14,139,28.0,1,1,1,1,5,5,15,13,7,15,14,33,37,33,23,35,32,1,52,9,8,6,72,63,4,4,1.0,regular,Brooklyn Nets 2020-21,2020-21,108.68,25.76370997423629,52,4.293014667834463
2020-21,1610612751,BKN,Brooklyn Nets,22000800,2021-04-10,BKN vs. LAL,L,48.0,35,80,0.438,5,27,0.185,26,30,0.867,9,33,42,19,19.0,6,10,4,20,24,101,-25.0,1,49,49,49,5,66,61,60,71,69,72,7,10,20,32,45,46,66,64,33,2,29,45,9,67,71,1.0,regular,Brooklyn Nets 2020-21,2020-21,103.2,-24.224806201550386,53,1.1464959839640738
2020-21,1610612751,BKN,Brooklyn Nets,22000817,2021-04-13,BKN @ MIN,W,48.0,46,91,0.505,15,36,0.417,20,24,0.833,11,46,57,31,19.0,8,4,12,22,20,127,30.0,1,1,1,1,5,20,20,28,28,36,28,23,29,30,15,1,1,14,64,22,46,72,54,27,19,3,1.0,regular,Brooklyn Nets 2020-21,2020-21,109.56,27.38225629791895,54,3.4842410370639385
2020-21,1610612751,BKN,Brooklyn Nets,22000830,2021-04-14,BKN @ PHI,L,48.0,43,83,0.518,4,21,0.19,27,30,0.9,11,32,43,23,16.0,6,3,9,21,21,117,-6.0,1,49,49,49,5,34,52,26,72,72,70,4,10,8,15,55,42,51,47,33,57,68,51,20,36,57,1.0,regular,Brooklyn Nets 2020-21,2020-21,101.2,-5.928853754940711,55,5.903403854340952
2020-21,1610612751,BKN,Brooklyn Nets,22000848,2021-04-16,BKN vs. CHA,W,48.0,47,85,0.553,21,41,0.512,15,16,0.938,7,30,37,35,18.0,12,5,3,17,18,130,15.0,1,1,1,1,5,15,44,14,2,15,7,49,60,4,50,63,61,2,61,2,31,14,17,38,11,12,1.0,regular,Brooklyn Nets 2020-21,2020-21,103.04,14.55745341614907,56,7.144002896472211
2020-21,1610612751,BKN,Brooklyn Nets,22000863,2021-04-18,BKN @ MIA,L,48.0,39,82,0.476,17,43,0.395,12,18,0.667,8,30,38,26,11.0,10,6,1,17,13,107,-2.0,1,49,49,49,5,57,56,47,15,8,38,63,51,66,40,63,60,37,17,9,19,1,17,65,61,50,1.0,regular,Brooklyn Nets 2020-21,2020-21,92.92,-2.152389151958674,57,6.4525735050858675
2020-21,1610612751,BKN,Brooklyn Nets,22000878,2021-04-20,BKN @ NOP,W,48.0,49,89,0.551,14,37,0.378,22,28,0.786,10,34,44,30,13.0,7,2,2,21,21,134,5.0,1,1,1,1,5,9,27,15,35,30,42,15,14,40,23,39,39,19,29,29,65,6,51,20,7,34,1.0,regular,Brooklyn Nets 2020-21,2020-21,104.32,4.792944785276074,58,5.711859850225919
2020-21,1610612751,BKN,Brooklyn Nets,22000884,2021-04-21,BKN @ TOR,L,48.0,36,91,0.396,13,41,0.317,18,23,0.783,12,38,50,19,13.0,3,6,8,17,20,103,-11.0,1,49,49,49,5,65,20,71,43,15,58,33,33,42,12,20,14,66,29,61,19,64,17,27,66,62,1.0,regular,Brooklyn Nets 2020-21,2020-21,102.12,-10.771641206423814,59,2.3130410229562677
2020-21,1610612751,BKN,Brooklyn Nets,22000899,2021-04-23,BKN vs. BOS,W,48.0,37,86,0.43,11,32,0.344,24,28,0.857,6,41,47,26,11.0,12,7,6,19,20,109,5.0,1,1,1,1,5,63,40,62,54,49,50,11,14,22,57,13,25,37,17,2,14,50,37,27,56,34,1.0,regular,Brooklyn Nets 2020-21,2020-21,103.32,4.839334107626791,60,3.6210370624787322
2020-21,1610612751,BKN,Brooklyn Nets,22000912,2021-04-25,BKN vs. PHX,W,48.0,46,87,0.529,13,28,0.464,23,27,0.852,11,33,44,30,11.0,6,4,3,17,24,128,9.0,1,1,1,1,5,20,35,24,43,66,13,14,17,26,15,45,39,19,17,33,46,14,17,9,15,25,1.0,regular,Brooklyn Nets 2020-21,2020-21,98.88,9.101941747572816,61,4.335995001390641
2020-21,1610612751,BKN,Brooklyn Nets,22000930,2021-04-27,BKN @ TOR,W,48.0,40,83,0.482,18,45,0.4,18,18,1.0,7,34,41,30,11.0,9,6,3,20,19,116,13.0,1,1,1,1,5,53,52,44,13,3,36,33,51,1,50,39,49,19,17,15,19,14,45,34,39,15,1.0,regular,Brooklyn Nets 2020-21,2020-21,94.92,13.695743784239358,62,3.1291983823909484
2020-21,1610612751,BKN,Brooklyn Nets,22000944,2021-04-29,BKN @ IND,W,48.0,47,89,0.528,12,35,0.343,24,28,0.857,8,42,50,35,14.0,3,5,6,19,23,130,17.0,1,1,1,1,5,15,27,25,50,40,52,11,14,22,40,11,14,2,38,61,31,50,37,12,11,10,1.0,regular,Brooklyn Nets 2020-21,2020-21,107.32,15.840477077897877,63,7.135726710335774
2020-21,1610612751,BKN,Brooklyn Nets,22000952,2021-04-30,BKN vs. POR,L,48.0,40,95,0.421,13,41,0.317,16,19,0.842,11,31,42,20,8.0,6,3,2,18,17,109,-19.0,1,49,49,49,5,53,10,65,43,15,58,45,47,28,15,57,46,64,6,33,57,6,26,47,56,70,1.0,regular,Brooklyn Nets 2020-21,2020-21,100.36,-18.931845356715822,64,2.5043165448722973
2020-21,1610612751,BKN,Brooklyn Nets,22000967,2021-05-02,BKN @ MIL,L,48.0,41,96,0.427,17,42,0.405,15,17,0.882,14,39,53,18,16.0,5,1,11,11,18,114,-3.0,1,49,49,49,5,46,9,63,15,11,34,49,53,12,3,18,4,71,47,50,70,71,2,38,44,52,1.0,regular,Brooklyn Nets 2020-21,2020-21,105.48,-2.844141069397042,65,2.812787813426664
2020-21,1610612751,BKN,Brooklyn Nets,22000985,2021-05-04,BKN @ MIL,L,48.0,41,84,0.488,20,43,0.465,16,26,0.615,6,33,39,21,13.0,6,6,3,25,21,118,-6.0,1,49,49,49,5,46,49,36,3,8,12,45,21,70,57,45,57,58,29,33,19,14,66,20,35,57,1.0,regular,Brooklyn Nets 2020-21,2020-21,102.44,-5.8570870753611874,66,0.7713337642756386
2020-21,1610612751,BKN,Brooklyn Nets,22000998,2021-05-06,BKN @ DAL,L,48.0,41,95,0.432,13,37,0.351,14,15,0.933,10,41,51,18,13.0,8,4,3,18,15,109,-4.0,1,49,49,49,5,46,10,61,43,30,49,55,64,5,23,13,8,71,29,22,46,14,26,56,56,54,1.0,regular,Brooklyn Nets 2020-21,2020-21,104.6,-3.824091778202677,67,0.6041635016512383
2020-21,1610612751,BKN,Brooklyn Nets,22001015,2021-05-08,BKN @ DEN,W,48.0,41,66,0.621,16,31,0.516,27,33,0.818,2,33,35,27,17.0,10,5,1,24,23,125,6.0,1,1,1,1,5,46,72,1,22,54,5,4,4,33,72,45,65,35,52,9,31,1,60,12,21,32,1.0,regular,Brooklyn Nets 2020-21,2020-21,95.52,6.281407035175881,68,0.753009726641219
2020-21,1610612751,BKN,Brooklyn Nets,22001036,2021-05-11,BKN @ CHI,W,48.0,42,89,0.472,12,33,0.364,19,25,0.76,13,38,51,32,8.0,4,8,5,19,20,115,8.0,1,1,1,1,5,39,27,49,50,47,46,28,25,51,5,20,8,13,6,58,8,41,37,27,43,28,1.0,regular,Brooklyn Nets 2020-21,2020-21,95.0,8.421052631578947,69,2.672279110441495
2020-21,1610612751,BKN,Brooklyn Nets,22001043,2021-05-12,BKN vs. SAS,W,48.0,48,79,0.608,12,28,0.429,20,27,0.741,3,40,43,33,11.0,3,9,2,19,19,128,12.0,1,1,1,1,5,12,64,2,50,66,23,23,17,55,70,15,42,9,17,61,5,6,37,34,15,18,1.0,regular,Brooklyn Nets 2020-21,2020-21,98.88,12.135922330097088,70,3.401937932688525
2020-21,1610612751,BKN,Brooklyn Nets,22001060,2021-05-15,BKN vs. CHI,W,48.0,41,87,0.471,14,34,0.412,9,15,0.6,8,44,52,26,10.0,6,8,4,16,13,105,14.0,1,1,1,1,5,46,35,50,35,45,31,69,64,71,40,2,6,37,13,33,8,29,10,65,63,13,1.0,regular,Brooklyn Nets 2020-21,2020-21,95.6,14.644351464435148,71,3.956178904374758
2020-21,1610612751,BKN,Brooklyn Nets,22001067,2021-05-16,BKN vs. CLE,W,48.0,47,83,0.566,16,30,0.533,13,17,0.765,4,33,37,35,12.0,9,9,5,20,14,123,14.0,1,1,1,1,5,15,52,11,22,59,2,60,53,48,65,45,61,2,26,15,5,41,45,63,27,13,1.0,regular,Brooklyn Nets 2020-21,2020-21,98.48,14.21608448415922,72,4.008212974366744
2020-21,1610612751,BKN,Brooklyn Nets,42000111,2021-05-22,BKN vs. BOS,W,48.0,35,84,0.417,8,34,0.235,26,29,0.897,14,36,50,18,11.0,7,7,12,22,18,104,11.0,1,1,1,1,2,11,5,11,11,7,12,3,3,3,1,4,1,9,8,6,2,11,8,8,9,5,1.0,playoffs,Brooklyn Nets 2020-21,2020-21,93.76,11.732081911262798,73,3.597373457703236
2020-21,1610612751,BKN,Brooklyn Nets,42000112,2021-05-25,BKN vs. BOS,W,48.0,46,88,0.523,17,38,0.447,21,22,0.955,12,34,46,31,17.0,7,7,4,23,20,130,22.0,1,1,1,1,2,3,4,2,2,5,4,6,7,2,2,6,4,1,11,6,2,4,10,6,2,2,1.0,playoffs,Brooklyn Nets 2020-21,2020-21,102.68,21.425788858589794,74,7.633136879233798
2020-21,1610612751,BKN,Brooklyn Nets,42000113,2021-05-28,BKN @ BOS,L,48.0,38,84,0.452,16,38,0.421,27,31,0.871,10,27,37,16,10.0,8,3,3,23,25,119,-6.0,1,8,8,8,2,7,5,8,3,5,5,2,1,8,4,11,10,10,5,2,8,1,10,1,5,10,1.0,playoffs,Brooklyn Nets 2020-21,2020-21,97.64,-6.145022531749283,75,7.303048732998574
2020-21,1610612751,BKN,Brooklyn Nets,42000114,2021-05-30,BKN @ BOS,W,48.0,48,83,0.578,16,27,0.593,29,30,0.967,9,27,36,29,10.0,8,9,4,28,21,141,15.0,1,1,1,1,2,2,9,1,3,12,1,1,2,1,5,11,11,2,5,2,1,4,12,4,1,3,1.0,playoffs,Brooklyn Nets 2020-21,2020-21,97.2,15.432098765432098,76,9.431967317077902
2020-21,1610612751,BKN,Brooklyn Nets,42000115,2021-06-01,BKN vs. BOS,W,48.0,43,84,0.512,15,32,0.469,22,25,0.88,7,32,39,26,9.0,6,7,12,21,21,123,14.0,1,1,1,1,2,5,5,4,6,9,3,4,4,5,8,9,8,5,2,10,2,11,6,4,4,4,1.0,playoffs,Brooklyn Nets 2020-21,2020-21,97.0,14.432989690721648,77,11.257675463970335
2020-21,1610612751,BKN,Brooklyn Nets,42000211,2021-06-05,BKN vs. MIL,W,48.0,46,98,0.469,15,39,0.385,8,9,0.889,6,41,47,25,9.0,7,6,3,21,15,115,8.0,1,1,1,1,2,3,1,6,6,3,6,9,10,4,10,2,3,6,2,6,5,1,6,9,6,6,1.0,playoffs,Brooklyn Nets 2020-21,2020-21,104.96,7.621951219512195,78,11.391729882403968
2020-21,1610612751,BKN,Brooklyn Nets,42000212,2021-06-07,BKN vs. MIL,W,48.0,49,94,0.521,21,42,0.5,6,7,0.857,9,33,42,27,9.0,8,3,3,17,12,125,39.0,1,1,1,1,2,1,2,3,1,2,2,12,12,9,5,8,7,3,2,2,8,1,1,11,3,1,1.0,playoffs,Brooklyn Nets 2020-21,2020-21,97.08,40.17305315203956,79,14.566929934450027
2020-21,1610612751,BKN,Brooklyn Nets,42000213,2021-06-10,BKN @ MIL,L,48.0,34,94,0.362,8,32,0.25,7,8,0.875,7,43,50,15,8.0,8,5,8,22,12,83,-3.0,1,8,8,8,2,12,2,12,11,9,11,11,11,7,8,1,1,11,1,2,6,10,8,11,12,8,1.0,playoffs,Brooklyn Nets 2020-21,2020-21,98.52,-3.0450669914738127,80,13.048831002292937
2020-21,1610612751,BKN,Brooklyn Nets,42000214,2021-06-13,BKN @ MIL,L,48.0,36,83,0.434,10,33,0.303,14,18,0.778,3,40,43,20,17.0,7,3,7,20,22,96,-11.0,1,8,8,8,2,9,9,10,9,8,9,8,8,11,11,3,6,8,11,6,8,8,4,3,10,11,1.0,playoffs,Brooklyn Nets 2020-21,2020-21,104.92,-10.484178421654594,81,10.535978013683962
2020-21,1610612751,BKN,Brooklyn Nets,42000215,2021-06-15,BKN vs. MIL,W,48.0,38,77,0.494,16,43,0.372,22,25,0.88,2,34,36,27,10.0,4,4,5,19,24,114,6.0,1,1,1,1,2,7,12,5,3,1,7,4,4,5,12,6,11,3,5,11,7,6,3,2,7,7,1.0,playoffs,Brooklyn Nets 2020-21,2020-21,96.0,6.25,82,9.73936956526804
2020-21,1610612751,BKN,Brooklyn Nets,42000216,2021-06-17,BKN @ MIL,L,48.0,36,81,0.444,9,30,0.3,8,14,0.571,9,30,39,14,16.0,11,1,6,18,13,89,-15.0,1,8,8,8,2,9,11,9,10,11,10,9,9,12,5,10,8,12,10,1,12,7,2,10,11,12,1.0,playoffs,Brooklyn Nets 2020-21,2020-21,94.16,-15.930331350892098,83,6.973128239052551
2020-21,1610612751,BKN,Brooklyn Nets,42000217,2021-06-19,BKN vs. MIL,L,53.0,39,84,0.464,12,39,0.308,21,25,0.84,11,35,46,23,13.0,4,3,7,20,20,111,-4.0,1,8,8,8,1,6,5,7,8,3,8,6,4,10,3,5,4,7,9,11,8,8,4,6,8,9,1.0,playoffs,Brooklyn Nets 2020-21,2020-21,97.0,-4.123711340206185,84,4.418178219172954
2016-17,1610612744,GSW,Golden State Warriors,21600003,2016-10-25,GSW vs. SAS,L,48.0,40,85,0.471,7,33,0.212,13,18,0.722,8,27,35,24,16.0,11,6,3,19,19,100,-29.0,1,68,68,68,4,58,51,55,75,25,78,58,56,62,47,78,77,72,48,20,40,26,38,38,76,82,1.0,regular,Golden State Warriors 2016-17,2016-17,100.92,-28.735632183908045,1,-28.735632183908045
2016-17,1610612744,GSW,Golden State Warriors,21600025,2016-10-28,GSW @ NOP,W,48.0,44,91,0.484,9,28,0.321,25,28,0.893,9,40,49,32,14.0,8,2,5,22,24,122,8.0,1,1,1,1,4,32,16,48,62,59,62,14,18,11,35,13,16,31,33,56,78,56,59,11,24,52,1.0,regular,Golden State Warriors 2016-17,2016-17,108.32,7.385524372230429,2,-10.675053905838809
2016-17,1610612744,GSW,Golden State Warriors,21600036,2016-10-30,GSW @ PHX,W,48.0,35,83,0.422,8,29,0.276,28,33,0.848,7,36,43,27,16.0,6,5,6,23,26,106,6.0,1,1,1,1,4,78,62,76,69,53,70,6,10,20,55,34,46,57,48,72,49,64,68,6,65,60,1.0,regular,Golden State Warriors 2016-17,2016-17,106.52,5.632745024408562,3,-5.239120929089684
2016-17,1610612744,GSW,Golden State Warriors,21600054,2016-11-01,GSW @ POR,W,48.0,50,89,0.562,10,26,0.385,17,23,0.739,7,38,45,36,16.0,14,4,4,19,17,127,23.0,1,1,1,1,4,6,23,11,56,68,42,35,33,59,55,25,33,11,48,3,60,43,38,56,10,17,1.0,regular,Golden State Warriors 2016-17,2016-17,108.12,21.272660007399185,4,1.388824305032533
2016-17,1610612744,GSW,Golden State Warriors,21600069,2016-11-03,GSW vs. OKC,W,48.0,46,89,0.517,14,30,0.467,16,20,0.8,15,31,46,27,16.0,9,14,6,18,20,122,26.0,1,1,1,1,4,17,23,28,18,44,16,40,47,36,5,57,24,57,48,41,1,64,28,33,24,11,1.0,regular,Golden State Warriors 2016-17,2016-17,98.8,26.31578947368421,5,6.374217338762868
2016-17,1610612744,GSW,Golden State Warriors,21600078,2016-11-04,GSW @ LAL,L,48.0,39,86,0.453,5,32,0.156,14,20,0.7,9,31,40,26,20.0,13,3,5,13,19,97,-20.0,1,68,68,68,4,64,48,64,81,32,82,54,47,69,35,57,64,62,76,12,74,56,3,38,78,78,1.0,regular,Golden State Warriors 2016-17,2016-17,105.8,-18.90359168241966,6,2.16124916856578
2016-17,1610612744,GSW,Golden State Warriors,21600099,2016-11-07,GSW vs. NOP,W,48.0,45,90,0.5,16,35,0.457,10,12,0.833,10,28,38,35,15.0,14,4,1,17,16,116,10.0,1,1,1,1,4,23,18,38,8,18,18,78,78,24,29,75,72,14,37,3,60,4,19,64,41,45,1.0,regular,Golden State Warriors 2016-17,2016-17,100.28,9.97207818109294,7,3.2770818846410887
2016-17,1610612744,GSW,Golden State Warriors,21600116,2016-11-09,GSW vs. DAL,W,48.0,43,74,0.581,17,33,0.515,13,22,0.591,5,34,39,33,15.0,3,5,2,22,20,116,21.0,1,1,1,1,4,38,81,6,5,25,9,58,38,79,72,43,68,21,37,81,49,11,59,33,41,20,1.0,regular,Golden State Warriors 2016-17,2016-17,93.68,22.416737830913746,8,5.669538877925171
2016-17,1610612744,GSW,Golden State Warriors,21600119,2016-11-10,GSW @ DEN,W,48.0,46,85,0.541,14,30,0.467,19,20,0.95,9,35,44,33,15.0,15,6,3,18,18,125,24.0,1,1,1,1,4,17,51,17,18,44,16,26,47,2,35,39,39,21,37,2,40,26,28,47,17,14,1.0,regular,Golden State Warriors 2016-17,2016-17,99.8,24.048096192384772,9,7.711600801754015
2016-17,1610612744,GSW,Golden State Warriors,21600143,2016-11-13,GSW vs. PHX,W,48.0,45,87,0.517,16,33,0.485,27,31,0.871,8,35,43,32,16.0,8,7,3,20,29,133,13.0,1,1,1,1,4,23,40,27,8,25,14,8,13,16,47,39,46,31,48,56,29,26,45,1,7,36,1.0,regular,Golden State Warriors 2016-17,2016-17,108.64,11.966126656848306,10,8.137053387263444
2016-17,1610612744,GSW,Golden State Warriors,21600165,2016-11-16,GSW @ TOR,W,48.0,44,87,0.506,13,36,0.361,26,28,0.929,7,28,35,33,12.0,9,7,1,25,22,127,6.0,1,1,1,1,4,32,40,33,29,11,47,11,18,4,55,75,77,21,15,41,29,4,76,18,10,60,1.0,regular,Golden State Warriors 2016-17,2016-17,104.32,5.751533742331288,11,11.585769979887377
2016-17,1610612744,GSW,Golden State Warriors,21600179,2016-11-18,GSW @ BOS,W,48.0,44,90,0.489,9,28,0.321,7,12,0.583,9,41,50,33,11.0,10,7,3,20,12,104,16.0,1,1,1,1,4,32,18,44,62,59,62,80,78,80,35,10,14,21,10,26,29,26,45,77,71,27,1.0,regular,Golden State Warriors 2016-17,2016-17,97.28,16.447368421052634,12,12.491954384769599
2016-17,1610612744,GSW,Golden State Warriors,21600191,2016-11-19,GSW @ MIL,W,48.0,42,95,0.442,14,38,0.368,26,32,0.813,18,27,45,30,12.0,8,5,1,25,23,124,3.0,1,1,1,1,4,46,9,71,18,7,46,11,11,33,2,78,33,44,15,56,49,4,76,14,20,65,1.0,regular,Golden State Warriors 2016-17,2016-17,103.08,2.910360884749709,13,12.219715970803714
2016-17,1610612744,GSW,Golden State Warriors,21600202,2016-11-21,GSW @ IND,W,48.0,40,90,0.444,13,36,0.361,27,32,0.844,12,48,60,31,12.0,9,10,4,17,23,120,37.0,1,1,1,1,4,58,18,69,29,11,47,8,11,23,19,1,1,35,15,41,12,43,19,14,31,4,1.0,regular,Golden State Warriors 2016-17,2016-17,104.08,35.549577248270566,14,13.64740769489085
2016-17,1610612744,GSW,Golden State Warriors,21600223,2016-11-23,GSW vs. LAL,W,48.0,53,86,0.616,19,36,0.528,24,35,0.686,6,42,48,47,10.0,7,5,1,20,25,149,43.0,1,1,1,1,4,3,48,3,3,11,5,17,6,71,65,6,18,1,6,64,49,4,45,9,1,3,1.0,regular,Golden State Warriors 2016-17,2016-17,105.4,40.79696394686907,15,15.095525142209336
2016-17,1610612744,GSW,Golden State Warriors,21600238,2016-11-25,GSW @ LAL,W,48.0,43,83,0.518,11,28,0.393,12,17,0.706,4,40,44,31,18.0,10,10,3,21,16,109,24.0,1,1,1,1,4,38,62,26,46,59,39,65,61,66,78,13,39,35,65,26,12,26,55,64,57,14,1.0,regular,Golden State Warriors 2016-17,2016-17,104.48,22.970903522205205,16,19.282974662671823
2016-17,1610612744,GSW,Golden State Warriors,21600244,2016-11-26,GSW vs. MIN,W,48.0,45,81,0.556,11,22,0.5,14,17,0.824,12,33,45,25,18.0,9,8,3,14,15,115,13.0,1,1,1,1,4,23,68,14,46,79,10,54,61,30,19,49,33,65,65,41,23,26,5,68,44,36,1.0,regular,Golden State Warriors 2016-17,2016-17,94.48,13.75952582557155,17,19.661719427119685
2016-17,1610612744,GSW,Golden State Warriors,21600259,2016-11-28,GSW vs. ATL,W,48.0,37,85,0.435,12,35,0.343,19,24,0.792,7,34,41,25,15.0,6,10,4,20,22,105,5.0,1,1,1,1,4,73,51,75,40,18,55,26,27,38,55,43,58,65,37,72,12,43,45,18,70,63,1.0,regular,Golden State Warriors 2016-17,2016-17,103.56,4.828118964851294,18,17.902857540513438
2016-17,1610612744,GSW,Golden State Warriors,21600281,2016-12-01,GSW vs. HOU,L,58.0,43,104,0.413,12,44,0.273,29,37,0.784,13,41,54,31,17.0,12,7,4,27,28,127,-5.0,1,68,68,68,1,38,1,79,40,2,72,3,5,47,10,10,5,35,57,16,29,43,80,3,10,73,1.0,regular,Golden State Warriors 2016-17,2016-17,124.28,-4.023173479240425,19,15.095730573350917
2016-17,1610612744,GSW,Golden State Warriors,21600299,2016-12-03,GSW vs. PHX,W,48.0,49,78,0.628,14,21,0.667,26,34,0.765,6,32,38,37,17.0,9,5,2,19,29,138,29.0,1,1,1,1,4,11,74,1,18,80,1,11,9,51,65,53,72,6,57,41,49,11,38,1,5,10,1.0,regular,Golden State Warriors 2016-17,2016-17,103.96000000000001,27.89534436321662,20,16.688652343987748
2016-17,1610612744,GSW,Golden State Warriors,21600314,2016-12-05,GSW vs. IND,W,48.0,54,104,0.519,14,37,0.378,20,26,0.769,16,38,54,45,11.0,12,13,5,22,21,142,36.0,1,1,1,1,4,2,1,25,18,9,44,25,23,50,3,25,5,2,10,16,4,56,59,27,3,5,1.0,regular,Golden State Warriors 2016-17,2016-17,110.44,32.59688518652662,21,19.373187488407286
2016-17,1610612744,GSW,Golden State Warriors,21600330,2016-12-07,GSW @ LAC,W,48.0,42,89,0.472,7,31,0.226,24,29,0.828,12,34,46,32,10.0,11,5,2,24,24,115,17.0,1,1,1,1,4,46,23,52,75,39,77,17,15,27,19,43,24,31,6,20,49,11,72,11,44,24,1.0,regular,Golden State Warriors 2016-17,2016-17,99.76,17.040898155573377,22,19.432540461859357
2016-17,1610612744,GSW,Golden State Warriors,21600335,2016-12-08,GSW @ UTA,W,48.0,39,80,0.488,12,29,0.414,16,23,0.696,9,38,47,26,17.0,10,4,2,23,22,106,7.0,1,1,1,1,4,64,71,46,40,53,32,40,33,70,35,25,21,62,57,26,60,11,68,18,65,57,1.0,regular,Golden State Warriors 2016-17,2016-17,98.12,7.134121483897268,23,19.854916521774115
2016-17,1610612744,GSW,Golden State Warriors,21600351,2016-12-10,GSW @ MEM,L,48.0,34,77,0.442,9,27,0.333,12,20,0.6,10,32,42,15,23.0,6,8,5,23,19,89,-21.0,1,68,68,68,4,79,76,73,62,65,57,65,47,77,29,53,55,82,81,72,23,56,68,38,79,79,1.0,regular,Golden State Warriors 2016-17,2016-17,98.8,-21.25506072874494,24,14.174452724072562
2016-17,1610612744,GSW,Golden State Warriors,21600358,2016-12-11,GSW @ MIN,W,48.0,38,83,0.458,13,32,0.406,27,30,0.9,6,31,37,30,9.0,9,4,2,24,21,116,8.0,1,1,1,1,4,72,62,60,29,32,37,8,14,10,65,57,74,44,3,41,60,11,72,27,41,52,1.0,regular,Golden State Warriors 2016-17,2016-17,99.2,8.064516129032258,25,10.901207942288881
2016-17,1610612744,GSW,Golden State Warriors,21600371,2016-12-13,GSW @ NOP,W,48.0,42,95,0.442,14,34,0.412,15,19,0.789,9,36,45,30,12.0,6,5,11,12,18,113,4.0,1,1,1,1,4,46,9,71,18,21,33,46,53,42,35,34,33,44,15,72,49,82,1,47,47,64,1.0,regular,Golden State Warriors 2016-17,2016-17,106.36,3.7608123354644607,26,8.980198823614808
2016-17,1610612744,GSW,Golden State Warriors,21600388,2016-12-15,GSW vs. NYK,W,48.0,45,96,0.469,9,32,0.281,4,8,0.5,15,42,57,41,17.0,7,10,5,17,10,103,13.0,1,1,1,1,4,23,6,56,62,32,69,82,82,82,5,6,3,3,57,64,12,56,19,81,73,36,1.0,regular,Golden State Warriors 2016-17,2016-17,101.52,12.805358550039402,27,8.884782096061594
2016-17,1610612744,GSW,Golden State Warriors,21600405,2016-12-17,GSW vs. POR,W,48.0,51,87,0.586,14,28,0.5,19,26,0.731,9,47,56,36,15.0,7,5,4,16,19,135,45.0,1,1,1,1,4,5,40,5,18,59,10,26,23,61,35,2,4,11,37,64,49,43,12,38,6,2,1.0,regular,Golden State Warriors 2016-17,2016-17,104.44,43.086939869781695,28,12.710664186554633
2016-17,1610612744,GSW,Golden State Warriors,21600427,2016-12-20,GSW vs. UTA,W,48.0,40,90,0.444,9,23,0.391,15,17,0.882,9,41,50,24,10.0,13,3,3,18,17,104,30.0,1,1,1,1,4,58,18,69,62,76,41,46,61,15,35,10,14,72,6,12,74,26,28,56,71,8,1.0,regular,Golden State Warriors 2016-17,2016-17,98.48,30.463038180341183,29,16.159285352512793
2016-17,1610612744,GSW,Golden State Warriors,21600437,2016-12-22,GSW @ BKN,W,48.0,47,104,0.452,12,37,0.324,11,14,0.786,11,40,51,29,13.0,19,7,6,19,15,117,16.0,1,1,1,1,4,14,1,67,40,9,60,74,72,45,25,13,12,51,25,1,29,64,38,68,38,27,1.0,regular,Golden State Warriors 2016-17,2016-17,112.16,14.265335235378032,30,14.796284439728936
2016-17,1610612744,GSW,Golden State Warriors,21600446,2016-12-23,GSW @ DET,W,48.0,43,77,0.558,11,27,0.407,22,24,0.917,4,37,41,35,23.0,9,2,3,21,22,119,6.0,1,1,1,1,4,38,76,13,46,65,35,23,27,9,78,30,58,14,81,41,78,26,55,18,33,60,1.0,regular,Golden State Warriors 2016-17,2016-17,106.56,5.63063063063063,31,12.099658984139337
2016-17,1610612744,GSW,Golden State Warriors,21600457,2016-12-25,GSW @ CLE,L,48.0,37,77,0.481,9,30,0.3,25,29,0.862,5,37,42,25,20.0,8,4,2,24,19,108,-1.0,1,68,68,68,4,73,76,50,62,44,66,14,15,18,72,30,55,65,76,56,60,11,72,38,60,68,1.0,regular,Golden State Warriors 2016-17,2016-17,104.76,-0.9545628102329133,32,10.300112887558708
2016-17,1610612744,GSW,Golden State Warriors,21600485,2016-12-28,GSW vs. TOR,W,48.0,46,81,0.568,14,23,0.609,15,18,0.833,9,42,51,33,20.0,4,9,6,16,18,121,10.0,1,1,1,1,4,17,68,9,18,76,2,46,56,24,35,6,12,21,76,80,19,64,12,47,28,45,1.0,regular,Golden State Warriors 2016-17,2016-17,99.92,10.0080064051241,33,10.587501379681392
2016-17,1610612744,GSW,Golden State Warriors,21600501,2016-12-30,GSW vs. DAL,W,48.0,42,84,0.5,11,33,0.333,13,15,0.867,4,39,43,31,13.0,5,4,7,12,12,108,9.0,1,1,1,1,4,46,57,38,46,25,57,58,70,17,78,20,46,35,25,77,60,74,1,77,60,49,1.0,regular,Golden State Warriors 2016-17,2016-17,99.6,9.036144578313253,34,13.61662191038721
2016-17,1610612744,GSW,Golden State Warriors,21600520,2017-01-02,GSW vs. DEN,W,48.0,50,95,0.526,11,25,0.44,16,21,0.762,12,31,43,33,13.0,7,2,2,14,21,127,8.0,1,1,1,1,4,6,9,22,46,72,25,40,43,54,19,57,46,21,25,64,78,11,5,27,10,52,1.0,regular,Golden State Warriors 2016-17,2016-17,105.24,7.601672367920943,35,13.570337534276078
2016-17,1610612744,GSW,Golden State Warriors,21600534,2017-01-04,GSW vs. POR,W,48.0,44,87,0.506,13,36,0.361,24,29,0.828,8,31,39,31,15.0,14,9,5,20,26,125,8.0,1,1,1,1,4,32,40,33,29,11,47,17,15,27,47,57,68,35,37,3,19,56,45,6,17,52,1.0,regular,Golden State Warriors 2016-17,2016-17,106.76,7.493443237167479,36,13.94360062444638
2016-17,1610612744,GSW,Golden State Warriors,21600550,2017-01-06,GSW vs. MEM,L,53.0,41,83,0.494,8,30,0.267,29,39,0.744,7,37,44,23,16.0,7,5,0,21,28,119,-9.0,1,68,68,68,2,52,62,41,69,44,74,3,1,58,55,30,39,75,48,64,49,1,55,3,33,76,1.0,regular,Golden State Warriors 2016-17,2016-17,109.16,-8.244778307072188,37,11.838586938735222
2016-17,1610612744,GSW,Golden State Warriors,21600566,2017-01-08,GSW @ SAC,W,48.0,45,89,0.506,10,29,0.345,17,20,0.85,13,33,46,33,17.0,11,6,5,22,17,117,11.0,1,1,1,1,4,23,23,35,56,53,53,35,47,19,10,49,24,21,57,20,40,56,59,56,38,43,1.0,regular,Golden State Warriors 2016-17,2016-17,101.8,10.805500982318271,38,8.610443049988877
2016-17,1610612744,GSW,Golden State Warriors,21600578,2017-01-10,GSW vs. MIA,W,48.0,39,86,0.453,11,27,0.407,18,22,0.818,5,43,48,28,11.0,6,7,4,16,22,107,12.0,1,1,1,1,4,64,48,64,46,65,35,34,38,31,72,4,18,52,10,72,29,43,12,18,63,40,1.0,regular,Golden State Warriors 2016-17,2016-17,101.68,11.801730920535011,39,6.744312324008263
2016-17,1610612744,GSW,Golden State Warriors,21600590,2017-01-12,GSW vs. DET,W,48.0,50,89,0.562,15,29,0.517,12,18,0.667,6,31,37,39,18.0,14,4,4,14,19,127,20.0,1,1,1,1,4,6,23,11,11,53,8,65,56,73,65,57,74,4,65,3,60,43,5,38,10,22,1.0,regular,Golden State Warriors 2016-17,2016-17,108.92,18.36210062431142,40,7.153988862901602
2016-17,1610612744,GSW,Golden State Warriors,21600619,2017-01-16,GSW vs. CLE,W,48.0,46,91,0.505,15,34,0.441,19,24,0.792,11,47,58,37,17.0,10,11,4,22,21,126,35.0,1,1,1,1,4,17,16,37,11,21,24,26,27,38,25,2,2,6,57,26,8,43,59,27,15,6,1.0,regular,Golden State Warriors 2016-17,2016-17,107.56,32.53997768687244,41,9.844923568525783
2016-17,1610612744,GSW,Golden State Warriors,21600634,2017-01-18,GSW vs. OKC,W,48.0,46,85,0.541,10,21,0.476,19,27,0.704,11,35,46,35,18.0,11,8,6,16,22,121,21.0,1,1,1,1,4,17,51,17,56,80,15,26,20,68,25,39,24,14,65,20,23,64,12,18,28,20,1.0,regular,Golden State Warriors 2016-17,2016-17,103.88,20.21563342318059,42,11.961943191867132
2016-17,1610612744,GSW,Golden State Warriors,21600646,2017-01-20,GSW @ HOU,W,48.0,47,89,0.528,15,38,0.395,16,21,0.762,8,33,41,30,15.0,8,7,3,18,17,125,17.0,1,1,1,1,4,14,23,21,11,7,38,40,43,54,47,49,58,44,37,56,29,26,28,56,17,24,1.0,regular,Golden State Warriors 2016-17,2016-17,105.24,16.153553781832002,43,12.576497929537922
2016-17,1610612744,GSW,Golden State Warriors,21600661,2017-01-22,GSW @ ORL,W,48.0,42,89,0.472,19,42,0.452,15,19,0.789,13,39,52,27,19.0,8,4,7,15,21,118,20.0,1,1,1,1,4,46,23,52,3,5,22,46,53,42,10,20,10,57,74,56,60,74,8,27,37,22,1.0,regular,Golden State Warriors 2016-17,2016-17,103.36,19.34984520123839,44,13.607867991830437
2016-17,1610612744,GSW,Golden State Warriors,21600668,2017-01-23,GSW @ MIA,L,48.0,41,88,0.466,8,30,0.267,12,20,0.6,7,36,43,27,14.0,9,4,4,20,19,102,-3.0,1,68,68,68,4,52,33,57,69,44,74,65,47,77,55,34,46,57,33,41,60,43,45,38,74,70,1.0,regular,Golden State Warriors 2016-17,2016-17,103.8,-2.8901734104046244,45,12.55868341399788
2016-17,1610612744,GSW,Golden State Warriors,21600687,2017-01-25,GSW @ CHA,W,48.0,39,82,0.476,11,28,0.393,24,27,0.889,5,36,41,23,12.0,7,14,6,19,18,113,10.0,1,1,1,1,4,64,67,51,46,59,39,17,20,12,72,34,58,75,15,64,1,64,38,47,47,45,1.0,regular,Golden State Warriors 2016-17,2016-17,100.88,9.912767644726408,46,12.800615854753772
2016-17,1610612744,GSW,Golden State Warriors,21600707,2017-01-28,GSW vs. LAC,W,48.0,57,92,0.62,17,34,0.5,13,16,0.813,9,39,48,35,11.0,9,7,2,17,18,144,46.0,1,1,1,1,4,1,13,2,5,21,10,58,66,33,35,20,18,14,10,41,29,11,19,47,2,1,1.0,regular,Golden State Warriors 2016-17,2016-17,101.04,45.52652414885194,47,18.177746100346184
2016-17,1610612744,GSW,Golden State Warriors,21600718,2017-01-29,GSW @ POR,W,48.0,36,79,0.456,8,26,0.308,33,39,0.846,8,31,39,28,18.0,13,6,2,18,24,113,2.0,1,1,1,1,4,76,73,61,69,68,64,1,1,21,47,57,68,52,65,12,40,11,28,11,47,66,1.0,regular,Golden State Warriors 2016-17,2016-17,106.16,1.8839487565938209,48,17.28559087777374
2016-17,1610612744,GSW,Golden State Warriors,21600741,2017-02-01,GSW vs. CHA,W,48.0,47,96,0.49,21,48,0.438,11,14,0.786,9,38,47,35,10.0,9,13,3,18,14,126,15.0,1,1,1,1,4,14,6,42,1,1,26,74,72,45,35,25,21,14,6,41,4,26,28,72,15,31,1.0,regular,Golden State Warriors 2016-17,2016-17,103.16,14.540519581233035,49,17.559469743843543
2016-17,1610612744,GSW,Golden State Warriors,21600745,2017-02-02,GSW @ LAC,W,48.0,52,99,0.525,14,34,0.412,15,18,0.833,15,31,46,38,12.0,10,2,7,26,18,133,13.0,1,1,1,1,4,4,5,23,18,21,33,46,56,24,5,57,24,5,15,26,78,74,78,47,7,36,1.0,regular,Golden State Warriors 2016-17,2016-17,103.92,12.509622786759046,50,16.974221960088304
2016-17,1610612744,GSW,Golden State Warriors,21600764,2017-02-04,GSW @ SAC,L,53.0,36,87,0.414,15,44,0.341,19,24,0.792,7,33,40,22,18.0,10,10,4,17,18,106,-3.0,1,68,68,68,2,76,40,78,11,2,56,26,27,38,55,49,64,79,65,26,12,43,19,47,65,70,1.0,regular,Golden State Warriors 2016-17,2016-17,108.56,-2.763448784082535,51,13.443879312992806
2016-17,1610612744,GSW,Golden State Warriors,21600792,2017-02-08,GSW vs. CHI,W,48.0,48,85,0.565,15,28,0.536,12,13,0.923,5,40,45,37,13.0,9,5,2,17,17,123,31.0,1,1,1,1,4,13,51,10,11,59,4,65,76,6,72,13,33,6,25,41,49,11,19,56,21,7,1.0,regular,Golden State Warriors 2016-17,2016-17,98.72,31.40194489465154,52,14.562510460139901
2016-17,1610612744,GSW,Golden State Warriors,21600803,2017-02-10,GSW @ MEM,W,48.0,39,77,0.506,15,33,0.455,29,38,0.763,5,29,34,31,12.0,14,13,4,26,28,122,15.0,1,1,1,1,4,64,76,31,11,25,19,3,4,53,72,72,81,35,15,3,4,43,78,3,24,31,1.0,regular,Golden State Warriors 2016-17,2016-17,100.72,14.89277204130262,53,14.436432286086966
2016-17,1610612744,GSW,Golden State Warriors,21600813,2017-02-11,GSW @ OKC,W,48.0,46,87,0.529,13,31,0.419,25,35,0.714,10,30,40,28,12.0,10,3,8,22,23,130,16.0,1,1,1,1,4,17,40,20,29,39,31,14,6,63,29,67,64,52,15,26,74,79,59,14,9,27,1.0,regular,Golden State Warriors 2016-17,2016-17,104.4,15.32567049808429,54,14.034014815771553
2016-17,1610612744,GSW,Golden State Warriors,21600827,2017-02-13,GSW @ DEN,L,48.0,45,92,0.489,8,32,0.25,12,13,0.923,4,23,27,25,9.0,12,6,1,13,14,110,-22.0,1,68,68,68,4,23,13,43,69,32,76,65,76,6,78,82,82,65,3,16,40,4,3,72,55,80,1.0,regular,Golden State Warriors 2016-17,2016-17,102.72,-21.417445482866043,55,12.181287608525412
2016-17,1610612744,GSW,Golden State Warriors,21600847,2017-02-15,GSW vs. SAC,W,48.0,41,84,0.488,13,36,0.361,14,21,0.667,6,40,46,32,8.0,10,10,6,16,17,109,23.0,1,1,1,1,4,52,57,45,29,11,47,54,43,73,65,13,24,31,1,26,12,64,12,56,57,17,1.0,regular,Golden State Warriors 2016-17,2016-17,95.24,24.149517009659807,56,13.60496254501875
2016-17,1610612744,GSW,Golden State Warriors,21600854,2017-02-23,GSW vs. LAC,W,48.0,43,81,0.531,13,25,0.52,24,26,0.923,10,43,53,31,21.0,11,11,0,27,16,123,10.0,1,1,1,1,4,38,68,19,29,72,7,17,23,6,29,4,8,35,79,20,8,1,80,64,21,45,1.0,regular,Golden State Warriors 2016-17,2016-17,103.44,9.667440061871616,57,10.01905413632072
2016-17,1610612744,GSW,Golden State Warriors,21600873,2017-02-25,GSW vs. BKN,W,48.0,42,100,0.42,11,31,0.355,17,22,0.773,13,39,52,30,11.0,10,11,3,17,20,112,17.0,1,1,1,1,4,46,4,77,46,39,52,35,38,48,10,20,10,44,10,26,8,26,19,33,51,24,2.0,regular,Golden State Warriors 2016-17,2016-17,107.68,15.787518573551262,58,11.409411118016463
2016-17,1610612744,GSW,Golden State Warriors,21600883,2017-02-27,GSW @ PHI,W,48.0,40,89,0.449,6,29,0.207,33,39,0.846,16,29,45,31,14.0,14,4,3,18,25,119,11.0,1,1,1,1,4,58,23,68,78,53,79,1,1,21,3,72,33,35,33,3,60,26,28,9,33,43,1.0,regular,Golden State Warriors 2016-17,2016-17,104.16,10.560675883256529,59,11.011426748218813
2016-17,1610612744,GSW,Golden State Warriors,21600889,2017-02-28,GSW @ WAS,L,48.0,39,84,0.464,8,29,0.276,22,27,0.815,13,28,41,28,19.0,10,6,6,23,22,108,-4.0,1,68,68,68,4,64,57,59,69,53,70,23,20,32,10,75,58,52,74,26,40,64,68,18,60,72,1.0,regular,Golden State Warriors 2016-17,2016-17,101.88,-3.926187671770711,60,9.367845702365837
2016-17,1610612744,GSW,Golden State Warriors,21600906,2017-03-02,GSW @ CHI,L,48.0,34,88,0.386,6,30,0.2,13,14,0.929,6,35,41,23,15.0,10,6,5,18,15,87,-7.0,1,68,68,68,4,79,33,80,78,44,80,58,72,4,65,39,58,75,37,26,40,56,28,68,80,75,1.0,regular,Golden State Warriors 2016-17,2016-17,103.16,-6.785575804575417,61,8.965633000316549
2016-17,1610612744,GSW,Golden State Warriors,21600928,2017-03-05,GSW @ NYK,W,48.0,40,88,0.455,13,35,0.371,19,23,0.826,11,24,35,21,8.0,11,3,6,18,20,112,7.0,1,1,1,1,4,58,33,63,29,18,45,26,33,29,25,81,77,80,1,20,74,64,28,33,51,57,1.0,regular,Golden State Warriors 2016-17,2016-17,95.12,7.359125315391085,62,6.561351042390504
2016-17,1610612744,GSW,Golden State Warriors,21600937,2017-03-06,GSW @ ATL,W,48.0,41,87,0.471,20,44,0.455,17,22,0.773,13,30,43,33,16.0,10,4,6,22,23,119,8.0,1,1,1,1,4,52,40,54,2,2,19,35,38,48,10,67,46,21,48,26,60,64,59,14,33,52,1.0,regular,Golden State Warriors 2016-17,2016-17,99.68,8.025682182985554,63,5.874642056558797
2016-17,1610612744,GSW,Golden State Warriors,21600959,2017-03-08,GSW vs. BOS,L,48.0,37,84,0.44,6,30,0.2,6,9,0.667,12,34,46,23,18.0,8,12,1,20,10,86,-13.0,1,68,68,68,4,73,57,74,78,44,80,81,81,73,19,43,24,75,65,56,7,4,45,81,81,77,1.0,regular,Golden State Warriors 2016-17,2016-17,93.96,-13.835674755214985,64,2.95850753122887
2016-17,1610612744,GSW,Golden State Warriors,21600968,2017-03-10,GSW @ MIN,L,48.0,41,88,0.466,7,24,0.292,13,17,0.765,12,31,43,25,12.0,9,5,3,21,18,102,-1.0,1,68,68,68,4,52,33,57,75,75,68,58,61,51,19,57,46,65,15,41,49,26,55,47,74,68,1.0,regular,Golden State Warriors 2016-17,2016-17,95.48,-1.0473397570171763,65,4.995518103813756
2016-17,1610612744,GSW,Golden State Warriors,21600980,2017-03-11,GSW @ SAS,L,48.0,33,92,0.359,5,17,0.294,14,23,0.609,20,29,49,19,15.0,10,4,7,16,18,85,-22.0,1,68,68,68,4,81,13,82,81,82,67,54,33,76,1,72,16,81,37,26,60,74,12,47,82,80,1.0,regular,Golden State Warriors 2016-17,2016-17,97.12,-22.652388797364083,66,0.31532752311136747
2016-17,1610612744,GSW,Golden State Warriors,21601003,2017-03-14,GSW vs. PHI,W,48.0,32,88,0.364,14,32,0.438,28,35,0.8,13,30,43,24,18.0,12,11,10,24,26,106,2.0,1,1,1,1,4,82,33,81,18,32,26,6,6,36,10,67,46,72,65,16,8,81,72,6,65,66,1.0,regular,Golden State Warriors 2016-17,2016-17,108.4,1.8450184501845017,67,-0.466914638057344
2016-17,1610612744,GSW,Golden State Warriors,21601019,2017-03-16,GSW vs. ORL,W,48.0,50,87,0.575,10,26,0.385,12,23,0.522,7,40,47,36,13.0,14,9,4,18,21,122,30.0,1,1,1,1,4,6,40,7,56,68,42,65,33,81,55,13,21,11,25,3,19,43,28,27,24,8,1.0,regular,Golden State Warriors 2016-17,2016-17,103.12,29.092319627618306,68,0.8635654673493605
2016-17,1610612744,GSW,Golden State Warriors,21601035,2017-03-18,GSW vs. MIL,W,48.0,45,75,0.6,12,23,0.522,15,19,0.789,6,38,44,30,14.0,5,6,7,16,17,117,25.0,1,1,1,1,4,23,80,4,40,76,6,46,53,42,65,25,39,44,33,77,40,74,12,56,38,12,1.0,regular,Golden State Warriors 2016-17,2016-17,91.36,27.36427320490368,69,2.5439251995140753
2016-17,1610612744,GSW,Golden State Warriors,21601049,2017-03-20,GSW @ OKC,W,48.0,40,83,0.482,15,33,0.455,16,21,0.762,9,37,46,28,17.0,8,8,2,22,19,111,16.0,1,1,1,1,4,58,62,49,11,25,19,40,43,54,35,30,24,52,57,56,23,11,59,38,54,27,1.0,regular,Golden State Warriors 2016-17,2016-17,100.24,15.96169193934557,70,4.532713160625704
2016-17,1610612744,GSW,Golden State Warriors,21601055,2017-03-21,GSW @ DAL,W,48.0,43,78,0.551,13,30,0.433,13,16,0.813,4,42,46,34,16.0,10,2,2,20,14,112,25.0,1,1,1,1,4,38,74,15,29,44,29,58,66,33,78,6,24,19,48,26,78,11,45,72,51,12,1.0,regular,Golden State Warriors 2016-17,2016-17,97.04,25.762572135201978,71,7.787527954603443
2016-17,1610612744,GSW,Golden State Warriors,21601081,2017-03-24,GSW vs. SAC,W,48.0,44,89,0.494,10,31,0.323,16,18,0.889,13,31,44,37,13.0,14,8,4,15,16,114,14.0,1,1,1,1,4,32,23,40,56,39,61,40,56,12,10,57,39,6,25,3,23,43,8,64,46,34,1.0,regular,Golden State Warriors 2016-17,2016-17,96.92,14.444903012794057,72,8.49610572434374
2016-17,1610612744,GSW,Golden State Warriors,21601094,2017-03-26,GSW vs. MEM,W,48.0,39,71,0.549,17,31,0.548,11,15,0.733,7,30,37,30,18.0,9,4,0,15,13,106,12.0,1,1,1,1,4,64,82,16,5,39,3,74,70,60,55,67,74,44,65,41,60,1,8,76,65,40,1.0,regular,Golden State Warriors 2016-17,2016-17,88.6,13.544018058690746,73,9.04793931191426
2016-17,1610612744,GSW,Golden State Warriors,21601108,2017-03-28,GSW @ HOU,W,48.0,45,88,0.511,11,41,0.268,12,16,0.75,8,36,44,33,17.0,9,7,2,29,14,113,7.0,1,1,1,1,4,23,33,29,46,6,73,65,66,57,47,34,39,21,57,41,29,11,82,72,47,57,1.0,regular,Golden State Warriors 2016-17,2016-17,104.04,6.728181468665897,74,11.104324934302348
2016-17,1610612744,GSW,Golden State Warriors,21601118,2017-03-29,GSW @ SAS,W,48.0,43,85,0.506,13,26,0.5,11,11,1.0,10,25,35,31,15.0,7,7,9,22,12,110,12.0,1,1,1,1,4,38,51,32,29,68,10,74,80,1,29,80,77,35,37,64,29,80,59,77,55,40,1.0,regular,Golden State Warriors 2016-17,2016-17,94.84,12.652889076339097,75,12.474347817637975
2016-17,1610612744,GSW,Golden State Warriors,21601136,2017-03-31,GSW vs. HOU,W,48.0,43,95,0.453,11,32,0.344,10,14,0.714,13,30,43,27,12.0,10,14,3,20,12,107,9.0,1,1,1,1,4,38,9,66,46,32,54,78,72,63,10,67,46,57,15,26,1,26,45,77,63,49,1.0,regular,Golden State Warriors 2016-17,2016-17,100.16,8.985623003194888,76,15.638148997693872
2016-17,1610612744,GSW,Golden State Warriors,21601152,2017-04-02,GSW vs. WAS,W,48.0,50,88,0.568,16,36,0.444,23,26,0.885,10,34,44,34,16.0,7,10,3,20,20,139,24.0,1,1,1,1,4,6,33,8,8,11,23,22,23,14,29,43,39,19,48,64,12,26,45,33,4,14,1.0,regular,Golden State Warriors 2016-17,2016-17,105.44,22.76176024279211,77,17.729823176954632
2016-17,1610612744,GSW,Golden State Warriors,21601162,2017-04-04,GSW vs. MIN,W,48.0,44,84,0.524,14,32,0.438,19,24,0.792,8,32,40,33,13.0,9,7,3,19,19,121,14.0,1,1,1,1,4,32,57,24,18,32,26,26,27,38,47,53,64,21,25,41,29,26,38,38,28,34,1.0,regular,Golden State Warriors 2016-17,2016-17,99.56,14.061872237846524,78,16.226778437977455
2016-17,1610612744,GSW,Golden State Warriors,21601171,2017-04-05,GSW @ PHX,W,48.0,45,89,0.506,13,30,0.433,17,24,0.708,7,32,39,25,15.0,13,9,2,19,22,120,9.0,1,1,1,1,4,23,23,35,29,44,29,35,27,65,55,53,68,65,37,12,19,11,38,18,31,49,1.0,regular,Golden State Warriors 2016-17,2016-17,107.56,8.367422833767199,79,14.327093400863806
2016-17,1610612744,GSW,Golden State Warriors,21601195,2017-04-08,GSW vs. NOP,W,48.0,49,96,0.51,10,33,0.303,15,16,0.938,14,39,53,37,9.0,2,4,1,15,15,123,22.0,1,1,1,1,4,11,6,30,56,25,65,46,66,3,8,20,8,6,3,82,60,4,8,68,21,19,1.0,regular,Golden State Warriors 2016-17,2016-17,98.04,22.439820481436147,80,14.974906255072863
2016-17,1610612744,GSW,Golden State Warriors,21601211,2017-04-10,GSW vs. UTA,L,48.0,39,80,0.488,9,25,0.36,12,17,0.706,8,34,42,25,13.0,5,6,3,17,17,99,-6.0,1,68,68,68,4,64,71,46,62,72,51,65,61,66,47,43,55,65,25,77,40,26,19,56,77,74,1.0,regular,Golden State Warriors 2016-17,2016-17,92.48,-6.487889273356401,81,11.749860114217027
2016-17,1610612744,GSW,Golden State Warriors,21601229,2017-04-12,GSW vs. LAL,W,48.0,41,90,0.456,12,36,0.333,15,22,0.682,14,40,54,26,21.0,14,8,2,17,22,109,15.0,1,1,1,1,4,52,18,62,40,11,57,46,38,72,8,13,5,62,79,3,23,11,19,18,57,31,1.0,regular,Golden State Warriors 2016-17,2016-17,106.68,14.0607424071991,82,11.711444053657532
2016-17,1610612744,GSW,Golden State Warriors,41600141,2017-04-16,GSW vs. POR,W,48.0,43,81,0.531,11,27,0.407,24,28,0.857,9,36,45,26,16.0,7,10,3,24,25,121,12.0,1,1,1,1,1,8,16,5,10,15,7,3,4,6,7,8,8,12,9,11,3,3,10,1,6,8,1.0,playoffs,Golden State Warriors 2016-17,2016-17,100.32,11.961722488038278,83,11.553214496592284
2016-17,1610612744,GSW,Golden State Warriors,41600142,2017-04-19,GSW vs. POR,W,48.0,40,91,0.44,10,32,0.313,20,24,0.833,11,43,54,31,17.0,8,11,7,17,19,110,29.0,1,1,1,1,1,11,2,15,15,9,14,9,9,8,5,3,1,5,11,7,1,17,3,14,15,2,1.0,playoffs,Golden State Warriors 2016-17,2016-17,107.56,26.961695797694308,84,13.576565929495127
2016-17,1610612744,GSW,Golden State Warriors,41600143,2017-04-22,GSW @ POR,W,48.0,40,91,0.44,12,36,0.333,27,35,0.771,6,36,42,25,7.0,11,11,6,19,23,119,6.0,1,1,1,1,1,11,2,15,8,6,13,1,2,12,12,8,12,14,2,5,1,15,4,5,9,14,1.0,playoffs,Golden State Warriors 2016-17,2016-17,107.4,5.58659217877095,85,12.869936239738308
2016-17,1610612744,GSW,Golden State Warriors,41600144,2017-04-24,GSW @ POR,W,48.0,46,86,0.535,17,29,0.586,19,27,0.704,6,39,45,27,10.0,7,9,3,15,20,128,25.0,1,1,1,1,1,3,8,4,3,13,1,10,6,16,12,6,8,10,5,11,4,3,1,12,5,4,1.0,playoffs,Golden State Warriors 2016-17,2016-17,101.88,24.53867294856694,86,14.425241234275514
2016-17,1610612744,GSW,Golden State Warriors,41600221,2017-05-02,GSW vs. UTA,W,48.0,40,82,0.488,7,29,0.241,19,21,0.905,5,32,37,32,7.0,7,8,4,16,18,106,12.0,1,1,1,1,1,11,15,10,17,13,17,10,14,4,16,14,17,4,2,11,5,10,2,15,16,8,1.0,playoffs,Golden State Warriors 2016-17,2016-17,93.24,12.87001287001287,87,13.436066496997592
2016-17,1610612744,GSW,Golden State Warriors,41600222,2017-05-04,GSW vs. UTA,W,48.0,42,85,0.494,14,31,0.452,17,20,0.85,9,38,47,33,17.0,11,4,2,20,23,115,11.0,1,1,1,1,1,10,10,9,5,10,4,15,15,7,7,7,7,3,11,5,11,2,7,5,12,11,1.0,playoffs,Golden State Warriors 2016-17,2016-17,101.8,10.805500982318271,88,13.110429371444766
2016-17,1610612744,GSW,Golden State Warriors,41600223,2017-05-06,GSW @ UTA,W,48.0,37,84,0.44,9,30,0.3,19,23,0.826,8,43,51,17,7.0,3,4,3,20,22,102,11.0,1,1,1,1,1,17,11,14,16,11,15,10,12,9,10,3,4,17,2,17,11,3,7,9,17,11,1.0,playoffs,Golden State Warriors 2016-17,2016-17,93.12,11.812714776632301,89,13.454958565731278
2016-17,1610612744,GSW,Golden State Warriors,41600224,2017-05-08,GSW @ UTA,W,48.0,43,84,0.512,11,26,0.423,24,27,0.889,6,44,50,28,11.0,8,3,4,26,23,121,26.0,1,1,1,1,1,8,11,7,10,17,5,3,6,5,12,2,5,9,6,7,14,10,15,5,6,3,1.0,playoffs,Golden State Warriors 2016-17,2016-17,100.88,25.773195876288664,90,13.788296105216528
2016-17,1610612744,GSW,Golden State Warriors,41600311,2017-05-14,GSW vs. SAS,W,48.0,39,81,0.481,11,30,0.367,24,33,0.727,17,26,43,22,19.0,13,8,3,24,24,113,2.0,1,1,1,1,1,15,16,12,10,11,10,3,3,15,1,16,11,16,15,2,5,3,10,3,13,16,1.0,playoffs,Golden State Warriors 2016-17,2016-17,97.52,2.0508613617719442,91,14.642171168729362
2016-17,1610612744,GSW,Golden State Warriors,41600312,2017-05-16,GSW vs. SAS,W,48.0,50,89,0.562,18,37,0.486,18,19,0.947,6,34,40,39,16.0,16,5,5,19,17,136,36.0,1,1,1,1,1,1,5,1,1,5,2,14,16,1,12,12,15,1,9,1,10,13,4,17,1,1,1.0,playoffs,Golden State Warriors 2016-17,2016-17,107.36,33.53204172876304,92,16.589301100885756
2016-17,1610612744,GSW,Golden State Warriors,41600313,2017-05-20,GSW @ SAS,W,48.0,46,84,0.548,11,27,0.407,17,22,0.773,9,33,42,23,21.0,12,6,3,23,21,120,12.0,1,1,1,1,1,3,11,3,10,15,7,15,13,11,7,13,12,15,17,3,8,3,9,11,8,8,1.0,playoffs,Golden State Warriors 2016-17,2016-17,105.68,11.355034065102194,93,16.528632258592147
2016-17,1610612744,GSW,Golden State Warriors,41600314,2017-05-22,GSW @ SAS,W,48.0,48,86,0.558,14,39,0.359,19,25,0.76,5,48,53,30,17.0,7,3,4,25,20,129,14.0,1,1,1,1,1,2,8,2,5,2,12,10,8,13,16,1,2,7,11,11,14,10,14,12,3,7,1.0,playoffs,Golden State Warriors 2016-17,2016-17,109.0,12.844036697247708,94,15.116866348547486
2016-17,1610612744,GSW,Golden State Warriors,41600401,2017-06-01,GSW vs. CLE,W,48.0,45,106,0.425,12,33,0.364,11,16,0.688,14,36,50,31,4.0,12,3,6,24,23,113,22.0,1,1,1,1,1,7,1,17,8,7,11,17,17,17,3,8,5,5,1,3,14,15,10,5,13,5,1.0,playoffs,Golden State Warriors 2016-17,2016-17,103.04,21.350931677018632,95,16.693300298372257
2016-17,1610612744,GSW,Golden State Warriors,41600402,2017-06-04,GSW vs. CLE,W,48.0,46,89,0.517,18,43,0.419,22,24,0.917,10,43,53,34,20.0,5,7,1,19,18,132,19.0,1,1,1,1,1,3,5,6,1,1,6,7,9,2,6,3,2,2,16,15,7,1,4,15,2,6,1.0,playoffs,Golden State Warriors 2016-17,2016-17,109.56,17.342095655348665,96,15.97364256905043
2016-17,1610612744,GSW,Golden State Warriors,41600403,2017-06-07,GSW @ CLE,W,48.0,40,83,0.482,16,33,0.485,22,24,0.917,8,36,44,29,18.0,8,4,3,28,25,118,5.0,1,1,1,1,1,11,14,11,4,7,3,7,9,2,10,8,10,8,14,7,11,3,17,1,10,15,1.0,playoffs,Golden State Warriors 2016-17,2016-17,103.56,4.828118964851294,97,15.169453178534273
2016-17,1610612744,GSW,Golden State Warriors,41600404,2017-06-09,GSW @ CLE,L,48.0,39,87,0.448,11,39,0.282,27,36,0.75,16,24,40,26,12.0,5,6,3,27,24,116,-21.0,1,17,17,17,1,15,7,13,10,2,16,1,1,14,2,17,15,12,7,15,8,3,16,3,11,17,1.0,playoffs,Golden State Warriors 2016-17,2016-17,98.84,-21.246458923512748,98,11.964257187951171
2016-17,1610612744,GSW,Golden State Warriors,41600405,2017-06-12,GSW vs. CLE,W,48.0,46,90,0.511,14,38,0.368,23,28,0.821,13,29,42,27,13.0,8,2,5,24,22,129,9.0,1,1,1,1,1,3,4,8,5,4,9,6,4,10,4,15,12,10,8,7,17,13,10,9,3,13,1.0,playoffs,Golden State Warriors 2016-17,2016-17,102.32,8.795934323690384,99,11.662579142656977
2010-11,1610612748,MIA,Miami Heat,21000001,2010-10-26,MIA @ BOS,L,48.0,27,74,0.365,8,20,0.4,18,25,0.72,11,28,39,15,17.0,10,6,4,21,19,80,-8.0,1,59,59,59,5,81,52,81,22,24,28,54,50,63,20,60,59,65,65,4,23,53,43,58,81,74,,regular,Miami Heat 2010-11,2010-11,91.0,-8.791208791208792,1,-8.791208791208792
2010-11,1610612748,MIA,Miami Heat,21000006,2010-10-27,MIA @ PHI,W,48.0,33,69,0.478,8,16,0.5,23,31,0.742,5,32,37,15,16.0,8,6,4,18,22,97,10.0,1,1,1,1,5,62,75,46,22,50,8,28,26,53,76,50,67,65,52,22,23,53,18,35,48,34,,regular,Miami Heat 2010-11,2010-11,93.64,10.679196924391286,2,0.9439940665912472
2010-11,1610612748,MIA,Miami Heat,21000025,2010-10-29,MIA vs. ORL,W,48.0,33,81,0.407,9,18,0.5,21,27,0.778,14,37,51,17,12.0,6,5,3,27,20,96,26.0,1,1,1,1,5,62,17,74,16,37,8,45,43,39,9,10,2,57,20,44,36,41,77,53,52,7,,regular,Miami Heat 2010-11,2010-11,90.88,28.609154929577468,3,10.16571435425332
2010-11,1610612748,MIA,Miami Heat,21000040,2010-10-31,MIA @ NJN,W,48.0,36,67,0.537,5,16,0.313,24,34,0.706,5,35,40,29,8.0,10,6,0,21,19,101,23.0,1,1,1,1,5,41,80,15,49,50,58,26,18,66,76,23,53,4,3,4,23,1,43,58,39,9,,regular,Miami Heat 2010-11,2010-11,84.96000000000001,27.071563088512242,4,14.392176537818052
2010-11,1610612748,MIA,Miami Heat,21000050,2010-11-02,MIA vs. MIN,W,48.0,46,79,0.582,12,21,0.571,25,31,0.806,8,39,47,31,16.0,9,7,2,27,23,129,32.0,1,1,1,1,5,4,23,1,4,21,5,21,26,22,52,5,15,2,52,12,16,22,77,24,1,2,,regular,Miami Heat 2010-11,2010-11,100.64,31.79650238473768,5,17.873041707201978
2010-11,1610612748,MIA,Miami Heat,21000075,2010-11-05,MIA @ NOH,L,48.0,33,78,0.423,5,21,0.238,22,24,0.917,8,28,36,19,13.0,6,5,1,17,22,93,-3.0,1,59,59,59,5,62,31,67,49,21,71,39,54,4,52,60,69,41,31,44,36,9,12,35,68,63,,regular,Miami Heat 2010-11,2010-11,93.56,-3.2064985036340317,6,14.359785005395976
2010-11,1610612748,MIA,Miami Heat,21000082,2010-11-06,MIA vs. NJN,W,48.0,36,74,0.486,6,15,0.4,23,29,0.793,6,38,44,19,13.0,7,7,3,16,21,101,12.0,1,1,1,1,5,41,52,40,39,58,28,28,32,27,67,8,28,41,31,32,16,41,7,45,39,26,,regular,Miami Heat 2010-11,2010-11,93.76,12.798634812286688,7,14.136763549237505
2010-11,1610612748,MIA,Miami Heat,21000103,2010-11-09,MIA vs. UTA,L,53.0,36,82,0.439,6,15,0.4,36,47,0.766,10,36,46,21,12.0,3,7,5,20,32,114,-2.0,1,59,59,59,1,41,13,63,39,58,28,1,1,46,29,16,18,29,20,71,16,64,33,1,13,60,,regular,Miami Heat 2010-11,2010-11,104.68,-1.910584638899503,8,12.13084502572038
2010-11,1610612748,MIA,Miami Heat,21000118,2010-11-11,MIA vs. BOS,L,48.0,36,72,0.5,3,16,0.188,32,41,0.78,11,26,37,18,14.0,4,4,0,22,30,107,-5.0,1,59,59,59,5,41,62,31,71,50,77,6,5,38,20,74,67,50,38,67,51,1,54,4,26,69,,regular,Miami Heat 2010-11,2010-11,93.03999999999999,-5.374032674118659,9,10.185858614627154
2010-11,1610612748,MIA,Miami Heat,21000133,2010-11-13,MIA vs. TOR,W,48.0,40,79,0.506,3,10,0.3,26,36,0.722,11,27,38,18,9.0,5,2,4,22,29,109,9.0,1,1,1,1,5,24,23,30,71,77,61,17,14,60,20,66,63,50,6,59,75,53,54,6,22,36,,regular,Miami Heat 2010-11,2010-11,92.84,9.69409737182249,10,10.136682490346686
2010-11,1610612748,MIA,Miami Heat,21000158,2010-11-17,MIA vs. PHX,W,48.0,47,86,0.547,7,19,0.368,22,25,0.88,9,33,42,29,11.0,9,3,4,27,22,123,27.0,1,1,1,1,5,2,8,12,31,30,36,39,50,8,41,41,43,4,14,12,60,53,77,35,4,5,,regular,Miami Heat 2010-11,2010-11,99.0,27.27272727272727,11,13.743076096740293
2010-11,1610612748,MIA,Miami Heat,21000175,2010-11-19,MIA vs. CHA,W,48.0,34,80,0.425,5,17,0.294,22,27,0.815,10,34,44,14,12.0,6,3,1,18,23,95,8.0,1,1,1,1,5,55,20,66,49,45,64,39,43,19,29,33,28,73,20,44,60,9,18,24,60,39,,regular,Miami Heat 2010-11,2010-11,93.88,8.52151682999574,12,13.527308087300739
2010-11,1610612748,MIA,Miami Heat,21000185,2010-11-20,MIA @ MEM,L,48.0,38,79,0.481,10,22,0.455,9,12,0.75,6,26,32,20,8.0,6,1,5,22,15,95,-2.0,1,59,59,59,5,29,23,44,8,16,16,81,81,48,67,74,78,31,3,44,79,64,54,77,60,60,,regular,Miami Heat 2010-11,2010-11,86.28,-2.3180343069077423,13,10.434589163652216
2010-11,1610612748,MIA,Miami Heat,21000196,2010-11-22,MIA vs. IND,L,48.0,24,62,0.387,4,20,0.2,25,38,0.658,6,33,39,16,22.0,4,10,2,19,27,77,-16.0,1,59,59,59,5,82,82,79,64,24,76,21,9,77,67,41,59,63,82,67,3,22,26,10,82,80,,regular,Miami Heat 2010-11,2010-11,94.72,-16.89189189189189,14,6.0382436656118035
2010-11,1610612748,MIA,Miami Heat,21000213,2010-11-24,MIA @ ORL,L,48.0,34,82,0.415,4,18,0.222,23,29,0.793,13,25,38,19,10.0,6,2,2,27,19,95,-9.0,1,59,59,59,5,55,13,72,64,37,74,28,32,27,10,78,63,41,8,44,75,22,77,58,60,75,,regular,Miami Heat 2010-11,2010-11,91.76,-9.808195292066259,15,1.8777738979314105
2010-11,1610612748,MIA,Miami Heat,21000226,2010-11-26,MIA vs. PHI,W,48.0,35,78,0.449,6,16,0.375,23,29,0.793,12,27,39,19,11.0,7,3,1,16,22,99,9.0,1,1,1,1,5,49,31,57,39,50,34,28,32,27,15,66,59,41,14,32,60,9,7,35,46,36,,regular,Miami Heat 2010-11,2010-11,89.76,10.026737967914439,16,3.2010975450862573
2010-11,1610612748,MIA,Miami Heat,21000239,2010-11-27,MIA @ DAL,L,48.0,31,75,0.413,5,15,0.333,28,35,0.8,10,33,43,17,15.0,8,5,3,24,23,95,-11.0,1,59,59,59,5,72,46,73,49,58,45,13,16,23,29,41,37,57,45,22,36,41,68,24,60,77,,regular,Miami Heat 2010-11,2010-11,95.4,-11.530398322851152,17,0.7681942315724737
2010-11,1610612748,MIA,Miami Heat,21000250,2010-11-29,MIA vs. WAS,W,48.0,34,74,0.459,4,12,0.333,33,42,0.786,9,36,45,15,17.0,6,6,5,21,31,105,11.0,1,1,1,1,5,55,52,51,64,71,45,5,4,32,41,16,24,65,65,44,23,64,43,2,32,33,,regular,Miami Heat 2010-11,2010-11,100.48,10.947452229299362,18,2.05399791839236
2010-11,1610612748,MIA,Miami Heat,21000265,2010-12-01,MIA vs. DET,W,48.0,39,76,0.513,6,12,0.5,13,21,0.619,10,35,45,23,10.0,10,4,3,18,16,97,25.0,1,1,1,1,5,26,44,25,39,71,8,74,64,80,29,23,24,20,8,4,51,41,18,74,48,8,,regular,Miami Heat 2010-11,2010-11,85.24,29.32895354293759,19,5.524296540097985
2010-11,1610612748,MIA,Miami Heat,21000273,2010-12-02,MIA @ CLE,W,48.0,47,83,0.566,10,24,0.417,14,21,0.667,9,34,43,30,10.0,7,5,0,28,19,118,28.0,1,1,1,1,5,2,10,7,8,10,26,70,64,74,41,33,37,3,8,32,36,1,82,58,8,4,,regular,Miami Heat 2010-11,2010-11,93.24,30.03003003003003,20,7.557889805918739
2010-11,1610612748,MIA,Miami Heat,21000288,2010-12-04,MIA vs. ATL,W,48.0,34,72,0.472,3,8,0.375,18,23,0.783,6,37,43,15,10.0,7,9,0,16,17,89,12.0,1,1,1,1,5,55,62,48,71,81,34,54,58,36,67,10,37,65,8,32,4,1,7,71,70,26,,regular,Miami Heat 2010-11,2010-11,86.12,13.934045517882025,21,6.224021630434214
2010-11,1610612748,MIA,Miami Heat,21000306,2010-12-06,MIA @ MIL,W,48.0,35,72,0.486,5,8,0.625,13,18,0.722,11,37,48,20,18.0,2,3,5,26,20,88,10.0,1,1,1,1,5,49,62,41,49,81,3,74,74,60,20,10,12,31,73,78,60,64,75,53,73,34,,regular,Miami Heat 2010-11,2010-11,86.92,11.50483202945237,22,6.522353150379876
2010-11,1610612748,MIA,Miami Heat,21000324,2010-12-08,MIA @ UTA,W,48.0,41,80,0.513,9,20,0.45,20,25,0.8,15,27,42,22,15.0,8,1,3,21,20,111,13.0,1,1,1,1,5,17,20,26,16,24,17,47,50,23,5,66,43,23,45,22,79,41,43,53,17,25,,regular,Miami Heat 2010-11,2010-11,91.0,14.285714285714285,23,8.18272800964208
2010-11,1610612748,MIA,Miami Heat,21000340,2010-12-10,MIA @ GSW,W,48.0,41,78,0.526,9,14,0.643,15,21,0.714,15,35,50,33,19.0,8,7,2,16,17,106,22.0,1,1,1,1,5,17,31,18,16,64,1,66,64,64,5,23,3,1,77,22,16,22,7,71,28,11,,regular,Miami Heat 2010-11,2010-11,91.24,24.112231477422185,24,12.283140346573488
2010-11,1610612748,MIA,Miami Heat,21000348,2010-12-11,MIA @ SAC,W,48.0,41,79,0.519,7,14,0.5,15,24,0.625,11,45,56,22,15.0,7,8,4,18,21,104,21.0,1,1,1,1,5,17,23,23,31,64,8,66,54,79,20,1,1,23,45,32,11,53,18,45,34,13,,regular,Miami Heat 2010-11,2010-11,93.56,22.44548952543822,25,15.508508828323937
2010-11,1610612748,MIA,Miami Heat,21000355,2010-12-13,MIA vs. NOH,W,48.0,31,70,0.443,4,14,0.286,30,38,0.789,8,28,36,17,6.0,6,9,1,25,29,96,12.0,1,1,1,1,5,72,73,60,64,64,66,11,9,30,52,60,69,57,1,44,4,9,71,6,52,26,,regular,Miami Heat 2010-11,2010-11,84.72,14.164305949008499,26,15.92226562643334
2010-11,1610612748,MIA,Miami Heat,21000371,2010-12-15,MIA vs. CLE,W,48.0,32,70,0.457,10,23,0.435,27,41,0.659,9,36,45,17,14.0,4,8,0,20,28,101,6.0,1,1,1,1,5,69,73,52,8,13,21,15,5,76,41,16,24,57,38,67,11,1,33,9,39,47,,regular,Miami Heat 2010-11,2010-11,93.03999999999999,6.44883920894239,27,17.720189379612695
2010-11,1610612748,MIA,Miami Heat,21000382,2010-12-17,MIA @ NYK,W,48.0,45,82,0.549,10,18,0.556,13,18,0.722,8,37,45,19,18.0,10,9,3,20,14,113,22.0,1,1,1,1,5,6,13,11,8,37,6,74,74,60,52,10,24,41,73,4,4,41,33,80,15,11,,regular,Miami Heat 2010-11,2010-11,99.92,22.017614091273018,28,18.82720556581006
2010-11,1610612748,MIA,Miami Heat,21000393,2010-12-18,MIA @ WAS,W,48.0,31,72,0.431,8,22,0.364,25,32,0.781,8,36,44,18,17.0,8,9,6,20,23,95,1.0,1,1,1,1,5,72,62,65,22,16,37,21,22,37,52,16,28,50,65,22,4,74,33,24,60,57,,regular,Miami Heat 2010-11,2010-11,95.08,1.051745898190997,29,15.999484801335402
2010-11,1610612748,MIA,Miami Heat,21000410,2010-12-20,MIA vs. DAL,L,48.0,34,84,0.405,11,31,0.355,17,25,0.68,16,28,44,18,12.0,7,5,1,20,23,96,-2.0,1,59,59,59,5,55,9,77,6,1,40,57,50,72,3,60,28,50,20,32,36,9,33,24,52,60,,regular,Miami Heat 2010-11,2010-11,91.0,-2.197802197802198,30,12.77670157855218
2010-11,1610612748,MIA,Miami Heat,21000432,2010-12-23,MIA @ PHX,W,48.0,37,82,0.451,5,18,0.278,16,17,0.941,11,33,44,12,16.0,9,4,2,22,21,95,12.0,1,1,1,1,5,34,13,56,49,37,67,64,78,2,20,41,28,80,52,12,51,22,54,45,60,26,,regular,Miami Heat 2010-11,2010-11,94.48,12.701100762066044,31,12.65340710297058
2010-11,1610612748,MIA,Miami Heat,21000435,2010-12-25,MIA @ LAL,W,48.0,35,79,0.443,9,25,0.36,17,20,0.85,9,35,44,25,10.0,9,4,1,17,23,96,16.0,1,1,1,1,5,49,23,59,16,8,38,57,68,12,41,23,28,13,8,12,51,9,12,24,52,20,,regular,Miami Heat 2010-11,2010-11,88.8,18.01801801801802,32,13.304725701827147
2010-11,1610612748,MIA,Miami Heat,21000457,2010-12-28,MIA vs. NYK,W,48.0,38,79,0.481,3,13,0.231,27,34,0.794,13,37,50,15,11.0,2,5,5,20,22,106,8.0,1,1,1,1,5,29,23,44,71,68,73,15,18,26,10,10,3,65,14,78,36,64,33,35,28,39,,regular,Miami Heat 2010-11,2010-11,91.96000000000001,8.69943453675511,33,12.746097726931229
2010-11,1610612748,MIA,Miami Heat,21000469,2010-12-29,MIA @ HOU,W,48.0,43,74,0.581,5,16,0.313,34,37,0.919,4,36,40,20,17.0,3,9,0,26,23,125,6.0,1,1,1,1,5,9,52,2,49,50,58,3,11,3,81,16,53,31,65,71,4,1,75,24,2,47,,regular,Miami Heat 2010-11,2010-11,103.28,5.809450038729667,34,10.915819583061976
2010-11,1610612748,MIA,Miami Heat,21000486,2011-01-01,MIA vs. GSW,W,48.0,35,71,0.493,9,21,0.429,35,47,0.745,10,33,43,24,14.0,7,6,2,12,31,114,7.0,1,1,1,1,5,49,69,36,16,21,23,2,1,52,29,41,37,15,38,32,23,22,1,2,13,44,,regular,Miami Heat 2010-11,2010-11,95.68,7.316053511705685,35,9.402875981688723
2010-11,1610612748,MIA,Miami Heat,21000499,2011-01-03,MIA @ CHA,W,48.0,37,76,0.487,5,15,0.333,17,19,0.895,10,36,46,15,16.0,5,5,2,15,20,96,14.0,1,1,1,1,5,34,44,39,49,58,45,57,71,6,29,16,18,65,52,59,36,22,4,53,52,22,,regular,Miami Heat 2010-11,2010-11,90.36,15.493581230633025,36,9.535803509851176
2010-11,1610612748,MIA,Miami Heat,21000505,2011-01-04,MIA vs. MIL,W,48.0,33,74,0.446,4,12,0.333,31,37,0.838,12,35,47,14,14.0,8,7,4,22,25,101,12.0,1,1,1,1,5,62,52,58,64,71,45,8,11,13,15,23,15,73,38,22,16,53,54,14,39,26,,regular,Miami Heat 2010-11,2010-11,92.28,13.003901170351106,37,10.191309705992046
2010-11,1610612748,MIA,Miami Heat,21000532,2011-01-07,MIA @ MIL,W,53.0,35,89,0.393,5,12,0.417,26,32,0.813,13,35,48,20,16.0,11,6,9,21,23,101,6.0,1,1,1,1,1,49,3,78,49,71,26,17,22,20,10,23,12,31,52,2,23,82,43,24,39,47,,regular,Miami Heat 2010-11,2010-11,106.08,5.656108597285068,38,8.555159156593252
2010-11,1610612748,MIA,Miami Heat,21000549,2011-01-09,MIA @ POR,W,53.0,45,79,0.57,5,15,0.333,12,16,0.75,7,34,41,19,17.0,7,3,3,22,15,107,7.0,1,1,1,1,1,6,23,5,49,58,45,77,79,48,66,33,49,41,65,32,60,41,54,77,26,44,,regular,Miami Heat 2010-11,2010-11,96.04,7.2886297376093285,39,9.178847540535086
2010-11,1610612748,MIA,Miami Heat,21000572,2011-01-12,MIA @ LAC,L,48.0,37,88,0.42,8,27,0.296,23,30,0.767,13,33,46,22,7.0,3,5,8,21,18,105,-6.0,1,59,59,59,5,34,5,69,22,5,63,28,28,43,10,41,18,23,2,71,36,79,43,65,32,73,,regular,Miami Heat 2010-11,2010-11,95.2,-6.302521008403361,40,8.76837565947497
2010-11,1610612748,MIA,Miami Heat,21000575,2011-01-13,MIA @ DEN,L,48.0,41,89,0.461,10,23,0.435,10,18,0.556,12,29,41,23,16.0,3,5,3,15,18,102,-28.0,1,59,59,59,5,17,3,50,8,13,21,79,74,82,15,56,49,20,52,71,36,41,4,65,38,81,,regular,Miami Heat 2010-11,2010-11,100.92,-27.744748315497425,41,4.723790751718623
2010-11,1610612748,MIA,Miami Heat,21000591,2011-01-15,MIA @ CHI,L,48.0,34,77,0.442,13,28,0.464,15,20,0.75,6,24,30,18,13.0,2,9,5,20,14,96,-3.0,1,59,59,59,5,55,40,61,2,3,15,66,68,48,67,80,80,50,31,78,4,64,33,80,52,63,,regular,Miami Heat 2010-11,2010-11,92.8,-3.2327586206896552,42,2.598713087847855
2010-11,1610612748,MIA,Miami Heat,21000611,2011-01-18,MIA vs. ATL,L,53.0,28,77,0.364,7,30,0.233,26,29,0.897,11,35,46,12,16.0,6,5,2,18,22,89,-4.0,1,59,59,59,1,80,40,82,31,2,72,17,32,5,20,23,18,80,52,44,36,22,18,35,70,67,,regular,Miami Heat 2010-11,2010-11,94.76,-4.221190375685943,43,1.3066505966037496
2010-11,1610612748,MIA,Miami Heat,21000643,2011-01-22,MIA vs. TOR,W,48.0,42,80,0.525,16,26,0.615,20,26,0.769,10,32,42,27,14.0,4,8,1,22,21,120,17.0,1,1,1,1,5,13,20,20,1,6,4,47,46,41,29,50,43,9,38,67,11,9,54,45,7,19,,regular,Miami Heat 2010-11,2010-11,95.44,17.812238055322716,44,2.506929398263055
2010-11,1610612748,MIA,Miami Heat,21000678,2011-01-27,MIA @ NYK,L,48.0,30,72,0.417,5,19,0.263,23,33,0.697,11,38,49,13,19.0,7,5,1,22,22,88,-5.0,1,59,59,59,5,77,62,71,49,30,69,28,21,68,20,8,9,78,77,32,36,9,54,35,73,69,,regular,Miami Heat 2010-11,2010-11,94.52,-5.289885738468049,45,1.2463354732456813
2010-11,1610612748,MIA,Miami Heat,21000686,2011-01-28,MIA vs. DET,W,48.0,33,73,0.452,5,24,0.208,17,22,0.773,9,33,42,18,11.0,3,5,6,16,18,88,1.0,1,1,1,1,5,62,60,55,49,10,75,57,61,40,41,41,43,50,14,71,36,74,7,65,73,57,,regular,Miami Heat 2010-11,2010-11,84.68,1.1809163911195086,46,-0.18493101070567017
2010-11,1610612748,MIA,Miami Heat,21000701,2011-01-30,MIA @ OKC,W,48.0,39,75,0.52,8,18,0.444,22,32,0.688,12,29,41,21,20.0,10,9,4,24,25,108,5.0,1,1,1,1,5,26,46,22,22,37,18,39,22,71,15,56,49,29,80,4,4,53,68,14,24,53,,regular,Miami Heat 2010-11,2010-11,97.08,5.150391429748661,47,-0.9702819847659148
2010-11,1610612748,MIA,Miami Heat,21000710,2011-01-31,MIA vs. CLE,W,48.0,43,88,0.489,8,18,0.444,23,28,0.821,16,34,50,19,13.0,7,6,4,20,22,117,27.0,1,1,1,1,5,9,5,37,22,37,18,28,38,17,3,33,3,41,31,32,23,53,33,35,10,5,,regular,Miami Heat 2010-11,2010-11,97.32,27.743526510480887,48,1.2384598065536672
2010-11,1610612748,MIA,Miami Heat,21000730,2011-02-03,MIA @ ORL,W,48.0,36,72,0.5,7,16,0.438,25,36,0.694,9,35,44,19,11.0,6,6,0,27,26,104,4.0,1,1,1,1,5,41,62,31,31,50,20,21,14,69,41,23,28,41,14,44,23,1,77,12,34,56,,regular,Miami Heat 2010-11,2010-11,89.84,4.452359750667854,49,0.9548328078595196
2010-11,1610612748,MIA,Miami Heat,21000733,2011-02-04,MIA @ CHA,W,48.0,43,78,0.551,9,19,0.474,14,19,0.737,9,27,36,24,12.0,12,3,5,25,22,109,12.0,1,1,1,1,5,9,31,10,16,30,14,70,71,56,41,66,69,15,20,1,60,64,71,35,22,26,,regular,Miami Heat 2010-11,2010-11,89.36,13.428827215756492,50,2.927967630275505
2010-11,1610612748,MIA,Miami Heat,21000754,2011-02-06,MIA vs. LAC,W,48.0,34,77,0.442,10,28,0.357,19,28,0.679,10,34,44,19,16.0,9,7,2,24,21,97,18.0,1,1,1,1,5,55,40,61,8,3,39,51,38,73,29,33,28,41,52,12,16,22,68,45,48,17,,regular,Miami Heat 2010-11,2010-11,95.32,18.883759966428872,51,7.590818458468135
2010-11,1610612748,MIA,Miami Heat,21000769,2011-02-08,MIA vs. IND,W,48.0,44,83,0.53,8,24,0.333,21,28,0.75,10,26,36,20,12.0,10,3,2,14,24,117,5.0,1,1,1,1,5,8,10,17,22,10,45,45,38,48,29,74,69,31,20,4,60,22,2,19,10,53,,regular,Miami Heat 2010-11,2010-11,97.32,5.1376900945334985,52,8.42786332999045
2010-11,1610612748,MIA,Miami Heat,21000792,2011-02-11,MIA @ DET,W,48.0,38,75,0.507,6,14,0.429,24,29,0.828,11,33,44,29,17.0,9,3,5,17,21,106,14.0,1,1,1,1,5,29,46,28,39,64,23,26,32,15,20,41,28,4,65,12,60,64,12,45,28,22,,regular,Miami Heat 2010-11,2010-11,93.76,14.93174061433447,53,10.343156428992492
2010-11,1610612748,MIA,Miami Heat,21000804,2011-02-13,MIA @ BOS,L,48.0,31,74,0.419,3,16,0.188,17,23,0.739,9,32,41,17,17.0,3,3,1,21,22,82,-3.0,1,59,59,59,5,72,52,70,71,50,77,57,58,54,41,50,49,57,65,71,60,9,43,35,80,63,,regular,Miami Heat 2010-11,2010-11,92.12,-3.256621797655232,54,8.236270443694696
2010-11,1610612748,MIA,Miami Heat,21000818,2011-02-15,MIA @ IND,W,48.0,43,88,0.489,4,16,0.25,20,26,0.769,10,40,50,15,13.0,6,8,2,21,19,110,7.0,1,1,1,1,5,9,5,37,64,50,70,47,46,41,29,4,3,65,31,44,11,22,43,58,20,44,,regular,Miami Heat 2010-11,2010-11,102.44,6.833268254588051,55,9.448585843000307
2010-11,1610612748,MIA,Miami Heat,21000825,2011-02-16,MIA @ TOR,W,48.0,36,73,0.493,2,11,0.182,29,37,0.784,10,39,49,22,17.0,5,6,7,14,24,103,8.0,1,1,1,1,5,41,60,35,81,76,79,12,11,35,29,5,9,23,65,59,23,77,2,19,36,39,,regular,Miami Heat 2010-11,2010-11,96.28,8.309098462816785,56,10.161404050170034
2010-11,1610612748,MIA,Miami Heat,21000841,2011-02-22,MIA vs. SAC,W,48.0,51,90,0.567,7,18,0.389,8,11,0.727,8,35,43,20,9.0,9,4,1,19,14,117,20.0,1,1,1,1,5,1,2,6,31,37,32,82,82,58,52,23,37,31,6,12,51,9,26,80,10,15,,regular,Miami Heat 2010-11,2010-11,95.84,20.868113522537563,57,11.733176259448925
2010-11,1610612748,MIA,Miami Heat,21000859,2011-02-24,MIA @ CHI,L,48.0,32,79,0.405,2,12,0.167,23,27,0.852,6,33,39,12,12.0,8,5,3,23,27,89,-4.0,1,59,59,59,5,69,23,76,81,71,82,28,43,11,67,41,59,80,20,22,36,41,64,10,70,67,,regular,Miami Heat 2010-11,2010-11,96.88,-4.128819157720892,58,8.545941692628748
2010-11,1610612748,MIA,Miami Heat,21000866,2011-02-25,MIA vs. WAS,W,48.0,41,78,0.526,5,13,0.385,34,45,0.756,5,29,34,14,8.0,5,6,2,17,29,121,8.0,1,1,1,1,5,17,31,18,49,68,33,3,3,47,76,56,75,73,3,59,23,22,12,6,6,39,,regular,Miami Heat 2010-11,2010-11,100.8,7.936507936507936,59,8.894356511212754
2010-11,1610612748,MIA,Miami Heat,21000887,2011-02-27,MIA vs. NYK,L,48.0,32,74,0.432,6,22,0.273,16,22,0.727,6,36,42,20,20.0,9,3,5,18,20,86,-5.0,1,59,59,59,5,69,52,64,39,16,68,64,61,58,67,16,43,31,80,12,60,64,18,53,76,69,,regular,Miami Heat 2010-11,2010-11,97.68,-5.118755118755118,60,7.039598277761594
2010-11,1610612748,MIA,Miami Heat,21000912,2011-03-03,MIA vs. ORL,L,48.0,35,75,0.467,3,17,0.176,23,30,0.767,8,27,35,13,12.0,10,5,8,19,24,96,-3.0,1,59,59,59,5,49,46,49,71,45,80,28,28,43,52,66,73,78,20,4,36,79,26,19,52,63,,regular,Miami Heat 2010-11,2010-11,92.2,-3.2537960954446854,61,4.825842671574239
2010-11,1610612748,MIA,Miami Heat,21000923,2011-03-04,MIA @ SAS,L,48.0,37,78,0.474,7,20,0.35,14,20,0.7,6,34,40,23,14.0,3,2,1,22,18,95,-30.0,1,59,59,59,5,34,31,47,31,24,42,70,68,67,67,33,53,20,38,71,75,9,54,65,60,82,,regular,Miami Heat 2010-11,2010-11,94.8,-31.645569620253166,62,1.1475167000955715
2010-11,1610612748,MIA,Miami Heat,21000931,2011-03-06,MIA vs. CHI,L,48.0,33,68,0.485,3,9,0.333,17,23,0.739,8,22,30,18,16.0,8,4,5,23,17,86,-1.0,1,59,59,59,5,62,79,42,71,78,45,57,58,54,52,81,80,50,52,22,51,64,64,71,76,59,,regular,Miami Heat 2010-11,2010-11,86.12,-1.1611704598235022,63,-0.4617744073202257
2010-11,1610612748,MIA,Miami Heat,21000951,2011-03-08,MIA vs. POR,L,48.0,37,72,0.514,7,22,0.318,15,19,0.789,6,25,31,20,14.0,6,2,3,21,16,96,-9.0,1,59,59,59,5,34,62,24,31,16,56,66,71,30,67,78,79,31,38,44,75,41,43,74,52,75,,regular,Miami Heat 2010-11,2010-11,88.36,-10.185604345857854,64,-1.154672662140488
2010-11,1610612748,MIA,Miami Heat,21000964,2011-03-10,MIA vs. LAL,W,48.0,37,81,0.457,8,19,0.421,12,18,0.667,18,28,46,17,15.0,8,3,2,19,19,94,6.0,1,1,1,1,5,34,17,53,22,30,25,77,74,74,1,60,18,57,45,22,60,22,26,58,67,47,,regular,Miami Heat 2010-11,2010-11,85.92,6.983240223463687,65,-1.1396754652529244
2010-11,1610612748,MIA,Miami Heat,21000976,2011-03-12,MIA vs. MEM,W,48.0,40,69,0.58,12,19,0.632,26,30,0.867,5,35,40,27,15.0,10,11,3,25,23,118,33.0,1,1,1,1,5,24,75,3,4,30,2,17,28,9,76,23,53,9,45,4,1,41,71,24,8,1,,regular,Miami Heat 2010-11,2010-11,92.2,35.79175704989154,66,1.6085903934545507
2010-11,1610612748,MIA,Miami Heat,21000993,2011-03-14,MIA vs. SAS,W,48.0,42,78,0.538,3,9,0.333,23,24,0.958,8,39,47,25,11.0,9,5,2,21,21,110,30.0,1,1,1,1,5,13,31,14,71,78,45,28,54,1,52,5,15,13,14,12,36,22,43,45,20,3,,regular,Miami Heat 2010-11,2010-11,91.56,32.7653997378768,67,2.7983190149884742
2010-11,1610612748,MIA,Miami Heat,21001006,2011-03-16,MIA vs. OKC,L,48.0,30,78,0.385,3,17,0.176,22,28,0.786,9,31,40,14,12.0,5,8,4,19,25,85,-11.0,1,59,59,59,5,77,31,80,71,45,80,39,38,32,41,53,53,73,20,59,11,53,26,14,78,77,,regular,Miami Heat 2010-11,2010-11,93.32,-11.787398199742821,68,2.032461110786281
2010-11,1610612748,MIA,Miami Heat,21001020,2011-03-18,MIA @ ATL,W,48.0,38,71,0.535,11,22,0.5,19,26,0.731,8,42,50,28,16.0,2,3,2,23,18,106,21.0,1,1,1,1,5,29,69,16,6,16,8,51,46,57,52,2,3,7,52,78,60,22,64,65,28,13,,regular,Miami Heat 2010-11,2010-11,90.44,23.21981424148607,69,3.5607917412840946
2010-11,1610612748,MIA,Miami Heat,21001030,2011-03-19,MIA vs. DEN,W,48.0,36,71,0.507,6,20,0.3,25,29,0.862,4,34,38,15,12.0,6,11,2,22,19,103,5.0,1,1,1,1,5,41,69,27,39,24,61,21,32,10,81,33,63,65,20,44,1,22,54,58,36,53,,regular,Miami Heat 2010-11,2010-11,91.76,5.448997384481255,70,4.617566991607732
2010-11,1610612748,MIA,Miami Heat,21001058,2011-03-23,MIA @ DET,W,48.0,31,64,0.484,6,19,0.316,32,39,0.821,8,26,34,20,12.0,6,1,1,21,26,100,6.0,1,1,1,1,5,72,81,43,39,30,57,6,7,18,52,74,75,31,20,44,79,9,43,12,44,47,,regular,Miami Heat 2010-11,2010-11,85.16,7.045561296383279,71,5.647502730790529
2010-11,1610612748,MIA,Miami Heat,21001072,2011-03-25,MIA vs. PHI,W,48.0,41,83,0.494,7,20,0.35,22,28,0.786,15,34,49,22,16.0,11,6,2,17,24,111,12.0,1,1,1,1,5,17,10,34,31,24,42,39,38,32,5,33,9,23,52,2,23,22,12,19,17,26,,regular,Miami Heat 2010-11,2010-11,96.32,12.458471760797343,72,10.057906868895579
2010-11,1610612748,MIA,Miami Heat,21001089,2011-03-27,MIA vs. HOU,W,48.0,46,92,0.5,5,17,0.294,28,34,0.824,17,31,48,16,10.0,1,6,2,19,23,125,6.0,1,1,1,1,5,4,1,31,49,45,64,13,18,16,2,53,12,63,8,82,23,22,26,24,2,47,,regular,Miami Heat 2010-11,2010-11,99.96000000000001,6.002400960384153,73,10.774264010916344
2010-11,1610612748,MIA,Miami Heat,21001101,2011-03-29,MIA @ CLE,L,48.0,33,78,0.423,10,25,0.4,14,22,0.636,8,22,30,24,13.0,5,3,7,25,23,90,-12.0,1,59,59,59,5,62,31,67,8,8,28,70,61,78,52,81,80,15,31,59,60,77,71,24,69,79,,regular,Miami Heat 2010-11,2010-11,92.68,-12.94777729823047,74,10.498046715679084
2010-11,1610612748,MIA,Miami Heat,21001110,2011-03-30,MIA @ WAS,W,48.0,41,71,0.577,10,19,0.526,31,39,0.795,8,27,35,28,13.0,7,7,6,18,30,123,16.0,1,1,1,1,5,17,69,4,8,30,7,8,7,25,52,66,73,7,31,32,16,74,18,4,4,20,,regular,Miami Heat 2010-11,2010-11,93.16,17.174753112924,75,11.517198004625115
2010-11,1610612748,MIA,Miami Heat,21001126,2011-04-01,MIA @ MIN,W,48.0,42,77,0.545,4,13,0.308,23,30,0.767,9,37,46,26,18.0,8,3,3,20,24,111,19.0,1,1,1,1,5,13,40,13,64,68,60,28,28,43,41,10,18,11,73,22,60,41,33,19,17,16,,regular,Miami Heat 2010-11,2010-11,99.2,19.153225806451612,76,9.853344880281123
2010-11,1610612748,MIA,Miami Heat,21001142,2011-04-03,MIA @ NJN,W,48.0,42,75,0.56,5,15,0.333,19,32,0.594,8,42,50,22,15.0,5,4,0,23,25,108,14.0,1,1,1,1,5,13,46,9,49,58,45,51,22,81,52,2,3,23,45,59,51,1,64,14,24,22,,regular,Miami Heat 2010-11,2010-11,96.08,14.57119067443797,77,8.033923973937238
2010-11,1610612748,MIA,Miami Heat,21001164,2011-04-06,MIA vs. MIL,L,48.0,30,74,0.405,8,23,0.348,17,21,0.81,12,31,43,14,16.0,6,6,4,15,16,85,-5.0,1,59,59,59,5,77,52,75,22,13,44,57,64,21,15,53,37,73,52,44,23,53,4,74,78,69,,regular,Miami Heat 2010-11,2010-11,87.24,-5.731315910132967,78,8.639532202898225
2010-11,1610612748,MIA,Miami Heat,21001182,2011-04-08,MIA vs. CHA,W,48.0,39,69,0.565,3,9,0.333,31,35,0.886,5,29,34,26,16.0,7,4,4,20,25,112,9.0,1,1,1,1,5,26,75,8,71,78,45,8,16,7,76,56,75,11,52,32,51,53,33,14,16,36,,regular,Miami Heat 2010-11,2010-11,95.4,9.433962264150942,79,7.260947005164712
2010-11,1610612748,MIA,Miami Heat,21001194,2011-04-10,MIA vs. BOS,W,48.0,38,75,0.507,6,18,0.333,18,26,0.692,15,27,42,24,18.0,9,4,2,17,18,100,23.0,1,1,1,1,5,29,46,28,39,37,45,54,46,70,5,66,43,15,73,12,51,22,12,65,44,9,,regular,Miami Heat 2010-11,2010-11,89.44,25.71556350626118,80,9.287603617342706
2010-11,1610612748,MIA,Miami Heat,21001202,2011-04-11,MIA @ ATL,W,48.0,36,69,0.522,6,17,0.353,20,24,0.833,10,28,38,24,19.0,5,3,1,19,21,98,8.0,1,1,1,1,5,41,75,21,39,45,41,47,54,14,29,60,63,15,77,59,60,9,26,45,47,39,,regular,Miami Heat 2010-11,2010-11,88.56,9.033423667570009,81,9.486389854461377
2010-11,1610612748,MIA,Miami Heat,21001221,2011-04-13,MIA @ TOR,W,48.0,37,81,0.457,13,26,0.5,10,14,0.714,13,27,40,20,15.0,6,1,8,18,15,97,18.0,1,1,1,1,5,34,17,53,2,6,8,79,80,64,10,66,53,31,45,44,79,79,18,77,48,17,,regular,Miami Heat 2010-11,2010-11,89.16,20.188425302826378,82,10.25938520866428
2010-11,1610612748,MIA,Miami Heat,41000111,2011-04-16,MIA vs. PHI,W,48.0,31,74,0.419,4,17,0.235,31,39,0.795,15,37,52,15,14.0,3,5,2,16,25,97,8.0,1,1,1,1,3,17,10,17,14,11,15,2,1,11,3,2,1,13,11,20,13,2,5,3,7,7,,playoffs,Miami Heat 2010-11,2010-11,90.16,8.873114463176575,83,10.546456558943524
2010-11,1610612748,MIA,Miami Heat,41000112,2011-04-18,MIA vs. PHI,W,48.0,34,72,0.472,3,15,0.2,23,29,0.793,8,38,46,16,12.0,7,7,3,17,21,94,21.0,1,1,1,1,3,4,13,3,16,13,20,10,9,12,14,1,4,12,5,8,9,6,7,12,12,1,,playoffs,Miami Heat 2010-11,2010-11,88.76,23.65930599369085,84,14.207164888135656
2010-11,1610612748,MIA,Miami Heat,41000113,2011-04-21,MIA @ PHI,W,48.0,36,79,0.456,4,12,0.333,24,30,0.8,20,30,50,19,12.0,3,8,5,12,20,100,6.0,1,1,1,1,3,2,3,10,14,19,11,9,8,9,1,11,2,7,5,20,4,14,1,13,4,11,,playoffs,Miami Heat 2010-11,2010-11,84.2,7.1258907363420425,85,13.202278650477458
2010-11,1610612748,MIA,Miami Heat,41000114,2011-04-24,MIA @ PHI,L,48.0,30,78,0.385,5,23,0.217,17,21,0.81,9,32,41,14,9.0,8,8,4,17,18,82,-4.0,1,15,15,15,3,20,5,21,11,4,18,16,18,7,10,8,11,15,1,5,4,9,7,16,19,17,,playoffs,Miami Heat 2010-11,2010-11,87.24,-4.5850527281063735,86,10.828450797021661
2010-11,1610612748,MIA,Miami Heat,41000115,2011-04-27,MIA vs. PHI,W,48.0,32,80,0.4,12,30,0.4,21,25,0.84,15,32,47,17,10.0,6,3,4,12,18,97,6.0,1,1,1,1,3,10,1,18,1,1,5,11,14,5,3,8,3,10,2,15,18,9,1,16,7,11,,playoffs,Miami Heat 2010-11,2010-11,86.0,6.976744186046512,87,10.069006148182515
2010-11,1610612748,MIA,Miami Heat,41000211,2011-05-01,MIA vs. BOS,W,48.0,32,68,0.471,9,19,0.474,26,32,0.813,5,34,39,17,18.0,7,8,3,21,24,99,9.0,1,1,1,1,3,10,17,5,3,8,1,4,7,6,20,6,13,10,20,8,4,6,13,6,5,6,,playoffs,Miami Heat 2010-11,2010-11,95.08,9.465713083718974,88,11.588709047567708
2010-11,1610612748,MIA,Miami Heat,41000212,2011-05-03,MIA vs. BOS,W,48.0,34,75,0.453,7,16,0.438,27,36,0.75,12,32,44,15,10.0,6,9,2,22,24,102,11.0,1,1,1,1,3,4,7,11,7,12,3,3,4,14,6,8,8,13,2,15,2,2,15,6,2,2,,playoffs,Miami Heat 2010-11,2010-11,88.84,12.381809995497523,89,11.883493820702366
2010-11,1610612748,MIA,Miami Heat,41000213,2011-05-07,MIA @ BOS,L,48.0,31,73,0.425,5,23,0.217,14,19,0.737,12,24,36,20,15.0,9,9,4,16,17,81,-16.0,1,15,15,15,3,17,11,16,11,4,18,20,19,16,6,20,16,2,12,4,2,9,5,19,21,20,,playoffs,Miami Heat 2010-11,2010-11,84.36,-18.96633475580844,90,7.415303994495405
2010-11,1610612748,MIA,Miami Heat,41000214,2011-05-09,MIA @ BOS,W,53.0,35,79,0.443,3,13,0.231,25,28,0.893,10,35,45,10,17.0,10,2,4,24,23,98,8.0,1,1,1,1,1,3,3,12,16,16,16,6,11,2,8,4,6,21,17,3,21,9,17,10,6,7,,playoffs,Miami Heat 2010-11,2010-11,98.32,8.136696501220506,91,7.325631277860455
2010-11,1610612748,MIA,Miami Heat,41000215,2011-05-11,MIA vs. BOS,W,48.0,32,69,0.464,7,19,0.368,26,38,0.684,8,30,38,13,13.0,7,3,5,19,25,97,10.0,1,1,1,1,3,10,16,9,7,8,10,4,2,19,14,11,15,16,9,8,18,14,12,3,7,4,,playoffs,Miami Heat 2010-11,2010-11,90.72,11.022927689594358,92,6.409081516537253
2010-11,1610612748,MIA,Miami Heat,41000301,2011-05-15,MIA @ CHI,L,48.0,32,68,0.471,3,8,0.375,15,15,1.0,6,27,33,11,16.0,7,6,5,15,13,82,-21.0,1,15,15,15,3,10,17,5,16,21,9,19,20,1,17,16,19,20,15,8,10,14,4,21,19,21,,playoffs,Miami Heat 2010-11,2010-11,84.6,-24.822695035460995,93,3.0395005666734956
2010-11,1610612748,MIA,Miami Heat,41000302,2011-05-18,MIA @ CHI,W,48.0,32,68,0.471,3,13,0.231,18,24,0.75,10,35,45,18,15.0,7,6,7,26,25,85,10.0,1,1,1,1,3,10,17,5,16,16,16,15,15,14,8,4,6,9,12,8,10,18,19,3,16,4,,playoffs,Miami Heat 2010-11,2010-11,83.56,11.967448539971278,94,1.8703148213015381
2010-11,1610612748,MIA,Miami Heat,41000303,2011-05-22,MIA vs. CHI,W,48.0,34,67,0.507,3,9,0.333,25,29,0.862,5,27,32,20,10.0,6,8,4,17,24,96,11.0,1,1,1,1,3,4,20,2,16,20,11,6,9,3,20,16,20,2,2,15,4,9,7,6,10,2,,playoffs,Miami Heat 2010-11,2010-11,84.76,12.977819726285983,95,2.4555077202959326
2010-11,1610612748,MIA,Miami Heat,41000304,2011-05-24,MIA vs. CHI,W,53.0,32,75,0.427,5,13,0.385,32,38,0.842,8,33,41,12,16.0,12,10,5,24,28,101,8.0,1,1,1,1,1,10,7,14,11,16,8,1,2,4,14,7,11,18,15,2,1,14,17,1,3,7,,playoffs,Miami Heat 2010-11,2010-11,99.72,8.022462896109106,96,3.7162592827174805
2010-11,1610612748,MIA,Miami Heat,41000305,2011-05-26,MIA @ CHI,W,48.0,26,66,0.394,6,15,0.4,25,33,0.758,6,36,42,12,17.0,7,8,7,18,28,83,3.0,1,1,1,1,3,21,21,19,10,13,5,6,5,13,17,3,10,18,17,8,4,18,11,1,17,13,,playoffs,Miami Heat 2010-11,2010-11,91.52,3.277972027972028,97,3.3463820669100324
2010-11,1610612748,MIA,Miami Heat,41000401,2011-05-31,MIA vs. DAL,W,48.0,31,80,0.388,11,24,0.458,19,26,0.731,16,30,46,20,12.0,5,4,8,21,22,92,8.0,1,1,1,1,3,17,1,20,2,3,2,14,12,17,2,11,4,2,5,18,16,20,13,11,14,7,,playoffs,Miami Heat 2010-11,2010-11,87.44,9.149130832570906,98,3.3147238417952254
2010-11,1610612748,MIA,Miami Heat,41000402,2011-06-02,MIA vs. DAL,L,48.0,34,73,0.466,9,30,0.3,16,24,0.667,6,24,30,13,12.0,15,6,2,17,20,93,-2.0,1,15,15,15,3,4,11,8,3,1,14,18,15,20,17,20,21,16,5,1,10,2,7,13,13,15,,playoffs,Miami Heat 2010-11,2010-11,89.56,-2.2331397945511386,99,1.853228862790359
2010-11,1610612748,MIA,Miami Heat,41000403,2011-06-05,MIA @ DAL,W,48.0,34,78,0.436,8,19,0.421,12,15,0.8,9,27,36,20,13.0,8,5,8,27,14,88,2.0,1,1,1,1,3,4,5,13,5,8,4,21,20,9,10,16,16,2,9,5,13,20,21,20,15,14,,playoffs,Miami Heat 2010-11,2010-11,88.6,2.2573363431151243,100,3.975595972682716
2010-11,1610612748,MIA,Miami Heat,41000404,2011-06-07,MIA @ DAL,L,48.0,32,75,0.427,2,14,0.143,17,24,0.708,15,29,44,19,15.0,8,5,2,23,18,83,-3.0,1,15,15,15,3,10,7,14,21,15,21,16,15,18,3,15,8,7,12,5,13,2,16,16,17,16,,playoffs,Miami Heat 2010-11,2010-11,85.56,-3.506311360448808,101,2.811295186515784
2010-11,1610612748,MIA,Miami Heat,41000405,2011-06-09,MIA @ DAL,L,48.0,37,70,0.529,8,20,0.4,21,26,0.808,9,27,36,25,18.0,5,4,3,26,20,103,-9.0,1,15,15,15,3,1,15,1,5,7,5,11,12,8,10,16,16,1,20,18,16,6,19,13,1,18,,playoffs,Miami Heat 2010-11,2010-11,90.44,-9.951348960636887,102,0.7138675214926596
2010-11,1610612748,MIA,Miami Heat,41000406,2011-06-12,MIA vs. DAL,L,48.0,34,72,0.472,7,23,0.304,20,33,0.606,9,30,39,20,17.0,7,3,1,14,24,95,-10.0,1,15,15,15,3,4,13,3,7,4,13,13,5,21,10,11,13,2,17,8,18,1,3,6,11,19,,playoffs,Miami Heat 2010-11,2010-11,94.52,-10.579771476936099,103,2.1381598773451493
2022-23,1610612756,PHX,Phoenix Suns,22200013,2022-10-19,PHX vs. DAL,W,48.0,40,85,0.471,8,22,0.364,19,22,0.864,8,32,40,25,12.0,4,5,4,29,22,107,2.0,1,1,1,1,5,56,67,38,69,77,44,31,36,21,64,40,58,51,26,67,37,37,77,22,56,43,1.0,regular,Phoenix Suns 2022-23,2022-23,98.68,2.026753141467369,1,2.026753141467369
2022-23,1610612756,PHX,Phoenix Suns,22200027,2022-10-21,PHX @ POR,L,53.0,43,94,0.457,10,27,0.37,15,21,0.714,9,32,41,31,17.0,14,1,5,29,19,111,-2.0,1,46,46,46,1,28,18,51,52,67,39,54,44,66,56,40,53,13,67,1,78,52,77,47,50,49,1.0,regular,Phoenix Suns 2022-23,2022-23,111.24,-1.7979144192736427,2,0.11441936109686324
2022-23,1610612756,PHX,Phoenix Suns,22200043,2022-10-23,PHX @ LAC,W,48.0,43,93,0.462,15,42,0.357,11,12,0.917,13,36,49,29,13.0,5,3,0,18,18,112,17.0,1,1,1,1,5,28,25,46,16,7,46,74,77,9,27,17,16,29,32,58,61,1,19,56,45,12,1.0,regular,Phoenix Suns 2022-23,2022-23,98.28,17.2975172975173,3,5.842118673237008
2022-23,1610612756,PHX,Phoenix Suns,22200055,2022-10-25,PHX vs. GSW,W,48.0,47,92,0.511,12,29,0.414,28,34,0.824,14,34,48,31,14.0,8,4,7,19,28,134,29.0,1,1,1,1,5,14,31,16,40,60,24,2,4,32,22,26,22,13,38,23,49,73,24,3,1,4,1.0,regular,Phoenix Suns 2022-23,2022-23,106.96000000000001,27.112939416604338,4,11.159823859078841
2022-23,1610612756,PHX,Phoenix Suns,22200079,2022-10-28,PHX vs. NOP,W,48.0,48,92,0.522,10,33,0.303,18,20,0.9,14,33,47,33,12.0,7,7,1,18,21,124,13.0,1,1,1,1,5,10,31,10,52,36,61,35,49,13,22,33,27,7,26,34,17,4,19,32,19,19,1.0,regular,Phoenix Suns 2022-23,2022-23,98.8,13.157894736842104,5,11.559438034631494
2022-23,1610612756,PHX,Phoenix Suns,22200094,2022-10-30,PHX vs. HOU,W,48.0,45,84,0.536,12,40,0.3,22,30,0.733,10,26,36,29,12.0,9,8,1,22,25,124,15.0,1,1,1,1,5,21,70,6,40,10,65,11,9,61,50,72,72,29,26,17,10,4,41,10,19,16,1.0,regular,Phoenix Suns 2022-23,2022-23,99.2,15.120967741935484,6,12.153026319182159
2022-23,1610612756,PHX,Phoenix Suns,22200106,2022-11-01,PHX vs. MIN,W,48.0,41,89,0.461,17,43,0.395,17,22,0.773,7,27,34,31,11.0,9,8,4,20,24,116,9.0,1,1,1,1,5,49,43,48,8,5,28,43,36,47,72,69,80,13,17,17,10,37,28,11,34,29,1.0,regular,Phoenix Suns 2022-23,2022-23,102.68,8.76509544215037,7,11.669036193891902
2022-23,1610612756,PHX,Phoenix Suns,22200130,2022-11-04,PHX vs. POR,L,48.0,36,83,0.434,14,34,0.412,20,21,0.952,13,26,39,26,17.0,8,4,3,22,24,106,-2.0,1,46,46,46,5,73,73,62,21,32,25,24,44,2,27,72,62,43,67,23,49,20,41,11,61,49,1.0,regular,Phoenix Suns 2022-23,2022-23,96.24,-2.0781379883624274,8,9.950639421110111
2022-23,1610612756,PHX,Phoenix Suns,22200139,2022-11-05,PHX vs. POR,W,48.0,35,82,0.427,11,30,0.367,21,28,0.75,11,33,44,22,14.0,7,14,7,22,26,102,20.0,1,1,1,1,5,74,75,66,46,56,42,16,13,54,44,33,40,70,38,34,1,73,41,7,67,9,1.0,regular,Phoenix Suns 2022-23,2022-23,97.32,20.550760378133994,9,11.12843063855721
2022-23,1610612756,PHX,Phoenix Suns,22200148,2022-11-07,PHX @ PHI,L,48.0,32,73,0.438,6,19,0.316,18,22,0.818,6,31,37,19,15.0,8,5,6,24,17,88,-12.0,1,46,46,46,5,81,81,59,77,82,56,35,36,34,77,48,67,81,52,23,37,62,61,59,80,69,1.0,regular,Phoenix Suns 2022-23,2022-23,91.68,-13.089005235602095,10,8.706687051141278
2022-23,1610612756,PHX,Phoenix Suns,22200167,2022-11-09,PHX @ MIN,W,48.0,47,97,0.485,16,35,0.457,19,20,0.95,10,26,36,31,11.0,10,3,6,21,22,129,12.0,1,1,1,1,5,14,10,28,14,27,17,31,49,3,50,72,72,13,17,8,61,62,36,22,9,21,1.0,regular,Phoenix Suns 2022-23,2022-23,106.8,11.235955056179774,11,9.62760724261252
2022-23,1610612756,PHX,Phoenix Suns,22200177,2022-11-11,PHX @ ORL,L,48.0,38,95,0.4,13,42,0.31,8,9,0.889,11,27,38,22,11.0,7,4,4,14,11,97,-17.0,1,46,46,46,5,67,12,78,29,7,59,79,79,14,44,69,64,70,17,34,49,37,5,80,75,74,1.0,regular,Phoenix Suns 2022-23,2022-23,98.96,-17.178658043654004,12,8.089532880174483
2022-23,1610612756,PHX,Phoenix Suns,22200202,2022-11-14,PHX @ MIA,L,48.0,48,99,0.485,14,36,0.389,2,4,0.5,20,25,45,22,14.0,9,4,4,22,10,112,-1.0,1,46,46,46,5,10,8,27,21,22,31,82,82,82,2,78,36,70,38,17,49,37,41,81,45,46,1.0,regular,Phoenix Suns 2022-23,2022-23,94.76,-1.0552975939214857,13,6.254251391030605
2022-23,1610612756,PHX,Phoenix Suns,22200220,2022-11-16,PHX vs. GSW,W,48.0,44,86,0.512,21,40,0.525,21,25,0.84,8,39,47,33,16.0,5,8,3,22,23,130,11.0,1,1,1,1,5,24,61,15,3,10,5,16,24,27,64,9,27,7,62,58,10,20,41,16,6,24,1.0,regular,Phoenix Suns 2022-23,2022-23,105.0,10.476190476190476,14,4.590576496989219
2022-23,1610612756,PHX,Phoenix Suns,22200232,2022-11-18,PHX @ UTA,L,48.0,49,94,0.521,9,30,0.3,26,28,0.929,12,30,42,29,14.0,7,6,3,25,28,133,-1.0,1,46,46,46,5,4,18,11,61,56,65,4,13,7,37,55,49,29,38,34,29,20,67,3,2,46,1.0,regular,Phoenix Suns 2022-23,2022-23,108.32,-0.9231905465288036,15,3.1824679686521278
2022-23,1610612756,PHX,Phoenix Suns,22200240,2022-11-20,PHX vs. NYK,W,48.0,43,101,0.426,17,39,0.436,13,18,0.722,22,38,60,35,13.0,3,8,7,22,15,116,21.0,1,1,1,1,5,28,6,67,8,12,20,63,59,65,1,11,1,3,32,78,10,73,41,67,34,6,1.0,regular,Phoenix Suns 2022-23,2022-23,99.92,21.01681345076061,16,3.7720525395346405
2022-23,1610612756,PHX,Phoenix Suns,22200259,2022-11-22,PHX vs. LAL,W,48.0,48,102,0.471,16,34,0.471,3,5,0.6,8,41,49,23,15.0,8,7,7,22,12,115,10.0,1,1,1,1,5,10,5,38,14,32,12,81,81,79,64,4,16,61,52,23,17,73,41,77,40,26,1.0,regular,Phoenix Suns 2022-23,2022-23,111.2,8.992805755395683,17,3.7948235708591715
2022-23,1610612756,PHX,Phoenix Suns,22200283,2022-11-25,PHX vs. DET,W,48.0,42,87,0.483,7,29,0.241,17,26,0.654,11,32,43,25,13.0,7,7,3,18,22,108,6.0,1,1,1,1,5,40,55,31,74,60,79,43,18,78,44,40,46,51,32,34,17,20,19,22,55,34,1.0,regular,Phoenix Suns 2022-23,2022-23,100.44,5.973715651135006,18,4.600008934808915
2022-23,1610612756,PHX,Phoenix Suns,22200289,2022-11-26,PHX vs. UTA,W,48.0,42,92,0.457,6,22,0.273,23,30,0.767,18,30,48,23,6.0,8,6,2,20,19,113,1.0,1,1,1,1,5,40,31,52,77,77,72,9,9,49,7,55,22,61,1,23,29,8,28,47,44,45,1.0,regular,Phoenix Suns 2022-23,2022-23,93.2,1.0729613733905579,19,2.652229034334572
2022-23,1610612756,PHX,Phoenix Suns,22200307,2022-11-28,PHX @ SAC,W,48.0,50,94,0.532,10,32,0.313,12,14,0.857,11,34,45,26,17.0,9,7,7,20,15,122,5.0,1,1,1,1,5,1,18,7,52,41,57,67,71,22,44,26,36,43,67,17,17,73,28,67,23,35,1.0,regular,Phoenix Suns 2022-23,2022-23,106.16,4.709871891484552,20,4.432116747043237
2022-23,1610612756,PHX,Phoenix Suns,22200321,2022-11-30,PHX vs. CHI,W,48.0,49,93,0.527,15,33,0.455,19,21,0.905,10,36,46,22,14.0,3,5,6,28,19,132,19.0,1,1,1,1,5,4,25,9,16,36,18,31,44,12,50,17,33,70,38,78,37,62,74,47,4,11,1.0,regular,Phoenix Suns 2022-23,2022-23,106.24,17.884036144578314,21,5.09692485588309
2022-23,1610612756,PHX,Phoenix Suns,22200334,2022-12-02,PHX vs. HOU,L,48.0,45,85,0.529,17,37,0.459,14,19,0.737,9,28,37,30,18.0,9,5,2,28,22,121,-1.0,1,46,46,46,5,21,67,8,8,17,16,58,53,60,56,64,67,23,75,17,37,8,74,22,24,46,1.0,regular,Phoenix Suns 2022-23,2022-23,102.36,-0.9769441187964049,22,6.71709624836885
2022-23,1610612756,PHX,Phoenix Suns,22200345,2022-12-04,PHX @ SAS,W,48.0,49,94,0.521,19,37,0.514,16,20,0.8,14,31,45,38,11.0,5,0,3,18,24,133,38.0,1,1,1,1,5,4,18,11,7,17,6,48,49,39,22,48,36,1,17,58,81,20,19,11,2,1,1.0,regular,Phoenix Suns 2022-23,2022-23,99.8,38.07615230460922,23,10.63024123822192
2022-23,1610612756,PHX,Phoenix Suns,22200358,2022-12-05,PHX @ DAL,L,48.0,40,91,0.44,13,37,0.351,18,26,0.692,13,28,41,28,13.0,5,5,6,16,23,111,-19.0,1,46,46,46,5,56,36,58,29,17,50,35,18,71,27,64,53,34,32,58,37,62,7,16,50,75,1.0,regular,Phoenix Suns 2022-23,2022-23,102.44,-18.547442405310427,24,7.727877950071829
2022-23,1610612756,PHX,Phoenix Suns,22200373,2022-12-07,PHX vs. BOS,L,48.0,37,93,0.398,8,32,0.25,16,19,0.842,13,36,49,19,18.0,5,4,3,17,20,98,-27.0,1,46,46,46,5,70,25,79,69,41,77,48,53,25,27,17,16,81,75,58,49,20,13,40,73,79,1.0,regular,Phoenix Suns 2022-23,2022-23,106.36,-25.385483264385105,25,5.281648678286198
2022-23,1610612756,PHX,Phoenix Suns,22200384,2022-12-09,PHX @ NOP,L,48.0,43,86,0.5,22,44,0.5,9,13,0.692,8,29,37,30,17.0,6,3,1,25,15,117,-11.0,1,46,46,46,5,28,61,18,1,3,8,78,75,71,64,59,67,23,67,53,61,4,67,67,30,66,1.0,regular,Phoenix Suns 2022-23,2022-23,100.72,-10.921366163621922,26,2.0878307168479466
2022-23,1610612756,PHX,Phoenix Suns,22200395,2022-12-11,PHX @ NOP,L,53.0,49,105,0.467,13,38,0.342,13,17,0.765,19,23,42,34,15.0,7,5,3,24,26,124,-5.0,1,46,46,46,1,4,1,42,29,15,52,63,62,50,3,81,49,5,52,34,37,20,61,7,19,57,1.0,regular,Phoenix Suns 2022-23,2022-23,108.48,-4.609144542772861,27,0.7276356870310923
2022-23,1610612756,PHX,Phoenix Suns,22200411,2022-12-13,PHX @ HOU,L,48.0,33,103,0.32,13,51,0.255,18,19,0.947,18,26,44,22,10.0,13,7,9,24,21,97,-14.0,1,46,46,46,5,80,3,82,29,1,76,35,53,4,7,72,40,70,15,3,17,82,61,32,75,71,1.0,regular,Phoenix Suns 2022-23,2022-23,103.36,-13.544891640866874,28,-1.224225042169096
2022-23,1610612756,PHX,Phoenix Suns,22200427,2022-12-15,PHX @ LAC,W,48.0,44,95,0.463,9,32,0.281,14,18,0.778,15,38,53,27,9.0,8,8,3,18,18,111,16.0,1,1,1,1,5,24,12,45,61,41,70,58,59,44,13,11,9,40,8,23,10,20,19,56,50,14,1.0,regular,Phoenix Suns 2022-23,2022-23,96.92,16.50846058605035,29,0.3193248790968838
2022-23,1610612756,PHX,Phoenix Suns,22200444,2022-12-17,PHX vs. NOP,W,48.0,39,83,0.47,15,41,0.366,25,35,0.714,10,25,35,23,8.0,6,3,5,13,27,118,4.0,1,1,1,1,5,60,73,40,16,9,43,7,2,66,50,78,76,61,4,53,61,52,3,5,29,38,1.0,regular,Phoenix Suns 2022-23,2022-23,96.4,4.149377593360995,30,0.26327544928452823
2022-23,1610612756,PHX,Phoenix Suns,22200459,2022-12-19,PHX vs. LAL,W,48.0,46,93,0.495,20,39,0.513,18,24,0.75,15,36,51,21,9.0,10,5,5,16,16,130,26.0,1,1,1,1,5,18,25,21,4,12,7,35,31,54,13,17,13,79,8,8,37,52,7,62,6,5,1.0,regular,Phoenix Suns 2022-23,2022-23,97.56,26.650266502665026,31,1.1398984850931995
2022-23,1610612756,PHX,Phoenix Suns,22200464,2022-12-20,PHX vs. WAS,L,48.0,41,89,0.461,13,32,0.406,15,19,0.789,15,29,44,26,14.0,2,1,4,23,14,110,-3.0,1,46,46,46,5,49,43,48,29,41,26,54,53,43,13,59,40,43,38,81,78,37,56,73,54,52,1.0,regular,Phoenix Suns 2022-23,2022-23,96.36,-3.1133250311332503,32,0.9262603938595151
2022-23,1610612756,PHX,Phoenix Suns,22200490,2022-12-23,PHX vs. MEM,L,48.0,38,87,0.437,9,35,0.257,15,26,0.577,11,24,35,23,15.0,6,5,5,26,22,100,-25.0,1,46,46,46,5,67,55,61,61,27,75,54,18,81,44,80,76,61,52,53,37,52,70,22,70,77,1.0,regular,Phoenix Suns 2022-23,2022-23,102.44,-24.404529480671613,33,-5.321807784668568
2022-23,1610612756,PHX,Phoenix Suns,22200497,2022-12-25,PHX @ DEN,L,53.0,45,94,0.479,17,35,0.486,18,26,0.692,12,34,46,32,14.0,7,9,4,30,23,125,-3.0,1,46,46,46,1,21,18,32,8,27,9,35,18,71,37,26,33,12,38,34,5,37,79,16,14,52,1.0,regular,Phoenix Suns 2022-23,2022-23,107.44,-2.7922561429635144,34,-3.746289158433877
2022-23,1610612756,PHX,Phoenix Suns,22200510,2022-12-27,PHX @ MEM,W,48.0,43,87,0.494,17,31,0.548,22,25,0.88,15,32,47,26,22.0,7,9,6,23,23,125,17.0,1,1,1,1,5,28,55,23,8,49,3,11,24,15,13,40,27,43,80,34,5,62,56,16,14,12,1.0,regular,Phoenix Suns 2022-23,2022-23,105.0,16.19047619047619,35,0.41130678705225276
2022-23,1610612756,PHX,Phoenix Suns,22200516,2022-12-28,PHX @ WAS,L,48.0,39,87,0.448,13,31,0.419,11,16,0.688,11,19,30,25,11.0,7,4,6,21,15,102,-25.0,1,46,46,46,5,60,55,55,29,49,22,74,64,74,44,82,82,51,17,34,49,62,36,67,67,77,1.0,regular,Phoenix Suns 2022-23,2022-23,94.04,-26.584432156529136,36,-1.1549998122384686
2022-23,1610612756,PHX,Phoenix Suns,22200531,2022-12-30,PHX @ TOR,L,48.0,35,71,0.493,14,30,0.467,20,23,0.87,9,33,42,26,27.0,7,1,3,17,22,104,-9.0,1,46,46,46,5,74,82,25,21,56,14,24,35,20,56,33,49,43,82,34,78,20,13,22,65,62,1.0,regular,Phoenix Suns 2022-23,2022-23,99.12,-9.079903147699756,37,-1.6020756727311583
2022-23,1610612756,PHX,Phoenix Suns,22200550,2023-01-02,PHX @ NYK,L,48.0,34,87,0.391,10,37,0.27,5,7,0.714,5,31,36,22,8.0,4,0,2,17,13,83,-19.0,1,46,46,46,5,78,55,81,52,17,73,80,80,66,80,48,72,70,4,67,81,8,13,75,82,75,1.0,regular,Phoenix Suns 2022-23,2022-23,93.08,-20.41254834550924,38,-2.288841343195395
2022-23,1610612756,PHX,Phoenix Suns,22200565,2023-01-04,PHX @ CLE,L,48.0,32,81,0.395,10,28,0.357,14,18,0.778,8,41,49,24,15.0,8,3,4,19,17,88,-2.0,1,46,46,46,5,81,77,80,52,63,46,58,59,44,64,4,16,58,52,23,61,37,24,59,80,49,1.0,regular,Phoenix Suns 2022-23,2022-23,95.92,-2.0850708924103416,39,-4.148194491041464
2022-23,1610612756,PHX,Phoenix Suns,22200589,2023-01-06,PHX vs. MIA,L,48.0,34,82,0.415,6,23,0.261,22,25,0.88,8,36,44,22,14.0,5,2,3,20,14,96,-8.0,1,46,46,46,5,78,75,74,77,73,74,11,24,15,64,17,40,70,38,58,71,20,28,73,78,60,1.0,regular,Phoenix Suns 2022-23,2022-23,99.0,-8.080808080808081,40,-5.3712130584583715
2022-23,1610612756,PHX,Phoenix Suns,22200603,2023-01-08,PHX vs. CLE,L,48.0,37,84,0.44,14,26,0.538,10,11,0.909,6,30,36,22,16.0,7,2,5,14,12,98,-14.0,1,46,46,46,5,70,70,57,21,69,4,76,78,10,77,55,72,70,62,34,71,52,5,77,73,71,1.0,regular,Phoenix Suns 2022-23,2022-23,98.84,-14.164305949008499,41,-9.452670303625723
2022-23,1610612756,PHX,Phoenix Suns,22200615,2023-01-10,PHX @ GSW,W,48.0,41,90,0.456,14,31,0.452,29,31,0.935,19,38,57,26,22.0,5,7,2,22,26,125,12.0,1,1,1,1,5,49,38,53,21,49,19,1,6,6,3,11,2,43,80,58,17,8,41,7,14,21,1.0,regular,Phoenix Suns 2022-23,2022-23,106.64,11.252813203300825,42,-8.016056480182318
2022-23,1610612756,PHX,Phoenix Suns,22200624,2023-01-11,PHX @ DEN,L,48.0,39,90,0.433,9,32,0.281,10,14,0.714,15,29,44,28,20.0,4,2,4,17,20,97,-29.0,1,46,46,46,5,60,38,63,61,41,70,76,71,66,13,59,40,34,79,67,71,37,13,40,75,80,1.0,regular,Phoenix Suns 2022-23,2022-23,101.16,-28.667457493080267,43,-8.442349281423182
2022-23,1610612756,PHX,Phoenix Suns,22200637,2023-01-13,PHX @ MIN,L,48.0,41,86,0.477,14,23,0.609,20,24,0.833,9,34,43,28,19.0,10,3,3,20,22,116,-5.0,1,46,46,46,5,49,61,35,21,73,1,24,31,31,56,26,46,34,78,8,61,20,28,22,34,57,1.0,regular,Phoenix Suns 2022-23,2022-23,106.56,-4.692192192192192,44,-8.632342886346049
2022-23,1610612756,PHX,Phoenix Suns,22200663,2023-01-16,PHX @ MEM,L,48.0,39,89,0.438,10,33,0.303,18,19,0.947,9,28,37,33,15.0,4,4,6,22,19,106,-30.0,1,46,46,46,5,60,43,60,52,36,61,35,53,4,56,64,67,7,52,67,49,62,41,47,61,81,1.0,regular,Phoenix Suns 2022-23,2022-23,103.36,-29.024767801857585,45,-13.153867285579429
2022-23,1610612756,PHX,Phoenix Suns,22200681,2023-01-19,PHX vs. BKN,W,48.0,39,85,0.459,11,28,0.393,28,41,0.683,12,37,49,30,16.0,4,3,6,23,34,117,5.0,1,1,1,1,5,60,67,50,46,63,29,2,1,76,37,15,16,23,62,67,61,62,56,1,30,35,1.0,regular,Phoenix Suns 2022-23,2022-23,107.03999999999999,4.671150971599403,46,-10.028308972766572
2022-23,1610612756,PHX,Phoenix Suns,22200697,2023-01-21,PHX vs. IND,W,48.0,38,91,0.418,12,31,0.387,24,35,0.686,14,41,55,27,15.0,9,8,4,20,29,112,5.0,1,1,1,1,5,67,36,72,40,49,32,8,2,75,22,4,4,40,52,17,10,37,28,2,45,35,1.0,regular,Phoenix Suns 2022-23,2022-23,107.4,4.655493482309125,47,-8.654769309765685
2022-23,1610612756,PHX,Phoenix Suns,22200703,2023-01-22,PHX vs. MEM,W,48.0,39,88,0.443,13,35,0.371,21,25,0.84,6,34,40,25,17.0,10,5,4,26,22,112,2.0,1,1,1,1,5,60,52,56,29,27,37,16,24,27,77,26,58,51,67,8,37,37,70,22,45,43,1.0,regular,Phoenix Suns 2022-23,2022-23,110.0,1.8181818181818181,48,-6.4316962933965796
2022-23,1610612756,PHX,Phoenix Suns,22200718,2023-01-24,PHX vs. CHA,W,48.0,47,94,0.5,22,39,0.564,12,13,0.923,15,40,55,38,18.0,3,10,5,21,21,128,31.0,1,1,1,1,5,14,18,18,1,12,2,67,75,8,13,7,4,1,75,78,2,52,36,32,10,2,1.0,regular,Phoenix Suns 2022-23,2022-23,102.72,30.1791277258567,49,-3.2052764315698754
2022-23,1610612756,PHX,Phoenix Suns,22200734,2023-01-26,PHX vs. DAL,L,48.0,35,86,0.407,13,32,0.406,12,16,0.75,13,37,50,24,9.0,4,6,3,21,10,95,-4.0,1,46,46,46,5,74,61,76,29,41,26,67,64,54,27,15,15,58,8,67,29,20,36,81,79,55,1.0,regular,Phoenix Suns 2022-23,2022-23,89.04,-4.492362982929021,50,-2.8464319217819694
2022-23,1610612756,PHX,Phoenix Suns,22200748,2023-01-28,PHX @ SAS,W,53.0,50,103,0.485,8,24,0.333,20,26,0.769,17,35,52,31,9.0,7,6,4,19,20,128,10.0,1,1,1,1,1,1,3,26,69,71,53,24,18,48,10,24,12,13,8,34,29,37,24,40,10,26,1.0,regular,Phoenix Suns 2022-23,2022-23,106.44,9.394964299135664,51,-0.4905048969675532
2022-23,1610612756,PHX,Phoenix Suns,22200762,2023-01-30,PHX vs. TOR,W,48.0,43,87,0.494,11,28,0.393,17,21,0.81,13,29,42,28,12.0,10,4,4,16,19,114,8.0,1,1,1,1,5,28,55,23,46,63,29,43,44,38,27,59,49,34,26,8,49,37,7,47,42,31,1.0,regular,Phoenix Suns 2022-23,2022-23,95.24,8.399832003359933,52,-0.7758030169616426
2022-23,1610612756,PHX,Phoenix Suns,22200777,2023-02-01,PHX vs. ATL,L,48.0,35,86,0.407,4,28,0.143,26,31,0.839,12,32,44,22,16.0,8,4,5,13,24,100,-32.0,1,46,46,46,5,74,61,76,81,63,82,4,6,30,37,40,40,70,62,23,49,52,3,11,70,82,1.0,regular,Phoenix Suns 2022-23,2022-23,103.64,-30.87610961018912,53,-0.9966682286725274
2022-23,1610612756,PHX,Phoenix Suns,22200788,2023-02-03,PHX @ BOS,W,48.0,41,95,0.432,12,32,0.375,12,14,0.857,10,43,53,28,9.0,6,6,3,22,21,106,12.0,1,1,1,1,5,49,12,64,40,41,36,67,71,22,50,1,9,34,8,53,29,20,41,32,61,21,1.0,regular,Phoenix Suns 2022-23,2022-23,100.16,11.980830670926517,54,0.6706340576393436
2022-23,1610612756,PHX,Phoenix Suns,22200794,2023-02-04,PHX @ DET,W,48.0,42,75,0.56,11,23,0.478,21,31,0.677,10,36,46,34,17.0,10,2,2,23,27,116,16.0,1,1,1,1,5,40,80,3,46,73,10,16,6,77,50,17,33,5,67,8,71,8,56,5,34,14,1.0,regular,Phoenix Suns 2022-23,2022-23,95.64,16.72940192388122,55,5.246051030213224
2022-23,1610612756,PHX,Phoenix Suns,22200817,2023-02-07,PHX @ BKN,W,48.0,43,92,0.467,9,31,0.29,21,28,0.75,16,32,48,31,15.0,10,4,2,24,21,116,4.0,1,1,1,1,5,28,31,41,61,49,69,16,13,54,12,40,22,13,52,8,49,8,61,32,34,38,1.0,regular,Phoenix Suns 2022-23,2022-23,103.32,3.8714672861014328,56,5.1660826616634274
2022-23,1610612756,PHX,Phoenix Suns,22200832,2023-02-09,PHX @ ATL,L,48.0,39,86,0.453,7,30,0.233,22,29,0.759,9,26,35,24,11.0,14,10,4,19,22,107,-9.0,1,46,46,46,5,60,61,54,74,56,80,11,11,52,56,72,76,58,17,1,2,37,24,22,56,62,1.0,regular,Phoenix Suns 2022-23,2022-23,100.76,-8.932115919015482,57,3.807321721530967
2022-23,1610612756,PHX,Phoenix Suns,22200836,2023-02-10,PHX @ IND,W,48.0,43,93,0.462,10,33,0.303,21,24,0.875,19,34,53,25,17.0,13,2,3,24,16,117,13.0,1,1,1,1,5,28,25,46,52,36,61,16,31,17,3,26,9,51,67,3,71,20,61,62,30,19,1.0,regular,Phoenix Suns 2022-23,2022-23,101.56,12.800315084679006,58,4.905535048180686
2022-23,1610612756,PHX,Phoenix Suns,22200870,2023-02-14,PHX vs. SAC,W,48.0,50,88,0.568,7,22,0.318,13,16,0.813,8,29,37,33,15.0,12,4,4,17,21,120,11.0,1,1,1,1,5,1,52,1,74,77,55,63,64,36,64,59,67,7,52,5,49,37,13,32,25,24,1.0,regular,Phoenix Suns 2022-23,2022-23,102.04,10.780086240689926,59,2.965630899664008
2022-23,1610612756,PHX,Phoenix Suns,22200885,2023-02-16,PHX vs. LAC,L,48.0,42,89,0.472,11,31,0.355,12,16,0.75,7,31,38,30,14.0,10,2,2,24,19,107,-9.0,1,46,46,46,5,40,43,36,46,49,48,67,64,54,72,48,64,23,38,8,71,8,61,47,56,62,1.0,regular,Phoenix Suns 2022-23,2022-23,103.04,-8.73447204968944,60,2.541419992987966
2022-23,1610612756,PHX,Phoenix Suns,22200899,2023-02-24,PHX vs. OKC,W,48.0,42,90,0.467,14,38,0.368,26,32,0.813,15,39,54,23,11.0,5,5,2,22,21,124,9.0,1,1,1,1,5,40,38,42,21,15,41,4,5,36,13,9,7,61,17,58,37,8,41,32,19,29,1.0,regular,Phoenix Suns 2022-23,2022-23,100.08,8.992805755395683,61,2.5012041386139683
2022-23,1610612756,PHX,Phoenix Suns,22200910,2023-02-26,PHX @ MIL,L,48.0,40,95,0.421,8,24,0.333,13,22,0.591,19,36,55,21,12.0,4,5,7,22,20,101,-3.0,1,46,46,46,5,56,12,70,69,71,53,63,36,80,3,17,4,79,26,67,37,73,41,40,69,52,1.0,regular,Phoenix Suns 2022-23,2022-23,97.68,-3.071253071253071,62,1.3540956311526677
2022-23,1610612756,PHX,Phoenix Suns,22200933,2023-03-01,PHX @ CHA,W,48.0,42,89,0.472,9,25,0.36,12,15,0.8,5,43,48,30,13.0,8,9,7,22,17,105,14.0,1,1,1,1,5,40,43,36,61,70,45,67,70,39,80,1,22,23,32,23,5,73,41,59,64,17,1.0,regular,Phoenix Suns 2022-23,2022-23,103.6,13.513513513513514,63,5.793057943522931
2022-23,1610612756,PHX,Phoenix Suns,22200950,2023-03-03,PHX @ CHI,W,48.0,42,84,0.5,20,47,0.426,21,25,0.84,13,28,41,29,11.0,6,7,1,20,15,125,21.0,1,1,1,1,5,40,70,18,4,2,21,16,24,27,27,64,53,29,17,53,17,4,28,67,14,6,1.0,regular,Phoenix Suns 2022-23,2022-23,93.0,22.58064516129032,64,6.853039392559312
2022-23,1610612756,PHX,Phoenix Suns,22200962,2023-03-05,PHX @ DAL,W,48.0,49,89,0.551,12,34,0.353,20,25,0.8,9,32,41,27,9.0,5,2,0,28,22,130,4.0,1,1,1,1,5,4,43,4,40,32,49,24,24,39,56,40,53,40,8,58,71,1,74,22,6,38,1.0,regular,Phoenix Suns 2022-23,2022-23,100.0,4.0,65,5.5800992001711895
2022-23,1610612756,PHX,Phoenix Suns,22200990,2023-03-08,PHX vs. OKC,W,48.0,49,94,0.521,20,43,0.465,14,16,0.875,14,40,54,31,15.0,10,7,2,17,13,132,31.0,1,1,1,1,5,4,18,11,4,5,15,58,64,17,22,7,7,13,52,8,17,8,13,75,4,2,1.0,regular,Phoenix Suns 2022-23,2022-23,102.04,30.380243041944333,66,8.23097677575548
2022-23,1610612756,PHX,Phoenix Suns,22201013,2023-03-11,PHX vs. SAC,L,48.0,44,89,0.494,13,44,0.295,18,22,0.818,7,33,40,30,14.0,11,3,2,26,19,119,-9.0,1,46,46,46,5,24,43,22,29,3,68,35,36,34,72,33,58,23,38,6,61,8,70,47,27,62,1.0,regular,Phoenix Suns 2022-23,2022-23,105.68,-8.516275548826647,67,8.272560812774364
2022-23,1610612756,PHX,Phoenix Suns,22201025,2023-03-13,PHX @ GSW,L,48.0,46,95,0.484,4,21,0.19,16,22,0.727,17,30,47,25,14.0,8,4,6,23,21,112,-11.0,1,46,46,46,5,18,12,29,81,80,81,48,36,63,10,55,27,51,38,23,49,62,56,32,45,66,1.0,regular,Phoenix Suns 2022-23,2022-23,101.68,-10.81825334382376,68,5.910703969924087
2022-23,1610612756,PHX,Phoenix Suns,22201033,2023-03-14,PHX vs. MIL,L,48.0,41,95,0.432,8,23,0.348,14,16,0.875,8,33,41,23,11.0,7,3,6,26,15,104,-12.0,1,46,46,46,5,49,12,64,69,73,51,58,64,17,64,33,53,61,17,34,61,62,70,67,65,69,1.0,regular,Phoenix Suns 2022-23,2022-23,105.04,-11.424219345011423,69,3.690273411353952
2022-23,1610612756,PHX,Phoenix Suns,22201046,2023-03-16,PHX vs. ORL,W,48.0,43,90,0.478,13,35,0.371,17,17,1.0,7,28,35,26,14.0,7,5,3,22,20,116,3.0,1,1,1,1,5,28,38,34,29,27,37,43,62,1,72,64,76,43,38,34,37,20,41,40,34,42,1.0,regular,Phoenix Suns 2022-23,2022-23,104.48,2.8713629402756506,70,4.850856910350461
2022-23,1610612756,PHX,Phoenix Suns,22201064,2023-03-19,PHX @ OKC,L,48.0,44,92,0.478,15,36,0.417,17,24,0.708,9,31,40,31,14.0,7,9,3,31,20,120,-4.0,1,46,46,46,5,24,31,33,16,22,23,43,31,70,56,48,58,13,38,34,5,20,81,40,25,55,1.0,regular,Phoenix Suns 2022-23,2022-23,107.56,-3.718854592785422,71,3.579690875532351
2022-23,1610612756,PHX,Phoenix Suns,22201092,2023-03-22,PHX @ LAL,L,48.0,42,90,0.467,12,31,0.387,15,20,0.75,12,27,39,23,17.0,7,6,2,31,20,111,-11.0,1,46,46,46,5,40,38,42,40,49,32,54,49,54,37,69,62,61,67,34,29,8,81,40,50,66,1.0,regular,Phoenix Suns 2022-23,2022-23,103.8,-10.597302504816957,72,2.827085932175962
2022-23,1610612756,PHX,Phoenix Suns,22201105,2023-03-24,PHX @ SAC,L,48.0,48,89,0.539,9,29,0.31,22,29,0.759,12,31,43,33,12.0,2,7,3,25,23,127,-8.0,1,46,46,46,5,10,43,5,61,60,58,11,11,52,37,48,46,7,26,81,17,20,67,16,13,60,1.0,regular,Phoenix Suns 2022-23,2022-23,101.76,-7.861635220125786,73,0.689571058812032
2022-23,1610612756,PHX,Phoenix Suns,22201110,2023-03-25,PHX vs. PHI,W,48.0,47,93,0.505,15,32,0.469,16,19,0.842,13,32,45,35,8.0,4,9,7,22,16,125,20.0,1,1,1,1,5,14,25,17,16,41,13,48,53,25,27,40,36,3,4,67,5,73,41,62,14,9,1.0,regular,Phoenix Suns 2022-23,2022-23,96.36,20.755500207555002,74,0.5070565634385001
2022-23,1610612756,PHX,Phoenix Suns,22201125,2023-03-27,PHX @ UTA,W,48.0,43,101,0.426,11,36,0.306,20,22,0.909,18,31,49,31,7.0,7,7,7,20,19,117,14.0,1,1,1,1,5,28,6,67,46,22,60,24,36,10,7,48,16,13,2,34,17,73,28,47,30,17,1.0,regular,Phoenix Suns 2022-23,2022-23,99.68,14.044943820224717,75,1.511550945460972
2022-23,1610612756,PHX,Phoenix Suns,22201144,2023-03-29,PHX vs. MIN,W,48.0,40,96,0.417,6,20,0.3,21,27,0.778,15,33,48,23,8.0,11,8,4,16,24,107,7.0,1,1,1,1,5,56,11,73,77,81,65,16,17,44,13,33,22,61,4,6,10,37,7,11,56,32,1.0,regular,Phoenix Suns 2022-23,2022-23,100.88,6.9389373513084855,76,-0.8325796236026128
2022-23,1610612756,PHX,Phoenix Suns,22201160,2023-03-31,PHX vs. DEN,W,48.0,37,88,0.42,10,27,0.37,16,21,0.762,13,38,51,28,16.0,8,7,5,16,16,100,7.0,1,1,1,1,5,70,52,71,52,67,39,48,44,51,27,11,13,34,62,23,17,52,7,62,70,32,1.0,regular,Phoenix Suns 2022-23,2022-23,100.24,6.983240223463688,77,0.7173719536264206
2022-23,1610612756,PHX,Phoenix Suns,22201172,2023-04-02,PHX @ OKC,W,48.0,46,81,0.568,13,34,0.382,23,28,0.821,5,33,38,31,13.0,4,6,0,30,23,128,10.0,1,1,1,1,5,18,77,2,29,32,34,9,13,33,80,33,64,13,32,67,29,1,79,16,10,26,1.0,regular,Phoenix Suns 2022-23,2022-23,101.32,9.869719699960521,78,2.7861692580048483
2022-23,1610612756,PHX,Phoenix Suns,22201188,2023-04-04,PHX vs. SAS,W,48.0,43,89,0.483,10,33,0.303,19,26,0.731,15,42,57,25,14.0,7,7,5,12,16,115,21.0,1,1,1,1,5,28,43,30,52,36,61,31,18,62,13,3,2,51,38,34,17,52,1,62,40,6,1.0,regular,Phoenix Suns 2022-23,2022-23,99.44,21.118262268704747,79,6.040417419376466
2022-23,1610612756,PHX,Phoenix Suns,22201201,2023-04-06,PHX vs. DEN,W,48.0,41,79,0.519,17,36,0.472,20,25,0.8,7,26,33,26,10.0,4,6,2,16,19,119,4.0,1,1,1,1,5,49,79,14,8,22,11,24,24,39,72,72,81,43,15,67,29,8,7,47,27,38,1.0,regular,Phoenix Suns 2022-23,2022-23,93.0,4.301075268817205,80,6.1833886522306205
2022-23,1610612756,PHX,Phoenix Suns,22201212,2023-04-07,PHX @ LAL,L,48.0,43,104,0.413,9,36,0.25,12,14,0.857,13,34,47,23,9.0,7,10,6,12,12,107,-14.0,1,46,46,46,5,28,2,75,61,22,77,67,71,22,27,26,27,61,8,34,2,62,1,77,56,71,1.0,regular,Phoenix Suns 2022-23,2022-23,106.16,-13.187641296156746,81,5.236509981893489
2022-23,1610612756,PHX,Phoenix Suns,22201229,2023-04-09,PHX vs. LAC,L,48.0,42,99,0.424,14,37,0.378,16,22,0.727,12,35,47,29,7.0,4,3,5,21,18,114,-5.0,1,46,46,46,5,40,8,69,21,17,35,48,36,63,37,24,27,29,2,67,61,52,36,56,42,57,1.0,regular,Phoenix Suns 2022-23,2022-23,103.68,-4.822530864197531,82,5.813987145955432
2022-23,1610612756,PHX,Phoenix Suns,42200171,2023-04-16,PHX vs. LAC,L,48.0,39,82,0.476,6,19,0.316,26,33,0.788,6,36,42,27,10.0,8,9,4,25,21,110,-5.0,1,7,7,7,1,8,9,9,10,11,9,2,2,7,10,1,4,4,3,3,1,5,9,4,7,7,1.0,playoffs,Phoenix Suns 2022-23,2022-23,100.52,-4.974134500596896,83,6.102737217908319
2022-23,1610612756,PHX,Phoenix Suns,42200172,2023-04-18,PHX vs. LAC,W,48.0,50,85,0.588,10,24,0.417,13,14,0.929,7,28,35,30,11.0,6,6,4,22,20,123,14.0,1,1,1,1,1,2,6,1,4,8,3,9,10,2,8,8,10,2,6,5,4,5,4,7,4,1,1.0,playoffs,Phoenix Suns 2022-23,2022-23,95.16,14.712063892391761,84,5.498393586391996
2022-23,1610612756,PHX,Phoenix Suns,42200173,2023-04-20,PHX @ LAC,W,48.0,42,88,0.477,10,27,0.37,35,46,0.761,15,30,45,20,13.0,12,4,7,18,31,129,5.0,1,1,1,1,1,6,4,8,4,5,6,1,1,9,1,6,2,9,7,1,8,11,2,1,2,5,1.0,playoffs,Phoenix Suns 2022-23,2022-23,106.24,4.70632530120482,85,4.564531734490006
2022-23,1610612756,PHX,Phoenix Suns,42200174,2023-04-22,PHX @ LAC,W,48.0,41,84,0.488,9,22,0.409,21,27,0.778,14,35,49,25,18.0,10,8,5,14,22,112,12.0,1,1,1,1,1,7,7,6,6,10,4,4,4,8,2,2,1,5,11,2,2,7,1,2,6,2,1.0,playoffs,Phoenix Suns 2022-23,2022-23,99.88,12.014417300760915,86,5.0720797294352495
2022-23,1610612756,PHX,Phoenix Suns,42200175,2023-04-25,PHX vs. LAC,W,48.0,51,94,0.543,13,26,0.5,21,24,0.875,11,32,43,31,9.0,7,4,1,27,21,136,6.0,1,1,1,1,1,1,3,3,1,7,1,4,5,4,4,5,3,1,1,4,8,1,11,4,1,4,1.0,playoffs,Phoenix Suns 2022-23,2022-23,102.56,5.850234009360374,87,4.958779108024919
2022-23,1610612756,PHX,Phoenix Suns,42200221,2023-04-29,PHX @ DEN,L,48.0,43,84,0.512,7,23,0.304,14,17,0.824,8,30,38,20,16.0,4,5,1,19,19,107,-18.0,1,7,7,7,1,5,7,4,9,9,10,8,9,6,6,6,8,9,10,9,6,1,3,8,8,10,1.0,playoffs,Phoenix Suns 2022-23,2022-23,99.48,-18.0940892641737,88,2.1623982116114964
2022-23,1610612756,PHX,Phoenix Suns,42200222,2023-05-01,PHX @ DEN,L,48.0,38,95,0.4,6,31,0.194,5,5,1.0,11,28,39,23,10.0,2,4,6,25,16,87,-10.0,1,7,7,7,1,9,1,11,10,1,11,11,11,1,4,8,7,7,3,11,8,9,9,11,11,8,1.0,playoffs,Phoenix Suns 2022-23,2022-23,96.2,-10.395010395010393,89,-0.9889290547600181
2022-23,1610612756,PHX,Phoenix Suns,42200223,2023-05-05,PHX vs. DEN,W,48.0,48,95,0.505,9,28,0.321,16,18,0.889,7,34,41,24,9.0,5,6,5,24,21,121,7.0,1,1,1,1,1,3,1,5,6,3,8,7,8,3,8,3,6,6,1,8,4,7,7,4,5,3,1.0,playoffs,Phoenix Suns 2022-23,2022-23,104.92,6.671749904689286,90,-0.75186159117281
2022-23,1610612756,PHX,Phoenix Suns,42200224,2023-05-07,PHX vs. DEN,W,48.0,46,81,0.568,13,29,0.448,24,29,0.828,12,25,37,28,13.0,6,4,2,24,19,129,5.0,1,1,1,1,1,4,10,2,1,2,2,3,3,5,3,11,9,3,7,5,8,3,7,8,2,5,1.0,playoffs,Phoenix Suns 2022-23,2022-23,94.76,5.2764879696074285,91,1.0945513354036076
2022-23,1610612756,PHX,Phoenix Suns,42200225,2023-05-09,PHX @ DEN,L,48.0,38,88,0.432,9,27,0.333,17,24,0.708,8,34,42,22,10.0,6,7,6,22,17,102,-16.0,1,7,7,7,1,9,4,10,6,5,7,6,5,10,6,3,4,8,3,5,3,9,4,10,9,9,1.0,playoffs,Phoenix Suns 2022-23,2022-23,100.56,-15.910898965791567,92,-0.014285474755795845
2022-23,1610612756,PHX,Phoenix Suns,42200226,2023-05-11,PHX vs. DEN,L,48.0,38,79,0.481,11,28,0.393,13,20,0.65,2,27,29,20,14.0,3,5,3,22,22,100,-25.0,1,7,7,7,1,9,11,7,3,3,5,9,7,11,11,10,11,9,9,10,6,4,4,2,10,11,1.0,playoffs,Phoenix Suns 2022-23,2022-23,99.8,-25.050100200400806,93,-2.021882044736187
