player_id,season,loc_x,loc_y,shot_made,shot_type
2544,2025-26,176,200,False,3PT Field Goal
2544,2025-26,-153,200,True,3PT Field Goal
2544,2025-26,-232,12,False,3PT Field Goal
2544,2025-26,-31,20,True,2PT Field Goal
2544,2025-26,-42,72,False,2PT Field Goal
2544,2025-26,5,39,True,2PT Field Goal
2544,2025-26,-23,17,False,2PT Field Goal
2544,2025-26,-53,63,True,2PT Field Goal
2544,2025-26,2,25,True,2PT Field Goal
2544,2025-26,27,20,False,2PT Field Goal
2544,2025-26,-22,15,True,2PT Field Goal
2544,2025-26,17,14,False,2PT Field Goal
2544,2025-26,11,24,True,2PT Field Goal
2544,2025-26,36,252,False,3PT Field Goal
2544,2025-26,-43,152,False,2PT Field Goal
2544,2025-26,20,6,True,2PT Field Goal
2544,2025-26,56,278,True,3PT Field Goal
2544,2025-26,-70,37,True,2PT Field Goal
2544,2025-26,-87,35,True,2PT Field Goal
2544,2025-26,-58,162,True,2PT Field Goal
2544,2025-26,-229,9,False,3PT Field Goal
2544,2025-26,-1,19,True,2PT Field Goal
2544,2025-26,83,37,False,2PT Field Goal
2544,2025-26,-233,67,True,3PT Field Goal
2544,2025-26,-26,58,False,2PT Field Goal
2544,2025-26,113,83,True,2PT Field Goal
2544,2025-26,-88,247,False,3PT Field Goal
2544,2025-26,11,19,True,2PT Field Goal
2544,2025-26,-5,53,True,2PT Field Goal
2544,2025-26,-74,146,False,2PT Field Goal
2544,2025-26,-50,9,False,2PT Field Goal
2544,2025-26,-114,243,False,3PT Field Goal
2544,2025-26,-13,26,True,2PT Field Goal
2544,2025-26,-235,65,True,3PT Field Goal
2544,2025-26,-235,16,False,3PT Field Goal
2544,2025-26,-12,22,False,2PT Field Goal
2544,2025-26,-7,26,True,2PT Field Goal
2544,2025-26,-234,38,False,3PT Field Goal
2544,2025-26,-5,21,False,2PT Field Goal
2544,2025-26,-201,179,False,3PT Field Goal
2544,2025-26,168,200,True,3PT Field Goal
2544,2025-26,175,183,False,3PT Field Goal
2544,2025-26,-206,162,True,3PT Field Goal
2544,2025-26,-13,55,False,2PT Field Goal
2544,2025-26,-168,227,True,3PT Field Goal
2544,2025-26,-54,136,True,2PT Field Goal
2544,2025-26,-6,21,True,2PT Field Goal
2544,2025-26,9,8,False,2PT Field Goal
2544,2025-26,-9,56,False,2PT Field Goal
2544,2025-26,39,21,True,2PT Field Goal
2544,2025-26,38,20,False,2PT Field Goal
2544,2025-26,-51,17,False,2PT Field Goal
2544,2025-26,-222,109,False,3PT Field Goal
2544,2025-26,109,224,False,3PT Field Goal
2544,2025-26,51,21,False,2PT Field Goal
2544,2025-26,23,14,True,2PT Field Goal
2544,2025-26,11,82,True,2PT Field Goal
2544,2025-26,21,27,True,2PT Field Goal
2544,2025-26,40,8,True,2PT Field Goal
2544,2025-26,228,-16,False,3PT Field Goal
2544,2025-26,27,32,True,2PT Field Goal
2544,2025-26,127,47,False,2PT Field Goal
2544,2025-26,-105,80,False,2PT Field Goal
2544,2025-26,29,20,True,2PT Field Goal
2544,2025-26,-27,38,True,2PT Field Goal
2544,2025-26,86,246,False,3PT Field Goal
2544,2025-26,49,87,True,2PT Field Goal
2544,2025-26,-158,10,True,2PT Field Goal
2544,2025-26,230,34,False,3PT Field Goal
2544,2025-26,-6,82,False,2PT Field Goal
2544,2025-26,32,40,False,2PT Field Goal
2544,2025-26,-100,54,False,2PT Field Goal
2544,2025-26,59,248,False,3PT Field Goal
2544,2025-26,43,57,False,2PT Field Goal
2544,2025-26,-99,260,True,3PT Field Goal
2544,2025-26,-148,217,False,3PT Field Goal
2544,2025-26,-131,16,False,2PT Field Goal
2544,2025-26,-53,40,False,2PT Field Goal
2544,2025-26,12,3,False,2PT Field Goal
2544,2025-26,-88,250,False,3PT Field Goal
2544,2025-26,-31,16,False,2PT Field Goal
2544,2025-26,108,241,False,3PT Field Goal
2544,2025-26,-9,-1,True,2PT Field Goal
2544,2025-26,38,9,False,2PT Field Goal
2544,2025-26,5,129,True,2PT Field Goal
2544,2025-26,-10,12,False,2PT Field Goal
2544,2025-26,6,7,True,2PT Field Goal
2544,2025-26,-74,262,False,3PT Field Goal
2544,2025-26,-190,165,False,3PT Field Goal
2544,2025-26,22,4,False,2PT Field Goal
2544,2025-26,245,62,False,3PT Field Goal
2544,2025-26,-22,27,True,2PT Field Goal
2544,2025-26,110,79,False,2PT Field Goal
2544,2025-26,-44,85,True,2PT Field Goal
2544,2025-26,-229,-22,False,3PT Field Goal
2544,2025-26,-7,4,False,2PT Field Goal
2544,2025-26,1,10,True,2PT Field Goal
2544,2025-26,0,-5,True,2PT Field Goal
2544,2025-26,-203,204,True,3PT Field Goal
2544,2025-26,51,275,False,3PT Field Goal
2544,2025-26,-6,54,False,2PT Field Goal
2544,2025-26,2,182,True,2PT Field Goal
2544,2025-26,-56,121,True,2PT Field Goal
2544,2025-26,81,255,True,3PT Field Goal
2544,2025-26,7,110,False,2PT Field Goal
2544,2025-26,16,-2,True,2PT Field Goal
2544,2025-26,-9,224,True,2PT Field Goal
2544,2025-26,-77,252,True,3PT Field Goal
2544,2025-26,-86,256,True,3PT Field Goal
2544,2025-26,-153,130,True,2PT Field Goal
2544,2025-26,32,32,True,2PT Field Goal
2544,2025-26,-136,14,False,2PT Field Goal
2544,2025-26,31,15,True,2PT Field Goal
2544,2025-26,0,0,False,2PT Field Goal
2544,2025-26,-109,226,False,3PT Field Goal
2544,2025-26,31,22,True,2PT Field Goal
2544,2025-26,-36,16,True,2PT Field Goal
2544,2025-26,9,74,False,2PT Field Goal
2544,2025-26,-22,20,True,2PT Field Goal
2544,2025-26,25,10,True,2PT Field Goal
2544,2025-26,-202,181,False,3PT Field Goal
2544,2025-26,-12,176,True,2PT Field Goal
2544,2025-26,-157,207,False,3PT Field Goal
2544,2025-26,-34,55,True,2PT Field Goal
2544,2025-26,-224,170,False,3PT Field Goal
2544,2025-26,-91,106,False,2PT Field Goal
2544,2025-26,-202,186,False,3PT Field Goal
2544,2025-26,-159,188,False,3PT Field Goal
2544,2025-26,196,82,False,2PT Field Goal
2544,2025-26,162,56,False,2PT Field Goal
2544,2025-26,229,74,True,3PT Field Goal
2544,2025-26,-9,9,True,2PT Field Goal
2544,2025-26,9,10,True,2PT Field Goal
2544,2025-26,-134,211,False,3PT Field Goal
2544,2025-26,-96,166,True,2PT Field Goal
2544,2025-26,9,57,False,2PT Field Goal
2544,2025-26,-42,74,False,2PT Field Goal
2544,2025-26,-2,8,True,2PT Field Goal
2544,2025-26,-29,1,True,2PT Field Goal
2544,2025-26,-22,8,False,2PT Field Goal
2544,2025-26,17,5,True,2PT Field Goal
2544,2025-26,-96,229,False,3PT Field Goal
2544,2025-26,-34,11,False,2PT Field Goal
2544,2025-26,8,-3,False,2PT Field Goal
2544,2025-26,-29,17,True,2PT Field Goal
2544,2025-26,0,57,True,2PT Field Goal
2544,2025-26,-25,18,True,2PT Field Goal
2544,2025-26,12,11,False,2PT Field Goal
2544,2025-26,6,8,True,2PT Field Goal
2544,2025-26,-11,18,True,2PT Field Goal
2544,2025-26,20,23,True,2PT Field Goal
2544,2025-26,-230,28,False,3PT Field Goal
2544,2025-26,-112,235,True,3PT Field Goal
2544,2025-26,11,264,True,3PT Field Goal
2544,2025-26,-4,196,False,2PT Field Goal
2544,2025-26,142,74,True,2PT Field Goal
2544,2025-26,-39,46,False,2PT Field Goal
2544,2025-26,39,284,False,3PT Field Goal
2544,2025-26,11,108,False,2PT Field Goal
2544,2025-26,-29,55,True,2PT Field Goal
2544,2025-26,213,151,True,3PT Field Goal
2544,2025-26,-120,69,True,2PT Field Goal
2544,2025-26,-164,224,True,3PT Field Goal
2544,2025-26,-86,231,False,3PT Field Goal
2544,2025-26,-151,22,False,2PT Field Goal
2544,2025-26,-4,29,False,2PT Field Goal
2544,2025-26,-135,141,False,2PT Field Goal
2544,2025-26,-213,125,True,3PT Field Goal
2544,2025-26,-54,100,True,2PT Field Goal
2544,2025-26,-12,14,True,2PT Field Goal
2544,2025-26,9,15,True,2PT Field Goal
2544,2025-26,-4,15,True,2PT Field Goal
2544,2025-26,-135,230,False,3PT Field Goal
2544,2025-26,-143,38,True,2PT Field Goal
2544,2025-26,-54,215,True,2PT Field Goal
2544,2025-26,-6,14,True,2PT Field Goal
2544,2025-26,-6,7,True,2PT Field Goal
2544,2025-26,123,130,True,2PT Field Goal
2544,2025-26,-151,226,True,3PT Field Goal
2544,2025-26,-7,65,True,2PT Field Goal
2544,2025-26,36,8,False,2PT Field Goal
2544,2025-26,-4,6,True,2PT Field Goal
2544,2025-26,-9,16,True,2PT Field Goal
2544,2025-26,-153,32,True,2PT Field Goal
2544,2025-26,-45,205,False,2PT Field Goal
2544,2025-26,179,200,False,3PT Field Goal
2544,2025-26,-116,247,True,3PT Field Goal
2544,2025-26,-228,55,True,3PT Field Goal
2544,2025-26,114,40,False,2PT Field Goal
2544,2025-26,158,227,True,3PT Field Goal
2544,2025-26,237,-11,False,3PT Field Goal
2544,2025-26,173,176,False,3PT Field Goal
2544,2025-26,7,-13,True,2PT Field Goal
2544,2025-26,-210,183,False,3PT Field Goal
2544,2025-26,-235,6,False,3PT Field Goal
2544,2025-26,-12,32,False,2PT Field Goal
2544,2025-26,38,33,False,2PT Field Goal
2544,2025-26,-237,6,False,3PT Field Goal
2544,2025-26,97,252,False,3PT Field Goal
2544,2025-26,-4,9,True,2PT Field Goal
2544,2025-26,-134,38,False,2PT Field Goal
2544,2025-26,-11,16,True,2PT Field Goal
2544,2025-26,141,274,True,3PT Field Goal
2544,2025-26,-170,198,False,3PT Field Goal
2544,2025-26,135,262,False,3PT Field Goal
2544,2025-26,24,88,True,2PT Field Goal
2544,2025-26,55,92,True,2PT Field Goal
2544,2025-26,14,8,True,2PT Field Goal
2544,2025-26,142,314,False,3PT Field Goal
2544,2025-26,120,8,False,2PT Field Goal
2544,2025-26,-15,13,True,2PT Field Goal
2544,2025-26,-55,83,True,2PT Field Goal
2544,2025-26,-11,294,False,3PT Field Goal
2544,2025-26,4,81,True,2PT Field Goal
2544,2025-26,34,6,True,2PT Field Goal
2544,2025-26,27,12,True,2PT Field Goal
2544,2025-26,15,-1,True,2PT Field Goal
2544,2025-26,12,41,True,2PT Field Goal
2544,2025-26,-243,42,False,3PT Field Goal
2544,2025-26,-102,245,False,3PT Field Goal
2544,2025-26,-58,136,False,2PT Field Goal
2544,2025-26,-83,25,True,2PT Field Goal
2544,2025-26,-40,0,True,2PT Field Goal
2544,2025-26,-5,8,True,2PT Field Goal
2544,2025-26,-159,244,False,3PT Field Goal
2544,2025-26,156,214,True,3PT Field Goal
2544,2025-26,124,221,False,3PT Field Goal
2544,2025-26,-17,8,True,2PT Field Goal
2544,2025-26,-150,225,True,3PT Field Goal
2544,2025-26,-4,5,True,2PT Field Goal
2544,2025-26,148,222,False,3PT Field Goal
2544,2025-26,-2,8,True,2PT Field Goal
2544,2025-26,-11,29,False,2PT Field Goal
2544,2025-26,124,241,True,3PT Field Goal
2544,2025-26,22,110,True,2PT Field Goal
2544,2025-26,-121,8,False,2PT Field Goal
2544,2025-26,-165,5,False,2PT Field Goal
2544,2025-26,15,29,False,2PT Field Goal
2544,2025-26,5,3,True,2PT Field Goal
2544,2025-26,146,210,False,3PT Field Goal
2544,2025-26,5,9,True,2PT Field Goal
2544,2025-26,-61,22,False,2PT Field Goal
2544,2025-26,28,41,False,2PT Field Goal
2544,2025-26,7,22,True,2PT Field Goal
2544,2025-26,-222,133,True,3PT Field Goal
2544,2025-26,-146,238,True,3PT Field Goal
2544,2025-26,-233,-17,False,3PT Field Goal
2544,2025-26,-165,-9,False,2PT Field Goal
2544,2025-26,2,27,True,2PT Field Goal
2544,2025-26,-17,6,True,2PT Field Goal
2544,2025-26,-6,26,True,2PT Field Goal
2544,2025-26,32,36,False,2PT Field Goal
2544,2025-26,12,179,False,2PT Field Goal
2544,2025-26,-5,-6,True,2PT Field Goal
2544,2025-26,-64,79,False,2PT Field Goal
2544,2025-26,150,216,False,3PT Field Goal
2544,2025-26,1,13,True,2PT Field Goal
2544,2025-26,-34,25,False,2PT Field Goal
2544,2025-26,61,276,True,3PT Field Goal
2544,2025-26,-6,8,True,2PT Field Goal
2544,2025-26,-151,216,False,3PT Field Goal
2544,2025-26,138,222,True,3PT Field Goal
2544,2025-26,103,231,False,3PT Field Goal
2544,2025-26,9,4,True,2PT Field Goal
2544,2025-26,15,144,True,2PT Field Goal
2544,2025-26,45,136,False,2PT Field Goal
2544,2025-26,-7,11,True,2PT Field Goal
2544,2025-26,0,0,True,2PT Field Goal
2544,2025-26,-194,178,False,3PT Field Goal
2544,2025-26,-142,217,False,3PT Field Goal
2544,2025-26,37,11,False,2PT Field Goal
2544,2025-26,1,21,True,2PT Field Goal
2544,2025-26,36,32,True,2PT Field Goal
2544,2025-26,34,26,True,2PT Field Goal
2544,2025-26,29,27,True,2PT Field Goal
2544,2025-26,153,210,False,3PT Field Goal
2544,2025-26,-20,65,False,2PT Field Goal
2544,2025-26,-69,20,False,2PT Field Goal
2544,2025-26,-40,105,True,2PT Field Goal
2544,2025-26,92,65,False,2PT Field Goal
2544,2025-26,82,147,False,2PT Field Goal
2544,2025-26,235,18,False,3PT Field Goal
2544,2025-26,-229,11,False,3PT Field Goal
2544,2025-26,172,178,False,3PT Field Goal
2544,2025-26,-9,31,True,2PT Field Goal
2544,2025-26,-17,246,False,3PT Field Goal
2544,2025-26,37,11,True,2PT Field Goal
2544,2025-26,-27,24,True,2PT Field Goal
2544,2025-26,17,24,True,2PT Field Goal
2544,2025-26,-34,27,False,2PT Field Goal
2544,2025-26,-5,15,True,2PT Field Goal
2544,2025-26,23,36,False,2PT Field Goal
2544,2025-26,-165,237,False,3PT Field Goal
2544,2025-26,-22,38,True,2PT Field Goal
2544,2025-26,146,104,False,2PT Field Goal
2544,2025-26,9,14,True,2PT Field Goal
2544,2025-26,-17,3,True,2PT Field Goal
2544,2025-26,6,8,True,2PT Field Goal
2544,2025-26,2,4,True,2PT Field Goal
2544,2025-26,-224,153,True,3PT Field Goal
2544,2025-26,18,148,False,2PT Field Goal
2544,2025-26,-33,27,False,2PT Field Goal
2544,2025-26,-25,34,False,2PT Field Goal
2544,2025-26,-74,34,True,2PT Field Goal
2544,2025-26,163,218,False,3PT Field Goal
2544,2025-26,229,31,True,3PT Field Goal
2544,2025-26,-10,10,True,2PT Field Goal
2544,2025-26,-6,7,True,2PT Field Goal
2544,2025-26,223,117,True,3PT Field Goal
2544,2025-26,134,230,False,3PT Field Goal
2544,2025-26,-169,52,True,2PT Field Goal
2544,2025-26,16,32,False,2PT Field Goal
2544,2025-26,-156,8,False,2PT Field Goal
2544,2025-26,-131,81,False,2PT Field Goal
2544,2025-26,13,273,True,3PT Field Goal
2544,2025-26,51,269,False,3PT Field Goal
2544,2025-26,-6,25,False,2PT Field Goal
2544,2025-26,-234,126,True,3PT Field Goal
2544,2025-26,7,20,True,2PT Field Goal
2544,2025-26,-2,37,True,2PT Field Goal
2544,2025-26,0,63,False,2PT Field Goal
2544,2025-26,25,87,False,2PT Field Goal
2544,2025-26,-4,26,True,2PT Field Goal
2544,2025-26,-42,21,True,2PT Field Goal
2544,2025-26,5,35,True,2PT Field Goal
2544,2025-26,-26,51,True,2PT Field Goal
2544,2025-26,25,278,False,3PT Field Goal
2544,2025-26,-20,9,False,2PT Field Goal
2544,2025-26,-6,50,False,2PT Field Goal
2544,2025-26,-115,32,False,2PT Field Goal
2544,2025-26,-86,180,False,2PT Field Goal
2544,2025-26,44,27,False,2PT Field Goal
2544,2025-26,-7,5,True,2PT Field Goal
2544,2025-26,2,220,False,2PT Field Goal
2544,2025-26,-132,225,False,3PT Field Goal
2544,2025-26,7,-1,True,2PT Field Goal
2544,2025-26,-5,-4,True,2PT Field Goal
2544,2025-26,-86,132,False,2PT Field Goal
2544,2025-26,-7,-1,False,2PT Field Goal
2544,2025-26,-120,39,True,2PT Field Goal
2544,2025-26,-126,309,False,3PT Field Goal
2544,2025-26,-4,17,True,2PT Field Goal
2544,2025-26,-156,214,True,3PT Field Goal
2544,2025-26,-192,123,True,2PT Field Goal
2544,2025-26,-103,189,False,2PT Field Goal
2544,2025-26,-138,231,False,3PT Field Goal
2544,2025-26,145,217,True,3PT Field Goal
2544,2025-26,-110,35,True,2PT Field Goal
2544,2025-26,115,244,False,3PT Field Goal
2544,2025-26,-10,4,True,2PT Field Goal
2544,2025-26,5,27,False,2PT Field Goal
2544,2025-26,6,36,True,2PT Field Goal
2544,2025-26,9,42,True,2PT Field Goal
2544,2025-26,121,216,True,3PT Field Goal
2544,2025-26,-26,14,True,2PT Field Goal
2544,2025-26,-48,93,True,2PT Field Goal
2544,2025-26,-158,41,False,2PT Field Goal
2544,2025-26,36,96,False,2PT Field Goal
2544,2025-26,-10,143,False,2PT Field Goal
2544,2025-26,76,87,False,2PT Field Goal
2544,2025-26,-148,19,False,2PT Field Goal
2544,2025-26,-4,13,False,2PT Field Goal
2544,2025-26,137,32,True,2PT Field Goal
2544,2025-26,-129,37,True,2PT Field Goal
2544,2025-26,2,0,True,2PT Field Goal
2544,2025-26,-18,32,False,2PT Field Goal
2544,2025-26,1,12,True,2PT Field Goal
2544,2025-26,-21,-1,True,2PT Field Goal
2544,2025-26,47,189,False,2PT Field Goal
2544,2025-26,-69,251,True,3PT Field Goal
2544,2025-26,-16,10,True,2PT Field Goal
2544,2025-26,116,84,False,2PT Field Goal
2544,2025-26,17,59,False,2PT Field Goal
2544,2025-26,-7,18,False,2PT Field Goal
2544,2025-26,0,11,True,2PT Field Goal
2544,2025-26,-61,79,False,2PT Field Goal
2544,2025-26,44,122,True,2PT Field Goal
2544,2025-26,-86,255,False,3PT Field Goal
2544,2025-26,-11,57,False,2PT Field Goal
2544,2025-26,77,79,True,2PT Field Goal
2544,2025-26,-26,103,False,2PT Field Goal
2544,2025-26,-9,32,True,2PT Field Goal
2544,2025-26,6,268,False,3PT Field Goal
2544,2025-26,33,29,False,2PT Field Goal
2544,2025-26,-10,116,False,2PT Field Goal
2544,2025-26,53,194,False,2PT Field Goal
2544,2025-26,11,256,True,3PT Field Goal
2544,2025-26,-129,244,False,3PT Field Goal
2544,2025-26,-5,18,True,2PT Field Goal
2544,2025-26,-20,20,True,2PT Field Goal
2544,2025-26,0,29,True,2PT Field Goal
2544,2025-26,170,144,False,2PT Field Goal
2544,2025-26,2,28,True,2PT Field Goal
2544,2025-26,-27,21,True,2PT Field Goal
2544,2025-26,-75,51,True,2PT Field Goal
2544,2025-26,-125,59,False,2PT Field Goal
2544,2025-26,151,232,False,3PT Field Goal
2544,2025-26,10,15,False,2PT Field Goal
2544,2025-26,0,0,True,2PT Field Goal
2544,2025-26,-81,173,True,2PT Field Goal
2544,2025-26,56,17,False,2PT Field Goal
2544,2025-26,34,62,False,2PT Field Goal
2544,2025-26,45,251,False,3PT Field Goal
2544,2025-26,-13,15,False,2PT Field Goal
2544,2025-26,7,22,False,2PT Field Goal
2544,2025-26,229,17,True,3PT Field Goal
2544,2025-26,15,7,True,2PT Field Goal
2544,2025-26,9,13,True,2PT Field Goal
2544,2025-26,-15,18,True,2PT Field Goal
2544,2025-26,0,0,True,2PT Field Goal
2544,2025-26,67,-6,True,2PT Field Goal
2544,2025-26,188,43,False,2PT Field Goal
2544,2025-26,17,0,True,2PT Field Goal
2544,2025-26,6,12,True,2PT Field Goal
2544,2025-26,-108,168,False,2PT Field Goal
2544,2025-26,0,6,True,2PT Field Goal
2544,2025-26,-140,210,True,3PT Field Goal
2544,2025-26,12,10,True,2PT Field Goal
2544,2025-26,47,152,True,2PT Field Goal
2544,2025-26,-183,181,False,3PT Field Goal
2544,2025-26,-38,90,False,2PT Field Goal
2544,2025-26,18,2,True,2PT Field Goal
2544,2025-26,20,0,True,2PT Field Goal
2544,2025-26,154,36,False,2PT Field Goal
2544,2025-26,-72,263,False,3PT Field Goal
2544,2025-26,-237,85,False,3PT Field Goal
2544,2025-26,-137,1,False,2PT Field Goal
2544,2025-26,4,9,False,2PT Field Goal
2544,2025-26,-31,82,False,2PT Field Goal
2544,2025-26,2,9,False,2PT Field Goal
2544,2025-26,23,19,True,2PT Field Goal
2544,2025-26,13,9,True,2PT Field Goal
2544,2025-26,225,-6,False,3PT Field Goal
2544,2025-26,-227,56,False,3PT Field Goal
2544,2025-26,62,67,False,2PT Field Goal
2544,2025-26,-75,105,False,2PT Field Goal
2544,2025-26,5,11,True,2PT Field Goal
2544,2025-26,-208,160,False,3PT Field Goal
2544,2025-26,-40,67,False,2PT Field Goal
2544,2025-26,-28,10,False,2PT Field Goal
2544,2025-26,-15,-11,False,2PT Field Goal
2544,2025-26,-186,187,True,3PT Field Goal
2544,2025-26,-11,5,True,2PT Field Goal
2544,2025-26,55,6,False,2PT Field Goal
2544,2025-26,151,94,True,2PT Field Goal
2544,2025-26,154,197,True,3PT Field Goal
2544,2025-26,31,-10,False,2PT Field Goal
2544,2025-26,-113,41,True,2PT Field Goal
2544,2025-26,-17,9,True,2PT Field Goal
2544,2025-26,-13,8,False,2PT Field Goal
2544,2025-26,13,16,False,2PT Field Goal
2544,2025-26,12,13,True,2PT Field Goal
2544,2025-26,-138,43,False,2PT Field Goal
2544,2025-26,-7,17,True,2PT Field Goal
2544,2025-26,-125,275,False,3PT Field Goal
2544,2025-26,96,252,True,3PT Field Goal
2544,2025-26,-92,46,False,2PT Field Goal
2544,2025-26,1,6,True,2PT Field Goal
2544,2025-26,237,37,False,3PT Field Goal
2544,2025-26,-7,153,True,2PT Field Goal
2544,2025-26,130,129,True,2PT Field Goal
2544,2025-26,-228,-8,False,3PT Field Goal
2544,2025-26,-2,1,True,2PT Field Goal
2544,2025-26,-4,26,False,2PT Field Goal
2544,2025-26,-102,69,True,2PT Field Goal
2544,2025-26,-152,215,True,3PT Field Goal
2544,2025-26,-37,310,False,3PT Field Goal
2544,2025-26,-23,54,True,2PT Field Goal
2544,2025-26,188,157,False,3PT Field Goal
2544,2025-26,2,7,True,2PT Field Goal
2544,2025-26,-123,73,True,2PT Field Goal
2544,2025-26,16,43,True,2PT Field Goal
2544,2025-26,-1,341,False,3PT Field Goal
2544,2025-26,-16,-1,False,2PT Field Goal
2544,2025-26,6,8,True,2PT Field Goal
2544,2025-26,-6,3,True,2PT Field Goal
2544,2025-26,5,10,True,2PT Field Goal
2544,2025-26,1,1,False,2PT Field Goal
2544,2025-26,92,-7,True,2PT Field Goal
2544,2025-26,127,240,False,3PT Field Goal
2544,2025-26,-31,6,False,2PT Field Goal
2544,2025-26,21,259,False,3PT Field Goal
2544,2025-26,13,8,True,2PT Field Goal
2544,2025-26,11,22,True,2PT Field Goal
2544,2025-26,-12,2,True,2PT Field Goal
2544,2025-26,2,-3,True,2PT Field Goal
2544,2025-26,141,171,False,2PT Field Goal
2544,2025-26,-145,221,False,3PT Field Goal
2544,2025-26,-229,-5,False,3PT Field Goal
2544,2025-26,1,25,False,2PT Field Goal
2544,2025-26,-7,19,True,2PT Field Goal
2544,2025-26,-6,31,False,2PT Field Goal
2544,2025-26,-62,285,False,3PT Field Goal
2544,2025-26,-109,126,False,2PT Field Goal
2544,2025-26,15,25,True,2PT Field Goal
2544,2025-26,-27,130,False,2PT Field Goal
2544,2025-26,-6,25,True,2PT Field Goal
2544,2025-26,146,76,False,2PT Field Goal
2544,2025-26,-11,27,True,2PT Field Goal
2544,2025-26,5,16,True,2PT Field Goal
2544,2025-26,-70,27,False,2PT Field Goal
2544,2025-26,-15,26,True,2PT Field Goal
2544,2025-26,-13,32,True,2PT Field Goal
2544,2025-26,12,259,False,3PT Field Goal
2544,2025-26,-16,12,True,2PT Field Goal
2544,2025-26,98,179,False,2PT Field Goal
2544,2025-26,107,46,True,2PT Field Goal
2544,2025-26,81,149,False,2PT Field Goal
2544,2025-26,12,272,False,3PT Field Goal
2544,2025-26,-116,12,False,2PT Field Goal
2544,2025-26,-102,170,False,2PT Field Goal
2544,2025-26,78,252,True,3PT Field Goal
2544,2025-26,-7,20,True,2PT Field Goal
2544,2025-26,-22,42,True,2PT Field Goal
2544,2025-26,-120,257,True,3PT Field Goal
2544,2025-26,153,215,False,3PT Field Goal
2544,2025-26,241,13,False,3PT Field Goal
2544,2025-26,-132,147,False,2PT Field Goal
2544,2025-26,49,137,False,2PT Field Goal
2544,2025-26,62,260,False,3PT Field Goal
2544,2025-26,-72,76,True,2PT Field Goal
2544,2025-26,-158,57,True,2PT Field Goal
2544,2025-26,87,141,True,2PT Field Goal
2544,2025-26,-130,220,False,3PT Field Goal
2544,2025-26,-185,172,False,3PT Field Goal
2544,2025-26,-11,1,True,2PT Field Goal
2544,2025-26,-64,50,False,2PT Field Goal
2544,2025-26,-11,6,True,2PT Field Goal
2544,2025-26,-31,6,True,2PT Field Goal
2544,2025-26,148,84,False,2PT Field Goal
2544,2025-26,113,70,True,2PT Field Goal
2544,2025-26,-40,151,False,2PT Field Goal
2544,2025-26,105,226,False,3PT Field Goal
2544,2025-26,-40,21,False,2PT Field Goal
2544,2025-26,-15,10,True,2PT Field Goal
2544,2025-26,1,0,True,2PT Field Goal
2544,2025-26,233,37,False,3PT Field Goal
2544,2025-26,119,85,True,2PT Field Goal
2544,2025-26,-148,236,True,3PT Field Goal
2544,2025-26,-85,285,True,3PT Field Goal
2544,2025-26,172,211,False,3PT Field Goal
2544,2025-26,60,11,True,2PT Field Goal
2544,2025-26,-5,13,True,2PT Field Goal
2544,2025-26,-232,21,False,3PT Field Goal
2544,2025-26,-29,30,True,2PT Field Goal
2544,2025-26,239,67,False,3PT Field Goal
2544,2025-26,34,22,False,2PT Field Goal
2544,2025-26,10,100,False,2PT Field Goal
2544,2025-26,15,16,True,2PT Field Goal
2544,2025-26,-11,18,False,2PT Field Goal
2544,2025-26,31,41,True,2PT Field Goal
2544,2025-26,71,65,False,2PT Field Goal
2544,2025-26,26,16,True,2PT Field Goal
2544,2025-26,-140,228,False,3PT Field Goal
2544,2025-26,-23,53,False,2PT Field Goal
2544,2025-26,-214,162,False,3PT Field Goal
2544,2025-26,-10,16,True,2PT Field Goal
2544,2025-26,7,8,True,2PT Field Goal
2544,2025-26,-70,91,True,2PT Field Goal
2544,2025-26,-134,238,True,3PT Field Goal
2544,2025-26,162,202,False,3PT Field Goal
2544,2025-26,-13,122,True,2PT Field Goal
2544,2025-26,107,242,False,3PT Field Goal
2544,2025-26,37,122,False,2PT Field Goal
2544,2025-26,-4,112,False,2PT Field Goal
2544,2025-26,-7,18,False,2PT Field Goal
2544,2025-26,-67,130,True,2PT Field Goal
2544,2025-26,-102,132,False,2PT Field Goal
2544,2025-26,4,40,False,2PT Field Goal
2544,2025-26,5,40,False,2PT Field Goal
2544,2025-26,-7,11,True,2PT Field Goal
2544,2025-26,10,87,True,2PT Field Goal
2544,2025-26,29,154,True,2PT Field Goal
2544,2025-26,-83,171,False,2PT Field Goal
2544,2025-26,-21,29,False,2PT Field Goal
2544,2025-26,-169,203,False,3PT Field Goal
2544,2025-26,-25,19,False,2PT Field Goal
2544,2025-26,11,24,False,2PT Field Goal
2544,2025-26,92,247,False,3PT Field Goal
2544,2025-26,-230,123,True,3PT Field Goal
2544,2025-26,-40,88,False,2PT Field Goal
2544,2025-26,-13,42,True,2PT Field Goal
2544,2025-26,-15,12,False,2PT Field Goal
2544,2025-26,-40,28,True,2PT Field Goal
2544,2025-26,-4,26,True,2PT Field Goal
2544,2025-26,99,258,False,3PT Field Goal
2544,2025-26,-159,235,False,3PT Field Goal
2544,2025-26,2,15,True,2PT Field Goal
2544,2025-26,-17,28,False,2PT Field Goal
2544,2025-26,-6,18,True,2PT Field Goal
2544,2025-26,-65,85,False,2PT Field Goal
2544,2025-26,-114,231,True,3PT Field Goal
2544,2025-26,-31,257,False,3PT Field Goal
2544,2025-26,66,87,True,2PT Field Goal
2544,2025-26,-32,9,True,2PT Field Goal
2544,2025-26,235,20,True,3PT Field Goal
2544,2025-26,21,15,True,2PT Field Goal
2544,2025-26,-199,158,False,3PT Field Goal
2544,2025-26,76,174,True,2PT Field Goal
2544,2025-26,15,12,True,2PT Field Goal
2544,2025-26,-107,251,False,3PT Field Goal
2544,2025-26,-42,31,False,2PT Field Goal
2544,2025-26,-6,15,True,2PT Field Goal
2544,2025-26,-210,168,False,3PT Field Goal
2544,2025-26,42,25,True,2PT Field Goal
2544,2025-26,-174,180,False,3PT Field Goal
2544,2025-26,34,3,True,2PT Field Goal
2544,2025-26,-42,80,False,2PT Field Goal
2544,2025-26,-191,-5,False,2PT Field Goal
2544,2025-26,-234,16,False,3PT Field Goal
2544,2025-26,-25,29,False,2PT Field Goal
2544,2025-26,-62,34,True,2PT Field Goal
2544,2025-26,-48,32,True,2PT Field Goal
2544,2025-26,22,39,False,2PT Field Goal
2544,2025-26,17,42,True,2PT Field Goal
2544,2025-26,-28,33,True,2PT Field Goal
2544,2025-26,-154,38,False,2PT Field Goal
2544,2025-26,132,232,False,3PT Field Goal
2544,2025-26,-37,38,False,2PT Field Goal
2544,2025-26,-1,5,True,2PT Field Goal
2544,2025-26,7,256,True,3PT Field Goal
2544,2025-26,-27,30,False,2PT Field Goal
2544,2025-26,-184,184,True,3PT Field Goal
2544,2025-26,33,56,False,2PT Field Goal
2544,2025-26,11,110,False,2PT Field Goal
2544,2025-26,-233,35,True,3PT Field Goal
2544,2025-26,-2,16,True,2PT Field Goal
2544,2025-26,1,8,True,2PT Field Goal
2544,2025-26,232,15,True,3PT Field Goal
2544,2025-26,23,9,True,2PT Field Goal
2544,2025-26,-164,36,False,2PT Field Goal
2544,2025-26,-232,43,False,3PT Field Goal
2544,2025-26,-137,230,False,3PT Field Goal
2544,2025-26,-142,75,True,2PT Field Goal
2544,2025-26,-15,15,True,2PT Field Goal
2544,2025-26,-4,37,False,2PT Field Goal
2544,2025-26,-169,40,False,2PT Field Goal
2544,2025-26,34,159,False,2PT Field Goal
2544,2025-26,9,19,False,2PT Field Goal
2544,2025-26,16,57,False,2PT Field Goal
2544,2025-26,25,163,True,2PT Field Goal
2544,2025-26,-23,12,True,2PT Field Goal
2544,2025-26,-98,81,False,2PT Field Goal
2544,2025-26,39,251,True,3PT Field Goal
2544,2025-26,1,26,True,2PT Field Goal
2544,2025-26,-172,181,True,3PT Field Goal
2544,2025-26,-140,233,True,3PT Field Goal
2544,2025-26,132,242,False,3PT Field Goal
2544,2025-26,-1,13,True,2PT Field Goal
2544,2025-26,-238,8,True,3PT Field Goal
2544,2025-26,-135,211,False,3PT Field Goal
2544,2025-26,71,252,False,3PT Field Goal
2544,2025-26,-1,24,True,2PT Field Goal
2544,2025-26,7,-5,True,2PT Field Goal
2544,2025-26,5,25,True,2PT Field Goal
2544,2025-26,-20,37,True,2PT Field Goal
2544,2025-26,-2,12,True,2PT Field Goal
2544,2025-26,-140,231,False,3PT Field Goal
2544,2025-26,-195,197,False,3PT Field Goal
2544,2025-26,4,7,True,2PT Field Goal
2544,2025-26,-196,62,False,2PT Field Goal
2544,2025-26,22,14,True,2PT Field Goal
2544,2025-26,10,9,True,2PT Field Goal
2544,2025-26,-129,-13,True,2PT Field Goal
2544,2025-26,-23,15,True,2PT Field Goal
2544,2025-26,131,127,True,2PT Field Goal
2544,2025-26,-21,27,False,2PT Field Goal
2544,2025-26,238,55,False,3PT Field Goal
2544,2025-26,-43,258,False,3PT Field Goal
2544,2025-26,-29,36,True,2PT Field Goal
2544,2025-26,-18,25,True,2PT Field Goal
2544,2025-26,11,68,False,2PT Field Goal
2544,2025-26,11,191,False,2PT Field Goal
2544,2025-26,-10,48,False,2PT Field Goal
2544,2025-26,229,113,False,3PT Field Goal
2544,2025-26,-21,57,True,2PT Field Goal
2544,2025-26,17,20,True,2PT Field Goal
2544,2025-26,18,-1,True,2PT Field Goal
2544,2025-26,11,5,True,2PT Field Goal
2544,2025-26,9,3,True,2PT Field Goal
2544,2025-26,15,5,True,2PT Field Goal
2544,2025-26,-56,29,True,2PT Field Goal
2544,2025-26,-94,26,False,2PT Field Goal
2544,2025-26,-161,198,False,3PT Field Goal
2544,2025-26,-118,23,True,2PT Field Goal
2544,2025-26,165,207,True,3PT Field Goal
2544,2025-26,25,37,True,2PT Field Goal
2544,2025-26,115,237,False,3PT Field Goal
2544,2025-26,-1,37,True,2PT Field Goal
2544,2025-26,4,27,True,2PT Field Goal
2544,2025-26,-43,26,True,2PT Field Goal
2544,2025-26,-6,30,False,2PT Field Goal
2544,2025-26,-110,-10,False,2PT Field Goal
2544,2025-26,6,309,False,3PT Field Goal
2544,2025-26,31,50,False,2PT Field Goal
2544,2025-26,-25,35,True,2PT Field Goal
2544,2025-26,-29,3,False,2PT Field Goal
2544,2025-26,-7,15,True,2PT Field Goal
2544,2025-26,-15,27,True,2PT Field Goal
2544,2025-26,37,26,False,2PT Field Goal
2544,2025-26,-67,56,False,2PT Field Goal
2544,2025-26,-37,270,False,3PT Field Goal
2544,2025-26,89,136,True,2PT Field Goal
2544,2025-26,-232,115,True,3PT Field Goal
2544,2025-26,17,16,True,2PT Field Goal
2544,2025-26,20,17,True,2PT Field Goal
2544,2025-26,-162,249,False,3PT Field Goal
2544,2025-26,-175,88,False,2PT Field Goal
2544,2025-26,-29,20,False,2PT Field Goal
2544,2025-26,-4,26,True,2PT Field Goal
2544,2025-26,-223,13,True,3PT Field Goal
2544,2025-26,42,269,True,3PT Field Goal
2544,2025-26,5,8,True,2PT Field Goal
2544,2025-26,4,14,True,2PT Field Goal
2544,2025-26,2,41,True,2PT Field Goal
2544,2025-26,6,6,True,2PT Field Goal
2544,2025-26,0,9,True,2PT Field Goal
2544,2025-26,0,0,True,2PT Field Goal
2544,2025-26,-6,13,True,2PT Field Goal
2544,2025-26,-42,25,False,2PT Field Goal
2544,2025-26,-15,27,True,2PT Field Goal
2544,2025-26,7,29,True,2PT Field Goal
2544,2025-26,-70,54,True,2PT Field Goal
2544,2025-26,0,12,True,2PT Field Goal
2544,2025-26,9,13,True,2PT Field Goal
2544,2025-26,-6,149,True,2PT Field Goal
2544,2025-26,12,15,True,2PT Field Goal
2544,2025-26,92,64,True,2PT Field Goal
2544,2025-26,0,18,True,2PT Field Goal
2544,2025-26,29,5,True,2PT Field Goal
2544,2025-26,-11,6,True,2PT Field Goal
2544,2025-26,-32,34,False,2PT Field Goal
2544,2025-26,11,15,False,2PT Field Goal
2544,2025-26,16,5,False,2PT Field Goal
2544,2025-26,2,31,False,2PT Field Goal
2544,2025-26,-6,14,True,2PT Field Goal
2544,2025-26,2,1,True,2PT Field Goal
2544,2025-26,-99,201,True,2PT Field Goal
2544,2025-26,230,57,False,3PT Field Goal
2544,2025-26,78,34,False,2PT Field Goal
2544,2025-26,-32,138,False,2PT Field Goal
2544,2025-26,-162,159,False,2PT Field Goal
2544,2025-26,-23,8,True,2PT Field Goal
2544,2025-26,-12,29,True,2PT Field Goal
2544,2025-26,0,63,False,2PT Field Goal
2544,2025-26,15,169,False,2PT Field Goal
2544,2025-26,31,256,False,3PT Field Goal
2544,2025-26,-21,20,True,2PT Field Goal
2544,2025-26,-18,15,False,2PT Field Goal
2544,2025-26,152,150,False,2PT Field Goal
2544,2025-26,-39,29,False,2PT Field Goal
2544,2025-26,-85,17,False,2PT Field Goal
2544,2025-26,-62,-5,False,2PT Field Goal
2544,2025-26,163,239,False,3PT Field Goal
2544,2025-26,-186,185,True,3PT Field Goal
2544,2025-26,22,27,True,2PT Field Goal
2544,2025-26,-92,116,False,2PT Field Goal
2544,2025-26,-34,1,True,2PT Field Goal
2544,2025-26,33,6,True,2PT Field Goal
2544,2025-26,-26,-7,True,2PT Field Goal
2544,2025-26,-118,32,False,2PT Field Goal
2544,2025-26,0,0,False,2PT Field Goal
2544,2025-26,10,5,False,2PT Field Goal
2544,2025-26,-15,5,True,2PT Field Goal
2544,2025-26,-5,17,True,2PT Field Goal
2544,2025-26,-11,-6,False,2PT Field Goal
2544,2025-26,-1,4,True,2PT Field Goal
2544,2025-26,227,121,False,3PT Field Goal
2544,2025-26,0,-4,True,2PT Field Goal
2544,2025-26,0,-6,True,2PT Field Goal
2544,2025-26,-11,10,False,2PT Field Goal
2544,2025-26,-4,20,True,2PT Field Goal
2544,2025-26,48,157,True,2PT Field Goal
2544,2025-26,-59,84,False,2PT Field Goal
2544,2025-26,-156,8,True,2PT Field Goal
2544,2025-26,104,1,False,2PT Field Goal
2544,2025-26,44,62,True,2PT Field Goal
2544,2025-26,-28,180,True,2PT Field Goal
2544,2025-26,156,26,False,2PT Field Goal
2544,2025-26,229,51,False,3PT Field Goal
2544,2025-26,-20,10,True,2PT Field Goal
2544,2025-26,-13,27,False,2PT Field Goal
2544,2025-26,-42,100,False,2PT Field Goal
2544,2025-26,-11,11,True,2PT Field Goal
2544,2025-26,-69,89,False,2PT Field Goal
2544,2025-26,6,36,True,2PT Field Goal
2544,2025-26,-114,153,False,2PT Field Goal
2544,2025-26,-12,26,True,2PT Field Goal
2544,2025-26,-37,19,False,2PT Field Goal
2544,2025-26,-174,17,True,2PT Field Goal
2544,2025-26,-15,5,False,2PT Field Goal
2544,2025-26,10,16,True,2PT Field Goal
2544,2025-26,-9,16,True,2PT Field Goal
2544,2025-26,-13,8,False,2PT Field Goal
2544,2025-26,-10,10,False,2PT Field Goal
2544,2025-26,-2,17,True,2PT Field Goal
2544,2025-26,6,34,True,2PT Field Goal
2544,2025-26,-1,26,False,2PT Field Goal
2544,2025-26,11,36,False,2PT Field Goal
2544,2025-26,-235,41,False,3PT Field Goal
2544,2025-26,-89,62,True,2PT Field Goal
2544,2025-26,121,274,True,3PT Field Goal
2544,2025-26,48,277,False,3PT Field Goal
2544,2025-26,131,160,True,2PT Field Goal
2544,2025-26,-230,41,False,3PT Field Goal
2544,2025-26,22,12,True,2PT Field Goal
2544,2025-26,227,32,True,3PT Field Goal
2544,2025-26,110,12,False,2PT Field Goal
2544,2025-26,-127,236,False,3PT Field Goal
2544,2025-26,4,14,True,2PT Field Goal
2544,2025-26,125,88,False,2PT Field Goal
2544,2025-26,42,191,False,2PT Field Goal
2544,2025-26,-221,142,False,3PT Field Goal
2544,2025-26,9,18,True,2PT Field Goal
2544,2025-26,230,-8,True,3PT Field Goal
2544,2025-26,227,-11,False,3PT Field Goal
2544,2025-26,1,0,True,2PT Field Goal
2544,2025-26,1,264,False,3PT Field Goal
2544,2025-26,-20,11,True,2PT Field Goal
2544,2025-26,-21,48,True,2PT Field Goal
2544,2025-26,-85,208,True,2PT Field Goal
2544,2025-26,-61,63,False,2PT Field Goal
2544,2025-26,-66,12,True,2PT Field Goal
2544,2025-26,12,193,True,2PT Field Goal
2544,2025-26,16,24,True,2PT Field Goal
2544,2025-26,-21,26,True,2PT Field Goal
2544,2025-26,-206,159,True,3PT Field Goal
2544,2025-26,16,50,False,2PT Field Goal
2544,2025-26,5,22,True,2PT Field Goal
2544,2025-26,-126,236,False,3PT Field Goal
2544,2025-26,5,10,True,2PT Field Goal
2544,2025-26,-9,286,False,3PT Field Goal
2544,2025-26,-29,84,False,2PT Field Goal
2544,2025-26,-178,181,False,3PT Field Goal
2544,2025-26,37,36,False,2PT Field Goal
2544,2025-26,4,7,True,2PT Field Goal
2544,2025-26,-16,21,True,2PT Field Goal
2544,2025-26,-1,289,False,3PT Field Goal
2544,2025-26,22,11,False,2PT Field Goal
2544,2025-26,-173,216,False,3PT Field Goal
2544,2025-26,-16,55,True,2PT Field Goal
2544,2025-26,-109,43,True,2PT Field Goal
2544,2025-26,-2,82,False,2PT Field Goal
2544,2025-26,-25,260,True,3PT Field Goal
2544,2025-26,-172,37,False,2PT Field Goal
2544,2025-26,10,16,True,2PT Field Goal
2544,2025-26,-154,222,True,3PT Field Goal
2544,2025-26,211,152,True,3PT Field Goal
2544,2025-26,-202,162,False,3PT Field Goal
2544,2025-26,-180,90,True,2PT Field Goal
2544,2025-26,78,174,False,2PT Field Goal
2544,2025-26,43,26,True,2PT Field Goal
2544,2025-26,170,204,False,3PT Field Goal
2544,2025-26,45,39,False,2PT Field Goal
2544,2025-26,-60,47,True,2PT Field Goal
2544,2025-26,0,20,True,2PT Field Goal
2544,2025-26,2,26,True,2PT Field Goal
2544,2025-26,234,38,True,3PT Field Goal
2544,2025-26,-109,222,True,3PT Field Goal
2544,2025-26,-134,79,True,2PT Field Goal
2544,2025-26,-9,3,True,2PT Field Goal
2544,2025-26,50,126,False,2PT Field Goal
2544,2025-26,210,69,False,2PT Field Goal
2544,2025-26,33,13,True,2PT Field Goal
2544,2025-26,-27,-7,True,2PT Field Goal
2544,2025-26,-114,13,True,2PT Field Goal
2544,2025-26,-119,23,True,2PT Field Goal
2544,2025-26,0,39,True,2PT Field Goal
2544,2025-26,2,13,True,2PT Field Goal
2544,2025-26,58,194,False,2PT Field Goal
2544,2025-26,-74,41,False,2PT Field Goal
2544,2025-26,-22,223,False,2PT Field Goal
2544,2025-26,-164,59,False,2PT Field Goal
2544,2025-26,4,17,False,2PT Field Goal
2544,2025-26,-138,138,True,2PT Field Goal
2544,2025-26,-1,23,False,2PT Field Goal
2544,2025-26,-67,253,False,3PT Field Goal
2544,2025-26,-10,15,True,2PT Field Goal
2544,2025-26,5,12,True,2PT Field Goal
2544,2025-26,29,67,False,2PT Field Goal
2544,2025-26,32,49,False,2PT Field Goal
2544,2025-26,93,84,False,2PT Field Goal
2544,2025-26,-11,29,True,2PT Field Goal
2544,2025-26,-38,47,True,2PT Field Goal
2544,2025-26,15,306,False,3PT Field Goal
2544,2025-26,-22,59,False,2PT Field Goal
2544,2025-26,-26,16,True,2PT Field Goal
2544,2025-26,-126,332,False,3PT Field Goal
2544,2025-26,-9,150,True,2PT Field Goal
2544,2025-26,-31,24,True,2PT Field Goal
2544,2025-26,135,248,False,3PT Field Goal
2544,2025-26,-13,20,True,2PT Field Goal
2544,2025-26,-15,141,False,2PT Field Goal
2544,2025-26,0,0,False,2PT Field Goal
2544,2025-26,-76,135,True,2PT Field Goal
2544,2025-26,9,25,False,2PT Field Goal
2544,2025-26,-12,25,True,2PT Field Goal
2544,2025-26,31,-1,True,2PT Field Goal
2544,2025-26,147,246,False,3PT Field Goal
2544,2025-26,-6,29,True,2PT Field Goal
2544,2025-26,-17,29,False,2PT Field Goal
2544,2025-26,-173,210,False,3PT Field Goal
2544,2025-26,-110,-17,True,2PT Field Goal
2544,2025-26,-223,2,False,3PT Field Goal
2544,2025-26,-88,77,False,2PT Field Goal
2544,2025-26,11,10,True,2PT Field Goal
2544,2025-26,15,8,True,2PT Field Goal
2544,2025-26,12,15,True,2PT Field Goal
2544,2025-26,-81,180,False,2PT Field Goal
2544,2025-26,15,11,False,2PT Field Goal
2544,2025-26,-142,-17,False,2PT Field Goal
2544,2025-26,-9,11,False,2PT Field Goal
2544,2025-26,6,7,True,2PT Field Goal
2544,2025-26,-15,-6,True,2PT Field Goal
2544,2025-26,-94,270,False,3PT Field Goal
2544,2025-26,-143,210,False,3PT Field Goal
2544,2025-26,173,199,True,3PT Field Goal
2544,2025-26,219,125,False,3PT Field Goal
2544,2025-26,-2,20,True,2PT Field Goal
203484,2025-26,-200,142,True,3PT Field Goal
203484,2025-26,62,241,False,3PT Field Goal
203484,2025-26,-100,85,False,2PT Field Goal
203484,2025-26,15,9,True,2PT Field Goal
203484,2025-26,-27,41,True,2PT Field Goal
203484,2025-26,-114,232,True,3PT Field Goal
203484,2025-26,219,118,False,3PT Field Goal
203484,2025-26,-65,120,True,2PT Field Goal
203484,2025-26,156,203,True,3PT Field Goal
203484,2025-26,-221,95,True,3PT Field Goal
203484,2025-26,33,30,False,2PT Field Goal
203484,2025-26,76,42,True,2PT Field Goal
203484,2025-26,-152,15,True,2PT Field Goal
203484,2025-26,134,218,False,3PT Field Goal
203484,2025-26,-184,187,False,3PT Field Goal
203484,2025-26,-13,260,False,3PT Field Goal
203484,2025-26,224,90,False,3PT Field Goal
203484,2025-26,-229,-1,True,3PT Field Goal
203484,2025-26,20,11,False,2PT Field Goal
203484,2025-26,203,150,True,3PT Field Goal
203484,2025-26,13,32,False,2PT Field Goal
203484,2025-26,-227,38,True,3PT Field Goal
203484,2025-26,-1,253,True,3PT Field Goal
203484,2025-26,-74,248,False,3PT Field Goal
203484,2025-26,-67,249,False,3PT Field Goal
203484,2025-26,28,84,False,2PT Field Goal
203484,2025-26,-146,221,False,3PT Field Goal
203484,2025-26,-121,154,False,2PT Field Goal
203484,2025-26,-174,185,False,3PT Field Goal
203484,2025-26,-227,4,False,3PT Field Goal
203484,2025-26,-65,244,False,3PT Field Goal
203484,2025-26,207,141,True,3PT Field Goal
203484,2025-26,27,252,True,3PT Field Goal
203484,2025-26,229,-11,False,3PT Field Goal
203484,2025-26,-227,24,False,3PT Field Goal
203484,2025-26,-224,77,False,3PT Field Goal
203484,2025-26,-47,16,False,2PT Field Goal
203484,2025-26,59,250,False,3PT Field Goal
203484,2025-26,-232,10,False,3PT Field Goal
203484,2025-26,92,243,True,3PT Field Goal
203484,2025-26,131,223,True,3PT Field Goal
203484,2025-26,-18,186,False,2PT Field Goal
203484,2025-26,-61,25,False,2PT Field Goal
203484,2025-26,-22,11,False,2PT Field Goal
203484,2025-26,118,227,False,3PT Field Goal
203484,2025-26,1,10,True,2PT Field Goal
203484,2025-26,130,225,False,3PT Field Goal
203484,2025-26,124,222,True,3PT Field Goal
203484,2025-26,-58,88,False,2PT Field Goal
203484,2025-26,138,214,False,3PT Field Goal
203484,2025-26,17,-5,True,2PT Field Goal
203484,2025-26,232,4,False,3PT Field Goal
203484,2025-26,241,73,False,3PT Field Goal
203484,2025-26,66,273,False,3PT Field Goal
203484,2025-26,-20,53,False,2PT Field Goal
203484,2025-26,32,13,True,2PT Field Goal
203484,2025-26,-110,247,True,3PT Field Goal
203484,2025-26,-115,247,False,3PT Field Goal
203484,2025-26,-43,7,True,2PT Field Goal
203484,2025-26,17,109,False,2PT Field Goal
203484,2025-26,-69,161,False,2PT Field Goal
203484,2025-26,-16,31,True,2PT Field Goal
203484,2025-26,-223,5,False,3PT Field Goal
203484,2025-26,70,125,True,2PT Field Goal
203484,2025-26,174,131,False,2PT Field Goal
203484,2025-26,143,124,True,2PT Field Goal
203484,2025-26,-96,161,False,2PT Field Goal
203484,2025-26,129,148,False,2PT Field Goal
203484,2025-26,20,86,False,2PT Field Goal
203484,2025-26,-174,199,True,3PT Field Goal
203484,2025-26,-110,175,True,2PT Field Goal
203484,2025-26,-16,5,False,2PT Field Goal
203484,2025-26,-134,221,False,3PT Field Goal
203484,2025-26,5,36,True,2PT Field Goal
203484,2025-26,-109,114,False,2PT Field Goal
203484,2025-26,-34,10,False,2PT Field Goal
203484,2025-26,-164,196,False,3PT Field Goal
203484,2025-26,28,200,False,2PT Field Goal
203484,2025-26,-141,223,True,3PT Field Goal
203484,2025-26,123,223,True,3PT Field Goal
203484,2025-26,-98,252,False,3PT Field Goal
203484,2025-26,115,151,False,2PT Field Goal
203484,2025-26,-29,41,False,2PT Field Goal
203484,2025-26,-12,107,False,2PT Field Goal
203484,2025-26,116,224,False,3PT Field Goal
203484,2025-26,26,19,False,2PT Field Goal
203484,2025-26,-222,19,False,3PT Field Goal
203484,2025-26,151,206,False,3PT Field Goal
203484,2025-26,-60,118,False,2PT Field Goal
203484,2025-26,150,225,False,3PT Field Goal
203484,2025-26,-11,23,True,2PT Field Goal
203484,2025-26,39,25,False,2PT Field Goal
203484,2025-26,-44,121,False,2PT Field Goal
203484,2025-26,-4,20,False,2PT Field Goal
203484,2025-26,16,31,False,2PT Field Goal
203484,2025-26,22,20,False,2PT Field Goal
203484,2025-26,16,13,True,2PT Field Goal
203484,2025-26,27,15,True,2PT Field Goal
203484,2025-26,127,235,False,3PT Field Goal
203484,2025-26,5,136,True,2PT Field Goal
203484,2025-26,94,241,False,3PT Field Goal
203484,2025-26,45,176,False,2PT Field Goal
203484,2025-26,78,244,True,3PT Field Goal
203484,2025-26,-6,264,False,3PT Field Goal
203484,2025-26,36,192,True,2PT Field Goal
203484,2025-26,-200,162,False,3PT Field Goal
203484,2025-26,-64,19,True,2PT Field Goal
203484,2025-26,99,229,False,3PT Field Goal
203484,2025-26,50,246,False,3PT Field Goal
203484,2025-26,55,243,False,3PT Field Goal
203484,2025-26,-5,5,True,2PT Field Goal
203484,2025-26,140,147,False,2PT Field Goal
203484,2025-26,-11,11,False,2PT Field Goal
203484,2025-26,0,13,True,2PT Field Goal
203484,2025-26,223,85,False,3PT Field Goal
203484,2025-26,-5,153,False,2PT Field Goal
203484,2025-26,-138,200,False,3PT Field Goal
203484,2025-26,-37,138,True,2PT Field Goal
203484,2025-26,-16,293,False,3PT Field Goal
203484,2025-26,-110,136,True,2PT Field Goal
203484,2025-26,43,48,True,2PT Field Goal
203484,2025-26,-119,174,False,2PT Field Goal
203484,2025-26,38,246,False,3PT Field Goal
203484,2025-26,151,204,False,3PT Field Goal
203484,2025-26,221,123,False,3PT Field Goal
203484,2025-26,105,238,False,3PT Field Goal
203484,2025-26,40,243,False,3PT Field Goal
203484,2025-26,-4,41,False,2PT Field Goal
203484,2025-26,11,188,True,2PT Field Goal
203484,2025-26,-228,63,True,3PT Field Goal
203484,2025-26,-10,35,True,2PT Field Goal
203484,2025-26,-16,20,False,2PT Field Goal
203484,2025-26,223,128,False,3PT Field Goal
203484,2025-26,195,154,True,3PT Field Goal
203484,2025-26,-78,235,True,3PT Field Goal
203484,2025-26,114,170,False,2PT Field Goal
203484,2025-26,228,38,True,3PT Field Goal
203484,2025-26,-4,299,True,3PT Field Goal
203484,2025-26,-99,4,True,2PT Field Goal
203484,2025-26,232,69,False,3PT Field Goal
203484,2025-26,-107,-17,True,2PT Field Goal
203484,2025-26,83,234,True,3PT Field Goal
203484,2025-26,88,103,False,2PT Field Goal
203484,2025-26,-6,152,False,2PT Field Goal
203484,2025-26,199,146,False,3PT Field Goal
203484,2025-26,21,4,True,2PT Field Goal
203484,2025-26,-218,108,False,3PT Field Goal
203484,2025-26,-61,22,False,2PT Field Goal
203484,2025-26,-6,265,True,3PT Field Goal
203484,2025-26,227,80,True,3PT Field Goal
203484,2025-26,-27,40,True,2PT Field Goal
203484,2025-26,-107,137,False,2PT Field Goal
203484,2025-26,233,20,True,3PT Field Goal
203484,2025-26,5,257,True,3PT Field Goal
203484,2025-26,91,105,True,2PT Field Goal
203484,2025-26,-32,260,False,3PT Field Goal
203484,2025-26,138,214,False,3PT Field Goal
203484,2025-26,-219,123,False,3PT Field Goal
203484,2025-26,-9,191,True,2PT Field Goal
203484,2025-26,221,20,False,3PT Field Goal
203484,2025-26,108,141,False,2PT Field Goal
203484,2025-26,56,156,False,2PT Field Goal
203484,2025-26,21,26,False,2PT Field Goal
203484,2025-26,135,150,False,2PT Field Goal
203484,2025-26,-225,-4,True,3PT Field Goal
203484,2025-26,-201,137,False,3PT Field Goal
203484,2025-26,-174,174,True,3PT Field Goal
203484,2025-26,37,15,False,2PT Field Goal
203484,2025-26,-120,163,True,2PT Field Goal
203484,2025-26,-222,36,False,3PT Field Goal
203484,2025-26,-100,0,True,2PT Field Goal
203484,2025-26,132,138,True,2PT Field Goal
203484,2025-26,-56,252,False,3PT Field Goal
203484,2025-26,98,104,False,2PT Field Goal
203484,2025-26,125,222,True,3PT Field Goal
203484,2025-26,203,151,False,3PT Field Goal
203484,2025-26,-196,153,True,3PT Field Goal
203484,2025-26,230,0,True,3PT Field Goal
203484,2025-26,-207,146,True,3PT Field Goal
203484,2025-26,205,172,False,3PT Field Goal
203484,2025-26,-233,37,True,3PT Field Goal
203484,2025-26,-77,242,True,3PT Field Goal
203484,2025-26,-42,247,False,3PT Field Goal
203484,2025-26,58,38,False,2PT Field Goal
203484,2025-26,-55,129,True,2PT Field Goal
203484,2025-26,-23,251,False,3PT Field Goal
203484,2025-26,10,263,False,3PT Field Goal
203484,2025-26,34,18,True,2PT Field Goal
203484,2025-26,-152,218,True,3PT Field Goal
203484,2025-26,-71,237,True,3PT Field Goal
203484,2025-26,91,242,False,3PT Field Goal
203484,2025-26,-11,11,True,2PT Field Goal
203484,2025-26,97,145,True,2PT Field Goal
203484,2025-26,11,52,True,2PT Field Goal
203484,2025-26,12,126,False,2PT Field Goal
203484,2025-26,-49,105,False,2PT Field Goal
203484,2025-26,-43,86,True,2PT Field Goal
203484,2025-26,-96,25,True,2PT Field Goal
203484,2025-26,-145,222,False,3PT Field Goal
203484,2025-26,161,38,True,2PT Field Goal
203484,2025-26,98,174,True,2PT Field Goal
203484,2025-26,-228,62,False,3PT Field Goal
203484,2025-26,-67,152,False,2PT Field Goal
203484,2025-26,15,8,False,2PT Field Goal
203484,2025-26,-223,130,False,3PT Field Goal
203484,2025-26,205,160,True,3PT Field Goal
203484,2025-26,135,212,True,3PT Field Goal
203484,2025-26,10,295,False,3PT Field Goal
203484,2025-26,-138,43,True,2PT Field Goal
203484,2025-26,12,41,False,2PT Field Goal
203484,2025-26,69,124,True,2PT Field Goal
203484,2025-26,-158,210,True,3PT Field Goal
203484,2025-26,191,169,True,3PT Field Goal
203484,2025-26,23,140,False,2PT Field Goal
203484,2025-26,138,225,False,3PT Field Goal
203484,2025-26,102,144,True,2PT Field Goal
203484,2025-26,223,138,False,3PT Field Goal
203484,2025-26,136,251,False,3PT Field Goal
203484,2025-26,6,21,True,2PT Field Goal
203484,2025-26,185,201,False,3PT Field Goal
203484,2025-26,138,155,False,2PT Field Goal
203484,2025-26,-127,247,True,3PT Field Goal
203484,2025-26,-153,90,False,2PT Field Goal
203484,2025-26,-145,197,False,3PT Field Goal
203484,2025-26,-162,182,False,3PT Field Goal
203484,2025-26,114,226,False,3PT Field Goal
203484,2025-26,118,177,True,2PT Field Goal
203484,2025-26,16,9,True,2PT Field Goal
203484,2025-26,-178,37,False,2PT Field Goal
203484,2025-26,-39,199,True,2PT Field Goal
203484,2025-26,-27,8,False,2PT Field Goal
203484,2025-26,-125,153,False,2PT Field Goal
203484,2025-26,31,258,True,3PT Field Goal
203484,2025-26,-161,195,False,3PT Field Goal
203484,2025-26,-116,152,True,2PT Field Goal
203484,2025-26,127,178,True,2PT Field Goal
203484,2025-26,-168,194,True,3PT Field Goal
203484,2025-26,-140,157,True,2PT Field Goal
203484,2025-26,26,104,False,2PT Field Goal
203484,2025-26,211,146,False,3PT Field Goal
203484,2025-26,-169,184,False,3PT Field Goal
203484,2025-26,-15,11,True,2PT Field Goal
203484,2025-26,5,53,False,2PT Field Goal
203484,2025-26,-228,3,False,3PT Field Goal
203484,2025-26,92,205,False,2PT Field Goal
203484,2025-26,-150,198,True,3PT Field Goal
203484,2025-26,69,251,False,3PT Field Goal
203484,2025-26,-132,215,False,3PT Field Goal
203484,2025-26,-113,57,True,2PT Field Goal
203484,2025-26,-20,17,True,2PT Field Goal
203484,2025-26,-45,47,True,2PT Field Goal
203484,2025-26,-69,50,False,2PT Field Goal
203484,2025-26,-189,5,False,2PT Field Goal
203484,2025-26,-230,0,False,3PT Field Goal
203484,2025-26,108,252,True,3PT Field Goal
203484,2025-26,5,251,False,3PT Field Goal
203484,2025-26,-230,102,False,3PT Field Goal
203484,2025-26,136,217,False,3PT Field Goal
203484,2025-26,-113,155,False,2PT Field Goal
203484,2025-26,-216,120,True,3PT Field Goal
203484,2025-26,-6,120,False,2PT Field Goal
203484,2025-26,-228,112,False,3PT Field Goal
203484,2025-26,-36,17,False,2PT Field Goal
203484,2025-26,-203,138,False,3PT Field Goal
203484,2025-26,126,152,True,2PT Field Goal
203484,2025-26,121,116,True,2PT Field Goal
203484,2025-26,159,203,False,3PT Field Goal
203484,2025-26,184,183,True,3PT Field Goal
203484,2025-26,23,5,True,2PT Field Goal
203484,2025-26,-27,8,True,2PT Field Goal
203484,2025-26,-98,226,False,3PT Field Goal
203484,2025-26,135,120,False,2PT Field Goal
203484,2025-26,-150,193,False,3PT Field Goal
203484,2025-26,-223,14,False,3PT Field Goal
203484,2025-26,-110,165,False,2PT Field Goal
203484,2025-26,213,95,True,2PT Field Goal
203484,2025-26,125,233,False,3PT Field Goal
203484,2025-26,-158,193,False,3PT Field Goal
203484,2025-26,-222,117,False,3PT Field Goal
203484,2025-26,-89,38,False,2PT Field Goal
203484,2025-26,-2,253,False,3PT Field Goal
203484,2025-26,96,168,True,2PT Field Goal
203484,2025-26,140,205,False,3PT Field Goal
203484,2025-26,228,106,True,3PT Field Goal
203484,2025-26,13,109,True,2PT Field Goal
203484,2025-26,28,16,True,2PT Field Goal
203484,2025-26,-221,126,False,3PT Field Goal
203484,2025-26,31,16,True,2PT Field Goal
203484,2025-26,-225,7,False,3PT Field Goal
203484,2025-26,26,258,False,3PT Field Goal
203484,2025-26,-93,168,False,2PT Field Goal
203484,2025-26,169,31,False,2PT Field Goal
203484,2025-26,-223,2,False,3PT Field Goal
203484,2025-26,230,85,False,3PT Field Goal
203484,2025-26,181,-17,True,2PT Field Goal
203484,2025-26,-205,-15,True,2PT Field Goal
203484,2025-26,-23,54,True,2PT Field Goal
203484,2025-26,-49,153,True,2PT Field Goal
203484,2025-26,29,193,True,2PT Field Goal
203484,2025-26,190,178,False,3PT Field Goal
203484,2025-26,5,47,False,2PT Field Goal
203484,2025-26,58,253,False,3PT Field Goal
203484,2025-26,9,17,False,2PT Field Goal
203484,2025-26,-15,25,True,2PT Field Goal
203484,2025-26,230,9,False,3PT Field Goal
203484,2025-26,25,6,True,2PT Field Goal
203484,2025-26,1,-2,True,2PT Field Goal
203484,2025-26,16,-5,True,2PT Field Goal
203484,2025-26,-16,15,False,2PT Field Goal
203484,2025-26,-12,20,False,2PT Field Goal
203484,2025-26,6,10,True,2PT Field Goal
203484,2025-26,54,168,False,2PT Field Goal
203484,2025-26,-131,105,True,2PT Field Goal
203484,2025-26,150,200,False,3PT Field Goal
203484,2025-26,7,70,True,2PT Field Goal
203484,2025-26,77,254,False,3PT Field Goal
203484,2025-26,54,34,True,2PT Field Goal
203484,2025-26,17,38,True,2PT Field Goal
203484,2025-26,17,42,True,2PT Field Goal
203484,2025-26,18,262,False,3PT Field Goal
203484,2025-26,-36,17,True,2PT Field Goal
203484,2025-26,225,1,True,3PT Field Goal
203484,2025-26,-146,5,False,2PT Field Goal
203484,2025-26,-22,199,False,2PT Field Goal
203484,2025-26,-16,16,True,2PT Field Goal
203484,2025-26,78,145,True,2PT Field Goal
203484,2025-26,225,77,True,3PT Field Goal
203484,2025-26,-29,22,False,2PT Field Goal
203484,2025-26,-4,22,True,2PT Field Goal
203484,2025-26,-28,24,False,2PT Field Goal
203484,2025-26,224,78,False,3PT Field Goal
203484,2025-26,-135,227,False,3PT Field Goal
203484,2025-26,25,42,False,2PT Field Goal
203484,2025-26,0,0,True,2PT Field Goal
203484,2025-26,0,183,False,2PT Field Goal
203484,2025-26,-18,269,False,3PT Field Goal
203484,2025-26,-124,158,False,2PT Field Goal
203484,2025-26,114,153,True,2PT Field Goal
203484,2025-26,105,126,False,2PT Field Goal
203484,2025-26,-49,279,True,3PT Field Goal
203484,2025-26,-15,58,False,2PT Field Goal
203484,2025-26,-36,46,False,2PT Field Goal
203484,2025-26,-37,20,True,2PT Field Goal
203484,2025-26,-148,220,False,3PT Field Goal
203484,2025-26,-69,263,False,3PT Field Goal
203484,2025-26,-80,164,False,2PT Field Goal
203484,2025-26,32,21,False,2PT Field Goal
203484,2025-26,61,258,True,3PT Field Goal
203484,2025-26,-178,206,False,3PT Field Goal
203484,2025-26,-33,109,True,2PT Field Goal
203484,2025-26,146,232,False,3PT Field Goal
203484,2025-26,123,228,False,3PT Field Goal
203484,2025-26,-25,47,True,2PT Field Goal
203484,2025-26,-227,57,False,3PT Field Goal
203484,2025-26,-86,5,False,2PT Field Goal
203484,2025-26,-10,258,True,3PT Field Goal
203484,2025-26,33,33,False,2PT Field Goal
203484,2025-26,-223,79,False,3PT Field Goal
203484,2025-26,175,182,False,3PT Field Goal
203484,2025-26,13,14,True,2PT Field Goal
203484,2025-26,-9,19,False,2PT Field Goal
203484,2025-26,66,135,False,2PT Field Goal
203484,2025-26,143,258,False,3PT Field Goal
203484,2025-26,18,32,True,2PT Field Goal
203484,2025-26,-71,183,False,2PT Field Goal
203484,2025-26,-93,57,True,2PT Field Goal
203954,2025-26,-12,3,False,2PT Field Goal
203954,2025-26,-134,226,True,3PT Field Goal
203954,2025-26,-60,152,True,2PT Field Goal
203954,2025-26,-99,45,False,2PT Field Goal
203954,2025-26,-62,156,False,2PT Field Goal
203954,2025-26,0,0,False,2PT Field Goal
203954,2025-26,0,25,False,2PT Field Goal
203954,2025-26,113,32,True,2PT Field Goal
203954,2025-26,-6,29,True,2PT Field Goal
203954,2025-26,21,13,True,2PT Field Goal
203954,2025-26,48,84,True,2PT Field Goal
203954,2025-26,0,267,False,3PT Field Goal
203954,2025-26,-23,194,False,2PT Field Goal
203954,2025-26,-58,184,False,2PT Field Goal
203954,2025-26,69,257,False,3PT Field Goal
203954,2025-26,61,252,False,3PT Field Goal
203954,2025-26,-135,63,False,2PT Field Goal
203954,2025-26,-17,151,True,2PT Field Goal
203954,2025-26,138,31,False,2PT Field Goal
203954,2025-26,-75,144,False,2PT Field Goal
203954,2025-26,-37,270,False,3PT Field Goal
203954,2025-26,-72,251,False,3PT Field Goal
203954,2025-26,-75,251,True,3PT Field Goal
203954,2025-26,6,159,False,2PT Field Goal
203954,2025-26,-53,252,True,3PT Field Goal
203954,2025-26,-83,247,False,3PT Field Goal
203954,2025-26,108,0,True,2PT Field Goal
203954,2025-26,17,253,True,3PT Field Goal
203954,2025-26,-15,41,True,2PT Field Goal
203954,2025-26,-78,265,False,3PT Field Goal
203954,2025-26,-109,234,False,3PT Field Goal
203954,2025-26,37,67,True,2PT Field Goal
203954,2025-26,17,13,True,2PT Field Goal
203954,2025-26,-213,146,False,3PT Field Goal
203954,2025-26,20,30,False,2PT Field Goal
203954,2025-26,6,30,True,2PT Field Goal
203954,2025-26,-17,262,True,3PT Field Goal
203954,2025-26,23,13,True,2PT Field Goal
203954,2025-26,-50,246,True,3PT Field Goal
203954,2025-26,-21,3,True,2PT Field Goal
203954,2025-26,138,43,False,2PT Field Goal
203954,2025-26,-5,42,True,2PT Field Goal
203954,2025-26,13,79,False,2PT Field Goal
203954,2025-26,-36,286,False,3PT Field Goal
203954,2025-26,-22,11,True,2PT Field Goal
203954,2025-26,102,29,False,2PT Field Goal
203954,2025-26,-4,32,True,2PT Field Goal
203954,2025-26,-105,281,True,3PT Field Goal
203954,2025-26,-103,253,False,3PT Field Goal
203954,2025-26,1,20,False,2PT Field Goal
203954,2025-26,85,64,True,2PT Field Goal
203954,2025-26,83,239,False,3PT Field Goal
203954,2025-26,-88,249,True,3PT Field Goal
203954,2025-26,62,126,False,2PT Field Goal
203954,2025-26,0,0,True,2PT Field Goal
203954,2025-26,-58,8,True,2PT Field Goal
203954,2025-26,119,142,True,2PT Field Goal
203954,2025-26,178,18,False,2PT Field Goal
203954,2025-26,-85,231,False,3PT Field Goal
203954,2025-26,9,4,True,2PT Field Goal
203954,2025-26,-1,130,False,2PT Field Goal
203954,2025-26,135,74,False,2PT Field Goal
203954,2025-26,-125,222,False,3PT Field Goal
203954,2025-26,9,158,False,2PT Field Goal
203954,2025-26,-6,166,True,2PT Field Goal
203954,2025-26,33,251,False,3PT Field Goal
203954,2025-26,7,77,False,2PT Field Goal
203954,2025-26,-86,29,False,2PT Field Goal
203954,2025-26,-89,38,False,2PT Field Goal
203954,2025-26,7,262,False,3PT Field Goal
203954,2025-26,-135,53,False,2PT Field Goal
203954,2025-26,28,258,False,3PT Field Goal
203954,2025-26,-16,-1,True,2PT Field Goal
203954,2025-26,-161,244,False,3PT Field Goal
203954,2025-26,7,197,True,2PT Field Goal
203954,2025-26,-6,17,True,2PT Field Goal
203954,2025-26,-23,17,True,2PT Field Goal
203954,2025-26,-4,15,True,2PT Field Goal
203954,2025-26,21,21,True,2PT Field Goal
203954,2025-26,151,64,True,2PT Field Goal
203954,2025-26,4,26,False,2PT Field Goal
203954,2025-26,-7,21,False,2PT Field Goal
203954,2025-26,13,176,True,2PT Field Goal
203954,2025-26,21,255,False,3PT Field Goal
203954,2025-26,-48,250,True,3PT Field Goal
203954,2025-26,9,26,False,2PT Field Goal
203954,2025-26,0,0,True,2PT Field Goal
203954,2025-26,96,111,True,2PT Field Goal
203954,2025-26,119,232,False,3PT Field Goal
203954,2025-26,12,-16,False,2PT Field Goal
203954,2025-26,-100,10,True,2PT Field Goal
203954,2025-26,85,130,True,2PT Field Goal
203954,2025-26,59,153,True,2PT Field Goal
203954,2025-26,77,246,False,3PT Field Goal
203954,2025-26,9,22,True,2PT Field Goal
203954,2025-26,-77,169,False,2PT Field Goal
203954,2025-26,4,179,False,2PT Field Goal
203954,2025-26,-135,239,False,3PT Field Goal
203954,2025-26,-4,17,True,2PT Field Goal
203954,2025-26,69,148,False,2PT Field Goal
203954,2025-26,99,170,False,2PT Field Goal
203954,2025-26,-108,34,True,2PT Field Goal
203954,2025-26,-9,262,False,3PT Field Goal
203954,2025-26,-17,63,False,2PT Field Goal
203954,2025-26,29,136,True,2PT Field Goal
203954,2025-26,69,-1,True,2PT Field Goal
203954,2025-26,-1,107,False,2PT Field Goal
203954,2025-26,-119,231,False,3PT Field Goal
203954,2025-26,190,132,False,2PT Field Goal
203954,2025-26,-173,190,False,3PT Field Goal
203954,2025-26,-123,252,False,3PT Field Goal
203954,2025-26,126,22,True,2PT Field Goal
203954,2025-26,-15,163,True,2PT Field Goal
203954,2025-26,-1,252,False,3PT Field Goal
203954,2025-26,-15,115,False,2PT Field Goal
203954,2025-26,9,8,True,2PT Field Goal
203954,2025-26,-42,56,False,2PT Field Goal
203954,2025-26,-169,199,False,3PT Field Goal
203954,2025-26,-56,127,False,2PT Field Goal
203954,2025-26,42,22,False,2PT Field Goal
203954,2025-26,-64,106,False,2PT Field Goal
203954,2025-26,147,263,False,3PT Field Goal
203954,2025-26,98,121,False,2PT Field Goal
203954,2025-26,27,20,False,2PT Field Goal
203954,2025-26,0,0,True,2PT Field Goal
203954,2025-26,34,122,False,2PT Field Goal
203954,2025-26,-162,199,False,3PT Field Goal
203954,2025-26,-39,268,False,3PT Field Goal
203954,2025-26,137,165,False,2PT Field Goal
203954,2025-26,-115,237,False,3PT Field Goal
203954,2025-26,78,42,True,2PT Field Goal
203954,2025-26,-13,5,False,2PT Field Goal
203954,2025-26,28,185,True,2PT Field Goal
203954,2025-26,-39,169,False,2PT Field Goal
203954,2025-26,114,226,False,3PT Field Goal
203954,2025-26,-104,14,True,2PT Field Goal
203954,2025-26,-21,174,True,2PT Field Goal
203954,2025-26,51,113,False,2PT Field Goal
203954,2025-26,-16,0,True,2PT Field Goal
203954,2025-26,-78,80,True,2PT Field Goal
203954,2025-26,-9,166,False,2PT Field Goal
203954,2025-26,-16,46,False,2PT Field Goal
203954,2025-26,13,17,True,2PT Field Goal
203954,2025-26,-238,89,True,3PT Field Goal
203954,2025-26,-4,9,True,2PT Field Goal
203954,2025-26,-66,151,False,2PT Field Goal
203954,2025-26,0,0,False,2PT Field Goal
203954,2025-26,0,0,True,2PT Field Goal
203954,2025-26,142,73,True,2PT Field Goal
203954,2025-26,1,120,False,2PT Field Goal
203954,2025-26,0,0,True,2PT Field Goal
203954,2025-26,9,76,True,2PT Field Goal
203954,2025-26,7,13,True,2PT Field Goal
203954,2025-26,58,251,True,3PT Field Goal
203954,2025-26,54,104,False,2PT Field Goal
203954,2025-26,-9,10,True,2PT Field Goal
203954,2025-26,26,174,False,2PT Field Goal
203954,2025-26,-10,106,False,2PT Field Goal
203954,2025-26,158,204,True,3PT Field Goal
203954,2025-26,34,40,False,2PT Field Goal
203954,2025-26,-22,222,True,2PT Field Goal
203954,2025-26,4,95,True,2PT Field Goal
203954,2025-26,156,80,False,2PT Field Goal
203954,2025-26,-229,-11,False,3PT Field Goal
203954,2025-26,6,150,False,2PT Field Goal
203954,2025-26,-11,10,True,2PT Field Goal
203954,2025-26,-11,273,False,3PT Field Goal
203954,2025-26,-49,44,False,2PT Field Goal
203954,2025-26,67,130,True,2PT Field Goal
203954,2025-26,-47,110,True,2PT Field Goal
203954,2025-26,18,18,False,2PT Field Goal
203954,2025-26,-9,252,False,3PT Field Goal
203954,2025-26,-4,163,True,2PT Field Goal
203954,2025-26,25,259,True,3PT Field Goal
203954,2025-26,6,12,False,2PT Field Goal
203954,2025-26,-22,126,True,2PT Field Goal
203954,2025-26,-180,178,False,3PT Field Goal
203954,2025-26,-12,22,True,2PT Field Goal
203954,2025-26,-1,132,False,2PT Field Goal
203954,2025-26,80,239,False,3PT Field Goal
203954,2025-26,-2,246,False,3PT Field Goal
203954,2025-26,-17,17,True,2PT Field Goal
203954,2025-26,-16,4,False,2PT Field Goal
203954,2025-26,0,0,False,2PT Field Goal
203954,2025-26,4,26,False,2PT Field Goal
203954,2025-26,0,0,True,2PT Field Goal
203954,2025-26,-100,197,True,2PT Field Goal
203954,2025-26,-92,131,False,2PT Field Goal
203954,2025-26,-102,219,False,3PT Field Goal
203954,2025-26,0,0,False,2PT Field Goal
203954,2025-26,-5,24,False,2PT Field Goal
203954,2025-26,32,219,False,2PT Field Goal
203954,2025-26,-5,168,True,2PT Field Goal
203954,2025-26,5,125,True,2PT Field Goal
203954,2025-26,32,116,False,2PT Field Goal
203954,2025-26,-142,50,True,2PT Field Goal
203954,2025-26,-6,35,True,2PT Field Goal
203954,2025-26,65,159,True,2PT Field Goal
203954,2025-26,-10,250,False,3PT Field Goal
203954,2025-26,-12,179,False,2PT Field Goal
203954,2025-26,-37,15,True,2PT Field Goal
203954,2025-26,234,53,False,3PT Field Goal
203954,2025-26,-9,9,True,2PT Field Goal
203954,2025-26,0,227,False,2PT Field Goal
203954,2025-26,4,20,False,2PT Field Goal
203954,2025-26,167,195,False,3PT Field Goal
203954,2025-26,62,163,True,2PT Field Goal
203954,2025-26,6,22,True,2PT Field Goal
203954,2025-26,-120,110,True,2PT Field Goal
203954,2025-26,20,12,False,2PT Field Goal
203954,2025-26,28,174,True,2PT Field Goal
203954,2025-26,-113,64,False,2PT Field Goal
203954,2025-26,-137,69,False,2PT Field Goal
203954,2025-26,83,163,True,2PT Field Goal
203954,2025-26,28,9,True,2PT Field Goal
203954,2025-26,-9,53,True,2PT Field Goal
203954,2025-26,-1,46,False,2PT Field Goal
203954,2025-26,-140,218,False,3PT Field Goal
203954,2025-26,-27,53,True,2PT Field Goal
203954,2025-26,-148,96,True,2PT Field Goal
203954,2025-26,1,2,True,2PT Field Goal
203954,2025-26,-119,102,False,2PT Field Goal
203954,2025-26,-140,162,False,2PT Field Goal
203954,2025-26,4,6,True,2PT Field Goal
203954,2025-26,9,-11,True,2PT Field Goal
203954,2025-26,-34,105,False,2PT Field Goal
203954,2025-26,-13,-1,False,2PT Field Goal
203954,2025-26,4,6,True,2PT Field Goal
203954,2025-26,27,107,True,2PT Field Goal
203954,2025-26,36,80,True,2PT Field Goal
203954,2025-26,4,4,True,2PT Field Goal
203954,2025-26,21,15,False,2PT Field Goal
203954,2025-26,0,0,True,2PT Field Goal
203954,2025-26,25,253,False,3PT Field Goal
203954,2025-26,6,8,True,2PT Field Goal
203954,2025-26,191,0,True,2PT Field Goal
203954,2025-26,-43,12,False,2PT Field Goal
203954,2025-26,87,17,True,2PT Field Goal
203954,2025-26,165,205,False,3PT Field Goal
203954,2025-26,-152,210,True,3PT Field Goal
203954,2025-26,-120,11,False,2PT Field Goal
203954,2025-26,0,0,True,2PT Field Goal
203954,2025-26,-1,47,True,2PT Field Goal
203954,2025-26,159,214,False,3PT Field Goal
203954,2025-26,-9,13,False,2PT Field Goal
203954,2025-26,0,0,True,2PT Field Goal
203954,2025-26,12,41,True,2PT Field Goal
203954,2025-26,0,27,False,2PT Field Goal
203954,2025-26,-7,13,True,2PT Field Goal
203954,2025-26,0,0,False,2PT Field Goal
203954,2025-26,-29,103,True,2PT Field Goal
203954,2025-26,2,11,True,2PT Field Goal
203954,2025-26,-17,25,False,2PT Field Goal
203954,2025-26,-67,153,True,2PT Field Goal
203954,2025-26,-80,43,False,2PT Field Goal
203954,2025-26,-21,226,True,2PT Field Goal
203954,2025-26,76,89,True,2PT Field Goal
203954,2025-26,-25,35,False,2PT Field Goal
203954,2025-26,-6,41,True,2PT Field Goal
203954,2025-26,6,31,True,2PT Field Goal
203954,2025-26,-113,148,True,2PT Field Goal
203954,2025-26,1,22,True,2PT Field Goal
203954,2025-26,86,263,True,3PT Field Goal
203954,2025-26,-9,277,False,3PT Field Goal
203954,2025-26,-172,180,False,3PT Field Goal
203954,2025-26,-142,64,False,2PT Field Goal
203954,2025-26,9,253,False,3PT Field Goal
203954,2025-26,-10,12,False,2PT Field Goal
203954,2025-26,9,22,False,2PT Field Goal
203954,2025-26,0,0,True,2PT Field Goal
203954,2025-26,20,111,True,2PT Field Goal
203954,2025-26,-126,241,False,3PT Field Goal
203954,2025-26,53,158,False,2PT Field Goal
203954,2025-26,7,22,True,2PT Field Goal
203954,2025-26,2,21,True,2PT Field Goal
203954,2025-26,5,26,True,2PT Field Goal
203954,2025-26,-5,14,False,2PT Field Goal
203954,2025-26,0,0,False,2PT Field Goal
203954,2025-26,158,-4,True,2PT Field Goal
203954,2025-26,-124,84,True,2PT Field Goal
203954,2025-26,-12,29,False,2PT Field Goal
203954,2025-26,-10,261,True,3PT Field Goal
203954,2025-26,-39,99,True,2PT Field Goal
203954,2025-26,-22,11,False,2PT Field Goal
203954,2025-26,-39,71,True,2PT Field Goal
203954,2025-26,-22,124,True,2PT Field Goal
203954,2025-26,-1,4,True,2PT Field Goal
203954,2025-26,-110,234,False,3PT Field Goal
203954,2025-26,92,172,True,2PT Field Goal
203954,2025-26,-237,65,False,3PT Field Goal
203954,2025-26,-4,260,False,3PT Field Goal
203954,2025-26,-13,253,False,3PT Field Goal
203954,2025-26,147,221,False,3PT Field Goal
203954,2025-26,0,0,True,2PT Field Goal
203954,2025-26,15,7,True,2PT Field Goal
203954,2025-26,21,85,False,2PT Field Goal
203954,2025-26,-6,17,True,2PT Field Goal
203954,2025-26,-115,123,False,2PT Field Goal
203954,2025-26,-103,95,False,2PT Field Goal
203954,2025-26,-18,260,True,3PT Field Goal
203954,2025-26,64,57,False,2PT Field Goal
203954,2025-26,-121,104,True,2PT Field Goal
203954,2025-26,112,52,True,2PT Field Goal
203954,2025-26,18,265,False,3PT Field Goal
203954,2025-26,-1,31,True,2PT Field Goal
203954,2025-26,-58,165,False,2PT Field Goal
203954,2025-26,0,0,True,2PT Field Goal
203954,2025-26,70,106,False,2PT Field Goal
203954,2025-26,-47,253,False,3PT Field Goal
203954,2025-26,22,260,True,3PT Field Goal
203954,2025-26,-1,261,False,3PT Field Goal
203954,2025-26,78,63,True,2PT Field Goal
203954,2025-26,23,222,True,2PT Field Goal
203954,2025-26,16,184,True,2PT Field Goal
203954,2025-26,-108,163,True,2PT Field Goal
203954,2025-26,40,270,False,3PT Field Goal
203954,2025-26,-1,28,False,2PT Field Goal
203954,2025-26,98,243,True,3PT Field Goal
203954,2025-26,26,197,False,2PT Field Goal
203954,2025-26,-140,42,False,2PT Field Goal
203954,2025-26,-87,94,True,2PT Field Goal
203954,2025-26,-17,194,False,2PT Field Goal
203954,2025-26,-13,33,False,2PT Field Goal
203954,2025-26,-29,148,False,2PT Field Goal
203954,2025-26,120,135,True,2PT Field Goal
203954,2025-26,143,135,True,2PT Field Goal
203954,2025-26,-96,20,False,2PT Field Goal
203954,2025-26,224,66,True,3PT Field Goal
203954,2025-26,77,180,False,2PT Field Goal
203954,2025-26,10,189,True,2PT Field Goal
203954,2025-26,-11,22,False,2PT Field Goal
203954,2025-26,0,53,False,2PT Field Goal
203954,2025-26,6,172,True,2PT Field Goal
203954,2025-26,141,15,False,2PT Field Goal
203954,2025-26,-39,181,True,2PT Field Goal
203954,2025-26,-1,170,True,2PT Field Goal
203954,2025-26,-43,132,True,2PT Field Goal
203954,2025-26,-1,168,True,2PT Field Goal
203954,2025-26,-169,79,True,2PT Field Goal
203954,2025-26,100,79,False,2PT Field Goal
203954,2025-26,-23,101,False,2PT Field Goal
203954,2025-26,-112,136,False,2PT Field Goal
203954,2025-26,-92,78,False,2PT Field Goal
203954,2025-26,124,115,False,2PT Field Goal
203954,2025-26,-78,68,True,2PT Field Goal
203954,2025-26,-5,19,True,2PT Field Goal
203954,2025-26,-5,35,False,2PT Field Goal
203954,2025-26,-21,103,False,2PT Field Goal
203954,2025-26,-60,260,True,3PT Field Goal
203954,2025-26,22,8,True,2PT Field Goal
203954,2025-26,-40,145,True,2PT Field Goal
203954,2025-26,-18,10,False,2PT Field Goal
203954,2025-26,-10,11,True,2PT Field Goal
203954,2025-26,1,59,False,2PT Field Goal
203954,2025-26,0,0,True,2PT Field Goal
203954,2025-26,116,239,False,3PT Field Goal
203954,2025-26,1,155,True,2PT Field Goal
203954,2025-26,-12,15,True,2PT Field Goal
203954,2025-26,-147,96,False,2PT Field Goal
203954,2025-26,11,125,True,2PT Field Goal
203954,2025-26,4,25,True,2PT Field Goal
203954,2025-26,-40,179,False,2PT Field Goal
203954,2025-26,136,137,True,2PT Field Goal
203954,2025-26,34,261,False,3PT Field Goal
203954,2025-26,-17,57,False,2PT Field Goal
203954,2025-26,-17,169,False,2PT Field Goal
203954,2025-26,27,-2,True,2PT Field Goal
203954,2025-26,0,0,False,2PT Field Goal
203954,2025-26,-70,257,True,3PT Field Goal
203954,2025-26,-9,17,True,2PT Field Goal
203954,2025-26,-2,21,True,2PT Field Goal
203954,2025-26,-53,129,True,2PT Field Goal
203954,2025-26,-98,247,True,3PT Field Goal
203954,2025-26,0,24,False,2PT Field Goal
203954,2025-26,5,15,True,2PT Field Goal
203954,2025-26,0,0,False,2PT Field Goal
203954,2025-26,-4,14,True,2PT Field Goal
203954,2025-26,54,261,True,3PT Field Goal
203954,2025-26,-116,10,True,2PT Field Goal
203954,2025-26,-5,20,True,2PT Field Goal
203954,2025-26,-55,108,True,2PT Field Goal
203954,2025-26,-5,16,True,2PT Field Goal
203954,2025-26,65,53,False,2PT Field Goal
203954,2025-26,-31,268,False,3PT Field Goal
203954,2025-26,70,291,False,3PT Field Goal
203954,2025-26,-126,75,False,2PT Field Goal
203954,2025-26,16,267,True,3PT Field Goal
203954,2025-26,-18,54,False,2PT Field Goal
203954,2025-26,6,34,True,2PT Field Goal
203954,2025-26,0,0,True,2PT Field Goal
203954,2025-26,49,15,False,2PT Field Goal
203954,2025-26,-145,62,True,2PT Field Goal
203954,2025-26,-48,132,True,2PT Field Goal
203954,2025-26,0,0,True,2PT Field Goal
203954,2025-26,-13,24,False,2PT Field Goal
203954,2025-26,-34,25,False,2PT Field Goal
203954,2025-26,15,23,False,2PT Field Goal
203954,2025-26,0,0,True,2PT Field Goal
203954,2025-26,-6,56,False,2PT Field Goal
203954,2025-26,-16,46,False,2PT Field Goal
203954,2025-26,-2,11,True,2PT Field Goal
203954,2025-26,-9,203,True,2PT Field Goal
203954,2025-26,178,206,False,3PT Field Goal
203954,2025-26,-5,269,False,3PT Field Goal
203954,2025-26,0,9,True,2PT Field Goal
203954,2025-26,-38,183,True,2PT Field Goal
203954,2025-26,12,225,True,2PT Field Goal
203954,2025-26,59,117,False,2PT Field Goal
203954,2025-26,-71,155,False,2PT Field Goal
203954,2025-26,-20,15,False,2PT Field Goal
203954,2025-26,22,179,True,2PT Field Goal
203954,2025-26,-75,257,False,3PT Field Goal
203954,2025-26,-230,91,True,3PT Field Goal
203954,2025-26,-167,21,False,2PT Field Goal
203954,2025-26,-82,17,False,2PT Field Goal
203954,2025-26,89,14,True,2PT Field Goal
203954,2025-26,-27,63,False,2PT Field Goal
203954,2025-26,-20,158,False,2PT Field Goal
203954,2025-26,28,29,True,2PT Field Goal
203954,2025-26,9,68,False,2PT Field Goal
203954,2025-26,-112,77,True,2PT Field Goal
203954,2025-26,-76,255,True,3PT Field Goal
203954,2025-26,20,166,True,2PT Field Goal
203954,2025-26,15,29,True,2PT Field Goal
203954,2025-26,40,101,True,2PT Field Goal
203954,2025-26,64,94,True,2PT Field Goal
203954,2025-26,-121,154,True,2PT Field Goal
203954,2025-26,-2,29,True,2PT Field Goal
203954,2025-26,238,102,False,3PT Field Goal
203954,2025-26,5,226,False,2PT Field Goal
203954,2025-26,-16,142,True,2PT Field Goal
203954,2025-26,-64,180,False,2PT Field Goal
203954,2025-26,17,7,True,2PT Field Goal
203954,2025-26,-29,17,True,2PT Field Goal
203954,2025-26,1,68,False,2PT Field Goal
203954,2025-26,-64,159,False,2PT Field Goal
203954,2025-26,-9,84,False,2PT Field Goal
203954,2025-26,0,0,True,2PT Field Goal
203954,2025-26,62,157,False,2PT Field Goal
203954,2025-26,39,138,True,2PT Field Goal
203954,2025-26,23,109,True,2PT Field Goal
203954,2025-26,9,150,True,2PT Field Goal
203954,2025-26,121,140,False,2PT Field Goal
203954,2025-26,0,0,False,2PT Field Goal
203954,2025-26,-17,37,False,2PT Field Goal
203954,2025-26,-47,35,False,2PT Field Goal
203954,2025-26,-10,141,False,2PT Field Goal
203954,2025-26,-136,225,False,3PT Field Goal
203954,2025-26,-94,58,True,2PT Field Goal
203954,2025-26,45,34,True,2PT Field Goal
203954,2025-26,-5,21,False,2PT Field Goal
203954,2025-26,0,0,True,2PT Field Goal
203954,2025-26,-66,178,False,2PT Field Goal
203954,2025-26,9,268,False,3PT Field Goal
203954,2025-26,-7,47,False,2PT Field Goal
203954,2025-26,9,273,True,3PT Field Goal
203954,2025-26,75,174,False,2PT Field Goal
203954,2025-26,-88,122,False,2PT Field Goal
203954,2025-26,23,39,True,2PT Field Goal
203954,2025-26,16,8,True,2PT Field Goal
203954,2025-26,-11,280,True,3PT Field Goal
203954,2025-26,51,41,True,2PT Field Goal
203954,2025-26,129,232,True,3PT Field Goal
203954,2025-26,-104,132,True,2PT Field Goal
203954,2025-26,81,122,False,2PT Field Goal
203954,2025-26,39,45,False,2PT Field Goal
203954,2025-26,150,59,False,2PT Field Goal
203954,2025-26,-94,19,True,2PT Field Goal
203954,2025-26,-103,35,False,2PT Field Goal
203954,2025-26,112,248,False,3PT Field Goal
203954,2025-26,-50,42,False,2PT Field Goal
203954,2025-26,-115,105,False,2PT Field Goal
203954,2025-26,-9,71,False,2PT Field Goal
203954,2025-26,53,128,True,2PT Field Goal
203954,2025-26,72,127,True,2PT Field Goal
203954,2025-26,17,278,True,3PT Field Goal
203954,2025-26,32,104,True,2PT Field Goal
203954,2025-26,-5,137,False,2PT Field Goal
203954,2025-26,-123,89,False,2PT Field Goal
203954,2025-26,80,90,True,2PT Field Goal
203954,2025-26,7,79,False,2PT Field Goal
203954,2025-26,-27,113,True,2PT Field Goal
203954,2025-26,-98,125,True,2PT Field Goal
203954,2025-26,104,13,False,2PT Field Goal
203954,2025-26,-13,117,True,2PT Field Goal
203954,2025-26,-6,20,True,2PT Field Goal
203954,2025-26,-34,175,True,2PT Field Goal
203954,2025-26,10,139,False,2PT Field Goal
203954,2025-26,-7,158,True,2PT Field Goal
203954,2025-26,-85,134,False,2PT Field Goal
203954,2025-26,17,21,True,2PT Field Goal
203954,2025-26,-9,153,True,2PT Field Goal
203954,2025-26,-21,203,True,2PT Field Goal
203954,2025-26,5,158,True,2PT Field Goal
203954,2025-26,42,138,False,2PT Field Goal
203954,2025-26,-238,4,True,3PT Field Goal
203954,2025-26,-26,167,True,2PT Field Goal
203954,2025-26,-47,262,False,3PT Field Goal
203954,2025-26,64,120,False,2PT Field Goal
203954,2025-26,0,14,True,2PT Field Goal
203954,2025-26,24,12,True,2PT Field Goal
203954,2025-26,-26,194,True,2PT Field Goal
203954,2025-26,16,282,True,3PT Field Goal
203954,2025-26,-202,159,True,3PT Field Goal
203954,2025-26,113,230,False,3PT Field Goal
203954,2025-26,43,85,False,2PT Field Goal
203954,2025-26,-96,234,False,3PT Field Goal
203954,2025-26,174,227,True,3PT Field Goal
203954,2025-26,-49,273,False,3PT Field Goal
203954,2025-26,2,8,True,2PT Field Goal
203954,2025-26,-88,0,False,2PT Field Goal
203954,2025-26,-170,23,True,2PT Field Goal
203954,2025-26,-13,211,False,2PT Field Goal
203954,2025-26,134,15,True,2PT Field Goal
203954,2025-26,-2,157,False,2PT Field Goal
203954,2025-26,-132,-4,False,2PT Field Goal
203954,2025-26,-45,164,False,2PT Field Goal
203954,2025-26,-4,275,True,3PT Field Goal
203954,2025-26,-65,155,True,2PT Field Goal
203954,2025-26,-168,5,False,2PT Field Goal
203954,2025-26,13,194,False,2PT Field Goal
203954,2025-26,-21,6,True,2PT Field Goal
203954,2025-26,-6,-15,True,2PT Field Goal
203954,2025-26,25,-4,True,2PT Field Goal
203954,2025-26,-108,239,True,3PT Field Goal
203954,2025-26,-56,156,True,2PT Field Goal
203954,2025-26,-5,13,True,2PT Field Goal
203954,2025-26,105,169,False,2PT Field Goal
203954,2025-26,0,282,False,3PT Field Goal
203954,2025-26,11,-18,True,2PT Field Goal
203954,2025-26,118,125,True,2PT Field Goal
203954,2025-26,120,257,False,3PT Field Goal
203954,2025-26,36,48,False,2PT Field Goal
203954,2025-26,78,265,False,3PT Field Goal
203954,2025-26,6,5,True,2PT Field Goal
203954,2025-26,6,-3,True,2PT Field Goal
203954,2025-26,9,16,True,2PT Field Goal
203954,2025-26,11,-4,True,2PT Field Goal
203954,2025-26,37,276,False,3PT Field Goal
203954,2025-26,10,8,True,2PT Field Goal
203954,2025-26,-136,225,True,3PT Field Goal
203954,2025-26,-28,261,False,3PT Field Goal
203954,2025-26,-7,9,False,2PT Field Goal
203954,2025-26,103,113,True,2PT Field Goal
203954,2025-26,6,3,True,2PT Field Goal
203954,2025-26,34,130,True,2PT Field Goal
203954,2025-26,17,62,False,2PT Field Goal
203954,2025-26,103,84,False,2PT Field Goal
203954,2025-26,36,268,False,3PT Field Goal
203954,2025-26,38,202,False,2PT Field Goal
203954,2025-26,-108,242,False,3PT Field Goal
203954,2025-26,0,0,True,2PT Field Goal
203954,2025-26,39,32,False,2PT Field Goal
203954,2025-26,-27,86,False,2PT Field Goal
203954,2025-26,55,134,False,2PT Field Goal
203954,2025-26,-56,46,False,2PT Field Goal
203954,2025-26,-189,193,True,3PT Field Goal
203954,2025-26,113,239,True,3PT Field Goal
203954,2025-26,-45,142,True,2PT Field Goal
203954,2025-26,-9,102,True,2PT Field Goal
203954,2025-26,-23,12,True,2PT Field Goal
203954,2025-26,-23,267,True,3PT Field Goal
203954,2025-26,-22,139,False,2PT Field Goal
203954,2025-26,9,269,True,3PT Field Goal
203954,2025-26,-6,96,False,2PT Field Goal
203954,2025-26,-54,52,False,2PT Field Goal
203954,2025-26,-4,22,True,2PT Field Goal
203954,2025-26,-4,0,True,2PT Field Goal
203954,2025-26,-7,15,False,2PT Field Goal
203954,2025-26,-10,53,True,2PT Field Goal
203954,2025-26,-7,173,True,2PT Field Goal
203954,2025-26,-11,178,False,2PT Field Goal
203954,2025-26,5,176,True,2PT Field Goal
203954,2025-26,1,180,True,2PT Field Goal
203954,2025-26,5,142,False,2PT Field Goal
203954,2025-26,-72,14,False,2PT Field Goal
203954,2025-26,28,14,True,2PT Field Goal
203954,2025-26,-105,15,False,2PT Field Goal
203954,2025-26,-118,225,True,3PT Field Goal
203954,2025-26,9,145,True,2PT Field Goal
203954,2025-26,10,253,False,3PT Field Goal
203954,2025-26,-7,185,False,2PT Field Goal
203954,2025-26,167,190,True,3PT Field Goal
203954,2025-26,167,192,True,3PT Field Goal
203954,2025-26,-29,10,True,2PT Field Goal
203954,2025-26,92,122,False,2PT Field Goal
203954,2025-26,48,264,False,3PT Field Goal
203954,2025-26,49,158,False,2PT Field Goal
203954,2025-26,-107,251,False,3PT Field Goal
203954,2025-26,4,122,True,2PT Field Goal
203954,2025-26,-70,167,True,2PT Field Goal
203954,2025-26,-85,97,False,2PT Field Goal
203954,2025-26,-6,207,False,2PT Field Goal
203954,2025-26,43,252,True,3PT Field Goal
203954,2025-26,21,133,True,2PT Field Goal
203954,2025-26,-1,67,False,2PT Field Goal
203954,2025-26,10,58,True,2PT Field Goal
203954,2025-26,-123,111,False,2PT Field Goal
203954,2025-26,145,39,False,2PT Field Goal
203954,2025-26,225,18,False,3PT Field Goal
203954,2025-26,21,107,True,2PT Field Goal
203954,2025-26,1,121,False,2PT Field Goal
203954,2025-26,4,116,True,2PT Field Goal
203954,2025-26,74,134,False,2PT Field Goal
203954,2025-26,-136,39,False,2PT Field Goal
203954,2025-26,98,344,False,3PT Field Goal
203954,2025-26,-36,180,False,2PT Field Goal
203954,2025-26,93,246,False,3PT Field Goal
203954,2025-26,48,108,False,2PT Field Goal
203954,2025-26,17,113,True,2PT Field Goal
203954,2025-26,0,114,True,2PT Field Goal
203954,2025-26,-71,87,True,2PT Field Goal
203954,2025-26,53,219,False,2PT Field Goal
203954,2025-26,-148,209,True,3PT Field Goal
203954,2025-26,-105,147,False,2PT Field Goal
203954,2025-26,-2,162,False,2PT Field Goal
203954,2025-26,-28,11,True,2PT Field Goal
203954,2025-26,-234,19,False,3PT Field Goal
203954,2025-26,-105,127,False,2PT Field Goal
203954,2025-26,0,25,False,2PT Field Goal
203954,2025-26,0,0,False,2PT Field Goal
203954,2025-26,-66,134,False,2PT Field Goal
203954,2025-26,-18,79,True,2PT Field Goal
203954,2025-26,1,275,False,3PT Field Goal
203954,2025-26,-186,202,False,3PT Field Goal
203954,2025-26,-100,256,False,3PT Field Goal
203954,2025-26,-16,277,False,3PT Field Goal
203954,2025-26,89,8,False,2PT Field Goal
203954,2025-26,2,156,True,2PT Field Goal
203954,2025-26,107,155,True,2PT Field Goal
203954,2025-26,-7,22,True,2PT Field Goal
203954,2025-26,21,257,True,3PT Field Goal
203954,2025-26,165,193,False,3PT Field Goal
203954,2025-26,-77,47,True,2PT Field Goal
203954,2025-26,-32,115,False,2PT Field Goal
203954,2025-26,-112,62,False,2PT Field Goal
203954,2025-26,0,251,False,3PT Field Goal
203954,2025-26,142,214,False,3PT Field Goal
203954,2025-26,77,117,True,2PT Field Goal
203954,2025-26,-71,138,False,2PT Field Goal
203954,2025-26,22,5,True,2PT Field Goal
203954,2025-26,-23,9,True,2PT Field Goal
203954,2025-26,0,0,True,2PT Field Goal
203954,2025-26,39,255,False,3PT Field Goal
203954,2025-26,-16,35,True,2PT Field Goal
203954,2025-26,43,155,True,2PT Field Goal
203954,2025-26,33,73,False,2PT Field Goal
203954,2025-26,-172,172,True,3PT Field Goal
203954,2025-26,108,228,True,3PT Field Goal
203954,2025-26,45,201,False,2PT Field Goal
203954,2025-26,10,11,False,2PT Field Goal
203954,2025-26,22,155,False,2PT Field Goal
203954,2025-26,-225,123,False,3PT Field Goal
203954,2025-26,-21,0,False,2PT Field Goal
203954,2025-26,112,102,True,2PT Field Goal
203954,2025-26,44,154,False,2PT Field Goal
203954,2025-26,71,238,False,3PT Field Goal
203954,2025-26,-65,117,True,2PT Field Goal
203954,2025-26,7,260,False,3PT Field Goal
203954,2025-26,38,34,True,2PT Field Goal
203954,2025-26,33,110,True,2PT Field Goal
203954,2025-26,10,253,False,3PT Field Goal
203954,2025-26,17,94,True,2PT Field Goal
203954,2025-26,-108,246,True,3PT Field Goal
203954,2025-26,-228,11,False,3PT Field Goal
203954,2025-26,10,4,True,2PT Field Goal
203954,2025-26,-13,261,False,3PT Field Goal
203954,2025-26,-92,252,True,3PT Field Goal
203954,2025-26,48,110,False,2PT Field Goal
203954,2025-26,-59,130,False,2PT Field Goal
203954,2025-26,-58,101,True,2PT Field Goal
203954,2025-26,11,10,True,2PT Field Goal
203954,2025-26,-13,198,False,2PT Field Goal
203954,2025-26,-89,237,False,3PT Field Goal
203954,2025-26,13,204,False,2PT Field Goal
203954,2025-26,0,0,True,2PT Field Goal
203954,2025-26,136,103,True,2PT Field Goal
203954,2025-26,11,151,True,2PT Field Goal
203954,2025-26,-1,47,False,2PT Field Goal
203954,2025-26,0,0,False,2PT Field Goal
203954,2025-26,-16,0,True,2PT Field Goal
203954,2025-26,-10,19,False,2PT Field Goal
203954,2025-26,-56,236,False,3PT Field Goal
203954,2025-26,-43,148,False,2PT Field Goal
203954,2025-26,-7,141,True,2PT Field Goal
203954,2025-26,-32,242,False,3PT Field Goal
203954,2025-26,34,94,False,2PT Field Goal
203954,2025-26,-33,45,False,2PT Field Goal
203954,2025-26,0,0,True,2PT Field Goal
203954,2025-26,11,18,False,2PT Field Goal
203954,2025-26,66,215,False,2PT Field Goal
203954,2025-26,-17,22,False,2PT Field Goal
203954,2025-26,-21,37,False,2PT Field Goal
203954,2025-26,0,0,True,2PT Field Goal
203954,2025-26,0,0,True,2PT Field Goal
203954,2025-26,-10,62,True,2PT Field Goal
203954,2025-26,-37,260,True,3PT Field Goal
1627759,2025-26,88,125,False,2PT Field Goal
1627759,2025-26,34,-5,True,2PT Field Goal
1627759,2025-26,38,150,True,2PT Field Goal
1627759,2025-26,38,11,False,2PT Field Goal
1627759,2025-26,-31,16,False,2PT Field Goal
1627759,2025-26,0,0,False,2PT Field Goal
1627759,2025-26,-230,64,False,3PT Field Goal
1627759,2025-26,-49,6,True,2PT Field Goal
1627759,2025-26,147,239,True,3PT Field Goal
1627759,2025-26,-32,178,True,2PT Field Goal
1627759,2025-26,96,71,False,2PT Field Goal
1627759,2025-26,154,247,False,3PT Field Goal
1627759,2025-26,53,50,False,2PT Field Goal
1627759,2025-26,232,132,False,3PT Field Goal
1627759,2025-26,-38,15,True,2PT Field Goal
1627759,2025-26,-92,245,False,3PT Field Goal
1627759,2025-26,13,102,False,2PT Field Goal
1627759,2025-26,-184,205,True,3PT Field Goal
1627759,2025-26,27,22,False,2PT Field Goal
1627759,2025-26,-211,209,False,3PT Field Goal
1627759,2025-26,67,147,False,2PT Field Goal
1627759,2025-26,21,91,True,2PT Field Goal
1627759,2025-26,-99,100,False,2PT Field Goal
1627759,2025-26,188,184,False,3PT Field Goal
1627759,2025-26,31,11,True,2PT Field Goal
1627759,2025-26,-21,16,True,2PT Field Goal
1627759,2025-26,4,69,True,2PT Field Goal
1627759,2025-26,92,109,False,2PT Field Goal
1627759,2025-26,-5,17,True,2PT Field Goal
1627759,2025-26,-150,220,False,3PT Field Goal
1627759,2025-26,26,134,True,2PT Field Goal
1627759,2025-26,9,72,False,2PT Field Goal
1627759,2025-26,43,252,True,3PT Field Goal
1627759,2025-26,-234,-11,False,3PT Field Goal
1627759,2025-26,-9,78,False,2PT Field Goal
1627759,2025-26,-227,146,False,3PT Field Goal
1627759,2025-26,-85,168,False,2PT Field Goal
1627759,2025-26,-75,137,True,2PT Field Goal
1627759,2025-26,-140,221,True,3PT Field Goal
1627759,2025-26,-4,25,True,2PT Field Goal
1627759,2025-26,-77,141,False,2PT Field Goal
1627759,2025-26,-32,144,False,2PT Field Goal
1627759,2025-26,-2,36,True,2PT Field Goal
1627759,2025-26,-184,194,False,3PT Field Goal
1627759,2025-26,-12,13,True,2PT Field Goal
1627759,2025-26,125,249,True,3PT Field Goal
1627759,2025-26,58,258,False,3PT Field Goal
1627759,2025-26,48,253,True,3PT Field Goal
1627759,2025-26,20,189,True,2PT Field Goal
1627759,2025-26,-89,138,True,2PT Field Goal
1627759,2025-26,-31,189,True,2PT Field Goal
1627759,2025-26,18,11,True,2PT Field Goal
1627759,2025-26,13,4,True,2PT Field Goal
1627759,2025-26,-136,142,True,2PT Field Goal
1627759,2025-26,-146,220,True,3PT Field Goal
1627759,2025-26,-71,159,False,2PT Field Goal
1627759,2025-26,13,155,False,2PT Field Goal
1627759,2025-26,-112,243,False,3PT Field Goal
1627759,2025-26,36,13,True,2PT Field Goal
1627759,2025-26,82,255,True,3PT Field Goal
1627759,2025-26,0,0,True,2PT Field Goal
1627759,2025-26,157,209,False,3PT Field Goal
1627759,2025-26,-7,41,True,2PT Field Goal
1627759,2025-26,-86,51,False,2PT Field Goal
1627759,2025-26,36,274,True,3PT Field Goal
1627759,2025-26,-5,231,False,2PT Field Goal
1627759,2025-26,42,83,True,2PT Field Goal
1627759,2025-26,129,238,False,3PT Field Goal
1627759,2025-26,-96,251,True,3PT Field Goal
1627759,2025-26,-60,254,False,3PT Field Goal
1627759,2025-26,97,154,True,2PT Field Goal
1627759,2025-26,10,7,True,2PT Field Goal
1627759,2025-26,58,109,True,2PT Field Goal
1627759,2025-26,-9,274,False,3PT Field Goal
1627759,2025-26,31,10,False,2PT Field Goal
1627759,2025-26,17,25,True,2PT Field Goal
1627759,2025-26,78,154,False,2PT Field Goal
1627759,2025-26,-2,89,False,2PT Field Goal
1627759,2025-26,93,131,True,2PT Field Goal
1627759,2025-26,56,38,False,2PT Field Goal
1627759,2025-26,-5,150,True,2PT Field Goal
1627759,2025-26,92,134,True,2PT Field Goal
1627759,2025-26,-4,16,True,2PT Field Goal
1627759,2025-26,10,15,True,2PT Field Goal
1627759,2025-26,27,147,True,2PT Field Goal
1627759,2025-26,10,13,True,2PT Field Goal
1627759,2025-26,12,15,True,2PT Field Goal
1627759,2025-26,-125,239,False,3PT Field Goal
1627759,2025-26,-23,173,True,2PT Field Goal
1627759,2025-26,87,127,False,2PT Field Goal
1627759,2025-26,-143,199,False,3PT Field Goal
1627759,2025-26,-124,4,False,2PT Field Goal
1627759,2025-26,20,32,False,2PT Field Goal
1627759,2025-26,11,7,True,2PT Field Goal
1627759,2025-26,86,249,False,3PT Field Goal
1627759,2025-26,-51,36,False,2PT Field Goal
1627759,2025-26,-27,57,True,2PT Field Goal
1627759,2025-26,224,65,True,3PT Field Goal
1627759,2025-26,-45,95,False,2PT Field Goal
1627759,2025-26,225,25,False,3PT Field Goal
1627759,2025-26,69,152,False,2PT Field Goal
1627759,2025-26,28,33,True,2PT Field Goal
1627759,2025-26,83,161,True,2PT Field Goal
1627759,2025-26,114,246,False,3PT Field Goal
1627759,2025-26,25,17,True,2PT Field Goal
1627759,2025-26,-7,64,True,2PT Field Goal
1627759,2025-26,-27,64,False,2PT Field Goal
1627759,2025-26,31,14,True,2PT Field Goal
1627759,2025-26,-56,0,False,2PT Field Goal
1627759,2025-26,-4,27,False,2PT Field Goal
1627759,2025-26,151,56,True,2PT Field Goal
1627759,2025-26,-17,17,False,2PT Field Goal
1627759,2025-26,108,227,False,3PT Field Goal
1627759,2025-26,77,252,False,3PT Field Goal
1627759,2025-26,58,27,False,2PT Field Goal
1627759,2025-26,29,147,False,2PT Field Goal
1627759,2025-26,16,185,False,2PT Field Goal
1627759,2025-26,12,8,True,2PT Field Goal
1627759,2025-26,37,17,False,2PT Field Goal
1627759,2025-26,67,79,True,2PT Field Goal
1627759,2025-26,-140,68,False,2PT Field Goal
1627759,2025-26,20,23,False,2PT Field Goal
1627759,2025-26,-1,13,False,2PT Field Goal
1627759,2025-26,-87,238,True,3PT Field Goal
1627759,2025-26,66,26,False,2PT Field Goal
1627759,2025-26,88,25,True,2PT Field Goal
1627759,2025-26,29,142,True,2PT Field Goal
1627759,2025-26,-92,126,True,2PT Field Goal
1627759,2025-26,130,226,False,3PT Field Goal
1627759,2025-26,126,126,False,2PT Field Goal
1627759,2025-26,-71,169,True,2PT Field Goal
1627759,2025-26,-185,159,True,3PT Field Goal
1627759,2025-26,33,16,False,2PT Field Goal
1627759,2025-26,17,138,False,2PT Field Goal
1627759,2025-26,47,46,False,2PT Field Goal
1627759,2025-26,94,140,True,2PT Field Goal
1627759,2025-26,1,5,True,2PT Field Goal
1627759,2025-26,170,187,False,3PT Field Goal
1627759,2025-26,36,58,True,2PT Field Goal
1627759,2025-26,-31,45,False,2PT Field Goal
1627759,2025-26,83,253,False,3PT Field Goal
1627759,2025-26,45,32,True,2PT Field Goal
1627759,2025-26,-117,166,False,2PT Field Goal
1627759,2025-26,-62,184,True,2PT Field Goal
1627759,2025-26,77,74,False,2PT Field Goal
1627759,2025-26,179,185,True,3PT Field Goal
1627759,2025-26,-37,199,False,2PT Field Goal
1627759,2025-26,140,221,True,3PT Field Goal
1627759,2025-26,39,6,False,2PT Field Goal
1627759,2025-26,-109,232,False,3PT Field Goal
1627759,2025-26,39,24,True,2PT Field Goal
1627759,2025-26,71,52,True,2PT Field Goal
1627759,2025-26,-53,13,False,2PT Field Goal
1627759,2025-26,104,177,True,2PT Field Goal
1627759,2025-26,29,11,True,2PT Field Goal
1627759,2025-26,-16,159,True,2PT Field Goal
1627759,2025-26,-92,105,False,2PT Field Goal
1627759,2025-26,51,77,True,2PT Field Goal
1627759,2025-26,99,172,False,2PT Field Goal
1627759,2025-26,0,45,False,2PT Field Goal
1627759,2025-26,-167,184,False,3PT Field Goal
1627759,2025-26,-88,42,True,2PT Field Goal
1627759,2025-26,60,204,False,2PT Field Goal
1627759,2025-26,-91,240,True,3PT Field Goal
1627759,2025-26,-153,215,True,3PT Field Goal
1627759,2025-26,-1,110,True,2PT Field Goal
1627759,2025-26,-222,59,True,3PT Field Goal
1627759,2025-26,-168,189,False,3PT Field Goal
1627759,2025-26,-124,230,True,3PT Field Goal
1627759,2025-26,-25,36,True,2PT Field Goal
1627759,2025-26,150,262,False,3PT Field Goal
1627759,2025-26,-131,127,False,2PT Field Goal
1627759,2025-26,20,12,True,2PT Field Goal
1627759,2025-26,169,211,False,3PT Field Goal
1627759,2025-26,-40,118,False,2PT Field Goal
1627759,2025-26,1,86,False,2PT Field Goal
1627759,2025-26,-53,164,True,2PT Field Goal
1627759,2025-26,-76,259,True,3PT Field Goal
1627759,2025-26,97,109,False,2PT Field Goal
1627759,2025-26,27,31,True,2PT Field Goal
1627759,2025-26,-180,190,False,3PT Field Goal
1627759,2025-26,7,112,True,2PT Field Goal
1627759,2025-26,7,111,False,2PT Field Goal
1627759,2025-26,-4,17,False,2PT Field Goal
1627759,2025-26,39,41,False,2PT Field Goal
1627759,2025-26,26,26,False,2PT Field Goal
1627759,2025-26,-10,-6,True,2PT Field Goal
1627759,2025-26,-154,199,True,3PT Field Goal
1627759,2025-26,77,125,True,2PT Field Goal
1627759,2025-26,-119,216,False,3PT Field Goal
1627759,2025-26,-91,117,False,2PT Field Goal
1627759,2025-26,-125,220,False,3PT Field Goal
1627759,2025-26,127,135,False,2PT Field Goal
1627759,2025-26,4,75,True,2PT Field Goal
1627759,2025-26,115,110,True,2PT Field Goal
1627759,2025-26,-137,5,True,2PT Field Goal
1627759,2025-26,-23,162,False,2PT Field Goal
1627759,2025-26,37,29,True,2PT Field Goal
1627759,2025-26,-159,215,True,3PT Field Goal
1627759,2025-26,-131,211,False,3PT Field Goal
1627759,2025-26,-22,29,True,2PT Field Goal
1627759,2025-26,-96,247,True,3PT Field Goal
1627759,2025-26,80,150,True,2PT Field Goal
1627759,2025-26,26,305,True,3PT Field Goal
1627759,2025-26,-148,209,True,3PT Field Goal
1627759,2025-26,-103,285,False,3PT Field Goal
1627759,2025-26,-47,32,False,2PT Field Goal
1627759,2025-26,-62,15,True,2PT Field Goal
1627759,2025-26,-98,238,False,3PT Field Goal
1627759,2025-26,-45,47,False,2PT Field Goal
1627759,2025-26,138,41,True,2PT Field Goal
1627759,2025-26,-6,29,True,2PT Field Goal
1627759,2025-26,188,163,False,3PT Field Goal
1627759,2025-26,67,15,True,2PT Field Goal
1627759,2025-26,125,228,False,3PT Field Goal
1627759,2025-26,-163,197,False,3PT Field Goal
1627759,2025-26,58,174,False,2PT Field Goal
1627759,2025-26,0,17,True,2PT Field Goal
1627759,2025-26,0,32,False,2PT Field Goal
1627759,2025-26,114,173,False,2PT Field Goal
1627759,2025-26,20,5,True,2PT Field Goal
1627759,2025-26,-123,111,True,2PT Field Goal
1627759,2025-26,-36,17,True,2PT Field Goal
1627759,2025-26,37,36,False,2PT Field Goal
1627759,2025-26,40,137,False,2PT Field Goal
1627759,2025-26,25,20,True,2PT Field Goal
1627759,2025-26,233,30,False,3PT Field Goal
1627759,2025-26,6,13,True,2PT Field Goal
1627759,2025-26,36,148,False,2PT Field Goal
1627759,2025-26,98,111,True,2PT Field Goal
1627759,2025-26,-26,267,False,3PT Field Goal
1627759,2025-26,-240,40,False,3PT Field Goal
1627759,2025-26,-110,236,False,3PT Field Goal
1627759,2025-26,82,257,False,3PT Field Goal
1627759,2025-26,80,148,True,2PT Field Goal
1627759,2025-26,108,269,False,3PT Field Goal
1627759,2025-26,-16,8,True,2PT Field Goal
1627759,2025-26,103,143,False,2PT Field Goal
1627759,2025-26,32,26,True,2PT Field Goal
1627759,2025-26,-29,153,False,2PT Field Goal
1627759,2025-26,-26,150,False,2PT Field Goal
1627759,2025-26,-125,186,False,2PT Field Goal
1627759,2025-26,-58,157,False,2PT Field Goal
1627759,2025-26,13,5,True,2PT Field Goal
1627759,2025-26,45,12,False,2PT Field Goal
1627759,2025-26,53,144,True,2PT Field Goal
1627759,2025-26,-18,13,True,2PT Field Goal
1627759,2025-26,87,239,False,3PT Field Goal
1627759,2025-26,-39,11,True,2PT Field Goal
1627759,2025-26,18,15,True,2PT Field Goal
1627759,2025-26,-112,235,False,3PT Field Goal
1627759,2025-26,138,217,False,3PT Field Goal
1627759,2025-26,9,28,True,2PT Field Goal
1627759,2025-26,131,236,False,3PT Field Goal
1627759,2025-26,-27,12,True,2PT Field Goal
1627759,2025-26,-7,12,True,2PT Field Goal
1627759,2025-26,-9,86,True,2PT Field Goal
1627759,2025-26,-88,152,True,2PT Field Goal
1627759,2025-26,-121,231,False,3PT Field Goal
1627759,2025-26,-32,50,True,2PT Field Goal
1627759,2025-26,2,188,True,2PT Field Goal
1627759,2025-26,4,13,False,2PT Field Goal
1627759,2025-26,-81,52,False,2PT Field Goal
1627759,2025-26,7,28,True,2PT Field Goal
1627759,2025-26,100,148,True,2PT Field Goal
1627759,2025-26,61,10,False,2PT Field Goal
1627759,2025-26,0,0,True,2PT Field Goal
1627759,2025-26,-83,151,True,2PT Field Goal
1627759,2025-26,-36,101,True,2PT Field Goal
1627759,2025-26,-93,167,True,2PT Field Goal
1627759,2025-26,-45,34,False,2PT Field Goal
1627759,2025-26,25,7,True,2PT Field Goal
1627759,2025-26,-2,150,False,2PT Field Goal
1627759,2025-26,4,293,True,3PT Field Goal
1627759,2025-26,5,163,True,2PT Field Goal
1627759,2025-26,115,241,True,3PT Field Goal
1627759,2025-26,2,56,False,2PT Field Goal
1627759,2025-26,-138,208,False,3PT Field Goal
1627759,2025-26,125,173,False,2PT Field Goal
1627759,2025-26,16,163,True,2PT Field Goal
1627759,2025-26,74,157,True,2PT Field Goal
1627759,2025-26,-11,178,False,2PT Field Goal
1627759,2025-26,-9,28,True,2PT Field Goal
1627759,2025-26,-18,31,False,2PT Field Goal
1627759,2025-26,-5,116,False,2PT Field Goal
1627759,2025-26,21,20,True,2PT Field Goal
1627759,2025-26,65,142,True,2PT Field Goal
1627759,2025-26,36,115,False,2PT Field Goal
1627759,2025-26,18,23,False,2PT Field Goal
1627759,2025-26,199,164,False,3PT Field Goal
1627759,2025-26,-6,17,True,2PT Field Goal
1627759,2025-26,-4,-2,True,2PT Field Goal
1627759,2025-26,-121,220,False,3PT Field Goal
1627759,2025-26,-5,125,False,2PT Field Goal
1627759,2025-26,86,227,False,3PT Field Goal
1627759,2025-26,15,24,True,2PT Field Goal
1627759,2025-26,-2,57,False,2PT Field Goal
1627759,2025-26,4,34,False,2PT Field Goal
1627759,2025-26,-89,138,True,2PT Field Goal
1627759,2025-26,76,95,False,2PT Field Goal
1627759,2025-26,-81,140,False,2PT Field Goal
1627759,2025-26,54,306,True,3PT Field Goal
1627759,2025-26,16,101,False,2PT Field Goal
1627759,2025-26,-126,257,False,3PT Field Goal
1627759,2025-26,-87,195,False,2PT Field Goal
1627759,2025-26,11,20,False,2PT Field Goal
1627759,2025-26,-28,1,False,2PT Field Goal
1627759,2025-26,-48,184,True,2PT Field Goal
1627759,2025-26,-53,247,False,3PT Field Goal
1627759,2025-26,-6,169,True,2PT Field Goal
1627759,2025-26,-13,188,True,2PT Field Goal
1627759,2025-26,9,37,False,2PT Field Goal
1627759,2025-26,12,16,True,2PT Field Goal
1627759,2025-26,-16,185,True,2PT Field Goal
1627759,2025-26,10,193,True,2PT Field Goal
1627759,2025-26,230,42,True,3PT Field Goal
1627759,2025-26,7,188,False,2PT Field Goal
1627759,2025-26,-59,147,False,2PT Field Goal
1627759,2025-26,0,30,False,2PT Field Goal
1627759,2025-26,9,173,True,2PT Field Goal
1627759,2025-26,-49,132,True,2PT Field Goal
1627759,2025-26,62,109,True,2PT Field Goal
1627759,2025-26,-53,164,False,2PT Field Goal
1627759,2025-26,97,226,False,3PT Field Goal
1627759,2025-26,114,94,False,2PT Field Goal
1627759,2025-26,28,180,True,2PT Field Goal
1627759,2025-26,54,270,True,3PT Field Goal
1627759,2025-26,78,152,True,2PT Field Goal
1627759,2025-26,65,43,False,2PT Field Goal
1627759,2025-26,22,15,True,2PT Field Goal
1627759,2025-26,-129,236,False,3PT Field Goal
1627759,2025-26,85,244,True,3PT Field Goal
1627759,2025-26,-34,22,False,2PT Field Goal
1627759,2025-26,9,148,True,2PT Field Goal
1627759,2025-26,83,245,False,3PT Field Goal
1627759,2025-26,0,0,False,2PT Field Goal
1627759,2025-26,-98,232,False,3PT Field Goal
1627759,2025-26,-22,24,False,2PT Field Goal
1627759,2025-26,-103,188,True,2PT Field Goal
1627759,2025-26,40,21,False,2PT Field Goal
1627759,2025-26,42,63,False,2PT Field Goal
1627759,2025-26,83,168,False,2PT Field Goal
1627759,2025-26,12,30,True,2PT Field Goal
1627759,2025-26,21,13,True,2PT Field Goal
1627759,2025-26,-6,20,True,2PT Field Goal
1627759,2025-26,92,153,True,2PT Field Goal
1627759,2025-26,54,131,True,2PT Field Goal
1627759,2025-26,18,11,True,2PT Field Goal
1627759,2025-26,180,176,False,3PT Field Goal
1627759,2025-26,44,30,False,2PT Field Goal
1627759,2025-26,-62,198,False,2PT Field Goal
1627759,2025-26,138,237,False,3PT Field Goal
1627759,2025-26,11,12,False,2PT Field Goal
1627759,2025-26,27,273,False,3PT Field Goal
1627759,2025-26,-4,15,True,2PT Field Goal
1627759,2025-26,82,170,False,2PT Field Goal
1627759,2025-26,4,-4,True,2PT Field Goal
1627759,2025-26,169,204,False,3PT Field Goal
1627759,2025-26,26,21,False,2PT Field Goal
1627759,2025-26,-119,225,True,3PT Field Goal
1627759,2025-26,2,22,True,2PT Field Goal
1627759,2025-26,51,20,False,2PT Field Goal
1627759,2025-26,-38,34,False,2PT Field Goal
1627759,2025-26,-12,78,True,2PT Field Goal
1627759,2025-26,-88,170,True,2PT Field Goal
1627759,2025-26,89,174,False,2PT Field Goal
1627759,2025-26,17,6,False,2PT Field Goal
1627759,2025-26,-230,10,False,3PT Field Goal
1627759,2025-26,29,25,True,2PT Field Goal
1627759,2025-26,170,96,True,2PT Field Goal
1627759,2025-26,-137,158,True,2PT Field Goal
1627759,2025-26,-114,218,False,3PT Field Goal
1627759,2025-26,-165,185,False,3PT Field Goal
1627759,2025-26,10,1,True,2PT Field Goal
1627759,2025-26,-125,141,False,2PT Field Goal
1627759,2025-26,-39,57,True,2PT Field Goal
1627759,2025-26,-112,241,True,3PT Field Goal
1627759,2025-26,25,162,False,2PT Field Goal
1627759,2025-26,-161,225,False,3PT Field Goal
1627759,2025-26,-33,26,False,2PT Field Goal
1627759,2025-26,-13,48,True,2PT Field Goal
1627759,2025-26,49,115,False,2PT Field Goal
1627759,2025-26,-163,193,True,3PT Field Goal
1627759,2025-26,12,25,False,2PT Field Goal
1627759,2025-26,190,164,False,3PT Field Goal
1627759,2025-26,38,102,False,2PT Field Goal
1627759,2025-26,-113,295,True,3PT Field Goal
1627759,2025-26,20,21,True,2PT Field Goal
1627759,2025-26,32,111,False,2PT Field Goal
1627759,2025-26,36,25,True,2PT Field Goal
1627759,2025-26,75,33,False,2PT Field Goal
1627759,2025-26,-129,84,False,2PT Field Goal
1627759,2025-26,33,185,True,2PT Field Goal
1627759,2025-26,-7,277,False,3PT Field Goal
1627759,2025-26,16,20,True,2PT Field Goal
1627759,2025-26,-58,275,False,3PT Field Goal
1627759,2025-26,172,25,True,2PT Field Goal
1627759,2025-26,47,41,True,2PT Field Goal
1627759,2025-26,-81,172,True,2PT Field Goal
1627759,2025-26,29,55,True,2PT Field Goal
1627759,2025-26,146,199,False,3PT Field Goal
1627759,2025-26,-233,21,False,3PT Field Goal
1627759,2025-26,-29,17,False,2PT Field Goal
1627759,2025-26,31,-2,True,2PT Field Goal
1627759,2025-26,39,52,True,2PT Field Goal
1627759,2025-26,39,32,False,2PT Field Goal
1627759,2025-26,53,51,False,2PT Field Goal
1627759,2025-26,6,146,False,2PT Field Goal
1627759,2025-26,-229,34,True,3PT Field Goal
1627759,2025-26,-222,21,True,3PT Field Goal
1627759,2025-26,17,8,True,2PT Field Goal
1627759,2025-26,38,43,False,2PT Field Goal
1627759,2025-26,37,16,True,2PT Field Goal
1627759,2025-26,50,106,True,2PT Field Goal
1627759,2025-26,-110,242,True,3PT Field Goal
1627759,2025-26,4,18,False,2PT Field Goal
1627759,2025-26,9,118,False,2PT Field Goal
1627759,2025-26,163,199,False,3PT Field Goal
1627759,2025-26,-11,13,True,2PT Field Goal
1627759,2025-26,211,123,False,3PT Field Goal
1627759,2025-26,88,183,True,2PT Field Goal
1627759,2025-26,85,251,True,3PT Field Goal
1627759,2025-26,0,8,True,2PT Field Goal
1627759,2025-26,50,123,True,2PT Field Goal
1627759,2025-26,-38,131,True,2PT Field Goal
1627759,2025-26,116,237,True,3PT Field Goal
1627759,2025-26,-9,132,True,2PT Field Goal
1627759,2025-26,138,16,False,2PT Field Goal
1627759,2025-26,27,174,True,2PT Field Goal
1627759,2025-26,-89,120,False,2PT Field Goal
1627759,2025-26,-102,265,True,3PT Field Goal
1627759,2025-26,-23,278,False,3PT Field Goal
1627759,2025-26,-27,122,True,2PT Field Goal
1627759,2025-26,11,25,True,2PT Field Goal
1627759,2025-26,38,42,False,2PT Field Goal
1627759,2025-26,129,25,False,2PT Field Goal
1627759,2025-26,116,234,False,3PT Field Goal
1627759,2025-26,6,56,False,2PT Field Goal
1627759,2025-26,15,5,False,2PT Field Goal
1627759,2025-26,20,15,True,2PT Field Goal
1627759,2025-26,29,36,True,2PT Field Goal
1627759,2025-26,-42,73,False,2PT Field Goal
1627759,2025-26,158,200,False,3PT Field Goal
1627759,2025-26,0,10,True,2PT Field Goal
1627759,2025-26,-53,250,True,3PT Field Goal
1627759,2025-26,7,257,False,3PT Field Goal
1627759,2025-26,-77,161,True,2PT Field Goal
1627759,2025-26,-71,122,False,2PT Field Goal
1627759,2025-26,-69,173,False,2PT Field Goal
1627759,2025-26,6,53,False,2PT Field Goal
1627759,2025-26,-13,71,False,2PT Field Goal
1627759,2025-26,-17,127,False,2PT Field Goal
1627759,2025-26,-107,227,False,3PT Field Goal
1627759,2025-26,2,17,True,2PT Field Goal
1627759,2025-26,200,222,False,3PT Field Goal
1627759,2025-26,-116,288,True,3PT Field Goal
1627759,2025-26,-108,138,False,2PT Field Goal
1627759,2025-26,5,12,False,2PT Field Goal
1627759,2025-26,170,217,False,3PT Field Goal
1627759,2025-26,141,214,False,3PT Field Goal
1627759,2025-26,26,164,True,2PT Field Goal
1627759,2025-26,143,207,False,3PT Field Goal
1627759,2025-26,-140,149,False,2PT Field Goal
1627759,2025-26,-85,16,True,2PT Field Goal
1627759,2025-26,2,275,False,3PT Field Goal
1627759,2025-26,0,7,True,2PT Field Goal
1627759,2025-26,23,13,True,2PT Field Goal
1627759,2025-26,-61,268,True,3PT Field Goal
1627759,2025-26,44,8,True,2PT Field Goal
1627759,2025-26,75,153,False,2PT Field Goal
1627759,2025-26,-4,2,True,2PT Field Goal
1627759,2025-26,-56,132,True,2PT Field Goal
1627759,2025-26,-104,164,True,2PT Field Goal
1627759,2025-26,97,269,True,3PT Field Goal
1627759,2025-26,-121,100,False,2PT Field Goal
1627759,2025-26,21,6,True,2PT Field Goal
1627759,2025-26,-77,197,True,2PT Field Goal
1627759,2025-26,118,229,False,3PT Field Goal
1627759,2025-26,141,108,True,2PT Field Goal
1627759,2025-26,43,122,True,2PT Field Goal
1627759,2025-26,-17,182,True,2PT Field Goal
1627759,2025-26,-19,40,False,2PT Field Goal
1627759,2025-26,-10,-6,True,2PT Field Goal
1627759,2025-26,43,5,False,2PT Field Goal
1627759,2025-26,137,22,False,2PT Field Goal
1627759,2025-26,11,17,True,2PT Field Goal
1627759,2025-26,-67,44,True,2PT Field Goal
1627759,2025-26,12,31,True,2PT Field Goal
1627759,2025-26,110,237,False,3PT Field Goal
1627759,2025-26,-45,27,False,2PT Field Goal
1627759,2025-26,64,141,True,2PT Field Goal
1627759,2025-26,-53,147,False,2PT Field Goal
1627759,2025-26,-186,194,False,3PT Field Goal
1627759,2025-26,-148,199,True,3PT Field Goal
1627759,2025-26,110,248,True,3PT Field Goal
1627759,2025-26,-64,257,True,3PT Field Goal
1627759,2025-26,56,53,False,2PT Field Goal
1627759,2025-26,4,150,False,2PT Field Goal
1627759,2025-26,0,41,True,2PT Field Goal
1627759,2025-26,-18,27,True,2PT Field Goal
1627759,2025-26,92,158,False,2PT Field Goal
1627759,2025-26,56,92,True,2PT Field Goal
1627759,2025-26,-185,187,False,3PT Field Goal
1627759,2025-26,6,38,False,2PT Field Goal
1627759,2025-26,36,306,False,3PT Field Goal
1627759,2025-26,15,169,False,2PT Field Goal
1627759,2025-26,0,0,True,2PT Field Goal
1627759,2025-26,-233,5,True,3PT Field Goal
1627759,2025-26,7,93,True,2PT Field Goal
1627759,2025-26,127,106,False,2PT Field Goal
1627759,2025-26,42,108,True,2PT Field Goal
1627759,2025-26,-25,172,False,2PT Field Goal
1627759,2025-26,-7,0,True,2PT Field Goal
1627759,2025-26,-29,261,True,3PT Field Goal
1627759,2025-26,-135,163,False,2PT Field Goal
1627759,2025-26,212,64,False,2PT Field Goal
1627759,2025-26,77,256,True,3PT Field Goal
1627759,2025-26,-58,134,False,2PT Field Goal
1627759,2025-26,-20,15,True,2PT Field Goal
1627759,2025-26,9,86,False,2PT Field Goal
1627759,2025-26,167,195,False,3PT Field Goal
1627759,2025-26,4,63,False,2PT Field Goal
1627759,2025-26,-89,188,True,2PT Field Goal
1627759,2025-26,-6,158,False,2PT Field Goal
1627759,2025-26,47,2,False,2PT Field Goal
1627759,2025-26,21,159,False,2PT Field Goal
1627759,2025-26,-5,157,True,2PT Field Goal
1627759,2025-26,-37,20,True,2PT Field Goal
1627759,2025-26,126,233,False,3PT Field Goal
1627759,2025-26,-82,133,False,2PT Field Goal
1627759,2025-26,33,130,False,2PT Field Goal
1627759,2025-26,-15,166,True,2PT Field Goal
1627759,2025-26,55,131,False,2PT Field Goal
1627759,2025-26,6,35,True,2PT Field Goal
1627759,2025-26,44,15,True,2PT Field Goal
1627759,2025-26,78,90,False,2PT Field Goal
1627759,2025-26,-36,26,True,2PT Field Goal
1627759,2025-26,194,195,True,3PT Field Goal
1627759,2025-26,184,204,False,3PT Field Goal
1627759,2025-26,-94,114,False,2PT Field Goal
1627759,2025-26,18,27,True,2PT Field Goal
1627759,2025-26,158,216,True,3PT Field Goal
1627759,2025-26,132,19,False,2PT Field Goal
1627759,2025-26,-235,29,False,3PT Field Goal
1627759,2025-26,23,19,True,2PT Field Goal
1627759,2025-26,65,103,False,2PT Field Goal
1627759,2025-26,-25,72,True,2PT Field Goal
1627759,2025-26,42,258,True,3PT Field Goal
1627759,2025-26,56,111,True,2PT Field Goal
1627759,2025-26,-97,114,False,2PT Field Goal
1627759,2025-26,-131,234,False,3PT Field Goal
1627759,2025-26,-108,-5,False,2PT Field Goal
1627759,2025-26,43,1,False,2PT Field Goal
1627759,2025-26,-113,246,False,3PT Field Goal
1627759,2025-26,13,34,True,2PT Field Goal
1627759,2025-26,-53,11,True,2PT Field Goal
1627759,2025-26,-47,5,False,2PT Field Goal
1627759,2025-26,-110,256,False,3PT Field Goal
1627759,2025-26,-58,47,True,2PT Field Goal
1627759,2025-26,1,59,False,2PT Field Goal
1627759,2025-26,36,27,True,2PT Field Goal
1627759,2025-26,40,37,False,2PT Field Goal
1627759,2025-26,-39,16,True,2PT Field Goal
1627759,2025-26,-70,38,True,2PT Field Goal
1627759,2025-26,3,25,False,2PT Field Goal
1627759,2025-26,132,11,False,2PT Field Goal
1627759,2025-26,225,-5,True,3PT Field Goal
1627759,2025-26,-96,130,False,2PT Field Goal
1627759,2025-26,22,19,False,2PT Field Goal
1627759,2025-26,22,26,True,2PT Field Goal
1627759,2025-26,37,145,True,2PT Field Goal
1627759,2025-26,20,14,False,2PT Field Goal
1627759,2025-26,32,158,True,2PT Field Goal
1627759,2025-26,47,66,False,2PT Field Goal
1627759,2025-26,16,5,True,2PT Field Goal
1627759,2025-26,-55,126,False,2PT Field Goal
1627759,2025-26,6,124,True,2PT Field Goal
1627759,2025-26,23,119,True,2PT Field Goal
1627759,2025-26,-44,109,True,2PT Field Goal
1627759,2025-26,-163,53,True,2PT Field Goal
1627759,2025-26,175,-5,True,2PT Field Goal
1627759,2025-26,153,18,True,2PT Field Goal
1627759,2025-26,12,123,True,2PT Field Goal
1627759,2025-26,-10,170,False,2PT Field Goal
1627759,2025-26,45,268,True,3PT Field Goal
1627759,2025-26,-178,260,True,3PT Field Goal
1627759,2025-26,87,262,False,3PT Field Goal
1627759,2025-26,-159,52,True,2PT Field Goal
1627759,2025-26,2,9,True,2PT Field Goal
1627759,2025-26,17,6,True,2PT Field Goal
1627759,2025-26,82,171,False,2PT Field Goal
1627759,2025-26,7,10,True,2PT Field Goal
1627759,2025-26,98,169,True,2PT Field Goal
1627759,2025-26,136,237,False,3PT Field Goal
1627759,2025-26,50,55,False,2PT Field Goal
1627759,2025-26,-5,62,True,2PT Field Goal
1627759,2025-26,-153,201,False,3PT Field Goal
1627759,2025-26,-67,180,True,2PT Field Goal
1627759,2025-26,80,155,True,2PT Field Goal
1627759,2025-26,17,9,False,2PT Field Goal
1627759,2025-26,-59,137,True,2PT Field Goal
1627759,2025-26,4,-2,True,2PT Field Goal
1627759,2025-26,135,243,True,3PT Field Goal
1627759,2025-26,-16,7,True,2PT Field Goal
1627759,2025-26,-114,159,False,2PT Field Goal
1627759,2025-26,100,235,False,3PT Field Goal
1627759,2025-26,-152,92,False,2PT Field Goal
1627759,2025-26,-17,143,True,2PT Field Goal
1627759,2025-26,6,176,False,2PT Field Goal
1627759,2025-26,-83,268,True,3PT Field Goal
1627759,2025-26,-6,42,True,2PT Field Goal
1627759,2025-26,-109,48,False,2PT Field Goal
1627759,2025-26,197,161,False,3PT Field Goal
1627759,2025-26,98,262,False,3PT Field Goal
1627759,2025-26,5,92,False,2PT Field Goal
1627759,2025-26,59,25,True,2PT Field Goal
1627759,2025-26,-2,283,True,3PT Field Goal
1627759,2025-26,1,35,False,2PT Field Goal
1627759,2025-26,34,153,False,2PT Field Goal
1627759,2025-26,127,113,False,2PT Field Goal
1627759,2025-26,38,90,False,2PT Field Goal
1627759,2025-26,22,23,True,2PT Field Goal
1627759,2025-26,-105,157,True,2PT Field Goal
1627759,2025-26,-22,36,True,2PT Field Goal
1627759,2025-26,116,78,True,2PT Field Goal
1627759,2025-26,141,21,False,2PT Field Goal
1627759,2025-26,-85,142,True,2PT Field Goal
1627759,2025-26,-7,141,True,2PT Field Goal
1627759,2025-26,39,149,False,2PT Field Goal
1627759,2025-26,100,144,False,2PT Field Goal
1627759,2025-26,203,195,False,3PT Field Goal
1627759,2025-26,2,41,True,2PT Field Goal
1627759,2025-26,66,281,False,3PT Field Goal
1627759,2025-26,-29,70,False,2PT Field Goal
1627759,2025-26,-49,141,False,2PT Field Goal
1627759,2025-26,-163,252,False,3PT Field Goal
1627759,2025-26,-239,20,False,3PT Field Goal
1627759,2025-26,-21,33,True,2PT Field Goal
1627759,2025-26,-123,260,False,3PT Field Goal
1627759,2025-26,16,44,True,2PT Field Goal
1627759,2025-26,-42,41,True,2PT Field Goal
1627759,2025-26,28,45,True,2PT Field Goal
1627759,2025-26,136,224,False,3PT Field Goal
1627759,2025-26,40,51,True,2PT Field Goal
1627759,2025-26,-53,257,True,3PT Field Goal
1627759,2025-26,-12,50,True,2PT Field Goal
1627759,2025-26,-91,243,False,3PT Field Goal
1627759,2025-26,-45,56,False,2PT Field Goal
1627759,2025-26,0,0,False,2PT Field Goal
1627759,2025-26,39,50,True,2PT Field Goal
1627759,2025-26,74,114,True,2PT Field Goal
1627759,2025-26,-37,266,False,3PT Field Goal
1627759,2025-26,34,64,True,2PT Field Goal
1627759,2025-26,82,152,False,2PT Field Goal
1627759,2025-26,7,109,True,2PT Field Goal
1627759,2025-26,-167,1,True,2PT Field Goal
1627759,2025-26,-1,66,True,2PT Field Goal
1627759,2025-26,-190,171,True,3PT Field Goal
1627759,2025-26,-38,31,False,2PT Field Goal
1627759,2025-26,-4,105,True,2PT Field Goal
1627759,2025-26,230,35,False,3PT Field Goal
1627759,2025-26,225,90,True,3PT Field Goal
1627759,2025-26,-2,45,False,2PT Field Goal
1627759,2025-26,34,92,False,2PT Field Goal
1627759,2025-26,26,46,False,2PT Field Goal
1627759,2025-26,51,147,True,2PT Field Goal
1627759,2025-26,-22,97,True,2PT Field Goal
1627759,2025-26,37,134,True,2PT Field Goal
1627759,2025-26,-109,273,True,3PT Field Goal
1627759,2025-26,1,291,True,3PT Field Goal
1627759,2025-26,65,139,True,2PT Field Goal
1627759,2025-26,75,267,True,3PT Field Goal
1627759,2025-26,-124,293,False,3PT Field Goal
1627759,2025-26,-1,27,True,2PT Field Goal
1627759,2025-26,-230,29,True,3PT Field Goal
1627759,2025-26,-36,68,True,2PT Field Goal
1627759,2025-26,70,141,True,2PT Field Goal
1627759,2025-26,119,262,False,3PT Field Goal
1627759,2025-26,-110,247,False,3PT Field Goal
1627759,2025-26,-45,95,True,2PT Field Goal
1627759,2025-26,-81,176,False,2PT Field Goal
1627759,2025-26,-80,55,True,2PT Field Goal
1627759,2025-26,-17,150,False,2PT Field Goal
1627759,2025-26,54,36,False,2PT Field Goal
1627759,2025-26,132,56,False,2PT Field Goal
1627759,2025-26,17,108,False,2PT Field Goal
1627759,2025-26,23,56,False,2PT Field Goal
1627759,2025-26,-99,184,False,2PT Field Goal
1627759,2025-26,-88,26,False,2PT Field Goal
1627759,2025-26,89,141,False,2PT Field Goal
1627759,2025-26,-239,58,False,3PT Field Goal
1627759,2025-26,67,145,True,2PT Field Goal
1627759,2025-26,59,197,False,2PT Field Goal
1627759,2025-26,34,117,True,2PT Field Goal
1627759,2025-26,230,74,False,3PT Field Goal
1627759,2025-26,-42,63,False,2PT Field Goal
1627759,2025-26,-230,65,False,3PT Field Goal
1627759,2025-26,-165,204,False,3PT Field Goal
1627759,2025-26,-1,12,True,2PT Field Goal
1627759,2025-26,-67,254,False,3PT Field Goal
1627759,2025-26,70,26,True,2PT Field Goal
1627759,2025-26,70,144,False,2PT Field Goal
1627759,2025-26,-178,194,True,3PT Field Goal
1627759,2025-26,61,172,False,2PT Field Goal
1627759,2025-26,33,17,False,2PT Field Goal
1627759,2025-26,-109,246,True,3PT Field Goal
1627759,2025-26,60,185,False,2PT Field Goal
1627759,2025-26,-58,262,False,3PT Field Goal
1627759,2025-26,-4,-2,True,2PT Field Goal
1627759,2025-26,23,21,False,2PT Field Goal
1627759,2025-26,-82,246,True,3PT Field Goal
1627759,2025-26,-44,2,True,2PT Field Goal
1627759,2025-26,-184,176,True,3PT Field Goal
1627759,2025-26,-159,192,False,3PT Field Goal
1627759,2025-26,65,98,True,2PT Field Goal
1627759,2025-26,-126,111,False,2PT Field Goal
1627759,2025-26,96,138,False,2PT Field Goal
1627759,2025-26,7,171,False,2PT Field Goal
1627759,2025-26,44,25,True,2PT Field Goal
1627759,2025-26,-31,140,True,2PT Field Goal
1627759,2025-26,34,42,False,2PT Field Goal
1627759,2025-26,-25,6,True,2PT Field Goal
1627759,2025-26,7,117,False,2PT Field Goal
1627759,2025-26,25,10,False,2PT Field Goal
1627759,2025-26,-36,183,False,2PT Field Goal
1627759,2025-26,-12,25,True,2PT Field Goal
1627759,2025-26,49,18,True,2PT Field Goal
1627759,2025-26,76,25,False,2PT Field Goal
1627759,2025-26,0,101,True,2PT Field Goal
1627759,2025-26,11,155,False,2PT Field Goal
1627759,2025-26,-44,64,True,2PT Field Goal
1627759,2025-26,47,26,False,2PT Field Goal
1627759,2025-26,121,223,True,3PT Field Goal
1627759,2025-26,6,6,True,2PT Field Goal
1627759,2025-26,-27,6,True,2PT Field Goal
1627759,2025-26,-25,3,True,2PT Field Goal
1627759,2025-26,-170,188,False,3PT Field Goal
1627759,2025-26,9,51,False,2PT Field Goal
1627759,2025-26,-1,268,True,3PT Field Goal
1627759,2025-26,70,95,False,2PT Field Goal
1627759,2025-26,75,29,False,2PT Field Goal
1627759,2025-26,-75,136,False,2PT Field Goal
1627759,2025-26,51,70,False,2PT Field Goal
1627759,2025-26,34,67,False,2PT Field Goal
1627759,2025-26,225,16,False,3PT Field Goal
1627759,2025-26,-11,15,True,2PT Field Goal
1627759,2025-26,6,28,False,2PT Field Goal
1627759,2025-26,-15,16,True,2PT Field Goal
1627759,2025-26,61,125,True,2PT Field Goal
1627759,2025-26,-153,132,False,2PT Field Goal
1627759,2025-26,59,43,True,2PT Field Goal
1627759,2025-26,20,12,True,2PT Field Goal
1627759,2025-26,-53,273,False,3PT Field Goal
1627759,2025-26,-172,232,True,3PT Field Goal
1627759,2025-26,154,248,True,3PT Field Goal
1627759,2025-26,34,134,False,2PT Field Goal
1627759,2025-26,-5,121,False,2PT Field Goal
1627759,2025-26,-12,89,True,2PT Field Goal
1627759,2025-26,232,52,True,3PT Field Goal
1627759,2025-26,-16,148,False,2PT Field Goal
1627759,2025-26,38,126,True,2PT Field Goal
1627759,2025-26,32,17,False,2PT Field Goal
1627759,2025-26,-72,140,False,2PT Field Goal
1627759,2025-26,167,235,True,3PT Field Goal
1627759,2025-26,-20,5,False,2PT Field Goal
1627759,2025-26,-132,232,True,3PT Field Goal
1627759,2025-26,184,193,False,3PT Field Goal
1627759,2025-26,197,199,False,3PT Field Goal
1627759,2025-26,33,35,False,2PT Field Goal
1627759,2025-26,-36,103,False,2PT Field Goal
1627759,2025-26,91,22,False,2PT Field Goal
1627759,2025-26,-135,232,False,3PT Field Goal
1627759,2025-26,-143,26,False,2PT Field Goal
1627759,2025-26,-39,-5,True,2PT Field Goal
1627759,2025-26,156,230,False,3PT Field Goal
1627759,2025-26,-135,231,False,3PT Field Goal
1627759,2025-26,-233,21,False,3PT Field Goal
1627759,2025-26,119,159,False,2PT Field Goal
1627759,2025-26,-39,301,True,3PT Field Goal
1627759,2025-26,110,243,False,3PT Field Goal
1627759,2025-26,-69,131,True,2PT Field Goal
1627759,2025-26,49,17,False,2PT Field Goal
1627759,2025-26,-47,133,False,2PT Field Goal
1627759,2025-26,91,23,True,2PT Field Goal
1627759,2025-26,25,88,False,2PT Field Goal
1627759,2025-26,102,239,False,3PT Field Goal
1627759,2025-26,127,6,True,2PT Field Goal
1627759,2025-26,132,208,False,3PT Field Goal
1627759,2025-26,-34,14,True,2PT Field Goal
1627759,2025-26,-82,161,False,2PT Field Goal
1627759,2025-26,42,32,True,2PT Field Goal
1627759,2025-26,-47,111,True,2PT Field Goal
1627759,2025-26,-25,79,False,2PT Field Goal
1627759,2025-26,49,99,False,2PT Field Goal
1627759,2025-26,-98,239,False,3PT Field Goal
1627759,2025-26,-180,171,True,3PT Field Goal
1627759,2025-26,-106,119,False,2PT Field Goal
1627759,2025-26,-15,48,True,2PT Field Goal
1627759,2025-26,-29,66,False,2PT Field Goal
1627759,2025-26,-10,92,False,2PT Field Goal
1627759,2025-26,123,59,False,2PT Field Goal
1627759,2025-26,10,40,False,2PT Field Goal
1627759,2025-26,18,243,False,3PT Field Goal
1627759,2025-26,-156,187,False,3PT Field Goal
1627759,2025-26,0,19,True,2PT Field Goal
1627759,2025-26,39,122,False,2PT Field Goal
1627759,2025-26,13,1,True,2PT Field Goal
1627759,2025-26,-20,100,True,2PT Field Goal
1627759,2025-26,-116,3,False,2PT Field Goal
1627759,2025-26,60,146,True,2PT Field Goal
1627759,2025-26,-12,245,True,3PT Field Goal
1627759,2025-26,17,1,True,2PT Field Goal
1627759,2025-26,104,121,False,2PT Field Goal
1627759,2025-26,16,163,False,2PT Field Goal
1627759,2025-26,-34,-1,True,2PT Field Goal
1627759,2025-26,2,17,True,2PT Field Goal
1627759,2025-26,-42,98,True,2PT Field Goal
1627759,2025-26,162,205,False,3PT Field Goal
1627759,2025-26,0,6,True,2PT Field Goal
1627759,2025-26,10,354,True,3PT Field Goal
1627759,2025-26,-37,258,False,3PT Field Goal
1627759,2025-26,-33,202,False,2PT Field Goal
1627759,2025-26,-12,20,False,2PT Field Goal
1627759,2025-26,-235,81,False,3PT Field Goal
1627759,2025-26,1,16,True,2PT Field Goal
1627759,2025-26,-138,230,False,3PT Field Goal
1627759,2025-26,11,21,False,2PT Field Goal
1627759,2025-26,6,18,True,2PT Field Goal
1627759,2025-26,-110,34,True,2PT Field Goal
1627759,2025-26,18,268,False,3PT Field Goal
1627759,2025-26,27,24,True,2PT Field Goal
1627759,2025-26,-135,92,False,2PT Field Goal
1627759,2025-26,-32,29,False,2PT Field Goal
1627759,2025-26,53,11,True,2PT Field Goal
1627759,2025-26,-62,14,False,2PT Field Goal
1627759,2025-26,0,0,False,2PT Field Goal
1627759,2025-26,-161,197,False,3PT Field Goal
1627759,2025-26,54,31,False,2PT Field Goal
1627759,2025-26,-121,117,True,2PT Field Goal
1627759,2025-26,-47,3,True,2PT Field Goal
1627759,2025-26,-82,38,False,2PT Field Goal
1627759,2025-26,67,34,False,2PT Field Goal
1627759,2025-26,9,-8,True,2PT Field Goal
1627759,2025-26,22,164,True,2PT Field Goal
1627759,2025-26,76,36,True,2PT Field Goal
1627759,2025-26,6,26,True,2PT Field Goal
1627759,2025-26,-135,223,True,3PT Field Goal
1627759,2025-26,-17,151,False,2PT Field Goal
1627759,2025-26,65,146,False,2PT Field Goal
1627759,2025-26,18,17,True,2PT Field Goal
1627759,2025-26,-32,8,False,2PT Field Goal
1627759,2025-26,-62,48,True,2PT Field Goal
1627759,2025-26,5,261,False,3PT Field Goal
1627759,2025-26,-1,142,False,2PT Field Goal
1627759,2025-26,-99,58,False,2PT Field Goal
1627759,2025-26,0,96,True,2PT Field Goal
1627759,2025-26,-126,213,True,3PT Field Goal
1627759,2025-26,-124,222,False,3PT Field Goal
1627759,2025-26,12,85,False,2PT Field Goal
1627759,2025-26,-105,78,False,2PT Field Goal
1627759,2025-26,-15,183,False,2PT Field Goal
1627759,2025-26,62,78,False,2PT Field Goal
1627759,2025-26,10,92,False,2PT Field Goal
1627759,2025-26,12,252,True,3PT Field Goal
1627759,2025-26,0,16,True,2PT Field Goal
1627759,2025-26,-20,259,True,3PT Field Goal
1627759,2025-26,36,20,False,2PT Field Goal
1627759,2025-26,-1,120,False,2PT Field Goal
1627759,2025-26,-173,183,False,3PT Field Goal
1627759,2025-26,-36,60,True,2PT Field Goal
1627759,2025-26,18,11,True,2PT Field Goal
1627759,2025-26,23,17,False,2PT Field Goal
1627759,2025-26,107,241,True,3PT Field Goal
1627759,2025-26,16,262,False,3PT Field Goal
1627759,2025-26,-11,5,False,2PT Field Goal
1627759,2025-26,-158,199,False,3PT Field Goal
1627759,2025-26,-123,225,False,3PT Field Goal
1627759,2025-26,-13,16,True,2PT Field Goal
1627759,2025-26,86,125,False,2PT Field Goal
1627759,2025-26,-196,175,True,3PT Field Goal
1627759,2025-26,-119,2,True,2PT Field Goal
1627759,2025-26,10,5,True,2PT Field Goal
1627759,2025-26,-15,275,False,3PT Field Goal
1627759,2025-26,-4,6,True,2PT Field Goal
1627759,2025-26,-11,146,False,2PT Field Goal
1627759,2025-26,151,211,False,3PT Field Goal
1627759,2025-26,80,241,False,3PT Field Goal
1627759,2025-26,4,152,True,2PT Field Goal
1627759,2025-26,1,92,True,2PT Field Goal
1627759,2025-26,11,121,True,2PT Field Goal
1627759,2025-26,-13,49,False,2PT Field Goal
1627759,2025-26,97,2,False,2PT Field Goal
1627759,2025-26,-25,89,True,2PT Field Goal
1627759,2025-26,-33,58,False,2PT Field Goal
1627759,2025-26,4,17,False,2PT Field Goal
1627759,2025-26,229,9,True,3PT Field Goal
1627759,2025-26,-5,13,True,2PT Field Goal
1627759,2025-26,-7,82,False,2PT Field Goal
1627759,2025-26,-5,98,True,2PT Field Goal
1627759,2025-26,181,193,False,3PT Field Goal
1627759,2025-26,64,251,False,3PT Field Goal
1627759,2025-26,-17,17,True,2PT Field Goal
1627759,2025-26,142,229,False,3PT Field Goal
1627759,2025-26,10,108,False,2PT Field Goal
1627759,2025-26,-22,-4,True,2PT Field Goal
1627759,2025-26,-4,57,False,2PT Field Goal
1627759,2025-26,-9,4,True,2PT Field Goal
1627759,2025-26,-47,139,True,2PT Field Goal
1627759,2025-26,-69,259,True,3PT Field Goal
1627759,2025-26,1,4,True,2PT Field Goal
1627759,2025-26,-96,241,False,3PT Field Goal
1627759,2025-26,-17,168,False,2PT Field Goal
1627759,2025-26,-76,128,True,2PT Field Goal
1627759,2025-26,65,36,False,2PT Field Goal
1627759,2025-26,-74,134,True,2PT Field Goal
1627759,2025-26,118,245,False,3PT Field Goal
1627759,2025-26,65,63,False,2PT Field Goal
1627759,2025-26,-80,150,False,2PT Field Goal
1627759,2025-26,37,101,True,2PT Field Goal
1627759,2025-26,127,164,False,2PT Field Goal
1627759,2025-26,-37,5,True,2PT Field Goal
1627759,2025-26,-32,156,True,2PT Field Goal
1627759,2025-26,-11,66,False,2PT Field Goal
1627759,2025-26,131,161,False,2PT Field Goal
1627759,2025-26,104,174,False,2PT Field Goal
1627759,2025-26,22,176,True,2PT Field Goal
1627759,2025-26,-67,288,False,3PT Field Goal
1627759,2025-26,32,27,False,2PT Field Goal
1627759,2025-26,-118,232,False,3PT Field Goal
1627759,2025-26,59,277,False,3PT Field Goal
1627759,2025-26,36,11,True,2PT Field Goal
1627759,2025-26,-26,34,True,2PT Field Goal
1627759,2025-26,-62,15,False,2PT Field Goal
1627759,2025-26,21,11,False,2PT Field Goal
1627759,2025-26,104,163,False,2PT Field Goal
1627759,2025-26,-17,26,False,2PT Field Goal
1627759,2025-26,-148,55,True,2PT Field Goal
1627759,2025-26,0,6,True,2PT Field Goal
1627759,2025-26,-96,234,False,3PT Field Goal
1627759,2025-26,65,151,True,2PT Field Goal
1627759,2025-26,11,257,False,3PT Field Goal
1627759,2025-26,31,16,True,2PT Field Goal
1627759,2025-26,34,9,True,2PT Field Goal
1627759,2025-26,89,145,True,2PT Field Goal
1627759,2025-26,225,157,False,3PT Field Goal
1627759,2025-26,221,7,True,3PT Field Goal
1627759,2025-26,-83,122,False,2PT Field Goal
1627759,2025-26,-147,238,False,3PT Field Goal
1627759,2025-26,51,148,True,2PT Field Goal
1627759,2025-26,11,7,True,2PT Field Goal
1627759,2025-26,-113,5,True,2PT Field Goal
1627759,2025-26,107,132,True,2PT Field Goal
1627759,2025-26,72,83,True,2PT Field Goal
1627759,2025-26,-1,279,True,3PT Field Goal
1627759,2025-26,37,152,False,2PT Field Goal
1627759,2025-26,39,55,True,2PT Field Goal
1627759,2025-26,10,157,False,2PT Field Goal
1627759,2025-26,137,30,False,2PT Field Goal
1627759,2025-26,54,29,False,2PT Field Goal
1627759,2025-26,-37,14,True,2PT Field Goal
1627759,2025-26,208,198,True,3PT Field Goal
1627759,2025-26,-48,82,False,2PT Field Goal
1627759,2025-26,-23,29,True,2PT Field Goal
1627759,2025-26,-229,22,True,3PT Field Goal
1627759,2025-26,-12,11,True,2PT Field Goal
1627759,2025-26,-108,79,True,2PT Field Goal
1627759,2025-26,-191,3,False,2PT Field Goal
1627759,2025-26,47,73,False,2PT Field Goal
1627759,2025-26,76,27,False,2PT Field Goal
1627759,2025-26,0,0,True,2PT Field Goal
1627759,2025-26,-145,241,True,3PT Field Goal
1627759,2025-26,-202,170,True,3PT Field Goal
1627759,2025-26,15,40,False,2PT Field Goal
1627759,2025-26,3,129,True,2PT Field Goal
1627759,2025-26,-200,174,False,3PT Field Goal
1627759,2025-26,-90,118,True,2PT Field Goal
1627759,2025-26,-108,130,False,2PT Field Goal
1627759,2025-26,77,168,False,2PT Field Goal
1627759,2025-26,-39,20,False,2PT Field Goal
1627759,2025-26,4,86,True,2PT Field Goal
1627759,2025-26,2,17,True,2PT Field Goal
1627759,2025-26,-46,86,True,2PT Field Goal
1627759,2025-26,12,20,True,2PT Field Goal
1627759,2025-26,27,22,False,2PT Field Goal
1627759,2025-26,2,165,False,2PT Field Goal
1627759,2025-26,-66,158,False,2PT Field Goal
1627759,2025-26,94,111,False,2PT Field Goal
1627759,2025-26,23,17,True,2PT Field Goal
1627759,2025-26,239,21,False,3PT Field Goal
1627759,2025-26,27,26,True,2PT Field Goal
1627759,2025-26,-54,98,True,2PT Field Goal
1627759,2025-26,9,84,True,2PT Field Goal
1627759,2025-26,-159,236,False,3PT Field Goal
1627759,2025-26,-43,27,False,2PT Field Goal
1627759,2025-26,141,220,False,3PT Field Goal
1627759,2025-26,-75,155,False,2PT Field Goal
1627759,2025-26,86,249,False,3PT Field Goal
1627759,2025-26,-42,146,False,2PT Field Goal
1627759,2025-26,38,11,True,2PT Field Goal
1627759,2025-26,2,11,True,2PT Field Goal
1627759,2025-26,-50,147,True,2PT Field Goal
1627759,2025-26,-21,29,False,2PT Field Goal
1627759,2025-26,-29,17,True,2PT Field Goal
1627759,2025-26,-6,110,False,2PT Field Goal
1627759,2025-26,47,13,True,2PT Field Goal
1627759,2025-26,-56,272,False,3PT Field Goal
1627759,2025-26,0,4,True,2PT Field Goal
1627759,2025-26,53,10,False,2PT Field Goal
1627759,2025-26,29,50,True,2PT Field Goal
1627759,2025-26,-27,148,True,2PT Field Goal
1627759,2025-26,61,61,False,2PT Field Goal
1627759,2025-26,-31,263,False,3PT Field Goal
1627759,2025-26,91,268,True,3PT Field Goal
1627759,2025-26,-98,247,False,3PT Field Goal
1627759,2025-26,-13,69,False,2PT Field Goal
1627759,2025-26,-16,127,True,2PT Field Goal
1627759,2025-26,118,240,False,3PT Field Goal
1627759,2025-26,59,43,True,2PT Field Goal
1627759,2025-26,40,115,False,2PT Field Goal
1627759,2025-26,10,8,True,2PT Field Goal
1627759,2025-26,86,162,False,2PT Field Goal
1627759,2025-26,-39,54,True,2PT Field Goal
1627759,2025-26,-13,94,True,2PT Field Goal
1627759,2025-26,4,11,True,2PT Field Goal
1627759,2025-26,-49,102,False,2PT Field Goal
1627759,2025-26,10,12,True,2PT Field Goal
1627759,2025-26,-61,90,False,2PT Field Goal
1627759,2025-26,-65,41,False,2PT Field Goal
1627759,2025-26,5,13,True,2PT Field Goal
1627759,2025-26,6,57,True,2PT Field Goal
1627759,2025-26,83,132,True,2PT Field Goal
1627759,2025-26,-10,252,False,3PT Field Goal
1627759,2025-26,-228,68,False,3PT Field Goal
1627759,2025-26,-16,11,True,2PT Field Goal
1627759,2025-26,-34,15,True,2PT Field Goal
1627759,2025-26,78,150,False,2PT Field Goal
1627759,2025-26,26,0,False,2PT Field Goal
1627759,2025-26,34,13,True,2PT Field Goal
1627759,2025-26,1,56,False,2PT Field Goal
1627759,2025-26,56,126,False,2PT Field Goal
1627759,2025-26,-49,246,False,3PT Field Goal
1627759,2025-26,-7,63,False,2PT Field Goal
1627759,2025-26,202,143,False,3PT Field Goal
1627759,2025-26,-86,142,True,2PT Field Goal
1627759,2025-26,42,34,False,2PT Field Goal
1627759,2025-26,15,264,True,3PT Field Goal
1627759,2025-26,-190,168,True,3PT Field Goal
1627759,2025-26,207,137,False,3PT Field Goal
1627759,2025-26,20,48,False,2PT Field Goal
1627759,2025-26,33,141,True,2PT Field Goal
1627759,2025-26,-125,236,False,3PT Field Goal
1627759,2025-26,-33,3,True,2PT Field Goal
1627759,2025-26,26,22,True,2PT Field Goal
1627759,2025-26,145,216,False,3PT Field Goal
1627759,2025-26,36,12,False,2PT Field Goal
1627759,2025-26,-21,21,True,2PT Field Goal
1627759,2025-26,6,136,True,2PT Field Goal
1627759,2025-26,190,180,False,3PT Field Goal
1627759,2025-26,13,62,True,2PT Field Goal
1627759,2025-26,-72,83,False,2PT Field Goal
1627759,2025-26,-179,179,False,3PT Field Goal
1627759,2025-26,-228,60,False,3PT Field Goal
1627759,2025-26,140,204,False,3PT Field Goal
1627759,2025-26,1,11,True,2PT Field Goal
1627759,2025-26,-47,67,False,2PT Field Goal
1627759,2025-26,-25,17,True,2PT Field Goal
1627759,2025-26,21,248,False,3PT Field Goal
1627759,2025-26,-10,45,True,2PT Field Goal
1627759,2025-26,-17,9,True,2PT Field Goal
1627759,2025-26,-152,211,False,3PT Field Goal
1627759,2025-26,9,126,False,2PT Field Goal
1627759,2025-26,12,267,False,3PT Field Goal
1627759,2025-26,0,55,False,2PT Field Goal
1627759,2025-26,15,10,True,2PT Field Goal
1627759,2025-26,20,9,False,2PT Field Goal
1627759,2025-26,-15,10,True,2PT Field Goal
1627759,2025-26,33,10,True,2PT Field Goal
1627759,2025-26,13,8,True,2PT Field Goal
1627759,2025-26,36,29,True,2PT Field Goal
1627759,2025-26,108,73,False,2PT Field Goal
1627759,2025-26,69,27,True,2PT Field Goal
1627759,2025-26,94,232,False,3PT Field Goal
1627759,2025-26,-98,155,False,2PT Field Goal
1627759,2025-26,-93,107,False,2PT Field Goal
1627759,2025-26,15,13,True,2PT Field Goal
1627759,2025-26,-11,23,False,2PT Field Goal
1627759,2025-26,0,6,True,2PT Field Goal
1627759,2025-26,140,26,True,2PT Field Goal
1627759,2025-26,2,5,False,2PT Field Goal
1627759,2025-26,-66,97,False,2PT Field Goal
1627759,2025-26,-6,73,False,2PT Field Goal
1627759,2025-26,-246,44,False,3PT Field Goal
1627759,2025-26,-33,31,False,2PT Field Goal
1627759,2025-26,61,157,False,2PT Field Goal
1627759,2025-26,-17,276,True,3PT Field Goal
1627759,2025-26,13,94,False,2PT Field Goal
1627759,2025-26,232,35,False,3PT Field Goal
1627759,2025-26,-5,38,True,2PT Field Goal
1627759,2025-26,-10,50,False,2PT Field Goal
1627759,2025-26,62,140,True,2PT Field Goal
1627759,2025-26,6,23,False,2PT Field Goal
1627759,2025-26,126,240,False,3PT Field Goal
1627759,2025-26,-45,264,True,3PT Field Goal
1627759,2025-26,-159,219,False,3PT Field Goal
1627759,2025-26,77,125,True,2PT Field Goal
1627759,2025-26,110,116,False,2PT Field Goal
1627759,2025-26,-4,13,True,2PT Field Goal
1627759,2025-26,-59,262,True,3PT Field Goal
1627759,2025-26,244,-15,False,3PT Field Goal
1627759,2025-26,134,219,False,3PT Field Goal
1627759,2025-26,-76,45,True,2PT Field Goal
1627759,2025-26,-13,29,True,2PT Field Goal
1627759,2025-26,87,247,False,3PT Field Goal
1627759,2025-26,21,13,True,2PT Field Goal
1627759,2025-26,54,27,False,2PT Field Goal
1627759,2025-26,-131,227,True,3PT Field Goal
1627759,2025-26,87,134,False,2PT Field Goal
1627759,2025-26,-22,30,False,2PT Field Goal
1627759,2025-26,136,121,False,2PT Field Goal
1627759,2025-26,-22,25,False,2PT Field Goal
1627759,2025-26,33,103,True,2PT Field Goal
1627759,2025-26,69,180,False,2PT Field Goal
1627759,2025-26,65,163,True,2PT Field Goal
1627759,2025-26,159,212,False,3PT Field Goal
1627759,2025-26,-103,132,True,2PT Field Goal
1627759,2025-26,-17,50,False,2PT Field Goal
1627759,2025-26,189,175,False,3PT Field Goal
1627759,2025-26,-65,90,False,2PT Field Goal
1627759,2025-26,6,68,False,2PT Field Goal
1627759,2025-26,124,227,False,3PT Field Goal
1627759,2025-26,125,111,False,2PT Field Goal
1627759,2025-26,-22,11,False,2PT Field Goal
1627759,2025-26,-36,25,True,2PT Field Goal
1627759,2025-26,162,201,True,3PT Field Goal
1627759,2025-26,70,22,True,2PT Field Goal
1627759,2025-26,-82,252,True,3PT Field Goal
1627759,2025-26,-119,226,True,3PT Field Goal
1627759,2025-26,-141,16,True,2PT Field Goal
1627759,2025-26,-72,42,True,2PT Field Goal
1627759,2025-26,67,49,False,2PT Field Goal
1627759,2025-26,-9,5,True,2PT Field Goal
1627759,2025-26,-147,199,True,3PT Field Goal
1627759,2025-26,-191,186,False,3PT Field Goal
1627759,2025-26,-4,16,True,2PT Field Goal
1627759,2025-26,33,10,False,2PT Field Goal
1627759,2025-26,64,194,False,2PT Field Goal
1627759,2025-26,17,47,True,2PT Field Goal
1627759,2025-26,-36,7,True,2PT Field Goal
1627759,2025-26,-40,214,True,2PT Field Goal
1627759,2025-26,-77,252,True,3PT Field Goal
1627759,2025-26,116,267,False,3PT Field Goal
1627759,2025-26,5,-6,True,2PT Field Goal
1627759,2025-26,-29,-8,True,2PT Field Goal
1627759,2025-26,45,126,True,2PT Field Goal
1627759,2025-26,17,13,False,2PT Field Goal
1627759,2025-26,159,221,False,3PT Field Goal
1627759,2025-26,98,234,True,3PT Field Goal
1627759,2025-26,-118,156,False,2PT Field Goal
1627759,2025-26,-202,158,False,3PT Field Goal
1627759,2025-26,40,78,False,2PT Field Goal
1627759,2025-26,72,103,False,2PT Field Goal
1627759,2025-26,66,22,False,2PT Field Goal
1627759,2025-26,120,229,False,3PT Field Goal
1627759,2025-26,-54,17,True,2PT Field Goal
1627759,2025-26,-153,206,True,3PT Field Goal
1627759,2025-26,-36,-2,False,2PT Field Goal
1627759,2025-26,-27,9,False,2PT Field Goal
1627759,2025-26,-5,9,True,2PT Field Goal
1627759,2025-26,-37,8,True,2PT Field Goal
1627759,2025-26,-64,27,False,2PT Field Goal
1627759,2025-26,-45,251,False,3PT Field Goal
1627759,2025-26,-39,27,True,2PT Field Goal
1627759,2025-26,58,285,False,3PT Field Goal
1627759,2025-26,59,6,False,2PT Field Goal
1627759,2025-26,-21,10,False,2PT Field Goal
1627759,2025-26,-12,38,False,2PT Field Goal
1627759,2025-26,48,2,True,2PT Field Goal
1627759,2025-26,-44,38,True,2PT Field Goal
1627759,2025-26,-12,169,False,2PT Field Goal
1627759,2025-26,208,194,True,3PT Field Goal
1627759,2025-26,229,12,False,3PT Field Goal
1627759,2025-26,-154,252,False,3PT Field Goal
1627759,2025-26,85,148,False,2PT Field Goal
1627759,2025-26,-28,280,False,3PT Field Goal
1627759,2025-26,-23,22,True,2PT Field Goal
1627759,2025-26,-18,23,True,2PT Field Goal
1627759,2025-26,18,134,False,2PT Field Goal
1627759,2025-26,11,5,True,2PT Field Goal
1627759,2025-26,5,6,True,2PT Field Goal
1627759,2025-26,-27,6,True,2PT Field Goal
1627759,2025-26,15,4,True,2PT Field Goal
1627759,2025-26,39,80,False,2PT Field Goal
1627759,2025-26,-154,206,True,3PT Field Goal
1627759,2025-26,1,13,True,2PT Field Goal
1627759,2025-26,-23,3,False,2PT Field Goal
1627759,2025-26,-7,159,False,2PT Field Goal
1627759,2025-26,-78,164,False,2PT Field Goal
1627759,2025-26,51,140,False,2PT Field Goal
1627759,2025-26,59,152,True,2PT Field Goal
1627759,2025-26,0,79,False,2PT Field Goal
1627759,2025-26,-229,58,True,3PT Field Goal
1627759,2025-26,-25,257,False,3PT Field Goal
1627759,2025-26,-1,14,False,2PT Field Goal
1627759,2025-26,-163,4,False,2PT Field Goal
1627759,2025-26,-85,159,True,2PT Field Goal
1627759,2025-26,-100,155,True,2PT Field Goal
1627759,2025-26,-7,112,True,2PT Field Goal
1627759,2025-26,20,60,False,2PT Field Goal
1627759,2025-26,-121,139,True,2PT Field Goal
1627759,2025-26,-43,17,True,2PT Field Goal
1627759,2025-26,-118,326,False,3PT Field Goal
1627759,2025-26,-72,206,False,2PT Field Goal
1627759,2025-26,47,185,False,2PT Field Goal
1627759,2025-26,-99,136,False,2PT Field Goal
1627759,2025-26,25,22,True,2PT Field Goal
1627759,2025-26,-56,193,True,2PT Field Goal
1627759,2025-26,25,9,False,2PT Field Goal
1627759,2025-26,-25,1,True,2PT Field Goal
1627759,2025-26,126,115,True,2PT Field Goal
1627759,2025-26,4,15,False,2PT Field Goal
1627759,2025-26,161,8,False,2PT Field Goal
1627759,2025-26,118,115,False,2PT Field Goal
1627759,2025-26,0,20,True,2PT Field Goal
1627759,2025-26,25,130,False,2PT Field Goal
1627759,2025-26,-96,154,False,2PT Field Goal
1627759,2025-26,175,12,False,2PT Field Goal
1627759,2025-26,-11,10,True,2PT Field Goal
1627759,2025-26,10,10,True,2PT Field Goal
1627759,2025-26,25,11,False,2PT Field Goal
1627759,2025-26,0,6,True,2PT Field Goal
1627759,2025-26,-161,215,False,3PT Field Goal
1627759,2025-26,-39,134,True,2PT Field Goal
1627759,2025-26,15,253,False,3PT Field Goal
1627759,2025-26,4,26,False,2PT Field Goal
1627759,2025-26,81,126,True,2PT Field Goal
1627759,2025-26,-87,241,True,3PT Field Goal
1627759,2025-26,-13,-6,True,2PT Field Goal
1627759,2025-26,53,130,False,2PT Field Goal
1627759,2025-26,-9,5,True,2PT Field Goal
1627759,2025-26,6,111,False,2PT Field Goal
1627759,2025-26,-154,208,False,3PT Field Goal
1627759,2025-26,18,-1,False,2PT Field Goal
1627759,2025-26,13,34,False,2PT Field Goal
1627759,2025-26,88,129,False,2PT Field Goal
1627759,2025-26,-47,189,True,2PT Field Goal
1627759,2025-26,11,32,False,2PT Field Goal
1627759,2025-26,-37,34,True,2PT Field Goal
1627759,2025-26,-185,211,False,3PT Field Goal
1627759,2025-26,-89,270,False,3PT Field Goal
1627759,2025-26,27,28,True,2PT Field Goal
1627759,2025-26,-6,81,True,2PT Field Goal
1627759,2025-26,-136,243,False,3PT Field Goal
1627759,2025-26,98,138,True,2PT Field Goal
1627759,2025-26,-225,100,False,3PT Field Goal
1627759,2025-26,21,10,True,2PT Field Goal
1627759,2025-26,-134,222,False,3PT Field Goal
1627759,2025-26,69,36,True,2PT Field Goal
1627759,2025-26,125,58,False,2PT Field Goal
1627759,2025-26,-146,226,False,3PT Field Goal
1627759,2025-26,55,31,False,2PT Field Goal
1627759,2025-26,47,113,False,2PT Field Goal
1627759,2025-26,2,7,True,2PT Field Goal
1627759,2025-26,-86,179,False,2PT Field Goal
1627759,2025-26,228,42,True,3PT Field Goal
1627759,2025-26,227,75,True,3PT Field Goal
1627759,2025-26,58,13,True,2PT Field Goal
1627759,2025-26,115,15,False,2PT Field Goal
1627759,2025-26,-134,73,False,2PT Field Goal
1627759,2025-26,6,0,True,2PT Field Goal
1627759,2025-26,37,71,True,2PT Field Goal
1627759,2025-26,-9,20,False,2PT Field Goal
1627759,2025-26,-48,9,False,2PT Field Goal
1627759,2025-26,130,127,True,2PT Field Goal
1627759,2025-26,25,9,True,2PT Field Goal
1627759,2025-26,131,253,False,3PT Field Goal
1627759,2025-26,-157,205,False,3PT Field Goal
1627759,2025-26,-7,3,True,2PT Field Goal
1627759,2025-26,-53,64,True,2PT Field Goal
1627759,2025-26,18,159,True,2PT Field Goal
1627759,2025-26,-43,99,False,2PT Field Goal
1627759,2025-26,-2,5,True,2PT Field Goal
1627759,2025-26,-93,227,True,3PT Field Goal
1627759,2025-26,74,88,True,2PT Field Goal
1627759,2025-26,-7,16,True,2PT Field Goal
1627759,2025-26,-22,8,True,2PT Field Goal
1627759,2025-26,-64,152,True,2PT Field Goal
1627759,2025-26,0,104,True,2PT Field Goal
1627759,2025-26,-234,69,False,3PT Field Goal
1627759,2025-26,51,199,False,2PT Field Goal
1627759,2025-26,-173,180,False,3PT Field Goal
1627759,2025-26,-55,29,False,2PT Field Goal
1627759,2025-26,113,32,False,2PT Field Goal
1627759,2025-26,-27,130,True,2PT Field Goal
1627759,2025-26,-28,80,True,2PT Field Goal
1627759,2025-26,-25,155,False,2PT Field Goal
1627759,2025-26,-48,42,False,2PT Field Goal
1627759,2025-26,230,37,False,3PT Field Goal
1627759,2025-26,-40,56,True,2PT Field Goal
1627759,2025-26,-1,54,False,2PT Field Goal
1627759,2025-26,-6,43,False,2PT Field Goal
1627759,2025-26,70,244,False,3PT Field Goal
1627759,2025-26,-7,22,True,2PT Field Goal
1627759,2025-26,32,16,False,2PT Field Goal
1627759,2025-26,-62,85,False,2PT Field Goal
1627759,2025-26,7,78,True,2PT Field Goal
1627759,2025-26,11,1,False,2PT Field Goal
1627759,2025-26,228,7,True,3PT Field Goal
1627759,2025-26,99,235,True,3PT Field Goal
1627759,2025-26,-113,226,False,3PT Field Goal
1627759,2025-26,17,146,True,2PT Field Goal
1627759,2025-26,-225,-5,False,3PT Field Goal
1627759,2025-26,16,36,True,2PT Field Goal
1627759,2025-26,21,6,False,2PT Field Goal
1627759,2025-26,-17,20,False,2PT Field Goal
1627759,2025-26,-32,99,True,2PT Field Goal
1627759,2025-26,-99,38,True,2PT Field Goal
1627759,2025-26,64,63,False,2PT Field Goal
1627759,2025-26,-26,59,True,2PT Field Goal
1627759,2025-26,61,111,True,2PT Field Goal
1627759,2025-26,-26,142,False,2PT Field Goal
1627759,2025-26,167,-13,False,2PT Field Goal
1627759,2025-26,-15,113,False,2PT Field Goal
1627759,2025-26,6,17,True,2PT Field Goal
1627759,2025-26,-51,110,True,2PT Field Goal
1627759,2025-26,-141,215,True,3PT Field Goal
1627759,2025-26,153,220,False,3PT Field Goal
1627759,2025-26,105,183,False,2PT Field Goal
1627759,2025-26,29,104,True,2PT Field Goal
1627759,2025-26,-20,29,False,2PT Field Goal
1627759,2025-26,-167,198,False,3PT Field Goal
1627759,2025-26,21,21,False,2PT Field Goal
1627759,2025-26,-18,14,True,2PT Field Goal
1627759,2025-26,-21,-2,True,2PT Field Goal
1627759,2025-26,-83,156,False,2PT Field Goal
1627759,2025-26,-15,13,True,2PT Field Goal
1627759,2025-26,34,26,False,2PT Field Goal
1627759,2025-26,-34,111,False,2PT Field Goal
1627759,2025-26,-112,273,False,3PT Field Goal
1627759,2025-26,167,199,True,3PT Field Goal
1627759,2025-26,32,13,False,2PT Field Goal
1627759,2025-26,-9,116,False,2PT Field Goal
1627759,2025-26,-7,12,True,2PT Field Goal
1627759,2025-26,58,69,False,2PT Field Goal
1627759,2025-26,51,21,False,2PT Field Goal
1627759,2025-26,60,256,False,3PT Field Goal
1627759,2025-26,-11,6,False,2PT Field Goal
1627759,2025-26,29,13,False,2PT Field Goal
1627759,2025-26,-78,27,False,2PT Field Goal
1627759,2025-26,-150,200,False,3PT Field Goal
1627759,2025-26,65,172,False,2PT Field Goal
1627759,2025-26,5,31,False,2PT Field Goal
1627759,2025-26,-156,208,False,3PT Field Goal
1627759,2025-26,-153,15,False,2PT Field Goal
1627759,2025-26,18,21,True,2PT Field Goal
1627759,2025-26,-179,169,True,3PT Field Goal
1627759,2025-26,9,17,True,2PT Field Goal
1627759,2025-26,42,173,False,2PT Field Goal
1627759,2025-26,-48,69,True,2PT Field Goal
1627759,2025-26,50,46,False,2PT Field Goal
1627759,2025-26,44,34,True,2PT Field Goal
1627759,2025-26,-7,13,True,2PT Field Goal
1627759,2025-26,32,121,True,2PT Field Goal
1627759,2025-26,12,8,True,2PT Field Goal
1627759,2025-26,-25,67,True,2PT Field Goal
1627759,2025-26,83,145,False,2PT Field Goal
1627759,2025-26,4,40,False,2PT Field Goal
1627759,2025-26,-20,166,False,2PT Field Goal
1627759,2025-26,6,-6,False,2PT Field Goal
1627759,2025-26,-91,140,True,2PT Field Goal
1627759,2025-26,-163,185,True,3PT Field Goal
1627759,2025-26,18,14,False,2PT Field Goal
1627759,2025-26,-16,29,False,2PT Field Goal
1627759,2025-26,5,95,False,2PT Field Goal
1627759,2025-26,92,148,True,2PT Field Goal
1627759,2025-26,4,17,False,2PT Field Goal
1627759,2025-26,-2,257,False,3PT Field Goal
1627759,2025-26,-12,20,True,2PT Field Goal
1627759,2025-26,1,258,False,3PT Field Goal
1627759,2025-26,-132,5,False,2PT Field Goal
1627759,2025-26,1,15,False,2PT Field Goal
1627759,2025-26,-114,226,False,3PT Field Goal
1627759,2025-26,-118,151,False,2PT Field Goal
1627759,2025-26,-54,59,True,2PT Field Goal
1627759,2025-26,21,20,False,2PT Field Goal
1627759,2025-26,-6,16,False,2PT Field Goal
1627759,2025-26,175,202,False,3PT Field Goal
1627759,2025-26,93,239,False,3PT Field Goal
1627759,2025-26,0,15,True,2PT Field Goal
1627759,2025-26,1,34,False,2PT Field Goal
1627759,2025-26,123,235,True,3PT Field Goal
1627759,2025-26,-147,217,True,3PT Field Goal
1627759,2025-26,-118,227,False,3PT Field Goal
1627759,2025-26,-10,181,True,2PT Field Goal
1627759,2025-26,53,75,True,2PT Field Goal
1627759,2025-26,28,52,True,2PT Field Goal
1627759,2025-26,-189,188,True,3PT Field Goal
1627759,2025-26,15,57,True,2PT Field Goal
1627759,2025-26,64,137,False,2PT Field Goal
1627759,2025-26,4,38,True,2PT Field Goal
1627759,2025-26,99,101,False,2PT Field Goal
1627759,2025-26,-62,6,True,2PT Field Goal
1627759,2025-26,9,38,True,2PT Field Goal
1627759,2025-26,-234,16,True,3PT Field Goal
1627759,2025-26,-67,283,False,3PT Field Goal
1627759,2025-26,47,21,True,2PT Field Goal
1627759,2025-26,108,244,False,3PT Field Goal
1627759,2025-26,127,227,False,3PT Field Goal
1627759,2025-26,-181,26,False,2PT Field Goal
1627759,2025-26,47,25,True,2PT Field Goal
1627759,2025-26,241,31,True,3PT Field Goal
1627759,2025-26,94,135,True,2PT Field Goal
1627759,2025-26,-103,105,False,2PT Field Goal
1627759,2025-26,-4,75,True,2PT Field Goal
1627759,2025-26,74,80,True,2PT Field Goal
1627759,2025-26,-225,40,False,3PT Field Goal
1627759,2025-26,34,10,True,2PT Field Goal
1627759,2025-26,-126,73,False,2PT Field Goal
1627759,2025-26,184,229,False,3PT Field Goal
1627759,2025-26,-47,283,False,3PT Field Goal
1627759,2025-26,-168,8,False,2PT Field Goal
1627759,2025-26,-59,93,True,2PT Field Goal
1627759,2025-26,180,221,True,3PT Field Goal
1627759,2025-26,211,149,True,3PT Field Goal
1627759,2025-26,-110,173,False,2PT Field Goal
1627759,2025-26,-71,65,False,2PT Field Goal
1627759,2025-26,11,13,False,2PT Field Goal
1627759,2025-26,-48,33,False,2PT Field Goal
1627759,2025-26,9,17,True,2PT Field Goal
1627759,2025-26,9,12,False,2PT Field Goal
1627759,2025-26,-43,139,True,2PT Field Goal
1627759,2025-26,92,248,True,3PT Field Goal
1627759,2025-26,-31,42,False,2PT Field Goal
1627759,2025-26,-40,269,False,3PT Field Goal
1627759,2025-26,-191,-4,True,2PT Field Goal
1627759,2025-26,-218,126,False,3PT Field Goal
1627759,2025-26,-6,6,True,2PT Field Goal
1627759,2025-26,15,100,False,2PT Field Goal
1627759,2025-26,-6,1,True,2PT Field Goal
1627759,2025-26,-97,151,False,2PT Field Goal
1627759,2025-26,-15,6,True,2PT Field Goal
1627759,2025-26,-22,-11,True,2PT Field Goal
1627759,2025-26,-136,222,False,3PT Field Goal
1627759,2025-26,-36,8,False,2PT Field Goal
1627759,2025-26,47,40,True,2PT Field Goal
1627759,2025-26,27,5,False,2PT Field Goal
1627759,2025-26,-50,16,False,2PT Field Goal
1627759,2025-26,-44,11,True,2PT Field Goal
1627759,2025-26,-4,0,True,2PT Field Goal
1627759,2025-26,-7,52,True,2PT Field Goal
1627759,2025-26,-60,41,False,2PT Field Goal
1627759,2025-26,227,-10,False,3PT Field Goal
1627759,2025-26,45,15,True,2PT Field Goal
1627759,2025-26,-40,11,False,2PT Field Goal
1627759,2025-26,222,16,True,3PT Field Goal
1627759,2025-26,-39,34,False,2PT Field Goal
1627759,2025-26,-21,109,False,2PT Field Goal
1627759,2025-26,27,12,True,2PT Field Goal
1627759,2025-26,6,13,True,2PT Field Goal
1627759,2025-26,13,15,True,2PT Field Goal
1627759,2025-26,2,5,True,2PT Field Goal
1627759,2025-26,98,176,False,2PT Field Goal
1627759,2025-26,-55,22,False,2PT Field Goal
1627759,2025-26,103,235,True,3PT Field Goal
1627759,2025-26,-105,78,True,2PT Field Goal
1627759,2025-26,-168,183,False,3PT Field Goal
1627759,2025-26,-31,56,False,2PT Field Goal
1627759,2025-26,224,135,False,3PT Field Goal
1627759,2025-26,21,-1,True,2PT Field Goal
1627759,2025-26,-98,262,True,3PT Field Goal
1627759,2025-26,-173,201,False,3PT Field Goal
1627759,2025-26,-1,156,False,2PT Field Goal
1627759,2025-26,-45,5,True,2PT Field Goal
1627759,2025-26,17,19,False,2PT Field Goal
1627759,2025-26,170,186,False,3PT Field Goal
1627759,2025-26,-47,158,False,2PT Field Goal
1627759,2025-26,-51,272,True,3PT Field Goal
1627759,2025-26,-12,15,True,2PT Field Goal
1627759,2025-26,223,70,False,3PT Field Goal
1627759,2025-26,11,85,False,2PT Field Goal
1627759,2025-26,93,251,False,3PT Field Goal
1627759,2025-26,83,106,True,2PT Field Goal
1627759,2025-26,-25,81,True,2PT Field Goal
1627759,2025-26,23,159,False,2PT Field Goal
1627759,2025-26,-28,73,True,2PT Field Goal
1627759,2025-26,103,163,False,2PT Field Goal
1627759,2025-26,5,12,True,2PT Field Goal
1627759,2025-26,55,272,False,3PT Field Goal
1627759,2025-26,-64,134,True,2PT Field Goal
1627759,2025-26,13,151,False,2PT Field Goal
1627759,2025-26,26,8,True,2PT Field Goal
1627759,2025-26,98,227,True,3PT Field Goal
1627759,2025-26,-77,176,True,2PT Field Goal
1627759,2025-26,-176,185,True,3PT Field Goal
1627759,2025-26,12,110,False,2PT Field Goal
1627759,2025-26,-17,-2,True,2PT Field Goal
1627759,2025-26,9,22,True,2PT Field Goal
1627759,2025-26,225,5,False,3PT Field Goal
1627759,2025-26,28,20,True,2PT Field Goal
1627759,2025-26,37,17,True,2PT Field Goal
1627759,2025-26,40,34,False,2PT Field Goal
1627759,2025-26,-27,47,False,2PT Field Goal
1627759,2025-26,-1,16,True,2PT Field Goal
1627759,2025-26,55,159,True,2PT Field Goal
1627759,2025-26,-48,68,True,2PT Field Goal
1627759,2025-26,-148,237,True,3PT Field Goal
1627759,2025-26,-29,183,True,2PT Field Goal
1627759,2025-26,-28,173,False,2PT Field Goal
1627759,2025-26,0,11,True,2PT Field Goal
1627759,2025-26,50,141,False,2PT Field Goal
1627759,2025-26,13,153,False,2PT Field Goal
1627759,2025-26,26,109,True,2PT Field Goal
1627759,2025-26,2,145,True,2PT Field Goal
1627759,2025-26,29,98,False,2PT Field Goal
1627759,2025-26,-112,225,False,3PT Field Goal
1627759,2025-26,-168,178,False,3PT Field Goal
1627759,2025-26,12,-2,True,2PT Field Goal
1627759,2025-26,105,231,True,3PT Field Goal
1627759,2025-26,15,61,False,2PT Field Goal
1627759,2025-26,-146,73,True,2PT Field Goal
1627759,2025-26,-89,147,False,2PT Field Goal
1627759,2025-26,-22,33,False,2PT Field Goal
1627759,2025-26,56,22,True,2PT Field Goal
1627759,2025-26,28,18,True,2PT Field Goal
1627759,2025-26,31,158,True,2PT Field Goal
1627759,2025-26,-76,125,True,2PT Field Goal
1627759,2025-26,74,143,True,2PT Field Goal
1627759,2025-26,-228,53,False,3PT Field Goal
1627759,2025-26,-71,283,False,3PT Field Goal
1627759,2025-26,50,6,False,2PT Field Goal
1627759,2025-26,-18,131,True,2PT Field Goal
1627759,2025-26,-38,86,True,2PT Field Goal
1627759,2025-26,56,246,False,3PT Field Goal
1627759,2025-26,-186,159,False,3PT Field Goal
1627759,2025-26,-9,34,False,2PT Field Goal
1627759,2025-26,71,129,True,2PT Field Goal
1627759,2025-26,55,41,False,2PT Field Goal
1627759,2025-26,-62,17,False,2PT Field Goal
1627759,2025-26,-25,10,False,2PT Field Goal
1627759,2025-26,25,13,True,2PT Field Goal
1627759,2025-26,-54,15,True,2PT Field Goal
1627759,2025-26,27,27,True,2PT Field Goal
1627759,2025-26,60,145,False,2PT Field Goal
1627759,2025-26,-34,266,True,3PT Field Goal
1629014,2025-26,-205,168,False,3PT Field Goal
1629014,2025-26,168,219,False,3PT Field Goal
1629014,2025-26,-69,136,True,2PT Field Goal
1629014,2025-26,0,0,True,2PT Field Goal
1629014,2025-26,-34,269,True,3PT Field Goal
1629014,2025-26,-121,128,True,2PT Field Goal
1629014,2025-26,-127,267,False,3PT Field Goal
1629014,2025-26,-237,89,False,3PT Field Goal
1629014,2025-26,42,10,False,2PT Field Goal
1629014,2025-26,-75,62,False,2PT Field Goal
1629014,2025-26,-163,267,False,3PT Field Goal
1629014,2025-26,-104,227,False,3PT Field Goal
1629014,2025-26,105,142,True,2PT Field Goal
1629014,2025-26,-162,184,True,3PT Field Goal
1629014,2025-26,-15,261,False,3PT Field Goal
1629014,2025-26,195,197,False,3PT Field Goal
1629014,2025-26,-6,20,True,2PT Field Goal
1629014,2025-26,78,75,False,2PT Field Goal
1629014,2025-26,-17,12,False,2PT Field Goal
1629014,2025-26,66,113,True,2PT Field Goal
1629014,2025-26,-1,80,False,2PT Field Goal
1629014,2025-26,29,16,True,2PT Field Goal
1629014,2025-26,-229,83,True,3PT Field Goal
1629014,2025-26,10,160,False,2PT Field Goal
1629014,2025-26,-89,247,False,3PT Field Goal
1629014,2025-26,31,23,True,2PT Field Goal
1629014,2025-26,48,263,True,3PT Field Goal
1629014,2025-26,96,246,False,3PT Field Goal
1629014,2025-26,-82,253,False,3PT Field Goal
1629014,2025-26,223,78,True,3PT Field Goal
1629014,2025-26,105,1,False,2PT Field Goal
1629014,2025-26,15,167,False,2PT Field Goal
1629014,2025-26,0,24,False,2PT Field Goal
1629014,2025-26,152,234,False,3PT Field Goal
1629014,2025-26,-7,32,True,2PT Field Goal
1629014,2025-26,-123,237,False,3PT Field Goal
1629014,2025-26,216,114,False,3PT Field Goal
1629014,2025-26,173,46,False,2PT Field Goal
1629014,2025-26,31,42,False,2PT Field Goal
1629014,2025-26,34,35,False,2PT Field Goal
1629014,2025-26,58,184,True,2PT Field Goal
1629014,2025-26,10,277,False,3PT Field Goal
1629014,2025-26,-9,285,False,3PT Field Goal
1629014,2025-26,-157,220,False,3PT Field Goal
1629014,2025-26,1,172,False,2PT Field Goal
1629014,2025-26,-110,231,True,3PT Field Goal
1629014,2025-26,-207,159,True,3PT Field Goal
1629014,2025-26,-124,111,True,2PT Field Goal
1629014,2025-26,188,159,True,3PT Field Goal
1629014,2025-26,16,264,False,3PT Field Goal
1629014,2025-26,55,100,False,2PT Field Goal
1629014,2025-26,2,7,True,2PT Field Goal
1629014,2025-26,-142,221,True,3PT Field Goal
1629014,2025-26,-150,218,True,3PT Field Goal
1629014,2025-26,-7,1,True,2PT Field Goal
1629014,2025-26,-119,77,True,2PT Field Goal
1629014,2025-26,-130,216,False,3PT Field Goal
1629014,2025-26,-25,-6,True,2PT Field Goal
1629014,2025-26,159,221,False,3PT Field Goal
1629014,2025-26,-51,32,False,2PT Field Goal
1629014,2025-26,66,32,True,2PT Field Goal
1629014,2025-26,-109,50,True,2PT Field Goal
1629014,2025-26,64,68,True,2PT Field Goal
1629014,2025-26,32,5,True,2PT Field Goal
1629014,2025-26,93,236,False,3PT Field Goal
1629014,2025-26,0,295,False,3PT Field Goal
1629014,2025-26,62,155,False,2PT Field Goal
1629014,2025-26,-165,128,False,2PT Field Goal
1629014,2025-26,-119,74,False,2PT Field Goal
1629014,2025-26,80,52,False,2PT Field Goal
1629014,2025-26,121,237,True,3PT Field Goal
1629014,2025-26,80,245,False,3PT Field Goal
1629014,2025-26,-108,242,False,3PT Field Goal
1629014,2025-26,-162,197,True,3PT Field Goal
1629014,2025-26,21,112,True,2PT Field Goal
1629014,2025-26,120,215,False,3PT Field Goal
1629014,2025-26,184,170,False,3PT Field Goal
1629014,2025-26,60,36,False,2PT Field Goal
1629014,2025-26,69,41,True,2PT Field Goal
1629014,2025-26,54,250,False,3PT Field Goal
1629014,2025-26,105,242,True,3PT Field Goal
1629014,2025-26,0,6,True,2PT Field Goal
1629014,2025-26,69,253,True,3PT Field Goal
1629014,2025-26,-222,140,False,3PT Field Goal
1629014,2025-26,-183,174,False,3PT Field Goal
1629014,2025-26,23,58,False,2PT Field Goal
1629014,2025-26,31,52,True,2PT Field Goal
1629014,2025-26,-55,256,True,3PT Field Goal
1629014,2025-26,-200,156,False,3PT Field Goal
1629014,2025-26,69,85,True,2PT Field Goal
1629014,2025-26,157,15,False,2PT Field Goal
1629014,2025-26,163,200,False,3PT Field Goal
1629014,2025-26,58,54,True,2PT Field Goal
1629014,2025-26,118,153,False,2PT Field Goal
1629014,2025-26,225,67,False,3PT Field Goal
1629014,2025-26,-147,201,False,3PT Field Goal
1629014,2025-26,218,141,True,3PT Field Goal
1629014,2025-26,-87,241,False,3PT Field Goal
1629014,2025-26,-134,209,False,3PT Field Goal
1629014,2025-26,-9,87,False,2PT Field Goal
1629014,2025-26,-89,-17,True,2PT Field Goal
1629014,2025-26,195,173,True,3PT Field Goal
1629014,2025-26,-62,255,True,3PT Field Goal
1629014,2025-26,-114,243,False,3PT Field Goal
1629014,2025-26,-115,247,False,3PT Field Goal
1629014,2025-26,-158,225,False,3PT Field Goal
1629014,2025-26,74,153,True,2PT Field Goal
1629014,2025-26,-172,197,False,3PT Field Goal
1629014,2025-26,0,74,True,2PT Field Goal
1629014,2025-26,-167,205,True,3PT Field Goal
1629014,2025-26,156,209,True,3PT Field Goal
1629014,2025-26,-227,-11,True,3PT Field Goal
1629014,2025-26,228,21,False,3PT Field Goal
1629014,2025-26,48,257,True,3PT Field Goal
1629014,2025-26,-218,113,True,3PT Field Goal
1629014,2025-26,-15,152,False,2PT Field Goal
1629014,2025-26,-65,125,False,2PT Field Goal
1629014,2025-26,-150,204,False,3PT Field Goal
1629014,2025-26,-123,181,False,2PT Field Goal
1629014,2025-26,131,242,True,3PT Field Goal
1629014,2025-26,-107,242,True,3PT Field Goal
1629014,2025-26,50,176,False,2PT Field Goal
1629014,2025-26,89,239,True,3PT Field Goal
1629014,2025-26,-38,201,False,2PT Field Goal
1629014,2025-26,141,239,False,3PT Field Goal
1629014,2025-26,27,10,False,2PT Field Goal
1629014,2025-26,-194,181,False,3PT Field Goal
1629014,2025-26,-86,279,False,3PT Field Goal
1629014,2025-26,105,250,False,3PT Field Goal
1629014,2025-26,94,74,False,2PT Field Goal
1629014,2025-26,-115,226,False,3PT Field Goal
1629014,2025-26,83,147,True,2PT Field Goal
1629014,2025-26,-26,245,True,3PT Field Goal
1629014,2025-26,10,260,True,3PT Field Goal
1629014,2025-26,120,214,False,3PT Field Goal
1629014,2025-26,76,74,True,2PT Field Goal
1629014,2025-26,-107,268,False,3PT Field Goal
1629014,2025-26,-22,22,False,2PT Field Goal
1629014,2025-26,-65,257,False,3PT Field Goal
1629014,2025-26,124,25,True,2PT Field Goal
1629014,2025-26,225,85,False,3PT Field Goal
1629014,2025-26,-104,252,False,3PT Field Goal
1629014,2025-26,123,222,False,3PT Field Goal
1629014,2025-26,-72,106,False,2PT Field Goal
1629014,2025-26,132,220,False,3PT Field Goal
1629014,2025-26,127,232,True,3PT Field Goal
1629014,2025-26,-140,211,False,3PT Field Goal
1629014,2025-26,135,43,True,2PT Field Goal
1629014,2025-26,56,53,False,2PT Field Goal
1629014,2025-26,-115,229,False,3PT Field Goal
1629014,2025-26,38,26,True,2PT Field Goal
1629014,2025-26,-108,230,True,3PT Field Goal
1629014,2025-26,-145,152,False,2PT Field Goal
1629014,2025-26,123,271,True,3PT Field Goal
1629014,2025-26,-72,293,True,3PT Field Goal
1629014,2025-26,-116,166,True,2PT Field Goal
1629014,2025-26,-87,242,True,3PT Field Goal
1629014,2025-26,-98,74,False,2PT Field Goal
1629014,2025-26,-64,257,True,3PT Field Goal
1629014,2025-26,-42,277,False,3PT Field Goal
1629014,2025-26,34,23,True,2PT Field Goal
1629014,2025-26,-109,33,True,2PT Field Goal
1629014,2025-26,113,247,True,3PT Field Goal
1629014,2025-26,12,269,True,3PT Field Goal
1629014,2025-26,-98,267,True,3PT Field Goal
1629014,2025-26,20,26,True,2PT Field Goal
1629014,2025-26,-127,238,False,3PT Field Goal
1629014,2025-26,-22,20,False,2PT Field Goal
1629014,2025-26,83,247,False,3PT Field Goal
1629014,2025-26,26,20,False,2PT Field Goal
1629014,2025-26,142,225,True,3PT Field Goal
1629014,2025-26,85,152,False,2PT Field Goal
1629014,2025-26,-53,268,False,3PT Field Goal
1629014,2025-26,-7,6,True,2PT Field Goal
1629014,2025-26,-227,76,False,3PT Field Goal
1629014,2025-26,-32,262,False,3PT Field Goal
1629014,2025-26,-104,164,False,2PT Field Goal
1629014,2025-26,21,168,False,2PT Field Goal
1629014,2025-26,98,257,False,3PT Field Goal
1629014,2025-26,-232,52,False,3PT Field Goal
1629014,2025-26,214,157,True,3PT Field Goal
1629014,2025-26,100,231,True,3PT Field Goal
1629014,2025-26,-6,159,True,2PT Field Goal
1629014,2025-26,-37,105,False,2PT Field Goal
1629014,2025-26,131,231,True,3PT Field Goal
1629014,2025-26,-228,71,False,3PT Field Goal
1629014,2025-26,-88,46,False,2PT Field Goal
1629014,2025-26,-40,299,False,3PT Field Goal
1629014,2025-26,-48,155,False,2PT Field Goal
1629014,2025-26,-110,190,False,2PT Field Goal
1629014,2025-26,-159,198,True,3PT Field Goal
1629014,2025-26,-126,124,False,2PT Field Goal
1629014,2025-26,0,266,False,3PT Field Goal
1629014,2025-26,100,239,False,3PT Field Goal
1629014,2025-26,-150,66,False,2PT Field Goal
1629014,2025-26,-136,232,False,3PT Field Goal
1629014,2025-26,23,258,False,3PT Field Goal
1629014,2025-26,9,53,True,2PT Field Goal
1629014,2025-26,99,232,False,3PT Field Goal
1629014,2025-26,228,106,True,3PT Field Goal
1629014,2025-26,-206,142,True,3PT Field Goal
1629014,2025-26,-230,32,True,3PT Field Goal
1629014,2025-26,100,259,True,3PT Field Goal
1629014,2025-26,55,55,True,2PT Field Goal
1629014,2025-26,146,254,False,3PT Field Goal
1629014,2025-26,53,15,True,2PT Field Goal
1629014,2025-26,-60,293,False,3PT Field Goal
1629014,2025-26,40,154,True,2PT Field Goal
1629014,2025-26,-212,175,True,3PT Field Goal
1629014,2025-26,-210,145,True,3PT Field Goal
1629014,2025-26,34,103,True,2PT Field Goal
1629014,2025-26,150,256,False,3PT Field Goal
1629014,2025-26,18,6,True,2PT Field Goal
1629014,2025-26,-227,36,True,3PT Field Goal
1629014,2025-26,-47,94,False,2PT Field Goal
1629014,2025-26,-106,124,False,2PT Field Goal
1629014,2025-26,-9,3,True,2PT Field Goal
1629014,2025-26,89,100,True,2PT Field Goal
1629014,2025-26,67,145,False,2PT Field Goal
1629014,2025-26,-89,234,True,3PT Field Goal
1629014,2025-26,29,294,False,3PT Field Goal
1629014,2025-26,2,79,True,2PT Field Goal
1629014,2025-26,-53,78,True,2PT Field Goal
1629014,2025-26,0,14,True,2PT Field Goal
1629014,2025-26,-94,248,False,3PT Field Goal
1629014,2025-26,-143,205,True,3PT Field Goal
1629014,2025-26,-58,340,False,3PT Field Goal
1629014,2025-26,159,38,True,2PT Field Goal
1629014,2025-26,227,107,False,3PT Field Goal
1629014,2025-26,-229,133,False,3PT Field Goal
1629014,2025-26,28,8,True,2PT Field Goal
1629014,2025-26,162,204,True,3PT Field Goal
1629014,2025-26,18,206,True,2PT Field Goal
1629014,2025-26,-105,236,False,3PT Field Goal
1629014,2025-26,-6,138,True,2PT Field Goal
1629014,2025-26,6,245,False,3PT Field Goal
1629014,2025-26,-48,22,False,2PT Field Goal
1629014,2025-26,29,22,True,2PT Field Goal
1629014,2025-26,149,208,False,3PT Field Goal
1629014,2025-26,-55,260,False,3PT Field Goal
1629014,2025-26,124,108,False,2PT Field Goal
1629014,2025-26,99,31,False,2PT Field Goal
1629014,2025-26,-5,29,False,2PT Field Goal
1629014,2025-26,-206,207,True,3PT Field Goal
1629014,2025-26,-33,275,True,3PT Field Goal
1629014,2025-26,-230,-6,False,3PT Field Goal
1629014,2025-26,170,190,True,3PT Field Goal
1629014,2025-26,-156,232,True,3PT Field Goal
1629014,2025-26,176,249,False,3PT Field Goal
1629014,2025-26,112,15,False,2PT Field Goal
1629014,2025-26,124,235,False,3PT Field Goal
1629014,2025-26,55,17,False,2PT Field Goal
1629014,2025-26,-61,252,True,3PT Field Goal
1629014,2025-26,-233,-6,True,3PT Field Goal
1629014,2025-26,-223,158,False,3PT Field Goal
1629014,2025-26,-82,261,False,3PT Field Goal
1629014,2025-26,-4,6,True,2PT Field Goal
1629014,2025-26,137,234,False,3PT Field Goal
1629014,2025-26,-81,253,False,3PT Field Goal
1629014,2025-26,-1,87,True,2PT Field Goal
1629014,2025-26,201,168,False,3PT Field Goal
1629014,2025-26,229,20,True,3PT Field Goal
1629014,2025-26,-2,3,True,2PT Field Goal
1629014,2025-26,66,255,False,3PT Field Goal
1629014,2025-26,9,3,False,2PT Field Goal
1629014,2025-26,175,187,False,3PT Field Goal
1629014,2025-26,-131,218,False,3PT Field Goal
1629014,2025-26,103,130,False,2PT Field Goal
1629014,2025-26,11,296,True,3PT Field Goal
1629014,2025-26,18,7,False,2PT Field Goal
1629014,2025-26,-174,205,False,3PT Field Goal
1629014,2025-26,-5,109,False,2PT Field Goal
1629014,2025-26,29,23,True,2PT Field Goal
1629014,2025-26,76,75,True,2PT Field Goal
1629014,2025-26,225,82,False,3PT Field Goal
1629014,2025-26,37,253,True,3PT Field Goal
1629014,2025-26,44,11,True,2PT Field Goal
1629014,2025-26,233,40,True,3PT Field Goal
1629014,2025-26,40,29,True,2PT Field Goal
1629014,2025-26,-93,250,False,3PT Field Goal
1629014,2025-26,-20,71,True,2PT Field Goal
1629014,2025-26,85,241,False,3PT Field Goal
1629014,2025-26,50,42,False,2PT Field Goal
1629014,2025-26,33,161,True,2PT Field Goal
1629014,2025-26,-92,253,False,3PT Field Goal
1629014,2025-26,-151,225,False,3PT Field Goal
1629014,2025-26,-154,203,False,3PT Field Goal
1629014,2025-26,29,255,True,3PT Field Goal
1629014,2025-26,-83,178,False,2PT Field Goal
1629014,2025-26,115,132,True,2PT Field Goal
1629014,2025-26,59,197,True,2PT Field Goal
1629014,2025-26,-42,184,True,2PT Field Goal
1629014,2025-26,70,256,False,3PT Field Goal
1629014,2025-26,-9,62,False,2PT Field Goal
1629014,2025-26,-38,41,False,2PT Field Goal
1629014,2025-26,-83,147,False,2PT Field Goal
1629014,2025-26,4,119,True,2PT Field Goal
1629014,2025-26,195,177,False,3PT Field Goal
1629014,2025-26,74,263,False,3PT Field Goal
1629014,2025-26,-58,37,False,2PT Field Goal
1629014,2025-26,179,195,True,3PT Field Goal
1629014,2025-26,-151,222,False,3PT Field Goal
1629014,2025-26,113,247,False,3PT Field Goal
1629014,2025-26,-180,196,True,3PT Field Goal
1629014,2025-26,50,38,True,2PT Field Goal
1629014,2025-26,-28,280,False,3PT Field Goal
1629014,2025-26,76,109,False,2PT Field Goal
1629014,2025-26,-11,257,False,3PT Field Goal
1629014,2025-26,-164,200,True,3PT Field Goal
1629014,2025-26,105,241,True,3PT Field Goal
1629014,2025-26,-145,215,False,3PT Field Goal
1629014,2025-26,222,126,False,3PT Field Goal
1629014,2025-26,-197,175,False,3PT Field Goal
1629014,2025-26,78,234,True,3PT Field Goal
1629014,2025-26,-228,17,False,3PT Field Goal
1629014,2025-26,12,10,True,2PT Field Goal
1629014,2025-26,123,240,False,3PT Field Goal
1629014,2025-26,22,9,False,2PT Field Goal
1629014,2025-26,-138,222,False,3PT Field Goal
1629014,2025-26,12,5,False,2PT Field Goal
1629014,2025-26,-115,306,False,3PT Field Goal
1629014,2025-26,-136,268,True,3PT Field Goal
1629014,2025-26,-16,6,True,2PT Field Goal
1629014,2025-26,17,62,False,2PT Field Goal
1629014,2025-26,118,230,False,3PT Field Goal
1629014,2025-26,127,218,True,3PT Field Goal
1629014,2025-26,7,32,False,2PT Field Goal
1629014,2025-26,138,222,False,3PT Field Goal
1629014,2025-26,-20,138,True,2PT Field Goal
1629014,2025-26,75,85,False,2PT Field Goal
1629014,2025-26,-118,230,False,3PT Field Goal
1629014,2025-26,121,232,True,3PT Field Goal
1629014,2025-26,120,222,True,3PT Field Goal
1629014,2025-26,-199,183,False,3PT Field Goal
1629014,2025-26,31,38,True,2PT Field Goal
1629014,2025-26,-10,193,False,2PT Field Goal
1629014,2025-26,221,10,False,3PT Field Goal
1629014,2025-26,124,210,False,3PT Field Goal
1629014,2025-26,-233,22,True,3PT Field Goal
1629014,2025-26,48,137,False,2PT Field Goal
1629014,2025-26,114,279,True,3PT Field Goal
1629014,2025-26,-200,209,False,3PT Field Goal
1629014,2025-26,76,52,True,2PT Field Goal
1629014,2025-26,-153,254,True,3PT Field Goal
1629014,2025-26,-37,279,True,3PT Field Goal
1629014,2025-26,-165,237,True,3PT Field Goal
1629014,2025-26,61,163,False,2PT Field Goal
1629014,2025-26,141,115,False,2PT Field Goal
1629014,2025-26,-50,45,False,2PT Field Goal
1629014,2025-26,175,210,False,3PT Field Goal
1629014,2025-26,47,46,False,2PT Field Goal
1629014,2025-26,173,209,False,3PT Field Goal
1629014,2025-26,-232,32,True,3PT Field Goal
1629014,2025-26,229,122,True,3PT Field Goal
1629014,2025-26,116,248,False,3PT Field Goal
1629014,2025-26,-229,-2,False,3PT Field Goal
1629014,2025-26,-165,215,False,3PT Field Goal
1629014,2025-26,134,246,True,3PT Field Goal
1629014,2025-26,-142,239,True,3PT Field Goal
1629014,2025-26,119,252,True,3PT Field Goal
1629014,2025-26,-62,246,False,3PT Field Goal
1629014,2025-26,161,177,False,3PT Field Goal
1629014,2025-26,110,241,False,3PT Field Goal
1629014,2025-26,165,205,True,3PT Field Goal
1629014,2025-26,131,138,False,2PT Field Goal
1629014,2025-26,-88,36,True,2PT Field Goal
1629014,2025-26,-232,53,False,3PT Field Goal
1629014,2025-26,-230,57,True,3PT Field Goal
1629014,2025-26,83,243,True,3PT Field Goal
1629014,2025-26,66,247,False,3PT Field Goal
1629014,2025-26,-96,237,True,3PT Field Goal
1629014,2025-26,-94,237,True,3PT Field Goal
1629014,2025-26,-62,267,True,3PT Field Goal
1629014,2025-26,125,243,False,3PT Field Goal
1629014,2025-26,42,257,True,3PT Field Goal
1629014,2025-26,9,258,True,3PT Field Goal
1629014,2025-26,120,253,True,3PT Field Goal
1629014,2025-26,96,83,True,2PT Field Goal
1629014,2025-26,136,143,False,2PT Field Goal
1629014,2025-26,-153,215,True,3PT Field Goal
1629014,2025-26,118,239,True,3PT Field Goal
1629014,2025-26,89,48,False,2PT Field Goal
1629014,2025-26,11,185,True,2PT Field Goal
1629014,2025-26,32,13,True,2PT Field Goal
1629014,2025-26,-102,252,False,3PT Field Goal
1629014,2025-26,87,176,False,2PT Field Goal
1629014,2025-26,229,75,True,3PT Field Goal
1629014,2025-26,56,85,True,2PT Field Goal
1629014,2025-26,162,245,True,3PT Field Goal
1629014,2025-26,176,252,True,3PT Field Goal
1629014,2025-26,2,131,True,2PT Field Goal
1629014,2025-26,-114,85,False,2PT Field Goal
1629014,2025-26,138,272,False,3PT Field Goal
1629014,2025-26,-45,32,False,2PT Field Goal
1629014,2025-26,36,34,True,2PT Field Goal
1629014,2025-26,-81,169,False,2PT Field Goal
1629014,2025-26,-56,91,False,2PT Field Goal
1629014,2025-26,-56,272,False,3PT Field Goal
1629014,2025-26,-240,16,False,3PT Field Goal
1629014,2025-26,-81,128,True,2PT Field Goal
1629014,2025-26,-36,41,False,2PT Field Goal
1629014,2025-26,67,30,False,2PT Field Goal
1629014,2025-26,124,224,False,3PT Field Goal
1629014,2025-26,188,184,True,3PT Field Goal
1629014,2025-26,-197,176,False,3PT Field Goal
1629014,2025-26,135,22,False,2PT Field Goal
1629014,2025-26,18,177,False,2PT Field Goal
1629014,2025-26,28,15,True,2PT Field Goal
1629014,2025-26,232,14,False,3PT Field Goal
1629014,2025-26,69,143,True,2PT Field Goal
1629014,2025-26,-137,234,False,3PT Field Goal
1629014,2025-26,238,9,True,3PT Field Goal
1629014,2025-26,26,29,True,2PT Field Goal
1629014,2025-26,82,240,True,3PT Field Goal
1629014,2025-26,21,103,True,2PT Field Goal
1629014,2025-26,45,267,False,3PT Field Goal
1629014,2025-26,97,157,False,2PT Field Goal
1629014,2025-26,51,260,False,3PT Field Goal
1629014,2025-26,-28,21,True,2PT Field Goal
1629014,2025-26,118,243,False,3PT Field Goal
1629014,2025-26,146,235,False,3PT Field Goal
1629014,2025-26,33,268,True,3PT Field Goal
1629014,2025-26,-93,258,True,3PT Field Goal
1629014,2025-26,40,256,False,3PT Field Goal
1629014,2025-26,-124,244,True,3PT Field Goal
1629014,2025-26,0,257,False,3PT Field Goal
1629014,2025-26,40,38,False,2PT Field Goal
1629014,2025-26,54,36,False,2PT Field Goal
1629014,2025-26,18,122,True,2PT Field Goal
1629014,2025-26,-115,273,False,3PT Field Goal
1629014,2025-26,157,201,True,3PT Field Goal
1629014,2025-26,228,-4,False,3PT Field Goal
1629014,2025-26,-64,115,True,2PT Field Goal
1629014,2025-26,-104,246,True,3PT Field Goal
1629014,2025-26,2,281,False,3PT Field Goal
1629014,2025-26,-102,110,False,2PT Field Goal
1629014,2025-26,33,5,True,2PT Field Goal
1629014,2025-26,67,269,False,3PT Field Goal
1629014,2025-26,39,32,True,2PT Field Goal
1629014,2025-26,-159,222,True,3PT Field Goal
1629014,2025-26,67,75,False,2PT Field Goal
1629014,2025-26,56,5,True,2PT Field Goal
1629014,2025-26,71,88,True,2PT Field Goal
1629014,2025-26,140,226,True,3PT Field Goal
1629014,2025-26,-51,21,False,2PT Field Goal
1629014,2025-26,91,264,False,3PT Field Goal
1629014,2025-26,-64,88,False,2PT Field Goal
1629014,2025-26,-81,235,True,3PT Field Goal
1629014,2025-26,-153,189,False,3PT Field Goal
1629014,2025-26,-15,162,True,2PT Field Goal
1629014,2025-26,-180,171,True,3PT Field Goal
1629014,2025-26,-82,232,True,3PT Field Goal
1629014,2025-26,-152,212,False,3PT Field Goal
1629014,2025-26,-64,252,True,3PT Field Goal
1629014,2025-26,83,253,False,3PT Field Goal
1629014,2025-26,-43,116,False,2PT Field Goal
1629014,2025-26,-15,254,False,3PT Field Goal
1629014,2025-26,-62,119,True,2PT Field Goal
1629014,2025-26,228,103,False,3PT Field Goal
1629014,2025-26,159,198,False,3PT Field Goal
1629014,2025-26,-89,155,False,2PT Field Goal
1629014,2025-26,-43,53,False,2PT Field Goal
1629014,2025-26,36,8,True,2PT Field Goal
1629014,2025-26,125,218,True,3PT Field Goal
1629014,2025-26,50,270,False,3PT Field Goal
1629014,2025-26,227,11,True,3PT Field Goal
1629014,2025-26,113,37,False,2PT Field Goal
1629014,2025-26,40,276,False,3PT Field Goal
1629014,2025-26,163,-1,False,2PT Field Goal
1629014,2025-26,27,8,False,2PT Field Goal
1629014,2025-26,9,68,False,2PT Field Goal
1629014,2025-26,-80,252,False,3PT Field Goal
1629014,2025-26,-18,29,True,2PT Field Goal
1629014,2025-26,-107,247,False,3PT Field Goal
1629014,2025-26,15,17,False,2PT Field Goal
1629014,2025-26,-4,64,True,2PT Field Goal
1629014,2025-26,-89,251,False,3PT Field Goal
1629014,2025-26,-138,210,False,3PT Field Goal
1629014,2025-26,20,11,True,2PT Field Goal
1629014,2025-26,-148,178,False,2PT Field Goal
1629014,2025-26,-53,369,False,3PT Field Goal
1629014,2025-26,-4,154,False,2PT Field Goal
1629014,2025-26,-110,239,False,3PT Field Goal
1629014,2025-26,-32,48,True,2PT Field Goal
1629014,2025-26,-110,223,False,3PT Field Goal
1629014,2025-26,21,7,True,2PT Field Goal
1629014,2025-26,51,18,False,2PT Field Goal
1629014,2025-26,141,215,True,3PT Field Goal
1629014,2025-26,-2,10,True,2PT Field Goal
1629014,2025-26,194,164,False,3PT Field Goal
1629014,2025-26,157,211,True,3PT Field Goal
1629014,2025-26,-244,1,False,3PT Field Goal
1629014,2025-26,-100,240,True,3PT Field Goal
1629014,2025-26,164,219,True,3PT Field Goal
1629014,2025-26,-71,246,False,3PT Field Goal
1629014,2025-26,-102,239,True,3PT Field Goal
1629014,2025-26,61,255,False,3PT Field Goal
1629014,2025-26,-229,67,False,3PT Field Goal
1629014,2025-26,-120,241,True,3PT Field Goal
1629014,2025-26,13,260,False,3PT Field Goal
1629014,2025-26,32,134,True,2PT Field Goal
1629014,2025-26,-17,259,False,3PT Field Goal
1629014,2025-26,54,254,False,3PT Field Goal
1629014,2025-26,-88,249,False,3PT Field Goal
1629014,2025-26,225,75,True,3PT Field Goal
1629014,2025-26,-105,17,False,2PT Field Goal
1629014,2025-26,85,126,True,2PT Field Goal
1629014,2025-26,28,13,True,2PT Field Goal
1629014,2025-26,-59,145,False,2PT Field Goal
1629014,2025-26,80,26,True,2PT Field Goal
1629014,2025-26,-127,241,True,3PT Field Goal
1629014,2025-26,-91,242,True,3PT Field Goal
1629014,2025-26,192,163,False,3PT Field Goal
1629014,2025-26,-223,31,False,3PT Field Goal
1629014,2025-26,16,163,True,2PT Field Goal
1629014,2025-26,-108,57,True,2PT Field Goal
1629014,2025-26,89,36,False,2PT Field Goal
1629014,2025-26,27,257,False,3PT Field Goal
1629014,2025-26,-44,53,True,2PT Field Goal
1629014,2025-26,69,254,False,3PT Field Goal
1629014,2025-26,-153,218,False,3PT Field Goal
1629014,2025-26,199,157,True,3PT Field Goal
1629014,2025-26,-39,50,True,2PT Field Goal
1629014,2025-26,-152,203,False,3PT Field Goal
1629014,2025-26,33,29,True,2PT Field Goal
1629014,2025-26,-81,248,False,3PT Field Goal
1629014,2025-26,-62,14,True,2PT Field Goal
1629014,2025-26,87,130,False,2PT Field Goal
1629014,2025-26,-163,269,False,3PT Field Goal
1629014,2025-26,60,262,True,3PT Field Goal
1629014,2025-26,163,184,False,3PT Field Goal
1629014,2025-26,69,246,False,3PT Field Goal
1629014,2025-26,-60,262,False,3PT Field Goal
1629014,2025-26,34,41,True,2PT Field Goal
1629014,2025-26,-211,159,True,3PT Field Goal
1629014,2025-26,-83,295,False,3PT Field Goal
1629014,2025-26,-125,230,True,3PT Field Goal
1629014,2025-26,-113,259,True,3PT Field Goal
1629014,2025-26,-172,18,False,2PT Field Goal
1629014,2025-26,-81,59,False,2PT Field Goal
1629014,2025-26,-161,248,True,3PT Field Goal
1629014,2025-26,54,273,False,3PT Field Goal
1629014,2025-26,-42,132,False,2PT Field Goal
1629014,2025-26,26,13,True,2PT Field Goal
1629014,2025-26,-129,94,False,2PT Field Goal
1629014,2025-26,142,231,False,3PT Field Goal
1629014,2025-26,27,22,True,2PT Field Goal
1629014,2025-26,21,140,True,2PT Field Goal
1629014,2025-26,156,224,True,3PT Field Goal
1629014,2025-26,-83,271,True,3PT Field Goal
1629014,2025-26,-88,286,True,3PT Field Goal
1629014,2025-26,27,286,False,3PT Field Goal
1629014,2025-26,-60,284,True,3PT Field Goal
1629014,2025-26,-179,195,False,3PT Field Goal
1629014,2025-26,44,47,True,2PT Field Goal
1629014,2025-26,-185,206,True,3PT Field Goal
1629014,2025-26,-32,283,False,3PT Field Goal
1629014,2025-26,116,245,False,3PT Field Goal
1629014,2025-26,26,271,True,3PT Field Goal
1629014,2025-26,-36,108,True,2PT Field Goal
1629014,2025-26,-130,257,True,3PT Field Goal
1629014,2025-26,174,234,False,3PT Field Goal
1629014,2025-26,-168,201,False,3PT Field Goal
1629014,2025-26,-121,222,True,3PT Field Goal
1629014,2025-26,-176,197,False,3PT Field Goal
1629014,2025-26,-134,230,False,3PT Field Goal
1629014,2025-26,-165,186,True,3PT Field Goal
1629014,2025-26,-156,220,False,3PT Field Goal
1629014,2025-26,-141,212,True,3PT Field Goal
1629014,2025-26,9,288,False,3PT Field Goal
1629014,2025-26,-4,69,False,2PT Field Goal
1629014,2025-26,10,7,True,2PT Field Goal
1629014,2025-26,18,260,False,3PT Field Goal
1629014,2025-26,136,214,True,3PT Field Goal
1629014,2025-26,-174,171,False,3PT Field Goal
1629014,2025-26,15,10,True,2PT Field Goal
1629014,2025-26,-157,194,False,3PT Field Goal
1629014,2025-26,-61,22,False,2PT Field Goal
1629014,2025-26,116,225,False,3PT Field Goal
1629014,2025-26,4,8,False,2PT Field Goal
1629014,2025-26,239,-10,True,3PT Field Goal
1629014,2025-26,-17,283,True,3PT Field Goal
1629014,2025-26,-225,57,False,3PT Field Goal
1629014,2025-26,13,212,True,2PT Field Goal
1629014,2025-26,-164,186,False,3PT Field Goal
1629014,2025-26,12,257,False,3PT Field Goal
1629014,2025-26,172,186,False,3PT Field Goal
1629014,2025-26,-105,115,True,2PT Field Goal
1629014,2025-26,2,42,True,2PT Field Goal
1629014,2025-26,11,-7,True,2PT Field Goal
1629014,2025-26,5,258,False,3PT Field Goal
1629014,2025-26,110,46,True,2PT Field Goal
1629014,2025-26,32,47,True,2PT Field Goal
1629014,2025-26,-99,93,True,2PT Field Goal
1629014,2025-26,-174,179,False,3PT Field Goal
1629014,2025-26,-211,-1,True,2PT Field Goal
1629014,2025-26,94,240,False,3PT Field Goal
1629014,2025-26,123,131,False,2PT Field Goal
1629014,2025-26,-122,23,True,2PT Field Goal
1629014,2025-26,150,206,True,3PT Field Goal
1629014,2025-26,-85,277,False,3PT Field Goal
1629014,2025-26,82,243,False,3PT Field Goal
1629014,2025-26,10,87,True,2PT Field Goal
1629014,2025-26,200,154,False,3PT Field Goal
1629014,2025-26,-92,256,False,3PT Field Goal
1629014,2025-26,-179,181,False,3PT Field Goal
1629014,2025-26,163,202,False,3PT Field Goal
1629014,2025-26,-34,121,True,2PT Field Goal
1629014,2025-26,-142,228,False,3PT Field Goal
1629014,2025-26,-146,216,False,3PT Field Goal
1629014,2025-26,131,222,True,3PT Field Goal
1629014,2025-26,-47,306,True,3PT Field Goal
1629014,2025-26,67,148,False,2PT Field Goal
1629014,2025-26,-233,36,False,3PT Field Goal
1629014,2025-26,31,44,True,2PT Field Goal
1629014,2025-26,88,240,True,3PT Field Goal
1629014,2025-26,-49,276,False,3PT Field Goal
1629014,2025-26,-10,19,False,2PT Field Goal
1629014,2025-26,25,85,True,2PT Field Goal
1629014,2025-26,13,10,False,2PT Field Goal
1629014,2025-26,-124,231,False,3PT Field Goal
1629014,2025-26,-78,256,True,3PT Field Goal
1629014,2025-26,-97,124,False,2PT Field Goal
1629014,2025-26,232,47,False,3PT Field Goal
1629014,2025-26,-50,131,False,2PT Field Goal
1629014,2025-26,92,152,False,2PT Field Goal
1629014,2025-26,15,13,False,2PT Field Goal
1629014,2025-26,-135,220,False,3PT Field Goal
1629014,2025-26,4,34,True,2PT Field Goal
1629014,2025-26,11,16,True,2PT Field Goal
1629014,2025-26,7,33,False,2PT Field Goal
1629014,2025-26,132,209,True,3PT Field Goal
1629014,2025-26,-43,265,False,3PT Field Goal
1629014,2025-26,-120,229,False,3PT Field Goal
1629014,2025-26,56,42,False,2PT Field Goal
1629014,2025-26,169,211,False,3PT Field Goal
1629014,2025-26,-71,250,False,3PT Field Goal
1629014,2025-26,-115,140,True,2PT Field Goal
1629014,2025-26,1,260,False,3PT Field Goal
1629014,2025-26,-97,52,True,2PT Field Goal
1629014,2025-26,-232,111,False,3PT Field Goal
1629014,2025-26,119,221,False,3PT Field Goal
1629014,2025-26,-121,231,False,3PT Field Goal
1629014,2025-26,219,117,False,3PT Field Goal
1629014,2025-26,-50,31,True,2PT Field Goal
1629014,2025-26,62,40,True,2PT Field Goal
1629014,2025-26,-56,12,False,2PT Field Goal
1629014,2025-26,-137,222,False,3PT Field Goal
1629731,2025-26,97,239,True,3PT Field Goal
1629731,2025-26,142,215,True,3PT Field Goal
1629731,2025-26,64,252,True,3PT Field Goal
1629731,2025-26,-165,205,True,3PT Field Goal
1629731,2025-26,-150,211,False,3PT Field Goal
1629731,2025-26,0,0,False,2PT Field Goal
1629731,2025-26,77,252,False,3PT Field Goal
1629731,2025-26,11,252,False,3PT Field Goal
1629731,2025-26,47,26,True,2PT Field Goal
1629731,2025-26,239,3,True,3PT Field Goal
1629731,2025-26,16,1,False,2PT Field Goal
1629731,2025-26,69,253,False,3PT Field Goal
1629731,2025-26,229,14,False,3PT Field Goal
1629731,2025-26,-29,250,True,3PT Field Goal
1629731,2025-26,-141,197,False,3PT Field Goal
1629731,2025-26,-240,68,False,3PT Field Goal
1629731,2025-26,11,5,False,2PT Field Goal
1629731,2025-26,-238,38,False,3PT Field Goal
1629731,2025-26,1,16,False,2PT Field Goal
1629731,2025-26,172,198,False,3PT Field Goal
1629731,2025-26,228,111,False,3PT Field Goal
1629731,2025-26,0,0,True,2PT Field Goal
1629731,2025-26,-198,48,True,2PT Field Goal
1629731,2025-26,37,252,False,3PT Field Goal
1629731,2025-26,6,25,False,2PT Field Goal
1629731,2025-26,235,71,True,3PT Field Goal
1629731,2025-26,-224,31,False,3PT Field Goal
1629731,2025-26,-232,-22,True,3PT Field Goal
1629731,2025-26,227,69,False,3PT Field Goal
1629731,2025-26,-20,10,True,2PT Field Goal
1629731,2025-26,-237,-26,False,3PT Field Goal
1629731,2025-26,78,240,False,3PT Field Goal
1629731,2025-26,-137,210,False,3PT Field Goal
1629731,2025-26,7,22,True,2PT Field Goal
1629731,2025-26,-143,206,False,3PT Field Goal
1629731,2025-26,237,87,False,3PT Field Goal
1629731,2025-26,179,188,False,3PT Field Goal
1629731,2025-26,239,16,False,3PT Field Goal
1629731,2025-26,-235,39,True,3PT Field Goal
1629731,2025-26,-131,204,True,3PT Field Goal
1629731,2025-26,-167,185,False,3PT Field Goal
1629731,2025-26,-142,210,False,3PT Field Goal
1629731,2025-26,-89,250,False,3PT Field Goal
1629731,2025-26,224,1,False,3PT Field Goal
1629731,2025-26,224,115,False,3PT Field Goal
1629731,2025-26,6,12,True,2PT Field Goal
1629731,2025-26,-18,111,False,2PT Field Goal
1629731,2025-26,1,1,True,2PT Field Goal
1629731,2025-26,-235,15,True,3PT Field Goal
1629731,2025-26,47,256,False,3PT Field Goal
1629731,2025-26,235,6,True,3PT Field Goal
1629731,2025-26,233,30,False,3PT Field Goal
1629731,2025-26,-234,-6,False,3PT Field Goal
1629731,2025-26,-228,-2,False,3PT Field Goal
1629731,2025-26,-212,134,False,3PT Field Goal
1629731,2025-26,0,0,True,2PT Field Goal
1629731,2025-26,120,212,False,3PT Field Goal
1629731,2025-26,-12,19,False,2PT Field Goal
1629731,2025-26,228,25,True,3PT Field Goal
1629731,2025-26,-230,89,True,3PT Field Goal
1629731,2025-26,-178,195,True,3PT Field Goal
1629731,2025-26,168,193,False,3PT Field Goal
1629731,2025-26,-103,8,False,2PT Field Goal
1629731,2025-26,234,27,False,3PT Field Goal
1629731,2025-26,-47,134,True,2PT Field Goal
1629731,2025-26,105,132,False,2PT Field Goal
1629731,2025-26,141,211,True,3PT Field Goal
1629731,2025-26,-60,249,True,3PT Field Goal
1629731,2025-26,-145,216,False,3PT Field Goal
1629731,2025-26,-172,178,False,3PT Field Goal
1629731,2025-26,-2,8,True,2PT Field Goal
1629731,2025-26,7,18,False,2PT Field Goal
1629731,2025-26,82,238,False,3PT Field Goal
1629731,2025-26,230,70,False,3PT Field Goal
1629731,2025-26,-218,162,False,3PT Field Goal
1629731,2025-26,2,246,False,3PT Field Goal
1629731,2025-26,-6,-12,True,2PT Field Goal
1629731,2025-26,-11,-4,True,2PT Field Goal
1629731,2025-26,229,120,True,3PT Field Goal
1629731,2025-26,-9,248,False,3PT Field Goal
1629731,2025-26,5,6,True,2PT Field Goal
1629731,2025-26,-233,-11,False,3PT Field Goal
1629731,2025-26,-212,121,False,3PT Field Goal
1629731,2025-26,-25,-6,False,2PT Field Goal
1629731,2025-26,147,229,False,3PT Field Goal
1629731,2025-26,197,153,True,3PT Field Goal
1629731,2025-26,134,142,True,2PT Field Goal
1629731,2025-26,-127,205,False,3PT Field Goal
1629731,2025-26,197,151,False,3PT Field Goal
1629731,2025-26,-15,251,False,3PT Field Goal
1629731,2025-26,232,26,False,3PT Field Goal
1629731,2025-26,237,32,True,3PT Field Goal
1629731,2025-26,-237,18,True,3PT Field Goal
1629731,2025-26,180,183,False,3PT Field Goal
1629731,2025-26,-212,152,False,3PT Field Goal
1629731,2025-26,207,151,False,3PT Field Goal
1629731,2025-26,6,6,True,2PT Field Goal
1629731,2025-26,16,15,True,2PT Field Goal
1629731,2025-26,162,214,False,3PT Field Goal
1629731,2025-26,-239,33,False,3PT Field Goal
1629731,2025-26,-188,157,False,3PT Field Goal
1629731,2025-26,-67,247,True,3PT Field Goal
1629731,2025-26,-217,130,False,3PT Field Goal
1629731,2025-26,222,113,False,3PT Field Goal
1629731,2025-26,-222,95,False,3PT Field Goal
1629731,2025-26,-229,7,False,3PT Field Goal
1629731,2025-26,-210,134,True,3PT Field Goal
1629731,2025-26,228,1,True,3PT Field Goal
1629731,2025-26,17,48,True,2PT Field Goal
1629731,2025-26,-4,-7,True,2PT Field Goal
1629731,2025-26,218,125,False,3PT Field Goal
1629731,2025-26,232,15,False,3PT Field Goal
1629731,2025-26,-225,30,False,3PT Field Goal
1629731,2025-26,0,0,False,2PT Field Goal
1629731,2025-26,-2,9,False,2PT Field Goal
1629731,2025-26,232,12,True,3PT Field Goal
1629731,2025-26,-6,-4,True,2PT Field Goal
1629731,2025-26,227,83,False,3PT Field Goal
1629731,2025-26,-237,37,False,3PT Field Goal
1629731,2025-26,-164,199,False,3PT Field Goal
1629731,2025-26,229,24,False,3PT Field Goal
1629731,2025-26,0,9,True,2PT Field Goal
1629731,2025-26,83,36,False,2PT Field Goal
1629731,2025-26,228,17,False,3PT Field Goal
1629731,2025-26,-190,157,True,3PT Field Goal
1629731,2025-26,11,263,True,3PT Field Goal
1629731,2025-26,235,18,True,3PT Field Goal
1629731,2025-26,234,-8,False,3PT Field Goal
1629731,2025-26,170,175,True,3PT Field Goal
1629731,2025-26,232,1,False,3PT Field Goal
1629731,2025-26,224,74,True,3PT Field Goal
1629731,2025-26,145,217,True,3PT Field Goal
1629731,2025-26,-230,-3,False,3PT Field Goal
1629731,2025-26,-233,28,True,3PT Field Goal
1629731,2025-26,1,7,True,2PT Field Goal
1629731,2025-26,218,126,False,3PT Field Goal
1629731,2025-26,-232,-21,False,3PT Field Goal
1629731,2025-26,207,161,False,3PT Field Goal
1629731,2025-26,76,247,False,3PT Field Goal
1629731,2025-26,-9,13,False,2PT Field Goal
1629731,2025-26,22,260,False,3PT Field Goal
1629731,2025-26,-170,179,False,3PT Field Goal
1629731,2025-26,-224,25,True,3PT Field Goal
1629731,2025-26,-194,146,False,3PT Field Goal
1629731,2025-26,205,145,True,3PT Field Goal
1629731,2025-26,5,10,False,2PT Field Goal
1629731,2025-26,70,254,True,3PT Field Goal
1629731,2025-26,-172,186,True,3PT Field Goal
1629731,2025-26,153,205,False,3PT Field Goal
1629731,2025-26,-4,257,False,3PT Field Goal
1629731,2025-26,-15,0,True,2PT Field Goal
1629731,2025-26,168,193,False,3PT Field Goal
1629731,2025-26,1,0,True,2PT Field Goal
1629731,2025-26,0,0,True,2PT Field Goal
1629731,2025-26,245,75,True,3PT Field Goal
1629731,2025-26,-13,-1,False,2PT Field Goal
1629731,2025-26,225,10,False,3PT Field Goal
1629731,2025-26,-227,48,False,3PT Field Goal
1629731,2025-26,213,164,True,3PT Field Goal
1629731,2025-26,-229,118,False,3PT Field Goal
1629731,2025-26,-37,53,True,2PT Field Goal
1629731,2025-26,227,115,False,3PT Field Goal
1629731,2025-26,-233,11,False,3PT Field Goal
1629731,2025-26,229,46,False,3PT Field Goal
1629731,2025-26,-206,162,True,3PT Field Goal
1629731,2025-26,-20,267,True,3PT Field Goal
1629731,2025-26,-238,-26,False,3PT Field Goal
1629731,2025-26,219,115,True,3PT Field Goal
1629731,2025-26,0,16,True,2PT Field Goal
1629731,2025-26,17,-5,True,2PT Field Goal
1629731,2025-26,179,175,True,3PT Field Goal
1629731,2025-26,-233,16,False,3PT Field Goal
1629731,2025-26,2,8,True,2PT Field Goal
1629731,2025-26,0,0,True,2PT Field Goal
1629731,2025-26,-130,225,False,3PT Field Goal
1629731,2025-26,-103,64,True,2PT Field Goal
1629731,2025-26,-5,21,True,2PT Field Goal
1629731,2025-26,-196,196,False,3PT Field Goal
1629731,2025-26,-228,41,True,3PT Field Goal
1629731,2025-26,-228,-7,True,3PT Field Goal
1629731,2025-26,233,99,True,3PT Field Goal
1629731,2025-26,-173,188,False,3PT Field Goal
1629731,2025-26,234,57,False,3PT Field Goal
1629731,2025-26,223,41,False,3PT Field Goal
1629731,2025-26,-11,16,False,2PT Field Goal
1629731,2025-26,158,201,True,3PT Field Goal
1629731,2025-26,92,247,True,3PT Field Goal
1629731,2025-26,134,210,False,3PT Field Goal
1629731,2025-26,-1,264,False,3PT Field Goal
1629731,2025-26,-16,291,False,3PT Field Goal
1629731,2025-26,5,17,False,2PT Field Goal
1629731,2025-26,1,47,True,2PT Field Goal
1629731,2025-26,241,38,True,3PT Field Goal
1629731,2025-26,216,141,True,3PT Field Goal
1629731,2025-26,239,-15,True,3PT Field Goal
1629731,2025-26,0,0,True,2PT Field Goal
1629731,2025-26,233,127,True,3PT Field Goal
1629731,2025-26,7,9,True,2PT Field Goal
1629731,2025-26,-225,31,True,3PT Field Goal
1629731,2025-26,233,89,True,3PT Field Goal
1629731,2025-26,102,237,False,3PT Field Goal
1629731,2025-26,229,43,False,3PT Field Goal
1629731,2025-26,-7,0,False,2PT Field Goal
1629731,2025-26,-223,136,True,3PT Field Goal
1629731,2025-26,230,81,True,3PT Field Goal
1629731,2025-26,218,126,True,3PT Field Goal
1629731,2025-26,-27,22,False,2PT Field Goal
1629731,2025-26,212,153,False,3PT Field Goal
1629731,2025-26,0,0,True,2PT Field Goal
1629731,2025-26,0,0,False,2PT Field Goal
1629731,2025-26,-27,29,False,2PT Field Goal
1629731,2025-26,228,115,False,3PT Field Goal
1629731,2025-26,-233,31,False,3PT Field Goal
1629731,2025-26,33,265,False,3PT Field Goal
1629731,2025-26,7,-4,True,2PT Field Goal
1629731,2025-26,-130,231,False,3PT Field Goal
1629731,2025-26,-237,-1,False,3PT Field Goal
1629731,2025-26,55,253,True,3PT Field Goal
1629731,2025-26,-4,1,True,2PT Field Goal
1629731,2025-26,1,29,False,2PT Field Goal
1629731,2025-26,222,126,False,3PT Field Goal
1629731,2025-26,-207,151,True,3PT Field Goal
1629731,2025-26,-233,105,False,3PT Field Goal
1629731,2025-26,-75,239,False,3PT Field Goal
1629731,2025-26,229,19,True,3PT Field Goal
1629731,2025-26,232,-4,True,3PT Field Goal
1629731,2025-26,5,8,True,2PT Field Goal
1629731,2025-26,37,32,True,2PT Field Goal
1629731,2025-26,224,6,False,3PT Field Goal
1629731,2025-26,-26,88,False,2PT Field Goal
1629731,2025-26,2,10,False,2PT Field Goal
1629731,2025-26,-232,-12,True,3PT Field Goal
1629731,2025-26,-234,-5,True,3PT Field Goal
1629731,2025-26,10,1,True,2PT Field Goal
1629731,2025-26,0,0,True,2PT Field Goal
1629731,2025-26,37,62,True,2PT Field Goal
1629731,2025-26,-228,53,False,3PT Field Goal
1629731,2025-26,207,136,False,3PT Field Goal
1629731,2025-26,-43,148,False,2PT Field Goal
1629731,2025-26,-237,18,True,3PT Field Goal
1629731,2025-26,179,183,False,3PT Field Goal
1629731,2025-26,246,13,False,3PT Field Goal
1629731,2025-26,-11,5,True,2PT Field Goal
1629731,2025-26,-5,19,True,2PT Field Goal
1629731,2025-26,-80,121,False,2PT Field Goal
1629731,2025-26,0,17,True,2PT Field Goal
1629731,2025-26,170,191,False,3PT Field Goal
1629731,2025-26,173,220,False,3PT Field Goal
1629731,2025-26,-227,128,True,3PT Field Goal
1629731,2025-26,13,5,False,2PT Field Goal
1629731,2025-26,91,236,False,3PT Field Goal
1629731,2025-26,-213,121,False,3PT Field Goal
1629731,2025-26,15,2,True,2PT Field Goal
1629731,2025-26,-233,37,False,3PT Field Goal
1629731,2025-26,-184,174,False,3PT Field Goal
1629731,2025-26,7,1,True,2PT Field Goal
1629731,2025-26,229,59,True,3PT Field Goal
1629731,2025-26,230,38,False,3PT Field Goal
1629731,2025-26,-186,174,False,3PT Field Goal
1629731,2025-26,9,-6,True,2PT Field Goal
1629731,2025-26,-125,41,False,2PT Field Goal
1629731,2025-26,233,8,False,3PT Field Goal
1629731,2025-26,87,242,True,3PT Field Goal
1629731,2025-26,12,256,True,3PT Field Goal
1629731,2025-26,-238,23,False,3PT Field Goal
1629731,2025-26,-6,8,True,2PT Field Goal
1629731,2025-26,-232,-9,True,3PT Field Goal
1629731,2025-26,40,264,False,3PT Field Goal
1629731,2025-26,239,85,False,3PT Field Goal
1629731,2025-26,234,74,True,3PT Field Goal
1629731,2025-26,203,143,False,3PT Field Goal
1629731,2025-26,235,82,False,3PT Field Goal
1629731,2025-26,230,20,True,3PT Field Goal
1629731,2025-26,-216,136,False,3PT Field Goal
1629731,2025-26,11,2,True,2PT Field Goal
1629731,2025-26,118,231,True,3PT Field Goal
1629731,2025-26,7,8,True,2PT Field Goal
1629731,2025-26,1,-1,False,2PT Field Goal
1630178,2025-26,-98,250,False,3PT Field Goal
1630178,2025-26,-80,255,False,3PT Field Goal
1630178,2025-26,93,117,True,2PT Field Goal
1630178,2025-26,137,235,True,3PT Field Goal
1630178,2025-26,6,24,False,2PT Field Goal
1630178,2025-26,38,258,True,3PT Field Goal
1630178,2025-26,-108,260,False,3PT Field Goal
1630178,2025-26,13,7,True,2PT Field Goal
1630178,2025-26,-143,218,False,3PT Field Goal
1630178,2025-26,-2,102,True,2PT Field Goal
1630178,2025-26,-60,275,True,3PT Field Goal
1630178,2025-26,-7,272,False,3PT Field Goal
1630178,2025-26,43,65,False,2PT Field Goal
1630178,2025-26,99,244,True,3PT Field Goal
1630178,2025-26,-5,0,True,2PT Field Goal
1630178,2025-26,10,54,False,2PT Field Goal
1630178,2025-26,114,227,True,3PT Field Goal
1630178,2025-26,53,288,False,3PT Field Goal
1630178,2025-26,135,108,False,2PT Field Goal
1630178,2025-26,-6,13,True,2PT Field Goal
1630178,2025-26,50,168,False,2PT Field Goal
1630178,2025-26,-190,171,False,3PT Field Goal
1630178,2025-26,39,42,True,2PT Field Goal
1630178,2025-26,37,56,False,2PT Field Goal
1630178,2025-26,-18,21,False,2PT Field Goal
1630178,2025-26,-3,277,False,3PT Field Goal
1630178,2025-26,105,273,False,3PT Field Goal
1630178,2025-26,50,50,True,2PT Field Goal
1630178,2025-26,-16,66,False,2PT Field Goal
1630178,2025-26,98,109,True,2PT Field Goal
1630178,2025-26,-17,16,True,2PT Field Goal
1630178,2025-26,-210,204,False,3PT Field Goal
1630178,2025-26,-76,106,False,2PT Field Goal
1630178,2025-26,-52,15,True,2PT Field Goal
1630178,2025-26,22,102,True,2PT Field Goal
1630178,2025-26,-15,280,True,3PT Field Goal
1630178,2025-26,-91,311,False,3PT Field Goal
1630178,2025-26,27,79,False,2PT Field Goal
1630178,2025-26,-54,197,True,2PT Field Goal
1630178,2025-26,-150,179,False,2PT Field Goal
1630178,2025-26,0,55,False,2PT Field Goal
1630178,2025-26,44,33,True,2PT Field Goal
1630178,2025-26,-5,163,True,2PT Field Goal
1630178,2025-26,12,31,True,2PT Field Goal
1630178,2025-26,-70,298,False,3PT Field Goal
1630178,2025-26,228,80,False,3PT Field Goal
1630178,2025-26,-51,257,False,3PT Field Goal
1630178,2025-26,2,79,False,2PT Field Goal
1630178,2025-26,-126,234,False,3PT Field Goal
1630178,2025-26,0,20,False,2PT Field Goal
1630178,2025-26,7,15,True,2PT Field Goal
1630178,2025-26,-4,8,True,2PT Field Goal
1630178,2025-26,10,35,False,2PT Field Goal
1630178,2025-26,5,9,False,2PT Field Goal
1630178,2025-26,7,13,True,2PT Field Goal
1630178,2025-26,-7,311,False,3PT Field Goal
1630178,2025-26,17,3,True,2PT Field Goal
1630178,2025-26,4,24,True,2PT Field Goal
1630178,2025-26,-93,246,False,3PT Field Goal
1630178,2025-26,69,275,False,3PT Field Goal
1630178,2025-26,-9,0,True,2PT Field Goal
1630178,2025-26,146,237,True,3PT Field Goal
1630178,2025-26,23,71,False,2PT Field Goal
1630178,2025-26,195,152,False,3PT Field Goal
1630178,2025-26,-4,204,True,2PT Field Goal
1630178,2025-26,-33,0,True,2PT Field Goal
1630178,2025-26,230,75,False,3PT Field Goal
1630178,2025-26,-15,6,True,2PT Field Goal
1630178,2025-26,159,300,True,3PT Field Goal
1630178,2025-26,-85,58,False,2PT Field Goal
1630178,2025-26,15,21,False,2PT Field Goal
1630178,2025-26,230,16,True,3PT Field Goal
1630178,2025-26,25,33,True,2PT Field Goal
1630178,2025-26,-183,201,False,3PT Field Goal
1630178,2025-26,12,289,False,3PT Field Goal
1630178,2025-26,17,2,True,2PT Field Goal
1630178,2025-26,151,220,False,3PT Field Goal
1630178,2025-26,1,264,False,3PT Field Goal
1630178,2025-26,-71,273,True,3PT Field Goal
1630178,2025-26,-129,20,False,2PT Field Goal
1630178,2025-26,-5,13,False,2PT Field Goal
1630178,2025-26,9,0,True,2PT Field Goal
1630178,2025-26,53,72,True,2PT Field Goal
1630178,2025-26,-93,36,False,2PT Field Goal
1630178,2025-26,203,73,True,2PT Field Goal
1630178,2025-26,118,136,False,2PT Field Goal
1630178,2025-26,18,11,True,2PT Field Goal
1630178,2025-26,56,35,False,2PT Field Goal
1630178,2025-26,129,239,True,3PT Field Goal
1630178,2025-26,87,237,True,3PT Field Goal
1630178,2025-26,1,109,True,2PT Field Goal
1630178,2025-26,-145,207,False,3PT Field Goal
1630178,2025-26,77,48,False,2PT Field Goal
1630178,2025-26,72,280,True,3PT Field Goal
1630178,2025-26,-88,278,True,3PT Field Goal
1630178,2025-26,150,207,True,3PT Field Goal
1630178,2025-26,-67,251,True,3PT Field Goal
1630178,2025-26,159,202,False,3PT Field Goal
1630178,2025-26,83,126,False,2PT Field Goal
1630178,2025-26,-15,13,False,2PT Field Goal
1630178,2025-26,81,21,True,2PT Field Goal
1630178,2025-26,37,15,False,2PT Field Goal
1630178,2025-26,201,154,True,3PT Field Goal
1630178,2025-26,-169,205,False,3PT Field Goal
1630178,2025-26,-152,256,True,3PT Field Goal
1630178,2025-26,-163,236,True,3PT Field Goal
1630178,2025-26,134,242,True,3PT Field Goal
1630178,2025-26,-127,254,False,3PT Field Goal
1630178,2025-26,-173,194,False,3PT Field Goal
1630178,2025-26,98,-9,True,2PT Field Goal
1630178,2025-26,51,132,False,2PT Field Goal
1630178,2025-26,2,19,False,2PT Field Goal
1630178,2025-26,18,152,False,2PT Field Goal
1630178,2025-26,-7,64,False,2PT Field Goal
1630178,2025-26,0,0,True,2PT Field Goal
1630178,2025-26,18,5,False,2PT Field Goal
1630178,2025-26,-4,16,False,2PT Field Goal
1630178,2025-26,86,248,False,3PT Field Goal
1630178,2025-26,-58,274,False,3PT Field Goal
1630178,2025-26,12,26,False,2PT Field Goal
1630178,2025-26,2,31,False,2PT Field Goal
1630178,2025-26,81,138,True,2PT Field Goal
1630178,2025-26,7,297,False,3PT Field Goal
1630178,2025-26,18,248,True,3PT Field Goal
1630178,2025-26,6,109,False,2PT Field Goal
1630178,2025-26,-38,248,False,3PT Field Goal
1630178,2025-26,165,210,False,3PT Field Goal
1630178,2025-26,20,13,True,2PT Field Goal
1630178,2025-26,83,158,False,2PT Field Goal
1630178,2025-26,99,148,False,2PT Field Goal
1630178,2025-26,-10,35,True,2PT Field Goal
1630178,2025-26,105,255,False,3PT Field Goal
1630178,2025-26,-10,15,True,2PT Field Goal
1630178,2025-26,99,250,True,3PT Field Goal
1630178,2025-26,-4,262,True,3PT Field Goal
1630178,2025-26,55,69,True,2PT Field Goal
1630178,2025-26,-98,236,False,3PT Field Goal
1630178,2025-26,-2,62,False,2PT Field Goal
1630178,2025-26,55,277,False,3PT Field Goal
1630178,2025-26,-10,119,True,2PT Field Goal
1630178,2025-26,-15,12,True,2PT Field Goal
1630178,2025-26,70,268,False,3PT Field Goal
1630178,2025-26,-12,178,False,2PT Field Goal
1630178,2025-26,-9,53,False,2PT Field Goal
1630178,2025-26,-109,148,False,2PT Field Goal
1630178,2025-26,4,28,False,2PT Field Goal
1630178,2025-26,31,26,True,2PT Field Goal
1630178,2025-26,10,4,True,2PT Field Goal
1630178,2025-26,12,99,True,2PT Field Goal
1630178,2025-26,22,32,False,2PT Field Goal
1630178,2025-26,-22,57,False,2PT Field Goal
1630178,2025-26,13,6,True,2PT Field Goal
1630178,2025-26,18,269,True,3PT Field Goal
1630178,2025-26,-45,102,True,2PT Field Goal
1630178,2025-26,-188,163,True,3PT Field Goal
1630178,2025-26,-200,150,True,3PT Field Goal
1630178,2025-26,181,190,False,3PT Field Goal
1630178,2025-26,-7,29,True,2PT Field Goal
1630178,2025-26,-176,193,True,3PT Field Goal
1630178,2025-26,165,62,False,2PT Field Goal
1630178,2025-26,-56,35,False,2PT Field Goal
1630178,2025-26,-99,271,False,3PT Field Goal
1630178,2025-26,21,21,True,2PT Field Goal
1630178,2025-26,29,8,False,2PT Field Goal
1630178,2025-26,179,198,False,3PT Field Goal
1630178,2025-26,-180,225,False,3PT Field Goal
1630178,2025-26,77,170,False,2PT Field Goal
1630178,2025-26,18,68,True,2PT Field Goal
1630178,2025-26,-44,10,False,2PT Field Goal
1630178,2025-26,-16,-1,True,2PT Field Goal
1630178,2025-26,197,157,False,3PT Field Goal
1630178,2025-26,-2,69,False,2PT Field Goal
1630178,2025-26,10,22,True,2PT Field Goal
1630178,2025-26,64,230,True,2PT Field Goal
1630178,2025-26,-208,222,False,3PT Field Goal
1630178,2025-26,-72,62,False,2PT Field Goal
1630178,2025-26,22,-1,True,2PT Field Goal
1630178,2025-26,-2,17,True,2PT Field Goal
1630178,2025-26,-43,62,False,2PT Field Goal
1630178,2025-26,-102,239,True,3PT Field Goal
1630178,2025-26,115,241,False,3PT Field Goal
1630178,2025-26,55,147,False,2PT Field Goal
1630178,2025-26,-4,41,True,2PT Field Goal
1630178,2025-26,40,188,False,2PT Field Goal
1630178,2025-26,-181,176,True,3PT Field Goal
1630178,2025-26,13,99,True,2PT Field Goal
1630178,2025-26,-127,225,False,3PT Field Goal
1630178,2025-26,-87,271,False,3PT Field Goal
1630178,2025-26,-21,271,True,3PT Field Goal
1630178,2025-26,96,248,True,3PT Field Goal
1630178,2025-26,151,6,False,2PT Field Goal
1630178,2025-26,34,84,True,2PT Field Goal
1630178,2025-26,-161,211,False,3PT Field Goal
1630178,2025-26,130,53,False,2PT Field Goal
1630178,2025-26,29,38,True,2PT Field Goal
1630178,2025-26,5,71,False,2PT Field Goal
1630178,2025-26,239,20,False,3PT Field Goal
1630178,2025-26,25,15,True,2PT Field Goal
1630178,2025-26,60,243,True,3PT Field Goal
1630178,2025-26,229,29,True,3PT Field Goal
1630178,2025-26,210,148,False,3PT Field Goal
1630178,2025-26,-47,248,False,3PT Field Goal
1630178,2025-26,-126,231,True,3PT Field Goal
1630178,2025-26,66,243,True,3PT Field Goal
1630178,2025-26,6,126,True,2PT Field Goal
1630178,2025-26,137,99,True,2PT Field Goal
1630178,2025-26,-76,267,True,3PT Field Goal
1630178,2025-26,26,52,True,2PT Field Goal
1630178,2025-26,-4,52,True,2PT Field Goal
1630178,2025-26,124,251,True,3PT Field Goal
1630178,2025-26,45,85,False,2PT Field Goal
1630178,2025-26,7,13,False,2PT Field Goal
1630178,2025-26,-11,257,False,3PT Field Goal
1630178,2025-26,27,63,True,2PT Field Goal
1630178,2025-26,136,57,False,2PT Field Goal
1630178,2025-26,-9,37,True,2PT Field Goal
1630178,2025-26,-121,4,True,2PT Field Goal
1630178,2025-26,12,11,False,2PT Field Goal
1630178,2025-26,-4,8,True,2PT Field Goal
1630178,2025-26,6,15,False,2PT Field Goal
1630178,2025-26,-12,178,False,2PT Field Goal
1630178,2025-26,105,162,False,2PT Field Goal
1630178,2025-26,6,13,False,2PT Field Goal
1630178,2025-26,-124,231,False,3PT Field Goal
1630178,2025-26,-151,13,True,2PT Field Goal
1630178,2025-26,227,1,False,3PT Field Goal
1630178,2025-26,-40,-4,False,2PT Field Goal
1630178,2025-26,-11,14,True,2PT Field Goal
1630178,2025-26,197,194,True,3PT Field Goal
1630178,2025-26,-31,79,False,2PT Field Goal
1630178,2025-26,31,27,True,2PT Field Goal
1630178,2025-26,-100,251,True,3PT Field Goal
1630178,2025-26,172,229,False,3PT Field Goal
1630178,2025-26,1,6,True,2PT Field Goal
1630178,2025-26,16,42,True,2PT Field Goal
1630178,2025-26,10,16,False,2PT Field Goal
1630178,2025-26,217,136,False,3PT Field Goal
1630178,2025-26,9,118,False,2PT Field Goal
1630178,2025-26,65,27,False,2PT Field Goal
1630178,2025-26,175,17,True,2PT Field Goal
1630178,2025-26,-17,75,False,2PT Field Goal
1630178,2025-26,12,15,False,2PT Field Goal
1630178,2025-26,6,33,True,2PT Field Goal
1630178,2025-26,0,16,True,2PT Field Goal
1630178,2025-26,-21,274,False,3PT Field Goal
1630178,2025-26,-146,230,False,3PT Field Goal
1630178,2025-26,-222,112,True,3PT Field Goal
1630178,2025-26,-39,259,False,3PT Field Goal
1630178,2025-26,-230,67,True,3PT Field Goal
1630178,2025-26,-20,100,False,2PT Field Goal
1630178,2025-26,11,13,True,2PT Field Goal
1630178,2025-26,4,32,True,2PT Field Goal
1630178,2025-26,-50,191,False,2PT Field Goal
1630178,2025-26,-126,153,True,2PT Field Goal
1630178,2025-26,126,225,False,3PT Field Goal
1630178,2025-26,1,153,True,2PT Field Goal
1630178,2025-26,-17,6,True,2PT Field Goal
1630178,2025-26,-75,252,False,3PT Field Goal
1630178,2025-26,-11,13,True,2PT Field Goal
1630178,2025-26,-9,16,True,2PT Field Goal
1630178,2025-26,22,-5,True,2PT Field Goal
1630178,2025-26,108,248,False,3PT Field Goal
1630178,2025-26,6,273,True,3PT Field Goal
1630178,2025-26,27,257,False,3PT Field Goal
1630178,2025-26,31,105,False,2PT Field Goal
1630178,2025-26,5,-4,False,2PT Field Goal
1630178,2025-26,-25,115,False,2PT Field Goal
1630178,2025-26,96,206,True,2PT Field Goal
1630178,2025-26,-28,8,False,2PT Field Goal
1630178,2025-26,-36,4,False,2PT Field Goal
1630178,2025-26,13,264,False,3PT Field Goal
1630178,2025-26,-50,126,True,2PT Field Goal
1630178,2025-26,22,22,False,2PT Field Goal
1630178,2025-26,-6,68,False,2PT Field Goal
1630178,2025-26,-100,235,True,3PT Field Goal
1630178,2025-26,9,19,False,2PT Field Goal
1630178,2025-26,224,47,False,3PT Field Goal
1630178,2025-26,-28,260,True,3PT Field Goal
1630178,2025-26,21,19,True,2PT Field Goal
1630178,2025-26,62,6,False,2PT Field Goal
1630178,2025-26,161,230,False,3PT Field Goal
1630178,2025-26,10,6,True,2PT Field Goal
1630178,2025-26,2,27,True,2PT Field Goal
1630178,2025-26,-199,184,False,3PT Field Goal
1630178,2025-26,-142,244,False,3PT Field Goal
1630178,2025-26,0,52,False,2PT Field Goal
1630178,2025-26,5,44,True,2PT Field Goal
1630178,2025-26,-92,257,True,3PT Field Goal
1630178,2025-26,-131,231,False,3PT Field Goal
1630178,2025-26,-229,71,True,3PT Field Goal
1630178,2025-26,9,62,False,2PT Field Goal
1630178,2025-26,81,262,False,3PT Field Goal
1630178,2025-26,-1,-4,True,2PT Field Goal
1630178,2025-26,50,248,False,3PT Field Goal
1630178,2025-26,131,232,True,3PT Field Goal
1630178,2025-26,13,273,False,3PT Field Goal
1630178,2025-26,16,16,False,2PT Field Goal
1630178,2025-26,-104,243,True,3PT Field Goal
1630178,2025-26,6,260,False,3PT Field Goal
1630178,2025-26,0,24,False,2PT Field Goal
1630178,2025-26,-98,253,False,3PT Field Goal
1630178,2025-26,-60,46,False,2PT Field Goal
1630178,2025-26,29,15,True,2PT Field Goal
1630178,2025-26,18,91,False,2PT Field Goal
1630178,2025-26,81,247,True,3PT Field Goal
1630178,2025-26,-22,22,False,2PT Field Goal
1630178,2025-26,49,131,False,2PT Field Goal
1630178,2025-26,1,15,False,2PT Field Goal
1630178,2025-26,77,91,True,2PT Field Goal
1630178,2025-26,74,134,False,2PT Field Goal
1630178,2025-26,12,13,False,2PT Field Goal
1630178,2025-26,-6,15,False,2PT Field Goal
1630178,2025-26,-222,-16,False,3PT Field Goal
1630178,2025-26,29,54,False,2PT Field Goal
1630178,2025-26,65,-11,True,2PT Field Goal
1630178,2025-26,225,17,True,3PT Field Goal
1630178,2025-26,-186,163,False,3PT Field Goal
1630178,2025-26,227,38,False,3PT Field Goal
1630178,2025-26,53,8,True,2PT Field Goal
1630178,2025-26,11,6,True,2PT Field Goal
1630178,2025-26,1,60,False,2PT Field Goal
1630178,2025-26,69,262,False,3PT Field Goal
1630178,2025-26,-9,68,False,2PT Field Goal
1630178,2025-26,-32,182,False,2PT Field Goal
1630178,2025-26,6,10,True,2PT Field Goal
1630178,2025-26,-83,163,True,2PT Field Goal
1630178,2025-26,29,281,False,3PT Field Goal
1630178,2025-26,74,176,False,2PT Field Goal
1630178,2025-26,13,0,True,2PT Field Goal
1630178,2025-26,-6,152,True,2PT Field Goal
1630178,2025-26,115,261,True,3PT Field Goal
1630178,2025-26,9,209,False,2PT Field Goal
1630178,2025-26,94,247,True,3PT Field Goal
1630178,2025-26,13,9,True,2PT Field Goal
1630178,2025-26,119,245,False,3PT Field Goal
1630178,2025-26,12,9,True,2PT Field Goal
1630178,2025-26,113,261,True,3PT Field Goal
1630178,2025-26,-81,276,False,3PT Field Goal
1630178,2025-26,190,160,True,3PT Field Goal
1630178,2025-26,2,12,True,2PT Field Goal
1630178,2025-26,-43,272,True,3PT Field Goal
1630178,2025-26,99,244,False,3PT Field Goal
1630178,2025-26,56,49,False,2PT Field Goal
1630178,2025-26,-176,181,True,3PT Field Goal
1630178,2025-26,-81,258,False,3PT Field Goal
1630178,2025-26,72,81,False,2PT Field Goal
1630178,2025-26,-183,211,True,3PT Field Goal
1630178,2025-26,25,274,False,3PT Field Goal
1630178,2025-26,20,15,True,2PT Field Goal
1630178,2025-26,22,-5,True,2PT Field Goal
1630178,2025-26,-99,242,True,3PT Field Goal
1630178,2025-26,-71,267,False,3PT Field Goal
1630178,2025-26,-158,247,False,3PT Field Goal
1630178,2025-26,-232,41,False,3PT Field Goal
1630178,2025-26,-1,16,True,2PT Field Goal
1630178,2025-26,53,274,True,3PT Field Goal
1630178,2025-26,94,254,False,3PT Field Goal
1630178,2025-26,86,50,True,2PT Field Goal
1630178,2025-26,0,12,True,2PT Field Goal
1630178,2025-26,71,38,True,2PT Field Goal
1630178,2025-26,-170,225,False,3PT Field Goal
1630178,2025-26,-4,8,True,2PT Field Goal
1630178,2025-26,129,236,True,3PT Field Goal
1630178,2025-26,-48,18,False,2PT Field Goal
1630178,2025-26,-9,306,True,3PT Field Goal
1630178,2025-26,-4,13,True,2PT Field Goal
1630178,2025-26,147,218,False,3PT Field Goal
1630178,2025-26,-5,31,False,2PT Field Goal
1630178,2025-26,159,209,False,3PT Field Goal
1630178,2025-26,-12,6,True,2PT Field Goal
1630178,2025-26,5,90,True,2PT Field Goal
1630178,2025-26,-12,5,True,2PT Field Goal
1630178,2025-26,17,255,False,3PT Field Goal
1630178,2025-26,-64,267,True,3PT Field Goal
1630178,2025-26,69,185,True,2PT Field Goal
1630178,2025-26,-34,310,True,3PT Field Goal
1630178,2025-26,165,-8,False,2PT Field Goal
1630178,2025-26,-240,27,False,3PT Field Goal
1630178,2025-26,1,41,True,2PT Field Goal
1630178,2025-26,-239,-8,True,3PT Field Goal
1630178,2025-26,-146,234,False,3PT Field Goal
1630178,2025-26,-1,8,True,2PT Field Goal
1630178,2025-26,146,218,True,3PT Field Goal
1630178,2025-26,121,282,False,3PT Field Goal
1630178,2025-26,-26,136,True,2PT Field Goal
1630178,2025-26,159,222,False,3PT Field Goal
1630178,2025-26,5,37,False,2PT Field Goal
1630178,2025-26,-99,257,False,3PT Field Goal
1630178,2025-26,-15,95,True,2PT Field Goal
1630178,2025-26,-156,210,False,3PT Field Goal
1630178,2025-26,-29,71,False,2PT Field Goal
1630178,2025-26,5,67,True,2PT Field Goal
1630178,2025-26,80,273,False,3PT Field Goal
1630178,2025-26,196,352,True,3PT Field Goal
1630178,2025-26,225,25,True,3PT Field Goal
1630178,2025-26,6,10,False,2PT Field Goal
1630178,2025-26,-81,269,False,3PT Field Goal
1630178,2025-26,88,244,True,3PT Field Goal
1630178,2025-26,100,248,False,3PT Field Goal
1630178,2025-26,-194,158,True,3PT Field Goal
1630178,2025-26,13,7,True,2PT Field Goal
1630178,2025-26,-12,99,False,2PT Field Goal
1630178,2025-26,83,132,True,2PT Field Goal
1630178,2025-26,85,258,False,3PT Field Goal
1630178,2025-26,-112,249,False,3PT Field Goal
1630178,2025-26,136,250,False,3PT Field Goal
1630178,2025-26,59,276,True,3PT Field Goal
1630178,2025-26,-123,231,False,3PT Field Goal
1630178,2025-26,26,104,False,2PT Field Goal
1630178,2025-26,82,261,False,3PT Field Goal
1630178,2025-26,-7,4,True,2PT Field Goal
1630178,2025-26,-176,188,False,3PT Field Goal
1630178,2025-26,-53,75,False,2PT Field Goal
1630178,2025-26,-4,-13,True,2PT Field Goal
1630178,2025-26,-9,265,False,3PT Field Goal
1630178,2025-26,-4,264,False,3PT Field Goal
1630178,2025-26,12,18,True,2PT Field Goal
1630178,2025-26,-185,218,False,3PT Field Goal
1630178,2025-26,15,5,False,2PT Field Goal
1630178,2025-26,-23,22,False,2PT Field Goal
1630178,2025-26,7,7,True,2PT Field Goal
1630178,2025-26,-13,21,True,2PT Field Goal
1630178,2025-26,18,15,True,2PT Field Goal
1630178,2025-26,-113,235,False,3PT Field Goal
1630178,2025-26,-69,277,False,3PT Field Goal
1630178,2025-26,-141,248,True,3PT Field Goal
1630178,2025-26,-130,241,False,3PT Field Goal
1630178,2025-26,6,13,True,2PT Field Goal
1630178,2025-26,-4,73,True,2PT Field Goal
1630178,2025-26,16,10,True,2PT Field Goal
1630178,2025-26,11,12,True,2PT Field Goal
1630178,2025-26,16,25,False,2PT Field Goal
1630178,2025-26,7,37,True,2PT Field Goal
1630178,2025-26,6,-9,True,2PT Field Goal
1630178,2025-26,21,7,False,2PT Field Goal
1630178,2025-26,110,256,False,3PT Field Goal
1630178,2025-26,105,248,False,3PT Field Goal
1630178,2025-26,-125,232,True,3PT Field Goal
1630178,2025-26,4,9,False,2PT Field Goal
1630178,2025-26,20,19,False,2PT Field Goal
1630178,2025-26,6,16,True,2PT Field Goal
1630178,2025-26,-12,11,True,2PT Field Goal
1630178,2025-26,191,182,False,3PT Field Goal
1630178,2025-26,23,206,True,2PT Field Goal
1630178,2025-26,74,253,False,3PT Field Goal
1630178,2025-26,88,155,True,2PT Field Goal
1630178,2025-26,-28,182,False,2PT Field Goal
1630178,2025-26,9,274,False,3PT Field Goal
1630178,2025-26,6,9,True,2PT Field Goal
1630178,2025-26,62,34,False,2PT Field Goal
1630178,2025-26,-125,241,True,3PT Field Goal
1630178,2025-26,-11,26,False,2PT Field Goal
1630178,2025-26,11,10,False,2PT Field Goal
1630178,2025-26,16,-5,False,2PT Field Goal
1630178,2025-26,4,17,True,2PT Field Goal
1630178,2025-26,-13,2,True,2PT Field Goal
1630178,2025-26,-121,239,True,3PT Field Goal
1630178,2025-26,-9,41,False,2PT Field Goal
1630178,2025-26,10,10,True,2PT Field Goal
1630178,2025-26,104,243,True,3PT Field Goal
1630178,2025-26,0,6,True,2PT Field Goal
1630178,2025-26,33,275,False,3PT Field Goal
1630178,2025-26,-205,154,False,3PT Field Goal
1630178,2025-26,-152,227,False,3PT Field Goal
1630178,2025-26,56,-10,True,2PT Field Goal
1630178,2025-26,13,2,True,2PT Field Goal
1630178,2025-26,87,-8,True,2PT Field Goal
1630178,2025-26,140,220,True,3PT Field Goal
1630178,2025-26,15,69,False,2PT Field Goal
1630178,2025-26,13,-4,False,2PT Field Goal
1630178,2025-26,12,4,True,2PT Field Goal
1630178,2025-26,-161,237,False,3PT Field Goal
1630178,2025-26,7,58,False,2PT Field Goal
1630178,2025-26,-50,90,True,2PT Field Goal
1630178,2025-26,-62,143,True,2PT Field Goal
1630178,2025-26,-76,251,False,3PT Field Goal
1630178,2025-26,22,257,True,3PT Field Goal
1630178,2025-26,-77,263,True,3PT Field Goal
1630178,2025-26,-25,276,True,3PT Field Goal
1630178,2025-26,-21,11,False,2PT Field Goal
1630178,2025-26,55,25,True,2PT Field Goal
1630178,2025-26,85,273,False,3PT Field Goal
1630178,2025-26,-16,77,False,2PT Field Goal
1630178,2025-26,154,104,False,2PT Field Goal
1630178,2025-26,72,161,True,2PT Field Goal
1630178,2025-26,-131,235,False,3PT Field Goal
1630178,2025-26,-26,5,True,2PT Field Goal
1630178,2025-26,-23,64,False,2PT Field Goal
1630178,2025-26,119,116,False,2PT Field Goal
1630178,2025-26,21,107,True,2PT Field Goal
1630178,2025-26,-47,273,False,3PT Field Goal
1630178,2025-26,134,234,False,3PT Field Goal
1630178,2025-26,7,7,True,2PT Field Goal
1630178,2025-26,5,15,True,2PT Field Goal
1630178,2025-26,-32,43,False,2PT Field Goal
1630178,2025-26,26,95,True,2PT Field Goal
1630178,2025-26,125,239,False,3PT Field Goal
1630178,2025-26,-13,22,False,2PT Field Goal
1630178,2025-26,0,0,False,2PT Field Goal
1630178,2025-26,-22,0,False,2PT Field Goal
1630178,2025-26,-4,16,False,2PT Field Goal
1630178,2025-26,10,8,True,2PT Field Goal
1630178,2025-26,-2,34,False,2PT Field Goal
1630178,2025-26,147,224,True,3PT Field Goal
1630178,2025-26,20,14,True,2PT Field Goal
1630178,2025-26,-58,283,True,3PT Field Goal
1630178,2025-26,42,55,True,2PT Field Goal
1630178,2025-26,67,274,False,3PT Field Goal
1630178,2025-26,-7,14,False,2PT Field Goal
1630178,2025-26,98,11,False,2PT Field Goal
1630178,2025-26,-54,4,True,2PT Field Goal
1630178,2025-26,42,50,False,2PT Field Goal
1630178,2025-26,179,188,True,3PT Field Goal
1630178,2025-26,-114,125,False,2PT Field Goal
1630178,2025-26,17,7,True,2PT Field Goal
1630178,2025-26,-26,107,False,2PT Field Goal
1630178,2025-26,39,31,False,2PT Field Goal
1630178,2025-26,45,33,False,2PT Field Goal
1630178,2025-26,18,76,False,2PT Field Goal
1630178,2025-26,16,7,True,2PT Field Goal
1630178,2025-26,208,132,True,3PT Field Goal
1630178,2025-26,-37,172,True,2PT Field Goal
1630178,2025-26,10,22,False,2PT Field Goal
1630178,2025-26,156,222,False,3PT Field Goal
1630178,2025-26,-67,110,False,2PT Field Goal
1630178,2025-26,-141,225,False,3PT Field Goal
1630178,2025-26,201,157,True,3PT Field Goal
1630178,2025-26,-5,48,True,2PT Field Goal
1630178,2025-26,37,263,True,3PT Field Goal
1630178,2025-26,176,237,True,3PT Field Goal
1630178,2025-26,-36,266,False,3PT Field Goal
1630178,2025-26,59,22,False,2PT Field Goal
1630178,2025-26,12,153,True,2PT Field Goal
1630178,2025-26,110,269,False,3PT Field Goal
1630178,2025-26,38,178,True,2PT Field Goal
1630178,2025-26,-11,21,True,2PT Field Goal
1630178,2025-26,154,240,True,3PT Field Goal
1630178,2025-26,-168,189,False,3PT Field Goal
1630178,2025-26,151,231,False,3PT Field Goal
1630178,2025-26,-115,18,False,2PT Field Goal
1630178,2025-26,-20,38,False,2PT Field Goal
1630178,2025-26,141,231,True,3PT Field Goal
1630178,2025-26,-7,104,False,2PT Field Goal
1630178,2025-26,6,-5,False,2PT Field Goal
1630178,2025-26,178,181,True,3PT Field Goal
1630178,2025-26,227,50,False,3PT Field Goal
1630178,2025-26,-6,1,True,2PT Field Goal
1630178,2025-26,180,193,False,3PT Field Goal
1630178,2025-26,-32,34,False,2PT Field Goal
1630178,2025-26,15,22,False,2PT Field Goal
1630178,2025-26,233,31,True,3PT Field Goal
1630178,2025-26,135,231,True,3PT Field Goal
1630178,2025-26,62,273,False,3PT Field Goal
1630178,2025-26,17,21,False,2PT Field Goal
1630178,2025-26,222,92,True,3PT Field Goal
1630178,2025-26,5,53,True,2PT Field Goal
1630178,2025-26,-56,13,False,2PT Field Goal
1630178,2025-26,-222,150,False,3PT Field Goal
1630178,2025-26,159,215,True,3PT Field Goal
1630178,2025-26,0,42,False,2PT Field Goal
1630178,2025-26,20,114,False,2PT Field Goal
1630178,2025-26,5,11,True,2PT Field Goal
1630178,2025-26,40,68,False,2PT Field Goal
1630178,2025-26,207,178,False,3PT Field Goal
1630178,2025-26,100,57,True,2PT Field Goal
1630178,2025-26,20,19,True,2PT Field Goal
1630178,2025-26,9,24,True,2PT Field Goal
1630178,2025-26,224,14,False,3PT Field Goal
1630178,2025-26,25,11,True,2PT Field Goal
1630178,2025-26,-32,183,False,2PT Field Goal
1630178,2025-26,10,17,False,2PT Field Goal
1630178,2025-26,-6,63,False,2PT Field Goal
1630178,2025-26,18,12,True,2PT Field Goal
1630178,2025-26,11,267,True,3PT Field Goal
1630178,2025-26,100,84,False,2PT Field Goal
1630178,2025-26,4,52,True,2PT Field Goal
1630178,2025-26,27,269,True,3PT Field Goal
1630178,2025-26,115,243,False,3PT Field Goal
1630178,2025-26,22,13,True,2PT Field Goal
1630178,2025-26,-70,284,False,3PT Field Goal
1630178,2025-26,7,7,False,2PT Field Goal
1630178,2025-26,2,46,True,2PT Field Goal
1630178,2025-26,44,279,False,3PT Field Goal
1630178,2025-26,4,21,False,2PT Field Goal
1630178,2025-26,65,260,False,3PT Field Goal
1630178,2025-26,38,53,False,2PT Field Goal
1630178,2025-26,108,261,False,3PT Field Goal
1630178,2025-26,-15,16,False,2PT Field Goal
1630178,2025-26,7,13,True,2PT Field Goal
1630178,2025-26,-5,37,False,2PT Field Goal
1630178,2025-26,29,6,False,2PT Field Goal
1630178,2025-26,-17,269,False,3PT Field Goal
1630178,2025-26,32,163,False,2PT Field Goal
1630178,2025-26,-1,10,True,2PT Field Goal
1630178,2025-26,96,278,False,3PT Field Goal
1630178,2025-26,0,27,True,2PT Field Goal
1630178,2025-26,16,256,True,3PT Field Goal
1630178,2025-26,185,175,False,3PT Field Goal
1630178,2025-26,54,75,False,2PT Field Goal
1630178,2025-26,98,233,False,3PT Field Goal
1630178,2025-26,-11,15,False,2PT Field Goal
1630178,2025-26,104,181,False,2PT Field Goal
1630178,2025-26,-12,110,False,2PT Field Goal
1630178,2025-26,7,5,True,2PT Field Goal
1630178,2025-26,-33,268,True,3PT Field Goal
1630178,2025-26,71,67,True,2PT Field Goal
1630178,2025-26,76,-4,False,2PT Field Goal
1630178,2025-26,158,227,True,3PT Field Goal
1630178,2025-26,-48,266,False,3PT Field Goal
1630178,2025-26,165,221,True,3PT Field Goal
1630178,2025-26,-82,250,True,3PT Field Goal
1630178,2025-26,-87,251,False,3PT Field Goal
1630178,2025-26,11,36,False,2PT Field Goal
1630178,2025-26,10,26,True,2PT Field Goal
1630178,2025-26,-10,-1,True,2PT Field Goal
1630178,2025-26,-2,14,False,2PT Field Goal
1630178,2025-26,36,268,False,3PT Field Goal
1630178,2025-26,-4,13,False,2PT Field Goal
1630178,2025-26,-26,8,False,2PT Field Goal
1630178,2025-26,-82,243,False,3PT Field Goal
1630178,2025-26,-4,34,True,2PT Field Goal
1630178,2025-26,-10,293,True,3PT Field Goal
1630178,2025-26,-13,18,True,2PT Field Goal
1630178,2025-26,11,16,True,2PT Field Goal
1630178,2025-26,-13,23,True,2PT Field Goal
1630178,2025-26,13,22,True,2PT Field Goal
1630178,2025-26,-158,273,False,3PT Field Goal
1630178,2025-26,47,16,True,2PT Field Goal
1630178,2025-26,-206,152,True,3PT Field Goal
1630178,2025-26,48,13,False,2PT Field Goal
1630178,2025-26,-2,246,False,3PT Field Goal
1630178,2025-26,-154,199,False,3PT Field Goal
1630178,2025-26,232,26,False,3PT Field Goal
1630178,2025-26,-6,146,False,2PT Field Goal
1630178,2025-26,-25,129,False,2PT Field Goal
1630178,2025-26,4,-6,True,2PT Field Goal
1630178,2025-26,-137,205,False,3PT Field Goal
1630178,2025-26,-40,15,True,2PT Field Goal
1630178,2025-26,208,17,True,2PT Field Goal
1630178,2025-26,4,10,True,2PT Field Goal
1630178,2025-26,9,68,True,2PT Field Goal
1630178,2025-26,127,263,True,3PT Field Goal
1630178,2025-26,25,32,True,2PT Field Goal
1630178,2025-26,-97,264,False,3PT Field Goal
1630178,2025-26,-213,134,True,3PT Field Goal
1630178,2025-26,49,269,True,3PT Field Goal
1630178,2025-26,20,15,True,2PT Field Goal
1630178,2025-26,70,269,True,3PT Field Goal
1630178,2025-26,113,277,False,3PT Field Goal
1630178,2025-26,71,166,True,2PT Field Goal
1630178,2025-26,36,19,False,2PT Field Goal
1630178,2025-26,33,20,True,2PT Field Goal
1630178,2025-26,-2,42,False,2PT Field Goal
1630178,2025-26,0,0,True,2PT Field Goal
1630178,2025-26,2,106,False,2PT Field Goal
1630178,2025-26,20,15,False,2PT Field Goal
1630178,2025-26,82,157,False,2PT Field Goal
1630178,2025-26,31,10,True,2PT Field Goal
1630178,2025-26,-2,257,False,3PT Field Goal
1630178,2025-26,-108,226,True,3PT Field Goal
1630178,2025-26,-22,26,False,2PT Field Goal
1630178,2025-26,-199,155,False,3PT Field Goal
1630178,2025-26,-186,199,False,3PT Field Goal
1630178,2025-26,42,122,False,2PT Field Goal
1630178,2025-26,-17,9,True,2PT Field Goal
1630178,2025-26,-10,16,True,2PT Field Goal
1630178,2025-26,18,15,True,2PT Field Goal
1630178,2025-26,-153,197,True,3PT Field Goal
1630178,2025-26,176,204,False,3PT Field Goal
1630178,2025-26,-7,19,True,2PT Field Goal
1630178,2025-26,216,131,False,3PT Field Goal
1630178,2025-26,92,52,False,2PT Field Goal
1630178,2025-26,86,241,True,3PT Field Goal
1630178,2025-26,150,228,False,3PT Field Goal
1630178,2025-26,17,25,True,2PT Field Goal
1630178,2025-26,27,15,True,2PT Field Goal
1630178,2025-26,17,23,True,2PT Field Goal
1630178,2025-26,21,28,True,2PT Field Goal
1630178,2025-26,65,248,False,3PT Field Goal
1630178,2025-26,12,83,True,2PT Field Goal
1630178,2025-26,86,242,True,3PT Field Goal
1630178,2025-26,5,48,False,2PT Field Goal
1630178,2025-26,-63,122,True,2PT Field Goal
1630178,2025-26,147,209,False,3PT Field Goal
1630178,2025-26,7,8,False,2PT Field Goal
1630178,2025-26,11,13,False,2PT Field Goal
1630178,2025-26,-15,4,True,2PT Field Goal
1630178,2025-26,4,47,True,2PT Field Goal
1630178,2025-26,-27,-2,True,2PT Field Goal
1630178,2025-26,76,78,False,2PT Field Goal
1630178,2025-26,104,67,True,2PT Field Goal
1630178,2025-26,-2,-12,True,2PT Field Goal
1630178,2025-26,169,192,False,3PT Field Goal
1630178,2025-26,127,225,True,3PT Field Goal
1630178,2025-26,25,278,True,3PT Field Goal
1630178,2025-26,82,32,False,2PT Field Goal
1630178,2025-26,-189,189,True,3PT Field Goal
1630178,2025-26,-10,44,True,2PT Field Goal
1630178,2025-26,148,212,True,3PT Field Goal
1630178,2025-26,89,263,True,3PT Field Goal
1630178,2025-26,37,102,False,2PT Field Goal
1630178,2025-26,174,220,False,3PT Field Goal
1630178,2025-26,5,-3,True,2PT Field Goal
1630178,2025-26,151,37,True,2PT Field Goal
1630178,2025-26,192,157,True,3PT Field Goal
1630178,2025-26,-195,167,False,3PT Field Goal
1630178,2025-26,-11,70,True,2PT Field Goal
1630178,2025-26,-129,226,True,3PT Field Goal
1630178,2025-26,-165,236,False,3PT Field Goal
1630178,2025-26,-36,285,True,3PT Field Goal
1630178,2025-26,20,-9,False,2PT Field Goal
1630178,2025-26,6,18,False,2PT Field Goal
1630178,2025-26,7,15,True,2PT Field Goal
1630178,2025-26,22,6,True,2PT Field Goal
1630178,2025-26,-31,9,False,2PT Field Goal
1630178,2025-26,12,8,True,2PT Field Goal
1630178,2025-26,107,132,True,2PT Field Goal
1630178,2025-26,71,197,False,2PT Field Goal
1630178,2025-26,-89,246,True,3PT Field Goal
1630178,2025-26,-54,263,True,3PT Field Goal
1630178,2025-26,11,14,False,2PT Field Goal
1630178,2025-26,-235,66,False,3PT Field Goal
1630178,2025-26,-13,4,True,2PT Field Goal
1630178,2025-26,174,213,False,3PT Field Goal
1630178,2025-26,7,0,False,2PT Field Goal
1630178,2025-26,-161,189,False,3PT Field Goal
1630178,2025-26,45,69,False,2PT Field Goal
1630178,2025-26,140,240,True,3PT Field Goal
1630178,2025-26,178,199,False,3PT Field Goal
1630178,2025-26,11,22,True,2PT Field Goal
1630178,2025-26,9,271,True,3PT Field Goal
1630178,2025-26,82,279,False,3PT Field Goal
1630178,2025-26,-54,276,True,3PT Field Goal
1630178,2025-26,-192,183,False,3PT Field Goal
1630178,2025-26,12,13,True,2PT Field Goal
1630178,2025-26,-124,246,True,3PT Field Goal
1630178,2025-26,-214,130,False,3PT Field Goal
1630178,2025-26,225,17,False,3PT Field Goal
1630178,2025-26,-7,1,True,2PT Field Goal
1630178,2025-26,26,15,True,2PT Field Goal
1630178,2025-26,153,214,False,3PT Field Goal
1630178,2025-26,20,4,True,2PT Field Goal
1630178,2025-26,-13,25,False,2PT Field Goal
1630178,2025-26,85,254,False,3PT Field Goal
1630178,2025-26,-234,31,False,3PT Field Goal
1630178,2025-26,-240,36,False,3PT Field Goal
1630178,2025-26,-66,63,False,2PT Field Goal
1630178,2025-26,115,243,False,3PT Field Goal
1630178,2025-26,18,5,True,2PT Field Goal
1630178,2025-26,36,8,False,2PT Field Goal
1630178,2025-26,10,-1,True,2PT Field Goal
1630178,2025-26,-6,13,False,2PT Field Goal
1630178,2025-26,54,29,False,2PT Field Goal
1630178,2025-26,-20,25,True,2PT Field Goal
1630178,2025-26,161,32,True,2PT Field Goal
1630178,2025-26,131,236,True,3PT Field Goal
1630178,2025-26,-145,222,False,3PT Field Goal
1630178,2025-26,178,-26,False,2PT Field Goal
1630178,2025-26,16,-5,True,2PT Field Goal
1630178,2025-26,62,83,True,2PT Field Goal
1630178,2025-26,13,8,True,2PT Field Goal
1630178,2025-26,-44,258,True,3PT Field Goal
1630178,2025-26,240,31,True,3PT Field Goal
1630178,2025-26,-56,53,False,2PT Field Goal
1630178,2025-26,-36,256,False,3PT Field Goal
1630178,2025-26,45,94,False,2PT Field Goal
1630178,2025-26,131,248,False,3PT Field Goal
1630178,2025-26,-38,105,False,2PT Field Goal
1630178,2025-26,112,36,False,2PT Field Goal
1630178,2025-26,10,-1,True,2PT Field Goal
1630178,2025-26,-232,14,True,3PT Field Goal
1630178,2025-26,4,94,False,2PT Field Goal
1630178,2025-26,-129,16,True,2PT Field Goal
1630178,2025-26,-5,4,True,2PT Field Goal
1630178,2025-26,-49,39,True,2PT Field Goal
1630178,2025-26,136,209,False,3PT Field Goal
1630178,2025-26,20,22,False,2PT Field Goal
1630178,2025-26,-20,195,True,2PT Field Goal
1630178,2025-26,36,38,True,2PT Field Goal
1630178,2025-26,-15,293,False,3PT Field Goal
1630178,2025-26,40,120,False,2PT Field Goal
1630178,2025-26,-27,121,True,2PT Field Goal
1630178,2025-26,-58,90,False,2PT Field Goal
1630178,2025-26,81,199,False,2PT Field Goal
1630178,2025-26,77,200,False,2PT Field Goal
1630178,2025-26,38,64,True,2PT Field Goal
1630178,2025-26,69,252,False,3PT Field Goal
1630178,2025-26,86,179,True,2PT Field Goal
1630178,2025-26,12,11,True,2PT Field Goal
1630178,2025-26,-116,269,True,3PT Field Goal
1630178,2025-26,178,31,True,2PT Field Goal
1630178,2025-26,104,55,True,2PT Field Goal
1630178,2025-26,-65,294,False,3PT Field Goal
1630178,2025-26,-112,243,True,3PT Field Goal
1630178,2025-26,0,-1,True,2PT Field Goal
1630178,2025-26,55,29,True,2PT Field Goal
1630178,2025-26,134,247,True,3PT Field Goal
1630178,2025-26,-126,239,True,3PT Field Goal
1630178,2025-26,129,229,True,3PT Field Goal
1630178,2025-26,-74,236,False,3PT Field Goal
1630178,2025-26,102,275,False,3PT Field Goal
1630178,2025-26,96,246,True,3PT Field Goal
1630178,2025-26,-25,205,True,2PT Field Goal
1630178,2025-26,-51,113,False,2PT Field Goal
1630178,2025-26,0,65,False,2PT Field Goal
1630178,2025-26,-59,269,True,3PT Field Goal
1630178,2025-26,18,26,False,2PT Field Goal
1630178,2025-26,88,181,False,2PT Field Goal
1630178,2025-26,2,133,True,2PT Field Goal
1630178,2025-26,123,-8,False,2PT Field Goal
1630178,2025-26,-51,195,True,2PT Field Goal
1630178,2025-26,39,189,False,2PT Field Goal
1630178,2025-26,83,253,False,3PT Field Goal
1630178,2025-26,-126,263,True,3PT Field Goal
1630178,2025-26,88,272,False,3PT Field Goal
1630178,2025-26,-235,54,False,3PT Field Goal
1630178,2025-26,26,22,False,2PT Field Goal
1630178,2025-26,11,271,False,3PT Field Goal
1630178,2025-26,162,197,False,3PT Field Goal
1630178,2025-26,234,17,True,3PT Field Goal
1630178,2025-26,61,251,False,3PT Field Goal
1630178,2025-26,-5,1,True,2PT Field Goal
1630178,2025-26,9,25,False,2PT Field Goal
1630178,2025-26,-4,111,True,2PT Field Goal
1630178,2025-26,29,17,True,2PT Field Goal
1630178,2025-26,-192,179,False,3PT Field Goal
1630178,2025-26,37,253,False,3PT Field Goal
1630178,2025-26,-6,76,False,2PT Field Goal
1630178,2025-26,-7,32,False,2PT Field Goal
1630178,2025-26,-11,272,False,3PT Field Goal
1630178,2025-26,-153,218,True,3PT Field Goal
1630178,2025-26,4,28,True,2PT Field Goal
1630178,2025-26,50,263,False,3PT Field Goal
1630178,2025-26,6,105,False,2PT Field Goal
1630178,2025-26,-32,11,True,2PT Field Goal
1630178,2025-26,38,25,False,2PT Field Goal
1630178,2025-26,143,220,False,3PT Field Goal
1630178,2025-26,-107,17,False,2PT Field Goal
1630178,2025-26,200,163,True,3PT Field Goal
1630178,2025-26,16,-2,False,2PT Field Goal
1630178,2025-26,224,61,False,3PT Field Goal
1630178,2025-26,-74,16,False,2PT Field Goal
1630178,2025-26,22,-2,True,2PT Field Goal
1630178,2025-26,71,200,True,2PT Field Goal
1630178,2025-26,31,13,False,2PT Field Goal
1630178,2025-26,-20,80,True,2PT Field Goal
1630178,2025-26,-36,205,False,2PT Field Goal
1630178,2025-26,-2,21,True,2PT Field Goal
1630178,2025-26,2,102,True,2PT Field Goal
1630178,2025-26,-124,267,True,3PT Field Goal
1630178,2025-26,4,8,True,2PT Field Goal
1630178,2025-26,40,53,False,2PT Field Goal
1630178,2025-26,16,170,False,2PT Field Goal
1630178,2025-26,108,27,False,2PT Field Goal
1630178,2025-26,43,256,False,3PT Field Goal
1630178,2025-26,4,10,True,2PT Field Goal
1630178,2025-26,-7,1,True,2PT Field Goal
1630178,2025-26,6,25,False,2PT Field Goal
1630178,2025-26,151,42,False,2PT Field Goal
1630178,2025-26,22,255,False,3PT Field Goal
1630178,2025-26,15,11,True,2PT Field Goal
1630178,2025-26,-5,146,False,2PT Field Goal
1630178,2025-26,-5,73,False,2PT Field Goal
1630178,2025-26,6,11,True,2PT Field Goal
1630178,2025-26,12,4,True,2PT Field Goal
1630178,2025-26,91,255,False,3PT Field Goal
1630178,2025-26,16,3,False,2PT Field Goal
1630178,2025-26,10,74,True,2PT Field Goal
1630178,2025-26,16,4,True,2PT Field Goal
1630178,2025-26,5,99,True,2PT Field Goal
1630178,2025-26,-130,236,False,3PT Field Goal
1630178,2025-26,-13,264,False,3PT Field Goal
1630178,2025-26,17,13,False,2PT Field Goal
1630178,2025-26,33,176,False,2PT Field Goal
1630178,2025-26,5,105,False,2PT Field Goal
1630178,2025-26,26,137,True,2PT Field Goal
1630178,2025-26,11,125,False,2PT Field Goal
1630178,2025-26,0,17,True,2PT Field Goal
1630178,2025-26,56,282,False,3PT Field Goal
1630178,2025-26,-55,170,False,2PT Field Goal
1630178,2025-26,-121,247,False,3PT Field Goal
1630178,2025-26,-82,147,False,2PT Field Goal
1630178,2025-26,-213,165,True,3PT Field Goal
1630178,2025-26,-33,169,False,2PT Field Goal
1630178,2025-26,7,17,True,2PT Field Goal
1630178,2025-26,17,7,False,2PT Field Goal
1630178,2025-26,-224,46,False,3PT Field Goal
1630178,2025-26,61,70,False,2PT Field Goal
1630178,2025-26,4,8,True,2PT Field Goal
1630178,2025-26,118,249,True,3PT Field Goal
1630178,2025-26,23,17,False,2PT Field Goal
1630178,2025-26,244,64,False,3PT Field Goal
1630178,2025-26,-15,6,True,2PT Field Goal
1630178,2025-26,12,10,False,2PT Field Goal
1630178,2025-26,-10,29,False,2PT Field Goal
1630178,2025-26,100,258,False,3PT Field Goal
1630178,2025-26,123,238,False,3PT Field Goal
1630178,2025-26,4,39,False,2PT Field Goal
1630178,2025-26,-169,200,False,3PT Field Goal
1630178,2025-26,126,242,True,3PT Field Goal
1630178,2025-26,-100,253,False,3PT Field Goal
1630178,2025-26,-32,1,True,2PT Field Goal
1630178,2025-26,88,244,False,3PT Field Goal
1630178,2025-26,-37,99,True,2PT Field Goal
1630178,2025-26,-9,4,True,2PT Field Goal
1630178,2025-26,7,13,True,2PT Field Goal
1630178,2025-26,173,73,True,2PT Field Goal
1630178,2025-26,165,211,False,3PT Field Goal
1630178,2025-26,234,69,True,3PT Field Goal
1630178,2025-26,85,127,False,2PT Field Goal
1630178,2025-26,-13,87,True,2PT Field Goal
1630178,2025-26,86,157,False,2PT Field Goal
1630178,2025-26,172,213,False,3PT Field Goal
1630178,2025-26,239,22,False,3PT Field Goal
1630178,2025-26,-25,-4,True,2PT Field Goal
1630178,2025-26,-21,-2,True,2PT Field Goal
1630178,2025-26,-26,13,True,2PT Field Goal
1630178,2025-26,109,162,True,2PT Field Goal
1630178,2025-26,-9,25,True,2PT Field Goal
1630178,2025-26,15,14,False,2PT Field Goal
1630178,2025-26,-7,37,True,2PT Field Goal
1630178,2025-26,7,1,False,2PT Field Goal
1630178,2025-26,5,0,True,2PT Field Goal
1630178,2025-26,-185,190,True,3PT Field Goal
1630178,2025-26,-5,29,True,2PT Field Goal
1630178,2025-26,-51,58,True,2PT Field Goal
1630178,2025-26,-146,210,False,3PT Field Goal
1630178,2025-26,134,1,True,2PT Field Goal
1630178,2025-26,-58,248,False,3PT Field Goal
1630178,2025-26,11,17,False,2PT Field Goal
1630178,2025-26,76,27,False,2PT Field Goal
1630178,2025-26,217,157,True,3PT Field Goal
1630178,2025-26,-10,270,False,3PT Field Goal
1630178,2025-26,93,151,False,2PT Field Goal
1630178,2025-26,21,6,True,2PT Field Goal
1630178,2025-26,10,268,True,3PT Field Goal
1630178,2025-26,4,27,True,2PT Field Goal
1630178,2025-26,5,269,False,3PT Field Goal
1630178,2025-26,-224,89,False,3PT Field Goal
1630178,2025-26,-112,85,False,2PT Field Goal
1630178,2025-26,4,205,True,2PT Field Goal
1630178,2025-26,-10,73,False,2PT Field Goal
1630178,2025-26,162,215,False,3PT Field Goal
1630178,2025-26,-61,124,False,2PT Field Goal
1630178,2025-26,77,32,False,2PT Field Goal
1630178,2025-26,-15,25,False,2PT Field Goal
1630178,2025-26,180,205,False,3PT Field Goal
1630178,2025-26,32,27,True,2PT Field Goal
1630178,2025-26,50,47,True,2PT Field Goal
1630178,2025-26,44,55,False,2PT Field Goal
1630178,2025-26,-108,152,True,2PT Field Goal
1630178,2025-26,65,282,False,3PT Field Goal
1630178,2025-26,-23,31,False,2PT Field Goal
1630178,2025-26,27,26,False,2PT Field Goal
1630178,2025-26,6,-2,True,2PT Field Goal
1630178,2025-26,-5,32,True,2PT Field Goal
1630178,2025-26,130,226,True,3PT Field Goal
1630178,2025-26,-176,201,False,3PT Field Goal
1630178,2025-26,118,245,False,3PT Field Goal
1630178,2025-26,-152,241,True,3PT Field Goal
1630178,2025-26,-89,255,False,3PT Field Goal
1630178,2025-26,-16,258,False,3PT Field Goal
1630178,2025-26,15,10,True,2PT Field Goal
1630178,2025-26,-100,256,False,3PT Field Goal
1630178,2025-26,-5,143,True,2PT Field Goal
1630178,2025-26,11,43,True,2PT Field Goal
1630178,2025-26,22,5,True,2PT Field Goal
1630178,2025-26,80,76,False,2PT Field Goal
1630178,2025-26,-42,55,False,2PT Field Goal
1630178,2025-26,-6,162,True,2PT Field Goal
1630178,2025-26,-26,276,True,3PT Field Goal
1630178,2025-26,-202,184,True,3PT Field Goal
1630178,2025-26,170,219,False,3PT Field Goal
1630178,2025-26,-167,193,False,3PT Field Goal
1630178,2025-26,12,11,True,2PT Field Goal
1630178,2025-26,-2,11,True,2PT Field Goal
1630178,2025-26,103,264,True,3PT Field Goal
1630178,2025-26,-27,281,True,3PT Field Goal
1630178,2025-26,161,215,False,3PT Field Goal
1630178,2025-26,-16,257,False,3PT Field Goal
1630178,2025-26,25,5,True,2PT Field Goal
1630178,2025-26,-12,29,True,2PT Field Goal
1630178,2025-26,-21,17,False,2PT Field Goal
1630178,2025-26,-199,179,False,3PT Field Goal
1630178,2025-26,-21,29,True,2PT Field Goal
1630178,2025-26,11,13,True,2PT Field Goal
1630178,2025-26,-16,12,True,2PT Field Goal
1630178,2025-26,32,10,True,2PT Field Goal
1630178,2025-26,108,281,False,3PT Field Goal
1630178,2025-26,-5,109,False,2PT Field Goal
1630178,2025-26,-165,210,False,3PT Field Goal
1630178,2025-26,88,266,True,3PT Field Goal
1630178,2025-26,-222,136,True,3PT Field Goal
1630178,2025-26,114,253,False,3PT Field Goal
1630178,2025-26,0,17,False,2PT Field Goal
1630178,2025-26,120,244,False,3PT Field Goal
1630178,2025-26,-12,29,True,2PT Field Goal
1630178,2025-26,27,65,False,2PT Field Goal
1630178,2025-26,4,5,False,2PT Field Goal
1630178,2025-26,-21,15,False,2PT Field Goal
1630178,2025-26,-174,222,True,3PT Field Goal
1630178,2025-26,-16,26,True,2PT Field Goal
1630178,2025-26,-140,254,False,3PT Field Goal
1630178,2025-26,-9,31,False,2PT Field Goal
1630178,2025-26,-98,248,True,3PT Field Goal
1630178,2025-26,-11,59,False,2PT Field Goal
1630178,2025-26,127,253,True,3PT Field Goal
1630178,2025-26,150,232,True,3PT Field Goal
1630178,2025-26,-55,274,True,3PT Field Goal
1630178,2025-26,16,293,True,3PT Field Goal
1630178,2025-26,103,234,False,3PT Field Goal
1630178,2025-26,104,266,False,3PT Field Goal
1630178,2025-26,102,257,True,3PT Field Goal
1630178,2025-26,13,267,False,3PT Field Goal
1630178,2025-26,34,28,False,2PT Field Goal
1630178,2025-26,-121,251,False,3PT Field Goal
1630178,2025-26,-64,174,True,2PT Field Goal
1630178,2025-26,-110,275,False,3PT Field Goal
1630178,2025-26,-118,272,False,3PT Field Goal
1630178,2025-26,92,263,True,3PT Field Goal
1630178,2025-26,51,162,True,2PT Field Goal
1630178,2025-26,-190,183,True,3PT Field Goal
1630178,2025-26,-125,259,False,3PT Field Goal
1630178,2025-26,-191,177,False,3PT Field Goal
1630178,2025-26,-130,120,False,2PT Field Goal
1630178,2025-26,228,-1,False,3PT Field Goal
1630178,2025-26,-15,47,True,2PT Field Goal
1630178,2025-26,9,266,False,3PT Field Goal
1630178,2025-26,150,211,False,3PT Field Goal
1630178,2025-26,-26,20,True,2PT Field Goal
1630178,2025-26,-176,115,False,2PT Field Goal
1630178,2025-26,-147,223,True,3PT Field Goal
1630178,2025-26,17,15,True,2PT Field Goal
1630178,2025-26,64,264,False,3PT Field Goal
1630178,2025-26,-9,6,True,2PT Field Goal
1630178,2025-26,81,243,False,3PT Field Goal
1630178,2025-26,-179,210,False,3PT Field Goal
1630178,2025-26,-237,37,False,3PT Field Goal
1630178,2025-26,88,249,False,3PT Field Goal
1630178,2025-26,71,74,False,2PT Field Goal
1630178,2025-26,20,12,True,2PT Field Goal
1630178,2025-26,1,24,True,2PT Field Goal
1630178,2025-26,6,19,True,2PT Field Goal
1630178,2025-26,-72,127,True,2PT Field Goal
1630178,2025-26,16,63,True,2PT Field Goal
1630178,2025-26,-102,257,False,3PT Field Goal
1630178,2025-26,42,115,False,2PT Field Goal
1630178,2025-26,43,62,True,2PT Field Goal
1630178,2025-26,141,266,False,3PT Field Goal
1630178,2025-26,40,19,False,2PT Field Goal
1630178,2025-26,-116,251,True,3PT Field Goal
1630178,2025-26,11,30,True,2PT Field Goal
1630178,2025-26,40,56,True,2PT Field Goal
1630178,2025-26,-34,257,False,3PT Field Goal
1630178,2025-26,186,276,False,3PT Field Goal
1630178,2025-26,-1,8,False,2PT Field Goal
1630178,2025-26,-173,195,False,3PT Field Goal
1630178,2025-26,238,4,True,3PT Field Goal
1630178,2025-26,-230,78,False,3PT Field Goal
1630178,2025-26,-31,267,True,3PT Field Goal
1630178,2025-26,-2,9,True,2PT Field Goal
1630178,2025-26,158,29,True,2PT Field Goal
1630178,2025-26,66,266,False,3PT Field Goal
1630178,2025-26,130,-16,True,2PT Field Goal
1630178,2025-26,81,107,False,2PT Field Goal
1630178,2025-26,173,28,False,2PT Field Goal
1630178,2025-26,66,293,False,3PT Field Goal
1630178,2025-26,-4,-3,True,2PT Field Goal
1630178,2025-26,94,139,False,2PT Field Goal
1630178,2025-26,110,26,True,2PT Field Goal
1630178,2025-26,-214,228,False,3PT Field Goal
1630178,2025-26,2,-20,False,2PT Field Goal
1630178,2025-26,-174,265,False,3PT Field Goal
1630178,2025-26,-82,43,False,2PT Field Goal
1630178,2025-26,150,221,True,3PT Field Goal
1630178,2025-26,45,73,False,2PT Field Goal
1630178,2025-26,-34,167,True,2PT Field Goal
1630178,2025-26,11,16,True,2PT Field Goal
1630178,2025-26,58,287,False,3PT Field Goal
1630178,2025-26,-18,15,True,2PT Field Goal
1630178,2025-26,-175,201,False,3PT Field Goal
1630178,2025-26,18,10,True,2PT Field Goal
1630178,2025-26,-64,250,False,3PT Field Goal
1630178,2025-26,-20,61,True,2PT Field Goal
1630178,2025-26,85,278,False,3PT Field Goal
1630178,2025-26,-100,256,False,3PT Field Goal
1630178,2025-26,-4,52,True,2PT Field Goal
1630178,2025-26,23,153,False,2PT Field Goal
1630178,2025-26,99,241,True,3PT Field Goal
1630178,2025-26,-23,97,False,2PT Field Goal
1630178,2025-26,-42,262,False,3PT Field Goal
1630178,2025-26,7,15,True,2PT Field Goal
1630178,2025-26,118,106,True,2PT Field Goal
1630178,2025-26,1,20,False,2PT Field Goal
1630178,2025-26,-232,54,True,3PT Field Goal
1630178,2025-26,74,257,False,3PT Field Goal
1630178,2025-26,-25,32,False,2PT Field Goal
1630178,2025-26,-56,267,False,3PT Field Goal
1630178,2025-26,15,11,True,2PT Field Goal
1630178,2025-26,-9,8,False,2PT Field Goal
1630178,2025-26,-5,10,True,2PT Field Goal
1630178,2025-26,0,14,True,2PT Field Goal
1630178,2025-26,121,237,True,3PT Field Goal
1630178,2025-26,-58,261,False,3PT Field Goal
1630178,2025-26,12,27,False,2PT Field Goal
1630178,2025-26,-60,89,True,2PT Field Goal
1630178,2025-26,4,17,True,2PT Field Goal
1630178,2025-26,124,126,False,2PT Field Goal
1630178,2025-26,-29,11,False,2PT Field Goal
1630178,2025-26,-50,256,True,3PT Field Goal
1630178,2025-26,56,264,False,3PT Field Goal
1630178,2025-26,-223,100,False,3PT Field Goal
1630178,2025-26,-87,272,True,3PT Field Goal
1630178,2025-26,-34,193,False,2PT Field Goal
1630178,2025-26,-4,8,True,2PT Field Goal
1630178,2025-26,12,13,False,2PT Field Goal
1630178,2025-26,-17,288,False,3PT Field Goal
1630178,2025-26,-20,9,True,2PT Field Goal
1630178,2025-26,-2,100,False,2PT Field Goal
1630178,2025-26,109,253,False,3PT Field Goal
1630178,2025-26,49,35,False,2PT Field Goal
1630178,2025-26,223,2,False,3PT Field Goal
1630178,2025-26,148,227,False,3PT Field Goal
1630178,2025-26,10,21,False,2PT Field Goal
1630178,2025-26,15,16,False,2PT Field Goal
1630178,2025-26,-7,281,True,3PT Field Goal
1630178,2025-26,-87,188,False,2PT Field Goal
1630178,2025-26,1,9,True,2PT Field Goal
1630178,2025-26,-9,15,False,2PT Field Goal
1630178,2025-26,-174,232,True,3PT Field Goal
1630178,2025-26,-36,33,False,2PT Field Goal
1630178,2025-26,-1,13,True,2PT Field Goal
1630178,2025-26,109,259,True,3PT Field Goal
1630178,2025-26,-33,290,False,3PT Field Goal
1630178,2025-26,22,20,True,2PT Field Goal
1630178,2025-26,69,268,True,3PT Field Goal
1630178,2025-26,-129,238,False,3PT Field Goal
1630178,2025-26,13,18,False,2PT Field Goal
1630178,2025-26,-38,278,False,3PT Field Goal
1630178,2025-26,-104,242,False,3PT Field Goal
1630178,2025-26,-180,180,False,3PT Field Goal
1630178,2025-26,2,66,False,2PT Field Goal
1630178,2025-26,156,236,False,3PT Field Goal
1630178,2025-26,119,129,False,2PT Field Goal
1630178,2025-26,-17,125,False,2PT Field Goal
1630178,2025-26,15,8,True,2PT Field Goal
1630178,2025-26,-4,9,False,2PT Field Goal
1630178,2025-26,86,125,True,2PT Field Goal
1630178,2025-26,-116,220,True,3PT Field Goal
1630178,2025-26,-184,197,False,3PT Field Goal
1630178,2025-26,17,79,True,2PT Field Goal
1630178,2025-26,-75,64,True,2PT Field Goal
1630178,2025-26,229,15,False,3PT Field Goal
1630178,2025-26,-115,256,False,3PT Field Goal
1630178,2025-26,20,256,True,3PT Field Goal
1630178,2025-26,12,-3,True,2PT Field Goal
1630178,2025-26,-197,199,False,3PT Field Goal
1630178,2025-26,23,249,False,3PT Field Goal
1630178,2025-26,27,10,True,2PT Field Goal
1630178,2025-26,12,33,False,2PT Field Goal
1630178,2025-26,70,267,False,3PT Field Goal
1630178,2025-26,-153,262,False,3PT Field Goal
1630178,2025-26,-167,62,True,2PT Field Goal
1630178,2025-26,164,6,False,2PT Field Goal
1630178,2025-26,-200,157,True,3PT Field Goal
1630178,2025-26,-119,300,False,3PT Field Goal
1630178,2025-26,8,78,True,2PT Field Goal
1630178,2025-26,-112,246,False,3PT Field Goal
1630178,2025-26,75,245,True,3PT Field Goal
1630178,2025-26,86,39,False,2PT Field Goal
1630178,2025-26,9,17,True,2PT Field Goal
1630178,2025-26,48,102,True,2PT Field Goal
1630178,2025-26,-21,31,False,2PT Field Goal
1630178,2025-26,-152,221,False,3PT Field Goal
1630178,2025-26,-168,41,True,2PT Field Goal
1630178,2025-26,34,13,True,2PT Field Goal
1630178,2025-26,-28,130,True,2PT Field Goal
1630178,2025-26,2,79,False,2PT Field Goal
1630178,2025-26,164,111,False,2PT Field Goal
1630178,2025-26,-9,9,True,2PT Field Goal
1630178,2025-26,65,151,True,2PT Field Goal
1630178,2025-26,-32,53,True,2PT Field Goal
1630178,2025-26,-15,179,False,2PT Field Goal
1630178,2025-26,148,215,True,3PT Field Goal
1630178,2025-26,-4,159,True,2PT Field Goal
1630178,2025-26,53,84,False,2PT Field Goal
1630178,2025-26,-12,38,True,2PT Field Goal
1630178,2025-26,1,8,True,2PT Field Goal
1630178,2025-26,92,121,False,2PT Field Goal
1630178,2025-26,15,250,True,3PT Field Goal
1630178,2025-26,-37,101,False,2PT Field Goal
1630178,2025-26,-5,16,True,2PT Field Goal
1630178,2025-26,-7,-6,False,2PT Field Goal
1630178,2025-26,-60,6,False,2PT Field Goal
1630178,2025-26,-62,261,False,3PT Field Goal
1630178,2025-26,-164,190,True,3PT Field Goal
1630178,2025-26,-27,-10,False,2PT Field Goal
1630178,2025-26,152,266,True,3PT Field Goal
1630178,2025-26,-21,78,True,2PT Field Goal
1630178,2025-26,31,308,False,3PT Field Goal
1630178,2025-26,-10,-8,True,2PT Field Goal
1630178,2025-26,188,278,False,3PT Field Goal
1630178,2025-26,-163,230,False,3PT Field Goal
1630178,2025-26,11,2,False,2PT Field Goal
1630178,2025-26,0,0,True,2PT Field Goal
1630178,2025-26,-10,68,False,2PT Field Goal
1630178,2025-26,0,-4,True,2PT Field Goal
1630178,2025-26,7,62,False,2PT Field Goal
1630178,2025-26,120,231,False,3PT Field Goal
1630178,2025-26,5,8,True,2PT Field Goal
1630178,2025-26,-7,65,True,2PT Field Goal
1630178,2025-26,-188,278,False,3PT Field Goal
1630178,2025-26,23,136,True,2PT Field Goal
1630178,2025-26,-50,155,False,2PT Field Goal
1630178,2025-26,58,100,False,2PT Field Goal
1630178,2025-26,39,16,False,2PT Field Goal
1630178,2025-26,-31,274,True,3PT Field Goal
1630178,2025-26,108,295,True,3PT Field Goal
1630178,2025-26,56,274,False,3PT Field Goal
1630178,2025-26,-147,231,True,3PT Field Goal
1630178,2025-26,125,235,False,3PT Field Goal
1630178,2025-26,55,45,True,2PT Field Goal
1630178,2025-26,55,152,False,2PT Field Goal
1630178,2025-26,-7,272,True,3PT Field Goal
1630178,2025-26,126,262,True,3PT Field Goal
1630178,2025-26,134,236,False,3PT Field Goal
1630178,2025-26,227,69,False,3PT Field Goal
1630178,2025-26,129,248,False,3PT Field Goal
1630178,2025-26,218,305,False,3PT Field Goal
1630178,2025-26,189,73,False,2PT Field Goal
1630178,2025-26,13,20,False,2PT Field Goal
1630178,2025-26,123,253,False,3PT Field Goal
1630178,2025-26,9,73,False,2PT Field Goal
1630178,2025-26,7,27,False,2PT Field Goal
1630178,2025-26,-2,69,True,2PT Field Goal
1630178,2025-26,-15,26,True,2PT Field Goal
1630178,2025-26,1,18,False,2PT Field Goal
1630178,2025-26,-20,5,False,2PT Field Goal
1630178,2025-26,0,25,True,2PT Field Goal
1630178,2025-26,-158,197,True,3PT Field Goal
1630178,2025-26,102,250,False,3PT Field Goal
1630178,2025-26,-40,194,True,2PT Field Goal
1630178,2025-26,88,89,False,2PT Field Goal
1630178,2025-26,9,50,False,2PT Field Goal
1630178,2025-26,6,53,False,2PT Field Goal
1630178,2025-26,-152,201,True,3PT Field Goal
1630178,2025-26,-47,9,False,2PT Field Goal
1630178,2025-26,31,56,False,2PT Field Goal
1630178,2025-26,158,225,False,3PT Field Goal
1630178,2025-26,-91,104,False,2PT Field Goal
1630178,2025-26,-146,211,False,3PT Field Goal
1630178,2025-26,-162,135,False,2PT Field Goal
1630178,2025-26,72,53,False,2PT Field Goal
1630178,2025-26,-158,198,False,3PT Field Goal
1630178,2025-26,37,17,False,2PT Field Goal
1630178,2025-26,26,29,False,2PT Field Goal
1630178,2025-26,55,29,True,2PT Field Goal
1630178,2025-26,15,4,True,2PT Field Goal
1630178,2025-26,11,68,False,2PT Field Goal
1630178,2025-26,-107,152,True,2PT Field Goal
1630178,2025-26,-6,25,True,2PT Field Goal
1630178,2025-26,-102,252,False,3PT Field Goal
1630178,2025-26,-49,80,True,2PT Field Goal
1630178,2025-26,-181,247,True,3PT Field Goal
1630178,2025-26,-180,197,True,3PT Field Goal
1630178,2025-26,17,31,False,2PT Field Goal
1630178,2025-26,5,38,False,2PT Field Goal
1630178,2025-26,123,68,True,2PT Field Goal
1630178,2025-26,28,6,True,2PT Field Goal
1630178,2025-26,59,267,False,3PT Field Goal
1630178,2025-26,4,53,False,2PT Field Goal
1630178,2025-26,-201,57,False,2PT Field Goal
1630178,2025-26,-74,253,False,3PT Field Goal
1630178,2025-26,86,106,False,2PT Field Goal
1630178,2025-26,146,229,False,3PT Field Goal
1630178,2025-26,-12,10,False,2PT Field Goal
1630178,2025-26,-94,120,False,2PT Field Goal
1630178,2025-26,-17,264,True,3PT Field Goal
1630178,2025-26,-7,72,False,2PT Field Goal
1630178,2025-26,121,247,True,3PT Field Goal
1630178,2025-26,99,117,False,2PT Field Goal
1630178,2025-26,7,34,True,2PT Field Goal
1630178,2025-26,2,9,True,2PT Field Goal
1630178,2025-26,-6,24,True,2PT Field Goal
1630178,2025-26,-232,55,False,3PT Field Goal
1630178,2025-26,27,15,False,2PT Field Goal
1630178,2025-26,12,15,True,2PT Field Goal
1630178,2025-26,7,128,True,2PT Field Goal
1630178,2025-26,-123,239,False,3PT Field Goal
1630178,2025-26,-16,132,False,2PT Field Goal
1630178,2025-26,-72,251,False,3PT Field Goal
1630178,2025-26,9,2,True,2PT Field Goal
1630178,2025-26,-189,246,True,3PT Field Goal
1630178,2025-26,-85,79,False,2PT Field Goal
1630178,2025-26,-183,231,False,3PT Field Goal
1630178,2025-26,-195,201,True,3PT Field Goal
1630178,2025-26,-2,20,True,2PT Field Goal
1630178,2025-26,-186,209,False,3PT Field Goal
1630178,2025-26,121,-11,True,2PT Field Goal
1630178,2025-26,-37,304,False,3PT Field Goal
1630178,2025-26,-125,264,False,3PT Field Goal
1630178,2025-26,43,32,True,2PT Field Goal
1630178,2025-26,5,279,False,3PT Field Goal
1630178,2025-26,94,142,False,2PT Field Goal
1630178,2025-26,116,235,False,3PT Field Goal
1630178,2025-26,17,1,False,2PT Field Goal
1630178,2025-26,11,55,True,2PT Field Goal
1630178,2025-26,-5,41,False,2PT Field Goal
1630178,2025-26,121,246,False,3PT Field Goal
1630178,2025-26,39,64,True,2PT Field Goal
1630178,2025-26,25,-4,False,2PT Field Goal
1630178,2025-26,-4,20,False,2PT Field Goal
1630178,2025-26,-1,89,True,2PT Field Goal
1630178,2025-26,34,281,False,3PT Field Goal
1630178,2025-26,-4,35,True,2PT Field Goal
1630178,2025-26,-196,156,True,3PT Field Goal
1630178,2025-26,-97,71,False,2PT Field Goal
1630178,2025-26,152,203,False,3PT Field Goal
1630178,2025-26,5,6,True,2PT Field Goal
1630178,2025-26,-4,0,True,2PT Field Goal
1630178,2025-26,37,251,False,3PT Field Goal
1630178,2025-26,51,115,True,2PT Field Goal
1630178,2025-26,127,234,True,3PT Field Goal
1630178,2025-26,-74,236,False,3PT Field Goal
1630178,2025-26,89,115,False,2PT Field Goal
1630178,2025-26,-4,-4,True,2PT Field Goal
1630178,2025-26,-13,0,True,2PT Field Goal
1630178,2025-26,28,32,False,2PT Field Goal
1630178,2025-26,-9,17,False,2PT Field Goal
1630178,2025-26,-108,220,True,3PT Field Goal
1630178,2025-26,-48,106,False,2PT Field Goal
1630178,2025-26,-132,64,False,2PT Field Goal
1630178,2025-26,4,16,True,2PT Field Goal
1630178,2025-26,1,20,True,2PT Field Goal
1630178,2025-26,64,274,False,3PT Field Goal
1630178,2025-26,-11,6,True,2PT Field Goal
1630178,2025-26,25,16,True,2PT Field Goal
1630178,2025-26,-74,56,True,2PT Field Goal
1630178,2025-26,142,239,True,3PT Field Goal
1630178,2025-26,2,58,False,2PT Field Goal
1630178,2025-26,-227,16,True,3PT Field Goal
1630178,2025-26,-55,273,True,3PT Field Goal
1630178,2025-26,150,203,False,3PT Field Goal
1630178,2025-26,26,36,True,2PT Field Goal
1630178,2025-26,-34,48,False,2PT Field Goal
1630178,2025-26,-174,207,False,3PT Field Goal
1630178,2025-26,-13,33,True,2PT Field Goal
1630178,2025-26,62,104,False,2PT Field Goal
1630178,2025-26,-22,26,True,2PT Field Goal
1630178,2025-26,42,37,True,2PT Field Goal
1630178,2025-26,74,259,False,3PT Field Goal
1630178,2025-26,91,167,False,2PT Field Goal
1630178,2025-26,-42,42,True,2PT Field Goal
1630178,2025-26,43,33,False,2PT Field Goal
1630178,2025-26,162,209,False,3PT Field Goal
1630178,2025-26,126,17,True,2PT Field Goal
1630178,2025-26,61,154,True,2PT Field Goal
1630178,2025-26,-115,181,True,2PT Field Goal
1630178,2025-26,230,79,False,3PT Field Goal
1630178,2025-26,-28,112,False,2PT Field Goal
1630178,2025-26,143,39,True,2PT Field Goal
1630178,2025-26,75,160,False,2PT Field Goal
1630178,2025-26,131,240,False,3PT Field Goal
1630178,2025-26,110,31,False,2PT Field Goal
1630178,2025-26,21,114,False,2PT Field Goal
1630178,2025-26,21,13,True,2PT Field Goal
1630178,2025-26,115,278,True,3PT Field Goal
1630178,2025-26,-112,252,False,3PT Field Goal
1630178,2025-26,-60,308,False,3PT Field Goal
1630178,2025-26,-59,316,True,3PT Field Goal
1630178,2025-26,-54,38,False,2PT Field Goal
1630178,2025-26,-10,29,False,2PT Field Goal
1630178,2025-26,113,236,False,3PT Field Goal
1630178,2025-26,237,19,False,3PT Field Goal
1630178,2025-26,-135,216,False,3PT Field Goal
1630178,2025-26,2,10,True,2PT Field Goal
1630178,2025-26,60,150,True,2PT Field Goal
1630178,2025-26,-4,104,False,2PT Field Goal
1630178,2025-26,102,61,False,2PT Field Goal
1630178,2025-26,29,5,True,2PT Field Goal
1630178,2025-26,10,14,True,2PT Field Goal
1630178,2025-26,10,31,True,2PT Field Goal
1630178,2025-26,44,74,True,2PT Field Goal
1630178,2025-26,-10,15,True,2PT Field Goal
1630178,2025-26,89,75,False,2PT Field Goal
1630178,2025-26,15,29,True,2PT Field Goal
1630178,2025-26,-21,22,True,2PT Field Goal
1630178,2025-26,99,136,True,2PT Field Goal
1630178,2025-26,72,253,True,3PT Field Goal
1630178,2025-26,134,226,False,3PT Field Goal
1630178,2025-26,20,17,True,2PT Field Goal
1630178,2025-26,143,207,False,3PT Field Goal
1630178,2025-26,-115,236,False,3PT Field Goal
1630178,2025-26,-15,22,False,2PT Field Goal
1630178,2025-26,36,33,True,2PT Field Goal
1630178,2025-26,-189,217,False,3PT Field Goal
1630178,2025-26,-9,6,True,2PT Field Goal
1630178,2025-26,4,53,False,2PT Field Goal
1630178,2025-26,-7,41,False,2PT Field Goal
1630178,2025-26,222,5,False,3PT Field Goal
1630178,2025-26,126,241,True,3PT Field Goal
1630178,2025-26,-31,89,True,2PT Field Goal
1630178,2025-26,135,117,True,2PT Field Goal
1630178,2025-26,-4,3,False,2PT Field Goal
1630178,2025-26,11,8,True,2PT Field Goal
1630178,2025-26,33,30,False,2PT Field Goal
1630178,2025-26,-4,5,True,2PT Field Goal
1630178,2025-26,13,15,True,2PT Field Goal
1630178,2025-26,-11,272,False,3PT Field Goal
1630178,2025-26,229,20,True,3PT Field Goal
1630178,2025-26,-34,116,True,2PT Field Goal
1630178,2025-26,-10,30,False,2PT Field Goal
1630178,2025-26,-29,30,False,2PT Field Goal
1630178,2025-26,25,0,True,2PT Field Goal
1630178,2025-26,186,-6,True,2PT Field Goal
1630178,2025-26,-70,105,False,2PT Field Goal
1630178,2025-26,188,197,False,3PT Field Goal
1630178,2025-26,-223,139,True,3PT Field Goal
1630178,2025-26,-10,25,True,2PT Field Goal
1630178,2025-26,-22,20,False,2PT Field Goal
1630178,2025-26,40,131,True,2PT Field Goal
1630178,2025-26,-32,80,False,2PT Field Goal
1630178,2025-26,-1,15,False,2PT Field Goal
1630178,2025-26,-49,291,False,3PT Field Goal
1630178,2025-26,27,46,False,2PT Field Goal
1630178,2025-26,214,126,False,3PT Field Goal
1630178,2025-26,-93,-6,False,2PT Field Goal
1630178,2025-26,-98,5,False,2PT Field Goal
1630178,2025-26,-25,262,False,3PT Field Goal
1630178,2025-26,120,223,True,3PT Field Goal
1630178,2025-26,-4,89,False,2PT Field Goal
1630178,2025-26,16,1,True,2PT Field Goal
1630178,2025-26,-11,27,False,2PT Field Goal
1630178,2025-26,17,48,True,2PT Field Goal
1630178,2025-26,34,207,True,2PT Field Goal
1630178,2025-26,-12,97,True,2PT Field Goal
1630178,2025-26,-15,31,False,2PT Field Goal
1630178,2025-26,-1,25,False,2PT Field Goal
1630178,2025-26,16,7,True,2PT Field Goal
1630178,2025-26,-114,257,False,3PT Field Goal
1630178,2025-26,64,34,False,2PT Field Goal
1630178,2025-26,-92,239,False,3PT Field Goal
1630178,2025-26,12,96,False,2PT Field Goal
1630178,2025-26,1,10,True,2PT Field Goal
1630178,2025-26,23,256,True,3PT Field Goal
1630178,2025-26,-163,180,False,3PT Field Goal
1630178,2025-26,10,13,False,2PT Field Goal
1630178,2025-26,-32,103,False,2PT Field Goal
1630178,2025-26,-32,3,True,2PT Field Goal
1630178,2025-26,-5,13,True,2PT Field Goal
1630178,2025-26,-22,274,True,3PT Field Goal
1630178,2025-26,49,284,True,3PT Field Goal
1630178,2025-26,11,13,False,2PT Field Goal
1630178,2025-26,78,269,False,3PT Field Goal
1630178,2025-26,49,27,False,2PT Field Goal
1630178,2025-26,66,269,True,3PT Field Goal
1630178,2025-26,243,15,True,3PT Field Goal
1630178,2025-26,-25,269,False,3PT Field Goal
1630178,2025-26,29,7,True,2PT Field Goal
1630178,2025-26,7,315,False,3PT Field Goal
1630178,2025-26,13,62,True,2PT Field Goal
1630178,2025-26,-185,198,False,3PT Field Goal
1630178,2025-26,-96,232,True,3PT Field Goal
1630178,2025-26,105,239,False,3PT Field Goal
1630178,2025-26,234,29,False,3PT Field Goal
1630178,2025-26,58,74,False,2PT Field Goal
1630178,2025-26,0,0,True,2PT Field Goal
1630178,2025-26,-218,122,False,3PT Field Goal
1630178,2025-26,7,5,False,2PT Field Goal
1630178,2025-26,22,13,True,2PT Field Goal
1630178,2025-26,32,21,False,2PT Field Goal
1630178,2025-26,17,74,True,2PT Field Goal
1630178,2025-26,71,253,False,3PT Field Goal
1630178,2025-26,12,3,True,2PT Field Goal
1630178,2025-26,0,259,False,3PT Field Goal
1630178,2025-26,234,12,False,3PT Field Goal
1630178,2025-26,4,55,False,2PT Field Goal
1630178,2025-26,0,0,True,2PT Field Goal
1630178,2025-26,-12,42,False,2PT Field Goal
1630178,2025-26,-16,68,False,2PT Field Goal
1630178,2025-26,92,94,True,2PT Field Goal
1630178,2025-26,-28,86,True,2PT Field Goal
1630178,2025-26,163,202,False,3PT Field Goal
1630178,2025-26,10,37,False,2PT Field Goal
1630178,2025-26,-11,112,True,2PT Field Goal
1630178,2025-26,-109,176,False,2PT Field Goal
1630178,2025-26,-153,241,False,3PT Field Goal
1630178,2025-26,-12,133,True,2PT Field Goal
1630178,2025-26,-48,46,False,2PT Field Goal
1630178,2025-26,-217,140,False,3PT Field Goal
1630178,2025-26,-190,192,True,3PT Field Goal
1630178,2025-26,12,269,False,3PT Field Goal
1630178,2025-26,-4,8,False,2PT Field Goal
1630178,2025-26,7,27,True,2PT Field Goal
1630178,2025-26,118,38,True,2PT Field Goal
1630178,2025-26,7,13,True,2PT Field Goal
1630178,2025-26,-10,36,True,2PT Field Goal
1630178,2025-26,-23,18,True,2PT Field Goal
1630178,2025-26,-2,265,False,3PT Field Goal
1630178,2025-26,206,27,True,2PT Field Goal
1630178,2025-26,42,259,True,3PT Field Goal
1631133,2025-26,15,-2,True,2PT Field Goal
1631133,2025-26,5,17,False,2PT Field Goal
1631133,2025-26,184,175,False,3PT Field Goal
1631133,2025-26,-216,169,True,3PT Field Goal
1631133,2025-26,228,32,False,3PT Field Goal
1631133,2025-26,5,6,True,2PT Field Goal
1631133,2025-26,9,184,False,2PT Field Goal
1631133,2025-26,-1,1,True,2PT Field Goal
1631133,2025-26,4,7,True,2PT Field Goal
1631133,2025-26,34,7,False,2PT Field Goal
1631133,2025-26,-6,-1,True,2PT Field Goal
1631133,2025-26,-232,-11,False,3PT Field Goal
1631133,2025-26,23,17,True,2PT Field Goal
1631133,2025-26,12,29,True,2PT Field Goal
1631133,2025-26,-96,144,True,2PT Field Goal
1631133,2025-26,-11,254,False,3PT Field Goal
1631133,2025-26,12,26,True,2PT Field Goal
1631133,2025-26,229,12,False,3PT Field Goal
1631133,2025-26,-223,2,False,3PT Field Goal
1631133,2025-26,159,206,False,3PT Field Goal
1631133,2025-26,9,1,True,2PT Field Goal
1631133,2025-26,12,55,False,2PT Field Goal
1631133,2025-26,0,17,False,2PT Field Goal
1631133,2025-26,223,2,False,3PT Field Goal
1631133,2025-26,26,25,False,2PT Field Goal
1631133,2025-26,0,0,True,2PT Field Goal
1631133,2025-26,-56,96,False,2PT Field Goal
1631133,2025-26,0,0,False,2PT Field Goal
1631133,2025-26,29,14,True,2PT Field Goal
1631133,2025-26,22,9,True,2PT Field Goal
1631133,2025-26,-5,32,True,2PT Field Goal
1631133,2025-26,-6,35,True,2PT Field Goal
1631133,2025-26,-217,126,False,3PT Field Goal
1631133,2025-26,18,13,False,2PT Field Goal
1631133,2025-26,23,28,False,2PT Field Goal
1631133,2025-26,13,2,True,2PT Field Goal
1631133,2025-26,-9,12,False,2PT Field Goal
1631133,2025-26,-18,12,False,2PT Field Goal
1631133,2025-26,-223,29,False,3PT Field Goal
1631133,2025-26,15,19,False,2PT Field Goal
1631133,2025-26,0,0,True,2PT Field Goal
1631133,2025-26,0,0,True,2PT Field Goal
1631133,2025-26,-208,140,True,3PT Field Goal
1631133,2025-26,0,0,True,2PT Field Goal
1631133,2025-26,192,197,True,3PT Field Goal
1631133,2025-26,-201,174,False,3PT Field Goal
1631133,2025-26,228,41,False,3PT Field Goal
1631133,2025-26,-17,-4,False,2PT Field Goal
1631133,2025-26,0,0,True,2PT Field Goal
1631133,2025-26,195,165,True,3PT Field Goal
1631133,2025-26,16,32,False,2PT Field Goal
1631133,2025-26,0,0,False,2PT Field Goal
1631133,2025-26,0,0,True,2PT Field Goal
1631133,2025-26,-4,9,True,2PT Field Goal
1631133,2025-26,234,-16,False,3PT Field Goal
1631133,2025-26,50,59,False,2PT Field Goal
1631133,2025-26,-224,-11,True,3PT Field Goal
1631133,2025-26,-235,9,True,3PT Field Goal
1631133,2025-26,78,256,False,3PT Field Goal
1631133,2025-26,6,9,True,2PT Field Goal
1631133,2025-26,-228,41,False,3PT Field Goal
1631133,2025-26,0,0,False,2PT Field Goal
1631133,2025-26,13,15,True,2PT Field Goal
1631133,2025-26,-141,243,False,3PT Field Goal
1631133,2025-26,-11,12,False,2PT Field Goal
1631133,2025-26,-114,237,True,3PT Field Goal
1631133,2025-26,-173,198,False,3PT Field Goal
1631133,2025-26,-2,1,True,2PT Field Goal
1631133,2025-26,-152,206,True,3PT Field Goal
1631133,2025-26,-6,115,False,2PT Field Goal
1631133,2025-26,199,146,True,3PT Field Goal
1631133,2025-26,-233,18,True,3PT Field Goal
1631133,2025-26,227,-10,True,3PT Field Goal
1631133,2025-26,-191,178,False,3PT Field Goal
1631133,2025-26,218,122,False,3PT Field Goal
1631133,2025-26,4,19,True,2PT Field Goal
1631133,2025-26,217,134,False,3PT Field Goal
1631133,2025-26,241,38,False,3PT Field Goal
1631133,2025-26,228,52,True,3PT Field Goal
1631133,2025-26,222,14,False,3PT Field Goal
1631133,2025-26,-233,36,False,3PT Field Goal
1631133,2025-26,-18,22,False,2PT Field Goal
1631133,2025-26,39,250,False,3PT Field Goal
1631133,2025-26,13,7,False,2PT Field Goal
1631133,2025-26,-232,26,False,3PT Field Goal
1631133,2025-26,5,19,False,2PT Field Goal
1631133,2025-26,0,0,False,2PT Field Goal
1631133,2025-26,223,16,False,3PT Field Goal
1631133,2025-26,211,167,False,3PT Field Goal
1631133,2025-26,0,0,True,2PT Field Goal
1631133,2025-26,-202,163,False,3PT Field Goal
1631133,2025-26,0,0,True,2PT Field Goal
1631133,2025-26,70,252,False,3PT Field Goal
1631133,2025-26,17,-3,True,2PT Field Goal
1631133,2025-26,10,5,True,2PT Field Goal
1631133,2025-26,230,36,False,3PT Field Goal
1631133,2025-26,-185,178,False,3PT Field Goal
1631133,2025-26,-4,5,False,2PT Field Goal
1631133,2025-26,9,25,True,2PT Field Goal
1631133,2025-26,-1,1,True,2PT Field Goal
1631133,2025-26,15,28,False,2PT Field Goal
1631133,2025-26,-12,5,True,2PT Field Goal
1631133,2025-26,-7,35,False,2PT Field Goal
1631133,2025-26,0,0,True,2PT Field Goal
1631133,2025-26,10,11,True,2PT Field Goal
1631133,2025-26,-15,66,False,2PT Field Goal
1631133,2025-26,20,14,False,2PT Field Goal
1631133,2025-26,0,0,True,2PT Field Goal
1631133,2025-26,18,14,True,2PT Field Goal
1631133,2025-26,232,8,False,3PT Field Goal
1631133,2025-26,-229,17,False,3PT Field Goal
1631133,2025-26,-238,47,False,3PT Field Goal
1631133,2025-26,34,53,True,2PT Field Goal
1631133,2025-26,-183,185,False,3PT Field Goal
1631133,2025-26,235,20,True,3PT Field Goal
1631133,2025-26,-2,8,True,2PT Field Goal
1631133,2025-26,239,26,False,3PT Field Goal
1631133,2025-26,235,43,False,3PT Field Goal
1631133,2025-26,-232,3,False,3PT Field Goal
1631133,2025-26,-6,5,True,2PT Field Goal
1631133,2025-26,230,50,False,3PT Field Goal
1631133,2025-26,-237,10,False,3PT Field Goal
1631133,2025-26,-80,120,False,2PT Field Goal
1631133,2025-26,170,210,False,3PT Field Goal
1631133,2025-26,-7,16,False,2PT Field Goal
1631133,2025-26,23,25,True,2PT Field Goal
1631133,2025-26,229,85,False,3PT Field Goal
1631133,2025-26,9,1,False,2PT Field Goal
1631133,2025-26,238,40,True,3PT Field Goal
1631133,2025-26,-161,221,False,3PT Field Goal
1631133,2025-26,229,37,True,3PT Field Goal
1631133,2025-26,-229,-1,False,3PT Field Goal
1631133,2025-26,232,42,True,3PT Field Goal
1631133,2025-26,62,152,False,2PT Field Goal
1631133,2025-26,124,235,False,3PT Field Goal
1631133,2025-26,227,33,False,3PT Field Goal
1631133,2025-26,229,44,True,3PT Field Goal
1631133,2025-26,44,47,False,2PT Field Goal
1631133,2025-26,12,11,False,2PT Field Goal
1631133,2025-26,10,36,False,2PT Field Goal
1631133,2025-26,28,42,False,2PT Field Goal
1631133,2025-26,38,22,False,2PT Field Goal
1631133,2025-26,12,32,False,2PT Field Goal
1631133,2025-26,222,96,True,3PT Field Goal
1631133,2025-26,-185,183,False,3PT Field Goal
1631133,2025-26,-120,222,True,3PT Field Goal
1631133,2025-26,192,174,False,3PT Field Goal
1631133,2025-26,20,6,True,2PT Field Goal
1631133,2025-26,-235,12,True,3PT Field Goal
1631133,2025-26,-10,8,False,2PT Field Goal
1631133,2025-26,-1,17,False,2PT Field Goal
1631133,2025-26,228,100,False,3PT Field Goal
1631133,2025-26,-232,13,False,3PT Field Goal
1631133,2025-26,100,248,False,3PT Field Goal
1631133,2025-26,229,39,True,3PT Field Goal
1631133,2025-26,-16,270,False,3PT Field Goal
1631133,2025-26,9,7,True,2PT Field Goal
1631133,2025-26,0,0,True,2PT Field Goal
1631133,2025-26,17,21,True,2PT Field Goal
1631133,2025-26,239,-14,True,3PT Field Goal
1631133,2025-26,81,252,False,3PT Field Goal
1631133,2025-26,-10,22,True,2PT Field Goal
1631133,2025-26,22,18,True,2PT Field Goal
1631133,2025-26,223,2,True,3PT Field Goal
1631133,2025-26,237,43,True,3PT Field Goal
1631133,2025-26,235,31,True,3PT Field Goal
1631133,2025-26,-243,68,True,3PT Field Goal
1631133,2025-26,-6,22,True,2PT Field Goal
1631133,2025-26,6,8,True,2PT Field Goal
1631133,2025-26,224,56,False,3PT Field Goal
1631133,2025-26,-6,22,False,2PT Field Goal
1631133,2025-26,0,0,True,2PT Field Goal
1631133,2025-26,21,4,False,2PT Field Goal
1631133,2025-26,-67,248,False,3PT Field Goal
1631133,2025-26,-235,15,False,3PT Field Goal
1631133,2025-26,5,-2,True,2PT Field Goal
1631133,2025-26,238,51,True,3PT Field Goal
1631133,2025-26,-228,33,False,3PT Field Goal
1631133,2025-26,9,15,False,2PT Field Goal
1631133,2025-26,-6,21,False,2PT Field Goal
1631133,2025-26,2,13,True,2PT Field Goal
1631133,2025-26,-165,204,False,3PT Field Goal
1631133,2025-26,54,21,False,2PT Field Goal
1631133,2025-26,-7,6,True,2PT Field Goal
1631133,2025-26,235,-4,True,3PT Field Goal
1631133,2025-26,0,0,True,2PT Field Goal
1631133,2025-26,-47,41,False,2PT Field Goal
1631133,2025-26,-188,206,False,3PT Field Goal
1631133,2025-26,4,21,True,2PT Field Goal
1631133,2025-26,71,267,True,3PT Field Goal
1631133,2025-26,15,7,True,2PT Field Goal
1631133,2025-26,-34,38,True,2PT Field Goal
1631133,2025-26,15,11,True,2PT Field Goal
1631133,2025-26,91,237,True,3PT Field Goal
1631133,2025-26,-7,116,False,2PT Field Goal
1631133,2025-26,0,0,False,2PT Field Goal
1631133,2025-26,-244,19,False,3PT Field Goal
1631133,2025-26,29,45,True,2PT Field Goal
1631133,2025-26,239,46,False,3PT Field Goal
1631133,2025-26,-20,37,False,2PT Field Goal
1631133,2025-26,-11,33,True,2PT Field Goal
1631133,2025-26,-21,11,True,2PT Field Goal
1631133,2025-26,-104,235,False,3PT Field Goal
1631133,2025-26,15,9,True,2PT Field Goal
1631133,2025-26,29,5,False,2PT Field Goal
1631133,2025-26,0,0,True,2PT Field Goal
1631133,2025-26,159,205,False,3PT Field Goal
1631133,2025-26,-235,-15,True,3PT Field Goal
1631133,2025-26,-4,9,True,2PT Field Goal
1631133,2025-26,11,19,True,2PT Field Goal
1631133,2025-26,227,32,True,3PT Field Goal
1631133,2025-26,34,5,False,2PT Field Goal
1631133,2025-26,-7,26,False,2PT Field Goal
1631230,2025-26,232,46,True,3PT Field Goal
1631230,2025-26,-6,40,False,2PT Field Goal
1631230,2025-26,-233,100,True,3PT Field Goal
1631230,2025-26,0,0,False,2PT Field Goal
1631230,2025-26,6,18,False,2PT Field Goal
1631230,2025-26,6,-15,True,2PT Field Goal
1631230,2025-26,6,23,True,2PT Field Goal
1631230,2025-26,-234,17,False,3PT Field Goal
1631230,2025-26,-5,31,False,2PT Field Goal
1631230,2025-26,6,10,True,2PT Field Goal
1631230,2025-26,-29,28,True,2PT Field Goal
1631230,2025-26,92,242,False,3PT Field Goal
1631230,2025-26,10,8,True,2PT Field Goal
1631230,2025-26,10,96,False,2PT Field Goal
1631230,2025-26,233,59,True,3PT Field Goal
1631230,2025-26,104,88,False,2PT Field Goal
1631230,2025-26,10,-2,True,2PT Field Goal
1631230,2025-26,33,5,False,2PT Field Goal
1631230,2025-26,36,2,True,2PT Field Goal
1631230,2025-26,-230,18,False,3PT Field Goal
1631230,2025-26,12,37,True,2PT Field Goal
1631230,2025-26,74,20,False,2PT Field Goal
1631230,2025-26,-11,34,True,2PT Field Goal
1631230,2025-26,230,75,False,3PT Field Goal
1631230,2025-26,13,5,True,2PT Field Goal
1631230,2025-26,-40,11,True,2PT Field Goal
1631230,2025-26,-34,12,False,2PT Field Goal
1631230,2025-26,228,62,False,3PT Field Goal
1631230,2025-26,0,0,True,2PT Field Goal
1631230,2025-26,17,55,True,2PT Field Goal
1631230,2025-26,126,231,False,3PT Field Goal
1631230,2025-26,6,-5,True,2PT Field Goal
1631230,2025-26,-223,2,False,3PT Field Goal
1631230,2025-26,15,42,False,2PT Field Goal
1631230,2025-26,10,-5,True,2PT Field Goal
1631230,2025-26,-9,7,True,2PT Field Goal
1631230,2025-26,-88,-20,True,2PT Field Goal
1631230,2025-26,103,76,False,2PT Field Goal
1631230,2025-26,-7,10,False,2PT Field Goal
1631230,2025-26,0,0,True,2PT Field Goal
1631230,2025-26,-223,-16,False,3PT Field Goal
1631230,2025-26,-223,48,True,3PT Field Goal
1631230,2025-26,-10,3,True,2PT Field Goal
1631230,2025-26,-239,0,False,3PT Field Goal
1631230,2025-26,225,14,True,3PT Field Goal
1631230,2025-26,222,50,False,3PT Field Goal
1631230,2025-26,20,5,False,2PT Field Goal
1631230,2025-26,15,28,True,2PT Field Goal
1631230,2025-26,229,65,False,3PT Field Goal
1631230,2025-26,10,1,True,2PT Field Goal
1631230,2025-26,-5,4,True,2PT Field Goal
1631230,2025-26,9,5,True,2PT Field Goal
1631230,2025-26,-7,-8,True,2PT Field Goal
1631230,2025-26,11,56,True,2PT Field Goal
1631230,2025-26,-6,26,False,2PT Field Goal
1631230,2025-26,-9,6,True,2PT Field Goal
1631230,2025-26,-232,71,False,3PT Field Goal
1631230,2025-26,2,12,True,2PT Field Goal
1631230,2025-26,224,75,False,3PT Field Goal
1631230,2025-26,-180,218,False,3PT Field Goal
1631230,2025-26,0,0,True,2PT Field Goal
1631230,2025-26,-5,85,False,2PT Field Goal
1631230,2025-26,-6,5,False,2PT Field Goal
1631230,2025-26,9,59,True,2PT Field Goal
1631230,2025-26,1,7,True,2PT Field Goal
1631230,2025-26,1,65,True,2PT Field Goal
1631230,2025-26,-222,-26,False,3PT Field Goal
1631230,2025-26,12,-1,True,2PT Field Goal
1631230,2025-26,0,0,True,2PT Field Goal
1631230,2025-26,-21,-6,False,2PT Field Goal
1631230,2025-26,7,-8,True,2PT Field Goal
1631230,2025-26,-59,8,False,2PT Field Goal
1631230,2025-26,-15,96,False,2PT Field Goal
1631230,2025-26,1,7,True,2PT Field Goal
1631230,2025-26,189,181,False,3PT Field Goal
1631230,2025-26,234,32,False,3PT Field Goal
1631230,2025-26,0,0,False,2PT Field Goal
1631230,2025-26,58,98,False,2PT Field Goal
1631230,2025-26,-13,53,False,2PT Field Goal
1631230,2025-26,38,13,False,2PT Field Goal
1631230,2025-26,0,0,False,2PT Field Goal
1631230,2025-26,11,2,True,2PT Field Goal
1631230,2025-26,2,-15,False,2PT Field Goal
1631230,2025-26,197,151,True,3PT Field Goal
1631230,2025-26,175,191,False,3PT Field Goal
1631230,2025-26,5,1,True,2PT Field Goal
1631230,2025-26,0,0,True,2PT Field Goal
1631230,2025-26,0,0,False,2PT Field Goal
1631230,2025-26,-45,13,True,2PT Field Goal
1631230,2025-26,1,1,True,2PT Field Goal
1631230,2025-26,-230,2,False,3PT Field Goal
1631230,2025-26,-7,0,True,2PT Field Goal
1631230,2025-26,-12,9,True,2PT Field Goal
1631230,2025-26,-26,74,False,2PT Field Goal
1631230,2025-26,227,11,False,3PT Field Goal
1631230,2025-26,-16,10,True,2PT Field Goal
1631230,2025-26,-15,22,True,2PT Field Goal
1631230,2025-26,6,-1,True,2PT Field Goal
1631230,2025-26,-230,19,False,3PT Field Goal
1631230,2025-26,-6,6,True,2PT Field Goal
1631230,2025-26,-83,-11,True,2PT Field Goal
1631230,2025-26,11,11,True,2PT Field Goal
1631230,2025-26,-228,53,False,3PT Field Goal
1631230,2025-26,224,64,True,3PT Field Goal
1631230,2025-26,-32,95,True,2PT Field Goal
1631230,2025-26,0,0,True,2PT Field Goal
1631230,2025-26,-16,37,False,2PT Field Goal
1631230,2025-26,0,0,True,2PT Field Goal
1631230,2025-26,-238,-22,False,3PT Field Goal
1631230,2025-26,-15,3,True,2PT Field Goal
1631230,2025-26,-17,-1,False,2PT Field Goal
1631230,2025-26,-228,-26,False,3PT Field Goal
1631230,2025-26,25,21,True,2PT Field Goal
1631230,2025-26,13,18,False,2PT Field Goal
1631230,2025-26,17,20,True,2PT Field Goal
1631230,2025-26,-16,25,False,2PT Field Goal
1631230,2025-26,0,0,True,2PT Field Goal
1631230,2025-26,7,6,True,2PT Field Goal
1631230,2025-26,28,11,True,2PT Field Goal
1631230,2025-26,0,0,True,2PT Field Goal
1631230,2025-26,-10,4,False,2PT Field Goal
1631230,2025-26,191,5,False,2PT Field Goal
1631230,2025-26,16,16,False,2PT Field Goal
1631230,2025-26,-224,79,True,3PT Field Goal
1631230,2025-26,-232,33,False,3PT Field Goal
1631230,2025-26,0,0,True,2PT Field Goal
1631230,2025-26,5,8,True,2PT Field Goal
1631230,2025-26,0,0,False,2PT Field Goal
1631230,2025-26,-228,-19,False,3PT Field Goal
1631230,2025-26,12,-5,True,2PT Field Goal
1631230,2025-26,-224,-20,False,3PT Field Goal
1631230,2025-26,-224,19,True,3PT Field Goal
1631230,2025-26,-232,20,False,3PT Field Goal
1631230,2025-26,-7,45,False,2PT Field Goal
1631230,2025-26,-7,3,True,2PT Field Goal
1631230,2025-26,17,11,True,2PT Field Goal
1631230,2025-26,23,4,True,2PT Field Goal
1631230,2025-26,232,71,True,3PT Field Goal
1631230,2025-26,17,25,True,2PT Field Goal
1631230,2025-26,-2,26,True,2PT Field Goal
1631230,2025-26,-15,10,True,2PT Field Goal
1631230,2025-26,11,50,False,2PT Field Goal
1631230,2025-26,-14,35,True,2PT Field Goal
1631230,2025-26,0,0,False,2PT Field Goal
1631230,2025-26,-1,42,False,2PT Field Goal
1631230,2025-26,-6,3,True,2PT Field Goal
1631230,2025-26,-233,8,False,3PT Field Goal
1631230,2025-26,-21,8,True,2PT Field Goal
1631230,2025-26,-2,8,True,2PT Field Goal
1631230,2025-26,-1,8,True,2PT Field Goal
1631230,2025-26,-237,17,False,3PT Field Goal
1631230,2025-26,4,18,True,2PT Field Goal
1631230,2025-26,-229,1,True,3PT Field Goal
1631230,2025-26,9,1,True,2PT Field Goal
1631230,2025-26,-42,25,True,2PT Field Goal
1631230,2025-26,2,12,True,2PT Field Goal
1631230,2025-26,-7,65,False,2PT Field Goal
1631230,2025-26,0,0,True,2PT Field Goal
1631230,2025-26,227,80,False,3PT Field Goal
1631230,2025-26,-31,9,False,2PT Field Goal
1631230,2025-26,11,6,True,2PT Field Goal
1631230,2025-26,-137,11,False,2PT Field Goal
1631230,2025-26,4,13,False,2PT Field Goal
1631230,2025-26,15,7,False,2PT Field Goal
1631230,2025-26,-23,4,True,2PT Field Goal
1631230,2025-26,-229,100,False,3PT Field Goal
1631230,2025-26,-1,28,True,2PT Field Goal
1631230,2025-26,-16,-3,True,2PT Field Goal
1631230,2025-26,0,0,True,2PT Field Goal
1631230,2025-26,4,11,True,2PT Field Goal
1631230,2025-26,-229,3,False,3PT Field Goal
1631230,2025-26,-223,89,False,3PT Field Goal
1631230,2025-26,10,8,True,2PT Field Goal
1631230,2025-26,10,4,True,2PT Field Goal
1631230,2025-26,15,15,False,2PT Field Goal
1631230,2025-26,230,27,True,3PT Field Goal
1631230,2025-26,-27,-9,True,2PT Field Goal
1631230,2025-26,-10,4,False,2PT Field Goal
1631230,2025-26,1,11,True,2PT Field Goal
1631230,2025-26,225,71,False,3PT Field Goal
1631230,2025-26,-219,146,True,3PT Field Goal
1631230,2025-26,233,102,False,3PT Field Goal
1631230,2025-26,-28,87,False,2PT Field Goal
1631230,2025-26,225,-11,False,3PT Field Goal
1631230,2025-26,28,4,True,2PT Field Goal
1631230,2025-26,92,69,False,2PT Field Goal
1631230,2025-26,-43,48,False,2PT Field Goal
1631230,2025-26,-20,31,True,2PT Field Goal
1631230,2025-26,1,80,True,2PT Field Goal
1631230,2025-26,0,0,True,2PT Field Goal
1631230,2025-26,0,0,True,2PT Field Goal
1631230,2025-26,0,0,False,2PT Field Goal
1631230,2025-26,-62,109,True,2PT Field Goal
1631230,2025-26,18,34,True,2PT Field Goal
1631230,2025-26,2,14,True,2PT Field Goal
1631230,2025-26,-13,5,True,2PT Field Goal
1631230,2025-26,219,75,False,3PT Field Goal
1631230,2025-26,1,8,True,2PT Field Goal
1631230,2025-26,54,105,False,2PT Field Goal
1631230,2025-26,0,0,True,2PT Field Goal
1631230,2025-26,18,31,True,2PT Field Goal
1631230,2025-26,0,0,True,2PT Field Goal
1631230,2025-26,1,32,False,2PT Field Goal
1631230,2025-26,4,13,True,2PT Field Goal
1631230,2025-26,-26,58,False,2PT Field Goal
1631230,2025-26,0,0,True,2PT Field Goal
1631230,2025-26,7,8,True,2PT Field Goal
1631230,2025-26,29,13,True,2PT Field Goal
1631230,2025-26,0,0,False,2PT Field Goal
1631230,2025-26,0,0,False,2PT Field Goal
1631230,2025-26,0,0,True,2PT Field Goal
1631230,2025-26,-34,55,False,2PT Field Goal
1631230,2025-26,-5,47,True,2PT Field Goal
1631230,2025-26,-232,38,True,3PT Field Goal
1631230,2025-26,227,11,True,3PT Field Goal
1631230,2025-26,0,0,False,2PT Field Goal
1631230,2025-26,0,0,False,2PT Field Goal
1631230,2025-26,-228,-4,False,3PT Field Goal
1631230,2025-26,-10,59,False,2PT Field Goal
1631230,2025-26,-33,-5,False,2PT Field Goal
1631230,2025-26,0,0,True,2PT Field Goal
1631230,2025-26,87,151,False,2PT Field Goal
1631230,2025-26,-237,13,True,3PT Field Goal
1631230,2025-26,-225,8,False,3PT Field Goal
1631230,2025-26,0,12,True,2PT Field Goal
1631230,2025-26,-230,26,False,3PT Field Goal
1631230,2025-26,-1,22,False,2PT Field Goal
1631230,2025-26,17,2,True,2PT Field Goal
1631230,2025-26,7,20,True,2PT Field Goal
1631230,2025-26,-5,16,True,2PT Field Goal
1631230,2025-26,-18,30,True,2PT Field Goal
1631230,2025-26,5,40,True,2PT Field Goal
1631230,2025-26,-13,32,False,2PT Field Goal
1631230,2025-26,5,81,False,2PT Field Goal
1631230,2025-26,-5,-1,True,2PT Field Goal
1631230,2025-26,-1,5,True,2PT Field Goal
1631230,2025-26,-5,4,True,2PT Field Goal
1631230,2025-26,239,6,False,3PT Field Goal
1631230,2025-26,-60,55,False,2PT Field Goal
1631230,2025-26,-233,40,True,3PT Field Goal
1631230,2025-26,223,38,False,3PT Field Goal
1631230,2025-26,1,8,True,2PT Field Goal
1631230,2025-26,34,34,True,2PT Field Goal
1631230,2025-26,13,11,True,2PT Field Goal
1631230,2025-26,77,-9,True,2PT Field Goal
1631230,2025-26,51,25,False,2PT Field Goal
1631230,2025-26,-13,11,True,2PT Field Goal
1631230,2025-26,-15,50,False,2PT Field Goal
1631230,2025-26,212,-20,False,2PT Field Goal
1631230,2025-26,8,13,False,2PT Field Goal
1631230,2025-26,5,105,False,2PT Field Goal
1631230,2025-26,2,24,False,2PT Field Goal
1631230,2025-26,12,19,False,2PT Field Goal
1631230,2025-26,20,9,True,2PT Field Goal
1631230,2025-26,13,9,False,2PT Field Goal
1631230,2025-26,17,8,True,2PT Field Goal
1631230,2025-26,-9,7,True,2PT Field Goal
1631230,2025-26,-10,23,False,2PT Field Goal
1631230,2025-26,228,0,False,3PT Field Goal
1631230,2025-26,2,88,False,2PT Field Goal
1631230,2025-26,-11,21,True,2PT Field Goal
1631230,2025-26,-232,17,False,3PT Field Goal
1631230,2025-26,16,26,False,2PT Field Goal
1631230,2025-26,-1,67,False,2PT Field Goal
1631230,2025-26,-2,3,True,2PT Field Goal
1631230,2025-26,1,5,True,2PT Field Goal
1631230,2025-26,23,113,False,2PT Field Goal
1631230,2025-26,5,-11,True,2PT Field Goal
1631230,2025-26,17,12,True,2PT Field Goal
1631230,2025-26,229,117,True,3PT Field Goal
1631230,2025-26,12,36,True,2PT Field Goal
1631230,2025-26,39,-2,True,2PT Field Goal
1631230,2025-26,-22,41,False,2PT Field Goal
1631230,2025-26,11,9,False,2PT Field Goal
1631230,2025-26,-196,15,True,2PT Field Goal
1631230,2025-26,0,0,False,2PT Field Goal
1631230,2025-26,-5,12,True,2PT Field Goal
1631230,2025-26,38,15,True,2PT Field Goal
1631230,2025-26,47,105,False,2PT Field Goal
1631230,2025-26,4,94,False,2PT Field Goal
1631230,2025-26,222,76,False,3PT Field Goal
1631230,2025-26,-206,46,False,2PT Field Goal
1631230,2025-26,-2,11,True,2PT Field Goal
1631230,2025-26,-5,137,False,2PT Field Goal
1631230,2025-26,-2,41,False,2PT Field Goal
1631230,2025-26,-1,68,True,2PT Field Goal
1631230,2025-26,-135,169,False,2PT Field Goal
1631230,2025-26,-7,91,True,2PT Field Goal
1631230,2025-26,16,11,False,2PT Field Goal
1631230,2025-26,7,16,False,2PT Field Goal
1631230,2025-26,-12,-5,False,2PT Field Goal
1631230,2025-26,-4,-4,True,2PT Field Goal
1631230,2025-26,-186,16,False,2PT Field Goal
1631230,2025-26,5,15,True,2PT Field Goal
1631230,2025-26,1,8,False,2PT Field Goal
1631230,2025-26,37,50,True,2PT Field Goal
1631230,2025-26,-17,73,True,2PT Field Goal
1631230,2025-26,18,81,True,2PT Field Goal
1631230,2025-26,-75,96,False,2PT Field Goal
1631230,2025-26,-64,31,False,2PT Field Goal
1631230,2025-26,224,8,False,3PT Field Goal
1631230,2025-26,5,-3,True,2PT Field Goal
1631230,2025-26,0,0,False,2PT Field Goal
1631230,2025-26,123,225,False,3PT Field Goal
1631230,2025-26,-5,17,True,2PT Field Goal
1631230,2025-26,-50,248,False,3PT Field Goal
1631230,2025-26,-12,21,True,2PT Field Goal
1631230,2025-26,-13,17,True,2PT Field Goal
1631230,2025-26,-27,25,True,2PT Field Goal
1631230,2025-26,-64,68,True,2PT Field Goal
1631230,2025-26,-29,20,False,2PT Field Goal
1631230,2025-26,232,14,False,3PT Field Goal
1631230,2025-26,0,0,True,2PT Field Goal
1631230,2025-26,-18,42,False,2PT Field Goal
1631230,2025-26,-227,17,True,3PT Field Goal
1631230,2025-26,44,84,True,2PT Field Goal
1631230,2025-26,7,14,True,2PT Field Goal
1631230,2025-26,-232,26,False,3PT Field Goal
1631230,2025-26,17,29,False,2PT Field Goal
1631230,2025-26,-237,8,False,3PT Field Goal
1631230,2025-26,-17,6,True,2PT Field Goal
1631230,2025-26,16,4,True,2PT Field Goal
1631230,2025-26,32,94,False,2PT Field Goal
1631230,2025-26,-10,21,True,2PT Field Goal
1631230,2025-26,-5,5,True,2PT Field Goal
1631230,2025-26,1,-4,True,2PT Field Goal
1631230,2025-26,-229,-10,False,3PT Field Goal
1631230,2025-26,-22,31,False,2PT Field Goal
1631230,2025-26,10,5,True,2PT Field Goal
1631230,2025-26,224,80,True,3PT Field Goal
1631230,2025-26,0,0,False,2PT Field Goal
1631230,2025-26,175,200,False,3PT Field Goal
1631230,2025-26,-227,-11,False,3PT Field Goal
1631230,2025-26,-16,17,True,2PT Field Goal
1631230,2025-26,-10,92,True,2PT Field Goal
1631230,2025-26,2,11,True,2PT Field Goal
1631230,2025-26,-11,17,True,2PT Field Goal
1631230,2025-26,18,64,True,2PT Field Goal
1631230,2025-26,-21,53,False,2PT Field Goal
1631230,2025-26,0,0,False,2PT Field Goal
1631230,2025-26,16,47,False,2PT Field Goal
1631230,2025-26,241,67,False,3PT Field Goal
1631230,2025-26,21,38,True,2PT Field Goal
1631230,2025-26,1,15,True,2PT Field Goal
1631230,2025-26,13,31,True,2PT Field Goal
1631230,2025-26,22,14,True,2PT Field Goal
1631230,2025-26,-22,34,False,2PT Field Goal
1631230,2025-26,0,25,False,2PT Field Goal
1631230,2025-26,-40,57,False,2PT Field Goal
1631230,2025-26,-6,6,True,2PT Field Goal
1631230,2025-26,25,83,False,2PT Field Goal
1631230,2025-26,-5,6,True,2PT Field Goal
1631230,2025-26,6,15,True,2PT Field Goal
1631230,2025-26,0,0,True,2PT Field Goal
1631230,2025-26,10,12,True,2PT Field Goal
1631230,2025-26,-54,34,True,2PT Field Goal
1631230,2025-26,4,39,True,2PT Field Goal
1631230,2025-26,13,22,True,2PT Field Goal
1631230,2025-26,-15,20,True,2PT Field Goal
1631230,2025-26,-11,18,True,2PT Field Goal
1631230,2025-26,0,0,True,2PT Field Goal
1631230,2025-26,-4,79,False,2PT Field Goal
1631230,2025-26,-234,41,False,3PT Field Goal
1631230,2025-26,-4,9,True,2PT Field Goal
1631230,2025-26,-26,20,False,2PT Field Goal
1631230,2025-26,-11,31,False,2PT Field Goal
1631230,2025-26,-9,26,True,2PT Field Goal
1631230,2025-26,223,57,False,3PT Field Goal
1631230,2025-26,-6,11,True,2PT Field Goal
1631230,2025-26,-27,16,True,2PT Field Goal
1631230,2025-26,0,13,True,2PT Field Goal
1631230,2025-26,0,0,True,2PT Field Goal
1631230,2025-26,-6,1,False,2PT Field Goal
1631230,2025-26,-56,85,False,2PT Field Goal
1631230,2025-26,-47,109,False,2PT Field Goal
1631230,2025-26,21,5,False,2PT Field Goal
1631230,2025-26,0,0,True,2PT Field Goal
1631230,2025-26,12,22,False,2PT Field Goal
1631230,2025-26,-23,19,False,2PT Field Goal
1631230,2025-26,13,4,False,2PT Field Goal
1631230,2025-26,237,19,False,3PT Field Goal
1631230,2025-26,-13,34,False,2PT Field Goal
1631230,2025-26,0,0,True,2PT Field Goal
1631230,2025-26,1,0,True,2PT Field Goal
1631230,2025-26,-22,25,True,2PT Field Goal
1631230,2025-26,232,12,False,3PT Field Goal
1631230,2025-26,1,-6,True,2PT Field Goal
1631230,2025-26,-2,3,True,2PT Field Goal
1631230,2025-26,-16,14,False,2PT Field Goal
1631230,2025-26,222,26,False,3PT Field Goal
1631230,2025-26,12,100,True,2PT Field Goal
1631230,2025-26,-13,106,False,2PT Field Goal
1631230,2025-26,-6,3,True,2PT Field Goal
1631230,2025-26,-6,-5,True,2PT Field Goal
1631230,2025-26,232,132,True,3PT Field Goal
1631230,2025-26,0,0,True,2PT Field Goal
1631230,2025-26,4,27,False,2PT Field Goal
1631230,2025-26,1,17,True,2PT Field Goal
1631230,2025-26,0,0,False,2PT Field Goal
1641737,2025-26,-22,17,False,2PT Field Goal
1641737,2025-26,0,0,True,2PT Field Goal
1641737,2025-26,-21,19,False,2PT Field Goal
1641737,2025-26,0,0,True,2PT Field Goal
1641737,2025-26,23,5,True,2PT Field Goal
1641737,2025-26,2,68,True,2PT Field Goal
1641737,2025-26,10,14,True,2PT Field Goal
1641737,2025-26,2,42,True,2PT Field Goal
1641737,2025-26,-10,10,True,2PT Field Goal
1641737,2025-26,-239,16,True,3PT Field Goal
1641737,2025-26,0,0,False,2PT Field Goal
1641737,2025-26,39,-8,False,2PT Field Goal
1641737,2025-26,0,0,True,2PT Field Goal
1641737,2025-26,-7,4,True,2PT Field Goal
1641737,2025-26,0,0,False,2PT Field Goal
1641737,2025-26,-5,27,False,2PT Field Goal
1641737,2025-26,-38,44,False,2PT Field Goal
1641737,2025-26,0,0,True,2PT Field Goal
1641737,2025-26,13,53,False,2PT Field Goal
1641737,2025-26,0,0,True,2PT Field Goal
1641737,2025-26,4,1,True,2PT Field Goal
1641737,2025-26,0,0,False,2PT Field Goal
1641737,2025-26,25,32,True,2PT Field Goal
1641737,2025-26,0,9,False,2PT Field Goal
1641737,2025-26,-229,22,False,3PT Field Goal
1641737,2025-26,0,37,False,2PT Field Goal
1641737,2025-26,-2,9,True,2PT Field Goal
1641737,2025-26,-230,53,False,3PT Field Goal
1641737,2025-26,7,6,False,2PT Field Goal
1641737,2025-26,0,0,True,2PT Field Goal
1641737,2025-26,0,0,True,2PT Field Goal
1641737,2025-26,0,0,False,2PT Field Goal
1641737,2025-26,0,0,True,2PT Field Goal
1641737,2025-26,-4,12,True,2PT Field Goal
1641737,2025-26,4,7,True,2PT Field Goal
1641737,2025-26,0,0,True,2PT Field Goal
1641737,2025-26,-6,17,False,2PT Field Goal
1641737,2025-26,11,-4,False,2PT Field Goal
1641737,2025-26,-7,32,False,2PT Field Goal
1641737,2025-26,2,5,True,2PT Field Goal
1641737,2025-26,4,-1,True,2PT Field Goal
1641737,2025-26,-1,0,True,2PT Field Goal
1641737,2025-26,-17,26,False,2PT Field Goal
1641737,2025-26,-5,29,False,2PT Field Goal
1641737,2025-26,0,0,False,2PT Field Goal
1641737,2025-26,212,133,True,3PT Field Goal
1641737,2025-26,4,12,False,2PT Field Goal
1641737,2025-26,-1,29,True,2PT Field Goal
1641737,2025-26,-11,11,True,2PT Field Goal
1641737,2025-26,-229,38,False,3PT Field Goal
1641737,2025-26,-10,15,True,2PT Field Goal
1641737,2025-26,-1,10,True,2PT Field Goal
1641737,2025-26,-2,26,False,2PT Field Goal
1641737,2025-26,-4,5,True,2PT Field Goal
1641737,2025-26,-1,38,False,2PT Field Goal
1641737,2025-26,0,0,True,2PT Field Goal
1641737,2025-26,1,6,True,2PT Field Goal
1641737,2025-26,-10,9,False,2PT Field Goal
1641737,2025-26,0,0,False,2PT Field Goal
1641737,2025-26,-7,2,True,2PT Field Goal
1641737,2025-26,0,0,True,2PT Field Goal
1641737,2025-26,1,13,True,2PT Field Goal
1641737,2025-26,4,22,False,2PT Field Goal
1641737,2025-26,-5,-6,True,2PT Field Goal
1641737,2025-26,-2,11,True,2PT Field Goal
1641737,2025-26,45,3,True,2PT Field Goal
1641737,2025-26,-20,14,False,2PT Field Goal
1641737,2025-26,4,5,True,2PT Field Goal
1641737,2025-26,2,38,True,2PT Field Goal
1641737,2025-26,9,4,False,2PT Field Goal
1641737,2025-26,-5,0,True,2PT Field Goal
1641737,2025-26,0,0,False,2PT Field Goal
1641737,2025-26,-6,5,True,2PT Field Goal
1641737,2025-26,15,16,True,2PT Field Goal
1641737,2025-26,-2,11,True,2PT Field Goal
1641737,2025-26,0,0,False,2PT Field Goal
1641737,2025-26,-10,14,True,2PT Field Goal
1641737,2025-26,10,48,True,2PT Field Goal
1641737,2025-26,6,6,True,2PT Field Goal
1641737,2025-26,-23,118,False,2PT Field Goal
1641737,2025-26,0,0,True,2PT Field Goal
1641737,2025-26,-22,12,False,2PT Field Goal
1641737,2025-26,0,0,True,2PT Field Goal
1641737,2025-26,-10,26,True,2PT Field Goal
1641737,2025-26,0,0,False,2PT Field Goal
1641737,2025-26,0,0,True,2PT Field Goal
1641737,2025-26,16,38,False,2PT Field Goal
1641737,2025-26,1,33,False,2PT Field Goal
1641737,2025-26,-16,8,True,2PT Field Goal
1641737,2025-26,-9,34,False,2PT Field Goal
1641737,2025-26,-2,8,True,2PT Field Goal
1641737,2025-26,15,15,False,2PT Field Goal
1641737,2025-26,6,19,False,2PT Field Goal
1641737,2025-26,23,14,False,2PT Field Goal
1641737,2025-26,2,66,False,2PT Field Goal
1641737,2025-26,1,-6,False,2PT Field Goal
1641737,2025-26,5,6,True,2PT Field Goal
1641737,2025-26,0,0,True,2PT Field Goal
1641737,2025-26,-1,10,True,2PT Field Goal
1641737,2025-26,0,0,True,2PT Field Goal
1641737,2025-26,-38,64,False,2PT Field Goal
1641737,2025-26,-18,6,True,2PT Field Goal
1641737,2025-26,0,0,True,2PT Field Goal
1641737,2025-26,9,8,True,2PT Field Goal
1641737,2025-26,7,8,True,2PT Field Goal
1641737,2025-26,0,0,True,2PT Field Goal
1641737,2025-26,0,0,False,2PT Field Goal
1641737,2025-26,-5,18,True,2PT Field Goal
1641737,2025-26,12,37,False,2PT Field Goal
1641737,2025-26,-17,17,False,2PT Field Goal
1641737,2025-26,-5,1,True,2PT Field Goal
1641737,2025-26,10,12,True,2PT Field Goal
1641737,2025-26,9,22,True,2PT Field Goal
1641737,2025-26,-4,38,False,2PT Field Goal
1641737,2025-26,-21,32,True,2PT Field Goal
1641737,2025-26,18,15,True,2PT Field Goal
1641737,2025-26,0,0,False,2PT Field Goal
1641737,2025-26,33,40,False,2PT Field Goal
1641737,2025-26,1,8,True,2PT Field Goal
1641737,2025-26,0,0,True,2PT Field Goal
1641737,2025-26,-1,6,True,2PT Field Goal
1641737,2025-26,18,7,False,2PT Field Goal
1641737,2025-26,4,5,True,2PT Field Goal
1641737,2025-26,12,63,False,2PT Field Goal
1641737,2025-26,-5,-3,True,2PT Field Goal
1641737,2025-26,-134,32,False,2PT Field Goal
1641737,2025-26,-5,27,True,2PT Field Goal
1641737,2025-26,1,27,True,2PT Field Goal
1641737,2025-26,-9,21,True,2PT Field Goal
1641737,2025-26,16,28,True,2PT Field Goal
1641737,2025-26,1,98,True,2PT Field Goal
1641737,2025-26,11,22,True,2PT Field Goal
1641737,2025-26,-4,12,True,2PT Field Goal
1641737,2025-26,22,-1,True,2PT Field Goal
1641737,2025-26,0,0,True,2PT Field Goal
1641737,2025-26,11,11,True,2PT Field Goal
1641737,2025-26,28,15,True,2PT Field Goal
1641737,2025-26,48,5,False,2PT Field Goal
1641737,2025-26,-33,16,False,2PT Field Goal
1641737,2025-26,-22,32,False,2PT Field Goal
1641737,2025-26,0,0,True,2PT Field Goal
1641737,2025-26,-1,17,True,2PT Field Goal
1641737,2025-26,-6,52,False,2PT Field Goal
1641737,2025-26,-1,42,False,2PT Field Goal
1641737,2025-26,-4,18,True,2PT Field Goal
1641737,2025-26,0,0,True,2PT Field Goal
1641737,2025-26,-4,1,True,2PT Field Goal
1641737,2025-26,1,4,True,2PT Field Goal
1641737,2025-26,-10,9,True,2PT Field Goal
1641737,2025-26,0,0,True,2PT Field Goal
1641737,2025-26,-6,-6,True,2PT Field Goal
1641737,2025-26,10,13,True,2PT Field Goal
1641737,2025-26,-5,62,False,2PT Field Goal
1641737,2025-26,0,0,False,2PT Field Goal
1641737,2025-26,-10,27,False,2PT Field Goal
1641737,2025-26,-60,55,False,2PT Field Goal
1641737,2025-26,4,15,False,2PT Field Goal
1641737,2025-26,13,9,True,2PT Field Goal
1641737,2025-26,1,3,True,2PT Field Goal
1641737,2025-26,-9,-2,False,2PT Field Goal
1641737,2025-26,9,15,True,2PT Field Goal
1641737,2025-26,21,16,False,2PT Field Goal
1641737,2025-26,9,13,False,2PT Field Goal
1641737,2025-26,10,17,True,2PT Field Goal
1641737,2025-26,-2,5,False,2PT Field Goal
1641737,2025-26,1,-6,True,2PT Field Goal
1641737,2025-26,9,-8,True,2PT Field Goal
1641737,2025-26,56,5,False,2PT Field Goal
1641737,2025-26,7,4,True,2PT Field Goal
1641737,2025-26,0,0,False,2PT Field Goal
1641737,2025-26,-20,8,True,2PT Field Goal
1641737,2025-26,0,0,False,2PT Field Goal
1641737,2025-26,18,11,False,2PT Field Goal
1641737,2025-26,0,0,False,2PT Field Goal
1641737,2025-26,0,0,False,2PT Field Goal
1641737,2025-26,11,-2,True,2PT Field Goal
1641737,2025-26,-27,8,False,2PT Field Goal
1641737,2025-26,-224,1,False,3PT Field Goal
1641737,2025-26,-1,-6,True,2PT Field Goal
1641737,2025-26,16,17,True,2PT Field Goal
1641737,2025-26,0,0,False,2PT Field Goal
1641737,2025-26,5,67,True,2PT Field Goal
1641737,2025-26,0,0,True,2PT Field Goal
1641737,2025-26,0,0,False,2PT Field Goal
1641737,2025-26,-4,52,False,2PT Field Goal
1641737,2025-26,26,26,True,2PT Field Goal
1641737,2025-26,11,53,True,2PT Field Goal
1641737,2025-26,-31,32,True,2PT Field Goal
1641737,2025-26,17,10,False,2PT Field Goal
1641737,2025-26,0,28,True,2PT Field Goal
1641737,2025-26,0,0,True,2PT Field Goal
1641737,2025-26,-22,11,True,2PT Field Goal
1641737,2025-26,23,15,False,2PT Field Goal
1641737,2025-26,-5,26,False,2PT Field Goal
1641737,2025-26,25,11,True,2PT Field Goal
1641737,2025-26,0,0,True,2PT Field Goal
1641737,2025-26,9,75,False,2PT Field Goal
1641737,2025-26,0,0,True,2PT Field Goal
1641737,2025-26,-15,15,False,2PT Field Goal
1641737,2025-26,-31,11,True,2PT Field Goal
1641737,2025-26,-43,40,False,2PT Field Goal
1641737,2025-26,15,21,True,2PT Field Goal
1641737,2025-26,20,22,True,2PT Field Goal
1641737,2025-26,-12,25,True,2PT Field Goal
1641737,2025-26,-7,27,True,2PT Field Goal
1641737,2025-26,0,0,True,2PT Field Goal
1641737,2025-26,0,0,False,2PT Field Goal
1641737,2025-26,-4,17,True,2PT Field Goal
1641737,2025-26,0,0,True,2PT Field Goal
1641737,2025-26,-28,20,True,2PT Field Goal
1641737,2025-26,59,14,True,2PT Field Goal
1641737,2025-26,-9,27,True,2PT Field Goal
1641737,2025-26,0,0,True,2PT Field Goal
1641737,2025-26,-22,0,False,2PT Field Goal
1641737,2025-26,-9,9,False,2PT Field Goal
1641737,2025-26,78,34,True,2PT Field Goal
1641737,2025-26,2,21,False,2PT Field Goal
1641737,2025-26,-34,27,False,2PT Field Goal
1641737,2025-26,5,17,True,2PT Field Goal
1641737,2025-26,-4,18,True,2PT Field Goal
1642348,2025-26,27,264,False,3PT Field Goal
1642348,2025-26,-228,31,False,3PT Field Goal
1642348,2025-26,-114,231,False,3PT Field Goal
1642348,2025-26,0,0,True,2PT Field Goal
1642348,2025-26,-102,79,False,2PT Field Goal
1642348,2025-26,234,62,True,3PT Field Goal
1642348,2025-26,191,204,True,3PT Field Goal
1642348,2025-26,-13,262,False,3PT Field Goal
1642348,2025-26,-223,105,False,3PT Field Goal
1642348,2025-26,-17,288,True,3PT Field Goal
1642348,2025-26,-237,29,False,3PT Field Goal
1642348,2025-26,-23,28,True,2PT Field Goal
1642348,2025-26,179,197,True,3PT Field Goal
1642348,2025-26,-28,77,True,2PT Field Goal
1642348,2025-26,-7,9,True,2PT Field Goal
1642348,2025-26,-22,-5,False,2PT Field Goal
1642348,2025-26,230,74,False,3PT Field Goal
1642348,2025-26,-13,4,True,2PT Field Goal
1642348,2025-26,49,54,True,2PT Field Goal
1642348,2025-26,-36,17,False,2PT Field Goal
1642348,2025-26,58,116,False,2PT Field Goal
1642348,2025-26,181,197,False,3PT Field Goal
1642348,2025-26,-178,192,True,3PT Field Goal
1642348,2025-26,-156,232,False,3PT Field Goal
1642348,2025-26,-205,162,False,3PT Field Goal
1642348,2025-26,-29,34,False,2PT Field Goal
1642348,2025-26,221,125,False,3PT Field Goal
1642348,2025-26,-53,250,True,3PT Field Goal
1642348,2025-26,137,222,True,3PT Field Goal
1642348,2025-26,-58,262,True,3PT Field Goal
1642348,2025-26,-224,26,False,3PT Field Goal
1642348,2025-26,152,221,False,3PT Field Goal
1642348,2025-26,105,254,True,3PT Field Goal
1642348,2025-26,-23,53,False,2PT Field Goal
1642348,2025-26,40,272,False,3PT Field Goal
1642348,2025-26,-28,191,True,2PT Field Goal
1642348,2025-26,197,208,False,3PT Field Goal
1642348,2025-26,-192,206,False,3PT Field Goal
1642348,2025-26,-228,2,True,3PT Field Goal
1642348,2025-26,-195,194,False,3PT Field Goal
1642348,2025-26,-25,55,False,2PT Field Goal
1642348,2025-26,67,73,False,2PT Field Goal
1642348,2025-26,37,25,True,2PT Field Goal
1642348,2025-26,-22,257,False,3PT Field Goal
1642348,2025-26,-186,183,True,3PT Field Goal
1642348,2025-26,-228,20,True,3PT Field Goal
1642348,2025-26,-22,127,True,2PT Field Goal
1642348,2025-26,-170,202,False,3PT Field Goal
1642348,2025-26,-72,81,False,2PT Field Goal
1642348,2025-26,-233,17,False,3PT Field Goal
1642348,2025-26,-222,5,True,3PT Field Goal
1642348,2025-26,-227,11,False,3PT Field Goal
1642348,2025-26,151,239,True,3PT Field Goal
1642348,2025-26,-13,21,True,2PT Field Goal
1642348,2025-26,174,211,True,3PT Field Goal
1642348,2025-26,-118,143,True,2PT Field Goal
1642348,2025-26,-1,2,True,2PT Field Goal
1642348,2025-26,-148,232,True,3PT Field Goal
1642348,2025-26,-196,168,True,3PT Field Goal
1642348,2025-26,-137,212,True,3PT Field Goal
1642348,2025-26,-80,254,False,3PT Field Goal
1642348,2025-26,227,50,False,3PT Field Goal
1642348,2025-26,130,217,False,3PT Field Goal
1642348,2025-26,12,41,False,2PT Field Goal
1642348,2025-26,-147,209,False,3PT Field Goal
1642348,2025-26,29,138,False,2PT Field Goal
1642348,2025-26,225,108,False,3PT Field Goal
1642348,2025-26,-34,84,True,2PT Field Goal
1642348,2025-26,-152,221,False,3PT Field Goal
1642348,2025-26,6,10,True,2PT Field Goal
1642348,2025-26,105,-11,False,2PT Field Goal
1642348,2025-26,12,64,False,2PT Field Goal
1642348,2025-26,-102,243,False,3PT Field Goal
1642348,2025-26,-195,209,False,3PT Field Goal
1642348,2025-26,148,227,False,3PT Field Goal
1642348,2025-26,174,212,False,3PT Field Goal
1642348,2025-26,142,226,False,3PT Field Goal
1642348,2025-26,20,59,True,2PT Field Goal
1642348,2025-26,13,29,False,2PT Field Goal
1642348,2025-26,-141,227,False,3PT Field Goal
1642348,2025-26,232,1,False,3PT Field Goal
1642348,2025-26,235,-2,True,3PT Field Goal
1642348,2025-26,56,124,True,2PT Field Goal
1642348,2025-26,-214,147,True,3PT Field Goal
1642348,2025-26,0,0,True,2PT Field Goal
1642348,2025-26,-81,151,False,2PT Field Goal
1642348,2025-26,-228,80,False,3PT Field Goal
1642348,2025-26,-12,8,True,2PT Field Goal
1642348,2025-26,-21,4,False,2PT Field Goal
1642348,2025-26,-118,248,False,3PT Field Goal
1642348,2025-26,-45,17,False,2PT Field Goal
1642348,2025-26,203,157,False,3PT Field Goal
1642348,2025-26,-237,106,False,3PT Field Goal
1642348,2025-26,168,221,True,3PT Field Goal
1642348,2025-26,-224,42,True,3PT Field Goal
1642348,2025-26,-107,252,False,3PT Field Goal
1642348,2025-26,31,267,True,3PT Field Goal
1642348,2025-26,-38,93,False,2PT Field Goal
1642348,2025-26,-9,13,False,2PT Field Goal
1642348,2025-26,-152,211,False,3PT Field Goal
1642348,2025-26,-232,46,False,3PT Field Goal
1642348,2025-26,110,260,False,3PT Field Goal
1642348,2025-26,162,205,True,3PT Field Goal
1642348,2025-26,-25,277,False,3PT Field Goal
1642348,2025-26,179,206,False,3PT Field Goal
1642348,2025-26,-70,127,False,2PT Field Goal
1642348,2025-26,55,260,True,3PT Field Goal
1642348,2025-26,-17,29,True,2PT Field Goal
1642348,2025-26,-173,177,True,3PT Field Goal
1642348,2025-26,-137,210,True,3PT Field Goal
1642348,2025-26,-232,-23,False,3PT Field Goal
1642348,2025-26,-138,216,False,3PT Field Goal
1642348,2025-26,-219,142,False,3PT Field Goal
1642348,2025-26,-228,39,False,3PT Field Goal
1642348,2025-26,110,252,False,3PT Field Goal
1642348,2025-26,-138,233,False,3PT Field Goal
1642348,2025-26,-16,15,False,2PT Field Goal
1642348,2025-26,0,0,True,2PT Field Goal
1642348,2025-26,-17,272,False,3PT Field Goal
1642348,2025-26,-188,178,True,3PT Field Goal
1642348,2025-26,-78,110,False,2PT Field Goal
1642348,2025-26,53,264,True,3PT Field Goal
1642348,2025-26,-15,264,True,3PT Field Goal
1642348,2025-26,-153,199,False,3PT Field Goal
1642348,2025-26,-22,21,False,2PT Field Goal
1642348,2025-26,134,237,False,3PT Field Goal
1642348,2025-26,-75,248,True,3PT Field Goal
1642348,2025-26,-175,183,False,3PT Field Goal
1642348,2025-26,-191,164,False,3PT Field Goal
1642348,2025-26,-135,230,False,3PT Field Goal
1642348,2025-26,-6,8,True,2PT Field Goal
1642348,2025-26,-15,3,True,2PT Field Goal
1642348,2025-26,169,199,False,3PT Field Goal
1642348,2025-26,66,161,True,2PT Field Goal
1642348,2025-26,227,73,True,3PT Field Goal
1642348,2025-26,9,69,True,2PT Field Goal
1642348,2025-26,-159,212,False,3PT Field Goal
1642348,2025-26,-42,39,True,2PT Field Goal
1642348,2025-26,-135,243,False,3PT Field Goal
1642348,2025-26,-241,24,True,3PT Field Goal
1642348,2025-26,0,14,True,2PT Field Goal
1642348,2025-26,-132,222,False,3PT Field Goal
1642348,2025-26,-132,246,False,3PT Field Goal
1642348,2025-26,-78,253,True,3PT Field Goal
1642348,2025-26,-211,153,True,3PT Field Goal
1642348,2025-26,-214,180,False,3PT Field Goal
1642348,2025-26,87,244,False,3PT Field Goal
1642348,2025-26,-4,97,True,2PT Field Goal
1642348,2025-26,9,8,True,2PT Field Goal
1642348,2025-26,49,134,False,2PT Field Goal
1642348,2025-26,104,237,True,3PT Field Goal
1642348,2025-26,-232,31,True,3PT Field Goal
1642348,2025-26,-43,39,False,2PT Field Goal
1642348,2025-26,-20,27,True,2PT Field Goal
1642348,2025-26,0,0,True,2PT Field Goal
1642348,2025-26,-195,188,False,3PT Field Goal
1642348,2025-26,161,234,False,3PT Field Goal
1642348,2025-26,-16,28,False,2PT Field Goal
1642348,2025-26,-11,126,False,2PT Field Goal
1642348,2025-26,11,22,True,2PT Field Goal
1642348,2025-26,-163,190,False,3PT Field Goal
1642348,2025-26,-60,75,False,2PT Field Goal
1642348,2025-26,-134,65,True,2PT Field Goal
1642348,2025-26,-33,243,True,3PT Field Goal
1642348,2025-26,221,108,False,3PT Field Goal
1642348,2025-26,-7,144,True,2PT Field Goal
1642348,2025-26,13,32,True,2PT Field Goal
1642348,2025-26,218,193,False,3PT Field Goal
1642348,2025-26,-227,17,True,3PT Field Goal
1642348,2025-26,-148,210,True,3PT Field Goal
1642348,2025-26,-147,239,False,3PT Field Goal
1642348,2025-26,-10,11,False,2PT Field Goal
1642348,2025-26,-98,142,False,2PT Field Goal
1642348,2025-26,212,160,False,3PT Field Goal
1642348,2025-26,184,189,True,3PT Field Goal
1642348,2025-26,222,28,True,3PT Field Goal
1642348,2025-26,-91,268,False,3PT Field Goal
1642348,2025-26,-10,4,True,2PT Field Goal
1642348,2025-26,-7,15,False,2PT Field Goal
1642348,2025-26,1,95,False,2PT Field Goal
1642348,2025-26,64,113,True,2PT Field Goal
1642348,2025-26,196,188,True,3PT Field Goal
1642348,2025-26,-158,197,False,3PT Field Goal
1642348,2025-26,-47,251,True,3PT Field Goal
1642348,2025-26,168,195,True,3PT Field Goal
1642348,2025-26,5,16,True,2PT Field Goal
1642348,2025-26,42,279,False,3PT Field Goal
1642348,2025-26,-5,17,False,2PT Field Goal
1642348,2025-26,0,0,True,2PT Field Goal
1642348,2025-26,-2,20,True,2PT Field Goal
1642348,2025-26,-67,73,False,2PT Field Goal
1642348,2025-26,-11,8,True,2PT Field Goal
1642348,2025-26,-36,80,True,2PT Field Goal
1642348,2025-26,-172,215,False,3PT Field Goal
1642348,2025-26,-18,16,True,2PT Field Goal
1642348,2025-26,-13,96,False,2PT Field Goal
1642348,2025-26,0,0,False,2PT Field Goal
1642348,2025-26,232,0,False,3PT Field Goal
1642348,2025-26,22,-16,True,2PT Field Goal
1642348,2025-26,5,-8,True,2PT Field Goal
1642348,2025-26,-161,199,False,3PT Field Goal
1642348,2025-26,4,5,True,2PT Field Goal
1642348,2025-26,-1,8,True,2PT Field Goal
1642348,2025-26,96,269,False,3PT Field Goal
1642348,2025-26,-4,5,True,2PT Field Goal
1642348,2025-26,-29,91,True,2PT Field Goal
1642348,2025-26,-47,105,True,2PT Field Goal
1642348,2025-26,-16,20,True,2PT Field Goal
1642348,2025-26,-6,23,True,2PT Field Goal
1642348,2025-26,-17,22,False,2PT Field Goal
1642348,2025-26,121,231,True,3PT Field Goal
1642348,2025-26,60,6,False,2PT Field Goal
1642348,2025-26,9,126,False,2PT Field Goal
1642348,2025-26,135,226,True,3PT Field Goal
1642348,2025-26,-137,216,False,3PT Field Goal
1642348,2025-26,-4,30,False,2PT Field Goal
1642348,2025-26,7,5,True,2PT Field Goal
1642348,2025-26,-5,109,True,2PT Field Goal
1642348,2025-26,89,248,False,3PT Field Goal
1642348,2025-26,224,71,True,3PT Field Goal
1642348,2025-26,27,113,True,2PT Field Goal
1642348,2025-26,-37,17,True,2PT Field Goal
1642348,2025-26,26,183,True,2PT Field Goal
1642348,2025-26,-13,20,True,2PT Field Goal
1642348,2025-26,-37,197,False,2PT Field Goal
1642348,2025-26,-23,63,True,2PT Field Goal
1642348,2025-26,99,239,False,3PT Field Goal
1642348,2025-26,-70,263,True,3PT Field Goal
1642348,2025-26,-23,147,False,2PT Field Goal
1642348,2025-26,142,220,False,3PT Field Goal
1642348,2025-26,-44,160,False,2PT Field Goal
1642348,2025-26,74,258,True,3PT Field Goal
1642348,2025-26,135,235,False,3PT Field Goal
1642348,2025-26,115,231,False,3PT Field Goal
1642348,2025-26,131,228,False,3PT Field Goal
1642348,2025-26,15,5,True,2PT Field Goal
1642348,2025-26,136,253,True,3PT Field Goal
1642348,2025-26,186,191,True,3PT Field Goal
1642348,2025-26,-123,248,False,3PT Field Goal
1642348,2025-26,28,122,True,2PT Field Goal
1642348,2025-26,-28,46,True,2PT Field Goal
1642348,2025-26,-205,162,True,3PT Field Goal
1642348,2025-26,162,231,False,3PT Field Goal
1642348,2025-26,43,126,False,2PT Field Goal
1642348,2025-26,71,102,False,2PT Field Goal
1642348,2025-26,135,235,False,3PT Field Goal
1642348,2025-26,22,51,True,2PT Field Goal
1642348,2025-26,-147,211,True,3PT Field Goal
1642348,2025-26,-137,225,False,3PT Field Goal
1642348,2025-26,54,73,False,2PT Field Goal
1642348,2025-26,27,9,True,2PT Field Goal
1642348,2025-26,127,245,True,3PT Field Goal
1642348,2025-26,165,227,True,3PT Field Goal
1642348,2025-26,110,255,True,3PT Field Goal
1642348,2025-26,-32,48,False,2PT Field Goal
1642348,2025-26,-126,203,True,3PT Field Goal
1642348,2025-26,-153,214,False,3PT Field Goal
1642348,2025-26,-55,29,True,2PT Field Goal
1642348,2025-26,18,94,True,2PT Field Goal
1642348,2025-26,-33,26,False,2PT Field Goal
1642348,2025-26,237,15,False,3PT Field Goal
1642348,2025-26,229,89,False,3PT Field Goal
1642348,2025-26,158,206,False,3PT Field Goal
1642348,2025-26,12,32,False,2PT Field Goal
1642348,2025-26,-142,253,True,3PT Field Goal
1642348,2025-26,-53,123,False,2PT Field Goal
1642348,2025-26,-115,269,False,3PT Field Goal
1642348,2025-26,-2,206,False,2PT Field Goal
1642348,2025-26,232,122,True,3PT Field Goal
1642348,2025-26,-4,40,True,2PT Field Goal
1642348,2025-26,178,210,False,3PT Field Goal
1642348,2025-26,-22,13,True,2PT Field Goal
1642348,2025-26,161,214,False,3PT Field Goal
1642348,2025-26,-140,233,True,3PT Field Goal
1642348,2025-26,-192,223,False,3PT Field Goal
1642348,2025-26,13,163,True,2PT Field Goal
1642348,2025-26,9,21,True,2PT Field Goal
1642348,2025-26,-7,14,True,2PT Field Goal
1642348,2025-26,-13,250,False,3PT Field Goal
1642348,2025-26,17,22,True,2PT Field Goal
1642348,2025-26,-169,195,True,3PT Field Goal
1642348,2025-26,-28,11,False,2PT Field Goal
1642348,2025-26,-138,208,False,3PT Field Goal
1642348,2025-26,229,27,False,3PT Field Goal
1642348,2025-26,105,252,False,3PT Field Goal
1642348,2025-26,49,113,False,2PT Field Goal
1642348,2025-26,10,4,True,2PT Field Goal
1642348,2025-26,229,5,False,3PT Field Goal
1642348,2025-26,-44,138,False,2PT Field Goal
1642348,2025-26,234,26,False,3PT Field Goal
1642348,2025-26,-54,100,True,2PT Field Goal
1642348,2025-26,0,0,True,2PT Field Goal
1642348,2025-26,-26,110,False,2PT Field Goal
1642348,2025-26,-203,147,False,3PT Field Goal
1642348,2025-26,4,17,True,2PT Field Goal
1642348,2025-26,-65,38,False,2PT Field Goal
1642348,2025-26,-42,107,False,2PT Field Goal
1642348,2025-26,9,24,False,2PT Field Goal
1642348,2025-26,-158,220,True,3PT Field Goal
1642348,2025-26,-148,241,True,3PT Field Goal
1642348,2025-26,-22,267,False,3PT Field Goal
1642348,2025-26,129,225,True,3PT Field Goal
1642348,2025-26,147,210,True,3PT Field Goal
1642348,2025-26,201,32,False,2PT Field Goal
1642348,2025-26,110,241,True,3PT Field Goal
1642348,2025-26,162,189,False,3PT Field Goal
1642348,2025-26,-23,20,True,2PT Field Goal
1642348,2025-26,-192,201,False,3PT Field Goal
1642348,2025-26,-25,18,False,2PT Field Goal
1642348,2025-26,18,138,False,2PT Field Goal
1642348,2025-26,-154,223,False,3PT Field Goal
1642348,2025-26,6,1,False,2PT Field Goal
1642348,2025-26,229,38,False,3PT Field Goal
1642348,2025-26,153,194,False,3PT Field Goal
1642348,2025-26,-142,227,False,3PT Field Goal
1642348,2025-26,-22,21,False,2PT Field Goal
1642348,2025-26,-38,245,False,3PT Field Goal
1642348,2025-26,-237,-2,False,3PT Field Goal
1642348,2025-26,-1,51,False,2PT Field Goal
1642348,2025-26,119,221,False,3PT Field Goal
1642845,2025-26,-50,161,True,2PT Field Goal
1642845,2025-26,-229,59,False,3PT Field Goal
1642845,2025-26,-42,93,True,2PT Field Goal
1642845,2025-26,-5,152,False,2PT Field Goal
1642845,2025-26,71,264,True,3PT Field Goal
1642845,2025-26,11,4,True,2PT Field Goal
1642845,2025-26,15,106,False,2PT Field Goal
1642845,2025-26,-37,172,True,2PT Field Goal
1642845,2025-26,-2,13,True,2PT Field Goal
1642845,2025-26,-154,230,False,3PT Field Goal
1642845,2025-26,85,265,True,3PT Field Goal
1642845,2025-26,189,173,True,3PT Field Goal
1642845,2025-26,77,241,True,3PT Field Goal
1642845,2025-26,225,103,False,3PT Field Goal
1642845,2025-26,67,72,False,2PT Field Goal
1642845,2025-26,-225,63,True,3PT Field Goal
1642845,2025-26,-222,24,False,3PT Field Goal
1642845,2025-26,2,30,True,2PT Field Goal
1642845,2025-26,-235,46,False,3PT Field Goal
1642845,2025-26,210,141,False,3PT Field Goal
1642845,2025-26,15,37,False,2PT Field Goal
1642845,2025-26,5,7,True,2PT Field Goal
1642845,2025-26,18,72,False,2PT Field Goal
1642845,2025-26,-28,92,False,2PT Field Goal
1642845,2025-26,49,257,True,3PT Field Goal
1642845,2025-26,-20,32,False,2PT Field Goal
1642845,2025-26,-85,245,False,3PT Field Goal
1642845,2025-26,-191,164,False,3PT Field Goal
1642845,2025-26,0,0,True,2PT Field Goal
1642845,2025-26,216,129,True,3PT Field Goal
1642845,2025-26,0,4,True,2PT Field Goal
1642845,2025-26,-116,225,True,3PT Field Goal
1642845,2025-26,72,151,False,2PT Field Goal
1642845,2025-26,-174,182,True,3PT Field Goal
1642845,2025-26,-170,180,False,3PT Field Goal
1642845,2025-26,-38,27,True,2PT Field Goal
1642845,2025-26,93,78,False,2PT Field Goal
1642845,2025-26,-5,247,False,3PT Field Goal
1642845,2025-26,148,205,False,3PT Field Goal
1642845,2025-26,53,15,True,2PT Field Goal
1642845,2025-26,201,74,True,2PT Field Goal
1642845,2025-26,141,217,False,3PT Field Goal
1642845,2025-26,199,149,True,3PT Field Goal
1642845,2025-26,-4,-6,True,2PT Field Goal
1642845,2025-26,2,162,False,2PT Field Goal
1642845,2025-26,142,226,False,3PT Field Goal
1642845,2025-26,10,160,False,2PT Field Goal
1642845,2025-26,-108,228,True,3PT Field Goal
1642845,2025-26,31,5,True,2PT Field Goal
1642845,2025-26,-167,242,False,3PT Field Goal
1642845,2025-26,-43,127,True,2PT Field Goal
1642845,2025-26,-34,71,False,2PT Field Goal
1642845,2025-26,22,158,False,2PT Field Goal
1642845,2025-26,227,49,True,3PT Field Goal
1642845,2025-26,-2,5,True,2PT Field Goal
1642845,2025-26,192,158,False,3PT Field Goal
1642845,2025-26,2,81,True,2PT Field Goal
1642845,2025-26,6,12,True,2PT Field Goal
1642845,2025-26,39,55,False,2PT Field Goal
1642845,2025-26,-62,107,False,2PT Field Goal
1642845,2025-26,53,95,False,2PT Field Goal
1642845,2025-26,-2,10,True,2PT Field Goal
1642845,2025-26,-11,45,False,2PT Field Goal
1642845,2025-26,7,30,False,2PT Field Goal
1642845,2025-26,12,17,False,2PT Field Goal
1642845,2025-26,-115,236,False,3PT Field Goal
1642845,2025-26,10,16,True,2PT Field Goal
1642845,2025-26,-9,16,True,2PT Field Goal
1642845,2025-26,9,35,True,2PT Field Goal
1642845,2025-26,100,242,True,3PT Field Goal
1642845,2025-26,-60,255,False,3PT Field Goal
1642845,2025-26,10,137,True,2PT Field Goal
1642845,2025-26,-5,52,False,2PT Field Goal
1642845,2025-26,-93,253,True,3PT Field Goal
1642845,2025-26,53,111,True,2PT Field Goal
1642845,2025-26,-153,231,False,3PT Field Goal
1642845,2025-26,47,190,False,2PT Field Goal
1642845,2025-26,34,52,True,2PT Field Goal
1642845,2025-26,-5,84,False,2PT Field Goal
1642845,2025-26,0,0,True,2PT Field Goal
1642845,2025-26,-54,68,True,2PT Field Goal
1642845,2025-26,85,154,True,2PT Field Goal
1642845,2025-26,-1,32,False,2PT Field Goal
1642845,2025-26,75,157,False,2PT Field Goal
1642845,2025-26,162,204,False,3PT Field Goal
1642845,2025-26,223,131,True,3PT Field Goal
1642845,2025-26,203,151,True,3PT Field Goal
1642845,2025-26,-33,23,False,2PT Field Goal
1642845,2025-26,-169,230,True,3PT Field Goal
1642845,2025-26,-165,206,False,3PT Field Goal
1642845,2025-26,69,58,False,2PT Field Goal
1642845,2025-26,-230,130,True,3PT Field Goal
1642845,2025-26,-76,63,False,2PT Field Goal
1642845,2025-26,6,21,False,2PT Field Goal
1642845,2025-26,-202,172,False,3PT Field Goal
1642845,2025-26,-205,193,False,3PT Field Goal
1642845,2025-26,132,208,False,3PT Field Goal
1642845,2025-26,-10,34,False,2PT Field Goal
1642845,2025-26,-29,21,True,2PT Field Goal
1642845,2025-26,9,35,True,2PT Field Goal
1642845,2025-26,224,62,False,3PT Field Goal
1642845,2025-26,104,264,True,3PT Field Goal
1642845,2025-26,-156,205,True,3PT Field Goal
1642845,2025-26,-213,140,False,3PT Field Goal
1642845,2025-26,-7,26,True,2PT Field Goal
1642845,2025-26,43,38,False,2PT Field Goal
1642845,2025-26,232,29,False,3PT Field Goal
1642845,2025-26,51,15,True,2PT Field Goal
1642845,2025-26,163,197,True,3PT Field Goal
1642845,2025-26,30,45,False,2PT Field Goal
1642845,2025-26,-20,83,False,2PT Field Goal
1642845,2025-26,-150,207,True,3PT Field Goal
1642845,2025-26,11,36,False,2PT Field Goal
1642845,2025-26,-4,15,False,2PT Field Goal
1642845,2025-26,137,5,False,2PT Field Goal
1642845,2025-26,-5,29,False,2PT Field Goal
1642845,2025-26,43,4,True,2PT Field Goal
1642845,2025-26,-223,-20,False,3PT Field Goal
1642845,2025-26,15,15,False,2PT Field Goal
1642845,2025-26,22,67,True,2PT Field Goal
1642845,2025-26,-6,32,True,2PT Field Goal
1642845,2025-26,196,155,False,3PT Field Goal
1642845,2025-26,140,205,False,3PT Field Goal
1642845,2025-26,8,-2,True,2PT Field Goal
1642845,2025-26,42,34,False,2PT Field Goal
1642845,2025-26,-21,36,False,2PT Field Goal
1642845,2025-26,112,219,False,3PT Field Goal
1642845,2025-26,-26,9,False,2PT Field Goal
1642845,2025-26,10,38,False,2PT Field Goal
1642845,2025-26,26,160,False,2PT Field Goal
1642845,2025-26,0,0,False,2PT Field Goal
1642845,2025-26,9,11,True,2PT Field Goal
1642845,2025-26,152,210,False,3PT Field Goal
1642845,2025-26,158,212,False,3PT Field Goal
1642845,2025-26,-6,21,False,2PT Field Goal
1642845,2025-26,100,249,False,3PT Field Goal
1642845,2025-26,5,16,False,2PT Field Goal
1642845,2025-26,-2,7,True,2PT Field Goal
1642845,2025-26,125,22,False,2PT Field Goal
1642845,2025-26,2,6,True,2PT Field Goal
1642845,2025-26,116,163,False,2PT Field Goal
1642845,2025-26,34,257,False,3PT Field Goal
1642845,2025-26,50,257,False,3PT Field Goal
1642845,2025-26,-97,239,False,3PT Field Goal
1642845,2025-26,-20,61,False,2PT Field Goal
1642845,2025-26,-7,63,False,2PT Field Goal
1642845,2025-26,2,36,True,2PT Field Goal
1642845,2025-26,82,146,True,2PT Field Goal
1642845,2025-26,12,8,True,2PT Field Goal
1642845,2025-26,-15,11,False,2PT Field Goal
1642845,2025-26,-11,25,False,2PT Field Goal
1642845,2025-26,34,87,False,2PT Field Goal
1642845,2025-26,7,22,True,2PT Field Goal
1642845,2025-26,17,19,False,2PT Field Goal
1642845,2025-26,12,11,True,2PT Field Goal
1642845,2025-26,-17,160,False,2PT Field Goal
1642845,2025-26,192,173,False,3PT Field Goal
1642845,2025-26,-161,202,True,3PT Field Goal
1642845,2025-26,-105,247,False,3PT Field Goal
1642845,2025-26,28,156,False,2PT Field Goal
1642845,2025-26,-123,19,False,2PT Field Goal
1642845,2025-26,4,17,False,2PT Field Goal
1642845,2025-26,-51,257,False,3PT Field Goal
1642845,2025-26,219,132,True,3PT Field Goal
1642845,2025-26,-18,108,False,2PT Field Goal
1642845,2025-26,-194,158,False,3PT Field Goal
1642845,2025-26,-43,267,False,3PT Field Goal
1642845,2025-26,10,4,False,2PT Field Goal
1642845,2025-26,105,254,True,3PT Field Goal
1642845,2025-26,-168,205,False,3PT Field Goal
1642845,2025-26,-12,111,True,2PT Field Goal
1642845,2025-26,225,25,True,3PT Field Goal
1642845,2025-26,96,89,False,2PT Field Goal
1642845,2025-26,-36,65,True,2PT Field Goal
1642845,2025-26,33,49,False,2PT Field Goal
1642845,2025-26,96,242,False,3PT Field Goal
1642845,2025-26,-18,20,False,2PT Field Goal
1642845,2025-26,-6,6,True,2PT Field Goal
1642845,2025-26,143,215,False,3PT Field Goal
1642845,2025-26,-4,111,True,2PT Field Goal
1642845,2025-26,-191,177,False,3PT Field Goal
1642845,2025-26,130,215,True,3PT Field Goal
1642845,2025-26,-43,88,False,2PT Field Goal
1642845,2025-26,0,0,False,2PT Field Goal
1642845,2025-26,7,11,False,2PT Field Goal
1642845,2025-26,143,220,False,3PT Field Goal
1642845,2025-26,-7,5,False,2PT Field Goal
1642845,2025-26,180,184,False,3PT Field Goal
1642845,2025-26,2,1,True,2PT Field Goal
1642845,2025-26,7,58,True,2PT Field Goal
1642845,2025-26,-15,99,False,2PT Field Goal
1642845,2025-26,6,14,True,2PT Field Goal
1642845,2025-26,-159,210,True,3PT Field Goal
1642845,2025-26,13,10,True,2PT Field Goal
1642845,2025-26,114,325,False,3PT Field Goal
1642845,2025-26,28,17,True,2PT Field Goal
1642845,2025-26,-229,6,False,3PT Field Goal
1642845,2025-26,0,0,False,2PT Field Goal
1642845,2025-26,-4,14,True,2PT Field Goal
1642845,2025-26,17,21,False,2PT Field Goal
1642845,2025-26,15,-2,True,2PT Field Goal
1642845,2025-26,-176,184,False,3PT Field Goal
1642845,2025-26,235,50,False,3PT Field Goal
1642845,2025-26,-3,235,False,2PT Field Goal
1642845,2025-26,-5,7,True,2PT Field Goal
1642845,2025-26,-1,21,False,2PT Field Goal
1642845,2025-26,-11,8,True,2PT Field Goal
1642845,2025-26,7,3,False,2PT Field Goal
1642845,2025-26,159,231,True,3PT Field Goal
1642845,2025-26,-11,6,False,2PT Field Goal
1642845,2025-26,13,84,False,2PT Field Goal
1642845,2025-26,-150,224,True,3PT Field Goal
1642845,2025-26,0,30,False,2PT Field Goal
1642845,2025-26,-31,9,True,2PT Field Goal
1642845,2025-26,32,98,False,2PT Field Goal
1642845,2025-26,-103,247,False,3PT Field Goal
1642845,2025-26,188,201,True,3PT Field Goal
1642845,2025-26,16,10,True,2PT Field Goal
1642845,2025-26,143,248,False,3PT Field Goal
1642845,2025-26,-10,256,False,3PT Field Goal
1642845,2025-26,74,246,False,3PT Field Goal
1642845,2025-26,-6,104,True,2PT Field Goal
1642845,2025-26,-56,89,True,2PT Field Goal
1642845,2025-26,53,264,False,3PT Field Goal
1642845,2025-26,-1,71,False,2PT Field Goal
1642845,2025-26,0,10,True,2PT Field Goal
1642845,2025-26,77,114,False,2PT Field Goal
1642845,2025-26,10,21,False,2PT Field Goal
1642845,2025-26,15,22,False,2PT Field Goal
1642845,2025-26,-127,228,False,3PT Field Goal
1642845,2025-26,48,27,True,2PT Field Goal
1642845,2025-26,-151,253,True,3PT Field Goal
1642845,2025-26,-36,270,True,3PT Field Goal
1642845,2025-26,4,269,False,3PT Field Goal
1642845,2025-26,13,6,True,2PT Field Goal
1642845,2025-26,-223,99,True,3PT Field Goal
1642845,2025-26,-148,222,False,3PT Field Goal
1642845,2025-26,20,8,False,2PT Field Goal
1642845,2025-26,138,224,False,3PT Field Goal
1642845,2025-26,-7,66,True,2PT Field Goal
1642845,2025-26,-191,210,True,3PT Field Goal
1642845,2025-26,-224,160,False,3PT Field Goal
1642845,2025-26,13,39,False,2PT Field Goal
1642845,2025-26,23,6,True,2PT Field Goal
1642845,2025-26,1,-13,True,2PT Field Goal
1642845,2025-26,137,237,False,3PT Field Goal
1642845,2025-26,-1,132,False,2PT Field Goal
1642845,2025-26,172,218,True,3PT Field Goal
1642845,2025-26,38,-28,False,2PT Field Goal
1642845,2025-26,108,255,True,3PT Field Goal
1642845,2025-26,-224,6,False,3PT Field Goal
1642845,2025-26,-93,20,False,2PT Field Goal
1642845,2025-26,-80,66,True,2PT Field Goal
1642845,2025-26,33,159,False,2PT Field Goal
1642845,2025-26,0,11,True,2PT Field Goal
1642845,2025-26,9,168,False,2PT Field Goal
1642845,2025-26,23,29,False,2PT Field Goal
1642845,2025-26,-172,185,True,3PT Field Goal
1642845,2025-26,-40,17,True,2PT Field Goal
1642845,2025-26,25,22,False,2PT Field Goal
1642845,2025-26,0,0,False,2PT Field Goal
1642845,2025-26,-11,248,False,3PT Field Goal
1642845,2025-26,4,77,False,2PT Field Goal
1642845,2025-26,-123,221,True,3PT Field Goal
1642845,2025-26,4,67,True,2PT Field Goal
1642845,2025-26,75,85,False,2PT Field Goal
1642845,2025-26,108,246,False,3PT Field Goal
1642845,2025-26,233,83,False,3PT Field Goal
1642845,2025-26,-10,15,False,2PT Field Goal
1642845,2025-26,237,37,True,3PT Field Goal
1642845,2025-26,-2,7,True,2PT Field Goal
1642845,2025-26,13,15,True,2PT Field Goal
1642845,2025-26,108,137,True,2PT Field Goal
1642845,2025-26,-10,36,True,2PT Field Goal
1642845,2025-26,-4,-5,False,2PT Field Goal
1642845,2025-26,-2,15,False,2PT Field Goal
1642845,2025-26,-4,152,True,2PT Field Goal
1642845,2025-26,129,220,True,3PT Field Goal
1642845,2025-26,0,0,True,2PT Field Goal
1642845,2025-26,-176,201,False,3PT Field Goal
1642845,2025-26,15,10,True,2PT Field Goal
1642845,2025-26,9,130,True,2PT Field Goal
1642845,2025-26,98,101,True,2PT Field Goal
1642845,2025-26,103,239,True,3PT Field Goal
1642845,2025-26,-165,213,False,3PT Field Goal
1642845,2025-26,0,5,True,2PT Field Goal
1642845,2025-26,-69,252,False,3PT Field Goal
1642845,2025-26,-173,209,False,3PT Field Goal
1642845,2025-26,23,11,True,2PT Field Goal
1642845,2025-26,82,91,False,2PT Field Goal
1642845,2025-26,156,201,True,3PT Field Goal
1642845,2025-26,-170,223,True,3PT Field Goal
1642845,2025-26,-148,248,False,3PT Field Goal
1642845,2025-26,143,242,False,3PT Field Goal
1642845,2025-26,11,16,True,2PT Field Goal
1642845,2025-26,10,13,False,2PT Field Goal
1642845,2025-26,6,2,True,2PT Field Goal
1642845,2025-26,-37,263,False,3PT Field Goal
1642845,2025-26,-16,13,False,2PT Field Goal
1642845,2025-26,-114,244,False,3PT Field Goal
1642845,2025-26,-137,211,False,3PT Field Goal
1642845,2025-26,5,11,True,2PT Field Goal
1642845,2025-26,-17,11,False,2PT Field Goal
1642845,2025-26,23,8,False,2PT Field Goal
1642845,2025-26,-180,180,False,3PT Field Goal
1642845,2025-26,6,16,False,2PT Field Goal
1642845,2025-26,12,9,True,2PT Field Goal
1642845,2025-26,16,4,True,2PT Field Goal
1642845,2025-26,-235,-8,False,3PT Field Goal
1642845,2025-26,184,156,False,3PT Field Goal
1642845,2025-26,131,152,False,2PT Field Goal
1642845,2025-26,5,11,True,2PT Field Goal
1642845,2025-26,147,222,False,3PT Field Goal
1642845,2025-26,-59,188,True,2PT Field Goal
1642845,2025-26,-56,127,False,2PT Field Goal
1642845,2025-26,-16,10,False,2PT Field Goal
1642845,2025-26,-184,179,True,3PT Field Goal
1642845,2025-26,-110,128,False,2PT Field Goal
1642845,2025-26,108,253,False,3PT Field Goal
1642845,2025-26,43,273,False,3PT Field Goal
1642845,2025-26,86,138,False,2PT Field Goal
1642845,2025-26,45,108,False,2PT Field Goal
1642845,2025-26,-224,-32,False,3PT Field Goal
1642845,2025-26,185,197,True,3PT Field Goal
1642845,2025-26,184,172,False,3PT Field Goal
1642845,2025-26,-161,199,False,3PT Field Goal
1642845,2025-26,74,129,False,2PT Field Goal
1642845,2025-26,47,74,False,2PT Field Goal
1642845,2025-26,86,77,False,2PT Field Goal
1642845,2025-26,-89,246,True,3PT Field Goal
1642845,2025-26,115,237,False,3PT Field Goal
1642845,2025-26,4,94,True,2PT Field Goal
1642845,2025-26,200,178,False,3PT Field Goal
1642845,2025-26,28,16,False,2PT Field Goal
1642845,2025-26,-219,103,False,3PT Field Goal
1642845,2025-26,25,8,True,2PT Field Goal
1642845,2025-26,4,0,True,2PT Field Goal
1642845,2025-26,-17,16,False,2PT Field Goal
1642845,2025-26,-37,31,False,2PT Field Goal
1642845,2025-26,235,32,False,3PT Field Goal
1642845,2025-26,34,10,True,2PT Field Goal
1642845,2025-26,72,162,False,2PT Field Goal
1642845,2025-26,-227,101,True,3PT Field Goal
1642845,2025-26,82,241,True,3PT Field Goal
1642845,2025-26,-11,21,True,2PT Field Goal
1642845,2025-26,-21,14,False,2PT Field Goal
1642845,2025-26,-135,214,True,3PT Field Goal
1642845,2025-26,-17,11,False,2PT Field Goal
1642845,2025-26,-119,227,False,3PT Field Goal
1642845,2025-26,-26,253,True,3PT Field Goal
1642845,2025-26,-216,136,True,3PT Field Goal
1642845,2025-26,-233,-17,False,3PT Field Goal
1642845,2025-26,13,15,True,2PT Field Goal
1642845,2025-26,20,115,True,2PT Field Goal
1642845,2025-26,167,183,False,3PT Field Goal
1642845,2025-26,0,41,False,2PT Field Goal
1642845,2025-26,25,42,True,2PT Field Goal
1642845,2025-26,234,25,True,3PT Field Goal
1642845,2025-26,2,10,True,2PT Field Goal
1642845,2025-26,10,5,True,2PT Field Goal
1642845,2025-26,-234,7,False,3PT Field Goal
1642845,2025-26,-2,10,True,2PT Field Goal
1642845,2025-26,-50,65,False,2PT Field Goal
1642845,2025-26,-121,264,True,3PT Field Goal
1642845,2025-26,6,35,False,2PT Field Goal
1642845,2025-26,0,0,True,2PT Field Goal
1642845,2025-26,5,10,True,2PT Field Goal
1642845,2025-26,43,250,True,3PT Field Goal
1642845,2025-26,-180,188,True,3PT Field Goal
1642845,2025-26,-61,245,True,3PT Field Goal
1642845,2025-26,-107,248,False,3PT Field Goal
1642845,2025-26,-7,3,True,2PT Field Goal
1642845,2025-26,-86,237,True,3PT Field Goal
1642845,2025-26,228,56,False,3PT Field Goal
1642845,2025-26,-4,17,True,2PT Field Goal
1642845,2025-26,181,178,False,3PT Field Goal
1642845,2025-26,-6,5,True,2PT Field Goal
1642845,2025-26,99,269,False,3PT Field Goal
1642845,2025-26,-234,74,False,3PT Field Goal
1642845,2025-26,-13,1,True,2PT Field Goal
1642845,2025-26,-228,-22,False,3PT Field Goal
1642845,2025-26,-192,176,False,3PT Field Goal
1642845,2025-26,42,25,False,2PT Field Goal
1642845,2025-26,18,21,False,2PT Field Goal
1642845,2025-26,-216,137,False,3PT Field Goal
1642845,2025-26,218,100,True,3PT Field Goal
1642845,2025-26,107,261,True,3PT Field Goal
1642845,2025-26,31,260,True,3PT Field Goal
1642845,2025-26,-227,43,False,3PT Field Goal
1642845,2025-26,31,21,False,2PT Field Goal
1642845,2025-26,-12,79,False,2PT Field Goal
1642845,2025-26,-12,266,True,3PT Field Goal
1642845,2025-26,-83,255,False,3PT Field Goal
1642845,2025-26,28,267,True,3PT Field Goal
1642845,2025-26,134,236,False,3PT Field Goal
1642845,2025-26,-9,10,True,2PT Field Goal
1642845,2025-26,-12,26,False,2PT Field Goal
1642845,2025-26,-34,271,False,3PT Field Goal
1642845,2025-26,0,21,False,2PT Field Goal
1642845,2025-26,0,11,True,2PT Field Goal
1642845,2025-26,33,19,False,2PT Field Goal
1642845,2025-26,7,19,False,2PT Field Goal
1642845,2025-26,-216,189,False,3PT Field Goal
1642845,2025-26,-195,174,False,3PT Field Goal
1642845,2025-26,112,239,True,3PT Field Goal
1642845,2025-26,-62,149,True,2PT Field Goal
1642845,2025-26,-131,239,False,3PT Field Goal
1642845,2025-26,110,55,True,2PT Field Goal
1642845,2025-26,-18,12,False,2PT Field Goal
1642845,2025-26,-145,244,False,3PT Field Goal
1642845,2025-26,-12,113,True,2PT Field Goal
1642845,2025-26,-163,211,False,3PT Field Goal
1642845,2025-26,33,153,True,2PT Field Goal
1642845,2025-26,-110,109,False,2PT Field Goal
1642845,2025-26,6,25,False,2PT Field Goal
1642845,2025-26,223,80,False,3PT Field Goal
1642845,2025-26,-11,4,True,2PT Field Goal
1642845,2025-26,86,250,False,3PT Field Goal
1642845,2025-26,206,155,False,3PT Field Goal
1642845,2025-26,-89,5,True,2PT Field Goal
1642845,2025-26,-15,47,False,2PT Field Goal
1642845,2025-26,180,121,False,2PT Field Goal
1642845,2025-26,62,199,True,2PT Field Goal
1642845,2025-26,-124,226,False,3PT Field Goal
1642845,2025-26,-233,-2,False,3PT Field Goal
1642845,2025-26,4,256,True,3PT Field Goal
1642845,2025-26,4,4,True,2PT Field Goal
1642845,2025-26,132,226,False,3PT Field Goal
1642845,2025-26,39,68,False,2PT Field Goal
1642845,2025-26,-96,200,False,2PT Field Goal
1642845,2025-26,15,6,False,2PT Field Goal
1642845,2025-26,-167,209,False,3PT Field Goal
1642845,2025-26,22,52,False,2PT Field Goal
1642845,2025-26,21,12,True,2PT Field Goal
1642845,2025-26,-4,302,False,3PT Field Goal
1642845,2025-26,2,29,False,2PT Field Goal
1642845,2025-26,-61,294,True,3PT Field Goal
1642845,2025-26,228,67,True,3PT Field Goal
1642845,2025-26,-83,242,True,3PT Field Goal
1642845,2025-26,-81,247,True,3PT Field Goal
1642845,2025-26,25,-5,False,2PT Field Goal
1642845,2025-26,-170,199,True,3PT Field Goal
1642845,2025-26,-72,290,False,3PT Field Goal
1642845,2025-26,48,259,True,3PT Field Goal
1642845,2025-26,-223,22,True,3PT Field Goal
1642845,2025-26,-37,183,False,2PT Field Goal
1642845,2025-26,10,29,True,2PT Field Goal
1642845,2025-26,-216,168,False,3PT Field Goal
1642845,2025-26,-148,215,False,3PT Field Goal
1642845,2025-26,173,202,False,3PT Field Goal
1642845,2025-26,0,0,False,2PT Field Goal
1642845,2025-26,173,180,False,3PT Field Goal
1642845,2025-26,4,17,True,2PT Field Goal
1642845,2025-26,22,256,False,3PT Field Goal
1642845,2025-26,113,121,True,2PT Field Goal
1642845,2025-26,225,79,True,3PT Field Goal
1642845,2025-26,5,8,True,2PT Field Goal
1642845,2025-26,-99,245,True,3PT Field Goal
1642845,2025-26,0,0,False,2PT Field Goal
1642845,2025-26,-126,91,False,2PT Field Goal
1642845,2025-26,109,236,False,3PT Field Goal
1642845,2025-26,-93,247,False,3PT Field Goal
1642845,2025-26,-145,259,False,3PT Field Goal
1642845,2025-26,-11,17,True,2PT Field Goal
1642845,2025-26,7,117,False,2PT Field Goal
1642845,2025-26,0,0,True,2PT Field Goal
1642845,2025-26,2,-4,True,2PT Field Goal
1642845,2025-26,6,21,False,2PT Field Goal
1642845,2025-26,80,101,False,2PT Field Goal
1642845,2025-26,-181,184,True,3PT Field Goal
1642845,2025-26,9,269,False,3PT Field Goal
1642845,2025-26,-61,178,True,2PT Field Goal
1642845,2025-26,109,143,True,2PT Field Goal
1642845,2025-26,141,26,True,2PT Field Goal
1642845,2025-26,-74,269,False,3PT Field Goal
1642845,2025-26,9,140,False,2PT Field Goal
1642845,2025-26,-31,157,False,2PT Field Goal
1642845,2025-26,-17,258,False,3PT Field Goal
1642845,2025-26,22,-5,True,2PT Field Goal
1642845,2025-26,124,221,True,3PT Field Goal
1642845,2025-26,38,54,True,2PT Field Goal
1642845,2025-26,-109,178,True,2PT Field Goal
1642845,2025-26,-124,37,True,2PT Field Goal
1642845,2025-26,-36,174,False,2PT Field Goal
1642845,2025-26,55,253,False,3PT Field Goal
1642845,2025-26,0,0,True,2PT Field Goal
1642845,2025-26,-18,10,False,2PT Field Goal
1642845,2025-26,-88,178,False,2PT Field Goal
1642845,2025-26,-7,294,False,3PT Field Goal
1642845,2025-26,5,6,True,2PT Field Goal
1642845,2025-26,205,158,True,3PT Field Goal
1642845,2025-26,91,267,False,3PT Field Goal
1642845,2025-26,131,228,False,3PT Field Goal
1642845,2025-26,-16,4,True,2PT Field Goal
1642845,2025-26,163,234,False,3PT Field Goal
1642845,2025-26,16,273,False,3PT Field Goal
1642845,2025-26,-20,17,True,2PT Field Goal
1642845,2025-26,-228,72,False,3PT Field Goal
1642845,2025-26,-230,37,False,3PT Field Goal
1642845,2025-26,11,32,True,2PT Field Goal
1642845,2025-26,163,131,True,2PT Field Goal
1642845,2025-26,-180,188,False,3PT Field Goal
1642845,2025-26,-167,220,False,3PT Field Goal
1642845,2025-26,10,163,False,2PT Field Goal
1642845,2025-26,-25,81,True,2PT Field Goal
1642845,2025-26,-12,12,True,2PT Field Goal
1642845,2025-26,-121,225,True,3PT Field Goal
1642845,2025-26,169,196,False,3PT Field Goal
1642845,2025-26,17,-1,False,2PT Field Goal
1642845,2025-26,-17,254,False,3PT Field Goal
1642845,2025-26,-62,55,False,2PT Field Goal
1642845,2025-26,-31,155,False,2PT Field Goal
1642845,2025-26,10,78,False,2PT Field Goal
1642845,2025-26,-189,167,True,3PT Field Goal
1642845,2025-26,-7,19,True,2PT Field Goal
1642845,2025-26,71,197,False,2PT Field Goal
1642845,2025-26,-23,28,False,2PT Field Goal
1642845,2025-26,-50,262,False,3PT Field Goal
1642845,2025-26,-86,255,True,3PT Field Goal
1642845,2025-26,9,48,False,2PT Field Goal
1642845,2025-26,235,73,True,3PT Field Goal
1642845,2025-26,10,41,False,2PT Field Goal
1642845,2025-26,-230,36,True,3PT Field Goal
1642845,2025-26,0,139,False,2PT Field Goal
1642845,2025-26,0,0,True,2PT Field Goal
1642845,2025-26,137,235,False,3PT Field Goal
1642845,2025-26,47,273,False,3PT Field Goal
1642845,2025-26,0,0,False,2PT Field Goal
1642845,2025-26,214,127,True,3PT Field Goal
1642845,2025-26,38,274,False,3PT Field Goal
1642845,2025-26,54,179,True,2PT Field Goal
1642845,2025-26,45,251,False,3PT Field Goal
1642845,2025-26,2,267,True,3PT Field Goal
1642845,2025-26,0,3,True,2PT Field Goal
1642845,2025-26,145,226,False,3PT Field Goal
1642845,2025-26,71,264,False,3PT Field Goal
1642845,2025-26,2,152,True,2PT Field Goal
1642845,2025-26,62,57,False,2PT Field Goal
1642845,2025-26,-7,16,True,2PT Field Goal
1642845,2025-26,-233,101,False,3PT Field Goal
1642845,2025-26,10,20,True,2PT Field Goal
1642845,2025-26,-113,257,True,3PT Field Goal
1642845,2025-26,9,147,False,2PT Field Goal
1642845,2025-26,225,142,False,3PT Field Goal
1642845,2025-26,34,32,False,2PT Field Goal
1642845,2025-26,-12,260,False,3PT Field Goal
1642845,2025-26,210,208,True,3PT Field Goal
1642845,2025-26,-221,98,False,3PT Field Goal
1642845,2025-26,197,180,False,3PT Field Goal
1642845,2025-26,227,55,False,3PT Field Goal
1642845,2025-26,-233,32,False,3PT Field Goal
1642845,2025-26,-230,47,False,3PT Field Goal
1642845,2025-26,59,153,False,2PT Field Goal
1642845,2025-26,-197,155,False,3PT Field Goal
1642845,2025-26,-25,121,True,2PT Field Goal
1642845,2025-26,50,74,False,2PT Field Goal
1642845,2025-26,-69,78,True,2PT Field Goal
1642845,2025-26,36,19,True,2PT Field Goal
1642845,2025-26,36,14,True,2PT Field Goal
1642845,2025-26,161,236,True,3PT Field Goal
1642845,2025-26,-107,235,False,3PT Field Goal
1642845,2025-26,92,235,False,3PT Field Goal
1642845,2025-26,-86,121,False,2PT Field Goal
1642845,2025-26,178,193,False,3PT Field Goal
1642845,2025-26,-39,100,True,2PT Field Goal
1642845,2025-26,109,105,False,2PT Field Goal
1642845,2025-26,29,43,True,2PT Field Goal
1642845,2025-26,88,247,True,3PT Field Goal
1642845,2025-26,-145,27,True,2PT Field Goal
1642845,2025-26,120,239,False,3PT Field Goal
1642845,2025-26,109,64,True,2PT Field Goal
1642845,2025-26,-34,23,True,2PT Field Goal
1642845,2025-26,-49,184,False,2PT Field Goal
1642845,2025-26,2,37,False,2PT Field Goal
1642845,2025-26,-110,263,False,3PT Field Goal
1642845,2025-26,-1,21,True,2PT Field Goal
1642845,2025-26,127,116,False,2PT Field Goal
1642845,2025-26,-13,20,False,2PT Field Goal
1642845,2025-26,238,36,True,3PT Field Goal
1642845,2025-26,-211,174,True,3PT Field Goal
1642845,2025-26,0,12,True,2PT Field Goal
1642845,2025-26,-227,136,False,3PT Field Goal
1642845,2025-26,6,71,False,2PT Field Goal
1642845,2025-26,2,15,True,2PT Field Goal
1642845,2025-26,16,32,False,2PT Field Goal
1642845,2025-26,91,251,False,3PT Field Goal
1642845,2025-26,39,262,False,3PT Field Goal
1642845,2025-26,9,26,True,2PT Field Goal
1642845,2025-26,163,227,True,3PT Field Goal
1642845,2025-26,11,14,True,2PT Field Goal
1642845,2025-26,232,145,False,3PT Field Goal
1642845,2025-26,61,106,False,2PT Field Goal
1642845,2025-26,-223,143,True,3PT Field Goal
1642845,2025-26,11,6,False,2PT Field Goal
1642845,2025-26,163,188,False,3PT Field Goal
1642845,2025-26,-6,111,True,2PT Field Goal
1642845,2025-26,0,0,False,2PT Field Goal
1642845,2025-26,92,272,False,3PT Field Goal
1642845,2025-26,123,227,True,3PT Field Goal
1642845,2025-26,-174,185,False,3PT Field Goal
1642845,2025-26,-200,155,False,3PT Field Goal
1642845,2025-26,-16,41,False,2PT Field Goal
1642845,2025-26,75,41,False,2PT Field Goal
1642845,2025-26,105,131,True,2PT Field Goal
1642845,2025-26,130,50,False,2PT Field Goal
1642845,2025-26,29,267,False,3PT Field Goal
1642845,2025-26,151,-18,True,2PT Field Goal
1642845,2025-26,-80,247,False,3PT Field Goal
1642845,2025-26,23,71,False,2PT Field Goal
1642845,2025-26,-227,21,False,3PT Field Goal
1642845,2025-26,15,183,True,2PT Field Goal
1642845,2025-26,125,-2,False,2PT Field Goal
1642845,2025-26,4,93,True,2PT Field Goal
1642845,2025-26,12,157,False,2PT Field Goal
1642845,2025-26,-11,42,False,2PT Field Goal
1642845,2025-26,199,169,False,3PT Field Goal
1642845,2025-26,76,170,True,2PT Field Goal
1642845,2025-26,-97,260,False,3PT Field Goal
1642845,2025-26,4,-3,True,2PT Field Goal
1642845,2025-26,-99,265,False,3PT Field Goal
1642845,2025-26,12,10,True,2PT Field Goal
1642845,2025-26,7,18,False,2PT Field Goal
1642845,2025-26,81,168,True,2PT Field Goal
1642845,2025-26,55,99,True,2PT Field Goal
1642845,2025-26,115,239,True,3PT Field Goal
1642845,2025-26,185,206,False,3PT Field Goal
1642845,2025-26,64,126,False,2PT Field Goal
1642845,2025-26,110,220,False,3PT Field Goal
1642845,2025-26,-199,242,True,3PT Field Goal
1642845,2025-26,55,37,False,2PT Field Goal
1642845,2025-26,-5,78,False,2PT Field Goal
1642845,2025-26,-5,251,False,3PT Field Goal
1642845,2025-26,223,86,True,3PT Field Goal
1642845,2025-26,-224,110,False,3PT Field Goal
1642845,2025-26,-70,152,True,2PT Field Goal
1642845,2025-26,6,39,True,2PT Field Goal
1642845,2025-26,-71,256,False,3PT Field Goal
1642845,2025-26,-132,218,True,3PT Field Goal
1642845,2025-26,-168,178,False,3PT Field Goal
1642845,2025-26,-108,78,True,2PT Field Goal
1642845,2025-26,-25,90,True,2PT Field Goal
1642845,2025-26,43,50,False,2PT Field Goal
1642845,2025-26,-102,58,True,2PT Field Goal
1642845,2025-26,-18,1,True,2PT Field Goal
1642845,2025-26,232,-5,False,3PT Field Goal
1642845,2025-26,-1,143,False,2PT Field Goal
1642845,2025-26,58,105,False,2PT Field Goal
1642845,2025-26,190,155,False,3PT Field Goal
1642845,2025-26,0,15,False,2PT Field Goal
1642845,2025-26,86,96,False,2PT Field Goal
1642845,2025-26,224,64,False,3PT Field Goal
1642845,2025-26,22,29,False,2PT Field Goal
1642845,2025-26,123,11,True,2PT Field Goal
1642845,2025-26,113,71,False,2PT Field Goal
1642845,2025-26,-223,106,True,3PT Field Goal
1642845,2025-26,175,170,False,3PT Field Goal
1642845,2025-26,-232,53,True,3PT Field Goal
1642845,2025-26,-2,130,False,2PT Field Goal
1642845,2025-26,-61,113,False,2PT Field Goal
1642845,2025-26,200,153,True,3PT Field Goal
1642845,2025-26,113,264,True,3PT Field Goal
1642845,2025-26,183,3,False,2PT Field Goal
1642845,2025-26,69,243,True,3PT Field Goal
1642845,2025-26,-6,3,True,2PT Field Goal
1642845,2025-26,27,250,True,3PT Field Goal
1642845,2025-26,51,61,False,2PT Field Goal
1642845,2025-26,23,29,False,2PT Field Goal
1642845,2025-26,15,148,False,2PT Field Goal
1642845,2025-26,8,3,False,2PT Field Goal
1642845,2025-26,-191,169,True,3PT Field Goal
1642845,2025-26,-151,247,False,3PT Field Goal
1642845,2025-26,-6,-5,False,2PT Field Goal
1642845,2025-26,-4,-11,True,2PT Field Goal
1642845,2025-26,20,66,True,2PT Field Goal
1642845,2025-26,4,17,True,2PT Field Goal
1642845,2025-26,-135,88,True,2PT Field Goal
1642845,2025-26,0,49,True,2PT Field Goal
1642845,2025-26,2,2,True,2PT Field Goal
1642845,2025-26,-179,220,True,3PT Field Goal
1642845,2025-26,69,270,False,3PT Field Goal
1642845,2025-26,-1,148,True,2PT Field Goal
1642845,2025-26,13,18,False,2PT Field Goal
1642845,2025-26,196,150,False,3PT Field Goal
1642845,2025-26,4,1,True,2PT Field Goal
1642845,2025-26,6,9,True,2PT Field Goal
1642845,2025-26,28,45,True,2PT Field Goal
1642845,2025-26,-235,0,True,3PT Field Goal
1642845,2025-26,169,231,False,3PT Field Goal
1642845,2025-26,4,13,True,2PT Field Goal
1642845,2025-26,125,243,False,3PT Field Goal
1642845,2025-26,-206,181,False,3PT Field Goal
1642845,2025-26,-234,79,False,3PT Field Goal
1642845,2025-26,-16,181,True,2PT Field Goal
1642845,2025-26,88,169,True,2PT Field Goal
1642845,2025-26,-5,46,True,2PT Field Goal
1642845,2025-26,-200,166,True,3PT Field Goal
1642845,2025-26,-205,185,False,3PT Field Goal
1642845,2025-26,32,-7,True,2PT Field Goal
1642845,2025-26,-43,5,False,2PT Field Goal
1642845,2025-26,40,4,False,2PT Field Goal
1642845,2025-26,-66,56,False,2PT Field Goal
1642845,2025-26,5,63,True,2PT Field Goal
1642845,2025-26,-170,192,True,3PT Field Goal
1642845,2025-26,-228,19,False,3PT Field Goal
1642845,2025-26,-109,242,True,3PT Field Goal
1642845,2025-26,7,23,False,2PT Field Goal
1642845,2025-26,9,89,False,2PT Field Goal
1642845,2025-26,205,174,True,3PT Field Goal
1642845,2025-26,-150,207,False,3PT Field Goal
1642845,2025-26,64,272,True,3PT Field Goal
1642845,2025-26,9,13,True,2PT Field Goal
1642845,2025-26,-188,179,False,3PT Field Goal
1642845,2025-26,-194,159,False,3PT Field Goal
1642845,2025-26,-66,71,False,2PT Field Goal
1642845,2025-26,34,67,False,2PT Field Goal
1642845,2025-26,-151,209,False,3PT Field Goal
1642845,2025-26,-124,109,False,2PT Field Goal
1642845,2025-26,-239,9,False,3PT Field Goal
1642845,2025-26,0,0,False,2PT Field Goal
1642845,2025-26,-80,304,False,3PT Field Goal
1642845,2025-26,0,5,True,2PT Field Goal
1642845,2025-26,53,134,False,2PT Field Goal
1642845,2025-26,11,14,False,2PT Field Goal
1642845,2025-26,-23,74,False,2PT Field Goal
1642845,2025-26,0,0,True,2PT Field Goal
1642845,2025-26,-119,226,False,3PT Field Goal
1642845,2025-26,-167,187,False,3PT Field Goal
1642845,2025-26,135,237,False,3PT Field Goal
1642845,2025-26,-5,14,True,2PT Field Goal
1642845,2025-26,-158,220,True,3PT Field Goal
1642845,2025-26,113,241,False,3PT Field Goal
1642845,2025-26,-4,21,True,2PT Field Goal
1642845,2025-26,6,27,False,2PT Field Goal
1642845,2025-26,0,0,False,2PT Field Goal
1642845,2025-26,-17,221,False,2PT Field Goal
1642845,2025-26,-23,37,True,2PT Field Goal
1642845,2025-26,-70,99,True,2PT Field Goal
1642845,2025-26,-17,41,False,2PT Field Goal
1642845,2025-26,0,0,True,2PT Field Goal
1642845,2025-26,0,0,True,2PT Field Goal
1642845,2025-26,-59,14,False,2PT Field Goal
1642845,2025-26,-40,34,False,2PT Field Goal
1642845,2025-26,0,0,True,2PT Field Goal
1642845,2025-26,234,87,False,3PT Field Goal
1642845,2025-26,16,90,False,2PT Field Goal
1642845,2025-26,-4,25,False,2PT Field Goal
1642845,2025-26,152,215,False,3PT Field Goal
1642845,2025-26,-229,14,False,3PT Field Goal
1642845,2025-26,-121,46,False,2PT Field Goal
1642845,2025-26,-178,184,False,3PT Field Goal
1642845,2025-26,116,220,False,3PT Field Goal
1642845,2025-26,22,7,True,2PT Field Goal
1642845,2025-26,7,10,True,2PT Field Goal
1642845,2025-26,-25,32,False,2PT Field Goal
1642845,2025-26,9,-2,True,2PT Field Goal
1642845,2025-26,-92,-33,True,2PT Field Goal
1642845,2025-26,-22,71,False,2PT Field Goal
1642845,2025-26,-6,8,True,2PT Field Goal
1642845,2025-26,10,6,True,2PT Field Goal
1642845,2025-26,200,189,False,3PT Field Goal
1642845,2025-26,32,161,True,2PT Field Goal
1642845,2025-26,-2,-2,False,2PT Field Goal
1642845,2025-26,39,180,False,2PT Field Goal
1642845,2025-26,125,9,False,2PT Field Goal
1642845,2025-26,94,-3,True,2PT Field Goal
1642845,2025-26,114,260,False,3PT Field Goal
1642845,2025-26,174,193,False,3PT Field Goal
1642845,2025-26,-178,192,False,3PT Field Goal
1642845,2025-26,-15,146,True,2PT Field Goal
1642845,2025-26,-2,78,False,2PT Field Goal
1642845,2025-26,138,241,False,3PT Field Goal
1642845,2025-26,2,-1,True,2PT Field Goal
1642845,2025-26,-6,63,False,2PT Field Goal
1642845,2025-26,-60,122,False,2PT Field Goal
1642845,2025-26,6,90,False,2PT Field Goal
1642845,2025-26,-54,117,False,2PT Field Goal
1642845,2025-26,0,0,True,2PT Field Goal
1642845,2025-26,-228,179,True,3PT Field Goal
1642845,2025-26,67,257,False,3PT Field Goal
1642845,2025-26,0,0,False,2PT Field Goal
1642845,2025-26,34,112,True,2PT Field Goal
1642845,2025-26,48,121,True,2PT Field Goal
1642845,2025-26,48,257,False,3PT Field Goal
1642845,2025-26,-110,118,True,2PT Field Goal
1642845,2025-26,-118,157,True,2PT Field Goal
1642845,2025-26,21,11,True,2PT Field Goal
1642845,2025-26,107,119,False,2PT Field Goal
1642845,2025-26,232,5,False,3PT Field Goal
1642845,2025-26,115,63,True,2PT Field Goal
1642845,2025-26,-1,58,False,2PT Field Goal
1642845,2025-26,1,95,False,2PT Field Goal
1642845,2025-26,205,155,False,3PT Field Goal
1642845,2025-26,31,77,False,2PT Field Goal
1642845,2025-26,-22,113,False,2PT Field Goal
1642845,2025-26,-1,-5,True,2PT Field Goal
1642845,2025-26,-66,248,False,3PT Field Goal
1642845,2025-26,-17,112,False,2PT Field Goal
1642845,2025-26,38,38,False,2PT Field Goal
1642845,2025-26,-12,106,True,2PT Field Goal
1642845,2025-26,-136,258,True,3PT Field Goal
1642845,2025-26,245,81,True,3PT Field Goal
1642845,2025-26,180,196,False,3PT Field Goal
1642845,2025-26,-6,57,True,2PT Field Goal
1642845,2025-26,-206,186,False,3PT Field Goal
1642845,2025-26,-6,184,True,2PT Field Goal
1642845,2025-26,-148,121,True,2PT Field Goal
1642845,2025-26,-58,106,False,2PT Field Goal
1642845,2025-26,86,67,True,2PT Field Goal
1642845,2025-26,29,43,False,2PT Field Goal
1642845,2025-26,26,163,False,2PT Field Goal
1642845,2025-26,13,170,True,2PT Field Goal
1642845,2025-26,-98,264,False,3PT Field Goal
1642845,2025-26,12,98,False,2PT Field Goal
1642845,2025-26,0,43,True,2PT Field Goal
1642845,2025-26,7,75,True,2PT Field Goal
1642845,2025-26,-82,26,True,2PT Field Goal
1642845,2025-26,-13,24,True,2PT Field Goal
1642845,2025-26,123,135,True,2PT Field Goal
1642845,2025-26,-23,29,True,2PT Field Goal
1642845,2025-26,69,115,False,2PT Field Goal
1642845,2025-26,190,174,True,3PT Field Goal
1642845,2025-26,-100,247,False,3PT Field Goal
1642845,2025-26,0,50,False,2PT Field Goal
1642845,2025-26,0,0,True,2PT Field Goal
1642845,2025-26,-4,27,False,2PT Field Goal
1642845,2025-26,31,31,True,2PT Field Goal
1642845,2025-26,143,13,False,2PT Field Goal
1642845,2025-26,112,234,False,3PT Field Goal
1642845,2025-26,66,37,False,2PT Field Goal
1642845,2025-26,-53,141,True,2PT Field Goal
1642845,2025-26,11,87,True,2PT Field Goal
1642845,2025-26,-56,248,False,3PT Field Goal
1642845,2025-26,0,57,False,2PT Field Goal
1642845,2025-26,11,37,True,2PT Field Goal
1642845,2025-26,-34,10,True,2PT Field Goal
1642845,2025-26,17,33,False,2PT Field Goal
1642845,2025-26,10,63,False,2PT Field Goal
1642845,2025-26,164,180,False,3PT Field Goal
1642845,2025-26,99,120,False,2PT Field Goal
1642845,2025-26,-241,13,True,3PT Field Goal
1642845,2025-26,-50,89,False,2PT Field Goal
1642845,2025-26,15,13,True,2PT Field Goal
1642845,2025-26,25,4,True,2PT Field Goal
1642845,2025-26,137,38,True,2PT Field Goal
1642845,2025-26,2,277,True,3PT Field Goal
1642845,2025-26,-47,270,False,3PT Field Goal
1642845,2025-26,67,265,False,3PT Field Goal
1642845,2025-26,12,17,False,2PT Field Goal
1642845,2025-26,-16,180,False,2PT Field Goal
1642845,2025-26,55,139,True,2PT Field Goal
1642845,2025-26,91,138,False,2PT Field Goal
1642845,2025-26,-70,258,False,3PT Field Goal
1642845,2025-26,7,95,False,2PT Field Goal
1642845,2025-26,223,2,True,3PT Field Goal
1642845,2025-26,5,277,False,3PT Field Goal
1642845,2025-26,-44,97,True,2PT Field Goal
1642845,2025-26,156,216,True,3PT Field Goal
1642845,2025-26,-115,253,False,3PT Field Goal
1642845,2025-26,17,85,False,2PT Field Goal
1642845,2025-26,13,32,True,2PT Field Goal
1642845,2025-26,-62,157,True,2PT Field Goal
1642845,2025-26,-147,227,False,3PT Field Goal
1642845,2025-26,-229,37,False,3PT Field Goal
1642845,2025-26,107,146,True,2PT Field Goal
1642845,2025-26,180,197,True,3PT Field Goal
1642845,2025-26,43,260,False,3PT Field Goal
1642845,2025-26,233,61,True,3PT Field Goal
1642845,2025-26,179,197,True,3PT Field Goal
1642845,2025-26,15,6,True,2PT Field Goal
1642845,2025-26,21,-6,True,2PT Field Goal
1642845,2025-26,143,224,True,3PT Field Goal
1642845,2025-26,-118,45,False,2PT Field Goal
1642845,2025-26,-10,22,True,2PT Field Goal
1642845,2025-26,7,115,True,2PT Field Goal
1642845,2025-26,-194,191,True,3PT Field Goal
1642845,2025-26,1,90,False,2PT Field Goal
1642845,2025-26,-230,154,True,3PT Field Goal
1642845,2025-26,-194,194,True,3PT Field Goal
1642845,2025-26,137,216,True,3PT Field Goal
1642845,2025-26,-229,19,False,3PT Field Goal
1642845,2025-26,58,157,True,2PT Field Goal
1642845,2025-26,-53,132,False,2PT Field Goal
1642845,2025-26,157,198,False,3PT Field Goal
1642845,2025-26,224,115,True,3PT Field Goal
1642845,2025-26,1,40,False,2PT Field Goal
1642845,2025-26,9,99,True,2PT Field Goal
1642845,2025-26,-23,32,True,2PT Field Goal
1642845,2025-26,-230,23,True,3PT Field Goal
1642845,2025-26,-17,71,False,2PT Field Goal
1642845,2025-26,0,0,False,2PT Field Goal
1642845,2025-26,-201,157,True,3PT Field Goal
1642845,2025-26,-37,31,False,2PT Field Goal
1642845,2025-26,-92,112,True,2PT Field Goal
1642845,2025-26,-44,18,True,2PT Field Goal
1642845,2025-26,108,238,False,3PT Field Goal
1642845,2025-26,-239,32,True,3PT Field Goal
1642845,2025-26,-37,15,True,2PT Field Goal
1642845,2025-26,-237,17,False,3PT Field Goal
1642845,2025-26,-22,133,False,2PT Field Goal
1642845,2025-26,-148,16,True,2PT Field Goal
1642845,2025-26,-234,74,False,3PT Field Goal
1642845,2025-26,11,24,True,2PT Field Goal
1642845,2025-26,40,111,False,2PT Field Goal
1642845,2025-26,5,53,True,2PT Field Goal
1642845,2025-26,-12,6,True,2PT Field Goal
1642845,2025-26,17,8,True,2PT Field Goal
1642845,2025-26,-20,8,True,2PT Field Goal
1642845,2025-26,22,8,True,2PT Field Goal
1642845,2025-26,233,78,True,3PT Field Goal
1642845,2025-26,-6,0,False,2PT Field Goal
1642845,2025-26,-124,132,False,2PT Field Goal
1642845,2025-26,-151,18,False,2PT Field Goal
1642845,2025-26,235,75,True,3PT Field Goal
1642845,2025-26,-5,27,True,2PT Field Goal
1642845,2025-26,54,133,True,2PT Field Goal
1642845,2025-26,-100,46,True,2PT Field Goal
1642845,2025-26,-10,39,False,2PT Field Goal
1642845,2025-26,-119,122,False,2PT Field Goal
1642845,2025-26,-5,0,False,2PT Field Goal
1642845,2025-26,-208,162,False,3PT Field Goal
1642845,2025-26,4,-6,True,2PT Field Goal
1642845,2025-26,4,14,True,2PT Field Goal
1642845,2025-26,167,199,False,3PT Field Goal
1642845,2025-26,0,8,True,2PT Field Goal
1642845,2025-26,-98,40,True,2PT Field Goal
1642845,2025-26,83,79,False,2PT Field Goal
1642845,2025-26,60,256,False,3PT Field Goal
1642845,2025-26,0,0,False,2PT Field Goal
1642845,2025-26,-5,6,True,2PT Field Goal
1642845,2025-26,-143,218,True,3PT Field Goal
1642845,2025-26,-197,169,False,3PT Field Goal
1642845,2025-26,-28,52,True,2PT Field Goal
1642845,2025-26,-85,-7,True,2PT Field Goal
1642845,2025-26,-186,189,False,3PT Field Goal
1642845,2025-26,-234,38,True,3PT Field Goal
1642845,2025-26,12,78,False,2PT Field Goal
1642845,2025-26,-219,164,False,3PT Field Goal
1642845,2025-26,-1,118,True,2PT Field Goal
1642845,2025-26,-2,26,False,2PT Field Goal
1642845,2025-26,164,214,False,3PT Field Goal
1642845,2025-26,-80,240,False,3PT Field Goal
1642845,2025-26,-21,16,False,2PT Field Goal
1642845,2025-26,99,235,True,3PT Field Goal
1642845,2025-26,15,15,False,2PT Field Goal
1642845,2025-26,22,179,True,2PT Field Goal
1642845,2025-26,-131,221,False,3PT Field Goal
1642845,2025-26,27,5,True,2PT Field Goal
1642845,2025-26,62,140,False,2PT Field Goal
1642845,2025-26,-67,141,True,2PT Field Goal
1642845,2025-26,-88,243,False,3PT Field Goal
1642845,2025-26,-183,186,False,3PT Field Goal
1642845,2025-26,168,190,False,3PT Field Goal
1642845,2025-26,11,62,False,2PT Field Goal
1642845,2025-26,-181,179,True,3PT Field Goal
1642845,2025-26,0,0,True,2PT Field Goal
1642845,2025-26,230,-3,False,3PT Field Goal
1642845,2025-26,-21,10,False,2PT Field Goal
1642845,2025-26,-179,182,False,3PT Field Goal
1642845,2025-26,67,83,False,2PT Field Goal
1642845,2025-26,-87,230,True,3PT Field Goal
1642845,2025-26,-67,124,True,2PT Field Goal
1642845,2025-26,42,251,False,3PT Field Goal
1642845,2025-26,60,114,False,2PT Field Goal
1642845,2025-26,-70,73,False,2PT Field Goal
1642845,2025-26,140,205,True,3PT Field Goal
1642845,2025-26,-39,120,False,2PT Field Goal
1642845,2025-26,-22,251,False,3PT Field Goal
1642845,2025-26,-118,227,True,3PT Field Goal
1642845,2025-26,-6,235,True,2PT Field Goal
1642845,2025-26,59,118,False,2PT Field Goal
1642845,2025-26,50,257,False,3PT Field Goal
1642845,2025-26,-5,23,True,2PT Field Goal
1642845,2025-26,48,117,True,2PT Field Goal
1642845,2025-26,56,243,False,3PT Field Goal
1642845,2025-26,1,245,False,3PT Field Goal
1642845,2025-26,70,45,False,2PT Field Goal
1642845,2025-26,7,3,True,2PT Field Goal
1642845,2025-26,-38,5,True,2PT Field Goal
1642845,2025-26,-4,104,False,2PT Field Goal
1642845,2025-26,-2,1,True,2PT Field Goal
1642845,2025-26,4,-7,True,2PT Field Goal
1642845,2025-26,56,51,False,2PT Field Goal
1642845,2025-26,-27,32,True,2PT Field Goal
1642845,2025-26,16,181,True,2PT Field Goal
1642845,2025-26,-5,8,True,2PT Field Goal
1642845,2025-26,121,242,False,3PT Field Goal
1642845,2025-26,2,125,False,2PT Field Goal
1642845,2025-26,21,20,False,2PT Field Goal
1642845,2025-26,-82,248,False,3PT Field Goal
1642845,2025-26,7,0,False,2PT Field Goal
1642845,2025-26,-2,125,True,2PT Field Goal
1642845,2025-26,-169,190,False,3PT Field Goal
1642845,2025-26,0,0,True,2PT Field Goal
1642845,2025-26,11,124,False,2PT Field Goal
1642845,2025-26,-55,129,True,2PT Field Goal
1642845,2025-26,-70,134,False,2PT Field Goal
1642845,2025-26,-172,197,True,3PT Field Goal
1642845,2025-26,-32,263,False,3PT Field Goal
1642845,2025-26,107,232,False,3PT Field Goal
1642845,2025-26,192,163,True,3PT Field Goal
1642845,2025-26,-2,-8,True,2PT Field Goal
1642845,2025-26,-227,-16,True,3PT Field Goal
1642845,2025-26,-175,195,False,3PT Field Goal
1642845,2025-26,6,32,True,2PT Field Goal
1642845,2025-26,13,2,True,2PT Field Goal
1642845,2025-26,-147,220,True,3PT Field Goal
1642845,2025-26,-200,154,False,3PT Field Goal
1642845,2025-26,-18,20,False,2PT Field Goal
1642845,2025-26,-25,100,False,2PT Field Goal
1642845,2025-26,-232,16,True,3PT Field Goal
1642845,2025-26,-233,-2,False,3PT Field Goal
1642845,2025-26,18,31,False,2PT Field Goal
1642845,2025-26,-233,6,False,3PT Field Goal
1642845,2025-26,17,3,True,2PT Field Goal
1642845,2025-26,-11,8,True,2PT Field Goal
1642845,2025-26,183,180,False,3PT Field Goal
1642845,2025-26,18,27,False,2PT Field Goal
1642845,2025-26,-98,235,False,3PT Field Goal
1642845,2025-26,-105,218,False,3PT Field Goal
1642845,2025-26,9,22,True,2PT Field Goal
1642845,2025-26,4,21,False,2PT Field Goal
1642845,2025-26,-183,189,True,3PT Field Goal
1642845,2025-26,12,263,True,3PT Field Goal
1642845,2025-26,0,29,True,2PT Field Goal
1642845,2025-26,60,83,False,2PT Field Goal
1642845,2025-26,-176,188,True,3PT Field Goal
1642845,2025-26,25,18,False,2PT Field Goal
1642845,2025-26,1,258,False,3PT Field Goal
1642845,2025-26,-2,15,False,2PT Field Goal
1642845,2025-26,-11,13,True,2PT Field Goal
