season_index,wins,losses,net_rating_estimate_mean,total_games_missed
0,47,35,3.476089189148921,304
1,28,54,-10.379123433324898,269
2,30,52,-5.0154267887788,233
3,29,53,-7.2801851337734504,220
4,41,41,0.10800658781881321,263
5,33,49,-2.154224962945445,282
6,40,42,0.25072961033002084,455
7,47,35,2.9701244342748527,278
8,44,38,-1.2690708171121738,376
9,47,35,1.3966127789734708,146
10,37,45,-2.6403300423069287,312
11,38,44,-2.7538551360526933,297
12,44,38,0.843040494610828,272
13,59,23,11.631284119090402,198
14,46,36,5.618190550830302,418
15,53,29,9.174994190631033,154
16,46,36,2.8945012946445385,231
17,29,53,-8.924650685224083,404
18,36,46,-1.3699789649365373,280
19,39,43,-2.4543128158431355,238
20,32,50,-5.925036630396446,209
21,39,43,-1.6892252206450205,274
22,45,37,4.411254554600715,284
23,37,45,-2.8073778403462324,251
24,28,54,-4.713963064062192,306
25,40,42,-0.21799519011746699,227
26,35,47,-8.951461460738713,246
27,45,37,-1.6149824444310414,279
28,34,48,-2.407031455158199,242
29,47,35,-0.6596339197779515,218
30,49,33,-0.8121350207615289,315
31,28,54,-8.290411521446702,391
32,38,44,1.209376848225209,247
33,43,39,1.2509453104929267,301
34,31,51,-8.533189268705197,278
35,60,22,12.894521324275612,127
36,38,44,-4.4408846178033485,339
37,27,55,-11.606790823559548,288
38,53,29,6.1332340696366865,272
39,43,39,3.536891734557696,278
40,33,49,-4.814574835454644,283
41,45,37,6.90022410744238,261
42,44,38,4.289774983096776,245
43,28,54,-4.567153173834363,278
44,33,49,-3.7783958917797804,299
45,47,35,6.058546178368679,188
46,40,42,2.3866724900612684,270
47,41,41,-0.29103818110277035,230
48,51,31,3.6509483986410216,269
49,39,43,0.9383419759725667,302
50,39,43,1.428525293509781,329
51,36,46,-0.4153904630553689,254
52,37,45,-1.3655682012496777,228
53,45,37,-1.030929572151732,208
54,39,43,0.5948686551011154,219
55,34,48,-0.8399403953801975,341
56,41,41,2.4121233338970405,304
57,46,36,5.580488237397508,302
58,36,46,-3.677049108633727,349
59,46,36,5.4650133569187,243
60,45,37,6.768146184516465,220
61,35,47,-0.9559008479469183,236
62,16,66,-11.626400978174683,339
63,39,43,1.7974252574262217,256
64,47,35,3.9095628578709447,280
65,32,50,-6.944923744349834,313
66,40,42,-1.527386878521664,247
67,27,55,-6.244919687515188,269
68,20,62,-13.572562944935578,426
69,39,43,-4.971896274676477,355
70,44,38,1.4297202780119829,236
71,37,45,-0.41462848976723315,233
72,40,42,2.9074009475591356,242
73,38,44,-1.2234980121055967,248
74,39,43,-2.081636809440251,322
75,44,38,0.052593109718499446,233
76,34,48,-2.928906207849068,355
77,43,39,2.1529816577519045,239
78,40,42,2.5174892532273163,214
79,44,38,-0.08932870640378002,282
80,55,27,7.1027009469124005,278
81,39,43,-2.1909144637876423,230
82,31,51,-8.235721592792544,446
83,42,40,-1.5042501527283494,339
84,48,34,4.4419296992151205,229
85,27,55,-6.9863468888476605,334
86,28,54,-7.745416237295328,374
87,34,48,-5.696049058968493,362
88,54,28,2.9124999898443296,229
89,39,43,-2.2841826168765262,298
90,45,37,6.404261319876021,224
91,31,51,-3.08484172864578,292
92,53,29,4.351651223922208,162
93,43,39,4.261201933030029,356
94,35,47,-4.716885868851714,275
95,38,44,-5.858787900084222,264
96,29,53,-3.660419435238013,261
97,22,60,-9.275703961295724,329
98,40,42,-2.5064480044531208,352
99,33,49,-0.6367660897014951,199
100,52,30,10.83171263656273,205
101,20,62,-12.166244529977641,235
102,26,56,-11.35769814144617,224
103,31,51,-5.657651586516421,353
104,40,42,0.4289223237973414,304
105,32,50,-3.057031800700578,302
106,45,37,0.6998667203922305,282
107,41,41,-6.339820953654142,338
108,29,53,-1.477941570152178,239
109,42,40,1.7769864523931274,296
110,29,53,-3.5863266739883506,286
111,50,32,5.195883447179373,250
112,49,33,3.4272781387636604,229
113,42,40,-1.5392213165893993,210
114,26,56,-5.41398511109168,188
115,44,38,2.8675262883205552,245
116,44,38,0.8547188062653356,228
117,41,41,1.2528984234539458,341
118,33,49,-4.588524352871033,332
119,36,46,4.420356932319734,217
120,32,50,-3.094456389626587,262
121,43,39,4.9661388837203635,227
122,53,29,6.2220457945765535,247
123,36,46,2.350167300592139,195
124,28,54,-7.011205822254643,316
125,40,42,2.6640131646404157,242
126,34,48,-5.150689525016868,395
127,37,45,-7.9471970900754085,342
128,49,33,4.148518476007735,265
129,26,56,-5.911546266173005,333
130,49,33,3.8627059710275127,249
131,33,49,-7.556207582508823,318
132,36,46,-5.4846122322451,281
133,30,52,-8.277676557247394,366
134,44,38,4.280057054737222,185
135,37,45,-2.6882403493843774,191
136,40,42,0.6037023532056072,222
137,57,25,7.175718051784503,229
138,42,40,-1.7640629520929483,300
139,56,26,7.2225882016511544,234
140,44,38,1.521394274299408,225
141,36,46,-7.4710211000014715,244
142,41,41,-1.7520550011719684,191
143,54,28,3.9712303344955764,285
144,49,33,6.226124156602659,259
145,28,54,-8.618385815178819,300
146,52,30,1.3811075224701528,254
147,28,54,-6.383492936044454,212
148,41,41,0.827042694142639,296
149,54,28,5.191646464641188,347
150,32,50,-1.0564010933716077,312
151,22,60,-13.264850570941146,321
152,49,33,4.530618408208273,217
153,39,43,-0.7767841375833112,375
154,38,44,-1.7939897031973384,317
155,58,24,11.057484231071497,240
156,32,50,-1.8594110271895097,287
157,37,45,-2.913706957928685,311
158,41,41,1.6959468554823454,270
159,24,58,-12.974328705824854,430
160,36,46,3.0519955506722445,271
161,45,37,4.335019169152592,342
162,37,45,0.5473346405509174,245
163,44,38,-0.9237406217850814,271
164,34,48,-6.423023694344406,244
165,44,38,5.0532614524096955,297
166,27,55,-9.437705827537492,253
167,32,50,-1.961793283429894,289
168,37,45,-2.764411400214323,267
169,39,43,-1.0102022396400006,224
170,35,47,-5.486176069059842,309
171,35,47,-5.234728239910903,241
172,39,43,-1.3558694295659464,205
173,41,41,1.3273720394497208,272
174,48,34,2.4726958422128122,243
175,53,29,5.902092550061388,235
176,55,27,12.564132328350397,251
177,54,28,7.934203288610478,230
178,48,34,6.679701262089941,280
179,49,33,4.922077853622149,266
180,41,41,-2.327305983891592,329
181,41,41,0.05103403212871091,257
182,49,33,3.524696397090153,195
183,38,44,-0.4850063674196014,339
184,58,24,14.231958706915906,231
185,30,52,-8.867375619559759,233
186,49,33,5.030166905928153,237
187,48,34,3.3435759105576692,220
188,27,55,-5.567159028626232,229
189,52,30,4.654431480704958,199
190,42,40,2.1009568067068054,295
191,44,38,-0.5826739718294415,281
192,41,41,0.38160007439138266,206
193,30,52,-5.69963626657611,356
194,48,34,4.154924761844482,189
195,52,30,2.201732313196023,263
196,29,53,-5.287646992433934,395
197,42,40,-0.14541948328452758,221
198,52,30,4.607243919239114,225
199,39,43,-3.7487437881693912,284
200,30,52,-3.4701185955386395,270
201,43,39,-0.245878756052914,240
202,42,40,0.26685278199845114,368
203,28,54,-10.37372186305158,209
204,38,44,-1.141381736878871,327
205,26,56,-8.10545577874528,285
206,50,32,1.9068702430220905,302
207,23,59,-11.102702604640072,357
208,47,35,3.046168141838861,247
209,50,32,1.2525539848730536,323
210,32,50,-7.864898550687926,331
211,32,50,-11.968520128322304,329
212,57,25,8.315235948836378,302
213,34,48,-4.714502221188785,162
214,35,47,-1.2633009559647241,232
215,37,45,-1.289745349843555,235
216,45,37,3.197667793124966,315
217,30,52,-3.615742505183463,345
218,45,37,-0.5701091403364773,197
219,25,57,-12.379350571560803,304
220,38,44,1.5861560361586424,383
221,40,42,2.444520961425497,324
222,42,40,3.0672730914328827,312
223,46,36,-0.8642802463108956,327
224,21,61,-13.285252286794101,297
225,32,50,-4.87676544226251,302
226,26,56,-11.224792610686558,297
227,39,43,1.7519178357466478,309
228,34,48,0.5647712652615344,267
229,38,44,-1.9823660127788814,248
230,31,51,-1.7800077288031622,345
231,40,42,-3.738376442224295,269
232,23,59,-6.685959375462203,361
233,29,53,-10.046313090638266,363
234,33,49,-6.361860060872113,347
235,29,53,-6.110576962324357,313
236,38,44,-5.312528361003111,211
237,39,43,1.5598865963406034,237
238,40,42,-4.0750456183265,198
239,57,25,3.44743598235183,283
240,54,28,6.199761449372192,287
241,53,29,9.109956600988603,181
242,39,43,-1.0048895165030065,384
243,46,36,2.9892582022235183,242
244,29,53,-1.4745296204298808,241
245,49,33,-2.832262112730109,338
246,40,42,0.9694114054590529,188
247,48,34,3.0527147377768005,186
248,32,50,-8.678067522907416,308
249,44,38,3.7391794742645175,264
250,47,35,5.911414344030884,189
251,36,46,-2.1415051526114954,173
252,56,26,6.757761748506405,304
253,50,32,4.032850485772668,223
254,40,42,1.7088896320691693,419
255,30,52,-7.100055262821957,295
256,41,41,2.8848460612310927,187
257,32,50,-10.540105769027907,300
258,35,47,-2.91906677733993,316
259,38,44,0.03344260689861621,258
260,50,32,4.557703145083548,243
261,49,33,2.564934828241283,263
262,46,36,2.5585071590368735,282
263,47,35,5.579116958806239,181
264,24,58,-4.220986357893355,210
265,43,39,0.6891948723933101,278
266,55,27,8.012893835159161,234
267,43,39,3.4144426342460985,374
268,54,28,3.3798957163782615,325
269,32,50,-8.97400297046541,349
270,56,26,4.542969862569808,256
271,29,53,-5.300314237562385,165
272,41,41,-1.6367013769813035,262
273,38,44,-0.4779729658157994,216
274,30,52,-2.8931959167676737,328
275,37,45,-6.883105101788896,353
276,55,27,5.109953523998588,185
277,25,57,-10.823359441305653,218
278,60,22,8.147950483986534,248
279,39,43,0.8853318057817341,237
280,36,46,0.2757249620969082,276
281,31,51,-3.7451955933921326,402
282,49,33,2.9771864036540125,304
283,46,36,0.5327449739219173,263
284,41,41,-0.7485413584047668,213
285,25,57,-6.636147267901085,240
286,54,28,10.825185670089057,199
287,52,30,4.976935434425599,189
288,36,46,-6.883112751536613,304
289,46,36,3.8486072149991193,166
290,18,64,-14.720539770691156,411
291,59,23,8.042503149921965,249
292,36,46,2.2657468148240336,271
293,30,52,-3.8666596005844283,275
294,55,27,1.5104617938546117,405
295,29,53,-10.374114246931084,307
296,41,41,-2.47092225447729,198
297,53,29,4.783659532928144,248
298,37,45,-2.4555547119592234,258
299,25,57,-9.713994877295006,281
300,58,24,7.995773293139381,170
301,31,51,-6.309544522520489,355
302,31,51,-7.499278078028105,267
303,33,49,-3.30376032738044,306
304,37,45,-2.4016924854006705,317
305,49,33,3.6323547543263928,287
306,51,31,2.9776628717709928,295
307,47,35,-0.27453329760826295,269
308,36,46,-3.505095717649467,315
309,41,41,0.048518910932452974,257
310,25,57,-7.541902431146868,351
311,37,45,0.7614968849030366,196
312,40,42,-2.200655027565677,355
313,49,33,5.487950235503053,268
314,37,45,-5.015541744745771,326
315,35,47,-4.392677968786143,297
316,39,43,-0.571760460573929,259
317,38,44,-3.313042755310091,265
318,23,59,-10.846328270162557,328
319,20,62,-14.860713944128168,276
320,44,38,-0.22131373892430864,257
321,31,51,-2.858336654356993,212
322,25,57,-11.753786218960723,315
323,52,30,3.1155936408192075,284
324,49,33,4.4726254374196905,151
325,62,20,9.038012793373868,236
326,30,52,-6.692067562081758,256
327,48,34,1.5318705741736938,311
328,41,41,-1.0364172430204208,266
329,22,60,-12.405643307766447,336
330,21,61,-9.679769363887198,305
331,67,15,17.076489499526478,183
332,21,61,-12.281615994660136,442
333,33,49,-6.009296910953217,375
334,32,50,-5.504398550173144,279
335,50,32,2.773267816642548,230
336,37,45,-2.6696301870444543,291
337,36,46,-4.124553380394284,248
338,31,51,-1.620407076475123,264
339,33,49,-4.2206165708615035,317
340,54,28,9.08563342213702,162
341,42,40,2.2097636602965576,296
342,40,42,-0.8525796726991761,242
343,50,32,5.307550404877863,211
344,42,40,1.2737088852205043,215
345,41,41,-0.7156538257005061,254
346,49,33,2.809384218986731,254
347,39,43,-2.666050645867517,224
348,47,35,4.3108158415238895,253
349,28,54,-7.552592816311882,293
350,34,48,-6.442138523856846,407
351,51,31,4.7816782795539465,264
352,23,59,-6.5401192769592065,244
353,50,32,-0.030538429715029194,223
354,50,32,5.13224392410457,373
355,33,49,-5.752262786977484,388
356,42,40,-1.1222894006779713,339
357,33,49,-2.0566299663914287,231
358,34,48,-3.6072980320561436,364
359,19,63,-12.756084867566448,386
360,38,44,-3.252915165171098,218
361,35,47,-5.5479810452375595,265
362,32,50,0.015022665492332724,369
363,48,34,3.377389355554504,249
364,29,53,-6.58070799658584,291
365,49,33,6.003288910930186,253
366,43,39,0.5102757840587375,390
367,50,32,7.9127529934341,217
368,35,47,-4.982966992320387,241
369,39,43,-5.077290846834035,256
370,38,44,-5.777922857823293,229
371,40,42,2.2370061751982413,139
372,55,27,6.451038529433659,196
373,39,43,0.32885721372218707,310
374,47,35,3.724316984579214,343
375,42,40,0.3415018986023342,256
376,41,41,-0.7361859452666085,426
377,38,44,-6.9154457515607115,304
378,39,43,1.004012382573056,313
379,31,51,-7.777103286866973,291
380,39,43,0.005208118628342752,330
381,38,44,0.8343775610636105,359
382,38,44,-0.6096251229064782,241
383,41,41,2.518782924850165,197
384,14,68,-14.085381946364617,264
385,45,37,4.181348095760114,273
386,28,54,-12.446415680257742,283
387,35,47,-3.882824504673187,288
388,40,42,1.3024738636325839,239
389,35,47,-7.919741047446964,264
390,57,25,6.5951009051815515,198
391,37,45,-6.428096705517424,317
392,46,36,3.0715221613966412,259
393,52,30,4.547635998347947,331
394,46,36,-0.3006776912253324,191
395,53,29,7.016932483644916,164
396,31,51,-7.874595607389487,222
397,31,51,-7.510162761675169,405
398,32,50,-2.8856030073310843,229
399,32,50,-8.184319465079115,276
400,60,22,9.328424050806277,383
401,40,42,1.8826516831203943,280
402,25,57,-10.670971942605766,364
403,40,42,0.22366535109091587,255
404,47,35,6.348456801728037,343
405,42,40,0.16935643847294418,292
406,35,47,-3.843163610747486,275
407,22,60,-9.018686975592145,314
408,45,37,2.711765940681175,277
409,50,32,0.7615665210973559,230
410,38,44,-5.124851672094733,202
411,43,39,0.6735089045667177,219
412,38,44,-0.09747219122772548,275
413,30,52,-0.5298672290882711,334
414,27,55,-8.16539181067243,259
415,45,37,1.8764684705914203,408
416,41,41,2.814139800038345,180
417,48,34,4.5784594047232865,321
418,40,42,-0.5866791257682822,306
419,34,48,-4.865496846731769,219
420,41,41,3.149539348710156,237
421,44,38,1.6698176681843155,280
422,40,42,1.967384157308581,255
423,49,33,5.7018964789895215,273
424,38,44,-3.1301540830240233,327
425,58,24,11.293844949132682,180
426,43,39,2.4763095527740564,257
427,34,48,-4.339513376484959,250
428,49,33,1.427770744932703,190
429,54,28,4.662216188246575,230
430,34,48,-7.590520095821014,357
431,28,54,-6.7227663204365085,316
432,47,35,2.266237884101577,165
433,38,44,-4.848731752271733,370
434,62,20,11.729016894870893,330
435,35,47,-5.07369762159668,316
436,39,43,-2.2445182719692958,284
437,24,58,-8.196870388594686,379
438,29,53,-8.551891986113203,239
439,43,39,1.0012544396308818,268
440,27,55,-6.6172495572562795,345
441,37,45,-3.1073042379840206,210
442,47,35,2.3207976865205477,337
443,50,32,4.967182207708323,207
444,26,56,-5.574104933555525,276
445,50,32,4.641778176034644,293
446,48,34,6.592203966618387,181
447,38,44,2.416054686950295,308
448,39,43,-2.511573783066252,271
449,49,33,5.327099516705092,261
450,24,58,-11.140092044725119,367
451,52,30,5.7652540157112355,307
452,30,52,-5.0419313057427395,400
453,52,30,6.288210604402151,267
454,30,52,-7.110816760521505,329
455,48,34,1.101148882938155,264
456,51,31,7.6065450157836745,309
457,29,53,-1.1825621066538676,224
458,53,29,6.283042365296496,230
459,30,52,-8.947384422889519,373
460,45,37,4.353915924081131,171
461,39,43,-0.4588285192921983,253
462,30,52,-8.000475737516092,304
463,34,48,-2.2748230610216926,216
464,33,49,-6.859804836998947,343
465,51,31,7.588156543321228,258
466,57,25,7.425788689233563,323
467,51,31,10.38279511081681,226
468,49,33,4.438937931836173,164
469,24,58,-10.200653397441332,261
470,39,43,-1.1082499529212841,329
471,41,41,1.472501010180481,312
472,46,36,5.564411736320379,284
473,46,36,2.1006070544172406,223
474,35,47,-5.656423070309791,271
475,31,51,-1.7812737659371218,325
476,52,30,4.850101596168257,212
477,39,43,-3.6215256842928154,320
478,41,41,-2.353365201118209,308
479,34,48,-4.941543885747534,291
480,50,32,7.575134973698959,261
481,42,40,-1.8477857659725712,236
482,42,40,2.5022133895816245,204
483,39,43,-4.533153591480338,342
484,37,45,-0.618954746184105,278
485,51,31,5.604542029961006,296
486,40,42,-0.6550116600320555,249
487,44,38,2.2544623982893675,276
488,33,49,-3.216617307617752,293
489,58,24,7.594099115945641,198
490,41,41,-1.1677105982204372,360
491,41,41,-0.6819029035753436,323
492,43,39,-2.067381694792295,380
493,36,46,-2.5090196153408852,220
494,33,49,-5.968459842447176,305
495,47,35,4.964709465701138,255
496,33,49,-3.5802752190782945,272
497,35,47,-1.9346884903877373,248
498,41,41,-3.6924249342382796,240
499,39,43,1.2592222121927952,246
500,48,34,2.357415060938963,315
501,53,29,8.89278912506748,206
502,62,20,9.294610280420004,166
503,53,29,3.7349989887399957,272
504,27,55,-5.226073833919954,296
505,36,46,-3.729835160609456,311
506,43,39,0.3040966774998735,203
507,23,59,-12.273393261127598,325
508,41,41,-0.8407199000377646,320
509,43,39,3.5487500545650486,332
510,51,31,7.4636277948247205,220
511,27,55,-10.78509533446634,385
512,34,48,-2.4087015533322904,252
513,43,39,-0.3930433073203307,344
514,31,51,-9.440399404263438,400
515,26,56,-8.637604581534378,312
516,44,38,1.218093821648948,259
517,29,53,-7.119894366632927,301
518,64,18,16.544458618786855,228
519,55,27,5.093555956867045,187
520,48,34,-1.8193295348452732,287
521,55,27,5.194907801672642,190
522,37,45,-0.6061767067033114,288
523,41,41,-1.832537813910652,294
524,37,45,-8.313067964511648,409
525,26,56,-8.919367258193192,345
526,37,45,-3.427709845721431,258
527,51,31,4.4354421660766254,202
528,34,48,-0.3642116029564637,266
529,33,49,-1.0506123785848882,266
530,45,37,-0.4503834749201916,315
531,29,53,-6.450472372161457,394
532,58,24,8.615055475305033,171
533,55,27,8.246263006888007,335
534,24,58,-8.724488552801809,364
535,28,54,-7.081080640483248,206
536,42,40,-0.24677666808899779,291
537,35,47,-3.5027008987844943,146
538,56,26,6.777270282301203,254
539,47,35,3.2611121383210944,245
540,50,32,3.367360266169386,246
541,37,45,-1.9011636307353157,240
542,37,45,-4.851074129864303,331
543,60,22,10.960804998742626,251
544,33,49,-12.365540864176374,333
545,44,38,-2.5456004607074156,207
546,27,55,-5.120481474593564,326
547,41,41,4.660489507382337,255
548,43,39,1.48751970061254,335
549,39,43,-3.5363810943016487,181
550,37,45,-0.20460166937218746,277
551,28,54,-6.27042003435338,360
552,29,53,-4.955769072502255,150
553,34,48,-4.769096884684105,286
554,46,36,2.5136529288421205,212
555,31,51,-5.492681838375515,391
556,62,20,10.985352090644152,295
557,17,65,-14.45440262485771,354
558,28,54,-7.775627271444943,320
559,52,30,1.0959711450870118,268
560,30,52,-4.802890065330662,302
561,36,46,-5.64589835605502,380
562,21,61,-12.246171662589203,314
563,40,42,2.404492067004293,274
564,42,40,1.0353037051394192,203
565,38,44,-0.12256093890026433,308
566,49,33,0.6105207573098497,366
567,33,49,-2.409029112919207,289
568,37,45,-4.643477471416172,290
569,55,27,6.417842396144982,188
570,46,36,1.9555865180379508,312
571,38,44,-5.258528519672488,325
572,44,38,2.358174290569318,222
573,67,15,14.429311753923862,257
574,21,61,-6.974303269395519,267
575,35,47,-2.6416420298020156,222
576,26,56,-9.463059862681535,252
577,45,37,2.491389485351893,199
578,37,45,-4.388260318536596,216
579,33,49,1.113791265629279,189
580,47,35,-1.5817833989585144,203
581,46,36,5.0025631888334825,242
582,37,45,-1.116268636025615,248
583,39,43,-5.401230707338004,301
584,41,41,-2.769248144379676,334
585,46,36,2.1776040470720694,238
586,54,28,4.765497209969633,282
587,30,52,-5.023327420841064,296
588,38,44,-1.3917237570432617,272
589,58,24,6.42261902146751,371
590,40,42,1.2003962491146176,260
591,28,54,-12.413017100611492,290
592,18,64,-12.553541596595258,327
593,52,30,4.7115827139830735,294
594,29,53,-8.924912059336744,218
595,33,49,-4.101421365595818,338
596,37,45,-3.45812398295344,239
597,44,38,0.09017927690609641,242
598,39,43,-0.4625153707714419,290
599,15,67,-20.81996160398187,358
600,47,35,2.3785467465390124,226
601,36,46,-5.196050891478083,314
602,51,31,3.8291797197369126,190
603,32,50,-6.06906303866585,260
604,20,62,-16.29214182865666,387
605,32,50,-8.149262576614868,264
606,37,45,-3.0953835806369274,277
607,39,43,0.4009269343062989,375
608,49,33,4.227421607669165,293
609,34,48,-2.681661194087416,205
610,36,46,-6.01222980818942,288
611,58,24,10.059878098899333,257
612,30,52,-5.691694408306561,222
613,39,43,-0.294879113673188,256
614,28,54,-7.5651084091671015,281
615,30,52,-7.565258196181563,279
616,46,36,-0.3491449876983755,249
617,51,31,6.9548068135896095,208
618,36,46,-1.7763201024478843,246
619,58,24,6.667551428616175,236
620,49,33,9.128512068445307,273
621,26,56,-6.714680377139597,310
622,32,50,-6.813353514091407,280
623,29,53,-7.071028921727435,263
624,48,34,4.390797467138206,265
625,33,49,-6.287648470134885,246
626,43,39,-2.8517189139837402,243
627,34,48,-4.1356598999117,258
628,57,25,6.147322847250987,245
629,62,20,8.628315800400518,254
630,45,37,0.10338175916509384,229
631,26,56,-10.574466679648452,346
632,39,43,-1.802843544776396,212
633,42,40,-0.293252596941753,250
634,33,49,-8.15241332275754,210
635,26,56,-8.24981883988744,314
636,39,43,-2.073642617686831,257
637,53,29,6.7904756254234435,292
638,33,49,-2.521353738221509,295
639,58,24,12.773073385511092,273
640,52,30,6.102427291360544,209
641,38,44,-0.3331903754887269,289
642,65,17,13.544945884852853,180
643,47,35,-0.15432527193167608,261
644,30,52,-9.812322326525939,286
645,44,38,3.4941209761972307,342
646,48,34,4.711375685643893,185
647,31,51,-4.103853634114018,254
648,34,48,-5.572359559578784,223
649,48,34,4.452140438428423,278
650,42,40,3.940787163736912,244
651,35,47,0.7899824431229023,293
652,44,38,2.2815906533095682,322
653,52,30,4.540422760863251,273
654,48,34,0.0940307417143664,250
655,43,39,-2.3769340249305517,289
656,48,34,3.3292338855906136,286
657,34,48,-4.7855822927588765,165
658,41,41,-5.374737684588251,389
659,40,42,-2.8598299757279193,283
660,40,42,-3.0603906189762777,213
661,35,47,-8.884413943450944,300
662,40,42,1.6254373645554159,316
663,43,39,-3.408572253727409,346
664,49,33,5.62366625806146,179
665,41,41,-2.3003071699169193,309
666,39,43,0.539510254256073,276
667,39,43,1.234303924423433,258
668,30,52,-3.150962253194928,295
669,36,46,-1.599184603353589,256
670,28,54,-3.880381810520262,285
671,31,51,-5.666409248762736,259
672,39,43,3.433012641996512,172
673,36,46,-3.944667349062344,238
674,46,36,2.184847768005456,312
675,50,32,3.4081632105711877,244
676,38,44,-5.0002701691627385,238
677,44,38,1.888792868256151,309
678,38,44,-4.6072707481856465,251
679,39,43,-3.6966368319905736,313
680,41,41,1.1080252544590543,246
681,24,58,-11.458577890762712,365
682,28,54,-4.018543863346744,218
683,45,37,0.24976050093279495,224
684,49,33,4.502556060245634,228
685,40,42,0.5216190275321797,345
686,36,46,-2.7576949000875994,346
687,34,48,-1.8290914064324655,347
688,23,59,-10.318736167055082,246
689,23,59,-9.839634012326494,287
690,28,54,-6.578620577584576,350
691,44,38,-4.502442087786158,167
692,40,42,1.0092451510546079,301
693,58,24,3.107220623365878,194
694,49,33,4.4553839167949105,244
695,55,27,10.247302454120998,382
696,30,52,-5.449938395356347,275
697,28,54,-5.949640082650564,206
698,46,36,6.1816033718014305,230
699,37,45,0.5424447113930133,260
700,39,43,-5.611383967019277,244
701,39,43,-4.196778045568611,308
702,40,42,-1.4944963303593317,114
703,49,33,2.4646791105376007,357
704,39,43,-0.974015177773135,327
705,22,60,-12.346930217643985,338
706,36,46,-6.577982065838977,308
707,42,40,-0.7717089358587487,235
708,38,44,-0.19084374893428047,213
709,30,52,-4.878557355601869,285
710,30,52,-11.674360214627011,295
711,35,47,-6.096220309420925,339
712,42,40,1.1991881826923443,248
713,27,55,-5.06187012212102,295
714,26,56,-10.779278825466447,275
715,58,24,3.958574704108241,313
716,52,30,2.523789119405562,358
717,35,47,-2.220424718284013,233
718,60,22,11.719501736369761,334
719,44,38,4.988604692952821,161
720,39,43,-3.6609060435606073,244
721,39,43,-4.0122833038026124,360
722,45,37,-0.907615913879744,348
723,36,46,-1.9654131231989667,297
724,45,37,1.7797565031455194,272
725,32,50,-6.2099494723216555,297
726,33,49,-8.168643693030248,364
727,48,34,-1.2526247600486042,231
728,54,28,6.441229807049032,217
729,31,51,-7.931931992375478,249
730,20,62,-13.709726064045011,319
731,51,31,5.113991544111896,168
732,43,39,0.25184541607272076,255
733,28,54,-3.0494370178258077,210
734,39,43,-5.827715171231279,273
735,43,39,-3.4038502626212828,233
736,34,48,-4.7147270667071695,238
737,43,39,0.4919041488424246,254
738,30,52,-7.317101628507559,245
739,49,33,6.660139312896043,204
740,36,46,-1.8547767425504949,268
741,37,45,-1.7734887016844085,199
742,45,37,4.260913579634776,203
743,33,49,-6.490899950925144,273
744,36,46,-2.1444325226774676,282
745,46,36,-1.4927916888410626,221
746,46,36,1.9595529314231335,194
747,38,44,-0.5975736360532872,185
748,55,27,7.732326157672824,249
749,20,62,-13.282309108550752,299
750,51,31,0.2700362693551025,241
751,52,30,3.6157750164458786,230
752,38,44,0.2728996633078133,262
753,32,50,-5.917964190909104,303
754,53,29,5.5666473941527235,206
755,42,40,0.9785837463684687,227
756,36,46,-3.9489927258891564,218
757,39,43,-2.7225681231661962,303
758,43,39,0.4449439982605834,290
759,33,49,-7.07121542780235,317
760,45,37,2.150344453217267,189
761,45,37,-0.5356968252397597,291
762,37,45,-0.9975282277269147,278
763,38,44,-1.5878248116136735,188
764,46,36,1.1715181569691355,442
765,33,49,-5.000332339469065,355
766,37,45,-4.6679413409056325,305
767,46,36,5.864253863339815,144
768,50,32,3.7672288611809934,280
769,46,36,0.8353445553485894,194
770,30,52,-7.118415788475891,334
771,41,41,0.5013383988360242,190
772,32,50,-6.811003794362436,282
773,47,35,4.161358480795142,195
774,38,44,-4.468655948293091,259
775,43,39,-0.8751224691088373,194
776,36,46,-4.417246372740254,330
777,43,39,1.450620677581057,236
778,49,33,6.667888837303559,181
779,46,36,1.1239001073180577,292
780,51,31,6.61622095691691,250
781,24,58,-9.721533415516715,368
782,44,38,0.11879754206417513,229
783,34,48,-3.1419696538066124,307
784,43,39,0.27753845645008346,183
785,42,40,-3.0531518028739066,220
786,29,53,-6.322668898246312,323
787,39,43,-2.0965703205617285,293
788,68,14,13.385305056500046,246
789,38,44,-2.4284298652575074,237
790,47,35,3.7632194567056723,257
791,39,43,-0.7846258898173671,236
792,37,45,0.256700944373487,241
793,28,54,-5.321852175246893,209
794,55,27,6.851588251899109,305
795,33,49,-6.546248487042329,308
796,61,21,10.04193833022131,293
797,46,36,0.8236048285556842,170
798,29,53,-7.620085069974305,344
799,45,37,4.034444186280753,278
800,32,50,-2.1742634638601843,309
801,31,51,-9.54645500890835,350
802,31,51,-3.3287866495110547,256
803,31,51,-5.175805307463212,275
804,51,31,6.334085975103515,215
805,45,37,-1.0369818741169057,271
806,45,37,3.5161707486639,268
807,29,53,-11.971188745199568,341
808,35,47,-3.370182331178995,265
809,52,30,7.455696504076924,215
810,51,31,1.1669870192440348,212
811,35,47,-2.3971873544043687,304
812,45,37,2.1190533926698354,204
813,39,43,-0.8862092760986152,284
814,48,34,1.869631931093392,307
815,38,44,-1.6117393985044381,340
816,42,40,-0.17980431010849957,204
817,32,50,-0.9309334637016046,269
818,41,41,6.3958319483241635,172
819,42,40,-0.7847763912257493,335
820,58,24,6.632884461240128,222
821,40,42,-1.5827129616146967,248
822,39,43,-0.5541925415147045,269
823,43,39,-2.5596301606648963,217
824,49,33,2.6734956542189097,244
825,54,28,5.969184041284575,263
826,48,34,1.867399951287987,246
827,41,41,-3.512063602588338,362
828,48,34,8.62846319874188,203
829,41,41,-3.3148960716196023,239
830,25,57,-11.593538512018146,357
831,39,43,-1.5888425862330855,249
832,35,47,-0.9944067355919017,273
833,42,40,-3.052709252958382,259
834,51,31,1.997823364892769,232
835,48,34,5.16137300681266,328
836,55,27,6.000158025636512,339
837,27,55,-6.63244995923468,417
838,50,32,-2.3504791266856775,303
839,43,39,0.1307131001758664,281
840,58,24,6.143889025331474,327
841,53,29,2.3189333199723956,290
842,48,34,0.06646264864938428,281
843,37,45,-3.4337425465541376,239
844,33,49,-8.49547527923064,267
845,38,44,-3.2334787147535464,326
846,33,49,-7.193867450182083,277
847,29,53,-7.389738654502157,409
848,56,26,6.492381642010316,239
849,27,55,-11.497798393705308,258
850,40,42,1.232467054461226,215
851,42,40,-5.306142771458473,254
852,32,50,-3.2604988346988675,263
853,68,14,14.20299863575341,239
854,25,57,-7.642348819760124,260
855,19,63,-5.314004044957872,305
856,37,45,-3.1108191862856724,247
857,63,19,11.49050561877493,245
858,39,43,-2.7302240137731766,381
859,43,39,-0.8966240611675078,315
860,48,34,1.7296082039028153,236
861,41,41,1.1131683307033733,308
862,49,33,0.9728074194876423,343
863,50,32,3.2312942068162873,279
864,30,52,-2.6745005862020936,299
865,38,44,-1.8493133183437076,393
866,26,56,-11.940104259352074,323
867,27,55,-10.923336719644494,500
868,31,51,-7.6093200485884,371
869,50,32,2.3043510120976216,222
870,50,32,1.7555063513826328,291
871,31,51,-7.434741826535794,285
872,31,51,-2.0358485429000144,265
873,46,36,3.3430613940930587,143
874,34,48,-4.165548870291995,274
875,58,24,6.018995307902513,233
876,43,39,4.070598531887246,319
877,47,35,1.985169049414927,271
878,32,50,-6.283414914419836,254
879,29,53,-1.26293957309261,306
880,37,45,-5.533985933748129,262
881,36,46,-4.232378110384782,319
882,33,49,-1.3977038866479363,180
883,39,43,-6.075464312634111,331
884,45,37,5.4721835950942115,291
885,42,40,-4.108399862753529,339
886,40,42,2.581262830309786,307
887,25,57,-11.253376220801153,360
888,39,43,-2.9233467129494124,296
889,23,59,-10.816660108202315,248
890,42,40,3.8639484895119005,247
891,33,49,-2.4777136267857216,283
892,27,55,-5.293796220418057,246
893,37,45,-5.1994134867407,243
894,41,41,0.34193135020106974,162
895,36,46,-1.5317480831059846,306
896,47,35,-0.6231809573457568,263
897,33,49,-4.667881776295502,380
898,31,51,-3.535516122934718,326
899,32,50,-1.6852717124219467,309
900,29,53,-7.187754496973249,198
901,38,44,0.019034398237211,156
902,38,44,-4.459059445271125,247
903,36,46,3.1889506813345156,258
904,29,53,-5.921528714563691,215
905,44,38,-5.1654695505732695,264
906,44,38,0.19627675596290503,284
907,56,26,10.388357156769917,172
908,39,43,-0.06292905928256892,282
909,32,50,-3.519659666606494,155
910,32,50,-2.779769755972008,311
911,37,45,1.7310600194629606,216
912,28,54,-5.748354691835691,341
913,38,44,-6.170715404098307,264
914,47,35,2.58302800077569,262
915,43,39,-0.5065472136905215,269
916,31,51,-7.343194452433299,225
917,25,57,-6.9882254144338765,263
918,40,42,2.402208420749445,261
919,44,38,5.294566240227884,207
920,45,37,1.7913316368150065,200
921,36,46,-2.800357525186153,340
922,53,29,2.148789845855729,223
923,41,41,-2.4691693066300218,357
924,42,40,-0.8821230391617684,278
925,28,54,-7.995668695883116,301
926,47,35,2.629487098374149,293
927,46,36,3.21063210685165,260
928,39,43,-1.7998408458804294,298
929,51,31,7.52313760817365,221
930,34,48,-1.1519841382271696,294
931,38,44,-2.7807940071974646,240
932,20,62,-10.129739565515937,281
933,41,41,-2.957748916215115,273
934,36,46,-4.933206440569263,228
935,42,40,0.1861440924781676,262
936,36,46,-7.347475341546277,277
937,36,46,0.31276948294848256,290
938,33,49,-1.6614746145341865,275
939,46,36,6.436728671206994,244
940,38,44,2.6337553939346754,205
941,36,46,-3.6387005285587057,287
942,31,51,-7.212735733758749,341
943,31,51,-6.404234725022453,314
944,45,37,4.221108149064319,211
945,43,39,-5.240605772292307,320
946,49,33,3.3083711149627244,184
947,44,38,4.957802166962636,215
948,33,49,-0.25839686887749846,229
949,57,25,7.78096340040586,211
950,33,49,-6.246093707392019,279
951,43,39,3.2241420019230755,221
952,47,35,3.0465869684112103,214
953,51,31,6.388972441535395,263
954,28,54,-6.218158926530773,319
955,49,33,3.7800274657365427,191
956,41,41,1.2355342285283628,228
957,35,47,-3.452765860809567,327
958,53,29,2.560345387690272,221
959,32,50,-10.341212850722314,316
960,31,51,-8.665151899456099,300
961,25,57,-13.239147455667752,352
962,62,20,8.190714935325243,255
963,35,47,-8.129466052019763,204
964,37,45,-2.5351448524182767,203
965,40,42,-1.4354678452790801,171
966,52,30,8.045247378061493,209
967,32,50,-6.281112748177318,209
968,57,25,7.76578868852945,323
969,50,32,2.452231435028,332
970,37,45,-1.087747068685097,338
971,61,21,10.907240749528361,259
972,35,47,-0.803669415433104,283
973,44,38,5.1052120588506975,326
974,40,42,-0.6643097563689281,204
975,46,36,1.2974042947043738,295
976,40,42,2.807595642390926,330
977,39,43,-0.8250167144991098,293
978,33,49,-5.355707257845031,272
979,38,44,-1.4504188760054797,319
980,37,45,-0.5322313339494129,287
981,26,56,-9.614250539567735,337
982,55,27,0.8307008840605355,226
983,32,50,-9.566844769976969,319
984,32,50,-1.2696854863556468,231
985,37,45,-0.39844656094361525,241
986,16,66,-14.870495534143258,433
987,32,50,-2.3507278171934956,225
988,29,53,-7.3468883571099175,261
989,55,27,2.1859517150119205,225
990,45,37,-0.5544428283142909,221
991,40,42,0.7372700248798026,263
992,35,47,-3.1236216826103744,184
993,41,41,1.3123326331510594,311
994,29,53,-6.064533840223448,481
995,39,43,-2.897898784464864,271
996,39,43,-0.015411188846447784,344
997,29,53,-4.529785419651967,359
998,53,29,2.791675655804775,180
999,67,15,17.141985999017873,162
1000,30,52,-8.700696206625535,318
1001,44,38,3.206405126415314,367
1002,36,46,-0.7250469620133418,192
1003,47,35,2.873245458566392,240
1004,43,39,-2.4976774791740564,295
1005,43,39,0.6996107156333293,196
1006,54,28,5.694019217106013,324
1007,31,51,-6.691039811570335,316
1008,27,55,-5.543914536004404,254
1009,46,36,1.9281972155130993,206
1010,53,29,7.298105969874641,252
1011,34,48,-5.299888941138171,280
1012,48,34,4.853829888584591,174
1013,43,39,-0.1643711852901954,271
1014,36,46,-0.1804497960881674,237
1015,44,38,2.6089071646506357,246
1016,42,40,-1.6354559527347954,224
1017,38,44,1.2021533939415991,241
1018,41,41,-3.4163294613323636,308
1019,33,49,-3.1288741322662212,204
1020,46,36,5.080528297708286,261
1021,35,47,-2.3142295446445615,247
1022,39,43,-1.3132609674592364,236
1023,48,34,4.8888816996574,316
1024,36,46,-0.5630763722423056,190
1025,40,42,-1.3815251553541164,234
1026,42,40,-3.07472005922152,321
1027,40,42,-1.151851030930367,257
1028,40,42,0.627219318212288,264
1029,33,49,-5.489539018051859,281
1030,52,30,9.59531089436279,227
1031,41,41,1.888165866045453,378
1032,33,49,-2.9052781085684543,165
1033,30,52,-6.507951526658125,297
1034,55,27,10.136499198451572,322
1035,35,47,-1.3453211863838446,361
1036,62,20,6.06583290321619,328
1037,46,36,6.290970466842059,278
1038,22,60,-9.758471261439558,340
1039,42,40,-1.3402975179124899,342
1040,47,35,0.7409354162407934,257
1041,38,44,-1.3808375785667182,324
1042,12,70,-19.144934872300382,435
1043,31,51,-5.474266737913656,253
1044,51,31,6.354208107746353,239
1045,36,46,0.611079007599295,270
1046,36,46,-2.9850218108015483,282
1047,61,21,13.629565352983924,295
1048,36,46,-3.6268229584233707,259
1049,31,51,-6.610703256304537,243
1050,31,51,-5.1668929103234165,240
1051,34,48,-0.7955475297062391,220
1052,39,43,-2.792736593011643,211
1053,40,42,-0.5957933043212084,265
1054,31,51,-11.79647216578597,325
1055,32,50,-0.6702183901452233,314
1056,44,38,1.7028178584788682,283
1057,33,49,-1.642982668682524,260
1058,38,44,-1.0755069194535376,242
1059,23,59,-4.856956393679696,209
1060,55,27,7.077000974350164,203
1061,32,50,-8.456368042670242,417
1062,36,46,-1.2422913486769378,245
1063,41,41,-2.1909019065550983,218
1064,50,32,6.6183954690352955,192
1065,41,41,1.2772587931138213,308
1066,39,43,-3.7242747122335467,266
1067,61,21,10.12405695297989,201
1068,42,40,2.312913431854926,193
1069,45,37,-0.5716537407367314,259
1070,27,55,-10.329906898211416,285
1071,27,55,-3.203900098194275,298
1072,39,43,-1.2534575422836212,300
1073,31,51,-6.02212047649173,211
1074,40,42,-3.3560682957512387,235
1075,47,35,4.552913888003076,266
1076,31,51,-1.9163493611601647,295
1077,29,53,-8.949192575052606,354
1078,39,43,0.2802217196688244,240
1079,39,43,-2.7068766588828677,268
1080,36,46,-3.298651796572706,262
1081,40,42,0.9179330111437263,303
1082,35,47,-8.43051860082732,290
1083,57,25,9.498217716649432,193
1084,46,36,-0.6554293178216356,221
1085,35,47,-2.738267227274902,262
1086,39,43,-2.654176559418334,199
1087,23,59,-14.231630809645367,398
1088,43,39,-0.8823070397410689,263
1089,29,53,-7.465352338529833,278
1090,39,43,-1.392751576022009,254
1091,47,35,4.171606985492449,241
1092,28,54,-6.645394911245242,351
1093,44,38,-3.285114545663826,302
1094,43,39,1.3978378766057242,178
1095,30,52,-8.507495800120225,288
1096,34,48,-8.733529152750807,189
1097,32,50,-2.461412685012624,273
1098,57,25,5.523753762406198,198
1099,43,39,0.40582910796815813,238
1100,36,46,-0.7913282240267154,258
1101,32,50,-5.147045439029945,192
1102,18,64,-8.052549538922301,300
1103,39,43,-2.5143668300299225,347
1104,54,28,7.769037890492736,247
1105,55,27,6.046580403167737,335
1106,44,38,2.0340826001130314,258
1107,25,57,-9.669524259431164,268
1108,44,38,1.9318732120047177,135
1109,46,36,5.289301120463371,209
1110,66,16,13.132505428258899,209
1111,50,32,3.428579718668046,228
1112,40,42,-0.013301654146000859,277
1113,44,38,0.3966213629416755,228
1114,39,43,-1.1900752898224638,163
1115,38,44,-3.7741815072591454,350
1116,33,49,-1.8734765473866626,197
1117,51,31,3.336055164902495,315
1118,36,46,-2.9837657859403564,379
1119,64,18,16.833302382461614,211
1120,52,30,4.455226621122025,212
1121,41,41,-1.4010394925059322,402
1122,51,31,2.8889553752297363,278
1123,32,50,-3.575253926803112,282
1124,58,24,9.13605269624232,213
1125,45,37,2.613880628095264,278
1126,43,39,2.2864932685797275,217
1127,42,40,3.400541585187112,296
1128,40,42,-3.367598965707849,283
1129,18,64,-13.27077061864227,329
1130,44,38,-2.266943300463024,246
1131,16,66,-14.25958657639232,253
1132,31,51,-7.178796445459776,327
1133,40,42,1.525825849413427,168
1134,55,27,4.901567085902812,256
1135,43,39,3.5752621655201686,223
1136,25,57,-8.311749739015205,430
1137,32,50,-4.523867097249951,351
1138,44,38,-1.764717745242009,233
1139,48,34,1.7711744283399797,263
1140,40,42,3.989554353251711,305
1141,44,38,-5.3836173594913275,314
1142,42,40,-2.429952191646548,198
1143,46,36,3.2426296369684016,272
1144,32,50,-2.5124338366787393,275
1145,24,58,-6.613190435907692,189
1146,39,43,1.4949747419141592,285
1147,35,47,-2.103054271923145,335
1148,21,61,-11.227424438011363,332
1149,23,59,-5.277368532766611,229
1150,44,38,-1.2373836267686167,305
1151,34,48,0.8555318709396885,255
1152,41,41,-0.2431172471083764,280
1153,56,26,8.348703251187738,253
1154,23,59,-9.814325124524068,288
1155,45,37,3.587315676689285,328
1156,53,29,1.6243524962732923,218
1157,27,55,-5.702348269914496,350
1158,52,30,3.336990356718962,258
1159,56,26,8.08014749724395,203
1160,41,41,0.5927399934675979,316
1161,25,57,-8.414593801810703,339
1162,45,37,1.1361647054893775,283
1163,40,42,-3.190331877490102,283
1164,30,52,-6.734597752465897,325
1165,55,27,6.358184939619971,308
1166,45,37,4.420029446559576,285
1167,46,36,1.3497812648293923,137
1168,49,33,1.6821189353976373,249
1169,52,30,6.401340635766894,299
1170,30,52,-4.671298476278745,266
1171,41,41,-2.9617667186571968,365
1172,25,57,-5.954553268413338,283
1173,50,32,5.9023050535923876,247
1174,40,42,1.2186965212574827,261
1175,33,49,-2.8961118538379935,233
1176,34,48,-5.615578595885032,337
1177,27,55,-9.541246439945386,398
1178,53,29,6.285137738650181,198
1179,48,34,1.0896779814778685,194
1180,54,28,4.973046249332973,189
1181,32,50,-6.132519987323312,209
1182,44,38,1.8961012429631328,282
1183,42,40,2.6651561428114596,334
1184,35,47,-4.555599832328329,262
1185,33,49,-7.561050642920646,517
1186,44,38,-2.774721881379013,221
1187,40,42,0.924513323016089,298
1188,35,47,-4.095652310018317,306
1189,43,39,0.6696660771228166,308
1190,36,46,-3.253667909587314,318
1191,40,42,2.016728687648875,293
1192,31,51,-6.74896899127863,470
1193,32,50,-5.834457814467415,329
1194,39,43,3.268066699595045,370
1195,41,41,-0.39237265887449735,315
1196,46,36,3.8249239010022182,316
1197,42,40,6.7619629353402475,279
1198,40,42,0.6745937426260701,256
1199,37,45,-1.722628071049638,271
1200,22,60,-13.962797354028513,284
1201,48,34,2.4198660134674403,286
1202,53,29,7.729774335260194,164
1203,45,37,4.025496073734313,208
1204,30,52,-2.5628807373745595,288
1205,42,40,3.7315348128476473,270
1206,40,42,0.9978402152238695,270
1207,14,68,-14.96898455093395,280
1208,48,34,4.679309341485612,252
1209,49,33,9.936614122291692,226
1210,48,34,1.9527935310620415,364
1211,26,56,-8.396761526700377,258
1212,31,51,-5.5590736344829015,287
1213,36,46,-1.224937983869606,253
1214,35,47,-2.0835039061927025,304
1215,42,40,-1.9953475759777441,253
1216,47,35,0.9771124841485367,320
1217,43,39,6.093103713696304,333
1218,39,43,-3.862757342279995,283
1219,44,38,0.13639646957804505,237
1220,39,43,-2.006455929477855,328
1221,51,31,4.12150836312245,357
1222,40,42,0.6699616532828055,237
1223,42,40,-2.6089512377149067,220
1224,38,44,-2.294661625341401,302
1225,45,37,-2.1628411273225674,306
1226,21,61,-12.923398805461751,289
1227,46,36,3.682515956874589,346
1228,33,49,-1.645624030661668,234
1229,47,35,1.9996447759738127,147
1230,42,40,1.3108346901508054,214
1231,30,52,-8.75446384138523,211
1232,49,33,4.831357468568451,295
1233,43,39,3.084352676186593,197
1234,29,53,-5.307367586806968,212
1235,39,43,1.56043727281644,263
1236,51,31,3.907002612248067,164
1237,40,42,-2.741429545273548,258
1238,38,44,-0.45467555892301326,296
1239,33,49,-4.508604093118891,295
1240,54,28,3.904124082009671,173
1241,52,30,9.145604872385814,198
1242,46,36,-0.4258951822611785,196
1243,43,39,2.3344585326317655,214
1244,25,57,-8.240783487656286,286
1245,49,33,2.4994770664510804,206
1246,20,62,-8.334235332147589,393
1247,42,40,-6.08361110001856,330
1248,45,37,1.656108397085673,317
1249,39,43,1.3131978562771867,258
1250,43,39,-1.0987258297162534,393
1251,34,48,-0.5005830663883556,347
1252,33,49,1.058944891050304,201
1253,40,42,-1.4955345259540451,262
1254,30,52,-4.4241209387448945,291
1255,42,40,0.8107937668955423,228
1256,43,39,4.267867474993644,247
1257,49,33,2.580318562227596,190
1258,66,16,12.97210595508128,214
1259,42,40,4.540287087469201,292
1260,44,38,-0.46434558678288634,223
1261,19,63,-12.117462023858165,404
1262,30,52,-9.853837447812008,310
1263,51,31,5.5299433834369465,178
1264,51,31,-1.3156969117995296,317
1265,49,33,0.4057351266662517,289
1266,56,26,7.973161855344855,195
1267,45,37,-1.8773623836631623,244
1268,36,46,-4.360875761840044,215
1269,57,25,1.8607715176216568,240
1270,26,56,-12.921247592265642,215
1271,37,45,-0.8930543414376064,226
1272,23,59,-14.644740865421845,376
1273,44,38,1.1914603375286061,296
1274,36,46,-2.058829861151481,311
1275,38,44,1.2658085093128095,213
1276,44,38,-0.8273446103767728,228
1277,46,36,2.3427061544214065,235
1278,40,42,0.13624446309971622,264
1279,33,49,-3.2202632617708202,160
1280,28,54,-7.312967645024905,319
1281,19,63,-12.164989671046547,441
1282,29,53,-5.209525972355113,344
1283,37,45,2.250272796023889,293
1284,38,44,-6.08615188199247,313
1285,30,52,-5.883764378415951,313
1286,47,35,4.181094407642738,354
1287,35,47,1.2309164759834141,216
1288,55,27,7.529542838934879,233
1289,40,42,-2.530741972461401,267
1290,41,41,-3.032284471888216,388
1291,38,44,-4.014241644671452,308
1292,38,44,-1.4571690171870013,272
1293,39,43,-2.8880757037333837,317
1294,42,40,-1.3811453795228357,294
1295,31,51,-2.784303160661345,287
1296,19,63,-8.070048818939549,346
1297,50,32,5.075728688507028,249
1298,27,55,-6.394837838295545,301
1299,41,41,0.36435678279070977,170
1300,50,32,6.595553733117212,278
1301,42,40,1.9682568564038554,294
1302,36,46,-2.296033733284025,310
1303,22,60,-11.935966445078554,329
1304,38,44,-0.4543137427327343,261
1305,37,45,-4.148874282118093,292
1306,44,38,1.6765268766824175,271
1307,59,23,7.029271506232395,235
1308,59,23,5.73913876931636,319
1309,46,36,5.501808950921772,203
1310,36,46,-2.694788249777268,289
1311,47,35,0.5586808320302987,307
1312,42,40,-1.340972510288294,187
1313,45,37,-1.0043456411404437,193
1314,49,33,3.4491590008012882,207
1315,42,40,-3.0325262563724924,273
1316,44,38,5.516327536931734,206
1317,25,57,-11.02456493628363,313
1318,60,22,9.613092507973452,223
1319,40,42,-1.6013591455245124,213
1320,29,53,-5.951616602986886,344
1321,18,64,-15.85023509855958,327
1322,44,38,0.3861073522267477,241
1323,25,57,-12.280607448058493,284
1324,48,34,6.901122907890512,276
1325,42,40,1.6466374078357384,330
1326,25,57,-9.791091756954735,298
1327,30,52,-3.451999113054565,284
1328,27,55,-10.433928851950618,282
1329,35,47,2.6318763373657057,190
1330,49,33,0.4663607847262091,293
1331,40,42,1.2016868491552344,306
1332,36,46,-4.34168123003476,278
1333,33,49,-3.6494646665815367,201
1334,28,54,-8.45331840042105,288
1335,16,66,-7.855037312594141,297
1336,38,44,0.19268028801393347,295
1337,61,21,6.152918832719576,248
1338,45,37,1.441386185565628,263
1339,39,43,-4.342389282028366,258
1340,52,30,5.302259568187233,185
1341,39,43,-3.0224806954275314,417
1342,33,49,-4.79359974071032,158
1343,41,41,-4.142218051263593,261
1344,41,41,2.190821930705464,219
1345,26,56,-7.124924415518006,269
1346,48,34,1.6911201190019844,174
1347,38,44,0.44541669167963466,242
1348,40,42,-3.3485159888894307,216
1349,29,53,-3.3226060695533772,315
1350,48,34,6.801661290832192,218
1351,22,60,-7.698896986194908,253
1352,43,39,1.1828405114109766,276
1353,50,32,3.143763664818197,327
1354,54,28,7.0352062047596275,219
1355,57,25,8.174501172209935,259
1356,59,23,10.731359386539976,229
1357,39,43,2.204606064676738,230
1358,38,44,-1.9476476525078599,290
1359,45,37,2.103362230075696,255
1360,33,49,-6.656169503041684,373
1361,49,33,4.381512017970776,343
1362,34,48,-1.1214278174877599,286
1363,45,37,2.1734226816471165,236
1364,38,44,-5.744129864868335,274
1365,37,45,-5.023622894389459,225
1366,47,35,-1.6607978514374095,208
1367,55,27,9.240012690847092,208
1368,42,40,1.058342330041943,256
1369,35,47,-3.164763294576156,272
1370,35,47,1.9131496484365436,326
1371,38,44,-4.723037874045378,352
1372,26,56,-12.406472493160813,304
1373,41,41,-0.49230149368217013,386
1374,37,45,-4.667196573730085,233
1375,33,49,-4.988102296402533,290
1376,43,39,-1.6812083198220522,267
1377,40,42,-5.351171323386903,237
1378,27,55,-9.271669108532612,271
1379,17,65,-13.529848911798755,394
1380,62,20,12.237225729316243,324
1381,41,41,-2.8898717362554645,259
1382,36,46,-2.6283689750610257,206
1383,49,33,1.8809959144786434,233
1384,31,51,-10.0480492195623,261
1385,46,36,-1.4049520282508323,322
1386,42,40,-1.9397220463575995,186
1387,43,39,5.43428310358362,159
1388,55,27,11.181225417940416,183
1389,56,26,3.920990483510971,131
1390,18,64,-15.721609242035356,405
1391,37,45,-4.263608680168372,278
1392,57,25,10.15232308710712,235
1393,45,37,3.4095604079651567,286
1394,21,61,-9.124058108124164,312
1395,40,42,1.0551728020194382,333
1396,50,32,1.3626661999071232,362
1397,31,51,-3.30665863074123,316
1398,34,48,1.7760858804624993,296
1399,45,37,2.807647823529412,286
1400,39,43,-1.7926041731215419,297
1401,25,57,-2.4531152343934663,263
1402,36,46,-2.3932321165977553,310
1403,45,37,0.9714053080327404,325
1404,48,34,4.807530256770887,227
1405,52,30,3.7659461189809758,313
1406,39,43,-1.6154981252772602,188
1407,38,44,0.7550533628680176,335
1408,57,25,7.102332613846957,213
1409,46,36,3.782476869140231,279
1410,38,44,-3.233198512390944,164
1411,36,46,-2.675857133621515,301
1412,37,45,-0.3581611929304356,314
1413,39,43,-1.1771911530788668,291
1414,29,53,-4.2922548886032414,337
1415,42,40,-0.39865334356852694,331
1416,44,38,-0.46038018233920336,258
1417,32,50,-1.6883146936269453,253
1418,31,51,-7.882810067153877,272
1419,46,36,6.068621584855854,228
1420,22,60,-8.142248463373837,248
1421,36,46,-0.9085203164958974,251
1422,24,58,-8.078113385328132,179
1423,27,55,-5.5391926811612295,219
1424,31,51,-5.323321355090152,273
1425,37,45,-1.8749689033297454,391
1426,36,46,-3.0310132017035114,315
1427,34,48,-5.557678586304153,265
1428,51,31,8.074618318123502,252
1429,15,67,-11.67699221407792,342
1430,39,43,4.209165930284603,338
1431,34,48,-1.8002758228031501,313
1432,38,44,1.1581997682410952,249
1433,50,32,3.8716492142369225,154
1434,33,49,-3.995756785492079,280
1435,41,41,-1.7396068935051343,303
1436,41,41,-1.9647605486157604,348
1437,49,33,-3.4599661841676688,154
1438,30,52,-7.8464323308056025,244
1439,40,42,-1.877643165368718,273
1440,46,36,4.623557727857151,221
1441,51,31,5.327400396903387,304
1442,48,34,8.150660508099117,216
1443,43,39,-1.0561645194176748,248
1444,50,32,7.413886367026358,241
1445,44,38,-0.799085057815273,211
1446,24,58,-11.559532749121953,347
1447,34,48,-0.7239159322174297,204
1448,36,46,-1.6476274804178703,180
1449,51,31,4.005506579423503,378
1450,43,39,-1.6968122382574014,233
1451,27,55,-4.80537037528799,292
1452,35,47,-2.07210350969873,238
1453,35,47,-5.791977649449633,226
1454,27,55,-7.220210919685982,155
1455,29,53,-4.972863251276906,252
1456,42,40,2.2486747266718363,214
1457,47,35,2.5571066442366703,257
1458,35,47,-5.089515149654259,313
1459,36,46,0.3779415103128718,284
1460,49,33,2.10425596708307,356
1461,48,34,-0.6223146179443876,173
1462,44,38,2.0191217016122383,151
1463,50,32,5.647512399570654,229
1464,37,45,-5.9356351416876585,384
1465,22,60,-9.421362065353557,388
1466,36,46,-1.4755395216066876,202
1467,36,46,-2.4402874575156526,232
1468,37,45,1.2301678318476952,214
1469,35,47,-3.6842242765084685,257
1470,25,57,-9.320976398001628,316
1471,34,48,-4.595505969284416,330
1472,39,43,-1.9831421730241043,203
1473,30,52,-1.3749649382616629,222
1474,34,48,2.0897977823907583,300
1475,47,35,4.123662282572807,198
1476,57,25,5.55603987663266,249
1477,40,42,0.5166345900365911,239
1478,52,30,6.135044217344957,262
1479,47,35,3.3228956975183013,268
1480,43,39,-1.552118068562731,293
1481,32,50,-7.948193446104031,361
1482,32,50,-8.377829710962041,312
1483,35,47,-2.736743396071812,213
1484,37,45,-4.94747618161743,334
1485,56,26,6.937221837617862,235
1486,57,25,7.376933874591472,275
1487,46,36,5.875564839194864,246
1488,26,56,-4.842281275003505,278
1489,23,59,-5.915953635787652,263
1490,38,44,-0.8607084414790429,275
1491,19,63,-11.437868150046636,284
1492,33,49,0.6145971176520181,221
1493,44,38,2.2554940427336887,254
1494,48,34,3.5970942486916933,187
1495,53,29,3.661765403973843,302
1496,33,49,-6.527042508620956,323
1497,19,63,-15.881479963968303,311
1498,41,41,-4.153261861821694,359
1499,66,16,15.654757473233719,249
1500,43,39,0.948151595592205,241
1501,30,52,-4.357206280460476,242
1502,32,50,-4.654247094238124,268
1503,43,39,0.6936759821562514,299
1504,57,25,4.895621506773385,329
1505,43,39,5.190583282867075,186
1506,45,37,-0.29830733885688415,210
1507,28,54,-7.761872374937377,291
1508,38,44,-0.5753404899486787,293
1509,47,35,3.7948298108705285,239
1510,39,43,-0.8792441830065234,163
1511,40,42,-4.889189867235113,222
1512,45,37,2.5516112204174504,341
1513,45,37,6.26238822345165,247
1514,35,47,-4.4606604872322615,200
1515,44,38,2.886464723603226,258
1516,45,37,-0.03861358614314951,267
1517,42,40,3.2548286472075216,221
1518,16,66,-20.60499158664329,374
1519,30,52,-5.200966416022045,272
1520,50,32,1.622359844020322,209
1521,36,46,-4.079205513124574,335
1522,35,47,-4.4393238155262145,309
1523,22,60,-10.525275989997803,345
1524,39,43,1.2550616527963976,298
1525,31,51,-7.0829254916948035,251
1526,32,50,-2.25966020058405,261
1527,24,58,-4.298014113723984,256
1528,53,29,8.23010890855992,220
1529,25,57,-10.160669569591128,272
1530,43,39,-0.5659917513015269,194
1531,41,41,-4.674207211081957,435
1532,39,43,-6.277083039482861,265
1533,37,45,-4.490118780379717,359
1534,41,41,3.428605605078224,185
1535,29,53,-6.555881839498436,287
1536,46,36,2.9240979581182343,277
1537,37,45,-0.42137098683807483,219
1538,35,47,-3.063042965440587,265
1539,65,17,12.499456476456812,215
1540,24,58,-9.130804544630507,288
1541,35,47,-5.365474365946014,337
1542,31,51,-5.632005718891351,260
1543,42,40,2.434160752449939,305
1544,34,48,-8.044286999000414,272
1545,33,49,-5.456510535996757,313
1546,49,33,10.222865225951919,206
1547,56,26,8.22612653285157,299
1548,44,38,1.0627191665022264,344
1549,33,49,-3.7447421413509208,210
1550,27,55,-10.073833510504512,295
1551,61,21,17.009976482961115,258
1552,40,42,3.611483531821376,267
1553,50,32,5.079234974610337,277
1554,40,42,1.5170940227684615,291
1555,45,37,-0.45499618195555896,194
1556,28,54,-6.813032275493815,278
1557,60,22,7.258077865452616,199
1558,41,41,2.4667076193794886,265
1559,58,24,10.820423108775142,193
1560,59,23,12.757524512253601,174
1561,31,51,-3.836077900400696,284
1562,49,33,4.808232204838958,245
1563,28,54,-5.936932440427373,232
1564,36,46,-1.9125254527553746,378
1565,34,48,-3.953095419423896,289
1566,47,35,4.280574665120723,204
1567,46,36,1.3932691083507498,121
1568,28,54,-9.266191407560788,326
1569,53,29,4.716244738625275,323
1570,28,54,-4.414024206333758,216
1571,27,55,-5.045023101608388,206
1572,42,40,-0.4171151432448117,227
1573,42,40,-1.0221456391074248,264
1574,42,40,-1.2361946359440577,279
1575,38,44,-3.920094154187623,284
1576,48,34,4.37442695018722,232
1577,51,31,4.515339187325937,306
1578,51,31,8.985360709624864,251
1579,40,42,-2.1839138982925874,181
1580,47,35,3.0934595050422264,269
1581,31,51,-3.0838886628618374,204
1582,50,32,6.481220405935331,163
1583,54,28,3.815967925122194,299
1584,36,46,-6.2485192000598735,302
1585,56,26,9.520916647914945,335
1586,35,47,-3.361117532568276,255
1587,33,49,-4.517280808991601,287
1588,23,59,-12.986072907840303,381
1589,45,37,3.2445942185558363,267
1590,43,39,1.6494657304272646,227
1591,45,37,4.051215455293984,331
1592,56,26,4.399338027946348,241
1593,44,38,0.09641801119756124,218
1594,45,37,5.089760347563094,326
1595,35,47,-2.1072402107135044,272
1596,37,45,-0.15487706319698058,287
1597,54,28,7.588115000877367,310
1598,59,23,6.581743969774421,238
1599,27,55,-5.636693642426252,207
1600,51,31,8.865123918934628,239
1601,33,49,-2.662964505820285,225
1602,49,33,0.8128257250912498,306
1603,38,44,-2.5294159430318968,334
1604,29,53,-6.825238156023029,281
1605,43,39,3.7824247409027927,190
1606,35,47,-4.754665801045911,273
1607,55,27,11.469908920415952,271
1608,36,46,-3.011973407043362,204
1609,48,34,1.5637794147281956,254
1610,30,52,-6.108629316668977,326
1611,35,47,-6.771376267081752,244
1612,49,33,2.171381811575137,220
1613,29,53,-7.470547341470676,274
1614,34,48,-8.30480446366608,224
1615,41,41,-0.5357595512886356,259
1616,25,57,-4.236653038880312,357
1617,20,62,-12.985163629464218,298
1618,49,33,5.150017341350255,279
1619,39,43,-0.2489134611324349,243
1620,55,27,10.051427548850517,293
1621,42,40,2.526664443620237,322
1622,49,33,5.424352578844809,188
1623,45,37,3.874850009710871,209
1624,49,33,5.870694924995753,222
1625,43,39,6.6291173505785315,268
1626,40,42,0.6452029926397711,201
1627,43,39,3.795799444441622,198
1628,36,46,-0.7985957112350265,271
1629,45,37,3.2981227453334574,251
1630,32,50,-6.868748823219569,261
1631,45,37,3.039441567128231,300
1632,52,30,3.595077973474278,211
1633,38,44,-0.3645075337948237,320
1634,40,42,-3.832733444492968,297
1635,43,39,-1.1800377970391054,294
1636,34,48,-7.122282428541734,192
1637,32,50,-6.308263123768018,342
1638,48,34,5.881822761044559,271
1639,48,34,2.2791739449071624,234
1640,32,50,-8.384851794857216,318
1641,44,38,1.1401458489815612,255
1642,33,49,-4.800433480615646,348
1643,9,73,-20.75779210139688,453
1644,41,41,-0.14457398021216253,272
1645,50,32,3.6308133206992848,207
1646,56,26,9.303292211580876,173
1647,45,37,2.556598780112801,272
1648,41,41,0.2052563064118526,277
1649,43,39,-0.7745587838447964,270
1650,39,43,-2.5817385574362635,329
1651,31,51,-5.3722451302377365,313
1652,37,45,-0.8307860771618056,298
1653,41,41,-1.4034335391275325,296
1654,30,52,-1.0979038882748557,297
1655,51,31,6.892378887841783,133
1656,45,37,-0.9211229730130778,244
1657,31,51,-3.2622954686023355,328
1658,19,63,-10.763044519390055,313
1659,36,46,-1.9205413755184118,243
1660,58,24,5.399790324150771,229
1661,44,38,4.233756074342093,275
1662,49,33,5.174526452103144,262
1663,57,25,1.6970831793761356,357
1664,41,41,-1.0824326558710617,232
1665,57,25,10.350482020378804,224
1666,35,47,-2.736192932371819,300
1667,36,46,-3.7768305876976083,309
1668,48,34,3.216253473319283,199
1669,38,44,-2.7980943781518315,287
1670,50,32,3.251390436909641,269
1671,34,48,-1.7228996987920178,345
1672,28,54,-10.572811641870892,344
1673,48,34,3.724702440384853,206
1674,37,45,-3.6292749201997805,305
1675,41,41,1.5908416722475431,306
1676,46,36,0.45479750995466306,221
1677,45,37,3.2846186652144786,154
1678,42,40,-0.12940856115527244,253
1679,39,43,-0.5180982942934272,273
1680,56,26,6.983888015440567,200
1681,40,42,-3.9397440689799867,252
1682,58,24,7.14872868816598,226
1683,26,56,-11.079238942669885,369
1684,45,37,0.5854506819382158,350
1685,29,53,-10.379331224953939,340
1686,31,51,-5.633782019897797,263
1687,24,58,-7.921522372138843,247
1688,31,51,-5.259680632077441,362
1689,30,52,-10.627496390417743,374
1690,33,49,-4.41315934645518,230
1691,58,24,10.204200169271658,147
1692,26,56,-3.2520372284167895,286
1693,34,48,-3.438292466034584,214
1694,61,21,8.180225034653526,309
1695,57,25,11.71234914846174,261
1696,32,50,-3.9949033994389356,268
1697,44,38,7.2206400649545595,306
1698,31,51,-3.5039381949476813,343
1699,38,44,-6.026172622692559,211
1700,48,34,8.768910619818401,276
1701,50,32,6.300528932887171,272
1702,42,40,4.354809870801749,219
1703,35,47,-8.861558778439806,293
1704,49,33,0.8111291551308069,166
1705,52,30,3.4552570467499035,284
1706,15,67,-11.441296448010673,338
1707,36,46,-4.413671412009339,394
1708,33,49,-4.498713541443924,299
1709,45,37,-2.927408463476763,289
1710,43,39,0.7987632378215757,267
1711,39,43,-0.7771984394410533,258
1712,42,40,3.3296251686003253,314
1713,36,46,-4.875801574034728,244
1714,45,37,-1.8535848292483343,279
1715,52,30,3.7775774871881267,264
1716,45,37,3.2097003685803465,325
1717,31,51,-4.843872393243807,207
1718,26,56,-1.7385467146579268,250
1719,35,47,-7.285819486877545,279
1720,38,44,-3.4857763373636406,263
1721,39,43,-0.7188871228332834,201
1722,46,36,6.2218669925453,250
1723,37,45,-2.176032289614381,233
1724,52,30,4.893570386057339,211
1725,58,24,7.8463705890246525,244
1726,40,42,-0.7655070903917591,253
1727,48,34,6.377543110670865,216
1728,39,43,3.251505120541447,163
1729,63,19,10.224304267832036,180
1730,45,37,-0.5103523570645535,278
1731,26,56,-8.295990813657925,344
1732,48,34,5.481348740846966,268
1733,53,29,4.784639611123455,142
1734,24,58,-7.134702883467897,301
1735,32,50,-4.268883705902973,274
1736,36,46,-3.7344892105461303,302
1737,39,43,-0.44645414889423324,318
1738,48,34,3.7685090484331067,345
1739,39,43,-3.701135070734194,258
1740,46,36,4.86032732469215,275
1741,52,30,4.894865857539755,283
1742,31,51,-4.251299811475533,273
1743,46,36,7.85608728047112,235
1744,29,53,-4.802975543166385,310
1745,36,46,-3.0333302188498714,286
1746,31,51,-7.941856862954531,260
1747,24,58,-8.189570676701937,301
1748,33,49,-2.0526613392390964,253
1749,34,48,-4.658671769202546,314
1750,33,49,0.0585625136186913,354
1751,42,40,2.9718241224929796,203
1752,57,25,5.230521161134182,205
1753,40,42,5.573347425021969,198
1754,44,38,5.296585788886456,276
1755,35,47,-3.050529377802549,258
1756,35,47,-4.354674313518184,254
1757,61,21,13.419594604104319,195
1758,25,57,-12.256947166598854,321
1759,46,36,1.232045784998705,232
1760,39,43,-0.32585534249964876,249
1761,18,64,-7.672124303142937,252
1762,49,33,10.083419157071019,259
1763,26,56,-11.378167674809706,239
1764,33,49,-2.132541764376432,326
1765,39,43,-0.6373929617955058,326
1766,29,53,-7.523369392949964,372
1767,44,38,1.0013350352552828,291
1768,39,43,-2.2621954465364604,256
1769,55,27,8.042196456460891,195
1770,36,46,0.3842974825076648,281
1771,26,56,-12.329338242796496,311
1772,27,55,-7.374433307964155,331
1773,37,45,-8.196123044537503,309
1774,25,57,-7.422050735761126,206
1775,37,45,-6.724783995009967,311
1776,40,42,0.1458422889162963,223
1777,37,45,0.560716407023767,249
1778,50,32,5.307135754916066,193
1779,48,34,7.22079447836416,192
1780,46,36,4.822324533611032,259
1781,39,43,0.1816084751838247,208
1782,44,38,3.981264443106312,273
1783,59,23,9.703775506117863,270
1784,36,46,-2.2475169162283923,268
1785,42,40,0.5738924122378232,247
1786,28,54,-14.593243343662202,295
1787,24,58,-13.021278427308236,239
1788,40,42,2.339236725046267,240
1789,35,47,-5.3465622441569645,331
1790,31,51,-7.135284402982833,257
1791,35,47,-5.136688424972393,238
1792,29,53,-4.451989482335231,225
1793,44,38,0.4996378903408498,237
1794,40,42,-0.1326830712520883,155
1795,29,53,-3.769517060846008,340
1796,43,39,1.0586997622225915,247
1797,33,49,-3.681926328936696,288
1798,46,36,2.663636065285382,299
1799,53,29,1.3788659655018294,227
1800,26,56,-8.479678315946021,265
1801,20,62,-9.75031412658036,437
1802,35,47,-0.8915900608883963,277
1803,26,56,-8.407631036945746,288
1804,43,39,-1.5114957724388118,299
1805,44,38,4.04493916974226,308
1806,50,32,1.7153641179943542,291
1807,39,43,1.2757803417409943,302
1808,45,37,-1.2488170072565699,299
1809,40,42,-1.2890225026852589,315
1810,35,47,-4.496059867560937,299
1811,44,38,0.20060570992153096,304
1812,45,37,-0.1533309849018083,345
1813,45,37,-1.333469054486209,220
1814,35,47,-6.239856606037291,341
1815,50,32,9.66586375796773,308
1816,26,56,-6.097156869953187,298
1817,27,55,-9.028376394211335,315
1818,44,38,3.399118283748393,251
1819,27,55,-5.1663170403289,277
1820,47,35,3.9343942370501073,209
1821,38,44,-2.705024527115162,302
1822,39,43,-0.17525256989636037,364
1823,24,58,-10.689203381827781,280
1824,51,31,5.233704529136808,309
1825,40,42,-1.212644450369064,268
1826,42,40,-0.9691352407291358,156
1827,38,44,-3.178529445369059,185
1828,38,44,-4.976167169756919,275
1829,30,52,-3.6384720283926324,271
1830,27,55,-7.161673365513329,320
1831,38,44,-4.088106446883191,278
1832,43,39,2.0494434108725996,225
1833,44,38,1.2556284971613207,243
1834,49,33,2.8729767557110204,249
1835,40,42,-2.3206574014515358,285
1836,32,50,-4.829698974662376,292
1837,31,51,-7.08681628463683,259
1838,31,51,-10.754455343409443,323
1839,33,49,0.2471375384063918,256
1840,47,35,2.575885331240271,222
1841,42,40,-2.6124307564627975,358
1842,26,56,-9.114690375830046,262
1843,42,40,-0.7887690805653949,290
1844,32,50,-4.088376668934536,199
1845,35,47,-0.6548848119511421,221
1846,31,51,-7.297691058346629,263
1847,31,51,-2.435182639647934,190
1848,56,26,4.008216184685678,328
1849,32,50,-6.5770921205259745,159
1850,30,52,-2.8560901617495227,357
1851,52,30,4.967216455840511,238
1852,50,32,7.962720724576076,222
1853,49,33,3.523979169025265,291
1854,19,63,-9.806766995531675,218
1855,42,40,-3.0922885711917316,205
1856,48,34,5.355034184590182,297
1857,47,35,2.0953783210857666,237
1858,38,44,1.5069768308886087,227
1859,36,46,-2.2039779984415855,423
1860,33,49,-8.06672731466906,357
1861,35,47,-3.9249535710551435,299
1862,33,49,-10.49165542578601,326
1863,56,26,9.222011219276721,266
1864,42,40,-3.676440376902104,288
1865,20,62,-6.998677155063586,312
1866,47,35,2.42541628374271,238
1867,32,50,-3.2221830517368923,385
1868,36,46,-0.5100622122012415,274
1869,40,42,-3.3042793014305,370
1870,29,53,-7.064933177684633,273
1871,41,41,-1.8942275757275833,411
1872,32,50,-6.391195422418971,257
1873,46,36,4.3604193466484,277
1874,42,40,-0.21590552751217573,292
1875,38,44,-1.6316775872300655,292
1876,38,44,-2.244432693031358,270
1877,37,45,-2.252206428045368,246
1878,50,32,6.240769438182287,266
1879,32,50,-9.491526824977461,457
1880,39,43,-2.790818615603468,292
1881,37,45,-2.6593302876868328,387
1882,35,47,-5.346110205893589,225
1883,45,37,1.54520257865887,238
1884,26,56,-10.324273033325593,341
1885,56,26,7.081191618373549,301
1886,40,42,-2.6807975434930125,210
1887,38,44,0.251072879357466,263
1888,49,33,8.44944754807634,252
1889,24,58,-5.140948623253066,240
1890,44,38,0.5835639761276189,247
1891,44,38,4.1473269004484,310
1892,56,26,4.765185502520706,307
1893,48,34,0.598063736469614,286
1894,35,47,-1.320398347225962,347
1895,40,42,-2.837479050341614,380
1896,49,33,6.4955400514046975,259
1897,46,36,2.7759061112542067,217
1898,46,36,1.7523826064852157,294
1899,37,45,-6.994017557445597,333
1900,26,56,-7.627416751055156,362
1901,36,46,-3.2695046733756934,263
1902,33,49,-3.306214329592895,239
1903,33,49,-2.35921704758926,311
1904,53,29,3.7523802563849133,307
1905,54,28,5.1240575084980655,245
1906,31,51,-5.405893638775185,270
1907,42,40,-0.7812507916072209,239
1908,21,61,-10.629565084750283,289
1909,34,48,3.4776255855865497,175
1910,49,33,2.8011545183807876,204
1911,24,58,-16.46432710385257,383
1912,42,40,5.329953548335117,220
1913,39,43,-5.60528528192365,323
1914,39,43,3.964230084071211,290
1915,24,58,-7.5301214398627545,298
1916,38,44,3.4410781023866557,256
1917,43,39,4.668769484268067,230
1918,44,38,-0.16116665863830495,284
1919,25,57,-7.823383103935756,304
1920,35,47,0.854720016636783,233
1921,35,47,-3.9678514268539677,242
1922,47,35,0.7205417093744384,281
1923,30,52,-7.449040795443276,305
1924,37,45,-5.018183974748746,350
1925,37,45,-2.184636867839057,223
1926,40,42,-3.7359286128738893,261
1927,35,47,-5.882640623427544,306
1928,50,32,4.800470958953594,385
1929,51,31,4.22530519476082,191
1930,36,46,1.5280225658540387,279
1931,30,52,-8.37022979360756,255
1932,38,44,1.0413165499383674,236
1933,48,34,2.841690275101342,228
1934,30,52,-2.9701136086804,327
1935,44,38,5.365903891745913,277
1936,42,40,-4.502696081288205,260
1937,38,44,-3.3462243369078073,306
1938,48,34,3.9932923421043838,286
1939,40,42,1.2578216719227644,235
1940,37,45,-3.833828305862449,379
1941,35,47,2.2018784956268442,266
1942,50,32,3.931410631481633,301
1943,38,44,-6.412185182729942,362
1944,32,50,-2.9327649077752986,259
1945,39,43,-0.5753209406609895,320
1946,41,41,-4.390073321468971,282
1947,28,54,-8.573509275014949,199
1948,35,47,-6.3097534548252785,272
1949,50,32,6.565217194677781,228
1950,33,49,-2.3674207118633372,394
1951,31,51,-7.899623957166899,293
1952,29,53,-7.07555826403561,319
1953,41,41,-1.2705510083301337,266
1954,40,42,0.5811716780426841,252
1955,32,50,-6.680370193672349,433
1956,39,43,-4.301458090698986,275
1957,45,37,-0.27939020769877937,253
1958,56,26,6.659593944365856,248
1959,37,45,-2.777558403230869,288
1960,29,53,-5.836881574819394,361
1961,53,29,2.9590330700691134,199
1962,39,43,5.27227899581069,252
1963,34,48,-0.21471193610946093,246
1964,37,45,2.0726691194864415,319
1965,27,55,-6.016422114931315,292
1966,49,33,8.462099421670208,271
1967,43,39,-2.2815730152796947,253
1968,47,35,3.509412104650375,355
1969,43,39,4.950458176640368,215
1970,50,32,5.2064452528957315,231
1971,47,35,0.1642362216249181,294
1972,35,47,-3.575445011136493,332
1973,35,47,-3.7281702534170473,370
1974,42,40,1.170939447602715,274
1975,35,47,-1.3248536985514827,341
1976,44,38,1.7287819528616037,283
1977,38,44,-4.532634031077973,328
1978,31,51,-2.313119195518917,339
1979,30,52,-9.290019413410382,265
1980,36,46,-8.482183732035066,334
1981,42,40,1.6680725385967625,356
1982,56,26,9.498444357357513,238
1983,39,43,-0.38831405187191675,312
1984,26,56,-3.9942107180981923,252
1985,35,47,-4.161087280651345,156
1986,40,42,1.2260561358651338,231
1987,43,39,1.1437518192274019,229
1988,35,47,-3.5721408395916407,250
1989,34,48,-2.4204748116467294,355
1990,28,54,-6.280944576000408,255
1991,37,45,-0.013936627110490925,215
1992,42,40,4.010767889346463,253
1993,33,49,-2.701348315240738,303
1994,44,38,0.9396369113968335,357
1995,54,28,3.9832612658804467,280
1996,40,42,-2.337533345968195,243
1997,54,28,7.566369831240397,284
1998,36,46,-1.3010471712344316,231
1999,40,42,2.7103699456522943,241
2000,29,53,-7.177339816941039,274
2001,46,36,4.713138155219176,286
2002,55,27,6.830611718844313,125
2003,43,39,-4.889725994835544,327
2004,47,35,1.2308442733329137,373
2005,38,44,0.4841782868479795,295
2006,32,50,-5.716810532917632,312
2007,44,38,0.5687561628049205,225
2008,45,37,2.091770369930687,372
2009,41,41,0.32810070021001764,306
2010,34,48,-7.43793027702954,316
2011,47,35,0.895926319567113,220
2012,23,59,-9.839827219435799,316
2013,56,26,10.069725231108507,200
2014,53,29,3.9207452236220295,267
2015,41,41,-1.512491049089634,312
2016,19,63,-6.5546127571849215,284
2017,30,52,-5.507214507069012,310
2018,41,41,0.8156878671236708,276
2019,30,52,-6.175714877417738,268
2020,36,46,1.3360095030182475,293
2021,39,43,1.2965483846420571,297
2022,31,51,-2.0759572717339734,215
2023,29,53,-4.840153869729129,470
2024,33,49,-6.047566213599813,297
2025,56,26,9.964425980975731,189
2026,51,31,5.307580739922879,207
2027,53,29,6.835553426917319,189
2028,43,39,-5.139338809482754,295
2029,54,28,5.829562188359072,315
2030,40,42,-4.747228623678598,278
2031,48,34,4.430457209078505,246
2032,35,47,-1.801612462758964,253
2033,51,31,4.50798531711609,231
2034,27,55,-5.80703197920118,305
2035,32,50,-1.7244738203593548,217
2036,30,52,-8.680414682438219,382
2037,44,38,2.4268965894121277,228
2038,33,49,-7.246158241520635,234
2039,54,28,7.7856261433167315,157
2040,37,45,-0.7466487606985017,301
2041,43,39,-0.3960971622916519,239
2042,55,27,2.6198358552348298,215
2043,57,25,6.6037095534304795,223
2044,38,44,-0.9995373855790669,244
2045,45,37,0.7138917604822552,239
2046,39,43,2.553831442655254,306
2047,44,38,2.67732958502041,208
2048,45,37,-3.0974200488139774,277
2049,43,39,1.011914626476001,230
2050,24,58,-6.169596139852935,281
2051,45,37,4.3023647337323165,313
2052,45,37,1.870695448614275,269
2053,36,46,-1.9412327480491043,385
2054,32,50,-6.443048471250615,261
2055,50,32,3.3270698573340134,326
2056,34,48,-2.816947874406914,402
2057,27,55,-8.956870468363531,263
2058,29,53,-10.259001511266892,265
2059,36,46,-3.6042778528270714,387
2060,43,39,1.0358931104984783,218
2061,26,56,-11.132034031363041,279
2062,47,35,3.4720502515275524,295
2063,39,43,1.904192647043354,265
2064,49,33,5.750381404483355,248
2065,55,27,7.825148353615963,249
2066,55,27,7.004333478635015,276
2067,28,54,-5.870091294810791,339
2068,27,55,-7.263017964279933,226
2069,32,50,-3.829515686960188,248
2070,40,42,-5.668481785931305,191
2071,41,41,-3.9566806107691574,400
2072,32,50,0.18953011383440538,154
2073,54,28,5.7208243889076735,241
2074,38,44,0.7031559321417076,257
2075,35,47,3.197529460034737,196
2076,45,37,0.0370571990925193,258
2077,43,39,3.498326877322432,198
2078,39,43,-3.6298426040396534,251
2079,39,43,-0.46876644891327673,247
2080,46,36,1.8314688754124175,132
2081,28,54,-10.085233565011483,359
2082,39,43,-1.5984608840950791,229
2083,33,49,-6.546773150791276,329
2084,34,48,-5.906888433772424,340
2085,45,37,2.7657782036213425,235
2086,34,48,-6.891469585146361,281
2087,34,48,-7.118181898606194,251
2088,28,54,-8.337259310612726,390
2089,42,40,-1.7029607608256847,281
2090,44,38,5.91250946583011,232
2091,64,18,7.501428325533274,199
2092,27,55,-6.429360761341444,338
2093,57,25,7.536616970925056,241
2094,37,45,-2.7898919700671816,224
2095,38,44,-4.782312474691102,253
2096,39,43,-3.14956737362543,327
2097,44,38,1.6580948255413532,201
2098,42,40,3.950900533151937,297
2099,60,22,10.388961238882237,163
2100,44,38,-2.544312026519159,236
2101,41,41,-3.1090677431730525,307
2102,49,33,8.488363743494475,276
2103,48,34,1.1278289918084539,337
2104,50,32,-0.10866911947179778,302
2105,32,50,-1.4902985084998523,354
2106,29,53,-5.604149769732432,263
2107,33,49,-3.3545447540836215,272
2108,35,47,1.4884586300829723,195
2109,31,51,-3.977934969296688,384
2110,41,41,-0.4547150553172218,283
2111,24,58,-14.702764085448022,305
2112,45,37,3.27141082815177,226
2113,35,47,-3.0693052912097327,174
2114,37,45,0.008543486256645215,296
2115,41,41,-0.7166130901896105,258
2116,52,30,9.704530766097255,299
2117,18,64,-10.184783915846399,284
2118,37,45,-4.34996236833661,222
2119,29,53,-4.265190498123983,334
2120,44,38,-0.8348255530523089,389
2121,46,36,2.241546948819723,177
2122,49,33,4.252190289214145,196
2123,21,61,-10.449840817527727,412
2124,49,33,2.1814656694070615,234
2125,33,49,-3.430394759784123,279
2126,57,25,6.231918118442184,253
2127,48,34,7.6346148245774055,237
2128,52,30,7.155257868724196,293
2129,38,44,-5.325969147447151,277
2130,44,38,7.15210056600648,178
2131,42,40,-0.6893742128073757,161
2132,40,42,3.5802522367270857,270
2133,37,45,-1.166435724324041,199
2134,34,48,-3.337848244567541,312
2135,47,35,3.1892609910892147,230
2136,45,37,-0.24736956642963137,360
2137,31,51,-3.2092523964442035,216
2138,44,38,5.732336222153437,170
2139,50,32,0.4126228353592701,264
2140,56,26,4.409134385436987,263
2141,26,56,-7.115330335168356,336
2142,37,45,-4.5843210145844555,232
2143,38,44,-5.624176029728719,148
2144,43,39,-1.4842364774454482,223
2145,45,37,3.0532430611117283,204
2146,33,49,-4.613801285609692,210
2147,38,44,0.620235869377346,194
2148,35,47,-2.6411970962013007,248
2149,44,38,4.5963833081653895,187
2150,38,44,-0.6853888995189614,204
2151,42,40,-3.321793955773574,273
2152,45,37,4.649286628192135,349
2153,47,35,4.383905919799925,284
2154,51,31,5.170270377862451,214
2155,15,67,-14.023100755124762,402
2156,21,61,-14.082231566187264,368
2157,36,46,-2.7296243943640697,232
2158,43,39,-0.31596204308303094,191
2159,37,45,-0.22150956897169433,286
2160,21,61,-8.44488335112274,293
2161,26,56,-8.95283884464235,242
2162,62,20,9.66577431625287,241
2163,36,46,-2.8908643323292535,324
2164,40,42,4.49299584713009,291
2165,47,35,5.089981195639852,295
2166,47,35,-0.024305155933101726,212
2167,39,43,0.23156687850539787,353
2168,45,37,5.984210259803009,171
2169,34,48,-7.669790239057304,220
2170,46,36,3.8015757901677185,257
2171,36,46,1.0842506104103928,183
2172,23,59,-10.440073832497491,164
2173,39,43,0.8035841725383246,264
2174,48,34,7.589759270706324,217
2175,38,44,-5.965964136241212,231
2176,31,51,-7.929440948463315,286
2177,36,46,-3.7613312745618295,235
2178,46,36,6.417573490789366,301
2179,36,46,0.8730401717568925,166
2180,35,47,-4.772002067275516,246
2181,38,44,0.5110060103639062,279
2182,30,52,-5.654767707837191,267
2183,55,27,6.658660701997766,290
2184,29,53,-7.136040272585563,391
2185,27,55,-11.80979538195113,505
2186,50,32,2.9121238518092354,220
2187,49,33,7.396023578589081,213
2188,34,48,-5.84868315478126,270
2189,37,45,2.160565401384183,237
2190,30,52,-5.4934972653747725,326
2191,34,48,-4.703358770367819,294
2192,44,38,1.7284026415795546,234
2193,26,56,-2.8734745282983023,287
2194,43,39,-1.451125891280817,393
2195,28,54,-9.04399492970521,232
2196,37,45,-2.115789807107389,283
2197,39,43,0.7822498271590033,251
2198,33,49,-4.920183873092306,190
2199,42,40,-1.6152668097986074,328
2200,37,45,-2.191403505737206,278
2201,38,44,-1.8127108947719788,292
2202,51,31,2.7746583402035823,159
2203,56,26,5.746033257919109,227
2204,53,29,5.881666282487664,262
2205,25,57,-5.891642251156329,399
2206,32,50,-4.089081172506933,239
2207,45,37,3.416214551336677,303
2208,32,50,-4.472975500760644,367
2209,31,51,-6.701249228917342,204
2210,51,31,4.657385130440277,281
2211,50,32,6.635633655872519,230
2212,49,33,-1.644221396933508,226
2213,46,36,7.171697669379986,271
2214,42,40,3.7672560712160927,250
2215,28,54,-10.69883375161697,316
2216,32,50,-5.059342705787061,336
2217,29,53,-10.986006861957932,354
2218,47,35,2.079793434755886,185
2219,31,51,-5.092396928992482,268
2220,31,51,-2.583628069930722,248
2221,45,37,1.469283668518928,192
2222,45,37,0.19426199672045213,369
2223,44,38,1.2039624567160254,287
2224,35,47,-3.156283806329397,243
2225,24,58,-13.3922076315523,371
2226,25,57,-12.627676680778288,296
2227,33,49,-4.242045061391276,259
2228,51,31,0.08361007547930624,203
2229,21,61,-9.489614454117799,378
2230,37,45,-6.627919972997456,323
2231,41,41,4.112787822802013,177
2232,51,31,3.6700435509876224,221
2233,51,31,4.02597808255742,288
2234,46,36,0.5472249753632519,289
2235,43,39,-0.7681762489707057,250
2236,31,51,-4.9173209140250975,307
2237,20,62,-8.933039212299398,387
2238,47,35,3.1942065264611115,398
2239,45,37,-0.5984960231925245,271
2240,43,39,1.215686525124878,319
2241,47,35,5.041221922562847,238
2242,37,45,-2.7303488122513953,308
2243,41,41,0.7913561461645133,241
2244,39,43,-2.1463815196348643,198
2245,40,42,-1.304097543205743,287
2246,54,28,0.24115636084240574,364
2247,43,39,0.4854994990886514,380
2248,49,33,2.1871147069377983,254
2249,35,47,-5.475807737675201,333
2250,38,44,-4.532961064784727,259
2251,50,32,4.723462716296039,318
2252,59,23,9.98835241441844,203
2253,40,42,2.0554280774207387,300
2254,49,33,0.2889907645409592,183
2255,30,52,-3.3389498469604897,278
2256,35,47,-0.8868177218782087,289
2257,31,51,-4.931347638259332,326
2258,40,42,1.3877801248059547,209
2259,50,32,8.465700972371339,274
2260,49,33,5.999580196749146,233
2261,43,39,0.7070679537533997,237
2262,37,45,-4.043149466843149,376
2263,43,39,3.55849089375662,291
2264,46,36,1.8213559500372003,288
2265,48,34,5.53412675884249,228
2266,50,32,-0.5567746330788419,295
2267,55,27,7.470308688451356,203
2268,35,47,-2.5303457256243997,229
2269,28,54,-6.565186438556306,327
2270,37,45,-2.9704913376190034,234
2271,39,43,-1.5269131458258978,187
2272,31,51,-5.227727421279645,381
2273,37,45,-3.142334198895358,203
2274,33,49,-2.9512640393259613,303
2275,26,56,-6.851853215134859,266
2276,46,36,3.4224390018717252,212
2277,16,66,-20.679985566999477,225
2278,30,52,-8.121807629112194,271
2279,28,54,-3.439224290548577,310
2280,36,46,-3.044934584583583,222
2281,31,51,-2.8473815933756743,219
2282,49,33,1.526426343686113,316
2283,40,42,-3.547646544963836,266
2284,33,49,-4.916353438391797,225
2285,24,58,-8.142660101358057,297
2286,38,44,-0.9423398582009637,269
2287,53,29,2.774136561467929,300
2288,43,39,3.44362596758904,289
2289,52,30,5.070860789797572,229
2290,43,39,-2.4167407794211093,217
2291,30,52,-5.82752344655098,331
2292,49,33,4.51465614571189,278
2293,46,36,1.4233614946403765,293
2294,55,27,4.552532900456683,322
2295,39,43,-1.5459402175966197,206
2296,22,60,-13.769925250416588,323
2297,29,53,-9.498377322753425,298
2298,39,43,-2.4826654501539727,292
2299,31,51,-3.465854576263187,125
2300,46,36,4.592138235470171,296
2301,51,31,5.186754720525213,308
2302,33,49,-4.858244297380815,251
2303,51,31,6.230493895370103,310
2304,36,46,-5.408018685788506,208
2305,48,34,4.896736777990214,161
2306,50,32,0.09654167439536186,268
2307,24,58,-9.79543819080768,287
2308,55,27,7.901460361279053,248
2309,45,37,5.021901375345378,293
2310,41,41,0.8875263127046712,304
2311,44,38,-1.958161902390721,360
2312,44,38,1.4727383631744546,163
2313,36,46,-3.280475191519581,285
2314,61,21,8.008511705741714,220
2315,39,43,-3.831374099688092,339
2316,29,53,-5.33373732078816,260
2317,28,54,-6.199043373378356,285
2318,40,42,0.9214971111497412,206
2319,29,53,-6.598379557048146,225
2320,50,32,4.925957291883222,230
2321,34,48,0.859802398822549,241
2322,45,37,3.950424751455836,259
2323,44,38,3.247074014070913,121
2324,23,59,-7.842223728459509,338
2325,49,33,4.81491330012933,200
2326,29,53,-5.747554844440355,288
2327,43,39,-1.4294688215266884,272
2328,28,54,-6.140040604173372,238
2329,28,54,-11.001785858560364,462
2330,38,44,-2.6934955293654776,154
2331,31,51,-6.869300786624248,233
2332,34,48,-2.4065184523467207,204
2333,38,44,-2.916698368783207,260
2334,41,41,-4.023545104901164,371
2335,46,36,4.941345516407582,121
2336,31,51,-4.669172372317123,306
2337,49,33,3.2541929461792845,208
2338,51,31,2.051232316235859,223
2339,39,43,-6.6284905739307,305
2340,30,52,-2.1966830080384803,344
2341,35,47,-0.12642057739455195,224
2342,34,48,-5.008548789978548,294
2343,49,33,3.43307545995366,251
2344,34,48,-5.4512320271422645,278
2345,48,34,5.3198903806858135,227
2346,59,23,11.36109085429123,252
2347,25,57,-9.101483274969189,391
2348,28,54,-7.464169225035674,319
2349,24,58,-6.6075747080613,265
2350,41,41,-0.7250849717897204,319
2351,38,44,-0.946959290946021,244
2352,43,39,0.4206098441222741,293
2353,55,27,7.297884118045708,223
2354,44,38,0.09179245946378904,387
2355,32,50,-1.1709127564661763,298
2356,43,39,2.953049181385289,255
2357,25,57,-7.729410980202757,270
2358,50,32,4.754443477086408,312
2359,23,59,-10.300059739536316,285
2360,20,62,-14.661049706948821,376
2361,42,40,4.57355811950434,231
2362,33,49,-7.014169932019502,290
2363,37,45,-4.201152443660181,249
2364,34,48,-2.37784437329262,385
2365,53,29,1.8489508548978353,257
2366,45,37,5.071561826264077,213
2367,43,39,5.595284631043741,180
2368,45,37,-2.0891074872833633,171
2369,33,49,-7.502820374294085,362
2370,32,50,0.3128030329484439,218
2371,54,28,6.460489220477487,251
2372,42,40,-1.9266625191632658,343
2373,32,50,-1.0424767130632293,159
2374,31,51,-6.245239019250892,295
2375,53,29,6.146755771612959,183
2376,28,54,-5.309158597834364,220
2377,46,36,0.7534577996363496,225
2378,56,26,2.990339440319999,231
2379,27,55,-3.641081193375403,296
2380,48,34,4.312425027997205,263
2381,24,58,-12.989226878545413,321
2382,39,43,-2.8918131481918414,236
2383,43,39,2.683777710992866,263
2384,52,30,7.620725652536056,274
2385,40,42,0.09754310853990156,317
2386,20,62,-9.417332204069941,305
2387,52,30,1.7420674652180308,258
2388,36,46,-6.393678663789185,429
2389,45,37,5.240072178455848,276
2390,46,36,0.5613044683748607,285
2391,39,43,-4.215046142857648,206
2392,29,53,-7.395718113896287,177
2393,35,47,-3.4055735210702505,333
2394,45,37,6.018111682674816,282
2395,33,49,-4.354828879370121,286
2396,48,34,3.803224118669527,288
2397,24,58,-11.07785660355552,352
2398,40,42,-2.4496991327708666,296
2399,41,41,-0.4333439913680862,321
2400,46,36,6.031549520383673,232
2401,22,60,-2.978948792445758,290
2402,28,54,-5.380317871625628,175
2403,34,48,-3.5368116473578466,316
2404,27,55,-6.9015676553345715,245
2405,54,28,3.6523313951581975,255
2406,28,54,-9.473078949383822,318
2407,17,65,-13.531463677316989,344
2408,45,37,4.894239084929541,213
2409,44,38,-0.24244148331057103,225
2410,17,65,-10.402583149604094,424
2411,29,53,-6.174424956873769,292
2412,46,36,2.021378401784657,245
2413,49,33,6.902978342597679,271
2414,34,48,-4.743744997151772,276
2415,37,45,3.1511787611254434,252
2416,46,36,5.429547467291887,186
2417,41,41,-1.5986091398452096,220
2418,20,62,-9.223712192906548,307
2419,29,53,-11.939678887637113,305
2420,25,57,-7.419532669360639,353
2421,26,56,-6.491510902030091,309
2422,51,31,7.351002599636392,202
2423,26,56,-9.52215502481909,374
2424,43,39,4.031704165664099,262
2425,34,48,-4.631892188062537,137
2426,47,35,0.573656048017374,250
2427,53,29,3.9132620633199426,281
2428,50,32,4.5865970562429546,245
2429,34,48,-5.828484945208385,452
2430,32,50,-7.660856122963537,271
2431,42,40,-0.24606018354977366,214
2432,42,40,-2.720599729445267,303
2433,29,53,-7.475063742561528,292
2434,32,50,-7.79553940418181,303
2435,35,47,-3.9666865999376038,326
2436,39,43,1.9047048228925363,215
2437,46,36,-2.4337458332533015,201
2438,48,34,2.6878862409740054,315
2439,29,53,-5.028042824709645,347
2440,38,44,-0.9431663796576343,314
2441,52,30,5.1201979142665754,272
2442,55,27,6.740353782307323,214
2443,41,41,-2.6885392483744464,314
2444,47,35,5.762196909453529,178
2445,23,59,-7.614057952815132,279
2446,44,38,-1.3519736273550111,284
2447,42,40,1.5795886774736096,324
2448,55,27,8.514163671337155,262
2449,35,47,-0.07961374004475821,260
2450,35,47,0.4967819066780819,291
2451,37,45,-9.366325396123317,286
2452,44,38,3.4011823189403865,305
2453,27,55,-6.429127219526268,314
2454,43,39,-2.3706807707276143,229
2455,35,47,-6.37374425793986,237
2456,35,47,-4.05683827245113,332
2457,52,30,9.088595802188127,330
2458,38,44,-1.4989341770478752,417
2459,43,39,1.7436483918894652,228
2460,45,37,0.8172115855257803,323
2461,33,49,-5.7276746920851185,334
2462,23,59,-12.426367930530908,357
2463,45,37,-0.5429538650161173,369
2464,35,47,-2.653818268828622,377
2465,40,42,-2.3055727172579084,195
2466,40,42,-4.3790641601122395,285
2467,27,55,-4.654884184456886,236
2468,35,47,-7.484583911701691,332
2469,39,43,0.12867105455818484,255
2470,42,40,-1.556206239495605,265
2471,47,35,1.0973487352589208,322
2472,34,48,-6.186299984215843,257
2473,38,44,1.3472958909716621,169
2474,27,55,-8.261652074043695,345
2475,34,48,-4.981932967296244,318
2476,56,26,3.4074665866746456,297
2477,39,43,-3.7447171222721516,300
2478,45,37,1.080257556893182,265
2479,44,38,2.7528391188747583,285
2480,49,33,3.5791027737032453,345
2481,31,51,-4.926057087416555,354
2482,44,38,1.1269299397017158,299
2483,57,25,3.0081922317288856,281
2484,32,50,-2.4880419775990763,275
2485,31,51,-10.202163968031222,264
2486,51,31,2.580711872933057,288
2487,27,55,-6.659024806293974,412
2488,24,58,-12.394236526759379,397
2489,43,39,-2.979428424859343,225
2490,48,34,3.273320875862816,157
2491,37,45,-3.4268314108862583,263
2492,42,40,-0.24223259262140084,317
2493,25,57,-10.680517043564194,237
2494,40,42,0.7440057621944108,238
2495,44,38,-1.2534653281749584,304
2496,39,43,-1.1198649729165018,306
2497,32,50,-4.598590888115327,364
2498,54,28,3.146096396215688,175
2499,51,31,6.2003905800679275,327
2500,44,38,-2.368628795931273,290
2501,47,35,3.410364153260331,296
2502,36,46,-7.288172146222683,255
2503,45,37,-2.8336473214459463,362
2504,33,49,-3.873721277526555,225
2505,34,48,-8.22280935471985,323
2506,32,50,-3.7627918704412613,308
2507,52,30,4.664207440211151,258
2508,42,40,3.10183578891334,299
2509,34,48,-2.4824511583951527,214
2510,45,37,3.4383985087788993,201
2511,42,40,3.049717937465299,277
2512,44,38,3.2659870084673255,232
2513,30,52,-8.742914676490278,303
2514,41,41,-0.27397940358461853,373
2515,28,54,-6.748742447750594,288
2516,35,47,-2.6066159954890593,321
2517,32,50,-4.3894603815166215,342
2518,41,41,1.920744558696841,284
2519,55,27,5.289948299222828,320
2520,31,51,-5.601388572278405,331
2521,37,45,-2.1201857841083758,272
2522,46,36,0.5723479962739817,257
2523,32,50,-3.8580775546074544,290
2524,36,46,-4.075955680993037,349
2525,44,38,-0.5530877135201727,211
2526,23,59,-10.290347072221827,394
2527,24,58,-6.4228395940314105,278
2528,32,50,-5.258176611378772,235
2529,39,43,-2.969559122739651,217
2530,35,47,-0.4912991945824363,236
2531,29,53,-6.8252203280130646,211
2532,30,52,-8.36342854630444,251
2533,34,48,-4.145967515098057,252
2534,43,39,0.7481620272335687,179
2535,53,29,4.369839564380346,214
2536,55,27,6.879985257322746,253
2537,43,39,1.5991489489106374,224
2538,24,58,-7.764929919703157,264
2539,46,36,2.7532986266661865,257
2540,34,48,-1.3735124656407285,261
2541,50,32,1.9648897314034233,194
2542,31,51,-2.98904754290004,279
2543,38,44,0.14518316026526443,173
2544,42,40,2.635085649506307,352
2545,31,51,-5.687611025241841,269
2546,43,39,3.625785647812055,307
2547,32,50,-3.453797515125982,328
2548,36,46,-3.434896475794831,144
2549,39,43,-0.5327101871667572,292
2550,37,45,0.15252314551484872,315
2551,33,49,-7.201292588641551,239
2552,36,46,-0.7621269150997104,265
2553,40,42,0.31697469620714447,169
2554,56,26,5.951760878086672,233
2555,42,40,1.0339450789120144,383
2556,27,55,-6.426053572285226,265
2557,38,44,0.28006002062553126,163
2558,57,25,8.244071114091131,225
2559,57,25,7.523510764124644,277
2560,36,46,0.4567088924291349,246
2561,39,43,-2.5218068842124395,321
2562,40,42,-1.499145739827342,262
2563,31,51,-4.9824893614111,274
2564,44,38,3.571574496941206,183
2565,49,33,5.35336126340401,162
2566,47,35,1.7229685122654932,176
2567,35,47,-8.661731417724312,254
2568,42,40,-0.4294691340947971,247
2569,17,65,-11.342706332790858,295
2570,25,57,-8.418883896946136,306
2571,53,29,4.076435556681972,259
2572,41,41,-5.026075765023602,288
2573,33,49,-5.082922198558911,259
2574,38,44,-2.2808826475051194,302
2575,39,43,1.698337174406667,254
2576,46,36,0.9421114011143327,257
2577,44,38,5.810377546183741,272
2578,41,41,2.2234874018289124,202
2579,36,46,-0.6576580290026369,292
2580,50,32,0.45858891472377805,223
2581,58,24,4.344689348696374,251
2582,53,29,3.6275464270860103,264
2583,21,61,-13.160823265368451,227
2584,38,44,-1.3414839350084486,323
2585,24,58,-7.8535298877054505,180
2586,30,52,-9.388245337965957,257
2587,40,42,0.8204462175316172,228
2588,55,27,8.840963844683182,229
2589,45,37,1.7217475952725503,279
2590,27,55,-7.2872221522090745,242
2591,39,43,2.2100534037577684,267
2592,24,58,-8.614038239152833,380
2593,29,53,-0.8207947082330155,292
2594,42,40,-1.018047506238713,263
2595,33,49,1.2266039274523188,345
2596,25,57,-7.514635040548106,279
2597,41,41,-2.4533607661434416,342
2598,31,51,-3.318162970787649,331
2599,35,47,-7.905608813603176,353
2600,55,27,5.691020516535314,248
2601,50,32,0.5273234924989697,267
2602,29,53,-4.949232002726303,261
2603,41,41,0.9427955635373203,265
2604,34,48,-1.6496849481165867,187
2605,40,42,1.071730099694479,306
2606,35,47,-2.1348164212699676,267
2607,44,38,-0.6223524683948217,342
2608,49,33,7.568313566238623,200
2609,62,20,8.886544444079766,235
2610,46,36,-0.3460830554583554,214
2611,27,55,-10.678717899528696,250
2612,52,30,3.3758571259368604,208
2613,32,50,-7.089819030550399,223
2614,51,31,5.177577479774018,157
2615,51,31,8.839439699463552,325
2616,38,44,-3.1209112225064537,248
2617,57,25,11.176886367870821,218
2618,38,44,-0.1448585867841856,261
2619,52,30,5.94061976777386,268
2620,39,43,0.8478629366501874,247
2621,44,38,-1.9400132455357486,289
2622,39,43,-1.3164695157175688,279
2623,22,60,-9.789246112673505,173
2624,46,36,2.8197290766335086,305
2625,26,56,-7.834019559229783,304
2626,50,32,3.9082099395481418,319
2627,31,51,-5.067976413846624,203
2628,26,56,-6.438767492913593,295
2629,53,29,9.371412101528486,258
2630,28,54,-5.029232585193466,377
2631,37,45,-5.871645072934008,240
2632,40,42,1.128641861155221,187
2633,39,43,0.013792976612895604,265
2634,52,30,5.253436956397029,190
2635,47,35,3.110077468187427,288
2636,48,34,3.347728826894014,258
2637,47,35,2.203239589483204,236
2638,42,40,0.17065035182626287,142
2639,40,42,-4.200258859082331,247
2640,33,49,-5.260254372528619,282
2641,38,44,-5.33384144552381,374
2642,43,39,0.909357308845041,209
2643,27,55,-6.893458614962601,215
2644,37,45,2.206855763704031,181
2645,40,42,5.162885476451202,319
2646,36,46,-2.081155240942995,269
2647,50,32,4.492256563470718,276
2648,36,46,-3.7200440844649685,254
2649,17,65,-16.171727540398724,454
2650,29,53,-9.0941313001755,266
2651,39,43,-0.7898228426542508,259
2652,51,31,-1.3048080583750508,258
2653,32,50,-7.491640712527892,185
2654,42,40,-0.7722565068371178,285
2655,40,42,1.2727567036382879,261
2656,51,31,8.748437492530446,218
2657,60,22,9.695089892409086,276
2658,46,36,0.23679888121034517,288
2659,41,41,-3.2967202412209593,149
2660,26,56,-6.364851335874596,290
2661,43,39,2.0116406413995143,327
2662,49,33,-1.100102696623856,266
2663,61,21,15.839813272448707,138
2664,40,42,0.0905835288670443,283
2665,19,63,-13.8074158655519,273
2666,50,32,5.7045786588459135,217
2667,25,57,-8.478406441975721,355
2668,40,42,-4.713272224435636,280
2669,33,49,-9.224921271141337,379
2670,44,38,7.373174167414136,276
2671,34,48,-3.284146571570182,271
2672,41,41,-0.8028452279333579,208
2673,31,51,-4.853289745142551,231
2674,48,34,3.8571809095428513,263
2675,36,46,-4.531594734500148,361
2676,28,54,-5.039097152197974,271
2677,36,46,-2.4048078839717317,303
2678,28,54,-6.446623430155438,320
2679,43,39,0.16677220371390747,329
2680,47,35,3.6120163129220226,248
2681,27,55,-7.139784773880868,283
2682,31,51,-7.783781646093422,335
2683,22,60,-10.895367230851887,406
2684,38,44,-6.642782168749546,213
2685,35,47,-4.609934008792411,290
2686,33,49,-2.5259280840190046,281
2687,45,37,7.102465019348657,306
2688,40,42,-6.078775328122088,284
2689,39,43,-1.8109556274659033,230
2690,40,42,4.456051510881737,241
2691,46,36,-0.9624033046303525,258
2692,51,31,4.369845775525381,234
2693,56,26,6.23344462619963,276
2694,54,28,6.628136751704781,299
2695,50,32,5.796108713502471,287
2696,44,38,6.866271790760019,198
2697,36,46,-5.290927437343878,342
2698,49,33,5.279981291469296,184
2699,55,27,15.169324926403695,234
2700,40,42,3.526996137748666,274
2701,25,57,-12.032683978302762,434
2702,52,30,7.882994620998303,297
2703,14,68,-17.008293849184003,282
2704,46,36,5.123306432230314,275
2705,28,54,-4.848215917348294,222
2706,45,37,4.564941360177054,223
2707,44,38,2.0776389924133145,289
2708,36,46,-4.992161254060009,331
2709,59,23,10.486622431071918,349
2710,53,29,6.225322970863235,240
2711,40,42,0.4732095356385537,360
2712,24,58,-8.927028071461422,278
2713,41,41,-2.4060230214923415,331
2714,35,47,-5.011449753231813,256
2715,37,45,-4.839012929132254,339
2716,39,43,-0.9313560773941223,168
2717,39,43,-2.4777591656321993,357
2718,49,33,3.885731858105524,252
2719,38,44,0.04050290947556124,303
2720,38,44,-3.559295396789302,202
2721,36,46,1.014767558722448,327
2722,39,43,1.1183109344442326,232
2723,41,41,6.551933506502412,233
2724,41,41,-1.8350215803726362,254
2725,42,40,1.6294757611123347,226
2726,49,33,2.971144000607037,205
2727,37,45,-3.17382157098612,238
2728,33,49,-7.630338594022535,342
2729,35,47,-0.6979621117558431,365
2730,53,29,10.311939458372837,200
2731,49,33,3.0289231225470754,194
2732,27,55,-7.736277812825921,372
2733,38,44,-2.57911011921543,289
2734,33,49,-6.652166130783935,246
2735,30,52,-0.13679400539400163,300
2736,33,49,-4.900916356351199,241
2737,45,37,2.5185017247619936,261
2738,50,32,5.665381872402439,193
2739,35,47,-4.733513489148231,358
2740,38,44,-1.2529957508262564,289
2741,51,31,2.642185464371931,257
2742,28,54,-5.881988132730196,358
2743,45,37,-1.7806272756098889,307
2744,23,59,-11.087265588299651,369
2745,40,42,-0.7636056653486,226
2746,44,38,3.8245623760272722,298
2747,21,61,-12.611991179764393,278
2748,50,32,1.892890878825045,331
2749,41,41,2.639035055489506,279
2750,44,38,0.9741864663963135,254
2751,44,38,1.5276478849975421,232
2752,41,41,-2.903905082220252,300
2753,25,57,-7.072267817521372,212
2754,30,52,-6.477099653726395,299
2755,17,65,-10.297539040184713,315
2756,35,47,-2.2178356209688173,346
2757,50,32,1.2004181985179607,301
2758,48,34,2.6708850815395047,192
2759,41,41,2.29609062979205,269
2760,39,43,-2.3307356329540214,347
2761,25,57,-7.127910407814863,274
2762,30,52,-4.581857529065466,292
2763,39,43,-1.1148011018159827,290
2764,35,47,-6.3781151411044466,228
2765,35,47,-8.263117693797803,317
2766,45,37,3.0418248263348904,327
2767,42,40,4.670800483480034,291
2768,32,50,-8.410430570574698,295
2769,54,28,7.207657410689782,278
2770,50,32,7.1991355543298035,265
2771,34,48,-5.059075711960223,320
2772,38,44,-0.38015847894335875,287
2773,39,43,-4.1349128315835895,250
2774,28,54,-9.706178985644621,295
2775,40,42,0.7087439391810859,283
2776,44,38,-0.7915074456262798,197
2777,29,53,-5.588662636705313,207
2778,36,46,-6.011484945446772,312
2779,44,38,0.34403838203446163,226
2780,27,55,-7.452159455221642,300
2781,42,40,-1.6572644176298463,308
2782,30,52,-8.779929546327983,417
2783,45,37,-2.8209103860489533,370
2784,33,49,-2.6750706766479992,268
2785,34,48,-2.140572692287849,196
2786,37,45,2.6352038934223856,220
2787,45,37,4.225312752590989,268
2788,45,37,1.8070809091953188,274
2789,34,48,-3.43719950606384,397
2790,47,35,4.3547912347133115,275
2791,25,57,-7.97071109735787,281
2792,42,40,-2.9142749431636337,318
2793,61,21,11.59447665906102,220
2794,47,35,3.435908051647599,225
2795,32,50,-1.0816852641555137,300
2796,43,39,3.4825271489463208,264
2797,28,54,-7.22310022469576,368
2798,44,38,-0.998672708441955,311
2799,63,19,12.090590645176551,167
2800,45,37,-0.2776468625363495,249
2801,43,39,-2.5676308753276635,275
2802,37,45,-0.12265747972430538,307
2803,25,57,-4.209891689018401,279
2804,35,47,-0.10746219193304815,371
2805,43,39,-3.7785024628177815,293
2806,37,45,5.239763476807507,292
2807,34,48,-2.6515117138585746,240
2808,49,33,2.886790499242101,328
2809,43,39,0.18627865652732817,244
2810,18,64,-15.562265286103852,234
2811,39,43,1.9951430126526044,300
2812,30,52,-3.821681475612857,362
2813,47,35,3.8103880704789193,241
2814,35,47,-3.905579131089277,319
2815,34,48,-3.1119514597874702,294
2816,32,50,-4.203414198066414,292
2817,34,48,-6.799526440255758,391
2818,61,21,10.24912197401483,204
2819,43,39,-3.065455121583597,324
2820,44,38,2.1760332564525213,280
2821,28,54,-3.9013083245149622,354
2822,36,46,-6.49301158059969,241
2823,29,53,-6.152265782150191,246
2824,41,41,1.7478925168577777,321
2825,49,33,1.4604347462609164,172
2826,40,42,0.6245811498368045,323
2827,39,43,0.6843323557747847,262
2828,46,36,2.679999824164563,216
2829,29,53,-10.584720082597967,198
2830,46,36,3.919010318702848,309
2831,48,34,-0.12157230872803093,199
2832,27,55,-7.765909541505355,298
2833,52,30,7.863791432519398,357
2834,35,47,-2.006090124296577,329
2835,29,53,-6.13280395681967,205
2836,54,28,6.444275705372251,275
2837,43,39,-0.22836521030203516,344
2838,29,53,-8.190093907195289,265
2839,37,45,-1.2385700907148143,332
2840,33,49,-5.751766694799781,312
2841,47,35,5.752755885160188,266
2842,40,42,-0.4996791489668147,244
2843,48,34,-0.08620763595487979,240
2844,40,42,0.2594593533687846,360
2845,34,48,-3.787327753406838,373
2846,38,44,-1.7720570938549511,297
2847,47,35,-1.8395041526875915,305
2848,42,40,3.1016981422441297,319
2849,52,30,4.057845916976945,232
2850,39,43,-2.188660174689002,269
2851,48,34,4.316216444314897,237
2852,43,39,-1.84434548030774,277
2853,38,44,-1.0828583742247349,336
2854,55,27,3.521257169353011,290
2855,34,48,-6.115121765368798,307
2856,45,37,6.766749971895572,253
2857,36,46,-4.393049193594731,291
2858,44,38,3.098405227752527,229
2859,43,39,3.466147923952896,344
2860,47,35,4.7386524177799325,255
2861,41,41,0.21935962636946385,276
2862,61,21,15.311042780414862,224
2863,39,43,-4.5954393590479885,380
2864,42,40,0.7944198971143334,212
2865,30,52,0.21915626199659746,255
2866,34,48,0.4955479758367319,337
2867,20,62,-9.842339108904516,209
2868,44,38,0.9828170832162066,248
2869,33,49,-3.1629033934329454,344
2870,32,50,-10.890204245253607,305
2871,26,56,-12.028400008656055,317
2872,46,36,4.036616739534516,212
2873,43,39,2.124950586881462,290
2874,23,59,-12.463237115085768,316
2875,38,44,0.15264172136153906,259
2876,49,33,1.515965430351067,203
2877,54,28,7.5689397030931245,215
2878,33,49,-7.6236051272898635,195
2879,41,41,-0.35837896846874945,329
2880,45,37,1.6843118372295318,380
2881,47,35,-2.512216257758551,283
2882,37,45,-0.10476884950968347,255
2883,27,55,-10.360403554291537,333
2884,46,36,5.048207450847042,287
2885,41,41,3.1348989260138347,315
2886,49,33,2.4730721297014537,262
2887,29,53,-7.7314781468231235,453
2888,38,44,-4.372442384931067,256
2889,34,48,-6.37327106410681,368
2890,57,25,6.619814086670683,366
2891,37,45,-6.635263976242589,233
2892,36,46,-3.080358653643986,254
2893,34,48,-1.2111255997118968,214
2894,60,22,11.011360222192,186
2895,49,33,6.402489041836773,318
2896,33,49,0.961263072632602,212
2897,24,58,-9.845234759145384,190
2898,48,34,6.609029187867102,260
2899,46,36,3.8118879190724293,273
2900,28,54,-6.756066000323667,219
2901,47,35,4.6218842019355115,289
2902,34,48,-2.255074717620089,306
2903,31,51,-9.377257545471704,232
2904,55,27,4.986209955907469,232
2905,28,54,-8.73086636001137,295
2906,28,54,-6.204273971202344,308
2907,49,33,9.467065564698288,219
2908,45,37,2.9353878929137727,234
2909,52,30,7.304774623147892,221
2910,35,47,-5.701313368126303,188
2911,37,45,-3.2219320603333377,225
2912,51,31,7.753699869787699,275
2913,45,37,3.6598435134841867,334
2914,39,43,-2.9578459971722366,304
2915,43,39,-0.6964091158589146,137
2916,41,41,3.2261456772107575,271
2917,36,46,-5.268672344675937,248
2918,58,24,7.922748395212492,193
2919,55,27,4.794668091843241,239
2920,38,44,4.6408008100610925,280
2921,23,59,-14.308172850655325,288
2922,30,52,-7.626997224615884,384
2923,30,52,-11.211114204392018,308
2924,45,37,1.8154412094584589,215
2925,38,44,-0.15376601234726311,229
2926,45,37,-0.49056776486649567,288
2927,52,30,6.4330598827008885,304
2928,36,46,-3.6450411867041215,315
2929,50,32,1.6416595922137072,284
2930,32,50,-5.101334567953982,304
2931,48,34,2.315058453865412,334
2932,30,52,-5.713851659524388,295
2933,23,59,-8.250520019719584,293
2934,25,57,-8.46684681230007,334
2935,39,43,0.49230014212820755,217
2936,37,45,-1.1487169560485293,272
2937,49,33,2.876831581716856,235
2938,48,34,3.408828482414388,291
2939,57,25,10.80465737503128,291
2940,45,37,-0.20644666723033353,291
2941,40,42,-1.8630075171065144,237
2942,44,38,0.7352445214481312,250
2943,24,58,-10.46121989735198,273
2944,52,30,7.405678210141075,208
2945,36,46,0.7871870981611051,279
2946,50,32,4.629698410926701,261
2947,41,41,0.6547827395032125,218
2948,22,60,-8.95846983679475,206
2949,25,57,-8.376018192612129,334
2950,41,41,-0.15528831868808887,253
2951,21,61,-9.16610778067712,284
2952,31,51,-3.217632252074757,285
2953,29,53,-5.204006824106586,285
2954,50,32,4.563014429701448,282
2955,43,39,3.114376020265846,198
2956,51,31,4.634592188669883,203
2957,46,36,7.859546237288842,274
2958,27,55,-9.179376513416504,311
2959,38,44,0.9953711376734433,293
2960,47,35,1.339798333239233,251
2961,43,39,-0.22806428793605582,288
2962,42,40,0.18102641890299537,317
2963,40,42,1.3190873744650795,350
2964,36,46,-5.523571507765179,243
2965,48,34,4.804590632247232,224
2966,67,15,11.738728899583696,156
2967,40,42,-3.473206373397015,279
2968,40,42,-0.27391285685930444,246
2969,53,29,8.234835704021714,333
2970,25,57,-8.45190212610257,342
2971,19,63,-12.410707192904493,300
2972,36,46,-5.312768208355813,301
2973,29,53,-6.941813387288194,241
2974,27,55,-6.130987254528841,338
2975,31,51,-9.664078754115524,331
2976,30,52,-5.817537295070787,335
2977,43,39,0.3623917599034705,225
2978,41,41,-0.3476365454369842,222
2979,50,32,2.197409461518924,223
2980,54,28,5.962166017907842,167
2981,57,25,8.404721273698172,285
2982,42,40,4.574336138294183,280
2983,50,32,3.003860402408434,353
2984,50,32,1.5174986227618983,290
2985,54,28,5.372772429161379,268
2986,41,41,0.35886143535769993,273
2987,43,39,2.6700027210860275,268
2988,46,36,1.293588670154607,220
2989,49,33,1.6195328846561703,259
2990,39,43,-3.054202361052323,288
2991,28,54,-5.833618554845674,196
2992,32,50,-3.2634088228099136,195
2993,32,50,-3.5478157978770417,386
2994,48,34,0.5836255288326451,194
2995,41,41,0.9422724071775944,244
2996,39,43,-1.2760092592590107,240
2997,33,49,-5.372069112342586,269
2998,48,34,4.069585001121469,258
2999,43,39,0.15278237490139715,300
3000,39,43,2.9640343240543348,215
3001,60,22,10.072025927706534,210
3002,64,18,12.531002116823807,234
3003,38,44,-2.5942074309586243,255
3004,52,30,7.457553557910506,246
3005,46,36,-1.2848082434308268,291
3006,41,41,-2.8287353576981795,275
3007,32,50,-2.8939161494257593,311
3008,47,35,4.887160843165236,225
3009,52,30,7.55204421406093,330
3010,54,28,5.113978537027812,290
3011,18,64,-10.467515943310293,358
3012,37,45,-5.471376575448098,473
3013,47,35,3.507823764345245,258
3014,40,42,-0.9147431070162692,394
3015,47,35,1.5367644869402897,255
3016,27,55,-6.716917010738465,296
3017,28,54,-9.147848678189813,271
3018,44,38,-0.6437169181353016,303
3019,59,23,9.329147168537398,224
3020,45,37,1.584277429310405,215
3021,41,41,0.2773024401067782,286
3022,41,41,-3.2939721993693443,267
3023,35,47,-2.480417063913811,309
3024,33,49,1.9431425435722813,249
3025,46,36,4.332894086854431,210
3026,35,47,-3.893902568308145,254
3027,21,61,-14.481699201510034,342
3028,26,56,-7.622023908345414,225
3029,40,42,-1.1367904303659462,357
3030,39,43,-3.4749472870948774,307
3031,50,32,0.39321932725674735,197
3032,40,42,-1.2949664835430164,294
3033,23,59,-8.878844613585343,339
3034,31,51,-7.19170638481885,347
3035,55,27,3.2739427497629476,179
3036,30,52,-6.226353982779376,383
3037,41,41,-2.0715702491151187,197
3038,50,32,6.817903834659405,172
3039,24,58,-13.067572544124886,359
3040,35,47,-2.5748650797449297,366
3041,47,35,4.8388896895678375,281
3042,30,52,-3.4381199481423903,284
3043,52,30,6.50712857816877,198
3044,40,42,0.674974105235178,213
3045,60,22,8.524218457500679,290
3046,49,33,3.1923789768427615,232
3047,32,50,-2.2804230241992274,210
3048,31,51,-4.640459836645911,295
3049,27,55,-6.853191982392652,272
3050,44,38,2.426034900266843,242
3051,32,50,-0.9573203556564199,285
3052,34,48,-2.6167113761224474,304
3053,38,44,-2.7329276822864625,306
3054,35,47,-2.9545171935910592,303
3055,38,44,0.42724304638309857,267
3056,29,53,-10.92986591166681,289
3057,36,46,-5.264572238176463,232
3058,25,57,-8.109977350381435,218
3059,23,59,-10.681938312297742,259
3060,46,36,5.539357677249912,273
3061,24,58,-11.096718134873187,290
3062,39,43,-4.5471801918819965,263
3063,36,46,-4.731802812464908,270
3064,33,49,-6.026090678678734,234
3065,34,48,-4.727737714588311,271
3066,13,69,-16.913710844657228,296
3067,40,42,-1.3225835044219305,347
3068,50,32,2.4490751166822875,293
3069,41,41,-4.247295762187179,290
3070,23,59,-13.003579650953615,363
3071,39,43,-0.2182038430754339,314
3072,42,40,2.211147640526595,306
3073,37,45,-0.5100640592906216,242
3074,55,27,8.979127206708386,211
3075,44,38,5.096127446774282,282
3076,32,50,0.4383152528738926,269
3077,33,49,-5.907236990416196,304
3078,39,43,1.1656480763934254,233
3079,61,21,7.140260067559972,240
3080,40,42,-6.201159855050267,185
3081,23,59,-7.305825374151837,266
3082,40,42,1.7245424811216032,284
3083,47,35,1.8492787523691365,273
3084,48,34,1.1622310084508027,283
3085,53,29,5.492294308880428,274
3086,38,44,-4.578934639951545,250
3087,35,47,-8.438013058208169,322
3088,44,38,1.0524023486392582,191
3089,42,40,4.15199825911782,278
3090,28,54,-6.985085474551511,271
3091,47,35,4.574044009485767,220
3092,31,51,-2.043661912857114,222
3093,49,33,4.4577102548440495,263
3094,37,45,-2.3723916123685247,235
3095,52,30,6.3747455965923825,218
3096,40,42,0.7014146128538901,219
3097,41,41,1.074051931436708,257
3098,44,38,1.890917083230627,279
3099,40,42,1.2432929742033734,249
3100,48,34,6.676327574330433,308
3101,51,31,0.18794569798467892,246
3102,48,34,3.7445285899964356,212
3103,35,47,0.04919766126027482,169
3104,35,47,-6.039421558340036,407
3105,32,50,-7.671153951526302,318
3106,41,41,4.351575846938616,206
3107,25,57,-6.804553885701422,221
3108,36,46,-1.8173642570309585,304
3109,35,47,-6.307665817164239,215
3110,41,41,-6.327314712020429,316
3111,35,47,0.22644795513073304,295
3112,68,14,11.67109508307094,264
3113,37,45,-5.18221808776456,321
3114,28,54,-8.594324468314172,269
3115,37,45,-1.45859322743234,248
3116,27,55,-4.998418787490878,285
3117,41,41,-1.611900672255059,220
3118,43,39,-0.377958872264425,387
3119,36,46,-3.8816083508251205,294
3120,29,53,-4.623049792674772,234
3121,36,46,-1.040093320756349,191
3122,40,42,-2.506192138081089,201
3123,43,39,-3.10597274506985,315
3124,39,43,0.38499864661192923,232
3125,31,51,-3.7470615417194284,316
3126,52,30,1.9770165830068467,180
3127,42,40,1.4127220241985994,273
3128,30,52,-4.217194394915766,292
3129,48,34,6.8311960929045785,252
3130,40,42,-1.4961104081428847,265
3131,39,43,0.48408589051986933,217
3132,43,39,9.014338552909425,128
3133,43,39,1.2392576728804883,289
3134,51,31,2.9689629280950767,325
3135,39,43,-6.8773872715531015,282
3136,27,55,-8.73655121083251,309
3137,34,48,-3.698100177360479,290
3138,39,43,-3.7244842526882085,381
3139,30,52,-6.6349875030758,309
3140,38,44,-4.01159691446795,273
3141,51,31,2.861491385866502,345
3142,23,59,-9.531515052572686,259
3143,31,51,-1.3677922882289284,286
3144,62,20,10.481986577967186,273
3145,31,51,-4.141036620222711,348
3146,42,40,2.8897173895746042,241
3147,29,53,-6.803998559470612,268
3148,40,42,0.6670540751800503,390
3149,33,49,-7.897447164707038,340
3150,41,41,-0.021580338815552116,325
3151,32,50,-3.1702832450110683,336
3152,36,46,-8.61824872434527,336
3153,33,49,-4.165453528170334,264
3154,30,52,-9.103923624914028,275
3155,36,46,0.26999951002697137,334
3156,39,43,1.4906239761366984,272
3157,28,54,-8.756513280586871,317
3158,48,34,8.27176040987532,270
3159,43,39,-0.9015822799685448,309
3160,31,51,-5.713850837917652,359
3161,36,46,-1.8410602966210148,352
3162,36,46,1.1778910637714017,197
3163,40,42,-2.806030523316107,261
3164,43,39,0.5207349382053104,288
3165,38,44,-1.273471575808078,266
3166,33,49,0.19722217494089972,186
3167,43,39,0.4660869662947808,234
3168,53,29,5.026558206240687,245
3169,42,40,-1.78998404827124,252
3170,30,52,-8.54627980591022,267
3171,36,46,-2.576356421600493,298
3172,26,56,-6.520833921670692,305
3173,43,39,1.8271095736872236,299
3174,46,36,2.4779763043886773,257
3175,44,38,4.097175652559693,252
3176,39,43,0.8529269925480207,342
3177,21,61,-9.636387705863669,250
3178,42,40,-3.9705182140632878,259
3179,45,37,2.982306874117456,267
3180,45,37,0.9200183712717558,284
3181,51,31,10.221540872724772,277
3182,30,52,-9.91014904444847,276
3183,38,44,-2.814047578759988,239
3184,41,41,-1.0757468473076222,316
3185,26,56,-3.8720598740320353,278
3186,32,50,-3.777688752401233,218
3187,36,46,3.7491546289606443,223
3188,35,47,-1.7410946115701924,265
3189,38,44,-4.568397643312356,345
3190,48,34,5.621276561853486,255
3191,20,62,-17.2245135331937,291
3192,47,35,-1.5147436676101478,303
3193,34,48,-3.8668605998134193,312
3194,21,61,-11.982198591798149,299
3195,49,33,-0.13121368115128623,338
3196,34,48,-1.1501906146274616,243
3197,39,43,0.4342571261433615,322
3198,32,50,-3.1337579652226903,273
3199,47,35,6.684206570158275,267
3200,42,40,-0.2509678911281735,262
3201,23,59,-9.350510383853925,370
3202,35,47,-4.543888632308775,276
3203,52,30,5.146154346903014,251
3204,49,33,5.882462616903333,239
3205,30,52,-7.998416579865116,354
3206,22,60,-10.480511472244265,419
3207,57,25,7.441844498719115,206
3208,51,31,1.905166374564826,309
3209,56,26,14.198524829771076,229
3210,28,54,-6.7843775214632895,287
3211,29,53,-11.039033144307618,246
3212,44,38,1.3245077815729585,349
3213,42,40,-1.0521152723289744,233
3214,51,31,4.819890428118196,359
3215,55,27,5.298071123848352,227
3216,35,47,0.09971426548110317,276
3217,44,38,5.668460251187233,220
3218,25,57,-7.7792311685897495,342
3219,38,44,-5.588124650046008,302
3220,35,47,-5.237228960828591,206
3221,26,56,-8.57627274444694,269
3222,40,42,-1.124146256073156,291
3223,42,40,-3.8692483350744418,207
3224,31,51,-6.25803557439194,292
3225,26,56,-10.43702663424062,230
3226,56,26,12.91428849726754,187
3227,58,24,7.797280423650652,311
3228,41,41,-0.3962377476631343,326
3229,36,46,0.3649680168687902,235
3230,41,41,2.4442273327206205,320
3231,57,25,4.770680948463812,289
3232,55,27,5.754654307640279,276
3233,31,51,-6.778383894624364,272
3234,39,43,0.02668818409864289,255
3235,46,36,5.313720065338336,341
3236,53,29,8.638630388168075,195
3237,34,48,3.497574415512025,202
3238,35,47,-0.44052585593903804,214
3239,19,63,-15.836166033393608,331
3240,39,43,4.371681684386394,292
3241,30,52,-6.4455980089176945,330
3242,21,61,-7.617044396087341,265
3243,55,27,7.326666254028418,189
3244,44,38,4.989694472733349,237
3245,40,42,2.9945595386827075,265
3246,40,42,2.856809965671877,271
3247,33,49,-0.7400319943825058,257
3248,28,54,-8.994036097676048,228
3249,43,39,2.826171815706665,214
3250,34,48,-6.1196149831805435,342
3251,38,44,-2.9548202639048338,303
3252,38,44,-4.133470172973521,254
3253,42,40,0.8830494496713609,273
3254,26,56,-11.181914783408036,225
3255,35,47,-1.9389505191376473,219
3256,59,23,11.19864689615033,229
3257,48,34,2.7380850246975323,282
3258,51,31,6.802804241305209,229
3259,35,47,-1.8516526642712625,253
3260,42,40,-1.8830067871485707,267
3261,44,38,1.4507447504860005,211
3262,43,39,-0.040982588996031244,235
3263,35,47,-6.240716516462327,290
3264,28,54,-6.420440500623971,310
3265,34,48,-3.4261884216316134,312
3266,49,33,2.5772546689173126,272
3267,39,43,2.2820287519668048,228
3268,54,28,5.724494957778324,251
3269,39,43,-5.810648608766515,295
3270,50,32,3.13186693962715,378
3271,28,54,-7.996611444100631,308
3272,22,60,-8.140043633280671,192
3273,36,46,0.8076390776279406,212
3274,49,33,3.0063246423518026,300
3275,33,49,-6.969754751465631,375
3276,35,47,-1.797537677715463,303
3277,32,50,-3.0326022007533493,198
3278,45,37,3.113849635431318,314
3279,39,43,-3.3984020669607484,157
3280,47,35,2.831673640072515,269
3281,43,39,5.628242941150479,303
3282,59,23,4.044517573122564,163
3283,47,35,-0.9035454652325395,198
3284,37,45,-1.6783790100797118,332
3285,50,32,7.897891550723176,264
3286,32,50,-5.052387088471098,363
3287,42,40,1.086387519011885,253
3288,31,51,-5.13925494791058,331
3289,39,43,-7.718774948914852,334
3290,55,27,5.7012244884373535,198
3291,51,31,5.31675263424323,262
3292,34,48,-1.8863159876258417,285
3293,22,60,-7.135544897691231,337
3294,25,57,-10.5460368813408,258
3295,37,45,1.6221723302889535,263
3296,64,18,11.560391573135517,268
3297,43,39,-5.642378388708956,329
3298,55,27,2.0925122143196933,244
3299,39,43,-0.8733466496571552,262
3300,29,53,-7.538661974741855,347
3301,51,31,4.4343424579503905,332
3302,41,41,1.1600991758592585,249
3303,38,44,2.024948422322206,276
3304,54,28,9.290357278724688,196
3305,59,23,10.599080859887298,235
3306,37,45,-3.6062556163120383,208
3307,40,42,-5.97519243397137,486
3308,53,29,6.800833589930813,278
3309,27,55,-3.325197725579615,257
3310,38,44,1.080949448174153,290
3311,37,45,0.8058448397674821,300
3312,40,42,-3.2669261682822968,320
3313,45,37,-1.343574846611404,284
3314,54,28,8.229147615408177,249
3315,40,42,-2.7902507154873564,229
3316,33,49,-3.853315420117896,313
3317,45,37,0.28224472018265023,351
3318,45,37,2.674734732386965,327
3319,46,36,-3.2783174990305497,368
3320,42,40,1.486468628494181,287
3321,43,39,2.419683528713782,280
3322,44,38,-1.0612533863817046,373
3323,48,34,5.377859036681639,287
3324,35,47,-5.135882185513308,282
3325,50,32,-1.4488662271522577,323
3326,33,49,-4.527511545188242,398
3327,39,43,5.4108831269674225,294
3328,39,43,3.5367481050888205,179
3329,18,64,-11.530785489747682,348
3330,38,44,0.6321742612222069,257
3331,45,37,0.6029948646819046,188
3332,51,31,2.866284782416889,324
3333,32,50,-5.143543305357381,329
3334,37,45,-1.3764759138129836,279
3335,34,48,-3.210164193361863,270
3336,47,35,2.498061067779337,250
3337,33,49,-4.117595140023012,276
3338,41,41,-3.336355110028635,365
3339,46,36,0.996214933488155,314
3340,31,51,-4.175502619566722,262
3341,44,38,2.2668663999343046,170
3342,41,41,0.3989420388094424,357
3343,27,55,-6.87103819153535,288
3344,33,49,-3.528859395863848,364
3345,42,40,0.5012944427212916,292
3346,43,39,2.3919257267641356,268
3347,39,43,-4.450462725949843,208
3348,46,36,3.688974540656671,274
3349,45,37,1.6378748155728673,233
3350,48,34,0.8676171987125978,215
3351,39,43,0.5780939299130823,321
3352,42,40,4.446473041044505,254
3353,43,39,-4.2040476824596045,278
3354,49,33,7.0516842923935865,253
3355,25,57,-11.29319694488513,423
3356,30,52,-3.3049503776488534,186
3357,37,45,-4.210927759584274,277
3358,32,50,-2.2147075268002325,229
3359,33,49,-3.272803520634753,259
3360,24,58,-7.2656176820929215,295
3361,29,53,-0.8855060962745538,336
3362,37,45,-4.010822291987515,304
3363,48,34,1.5650785018839823,339
3364,36,46,-0.3796842970391227,309
3365,39,43,-7.292479286546958,311
3366,38,44,-0.3412222665598265,414
3367,30,52,-10.152201201061963,429
3368,46,36,-0.7922407919056512,300
3369,31,51,-6.88330952039773,234
3370,53,29,4.116215306283114,269
3371,21,61,-10.112502053505233,253
3372,50,32,11.756816331638493,200
3373,49,33,3.0163038358075673,241
3374,40,42,-0.2757845203099017,272
3375,29,53,-5.0413135593973655,271
3376,40,42,-1.7380364857471036,271
3377,50,32,8.489451217876596,239
3378,36,46,-5.242449055457378,287
3379,43,39,1.4047052447375628,266
3380,44,38,0.5610544820500952,301
3381,40,42,-1.971065926200483,217
3382,29,53,-7.814203032067652,266
3383,24,58,-8.267013295344768,292
3384,50,32,5.388670692373886,219
3385,30,52,-2.5077866204532673,253
3386,58,24,10.165310091396472,280
3387,47,35,2.8999308014481837,284
3388,45,37,2.789528740966477,302
3389,41,41,-3.0386924564237314,292
3390,48,34,1.3940858522663175,305
3391,39,43,-0.7288937807270919,411
3392,40,42,-3.5151759187319507,291
3393,54,28,11.407637035070426,218
3394,43,39,1.945437099156164,207
3395,30,52,-6.400374165473299,286
3396,34,48,-0.008503440938244376,314
3397,41,41,0.23531636997477015,213
3398,44,38,1.6093662957593378,192
3399,35,47,-1.9397278386962509,240
3400,29,53,-5.993873272887316,285
3401,55,27,12.402336662064505,234
3402,47,35,4.939809808674099,242
3403,54,28,5.630432287467302,307
3404,54,28,4.728508984649059,206
3405,36,46,-3.6842187933128154,244
3406,33,49,-2.2654012116617954,321
3407,55,27,8.101155080159572,268
3408,31,51,-4.73570376628882,259
3409,41,41,-1.3934039440002637,187
3410,46,36,0.40575938466648814,307
3411,45,37,1.1988675088635454,229
3412,35,47,-3.2565691145980606,244
3413,31,51,-8.139744878422938,105
3414,42,40,2.2339965779752955,210
3415,47,35,2.7081177319558605,344
3416,52,30,4.041446268171465,232
3417,44,38,-1.00791896653099,305
3418,30,52,-7.537549802122842,349
3419,35,47,-3.842801295471457,353
3420,48,34,5.353963061184976,248
3421,42,40,0.041469812015399274,245
3422,17,65,-15.19128151111602,353
3423,46,36,3.1735508718415724,217
3424,44,38,-0.2773127250215095,266
3425,49,33,-2.8120702996630462,231
3426,43,39,0.33026473919030197,323
3427,35,47,-0.5321553613248561,297
3428,28,54,-9.279916928118196,393
3429,29,53,-2.7601302772211214,303
3430,33,49,-0.40381210130642853,298
3431,52,30,7.726101182127427,271
3432,40,42,-0.18731616202463325,230
3433,47,35,2.241340309479035,231
3434,39,43,2.4943341701050437,311
3435,46,36,4.645763070368888,269
3436,40,42,-2.0304622885191645,237
3437,32,50,-9.228831196513395,206
3438,44,38,-1.6648114176115902,291
3439,65,17,17.100067785951783,246
3440,27,55,-5.797188627472889,447
3441,50,32,4.601751362168414,320
3442,34,48,-4.995763211632147,258
3443,29,53,-1.966601454171587,295
3444,60,22,12.895883267356695,162
3445,33,49,0.938984110422762,277
3446,25,57,-8.23870624065645,360
3447,32,50,-6.13916958604934,389
3448,32,50,-6.329770303917791,311
3449,51,31,11.222854650062326,176
3450,37,45,-3.6466698013065817,334
3451,39,43,-0.8913148672302414,187
3452,25,57,-11.357539505405535,463
3453,33,49,-7.278666838961284,328
3454,49,33,3.7213922688843635,320
3455,37,45,-2.474171685974343,241
3456,47,35,4.002960087629859,170
3457,15,67,-17.205481741435083,293
3458,49,33,1.5094685667315026,225
3459,32,50,-3.2985335758574355,233
3460,27,55,-4.786876314438045,184
3461,38,44,-0.7117508184095969,323
3462,27,55,-6.226714849651156,359
3463,53,29,1.9549402309434312,354
3464,38,44,-0.2918067035195886,236
3465,34,48,-2.5683297347513387,233
3466,33,49,-3.1456730093818988,197
3467,33,49,-3.7594455522940193,287
3468,46,36,5.583424071888717,296
3469,29,53,-14.395752873642431,403
3470,44,38,2.6832017211831225,227
3471,36,46,-4.509952926557673,176
3472,34,48,-1.1922129605759555,394
3473,36,46,-7.244959858217627,287
3474,46,36,0.9184695937340105,283
3475,61,21,5.684779190473731,344
3476,28,54,-4.117125049799947,318
3477,45,37,0.2023173157766741,225
3478,35,47,-5.968353823514802,243
3479,57,25,8.150613585845706,292
3480,47,35,0.6271836104195702,309
3481,47,35,4.5760094066453165,215
3482,33,49,-6.3170363365915385,298
3483,43,39,3.13847557440152,325
3484,44,38,-4.086621506100361,249
3485,29,53,-6.190715888601765,275
3486,31,51,-4.2365232073016275,329
3487,38,44,-3.4276277156965222,230
3488,50,32,3.8947535806655527,294
3489,35,47,-1.6634524958064094,334
3490,38,44,-0.7556672239713479,156
3491,63,19,10.90975871313115,272
3492,47,35,-0.12783573149393082,259
3493,35,47,-4.38702798172282,338
3494,27,55,-5.388323979609132,337
3495,22,60,-12.440058896148546,294
3496,43,39,2.6325564532187307,259
3497,28,54,-8.681220051283576,286
3498,25,57,-9.889380139898051,374
3499,44,38,4.101554019293311,229
3500,38,44,-0.484088548500053,189
3501,52,30,4.205599766168779,136
3502,35,47,-2.965996217278678,266
3503,49,33,3.1477479827247272,216
3504,59,23,10.372114989152694,256
3505,46,36,-0.1797845250667752,190
3506,38,44,-1.0485928140377545,202
3507,46,36,3.216406064235222,220
3508,53,29,6.327810546694443,221
3509,36,46,2.5743551347853053,392
3510,30,52,-4.536227840368535,350
3511,36,46,-2.274265437495736,170
3512,55,27,3.65043094187494,289
3513,48,34,2.6937176362775404,258
3514,31,51,-8.426827615417613,367
3515,42,40,2.528183931097015,100
3516,25,57,-7.282706138278209,254
3517,48,34,7.015681632464246,264
3518,21,61,-10.951811342373448,223
3519,34,48,-3.1441188094249983,202
3520,25,57,-12.42269469088042,265
3521,53,29,5.990295814523637,197
3522,17,65,-14.823158137837964,324
3523,44,38,0.8652429888022943,256
3524,36,46,-5.4174480057452366,289
3525,19,63,-12.076675383577305,350
3526,40,42,0.6656735279532268,238
3527,39,43,-1.1999203099012523,380
3528,43,39,-3.0604437622923744,266
3529,46,36,2.4801885674626996,274
3530,33,49,0.04731478460543635,339
3531,29,53,-6.444283836839972,338
3532,28,54,-11.06723165923895,312
3533,25,57,-10.490152098850146,334
3534,42,40,-2.7984423060572996,296
3535,45,37,-2.7033615720900643,316
3536,22,60,-15.209436321238291,276
3537,45,37,-2.3717789033591106,282
3538,37,45,5.2619438740864535,359
3539,57,25,8.839816054907113,176
3540,44,38,6.543364899636935,256
3541,24,58,-5.602327382120265,255
3542,45,37,0.06176215000795694,245
3543,46,36,1.660925914189577,326
3544,33,49,-8.045272175852844,276
3545,38,44,-3.430965177882714,214
3546,28,54,-7.943026759989054,245
3547,37,45,-2.2866183681797967,347
3548,23,59,-8.503884042731832,343
3549,39,43,-1.6927016672196806,170
3550,57,25,7.590762235904962,211
3551,37,45,-2.200032179782234,248
3552,41,41,-1.3259714836316074,304
3553,44,38,0.8483193091079361,378
3554,49,33,1.4942630285643288,336
3555,18,64,-11.64846295752318,346
3556,49,33,2.3189564032794343,243
3557,33,49,-8.716888170921438,238
3558,48,34,8.297443650335186,177
3559,31,51,-6.356710899531633,273
3560,35,47,-1.1616839856911558,314
3561,44,38,-0.6668267658100641,212
3562,37,45,-1.8886890782218289,281
3563,43,39,1.2325866846106763,266
3564,23,59,-12.80004900364212,403
3565,54,28,5.023290889642746,259
3566,23,59,-9.180265841008836,329
3567,30,52,-3.5334403666935645,249
3568,36,46,-10.37825847169581,286
3569,29,53,-8.764038298994254,384
3570,31,51,-9.795398999246943,301
3571,52,30,5.708320566444082,304
3572,64,18,15.179733756680914,292
3573,42,40,2.4309838000239092,300
3574,37,45,-4.824415835487882,251
3575,33,49,-2.383724738950468,246
3576,40,42,3.3883401581953785,251
3577,31,51,-5.886945500814737,166
3578,39,43,-2.3957344652218904,370
3579,37,45,1.3304271133851,226
3580,32,50,-4.651454556442658,266
3581,34,48,-1.1189570610620982,295
3582,38,44,0.18768381657455566,277
3583,37,45,-3.8006041873752676,377
3584,37,45,-0.5883515962190811,278
3585,34,48,-3.843731102744879,297
3586,44,38,2.1908327329948216,229
3587,53,29,7.782077759732435,200
3588,25,57,-10.739790577655334,357
3589,31,51,-6.502386634929016,351
3590,42,40,-3.9489641023858613,292
3591,59,23,9.672719706144667,164
3592,34,48,-2.457875164529141,325
3593,35,47,-4.677342913541441,248
3594,46,36,-1.6965368663446503,288
3595,48,34,5.7813231001254435,235
3596,21,61,-13.056195162547962,311
3597,51,31,10.971621772865078,215
3598,29,53,-4.103270309189265,137
3599,24,58,-9.133550479547472,292
3600,38,44,-2.4481068178299696,213
3601,52,30,-0.7493575609405805,268
3602,48,34,5.891956141900872,180
3603,41,41,-3.1911653808083833,275
3604,44,38,2.8714495806963853,190
3605,53,29,9.66842231800882,231
3606,33,49,-2.859658053758279,337
3607,33,49,-5.8757895160671865,258
3608,43,39,5.8583197472893405,364
3609,40,42,1.5011175296080093,180
3610,47,35,0.053090721323856165,323
3611,45,37,5.421866886796262,224
3612,38,44,-4.456006280582279,311
3613,44,38,2.5811355165224903,228
3614,33,49,-5.383592956807354,335
3615,43,39,2.128167289154972,268
3616,28,54,-7.886334415460085,262
3617,37,45,-0.1985054012770121,377
3618,35,47,-2.5000489778176154,176
3619,51,31,0.12950079911432416,259
3620,50,32,-0.07499459587817146,260
3621,34,48,-6.216353863220697,309
3622,28,54,-10.638654580020937,287
3623,49,33,0.3657862699125489,271
3624,31,51,-7.545791182778218,315
3625,41,41,-2.212709159671504,193
3626,45,37,1.2926393488388466,190
3627,36,46,-3.5918609204518632,253
3628,49,33,-0.21716985623227483,292
3629,31,51,-3.756066487909136,323
3630,36,46,-2.3465909964286054,331
3631,56,26,7.526058119464361,303
3632,40,42,-0.6637740491642362,244
3633,23,59,-10.508645995592405,238
3634,34,48,-10.330859532589395,340
3635,52,30,10.82476034889125,274
3636,52,30,5.489238280438989,307
3637,34,48,-6.303116889577582,375
3638,55,27,5.6241063019295945,257
3639,42,40,0.4738102181666536,197
3640,30,52,-9.587942152972182,301
3641,52,30,6.117006013674312,326
3642,36,46,-0.25543566785649274,392
3643,41,41,3.79581080029837,203
3644,43,39,0.20313864280253485,201
3645,31,51,-4.089815013184927,266
3646,57,25,7.353147582273246,225
3647,36,46,-9.815264942564726,263
3648,44,38,7.303517146853571,204
3649,30,52,-7.175988465041898,307
3650,18,64,-9.508641721258309,244
3651,52,30,5.511792082665638,187
3652,29,53,-4.340593162543873,349
3653,38,44,0.05981337812003988,223
3654,51,31,3.8623884040841836,298
3655,25,57,-9.137418048183244,315
3656,39,43,-1.988219805584889,299
3657,38,44,-3.249650054245526,345
3658,44,38,4.40451954740727,249
3659,37,45,-0.4657212272371163,209
3660,21,61,-12.319624431372562,423
3661,39,43,-4.401412759775974,277
3662,40,42,-1.3885706361392451,330
3663,42,40,-0.4664820189552817,219
3664,44,38,-2.433710983604438,263
3665,36,46,0.5235581825144852,355
3666,47,35,-1.4776572200890565,297
3667,36,46,-3.153525426940886,271
3668,51,31,1.9844658863687712,207
3669,28,54,-9.99438511205643,328
3670,44,38,0.19295738987809857,295
3671,45,37,-0.18998354851962615,310
3672,48,34,4.877759955951284,232
3673,38,44,-2.9499571968074707,295
3674,31,51,-4.436598380920529,219
3675,61,21,7.4799953159419585,291
3676,24,58,-13.398727463047008,350
3677,59,23,10.502728727931625,192
3678,34,48,-2.3920698312216175,213
3679,23,59,-7.699166944887105,286
3680,35,47,-6.021162594298421,308
3681,43,39,0.9292209262716793,204
3682,27,55,-5.629460425465606,271
3683,38,44,0.6202734743044487,271
3684,23,59,-7.821661234722821,264
3685,43,39,1.348242650653545,322
3686,39,43,-3.5546016800208817,326
3687,41,41,-0.2796219120083644,210
3688,21,61,-7.472841582987856,295
3689,25,57,-8.25955670246101,295
3690,34,48,-6.857267373514563,224
3691,32,50,-6.739410791799838,375
3692,48,34,0.9047351132032144,345
3693,30,52,-3.8895478714755987,259
3694,42,40,-0.7792215907449993,264
3695,48,34,8.992220915041928,327
3696,45,37,-2.9494661556310255,271
3697,46,36,6.46078769570475,241
3698,39,43,-3.9159177789173745,259
3699,42,40,-1.7299746881907028,271
3700,37,45,-7.985746657629954,331
3701,43,39,0.9910751564783227,252
3702,22,60,-11.488931861816901,238
3703,36,46,0.0886669032113385,255
3704,34,48,-3.4564488262933053,307
3705,46,36,-1.1145277067527937,341
3706,34,48,-3.5414820425521305,340
3707,48,34,-0.0582591943887033,203
3708,33,49,-4.665617288003879,358
3709,29,53,-2.6711269218089493,272
3710,45,37,2.255589146242553,222
3711,28,54,-7.80274220335274,285
3712,53,29,2.6576403493426097,320
3713,37,45,-6.269046562116611,363
3714,43,39,2.9698090595903963,223
3715,27,55,-8.50549727664571,305
3716,38,44,1.9176510578847308,225
3717,50,32,2.4517494619170863,251
3718,40,42,-1.7615402589187208,250
3719,43,39,-0.6911645873842542,325
3720,46,36,3.407968760766306,296
3721,22,60,-8.801463421415452,379
3722,45,37,-2.0969772647221148,357
3723,34,48,-0.8995323366897939,207
3724,41,41,0.27710882552876065,202
3725,38,44,-0.04042839589836364,363
3726,44,38,6.210090870419537,211
3727,25,57,-4.78915708541844,395
3728,55,27,5.388261304111909,289
3729,29,53,-7.56604657925326,374
3730,41,41,-0.2827684616663809,342
3731,26,56,-7.975691365043481,347
3732,34,48,-7.060030535496478,353
3733,59,23,10.888330870558743,242
3734,61,21,5.21891828560266,339
3735,38,44,-2.244102748288923,203
3736,41,41,5.556903808643329,287
3737,33,49,-8.079802358711094,328
3738,22,60,-13.695643601104521,319
3739,51,31,5.7346475023905965,228
3740,25,57,-5.367219478408975,257
3741,32,50,-0.000812307360751579,304
3742,45,37,-0.7048103390662285,261
3743,39,43,2.090073772661426,326
3744,36,46,-3.070185996516577,400
3745,26,56,-7.748115140349386,341
3746,39,43,-0.09719305354792548,299
3747,47,35,5.0332790423192755,382
3748,18,64,-16.885942480169362,305
3749,54,28,6.310405385907163,251
3750,39,43,-3.6104273407469716,226
3751,47,35,2.2173624142531554,350
3752,41,41,1.776602917602816,315
3753,29,53,-0.6514923394718083,310
3754,22,60,-12.315119592387024,291
3755,36,46,-1.1355807033550755,299
3756,36,46,-5.703490393403821,304
3757,53,29,4.876910517302777,265
3758,43,39,2.2281714396767343,290
3759,38,44,-0.6683138721973242,236
3760,25,57,-10.43530560898975,377
3761,39,43,-2.916398066158885,250
3762,46,36,3.1188024358815443,221
3763,37,45,1.079273897506023,306
3764,55,27,4.9409115747341925,171
3765,53,29,6.795270123293429,246
3766,38,44,-0.5645181119648681,373
3767,43,39,0.3501646969634118,339
3768,37,45,-3.2020920821995005,212
3769,45,37,8.976525882261226,219
3770,40,42,-1.3234725588979495,290
3771,46,36,4.765857341257838,313
3772,37,45,-2.6865078302236425,282
3773,39,43,4.050450916017269,249
3774,51,31,2.8869494319799336,239
3775,29,53,-12.359943333962882,323
3776,39,43,-2.916354757583985,283
3777,60,22,6.551327343585618,135
3778,26,56,-7.404837746438896,230
3779,56,26,5.168141389985517,305
3780,52,30,1.8443758600200648,193
3781,46,36,1.756627888195928,198
3782,46,36,3.546756766344137,254
3783,38,44,0.8113991576767601,244
3784,44,38,0.257672516241262,179
3785,22,60,-11.31725177253126,352
3786,41,41,-0.5493823126027317,269
3787,39,43,0.16231425106713088,232
3788,36,46,3.054205444449508,291
3789,36,46,-8.858606528763387,288
3790,48,34,1.4069562735974284,286
3791,43,39,3.182290129319762,298
3792,18,64,-13.221092337089168,345
3793,43,39,-2.1333210219398233,330
3794,45,37,3.1334648206357474,324
3795,24,58,-3.569664604277854,420
3796,34,48,-0.7468894444084991,213
3797,26,56,-11.937060127565204,316
3798,40,42,4.267345038433835,457
3799,34,48,-1.3554858447670373,254
3800,56,26,14.68953840919272,240
3801,26,56,-4.222117798088285,354
3802,54,28,8.746937343460372,339
3803,39,43,1.2329299176189532,309
3804,28,54,-7.066914564769776,297
3805,36,46,-2.6294169168210257,383
3806,55,27,2.8547946075820683,239
3807,41,41,-0.6401746837984549,329
3808,33,49,-8.459352304500072,267
3809,53,29,0.7559828425519212,325
3810,37,45,-7.022926425538003,269
3811,30,52,-9.766997790967041,354
3812,33,49,-2.0191419161518045,170
3813,35,47,-4.14746598367893,336
3814,40,42,-1.0133383756884167,166
3815,49,33,7.735307421666318,258
3816,41,41,1.0902983480877049,254
3817,48,34,8.23899201976962,268
3818,44,38,7.026368627917806,209
3819,35,47,-8.912478180392746,319
3820,41,41,-4.679858629745347,242
3821,32,50,-7.1077793883753175,202
3822,27,55,-9.124538397286633,381
3823,37,45,1.5074828682641217,275
3824,33,49,-1.0377948954888756,200
3825,34,48,-2.911835211467182,235
3826,35,47,-3.7870104974383727,184
3827,45,37,6.1020081975017915,289
3828,43,39,0.6149713019942459,216
3829,55,27,5.823056825045177,182
3830,59,23,7.558565494131071,298
3831,51,31,5.763604079689813,261
3832,38,44,-3.7039005243386707,264
3833,41,41,2.629107875501612,266
3834,34,48,0.695498230156046,223
3835,44,38,-0.029384448372354894,238
3836,36,46,-0.21220333583244988,245
3837,37,45,-4.788362489062875,221
3838,33,49,-1.2520619148731926,223
3839,44,38,-1.8985098164120315,239
3840,34,48,-5.916873158410875,304
3841,38,44,0.4212836704284068,268
3842,15,67,-19.587344935216716,384
3843,39,43,0.5440359485211107,330
3844,35,47,-5.361690538737283,233
3845,58,24,8.715070648340125,157
3846,32,50,-6.304382093658556,190
3847,35,47,0.22694116251258903,254
3848,31,51,-4.697029019846767,328
3849,30,52,-8.820627688878822,334
3850,28,54,-5.0237239976252885,278
3851,30,52,-7.346778189707805,332
3852,38,44,-2.1509948577213853,310
3853,31,51,-6.710087728251895,347
3854,38,44,-0.47401310384190076,199
3855,11,71,-19.090246177788096,331
3856,35,47,-1.5582082688351753,254
3857,30,52,-4.0624268036650175,354
3858,54,28,6.185877888758659,303
3859,42,40,-1.6154198888777525,295
3860,50,32,3.782759409767748,186
3861,47,35,4.461401971516588,175
3862,48,34,5.213337584031238,204
3863,24,58,-12.015334515211372,379
3864,41,41,-4.758175545160506,226
3865,19,63,-11.318984397936745,304
3866,20,62,-14.88392547062835,234
3867,44,38,0.2664659779654092,190
3868,40,42,-2.0693420147150863,310
3869,41,41,0.08189145311479286,305
3870,23,59,-5.650799617045915,344
3871,35,47,-7.020241973649528,303
3872,41,41,2.9443690725377323,202
3873,57,25,4.543196728435303,214
3874,43,39,3.66207330643329,321
3875,21,61,-9.626506881567499,346
3876,57,25,9.683811654988407,220
3877,61,21,12.471771164891296,215
3878,44,38,-3.064386974067036,308
3879,25,57,-7.624223700515848,276
3880,35,47,-1.6688067925930288,291
3881,39,43,-1.2785425615045931,238
3882,31,51,-6.279688050535016,282
3883,60,22,8.590087965963441,192
3884,46,36,4.1217795830634305,250
3885,35,47,-2.863641785274122,257
3886,45,37,2.382138066021279,215
3887,21,61,-9.632964071904164,275
3888,32,50,-7.113166486597885,280
3889,39,43,-1.9955456087004546,256
3890,65,17,13.77747874383938,229
3891,61,21,13.233796571437225,160
3892,59,23,3.1969991477330897,435
3893,30,52,-6.570290850331284,201
3894,35,47,-4.642378933024688,261
3895,45,37,1.8709603777391535,208
3896,27,55,-6.024010407776566,363
3897,49,33,9.230997610924911,238
3898,48,34,2.4800264121447717,191
3899,35,47,-5.823676251937444,328
3900,36,46,-1.3315333787356514,263
3901,44,38,3.213214349388752,293
3902,43,39,0.31812803167322073,272
3903,45,37,2.772106191950699,210
3904,28,54,-12.146600079755714,256
3905,25,57,-6.162405145715725,205
3906,29,53,-4.558972010117092,202
3907,34,48,-6.4564013041994235,278
3908,45,37,0.12185106890317568,269
3909,55,27,9.07226770742288,290
3910,50,32,0.8563273387939384,202
3911,42,40,-3.556918036823435,286
3912,43,39,2.925692325485604,223
3913,35,47,-1.028327206975219,231
3914,36,46,0.8662030956760063,218
3915,33,49,-7.173323922711251,191
3916,46,36,2.4406943195672053,343
3917,50,32,5.490643187917803,230
3918,44,38,2.0143631956693446,186
3919,33,49,-4.069002931610705,279
3920,44,38,-0.9519288196100519,232
3921,44,38,3.1853367598260425,280
3922,27,55,-7.55712892644753,278
3923,35,47,-4.295075700311527,197
3924,40,42,1.0954564773783886,255
3925,33,49,-5.751999904976054,228
3926,33,49,-2.7478429391944466,298
3927,44,38,2.988603478037448,352
3928,43,39,-0.20591951368314004,330
3929,28,54,-10.29501623401734,365
3930,37,45,-0.01344909804221399,325
3931,39,43,-1.7506149809134568,302
3932,28,54,-6.859670895909952,236
3933,53,29,9.237136483212197,259
3934,43,39,4.15343559800926,292
3935,43,39,0.775839930112298,245
3936,40,42,-0.1442796140265683,239
3937,36,46,-3.6645967777653574,220
3938,38,44,-2.373338030025977,226
3939,32,50,-1.1712658958750528,265
3940,31,51,-4.491944217221693,260
3941,45,37,1.8334775429157135,289
3942,44,38,-2.650167236613745,425
3943,38,44,-0.5138971003272632,284
3944,33,49,-6.589608022407076,230
3945,36,46,-2.425101725088097,220
3946,36,46,0.548485826906513,317
3947,52,30,6.421791325036848,241
3948,46,36,-0.5237800897503607,196
3949,37,45,-5.4060157849385195,224
3950,34,48,-6.55816650939065,349
3951,30,52,-3.7258527934135492,236
3952,39,43,-0.6551359990774716,305
3953,30,52,-12.088655226539137,436
3954,59,23,7.989688776153453,207
3955,40,42,3.100217898284113,215
3956,48,34,1.5862100607133878,359
3957,42,40,0.6513536858146328,293
3958,51,31,5.31817599200335,250
3959,53,29,4.661824783994267,376
3960,35,47,-5.662394571358386,268
3961,30,52,-10.646865911784202,286
3962,31,51,-4.995962766189479,312
3963,43,39,-0.8157144987361605,223
3964,41,41,1.240639452855159,224
3965,49,33,3.3240178223446053,253
3966,39,43,-4.883056627741135,264
3967,50,32,4.672111618028441,266
3968,32,50,-1.6157587497721861,361
3969,51,31,3.866326667671153,287
3970,45,37,4.424229796187725,245
3971,31,51,-4.821326921188632,253
3972,33,49,-4.256216994902876,293
3973,45,37,-4.731378201334497,182
3974,37,45,-1.8761480587259713,188
3975,18,64,-14.13742006178649,383
3976,52,30,1.1891596062292058,289
3977,41,41,-1.8990655938348129,198
3978,37,45,0.6916889307993392,267
3979,47,35,3.9200217434378044,231
3980,26,56,-9.142171377407937,357
3981,48,34,1.1112916804675113,280
3982,45,37,-0.8614380837118905,282
3983,28,54,-10.506168432346977,313
3984,29,53,-9.141678366403568,407
3985,43,39,2.4488478412843735,306
3986,42,40,-1.543424449764638,233
3987,24,58,-16.236380913913944,413
3988,20,62,-12.241086551998507,260
3989,50,32,3.54897848598332,217
3990,64,18,11.382523621540344,123
3991,24,58,-12.39447933464274,312
3992,32,50,-4.607626559075814,321
3993,42,40,-0.4617196114417341,323
3994,38,44,-5.082423288364552,376
3995,44,38,-1.1416072304717058,215
3996,33,49,-7.467102336942751,329
3997,52,30,8.183672410946514,280
3998,29,53,-8.957325058823674,301
3999,42,40,-1.5904813741606676,297
4000,36,46,-1.7197455033288236,247
4001,41,41,-1.6011252583562319,201
4002,44,38,3.8220442448311065,208
4003,46,36,0.8142178500530115,277
4004,30,52,-11.737017229161202,371
4005,47,35,1.7412894904439504,286
4006,34,48,-2.4659410647580944,411
4007,40,42,-1.8767517972454852,238
4008,37,45,-3.5687141119859245,275
4009,41,41,-0.7764589926930239,231
4010,56,26,6.527692241831091,228
4011,28,54,-8.275277842221234,310
4012,49,33,3.09331204390462,323
4013,46,36,-3.3398066033406004,279
4014,48,34,0.4921922736223866,218
4015,25,57,-8.425846415276734,255
4016,47,35,2.1621166202934328,220
4017,47,35,3.8826037174381227,297
4018,53,29,4.7540369777832545,298
4019,35,47,-5.457201685522698,324
4020,49,33,5.553516895450376,240
4021,38,44,-6.705966876415882,253
4022,47,35,3.3210150522782467,225
4023,44,38,1.8789723705492505,277
4024,40,42,-0.18720819332366648,326
4025,24,58,-12.884751193515813,364
4026,52,30,3.632256402371957,273
4027,35,47,-3.3713798383696916,253
4028,58,24,11.939478212014153,260
4029,47,35,3.9907842115304355,231
4030,27,55,-7.88849637183616,427
4031,35,47,-4.273155910768121,256
4032,43,39,1.697000128601981,262
4033,36,46,0.5941049587541459,272
4034,49,33,5.6747435505093655,210
4035,33,49,-3.3052639900641423,310
4036,36,46,1.7808215728404966,222
4037,41,41,4.531102993795051,299
4038,39,43,-0.4130870705934365,300
4039,41,41,-6.396897089957666,373
4040,49,33,4.490640353730317,224
4041,40,42,-4.026410070715566,339
4042,22,60,-10.0934800542811,360
4043,54,28,8.353339179923925,261
4044,27,55,-11.599264264022715,291
4045,46,36,4.834577443329663,239
4046,28,54,-1.9584914585486364,431
4047,42,40,-0.9297676933991725,284
4048,52,30,7.1794950263255215,340
4049,52,30,3.4090373614832434,290
4050,42,40,-0.7970930660431615,296
4051,31,51,-9.196811297992252,236
4052,42,40,-3.133410029647783,296
4053,31,51,-8.201459344228342,392
4054,48,34,4.622074293107433,349
4055,36,46,-3.9158045247233466,353
4056,35,47,-9.673885206719289,377
4057,64,18,5.635244815787374,189
4058,40,42,-4.704342541347091,305
4059,43,39,2.8819666171451055,181
4060,38,44,-2.5979064680893122,288
4061,49,33,4.389862897152513,364
4062,38,44,-1.6837407319802962,275
4063,32,50,-6.435720072172742,252
4064,33,49,-0.17735387155406185,322
4065,35,47,-0.35685862482582936,279
4066,51,31,1.4839564813103254,342
4067,31,51,-4.1636021525808,212
4068,24,58,-8.451970053766413,408
4069,65,17,10.99100400483823,298
4070,39,43,0.07521495557531764,232
4071,28,54,-11.289413790246893,353
4072,29,53,-3.5337873710067282,287
4073,38,44,-4.121211039034427,252
4074,45,37,0.5530461429366395,263
4075,42,40,2.284609274451336,265
4076,42,40,1.3924379683614931,233
4077,55,27,7.599671772004839,316
4078,54,28,11.354656413708021,236
4079,45,37,-1.4534915727465216,251
4080,40,42,-5.260803667218309,219
4081,40,42,-0.7365396622786912,193
4082,43,39,-0.9042233879305064,273
4083,45,37,4.409307843395778,208
4084,31,51,-1.9374058770875862,346
4085,43,39,0.9872535894101914,335
4086,32,50,-9.282417034031486,350
4087,35,47,1.2547203878161983,237
4088,48,34,3.6710160874685127,273
4089,25,57,-8.70093478550173,299
4090,39,43,-2.6169460866067134,272
4091,34,48,-2.420124158559412,294
4092,41,41,-4.478740422515522,344
4093,39,43,-1.1589984998288223,246
4094,27,55,-6.963243706132375,275
4095,31,51,-5.95564713738521,248
4096,46,36,-3.0655908757461043,253
4097,51,31,9.872956733656018,374
4098,42,40,0.9121836941013249,239
4099,51,31,5.66603977948856,254
4100,56,26,9.250465091568751,312
4101,36,46,-3.101241919775721,302
4102,35,47,-8.854069819849437,274
4103,46,36,2.557777462166951,275
4104,49,33,3.5038971280524227,266
4105,40,42,-3.328778954956999,343
4106,44,38,3.4197446643223177,380
4107,35,47,-6.267015994273382,233
4108,67,15,15.493192118823439,251
4109,37,45,-5.112943392936761,271
4110,38,44,-1.9109861332303628,306
4111,29,53,-2.6488540055768213,239
4112,39,43,-1.6165407407237546,230
4113,61,21,10.169693810942604,213
4114,33,49,-3.1502382758028356,344
4115,35,47,-4.292213437074043,248
4116,41,41,-1.000777924069429,364
4117,43,39,0.1755689685330445,291
4118,35,47,0.5008323758053027,185
4119,38,44,-2.0898348225387755,271
4120,38,44,-4.441244491750998,242
4121,47,35,-2.4330369501878955,277
4122,43,39,0.08847541217545361,296
4123,56,26,7.26607177128662,171
4124,40,42,3.0627205266281967,177
4125,37,45,-4.867179319508335,337
4126,33,49,-2.2499332419204827,211
4127,40,42,-3.635300395175679,260
4128,59,23,13.026793487329051,195
4129,41,41,0.230642758046894,198
4130,40,42,0.7432966933619244,308
4131,35,47,-6.368191177849677,197
4132,40,42,1.0474191584231844,237
4133,41,41,-2.571237082433253,319
4134,56,26,5.083280881145336,334
4135,47,35,4.034725760307803,304
4136,39,43,-0.7158345666342141,352
4137,33,49,-8.094482057699203,254
4138,28,54,-6.9809096419065035,286
4139,36,46,-7.102057775288774,358
4140,41,41,-2.8359103071605496,214
4141,21,61,-7.285474429668951,369
4142,43,39,1.8084860169581716,370
4143,32,50,-3.060920294311592,303
4144,46,36,4.404099740300295,207
4145,40,42,-2.65521367470908,246
4146,37,45,-2.21146587431036,203
4147,30,52,-4.6681504987813485,215
4148,25,57,-8.361440235035847,312
4149,34,48,-2.700893713682988,253
4150,22,60,-11.677468720132996,286
4151,19,63,-13.930796126138866,310
4152,44,38,3.11358164849958,327
4153,26,56,-7.661461213062382,349
4154,42,40,-0.86725619439045,216
4155,54,28,9.440160388984978,205
4156,41,41,-1.0651155960650716,294
4157,48,34,10.346702836336748,183
4158,48,34,-1.077889706711698,268
4159,25,57,-9.748921947055017,353
4160,15,67,-13.50360645314114,288
4161,49,33,9.829670422755617,210
4162,55,27,7.343740016886208,301
4163,23,59,-9.98620015354709,284
4164,35,47,-3.0793481462432064,365
4165,53,29,3.6821209444137657,293
4166,36,46,-2.6243819706814766,260
4167,37,45,1.074014416052895,230
4168,50,32,3.729240936313541,221
4169,32,50,-1.073837969761159,304
4170,30,52,-1.5052601881551677,237
4171,41,41,-2.329390363687386,269
4172,28,54,-6.246472077134176,353
4173,36,46,-3.152208808306849,233
4174,50,32,4.303846055214197,361
4175,49,33,-0.5184420352828939,236
4176,36,46,-2.746626352279319,292
4177,50,32,2.271697077193114,270
4178,25,57,-9.837141044514883,261
4179,34,48,-4.5625645284793865,359
4180,35,47,-5.472596091929173,204
4181,54,28,6.6261810373636445,251
4182,41,41,-0.1227315959610865,361
4183,45,37,-1.085088423750479,189
4184,50,32,8.193397894087104,293
4185,35,47,-3.2585186291508554,202
4186,36,46,-1.527701006387615,224
4187,37,45,-1.051992523879082,217
4188,28,54,-2.15353252686194,349
4189,33,49,-4.498122098457869,407
4190,25,57,-7.84728135420694,317
4191,49,33,0.5193889815202513,192
4192,35,47,-5.819095663130246,263
4193,44,38,6.9644108777355385,289
4194,35,47,-2.729725237523001,216
4195,36,46,-0.1982458989981476,345
4196,32,50,-5.009910613354526,320
4197,38,44,3.311025087624268,241
4198,43,39,3.1798313450954234,260
4199,34,48,-6.374796652706377,298
4200,43,39,0.7280268780150282,317
4201,40,42,-2.7954362680037996,289
4202,26,56,-9.940309636034723,272
4203,51,31,1.9373513879875963,319
4204,38,44,-5.6661962539806074,324
4205,45,37,-0.6283758287013107,306
4206,36,46,-0.820408375722956,372
4207,45,37,-3.509380628205203,286
4208,39,43,0.6902334046868109,307
4209,39,43,-3.9255857995378833,291
4210,38,44,-5.00947704911591,281
4211,40,42,-1.4898269420062786,221
4212,43,39,0.49287171088694615,200
4213,35,47,-6.6262877632440444,223
4214,36,46,-3.557686095699091,305
4215,47,35,1.591304829873291,226
4216,45,37,4.525494243018106,290
4217,38,44,0.6367109271345652,221
4218,30,52,-5.293697974247269,205
4219,40,42,-1.9671105751970974,253
4220,39,43,2.474670164431846,174
4221,38,44,-0.6491115970528131,360
4222,22,60,-9.535629442474033,332
4223,44,38,3.1203686870968816,295
4224,54,28,5.770428698931892,189
4225,36,46,2.7007741191165966,238
4226,40,42,5.785479981598698,240
4227,33,49,1.5886489090655673,292
4228,62,20,8.92156823344849,126
4229,40,42,-6.814627500495263,208
4230,34,48,-0.26922316881422464,255
4231,39,43,0.19562792312775462,265
4232,37,45,-3.121173233788271,246
4233,51,31,0.13082802356759532,267
4234,41,41,-1.0532501039916484,293
4235,47,35,-1.7806399605693928,372
4236,31,51,-10.392454769243676,269
4237,35,47,-4.077902098538379,256
4238,60,22,9.85285869635836,249
4239,56,26,7.84463204490003,185
4240,50,32,6.845975256804528,214
4241,42,40,-0.5573086870255168,244
4242,24,58,-9.44839765327309,359
4243,39,43,-1.7050143394464419,278
4244,28,54,-2.9787622289887756,387
4245,51,31,5.132678536953235,300
4246,47,35,1.923906103652523,241
4247,15,67,-11.517106147872056,301
4248,32,50,-0.7924562376514829,207
4249,46,36,2.783248050878315,332
4250,30,52,-5.168995091250809,229
4251,42,40,-1.0190119420284047,295
4252,39,43,1.9236210935660958,400
4253,41,41,-3.6669634965792373,251
4254,56,26,7.998315113686179,240
4255,32,50,-1.3357101458384868,358
4256,30,52,-10.696346951036556,343
4257,34,48,-8.952670413546226,327
4258,36,46,-4.183889973003755,244
4259,30,52,-3.6395396947641867,330
4260,43,39,3.5389478369096476,268
4261,44,38,5.3358611276776475,244
4262,47,35,-0.5227344956188711,259
4263,25,57,-7.184326246103311,434
4264,38,44,4.554255118514829,260
4265,20,62,-9.884436368045604,277
4266,36,46,-2.762731884129676,342
4267,53,29,7.457336137058694,219
4268,25,57,-11.5455994460116,257
4269,40,42,0.6469932076899243,307
4270,57,25,9.902729938247882,329
4271,44,38,3.369510817756504,280
4272,33,49,-3.95308788514175,225
4273,36,46,-3.917137101734774,333
4274,45,37,3.0499726706717993,418
4275,31,51,-2.3915221768495623,190
4276,44,38,0.49157004732945836,182
4277,45,37,1.6865956573327392,300
4278,26,56,-8.517828404418823,333
4279,37,45,-2.556033529745331,275
4280,40,42,-0.14229869662834493,261
4281,13,69,-18.593622940817635,357
4282,42,40,-2.076662874843997,209
4283,47,35,2.4866205768693557,236
4284,45,37,2.378664345810608,455
4285,46,36,3.1438155446732003,251
4286,53,29,9.671369828257319,264
4287,54,28,7.295129008866397,220
4288,48,34,3.9797726358651264,235
4289,50,32,4.636611745083615,224
4290,43,39,1.220630849909158,168
4291,47,35,4.9673912358473835,239
4292,58,24,8.531290663938684,306
4293,29,53,-6.845196185824264,362
4294,47,35,3.9490487159695413,273
4295,43,39,1.4529180442268215,268
4296,33,49,-6.497190445819947,266
4297,35,47,-1.8740544187516794,311
4298,38,44,-3.2737091270588903,265
4299,43,39,-2.3691786815694997,286
4300,38,44,-0.6065492659914121,238
4301,48,34,5.724026203927441,368
4302,33,49,-7.680428174496523,231
4303,35,47,1.753346743072516,131
4304,35,47,-1.2487046517426479,277
4305,64,18,6.605288588134097,295
4306,35,47,-1.1875336443304556,254
4307,25,57,-3.4415252140046855,305
4308,37,45,-0.46878674162589,164
4309,18,64,-13.109224726225696,371
4310,43,39,0.15330612955282494,281
4311,48,34,3.192662391098496,287
4312,46,36,-0.618804668210157,268
4313,33,49,-5.329607755591538,251
4314,38,44,0.6797776278381706,286
4315,37,45,-0.34297298480940286,245
4316,36,46,1.4390788913935946,359
4317,33,49,-2.1765764599865136,280
4318,42,40,1.1992929675918258,287
4319,47,35,0.33590994499842797,330
4320,27,55,-8.498554471648744,178
4321,33,49,-6.858220611068486,404
4322,38,44,-2.9749753627928954,254
4323,41,41,6.0834736294388065,361
4324,36,46,-4.373325363343572,288
4325,39,43,1.8002947776504765,333
4326,57,25,7.734886824134608,302
4327,47,35,-3.2808811417185963,203
4328,22,60,-6.170158563948365,327
4329,40,42,-0.2933492876805228,283
4330,51,31,6.272919347102123,141
4331,54,28,3.966470916243032,213
4332,40,42,1.8828690115829572,136
4333,34,48,-3.0463214354691477,288
4334,42,40,0.75446626867593,211
4335,52,30,7.78195802641071,283
4336,53,29,8.518624742958966,263
4337,34,48,-3.5049785253637746,287
4338,45,37,5.369668585839755,262
4339,49,33,4.7043044474366225,255
4340,30,52,0.8332467591983069,293
4341,45,37,6.847324895036081,203
4342,44,38,3.5376944915669974,260
4343,45,37,2.4719580365298737,320
4344,37,45,0.9913697133290825,279
4345,36,46,-3.057219678221861,381
4346,22,60,-10.839200363907802,299
4347,55,27,10.283221686182666,179
4348,43,39,-3.0574701402964033,381
4349,43,39,1.0580868738962845,276
4350,42,40,-1.9177258058796818,236
4351,36,46,-6.305256870811549,330
4352,51,31,5.153177536382788,252
4353,48,34,5.592856813393274,290
4354,43,39,3.3350182224403784,246
4355,26,56,-9.352140323301843,308
4356,49,33,2.9899596655888616,294
4357,46,36,0.5818029028816223,376
4358,24,58,-8.431223079009152,291
4359,45,37,5.546756761365978,356
4360,50,32,2.7896758005189914,205
4361,43,39,-2.7938654740261746,270
4362,29,53,-8.407903798737252,235
4363,37,45,-1.3846936645846406,314
4364,31,51,-6.316028119820634,228
4365,35,47,-6.275378274820385,293
4366,43,39,-3.800917275026146,300
4367,30,52,-5.319904466735411,368
4368,22,60,-7.706407134950196,233
4369,27,55,-10.03143095960972,358
4370,30,52,-5.747741599215089,289
4371,38,44,-4.826786481247865,230
4372,46,36,-0.14369672317001464,323
4373,53,29,6.418485850438463,229
4374,39,43,-1.3066551086815492,297
4375,31,51,-9.543147920056887,350
4376,48,34,5.209813750566954,237
4377,40,42,-2.854801957174539,304
4378,25,57,-9.862336752474596,285
4379,48,34,3.6584852550803637,312
4380,42,40,-2.474093064001016,322
4381,38,44,-0.14618829282403936,266
4382,28,54,-4.92590241828999,268
4383,36,46,-5.0640079902789035,259
4384,37,45,-1.734219604563963,309
4385,42,40,0.6801925412560119,210
4386,42,40,2.172943984382171,211
4387,33,49,-6.199407518226225,299
4388,56,26,9.145094381844336,238
4389,43,39,-1.4315317061469781,215
4390,31,51,-3.952570911876793,418
4391,45,37,3.862416124188405,350
4392,47,35,8.544327737858389,261
4393,39,43,1.9080692924120055,242
4394,60,22,12.289254586443766,153
4395,37,45,0.3464814436143837,291
4396,44,38,3.0534878308821773,275
4397,44,38,4.116978703185417,180
4398,45,37,-2.3711558229421055,333
4399,44,38,1.9128036773186545,252
4400,36,46,-3.7630500938452296,257
4401,40,42,2.6544913000199117,230
4402,45,37,7.224544793759673,276
4403,23,59,-12.410336577943,372
4404,42,40,-2.0092408909529933,261
4405,37,45,1.4436306707074804,167
4406,34,48,-4.438327276221683,274
4407,24,58,-8.561963264616109,337
4408,31,51,-1.8626645092640903,272
4409,54,28,10.373053828355905,213
4410,50,32,7.266213263625085,310
4411,39,43,-0.2094793621232756,236
4412,56,26,5.20690712557939,318
4413,52,30,7.551755413383336,326
4414,31,51,-4.099894591877566,241
4415,29,53,-6.4060090989287515,321
4416,40,42,0.13433093774078372,299
4417,40,42,-6.209324434174208,276
4418,38,44,-2.0385114694415334,272
4419,48,34,1.4067434871804039,280
4420,47,35,-1.2907599135922065,247
4421,45,37,1.2897163273264134,269
4422,31,51,-5.642207223657861,270
4423,37,45,-2.4465884073837585,273
4424,34,48,-6.786658200665052,369
4425,60,22,13.821691212266318,166
4426,28,54,-5.190615801668689,327
4427,25,57,-8.79641207295155,164
4428,32,50,-2.6897223483111308,235
4429,52,30,8.126097779633595,283
4430,50,32,4.284979487545832,260
4431,42,40,-0.47188302393084713,278
4432,58,24,8.674315054035903,215
4433,62,20,9.658777869845943,221
4434,33,49,-3.048139922256276,221
4435,39,43,-4.144042990740573,336
4436,50,32,3.333087327814881,401
4437,36,46,3.3535056511336694,270
4438,29,53,-7.497314852417434,307
4439,32,50,-5.668128924167294,179
4440,20,62,-15.846143344944064,293
4441,42,40,2.0831852096431915,136
4442,52,30,4.165352251032841,250
4443,48,34,3.8631256398670617,232
4444,41,41,-2.4058296097752696,321
4445,45,37,1.0159047749198926,322
4446,37,45,-5.496911144613153,226
4447,31,51,-7.704210950956797,286
4448,53,29,7.0398189176120605,249
4449,26,56,-7.086938771550686,254
4450,39,43,-4.960303275032062,244
4451,46,36,1.8838670375112359,207
4452,32,50,-8.71839042791837,349
4453,37,45,-1.5254824411967762,202
4454,34,48,-3.2371748532749782,269
4455,30,52,-7.226755979063702,348
4456,27,55,-8.987922136673813,236
4457,49,33,0.022749441941816086,247
4458,25,57,-11.009667528549825,335
4459,34,48,-1.7510077584155528,319
4460,30,52,-5.712061313205234,210
4461,35,47,-2.527065584929838,332
4462,41,41,-2.126031211488194,240
4463,37,45,-2.799934269700775,192
4464,46,36,-0.07007398691908534,271
4465,40,42,0.7342081663041983,232
4466,25,57,-8.043952389839124,178
4467,39,43,-4.397539257371942,383
4468,42,40,-4.4863142225441965,316
4469,34,48,-6.3002145252729385,267
4470,38,44,-4.860579756576179,291
4471,54,28,2.3967875061350816,206
4472,48,34,1.8930189296689552,259
4473,51,31,1.1818664138265302,211
4474,48,34,1.9089104400202879,246
4475,53,29,5.346185223351177,220
4476,35,47,-3.211331012473403,247
4477,49,33,3.703108460727971,268
4478,39,43,1.0278326992597893,197
4479,52,30,8.5807852600332,283
4480,35,47,-3.4278703756607567,206
4481,20,62,-14.499113279479102,412
4482,25,57,-4.768032138002525,313
4483,43,39,1.189239871549581,280
4484,41,41,2.2961479759678194,259
4485,50,32,5.274176132688743,267
4486,28,54,-3.4273732424012735,335
4487,47,35,7.19869430459423,255
4488,46,36,3.654350039313944,383
4489,40,42,1.1152701975363921,225
4490,55,27,5.190947856425967,311
4491,50,32,3.959943548473298,270
4492,40,42,2.022733593737116,268
4493,35,47,-4.534258028936972,386
4494,42,40,1.6626371947212297,327
4495,64,18,14.90699515350298,177
4496,41,41,6.810293426237655,274
4497,40,42,-0.8394843845252953,238
4498,28,54,-8.211057042437945,391
4499,28,54,-9.244590785750175,278
4500,24,58,-12.756037565307032,226
4501,33,49,-7.2434024887375,335
4502,38,44,-1.9736105893496514,158
4503,42,40,-0.08126494310930447,269
4504,52,30,6.401160487651069,212
4505,53,29,4.072110612984333,248
4506,42,40,-0.9652822578599984,221
4507,35,47,-4.2939586674385115,246
4508,28,54,-6.464956458970765,273
4509,33,49,-1.5247875955711514,261
4510,28,54,-8.794308139850566,204
4511,42,40,2.985678301772951,389
4512,46,36,6.077296103805162,252
4513,41,41,2.407636728055676,241
4514,49,33,9.717018891268289,204
4515,41,41,-2.758285839062053,291
4516,48,34,2.9778916291849655,291
4517,41,41,0.9901789140640561,277
4518,33,49,-1.26139406270385,271
4519,49,33,2.2297580847123077,207
4520,21,61,-12.675218201717842,273
4521,21,61,-11.231395962843473,328
4522,45,37,1.9669786049675044,228
4523,38,44,0.14001087850574911,266
4524,50,32,2.891835962394486,307
4525,48,34,5.6800077640767075,242
4526,53,29,5.751777107553922,191
4527,37,45,-0.6486124304327722,266
4528,60,22,9.212679143987723,269
4529,58,24,12.856016861477988,315
4530,26,56,-5.863577116014032,225
4531,32,50,-5.159236665554423,313
4532,43,39,-4.602463239270786,193
4533,35,47,0.9927267357373724,173
4534,51,31,9.072261129087346,221
4535,56,26,9.855752489556592,222
4536,30,52,-4.762891923710671,226
4537,14,68,-11.034269289627613,220
4538,35,47,-3.0518204787267296,235
4539,41,41,0.8929246634229738,212
4540,26,56,-5.349255327205812,266
4541,48,34,3.8916996491563003,201
4542,40,42,1.753548013320289,271
4543,43,39,1.845597491079447,232
4544,47,35,6.17795084355209,263
4545,18,64,-13.35392053648209,403
4546,27,55,-7.408134252335986,209
4547,38,44,-0.8663140872541882,212
4548,45,37,-0.05713795622087924,244
4549,26,56,-9.038790342162502,360
4550,52,30,3.8836923789355122,190
4551,39,43,-1.9556900853595296,288
4552,46,36,1.6663487050445764,327
4553,47,35,6.271497156896337,227
4554,45,37,4.593939911557866,236
4555,55,27,6.386986459079547,194
4556,39,43,-3.60391227075288,227
4557,40,42,-5.1035664328346995,372
4558,41,41,1.1986502702164106,271
4559,21,61,-12.82225063059996,283
4560,55,27,6.830272436315689,320
4561,31,51,-5.128198254465381,247
4562,36,46,-2.3476058733166436,234
4563,55,27,7.050058991568879,311
4564,46,36,7.093012712382804,200
4565,35,47,0.7173323385306839,306
4566,24,58,-11.916920268546018,251
4567,35,47,-4.316186935054216,267
4568,38,44,0.28767997416762114,267
4569,61,21,14.501252440105922,150
4570,32,50,-3.5035823923577225,311
4571,49,33,6.592083420566934,307
4572,59,23,6.909430365478006,291
4573,40,42,-3.7248836725213885,377
4574,35,47,-1.3516771684240572,256
4575,50,32,9.959652271893756,291
4576,24,58,-8.044536803795788,286
4577,37,45,-1.1427007222616885,361
4578,44,38,-5.105308317290686,341
4579,42,40,0.4033407525634587,272
4580,23,59,-11.469450809946672,413
4581,37,45,-0.6500424393820484,348
4582,39,43,-1.4953383054288425,298
4583,22,60,-3.7626271910813203,317
4584,28,54,-8.746454027912653,272
4585,16,66,-16.039434704241742,406
4586,21,61,-9.910560240385648,402
4587,38,44,-0.415574812439151,270
4588,41,41,-1.5369593779194437,281
4589,31,51,-2.2362184148718027,264
4590,31,51,-6.8794814669159905,264
4591,38,44,-0.46700453057649255,216
4592,34,48,-0.35882406966483427,299
4593,30,52,-3.9581638798474605,280
4594,31,51,-1.8309301407211132,294
4595,44,38,5.123842614408757,275
4596,50,32,5.214631071293186,224
4597,39,43,-1.6960389394139754,307
4598,51,31,5.951460541292627,220
4599,44,38,3.260530461433655,245
4600,40,42,-3.6136877263128326,245
4601,26,56,-10.844121941209787,327
4602,39,43,0.2387560304895187,190
4603,48,34,-1.1169914918167891,236
4604,39,43,-3.3666671804129473,317
4605,42,40,-1.615178070124285,314
4606,55,27,9.451113885839865,298
4607,53,29,5.302708020380181,200
4608,22,60,-7.53771358402435,271
4609,35,47,-3.8140260112536017,243
4610,41,41,-2.1115578474120364,300
4611,20,62,-4.6473397896135396,337
4612,39,43,-3.3061977649070187,280
4613,35,47,-3.1227870547953476,321
4614,22,60,-10.826228592836076,331
4615,59,23,6.949349828190727,284
4616,38,44,-4.342336775171437,262
4617,33,49,-7.252408280770808,184
4618,36,46,-5.465862951670416,300
4619,39,43,-3.347882616658379,294
4620,43,39,-0.20337075954873685,227
4621,11,71,-14.193224912613662,327
4622,27,55,-6.660312889919676,252
4623,44,38,-4.75278063501447,348
4624,30,52,-3.4333618247356155,299
4625,32,50,-4.562636617278223,241
4626,32,50,-4.512280383040884,311
4627,38,44,-0.8460428980604356,251
4628,40,42,-0.8967115215994431,345
4629,33,49,-3.9185351960906476,224
4630,28,54,-7.788998087625298,344
4631,45,37,-1.6857627631451932,237
4632,21,61,-10.836910915369266,252
4633,43,39,-0.9798776412183224,194
4634,29,53,-7.222368903480406,493
4635,60,22,8.665452536456456,241
4636,48,34,2.3324984492413554,228
4637,38,44,-5.193029039301542,267
4638,36,46,-4.193437203523838,221
4639,33,49,-7.02003938426038,272
4640,40,42,-3.9715111848058475,219
4641,35,47,-2.7402250012504203,358
4642,55,27,5.928622547546013,202
4643,27,55,-10.138863261509842,286
4644,23,59,-7.76565015856938,170
4645,43,39,2.1338718160449868,218
4646,26,56,-11.522616435610095,403
4647,33,49,-4.4941853597848835,254
4648,37,45,-3.4740387147661878,323
4649,34,48,-4.4484479674044595,327
4650,20,62,-13.031313394930997,338
4651,40,42,0.9440992195160665,304
4652,26,56,-3.0240454166715955,342
4653,25,57,-10.263082490731506,323
4654,41,41,-0.6625350178954015,284
4655,39,43,-4.398849068100666,293
4656,36,46,-2.3937399994841093,359
4657,39,43,3.851432408926214,374
4658,25,57,-9.767669232610576,362
4659,49,33,1.354770591255692,232
4660,40,42,-1.0416141620654789,222
4661,42,40,1.4201628021957229,184
4662,42,40,-0.6820851245912815,236
4663,29,53,-6.831958520940031,324
4664,33,49,-6.643306781873434,316
4665,39,43,-2.1135898258594303,260
4666,47,35,0.9825882076384369,328
4667,26,56,-4.99583646491029,269
4668,44,38,2.7120572087053163,245
4669,49,33,4.648240903308977,299
4670,46,36,-0.04650206101533796,312
4671,55,27,6.326456828934335,223
4672,52,30,4.4987956055163085,221
4673,30,52,-9.320055347405923,286
4674,29,53,-8.206182244347977,256
4675,36,46,-6.212249462780873,313
4676,31,51,-5.73014779046987,229
4677,62,20,10.511336059397443,277
4678,33,49,-9.112478428239118,310
4679,39,43,-7.833947142787504,294
4680,48,34,4.34960280116336,213
4681,44,38,0.8223021285265338,248
4682,47,35,-0.3496898472953402,236
4683,41,41,1.4913303425023368,229
4684,44,38,2.314065655244621,189
4685,39,43,-0.9702664881273129,288
4686,26,56,-10.706127849137316,345
4687,49,33,1.415509741406671,273
4688,49,33,-0.70490490147246,245
4689,36,46,-3.864890243599402,357
4690,31,51,-7.935861403425829,283
4691,55,27,6.486094043004009,290
4692,50,32,2.956681602995335,272
4693,40,42,1.2783455992427897,247
4694,45,37,0.013405563340245555,254
4695,32,50,-2.9517788656428503,213
4696,31,51,-3.567080139947481,306
4697,30,52,-7.37591856981176,345
4698,32,50,-5.742508287078084,290
4699,48,34,5.999889569556102,229
4700,46,36,6.231165305574921,241
4701,41,41,-5.157100725141976,265
4702,27,55,-6.970215269827107,378
4703,34,48,-5.8663327411995105,303
4704,59,23,9.021970079327959,286
4705,46,36,-3.8940059217534415,234
4706,56,26,4.185301586330608,262
4707,42,40,3.0407259595093046,282
4708,28,54,-7.376251683739556,305
4709,36,46,-3.597502534840708,346
4710,37,45,-0.01248581681201773,197
4711,42,40,-0.6217159947599445,252
4712,30,52,-3.044029821325839,280
4713,39,43,-1.4635218037476243,257
4714,43,39,1.9163545843217185,342
4715,45,37,0.6860708799996528,280
4716,50,32,2.832157573840109,256
4717,38,44,-4.368752760266609,299
4718,19,63,-11.988493059729835,400
4719,34,48,-4.499938044679863,195
4720,28,54,-6.193159711902463,260
4721,43,39,2.4010299679850737,214
4722,48,34,5.221238409047069,245
4723,37,45,6.6747655192761775,267
4724,31,51,-4.705339565162187,280
4725,37,45,-2.45015051187122,466
4726,36,46,-5.520579427367153,280
4727,27,55,-4.624434399214842,304
4728,44,38,-2.6580539090639963,368
4729,26,56,-7.6538461282186345,307
4730,33,49,-7.62909729198091,241
4731,35,47,-4.5489190597821,292
4732,48,34,3.8343636909440266,220
4733,31,51,-2.3090076905869683,269
4734,33,49,-6.824617266538558,317
4735,31,51,-5.0055238301124945,336
4736,31,51,-7.872260188702792,210
4737,52,30,6.826375513608654,249
4738,47,35,2.3112368139313295,324
4739,41,41,-2.778134222156198,237
4740,20,62,-10.812601770155483,282
4741,41,41,2.542443628462046,214
4742,46,36,3.4109741608878377,240
4743,49,33,3.564722852087707,179
4744,42,40,2.0968463414792335,292
4745,47,35,3.3633078063935744,319
4746,34,48,-0.012703101701729228,304
4747,26,56,-9.20334469095406,269
4748,30,52,-6.070672769636477,326
4749,47,35,0.14292260269198148,209
4750,52,30,3.6653134365994973,196
4751,29,53,-2.104266654481455,270
4752,42,40,-0.17383579526182263,269
4753,26,56,-9.583091062950514,245
4754,24,58,-11.819537733172979,292
4755,49,33,6.4484576700217255,224
4756,33,49,-3.7125702342712925,228
4757,43,39,-0.5538012853649432,213
4758,28,54,-7.946457653680776,345
4759,41,41,-2.3630420092573727,242
4760,41,41,-1.5351634568986816,218
4761,37,45,0.6891008521266114,309
4762,46,36,2.6901278358123184,206
4763,34,48,-5.924680059376355,363
4764,59,23,5.0472664724528515,344
4765,47,35,5.155102070519501,393
4766,38,44,2.9195782132229353,315
4767,39,43,-3.937732027612505,194
4768,38,44,-4.911546888937913,273
4769,53,29,2.4278599322656027,254
4770,43,39,-1.1136317331148837,267
4771,19,63,-18.627839460267143,345
4772,50,32,2.8353626977975432,270
4773,59,23,9.760492168254697,93
4774,26,56,-5.902425942390832,395
4775,39,43,0.9372749619415348,218
4776,20,62,-13.943179689523765,395
4777,43,39,1.58163951443487,375
4778,62,20,10.349607425515083,198
4779,59,23,6.661693826301453,168
4780,31,51,-3.75598721317569,230
4781,38,44,-3.3625864208455494,329
4782,40,42,-0.5251679832721221,256
4783,38,44,-2.6850902643412877,168
4784,45,37,0.08708563475330411,285
4785,34,48,-5.871681180240463,177
4786,42,40,1.3074407821246607,211
4787,35,47,-2.9186702870781436,175
4788,37,45,-1.5483619002985993,260
4789,38,44,3.8534146124581783,321
4790,30,52,-4.097688343969187,246
4791,49,33,4.044222013123404,359
4792,21,61,-6.432886402262048,259
4793,37,45,-1.028439107508539,272
4794,54,28,4.629169559410551,164
4795,57,25,15.91644871695069,255
4796,47,35,-0.3648474205031674,245
4797,40,42,-1.1215067401600722,291
4798,32,50,-6.397189554076098,261
4799,43,39,1.2930679938518357,258
4800,52,30,7.8383581957023125,148
4801,44,38,-2.717114270597369,198
4802,42,40,4.535717833093787,269
4803,50,32,2.016630358152624,235
4804,55,27,6.928805690436107,148
4805,30,52,-6.406385519221507,350
4806,24,58,-9.036998141010244,348
4807,54,28,8.48671172142893,187
4808,41,41,-1.651109133930096,278
4809,37,45,-1.6379575721727342,286
4810,39,43,-1.2660309474127942,308
4811,61,21,12.444956590966997,243
4812,48,34,3.1276892424701597,224
4813,45,37,-0.3888383526602886,286
4814,49,33,1.5958170021464029,291
4815,36,46,-1.4725930977760624,286
4816,33,49,-2.746654545720513,300
4817,36,46,-1.5442566114849023,212
4818,42,40,-0.9127413976315791,254
4819,45,37,8.750047917863316,300
4820,46,36,3.1487241763125122,311
4821,38,44,-1.5425611228159781,297
4822,52,30,5.927576230629818,349
4823,51,31,3.338931354872652,350
4824,55,27,6.518175651680849,286
4825,40,42,-2.3032150382282683,209
4826,47,35,2.082324207447228,307
4827,49,33,7.95856847758218,269
4828,53,29,6.053829254711993,206
4829,41,41,1.11873283777145,245
4830,52,30,12.33411765118002,150
4831,41,41,7.673389912070285,319
4832,47,35,1.5190093185886673,359
4833,41,41,-3.947765713039921,346
4834,58,24,7.2983696406975085,173
4835,43,39,1.8185901933758035,259
4836,41,41,3.3304214758184143,269
4837,30,52,-3.610119358916793,231
4838,44,38,3.5374919120311565,291
4839,44,38,0.7514042358112264,234
4840,51,31,2.213306027371869,237
4841,44,38,1.4399470126242329,309
4842,49,33,2.1305078198762626,227
4843,35,47,-4.69974700062191,330
4844,37,45,-5.120833473670509,276
4845,27,55,-7.413142920015403,287
4846,33,49,-5.3733066739747635,423
4847,41,41,4.426761530679657,271
4848,37,45,-0.8682011921427178,234
4849,32,50,-5.105960605634667,261
4850,55,27,6.953102027049919,175
4851,44,38,0.09071323270325712,300
4852,33,49,-8.888583730204752,271
4853,49,33,2.489793821464352,300
4854,31,51,-6.3108888837999215,309
4855,66,16,11.293088139007077,174
4856,43,39,1.6879473381706047,262
4857,36,46,-3.2410675816557766,265
4858,22,60,-11.832720617026688,375
4859,45,37,0.12181395398598625,293
4860,45,37,6.452411640457144,225
4861,43,39,-1.0317706876336576,254
4862,46,36,3.4274997955064674,229
4863,52,30,3.807781429383377,104
4864,24,58,-13.446486718428435,372
4865,35,47,-4.910286605602192,246
4866,22,60,-13.061119130804869,271
4867,33,49,-5.158632297665225,370
4868,27,55,-10.246495035984452,320
4869,36,46,-2.1632138105224694,306
4870,51,31,6.168833246187981,228
4871,44,38,2.07924180525741,324
4872,31,51,-3.318164402942484,323
4873,26,56,-7.2951387997483055,352
4874,55,27,4.598123461913801,302
4875,32,50,-1.1950578652712716,230
4876,30,52,-3.8113330758744413,281
4877,49,33,7.599410613484511,223
4878,31,51,-4.096030331383617,168
4879,27,55,-9.814392140839551,350
4880,30,52,-7.615232065981722,186
4881,45,37,4.043222704228433,295
4882,34,48,-2.5125704285503714,146
4883,44,38,-1.2267660514067846,186
4884,37,45,-0.6995203985453124,223
4885,50,32,5.2163809477827465,170
4886,36,46,-0.2561427835719652,277
4887,31,51,-6.093422067147715,284
4888,48,34,6.526750027302038,153
4889,51,31,4.393140560335533,210
4890,41,41,-4.372304575449645,387
4891,27,55,-7.158381652450086,233
4892,56,26,8.816649376108117,292
4893,22,60,-7.449337023831642,196
4894,33,49,-3.682717893441717,248
4895,55,27,16.963695736404492,135
4896,26,56,-8.646859155139577,344
4897,30,52,-1.5016282585911813,233
4898,43,39,2.4474233360999187,249
4899,48,34,2.491577349082026,261
4900,24,58,-11.539310139897928,283
4901,23,59,-9.905025174130824,244
4902,44,38,1.1893811595954027,306
4903,44,38,4.046298524235957,319
4904,37,45,-0.04748619996326042,240
4905,51,31,4.721800827852242,273
4906,38,44,-4.379305914650904,340
4907,31,51,-5.3959666770384365,301
4908,51,31,8.223621037915018,260
4909,45,37,-0.12872491433180516,197
4910,44,38,2.318781878839154,215
4911,40,42,-0.3619313864603477,229
4912,39,43,0.7978699201726032,256
4913,35,47,-2.2258542698307853,329
4914,35,47,-2.227084609508262,366
4915,30,52,-6.8275494688703935,313
4916,23,59,-10.16218270965863,297
4917,22,60,-12.330738442985702,229
4918,29,53,-5.493335321923518,219
4919,34,48,-6.71204453743084,239
4920,41,41,-3.9412568084437716,301
4921,60,22,11.228454327445535,275
4922,22,60,-9.367134673055942,329
4923,23,59,-12.064855042692576,280
4924,28,54,-9.694229846965253,445
4925,28,54,-12.18372649876618,296
4926,41,41,-0.002632547108879453,279
4927,39,43,-1.043345015185155,204
4928,36,46,-2.9877409134353425,196
4929,44,38,0.5759146241546222,360
4930,45,37,-1.580479080536797,295
4931,60,22,5.493224868004778,270
4932,25,57,-10.262576029095928,380
4933,27,55,-9.76244318315647,398
4934,44,38,1.5562174601876966,239
4935,37,45,1.998103390582622,256
4936,29,53,-3.7188822481077093,256
4937,38,44,-4.529771771661345,279
4938,28,54,-6.98597768192256,232
4939,51,31,7.803251993724046,249
4940,42,40,0.7641791445102022,234
4941,29,53,-6.5735977738707145,399
4942,33,49,-4.70060799956103,258
4943,55,27,7.538771616496283,205
4944,49,33,1.164663230119286,187
4945,40,42,5.70844346269018,236
4946,41,41,-0.21027140169027425,195
4947,37,45,-6.810445828511851,238
4948,35,47,-5.289935171982653,241
4949,48,34,1.4049706021032444,385
4950,37,45,1.7451170459564778,304
4951,30,52,-1.788728574327787,323
4952,59,23,9.273215992644525,259
4953,29,53,-8.842678162193481,257
4954,38,44,-0.6654122963378049,275
4955,48,34,4.349246465869346,174
4956,30,52,-11.72908658035068,275
4957,17,65,-9.614931062395884,294
4958,35,47,-3.446623395932978,286
4959,36,46,-1.9610426099761042,249
4960,24,58,-11.82269834960274,335
4961,57,25,8.334187593127908,220
4962,45,37,2.771493773748083,279
4963,45,37,0.30240972412279726,321
4964,41,41,2.244778508011688,301
4965,41,41,1.1139421411109098,219
4966,37,45,-3.3477817014670688,249
4967,36,46,-3.2321347995332417,249
4968,46,36,4.411525298292982,180
4969,36,46,-1.687480852641534,274
4970,50,32,5.729346375651193,253
4971,24,58,-9.703222892169489,315
4972,33,49,-5.263805248916103,304
4973,38,44,-1.6402481857669604,196
4974,32,50,-7.0170894307875615,332
4975,45,37,-0.5848413439667303,277
4976,47,35,-0.046454334865027515,196
4977,45,37,1.5803597282356536,253
4978,46,36,-3.345992671944049,330
4979,38,44,-1.7228883266034611,294
4980,34,48,-3.0670353161139077,369
4981,53,29,7.939702723460852,302
4982,24,58,-10.78782840721095,279
4983,24,58,-6.4411077090608995,330
4984,36,46,-4.374641156394261,381
4985,37,45,-2.8440775577121546,244
4986,32,50,-3.3795968158563707,261
4987,58,24,5.659125405264261,234
4988,44,38,5.656790816826439,258
4989,41,41,-2.8418023967193133,204
4990,40,42,0.6359342949543156,209
4991,36,46,-5.3016015587541245,335
4992,26,56,-8.779094067761806,317
4993,48,34,5.4506198668584585,311
4994,46,36,3.955911641867542,263
4995,43,39,-0.4983535358302531,236
4996,36,46,-6.763478975748781,333
4997,38,44,-3.8314705559391387,246
4998,51,31,3.4879339008882653,293
4999,42,40,-0.1591910649485765,257
5000,24,58,-12.910021869628423,215
5001,25,57,-5.7882190296515015,297
5002,38,44,-2.9501417906374856,290
5003,52,30,6.314254523228605,292
5004,27,55,-7.261479121904591,212
5005,32,50,-5.343990268772894,366
5006,36,46,2.9681193219797626,264
5007,30,52,-4.4144349153210625,203
5008,40,42,-3.6919478975148436,268
5009,56,26,2.492630911892897,184
5010,44,38,2.739470212093169,294
5011,28,54,-7.042550824597516,268
5012,42,40,0.6228311100274116,182
5013,38,44,-2.032392188286383,286
5014,38,44,-2.191244114633384,356
5015,47,35,1.816190068606885,227
5016,33,49,-3.7646999139711332,302
5017,38,44,-2.3970182887661635,272
5018,26,56,-10.652406371780481,343
5019,39,43,-0.37558623724908424,231
5020,52,30,8.15355883570967,187
5021,37,45,-6.880669781642105,200
5022,38,44,-4.730204794989513,381
5023,42,40,-2.416890900146275,306
5024,39,43,-0.09942433170012185,295
5025,52,30,7.906400660789117,362
5026,37,45,2.782907789146916,394
5027,39,43,-0.596192287719534,335
5028,38,44,-0.5308564097464101,230
5029,34,48,-4.32021253479283,326
5030,48,34,2.789571458117651,210
5031,43,39,2.5821860604144433,193
5032,48,34,4.736876819402159,220
5033,42,40,0.6610056092390111,318
5034,34,48,-2.189561521860768,257
5035,52,30,6.303742215686369,274
5036,32,50,-3.2882535340061327,208
5037,34,48,-3.9421200321149876,304
5038,59,23,14.581389994108914,331
5039,40,42,-1.419878529644832,309
5040,32,50,-10.687273609670264,305
5041,42,40,-1.9073326444111127,343
5042,22,60,-9.737539392605374,264
5043,33,49,-4.965578412797623,234
5044,32,50,-2.738024437869246,250
5045,44,38,4.282090304280781,264
5046,20,62,-11.200155309984648,294
5047,50,32,7.668560880988384,267
5048,39,43,-4.758070288793268,239
5049,41,41,1.5399300893978742,353
5050,38,44,1.615237956769151,289
5051,45,37,-3.1806156498054614,297
5052,44,38,4.0774543328365755,330
5053,31,51,-5.125368391504158,254
5054,57,25,7.488882452759212,219
5055,41,41,-1.7620068200620704,294
5056,47,35,2.308972765640755,288
5057,47,35,-0.06711294157025673,254
5058,51,31,1.0996630518691848,149
5059,23,59,-10.53984763930935,202
5060,52,30,4.9969990157198225,247
5061,47,35,2.029267737273247,243
5062,35,47,-2.261064838785771,273
5063,36,46,-5.909122706450395,270
5064,43,39,1.4933615793860118,295
5065,28,54,-3.8063486233280592,384
5066,28,54,-6.793277044304785,271
5067,53,29,6.245657000283023,257
5068,40,42,-4.246213977257034,312
5069,30,52,-1.9699391101177097,219
5070,34,48,-5.226525222390752,247
5071,49,33,2.0112133621332458,252
5072,46,36,3.720951903041511,212
5073,30,52,-6.534579921990913,287
5074,35,47,-6.181082384871222,401
5075,40,42,-0.8387234442848975,214
5076,42,40,-3.158363275197566,351
5077,37,45,-1.6793061620180652,289
5078,39,43,-1.8082197253851797,207
5079,35,47,-2.236427497759585,246
5080,28,54,-8.23918062181298,310
5081,50,32,4.895037915375782,281
5082,37,45,-0.8713467251024912,214
5083,49,33,1.927440926102285,258
5084,38,44,-3.320428173871133,247
5085,39,43,2.433711469357114,284
5086,27,55,-7.950633436602657,225
5087,42,40,1.983192154355303,370
5088,54,28,4.2632637473624095,284
5089,23,59,-8.83493035398523,355
5090,41,41,-2.5692866261690854,359
5091,36,46,-2.9503173414820814,270
5092,24,58,-4.634207072423801,280
5093,45,37,0.006875744184954903,336
5094,43,39,1.6817206429130611,250
5095,41,41,-2.7482782833300425,309
5096,48,34,3.4911053814566815,295
5097,67,15,9.586914161727485,263
5098,38,44,-2.4966068925856333,294
5099,52,30,2.2876921383262028,184
5100,33,49,-4.879592773776704,218
5101,43,39,3.6267907977382388,290
5102,50,32,6.267885466065518,239
5103,24,58,-10.34511350921021,360
5104,49,33,3.1250142666088228,154
5105,45,37,5.088181860343428,273
5106,46,36,2.0933457609604647,219
5107,34,48,-7.8150633297335075,314
5108,42,40,2.6140721388593517,172
5109,39,43,-4.087087815585124,294
5110,37,45,0.19054093824042495,213
5111,40,42,0.42616389188646053,240
5112,30,52,-3.39532107847178,378
5113,18,64,-12.338464292746263,409
5114,44,38,2.9631333399745636,196
5115,50,32,3.5217067734349463,270
5116,43,39,2.008058325719436,234
5117,46,36,4.164820412047219,230
5118,38,44,-2.8922465842701945,273
5119,36,46,-0.6194359266811708,218
5120,51,31,5.789380313782693,270
5121,44,38,1.4388517041124134,235
5122,43,39,3.019629563360668,170
5123,31,51,-4.96191486221628,176
5124,25,57,-10.134134291833337,204
5125,52,30,2.2915192066776666,319
5126,40,42,2.7786427925087915,294
5127,26,56,-9.495231873541785,312
5128,35,47,-6.109872618714726,277
5129,37,45,-3.3153924958942804,259
5130,58,24,10.589071878953481,204
5131,46,36,-1.6746137618115333,275
5132,39,43,-2.545445670191798,284
5133,41,41,0.5757905199066982,346
5134,49,33,6.31191854703849,253
5135,43,39,-3.460994972880882,310
5136,25,57,-10.708140958010034,357
5137,38,44,-0.643137391266481,311
5138,53,29,4.877165365727843,238
5139,38,44,-3.139128776190284,365
5140,39,43,2.873056314607498,302
5141,26,56,-11.377402318471875,299
5142,26,56,-5.211904511477906,417
5143,39,43,1.5583059815145883,249
5144,47,35,5.57237193558446,258
5145,46,36,-0.29160944322430754,349
5146,40,42,-2.098467583210264,361
5147,33,49,-5.7795113773550195,284
5148,43,39,2.8795379011361164,237
5149,34,48,-2.0864687348873203,304
5150,43,39,-1.436802208927732,290
5151,33,49,-1.3437519600461905,315
5152,42,40,-4.002724862276028,151
5153,35,47,1.088569079085643,173
5154,43,39,4.24461577610759,268
5155,37,45,-1.6205609499913536,227
5156,55,27,7.232560000270716,194
5157,41,41,1.8318278350592017,314
5158,49,33,5.234757439184763,157
5159,35,47,-5.960983275092408,293
5160,33,49,-8.47124940323869,307
5161,43,39,-0.9088263409043863,224
5162,35,47,-2.5301071097435957,299
5163,22,60,-5.443278296311932,250
5164,37,45,-5.755899794579177,370
5165,42,40,-4.2879399606410855,401
5166,43,39,4.648961505401449,239
5167,22,60,-8.170847854641508,354
5168,33,49,-4.192150054622037,304
5169,47,35,-1.7938125966896763,251
5170,30,52,-6.522997530574962,373
5171,37,45,-3.3859426210203343,272
5172,25,57,-7.422464992183841,184
5173,27,55,-6.200725500184611,261
5174,35,47,-5.562198622754138,425
5175,52,30,3.5895587657120624,167
5176,50,32,4.628045842053093,299
5177,27,55,-2.749077132366688,206
5178,38,44,-4.840345793658284,260
5179,51,31,5.6929150405924585,192
5180,39,43,3.202847182657191,245
5181,34,48,-2.604183212979319,292
5182,41,41,-2.1434650916150013,267
5183,41,41,-2.202906253175631,274
5184,28,54,-2.5845836388430454,318
5185,44,38,-0.8029509333313742,269
5186,36,46,-7.74690989788788,316
5187,55,27,4.44593375668835,222
5188,62,20,8.241472275701001,194
5189,36,46,0.2461480081136782,252
5190,50,32,3.827752344089893,274
5191,50,32,6.795182362429614,285
5192,48,34,-1.0075425199079273,245
5193,43,39,3.1790880876952716,247
5194,37,45,-3.2958942157601108,351
5195,43,39,5.465527811936403,329
5196,31,51,-5.251566429791613,274
5197,31,51,-3.1713513543089613,313
5198,33,49,-3.871933465025369,257
5199,27,55,-12.618508934713825,289
5200,36,46,-0.7071757104044114,215
5201,40,42,-2.46401228661911,318
5202,28,54,-9.010881615139049,205
5203,35,47,-0.3438000267607866,221
5204,46,36,5.455156022287139,234
5205,27,55,-6.601931902808513,281
5206,43,39,2.553974329108425,287
5207,67,15,11.352054740865277,247
5208,34,48,-5.69916237638265,242
5209,29,53,-4.542279242665469,277
5210,50,32,8.781775693335188,222
5211,47,35,0.7510056129920972,307
5212,40,42,-3.8287073111104806,207
5213,49,33,0.6350992075344799,288
5214,32,50,-5.954162162457263,279
5215,56,26,7.659441580858799,257
5216,54,28,10.541879929734298,222
5217,48,34,3.9911466719725124,200
5218,46,36,-1.8278344306244492,239
5219,53,29,5.298814068510184,224
5220,43,39,2.469898983018091,314
5221,51,31,3.205196267392396,167
5222,51,31,5.256246277644019,299
5223,35,47,-2.5785252238492506,373
5224,27,55,-4.395311600420994,317
5225,31,51,-4.907772781950412,357
5226,39,43,-2.481985796693976,275
5227,47,35,4.240789937798845,235
5228,57,25,7.201682319905809,200
5229,37,45,1.1922061501892876,274
5230,36,46,-4.757991654484637,236
5231,44,38,3.511051617405171,180
5232,42,40,2.1220853094238272,228
5233,41,41,-0.06861786351854919,283
5234,32,50,-7.362415835438785,286
5235,40,42,2.0162711473744257,264
5236,43,39,-1.4544627262117782,294
5237,30,52,-7.615234061932322,265
5238,44,38,-1.1242836212720944,347
5239,40,42,-3.9849001002433373,278
5240,44,38,2.7937035007261235,185
5241,51,31,3.6197034258897136,290
5242,33,49,-2.5607148074869923,246
5243,32,50,-2.2126800449331805,331
5244,45,37,2.2227765650683167,276
5245,14,68,-19.01119344759026,297
5246,27,55,-10.451116211016307,378
5247,36,46,-5.94073404781293,201
5248,41,41,-2.0046895877428175,233
5249,53,29,4.7689112490711425,204
5250,28,54,-8.423807092590295,368
5251,20,62,-10.047130121159748,267
5252,28,54,-7.812624663053738,311
5253,55,27,6.696578615451684,260
5254,34,48,-1.4937262389354384,264
5255,44,38,3.633777108356593,190
5256,33,49,-4.822705579965387,319
5257,14,68,-9.949267863254102,371
5258,38,44,-2.201831285977303,254
5259,50,32,4.603828953070309,281
5260,29,53,-4.68157082522671,308
5261,60,22,9.974623145355698,253
5262,31,51,-6.496547611354394,295
5263,37,45,-3.3238580752996167,199
5264,31,51,-7.065785119145805,258
5265,38,44,-2.6395762493720656,199
5266,45,37,4.031122571383065,243
5267,36,46,-2.2354253747096466,281
5268,41,41,-4.491604847317638,281
5269,57,25,11.334972443829933,255
5270,28,54,-5.7084728657370505,200
5271,51,31,6.214269340419044,226
5272,33,49,-0.9759074893526785,275
5273,38,44,-4.494234201275615,362
5274,27,55,-8.78428769550142,266
5275,45,37,-0.8577298758253323,234
5276,31,51,-6.934682767599329,259
5277,24,58,-11.317736132851472,249
5278,47,35,6.352925334877715,227
5279,32,50,-5.443901607510718,175
5280,35,47,0.21322275073773556,279
5281,37,45,-2.4096764797334393,295
5282,36,46,0.14117734220904532,225
5283,20,62,-10.430178937133753,385
5284,37,45,-4.099963981517387,281
5285,44,38,3.890608702422468,160
5286,29,53,-7.77450093081934,296
5287,37,45,-5.655794681920698,352
5288,25,57,-8.654126702091327,287
5289,42,40,1.8688058600655664,298
5290,42,40,0.7505704299531174,328
5291,46,36,1.851318143775457,282
5292,38,44,-4.0292012627235,278
5293,35,47,-6.3530955865385,270
5294,28,54,-8.222139768806557,304
5295,41,41,-1.0858048981535562,365
5296,52,30,5.336533452716858,210
5297,40,42,1.5258214702375141,207
5298,28,54,-6.655205949485629,306
5299,51,31,3.754868383085838,171
5300,62,20,11.92334618774899,293
5301,53,29,9.360918962788292,314
5302,34,48,-9.098262716243639,281
5303,41,41,-1.0222425533067525,267
5304,41,41,1.0593693388861856,292
5305,34,48,-5.777300502806832,202
5306,38,44,3.2605935221083175,349
5307,43,39,2.2050913070144578,218
5308,29,53,-6.365842566592448,285
5309,60,22,9.217098823861745,288
5310,39,43,0.8599229898941511,415
5311,49,33,2.6720047391250215,236
5312,45,37,0.08819074460888522,290
5313,35,47,-3.485005340738939,210
5314,40,42,-3.083265283655137,255
5315,39,43,-1.1166526245566497,266
5316,30,52,-2.5998210613716233,245
5317,37,45,-2.9916203279389797,335
5318,45,37,3.2364636942877656,290
5319,34,48,-6.781364694906947,240
5320,42,40,-2.164352743107425,220
5321,40,42,-2.486927463662198,284
5322,35,47,-6.228481333721178,248
5323,47,35,1.1849404856737047,214
5324,20,62,-11.243982526862522,343
5325,53,29,7.29925925613206,201
5326,43,39,-2.7415978174090885,292
5327,34,48,-2.025938326799001,149
5328,45,37,4.878837806826455,200
5329,29,53,-5.450421052807842,316
5330,47,35,-1.7385534084411167,347
5331,14,68,-12.836667982542954,314
5332,50,32,2.8293119665263564,240
5333,36,46,-2.026608339436408,195
5334,40,42,-2.9511883980382683,246
5335,38,44,-1.8999493890103945,227
5336,45,37,-2.9724159243756993,261
5337,43,39,-1.4514239793881865,284
5338,39,43,1.2609624149034386,280
5339,26,56,-9.62305962821041,282
5340,39,43,-3.1879994367743767,378
5341,35,47,0.3269604096632852,297
5342,48,34,3.8329875872386556,232
5343,45,37,-1.5941115873118628,204
5344,37,45,-2.0101105242825246,175
5345,36,46,0.7920976448332497,265
5346,25,57,-10.608907323855393,291
5347,38,44,-0.5114567814946713,238
5348,44,38,2.2472174977861723,275
5349,38,44,2.4379697232527238,306
5350,28,54,-8.503346679225501,297
5351,39,43,2.113484190248231,258
5352,15,67,-13.752084856773715,394
5353,38,44,-1.363882013932527,180
5354,50,32,6.500537592861089,209
5355,24,58,-11.33569056506481,250
5356,34,48,-2.883406092800393,294
5357,55,27,9.909127597687322,216
5358,42,40,-1.4689768335678273,373
5359,46,36,0.11218310739612534,247
5360,36,46,-5.2869154319936476,312
5361,39,43,-4.915882577719637,248
5362,50,32,5.281980051933892,327
5363,37,45,-8.20604592422096,337
5364,35,47,-1.3525335762963655,274
5365,38,44,1.0396030486625836,352
5366,32,50,-5.224091730136571,245
5367,44,38,2.15212980919336,204
5368,34,48,1.0017407953276178,328
5369,43,39,-2.583411139563178,278
5370,35,47,-2.211415648791423,275
5371,22,60,-10.09847731476371,268
5372,40,42,-0.7324335346928906,231
5373,42,40,4.644648510321791,277
5374,28,54,-6.619218643928856,279
5375,29,53,-5.665468207003856,315
5376,33,49,-3.255530769634872,280
5377,30,52,-6.513347270097743,329
5378,46,36,4.3922418207032585,230
5379,45,37,1.3931547306448493,215
5380,43,39,-0.27330514346004864,374
5381,41,41,5.555889026458999,298
5382,35,47,-2.806395936869771,186
5383,25,57,-13.48644617812444,412
5384,38,44,-6.464192735582372,256
5385,41,41,-1.8675558108941366,256
5386,46,36,2.755985525855535,212
5387,33,49,-3.5166235281358293,237
5388,45,37,2.4594832870663987,252
5389,60,22,10.95260180136453,217
5390,38,44,-4.435735672174439,277
5391,41,41,-0.028011070387756562,247
5392,47,35,3.509155827590417,324
5393,20,62,-12.739737378865273,304
5394,37,45,1.7525637491348858,286
5395,39,43,-6.3942466874652855,359
5396,48,34,2.116279756339289,305
5397,37,45,-4.29069197023018,223
5398,32,50,-7.972750254900273,330
5399,40,42,-2.0869550112157613,284
5400,35,47,-1.2160733328243525,266
5401,38,44,-2.343369663691216,321
5402,38,44,-3.156016370076155,272
5403,58,24,8.403588783133621,253
5404,30,52,-8.807770939548048,306
5405,34,48,-5.582086192680399,329
5406,26,56,-4.42880633622175,298
5407,44,38,3.6421540564091437,281
5408,31,51,-4.658873645256419,292
5409,50,32,6.382990069664093,143
5410,55,27,9.65836639756504,228
5411,48,34,6.914654240426401,210
5412,25,57,-10.047627856511912,328
5413,28,54,-5.935422335588754,395
5414,41,41,-0.06890526114225752,199
5415,51,31,6.33349374417573,291
5416,31,51,-6.272723007373718,241
5417,53,29,7.31635362020908,216
5418,34,48,-8.672256963249502,332
5419,34,48,-4.547543689511965,250
5420,28,54,-7.777870898596794,302
5421,44,38,-1.432305338719696,390
5422,55,27,3.7497439076883308,188
5423,38,44,-3.511527214672192,300
5424,35,47,-1.9609769663047192,361
5425,34,48,-0.7298383529911565,279
5426,49,33,4.228578019095167,248
5427,29,53,-11.479656441216187,313
5428,47,35,2.229154980079588,234
5429,52,30,3.7601485313949663,250
5430,39,43,-1.1504725816071892,249
5431,54,28,6.471413253678661,253
5432,38,44,-1.975458524453061,347
5433,35,47,-4.759541912977974,260
5434,45,37,5.148971089352876,187
5435,32,50,-6.044435690717277,310
5436,40,42,-0.7731649021808129,233
5437,38,44,1.0198318082909568,278
5438,29,53,-9.348269770875024,359
5439,41,41,0.181729497387134,234
5440,36,46,-0.5299624879365904,267
5441,36,46,-1.257062116183439,296
5442,39,43,1.4198457698435112,331
5443,43,39,0.4864674334476683,354
5444,39,43,-2.728164490560978,267
5445,26,56,-2.7606411190980924,242
5446,31,51,-7.396364107477668,335
5447,36,46,0.27229609191604737,333
5448,46,36,3.7853780433162214,319
5449,39,43,0.19170158967929316,248
5450,22,60,-9.70203350501032,364
5451,24,58,-4.171747499449624,302
5452,17,65,-13.7856278373201,315
5453,32,50,-0.5402580160463077,320
5454,49,33,3.6219106643184893,223
5455,58,24,12.649270503985615,295
5456,47,35,5.143378729836734,238
5457,47,35,7.104511123674911,230
5458,26,56,-8.828099031359184,341
5459,27,55,-9.571849189575177,351
5460,31,51,-7.577830402189588,304
5461,28,54,-11.696108211148136,322
5462,34,48,-3.4651135995642437,270
5463,36,46,-5.259181747117111,285
5464,40,42,-1.1895332291661027,301
5465,48,34,5.013927874437753,256
5466,39,43,-1.3441496155841617,286
5467,60,22,8.185995725126462,242
5468,34,48,-3.8709529426238234,340
5469,48,34,2.962090084222459,291
5470,33,49,-4.069720606008835,216
5471,33,49,-6.873400738685044,279
5472,26,56,-9.510230769141176,321
5473,37,45,-1.6417906926901387,261
5474,42,40,-2.317098233242951,296
5475,48,34,2.7280769215419847,200
5476,41,41,4.81610643904022,247
5477,25,57,-14.47069671576811,414
5478,45,37,3.766284168167058,241
5479,24,58,-10.565980988757078,282
5480,34,48,-4.005829349217321,209
5481,44,38,6.655690539063928,195
5482,51,31,7.13211333969432,335
5483,57,25,5.515771912981295,321
5484,32,50,-8.06831354205585,330
5485,35,47,-1.6894857036967177,327
5486,43,39,-2.117023839001963,244
5487,41,41,-0.15969493837117657,256
5488,39,43,0.8228466347483508,250
5489,34,48,-7.057913278886054,331
5490,43,39,-1.1082382956291656,282
5491,47,35,-0.31091278290143276,273
5492,35,47,-3.237796997151589,263
5493,37,45,1.6005757922511392,300
5494,52,30,5.742750162148196,249
5495,31,51,-3.6945325779181935,328
5496,37,45,-3.964254917025213,257
5497,40,42,-2.351395536320504,255
5498,48,34,2.367832681159522,278
5499,39,43,-3.9321676949574593,295
5500,36,46,-3.818808047625138,283
5501,46,36,3.6464039948753904,219
5502,33,49,-5.802624782956289,309
5503,40,42,-3.015424771670313,384
5504,48,34,-2.4605925959692843,263
5505,25,57,-10.846619835907505,328
5506,25,57,-9.190638445791265,272
5507,38,44,1.7203219029335506,274
5508,49,33,0.6942268714765981,336
5509,38,44,-3.9398512586680337,203
5510,41,41,4.191895302757493,298
5511,46,36,0.11904385766253649,155
5512,45,37,3.2626926898047617,223
5513,36,46,-1.9626763741234963,270
5514,45,37,2.646470798009758,271
5515,21,61,-11.34037156687365,349
5516,51,31,4.243612379884048,236
5517,32,50,-7.978603549831081,410
5518,45,37,3.082432650954902,176
5519,44,38,-1.5429627743690741,245
5520,32,50,-6.494566606325031,318
5521,53,29,7.094949056892989,279
5522,41,41,-1.5716076475798721,289
5523,41,41,-1.828387322141194,295
5524,43,39,-0.40670488729662513,307
5525,38,44,-5.099325414874447,404
5526,34,48,-2.987330659841966,182
5527,34,48,-4.6315628391462065,280
5528,32,50,0.4476370031374721,237
5529,55,27,8.89105727067368,256
5530,52,30,4.891719300659074,252
5531,45,37,5.887423561188713,266
5532,44,38,5.262576411991587,194
5533,42,40,-0.4112154981622624,277
5534,17,65,-15.193623161892447,313
5535,33,49,-7.417109882782825,248
5536,35,47,-5.663451799592858,293
5537,37,45,-9.743021611441884,425
5538,45,37,4.66100761904638,333
5539,56,26,12.677939864974578,307
5540,28,54,-5.552295022126417,244
5541,51,31,8.29127093666777,223
5542,42,40,2.7478825212566997,284
5543,49,33,4.387046650099049,278
5544,46,36,5.213283569777996,296
5545,24,58,-9.889326646451975,273
5546,41,41,-0.6969896105504736,245
5547,32,50,-4.821749408493164,316
5548,41,41,3.2607629615200584,255
5549,48,34,3.9145667638545243,250
5550,51,31,7.479007917825366,223
5551,38,44,-2.9891978854781893,317
5552,26,56,-6.648708436969541,254
5553,63,19,12.785105311336151,211
5554,60,22,8.04981195747222,243
5555,36,46,-2.1792163319983557,272
5556,43,39,3.439266028990441,277
5557,46,36,-0.9915685861638506,199
5558,38,44,-2.495384079191346,282
5559,39,43,-3.201216992682049,263
5560,47,35,0.63590706891786,283
5561,50,32,4.516545653951325,281
5562,36,46,-4.3954936272050364,267
5563,34,48,-2.9693607936480615,239
5564,41,41,3.576491609950624,267
5565,60,22,8.07395595346751,216
5566,48,34,1.1965974831543642,255
5567,39,43,0.5160127336723792,265
5568,36,46,-3.05300246183342,288
5569,31,51,-7.192455889867381,308
5570,28,54,-6.370494367853472,242
5571,50,32,5.416717415717163,270
5572,39,43,-2.402250492244404,222
5573,29,53,-9.970830808898128,304
5574,51,31,5.642083723374192,186
5575,36,46,0.12122209259284134,185
5576,42,40,-2.18713757520404,192
5577,33,49,-7.75451305284818,262
5578,49,33,5.544435909901953,164
5579,33,49,-5.907569001040741,384
5580,34,48,-1.4552916476880622,210
5581,48,34,-0.31569088072707563,232
5582,38,44,-3.5260260441807594,166
5583,37,45,0.2729231315093559,290
5584,38,44,0.8688512291775721,300
5585,44,38,-0.4431152928183076,306
5586,50,32,3.148887022744537,279
5587,29,53,-8.398832012004831,351
5588,56,26,4.487793598678651,206
5589,39,43,-1.1030859463400244,286
5590,44,38,2.2824394216916835,262
5591,50,32,11.161560883429562,173
5592,34,48,-3.5003029590082235,295
5593,32,50,-7.477265385880904,315
5594,27,55,-7.276698934471422,282
5595,50,32,4.524820852079884,153
5596,31,51,-1.3332780056329403,218
5597,56,26,8.541394914047551,225
5598,35,47,-3.126474551535853,217
5599,37,45,-5.5407380503596695,217
5600,45,37,-2.8232797623982018,288
5601,35,47,-2.672925704414603,223
5602,53,29,5.12674058726571,247
5603,39,43,-2.172802854964446,220
5604,29,53,-11.66008675673347,305
5605,32,50,-4.33935054167588,147
5606,39,43,0.3354305837579341,237
5607,28,54,-1.8589971942042087,293
5608,45,37,4.782141597906607,231
5609,31,51,-7.038959774462536,196
5610,26,56,-9.664671322122238,363
5611,44,38,-1.0436416793307908,179
5612,46,36,1.8219595629510528,208
5613,34,48,-4.1562639238604095,268
5614,43,39,3.1025696471953004,200
5615,36,46,-2.4132903098565577,202
5616,45,37,0.1441563160070249,272
5617,50,32,5.134656458159668,210
5618,36,46,-2.8490967810121406,293
5619,44,38,2.3130493882746785,313
5620,30,52,-8.08667551710848,357
5621,40,42,3.6171684899147083,180
5622,51,31,1.0066189173100664,304
5623,43,39,1.2041766948723978,360
5624,41,41,4.63215549607918,208
5625,38,44,-5.521973418101792,261
5626,30,52,-10.436647859474668,258
5627,43,39,2.145144987833583,254
5628,53,29,2.6436041797937984,255
5629,34,48,-6.319318474093224,320
5630,49,33,6.848286897539694,257
5631,37,45,-1.8552944269729517,245
5632,40,42,0.33486581723996417,292
5633,42,40,-1.3482195286994372,357
5634,44,38,-2.116272862505706,239
5635,48,34,7.533834523372953,242
5636,42,40,1.5345923156249743,233
5637,31,51,-5.074122806078921,324
5638,36,46,1.987181316156956,246
5639,35,47,-1.805625435330588,176
5640,45,37,3.083620764381715,277
5641,35,47,-1.6743800223770697,311
5642,40,42,-4.147710293496552,175
5643,41,41,-3.6009382028555668,214
5644,49,33,5.8076354825875995,304
5645,51,31,3.8754872458461023,251
5646,48,34,3.3198491267761012,288
5647,37,45,1.360608451801219,350
5648,30,52,-5.1825908913510945,336
5649,31,51,-1.9806205274719733,353
5650,36,46,-6.671795322915923,289
5651,38,44,-1.0857794370810019,276
5652,37,45,-5.317385243346137,270
5653,46,36,4.781888140603308,204
5654,25,57,-8.537471456718453,324
5655,27,55,-7.309756100286585,335
5656,34,48,-6.640223427455834,299
5657,40,42,-0.36330918478092883,286
5658,28,54,-3.9817088174881903,238
5659,44,38,3.6506082329995273,206
5660,35,47,-3.3380346134482037,469
5661,51,31,7.6315058036302315,241
5662,34,48,-7.830754019527369,298
5663,38,44,0.35770267265116046,317
5664,31,51,-6.496861317043882,365
5665,36,46,-2.230455565869287,260
5666,21,61,-10.002197894236916,283
5667,43,39,5.883437195818969,335
5668,27,55,-8.604378066158612,285
5669,35,47,0.5200899438964004,298
5670,52,30,7.3426598528789295,251
5671,49,33,-2.0203997961869673,365
5672,31,51,-8.057505808932989,183
5673,47,35,2.7223617406880254,373
5674,30,52,-3.9021113902771636,281
5675,18,64,-10.645844349078807,287
5676,51,31,3.5963243220190155,329
5677,32,50,-1.9636689797620768,248
5678,33,49,-7.73758333914848,334
5679,42,40,1.3313170197126574,275
5680,46,36,-0.3642093024609976,277
5681,32,50,-7.597008293056243,414
5682,36,46,-0.8345465456595287,237
5683,29,53,-4.38103154192273,353
5684,31,51,-8.375514087989435,267
5685,32,50,-6.333606411933502,361
5686,27,55,-9.175447970717384,342
5687,24,58,-8.25353344288263,297
5688,46,36,2.8712387051459887,279
5689,44,38,2.206109909840859,201
5690,33,49,-2.3926970140433763,298
5691,30,52,-7.047615417725645,406
5692,45,37,0.8678589381691956,284
5693,21,61,-9.344690036016898,285
5694,37,45,-0.9559883836573181,329
5695,40,42,-0.8496585773971983,259
5696,44,38,4.203264691161325,265
5697,32,50,-4.890833775580389,423
5698,22,60,-12.516795490377506,332
5699,41,41,1.3843003638835851,279
5700,52,30,5.583633694192718,236
5701,35,47,-7.430416368805719,329
5702,31,51,-6.969167063640764,389
5703,25,57,-8.15596405670622,274
5704,50,32,1.2357238401212842,246
5705,45,37,4.598280997604996,243
5706,26,56,-7.268636211931516,354
5707,28,54,-6.027211216607022,298
5708,40,42,-3.8672326869785896,269
5709,32,50,-6.040005753537837,326
5710,49,33,7.835149520987025,321
5711,51,31,9.027376066911192,264
5712,50,32,4.082395037900084,284
5713,26,56,-10.033676817831916,344
5714,38,44,0.9073390662068664,281
5715,24,58,-8.265980229390786,303
5716,36,46,-1.0394687006109966,305
5717,29,53,-6.312183899258299,283
5718,36,46,-3.5744207209258727,282
5719,26,56,-4.205384478325218,225
5720,52,30,6.315498810853908,215
5721,40,42,-3.0137488104392784,298
5722,48,34,0.39094987613716603,334
5723,30,52,-7.14617639688436,349
5724,29,53,-3.708218857527213,289
5725,33,49,-1.4993889770581466,306
5726,30,52,-4.851412533171448,328
5727,25,57,-5.93080358403293,267
5728,42,40,1.094719586292601,336
5729,58,24,11.243001410242593,219
5730,38,44,-5.952571464347759,214
5731,25,57,-5.246137670224791,307
5732,36,46,-3.69441554060113,310
5733,42,40,2.9592282585999046,348
5734,27,55,-7.868773284493468,295
5735,35,47,-4.058523931166107,386
5736,61,21,13.6915769548788,237
5737,39,43,-2.147329245674168,258
5738,32,50,-6.043297678838885,287
5739,33,49,-3.7900890672249967,342
5740,49,33,4.1995123392132605,211
5741,41,41,2.100362158389947,259
5742,27,55,-4.075181390181097,266
5743,37,45,-0.12072154941178043,357
5744,54,28,5.400946518175689,289
5745,34,48,-1.2412742910942405,244
5746,41,41,-0.9132448919874437,277
5747,27,55,-11.565420380770915,317
5748,38,44,-2.78294361885732,282
5749,32,50,-4.491032668595101,253
5750,38,44,-3.8524773731081177,154
5751,45,37,-0.6163926538060276,246
5752,32,50,-5.736451956531691,270
5753,53,29,7.132767133366209,273
5754,28,54,-3.303727555699749,295
5755,34,48,-1.1379187424512192,318
5756,41,41,0.605439081341581,238
5757,25,57,-5.361635492316817,289
5758,32,50,-3.167560929391536,325
5759,48,34,1.5086109616358991,267
5760,50,32,4.783055018909708,237
5761,42,40,1.5266721381167545,318
5762,38,44,-2.619135828334154,250
5763,42,40,-2.9455089748101235,253
5764,25,57,-9.453890988123643,315
5765,33,49,-3.0090348246545418,376
5766,42,40,-0.7801539470348807,160
5767,40,42,-1.786021278475413,274
5768,27,55,-6.121579187829192,302
5769,43,39,-0.9475509014226511,319
5770,55,27,9.187845199178712,243
5771,46,36,7.284853268731734,310
5772,49,33,5.439447088083873,300
5773,31,51,-3.9010445853756797,277
5774,44,38,-0.8912063524370625,268
5775,25,57,-11.702105644692443,290
5776,29,53,-2.5308401526763227,247
5777,34,48,-0.5607911096089635,249
5778,26,56,-11.197430683167173,291
5779,35,47,-1.1622803879395087,290
5780,40,42,-0.7750061714447133,291
5781,30,52,-7.037639579397874,297
5782,27,55,-2.8486491512961103,324
5783,41,41,-2.9811145045757743,408
5784,38,44,-2.345207271791359,262
5785,36,46,-5.333623407987687,344
5786,45,37,-1.7122272511814614,301
5787,43,39,0.2402685174228926,273
5788,35,47,-0.4668128722601919,158
5789,44,38,2.3271165108077687,288
5790,32,50,-6.863014463850437,249
5791,49,33,3.168051163849625,208
5792,45,37,-0.45512782696285714,255
5793,38,44,-4.547151239381549,259
5794,42,40,-0.4438604268918185,334
5795,44,38,3.2750771327084,258
5796,39,43,-3.839030668078229,241
5797,33,49,-3.0668190063052525,309
5798,25,57,-9.423104795677656,278
5799,41,41,-0.7710029249225665,267
5800,27,55,-5.314152790365447,268
5801,67,15,11.90846306688605,253
5802,46,36,3.7490352611555715,229
5803,50,32,2.071802997312952,220
5804,49,33,7.351966249437575,361
5805,41,41,1.3303934392349512,208
5806,42,40,1.3056104708016194,354
5807,41,41,1.389514075466737,276
5808,32,50,-0.1254223235784245,305
5809,25,57,-10.90517933751182,250
5810,32,50,-5.865551772069391,396
5811,47,35,3.9213534288235223,227
5812,40,42,-1.605044296511854,195
5813,51,31,6.812152990369671,276
5814,44,38,2.5922379187517826,235
5815,29,53,-5.068382374736196,316
5816,38,44,-0.5833955631210495,346
5817,26,56,-11.726320560204503,301
5818,40,42,0.24084501418213014,224
5819,28,54,-3.2889834406749947,359
5820,39,43,-2.1297802472939487,291
5821,20,62,-16.03050663047622,360
5822,22,60,-8.228721148283086,291
5823,58,24,3.3806458095178216,226
5824,27,55,-4.48722833599365,176
5825,35,47,-7.039599558619367,342
5826,32,50,-6.566914802656129,221
5827,50,32,1.5209453203896788,221
5828,33,49,-4.265298182249831,302
5829,30,52,-5.435263593198472,308
5830,33,49,-5.008410020941586,288
5831,41,41,1.963849334004312,276
5832,32,50,-6.526107961345575,213
5833,34,48,-2.788357508368333,320
5834,21,61,-12.234832094662282,288
5835,48,34,-0.4768325981042779,232
5836,32,50,-3.966585712513766,394
5837,47,35,4.174438023854478,180
5838,44,38,0.6570746492276074,290
5839,24,58,-7.1369762770816205,313
5840,52,30,7.888465335977927,111
5841,46,36,4.232165896496534,238
5842,40,42,-0.33026734117070655,171
5843,25,57,-3.952006923400392,239
5844,34,48,1.282245538374565,222
5845,46,36,-0.1006273555824469,254
5846,54,28,5.488410609074346,191
5847,51,31,4.588423796834714,260
5848,37,45,0.7756438098389595,318
5849,39,43,-0.16558905282050726,280
5850,49,33,4.526137640717693,416
5851,28,54,-6.278428091452576,263
5852,43,39,-1.5201531106163608,191
5853,43,39,0.7025869719102174,204
5854,30,52,-4.234102746010613,297
5855,36,46,-5.71108639915138,311
5856,40,42,2.0659292415924337,220
5857,43,39,2.3107043462291967,137
5858,28,54,-5.66809802534361,310
5859,32,50,-2.133262400882923,244
5860,53,29,5.80807725139151,196
5861,38,44,-2.337060048795843,296
5862,32,50,-4.578901350181322,282
5863,39,43,-1.8666942112484992,303
5864,29,53,-3.470550151820033,192
5865,33,49,-9.492477112719667,299
5866,53,29,8.551436733888787,137
5867,25,57,-9.840381085091977,325
5868,43,39,0.812636229263422,200
5869,20,62,-6.392287297134754,305
5870,42,40,-2.097317239447126,239
5871,62,20,10.552275683910128,161
5872,36,46,-2.500789394327872,251
5873,35,47,-2.310862307364507,355
5874,40,42,0.1251957267874226,200
5875,53,29,6.038724734653087,230
5876,45,37,3.425235006984006,213
5877,36,46,1.0563354224187862,150
5878,24,58,-5.808836815896154,341
5879,62,20,12.509003991219336,183
5880,39,43,0.12996687054506187,270
5881,47,35,0.999681523645145,228
5882,40,42,1.427679422182345,292
5883,34,48,-3.61137786153599,301
5884,44,38,-1.2496195204099283,234
5885,32,50,-1.6740493487240364,265
5886,29,53,-6.720909076519827,324
5887,43,39,2.8345798540610714,300
5888,42,40,0.7760690122944527,273
5889,44,38,1.4899790044487473,269
5890,33,49,-6.333909615295225,304
5891,46,36,3.755296397331181,304
5892,29,53,-5.936667377089033,387
5893,48,34,2.9947263239573982,376
5894,46,36,-0.12442081851969057,357
5895,40,42,-1.740800008505339,244
5896,28,54,-6.339663480300712,262
5897,19,63,-10.702782322732764,291
5898,32,50,-6.408544655868122,248
5899,43,39,1.3594282824445612,228
5900,36,46,-1.4104963687088097,209
5901,52,30,6.574342853321023,252
5902,51,31,3.009045032247517,174
5903,29,53,-8.69045406115277,355
5904,40,42,-4.594454610323759,286
5905,43,39,0.880898209847958,243
5906,42,40,-1.992956828876173,311
5907,41,41,-1.9490846612485355,411
5908,50,32,7.472077251633738,208
5909,22,60,-6.809129680150223,220
5910,34,48,-7.797241825209231,288
5911,44,38,4.635426933709683,257
5912,38,44,-1.1470516634916614,219
5913,52,30,3.0215810005181516,237
5914,30,52,-8.158519773974666,297
5915,41,41,2.0365611513114614,288
5916,28,54,-6.353882525340475,296
5917,36,46,-5.3601608232824125,317
5918,49,33,0.6467134379880993,200
5919,35,47,-6.667562844442718,279
5920,31,51,-3.9232795787790735,326
5921,51,31,9.127659566798952,242
5922,36,46,-3.4024440468194594,286
5923,42,40,5.383670093118871,234
5924,44,38,-0.7940572489809813,303
5925,31,51,-3.5016249828656054,289
5926,27,55,-2.616688698674525,270
5927,47,35,1.5503878058376044,266
5928,57,25,8.73850295798523,215
5929,40,42,-2.508593231592454,246
5930,50,32,2.0609175226692367,289
5931,34,48,-2.170923087433278,312
5932,44,38,5.204842441550623,248
5933,55,27,7.426127584530783,202
5934,34,48,-0.9881068317306141,260
5935,21,61,-11.275790210748692,316
5936,20,62,-13.061494064300843,324
5937,31,51,-10.643630855737495,374
5938,29,53,-11.409728712980975,286
5939,46,36,0.4254253786305877,342
5940,58,24,9.433621777957452,243
5941,35,47,-1.0334460995186865,282
5942,34,48,-3.673783937708622,353
5943,54,28,8.904424767777682,222
5944,35,47,-7.170096821377854,282
5945,38,44,-3.4252608886549303,386
5946,36,46,-3.5890027014357635,304
5947,54,28,3.8910784519030597,232
5948,32,50,1.0215912394983768,317
5949,39,43,0.46346579228911844,214
5950,26,56,-10.502239886520588,269
5951,43,39,-1.6657384235829864,215
5952,42,40,-2.4285935386740816,328
5953,41,41,-2.309912815136017,281
5954,23,59,-12.286456175916666,349
5955,27,55,-8.012175101716972,227
5956,23,59,-5.601809346932533,243
5957,15,67,-15.948865958681061,244
5958,33,49,-4.3616369055527775,239
5959,28,54,-11.509444906229513,365
5960,40,42,-6.2708563309858105,257
5961,36,46,0.8876005073228846,298
5962,34,48,-6.4896136790816135,285
5963,47,35,3.284845589394958,234
5964,41,41,0.3077719608155879,222
5965,39,43,-3.835146573561098,260
5966,37,45,-3.8836195576325725,265
5967,47,35,4.395244946243256,324
5968,40,42,-0.7313269454800994,340
5969,40,42,1.642361493075391,316
5970,42,40,-0.5362432641177128,288
5971,45,37,6.034149424590534,168
5972,48,34,4.836040129368392,322
5973,36,46,-1.487981467557518,288
5974,16,66,-13.192645644135107,190
5975,23,59,-4.761589458908152,270
5976,38,44,-1.2886284150399065,339
5977,42,40,1.0459768939274419,349
5978,54,28,7.613959897164391,254
5979,46,36,1.6500034830963255,200
5980,44,38,5.086529093070471,290
5981,33,49,-5.4151393123132,262
5982,30,52,-2.2989044680308064,302
5983,28,54,-7.692825060362115,293
5984,40,42,3.637695715654419,234
5985,47,35,-2.4800004704967913,233
5986,29,53,-6.759911143369001,258
5987,38,44,-2.92628933628913,301
5988,54,28,9.114753969146966,348
5989,35,47,-3.952656792995367,298
5990,24,58,-9.08842845850974,253
5991,41,41,3.3373612534477224,230
5992,42,40,-0.19534481234841095,202
5993,57,25,12.226639201989911,163
5994,45,37,1.871493232754399,336
5995,42,40,0.10733082113014135,181
5996,33,49,-4.741491404702491,352
5997,49,33,7.275463088959642,261
5998,44,38,-3.4229830143753053,289
5999,33,49,-0.566660679510564,337
6000,35,47,-5.205897044222753,264
6001,48,34,5.430820876866558,298
6002,60,22,8.371749571966786,347
6003,32,50,-6.157368853651274,236
6004,31,51,-5.98643446465272,302
6005,49,33,6.0239758845103495,262
6006,31,51,-3.1032634666210623,309
6007,65,17,13.568162231956798,163
6008,28,54,-9.860805879198226,305
6009,30,52,-4.756910844029071,277
6010,43,39,1.2860442085911798,240
6011,40,42,-5.487915950067883,313
6012,39,43,-2.0501479976261034,272
6013,29,53,-5.164615225289555,249
6014,46,36,-0.4834184241828191,359
6015,46,36,4.07524405649374,308
6016,55,27,7.9340608191856195,161
6017,18,64,-8.146532248737165,300
6018,50,32,4.147409620971923,254
6019,40,42,-0.8952116524563623,288
6020,43,39,1.2353544630347135,342
6021,43,39,1.3412775246225537,228
6022,44,38,3.9440471677424696,286
6023,38,44,-0.5176118037001513,304
6024,43,39,0.3437091042845384,247
6025,23,59,-6.752527910251274,220
6026,61,21,11.007888196920824,213
6027,35,47,-2.844928920539926,290
6028,30,52,-6.417310590387672,293
6029,41,41,3.0342873725744495,271
6030,27,55,-6.484977164169715,276
6031,49,33,3.8581784428896535,205
6032,37,45,-3.7070279910330797,339
6033,27,55,-7.9761017409430615,282
6034,41,41,0.3153032979850236,231
6035,28,54,-6.173087014936502,272
6036,40,42,0.681368088651857,210
6037,41,41,-1.704080124445528,413
6038,28,54,-7.576112999610728,169
6039,41,41,0.24341288415690002,210
6040,34,48,-5.989086547459302,363
6041,38,44,-1.7005001306521061,272
6042,34,48,-9.489440413348856,348
6043,39,43,-3.223261527610059,265
6044,54,28,8.284462327616257,261
6045,39,43,-0.7457259957659242,244
6046,27,55,-7.430477124964847,310
6047,39,43,-0.8040227468764581,328
6048,50,32,0.8080819999949573,315
6049,25,57,-10.948421765650487,224
6050,47,35,0.9051585781157945,335
6051,22,60,-12.425664999819917,278
6052,44,38,2.8986514690766714,279
6053,38,44,-2.000282406602148,293
6054,37,45,-5.040662905776354,314
6055,47,35,0.05055773752919446,299
6056,41,41,1.322445910139926,224
6057,40,42,2.527110798640579,351
6058,27,55,-7.121752293374297,258
6059,43,39,-0.7466804025552832,246
6060,39,43,-3.859600262628925,216
6061,36,46,-0.7053937481528586,348
6062,37,45,1.3324907058437159,218
6063,30,52,-6.438431568644822,230
6064,42,40,-0.9222894806640995,311
6065,48,34,5.432464479443863,268
6066,45,37,-0.5049708568634375,293
6067,45,37,1.8061583581732126,254
6068,41,41,-1.91363304422665,315
6069,49,33,4.919143351742748,236
6070,25,57,-8.524937285339751,289
6071,37,45,-0.7312925827944785,238
6072,42,40,3.375995722351474,228
6073,40,42,0.3554799388093611,267
6074,49,33,7.19124702969569,208
6075,38,44,0.6506210834885283,250
6076,51,31,3.4337787792436743,309
6077,32,50,-7.2594066640543105,251
6078,39,43,1.1724507100454309,345
6079,23,59,-10.868443110367952,233
6080,44,38,1.9393857705890905,269
6081,37,45,1.3409856681899512,179
6082,59,23,9.041605003623227,233
6083,32,50,-0.3120390313616542,304
6084,37,45,-2.9841308580717425,257
6085,49,33,5.069438351395044,144
6086,41,41,-0.510038612340827,259
6087,34,48,-2.637504703120111,351
6088,54,28,9.579624787206695,278
6089,38,44,2.0255168051761494,221
6090,39,43,-2.516756259802993,251
6091,53,29,4.849050561975846,190
6092,25,57,-8.117177471239735,316
6093,53,29,3.8674167290952375,175
6094,36,46,-2.3937256356111054,263
6095,55,27,9.293154817080394,304
6096,52,30,3.42166956498381,302
6097,29,53,-10.634292924702889,295
6098,56,26,5.3719568962965765,216
6099,31,51,-6.9724288039284446,378
6100,52,30,8.014034357808518,244
6101,38,44,0.14937018450052886,255
6102,30,52,-6.475313786975166,377
6103,45,37,1.0909046357340049,134
6104,35,47,-3.547282345315021,271
6105,43,39,-2.4229981357018837,241
6106,35,47,-1.7937758551803302,248
6107,35,47,-3.319197179988997,387
6108,40,42,2.2841916181370556,247
6109,32,50,-6.116217634292222,284
6110,43,39,-0.34850781223701666,225
6111,35,47,-3.1656474746265446,290
6112,36,46,-3.498422970736268,335
6113,43,39,0.5275204605792445,222
6114,24,58,-9.081530057770864,298
6115,51,31,6.662552356575551,210
6116,37,45,-1.0225071449156649,308
6117,29,53,-0.3795356893625987,222
6118,39,43,-0.008723525007023468,319
6119,32,50,-4.58494850805178,352
6120,31,51,-3.5051815942396174,213
6121,40,42,-0.6757585643172961,377
6122,42,40,-1.728396030373309,323
6123,46,36,4.113176800108286,214
6124,32,50,-6.847124404046966,290
6125,60,22,6.529557960815188,323
6126,37,45,-3.9120806847467557,233
6127,38,44,-2.9249330459532663,321
6128,35,47,-1.0497973307580146,295
6129,41,41,-4.7147031002068465,288
6130,32,50,-3.1120625938090756,222
6131,63,19,5.740102981579069,270
6132,22,60,-12.893108175842658,358
6133,39,43,-2.021156019149305,234
6134,39,43,-4.47973178659871,288
6135,37,45,-4.551138318033314,288
6136,34,48,-1.9301873103723455,235
6137,37,45,-3.1039079591328713,378
6138,41,41,-0.935326810120708,212
6139,47,35,5.736829297293978,225
6140,47,35,0.5724435312476396,293
6141,39,43,0.7951455110356225,173
6142,35,47,-1.458554145266443,297
6143,34,48,-3.8163105016646224,396
6144,35,47,-1.2071482860532639,256
6145,29,53,-6.558008827882769,354
6146,34,48,-5.355057247241577,242
6147,30,52,-4.280936215803778,282
6148,38,44,-2.5952412921301753,282
6149,46,36,4.012075830980341,230
6150,35,47,-4.657086354582278,263
6151,32,50,-4.799730309163173,274
6152,39,43,1.7055542668223311,284
6153,34,48,-2.784008118104635,261
6154,50,32,2.745301985749561,170
6155,46,36,2.2128674986185155,314
6156,45,37,4.044293951080863,298
6157,54,28,8.867493467414013,275
6158,53,29,5.025787341772159,271
6159,57,25,8.580672981977683,270
6160,51,31,6.5165862126541265,254
6161,60,22,7.880730118072254,252
6162,55,27,9.357301731951642,275
6163,60,22,7.721677915745506,265
6164,29,53,-7.589069364837796,255
6165,53,29,3.135757270016773,257
6166,36,46,-6.497046024776437,239
6167,43,39,-2.1166840015815236,191
6168,52,30,8.019388299184536,267
6169,28,54,-7.5739209960542,367
6170,33,49,-3.1193198354503004,302
6171,54,28,4.410650321368847,264
6172,41,41,-3.938032674155815,308
6173,31,51,-1.8026586675198069,202
6174,56,26,6.713279160715079,210
6175,26,56,-8.380313704591886,324
6176,33,49,-4.839116681346797,260
6177,49,33,2.2703719223385743,285
6178,42,40,1.0063361609553296,269
6179,54,28,5.772790416193443,277
6180,20,62,-15.390132920633786,333
6181,40,42,1.048734784470068,277
6182,33,49,-4.718354094026763,320
6183,34,48,-7.220231968642642,250
6184,33,49,0.965802967487976,234
6185,56,26,7.51063853174244,275
6186,40,42,-0.5566880163999254,223
6187,27,55,-2.6614507573950803,201
6188,42,40,-1.6509691143197351,323
6189,23,59,-10.449579785895542,235
6190,41,41,-1.8701097122029577,319
6191,48,34,2.6007245549820612,242
6192,20,62,-15.288825503014284,322
6193,44,38,2.212023710593707,196
6194,35,47,-1.8775057699411335,254
6195,22,60,-10.366902866315378,210
6196,40,42,-0.5091649554611326,199
6197,44,38,5.319498498387273,191
6198,25,57,-11.519288805548609,251
6199,38,44,-4.3333424784981265,306
6200,42,40,1.1398322800454597,250
6201,49,33,3.9573795296687844,251
6202,27,55,-13.417839188448026,305
6203,43,39,-0.747956300285195,188
6204,27,55,-6.883683026970234,227
6205,29,53,-7.834825604449579,303
6206,60,22,11.255820477100103,192
6207,49,33,0.45256205312886755,231
6208,49,33,6.943302990975652,204
6209,55,27,10.69285649787971,249
6210,36,46,-5.41714745698631,246
6211,40,42,1.0511480000306066,273
6212,39,43,-2.3680459987422786,328
6213,37,45,-0.9590130923594268,266
6214,55,27,6.9960045770852455,274
6215,33,49,-4.358238058632414,273
6216,53,29,2.988255085092949,286
6217,41,41,-1.692956155271201,269
6218,40,42,-2.114802640210602,403
6219,38,44,-2.294568414903215,390
6220,30,52,-4.784348166002993,223
6221,35,47,1.611500948515194,193
6222,42,40,-0.4276528801515654,285
6223,45,37,4.256258391373745,215
6224,27,55,-6.327757748738086,248
6225,52,30,5.968588826728529,157
6226,38,44,-4.932764309444196,255
6227,37,45,-6.054414294648847,283
6228,49,33,5.964009936515283,277
6229,38,44,-0.5974150855821411,256
6230,52,30,5.068219667484472,291
6231,17,65,-12.923437879969109,243
6232,54,28,5.644902092352945,306
6233,36,46,-4.247897992534296,247
6234,37,45,1.0658852251561581,304
6235,41,41,-2.707122178996238,237
6236,51,31,5.843771797398051,290
6237,44,38,0.9172201166991059,204
6238,46,36,2.8671292315362917,276
6239,42,40,-1.6810835682891048,311
6240,25,57,-6.563835782150126,405
6241,49,33,2.3517182038365605,280
6242,31,51,-3.69733203087552,301
6243,53,29,5.707069375133849,262
6244,27,55,-7.917409219667134,310
6245,33,49,-1.832582949736327,307
6246,41,41,-0.7075245307451512,277
6247,45,37,5.907697197209324,235
6248,25,57,-11.947497427376863,328
6249,49,33,6.427612960559409,181
6250,45,37,1.7465985051460144,239
6251,39,43,-6.068064518932811,271
6252,36,46,-1.3816387775279506,340
6253,27,55,-8.833750468153012,170
6254,56,26,7.982535798948174,178
6255,33,49,-3.1890034629220763,304
6256,44,38,-0.2674602360075534,198
6257,24,58,-12.168910555272378,396
6258,33,49,-7.355937810666029,307
6259,40,42,3.9788766225658687,277
6260,38,44,0.139182005683456,348
6261,37,45,-2.87668034317924,308
6262,33,49,-3.385993862726785,359
6263,39,43,2.1846021988700413,319
6264,30,52,-6.100689138860117,324
6265,36,46,-3.4443606025015,273
6266,38,44,-0.9550380521311986,274
6267,27,55,-0.793380978090243,294
6268,35,47,-7.608239289026849,367
6269,34,48,-5.5707162763697395,284
6270,43,39,-2.1820426220967244,366
6271,50,32,7.42412818619861,160
6272,41,41,0.5644769048907224,394
6273,36,46,0.29996258605277043,284
6274,51,31,2.240177120797547,408
6275,36,46,-3.538016840751695,262
6276,37,45,-2.087608775467545,273
6277,21,61,-8.648593525687332,305
6278,47,35,1.593185116839971,320
6279,30,52,-11.556264832013069,272
6280,32,50,-2.7929484612835256,281
6281,32,50,-6.396989437599348,266
6282,20,62,-12.43015752897931,350
6283,30,52,-4.393704171564886,213
6284,46,36,5.953213621092043,224
6285,22,60,-9.453696632717373,287
6286,43,39,0.15004234669458444,305
6287,43,39,-2.484118994787147,231
6288,46,36,-0.6975139867619701,272
6289,34,48,-2.442274424199597,266
6290,49,33,0.4230781961076707,277
6291,44,38,-0.9259879852352888,270
6292,41,41,-2.113153590190122,266
6293,29,53,-9.448282114146263,279
6294,24,58,-9.241772506614847,225
6295,20,62,-11.668387695564707,321
6296,51,31,10.04102757171326,268
6297,48,34,5.0768314164306565,210
6298,35,47,0.8579327248758264,275
6299,34,48,-3.737570339530532,292
6300,25,57,-9.140017975398159,189
6301,46,36,0.7147731323436681,284
6302,47,35,2.058752736515482,269
6303,45,37,2.136794667845962,324
6304,50,32,1.0499169644594721,250
6305,27,55,-5.914986924939609,246
6306,27,55,-8.587644198299863,268
6307,42,40,2.7354424626832685,314
6308,43,39,-0.005082140478056243,275
6309,37,45,0.1394323848981998,267
6310,33,49,-7.029567909264373,233
6311,38,44,-1.3163751349654769,318
6312,25,57,-8.111834900025011,393
6313,37,45,-1.4823205047683086,310
6314,42,40,-0.18228555382822206,307
6315,38,44,-4.901746069718353,386
6316,29,53,-4.2090058373963615,380
6317,28,54,-3.7068651244572712,327
6318,33,49,-7.038480258993243,335
6319,26,56,-8.209325210150638,246
6320,42,40,-0.791006770483945,334
6321,35,47,-3.6502505465115536,238
6322,27,55,-15.707974574785167,428
6323,27,55,-8.262035642179576,385
6324,39,43,-0.7530689010935299,260
6325,51,31,2.22450224370596,274
6326,17,65,-13.801236775332264,406
6327,48,34,2.558699725492358,253
6328,34,48,-4.969698462057426,296
6329,43,39,3.49049892069483,225
6330,28,54,-8.295145845441565,261
6331,45,37,-1.1427625759097877,337
6332,56,26,4.941298671939941,255
6333,40,42,0.8417601762462134,281
6334,41,41,-2.3380740985524984,309
6335,42,40,2.5954297712312124,265
6336,56,26,6.900702716004893,209
6337,30,52,-6.701494417644555,337
6338,35,47,-6.39503113140785,296
6339,53,29,7.745896745932667,172
6340,44,38,1.1974525444063806,302
6341,31,51,-5.0771946046109315,288
6342,22,60,-12.031181938119369,279
6343,39,43,-1.6803550270715764,302
6344,32,50,-7.139192219764985,252
6345,45,37,5.513613257546357,215
6346,45,37,-2.4218510194458025,191
6347,33,49,-2.6452520429595685,278
6348,40,42,-6.63655909414123,435
6349,55,27,5.465571723380201,271
6350,38,44,-0.9163343065506023,320
6351,46,36,-0.16085534509732197,342
6352,43,39,-3.1519006408423755,203
6353,50,32,6.461320280542719,280
6354,43,39,-1.2956661386996593,256
6355,37,45,-2.98275161882825,328
6356,34,48,-3.844845455667643,368
6357,28,54,-7.533260348236848,345
6358,43,39,4.579770110697211,174
6359,44,38,2.2024421768347247,256
6360,50,32,7.712955950825477,227
6361,30,52,-6.85785321789617,302
6362,46,36,-4.016087992258567,252
6363,30,52,-6.708561547757718,345
6364,40,42,-0.2861119852030546,308
6365,40,42,-3.2776183733368076,380
6366,49,33,3.926915499564942,278
6367,45,37,-0.3963195210142788,241
6368,36,46,-3.9653384581462454,242
6369,43,39,-4.8738314306518715,327
6370,42,40,0.6147930166674873,359
6371,47,35,5.382719812989483,225
6372,43,39,1.6536914243666705,215
6373,24,58,-9.470917323784594,394
6374,21,61,-13.305348450186571,383
6375,41,41,-2.8395549093952064,277
6376,50,32,5.853790097954821,246
6377,52,30,7.923353906924656,263
6378,42,40,-2.8209210340470086,315
6379,46,36,2.2553826832013955,318
6380,33,49,-2.22122272423447,290
6381,37,45,-1.8383132403092406,353
6382,31,51,-8.07086929195262,265
6383,36,46,-2.567028776811396,312
6384,48,34,1.605111770956735,370
6385,36,46,-1.7987675792225892,299
6386,46,36,0.7960858904482893,243
6387,47,35,-0.09640123074283859,268
6388,42,40,0.31683788431288096,187
6389,33,49,-6.46503659576901,389
6390,35,47,-3.5232189489059205,258
6391,38,44,0.42244122688284524,219
6392,38,44,-0.39326106764710367,276
6393,61,21,12.794480632623058,164
6394,41,41,4.235334153368413,366
6395,56,26,9.444470257020969,276
6396,51,31,8.361245260696302,216
6397,50,32,-0.4905831913317313,256
6398,40,42,-1.4065450719317576,195
6399,31,51,-6.3037945520950815,253
6400,27,55,-10.986169175576123,275
6401,37,45,-4.003860464087636,316
6402,30,52,-9.493271636612079,244
6403,50,32,1.4654178755170495,212
6404,42,40,-4.607219145845848,394
6405,46,36,6.142558301908398,283
6406,60,22,7.267436132723931,293
6407,52,30,10.920355133934141,282
6408,38,44,-1.9824538308871777,234
6409,41,41,2.9429446699960384,221
6410,47,35,4.941415826718631,283
6411,36,46,-0.7085615400704667,298
6412,47,35,2.2486152207193437,303
6413,30,52,-6.276374182254818,363
6414,37,45,-1.6534956108368124,285
6415,44,38,-2.4905703606192913,343
6416,28,54,-5.646497508979739,323
6417,45,37,1.4458835621961421,227
6418,37,45,-3.646647569763092,266
6419,28,54,-9.207428456004736,368
6420,35,47,-2.135959804356998,212
6421,26,56,-9.946328123036087,300
6422,60,22,6.624803701839799,331
6423,40,42,-0.4672823321683252,207
6424,49,33,1.3700680744724947,280
6425,36,46,-3.6754200429673265,198
6426,43,39,2.266781187304178,292
6427,28,54,-8.248689170518146,220
6428,42,40,0.1742095474146305,256
6429,37,45,-4.612155357825038,357
6430,45,37,-0.19222981365263558,216
6431,20,62,-9.429255027146176,443
6432,44,38,2.9455317497063036,246
6433,35,47,-3.470929595814103,321
6434,24,58,-11.421385357351406,320
6435,34,48,-6.214369583648579,273
6436,40,42,-2.3759729713845,274
6437,44,38,4.213479457757896,227
6438,44,38,2.5741962971983576,218
6439,62,20,13.06398228567418,283
6440,43,39,1.1756014640589667,241
6441,38,44,-1.5286000651949485,229
6442,44,38,4.4929175408780155,295
6443,54,28,3.0974834425944073,240
6444,41,41,3.4401045601570175,286
6445,33,49,-4.4163635597795885,322
6446,36,46,-0.37223796736866066,216
6447,43,39,-0.33599552821583434,251
6448,52,30,6.348368486731715,333
6449,38,44,-8.980295233021945,331
6450,31,51,-7.649927476550152,209
6451,48,34,3.415257132762159,198
6452,64,18,12.580079753896676,280
6453,43,39,2.95522852110798,377
6454,38,44,-2.2920073594855537,314
6455,45,37,3.517347463144029,312
6456,58,24,11.201356301567058,194
6457,46,36,-0.02969830896634053,218
6458,32,50,-10.999315756968342,262
6459,30,52,-5.284822821013054,239
6460,48,34,4.010267973486817,307
6461,33,49,-1.35223857960435,225
6462,39,43,-4.572336446456674,312
6463,34,48,-8.651720283696285,330
6464,44,38,3.534504500223759,262
6465,32,50,-5.338137280788457,322
6466,52,30,9.299434266633448,229
6467,50,32,9.303975400730936,322
6468,20,62,-14.47631467095713,246
6469,50,32,0.495345665357483,262
6470,38,44,0.010592824972593133,352
6471,51,31,1.6981511875049013,204
6472,32,50,-4.2754994703409075,249
6473,53,29,5.356402946650069,159
6474,41,41,0.5764705150582027,322
6475,60,22,7.21180904782268,263
6476,56,26,5.64410367563685,165
6477,19,63,-13.30042677527973,342
6478,38,44,3.583550350076167,250
6479,31,51,-8.277676127432821,356
6480,31,51,0.7195775828718285,329
6481,52,30,6.514745989189636,183
6482,38,44,-0.3545243658294405,290
6483,60,22,10.942962569670001,213
6484,36,46,-0.7912258909429798,205
6485,34,48,-5.046794742347533,217
6486,61,21,11.124614196642213,197
6487,27,55,-8.80811296822227,252
6488,27,55,-7.166562020798521,240
6489,23,59,-11.34871213806638,394
6490,57,25,9.633155854552339,156
6491,29,53,-8.785652944061487,328
6492,37,45,-4.637197655718114,315
6493,32,50,-6.9002631594040595,303
6494,50,32,5.859598435955736,204
6495,30,52,-7.919900429659826,259
6496,21,61,-16.524485655111175,407
6497,32,50,-3.9271246374060187,239
6498,43,39,2.443052073077425,283
6499,32,50,-7.386466520703525,351
6500,39,43,0.8918062057444229,218
6501,46,36,-1.067505821037301,310
6502,42,40,-1.5836776563199715,319
6503,32,50,-9.921393680724506,321
6504,38,44,-2.3372183886597737,212
6505,40,42,-1.8746320538461647,210
6506,39,43,-0.5675763644619032,323
6507,29,53,-7.052464161235587,270
6508,38,44,1.3288215190978094,200
6509,22,60,-8.445141801428214,269
6510,53,29,5.963734943257971,301
6511,24,58,-8.626280327489056,248
6512,35,47,-3.986635895342902,356
6513,33,49,-6.624788068137488,304
6514,29,53,-5.841519359456127,340
6515,38,44,-3.108235613041113,315
6516,48,34,2.9092359139535504,253
6517,27,55,-8.095095218688876,280
6518,38,44,-3.0103580116795188,229
6519,47,35,1.1699702158469192,109
6520,31,51,-9.224186411034088,315
6521,45,37,5.513926527416392,275
6522,40,42,0.8089634473596061,294
6523,25,57,-6.030937640376873,405
6524,37,45,-4.100130903523855,398
6525,33,49,-1.9243365012787217,288
6526,31,51,-6.312410229030295,344
6527,47,35,-0.06463414573425365,233
6528,48,34,7.141184744868652,216
6529,37,45,-2.5351616922040296,359
6530,23,59,-6.340439561538902,248
6531,40,42,-0.5433991603523389,347
6532,37,45,-4.607958545210977,278
6533,49,33,7.6489544036013495,228
6534,29,53,-9.50884006466624,300
6535,15,67,-10.397702309038753,319
6536,29,53,-5.653241806508101,330
6537,37,45,-2.9694898757134425,239
6538,28,54,-4.96757796342591,336
6539,41,41,-2.5523772065909367,284
6540,53,29,7.152297176952345,262
6541,21,61,-6.505277310412499,277
6542,35,47,-4.799883203041778,373
6543,22,60,-9.408703290921213,415
6544,40,42,-4.677607184852679,244
6545,46,36,5.523119554829068,191
6546,47,35,1.2574487622811976,296
6547,47,35,3.2627035800002995,172
6548,22,60,-12.805591867209118,313
6549,15,67,-14.397684436678853,331
6550,29,53,-10.005945854413941,291
6551,42,40,-0.6832114101810346,279
6552,29,53,-6.4348538848193595,220
6553,36,46,-3.603778613699198,259
6554,54,28,4.9535301790042565,275
6555,43,39,-2.581240166337065,236
6556,48,34,8.197173207159938,274
6557,31,51,-2.4841877219367414,261
6558,39,43,-3.9672450777786126,337
6559,46,36,-0.45300858900231833,204
6560,26,56,-8.097227711794353,312
6561,38,44,-0.6008974702541985,169
6562,32,50,-3.093075073683267,295
6563,58,24,12.586308192599356,274
6564,44,38,-5.401387844089857,388
6565,41,41,-1.8348452539609854,220
6566,43,39,3.834703965290876,287
6567,29,53,-1.5197317612182726,376
6568,44,38,3.2530559979451135,340
6569,64,18,17.679711196793196,165
6570,30,52,-7.628556371744555,271
6571,42,40,0.7356655985206396,284
6572,44,38,1.753808086222551,278
6573,25,57,-9.147071267479054,272
6574,26,56,-10.986196202311016,352
6575,31,51,-7.297406159692761,218
6576,36,46,0.37889398251064865,334
6577,37,45,0.5250542888419177,248
6578,38,44,-5.764112493876387,246
6579,47,35,3.2388258195061685,223
6580,32,50,-5.060467544332269,246
6581,43,39,1.4572810191425236,263
6582,34,48,-0.7351460289474959,297
6583,42,40,2.0644611162319104,242
6584,58,24,7.817104877974908,328
6585,18,64,-10.852322919673615,340
6586,29,53,-3.5379398626839564,278
6587,29,53,-5.775202757585961,309
6588,39,43,2.0476029210598097,222
6589,37,45,-0.9630789754333883,149
6590,32,50,-8.149200084629078,340
6591,39,43,2.60277719743853,393
6592,44,38,5.6830763702296645,286
6593,42,40,4.017728866963948,277
6594,63,19,14.690763008546497,164
6595,53,29,4.211337610467906,180
6596,56,26,8.623596150608703,173
6597,43,39,-0.4019748007286832,300
6598,33,49,-6.298416787457772,219
6599,36,46,0.13118099952899767,249
6600,32,50,-4.715703999381682,268
6601,39,43,-0.7313885595097813,233
6602,41,41,1.3081069677237538,268
6603,53,29,3.0757101717995114,294
6604,35,47,-0.14210286683731685,312
6605,46,36,2.1328198967240763,236
6606,49,33,4.319948355866818,295
6607,52,30,6.384909429421654,291
6608,27,55,-7.618882056056612,296
6609,44,38,4.194450273885589,183
6610,37,45,-5.1847564241715896,283
6611,37,45,-3.739064610880049,273
6612,44,38,3.5691621794898105,348
6613,29,53,-6.435465726391162,284
6614,36,46,-0.8155895168679493,314
6615,49,33,3.3104051628364446,304
6616,54,28,4.869937626838633,250
6617,31,51,-3.577961473695535,287
6618,56,26,3.7066135117484134,288
6619,36,46,-4.144826197162471,233
6620,32,50,-5.3543166024844835,211
6621,45,37,3.0486300271530573,285
6622,37,45,-2.5792295574703195,309
6623,47,35,6.4967304249620135,287
6624,50,32,2.1961500423693003,336
6625,35,47,-5.841656791688958,197
6626,52,30,3.3376760549441147,226
6627,36,46,-1.440705230505128,209
6628,34,48,-7.230654198238631,290
6629,40,42,0.4591793598716963,221
6630,25,57,-6.23932701753452,184
6631,53,29,3.920552340174335,234
6632,45,37,0.9659243674742216,227
6633,35,47,-4.609106217087396,316
6634,38,44,-5.055963086852597,240
6635,38,44,-0.3766808317255164,173
6636,43,39,0.22079857889818155,197
6637,29,53,-6.384045313288548,181
6638,31,51,-4.963946888160212,202
6639,45,37,2.714802606961158,277
6640,28,54,-5.911204178570066,264
6641,35,47,-1.509492703162253,258
6642,47,35,3.814169005542457,189
6643,37,45,-2.5729628848824477,283
6644,43,39,1.7829245944040197,330
6645,37,45,3.888742255187697,319
6646,36,46,-5.221520110823203,315
6647,15,67,-13.804717885033616,277
6648,48,34,-1.9875841794434714,350
6649,36,46,-7.037042472002695,249
6650,36,46,0.8157399805304643,310
6651,30,52,-4.433490999839933,310
6652,32,50,-5.843643769451481,285
6653,12,70,-18.181982189551462,304
6654,40,42,1.0554195803973803,190
6655,41,41,2.704916949715596,251
6656,46,36,-0.6591150697560959,316
6657,37,45,0.8710682645543948,319
6658,40,42,-1.2904775270194813,290
6659,43,39,-2.33711704133489,272
6660,61,21,12.703952962221898,215
6661,21,61,-10.60157823863102,426
6662,40,42,-2.705337648257866,269
6663,33,49,-5.733221048859069,239
6664,58,24,10.309136342121505,254
6665,32,50,-2.1010771487690687,200
6666,45,37,-0.002895413100480181,320
6667,42,40,4.6513886693277176,306
6668,39,43,-1.8332723960955648,382
6669,33,49,-3.6837338500194607,211
6670,20,62,-11.69381799394831,313
6671,49,33,4.028946998302126,318
6672,38,44,-5.4339707101512875,328
6673,24,58,-10.285123245389075,329
6674,37,45,-1.2345459798438445,228
6675,41,41,-4.187696040905653,286
6676,50,32,4.104612779127612,309
6677,40,42,-1.3241918227970109,259
6678,24,58,-12.37871141034393,285
6679,47,35,1.4755773368608638,168
6680,52,30,5.245697700982339,225
6681,50,32,2.837079608290962,301
6682,25,57,-8.056515900738212,270
6683,31,51,-2.728789933275234,266
6684,30,52,-2.3204864771048914,355
6685,24,58,-5.012769555491175,360
6686,38,44,1.5515302442766865,209
6687,34,48,-7.3780564520349765,400
6688,47,35,4.279859646906497,359
6689,37,45,-5.39725513891203,301
6690,43,39,2.7250266600795747,323
6691,55,27,12.848544141569729,169
6692,23,59,-6.0239399207054865,296
6693,55,27,7.893866078219928,220
6694,31,51,-8.593961872458834,312
6695,40,42,-3.351349771647568,309
6696,55,27,4.890189806565255,348
6697,32,50,-8.613691755552047,298
6698,47,35,6.733583508653522,237
6699,34,48,-7.264936607310801,298
6700,39,43,-0.9477976236475076,385
6701,42,40,-1.1281655866803246,358
6702,40,42,2.4749585461721617,265
6703,23,59,-7.511980987658257,356
6704,42,40,1.3971891561884764,207
6705,23,59,-6.594178567738803,219
6706,32,50,-5.025403505404488,322
6707,32,50,-3.7588816866127783,331
6708,42,40,1.4757046040505875,311
6709,51,31,-2.326318279125057,195
6710,50,32,3.7640988329560194,252
6711,33,49,-4.153117509718096,259
6712,13,69,-17.728965593092774,290
6713,32,50,-5.402050782283033,292
6714,40,42,-2.3318706868173438,259
6715,54,28,6.853524972548188,236
6716,51,31,10.154935969879013,242
6717,45,37,0.04877428024543477,388
6718,44,38,0.9771692366169963,226
6719,57,25,9.060376556691017,231
6720,49,33,4.706760567121252,256
6721,42,40,1.699594745565637,227
6722,42,40,0.6275619082651809,199
6723,53,29,6.043605770370797,211
6724,35,47,-8.909436828803516,332
6725,55,27,4.822011801178602,294
6726,37,45,-6.808214578667916,327
6727,17,65,-8.408574775992257,288
6728,25,57,-7.549769697799397,247
6729,24,58,-7.617610330755806,357
6730,47,35,4.134764611001636,214
6731,43,39,-2.3961943904289544,249
6732,44,38,0.8279535729266383,232
6733,36,46,-0.6380973538208844,245
6734,45,37,-1.043803791230182,214
6735,29,53,-4.328032413492587,222
6736,45,37,2.135923182436734,208
6737,46,36,1.2554751102541153,290
6738,30,52,-10.665652681937962,297
6739,26,56,-6.726272994811688,262
6740,53,29,7.781900554934784,243
6741,37,45,-3.0364026835536064,238
6742,33,49,-2.1438456104707866,257
6743,50,32,2.662770105722901,195
6744,46,36,2.984980379105642,267
6745,36,46,-1.7422859092285636,330
6746,25,57,-12.358184472301692,376
6747,31,51,-8.43187181327381,209
6748,27,55,-5.254244745737606,246
6749,49,33,0.6082553898947906,298
6750,29,53,-5.874173582153976,251
6751,46,36,3.9029702777994184,287
6752,17,65,-14.603195310249035,328
6753,55,27,9.439640746993572,224
6754,29,53,-6.276358536296453,248
6755,43,39,-0.3622426040329442,244
6756,54,28,3.1582435904334663,311
6757,36,46,1.4455144644561486,298
6758,18,64,-11.774611700197937,324
6759,25,57,-12.147075144991918,329
6760,52,30,5.251321735158245,241
6761,49,33,4.537718405259371,248
6762,29,53,-4.538861940484552,299
6763,23,59,-4.37653166153334,315
6764,41,41,2.7994098258919258,208
6765,44,38,2.9227738478400567,293
6766,40,42,-3.033643314299851,312
6767,39,43,0.5827490468219536,258
6768,27,55,-7.094192612682427,305
6769,46,36,3.1210322733739826,264
6770,37,45,-2.575447576390917,284
6771,32,50,-1.3929520232391426,325
6772,54,28,9.112322055833447,237
6773,38,44,-0.46253904270521085,299
6774,30,52,-9.486779965185868,246
6775,29,53,-4.344459012479062,290
6776,26,56,-10.789624749458966,284
6777,47,35,8.544444813972294,282
6778,51,31,4.67219275449161,204
6779,47,35,-0.2736157679768782,214
6780,46,36,2.1474619710224965,205
6781,44,38,2.5390593645932675,278
6782,43,39,-0.5419608803725233,263
6783,45,37,-3.2198102417474943,240
6784,34,48,-1.700640958170946,284
6785,31,51,-3.0472904238882683,269
6786,37,45,-1.5389704405109248,189
6787,36,46,-4.071230471890857,292
6788,35,47,-2.839866122249054,257
6789,34,48,-1.1378844814251208,300
6790,33,49,-2.8247218233461218,261
6791,40,42,-1.614873091330898,172
6792,32,50,-3.9216042242821136,343
6793,32,50,-1.442597534140996,195
6794,31,51,-4.473875613714344,354
6795,51,31,3.512592199225207,244
6796,41,41,-0.26285140808856494,234
6797,42,40,-0.17839013992798589,252
6798,49,33,4.569524122788847,224
6799,52,30,10.227198552313556,174
6800,41,41,-0.015647723966647,288
6801,38,44,-3.091438163843379,229
6802,27,55,-8.19135858771853,357
6803,29,53,-4.312196172792342,301
6804,29,53,-6.588626652146796,302
6805,21,61,-6.240043266361894,319
6806,24,58,-8.410577945685977,208
6807,25,57,-8.709998825902982,325
6808,46,36,2.7941267235337417,247
6809,39,43,-2.2398223503589607,220
6810,31,51,-1.546082170453805,320
6811,34,48,-5.822996647061491,368
6812,49,33,2.847498570865348,242
6813,28,54,-7.708064178786823,256
6814,43,39,5.294585215106627,203
6815,43,39,-0.443504837887625,261
6816,42,40,-0.05425499363073645,258
6817,44,38,-0.597126834315817,267
6818,52,30,4.957304161068882,151
6819,34,48,0.351644685952759,285
6820,33,49,-2.763577787606468,319
6821,46,36,7.263530958977227,266
6822,47,35,3.7112242794427135,249
6823,51,31,5.721395853063606,231
6824,46,36,5.002847783413774,323
6825,63,19,12.400042375406748,381
6826,47,35,0.08657838834740285,279
6827,37,45,-5.065950334543024,335
6828,36,46,-0.7206316692390234,271
6829,42,40,4.827825046896635,249
6830,49,33,3.596899456204028,350
6831,32,50,-4.095018808778765,355
6832,43,39,1.9935195442558629,265
6833,31,51,-3.9513027377734056,274
6834,27,55,-5.2487344420703925,285
6835,28,54,-8.308089343464896,255
6836,48,34,8.848094332821054,148
6837,51,31,5.94808605730021,225
6838,33,49,-2.1250985221725114,175
6839,44,38,1.992664990742152,249
6840,47,35,6.374304349629794,252
6841,22,60,-11.265919919682014,303
6842,26,56,-6.469951987760181,296
6843,43,39,6.104871091314539,150
6844,41,41,-0.4051216774084058,280
6845,41,41,-3.734954507067415,256
6846,47,35,-1.2586385543708498,272
6847,40,42,1.9285259893019346,203
6848,32,50,-7.987188293556345,241
6849,35,47,-2.6998012797710174,250
6850,35,47,-5.776192903019381,277
6851,50,32,7.8340431308190945,302
6852,59,23,11.302446826017492,284
6853,40,42,-2.2329703066545434,314
6854,40,42,-2.562817161602639,223
6855,42,40,-3.74951324229931,313
6856,41,41,-1.0935944869516285,298
6857,25,57,-10.325110666264946,370
6858,44,38,-1.6216243547658522,235
6859,48,34,0.8001314950221552,264
6860,51,31,7.426652997118357,213
6861,44,38,0.7730427970342486,260
6862,48,34,0.823194211987402,290
6863,41,41,-3.3417045879165723,264
6864,31,51,-5.220426346269674,330
6865,26,56,-11.10116458868583,350
6866,37,45,-2.5776154425652145,171
6867,49,33,3.2873829219506687,257
6868,34,48,-3.279378281092594,291
6869,45,37,1.0119570302585688,290
6870,55,27,4.012812162584941,233
6871,49,33,8.538080739459932,303
6872,33,49,-5.59974668727177,314
6873,41,41,-0.5251991193170292,386
6874,36,46,-6.082769060623166,272
6875,41,41,-0.752127529286392,247
6876,47,35,2.5098820228001153,254
6877,25,57,-9.015905217661635,199
6878,35,47,-3.484723705803613,264
6879,28,54,-9.927939572990697,294
6880,45,37,2.044476601222445,349
6881,31,51,-2.378456249584577,235
6882,26,56,-10.157383585314923,236
6883,27,55,-6.820671724776703,290
6884,29,53,-7.344025018024883,244
6885,46,36,3.2238056678550806,211
6886,50,32,3.5232174013480337,294
6887,40,42,-3.620588248371082,333
6888,47,35,4.196209618522584,207
6889,44,38,-1.4486155265933796,237
6890,29,53,-9.349286179728548,395
6891,20,62,-14.354468418563009,317
6892,36,46,1.152837380707748,201
6893,45,37,1.7743069359387953,265
6894,32,50,-8.852283140568494,298
6895,33,49,-3.6799658843011613,293
6896,43,39,1.5821060397067053,183
6897,29,53,-5.811893015966856,265
6898,42,40,1.0283569143182285,175
6899,33,49,-4.105788217946131,265
6900,25,57,-5.627124754984438,263
6901,47,35,3.9293163672223392,315
6902,34,48,-1.3273812607138962,209
6903,51,31,4.613802968192685,272
6904,48,34,2.242162078867926,243
6905,41,41,-1.067006809747723,327
6906,29,53,-6.679722220226141,297
6907,29,53,-10.55266197733845,383
6908,22,60,-6.966418890837543,203
6909,29,53,-10.006476857179784,259
6910,34,48,-2.930915354619612,286
6911,35,47,-6.689840201530261,273
6912,44,38,0.7812516042236918,282
6913,34,48,-3.322681211186564,339
6914,62,20,12.125153878756302,307
6915,32,50,-4.850808804741696,263
6916,41,41,-1.0173670100727272,261
6917,44,38,-1.9548937248209217,385
6918,49,33,-0.3859439859163078,178
6919,53,29,4.142212290312813,346
6920,29,53,-5.889653029681001,322
6921,25,57,-13.786495640612756,325
6922,40,42,4.6157180469149495,258
6923,37,45,-4.221844327082223,347
6924,41,41,-3.415965561014443,247
6925,40,42,0.7884851809565403,182
6926,43,39,0.9905365530241963,303
6927,46,36,3.0204625624663803,287
6928,50,32,1.0828916062134706,216
6929,17,65,-15.122104567418397,350
6930,45,37,0.9196066597404731,169
6931,46,36,0.753863077669059,268
6932,29,53,-9.73376655648526,374
6933,38,44,-0.9739687715139457,226
6934,30,52,-5.038941597155457,338
6935,23,59,-6.45363989133029,333
6936,44,38,4.759152847789565,267
6937,30,52,-13.894681700623416,387
6938,46,36,-0.45067097773345827,280
6939,39,43,-5.117001110172577,282
6940,43,39,-5.4799001635906865,278
6941,38,44,0.1121818655357111,268
6942,37,45,-1.4763982787339025,232
6943,54,28,5.130911753941228,340
6944,46,36,2.9591357229659683,317
6945,42,40,-0.200649290849788,326
6946,48,34,0.5793074659711193,318
6947,56,26,7.0607081880626215,185
6948,29,53,-5.454599790279931,253
6949,44,38,5.113470033997029,280
6950,34,48,-2.6256513715909393,307
6951,34,48,0.23946023291350774,284
6952,45,37,4.690548566352643,251
6953,47,35,4.913367012299556,190
6954,36,46,-1.1001021800572066,281
6955,30,52,-7.185440056617015,274
6956,39,43,-3.2250962155784846,192
6957,50,32,2.880492810458227,208
6958,52,30,6.119463939729817,268
6959,39,43,-1.9823762364715232,134
6960,49,33,0.2508515802805531,222
6961,41,41,1.7680088302019346,213
6962,22,60,-14.839985765694491,329
6963,38,44,0.12570673727837892,277
6964,47,35,4.9282213633268235,257
6965,50,32,3.316542250108031,195
6966,23,59,-10.077712389018485,299
6967,58,24,11.896813600570171,282
6968,47,35,1.822445971973203,315
6969,35,47,-2.18802939862752,187
6970,48,34,6.293860149722667,323
6971,34,48,-4.40876519583627,222
6972,42,40,-0.9678208634591157,304
6973,52,30,5.155666525942863,206
6974,37,45,-0.09032877425355795,258
6975,42,40,2.2409821422938756,182
6976,39,43,-2.34445184914126,331
6977,47,35,2.210864375134743,296
6978,37,45,-3.0172417238955,246
6979,30,52,-4.479814135489302,271
6980,36,46,0.38614272655854437,231
6981,35,47,-0.13352253321490948,267
6982,50,32,4.134541891465149,206
6983,39,43,0.9116479200367286,202
6984,46,36,-0.3220169959325184,229
6985,33,49,-3.343554514890162,288
6986,33,49,-3.0269340284517683,223
6987,40,42,-0.7713679090212948,241
6988,33,49,-2.705304779626183,327
6989,34,48,-3.3527233481191496,277
6990,53,29,8.379090057759814,332
6991,39,43,2.6971177604095673,236
6992,42,40,2.4416113972544338,174
6993,35,47,-3.1618651844329335,232
6994,51,31,3.8503052827467594,211
6995,55,27,7.551578758970817,257
6996,47,35,-1.001754427046646,256
6997,41,41,2.076258574669073,273
6998,20,62,-9.686714161714681,318
6999,43,39,3.298086659072939,250
7000,29,53,-7.289381854133897,364
7001,34,48,-6.665993353551407,321
7002,41,41,2.234835617493078,178
7003,37,45,-1.0159845064426523,338
7004,41,41,3.9619434654367853,248
7005,40,42,-0.21599460902662992,332
7006,44,38,1.3260293814457305,218
7007,47,35,3.71542666376137,276
7008,46,36,0.25066911871942454,232
7009,57,25,3.4943658798380404,215
7010,56,26,6.61728090565539,263
7011,45,37,1.8645612030210283,248
7012,34,48,-4.662916743615763,260
7013,54,28,3.457020307174563,354
7014,27,55,-8.223005275604494,239
7015,48,34,3.3575314094328825,302
7016,39,43,0.6236441973516157,341
7017,49,33,1.190698558964706,254
7018,28,54,-3.5713886723777786,229
7019,35,47,-5.221574754903772,225
7020,22,60,-10.607793384200678,388
7021,30,52,-1.2108393458072884,316
7022,49,33,1.4483548774173143,231
7023,58,24,6.561918010002674,202
7024,41,41,-4.670768149307181,341
7025,25,57,-7.283465273568674,284
7026,32,50,-3.199022166191994,185
7027,38,44,0.6467950154571724,357
7028,47,35,0.8742370666365377,313
7029,38,44,-1.4744132407516761,193
7030,46,36,3.379068284691168,189
7031,34,48,-4.921970451325569,210
7032,55,27,7.772551023302272,238
7033,39,43,-2.7305159110743245,198
7034,43,39,3.7624995806543398,199
7035,42,40,0.6841526323929693,289
7036,37,45,-6.067384691744964,324
7037,33,49,-0.6015828514469296,282
7038,32,50,-6.261763414084207,300
7039,45,37,0.9930086696979925,258
7040,33,49,-0.17888007533568542,260
7041,40,42,-3.6908085685023884,409
7042,38,44,-1.072626588657266,262
7043,45,37,3.614600628656082,267
7044,38,44,-2.896153920092928,244
7045,28,54,-7.934938560418502,376
7046,32,50,-5.048083361650365,285
7047,20,62,-9.464701277202554,291
7048,34,48,-9.331047694818357,387
7049,36,46,-4.18624224440968,299
7050,56,26,7.513916210184813,265
7051,47,35,3.158260708180555,319
7052,36,46,-3.1726234263302393,412
7053,42,40,-0.7154461335552851,332
7054,29,53,-3.9849672723683525,278
7055,37,45,-2.1660129445025493,173
7056,29,53,-9.827607106692724,181
7057,37,45,-2.3678833209859977,164
7058,43,39,2.2474970721256757,257
7059,53,29,3.6040006308766137,212
7060,51,31,6.120231248461787,200
7061,33,49,-6.789461739748793,227
7062,31,51,1.1459665195890807,355
7063,35,47,-1.4913715750748806,266
7064,32,50,-4.313861195960651,309
7065,43,39,1.109456650962144,238
7066,38,44,-5.742384884023968,180
7067,49,33,3.073777341479678,410
7068,35,47,-3.133540413264818,208
7069,26,56,-13.108220962319715,421
7070,55,27,3.495979649051309,227
7071,53,29,8.149323745257423,287
7072,55,27,9.253486383342837,240
7073,59,23,8.599770729917907,318
7074,49,33,5.697121631092161,224
7075,36,46,-3.1429870618886144,240
7076,53,29,1.741842000418176,306
7077,49,33,0.4363018811498475,207
7078,39,43,-0.14059222210198796,268
7079,41,41,-2.883186813444996,333
7080,47,35,6.147099991404896,262
7081,35,47,-0.45856709303834303,251
7082,46,36,-1.1365639663833136,309
7083,33,49,-2.3927794970926906,249
7084,26,56,-8.698890099588693,295
7085,50,32,-4.023279090349955,185
7086,60,22,8.651777501008784,215
7087,32,50,-13.828728931109378,365
7088,48,34,4.9142727881224575,120
7089,45,37,-0.4808239603767488,209
7090,46,36,3.735797417292951,215
7091,43,39,-0.5585648535036172,215
7092,49,33,7.692534831736857,233
7093,45,37,-0.5221157238054095,308
7094,35,47,-5.473893616099017,201
7095,37,45,-0.08459362637356094,285
7096,42,40,0.2260030455373547,303
7097,34,48,-2.2164055294195015,288
7098,17,65,-14.830213186327441,347
7099,21,61,-10.543416474267593,318
7100,25,57,-6.937109207242706,330
7101,59,23,10.913191142004239,220
7102,51,31,2.722307725527087,258
7103,48,34,1.855918036077212,370
7104,50,32,4.173544773389461,167
7105,49,33,3.831957146043479,284
7106,37,45,-1.2648167376074053,299
7107,40,42,-2.9356074705316546,318
7108,57,25,6.648127442592085,321
7109,36,46,-1.5720073620665072,246
7110,29,53,-2.500719409144779,294
7111,31,51,-3.1160962550814326,171
7112,24,58,-3.826407143546776,213
7113,28,54,-12.23866585786249,208
7114,30,52,-5.0157527825520445,326
7115,36,46,-1.1947067772767492,195
7116,53,29,3.8741766279425818,282
7117,28,54,-11.06517438447147,173
7118,49,33,2.3221223056567046,236
7119,32,50,-7.355033841441202,283
7120,39,43,-0.9802310755814592,394
7121,39,43,-2.64206090927349,279
7122,36,46,-2.456785802253525,328
7123,29,53,-7.312424219981586,215
7124,29,53,-5.2979923439653644,348
7125,35,47,-0.5864403727665156,215
7126,56,26,5.165572661739263,198
7127,28,54,-9.406495062606695,275
7128,35,47,1.4589795003885786,227
7129,36,46,1.1117871500790417,289
7130,28,54,-3.683260845733953,176
7131,51,31,4.159696035196213,226
7132,47,35,5.8597870569045964,264
7133,36,46,-5.2606912866699425,279
7134,38,44,-2.4490372034466117,298
7135,60,22,13.43872604758121,195
7136,45,37,-2.0132856524763327,172
7137,52,30,8.799052883238609,246
7138,34,48,-9.801180288561774,264
7139,30,52,-3.0934953683238158,260
7140,44,38,5.616686568600915,144
7141,51,31,6.224871254301048,308
7142,32,50,-3.6143386348125666,331
7143,43,39,-0.2744399311914618,269
7144,45,37,1.5894202597102762,342
7145,50,32,1.9457356663939755,232
7146,35,47,-4.179434324666258,251
7147,58,24,11.020514519012556,226
7148,27,55,-3.322677357699095,353
7149,45,37,-1.5938387565340524,271
7150,35,47,1.5532411155945214,342
7151,48,34,-0.38959525786294835,307
7152,45,37,-0.4378007085182865,243
7153,49,33,3.670047495835074,278
7154,47,35,2.497330624156917,261
7155,29,53,-6.6705532606056686,312
7156,39,43,-1.19891608051497,224
7157,35,47,-6.76062799330928,296
7158,45,37,4.943407858802641,364
7159,25,57,-11.595000134347405,459
7160,24,58,-9.264799714605761,258
7161,63,19,9.553739461291192,275
7162,55,27,3.697480209360884,299
7163,20,62,-10.217578640496164,357
7164,32,50,-3.9823960581820987,219
7165,39,43,-2.8405420415801648,294
7166,28,54,-4.730733506809031,336
7167,31,51,-4.340101239879935,334
7168,32,50,-8.261378255789142,371
7169,49,33,4.882174444950643,242
7170,54,28,9.584635665037919,266
7171,37,45,-7.916873724500999,333
7172,30,52,-4.262480687673564,320
7173,47,35,5.076855467163075,353
7174,36,46,0.3449664191617306,267
7175,40,42,0.5356824719400424,253
7176,36,46,-0.8579035071158985,312
7177,36,46,0.07222300748753904,304
7178,53,29,6.632406800953874,172
7179,34,48,-2.7716615364713317,183
7180,37,45,-2.558526627713499,313
7181,44,38,-0.3923872019659998,256
7182,40,42,-1.553460183767766,285
7183,47,35,6.987706348344953,182
7184,48,34,2.451121482304492,185
7185,43,39,0.19655822314467186,353
7186,40,42,-1.418622331996862,358
7187,41,41,2.0435346310986873,271
7188,48,34,0.29556269814200214,255
7189,27,55,-9.509953636295778,250
7190,53,29,0.4061862163838713,218
7191,45,37,2.4805435679026693,316
7192,49,33,2.7171684001097165,277
7193,43,39,-1.3256962625594426,278
7194,40,42,-2.3594445423017913,190
7195,32,50,-2.33163413073094,235
7196,57,25,13.836858701454462,257
7197,46,36,-3.4122174622235737,271
7198,34,48,-3.370219943886507,391
7199,47,35,1.976850293770766,236
7200,54,28,4.7706084795069374,173
7201,48,34,6.412027548816938,222
7202,35,47,-3.7188334864261146,201
7203,35,47,-5.16481446357117,267
7204,36,46,-2.538230607229212,286
7205,40,42,1.4322622773271176,233
7206,36,46,-5.352284282287799,307
7207,27,55,-9.588432557017763,296
7208,33,49,-3.645352913058452,290
7209,33,49,3.405449590055248,207
7210,29,53,-0.4740807664698552,304
7211,38,44,-4.169005505563494,326
7212,23,59,-6.881882337044429,210
7213,33,49,-5.518108156886539,228
7214,36,46,0.26250697286318,199
7215,41,41,-2.8884547812163164,226
7216,44,38,0.7757094272420387,327
7217,44,38,1.5752130110149918,240
7218,30,52,-7.917996158451462,269
7219,45,37,1.3783127070797114,304
7220,48,34,0.36450359631019014,256
7221,18,64,-11.407094364364092,331
7222,30,52,-6.160605738195211,329
7223,30,52,-4.59576658543278,283
7224,28,54,-6.607677313212106,323
7225,34,48,-3.5856407919831756,294
7226,20,62,-14.033324856262915,294
7227,45,37,3.6012381350337526,242
7228,49,33,-0.38082764292859916,307
7229,41,41,-1.4741834163820695,270
7230,20,62,-12.260113302767053,365
7231,23,59,-8.214580164414905,237
7232,33,49,-9.389016705143975,388
7233,32,50,0.104512557136965,246
7234,35,47,1.6753061174076542,372
7235,28,54,-10.75473794105416,362
7236,53,29,9.878070551473103,285
7237,40,42,2.6574208729924598,260
7238,39,43,-2.326901354496314,283
7239,46,36,4.971911984628892,285
7240,36,46,-2.181713831969351,325
7241,48,34,0.9626774956798785,254
7242,46,36,4.18270392117176,229
7243,28,54,-8.734944490327038,315
7244,24,58,-6.444753248924352,263
7245,33,49,-7.67111788618229,319
7246,51,31,5.696410108049301,302
7247,61,21,10.89924240176555,251
7248,39,43,-1.040635924897717,265
7249,43,39,0.31470283432517526,242
7250,34,48,-3.3013395149532685,253
7251,49,33,1.9856870663798771,176
7252,34,48,-1.7490672113980534,176
7253,43,39,-0.024223965330542045,251
7254,34,48,-4.568025181507037,260
7255,30,52,-7.234334071510145,329
7256,45,37,1.4939153123592415,303
7257,44,38,0.31600699792088227,241
7258,40,42,0.8503565090881775,243
7259,30,52,-3.4866786150761744,254
7260,45,37,1.6087401145161542,284
7261,51,31,6.732049439062475,254
7262,43,39,4.235050926408408,253
7263,42,40,-2.037021757643551,311
7264,22,60,-8.863235139950838,342
7265,43,39,3.632903216775878,300
7266,38,44,-0.26076559055259785,297
7267,30,52,-0.8678293849333847,263
7268,31,51,-5.495719159720576,280
7269,25,57,-7.760846300356101,376
7270,43,39,1.2192250266531366,315
7271,44,38,2.741750533927495,357
7272,41,41,-2.780878098220211,260
7273,37,45,-2.4715617173274733,215
7274,33,49,-4.832803233359076,322
7275,43,39,3.7184179131579995,179
7276,39,43,-2.7121765918787317,255
7277,31,51,-3.243035856240603,239
7278,37,45,-5.766769956389262,252
7279,52,30,6.729086814357948,243
7280,39,43,0.11766082014156527,303
7281,48,34,0.9228148652812104,291
7282,39,43,4.464213738811299,220
7283,52,30,3.2654115452456245,283
7284,27,55,-2.748210768167185,318
7285,37,45,-1.7638624456109575,390
7286,41,41,-2.183987586879597,243
7287,39,43,-2.3919720549290644,262
7288,35,47,2.4090182673174745,250
7289,52,30,4.071687805359288,144
7290,37,45,-0.008578416672767156,217
7291,51,31,2.5386217130897344,305
7292,24,58,-11.132308017422458,227
7293,33,49,-3.5478756275215395,185
7294,44,38,5.214774700495262,310
7295,44,38,1.4735939506735174,247
7296,23,59,-10.834107880455592,362
7297,36,46,-2.5900300323562035,402
7298,28,54,-8.56911384794099,290
7299,38,44,-2.367172947751021,297
7300,42,40,-0.13774449853633172,454
7301,48,34,5.5799059785565674,194
7302,34,48,3.294935298359625,199
7303,39,43,-0.7520886922191791,194
7304,36,46,-5.95941426875664,252
7305,35,47,-1.7168832826726494,172
7306,45,37,-0.1675965513943283,272
7307,32,50,-6.737061547649146,273
7308,27,55,-10.599294591177177,275
7309,35,47,-4.918874676215383,314
7310,46,36,2.357695635284973,246
7311,15,67,-12.475586492101494,294
7312,53,29,10.915075481380294,243
7313,45,37,2.137409206958438,223
7314,51,31,8.482533137405165,196
7315,37,45,-0.43847863232592177,252
7316,27,55,-8.377967963089386,397
7317,43,39,0.5637307900152746,271
7318,40,42,2.358292067950492,190
7319,25,57,-5.628872052944433,281
7320,54,28,2.6499152188547423,266
7321,27,55,-6.565642552200436,231
7322,40,42,-0.31910892863257584,261
7323,35,47,-3.856253597919722,326
7324,35,47,-3.1529493120462786,214
7325,25,57,-10.658492182538248,260
7326,57,25,8.403256503683819,289
7327,40,42,-2.6364651706905913,289
7328,45,37,3.5962974090853277,240
7329,40,42,-0.07385611029223191,224
7330,30,52,-7.19648811483094,335
7331,54,28,9.9978706141269,275
7332,42,40,-2.793488114497494,334
7333,38,44,4.496168078817434,179
7334,28,54,-5.868921241891304,289
7335,41,41,1.030866914126835,267
7336,26,56,-9.55754845927167,359
7337,47,35,4.7656715693883065,221
7338,26,56,-6.394204713621875,268
7339,46,36,0.04691601964784148,178
7340,61,21,9.634888061795063,238
7341,37,45,-1.960167198978265,356
7342,35,47,-6.963011835333406,339
7343,45,37,0.7198660432719133,293
7344,40,42,-0.08603452874847393,253
7345,35,47,-5.035498851322885,242
7346,30,52,-6.800656032486669,282
7347,25,57,-8.920879630198606,303
7348,33,49,-1.8018553454746256,309
7349,44,38,-3.5587315215695794,321
7350,43,39,2.475531056456638,272
7351,40,42,1.2055670892151957,237
7352,44,38,-1.4373786685298393,269
7353,50,32,1.456456392986296,341
7354,42,40,2.0094447887284743,315
7355,37,45,-5.027852518989232,275
7356,48,34,3.8458731329709814,290
7357,26,56,-9.287464338552446,316
7358,49,33,3.738258499650501,194
7359,45,37,4.174798961715884,214
7360,38,44,1.3466175560657727,240
7361,39,43,-3.1445700678621,331
7362,42,40,1.0788367178484912,220
7363,56,26,3.3264391648648224,166
7364,28,54,-5.966375736773659,188
7365,44,38,-0.2078110359502353,318
7366,32,50,-4.049744969736879,257
7367,29,53,-4.151402626240848,238
7368,39,43,-7.609998253330708,260
7369,36,46,-1.4056934896465152,289
7370,28,54,-3.003512025692709,262
7371,24,58,-9.283699857594119,344
7372,27,55,-11.739453230985895,217
7373,30,52,-3.934390459672197,270
7374,31,51,-7.360908359212925,309
7375,34,48,-6.864626624961414,204
7376,42,40,1.2717820486029927,266
7377,41,41,1.4173158479622057,289
7378,37,45,-0.9427902703642518,278
7379,28,54,-3.2416494934744793,282
7380,50,32,3.6463298312648105,299
7381,38,44,-1.5007607693195215,310
7382,34,48,0.2989260783053191,333
7383,50,32,-3.2003392513787876,306
7384,20,62,-14.623940058189472,429
7385,32,50,-9.740678231507335,384
7386,44,38,2.7528487381104534,289
7387,25,57,-16.20395513144561,263
7388,56,26,4.665013715680758,250
7389,36,46,-4.713838280720689,285
7390,43,39,-0.08141182382699765,307
7391,47,35,4.833637029814698,308
7392,17,65,-15.096402332424601,404
7393,34,48,-4.641833245096404,311
7394,46,36,3.6576714086212814,224
7395,37,45,-2.546552195064837,280
7396,63,19,4.803960550914031,221
7397,38,44,-6.121496444880972,334
7398,36,46,-5.985553038964569,318
7399,29,53,-5.518069684556936,271
7400,44,38,9.85752950308956,272
7401,39,43,-0.31014187341598526,306
7402,51,31,2.9678819678873327,275
7403,35,47,-1.454841431210368,206
7404,44,38,8.112431901729593,203
7405,52,30,3.0689366351829883,290
7406,28,54,-4.9811775365885005,233
7407,46,36,-5.356120802393836,279
7408,44,38,1.3835622872516797,326
7409,49,33,-0.5196561965926841,273
7410,46,36,2.965268519005345,245
7411,48,34,-0.2136286498319776,290
7412,43,39,1.2469651405446456,285
7413,37,45,-0.4355873215897682,327
7414,29,53,-3.94414009842937,259
7415,50,32,3.830113145912006,311
7416,35,47,-1.1098065612247505,303
7417,49,33,3.057945881834841,254
7418,54,28,1.8824519976042444,261
7419,51,31,2.9065851759961507,225
7420,45,37,-1.7978149346686687,369
7421,22,60,-13.69801512208289,246
7422,43,39,3.468886658240407,199
7423,25,57,-6.015543718748399,230
7424,48,34,3.2916857228167364,241
7425,35,47,2.2696042676444717,387
7426,45,37,3.36562095775219,267
7427,34,48,-5.435470023079243,320
7428,57,25,8.128685156850567,268
7429,39,43,1.8208292773584085,240
7430,50,32,4.8051748355074055,341
7431,35,47,-2.2818075897939805,133
7432,28,54,-9.761176491200787,303
7433,47,35,-0.17690299005171917,273
7434,37,45,-1.189832060625756,194
7435,22,60,-10.18551495838319,238
7436,47,35,-1.4280348187505956,300
7437,37,45,1.8270429537635449,247
7438,43,39,2.0459611839124037,243
7439,35,47,-3.093945757410712,292
7440,38,44,-4.449697956744141,173
7441,33,49,-4.3327542130792125,206
7442,60,22,10.936153215083525,244
7443,32,50,-11.724683415509999,239
7444,52,30,6.599873134655678,214
7445,37,45,-0.3879642410949233,373
7446,53,29,6.546526437173546,243
7447,40,42,-0.31202588192396896,303
7448,29,53,-10.942732258520888,290
7449,30,52,-6.006033412581816,353
7450,38,44,-1.68402903652603,257
7451,38,44,3.823896804109485,160
7452,43,39,-3.132281091903426,334
7453,47,35,4.147312372894511,256
7454,32,50,-4.404987380586143,325
7455,42,40,-0.029612055778388584,365
7456,21,61,-6.5106871283697885,278
7457,56,26,8.961950596806432,273
7458,27,55,-7.137188409058437,192
7459,52,30,6.686709106347774,224
7460,44,38,2.939969989094413,244
7461,41,41,-2.400866115183273,282
7462,33,49,-3.030189888845504,241
7463,43,39,0.4586627079712868,245
7464,35,47,-5.459544005306388,351
7465,48,34,0.9754862945657224,255
7466,38,44,-0.9164202410751792,244
7467,48,34,9.25136716181005,195
7468,44,38,3.210915830660992,278
7469,47,35,2.6676470532534293,268
7470,36,46,-2.66202610796844,255
7471,40,42,-2.482140894338486,318
7472,35,47,-1.616169680764933,376
7473,47,35,4.926138061410914,217
7474,39,43,0.6967957310019393,249
7475,30,52,-5.327912018603187,285
7476,25,57,-5.335276807609995,274
7477,45,37,2.3683151628740777,210
7478,38,44,-1.3743463744206643,185
7479,34,48,-5.39707362368622,323
7480,33,49,0.8178762767435617,303
7481,37,45,-0.5912139486785343,234
7482,43,39,0.12373887291742774,256
7483,31,51,-5.569544504883489,267
7484,48,34,3.2706801412703257,213
7485,33,49,-3.699769679417972,354
7486,20,62,-8.598549126750568,335
7487,29,53,-7.64131826249151,233
7488,47,35,5.727613328307356,299
7489,41,41,1.8021461897073814,177
7490,28,54,-3.6044933044337304,316
7491,37,45,1.059643133994728,282
7492,26,56,-7.429547018159185,313
7493,33,49,-7.373362650295158,195
7494,47,35,1.9420563506907225,263
7495,31,51,-8.250299956531924,340
7496,32,50,-5.349381479904248,275
7497,48,34,3.6443171115570063,318
7498,47,35,3.095323372215401,259
7499,29,53,-8.03485826628119,267
7500,31,51,-0.3316095616383402,341
7501,48,34,3.2572276053929703,289
7502,38,44,-1.9476134242455514,381
7503,52,30,4.747639016310007,220
7504,34,48,-5.107510873799259,332
7505,50,32,3.621624480981489,213
7506,25,57,-7.848380203383351,302
7507,27,55,-7.885722401469296,269
7508,26,56,-4.031561059972567,361
7509,31,51,-9.949412641485857,309
7510,53,29,4.634850731020178,272
7511,42,40,-1.1410084565957455,274
7512,57,25,5.899526054394519,230
7513,24,58,-8.631114365784327,352
7514,24,58,-6.887449617725427,218
7515,35,47,-6.83798073436169,361
7516,42,40,0.6385374355574954,297
7517,64,18,9.233658399404652,265
7518,38,44,-3.019817771547437,341
7519,33,49,1.5412696640901313,187
7520,43,39,3.1466349530557993,196
7521,51,31,5.687475591088819,253
7522,34,48,-6.146707689222643,254
7523,27,55,-9.640797703563354,292
7524,40,42,-1.337231533604875,189
7525,52,30,3.987511664845113,191
7526,38,44,-3.3186197423067707,328
7527,29,53,-6.6495497029129655,269
7528,34,48,-5.8769318471568575,256
7529,28,54,-7.792326570851456,311
7530,48,34,-1.0659796509641735,284
7531,53,29,9.150188593267966,186
7532,34,48,-1.3747535181284092,248
7533,39,43,-1.0446566702205233,295
7534,41,41,3.2863782734955045,306
7535,36,46,-5.699198552388641,271
7536,42,40,0.9865484365836101,337
7537,28,54,-2.7213563426731793,256
7538,36,46,-4.10380630979859,349
7539,53,29,10.081498724268258,249
7540,49,33,5.737038050142873,226
7541,40,42,-3.580056669093075,279
7542,37,45,-1.5268079703020003,280
7543,28,54,-11.275426705980818,295
7544,35,47,-3.068816584173649,264
7545,54,28,8.373916266572289,231
7546,31,51,-11.135467551824417,389
7547,45,37,3.1585731391645693,233
7548,37,45,0.6163655981198578,306
7549,47,35,5.630775345915607,328
7550,48,34,2.483257730160101,194
7551,30,52,-4.530975103995248,257
7552,45,37,2.3933977251645815,166
7553,33,49,3.289050719409817,276
7554,34,48,-2.845641709895664,309
7555,32,50,-1.9583968140513797,293
7556,58,24,9.11017203412194,219
7557,41,41,-2.2037744802405212,320
7558,42,40,-1.8529396717547775,319
7559,49,33,3.933526728027368,252
7560,31,51,-5.92848823291445,259
7561,45,37,1.23575723755981,192
7562,58,24,10.910968456270036,287
7563,47,35,7.959136646709933,304
7564,43,39,-0.40343636282907874,274
7565,51,31,4.926297550029516,210
7566,27,55,-11.720189802897561,286
7567,34,48,0.4351453902677048,204
7568,59,23,7.302692969010579,193
7569,38,44,-1.0804669141610286,320
7570,51,31,6.154179236045165,215
7571,31,51,-4.654196360620501,404
7572,53,29,8.165220462457487,224
7573,39,43,0.054947607466583524,302
7574,35,47,-6.805724868762425,274
7575,53,29,5.476977376709256,187
7576,35,47,-6.923186462972812,301
7577,34,48,-3.509463107469738,242
7578,61,21,12.933175894561892,240
7579,37,45,-3.8381813414419934,302
7580,21,61,-7.613881773041068,307
7581,40,42,-1.3821859326441426,222
7582,30,52,-6.007910679672581,363
7583,46,36,3.7591464785389728,334
7584,40,42,3.282789110788684,351
7585,57,25,10.30931254521663,180
7586,39,43,-2.042067525005259,439
7587,49,33,1.8163429194970844,263
7588,70,12,13.446430265887155,250
7589,40,42,4.555584850335033,211
7590,38,44,-5.715074062521769,381
7591,35,47,-2.188287240318734,266
7592,36,46,-3.7805677885091495,175
7593,31,51,-2.8195457377299555,358
7594,51,31,4.893319078240682,244
7595,40,42,2.412466251307109,219
7596,40,42,2.851189127095772,317
7597,47,35,3.8533649641041636,263
7598,41,41,0.49339721864097946,359
7599,41,41,-5.34933180646653,259
7600,44,38,2.7738007911508125,224
7601,24,58,-9.052603644041406,226
7602,32,50,-4.479399988379904,277
7603,22,60,-11.507018696819179,335
7604,27,55,-12.912140087547051,354
7605,32,50,-4.798102688655445,347
7606,48,34,3.0861266213500724,445
7607,36,46,-0.7485834666930836,238
7608,39,43,-0.6175418822010459,283
7609,51,31,3.931047879565063,255
7610,48,34,2.221625226401217,383
7611,44,38,0.017298403213876042,247
7612,38,44,-0.26577851293856336,211
7613,60,22,10.01892131582906,207
7614,55,27,8.623796502031658,99
7615,42,40,3.8619137685145146,302
7616,42,40,-0.45355705459023454,230
7617,37,45,-1.7900604284404444,247
7618,49,33,2.058407186140085,228
7619,30,52,-4.028483812584756,303
7620,24,58,-10.406426960810776,293
7621,47,35,0.646193938936732,221
7622,50,32,4.2144209345531145,315
7623,22,60,-9.365454078725492,308
7624,53,29,5.967692461336699,210
7625,48,34,5.643796460069894,228
7626,36,46,-6.753412963718791,283
7627,47,35,4.320367629351364,311
7628,47,35,-0.40310450314766116,239
7629,56,26,11.365894957673786,161
7630,51,31,5.498598970777779,249
7631,28,54,-7.006474982108213,284
7632,48,34,1.1503839416911725,262
7633,48,34,3.994055920939855,160
7634,45,37,-0.7133863351399231,228
7635,20,62,-17.87938174401815,273
7636,30,52,-4.549021289758836,273
7637,45,37,1.310617019212264,280
7638,54,28,4.965737592563084,223
7639,53,29,5.200595607957338,245
7640,23,59,-11.37638118988308,339
7641,35,47,-4.2212842118978395,268
7642,47,35,-0.0841713004359394,170
7643,55,27,7.734134673181339,257
7644,34,48,-2.7348638210180694,274
7645,39,43,-0.35412457506998696,185
7646,63,19,10.418615366148266,148
7647,44,38,6.8536516228396245,245
7648,24,58,-5.934986078701603,225
7649,51,31,6.515267920303205,218
7650,44,38,1.130929649417899,245
7651,39,43,0.8088544852370063,320
7652,31,51,-10.410691636456397,325
7653,44,38,1.9948050586458033,181
7654,32,50,-4.597166745168041,257
7655,23,59,-9.485002303620348,368
7656,49,33,1.3944905211881475,191
7657,46,36,4.804054560061985,303
7658,43,39,0.2663339687978075,237
7659,39,43,-3.4420407238486184,255
7660,38,44,-1.766362869453924,233
7661,39,43,-3.7072071222019307,240
7662,38,44,2.7795485190535305,261
7663,30,52,-6.585690653852796,396
7664,43,39,1.9749173400258684,178
7665,28,54,-7.248149942921704,260
7666,46,36,7.562353175312633,195
7667,52,30,6.207253947305195,306
7668,29,53,-10.97052866416604,322
7669,32,50,-1.2566199088723111,176
7670,34,48,-4.000841638001794,218
7671,37,45,-1.8234036905243172,230
7672,44,38,2.774084504495569,264
7673,43,39,1.7227123561465465,282
7674,30,52,-2.5361339830781437,297
7675,44,38,1.421581397844454,204
7676,41,41,-1.4190266247829473,323
7677,32,50,-6.177482030923995,256
7678,30,52,-9.235407314072882,300
7679,42,40,0.928234566323753,224
7680,44,38,1.0463531856085124,281
7681,27,55,-5.265187715911735,305
7682,46,36,2.1667740198012106,311
7683,36,46,-3.32232328037019,222
7684,62,20,13.12793519642519,174
7685,37,45,-3.021553228610216,302
7686,31,51,-3.9117730432327598,273
7687,43,39,1.4558561690765837,312
7688,43,39,4.278728624485402,258
7689,34,48,-6.311368388855088,186
7690,43,39,-0.006464914222256791,256
7691,45,37,1.5879077709680747,297
7692,37,45,-0.4888253436823809,294
7693,31,51,-5.8558330466032285,321
7694,35,47,-2.1150602243438934,307
7695,36,46,-3.714738419217078,212
7696,47,35,1.0756560632543704,269
7697,43,39,3.6063580634679915,263
7698,26,56,-9.30924427618978,324
7699,49,33,7.35870588058115,194
7700,31,51,-9.613747758752405,330
7701,41,41,-2.2333358794831644,266
7702,39,43,1.0299181599240856,248
7703,39,43,-3.4768633188431415,288
7704,31,51,-6.23356561499123,258
7705,31,51,-8.379892122885508,197
7706,40,42,0.04405413551455131,189
7707,34,48,-3.0850597146373295,177
7708,53,29,3.346634414686381,225
7709,44,38,1.6973785207426175,328
7710,33,49,1.750840779807045,226
7711,30,52,-4.590938258858126,237
7712,46,36,1.0255260978409717,226
7713,32,50,-5.461769548391699,305
7714,41,41,-5.1171652392122855,330
7715,40,42,-1.9399829014976366,314
7716,46,36,6.617844865681765,228
7717,30,52,-3.5448440622305974,291
7718,31,51,-5.648288100898621,247
7719,36,46,-4.487830322181391,304
7720,50,32,10.294992050325925,189
7721,32,50,-4.181652926860274,178
7722,41,41,-2.2239399811503233,322
7723,50,32,2.729618605999231,194
7724,28,54,-4.670075708158971,436
7725,23,59,-5.805017652681472,377
7726,48,34,3.1129461316679388,303
7727,57,25,10.998401630360128,220
7728,53,29,5.948463912794896,286
7729,47,35,1.0997626194233445,291
7730,48,34,4.890135281450002,300
7731,57,25,8.51087744167201,179
7732,42,40,-0.7920217312029615,221
7733,25,57,-5.618046975466891,286
7734,29,53,-7.406427684247124,323
7735,50,32,0.4934116559976886,182
7736,35,47,-7.868008463031801,285
7737,52,30,2.4155091764306125,226
7738,49,33,6.172443819611791,285
7739,35,47,1.0237216104525488,365
7740,43,39,2.0152843809345242,254
7741,52,30,8.353285432461895,237
7742,38,44,-3.754451205289182,250
7743,38,44,-4.110827895646721,312
7744,34,48,-2.6755479000305327,318
7745,35,47,-7.711228165351908,271
7746,36,46,-0.6217004174289901,272
7747,22,60,-11.381377861157178,305
7748,48,34,5.644652527262592,216
7749,33,49,-3.1888482722289075,316
7750,28,54,-8.983080716444915,356
7751,24,58,-8.632594811732394,372
7752,35,47,-3.5835306528873803,285
7753,32,50,-4.4710673017158005,312
7754,33,49,-9.44717663551424,337
7755,33,49,-5.429457234046178,272
7756,31,51,-5.34905589183744,291
7757,53,29,5.8140276296634,245
7758,28,54,-5.928287999157214,315
7759,36,46,-5.056301020662397,331
7760,43,39,3.867434575770881,272
7761,48,34,0.33389009217674914,225
7762,31,51,-4.917574664631393,322
7763,33,49,-0.9612244166328426,252
7764,39,43,-0.31984461597028907,298
7765,43,39,5.454460718939166,215
7766,41,41,0.12879407045865676,163
7767,48,34,9.263765181984507,318
7768,42,40,2.542100928219586,272
7769,28,54,-8.014173299860921,409
7770,52,30,2.993519634037867,292
7771,43,39,4.339027878093316,341
7772,49,33,0.748473288009113,224
7773,51,31,2.762302515420986,219
7774,38,44,-3.5748255832204285,245
7775,49,33,3.375970972525683,329
7776,34,48,-5.901603051692218,283
7777,28,54,-8.450943015057913,244
7778,37,45,-2.7181008750258138,296
7779,38,44,-2.6859560900471213,251
7780,39,43,-0.8194050077856657,341
7781,38,44,-1.588325155522207,319
7782,36,46,2.4082046939196067,283
7783,40,42,-1.5781291873690337,332
7784,37,45,-2.653255123023576,332
7785,47,35,6.419721278502403,277
7786,31,51,-8.183237968185455,226
7787,42,40,0.5059267150050812,218
7788,50,32,1.807714054693944,303
7789,52,30,2.812158214322461,318
7790,36,46,0.5576990003389396,298
7791,31,51,-7.177165729279223,218
7792,19,63,-11.969022810939421,359
7793,40,42,-4.509141169461096,368
7794,36,46,-2.8154774447453947,401
7795,51,31,3.8470926674482198,242
7796,32,50,-6.830866703387222,320
7797,33,49,-7.718198108649865,333
7798,36,46,-6.034109224141871,293
7799,45,37,1.8396019523763623,190
7800,36,46,-5.297807019368664,282
7801,44,38,-0.9396851784771544,226
7802,46,36,3.5146866162523587,207
7803,50,32,3.961954248423696,247
7804,43,39,1.7072267165296366,225
7805,35,47,-2.4281424708316646,266
7806,54,28,5.350545008677782,231
7807,57,25,11.02816964638281,269
7808,43,39,2.36023420133893,357
7809,34,48,-6.095382095820459,276
7810,38,44,-2.4769361583277543,256
7811,19,63,-9.46996574639466,322
7812,41,41,-2.0220940722686045,291
7813,41,41,-1.7357547678245966,236
7814,53,29,5.064461531990058,285
7815,44,38,1.6449139887680568,171
7816,36,46,-1.109931785198911,312
7817,49,33,2.4264121596321555,271
7818,51,31,-0.48385695485496816,259
7819,43,39,1.3070453231334374,157
7820,34,48,-3.3077901937822833,288
7821,49,33,5.023777199486991,319
7822,33,49,-3.4720340183139635,247
7823,32,50,-5.902954593350535,175
7824,26,56,-8.655380929467134,255
7825,52,30,4.712263051753278,233
7826,35,47,-5.136654160727744,250
7827,36,46,-0.27092867690257694,227
7828,43,39,-3.6431193138962352,258
7829,27,55,-5.393913539940081,266
7830,50,32,4.328001648992539,211
7831,49,33,6.280013686928149,184
7832,40,42,5.914942459389347,228
7833,44,38,-2.5060742566355723,307
7834,40,42,-0.7561013727949605,290
7835,61,21,9.658488759911965,174
7836,50,32,5.102091812564255,276
7837,41,41,-0.11768532195112394,254
7838,54,28,8.671402941011275,218
7839,51,31,6.382189828451816,292
7840,36,46,-2.351806157873573,302
7841,26,56,-6.698470169138256,276
7842,54,28,0.714686555264492,228
7843,40,42,-1.5100273962038824,261
7844,33,49,-5.318012542493097,322
7845,49,33,1.021674393018688,279
7846,31,51,-3.937759079750443,207
7847,37,45,-0.5655073589930141,293
7848,41,41,0.9905840190336669,190
7849,42,40,2.227110912807051,213
7850,36,46,-2.3801631390942455,189
7851,33,49,1.0224537331263859,290
7852,34,48,-2.5146342829103028,259
7853,48,34,4.8659373142077,254
7854,37,45,-1.5445669267441997,268
7855,26,56,-6.564540262324318,290
7856,40,42,-1.6655102513036941,283
7857,17,65,-9.951079631261258,285
7858,31,51,-7.5215477238921125,273
7859,38,44,-1.7532695004106293,267
7860,55,27,3.8912385078867398,376
7861,32,50,-1.8364727615274548,174
7862,55,27,10.056981639678865,294
7863,44,38,4.6437647766601025,180
7864,57,25,5.701830079888011,167
7865,32,50,-8.607293951447918,320
7866,60,22,11.769089655489843,213
7867,28,54,-6.955724655787054,239
7868,36,46,-7.0731103623787455,388
7869,60,22,8.257218726680614,243
7870,35,47,-2.664975324083759,318
7871,55,27,5.026984477230922,174
7872,51,31,4.54847008779104,266
7873,54,28,7.139129585503203,247
7874,35,47,-5.512908094896519,338
7875,43,39,1.581681071781482,210
7876,53,29,6.554353204647238,228
7877,38,44,1.0678814696792953,292
7878,37,45,0.3292636924339905,380
7879,34,48,-6.522314773935836,412
7880,46,36,-1.1686793699633011,211
7881,63,19,10.449007843050868,194
7882,34,48,-1.8113274528743806,382
7883,47,35,-1.6762478438640112,164
7884,33,49,-6.196439966159402,304
7885,40,42,3.08546226521633,363
7886,38,44,-3.6814515400258965,184
7887,26,56,-7.414884682654826,213
7888,46,36,2.9876643526318407,346
7889,37,45,-1.7387210741843138,312
7890,51,31,0.3512092739486172,298
7891,53,29,2.4626916555052447,205
7892,56,26,7.427579460184544,197
7893,44,38,0.14596446749207304,244
7894,31,51,-6.8738634592095575,295
7895,23,59,-9.825070000246658,381
7896,27,55,-4.87295669878624,234
7897,50,32,4.3737899763387205,344
7898,48,34,5.908406503430486,280
7899,46,36,-1.8886653582351907,275
7900,36,46,-0.8142882665191734,287
7901,43,39,-1.2932504282050736,213
7902,50,32,5.890560074077207,208
7903,29,53,-6.337810226784165,319
7904,43,39,1.2806727365407908,310
7905,44,38,-0.49482849915709887,308
7906,37,45,-0.556957025432036,265
7907,39,43,1.2094901958066342,259
7908,48,34,3.956328038223997,212
7909,29,53,-8.219262443418325,308
7910,43,39,2.6737225355158896,210
7911,53,29,2.6297950429282757,315
7912,52,30,3.459454917253554,205
7913,36,46,-3.6424442431547006,250
7914,37,45,-6.828481643545234,322
7915,67,15,14.723858331375432,210
7916,40,42,-3.0907110358747265,251
7917,31,51,-3.2382026794563257,288
7918,28,54,-8.135267801758715,274
7919,50,32,3.776337324037482,248
7920,40,42,-3.786044952201877,246
7921,46,36,5.60624534932326,249
7922,34,48,-2.6429763326151137,277
7923,42,40,2.2856964611847195,157
7924,43,39,-0.6832276314512611,345
7925,41,41,-0.28006687933866914,378
7926,30,52,-7.752743871959571,289
7927,52,30,1.008545622449169,335
7928,34,48,-3.2237571882753993,214
7929,45,37,0.7980603728755629,275
7930,24,58,-8.276213379386178,361
7931,48,34,2.56330814215653,287
7932,25,57,-5.742313683115991,189
7933,38,44,-3.8872422285619965,433
7934,25,57,-8.783999216772123,275
7935,39,43,-6.752047333530455,424
7936,26,56,-6.5098615575116545,370
7937,51,31,6.809980166094585,239
7938,31,51,-3.8407572414344213,239
7939,46,36,2.420185250061867,308
7940,52,30,7.245083687408826,258
7941,32,50,-1.8685805021144837,270
7942,25,57,-9.376502446917264,206
7943,36,46,-5.91942637595321,378
7944,39,43,-0.676067015727411,231
7945,41,41,0.15063426411358327,296
7946,39,43,0.6115395885010018,238
7947,27,55,-9.763709973141122,297
7948,38,44,-4.302959785725516,249
7949,49,33,0.6913999523567593,211
7950,26,56,-9.991898822066418,410
7951,32,50,-1.5111036495229195,281
7952,45,37,3.1985169283357218,307
7953,44,38,-0.39085681671787126,302
7954,36,46,-3.085999934413649,333
7955,46,36,5.609178929627798,275
7956,54,28,4.497268381943003,301
7957,25,57,-9.368904343452941,214
7958,30,52,3.2267952731629372,255
7959,43,39,0.4647505151083306,217
7960,56,26,5.106956722765408,301
7961,35,47,-3.4312978467266526,340
7962,55,27,1.1152330389228164,165
7963,48,34,-1.7451579071729866,328
7964,29,53,-4.199154777060416,207
7965,32,50,-4.496363760918789,169
7966,41,41,-5.398279431413956,270
7967,25,57,-11.367434906810397,336
7968,24,58,-11.50504367890923,232
7969,36,46,-4.163653390909782,268
7970,25,57,-4.553420261896433,247
7971,43,39,0.47076463897836063,199
7972,38,44,-3.3871802641871906,331
7973,39,43,-1.4715463666203223,361
7974,47,35,1.0735181591760334,344
7975,28,54,-4.906876692116956,330
7976,27,55,-6.945239004028167,273
7977,42,40,-3.6177679151043294,317
7978,43,39,-1.6672362667968672,237
7979,56,26,7.334202885783085,283
7980,37,45,-2.216412441027227,280
7981,44,38,-2.725278425695813,374
7982,35,47,-1.9759884463049542,206
7983,35,47,-1.5520687133550959,314
7984,57,25,8.23257017713386,197
7985,36,46,1.7367050182588264,318
7986,39,43,0.40226455314091264,223
7987,38,44,5.077143517615734,271
7988,36,46,-4.798820517091675,245
7989,29,53,-2.9739622196418507,365
7990,33,49,-9.709793314294647,321
7991,41,41,0.9780694795028788,361
7992,42,40,-2.576786354564463,273
7993,23,59,-6.421236387373748,332
7994,45,37,7.344548511087963,215
7995,25,57,-12.337245618875865,443
7996,30,52,-0.7832819690973389,363
7997,56,26,11.390602836038417,249
7998,35,47,-2.362216849774003,250
7999,40,42,1.6453368189686586,222
8000,47,35,7.19489785741196,243
8001,39,43,-2.3846609884743573,294
8002,38,44,-1.0310427231042294,255
8003,26,56,-9.46664015532248,418
8004,40,42,-0.9447698460065327,249
8005,60,22,8.598440838726102,229
8006,22,60,-11.94247547932145,152
8007,30,52,-4.8694357540504045,261
8008,38,44,-1.8267281829607085,218
8009,41,41,0.6026467586229471,291
8010,47,35,2.2656440050225863,247
8011,40,42,-2.3511130865858227,285
8012,48,34,0.601091219684681,275
8013,44,38,2.0386993357169296,317
8014,33,49,-2.6693368520661753,291
8015,56,26,9.016791985547941,177
8016,56,26,9.094724793743527,174
8017,41,41,1.756804059567001,211
8018,51,31,5.897952404981093,296
8019,21,61,-10.709779718688946,288
8020,35,47,-4.601156058269864,297
8021,41,41,1.0070538547870507,200
8022,36,46,-4.679990555105259,367
8023,46,36,4.711277201076808,221
8024,22,60,-8.34479065333848,311
8025,55,27,6.720541861279295,325
8026,35,47,-5.134277635265758,337
8027,38,44,-2.7679042461317866,289
8028,37,45,-5.182021907449265,304
8029,41,41,0.23625656684721918,182
8030,29,53,-4.597790610287878,280
8031,26,56,-6.991575535158283,252
8032,27,55,-10.157676982323652,376
8033,27,55,-5.986948291099564,285
8034,45,37,3.3511332837372563,380
8035,38,44,-2.0284693690880284,274
8036,26,56,-5.375996378028493,195
8037,48,34,2.921899941661674,329
8038,42,40,2.2691619499496687,229
8039,32,50,-3.571566834958632,221
8040,41,41,-0.861044226082419,184
8041,41,41,-1.7458343706784563,299
8042,44,38,2.5935420212792977,351
8043,39,43,-1.3835985861329538,268
8044,63,19,11.804605740290448,181
8045,56,26,11.381072122727673,271
8046,38,44,-2.474664378120823,265
8047,37,45,-2.9317192615808496,273
8048,34,48,-5.16280946798073,345
8049,31,51,-9.116139933090432,220
8050,35,47,-3.050879405747855,311
8051,36,46,0.681968146838832,276
8052,48,34,10.575952693792038,175
8053,30,52,-7.9587668849904185,377
8054,35,47,-4.20173046461822,249
8055,53,29,8.229769853527024,270
8056,59,23,3.9294071365783054,207
8057,23,59,-8.947051005314044,451
8058,35,47,-1.5704969373154787,333
8059,35,47,-3.440207808244137,207
8060,23,59,-12.51472369594796,319
8061,41,41,0.5364469002386126,317
8062,33,49,-1.2222236908290092,310
8063,37,45,-3.1141234327175695,320
8064,33,49,-4.413537456220048,379
8065,38,44,0.20096166003623936,273
8066,47,35,3.195800636467053,252
8067,34,48,-5.472120376694772,339
8068,30,52,-8.057765965676134,204
8069,53,29,4.102082294552243,245
8070,48,34,4.976640798358336,279
8071,18,64,-8.545477551359678,268
8072,33,49,-3.3176717105288205,198
8073,49,33,5.888874866096005,241
8074,23,59,-10.684523100133317,195
8075,39,43,0.1946643383078309,277
8076,42,40,-0.7678256542498969,317
8077,58,24,6.767626610598219,212
8078,33,49,-4.140334940198095,304
8079,40,42,-1.5934388530376147,234
8080,37,45,-4.247993071900838,344
8081,50,32,1.747213709745648,224
8082,46,36,-0.9731577307899536,250
8083,31,51,-6.943606261340993,316
8084,58,24,9.203429478321311,182
8085,37,45,-3.1343340465045317,315
8086,32,50,-4.375096319410674,237
8087,39,43,-7.328418338952954,311
8088,42,40,0.6651451427330378,271
8089,58,24,8.242603950799008,265
8090,26,56,-8.191416984256943,327
8091,32,50,-1.6729301974627357,239
8092,45,37,1.7545370342930497,216
8093,52,30,5.489824200204434,224
8094,55,27,6.124873990516571,229
8095,45,37,3.5037947169535095,218
8096,42,40,-0.9668616623430814,299
8097,37,45,-0.5393210757612865,261
8098,21,61,-7.898700584774472,164
8099,55,27,5.36594657875617,253
8100,21,61,-8.248712319936221,350
8101,42,40,-0.33892849766048205,196
8102,24,58,-14.001288447124836,286
8103,39,43,-1.9636352885934045,185
8104,39,43,-2.2960832842757033,268
8105,30,52,-5.979965363699348,349
8106,46,36,-0.08606095870970848,307
8107,36,46,0.35620137315030703,269
8108,23,59,-10.56131625077961,162
8109,35,47,-3.085753886183707,270
8110,47,35,1.5049734304380986,237
8111,39,43,-5.0292972258433295,254
8112,35,47,-6.7748201904167695,296
8113,33,49,-6.800520941656306,493
8114,42,40,-2.544899334662109,332
8115,38,44,0.3955984916043179,185
8116,27,55,-9.158447886178948,309
8117,28,54,-5.121398025837325,291
8118,25,57,-6.371852750296672,281
8119,33,49,-8.470221455896771,335
8120,38,44,-0.39632883250883116,348
8121,33,49,-2.472898693222853,314
8122,49,33,2.104768264736544,304
8123,28,54,-10.279834401872893,391
8124,22,60,-9.708449974244628,292
8125,42,40,8.649680906413765,189
8126,24,58,-14.150119237282476,293
8127,51,31,6.936953039814742,150
8128,26,56,-8.475752296411805,329
8129,47,35,3.6080347461768136,254
8130,27,55,-6.759491383125093,315
8131,25,57,-9.746806282992317,304
8132,47,35,-0.273096911662718,278
8133,30,52,-4.236601837236592,298
8134,26,56,-9.666148677236537,273
8135,29,53,-11.262588240233958,170
8136,33,49,-2.754185035146704,283
8137,44,38,3.671790273652102,236
8138,36,46,-2.0598198790944946,313
8139,51,31,10.307891053403717,294
8140,27,55,-6.811898007497567,224
8141,57,25,6.198389059088689,317
8142,58,24,9.527131329017298,225
8143,42,40,-3.8991887371974783,392
8144,41,41,-2.459597734116815,287
8145,45,37,0.513035513760933,196
8146,52,30,5.16822641398292,260
8147,34,48,-4.787819876955835,245
8148,49,33,2.2338996768024284,235
8149,28,54,-9.181178778879442,255
8150,36,46,1.1351581141292908,221
8151,36,46,-3.401499238647648,379
8152,66,16,12.125889232294629,280
8153,37,45,-4.057669280606864,323
8154,31,51,-3.2078406072782952,259
8155,26,56,-9.588942317685813,269
8156,42,40,0.02486010366578269,240
8157,47,35,3.042967484343615,298
8158,40,42,-7.475143808615648,242
8159,36,46,-6.87137594010669,174
8160,42,40,2.3198548740939895,270
8161,50,32,2.0718877863487384,203
8162,34,48,-5.502722323600423,199
8163,32,50,-1.5405368152813184,254
8164,20,62,-7.789864406485922,317
8165,38,44,-1.0613192383804868,321
8166,49,33,3.970996561163317,245
8167,34,48,-2.214872593676814,287
8168,28,54,-9.70307940471944,317
8169,54,28,-2.6306161866758595,267
8170,56,26,4.470921879389482,344
8171,45,37,-1.9009722220625993,292
8172,45,37,-0.696758271813101,267
8173,45,37,2.115591688528308,348
8174,27,55,-8.0435314158151,337
8175,24,58,-5.834233129252167,288
8176,32,50,-5.717581884517451,248
8177,35,47,1.8666771305504235,271
8178,40,42,-2.0470156667695947,334
8179,33,49,-4.183047542146684,424
8180,25,57,-8.645946536190065,291
8181,30,52,-3.2563407906765565,374
8182,32,50,-5.732380989865522,301
8183,32,50,-0.09784049096231774,406
8184,40,42,-1.9139634980629794,390
8185,40,42,-1.2702707386656964,378
8186,26,56,-9.152438846578475,143
8187,23,59,-8.795856222581227,323
8188,38,44,-0.5354399042361184,212
8189,20,62,-7.948068339816707,322
8190,45,37,3.511888750142989,280
8191,43,39,-2.2441695859724233,300
8192,40,42,3.6223887937339225,276
8193,48,34,2.964252711061224,262
8194,41,41,0.8092051901393074,266
8195,31,51,-2.3411979673460794,341
8196,36,46,-2.5086964620494214,287
8197,33,49,-4.561642121270099,269
8198,46,36,4.365263034345284,277
8199,37,45,0.2077879009837372,235
8200,33,49,-7.373798507056714,324
8201,35,47,-1.5628879491089127,192
8202,44,38,0.23940837641328525,312
8203,38,44,1.2553909594834576,413
8204,37,45,2.091283549984225,319
8205,45,37,5.083045776778937,267
8206,31,51,-2.4223873663886235,384
8207,49,33,1.7361204568486708,255
8208,43,39,0.2132581822157164,225
8209,41,41,-0.9185661156956973,194
8210,40,42,0.7718708751922196,302
8211,21,61,-9.839453293974104,360
8212,51,31,0.7940714747854312,209
8213,49,33,5.737230996798578,365
8214,29,53,1.2013197722462656,305
8215,41,41,4.655945413546654,287
8216,38,44,1.8676469091234789,191
8217,44,38,3.1946361065217608,249
8218,51,31,3.053485454010195,196
8219,38,44,-3.0067400976497587,291
8220,34,48,-3.3888464911809324,209
8221,33,49,-7.7321822510665426,291
8222,24,58,-15.638527554064916,325
8223,42,40,3.865663782456758,173
8224,29,53,-3.770909559993397,301
8225,44,38,2.81624634471158,375
8226,25,57,-11.01586538484445,280
8227,40,42,-2.4306405650359983,262
8228,33,49,-4.588681334779234,237
8229,61,21,9.105491413777578,255
8230,34,48,-3.8744740296295417,204
8231,45,37,2.148936715151697,228
8232,35,47,-8.512238165800493,375
8233,35,47,-3.7663556729500347,264
8234,47,35,0.8090218110603908,230
8235,46,36,2.3079431306063984,283
8236,25,57,-8.973207299363457,321
8237,39,43,-0.2648358295933453,244
8238,48,34,2.7781300724143208,220
8239,54,28,7.474164141080513,236
8240,39,43,-2.4215288497968297,218
8241,48,34,3.2468082691360496,242
8242,41,41,0.9467821564176647,267
8243,26,56,-4.891897659880722,331
8244,40,42,-1.378953175575463,311
8245,31,51,-4.503789487256968,252
8246,45,37,3.632684822702745,212
8247,42,40,0.2257357470297734,285
8248,39,43,0.8313058606577624,177
8249,44,38,1.317586350245424,236
8250,39,43,0.17001414412005067,236
8251,38,44,-1.8938480855833866,214
8252,21,61,-13.730579592437335,390
8253,38,44,-6.819231688840916,251
8254,34,48,-3.4787720386839482,259
8255,40,42,-1.0674054516421068,259
8256,21,61,-9.715526779067531,358
8257,37,45,-1.9718878378686906,228
8258,25,57,-10.980627767899776,343
8259,33,49,-2.081186723898544,329
8260,34,48,-2.8501602988318075,227
8261,46,36,6.393619723430672,323
8262,39,43,-2.646376767031711,261
8263,32,50,-6.445038689872587,209
8264,40,42,0.5046563788231533,225
8265,44,38,-1.2559673297713811,140
8266,53,29,6.2734966367413705,228
8267,28,54,-12.908975196255732,388
8268,28,54,-8.754945119094812,256
8269,39,43,-3.022111015471006,194
8270,41,41,-1.7867450380383945,239
8271,45,37,1.7303892841965016,389
8272,41,41,-1.0283161650042245,263
8273,46,36,1.3332653083907653,198
8274,34,48,-2.441474455055444,287
8275,42,40,1.0829797085642174,319
8276,36,46,-0.9969760601832285,424
8277,34,48,-6.367416193001154,209
8278,52,30,5.970530161876245,230
8279,40,42,-1.397709673011475,308
8280,39,43,-1.5091351563852369,232
8281,47,35,1.041452245595017,230
8282,34,48,-0.26258070543471185,242
8283,38,44,-3.4664449787959635,313
8284,31,51,-3.8247853486210386,348
8285,54,28,8.278876972648618,291
8286,48,34,4.481061033312114,198
8287,42,40,-4.006274511730577,214
8288,32,50,-2.5341799753558134,263
8289,57,25,7.423815990177643,196
8290,32,50,-5.315617365437479,255
8291,32,50,-8.747243567870527,300
8292,39,43,-2.1263915720276714,335
8293,29,53,-3.605202356324799,422
8294,34,48,-3.0153189687903303,399
8295,58,24,6.753097676783736,270
8296,53,29,2.7066573767776356,198
8297,55,27,8.027141796455387,230
8298,25,57,-5.97139164374572,226
8299,38,44,0.6684672833945621,209
8300,45,37,3.7498496762713396,299
8301,44,38,0.6159149677389865,331
8302,36,46,-4.888910219142673,279
8303,46,36,1.1343488135641067,222
8304,41,41,0.4688259120999917,306
8305,34,48,-3.851673533498494,334
8306,45,37,1.2939262563334697,241
8307,31,51,-3.5770149088782635,261
8308,31,51,-5.16681637426327,342
8309,40,42,-1.9677075780626505,202
8310,33,49,-4.759642872859232,307
8311,37,45,-5.183330947455701,344
8312,51,31,5.5958877431913505,188
8313,44,38,2.00427436714545,204
8314,38,44,-2.860935787873147,233
8315,36,46,-6.139913362545537,218
8316,18,64,-14.003176175432397,330
8317,60,22,4.524510625827078,384
8318,39,43,-1.4174382871482447,281
8319,42,40,1.5212631823986584,197
8320,36,46,-0.10989268915412691,283
8321,28,54,-13.425050643037899,330
8322,32,50,-7.534104586826987,236
8323,49,33,0.5306225713346151,304
8324,57,25,2.1139672055082595,206
8325,37,45,-1.525785552287342,235
8326,43,39,-1.1159813411320718,283
8327,41,41,4.2535664023902315,184
8328,56,26,4.625012763045404,164
8329,41,41,3.147873690562614,220
8330,35,47,-6.403241644337104,442
8331,52,30,2.5282749303950656,298
8332,31,51,-5.268062768858736,257
8333,43,39,1.196963724570066,287
8334,31,51,-5.924665773423997,404
8335,33,49,-5.218160126745306,287
8336,36,46,-0.738277141931814,327
8337,50,32,5.656188479123434,218
8338,53,29,5.1429236342725035,230
8339,39,43,-2.975580015030627,326
8340,43,39,0.21430085766433754,261
8341,30,52,-3.1122620541923838,262
8342,50,32,1.7012640803408217,278
8343,45,37,2.182631602759698,257
8344,38,44,-0.9636181852459063,300
8345,49,33,0.6246877662114899,270
8346,34,48,-11.55142316515302,307
8347,30,52,-9.151526677381614,357
8348,50,32,4.161199690633258,250
8349,49,33,4.2651919341501525,191
8350,32,50,-1.8105169878194336,235
8351,40,42,-3.852726564750609,228
8352,50,32,0.4912313506676784,196
8353,33,49,-7.10072732040343,230
8354,24,58,-6.316288516331407,260
8355,38,44,-2.79252233954586,288
8356,42,40,0.5029868891349412,280
8357,47,35,6.770133945070009,267
8358,41,41,-3.2129892817058394,248
8359,38,44,1.3737587814030583,262
8360,29,53,-9.568422907518862,384
8361,44,38,1.9012612330582808,289
8362,33,49,-6.474071233671738,227
8363,49,33,2.4600800814947497,327
8364,33,49,-6.296009398677058,243
8365,48,34,1.7499239219250182,227
8366,33,49,-9.145057167842765,368
8367,30,52,-5.161774394343845,367
8368,48,34,4.384955796550874,252
8369,53,29,5.903266834755057,247
8370,38,44,-2.0657370470265013,254
8371,39,43,0.20014079859176456,342
8372,34,48,-0.7001382966372238,265
8373,40,42,-2.7490624087396762,349
8374,38,44,-4.957503469386552,249
8375,46,36,2.6178971545535235,308
8376,27,55,-7.831440323205226,226
8377,27,55,-2.0676266475801786,215
8378,43,39,0.17031413123412703,273
8379,25,57,-14.002281940758971,361
8380,32,50,-8.546785767056969,371
8381,42,40,2.940529204664177,177
8382,40,42,-4.11045781991155,309
8383,61,21,11.435075881855447,323
8384,26,56,-11.15069934057013,311
8385,30,52,-5.8428562152097525,345
8386,49,33,-0.47432862776082907,180
8387,43,39,0.3355085373739002,283
8388,49,33,-0.7344193095418754,288
8389,25,57,-8.457895998373838,230
8390,55,27,8.311419243268581,186
8391,51,31,6.225512697680811,257
8392,21,61,-9.275314873745165,287
8393,24,58,-9.605456074247341,249
8394,29,53,-4.813627513422544,329
8395,38,44,-0.4110139294857161,304
8396,43,39,0.6604900138598188,289
8397,30,52,-3.92727243234898,251
8398,33,49,-2.427252344760542,210
8399,50,32,3.308594973746985,300
8400,16,66,-14.98964213122966,251
8401,53,29,1.80158041072587,309
8402,40,42,-1.5520175210620595,315
8403,47,35,5.887566663100506,148
8404,52,30,6.464380290428871,311
8405,25,57,-12.283937787462822,261
8406,46,36,5.683481833943,104
8407,37,45,-2.7213210071385734,262
8408,31,51,-4.581434982675044,220
8409,55,27,6.480029068463726,201
8410,49,33,4.8914751584960845,175
8411,41,41,-2.549195534299944,267
8412,32,50,-3.571091120310928,279
8413,44,38,-0.40004929866651545,229
8414,39,43,-5.423681460406624,389
8415,40,42,0.5154990723070458,369
8416,47,35,2.6816360394343928,201
8417,33,49,-4.8438193670337775,220
8418,31,51,-0.06241326403541869,269
8419,29,53,-5.931675440316673,298
8420,48,34,3.67637114969392,295
8421,29,53,-7.027540828136231,315
8422,40,42,-0.23425887425057138,241
8423,44,38,-0.5997029622090656,291
8424,46,36,6.859108625918801,199
8425,31,51,-6.261820991751931,254
8426,43,39,-1.5992612698305066,217
8427,28,54,-6.950043230748836,280
8428,34,48,-8.554534643832378,212
8429,35,47,-4.582773893939389,275
8430,42,40,0.6243199428327988,228
8431,42,40,-0.6827259901445298,246
8432,24,58,-6.942466193422978,275
8433,35,47,-4.302447957519297,386
8434,48,34,4.518458883671242,328
8435,40,42,-0.8827642414254447,273
8436,25,57,-6.0085238059460755,266
8437,42,40,3.0215626913486475,201
8438,56,26,3.7550934057103875,338
8439,40,42,-4.20470852814367,269
8440,34,48,-4.939512992983573,476
8441,31,51,-2.7648252745658928,230
8442,35,47,-3.460310502238138,318
8443,35,47,-5.520841620542751,255
8444,58,24,10.240837364954903,212
8445,54,28,6.053133076340932,215
8446,59,23,9.744811020762915,201
8447,39,43,-2.7541505566869025,263
8448,27,55,-8.670784975829188,384
8449,39,43,-3.0673677622490207,265
8450,52,30,3.388691801052102,306
8451,37,45,-3.085838728731979,309
8452,47,35,2.8301441000818834,183
8453,38,44,-4.524205961589648,337
8454,29,53,-6.0020300338393255,254
8455,36,46,-2.646304465297552,169
8456,27,55,-6.943702841316221,336
8457,30,52,-5.585002162922298,253
8458,26,56,-6.095681505119907,327
8459,49,33,4.03508231384849,225
8460,50,32,2.250330289419625,321
8461,42,40,1.0396440599707202,338
8462,29,53,-1.7999421371046718,266
8463,40,42,0.6250752308200072,287
8464,49,33,2.492905806134242,302
8465,31,51,-6.5891120761001964,246
8466,30,52,-4.954721721996549,220
8467,33,49,-5.206782804823208,271
8468,23,59,-6.475918096282437,220
8469,30,52,-4.972368022257283,220
8470,50,32,2.119346321410374,148
8471,51,31,2.0835305395868535,224
8472,46,36,-1.3003304392163673,251
8473,33,49,-3.887150812828437,289
8474,28,54,-8.03222964241692,409
8475,13,69,-16.090581387100976,303
8476,32,50,-7.768044746333652,256
8477,43,39,1.2954831081994929,251
8478,24,58,-8.868180247449759,323
8479,38,44,-0.2467041247198729,323
8480,40,42,-0.9048436013925273,226
8481,26,56,-4.134665927509844,295
8482,38,44,-0.9932538430810465,230
8483,39,43,-4.655171757692891,280
8484,17,65,-12.21182420296645,340
8485,54,28,7.90640029543447,289
8486,46,36,2.891536187336453,258
8487,31,51,-4.296965060673259,214
8488,33,49,-0.5774508141156922,372
8489,42,40,1.6746183335958122,278
8490,49,33,4.450135960774978,228
8491,44,38,0.7603834810113825,313
8492,33,49,-6.0988396050030085,304
8493,41,41,2.477001404318932,350
8494,57,25,6.884234364755256,358
8495,39,43,-6.1745590456304225,351
8496,59,23,6.115889117924847,253
8497,35,47,-3.42215144269164,241
8498,42,40,0.33609622365168307,176
8499,36,46,-2.197490146393107,336
8500,50,32,5.988869696011836,245
8501,27,55,-10.796202376179117,235
8502,32,50,-5.173000559889176,269
8503,30,52,-4.76265928291874,240
8504,33,49,-2.0563807591144143,266
8505,32,50,-7.781803912158701,200
8506,38,44,-3.096557341583726,383
8507,39,43,-2.0426353771219583,272
8508,63,19,9.303348625621783,311
8509,33,49,-3.909932213205671,257
8510,33,49,-4.553620894791909,291
8511,42,40,0.8079384260318898,231
8512,31,51,-3.374532809520782,228
8513,38,44,-1.9386627661559364,207
8514,41,41,-0.22798466013492188,214
8515,23,59,-14.938830769643337,347
8516,46,36,1.8791392087205043,338
8517,52,30,4.913926711250214,319
8518,44,38,-0.5401333582389627,284
8519,49,33,4.8188028615438485,293
8520,55,27,8.166754775056333,277
8521,34,48,-5.045994024680541,236
8522,42,40,-1.7207376107505583,335
8523,26,56,-11.010897649122075,268
8524,21,61,-12.106158774127044,302
8525,35,47,-3.6789321851250536,270
8526,34,48,-0.4588288060211062,325
8527,37,45,-0.7225764220834703,238
8528,33,49,-5.907201932468358,337
8529,36,46,2.9039697058966087,284
8530,28,54,-9.494298154653112,230
8531,38,44,-4.229900030298698,301
8532,35,47,-2.604717895054104,207
8533,32,50,-5.86590761797786,181
8534,21,61,-9.379157950023908,234
8535,39,43,-3.7477352339734185,315
8536,37,45,2.3779385356387195,264
8537,21,61,-10.503959165057074,328
8538,29,53,-6.502550011277586,238
8539,43,39,0.4336512495494376,276
8540,30,52,-4.681320680140374,297
8541,29,53,-5.340516588220325,302
8542,51,31,9.096886036261857,315
8543,43,39,-1.3703919998964458,281
8544,36,46,-5.530553340619439,249
8545,51,31,2.439070829712549,241
8546,44,38,1.6388458392467202,255
8547,43,39,4.869290781062237,192
8548,47,35,1.9878897276913312,289
8549,30,52,-8.81990352573886,346
8550,44,38,6.071037209837925,218
8551,49,33,-1.046032779901278,326
8552,36,46,-2.4400336519754986,419
8553,49,33,5.464945267553855,176
8554,23,59,-13.9556514539789,368
8555,56,26,5.901173439041845,240
8556,30,52,-5.3840473251444365,338
8557,30,52,-5.317939834992878,277
8558,48,34,2.8399750500418683,246
8559,40,42,-0.5996524508871012,384
8560,30,52,-7.409700508232099,310
8561,29,53,-10.646772783666503,177
8562,29,53,-6.670470943051071,329
8563,36,46,-1.1474961864054216,310
8564,38,44,-1.5731070480281668,262
8565,34,48,-3.3917063688157874,285
8566,42,40,0.8309156485828678,203
8567,37,45,-1.6287784949734694,296
8568,38,44,4.017755473455032,244
8569,46,36,11.394762846604676,265
8570,29,53,-4.917051173735305,289
8571,59,23,8.262418447022336,235
8572,28,54,-5.711151098129214,302
8573,53,29,7.310912617847212,279
8574,31,51,-3.9184922046587487,313
8575,17,65,-16.165365613405072,274
8576,44,38,1.367505366418861,257
8577,39,43,1.9077415638338064,276
8578,32,50,-5.292812788759,381
8579,32,50,-0.9744154190693808,273
8580,21,61,-9.867859372110669,245
8581,16,66,-14.047431636646806,359
8582,37,45,-4.529734667934483,301
8583,26,56,-6.087395903411339,275
8584,52,30,6.89505873506997,286
8585,44,38,2.650378617461356,392
8586,49,33,0.2532351955753757,310
8587,29,53,-5.162647844222265,333
8588,52,30,6.756150913383087,276
8589,32,50,-3.2731541501641814,237
8590,38,44,1.181041072561707,240
8591,19,63,-9.97763141586485,264
8592,24,58,-9.41183257506641,304
8593,29,53,-8.22556675249722,305
8594,40,42,-4.127607839295462,248
8595,36,46,-2.6939148286641457,314
8596,48,34,1.9500972676196282,341
8597,41,41,-2.7398723755168257,232
8598,33,49,-4.692395988512863,352
8599,53,29,6.776313049248641,200
8600,27,55,-10.3684497744322,418
8601,41,41,-2.3688837124190774,237
8602,44,38,1.1015003611477152,267
8603,31,51,-7.50255001426988,346
8604,33,49,-5.680113150016576,377
8605,25,57,-6.691847899466196,268
8606,42,40,2.769144349782538,257
8607,48,34,6.2408123040767425,327
8608,54,28,7.264628789193132,210
8609,50,32,5.420267837679794,287
8610,61,21,8.639756195757894,247
8611,57,25,7.797340163253663,231
8612,22,60,-9.87475194839458,291
8613,46,36,-4.839707638714804,239
8614,52,30,6.481269459881223,125
8615,57,25,9.367066804168743,212
8616,57,25,6.617578165437128,257
8617,38,44,-0.6071398606316364,177
8618,28,54,-4.260607007901813,228
8619,41,41,-1.7063361838257585,349
8620,46,36,-0.457163832929648,262
8621,28,54,-4.268886624848171,287
8622,45,37,0.2222105796985182,223
8623,31,51,-1.1203987362272811,272
8624,35,47,-4.828966147055317,305
8625,47,35,4.251757458437584,239
8626,41,41,-1.6361080524043399,304
8627,38,44,-1.0489125265250692,311
8628,39,43,-1.137963990197406,315
8629,40,42,2.8590290734555084,183
8630,33,49,-4.2629892659681,417
8631,22,60,-12.258305063059932,215
8632,39,43,-2.5786303643613917,189
8633,42,40,4.656912838726314,304
8634,47,35,2.9004224787820077,326
8635,42,40,-0.2696625254746535,320
8636,37,45,-1.4210554026336513,355
8637,42,40,-1.15163043154623,176
8638,42,40,2.300745382814585,282
8639,36,46,4.830636860984089,312
8640,35,47,0.0837512617561788,337
8641,31,51,-7.818456853140679,269
8642,45,37,3.3566326375782256,313
8643,38,44,-1.3735725311337283,323
8644,25,57,-12.151935455806003,242
8645,62,20,8.908140227288314,200
8646,38,44,0.5479408954266938,290
8647,27,55,-4.44458210675036,298
8648,28,54,-6.250635982261285,290
8649,48,34,3.789775674237697,197
8650,51,31,-0.3555719355634372,200
8651,31,51,-1.7021951807134823,292
8652,39,43,-0.45815090747448217,238
8653,31,51,-9.62835020859111,296
8654,42,40,0.6625312466079034,225
8655,34,48,-2.4611660487557807,259
8656,39,43,-0.4483944060223498,190
8657,21,61,-11.664710773818326,278
8658,57,25,8.384389457472045,308
8659,40,42,0.7898060019808875,264
8660,41,41,-0.2182487663962262,207
8661,58,24,7.987649513697542,179
8662,30,52,-5.342048356866315,331
8663,23,59,-12.874181828009727,411
8664,59,23,5.321545884282969,214
8665,62,20,13.366525899312972,159
8666,31,51,-5.507377699944069,343
8667,46,36,3.5519137401083762,308
8668,44,38,-4.078955110373921,221
8669,48,34,5.597796231505292,253
8670,46,36,5.408077888613369,194
8671,47,35,1.7863288391542709,262
8672,34,48,-0.8310062618412678,337
8673,24,58,-9.941978076148413,280
8674,52,30,2.1345477152198833,230
8675,39,43,-2.1836882336285797,243
8676,46,36,1.685206817618408,195
8677,31,51,-8.107656059884993,320
8678,43,39,-2.2584924650339833,269
8679,26,56,-7.416269078140246,299
8680,38,44,-4.295232084864724,388
8681,37,45,-3.225646007126303,184
8682,43,39,-1.3110293819226677,309
8683,60,22,12.943339899062691,220
8684,28,54,-5.69015916343355,254
8685,41,41,-1.9235722966878381,222
8686,43,39,-2.7044997477732036,334
8687,39,43,1.6163873202510917,280
8688,31,51,-0.3770267543103226,345
8689,36,46,0.3242039130297496,214
8690,45,37,3.659754918157247,222
8691,43,39,-1.0502645424818748,250
8692,31,51,-1.3744425377224638,202
8693,40,42,-1.9137081245952037,335
8694,22,60,-9.397163408243264,335
8695,39,43,1.9362329607484197,274
8696,27,55,-4.183522847534809,341
8697,51,31,9.421789198298505,227
8698,60,22,7.621824562436952,285
8699,42,40,-0.005782788422853462,235
8700,20,62,-14.966161061136976,289
8701,17,65,-19.063997021685978,461
8702,43,39,-0.39794716311929607,202
8703,38,44,-1.2502811261265738,290
8704,55,27,6.966021230348719,144
8705,42,40,4.045301499083898,309
8706,37,45,-3.49173799216597,318
8707,52,30,8.272523327663592,245
8708,47,35,1.643923884641751,353
8709,44,38,3.6965483496141895,271
8710,36,46,-1.9307930456114408,281
8711,39,43,-0.9047102701974784,297
8712,29,53,-8.14214715904207,246
8713,27,55,-5.98275482795883,269
8714,22,60,-12.804470049561681,282
8715,35,47,-4.143055356653729,236
8716,45,37,3.3087609114518273,226
8717,40,42,-0.9941335509613741,282
8718,48,34,0.8307738642360238,289
8719,24,58,-7.601824577590981,284
8720,42,40,0.7600534201730521,303
8721,51,31,3.0675512713326225,210
8722,41,41,1.4128036384199743,334
8723,47,35,3.390501475604435,217
8724,30,52,-1.920092156926767,254
8725,47,35,6.470506730165603,356
8726,35,47,-0.5069061219191145,311
8727,46,36,-0.726465657187492,263
8728,39,43,-2.0337968262384383,284
8729,49,33,4.894126801811144,241
8730,35,47,-2.7868723531570065,297
8731,33,49,-3.5685496243566948,211
8732,38,44,-1.1362938520948473,269
8733,39,43,-1.4913204281468209,236
8734,44,38,2.397370674021678,331
8735,35,47,-1.9729366429497253,290
8736,50,32,-0.8826594720702075,314
8737,41,41,1.0322489591377038,231
8738,45,37,4.895182482843485,235
8739,24,58,-8.047323569788126,166
8740,52,30,3.523684636187961,328
8741,51,31,4.063059134030998,263
8742,21,61,-13.396945350765202,327
8743,26,56,-11.124260878206066,290
8744,36,46,-5.183300149972815,328
8745,39,43,1.8641763411892558,318
8746,26,56,-11.07672401296967,321
8747,48,34,2.16332907547908,251
8748,35,47,-0.6669056614606298,220
8749,29,53,-5.244753053862452,326
8750,34,48,-0.5410345124732832,181
8751,39,43,7.140059647707455,286
8752,45,37,3.072528546955962,234
8753,38,44,-1.5577991589916202,358
8754,43,39,4.21955558352326,307
8755,33,49,-3.6478622452105283,324
8756,40,42,-4.977550799492538,216
8757,55,27,5.443144969810966,328
8758,28,54,-6.552403708017675,351
8759,46,36,-2.5272119639446475,212
8760,22,60,-11.187589766946905,327
8761,45,37,2.955969186251845,295
8762,40,42,3.9181619689275253,153
8763,52,30,8.723520422427328,268
8764,48,34,1.1131043107942642,244
8765,56,26,4.368349247724487,193
8766,41,41,-0.7530920473559255,332
8767,32,50,-2.300852724036453,395
8768,54,28,8.101849880738179,244
8769,32,50,-5.812106454412825,301
8770,56,26,7.349858034108268,294
8771,40,42,-1.4081903784407213,295
8772,42,40,2.670224703911391,303
8773,55,27,8.163807003581903,232
8774,28,54,-8.234878249745371,218
8775,46,36,3.3706012932197345,181
8776,33,49,-2.3340314606960733,337
8777,32,50,-5.417448411740895,332
8778,40,42,1.945278051534721,178
8779,34,48,-4.3280247257105655,358
8780,26,56,-8.635810007953161,236
8781,32,50,-4.633435830468071,350
8782,38,44,-5.526994289140611,256
8783,40,42,-1.2996452856468486,237
8784,43,39,1.8545714092167593,273
8785,25,57,-4.746703587647129,263
8786,41,41,0.4400204962153138,212
8787,44,38,-2.5996272651644996,235
8788,51,31,6.38333807316979,296
8789,43,39,3.1696174016381953,267
8790,48,34,7.888408869718047,221
8791,35,47,-3.592673968922386,234
8792,48,34,1.5221006276321334,322
8793,24,58,-2.7669167674464976,363
8794,47,35,8.049728747384464,224
8795,33,49,-1.8829988120244734,209
8796,46,36,1.5301083050554387,231
8797,46,36,6.682330574239277,199
8798,42,40,-0.1061064185289035,281
8799,37,45,-2.7614281530676936,278
8800,33,49,-8.298584362124487,230
8801,42,40,0.8006695897204535,246
8802,37,45,-2.9889930388717163,287
8803,38,44,-0.5712243831954563,231
8804,30,52,-5.749094951392852,274
8805,47,35,2.4527822362445986,258
8806,54,28,7.960687005141445,227
8807,24,58,-13.543104951833595,370
8808,35,47,-2.0597736697568085,261
8809,47,35,-1.071177478433986,306
8810,49,33,4.855773592691712,409
8811,55,27,7.814236937241914,254
8812,31,51,-5.402584199799159,289
8813,33,49,-3.8804343513426125,233
8814,42,40,3.185751952054952,253
8815,49,33,2.8836389648260754,253
8816,27,55,-10.528522110325447,254
8817,50,32,2.41834115133478,214
8818,38,44,0.36717399964577385,319
8819,40,42,-2.248166605345295,236
8820,19,63,-9.992734597903189,346
8821,59,23,10.77629068151903,376
8822,45,37,-3.2405982384590697,304
8823,61,21,11.811497187943337,156
8824,37,45,-3.0929549593981993,258
8825,36,46,-4.168343755995271,232
8826,31,51,-5.658781485436892,369
8827,45,37,4.33830293588584,338
8828,32,50,-7.780960420908465,327
8829,48,34,2.8886774347833555,332
8830,52,30,6.343041010355174,234
8831,32,50,-5.388297209533845,306
8832,31,51,-3.189484615557369,233
8833,51,31,6.815525433496211,292
8834,39,43,-3.2987319533435158,295
8835,35,47,-4.577772106288075,188
8836,46,36,7.759331030237905,282
8837,40,42,2.095309786747775,278
8838,52,30,5.15928918763872,193
8839,60,22,10.405685481414093,236
8840,52,30,7.095461010112127,192
8841,33,49,-2.8006987943843216,267
8842,30,52,-9.902708998860183,336
8843,57,25,7.12176916409636,219
8844,46,36,4.280869918457847,222
8845,30,52,-9.785112394070715,356
8846,47,35,3.6754150774546233,347
8847,40,42,0.15420632971104353,327
8848,26,56,-4.861206027979511,365
8849,34,48,-3.5715492423797346,241
8850,28,54,-8.167530520985398,240
8851,64,18,10.203717120793142,233
8852,46,36,2.75280202094275,347
8853,36,46,0.919372286759006,292
8854,40,42,-2.754130817476456,222
8855,48,34,3.361238233718253,283
8856,34,48,-5.525528025256457,357
8857,29,53,-6.018023321701799,280
8858,67,15,11.822004080097988,199
8859,27,55,-6.480857787430631,345
8860,31,51,-3.623255331277866,278
8861,56,26,9.408983455052956,205
8862,45,37,-1.3057859494399104,250
8863,49,33,1.013732524968327,235
8864,38,44,-1.6584350832305885,280
8865,43,39,3.267667523389642,307
8866,49,33,5.3718103997511895,295
8867,43,39,0.09587801959678864,367
8868,57,25,5.261517872920324,211
8869,40,42,-1.8685543649549916,326
8870,34,48,-3.653946654915245,349
8871,47,35,-0.7630776271635471,302
8872,28,54,-11.691202759882428,304
8873,51,31,6.3890738142250605,221
8874,49,33,-0.09228110063506777,242
8875,51,31,0.2415229893863947,222
8876,41,41,0.5226743104584696,227
8877,31,51,-9.408415454188386,242
8878,55,27,6.943574607775512,225
8879,41,41,-0.23740131445513946,264
8880,32,50,-4.710847561938198,219
8881,65,17,12.81066952892387,201
8882,48,34,1.395583126298391,190
8883,25,57,-10.896986795465988,281
8884,36,46,-4.436195268773599,275
8885,35,47,-1.909048667044708,305
8886,37,45,-1.5010785353866551,216
8887,34,48,-1.7111925514347799,318
8888,43,39,-4.6331638142274665,218
8889,56,26,5.9815557166412185,256
8890,66,16,13.814312454502096,182
8891,23,59,-11.719753725283608,345
8892,45,37,3.6438710332868336,206
8893,39,43,-5.28790162086763,311
8894,47,35,0.30072011482779065,265
8895,40,42,0.23303806153531828,249
8896,29,53,-10.313092842694784,308
8897,47,35,0.8606722740693797,384
8898,56,26,8.544175687426671,233
8899,19,63,-8.900457785515936,262
8900,32,50,-3.526647348029292,258
8901,40,42,1.4118853863867808,311
8902,24,58,-11.276450113405168,330
8903,31,51,-7.48291878449446,333
8904,28,54,-9.156650667333983,308
8905,58,24,8.551355196857234,160
8906,29,53,-6.904548042149741,313
8907,56,26,9.82835212868536,145
8908,30,52,-8.442160533796788,328
8909,34,48,-2.476315483593798,340
8910,44,38,2.1130886761331378,236
8911,49,33,4.059570965565385,236
8912,41,41,-0.7548877645490403,355
8913,41,41,0.555329544764156,301
8914,24,58,-8.845054415104583,243
8915,31,51,-1.6090140782030726,183
8916,45,37,-0.7652358554163735,193
8917,29,53,-2.3149927228812897,167
8918,38,44,-3.3093081071742856,256
8919,35,47,-2.8238160816869646,261
8920,55,27,10.400849466755062,212
8921,35,47,-3.539074114079978,356
8922,38,44,0.08178052774179585,274
8923,38,44,3.307194288387299,262
8924,42,40,-0.5294549760153945,269
8925,37,45,-0.6860336105091711,370
8926,45,37,3.4457278111599714,191
8927,38,44,4.345543056066492,350
8928,27,55,-4.40024692631427,389
8929,49,33,-3.9025852129245258,320
8930,42,40,1.550585058985855,243
8931,40,42,-0.24945644136966025,411
8932,45,37,-3.2584286170443724,302
8933,28,54,-13.3306550520635,320
8934,39,43,-4.61701884307659,345
8935,42,40,3.841437816974054,173
8936,43,39,-3.2836586948321305,196
8937,40,42,0.005573013689004538,298
8938,30,52,-9.625285424519452,305
8939,35,47,-3.297143837746054,376
8940,31,51,-7.633744039762918,324
8941,45,37,1.9430030746333904,215
8942,53,29,8.608609051528564,190
8943,46,36,0.6047816110933611,343
8944,33,49,-2.3138468907250913,206
8945,30,52,-6.904200001673441,305
8946,41,41,2.081913971847876,244
8947,40,42,-0.9336944697923045,302
8948,37,45,-1.1300691551446755,268
8949,30,52,-5.058918914743886,220
8950,26,56,-7.400818777579977,263
8951,34,48,-1.9074387378186533,331
8952,45,37,5.067034270382289,237
8953,43,39,2.758551388749713,271
8954,68,14,9.445965425523212,251
8955,27,55,-12.123978062863824,275
8956,42,40,-3.636027483718394,277
8957,55,27,14.145149304625509,324
8958,53,29,6.717914502563976,262
8959,36,46,-2.0109338026200074,336
8960,19,63,-17.28818128510167,391
8961,26,56,-8.724783361836872,313
8962,38,44,-0.48788915690610335,232
8963,37,45,-2.753393837595712,290
8964,45,37,1.3261204347834077,270
8965,46,36,-0.4894620504442796,226
8966,28,54,-3.3049587719577884,251
8967,52,30,5.914758796762761,348
8968,40,42,-0.4619122327261567,278
8969,46,36,2.600663793384617,188
8970,35,47,-2.311782445542653,225
8971,28,54,-5.7085636857643385,361
8972,38,44,-5.011289959453805,325
8973,47,35,4.9418059799679765,182
8974,46,36,-0.5074995709824339,203
8975,38,44,-2.367922579898386,238
8976,45,37,1.6242217802731373,190
8977,38,44,-0.15479925961851496,275
8978,46,36,1.8978085306415755,287
8979,35,47,-1.824780754398769,234
8980,49,33,3.2973069920214684,253
8981,42,40,3.9252781754253374,151
8982,28,54,-6.357926865573048,279
8983,35,47,-3.0960806365209503,146
8984,28,54,-4.647037817673979,256
8985,21,61,-11.34648349101904,308
8986,37,45,2.2644653615888912,278
8987,47,35,0.1643986541777255,269
8988,16,66,-12.610243603338603,332
8989,40,42,1.0854613695309638,220
8990,30,52,-7.65595072984868,246
8991,36,46,-5.459694586163943,229
8992,57,25,8.423793961165718,312
8993,36,46,-1.4984604354820388,345
8994,36,46,-3.4801402736552443,193
8995,45,37,-0.5561489312678994,205
8996,49,33,2.438593902047689,264
8997,50,32,3.486582745818351,304
8998,43,39,-2.056227133237452,250
8999,38,44,-1.103534980147811,215
9000,40,42,3.633998376879133,312
9001,42,40,0.08495579690840316,301
9002,39,43,-4.588116108898606,312
9003,38,44,-0.1627983832445678,237
9004,42,40,0.8149243963958531,292
9005,51,31,6.877228245141415,263
9006,37,45,-4.491868991554005,431
9007,54,28,3.533570852084272,308
9008,26,56,-4.414593266769431,212
9009,40,42,0.167493221261929,232
9010,27,55,-8.731117916031069,290
9011,33,49,-5.563709094519599,224
9012,42,40,3.9677304294416342,316
9013,58,24,6.490797580721547,145
9014,41,41,-2.471298583165551,333
9015,26,56,-8.088938514034758,251
9016,39,43,0.3263618344106266,213
9017,43,39,2.240565388001063,236
9018,36,46,-6.539660817551548,333
9019,26,56,-7.557868152022376,329
9020,47,35,3.4869846578257935,277
9021,39,43,-0.8987706851765496,333
9022,29,53,-5.955472894004471,317
9023,45,37,-1.6309846190811543,329
9024,21,61,-8.955428300140916,359
9025,55,27,7.727979185113661,161
9026,39,43,-1.4772772614144072,379
9027,54,28,8.926093889041065,268
9028,46,36,2.5948044410876925,270
9029,38,44,-2.157790164820744,324
9030,44,38,0.6679315399526654,185
9031,12,70,-19.36725825140134,385
9032,40,42,-2.841100298739986,285
9033,45,37,4.329423798628188,350
9034,53,29,4.275831553888007,393
9035,50,32,4.625215649321062,193
9036,53,29,8.375522344763699,252
9037,25,57,-10.272876813642403,352
9038,35,47,-1.3720903946372935,339
9039,39,43,-4.2439607145189395,288
9040,51,31,4.3961314618128995,218
9041,42,40,-0.5756388839415302,288
9042,50,32,-0.7253107518149362,241
9043,41,41,-1.1026969198829744,282
9044,46,36,4.582226844319818,368
9045,48,34,5.1941395568245365,304
9046,38,44,-5.450969665792566,306
9047,30,52,-6.018699805661597,326
9048,46,36,0.502009574309371,191
9049,49,33,-2.512334002897002,299
9050,42,40,4.118346695399032,294
9051,47,35,5.876576978740939,264
9052,23,59,-8.78642705932631,235
9053,31,51,-6.56599866922251,213
9054,16,66,-14.471620152685299,334
9055,27,55,-9.784250113436801,329
9056,24,58,-6.878953423652517,181
9057,39,43,0.02313675827437903,111
9058,52,30,4.91566421250484,376
9059,19,63,-15.923089256256816,278
9060,51,31,2.026528897809212,318
9061,20,62,-14.25504469354026,328
9062,21,61,-12.450989783452988,322
9063,47,35,4.224892910246474,229
9064,26,56,-4.566105368911921,255
9065,41,41,1.1998892385302717,275
9066,39,43,1.5567995943603523,231
9067,30,52,-11.942424794917079,328
9068,25,57,-14.872617342139616,305
9069,45,37,9.200015732161843,205
9070,36,46,-2.1238298648485507,363
9071,34,48,-6.9192565048523695,296
9072,45,37,4.071033817954408,235
9073,40,42,0.28857060801329404,201
9074,36,46,-4.583825013392105,310
9075,33,49,-4.652437068982217,421
9076,41,41,-1.2832151406568348,270
9077,57,25,6.033229989803682,207
9078,17,65,-12.560827523943264,310
9079,53,29,3.1190484929305855,245
9080,54,28,4.073047866039241,198
9081,36,46,-3.014080853162109,280
9082,33,49,0.5462287034887582,197
9083,36,46,-1.9751198716972096,219
9084,36,46,-4.730739893223807,256
9085,42,40,-1.2435940000102192,234
9086,53,29,9.006714936649624,258
9087,43,39,3.5888330592971456,335
9088,54,28,7.156155696368108,353
9089,22,60,-13.846573164494073,342
9090,50,32,6.303945102305707,220
9091,33,49,-5.335761713606748,256
9092,14,68,-17.75174230818481,288
9093,31,51,-6.412262024597468,319
9094,52,30,3.307177764205467,225
9095,32,50,-4.613804926174003,257
9096,39,43,-1.5470137083536895,332
9097,38,44,-2.8967004925493076,252
9098,29,53,-4.857487869991836,338
9099,28,54,-6.456910847600608,213
9100,46,36,2.34427789538721,218
9101,37,45,-2.656777927319786,301
9102,51,31,8.6341295461246,216
9103,36,46,-3.930041977583582,335
9104,41,41,3.367783995359486,256
9105,29,53,-8.70866256917978,326
9106,49,33,6.780583015192811,269
9107,47,35,1.548933900237065,257
9108,43,39,2.3593545679664825,222
9109,41,41,1.7847167634855328,217
9110,37,45,-2.0460116310854146,320
9111,40,42,-6.097270765313843,185
9112,43,39,-0.9909502088764142,253
9113,40,42,-3.556241129139401,238
9114,42,40,2.236166606271532,187
9115,30,52,-8.925413093397948,351
9116,37,45,2.2554976811373404,286
9117,37,45,-2.5405942872490486,192
9118,41,41,0.2996958240705757,284
9119,27,55,-5.825405034186655,326
9120,38,44,0.46389987222505097,264
9121,38,44,-3.630421686579949,262
9122,26,56,-10.264345701744341,172
9123,31,51,-5.710511650709289,337
9124,36,46,0.06796408697256176,173
9125,30,52,-5.437243472785993,270
9126,42,40,-4.941803318983474,304
9127,37,45,-1.8464830963245227,221
9128,24,58,-8.299757172636095,256
9129,29,53,-8.160946561099115,339
9130,37,45,-4.28672592795755,356
9131,52,30,2.2114084516417423,269
9132,26,56,-11.881890843716189,273
9133,41,41,-0.537865409626268,283
9134,50,32,3.120720255326275,187
9135,63,19,8.72332429422374,298
9136,29,53,-10.992305241412206,344
9137,32,50,-4.173447213439972,381
9138,49,33,4.465376516227234,253
9139,52,30,5.778468921073384,232
9140,34,48,-0.45663293506649233,313
9141,40,42,-3.1143946919431573,301
9142,40,42,2.241950629497402,218
9143,23,59,-10.580716416870054,255
9144,34,48,-6.324162948464216,335
9145,41,41,0.14704624834259983,368
9146,55,27,8.10689716453909,271
9147,43,39,-0.13752367236956664,376
9148,49,33,2.570637976131762,301
9149,32,50,-0.41205788480565914,324
9150,42,40,1.0048865715073487,168
9151,43,39,-0.05962525293317388,263
9152,30,52,-6.519407310656482,282
9153,42,40,0.5321826125277955,233
9154,45,37,-4.88050332264874,208
9155,34,48,0.2154862935933969,302
9156,25,57,-14.035122961249737,259
9157,45,37,2.9462926126292794,330
9158,33,49,-8.995889717961765,333
9159,36,46,-4.395710301023534,316
9160,18,64,-10.426427924759958,414
9161,25,57,-5.546119338194096,328
9162,39,43,-1.7969839844130158,316
9163,34,48,-6.015484870955832,279
9164,34,48,-9.210520035648209,306
9165,47,35,1.2268228774312158,312
9166,42,40,-0.6350182742503572,267
9167,41,41,-2.5853853908948516,230
9168,44,38,-2.566289883108567,232
9169,45,37,2.2575719184040826,226
9170,42,40,-1.6693890316177524,203
9171,30,52,-5.126577463367592,333
9172,51,31,5.027013026424623,244
9173,38,44,-1.0033285592072652,224
9174,28,54,-8.840780638991461,312
9175,39,43,1.2072450400117904,300
9176,37,45,-4.4438698997007995,290
9177,28,54,-10.787926707268502,338
9178,44,38,-2.8408223263407333,223
9179,35,47,-5.83797955154235,243
9180,39,43,-3.2657572967912234,278
9181,43,39,0.46655137224328425,210
9182,30,52,-3.169516966116949,364
9183,38,44,-0.9867841550885925,203
9184,41,41,5.920797688011641,255
9185,31,51,1.6856174524704248,222
9186,34,48,3.9619252941770933,147
9187,38,44,-1.4136770446248368,336
9188,46,36,6.509826172934911,284
9189,53,29,1.7356170085788674,244
9190,64,18,11.14860597248965,224
9191,50,32,0.3157548244966813,250
9192,31,51,-5.663796897662415,262
9193,29,53,-7.427828582770293,292
9194,48,34,5.1466006533826505,333
9195,34,48,-2.376746597511475,308
9196,38,44,-0.6926366434148792,171
9197,35,47,1.0730236599013632,241
9198,35,47,-2.342511972425958,282
9199,23,59,-7.962136720847125,255
9200,48,34,4.096012053940421,313
9201,45,37,-1.1956027890779493,267
9202,40,42,-0.4213416158835836,381
9203,34,48,-4.366351850814291,308
9204,27,55,-9.088158271984764,259
9205,37,45,-8.249767853217808,319
9206,35,47,-4.682467866116364,234
9207,34,48,-8.21117257874669,275
9208,40,42,-4.107101483582473,275
9209,19,63,-8.18730194317948,432
9210,41,41,-1.2004611983460298,296
9211,58,24,8.437428704863258,303
9212,27,55,-4.262163960885073,274
9213,45,37,0.3328902478849472,268
9214,25,57,-6.651181925949133,312
9215,42,40,-0.3931945511854833,345
9216,30,52,-4.58571323934896,240
9217,38,44,0.31155477847480617,316
9218,45,37,-0.7072602644017068,247
9219,47,35,0.08823412288410225,197
9220,33,49,-10.002416514521796,253
9221,39,43,-2.912140430548451,232
9222,49,33,7.102545638475677,246
9223,37,45,-0.6511033290087097,320
9224,35,47,-3.30081342044552,328
9225,46,36,2.544751726952472,253
9226,43,39,1.0625830338282278,187
9227,38,44,0.3176270759821997,202
9228,34,48,-5.981979521710475,421
9229,33,49,-4.6558807958908055,276
9230,42,40,-2.4188773857079044,274
9231,22,60,-13.798822813815535,333
9232,33,49,-4.362433610507675,401
9233,57,25,6.322220032253153,274
9234,30,52,-5.670998294792264,244
9235,53,29,5.679093069916322,264
9236,31,51,-4.683120551442936,295
9237,54,28,8.166316815367434,255
9238,42,40,2.9936201688195334,262
9239,30,52,-0.4816541609849589,292
9240,46,36,4.304050823801607,277
9241,42,40,0.5173277622355581,256
9242,33,49,-5.691814445316537,315
9243,28,54,-4.581162050730454,289
9244,41,41,-5.274519258574338,274
9245,35,47,-2.861958727230111,379
9246,28,54,-11.00068728672917,304
9247,29,53,-3.5472455568560197,210
9248,41,41,4.5673162814268045,263
9249,33,49,0.07512047746825755,307
9250,32,50,-2.514717083754665,221
9251,43,39,0.9636698815205075,234
9252,41,41,-0.3472201191989088,235
9253,46,36,2.2729933866048704,322
9254,38,44,-0.8660794914667959,234
9255,39,43,-2.372629619306954,172
9256,30,52,-6.583369578848677,280
9257,43,39,0.27270970378699977,308
9258,58,24,12.176269111796431,202
9259,51,31,8.016713875762226,249
9260,33,49,-4.846254061934251,315
9261,48,34,3.9723705287509885,266
9262,23,59,-12.697125543992456,359
9263,47,35,2.083849035369649,203
9264,32,50,-3.5270871223247116,407
9265,44,38,-1.333658548620929,300
9266,56,26,7.0161011214898075,231
9267,20,62,-11.987586413426621,189
9268,40,42,-4.788871644269576,269
9269,42,40,-1.8597985018155168,255
9270,49,33,2.68108774464028,260
9271,32,50,-9.512803442877084,336
9272,44,38,0.5941134465618002,236
9273,29,53,-8.13682429145207,377
9274,60,22,8.490075453700843,237
9275,17,65,-14.065803227193104,240
9276,24,58,-7.93981715100993,237
9277,51,31,5.427823143276137,189
9278,31,51,-4.812054574114737,323
9279,53,29,2.132722031071502,338
9280,21,61,-7.986738745517679,342
9281,32,50,-4.039818069887374,274
9282,43,39,-1.1945512650296906,244
9283,35,47,0.352682600045122,190
9284,59,23,6.675159253549218,267
9285,34,48,-5.018865494141335,331
9286,37,45,-7.37665979147147,325
9287,56,26,7.840210783909784,202
9288,44,38,3.7898744910187214,155
9289,21,61,-8.190903294539163,389
9290,59,23,8.241769431599918,177
9291,42,40,-1.2562251454986748,145
9292,16,66,-18.36796288673921,359
9293,43,39,2.2932010469573205,281
9294,39,43,-1.03742670685621,260
9295,34,48,-0.6979517455097898,187
9296,27,55,-12.762598935239929,390
9297,32,50,-8.18899019433177,314
9298,26,56,-5.716467653437622,342
9299,64,18,10.99534915598978,193
9300,36,46,-4.66809138638736,171
9301,52,30,1.871099282034849,281
9302,52,30,7.8008150529431095,287
9303,48,34,1.9157714671554387,187
9304,41,41,3.306163077859406,195
9305,37,45,-2.9752466192515143,286
9306,31,51,-7.668496789125601,247
9307,52,30,4.640660629252313,292
9308,56,26,9.698646944502507,236
9309,39,43,-4.094914011008722,435
9310,42,40,0.9849390590738702,252
9311,46,36,7.300654589605006,231
9312,36,46,-1.5026046332176364,287
9313,57,25,8.88901476978555,218
9314,27,55,-10.264461635772472,435
9315,46,36,2.0230637891118852,338
9316,32,50,-3.44845046360472,307
9317,55,27,10.724783524007064,333
9318,43,39,3.0252077759615403,298
9319,52,30,5.023935969392639,222
9320,33,49,-2.63419267649792,261
9321,40,42,4.049409237172103,268
9322,46,36,1.3980221084618625,325
9323,32,50,-5.432392420991346,250
9324,47,35,-3.0133602825824326,262
9325,40,42,-2.5336301687643425,271
9326,31,51,-5.017133845171194,203
9327,40,42,-2.7784605334460353,281
9328,41,41,-4.276148091846933,301
9329,36,46,-3.6524514173120517,292
9330,36,46,-0.18278335116136665,284
9331,63,19,8.961184975888415,156
9332,40,42,-1.3606467708202274,279
9333,37,45,-3.9041655582028083,284
9334,26,56,-8.440150614726443,299
9335,43,39,-0.15238861994951028,308
9336,52,30,7.352405370177942,280
9337,38,44,-3.095807080431525,199
9338,35,47,-2.869614915815575,221
9339,49,33,2.6765568441444674,261
9340,43,39,2.2371264124990016,274
9341,27,55,-8.979078326003322,319
9342,34,48,-0.9016561818757377,204
9343,50,32,5.714829303592931,159
9344,37,45,-0.41974129948340977,295
9345,36,46,-2.112556638689101,262
9346,47,35,-2.1458204718855596,276
9347,35,47,-0.5378570703763924,280
9348,29,53,-7.0716973858509835,245
9349,37,45,-2.7569981488996413,268
9350,19,63,-13.435834458784015,229
9351,32,50,-6.877149087061854,206
9352,42,40,-4.061229115479617,198
9353,52,30,5.758980587080564,265
9354,51,31,4.353906324030577,298
9355,43,39,-0.396051736295835,302
9356,33,49,-5.4790622199989825,231
9357,32,50,-4.432350415715946,330
9358,35,47,-1.17927589031808,256
9359,34,48,-2.4713743628737626,155
9360,19,63,-8.43058887646602,309
9361,33,49,-1.3264870251518017,278
9362,35,47,-1.9655346918099328,322
9363,33,49,-7.0589658416407595,288
9364,28,54,-3.7800224617125644,292
9365,36,46,-4.82121479160854,235
9366,39,43,2.510923912165436,226
9367,54,28,5.253887685521518,327
9368,40,42,1.0152659611698134,310
9369,43,39,0.8716335332560324,219
9370,27,55,-6.4598859165957085,267
9371,54,28,3.523539754068916,314
9372,37,45,-3.87416838192375,262
9373,43,39,1.7658849829201846,278
9374,48,34,2.863930527586636,257
9375,31,51,-5.654177779049198,312
9376,45,37,3.315394302664086,280
9377,38,44,-3.117329488719851,343
9378,39,43,-4.373909676047554,266
9379,51,31,2.69893398147397,248
9380,35,47,-7.223416862732843,292
9381,30,52,-4.234455242208357,171
9382,39,43,0.9486294104259408,188
9383,60,22,9.774043136061389,197
9384,53,29,4.786731943062665,288
9385,38,44,0.7319727007691745,291
9386,32,50,-6.552283822096201,325
9387,36,46,-2.574028680118557,311
9388,31,51,-4.257000391496663,258
9389,28,54,-6.227398142739008,338
9390,39,43,-3.8061484774074037,345
9391,48,34,4.172830802967271,330
9392,42,40,-0.6687126207252315,275
9393,40,42,-5.611096131180347,295
9394,57,25,7.77039566502332,225
9395,32,50,-1.4442329620353966,301
9396,42,40,6.153511117272164,296
9397,36,46,-0.025952201415006742,243
9398,35,47,-5.1553028205632785,335
9399,34,48,-6.534077275451982,242
9400,36,46,-3.5486830359493533,318
9401,47,35,-1.67147317025364,206
9402,27,55,-8.156756082634725,374
9403,47,35,4.764902707417645,227
9404,25,57,-13.548652354612225,284
9405,52,30,1.0322625409478852,151
9406,34,48,-4.618473000003202,249
9407,46,36,2.0154397742613193,451
9408,36,46,-5.3487820406503594,199
9409,50,32,3.20802217786116,241
9410,48,34,4.866770375624655,254
9411,53,29,7.035628039624023,239
9412,34,48,-1.8450987663121672,316
9413,30,52,-6.926511333357568,268
9414,46,36,0.8671520739188028,210
9415,17,65,-13.433997398642788,436
9416,37,45,0.1260776405083547,317
9417,48,34,3.0979709732541396,318
9418,38,44,-1.7399241177073834,269
9419,36,46,1.9288568020371926,367
9420,50,32,-0.9290217687782465,249
9421,47,35,0.467629400007406,249
9422,42,40,-2.3256818856599364,323
9423,29,53,-3.061200682305,248
9424,27,55,-6.2977743001170134,337
9425,31,51,-2.839106745676366,250
9426,37,45,1.329713749124023,299
9427,54,28,7.176124080399382,316
9428,42,40,-0.681097981827492,228
9429,36,46,-1.260245338049787,328
9430,33,49,-5.009291944887677,365
9431,39,43,-1.1915652201897038,312
9432,36,46,-1.1820854460197334,271
9433,31,51,-7.779887650613863,175
9434,46,36,-1.582435940824028,279
9435,30,52,-5.596172438254006,308
9436,44,38,-0.5241742732134985,258
9437,59,23,6.5328773070547825,332
9438,40,42,-0.6888778488728127,291
9439,46,36,0.47507651276897367,351
9440,37,45,-5.135635820218316,341
9441,38,44,-3.383722142310869,356
9442,45,37,3.5890890128492026,230
9443,30,52,-6.015494629173451,349
9444,46,36,3.6486273498593342,379
9445,50,32,3.6353999895269378,200
9446,27,55,-9.053521807262369,357
9447,48,34,2.6268051868827516,254
9448,41,41,-2.75028094173525,232
9449,37,45,-3.0696922041145025,277
9450,51,31,5.347001985475847,309
9451,46,36,5.929321321719517,247
9452,38,44,-0.6778824395541861,309
9453,48,34,3.4873862621834815,279
9454,61,21,11.233313317195922,247
9455,36,46,-1.6248078371872445,242
9456,34,48,-3.8583969158002076,202
9457,50,32,-1.2839655627989206,302
9458,29,53,-4.38201867109439,267
9459,43,39,2.2092511657073786,303
9460,46,36,0.5632378079564508,321
9461,38,44,1.010862751010165,335
9462,19,63,-13.637652086624998,393
9463,36,46,-4.274844876063406,267
9464,29,53,-7.986092864741077,306
9465,34,48,-5.04616993267906,248
9466,28,54,-5.469026855417713,215
9467,55,27,5.5101543513174045,254
9468,32,50,-6.390441338740255,271
9469,40,42,5.359143342854848,248
9470,40,42,-4.571021998422601,349
9471,42,40,0.9425884735312207,256
9472,29,53,-7.222257631834422,255
9473,38,44,4.380496848132861,198
9474,33,49,-7.377747266440002,297
9475,34,48,-0.0454851329095913,231
9476,45,37,3.0847948979538846,303
9477,40,42,-2.129500843339051,205
9478,33,49,-4.346144899183436,294
9479,49,33,4.759014907122022,309
9480,35,47,-2.2094444431117646,232
9481,24,58,-7.381291288662992,389
9482,44,38,-0.4450479409148587,345
9483,33,49,-4.188846072747286,315
9484,40,42,-4.3320562941746195,365
9485,32,50,-3.8955930484613437,225
9486,42,40,-1.7731134972397544,263
9487,34,48,-3.997418623667853,191
9488,45,37,-0.5373268314482792,355
9489,31,51,-7.512062450286725,414
9490,50,32,2.3611186252045404,222
9491,33,49,-6.626719956294702,383
9492,52,30,4.753434595066334,388
9493,36,46,-6.44771174644881,280
9494,43,39,1.1836385910715266,285
9495,33,49,-3.919016409757379,202
9496,26,56,-1.2732562295398009,318
9497,50,32,6.027255776313753,329
9498,38,44,-0.23401287538953636,223
9499,53,29,2.5975889135085115,257
9500,24,58,-11.795055043905835,326
9501,58,24,4.403120753041472,338
9502,43,39,1.3351743437822086,226
9503,37,45,-0.8731712475067014,235
9504,41,41,-1.177266745175643,297
9505,14,68,-17.070656011690712,477
9506,34,48,-3.4841682611377025,278
9507,55,27,12.7816392622619,141
9508,23,59,-6.766769926191334,355
9509,42,40,-1.9103128820455793,262
9510,17,65,-14.998579584534626,388
9511,25,57,-11.257601457339018,230
9512,41,41,-4.482679108887354,228
9513,24,58,-6.265510157306968,378
9514,45,37,0.7359129945423772,236
9515,40,42,-0.2483946464193811,224
9516,55,27,6.810146620302297,315
9517,39,43,-5.639183846582542,269
9518,30,52,-4.050288622130515,272
9519,39,43,-3.5803562782980762,336
9520,36,46,-3.4307601281320377,230
9521,41,41,0.13276443690008957,233
9522,41,41,0.011594781361509269,259
9523,27,55,-6.106818063417993,235
9524,36,46,-0.8215995527459339,285
9525,53,29,5.042379377543979,249
9526,48,34,3.197111214507245,250
9527,31,51,-6.4189516602041055,346
9528,38,44,0.5067537559763908,198
9529,34,48,-4.660330427523452,256
9530,46,36,3.3044094298492515,157
9531,36,46,-3.128767302167929,312
9532,51,31,4.7242735376866705,343
9533,36,46,-2.860608552019705,203
9534,34,48,-4.520593835946145,297
9535,48,34,2.222891778380586,244
9536,41,41,1.7773005993723738,252
9537,37,45,-2.3557423040828533,333
9538,49,33,5.1434235762068745,276
9539,40,42,-1.0957415223404188,263
9540,42,40,-0.763095844263607,247
9541,47,35,4.637126328619583,355
9542,33,49,-0.7458200641198116,251
9543,56,26,10.972573997181026,277
9544,55,27,3.0889752914445014,238
9545,44,38,-1.7938674873536793,389
9546,38,44,-3.1151046105369304,303
9547,45,37,-0.6485691937128893,259
9548,38,44,-0.8340553965979693,356
9549,50,32,6.442499874121653,237
9550,31,51,-5.809386364111764,295
9551,48,34,7.740052164664049,254
9552,43,39,0.26523402423165077,302
9553,32,50,-1.5721330606358437,217
9554,50,32,5.905144130026311,325
9555,33,49,-0.7790629586190886,362
9556,50,32,1.1093098200201517,272
9557,42,40,2.227315695289504,288
9558,41,41,0.10512918777848763,287
9559,53,29,7.841554773965363,177
9560,36,46,-3.8460914556595656,255
9561,40,42,1.2338991774832184,225
9562,49,33,4.230813526144163,306
9563,47,35,1.8212011312993912,273
9564,29,53,1.0086404879268254,239
9565,31,51,-1.7636612830163274,261
9566,31,51,-6.764143294023184,333
9567,28,54,-11.165682714325612,292
9568,47,35,0.3433206115215225,271
9569,37,45,-0.15013489437581723,244
9570,31,51,-2.4160257865835923,289
9571,39,43,-2.591670492092422,219
9572,38,44,-2.2593202352296933,224
9573,46,36,2.316401856828231,200
9574,54,28,6.92626206646472,213
9575,44,38,2.839274577629333,221
9576,45,37,2.154043163879997,281
9577,36,46,3.04166963394221,210
9578,26,56,-6.1210393637502944,230
9579,32,50,-7.269366802086354,314
9580,33,49,-4.445440684731298,253
9581,22,60,-7.935446183577214,232
9582,44,38,-0.5243903225668181,309
9583,28,54,-7.776700453810768,287
9584,32,50,-1.6245807545874038,248
9585,51,31,5.59050868967818,234
9586,22,60,-11.799758144825136,369
9587,27,55,-9.70823006073147,230
9588,51,31,5.622103402987725,168
9589,26,56,-9.53838821320379,332
9590,31,51,-7.239791311769453,263
9591,39,43,0.5078513538163987,201
9592,49,33,1.1670753305654509,337
9593,26,56,-7.278848523651675,222
9594,41,41,2.7967663611407523,327
9595,18,64,-12.429213821247272,195
9596,48,34,2.7936959221655404,229
9597,35,47,-1.8819847015629805,312
9598,37,45,-1.1050551360538072,248
9599,26,56,-7.128726430588884,300
9600,30,52,-7.897635869543197,404
9601,43,39,3.864905763524723,232
9602,31,51,-3.588881597377486,223
9603,31,51,-3.999971190489291,227
9604,34,48,-2.625994705742431,286
9605,38,44,-0.4836750688106421,247
9606,36,46,-6.995262039973156,401
9607,41,41,3.5238405326881823,245
9608,34,48,-8.14733669581169,257
9609,38,44,-1.2251290934374148,325
9610,35,47,-4.0444097855275265,284
9611,29,53,-1.6705646924262347,423
9612,44,38,-0.5987850718254973,266
9613,26,56,-8.861061173466746,244
9614,36,46,-1.3038862869835235,361
9615,54,28,4.569570337842346,141
9616,35,47,-4.620385108123754,282
9617,37,45,-0.7341211850647651,330
9618,33,49,-6.054449794199667,304
9619,45,37,-1.342708626368304,269
9620,46,36,2.493313362535407,207
9621,43,39,5.964406003604996,321
9622,38,44,-1.7965799891514893,318
9623,38,44,-3.5409776940839057,304
9624,45,37,2.6475755123491127,348
9625,41,41,1.0257750245296178,210
9626,43,39,-2.283974885405355,226
9627,43,39,-1.9196099841991914,292
9628,39,43,-2.025929095857692,265
9629,54,28,8.097388811497867,261
9630,52,30,4.953682367638459,320
9631,45,37,1.8054162463155914,254
9632,33,49,-1.973583442148701,345
9633,52,30,6.189468222731759,221
9634,45,37,-0.7296569905186947,196
9635,57,25,6.08285288727304,251
9636,41,41,0.7514894654035628,334
9637,44,38,-1.8350668739715832,235
9638,46,36,3.0989031049226083,215
9639,47,35,3.4463833718394548,207
9640,47,35,2.5947495372078695,325
9641,44,38,2.746110618826962,354
9642,39,43,0.9602866479227712,266
9643,36,46,-2.0110095228272207,262
9644,29,53,-6.501346728231228,265
9645,25,57,-5.263762225681556,332
9646,21,61,-9.542767354847074,299
9647,22,60,-12.458028242104112,386
9648,53,29,4.703695251544064,267
9649,26,56,-5.508572504335715,270
9650,58,24,12.11238905203032,226
9651,33,49,-4.81444137582085,412
9652,37,45,1.2142106910291894,329
9653,41,41,1.060171477845249,261
9654,32,50,-1.8040570025488005,212
9655,25,57,-9.699089918648983,374
9656,49,33,4.409911038654089,314
9657,39,43,-0.3989105454981051,235
9658,51,31,5.373665139329681,162
9659,37,45,-1.1056835194249568,375
9660,51,31,8.016157155179911,306
9661,27,55,-5.184991440012786,294
9662,25,57,-7.677929129132741,273
9663,38,44,-4.447159254023556,324
9664,42,40,0.5086431432692475,258
9665,26,56,-10.947975879974535,316
9666,33,49,-9.446716961544954,289
9667,29,53,-4.656640372646164,212
9668,32,50,-1.1350756659289314,266
9669,36,46,-3.8025347510003966,416
9670,51,31,9.58511579945647,203
9671,47,35,6.1658917552312325,313
9672,36,46,-4.129287367177304,321
9673,51,31,5.475525249103749,235
9674,51,31,7.619010678463014,143
9675,41,41,-4.766216902377435,245
9676,29,53,-6.604842244409817,346
9677,65,17,11.847871161235082,243
9678,36,46,-3.2476763316778556,262
9679,36,46,-0.2144422669956786,362
9680,42,40,-1.9349583771581083,366
9681,35,47,-2.8907334235837974,251
9682,40,42,0.016236558634518304,234
9683,34,48,-2.1519968416481143,272
9684,23,59,-11.23013416183515,342
9685,40,42,-1.616551455599645,251
9686,40,42,-5.795762318196608,255
9687,29,53,-5.592307267632064,300
9688,50,32,8.715031403432642,191
9689,27,55,-9.958852002842999,333
9690,36,46,-8.488390105510366,355
9691,32,50,-5.84670168321551,269
9692,45,37,-1.858034628731678,318
9693,36,46,-1.273026835825619,210
9694,44,38,0.04152962531115369,347
9695,40,42,-3.672648138911359,253
9696,44,38,4.380699465475134,263
9697,48,34,3.2825076323815763,230
9698,42,40,-1.8895014493686493,309
9699,42,40,3.5132208370247775,241
9700,44,38,1.0019883289611515,322
9701,27,55,-5.906395539322426,221
9702,31,51,-11.278742426335928,270
9703,36,46,-1.3133379820087168,235
9704,31,51,-2.413340881767849,218
9705,40,42,-0.6019674659555658,359
9706,18,64,-12.24121589044212,268
9707,44,38,4.60271033552097,362
9708,46,36,1.6378972462144368,168
9709,40,42,-0.3712966681305486,202
9710,45,37,0.8853948320614652,222
9711,23,59,-10.369245282770937,275
9712,47,35,2.052407335456665,239
9713,50,32,6.60263366605383,317
9714,33,49,-3.707940997538028,236
9715,65,17,15.055062398689351,274
9716,32,50,-4.764852207094776,310
9717,31,51,-4.678490552316047,299
9718,51,31,7.068832513447954,295
9719,41,41,1.7240987822199845,301
9720,25,57,-10.623184453423546,235
9721,62,20,7.472477219302693,278
9722,25,57,-6.945155236540962,424
9723,41,41,-0.3413864948311863,330
9724,51,31,4.2305060674781725,307
9725,39,43,-1.9560640717488393,271
9726,41,41,3.1371473679054924,261
9727,40,42,-3.4486028447898307,324
9728,52,30,5.781744041702864,323
9729,43,39,2.4527370859846567,181
9730,37,45,-0.8435651283232452,248
9731,43,39,-2.636918396477574,340
9732,29,53,-7.66994123610507,244
9733,35,47,1.4889693482775792,265
9734,31,51,-3.998376993818219,226
9735,42,40,-2.5877955828395725,216
9736,39,43,-1.3177902323380681,302
9737,33,49,-3.9038927695705032,417
9738,34,48,-4.521332758325323,284
9739,44,38,3.8878707764289477,277
9740,28,54,-9.575196803601866,254
9741,40,42,-5.8129178210950565,303
9742,47,35,5.5885843499001515,224
9743,34,48,-3.521784567810193,385
9744,35,47,-4.727758600218889,359
9745,36,46,-4.819282967319344,258
9746,57,25,5.8575719308155545,220
9747,45,37,4.069271643033549,305
9748,36,46,-4.767831775133236,310
9749,33,49,-1.4889345748779506,265
9750,37,45,-4.2916817906563285,289
9751,36,46,-5.38848311919284,364
9752,50,32,0.2590104752235958,235
9753,55,27,6.886883783233687,311
9754,28,54,-9.13806267252677,278
9755,38,44,-0.8441251165889136,246
9756,35,47,-2.2092692220307213,423
9757,27,55,-8.42992047023894,312
9758,44,38,4.048998091603138,322
9759,40,42,3.1915247178435546,301
9760,48,34,2.4058944554786708,240
9761,25,57,-8.685472651699726,282
9762,39,43,0.5792644428925069,300
9763,30,52,-3.041466818393091,207
9764,42,40,-2.0511078125269275,308
9765,42,40,0.2166840812337133,185
9766,46,36,0.019169939827045963,343
9767,52,30,7.56882869648569,249
9768,51,31,2.865493669035814,320
9769,34,48,-2.2723958883112334,317
9770,30,52,-10.114256630489244,321
9771,34,48,-0.45796562841319793,238
9772,37,45,-6.574325817695034,335
9773,42,40,2.8796738011861045,186
9774,29,53,-3.7087219692179447,277
9775,38,44,-3.889342672427395,326
9776,42,40,0.5884513941264485,282
9777,37,45,-1.73689022188881,202
9778,25,57,-9.753732720713089,250
9779,39,43,-5.2058038159043285,254
9780,48,34,4.768819759551166,269
9781,27,55,-7.344168450465301,235
9782,45,37,0.2084554221798643,268
9783,35,47,-5.931970740061034,305
9784,45,37,-0.3781686526906589,236
9785,40,42,-0.14210558822942804,247
9786,31,51,-7.182074369388367,270
9787,31,51,-6.530025960209408,306
9788,32,50,-7.303559215902174,342
9789,43,39,1.563851665174782,291
9790,41,41,-2.1771891130677328,250
9791,34,48,-2.002155410282166,177
9792,26,56,-6.233038155920584,275
9793,41,41,1.307756447913117,268
9794,26,56,-7.223117807454321,253
9795,34,48,-5.02039455108351,320
9796,33,49,-3.9776338225436385,368
9797,58,24,9.087083781755657,279
9798,32,50,-5.184543181367475,252
9799,35,47,-2.4774790482046876,242
9800,38,44,-3.2385863515748965,243
9801,43,39,1.0122603396017231,166
9802,40,42,-4.892082056041521,267
9803,46,36,5.438862924148801,181
9804,38,44,-1.1878302418616191,294
9805,47,35,1.9997248892023303,173
9806,41,41,1.1370192907375445,196
9807,45,37,-0.5473668030921572,266
9808,37,45,-10.921682072831805,377
9809,50,32,5.178975299235252,214
9810,45,37,-2.5604573595492286,248
9811,30,52,-6.343022071465177,351
9812,44,38,0.17260571517771067,351
9813,37,45,0.02049855037993832,318
9814,51,31,2.922861478569256,274
9815,44,38,2.925489368449621,255
9816,54,28,12.025302943664222,245
9817,39,43,-4.400493769361827,320
9818,27,55,-8.659937715508406,269
9819,41,41,-0.5993283614287623,274
9820,48,34,0.46710248251127723,216
9821,53,29,6.948750290363389,249
9822,32,50,-2.26122332877768,185
9823,43,39,-4.801720282549327,363
9824,31,51,-3.301435019457662,225
9825,33,49,-2.1343705834364934,228
9826,24,58,-6.931586054284735,321
9827,36,46,-5.2427142762228085,327
9828,47,35,2.56597866922684,362
9829,30,52,-5.339592085787394,238
9830,46,36,5.498818728125172,233
9831,33,49,-1.2324573563394396,200
9832,30,52,-1.3727819376831947,302
9833,50,32,1.2938487838422978,249
9834,38,44,-3.7202264027963037,308
9835,41,41,-0.6711220494159015,183
9836,44,38,-1.4748732784483114,183
9837,35,47,-9.037103990719077,225
9838,39,43,0.5141985092386607,295
9839,49,33,6.7618709984117205,276
9840,42,40,3.547643063953742,328
9841,33,49,-6.975682048225605,298
9842,36,46,-3.183974930264396,242
9843,34,48,-8.546116648042954,261
9844,37,45,1.2790627601081865,181
9845,29,53,-7.17591299427615,275
9846,33,49,-6.674901136611365,225
9847,46,36,-1.6707172434666804,253
9848,29,53,-5.116940121157214,226
9849,36,46,-2.6809846887883335,265
9850,41,41,-1.0081296210088975,253
9851,40,42,2.5617734617041896,212
9852,33,49,-8.490077219146336,361
9853,40,42,-0.27250516044096773,255
9854,38,44,-0.5325304190708409,332
9855,40,42,-0.7624664611624937,334
9856,53,29,8.692322161659346,214
9857,26,56,-9.220648960462777,246
9858,33,49,-5.643434879719534,197
9859,50,32,6.302316010069054,166
9860,27,55,-9.902697435824706,378
9861,36,46,-6.180399499187569,409
9862,38,44,-0.9276226325384449,272
9863,51,31,4.5378947113515515,253
9864,46,36,4.346482093567539,206
9865,35,47,-1.0912000780346622,284
9866,42,40,-1.2567570190776387,259
9867,40,42,-4.227425245098174,377
9868,37,45,0.3249966156072428,328
9869,49,33,5.96328394404417,167
9870,43,39,-5.006420088288525,243
9871,43,39,-1.9240350069775716,240
9872,42,40,-4.179138151716068,268
9873,30,52,-5.8523519136880955,251
9874,45,37,1.7993284410432455,241
9875,36,46,-3.2228768059293165,224
9876,45,37,2.002576857254665,300
9877,30,52,-6.857733379532197,311
9878,21,61,-12.323116775070948,336
9879,42,40,0.4877276501610698,321
9880,48,34,2.3611224762778833,213
9881,45,37,2.8358916543979586,337
9882,28,54,-2.758727626244841,298
9883,28,54,-5.876633841274618,304
9884,45,37,3.3381799241981063,281
9885,61,21,11.371247902586262,188
9886,33,49,-5.175734203593346,366
9887,36,46,-3.2127600730839045,276
9888,19,63,-10.82053328524196,298
9889,45,37,0.5143447861675187,228
9890,49,33,3.388144092590084,148
9891,31,51,-4.532655879090317,268
9892,35,47,-5.772580472002003,260
9893,64,18,8.223441320609037,281
9894,27,55,-9.524005161100511,221
9895,41,41,-3.134671511151853,355
9896,31,51,-6.001101530431831,262
9897,44,38,3.374740334883867,191
9898,43,39,-0.8995388710603371,225
9899,37,45,-0.8305045423874131,283
9900,45,37,-0.22681878677596487,273
9901,27,55,-2.400282912940356,365
9902,34,48,-2.0327971927868496,333
9903,34,48,-2.963892820426192,272
9904,32,50,-3.4536527806358235,228
9905,38,44,0.9593075883792961,299
9906,54,28,2.785138371757194,205
9907,39,43,-0.2910958884029467,258
9908,47,35,4.782671955456924,198
9909,48,34,-0.04787945941147289,264
9910,44,38,-0.618696742764274,391
9911,42,40,5.672265525121106,240
9912,47,35,4.887469105140018,182
9913,38,44,-1.1072645398507512,276
9914,46,36,-2.1293996879569037,269
9915,51,31,0.9984643186130313,141
9916,27,55,-8.048980153249502,313
9917,46,36,1.1190021564104522,203
9918,50,32,4.275273189597074,162
9919,46,36,-0.061552470549053426,169
9920,40,42,-1.7810582036388625,309
9921,30,52,-3.6088739081613266,229
9922,29,53,-4.155986432295838,330
9923,33,49,-1.6385696343566378,267
9924,27,55,-5.893856045644189,206
9925,38,44,-3.5726072628595102,217
9926,40,42,0.2800782621616156,181
9927,35,47,-4.5534825268812895,216
9928,51,31,2.6735632960032882,264
9929,32,50,-2.767817947267091,290
9930,34,48,-4.387854589638272,255
9931,39,43,-1.1645050047750367,298
9932,45,37,-2.0423685727207763,286
9933,39,43,2.5302935947474645,228
9934,33,49,-5.726918680606028,308
9935,37,45,-1.5677490887573526,249
9936,51,31,2.7091193750554288,303
9937,39,43,1.985275435061404,267
9938,19,63,-17.090099879998192,369
9939,44,38,2.1475891250896124,310
9940,33,49,-4.951147810268745,259
9941,47,35,6.141588829275556,165
9942,56,26,6.49179311889158,296
9943,17,65,-14.358452558037978,408
9944,37,45,-3.604976792284715,272
9945,35,47,-5.09875888302332,419
9946,30,52,-2.0830501817820597,256
9947,41,41,1.2461722577733039,333
9948,45,37,3.324154910138319,254
9949,56,26,9.108460444859428,235
9950,41,41,0.25398107448663837,300
9951,36,46,-2.0292180781809295,320
9952,34,48,-10.191574794934906,249
9953,25,57,-6.5282893966743005,273
9954,51,31,9.887523414988815,207
9955,51,31,3.05559013584879,373
9956,27,55,-9.98628125558165,278
9957,48,34,2.9109365819728614,287
9958,51,31,4.456079930269943,241
9959,54,28,4.420876330960648,280
9960,24,58,-7.404285895909221,346
9961,38,44,-1.815121296197506,281
9962,42,40,0.7286432371979851,302
9963,54,28,4.464603407490651,340
9964,49,33,4.0781217841761634,213
9965,54,28,9.261037324465677,182
9966,46,36,0.4650807039106739,268
9967,47,35,7.682922865865459,235
9968,49,33,4.56254833795218,205
9969,43,39,-1.7188170302756454,154
9970,45,37,-1.1953458084016246,304
9971,33,49,-8.235035990434257,327
9972,43,39,1.7596946980802948,289
9973,50,32,4.914341425197042,222
9974,58,24,7.629117744077492,215
9975,34,48,-2.1723300730490607,262
9976,36,46,1.32498139487157,252
9977,27,55,-8.38192565324772,434
9978,38,44,-5.3209808101733005,309
9979,50,32,3.3899606772866213,228
9980,30,52,-9.619178167456122,239
9981,50,32,5.46829699514018,411
9982,31,51,-6.644880238354656,223
9983,36,46,-7.601740281370195,317
9984,41,41,-4.297359793435764,296
9985,47,35,4.2870123691917215,309
9986,40,42,6.834681130868566,336
9987,41,41,1.3094585420576725,277
9988,41,41,1.0349934986864204,277
9989,38,44,-1.4717589417628538,238
9990,23,59,-7.069044002853223,283
9991,42,40,-1.4915300293830798,225
9992,22,60,-8.107816591128644,294
9993,42,40,2.7151843350424953,183
9994,44,38,4.077193680788585,230
9995,35,47,-0.7999815403933378,333
9996,44,38,1.8681599463816976,153
9997,28,54,-5.0416715868387465,204
9998,57,25,5.774200646916378,292
9999,27,55,-5.210310064070003,245
